"id","xi","Tei","n.rec","start","stop","status"
1,1,17.75,2,0,2.83103088391743,1
1,1,17.75,2,2.83103088391743,9.66032274443244,1
1,1,17.75,2,9.66032274443244,17.75,0
2,1,11.75,0,0,11.75,0
3,1,11.75,2,0,0.924012001962637,1
3,1,11.75,2,0.924012001962637,2.25118424167252,1
3,1,11.75,2,2.25118424167252,11.75,0
4,1,17.75,164,0,3.41133411195985,1
4,1,17.75,164,3.41133411195985,3.64529999210649,1
4,1,17.75,164,3.64529999210649,3.93006764876658,1
4,1,17.75,164,3.93006764876658,4.87592361737736,1
4,1,17.75,164,4.87592361737736,5.46163496060977,1
4,1,17.75,164,5.46163496060977,5.62948284958229,1
4,1,17.75,164,5.62948284958229,5.78473021563018,1
4,1,17.75,164,5.78473021563018,6.12469286165344,1
4,1,17.75,164,6.12469286165344,6.15693732218763,1
4,1,17.75,164,6.15693732218763,6.50208073678852,1
4,1,17.75,164,6.50208073678852,6.58789633394693,1
4,1,17.75,164,6.58789633394693,6.59100084067014,1
4,1,17.75,164,6.59100084067014,6.75733123155018,1
4,1,17.75,164,6.75733123155018,6.94634556674602,1
4,1,17.75,164,6.94634556674602,7.1662814629306,1
4,1,17.75,164,7.1662814629306,7.24788394330336,1
4,1,17.75,164,7.24788394330336,7.28760838611681,1
4,1,17.75,164,7.28760838611681,7.32022957348417,1
4,1,17.75,164,7.32022957348417,7.50685064001877,1
4,1,17.75,164,7.50685064001877,8.05297631741582,1
4,1,17.75,164,8.05297631741582,8.07118734089742,1
4,1,17.75,164,8.07118734089742,8.51796511808132,1
4,1,17.75,164,8.51796511808132,8.56255026288433,1
4,1,17.75,164,8.56255026288433,8.59843853089,1
4,1,17.75,164,8.59843853089,8.71672852609687,1
4,1,17.75,164,8.71672852609687,8.77147971260914,1
4,1,17.75,164,8.77147971260914,8.93255621394152,1
4,1,17.75,164,8.93255621394152,9.02314159705391,1
4,1,17.75,164,9.02314159705391,9.06845902440064,1
4,1,17.75,164,9.06845902440064,9.07056613968856,1
4,1,17.75,164,9.07056613968856,9.27830136575094,1
4,1,17.75,164,9.27830136575094,9.35589062333021,1
4,1,17.75,164,9.35589062333021,9.46253850031865,1
4,1,17.75,164,9.46253850031865,9.56860719224924,1
4,1,17.75,164,9.56860719224924,9.60020442461879,1
4,1,17.75,164,9.60020442461879,9.72055567993748,1
4,1,17.75,164,9.72055567993748,9.75447591224654,1
4,1,17.75,164,9.75447591224654,9.76562601422105,1
4,1,17.75,164,9.76562601422105,9.77759869805698,1
4,1,17.75,164,9.77759869805698,9.92270137031357,1
4,1,17.75,164,9.92270137031357,9.92612928236656,1
4,1,17.75,164,9.92612928236656,9.98818153546211,1
4,1,17.75,164,9.98818153546211,10.0449063246499,1
4,1,17.75,164,10.0449063246499,10.3221779926438,1
4,1,17.75,164,10.3221779926438,10.4085143025032,1
4,1,17.75,164,10.4085143025032,10.4420949298983,1
4,1,17.75,164,10.4420949298983,10.4959947894412,1
4,1,17.75,164,10.4959947894412,10.5667655376184,1
4,1,17.75,164,10.5667655376184,10.8212308274419,1
4,1,17.75,164,10.8212308274419,10.8702525546778,1
4,1,17.75,164,10.8702525546778,10.8856028918782,1
4,1,17.75,164,10.8856028918782,10.9613548574539,1
4,1,17.75,164,10.9613548574539,10.9635947606816,1
4,1,17.75,164,10.9635947606816,10.9918004214769,1
4,1,17.75,164,10.9918004214769,11.0034871006324,1
4,1,17.75,164,11.0034871006324,11.0479618399933,1
4,1,17.75,164,11.0479618399933,11.1273695457938,1
4,1,17.75,164,11.1273695457938,11.2191166713308,1
4,1,17.75,164,11.2191166713308,11.2875064874923,1
4,1,17.75,164,11.2875064874923,11.3752100886629,1
4,1,17.75,164,11.3752100886629,11.4573726191257,1
4,1,17.75,164,11.4573726191257,11.4926106281587,1
4,1,17.75,164,11.4926106281587,11.7146615722894,1
4,1,17.75,164,11.7146615722894,11.9730381027445,1
4,1,17.75,164,11.9730381027445,12.1395254308322,1
4,1,17.75,164,12.1395254308322,12.4357644074789,1
4,1,17.75,164,12.4357644074789,12.4458464789996,1
4,1,17.75,164,12.4458464789996,12.5365127416498,1
4,1,17.75,164,12.5365127416498,12.5533421762717,1
4,1,17.75,164,12.5533421762717,12.5834851981019,1
4,1,17.75,164,12.5834851981019,12.631369555313,1
4,1,17.75,164,12.631369555313,12.6506414319247,1
4,1,17.75,164,12.6506414319247,12.6892069894813,1
4,1,17.75,164,12.6892069894813,12.7249374059759,1
4,1,17.75,164,12.7249374059759,12.7783932376362,1
4,1,17.75,164,12.7783932376362,12.9285204032682,1
4,1,17.75,164,12.9285204032682,12.9427789198063,1
4,1,17.75,164,12.9427789198063,13.17171690585,1
4,1,17.75,164,13.17171690585,13.1962045290625,1
4,1,17.75,164,13.1962045290625,13.2777892041108,1
4,1,17.75,164,13.2777892041108,13.2847334511114,1
4,1,17.75,164,13.2847334511114,13.3335838757608,1
4,1,17.75,164,13.3335838757608,13.4005455384416,1
4,1,17.75,164,13.4005455384416,13.4245546424904,1
4,1,17.75,164,13.4245546424904,13.4485099301366,1
4,1,17.75,164,13.4485099301366,13.4828751594676,1
4,1,17.75,164,13.4828751594676,13.4986948927835,1
4,1,17.75,164,13.4986948927835,13.5574444739068,1
4,1,17.75,164,13.5574444739068,13.6257124642757,1
4,1,17.75,164,13.6257124642757,13.7059547945761,1
4,1,17.75,164,13.7059547945761,13.7435906785683,1
4,1,17.75,164,13.7435906785683,13.7517157054937,1
4,1,17.75,164,13.7517157054937,13.7634267751093,1
4,1,17.75,164,13.7634267751093,13.8905542349326,1
4,1,17.75,164,13.8905542349326,14.1065510126061,1
4,1,17.75,164,14.1065510126061,14.1302921385609,1
4,1,17.75,164,14.1302921385609,14.1993200578551,1
4,1,17.75,164,14.1993200578551,14.2871879661748,1
4,1,17.75,164,14.2871879661748,14.3400651953672,1
4,1,17.75,164,14.3400651953672,14.3936159473782,1
4,1,17.75,164,14.3936159473782,14.4367535017362,1
4,1,17.75,164,14.4367535017362,14.4621514412028,1
4,1,17.75,164,14.4621514412028,14.5192134850934,1
4,1,17.75,164,14.5192134850934,14.5222261170343,1
4,1,17.75,164,14.5222261170343,14.5686058591506,1
4,1,17.75,164,14.5686058591506,14.5791675501509,1
4,1,17.75,164,14.5791675501509,14.6146442670376,1
4,1,17.75,164,14.6146442670376,14.6518147087755,1
4,1,17.75,164,14.6518147087755,14.6519925276135,1
4,1,17.75,164,14.6519925276135,14.6945233017327,1
4,1,17.75,164,14.6945233017327,14.7791664324161,1
4,1,17.75,164,14.7791664324161,14.842961097404,1
4,1,17.75,164,14.842961097404,14.861536498317,1
4,1,17.75,164,14.861536498317,14.8687411818192,1
4,1,17.75,164,14.8687411818192,14.9463996448138,1
4,1,17.75,164,14.9463996448138,14.9485439422887,1
4,1,17.75,164,14.9485439422887,15.1149517397051,1
4,1,17.75,164,15.1149517397051,15.1715946568922,1
4,1,17.75,164,15.1715946568922,15.2230019806396,1
4,1,17.75,164,15.2230019806396,15.2480673801621,1
4,1,17.75,164,15.2480673801621,15.2754449043575,1
4,1,17.75,164,15.2754449043575,15.2874396153556,1
4,1,17.75,164,15.2874396153556,15.3125320960049,1
4,1,17.75,164,15.3125320960049,15.3552616398357,1
4,1,17.75,164,15.3552616398357,15.3757601698161,1
4,1,17.75,164,15.3757601698161,15.4066757813762,1
4,1,17.75,164,15.4066757813762,15.4082390077922,1
4,1,17.75,164,15.4082390077922,15.6897344311975,1
4,1,17.75,164,15.6897344311975,15.7456956725913,1
4,1,17.75,164,15.7456956725913,15.8470015626151,1
4,1,17.75,164,15.8470015626151,15.8838947209588,1
4,1,17.75,164,15.8838947209588,15.8876903177546,1
4,1,17.75,164,15.8876903177546,15.9688951922231,1
4,1,17.75,164,15.9688951922231,16.044572346978,1
4,1,17.75,164,16.044572346978,16.0935722196904,1
4,1,17.75,164,16.0935722196904,16.1846380659279,1
4,1,17.75,164,16.1846380659279,16.2108880165889,1
4,1,17.75,164,16.2108880165889,16.2356125360316,1
4,1,17.75,164,16.2356125360316,16.2758524921527,1
4,1,17.75,164,16.2758524921527,16.2770594521248,1
4,1,17.75,164,16.2770594521248,16.2973644127915,1
4,1,17.75,164,16.2973644127915,16.3606815779726,1
4,1,17.75,164,16.3606815779726,16.3609138610855,1
4,1,17.75,164,16.3609138610855,16.3743316930571,1
4,1,17.75,164,16.3743316930571,16.5837304113014,1
4,1,17.75,164,16.5837304113014,16.5855035468987,1
4,1,17.75,164,16.5855035468987,16.6296516443648,1
4,1,17.75,164,16.6296516443648,16.6808771203274,1
4,1,17.75,164,16.6808771203274,16.7308073525671,1
4,1,17.75,164,16.7308073525671,16.7899251821381,1
4,1,17.75,164,16.7899251821381,16.8565891929813,1
4,1,17.75,164,16.8565891929813,16.9376299269541,1
4,1,17.75,164,16.9376299269541,17.1174976627216,1
4,1,17.75,164,17.1174976627216,17.1868471350307,1
4,1,17.75,164,17.1868471350307,17.2676082791676,1
4,1,17.75,164,17.2676082791676,17.5829406992044,1
4,1,17.75,164,17.5829406992044,17.6720126358174,1
4,1,17.75,164,17.6720126358174,17.6769055479825,1
4,1,17.75,164,17.6769055479825,17.6779047567728,1
4,1,17.75,164,17.6779047567728,17.7161704877465,1
4,1,17.75,164,17.7161704877465,17.7246644299777,1
4,1,17.75,164,17.7246644299777,17.7253697330683,1
4,1,17.75,164,17.7253697330683,17.7266268044642,1
4,1,17.75,164,17.7266268044642,17.7477252215947,1
4,1,17.75,164,17.7477252215947,17.75,0
5,1,9.75,33,0,1.10437962293613,1
5,1,9.75,33,1.10437962293613,2.72482108073601,1
5,1,9.75,33,2.72482108073601,2.84271438447611,1
5,1,9.75,33,2.84271438447611,3.79456907361391,1
5,1,9.75,33,3.79456907361391,3.80496497438868,1
5,1,9.75,33,3.80496497438868,3.8396177112849,1
5,1,9.75,33,3.8396177112849,3.99764478427423,1
5,1,9.75,33,3.99764478427423,4.23019841486574,1
5,1,9.75,33,4.23019841486574,4.27923219367175,1
5,1,9.75,33,4.27923219367175,4.55241395695409,1
5,1,9.75,33,4.55241395695409,5.23922065859504,1
5,1,9.75,33,5.23922065859504,6.48077124715409,1
5,1,9.75,33,6.48077124715409,6.62360179195958,1
5,1,9.75,33,6.62360179195958,6.62916988203867,1
5,1,9.75,33,6.62916988203867,6.68446992460936,1
5,1,9.75,33,6.68446992460936,6.87372047090879,1
5,1,9.75,33,6.87372047090879,6.93560420401752,1
5,1,9.75,33,6.93560420401752,7.19288684156094,1
5,1,9.75,33,7.19288684156094,7.5944693805579,1
5,1,9.75,33,7.5944693805579,7.81395529177009,1
5,1,9.75,33,7.81395529177009,8.14107030139489,1
5,1,9.75,33,8.14107030139489,8.37415672593773,1
5,1,9.75,33,8.37415672593773,8.4591995853401,1
5,1,9.75,33,8.4591995853401,8.60785678396917,1
5,1,9.75,33,8.60785678396917,8.79670454917222,1
5,1,9.75,33,8.79670454917222,8.83825500721938,1
5,1,9.75,33,8.83825500721938,8.84031705163059,1
5,1,9.75,33,8.84031705163059,8.995862861869,1
5,1,9.75,33,8.995862861869,9.26957893934805,1
5,1,9.75,33,9.26957893934805,9.28222589112848,1
5,1,9.75,33,9.28222589112848,9.60483491782742,1
5,1,9.75,33,9.60483491782742,9.61921268927456,1
5,1,9.75,33,9.61921268927456,9.66153496780103,1
5,1,9.75,33,9.66153496780103,9.75,0
6,1,17.75,103,0,0.90908707150061,1
6,1,17.75,103,0.90908707150061,3.62395455727068,1
6,1,17.75,103,3.62395455727068,3.71856015167801,1
6,1,17.75,103,3.71856015167801,4.06105715040407,1
6,1,17.75,103,4.06105715040407,4.32467517838261,1
6,1,17.75,103,4.32467517838261,4.93700798523691,1
6,1,17.75,103,4.93700798523691,5.27981534345649,1
6,1,17.75,103,5.27981534345649,5.4602754363782,1
6,1,17.75,103,5.4602754363782,6.05049006107018,1
6,1,17.75,103,6.05049006107018,6.20795818280747,1
6,1,17.75,103,6.20795818280747,6.50586491021339,1
6,1,17.75,103,6.50586491021339,6.77327083642971,1
6,1,17.75,103,6.77327083642971,7.01976860134829,1
6,1,17.75,103,7.01976860134829,7.05412097475643,1
6,1,17.75,103,7.05412097475643,7.07881989732584,1
6,1,17.75,103,7.07881989732584,7.12193947093074,1
6,1,17.75,103,7.12193947093074,7.34002611506293,1
6,1,17.75,103,7.34002611506293,7.3481408824514,1
6,1,17.75,103,7.3481408824514,7.55792429713979,1
6,1,17.75,103,7.55792429713979,7.66717402185395,1
6,1,17.75,103,7.66717402185395,8.33919406288054,1
6,1,17.75,103,8.33919406288054,8.34314772863694,1
6,1,17.75,103,8.34314772863694,8.41415204616861,1
6,1,17.75,103,8.41415204616861,8.65803144176474,1
6,1,17.75,103,8.65803144176474,8.75360037688046,1
6,1,17.75,103,8.75360037688046,8.99313595035223,1
6,1,17.75,103,8.99313595035223,9.03728008621532,1
6,1,17.75,103,9.03728008621532,9.43756100692306,1
6,1,17.75,103,9.43756100692306,9.48213791579231,1
6,1,17.75,103,9.48213791579231,9.72949197313852,1
6,1,17.75,103,9.72949197313852,9.81879883044979,1
6,1,17.75,103,9.81879883044979,9.90524072158302,1
6,1,17.75,103,9.90524072158302,10.0835299575134,1
6,1,17.75,103,10.0835299575134,10.1234113463147,1
6,1,17.75,103,10.1234113463147,10.576107548294,1
6,1,17.75,103,10.576107548294,10.6509089064102,1
6,1,17.75,103,10.6509089064102,10.7939899612988,1
6,1,17.75,103,10.7939899612988,11.1987913781187,1
6,1,17.75,103,11.1987913781187,11.3595274687785,1
6,1,17.75,103,11.3595274687785,11.4205345795841,1
6,1,17.75,103,11.4205345795841,11.4744973079003,1
6,1,17.75,103,11.4744973079003,11.5858685707655,1
6,1,17.75,103,11.5858685707655,11.6358943731475,1
6,1,17.75,103,11.6358943731475,11.6613271686406,1
6,1,17.75,103,11.6613271686406,11.6880162399908,1
6,1,17.75,103,11.6880162399908,11.7387320120157,1
6,1,17.75,103,11.7387320120157,11.9190559042582,1
6,1,17.75,103,11.9190559042582,12.1027945973763,1
6,1,17.75,103,12.1027945973763,12.2252728646487,1
6,1,17.75,103,12.2252728646487,12.275039587763,1
6,1,17.75,103,12.275039587763,12.7317188762221,1
6,1,17.75,103,12.7317188762221,12.7640196193007,1
6,1,17.75,103,12.7640196193007,12.89869245897,1
6,1,17.75,103,12.89869245897,12.9345311025797,1
6,1,17.75,103,12.9345311025797,13.0005288715091,1
6,1,17.75,103,13.0005288715091,13.2581932617766,1
6,1,17.75,103,13.2581932617766,13.3350485682668,1
6,1,17.75,103,13.3350485682668,13.4808007993061,1
6,1,17.75,103,13.4808007993061,13.6176786326503,1
6,1,17.75,103,13.6176786326503,13.7594313613312,1
6,1,17.75,103,13.7594313613312,13.8763138003814,1
6,1,17.75,103,13.8763138003814,13.9668622817359,1
6,1,17.75,103,13.9668622817359,14.0808680526364,1
6,1,17.75,103,14.0808680526364,14.1240489573597,1
6,1,17.75,103,14.1240489573597,14.2265380432119,1
6,1,17.75,103,14.2265380432119,14.229018393033,1
6,1,17.75,103,14.229018393033,14.4711962611243,1
6,1,17.75,103,14.4711962611243,14.4719411772149,1
6,1,17.75,103,14.4719411772149,14.5363361037293,1
6,1,17.75,103,14.5363361037293,14.5606981833833,1
6,1,17.75,103,14.5606981833833,14.5963066930529,1
6,1,17.75,103,14.5963066930529,14.7068289162228,1
6,1,17.75,103,14.7068289162228,14.756235358581,1
6,1,17.75,103,14.756235358581,14.9404735791338,1
6,1,17.75,103,14.9404735791338,15.0287827451383,1
6,1,17.75,103,15.0287827451383,15.0378220897161,1
6,1,17.75,103,15.0378220897161,15.0411176778856,1
6,1,17.75,103,15.0411176778856,15.0582057619424,1
6,1,17.75,103,15.0582057619424,15.058792977524,1
6,1,17.75,103,15.058792977524,15.0806137507092,1
6,1,17.75,103,15.0806137507092,15.3484055504026,1
6,1,17.75,103,15.3484055504026,15.4152814968083,1
6,1,17.75,103,15.4152814968083,15.5406107102103,1
6,1,17.75,103,15.5406107102103,15.5905000496601,1
6,1,17.75,103,15.5905000496601,15.6373918397307,1
6,1,17.75,103,15.6373918397307,15.9266130399674,1
6,1,17.75,103,15.9266130399674,16.0379600630479,1
6,1,17.75,103,16.0379600630479,16.1284108331587,1
6,1,17.75,103,16.1284108331587,16.2284919827934,1
6,1,17.75,103,16.2284919827934,16.4979772303224,1
6,1,17.75,103,16.4979772303224,16.6278451212555,1
6,1,17.75,103,16.6278451212555,16.7362875417743,1
6,1,17.75,103,16.7362875417743,16.798077828578,1
6,1,17.75,103,16.798077828578,17.1630435196137,1
6,1,17.75,103,17.1630435196137,17.2233268355809,1
6,1,17.75,103,17.2233268355809,17.3246581234011,1
6,1,17.75,103,17.3246581234011,17.383706084843,1
6,1,17.75,103,17.383706084843,17.397467771285,1
6,1,17.75,103,17.397467771285,17.4055843783377,1
6,1,17.75,103,17.4055843783377,17.5299703863936,1
6,1,17.75,103,17.5299703863936,17.6477190722309,1
6,1,17.75,103,17.6477190722309,17.6864029549355,1
6,1,17.75,103,17.6864029549355,17.7428395674911,1
6,1,17.75,103,17.7428395674911,17.75,0
7,1,17.75,1,0,8.60411380212875,1
7,1,17.75,1,8.60411380212875,17.75,0
8,1,18.75,4,0,0.0520448386942407,1
8,1,18.75,4,0.0520448386942407,0.142824059904672,1
8,1,18.75,4,0.142824059904672,4.82315328816904,1
8,1,18.75,4,4.82315328816904,18.6594239991494,1
8,1,18.75,4,18.6594239991494,18.75,0
9,1,15.75,21,0,2.1635476791749,1
9,1,15.75,21,2.1635476791749,3.01664554851721,1
9,1,15.75,21,3.01664554851721,5.15174101717947,1
9,1,15.75,21,5.15174101717947,5.86758482988643,1
9,1,15.75,21,5.86758482988643,6.44908583921389,1
9,1,15.75,21,6.44908583921389,8.68104799704499,1
9,1,15.75,21,8.68104799704499,9.49463108202851,1
9,1,15.75,21,9.49463108202851,9.55148741879763,1
9,1,15.75,21,9.55148741879763,10.3188112987622,1
9,1,15.75,21,10.3188112987622,10.5132610995404,1
9,1,15.75,21,10.5132610995404,10.7896010945619,1
9,1,15.75,21,10.7896010945619,10.8306389289077,1
9,1,15.75,21,10.8306389289077,11.2778441376833,1
9,1,15.75,21,11.2778441376833,11.622211987744,1
9,1,15.75,21,11.622211987744,12.0930742737956,1
9,1,15.75,21,12.0930742737956,12.2577914363746,1
9,1,15.75,21,12.2577914363746,13.0390458620435,1
9,1,15.75,21,13.0390458620435,13.4255419805733,1
9,1,15.75,21,13.4255419805733,13.7767508772211,1
9,1,15.75,21,13.7767508772211,14.6878803578347,1
9,1,15.75,21,14.6878803578347,15.0867076954563,1
9,1,15.75,21,15.0867076954563,15.75,0
10,1,13.75,56,0,3.47270752556551,1
10,1,13.75,56,3.47270752556551,3.53297549065224,1
10,1,13.75,56,3.53297549065224,3.98708211434356,1
10,1,13.75,56,3.98708211434356,4.08982675060858,1
10,1,13.75,56,4.08982675060858,4.47878935385006,1
10,1,13.75,56,4.47878935385006,5.06164436296587,1
10,1,13.75,56,5.06164436296587,5.60203915572816,1
10,1,13.75,56,5.60203915572816,5.85666756928923,1
10,1,13.75,56,5.85666756928923,6.05600178599901,1
10,1,13.75,56,6.05600178599901,6.06112027809044,1
10,1,13.75,56,6.06112027809044,6.73525833580258,1
10,1,13.75,56,6.73525833580258,6.79856800199148,1
10,1,13.75,56,6.79856800199148,6.8023341324321,1
10,1,13.75,56,6.8023341324321,6.92375458990774,1
10,1,13.75,56,6.92375458990774,7.14197336410516,1
10,1,13.75,56,7.14197336410516,7.37397662696849,1
10,1,13.75,56,7.37397662696849,7.37779109593068,1
10,1,13.75,56,7.37779109593068,7.41101023229581,1
10,1,13.75,56,7.41101023229581,7.42024755952888,1
10,1,13.75,56,7.42024755952888,7.54450365238136,1
10,1,13.75,56,7.54450365238136,8.02170189425952,1
10,1,13.75,56,8.02170189425952,8.20225486424346,1
10,1,13.75,56,8.20225486424346,8.43891135517964,1
10,1,13.75,56,8.43891135517964,8.57053618368137,1
10,1,13.75,56,8.57053618368137,8.74608352209503,1
10,1,13.75,56,8.74608352209503,8.85634896866642,1
10,1,13.75,56,8.85634896866642,8.94593289116151,1
10,1,13.75,56,8.94593289116151,9.10148064532217,1
10,1,13.75,56,9.10148064532217,9.19171202046227,1
10,1,13.75,56,9.19171202046227,9.6589562542108,1
10,1,13.75,56,9.6589562542108,9.70692121307829,1
10,1,13.75,56,9.70692121307829,9.77007936216653,1
10,1,13.75,56,9.77007936216653,9.98640161922553,1
10,1,13.75,56,9.98640161922553,10.5097836065017,1
10,1,13.75,56,10.5097836065017,10.687249366467,1
10,1,13.75,56,10.687249366467,10.752194563957,1
10,1,13.75,56,10.752194563957,10.8577036997287,1
10,1,13.75,56,10.8577036997287,11.4680008249509,1
10,1,13.75,56,11.4680008249509,11.7022078446294,1
10,1,13.75,56,11.7022078446294,11.7761833417544,1
10,1,13.75,56,11.7761833417544,11.9881063021946,1
10,1,13.75,56,11.9881063021946,12.0539810546471,1
10,1,13.75,56,12.0539810546471,12.3645597325889,1
10,1,13.75,56,12.3645597325889,12.3724706628821,1
10,1,13.75,56,12.3724706628821,12.5046802172088,1
10,1,13.75,56,12.5046802172088,12.5837763567893,1
10,1,13.75,56,12.5837763567893,12.703703428604,1
10,1,13.75,56,12.703703428604,12.7550259548797,1
10,1,13.75,56,12.7550259548797,12.8197969634428,1
10,1,13.75,56,12.8197969634428,13.013633157304,1
10,1,13.75,56,13.013633157304,13.0575808585259,1
10,1,13.75,56,13.0575808585259,13.3864676218541,1
10,1,13.75,56,13.3864676218541,13.4329364842219,1
10,1,13.75,56,13.4329364842219,13.4337417126681,1
10,1,13.75,56,13.4337417126681,13.6277296071497,1
10,1,13.75,56,13.6277296071497,13.6536871351051,1
10,1,13.75,56,13.6536871351051,13.75,0
11,1,12.75,1,0,12.0467620369182,1
11,1,12.75,1,12.0467620369182,12.75,0
12,1,20.75,3,0,3.09410799670201,1
12,1,20.75,3,3.09410799670201,13.8036430040859,1
12,1,20.75,3,13.8036430040859,15.5607753910285,1
12,1,20.75,3,15.5607753910285,20.75,0
13,1,10.75,4,0,2.73848264938753,1
13,1,10.75,4,2.73848264938753,3.18034132855111,1
13,1,10.75,4,3.18034132855111,8.92957362886115,1
13,1,10.75,4,8.92957362886115,10.3281389275517,1
13,1,10.75,4,10.3281389275517,10.75,0
14,1,18.75,1,0,0.249576591077312,1
14,1,18.75,1,0.249576591077312,18.75,0
15,1,15.75,55,0,2.4716877154346,1
15,1,15.75,55,2.4716877154346,3.96043161158863,1
15,1,15.75,55,3.96043161158863,5.47893554645034,1
15,1,15.75,55,5.47893554645034,5.54648207442285,1
15,1,15.75,55,5.54648207442285,7.19071854740587,1
15,1,15.75,55,7.19071854740587,7.35606419983767,1
15,1,15.75,55,7.35606419983767,7.43273953624406,1
15,1,15.75,55,7.43273953624406,7.59040095457611,1
15,1,15.75,55,7.59040095457611,7.87298863516378,1
15,1,15.75,55,7.87298863516378,8.04928359813751,1
15,1,15.75,55,8.04928359813751,8.0579109097005,1
15,1,15.75,55,8.0579109097005,8.72833924639553,1
15,1,15.75,55,8.72833924639553,8.76420120748711,1
15,1,15.75,55,8.76420120748711,8.79535683795627,1
15,1,15.75,55,8.79535683795627,8.86817193553131,1
15,1,15.75,55,8.86817193553131,8.96270607895357,1
15,1,15.75,55,8.96270607895357,9.18857559857996,1
15,1,15.75,55,9.18857559857996,9.70455564391562,1
15,1,15.75,55,9.70455564391562,9.77082260172529,1
15,1,15.75,55,9.77082260172529,9.91797837226139,1
15,1,15.75,55,9.91797837226139,9.92611026986732,1
15,1,15.75,55,9.92611026986732,10.0161656996436,1
15,1,15.75,55,10.0161656996436,10.1048133959574,1
15,1,15.75,55,10.1048133959574,10.394720901899,1
15,1,15.75,55,10.394720901899,10.4214790912165,1
15,1,15.75,55,10.4214790912165,10.521277438553,1
15,1,15.75,55,10.521277438553,10.5855267606593,1
15,1,15.75,55,10.5855267606593,10.8047122732067,1
15,1,15.75,55,10.8047122732067,10.8742010692732,1
15,1,15.75,55,10.8742010692732,10.9694765956087,1
15,1,15.75,55,10.9694765956087,11.1407538054988,1
15,1,15.75,55,11.1407538054988,11.2470169679763,1
15,1,15.75,55,11.2470169679763,11.480656515666,1
15,1,15.75,55,11.480656515666,11.6718354363988,1
15,1,15.75,55,11.6718354363988,11.7209709418945,1
15,1,15.75,55,11.7209709418945,11.9477711423103,1
15,1,15.75,55,11.9477711423103,11.9912834719451,1
15,1,15.75,55,11.9912834719451,12.1498948470582,1
15,1,15.75,55,12.1498948470582,12.1775692155557,1
15,1,15.75,55,12.1775692155557,12.4013331881762,1
15,1,15.75,55,12.4013331881762,12.5306562874053,1
15,1,15.75,55,12.5306562874053,12.5472699751317,1
15,1,15.75,55,12.5472699751317,12.7136819831575,1
15,1,15.75,55,12.7136819831575,12.9545795929695,1
15,1,15.75,55,12.9545795929695,13.2050303412558,1
15,1,15.75,55,13.2050303412558,13.3060966186563,1
15,1,15.75,55,13.3060966186563,13.4855131461748,1
15,1,15.75,55,13.4855131461748,14.1333509209169,1
15,1,15.75,55,14.1333509209169,14.401739976042,1
15,1,15.75,55,14.401739976042,14.8030235514332,1
15,1,15.75,55,14.8030235514332,15.0442711092907,1
15,1,15.75,55,15.0442711092907,15.1802928951345,1
15,1,15.75,55,15.1802928951345,15.3998527498493,1
15,1,15.75,55,15.3998527498493,15.6734391419836,1
15,1,15.75,55,15.6734391419836,15.7378816562679,1
15,1,15.75,55,15.7378816562679,15.75,0
16,1,10.75,12,0,4.5626501691968,1
16,1,10.75,12,4.5626501691968,5.70177921569394,1
16,1,10.75,12,5.70177921569394,6.14366243946142,1
16,1,10.75,12,6.14366243946142,7.06342720720111,1
16,1,10.75,12,7.06342720720111,7.7025223568782,1
16,1,10.75,12,7.7025223568782,8.12974168217907,1
16,1,10.75,12,8.12974168217907,8.6171992746275,1
16,1,10.75,12,8.6171992746275,8.67327585966712,1
16,1,10.75,12,8.67327585966712,9.33864494538565,1
16,1,10.75,12,9.33864494538565,9.69905570029678,1
16,1,10.75,12,9.69905570029678,10.0236899230646,1
16,1,10.75,12,10.0236899230646,10.1888344349755,1
16,1,10.75,12,10.1888344349755,10.75,0
17,1,20.75,80,0,4.83104338625581,1
17,1,20.75,80,4.83104338625581,4.85417378613725,1
17,1,20.75,80,4.85417378613725,5.25731382503859,1
17,1,20.75,80,5.25731382503859,5.3767455351821,1
17,1,20.75,80,5.3767455351821,5.4207672427073,1
17,1,20.75,80,5.4207672427073,5.52874878896042,1
17,1,20.75,80,5.52874878896042,6.18803571913342,1
17,1,20.75,80,6.18803571913342,6.51120958150774,1
17,1,20.75,80,6.51120958150774,6.65497206531343,1
17,1,20.75,80,6.65497206531343,6.97237641608824,1
17,1,20.75,80,6.97237641608824,7.09304544771364,1
17,1,20.75,80,7.09304544771364,7.14049914958115,1
17,1,20.75,80,7.14049914958115,7.43777130987889,1
17,1,20.75,80,7.43777130987889,7.77838212389718,1
17,1,20.75,80,7.77838212389718,7.78914237855725,1
17,1,20.75,80,7.78914237855725,8.04626256750699,1
17,1,20.75,80,8.04626256750699,8.27654746784753,1
17,1,20.75,80,8.27654746784753,8.91796931013952,1
17,1,20.75,80,8.91796931013952,10.2476250412931,1
17,1,20.75,80,10.2476250412931,10.3187161125502,1
17,1,20.75,80,10.3187161125502,10.3396294362729,1
17,1,20.75,80,10.3396294362729,10.389775446178,1
17,1,20.75,80,10.389775446178,10.4341158449198,1
17,1,20.75,80,10.4341158449198,10.8220910779119,1
17,1,20.75,80,10.8220910779119,11.0430330710298,1
17,1,20.75,80,11.0430330710298,11.3282353190176,1
17,1,20.75,80,11.3282353190176,12.2031816063669,1
17,1,20.75,80,12.2031816063669,12.3151376318832,1
17,1,20.75,80,12.3151376318832,12.5662293519195,1
17,1,20.75,80,12.5662293519195,13.2129399755351,1
17,1,20.75,80,13.2129399755351,13.3632206020068,1
17,1,20.75,80,13.3632206020068,13.5248267402891,1
17,1,20.75,80,13.5248267402891,14.0052021325359,1
17,1,20.75,80,14.0052021325359,14.2858331931688,1
17,1,20.75,80,14.2858331931688,14.3395399276176,1
17,1,20.75,80,14.3395399276176,14.9007754260674,1
17,1,20.75,80,14.9007754260674,15.4857060273813,1
17,1,20.75,80,15.4857060273813,15.7562798472549,1
17,1,20.75,80,15.7562798472549,15.8178375351832,1
17,1,20.75,80,15.8178375351832,16.1098904238577,1
17,1,20.75,80,16.1098904238577,16.1294766286495,1
17,1,20.75,80,16.1294766286495,16.3384641630571,1
17,1,20.75,80,16.3384641630571,16.6218576692414,1
17,1,20.75,80,16.6218576692414,16.6746516594701,1
17,1,20.75,80,16.6746516594701,16.6755419688097,1
17,1,20.75,80,16.6755419688097,16.8964948457167,1
17,1,20.75,80,16.8964948457167,17.051050094953,1
17,1,20.75,80,17.051050094953,17.0751980821585,1
17,1,20.75,80,17.0751980821585,17.0839024067455,1
17,1,20.75,80,17.0839024067455,17.1129966062229,1
17,1,20.75,80,17.1129966062229,17.2441008565343,1
17,1,20.75,80,17.2441008565343,17.369987051723,1
17,1,20.75,80,17.369987051723,17.4544959789995,1
17,1,20.75,80,17.4544959789995,17.5298688499801,1
17,1,20.75,80,17.5298688499801,17.6057494786504,1
17,1,20.75,80,17.6057494786504,17.6732128502891,1
17,1,20.75,80,17.6732128502891,17.6862523066244,1
17,1,20.75,80,17.6862523066244,17.8049333675642,1
17,1,20.75,80,17.8049333675642,17.9316664019082,1
17,1,20.75,80,17.9316664019082,18.4808213813675,1
17,1,20.75,80,18.4808213813675,18.6029013952561,1
17,1,20.75,80,18.6029013952561,18.6655184048092,1
17,1,20.75,80,18.6655184048092,18.73350640941,1
17,1,20.75,80,18.73350640941,18.8097124101534,1
17,1,20.75,80,18.8097124101534,18.836960239837,1
17,1,20.75,80,18.836960239837,18.8660501024296,1
17,1,20.75,80,18.8660501024296,18.8818257484246,1
17,1,20.75,80,18.8818257484246,18.9151719399544,1
17,1,20.75,80,18.9151719399544,19.0190050207127,1
17,1,20.75,80,19.0190050207127,19.1123099464415,1
17,1,20.75,80,19.1123099464415,19.6206118836708,1
17,1,20.75,80,19.6206118836708,19.6825317996891,1
17,1,20.75,80,19.6825317996891,19.8784650207522,1
17,1,20.75,80,19.8784650207522,19.9407490212423,1
17,1,20.75,80,19.9407490212423,19.9507581589311,1
17,1,20.75,80,19.9507581589311,20.1245827816165,1
17,1,20.75,80,20.1245827816165,20.231037409178,1
17,1,20.75,80,20.231037409178,20.5048983621761,1
17,1,20.75,80,20.5048983621761,20.5511074391261,1
17,1,20.75,80,20.5511074391261,20.7145302367508,1
17,1,20.75,80,20.7145302367508,20.75,0
18,1,15.75,0,0,15.75,0
19,1,11.75,0,0,11.75,0
20,1,13.75,3,0,2.19977052707732,1
20,1,13.75,3,2.19977052707732,12.3296139544903,1
20,1,13.75,3,12.3296139544903,13.282576328986,1
20,1,13.75,3,13.282576328986,13.75,0
21,1,14.75,16,0,2.51738220730363,1
21,1,14.75,16,2.51738220730363,3.08919121658783,1
21,1,14.75,16,3.08919121658783,3.43621259072102,1
21,1,14.75,16,3.43621259072102,4.37543008725974,1
21,1,14.75,16,4.37543008725974,7.08617548612008,1
21,1,14.75,16,7.08617548612008,8.36527494653498,1
21,1,14.75,16,8.36527494653498,8.40160426029638,1
21,1,14.75,16,8.40160426029638,8.48490715614435,1
21,1,14.75,16,8.48490715614435,8.51385620918775,1
21,1,14.75,16,8.51385620918775,8.64939262542844,1
21,1,14.75,16,8.64939262542844,10.5352744106871,1
21,1,14.75,16,10.5352744106871,12.3737225914389,1
21,1,14.75,16,12.3737225914389,13.4726024368222,1
21,1,14.75,16,13.4726024368222,14.1899201367184,1
21,1,14.75,16,14.1899201367184,14.32217864906,1
21,1,14.75,16,14.32217864906,14.37707516706,1
21,1,14.75,16,14.37707516706,14.75,0
22,1,14.75,28,0,5.45498682481506,1
22,1,14.75,28,5.45498682481506,5.91460017276636,1
22,1,14.75,28,5.91460017276636,7.36171661404141,1
22,1,14.75,28,7.36171661404141,8.00219804287323,1
22,1,14.75,28,8.00219804287323,8.28880313741136,1
22,1,14.75,28,8.28880313741136,8.51377611693005,1
22,1,14.75,28,8.51377611693005,8.88251779632811,1
22,1,14.75,28,8.88251779632811,9.81692776622288,1
22,1,14.75,28,9.81692776622288,9.83307463325781,1
22,1,14.75,28,9.83307463325781,10.6308929286263,1
22,1,14.75,28,10.6308929286263,10.7630902871664,1
22,1,14.75,28,10.7630902871664,10.7657282025579,1
22,1,14.75,28,10.7657282025579,10.7810983675739,1
22,1,14.75,28,10.7810983675739,11.961672028635,1
22,1,14.75,28,11.961672028635,12.0199282045147,1
22,1,14.75,28,12.0199282045147,12.1402509827802,1
22,1,14.75,28,12.1402509827802,12.2601427603524,1
22,1,14.75,28,12.2601427603524,12.9009233938423,1
22,1,14.75,28,12.9009233938423,13.261423676677,1
22,1,14.75,28,13.261423676677,13.4347802406698,1
22,1,14.75,28,13.4347802406698,13.4437630704049,1
22,1,14.75,28,13.4437630704049,14.0330395033804,1
22,1,14.75,28,14.0330395033804,14.0406775538479,1
22,1,14.75,28,14.0406775538479,14.1048725756346,1
22,1,14.75,28,14.1048725756346,14.4238705712648,1
22,1,14.75,28,14.4238705712648,14.4300502243115,1
22,1,14.75,28,14.4300502243115,14.4775539243873,1
22,1,14.75,28,14.4775539243873,14.6066253103655,1
22,1,14.75,28,14.6066253103655,14.75,0
23,1,14.75,0,0,14.75,0
24,1,15.75,3,0,2.76712948897193,1
24,1,15.75,3,2.76712948897193,3.14759475240771,1
24,1,15.75,3,3.14759475240771,12.2046831815266,1
24,1,15.75,3,12.2046831815266,15.75,0
25,1,9.75,2,0,1.90224548673125,1
25,1,9.75,2,1.90224548673125,2.47201200486657,1
25,1,9.75,2,2.47201200486657,9.75,0
26,1,15.75,2,0,3.6204432167991,1
26,1,15.75,2,3.6204432167991,14.4802380802206,1
26,1,15.75,2,14.4802380802206,15.75,0
27,1,13.75,5,0,7.00418331407197,1
27,1,13.75,5,7.00418331407197,9.43508203989298,1
27,1,13.75,5,9.43508203989298,11.0477787231579,1
27,1,13.75,5,11.0477787231579,11.9622110975768,1
27,1,13.75,5,11.9622110975768,12.4419133653246,1
27,1,13.75,5,12.4419133653246,13.75,0
28,1,19.75,1,0,0.000788217978317931,1
28,1,19.75,1,0.000788217978317931,19.75,0
29,1,13.75,1,0,1.50038770909988,1
29,1,13.75,1,1.50038770909988,13.75,0
30,1,8.75,1,0,0.76551722853998,1
30,1,8.75,1,0.76551722853998,8.75,0
31,1,20.75,1,0,1.86013263049604,1
31,1,20.75,1,1.86013263049604,20.75,0
32,1,15.75,1,0,2.71694734075403,1
32,1,15.75,1,2.71694734075403,15.75,0
33,1,10.75,13,0,1.95278594898917,1
33,1,10.75,13,1.95278594898917,3.59894544639378,1
33,1,10.75,13,3.59894544639378,4.67083839032499,1
33,1,10.75,13,4.67083839032499,5.43827182798975,1
33,1,10.75,13,5.43827182798975,6.51139504135605,1
33,1,10.75,13,6.51139504135605,7.20932107673173,1
33,1,10.75,13,7.20932107673173,7.92531288568963,1
33,1,10.75,13,7.92531288568963,8.12478208522417,1
33,1,10.75,13,8.12478208522417,8.30669428578611,1
33,1,10.75,13,8.30669428578611,8.40053796472718,1
33,1,10.75,13,8.40053796472718,8.53020503079409,1
33,1,10.75,13,8.53020503079409,10.2102802032658,1
33,1,10.75,13,10.2102802032658,10.6658936985298,1
33,1,10.75,13,10.6658936985298,10.75,0
34,1,14.75,1,0,4.26429143541637,1
34,1,14.75,1,4.26429143541637,14.75,0
35,1,12.75,12,0,5.11552849691882,1
35,1,12.75,12,5.11552849691882,5.37772664954631,1
35,1,12.75,12,5.37772664954631,5.46587255341846,1
35,1,12.75,12,5.46587255341846,7.35009913370572,1
35,1,12.75,12,7.35009913370572,8.22345313035594,1
35,1,12.75,12,8.22345313035594,8.4334051388551,1
35,1,12.75,12,8.4334051388551,8.49887953670246,1
35,1,12.75,12,8.49887953670246,10.5367611438218,1
35,1,12.75,12,10.5367611438218,11.4121894825492,1
35,1,12.75,12,11.4121894825492,12.2326170191171,1
35,1,12.75,12,12.2326170191171,12.4603798905362,1
35,1,12.75,12,12.4603798905362,12.6536275191605,1
35,1,12.75,12,12.6536275191605,12.75,0
36,1,11.75,17,0,2.61730533045941,1
36,1,11.75,17,2.61730533045941,5.13578704732756,1
36,1,11.75,17,5.13578704732756,5.59270123171633,1
36,1,11.75,17,5.59270123171633,6.07863076210378,1
36,1,11.75,17,6.07863076210378,7.25520835421106,1
36,1,11.75,17,7.25520835421106,8.19379104845079,1
36,1,11.75,17,8.19379104845079,8.5984911309524,1
36,1,11.75,17,8.5984911309524,9.38782169010077,1
36,1,11.75,17,9.38782169010077,9.73404704275321,1
36,1,11.75,17,9.73404704275321,9.79239873209312,1
36,1,11.75,17,9.79239873209312,9.88113680110228,1
36,1,11.75,17,9.88113680110228,10.2684129045602,1
36,1,11.75,17,10.2684129045602,10.2995465116881,1
36,1,11.75,17,10.2995465116881,10.6806053070367,1
36,1,11.75,17,10.6806053070367,10.6852574805469,1
36,1,11.75,17,10.6852574805469,11.1797225836513,1
36,1,11.75,17,11.1797225836513,11.4781528997876,1
36,1,11.75,17,11.4781528997876,11.75,0
37,1,8.75,3,0,1.43691017195248,1
37,1,8.75,3,1.43691017195248,2.17985480009239,1
37,1,8.75,3,2.17985480009239,4.6604588117329,1
37,1,8.75,3,4.6604588117329,8.75,0
38,1,10.75,0,0,10.75,0
39,1,10.75,2,0,0.25696146553853,1
39,1,10.75,2,0.25696146553853,5.03658256790007,1
39,1,10.75,2,5.03658256790007,10.75,0
40,1,15.75,2,0,11.1365480864136,1
40,1,15.75,2,11.1365480864136,11.9901947592159,1
40,1,15.75,2,11.9901947592159,15.75,0
41,1,12.75,43,0,2.21691445633056,1
41,1,12.75,43,2.21691445633056,3.91105396878328,1
41,1,12.75,43,3.91105396878328,4.01512931709606,1
41,1,12.75,43,4.01512931709606,4.31178463452787,1
41,1,12.75,43,4.31178463452787,5.32706231250974,1
41,1,12.75,43,5.32706231250974,5.48504526905033,1
41,1,12.75,43,5.48504526905033,5.8201604647637,1
41,1,12.75,43,5.8201604647637,5.85213474662165,1
41,1,12.75,43,5.85213474662165,7.02335814013079,1
41,1,12.75,43,7.02335814013079,7.0316778647216,1
41,1,12.75,43,7.0316778647216,7.20531241662097,1
41,1,12.75,43,7.20531241662097,7.46407439532897,1
41,1,12.75,43,7.46407439532897,7.56574149945381,1
41,1,12.75,43,7.56574149945381,7.87895639613595,1
41,1,12.75,43,7.87895639613595,8.08157723393442,1
41,1,12.75,43,8.08157723393442,8.16953706871306,1
41,1,12.75,43,8.16953706871306,8.2267922295055,1
41,1,12.75,43,8.2267922295055,8.37158439050191,1
41,1,12.75,43,8.37158439050191,8.3783997950277,1
41,1,12.75,43,8.3783997950277,8.55259633518151,1
41,1,12.75,43,8.55259633518151,8.70252470268392,1
41,1,12.75,43,8.70252470268392,8.72462879718326,1
41,1,12.75,43,8.72462879718326,8.82349102472049,1
41,1,12.75,43,8.82349102472049,9.11394567255005,1
41,1,12.75,43,9.11394567255005,9.69686819468947,1
41,1,12.75,43,9.69686819468947,9.87461084643773,1
41,1,12.75,43,9.87461084643773,10.0801875420047,1
41,1,12.75,43,10.0801875420047,10.0924252570601,1
41,1,12.75,43,10.0924252570601,10.4733917558223,1
41,1,12.75,43,10.4733917558223,10.7832152939702,1
41,1,12.75,43,10.7832152939702,11.0445902030222,1
41,1,12.75,43,11.0445902030222,11.0749596544391,1
41,1,12.75,43,11.0749596544391,11.1404561843328,1
41,1,12.75,43,11.1404561843328,11.3216087847602,1
41,1,12.75,43,11.3216087847602,11.3476773505653,1
41,1,12.75,43,11.3476773505653,11.3599997242666,1
41,1,12.75,43,11.3599997242666,11.5563864967527,1
41,1,12.75,43,11.5563864967527,11.7749999987914,1
41,1,12.75,43,11.7749999987914,11.9060166224674,1
41,1,12.75,43,11.9060166224674,12.0910143572774,1
41,1,12.75,43,12.0910143572774,12.2126494786663,1
41,1,12.75,43,12.2126494786663,12.7112929990955,1
41,1,12.75,43,12.7112929990955,12.7221334773705,1
41,1,12.75,43,12.7221334773705,12.75,0
42,1,19.75,2,0,9.72404465963458,1
42,1,19.75,2,9.72404465963458,17.6807542766511,1
42,1,19.75,2,17.6807542766511,19.75,0
43,1,17.75,0,0,17.75,0
44,1,14.75,3,0,1.70433283418266,1
44,1,14.75,3,1.70433283418266,2.76341609912325,1
44,1,14.75,3,2.76341609912325,12.9435787344872,1
44,1,14.75,3,12.9435787344872,14.75,0
45,1,19.75,30,0,2.34518123607262,1
45,1,19.75,30,2.34518123607262,4.58148167212104,1
45,1,19.75,30,4.58148167212104,7.62499473336104,1
45,1,19.75,30,7.62499473336104,8.77484651078069,1
45,1,19.75,30,8.77484651078069,9.59575147845007,1
45,1,19.75,30,9.59575147845007,11.2948416670442,1
45,1,19.75,30,11.2948416670442,11.5053520494361,1
45,1,19.75,30,11.5053520494361,12.3783945801227,1
45,1,19.75,30,12.3783945801227,12.8734268937567,1
45,1,19.75,30,12.8734268937567,12.9705892973533,1
45,1,19.75,30,12.9705892973533,14.0344685905885,1
45,1,19.75,30,14.0344685905885,14.3755888386712,1
45,1,19.75,30,14.3755888386712,14.6985558176516,1
45,1,19.75,30,14.6985558176516,14.9495877906686,1
45,1,19.75,30,14.9495877906686,15.0592654457329,1
45,1,19.75,30,15.0592654457329,15.2014591129112,1
45,1,19.75,30,15.2014591129112,15.8376273028529,1
45,1,19.75,30,15.8376273028529,15.9243220028152,1
45,1,19.75,30,15.9243220028152,16.0009127129793,1
45,1,19.75,30,16.0009127129793,16.4852652339239,1
45,1,19.75,30,16.4852652339239,16.7356016298634,1
45,1,19.75,30,16.7356016298634,16.8363617992279,1
45,1,19.75,30,16.8363617992279,17.0217145652346,1
45,1,19.75,30,17.0217145652346,17.0392481330272,1
45,1,19.75,30,17.0392481330272,17.2426109150956,1
45,1,19.75,30,17.2426109150956,17.5491435282821,1
45,1,19.75,30,17.5491435282821,18.2021727159508,1
45,1,19.75,30,18.2021727159508,18.25394871348,1
45,1,19.75,30,18.25394871348,18.8993589807723,1
45,1,19.75,30,18.8993589807723,18.9237567404043,1
45,1,19.75,30,18.9237567404043,19.75,0
46,1,16.75,1,0,11.0816202595424,1
46,1,16.75,1,11.0816202595424,16.75,0
47,1,10.75,1,0,2.35864456377542,1
47,1,10.75,1,2.35864456377542,10.75,0
48,1,20.75,90,0,2.84506494936167,1
48,1,20.75,90,2.84506494936167,3.74883279865503,1
48,1,20.75,90,3.74883279865503,5.78570140071798,1
48,1,20.75,90,5.78570140071798,7.05302835559924,1
48,1,20.75,90,7.05302835559924,7.08473509520713,1
48,1,20.75,90,7.08473509520713,7.28469809520427,1
48,1,20.75,90,7.28469809520427,7.89978510151813,1
48,1,20.75,90,7.89978510151813,8.85380295511368,1
48,1,20.75,90,8.85380295511368,8.93420959521569,1
48,1,20.75,90,8.93420959521569,9.1077149674388,1
48,1,20.75,90,9.1077149674388,9.3937910194443,1
48,1,20.75,90,9.3937910194443,9.62292350574366,1
48,1,20.75,90,9.62292350574366,9.78414523297295,1
48,1,20.75,90,9.78414523297295,10.0743321265877,1
48,1,20.75,90,10.0743321265877,10.3396987316295,1
48,1,20.75,90,10.3396987316295,10.8509926342139,1
48,1,20.75,90,10.8509926342139,11.0563546463041,1
48,1,20.75,90,11.0563546463041,11.180006716296,1
48,1,20.75,90,11.180006716296,11.2806608682326,1
48,1,20.75,90,11.2806608682326,11.4487690150388,1
48,1,20.75,90,11.4487690150388,11.8373503057503,1
48,1,20.75,90,11.8373503057503,11.9071619440551,1
48,1,20.75,90,11.9071619440551,12.3101660916762,1
48,1,20.75,90,12.3101660916762,12.3680635081738,1
48,1,20.75,90,12.3680635081738,12.6313740235919,1
48,1,20.75,90,12.6313740235919,12.9278124967462,1
48,1,20.75,90,12.9278124967462,12.9437651744595,1
48,1,20.75,90,12.9437651744595,13.4710287598613,1
48,1,20.75,90,13.4710287598613,13.6283229768486,1
48,1,20.75,90,13.6283229768486,13.7662340618435,1
48,1,20.75,90,13.7662340618435,13.950312080874,1
48,1,20.75,90,13.950312080874,14.1699267602659,1
48,1,20.75,90,14.1699267602659,14.1774191764695,1
48,1,20.75,90,14.1774191764695,14.2940471276755,1
48,1,20.75,90,14.2940471276755,14.405623017219,1
48,1,20.75,90,14.405623017219,14.4605795741725,1
48,1,20.75,90,14.4605795741725,14.5648382821407,1
48,1,20.75,90,14.5648382821407,14.6240735767698,1
48,1,20.75,90,14.6240735767698,14.7077282199294,1
48,1,20.75,90,14.7077282199294,14.9126749157857,1
48,1,20.75,90,14.9126749157857,15.0462678523137,1
48,1,20.75,90,15.0462678523137,15.1813134498098,1
48,1,20.75,90,15.1813134498098,15.207429941884,1
48,1,20.75,90,15.207429941884,15.5317964149482,1
48,1,20.75,90,15.5317964149482,15.5406938053355,1
48,1,20.75,90,15.5406938053355,15.7371542351591,1
48,1,20.75,90,15.7371542351591,15.8847117015766,1
48,1,20.75,90,15.8847117015766,15.8909279885913,1
48,1,20.75,90,15.8909279885913,15.9740076994664,1
48,1,20.75,90,15.9740076994664,15.9825269441763,1
48,1,20.75,90,15.9825269441763,16.0257401874989,1
48,1,20.75,90,16.0257401874989,16.1194177283399,1
48,1,20.75,90,16.1194177283399,16.1754359949864,1
48,1,20.75,90,16.1754359949864,16.3450193418419,1
48,1,20.75,90,16.3450193418419,16.5234749132702,1
48,1,20.75,90,16.5234749132702,16.5284912050946,1
48,1,20.75,90,16.5284912050946,16.9189599141194,1
48,1,20.75,90,16.9189599141194,17.0457182796556,1
48,1,20.75,90,17.0457182796556,17.3821670238289,1
48,1,20.75,90,17.3821670238289,17.4162938348708,1
48,1,20.75,90,17.4162938348708,17.6859090727096,1
48,1,20.75,90,17.6859090727096,17.9453077883917,1
48,1,20.75,90,17.9453077883917,18.0805807787631,1
48,1,20.75,90,18.0805807787631,18.0813007952909,1
48,1,20.75,90,18.0813007952909,18.3227996255625,1
48,1,20.75,90,18.3227996255625,18.4611788787742,1
48,1,20.75,90,18.4611788787742,18.6180410533834,1
48,1,20.75,90,18.6180410533834,18.6388583319752,1
48,1,20.75,90,18.6388583319752,18.7460097950624,1
48,1,20.75,90,18.7460097950624,18.7717043411811,1
48,1,20.75,90,18.7717043411811,18.9039998843823,1
48,1,20.75,90,18.9039998843823,18.9700376308096,1
48,1,20.75,90,18.9700376308096,18.9792611179749,1
48,1,20.75,90,18.9792611179749,19.1268269054484,1
48,1,20.75,90,19.1268269054484,19.1899081327367,1
48,1,20.75,90,19.1899081327367,19.6419849096396,1
48,1,20.75,90,19.6419849096396,19.6545839705864,1
48,1,20.75,90,19.6545839705864,19.8530557771736,1
48,1,20.75,90,19.8530557771736,19.8836505480162,1
48,1,20.75,90,19.8836505480162,20.0760498600038,1
48,1,20.75,90,20.0760498600038,20.0889970034505,1
48,1,20.75,90,20.0889970034505,20.2200734610334,1
48,1,20.75,90,20.2200734610334,20.3277130442684,1
48,1,20.75,90,20.3277130442684,20.3752246376544,1
48,1,20.75,90,20.3752246376544,20.3774153006717,1
48,1,20.75,90,20.3774153006717,20.3809820323041,1
48,1,20.75,90,20.3809820323041,20.5048964854221,1
48,1,20.75,90,20.5048964854221,20.5871666375385,1
48,1,20.75,90,20.5871666375385,20.5979915495292,1
48,1,20.75,90,20.5979915495292,20.6005228439908,1
48,1,20.75,90,20.6005228439908,20.75,0
49,1,11.75,2,0,0.421375919907015,1
49,1,11.75,2,0.421375919907015,1.24252436423648,1
49,1,11.75,2,1.24252436423648,11.75,0
50,1,19.75,60,0,5.30077361470996,1
50,1,19.75,60,5.30077361470996,7.043385900531,1
50,1,19.75,60,7.043385900531,8.9485837691853,1
50,1,19.75,60,8.9485837691853,9.06060723846531,1
50,1,19.75,60,9.06060723846531,10.1174788675337,1
50,1,19.75,60,10.1174788675337,10.2620180140996,1
50,1,19.75,60,10.2620180140996,10.5435777718244,1
50,1,19.75,60,10.5435777718244,10.8420008051848,1
50,1,19.75,60,10.8420008051848,10.9012447166053,1
50,1,19.75,60,10.9012447166053,11.2446704947463,1
50,1,19.75,60,11.2446704947463,11.4161859720116,1
50,1,19.75,60,11.4161859720116,11.5938773710959,1
50,1,19.75,60,11.5938773710959,11.7424628556441,1
50,1,19.75,60,11.7424628556441,11.9071612025178,1
50,1,19.75,60,11.9071612025178,12.2865323980992,1
50,1,19.75,60,12.2865323980992,12.4114085301781,1
50,1,19.75,60,12.4114085301781,12.5650001789638,1
50,1,19.75,60,12.5650001789638,12.5790144637635,1
50,1,19.75,60,12.5790144637635,12.6335525290545,1
50,1,19.75,60,12.6335525290545,12.9025446383819,1
50,1,19.75,60,12.9025446383819,13.1102522845039,1
50,1,19.75,60,13.1102522845039,13.1186747326867,1
50,1,19.75,60,13.1186747326867,13.1593083745779,1
50,1,19.75,60,13.1593083745779,13.8427419695723,1
50,1,19.75,60,13.8427419695723,14.2508827417754,1
50,1,19.75,60,14.2508827417754,14.4028018837426,1
50,1,19.75,60,14.4028018837426,14.4412672312949,1
50,1,19.75,60,14.4412672312949,14.4573575093381,1
50,1,19.75,60,14.4573575093381,14.7602722076581,1
50,1,19.75,60,14.7602722076581,15.1557637681995,1
50,1,19.75,60,15.1557637681995,15.2210628981492,1
50,1,19.75,60,15.2210628981492,15.3531406046257,1
50,1,19.75,60,15.3531406046257,15.7863584579422,1
50,1,19.75,60,15.7863584579422,16.2898341494627,1
50,1,19.75,60,16.2898341494627,16.3330987293591,1
50,1,19.75,60,16.3330987293591,17.037529663892,1
50,1,19.75,60,17.037529663892,17.0699377603108,1
50,1,19.75,60,17.0699377603108,17.1735213874718,1
50,1,19.75,60,17.1735213874718,17.2314339724717,1
50,1,19.75,60,17.2314339724717,17.6496668901597,1
50,1,19.75,60,17.6496668901597,17.7640495412215,1
50,1,19.75,60,17.7640495412215,17.7870027885043,1
50,1,19.75,60,17.7870027885043,17.8054261370776,1
50,1,19.75,60,17.8054261370776,18.0390063952924,1
50,1,19.75,60,18.0390063952924,18.1579935183312,1
50,1,19.75,60,18.1579935183312,18.2576742755817,1
50,1,19.75,60,18.2576742755817,18.3268044331876,1
50,1,19.75,60,18.3268044331876,18.3835839644638,1
50,1,19.75,60,18.3835839644638,18.386945527309,1
50,1,19.75,60,18.386945527309,18.4278527056432,1
50,1,19.75,60,18.4278527056432,18.4723205146631,1
50,1,19.75,60,18.4723205146631,18.5281131773902,1
50,1,19.75,60,18.5281131773902,18.58559500747,1
50,1,19.75,60,18.58559500747,18.6958971838829,1
50,1,19.75,60,18.6958971838829,18.784883297504,1
50,1,19.75,60,18.784883297504,19.0378381300191,1
50,1,19.75,60,19.0378381300191,19.1040651679293,1
50,1,19.75,60,19.1040651679293,19.1819921041373,1
50,1,19.75,60,19.1819921041373,19.4573254757828,1
50,1,19.75,60,19.4573254757828,19.5824722602531,1
50,1,19.75,60,19.5824722602531,19.75,0
51,1,8.75,1,0,0.0663112898910593,1
51,1,8.75,1,0.0663112898910593,8.75,0
52,1,13.75,2,0,3.55237633636089,1
52,1,13.75,2,3.55237633636089,8.790275792463,1
52,1,13.75,2,8.790275792463,13.75,0
53,1,15.75,56,0,1.85237211337333,1
53,1,15.75,56,1.85237211337333,3.94899510258816,1
53,1,15.75,56,3.94899510258816,5.63577569516651,1
53,1,15.75,56,5.63577569516651,6.11119134126756,1
53,1,15.75,56,6.11119134126756,6.12378129000449,1
53,1,15.75,56,6.12378129000449,6.98070419346895,1
53,1,15.75,56,6.98070419346895,7.09356235291748,1
53,1,15.75,56,7.09356235291748,7.2283441202619,1
53,1,15.75,56,7.2283441202619,7.25259282752032,1
53,1,15.75,56,7.25259282752032,7.31301488950377,1
53,1,15.75,56,7.31301488950377,7.9492484973496,1
53,1,15.75,56,7.9492484973496,8.49844706475313,1
53,1,15.75,56,8.49844706475313,9.12002235627506,1
53,1,15.75,56,9.12002235627506,9.9970190492827,1
53,1,15.75,56,9.9970190492827,10.1627780050726,1
53,1,15.75,56,10.1627780050726,10.2875960817271,1
53,1,15.75,56,10.2875960817271,10.4003453642244,1
53,1,15.75,56,10.4003453642244,10.5363341153831,1
53,1,15.75,56,10.5363341153831,11.1340875972613,1
53,1,15.75,56,11.1340875972613,11.3025254990182,1
53,1,15.75,56,11.3025254990182,11.430460974333,1
53,1,15.75,56,11.430460974333,11.7866491917782,1
53,1,15.75,56,11.7866491917782,11.9883282238984,1
53,1,15.75,56,11.9883282238984,12.0360205248019,1
53,1,15.75,56,12.0360205248019,12.1597146005384,1
53,1,15.75,56,12.1597146005384,12.3528646891516,1
53,1,15.75,56,12.3528646891516,12.4142403067207,1
53,1,15.75,56,12.4142403067207,12.9066164997247,1
53,1,15.75,56,12.9066164997247,12.9544510342899,1
53,1,15.75,56,12.9544510342899,12.9909387981679,1
53,1,15.75,56,12.9909387981679,13.0448694238835,1
53,1,15.75,56,13.0448694238835,13.1722362714545,1
53,1,15.75,56,13.1722362714545,13.2346182801754,1
53,1,15.75,56,13.2346182801754,13.2811085496538,1
53,1,15.75,56,13.2811085496538,13.2940765410624,1
53,1,15.75,56,13.2940765410624,13.6536566046352,1
53,1,15.75,56,13.6536566046352,13.7729058820833,1
53,1,15.75,56,13.7729058820833,13.8070452758823,1
53,1,15.75,56,13.8070452758823,14.0177555742464,1
53,1,15.75,56,14.0177555742464,14.0634461110831,1
53,1,15.75,56,14.0634461110831,14.1207114209787,1
53,1,15.75,56,14.1207114209787,14.1418296384128,1
53,1,15.75,56,14.1418296384128,14.2465324761847,1
53,1,15.75,56,14.2465324761847,14.3167242396066,1
53,1,15.75,56,14.3167242396066,14.3917790817028,1
53,1,15.75,56,14.3917790817028,14.4046519212928,1
53,1,15.75,56,14.4046519212928,14.4129389233305,1
53,1,15.75,56,14.4129389233305,14.4587534191098,1
53,1,15.75,56,14.4587534191098,14.4675189676699,1
53,1,15.75,56,14.4675189676699,14.4766220254541,1
53,1,15.75,56,14.4766220254541,14.496441699266,1
53,1,15.75,56,14.496441699266,14.5690123215506,1
53,1,15.75,56,14.5690123215506,15.1468715343628,1
53,1,15.75,56,15.1468715343628,15.3277026975314,1
53,1,15.75,56,15.3277026975314,15.5675699544955,1
53,1,15.75,56,15.5675699544955,15.630104847201,1
53,1,15.75,56,15.630104847201,15.75,0
54,1,12.75,26,0,4.27043004791188,1
54,1,12.75,26,4.27043004791188,4.63966147938221,1
54,1,12.75,26,4.63966147938221,5.11598123157859,1
54,1,12.75,26,5.11598123157859,5.39957099262888,1
54,1,12.75,26,5.39957099262888,6.05286429241946,1
54,1,12.75,26,6.05286429241946,6.15026987401406,1
54,1,12.75,26,6.15026987401406,6.85791584287378,1
54,1,12.75,26,6.85791584287378,7.97303822533962,1
54,1,12.75,26,7.97303822533962,8.00419341929242,1
54,1,12.75,26,8.00419341929242,8.14050561173349,1
54,1,12.75,26,8.14050561173349,8.20585732687065,1
54,1,12.75,26,8.20585732687065,8.47035199786576,1
54,1,12.75,26,8.47035199786576,8.54720421908366,1
54,1,12.75,26,8.54720421908366,9.13139452849419,1
54,1,12.75,26,9.13139452849419,9.55791116804159,1
54,1,12.75,26,9.55791116804159,9.95569275145692,1
54,1,12.75,26,9.95569275145692,10.7757601127677,1
54,1,12.75,26,10.7757601127677,11.542457404713,1
54,1,12.75,26,11.542457404713,11.7440898903682,1
54,1,12.75,26,11.7440898903682,11.8691531292037,1
54,1,12.75,26,11.8691531292037,11.926099244078,1
54,1,12.75,26,11.926099244078,11.9953489717839,1
54,1,12.75,26,11.9953489717839,12.038085650488,1
54,1,12.75,26,12.038085650488,12.1778658690732,1
54,1,12.75,26,12.1778658690732,12.2329022480661,1
54,1,12.75,26,12.2329022480661,12.3566282743699,1
54,1,12.75,26,12.3566282743699,12.75,0
55,1,14.75,37,0,2.16021312254984,1
55,1,14.75,37,2.16021312254984,5.15938132109869,1
55,1,14.75,37,5.15938132109869,5.64533714816908,1
55,1,14.75,37,5.64533714816908,5.68279436305175,1
55,1,14.75,37,5.68279436305175,5.98388176979487,1
55,1,14.75,37,5.98388176979487,6.82662741372021,1
55,1,14.75,37,6.82662741372021,7.93414256951905,1
55,1,14.75,37,7.93414256951905,8.00008735007409,1
55,1,14.75,37,8.00008735007409,8.07588875324892,1
55,1,14.75,37,8.07588875324892,8.61454835631811,1
55,1,14.75,37,8.61454835631811,9.24838867854104,1
55,1,14.75,37,9.24838867854104,9.46179734945201,1
55,1,14.75,37,9.46179734945201,10.0131461507091,1
55,1,14.75,37,10.0131461507091,10.151670208993,1
55,1,14.75,37,10.151670208993,11.0323465817794,1
55,1,14.75,37,11.0323465817794,11.2798622790478,1
55,1,14.75,37,11.2798622790478,11.6050845726163,1
55,1,14.75,37,11.6050845726163,11.6931909845199,1
55,1,14.75,37,11.6931909845199,11.722124631814,1
55,1,14.75,37,11.722124631814,11.9009667678024,1
55,1,14.75,37,11.9009667678024,12.2458964392064,1
55,1,14.75,37,12.2458964392064,12.3095062409427,1
55,1,14.75,37,12.3095062409427,12.5557177851598,1
55,1,14.75,37,12.5557177851598,12.6132602500308,1
55,1,14.75,37,12.6132602500308,12.7192743390723,1
55,1,14.75,37,12.7192743390723,12.7819315884035,1
55,1,14.75,37,12.7819315884035,12.8525467342992,1
55,1,14.75,37,12.8525467342992,12.8813076008915,1
55,1,14.75,37,12.8813076008915,12.8989170900034,1
55,1,14.75,37,12.8989170900034,12.9151947103208,1
55,1,14.75,37,12.9151947103208,13.0870874024297,1
55,1,14.75,37,13.0870874024297,13.1866970785217,1
55,1,14.75,37,13.1866970785217,13.3524292353821,1
55,1,14.75,37,13.3524292353821,13.6513200705434,1
55,1,14.75,37,13.6513200705434,13.8488002890584,1
55,1,14.75,37,13.8488002890584,14.6682502246124,1
55,1,14.75,37,14.6682502246124,14.6753247653814,1
55,1,14.75,37,14.6753247653814,14.75,0
56,1,15.75,1,0,0.0198513331689408,1
56,1,15.75,1,0.0198513331689408,15.75,0
57,1,14.75,45,0,0.831865792141863,1
57,1,14.75,45,0.831865792141863,1.58769286810093,1
57,1,14.75,45,1.58769286810093,2.95179653664101,1
57,1,14.75,45,2.95179653664101,4.08302102200787,1
57,1,14.75,45,4.08302102200787,4.30588282380803,1
57,1,14.75,45,4.30588282380803,5.27563245291054,1
57,1,14.75,45,5.27563245291054,5.31827684124026,1
57,1,14.75,45,5.31827684124026,6.64954695731094,1
57,1,14.75,45,6.64954695731094,6.92034238598788,1
57,1,14.75,45,6.92034238598788,7.06665885779767,1
57,1,14.75,45,7.06665885779767,7.44177739192235,1
57,1,14.75,45,7.44177739192235,7.94517968252087,1
57,1,14.75,45,7.94517968252087,8.35082516962924,1
57,1,14.75,45,8.35082516962924,8.40036866304675,1
57,1,14.75,45,8.40036866304675,9.12392668074571,1
57,1,14.75,45,9.12392668074571,9.45054658808881,1
57,1,14.75,45,9.45054658808881,9.56872038403584,1
57,1,14.75,45,9.56872038403584,9.97751697882591,1
57,1,14.75,45,9.97751697882591,10.6137101590031,1
57,1,14.75,45,10.6137101590031,10.6482741816093,1
57,1,14.75,45,10.6482741816093,10.7515148133475,1
57,1,14.75,45,10.7515148133475,10.7608887194788,1
57,1,14.75,45,10.7608887194788,10.9816487241219,1
57,1,14.75,45,10.9816487241219,11.2815452438318,1
57,1,14.75,45,11.2815452438318,11.316158553302,1
57,1,14.75,45,11.316158553302,11.5502339549353,1
57,1,14.75,45,11.5502339549353,11.6478845952105,1
57,1,14.75,45,11.6478845952105,11.8968761442481,1
57,1,14.75,45,11.8968761442481,11.936885650803,1
57,1,14.75,45,11.936885650803,11.9902961391165,1
57,1,14.75,45,11.9902961391165,12.544702474775,1
57,1,14.75,45,12.544702474775,12.5677540607408,1
57,1,14.75,45,12.5677540607408,12.6170630228365,1
57,1,14.75,45,12.6170630228365,12.8338643576628,1
57,1,14.75,45,12.8338643576628,12.9123490998789,1
57,1,14.75,45,12.9123490998789,12.938541569663,1
57,1,14.75,45,12.938541569663,13.0200654334977,1
57,1,14.75,45,13.0200654334977,13.0561718794098,1
57,1,14.75,45,13.0561718794098,13.5184884301997,1
57,1,14.75,45,13.5184884301997,13.8666008469394,1
57,1,14.75,45,13.8666008469394,14.0662643218522,1
57,1,14.75,45,14.0662643218522,14.154031248832,1
57,1,14.75,45,14.154031248832,14.3462235920573,1
57,1,14.75,45,14.3462235920573,14.3680580170299,1
57,1,14.75,45,14.3680580170299,14.5570307626298,1
57,1,14.75,45,14.5570307626298,14.75,0
58,1,18.75,75,0,3.66987791136461,1
58,1,18.75,75,3.66987791136461,5.43359199347967,1
58,1,18.75,75,5.43359199347967,5.6096906478921,1
58,1,18.75,75,5.6096906478921,5.79372725471393,1
58,1,18.75,75,5.79372725471393,6.23888425556199,1
58,1,18.75,75,6.23888425556199,7.08637608242029,1
58,1,18.75,75,7.08637608242029,7.53456313972698,1
58,1,18.75,75,7.53456313972698,7.62856724566155,1
58,1,18.75,75,7.62856724566155,7.71470979336861,1
58,1,18.75,75,7.71470979336861,7.95963681523846,1
58,1,18.75,75,7.95963681523846,8.02551071805686,1
58,1,18.75,75,8.02551071805686,8.17920051619926,1
58,1,18.75,75,8.17920051619926,8.32267622329016,1
58,1,18.75,75,8.32267622329016,8.71329482339455,1
58,1,18.75,75,8.71329482339455,8.98478295731312,1
58,1,18.75,75,8.98478295731312,9.21987185041782,1
58,1,18.75,75,9.21987185041782,9.28602957272363,1
58,1,18.75,75,9.28602957272363,9.36442362134691,1
58,1,18.75,75,9.36442362134691,9.43202977574271,1
58,1,18.75,75,9.43202977574271,9.76711372786205,1
58,1,18.75,75,9.76711372786205,10.267468313814,1
58,1,18.75,75,10.267468313814,10.6721269857372,1
58,1,18.75,75,10.6721269857372,10.8111435851391,1
58,1,18.75,75,10.8111435851391,10.9853791098986,1
58,1,18.75,75,10.9853791098986,11.2181091351344,1
58,1,18.75,75,11.2181091351344,11.4372236422731,1
58,1,18.75,75,11.4372236422731,11.6809056254719,1
58,1,18.75,75,11.6809056254719,11.7251753472788,1
58,1,18.75,75,11.7251753472788,11.8584030649594,1
58,1,18.75,75,11.8584030649594,12.1090174309452,1
58,1,18.75,75,12.1090174309452,12.1344867905398,1
58,1,18.75,75,12.1344867905398,12.1471568074434,1
58,1,18.75,75,12.1471568074434,12.5963918222965,1
58,1,18.75,75,12.5963918222965,12.6202488342399,1
58,1,18.75,75,12.6202488342399,12.7865071319859,1
58,1,18.75,75,12.7865071319859,12.8534128671448,1
58,1,18.75,75,12.8534128671448,13.3569431943798,1
58,1,18.75,75,13.3569431943798,13.4982082403811,1
58,1,18.75,75,13.4982082403811,14.1790515696187,1
58,1,18.75,75,14.1790515696187,14.233781682757,1
58,1,18.75,75,14.233781682757,14.2616349087324,1
58,1,18.75,75,14.2616349087324,14.518702538558,1
58,1,18.75,75,14.518702538558,15.0287876209973,1
58,1,18.75,75,15.0287876209973,15.2078209826944,1
58,1,18.75,75,15.2078209826944,15.3479464900421,1
58,1,18.75,75,15.3479464900421,15.6679369758275,1
58,1,18.75,75,15.6679369758275,15.6810696045861,1
58,1,18.75,75,15.6810696045861,15.8487451919298,1
58,1,18.75,75,15.8487451919298,15.8943782710264,1
58,1,18.75,75,15.8943782710264,16.1560397543995,1
58,1,18.75,75,16.1560397543995,16.158814684505,1
58,1,18.75,75,16.158814684505,16.1987092706199,1
58,1,18.75,75,16.1987092706199,16.213516717624,1
58,1,18.75,75,16.213516717624,16.3818533587495,1
58,1,18.75,75,16.3818533587495,16.4547976780198,1
58,1,18.75,75,16.4547976780198,16.4671783132424,1
58,1,18.75,75,16.4671783132424,16.7981610514806,1
58,1,18.75,75,16.7981610514806,16.8183274933327,1
58,1,18.75,75,16.8183274933327,16.8601910855449,1
58,1,18.75,75,16.8601910855449,16.8945874017446,1
58,1,18.75,75,16.8945874017446,16.9685089829162,1
58,1,18.75,75,16.9685089829162,17.4961047981283,1
58,1,18.75,75,17.4961047981283,17.6154514592686,1
58,1,18.75,75,17.6154514592686,17.6202539265386,1
58,1,18.75,75,17.6202539265386,17.6536422923072,1
58,1,18.75,75,17.6536422923072,17.8013010283587,1
58,1,18.75,75,17.8013010283587,17.8017133521437,1
58,1,18.75,75,17.8017133521437,17.8081072242308,1
58,1,18.75,75,17.8081072242308,17.8337682791127,1
58,1,18.75,75,17.8337682791127,18.0018012989714,1
58,1,18.75,75,18.0018012989714,18.1247074450509,1
58,1,18.75,75,18.1247074450509,18.3156364350832,1
58,1,18.75,75,18.3156364350832,18.3260296067452,1
58,1,18.75,75,18.3260296067452,18.3948883596264,1
58,1,18.75,75,18.3948883596264,18.7129872035776,1
58,1,18.75,75,18.7129872035776,18.75,0
59,1,19.75,22,0,6.2867109225223,1
59,1,19.75,22,6.2867109225223,6.83511741556637,1
59,1,19.75,22,6.83511741556637,7.91655233325605,1
59,1,19.75,22,7.91655233325605,10.8244616708948,1
59,1,19.75,22,10.8244616708948,11.3587305231095,1
59,1,19.75,22,11.3587305231095,11.4868403062404,1
59,1,19.75,22,11.4868403062404,11.7065838667833,1
59,1,19.75,22,11.7065838667833,11.9295262457873,1
59,1,19.75,22,11.9295262457873,12.7399785771302,1
59,1,19.75,22,12.7399785771302,13.7543529159014,1
59,1,19.75,22,13.7543529159014,13.9100456985891,1
59,1,19.75,22,13.9100456985891,15.2952272445238,1
59,1,19.75,22,15.2952272445238,15.3954205026752,1
59,1,19.75,22,15.3954205026752,15.4281516039526,1
59,1,19.75,22,15.4281516039526,15.6206972926517,1
59,1,19.75,22,15.6206972926517,15.6299786203967,1
59,1,19.75,22,15.6299786203967,17.6915854999467,1
59,1,19.75,22,17.6915854999467,18.0695496063536,1
59,1,19.75,22,18.0695496063536,18.1774828390736,1
59,1,19.75,22,18.1774828390736,18.2007518582283,1
59,1,19.75,22,18.2007518582283,18.5463794043103,1
59,1,19.75,22,18.5463794043103,19.6764878837182,1
59,1,19.75,22,19.6764878837182,19.75,0
60,1,16.75,38,0,4.40285646566009,1
60,1,16.75,38,4.40285646566009,4.97716361326011,1
60,1,16.75,38,4.97716361326011,5.77707802371231,1
60,1,16.75,38,5.77707802371231,5.88999596701682,1
60,1,16.75,38,5.88999596701682,6.13297909263307,1
60,1,16.75,38,6.13297909263307,7.8066350657193,1
60,1,16.75,38,7.8066350657193,8.27024455159984,1
60,1,16.75,38,8.27024455159984,9.29497171484181,1
60,1,16.75,38,9.29497171484181,9.78755692179725,1
60,1,16.75,38,9.78755692179725,9.87468404385141,1
60,1,16.75,38,9.87468404385141,10.0532068005904,1
60,1,16.75,38,10.0532068005904,10.1408998402192,1
60,1,16.75,38,10.1408998402192,10.2926404877691,1
60,1,16.75,38,10.2926404877691,11.2026676962645,1
60,1,16.75,38,11.2026676962645,11.386389878877,1
60,1,16.75,38,11.386389878877,11.7420837455773,1
60,1,16.75,38,11.7420837455773,11.7648981860528,1
60,1,16.75,38,11.7648981860528,12.573513221737,1
60,1,16.75,38,12.573513221737,12.6686189534337,1
60,1,16.75,38,12.6686189534337,12.8659891302824,1
60,1,16.75,38,12.8659891302824,12.9338226152489,1
60,1,16.75,38,12.9338226152489,12.9735581780388,1
60,1,16.75,38,12.9735581780388,13.0559633159973,1
60,1,16.75,38,13.0559633159973,13.5321778010677,1
60,1,16.75,38,13.5321778010677,13.549923503733,1
60,1,16.75,38,13.549923503733,13.7611872698812,1
60,1,16.75,38,13.7611872698812,14.5783571654076,1
60,1,16.75,38,14.5783571654076,14.6311575734884,1
60,1,16.75,38,14.6311575734884,14.6553948644171,1
60,1,16.75,38,14.6553948644171,14.8248060238002,1
60,1,16.75,38,14.8248060238002,15.3759959407863,1
60,1,16.75,38,15.3759959407863,15.4618681023758,1
60,1,16.75,38,15.4618681023758,15.6879176620081,1
60,1,16.75,38,15.6879176620081,15.7041958190102,1
60,1,16.75,38,15.7041958190102,15.7476181895081,1
60,1,16.75,38,15.7476181895081,15.9970143493534,1
60,1,16.75,38,15.9970143493534,16.0615286047181,1
60,1,16.75,38,16.0615286047181,16.5858788634327,1
60,1,16.75,38,16.5858788634327,16.75,0
61,1,20.75,60,0,4.04818021952357,1
61,1,20.75,60,4.04818021952357,5.06114200336731,1
61,1,20.75,60,5.06114200336731,5.41687103257007,1
61,1,20.75,60,5.41687103257007,5.46199527524451,1
61,1,20.75,60,5.46199527524451,6.26456610951363,1
61,1,20.75,60,6.26456610951363,6.28843240671012,1
61,1,20.75,60,6.28843240671012,6.82687841465074,1
61,1,20.75,60,6.82687841465074,7.77944747973539,1
61,1,20.75,60,7.77944747973539,7.92137007367982,1
61,1,20.75,60,7.92137007367982,8.97871655215263,1
61,1,20.75,60,8.97871655215263,9.02447102839275,1
61,1,20.75,60,9.02447102839275,9.46766938726225,1
61,1,20.75,60,9.46766938726225,9.78255775627414,1
61,1,20.75,60,9.78255775627414,10.5829933815233,1
61,1,20.75,60,10.5829933815233,10.7993117664434,1
61,1,20.75,60,10.7993117664434,10.8225128418352,1
61,1,20.75,60,10.8225128418352,11.5239697078786,1
61,1,20.75,60,11.5239697078786,12.0637880824443,1
61,1,20.75,60,12.0637880824443,12.2175770192982,1
61,1,20.75,60,12.2175770192982,12.400076960349,1
61,1,20.75,60,12.400076960349,12.9150766911497,1
61,1,20.75,60,12.9150766911497,13.313986005135,1
61,1,20.75,60,13.313986005135,13.4481244209496,1
61,1,20.75,60,13.4481244209496,13.9087521862689,1
61,1,20.75,60,13.9087521862689,14.709994084723,1
61,1,20.75,60,14.709994084723,14.949653272063,1
61,1,20.75,60,14.949653272063,15.0180530452678,1
61,1,20.75,60,15.0180530452678,15.045795501164,1
61,1,20.75,60,15.045795501164,15.1933111057333,1
61,1,20.75,60,15.1933111057333,15.3150071315096,1
61,1,20.75,60,15.3150071315096,15.8988098362088,1
61,1,20.75,60,15.8988098362088,16.288643092861,1
61,1,20.75,60,16.288643092861,16.343091041096,1
61,1,20.75,60,16.343091041096,16.5893190746925,1
61,1,20.75,60,16.5893190746925,16.9405558812534,1
61,1,20.75,60,16.9405558812534,17.0657444018351,1
61,1,20.75,60,17.0657444018351,17.1233878451408,1
61,1,20.75,60,17.1233878451408,17.7007829495869,1
61,1,20.75,60,17.7007829495869,18.0486340831286,1
61,1,20.75,60,18.0486340831286,18.2674562235776,1
61,1,20.75,60,18.2674562235776,18.2681541666999,1
61,1,20.75,60,18.2681541666999,18.4941364491391,1
61,1,20.75,60,18.4941364491391,18.5592974747079,1
61,1,20.75,60,18.5592974747079,18.660680214664,1
61,1,20.75,60,18.660680214664,18.7088803238813,1
61,1,20.75,60,18.7088803238813,18.7269155649469,1
61,1,20.75,60,18.7269155649469,18.824762789566,1
61,1,20.75,60,18.824762789566,18.8381767182467,1
61,1,20.75,60,18.8381767182467,19.0219486578058,1
61,1,20.75,60,19.0219486578058,19.0332252442846,1
61,1,20.75,60,19.0332252442846,19.0877880714837,1
61,1,20.75,60,19.0877880714837,19.2549975726832,1
61,1,20.75,60,19.2549975726832,19.6568229705742,1
61,1,20.75,60,19.6568229705742,19.7492965063435,1
61,1,20.75,60,19.7492965063435,20.048215547108,1
61,1,20.75,60,20.048215547108,20.0676277510155,1
61,1,20.75,60,20.0676277510155,20.0691583105192,1
61,1,20.75,60,20.0691583105192,20.0800137741864,1
61,1,20.75,60,20.0800137741864,20.2966889809808,1
61,1,20.75,60,20.2966889809808,20.496344154465,1
61,1,20.75,60,20.496344154465,20.75,0
62,1,9.75,2,0,3.31994395980867,1
62,1,9.75,2,3.31994395980867,8.56586359579054,1
62,1,9.75,2,8.56586359579054,9.75,0
63,1,8.75,1,0,7.87042578897984,1
63,1,8.75,1,7.87042578897984,8.75,0
64,1,10.75,24,0,2.54802216198689,1
64,1,10.75,24,2.54802216198689,3.69888858841436,1
64,1,10.75,24,3.69888858841436,4.19020580879423,1
64,1,10.75,24,4.19020580879423,4.94636835317057,1
64,1,10.75,24,4.94636835317057,6.1480213487108,1
64,1,10.75,24,6.1480213487108,6.62041743241711,1
64,1,10.75,24,6.62041743241711,6.96698625162488,1
64,1,10.75,24,6.96698625162488,6.97056786851879,1
64,1,10.75,24,6.97056786851879,7.03989211180869,1
64,1,10.75,24,7.03989211180869,8.2680803020943,1
64,1,10.75,24,8.2680803020943,8.36754614969931,1
64,1,10.75,24,8.36754614969931,8.94545817373052,1
64,1,10.75,24,8.94545817373052,9.14072624722247,1
64,1,10.75,24,9.14072624722247,9.18293889621537,1
64,1,10.75,24,9.18293889621537,9.44611150855328,1
64,1,10.75,24,9.44611150855328,9.63386949422212,1
64,1,10.75,24,9.63386949422212,9.64941144360751,1
64,1,10.75,24,9.64941144360751,9.74034329284098,1
64,1,10.75,24,9.74034329284098,9.97258817095577,1
64,1,10.75,24,9.97258817095577,10.2885814488331,1
64,1,10.75,24,10.2885814488331,10.4459432242603,1
64,1,10.75,24,10.4459432242603,10.4585019319646,1
64,1,10.75,24,10.4585019319646,10.6190486328267,1
64,1,10.75,24,10.6190486328267,10.6457441750352,1
64,1,10.75,24,10.6457441750352,10.75,0
65,1,15.75,46,0,1.48692673803404,1
65,1,15.75,46,1.48692673803404,4.51061317416853,1
65,1,15.75,46,4.51061317416853,4.81829752745028,1
65,1,15.75,46,4.81829752745028,5.20263875763908,1
65,1,15.75,46,5.20263875763908,5.57170106838392,1
65,1,15.75,46,5.57170106838392,6.21306787360139,1
65,1,15.75,46,6.21306787360139,6.46185648570205,1
65,1,15.75,46,6.46185648570205,6.65680431395774,1
65,1,15.75,46,6.65680431395774,7.20608112940458,1
65,1,15.75,46,7.20608112940458,8.38765515097237,1
65,1,15.75,46,8.38765515097237,9.5779867287365,1
65,1,15.75,46,9.5779867287365,9.62193537493591,1
65,1,15.75,46,9.62193537493591,9.82220052613451,1
65,1,15.75,46,9.82220052613451,9.84332425368134,1
65,1,15.75,46,9.84332425368134,10.046475910575,1
65,1,15.75,46,10.046475910575,10.0667130177048,1
65,1,15.75,46,10.0667130177048,10.8674498659157,1
65,1,15.75,46,10.8674498659157,10.9741354490081,1
65,1,15.75,46,10.9741354490081,11.3656145901102,1
65,1,15.75,46,11.3656145901102,11.6107748600376,1
65,1,15.75,46,11.6107748600376,11.7592126091644,1
65,1,15.75,46,11.7592126091644,11.7665462412137,1
65,1,15.75,46,11.7665462412137,11.831815592798,1
65,1,15.75,46,11.831815592798,11.885996198668,1
65,1,15.75,46,11.885996198668,11.9922452850447,1
65,1,15.75,46,11.9922452850447,12.1388333425173,1
65,1,15.75,46,12.1388333425173,12.1793211524317,1
65,1,15.75,46,12.1793211524317,12.2652059691436,1
65,1,15.75,46,12.2652059691436,12.7758535705664,1
65,1,15.75,46,12.7758535705664,12.8983106033392,1
65,1,15.75,46,12.8983106033392,13.0543816355586,1
65,1,15.75,46,13.0543816355586,13.0838198345099,1
65,1,15.75,46,13.0838198345099,13.1809150581755,1
65,1,15.75,46,13.1809150581755,13.2354045802651,1
65,1,15.75,46,13.2354045802651,13.2871947993301,1
65,1,15.75,46,13.2871947993301,13.5119802659428,1
65,1,15.75,46,13.5119802659428,13.6945426993126,1
65,1,15.75,46,13.6945426993126,13.9013678646794,1
65,1,15.75,46,13.9013678646794,13.9871975343961,1
65,1,15.75,46,13.9871975343961,14.2198033564183,1
65,1,15.75,46,14.2198033564183,15.0534739205017,1
65,1,15.75,46,15.0534739205017,15.126809444104,1
65,1,15.75,46,15.126809444104,15.2849264189718,1
65,1,15.75,46,15.2849264189718,15.3232366532983,1
65,1,15.75,46,15.3232366532983,15.5341016119345,1
65,1,15.75,46,15.5341016119345,15.733270297466,1
65,1,15.75,46,15.733270297466,15.75,0
66,1,14.75,3,0,0.0311301459861882,1
66,1,14.75,3,0.0311301459861882,7.16064147686438,1
66,1,14.75,3,7.16064147686438,9.79277829773534,1
66,1,14.75,3,9.79277829773534,14.75,0
67,1,15.75,31,0,6.27740593386439,1
67,1,15.75,31,6.27740593386439,6.84356768182165,1
67,1,15.75,31,6.84356768182165,6.95321176306096,1
67,1,15.75,31,6.95321176306096,7.89669342565771,1
67,1,15.75,31,7.89669342565771,8.6811648186763,1
67,1,15.75,31,8.6811648186763,10.2446180855045,1
67,1,15.75,31,10.2446180855045,10.3489824262445,1
67,1,15.75,31,10.3489824262445,11.2926806854932,1
67,1,15.75,31,11.2926806854932,11.5782107301439,1
67,1,15.75,31,11.5782107301439,11.6963325196167,1
67,1,15.75,31,11.6963325196167,12.0943405046027,1
67,1,15.75,31,12.0943405046027,12.2070188237113,1
67,1,15.75,31,12.2070188237113,12.3665920934798,1
67,1,15.75,31,12.3665920934798,13.4473596448332,1
67,1,15.75,31,13.4473596448332,13.4479383286519,1
67,1,15.75,31,13.4479383286519,13.5574944708767,1
67,1,15.75,31,13.5574944708767,13.5621055901705,1
67,1,15.75,31,13.5621055901705,13.9888847626384,1
67,1,15.75,31,13.9888847626384,14.1901301941578,1
67,1,15.75,31,14.1901301941578,14.3294523868808,1
67,1,15.75,31,14.3294523868808,14.3611247632693,1
67,1,15.75,31,14.3611247632693,14.364598648636,1
67,1,15.75,31,14.364598648636,14.5253255030354,1
67,1,15.75,31,14.5253255030354,14.6620029248392,1
67,1,15.75,31,14.6620029248392,15.0924206687865,1
67,1,15.75,31,15.0924206687865,15.1132938282468,1
67,1,15.75,31,15.1132938282468,15.3350241663298,1
67,1,15.75,31,15.3350241663298,15.3799716055272,1
67,1,15.75,31,15.3799716055272,15.4713172759697,1
67,1,15.75,31,15.4713172759697,15.5524579309643,1
67,1,15.75,31,15.5524579309643,15.7411660298878,1
67,1,15.75,31,15.7411660298878,15.75,0
68,1,10.75,2,0,0.719771111465745,1
68,1,10.75,2,0.719771111465745,9.80128263195295,1
68,1,10.75,2,9.80128263195295,10.75,0
69,1,14.75,0,0,14.75,0
70,1,13.75,32,0,3.93842803035377,1
70,1,13.75,32,3.93842803035377,4.41597868731087,1
70,1,13.75,32,4.41597868731087,4.60028115665713,1
70,1,13.75,32,4.60028115665713,4.94464439653918,1
70,1,13.75,32,4.94464439653918,5.60047185557574,1
70,1,13.75,32,5.60047185557574,5.78319712644857,1
70,1,13.75,32,5.78319712644857,5.81078384791572,1
70,1,13.75,32,5.81078384791572,6.05982695822393,1
70,1,13.75,32,6.05982695822393,7.00729575895371,1
70,1,13.75,32,7.00729575895371,7.22228356198255,1
70,1,13.75,32,7.22228356198255,7.57503653835854,1
70,1,13.75,32,7.57503653835854,8.91629464476907,1
70,1,13.75,32,8.91629464476907,9.89927539981616,1
70,1,13.75,32,9.89927539981616,9.90438114265023,1
70,1,13.75,32,9.90438114265023,9.90508077184306,1
70,1,13.75,32,9.90508077184306,9.9214584044655,1
70,1,13.75,32,9.9214584044655,10.4941090807941,1
70,1,13.75,32,10.4941090807941,10.8008945057985,1
70,1,13.75,32,10.8008945057985,10.8335271161278,1
70,1,13.75,32,10.8335271161278,10.8713929725148,1
70,1,13.75,32,10.8713929725148,10.905208541506,1
70,1,13.75,32,10.905208541506,11.0318746113003,1
70,1,13.75,32,11.0318746113003,11.1138178661921,1
70,1,13.75,32,11.1138178661921,11.3023194393538,1
70,1,13.75,32,11.3023194393538,11.3982973981672,1
70,1,13.75,32,11.3982973981672,11.4598399092367,1
70,1,13.75,32,11.4598399092367,11.5130382333915,1
70,1,13.75,32,11.5130382333915,12.9573895546879,1
70,1,13.75,32,12.9573895546879,13.1210352378578,1
70,1,13.75,32,13.1210352378578,13.197705919103,1
70,1,13.75,32,13.197705919103,13.4434342142499,1
70,1,13.75,32,13.4434342142499,13.515797531092,1
70,1,13.75,32,13.515797531092,13.75,0
71,1,10.75,1,0,0.297282623168422,1
71,1,10.75,1,0.297282623168422,10.75,0
72,1,11.75,1,0,0.144811512247524,1
72,1,11.75,1,0.144811512247524,11.75,0
73,1,10.75,2,0,3.49368865187172,1
73,1,10.75,2,3.49368865187172,6.15059590047248,1
73,1,10.75,2,6.15059590047248,10.75,0
74,1,20.75,61,0,2.81109922478864,1
74,1,20.75,61,2.81109922478864,6.71504016399663,1
74,1,20.75,61,6.71504016399663,7.26311229628464,1
74,1,20.75,61,7.26311229628464,7.47530494932452,1
74,1,20.75,61,7.47530494932452,7.8271282284913,1
74,1,20.75,61,7.8271282284913,7.84467059326266,1
74,1,20.75,61,7.84467059326266,8.28035983758696,1
74,1,20.75,61,8.28035983758696,8.40755879364666,1
74,1,20.75,61,8.40755879364666,9.12285446509174,1
74,1,20.75,61,9.12285446509174,9.51411034809174,1
74,1,20.75,61,9.51411034809174,12.2700934572511,1
74,1,20.75,61,12.2700934572511,12.5276006304216,1
74,1,20.75,61,12.5276006304216,12.6601417247819,1
74,1,20.75,61,12.6601417247819,12.7397031704577,1
74,1,20.75,61,12.7397031704577,12.8629516967485,1
74,1,20.75,61,12.8629516967485,12.9087930218919,1
74,1,20.75,61,12.9087930218919,13.5358175716578,1
74,1,20.75,61,13.5358175716578,13.5761788185479,1
74,1,20.75,61,13.5761788185479,13.7808379267166,1
74,1,20.75,61,13.7808379267166,13.8250620337074,1
74,1,20.75,61,13.8250620337074,14.1411794974469,1
74,1,20.75,61,14.1411794974469,14.3169330423386,1
74,1,20.75,61,14.3169330423386,14.4194035233369,1
74,1,20.75,61,14.4194035233369,14.8539591656855,1
74,1,20.75,61,14.8539591656855,14.9034322607681,1
74,1,20.75,61,14.9034322607681,14.9708874164317,1
74,1,20.75,61,14.9708874164317,15.3197526096969,1
74,1,20.75,61,15.3197526096969,15.4432921242733,1
74,1,20.75,61,15.4432921242733,15.4636084311301,1
74,1,20.75,61,15.4636084311301,15.7867050358778,1
74,1,20.75,61,15.7867050358778,16.3759066800098,1
74,1,20.75,61,16.3759066800098,16.5045775890817,1
74,1,20.75,61,16.5045775890817,16.6451915062872,1
74,1,20.75,61,16.6451915062872,16.7538481233148,1
74,1,20.75,61,16.7538481233148,16.775800866081,1
74,1,20.75,61,16.775800866081,16.953504601665,1
74,1,20.75,61,16.953504601665,17.1127229554128,1
74,1,20.75,61,17.1127229554128,17.2204918811701,1
74,1,20.75,61,17.2204918811701,17.2505395691166,1
74,1,20.75,61,17.2505395691166,17.397643500648,1
74,1,20.75,61,17.397643500648,17.4403610131442,1
74,1,20.75,61,17.4403610131442,17.7044385864356,1
74,1,20.75,61,17.7044385864356,17.8769592786934,1
74,1,20.75,61,17.8769592786934,17.9563662992346,1
74,1,20.75,61,17.9563662992346,18.1582406270601,1
74,1,20.75,61,18.1582406270601,18.1802242243604,1
74,1,20.75,61,18.1802242243604,18.2987993893479,1
74,1,20.75,61,18.2987993893479,18.3315787919421,1
74,1,20.75,61,18.3315787919421,18.58866596081,1
74,1,20.75,61,18.58866596081,18.6660160372084,1
74,1,20.75,61,18.6660160372084,18.7792104356504,1
74,1,20.75,61,18.7792104356504,19.3353527126395,1
74,1,20.75,61,19.3353527126395,19.4351177483454,1
74,1,20.75,61,19.4351177483454,19.5654134468001,1
74,1,20.75,61,19.5654134468001,19.7188190706741,1
74,1,20.75,61,19.7188190706741,19.7406058633043,1
74,1,20.75,61,19.7406058633043,19.8376077690622,1
74,1,20.75,61,19.8376077690622,19.9188718840233,1
74,1,20.75,61,19.9188718840233,20.0938764537707,1
74,1,20.75,61,20.0938764537707,20.161624810111,1
74,1,20.75,61,20.161624810111,20.7103136141483,1
74,1,20.75,61,20.7103136141483,20.75,0
75,1,15.75,16,0,8.07078452697564,1
75,1,15.75,16,8.07078452697564,10.1097355835503,1
75,1,15.75,16,10.1097355835503,10.7021177156384,1
75,1,15.75,16,10.7021177156384,10.8752569106437,1
75,1,15.75,16,10.8752569106437,11.213728091353,1
75,1,15.75,16,11.213728091353,11.9001943042969,1
75,1,15.75,16,11.9001943042969,12.000218283518,1
75,1,15.75,16,12.000218283518,12.5709527963634,1
75,1,15.75,16,12.5709527963634,13.1566069924704,1
75,1,15.75,16,13.1566069924704,13.6365386539738,1
75,1,15.75,16,13.6365386539738,13.8862701804676,1
75,1,15.75,16,13.8862701804676,14.4268698619999,1
75,1,15.75,16,14.4268698619999,15.0086386698443,1
75,1,15.75,16,15.0086386698443,15.1608945913715,1
75,1,15.75,16,15.1608945913715,15.5532379374289,1
75,1,15.75,16,15.5532379374289,15.6555653037273,1
75,1,15.75,16,15.6555653037273,15.75,0
76,1,16.75,1,0,6.36558978358826,1
76,1,16.75,1,6.36558978358826,16.75,0
77,1,9.75,0,0,9.75,0
78,1,14.75,2,0,0.0295552238454435,1
78,1,14.75,2,0.0295552238454435,3.34860099613743,1
78,1,14.75,2,3.34860099613743,14.75,0
79,1,14.75,3,0,0.0641343633122447,1
79,1,14.75,3,0.0641343633122447,0.155556630905227,1
79,1,14.75,3,0.155556630905227,0.365878599139969,1
79,1,14.75,3,0.365878599139969,14.75,0
80,1,11.75,0,0,11.75,0
81,1,20.75,46,0,3.59439359860438,1
81,1,20.75,46,3.59439359860438,5.69683134892822,1
81,1,20.75,46,5.69683134892822,6.12758211594541,1
81,1,20.75,46,6.12758211594541,6.88256945157076,1
81,1,20.75,46,6.88256945157076,9.02346799521606,1
81,1,20.75,46,9.02346799521606,9.10139658914145,1
81,1,20.75,46,9.10139658914145,9.2941120042046,1
81,1,20.75,46,9.2941120042046,9.67389271779806,1
81,1,20.75,46,9.67389271779806,10.4714777772318,1
81,1,20.75,46,10.4714777772318,10.6571656589464,1
81,1,20.75,46,10.6571656589464,11.0526320329927,1
81,1,20.75,46,11.0526320329927,11.2952839755695,1
81,1,20.75,46,11.2952839755695,11.434238943759,1
81,1,20.75,46,11.434238943759,11.6658412950832,1
81,1,20.75,46,11.6658412950832,12.0078378830393,1
81,1,20.75,46,12.0078378830393,12.7293814758269,1
81,1,20.75,46,12.7293814758269,12.9448761293044,1
81,1,20.75,46,12.9448761293044,13.0585247137636,1
81,1,20.75,46,13.0585247137636,13.1905853016211,1
81,1,20.75,46,13.1905853016211,13.3270913101605,1
81,1,20.75,46,13.3270913101605,14.3590522731904,1
81,1,20.75,46,14.3590522731904,14.7290275090155,1
81,1,20.75,46,14.7290275090155,14.8476881527468,1
81,1,20.75,46,14.8476881527468,15.0831621667604,1
81,1,20.75,46,15.0831621667604,15.6327179982902,1
81,1,20.75,46,15.6327179982902,16.3095954027658,1
81,1,20.75,46,16.3095954027658,16.4388691884072,1
81,1,20.75,46,16.4388691884072,16.7634183952679,1
81,1,20.75,46,16.7634183952679,17.4079893088612,1
81,1,20.75,46,17.4079893088612,17.553317437261,1
81,1,20.75,46,17.553317437261,17.9442000331443,1
81,1,20.75,46,17.9442000331443,18.6039615687764,1
81,1,20.75,46,18.6039615687764,18.637433134347,1
81,1,20.75,46,18.637433134347,18.7829690446786,1
81,1,20.75,46,18.7829690446786,19.4717545932536,1
81,1,20.75,46,19.4717545932536,19.5513005191871,1
81,1,20.75,46,19.5513005191871,19.6753024383249,1
81,1,20.75,46,19.6753024383249,19.7812808315032,1
81,1,20.75,46,19.7812808315032,19.8064004214855,1
81,1,20.75,46,19.8064004214855,19.8259967418398,1
81,1,20.75,46,19.8259967418398,19.8775220163174,1
81,1,20.75,46,19.8775220163174,19.9335151591874,1
81,1,20.75,46,19.9335151591874,20.0047487092364,1
81,1,20.75,46,20.0047487092364,20.4438004490943,1
81,1,20.75,46,20.4438004490943,20.5166157492564,1
81,1,20.75,46,20.5166157492564,20.6546745408885,1
81,1,20.75,46,20.6546745408885,20.75,0
82,1,19.75,3,0,0.747224097488442,1
82,1,19.75,3,0.747224097488442,6.91491738353309,1
82,1,19.75,3,6.91491738353309,10.315933977443,1
82,1,19.75,3,10.315933977443,19.75,0
83,1,17.75,34,0,1.8305748386022,1
83,1,17.75,34,1.8305748386022,2.67108111533462,1
83,1,17.75,34,2.67108111533462,3.05358001949388,1
83,1,17.75,34,3.05358001949388,5.50524505929412,1
83,1,17.75,34,5.50524505929412,7.98516645428285,1
83,1,17.75,34,7.98516645428285,8.0399726147654,1
83,1,17.75,34,8.0399726147654,9.00842020255032,1
83,1,17.75,34,9.00842020255032,10.204619778907,1
83,1,17.75,34,10.204619778907,10.2270976298438,1
83,1,17.75,34,10.2270976298438,10.4644377730988,1
83,1,17.75,34,10.4644377730988,10.5316513937304,1
83,1,17.75,34,10.5316513937304,10.6594906870746,1
83,1,17.75,34,10.6594906870746,11.242146058111,1
83,1,17.75,34,11.242146058111,11.3244226758856,1
83,1,17.75,34,11.3244226758856,11.3695267539345,1
83,1,17.75,34,11.3695267539345,12.1395328283396,1
83,1,17.75,34,12.1395328283396,12.5142257184762,1
83,1,17.75,34,12.5142257184762,12.6812873718117,1
83,1,17.75,34,12.6812873718117,12.9624327959197,1
83,1,17.75,34,12.9624327959197,12.9834158922317,1
83,1,17.75,34,12.9834158922317,13.2509104329807,1
83,1,17.75,34,13.2509104329807,14.311311440722,1
83,1,17.75,34,14.311311440722,14.5084571323083,1
83,1,17.75,34,14.5084571323083,14.8593444469716,1
83,1,17.75,34,14.8593444469716,14.872956078307,1
83,1,17.75,34,14.872956078307,15.8356110184222,1
83,1,17.75,34,15.8356110184222,16.0738538388243,1
83,1,17.75,34,16.0738538388243,16.2768472598252,1
83,1,17.75,34,16.2768472598252,16.4201642368056,1
83,1,17.75,34,16.4201642368056,16.8548276690843,1
83,1,17.75,34,16.8548276690843,16.8764923247377,1
83,1,17.75,34,16.8764923247377,17.0183586139354,1
83,1,17.75,34,17.0183586139354,17.295387310432,1
83,1,17.75,34,17.295387310432,17.7486037676271,1
83,1,17.75,34,17.7486037676271,17.75,0
84,1,9.75,2,0,4.90440138460813,1
84,1,9.75,2,4.90440138460813,8.05967485689901,1
84,1,9.75,2,8.05967485689901,9.75,0
85,1,14.75,34,0,2.78476106256709,1
85,1,14.75,34,2.78476106256709,5.12769043571848,1
85,1,14.75,34,5.12769043571848,6.0333323551049,1
85,1,14.75,34,6.0333323551049,6.24616663087805,1
85,1,14.75,34,6.24616663087805,6.38741520402266,1
85,1,14.75,34,6.38741520402266,6.99398693581963,1
85,1,14.75,34,6.99398693581963,7.37945468600141,1
85,1,14.75,34,7.37945468600141,7.952495288728,1
85,1,14.75,34,7.952495288728,8.86333069283144,1
85,1,14.75,34,8.86333069283144,9.14223362301126,1
85,1,14.75,34,9.14223362301126,9.26089243409307,1
85,1,14.75,34,9.26089243409307,9.44942456356151,1
85,1,14.75,34,9.44942456356151,10.3866196420304,1
85,1,14.75,34,10.3866196420304,10.4262061349157,1
85,1,14.75,34,10.4262061349157,10.7658262311104,1
85,1,14.75,34,10.7658262311104,10.8911851204447,1
85,1,14.75,34,10.8911851204447,11.0393006797287,1
85,1,14.75,34,11.0393006797287,11.1325828967488,1
85,1,14.75,34,11.1325828967488,11.1663276110313,1
85,1,14.75,34,11.1663276110313,11.3002660191283,1
85,1,14.75,34,11.3002660191283,11.3912086904312,1
85,1,14.75,34,11.3912086904312,11.4266910440846,1
85,1,14.75,34,11.4266910440846,11.6009898745729,1
85,1,14.75,34,11.6009898745729,12.2173669964853,1
85,1,14.75,34,12.2173669964853,12.2624838888896,1
85,1,14.75,34,12.2624838888896,12.4022259016148,1
85,1,14.75,34,12.4022259016148,12.605506748027,1
85,1,14.75,34,12.605506748027,12.8550462090694,1
85,1,14.75,34,12.8550462090694,13.1761913718987,1
85,1,14.75,34,13.1761913718987,13.4066117924652,1
85,1,14.75,34,13.4066117924652,13.8963349022595,1
85,1,14.75,34,13.8963349022595,14.0664470337861,1
85,1,14.75,34,14.0664470337861,14.1235075266302,1
85,1,14.75,34,14.1235075266302,14.3957201052278,1
85,1,14.75,34,14.3957201052278,14.75,0
86,1,10.75,18,0,1.0755114678488,1
86,1,10.75,18,1.0755114678488,4.28458988558393,1
86,1,10.75,18,4.28458988558393,5.44534916986308,1
86,1,10.75,18,5.44534916986308,6.02506807532101,1
86,1,10.75,18,6.02506807532101,6.49615149170954,1
86,1,10.75,18,6.49615149170954,6.66749686159182,1
86,1,10.75,18,6.66749686159182,7.60381992051741,1
86,1,10.75,18,7.60381992051741,7.9540538018863,1
86,1,10.75,18,7.9540538018863,8.37795165339213,1
86,1,10.75,18,8.37795165339213,8.91194063989647,1
86,1,10.75,18,8.91194063989647,8.98685081137566,1
86,1,10.75,18,8.98685081137566,9.2120619162522,1
86,1,10.75,18,9.2120619162522,9.5558400711467,1
86,1,10.75,18,9.5558400711467,9.58541349631946,1
86,1,10.75,18,9.58541349631946,9.63019298323626,1
86,1,10.75,18,9.63019298323626,9.6806234969011,1
86,1,10.75,18,9.6806234969011,9.96089626015105,1
86,1,10.75,18,9.96089626015105,10.5563646578169,1
86,1,10.75,18,10.5563646578169,10.75,0
87,1,13.75,22,0,1.8116956420871,1
87,1,13.75,22,1.8116956420871,4.41188345978507,1
87,1,13.75,22,4.41188345978507,4.49274034575705,1
87,1,13.75,22,4.49274034575705,4.65089328011519,1
87,1,13.75,22,4.65089328011519,5.52542696142088,1
87,1,13.75,22,5.52542696142088,8.1834999048795,1
87,1,13.75,22,8.1834999048795,8.4808550327318,1
87,1,13.75,22,8.4808550327318,8.90653275191774,1
87,1,13.75,22,8.90653275191774,10.2147539579704,1
87,1,13.75,22,10.2147539579704,10.3515598418,1
87,1,13.75,22,10.3515598418,10.4312456907473,1
87,1,13.75,22,10.4312456907473,10.5307353513982,1
87,1,13.75,22,10.5307353513982,10.710590398125,1
87,1,13.75,22,10.710590398125,10.7420468051019,1
87,1,13.75,22,10.7420468051019,10.9852603242949,1
87,1,13.75,22,10.9852603242949,11.7691890011868,1
87,1,13.75,22,11.7691890011868,11.89778834163,1
87,1,13.75,22,11.89778834163,12.0911987030769,1
87,1,13.75,22,12.0911987030769,12.2096607134925,1
87,1,13.75,22,12.2096607134925,12.6744519029921,1
87,1,13.75,22,12.6744519029921,13.0229840589547,1
87,1,13.75,22,13.0229840589547,13.7014111218784,1
87,1,13.75,22,13.7014111218784,13.75,0
88,1,8.75,0,0,8.75,0
89,1,8.75,1,0,0.599562816077143,1
89,1,8.75,1,0.599562816077143,8.75,0
90,1,11.75,23,0,1.60159138714265,1
90,1,11.75,23,1.60159138714265,2.16562229029978,1
90,1,11.75,23,2.16562229029978,4.06404543247827,1
90,1,11.75,23,4.06404543247827,5.53682218365216,1
90,1,11.75,23,5.53682218365216,6.96342991857195,1
90,1,11.75,23,6.96342991857195,7.62226785585384,1
90,1,11.75,23,7.62226785585384,8.30947128952034,1
90,1,11.75,23,8.30947128952034,9.48308265729768,1
90,1,11.75,23,9.48308265729768,9.50565627859534,1
90,1,11.75,23,9.50565627859534,9.54801888460594,1
90,1,11.75,23,9.54801888460594,10.0047097379702,1
90,1,11.75,23,10.0047097379702,10.0929181744564,1
90,1,11.75,23,10.0929181744564,10.1842471657536,1
90,1,11.75,23,10.1842471657536,10.2189642486192,1
90,1,11.75,23,10.2189642486192,10.4464573225343,1
90,1,11.75,23,10.4464573225343,10.4497160373868,1
90,1,11.75,23,10.4497160373868,10.6561432520368,1
90,1,11.75,23,10.6561432520368,10.7602628196715,1
90,1,11.75,23,10.7602628196715,11.0813511630795,1
90,1,11.75,23,11.0813511630795,11.2161050893558,1
90,1,11.75,23,11.2161050893558,11.3096058997393,1
90,1,11.75,23,11.3096058997393,11.4124108657561,1
90,1,11.75,23,11.4124108657561,11.7075722617626,1
90,1,11.75,23,11.7075722617626,11.75,0
91,1,14.75,2,0,3.15350184319877,1
91,1,14.75,2,3.15350184319877,7.05824844974796,1
91,1,14.75,2,7.05824844974796,14.75,0
92,1,13.75,2,0,0.188233818003267,1
92,1,13.75,2,0.188233818003267,2.78323632194822,1
92,1,13.75,2,2.78323632194822,13.75,0
93,1,10.75,0,0,10.75,0
94,1,12.75,1,0,5.66091726627577,1
94,1,12.75,1,5.66091726627577,12.75,0
95,1,11.75,1,0,1.05010969190615,1
95,1,11.75,1,1.05010969190615,11.75,0
96,1,11.75,15,0,1.99327909065387,1
96,1,11.75,15,1.99327909065387,2.29386221182865,1
96,1,11.75,15,2.29386221182865,5.38161104957488,1
96,1,11.75,15,5.38161104957488,5.49329080085752,1
96,1,11.75,15,5.49329080085752,6.01372982589903,1
96,1,11.75,15,6.01372982589903,6.21289790513945,1
96,1,11.75,15,6.21289790513945,6.77112546358223,1
96,1,11.75,15,6.77112546358223,8.96934741905502,1
96,1,11.75,15,8.96934741905502,9.85800282737226,1
96,1,11.75,15,9.85800282737226,10.6506207630952,1
96,1,11.75,15,10.6506207630952,10.8948205906361,1
96,1,11.75,15,10.8948205906361,10.9949266212016,1
96,1,11.75,15,10.9949266212016,11.2750513069142,1
96,1,11.75,15,11.2750513069142,11.3866147300032,1
96,1,11.75,15,11.3866147300032,11.4293710219425,1
96,1,11.75,15,11.4293710219425,11.75,0
97,1,18.75,82,0,0.69543594537365,1
97,1,18.75,82,0.69543594537365,1.10946309607243,1
97,1,18.75,82,1.10946309607243,4.55936000827945,1
97,1,18.75,82,4.55936000827945,5.54244413275804,1
97,1,18.75,82,5.54244413275804,5.84780958685256,1
97,1,18.75,82,5.84780958685256,6.22063633525718,1
97,1,18.75,82,6.22063633525718,6.55917718030664,1
97,1,18.75,82,6.55917718030664,7.21624804301201,1
97,1,18.75,82,7.21624804301201,7.25281326994416,1
97,1,18.75,82,7.25281326994416,7.98724573225143,1
97,1,18.75,82,7.98724573225143,8.25161714908888,1
97,1,18.75,82,8.25161714908888,8.25401926607821,1
97,1,18.75,82,8.25401926607821,8.41568942896001,1
97,1,18.75,82,8.41568942896001,8.90095083398393,1
97,1,18.75,82,8.90095083398393,9.24886902641426,1
97,1,18.75,82,9.24886902641426,9.30167487774827,1
97,1,18.75,82,9.30167487774827,9.98006499507042,1
97,1,18.75,82,9.98006499507042,10.2222468541277,1
97,1,18.75,82,10.2222468541277,10.2675690864063,1
97,1,18.75,82,10.2675690864063,10.5969092312493,1
97,1,18.75,82,10.5969092312493,10.5990181410703,1
97,1,18.75,82,10.5990181410703,10.6772202977985,1
97,1,18.75,82,10.6772202977985,10.7682895814753,1
97,1,18.75,82,10.7682895814753,11.1090085317001,1
97,1,18.75,82,11.1090085317001,11.4756517862788,1
97,1,18.75,82,11.4756517862788,11.5678035669643,1
97,1,18.75,82,11.5678035669643,11.6386538839229,1
97,1,18.75,82,11.6386538839229,11.9114330191536,1
97,1,18.75,82,11.9114330191536,12.3038011660453,1
97,1,18.75,82,12.3038011660453,12.6072105427831,1
97,1,18.75,82,12.6072105427831,12.6587672000868,1
97,1,18.75,82,12.6587672000868,12.6825150484466,1
97,1,18.75,82,12.6825150484466,12.8249608332409,1
97,1,18.75,82,12.8249608332409,13.0540252448366,1
97,1,18.75,82,13.0540252448366,13.2790449173405,1
97,1,18.75,82,13.2790449173405,13.3809878338431,1
97,1,18.75,82,13.3809878338431,13.4272504746585,1
97,1,18.75,82,13.4272504746585,13.642140225541,1
97,1,18.75,82,13.642140225541,13.7445186297014,1
97,1,18.75,82,13.7445186297014,13.768479086669,1
97,1,18.75,82,13.768479086669,14.1091629535263,1
97,1,18.75,82,14.1091629535263,14.5366989227245,1
97,1,18.75,82,14.5366989227245,14.5670788178348,1
97,1,18.75,82,14.5670788178348,14.8255537074947,1
97,1,18.75,82,14.8255537074947,14.9680339795626,1
97,1,18.75,82,14.9680339795626,15.0971569133534,1
97,1,18.75,82,15.0971569133534,15.1628697016737,1
97,1,18.75,82,15.1628697016737,15.3030623924113,1
97,1,18.75,82,15.3030623924113,15.5656775004583,1
97,1,18.75,82,15.5656775004583,15.7583540146919,1
97,1,18.75,82,15.7583540146919,15.7762789654549,1
97,1,18.75,82,15.7762789654549,15.9132589595352,1
97,1,18.75,82,15.9132589595352,16.0078182691889,1
97,1,18.75,82,16.0078182691889,16.0540923847314,1
97,1,18.75,82,16.0540923847314,16.2125819563433,1
97,1,18.75,82,16.2125819563433,16.2782441703995,1
97,1,18.75,82,16.2782441703995,16.5887953311923,1
97,1,18.75,82,16.5887953311923,16.7872234534965,1
97,1,18.75,82,16.7872234534965,16.8081697396728,1
97,1,18.75,82,16.8081697396728,16.9635970306793,1
97,1,18.75,82,16.9635970306793,17.0008213518413,1
97,1,18.75,82,17.0008213518413,17.1444689750176,1
97,1,18.75,82,17.1444689750176,17.2058284548186,1
97,1,18.75,82,17.2058284548186,17.3726025147672,1
97,1,18.75,82,17.3726025147672,17.6329762068659,1
97,1,18.75,82,17.6329762068659,17.660225562162,1
97,1,18.75,82,17.660225562162,17.6813073118541,1
97,1,18.75,82,17.6813073118541,17.7168675107455,1
97,1,18.75,82,17.7168675107455,17.7960178128273,1
97,1,18.75,82,17.7960178128273,17.8608019525054,1
97,1,18.75,82,17.8608019525054,17.8740154121752,1
97,1,18.75,82,17.8740154121752,17.8797359830987,1
97,1,18.75,82,17.8797359830987,18.0934146112828,1
97,1,18.75,82,18.0934146112828,18.2075986711727,1
97,1,18.75,82,18.2075986711727,18.2133644137241,1
97,1,18.75,82,18.2133644137241,18.21440914147,1
97,1,18.75,82,18.21440914147,18.2588671313211,1
97,1,18.75,82,18.2588671313211,18.369138075358,1
97,1,18.75,82,18.369138075358,18.4683501631854,1
97,1,18.75,82,18.4683501631854,18.5709051410055,1
97,1,18.75,82,18.5709051410055,18.6404310553777,1
97,1,18.75,82,18.6404310553777,18.7085411616602,1
97,1,18.75,82,18.7085411616602,18.75,0
98,1,19.75,6,0,0.448431049045545,1
98,1,19.75,6,0.448431049045545,1.88767573429529,1
98,1,19.75,6,1.88767573429529,2.96681862472346,1
98,1,19.75,6,2.96681862472346,9.82473508093715,1
98,1,19.75,6,9.82473508093715,12.0552220328371,1
98,1,19.75,6,12.0552220328371,13.1607282904631,1
98,1,19.75,6,13.1607282904631,19.75,0
99,1,14.75,29,0,3.43058988784205,1
99,1,14.75,29,3.43058988784205,4.7327037761159,1
99,1,14.75,29,4.7327037761159,4.77665706150438,1
99,1,14.75,29,4.77665706150438,5.1011231890106,1
99,1,14.75,29,5.1011231890106,6.86190172015726,1
99,1,14.75,29,6.86190172015726,7.32033528390784,1
99,1,14.75,29,7.32033528390784,8.49305995289513,1
99,1,14.75,29,8.49305995289513,8.83412538636875,1
99,1,14.75,29,8.83412538636875,9.76388041583957,1
99,1,14.75,29,9.76388041583957,9.8176537183987,1
99,1,14.75,29,9.8176537183987,10.5863595077417,1
99,1,14.75,29,10.5863595077417,11.1851601884747,1
99,1,14.75,29,11.1851601884747,11.2260414554634,1
99,1,14.75,29,11.2260414554634,11.3955198463653,1
99,1,14.75,29,11.3955198463653,12.0942760291813,1
99,1,14.75,29,12.0942760291813,12.1639797325616,1
99,1,14.75,29,12.1639797325616,12.1730691570694,1
99,1,14.75,29,12.1730691570694,12.7312522855748,1
99,1,14.75,29,12.7312522855748,12.7964597472695,1
99,1,14.75,29,12.7964597472695,12.8080739836752,1
99,1,14.75,29,12.8080739836752,13.0144099081638,1
99,1,14.75,29,13.0144099081638,13.2187998167728,1
99,1,14.75,29,13.2187998167728,13.5935275316841,1
99,1,14.75,29,13.5935275316841,13.6581254319787,1
99,1,14.75,29,13.6581254319787,13.936586925137,1
99,1,14.75,29,13.936586925137,13.9885361752334,1
99,1,14.75,29,13.9885361752334,14.2284950824164,1
99,1,14.75,29,14.2284950824164,14.2848234260448,1
99,1,14.75,29,14.2848234260448,14.6728428845324,1
99,1,14.75,29,14.6728428845324,14.75,0
100,1,14.75,25,0,1.72692544081096,1
100,1,14.75,25,1.72692544081096,1.92013264016946,1
100,1,14.75,25,1.92013264016946,5.267077386455,1
100,1,14.75,25,5.267077386455,6.84661675111692,1
100,1,14.75,25,6.84661675111692,7.28562270402014,1
100,1,14.75,25,7.28562270402014,8.32435537518005,1
100,1,14.75,25,8.32435537518005,9.08416774043045,1
100,1,14.75,25,9.08416774043045,9.52682757674096,1
100,1,14.75,25,9.52682757674096,9.53850406529876,1
100,1,14.75,25,9.53850406529876,10.0283323298594,1
100,1,14.75,25,10.0283323298594,10.7261226402172,1
100,1,14.75,25,10.7261226402172,11.2202654117401,1
100,1,14.75,25,11.2202654117401,11.666165880077,1
100,1,14.75,25,11.666165880077,12.1628533744298,1
100,1,14.75,25,12.1628533744298,12.659033544323,1
100,1,14.75,25,12.659033544323,13.0021806114756,1
100,1,14.75,25,13.0021806114756,13.1146815315161,1
100,1,14.75,25,13.1146815315161,13.2141763934491,1
100,1,14.75,25,13.2141763934491,13.229377690969,1
100,1,14.75,25,13.229377690969,13.2440552489701,1
100,1,14.75,25,13.2440552489701,13.6570445609363,1
100,1,14.75,25,13.6570445609363,14.1390953841464,1
100,1,14.75,25,14.1390953841464,14.4215473866666,1
100,1,14.75,25,14.4215473866666,14.4664452207349,1
100,1,14.75,25,14.4664452207349,14.6113008788778,1
100,1,14.75,25,14.6113008788778,14.75,0
101,1,12.75,3,0,0.0656604320398821,1
101,1,12.75,3,0.0656604320398821,0.598121635908035,1
101,1,12.75,3,0.598121635908035,6.18714758059832,1
101,1,12.75,3,6.18714758059832,12.75,0
102,1,12.75,6,0,1.06763431841512,1
102,1,12.75,6,1.06763431841512,1.70817749526671,1
102,1,12.75,6,1.70817749526671,1.83409576616615,1
102,1,12.75,6,1.83409576616615,1.92896645696717,1
102,1,12.75,6,1.92896645696717,5.57648820236925,1
102,1,12.75,6,5.57648820236925,6.75595820544216,1
102,1,12.75,6,6.75595820544216,12.75,0
103,1,13.75,2,0,2.98493259380778,1
103,1,13.75,2,2.98493259380778,4.66163811158032,1
103,1,13.75,2,4.66163811158032,13.75,0
104,1,12.75,1,0,0.0153612120427748,1
104,1,12.75,1,0.0153612120427748,12.75,0
105,1,19.75,3,0,11.1705646783465,1
105,1,19.75,3,11.1705646783465,12.3264262424733,1
105,1,19.75,3,12.3264262424733,14.0415079571898,1
105,1,19.75,3,14.0415079571898,19.75,0
106,1,8.75,0,0,8.75,0
107,1,14.75,49,0,2.46697273885518,1
107,1,14.75,49,2.46697273885518,2.47637504473824,1
107,1,14.75,49,2.47637504473824,3.10523067712051,1
107,1,14.75,49,3.10523067712051,3.21947073679681,1
107,1,14.75,49,3.21947073679681,3.60544343887987,1
107,1,14.75,49,3.60544343887987,5.33606401666911,1
107,1,14.75,49,5.33606401666911,5.6991870564418,1
107,1,14.75,49,5.6991870564418,6.51327279315571,1
107,1,14.75,49,6.51327279315571,6.72455434717836,1
107,1,14.75,49,6.72455434717836,7.12245802230546,1
107,1,14.75,49,7.12245802230546,7.66954910484311,1
107,1,14.75,49,7.66954910484311,7.97582519934125,1
107,1,14.75,49,7.97582519934125,8.24331222070238,1
107,1,14.75,49,8.24331222070238,8.3612830950083,1
107,1,14.75,49,8.3612830950083,8.66831053493952,1
107,1,14.75,49,8.66831053493952,8.97801655147667,1
107,1,14.75,49,8.97801655147667,9.15159702008405,1
107,1,14.75,49,9.15159702008405,9.830154482163,1
107,1,14.75,49,9.830154482163,9.84024228044577,1
107,1,14.75,49,9.84024228044577,10.2274821253797,1
107,1,14.75,49,10.2274821253797,10.6568401001433,1
107,1,14.75,49,10.6568401001433,10.7362289212195,1
107,1,14.75,49,10.7362289212195,10.8137853526942,1
107,1,14.75,49,10.8137853526942,10.9127147293583,1
107,1,14.75,49,10.9127147293583,10.9492031353486,1
107,1,14.75,49,10.9492031353486,11.3538633367779,1
107,1,14.75,49,11.3538633367779,11.4305297827902,1
107,1,14.75,49,11.4305297827902,11.4918881009649,1
107,1,14.75,49,11.4918881009649,11.5525948166792,1
107,1,14.75,49,11.5525948166792,11.5732995254362,1
107,1,14.75,49,11.5732995254362,11.7676040609892,1
107,1,14.75,49,11.7676040609892,12.0494555387013,1
107,1,14.75,49,12.0494555387013,12.1282581014109,1
107,1,14.75,49,12.1282581014109,12.356336813196,1
107,1,14.75,49,12.356336813196,12.8756504077236,1
107,1,14.75,49,12.8756504077236,12.9595380989358,1
107,1,14.75,49,12.9595380989358,12.9946006004275,1
107,1,14.75,49,12.9946006004275,13.1636816473816,1
107,1,14.75,49,13.1636816473816,13.2761956407719,1
107,1,14.75,49,13.2761956407719,13.4799689552886,1
107,1,14.75,49,13.4799689552886,13.5080892793413,1
107,1,14.75,49,13.5080892793413,13.5445008817409,1
107,1,14.75,49,13.5445008817409,13.5459049465098,1
107,1,14.75,49,13.5459049465098,13.7739283699388,1
107,1,14.75,49,13.7739283699388,13.9673169043669,1
107,1,14.75,49,13.9673169043669,13.9731049079328,1
107,1,14.75,49,13.9731049079328,14.2579052465251,1
107,1,14.75,49,14.2579052465251,14.4096285194103,1
107,1,14.75,49,14.4096285194103,14.6793811230819,1
107,1,14.75,49,14.6793811230819,14.75,0
108,1,16.75,52,0,1.13244899365558,1
108,1,16.75,52,1.13244899365558,3.81374758292442,1
108,1,16.75,52,3.81374758292442,4.24523115753894,1
108,1,16.75,52,4.24523115753894,4.58089369747427,1
108,1,16.75,52,4.58089369747427,5.29546734036428,1
108,1,16.75,52,5.29546734036428,6.09319185602457,1
108,1,16.75,52,6.09319185602457,7.28395506585554,1
108,1,16.75,52,7.28395506585554,7.88817920364543,1
108,1,16.75,52,7.88817920364543,7.92271427422198,1
108,1,16.75,52,7.92271427422198,8.21359085988325,1
108,1,16.75,52,8.21359085988325,8.21937763634115,1
108,1,16.75,52,8.21937763634115,8.37211346709856,1
108,1,16.75,52,8.37211346709856,8.9977263007624,1
108,1,16.75,52,8.9977263007624,9.12687854048286,1
108,1,16.75,52,9.12687854048286,9.17842612296362,1
108,1,16.75,52,9.17842612296362,9.72357678766191,1
108,1,16.75,52,9.72357678766191,9.81184876028441,1
108,1,16.75,52,9.81184876028441,9.90243164985058,1
108,1,16.75,52,9.90243164985058,10.3045100086348,1
108,1,16.75,52,10.3045100086348,10.4537413921077,1
108,1,16.75,52,10.4537413921077,10.7335719811745,1
108,1,16.75,52,10.7335719811745,11.0508376173274,1
108,1,16.75,52,11.0508376173274,11.1085477663704,1
108,1,16.75,52,11.1085477663704,11.5754318897762,1
108,1,16.75,52,11.5754318897762,11.6193411657432,1
108,1,16.75,52,11.6193411657432,11.7114397823171,1
108,1,16.75,52,11.7114397823171,12.423949709384,1
108,1,16.75,52,12.423949709384,12.4303743976746,1
108,1,16.75,52,12.4303743976746,13.1953119363647,1
108,1,16.75,52,13.1953119363647,13.3892105730333,1
108,1,16.75,52,13.3892105730333,13.5555692885964,1
108,1,16.75,52,13.5555692885964,14.1175383208529,1
108,1,16.75,52,14.1175383208529,14.2538809056923,1
108,1,16.75,52,14.2538809056923,14.4663400415884,1
108,1,16.75,52,14.4663400415884,14.5314275236588,1
108,1,16.75,52,14.5314275236588,14.6176353828087,1
108,1,16.75,52,14.6176353828087,14.6425467521395,1
108,1,16.75,52,14.6425467521395,14.6891108869152,1
108,1,16.75,52,14.6891108869152,14.6951288638117,1
108,1,16.75,52,14.6951288638117,14.7369161638743,1
108,1,16.75,52,14.7369161638743,14.8583682259672,1
108,1,16.75,52,14.8583682259672,14.9394258060566,1
108,1,16.75,52,14.9394258060566,14.9637366545875,1
108,1,16.75,52,14.9637366545875,15.0944451779352,1
108,1,16.75,52,15.0944451779352,15.2783545906185,1
108,1,16.75,52,15.2783545906185,15.396238201092,1
108,1,16.75,52,15.396238201092,15.6266493442321,1
108,1,16.75,52,15.6266493442321,15.8846527348086,1
108,1,16.75,52,15.8846527348086,16.0467799962118,1
108,1,16.75,52,16.0467799962118,16.0839025391603,1
108,1,16.75,52,16.0839025391603,16.6679512602646,1
108,1,16.75,52,16.6679512602646,16.6900186380587,1
108,1,16.75,52,16.6900186380587,16.75,0
109,1,11.75,2,0,1.42356909542807,1
109,1,11.75,2,1.42356909542807,2.10489730187624,1
109,1,11.75,2,2.10489730187624,11.75,0
110,1,17.75,3,0,8.58158640404295,1
110,1,17.75,3,8.58158640404295,11.0545042488368,1
110,1,17.75,3,11.0545042488368,17.1568647538874,1
110,1,17.75,3,17.1568647538874,17.75,0
111,1,8.75,1,0,0.673973303763435,1
111,1,8.75,1,0.673973303763435,8.75,0
112,1,12.75,2,0,1.60966253679866,1
112,1,12.75,2,1.60966253679866,3.01542170308133,1
112,1,12.75,2,3.01542170308133,12.75,0
113,1,8.75,8,0,2.50849384533725,1
113,1,8.75,8,2.50849384533725,5.83403103845542,1
113,1,8.75,8,5.83403103845542,6.12466416418952,1
113,1,8.75,8,6.12466416418952,6.60445288281799,1
113,1,8.75,8,6.60445288281799,7.01298015313354,1
113,1,8.75,8,7.01298015313354,7.94574613876908,1
113,1,8.75,8,7.94574613876908,8.06913789852742,1
113,1,8.75,8,8.06913789852742,8.69219654081083,1
113,1,8.75,8,8.69219654081083,8.75,0
114,1,8.75,0,0,8.75,0
115,1,12.75,19,0,2.97516005072917,1
115,1,12.75,19,2.97516005072917,4.02839102074762,1
115,1,12.75,19,4.02839102074762,4.25400377135217,1
115,1,12.75,19,4.25400377135217,4.836774044934,1
115,1,12.75,19,4.836774044934,4.96357122428306,1
115,1,12.75,19,4.96357122428306,9.97605272075627,1
115,1,12.75,19,9.97605272075627,10.1290894483484,1
115,1,12.75,19,10.1290894483484,10.9459086142552,1
115,1,12.75,19,10.9459086142552,10.9675859384469,1
115,1,12.75,19,10.9675859384469,11.1143662213427,1
115,1,12.75,19,11.1143662213427,11.2713846395448,1
115,1,12.75,19,11.2713846395448,11.3752441830415,1
115,1,12.75,19,11.3752441830415,11.7361124812676,1
115,1,12.75,19,11.7361124812676,11.7593127170545,1
115,1,12.75,19,11.7593127170545,11.906464588683,1
115,1,12.75,19,11.906464588683,11.9821199612173,1
115,1,12.75,19,11.9821199612173,12.0507698082538,1
115,1,12.75,19,12.0507698082538,12.5908227039373,1
115,1,12.75,19,12.5908227039373,12.6955564396395,1
115,1,12.75,19,12.6955564396395,12.75,0
116,1,8.75,12,0,4.3934496037682,1
116,1,8.75,12,4.3934496037682,4.81899340875127,1
116,1,8.75,12,4.81899340875127,5.06571873783709,1
116,1,8.75,12,5.06571873783709,5.1860024854103,1
116,1,8.75,12,5.1860024854103,5.21247014706739,1
116,1,8.75,12,5.21247014706739,6.06093015014674,1
116,1,8.75,12,6.06093015014674,7.06927098543895,1
116,1,8.75,12,7.06927098543895,7.33752970094064,1
116,1,8.75,12,7.33752970094064,7.42693823622855,1
116,1,8.75,12,7.42693823622855,7.61998232373676,1
116,1,8.75,12,7.61998232373676,8.31542181376904,1
116,1,8.75,12,8.31542181376904,8.50584831772189,1
116,1,8.75,12,8.50584831772189,8.75,0
117,1,16.75,58,0,1.99202910613097,1
117,1,16.75,58,1.99202910613097,5.47022493439587,1
117,1,16.75,58,5.47022493439587,5.97045300608543,1
117,1,16.75,58,5.97045300608543,7.04616680725043,1
117,1,16.75,58,7.04616680725043,8.09676615837661,1
117,1,16.75,58,8.09676615837661,8.54332542805534,1
117,1,16.75,58,8.54332542805534,8.56709067270698,1
117,1,16.75,58,8.56709067270698,8.65567303555746,1
117,1,16.75,58,8.65567303555746,9.44161357151717,1
117,1,16.75,58,9.44161357151717,9.80187661772112,1
117,1,16.75,58,9.80187661772112,9.87569530877267,1
117,1,16.75,58,9.87569530877267,10.0288973610689,1
117,1,16.75,58,10.0288973610689,10.1458707626549,1
117,1,16.75,58,10.1458707626549,10.3707723096677,1
117,1,16.75,58,10.3707723096677,10.4709299071647,1
117,1,16.75,58,10.4709299071647,10.5737267679738,1
117,1,16.75,58,10.5737267679738,10.7235264017653,1
117,1,16.75,58,10.7235264017653,10.7703028908487,1
117,1,16.75,58,10.7703028908487,10.8148928071521,1
117,1,16.75,58,10.8148928071521,10.8651994930376,1
117,1,16.75,58,10.8651994930376,10.9018538314653,1
117,1,16.75,58,10.9018538314653,11.4973244952976,1
117,1,16.75,58,11.4973244952976,11.5168427912371,1
117,1,16.75,58,11.5168427912371,11.59906837492,1
117,1,16.75,58,11.59906837492,11.7777815069625,1
117,1,16.75,58,11.7777815069625,11.8857978085328,1
117,1,16.75,58,11.8857978085328,11.9316658830122,1
117,1,16.75,58,11.9316658830122,12.0060399180354,1
117,1,16.75,58,12.0060399180354,12.0189405240386,1
117,1,16.75,58,12.0189405240386,12.050479041113,1
117,1,16.75,58,12.050479041113,12.4572431130069,1
117,1,16.75,58,12.4572431130069,12.4742375418432,1
117,1,16.75,58,12.4742375418432,12.6389530474653,1
117,1,16.75,58,12.6389530474653,12.7616291373777,1
117,1,16.75,58,12.7616291373777,12.8261160976388,1
117,1,16.75,58,12.8261160976388,12.8787495258026,1
117,1,16.75,58,12.8787495258026,13.4057893174668,1
117,1,16.75,58,13.4057893174668,13.5568610040022,1
117,1,16.75,58,13.5568610040022,13.8476609198027,1
117,1,16.75,58,13.8476609198027,13.9429596437005,1
117,1,16.75,58,13.9429596437005,14.087969383943,1
117,1,16.75,58,14.087969383943,14.2033346904208,1
117,1,16.75,58,14.2033346904208,14.2207428500518,1
117,1,16.75,58,14.2207428500518,14.3568298822008,1
117,1,16.75,58,14.3568298822008,14.3647330382423,1
117,1,16.75,58,14.3647330382423,14.3811230171166,1
117,1,16.75,58,14.3811230171166,14.5275060967522,1
117,1,16.75,58,14.5275060967522,15.2655538411408,1
117,1,16.75,58,15.2655538411408,15.3243446651978,1
117,1,16.75,58,15.3243446651978,15.5058544469838,1
117,1,16.75,58,15.5058544469838,15.505974219808,1
117,1,16.75,58,15.505974219808,15.5603050219738,1
117,1,16.75,58,15.5603050219738,15.6597449361016,1
117,1,16.75,58,15.6597449361016,15.6796368708807,1
117,1,16.75,58,15.6796368708807,15.8560893689548,1
117,1,16.75,58,15.8560893689548,16.0217190333138,1
117,1,16.75,58,16.0217190333138,16.2058815286399,1
117,1,16.75,58,16.2058815286399,16.2134407657777,1
117,1,16.75,58,16.2134407657777,16.75,0
118,1,14.75,19,0,6.65564594675764,1
118,1,14.75,19,6.65564594675764,7.02541198504901,1
118,1,14.75,19,7.02541198504901,8.11456614533886,1
118,1,14.75,19,8.11456614533886,8.84142882701867,1
118,1,14.75,19,8.84142882701867,10.013448722711,1
118,1,14.75,19,10.013448722711,10.1089183669343,1
118,1,14.75,19,10.1089183669343,10.4016636454628,1
118,1,14.75,19,10.4016636454628,10.478952848863,1
118,1,14.75,19,10.478952848863,11.1437755671514,1
118,1,14.75,19,11.1437755671514,11.4554498250204,1
118,1,14.75,19,11.4554498250204,11.5198892542264,1
118,1,14.75,19,11.5198892542264,11.751761294546,1
118,1,14.75,19,11.751761294546,12.2315875699776,1
118,1,14.75,19,12.2315875699776,13.25051513856,1
118,1,14.75,19,13.25051513856,13.318391214825,1
118,1,14.75,19,13.318391214825,13.382988655179,1
118,1,14.75,19,13.382988655179,13.4609839488746,1
118,1,14.75,19,13.4609839488746,13.7933550521016,1
118,1,14.75,19,13.7933550521016,14.7058313525548,1
118,1,14.75,19,14.7058313525548,14.75,0
119,1,15.75,3,0,0.510373683807995,1
119,1,15.75,3,0.510373683807995,5.73655863055462,1
119,1,15.75,3,5.73655863055462,13.6153976360187,1
119,1,15.75,3,13.6153976360187,15.75,0
120,1,11.75,3,0,0.104951250415702,1
120,1,11.75,3,0.104951250415702,2.13094712951882,1
120,1,11.75,3,2.13094712951882,9.92009102063146,1
120,1,11.75,3,9.92009102063146,11.75,0
121,1,11.75,1,0,8.24207788766828,1
121,1,11.75,1,8.24207788766828,11.75,0
122,1,16.75,0,0,16.75,0
123,1,17.75,1,0,0.0110198773535161,1
123,1,17.75,1,0.0110198773535161,17.75,0
124,1,14.75,1,0,0.858067507431359,1
124,1,14.75,1,0.858067507431359,14.75,0
125,1,10.75,0,0,10.75,0
126,1,14.75,1,0,12.8578555798738,1
126,1,14.75,1,12.8578555798738,14.75,0
127,1,15.75,43,0,6.05664913562895,1
127,1,15.75,43,6.05664913562895,6.07655957490588,1
127,1,15.75,43,6.07655957490588,6.9134214027091,1
127,1,15.75,43,6.9134214027091,7.2707667640665,1
127,1,15.75,43,7.2707667640665,7.27828642439714,1
127,1,15.75,43,7.27828642439714,7.28720642288991,1
127,1,15.75,43,7.28720642288991,9.80571924152764,1
127,1,15.75,43,9.80571924152764,9.9618176430368,1
127,1,15.75,43,9.9618176430368,10.8299906562872,1
127,1,15.75,43,10.8299906562872,11.3978431013742,1
127,1,15.75,43,11.3978431013742,11.4194876320033,1
127,1,15.75,43,11.4194876320033,11.4423681854277,1
127,1,15.75,43,11.4423681854277,11.5918701210281,1
127,1,15.75,43,11.5918701210281,11.6238648756372,1
127,1,15.75,43,11.6238648756372,11.7840875196545,1
127,1,15.75,43,11.7840875196545,11.9508321357372,1
127,1,15.75,43,11.9508321357372,12.1061223969625,1
127,1,15.75,43,12.1061223969625,12.3026939719917,1
127,1,15.75,43,12.3026939719917,12.5458481878222,1
127,1,15.75,43,12.5458481878222,12.6519823394498,1
127,1,15.75,43,12.6519823394498,12.9371622696977,1
127,1,15.75,43,12.9371622696977,13.1169700460654,1
127,1,15.75,43,13.1169700460654,13.1449639261334,1
127,1,15.75,43,13.1449639261334,13.2225280087432,1
127,1,15.75,43,13.2225280087432,13.2230706790384,1
127,1,15.75,43,13.2230706790384,13.4050776723792,1
127,1,15.75,43,13.4050776723792,13.5027037506573,1
127,1,15.75,43,13.5027037506573,13.5874868158743,1
127,1,15.75,43,13.5874868158743,13.7157937628713,1
127,1,15.75,43,13.7157937628713,13.732049797695,1
127,1,15.75,43,13.732049797695,14.3339915384468,1
127,1,15.75,43,14.3339915384468,14.3555806792652,1
127,1,15.75,43,14.3555806792652,14.4028292487708,1
127,1,15.75,43,14.4028292487708,14.5030850591148,1
127,1,15.75,43,14.5030850591148,14.5334755940465,1
127,1,15.75,43,14.5334755940465,14.6925144395596,1
127,1,15.75,43,14.6925144395596,14.923448212895,1
127,1,15.75,43,14.923448212895,15.0502109829813,1
127,1,15.75,43,15.0502109829813,15.0661601750744,1
127,1,15.75,43,15.0661601750744,15.0931764639213,1
127,1,15.75,43,15.0931764639213,15.1839998924036,1
127,1,15.75,43,15.1839998924036,15.2863302865766,1
127,1,15.75,43,15.2863302865766,15.3029823344636,1
127,1,15.75,43,15.3029823344636,15.75,0
128,1,15.75,40,0,3.44623125649034,1
128,1,15.75,40,3.44623125649034,4.63417386679328,1
128,1,15.75,40,4.63417386679328,5.38426656390731,1
128,1,15.75,40,5.38426656390731,7.35958629038378,1
128,1,15.75,40,7.35958629038378,7.45797842786549,1
128,1,15.75,40,7.45797842786549,8.12954131404744,1
128,1,15.75,40,8.12954131404744,8.80678238914575,1
128,1,15.75,40,8.80678238914575,8.86003464601294,1
128,1,15.75,40,8.86003464601294,8.89407423625891,1
128,1,15.75,40,8.89407423625891,9.07511910476213,1
128,1,15.75,40,9.07511910476213,9.26475762712537,1
128,1,15.75,40,9.26475762712537,9.5717905584398,1
128,1,15.75,40,9.5717905584398,9.63524739638771,1
128,1,15.75,40,9.63524739638771,9.81964596205742,1
128,1,15.75,40,9.81964596205742,10.3978927805515,1
128,1,15.75,40,10.3978927805515,10.6819707525565,1
128,1,15.75,40,10.6819707525565,10.8826059414592,1
128,1,15.75,40,10.8826059414592,11.5837166151119,1
128,1,15.75,40,11.5837166151119,11.6469705571855,1
128,1,15.75,40,11.6469705571855,11.6779903512988,1
128,1,15.75,40,11.6779903512988,12.1939487469239,1
128,1,15.75,40,12.1939487469239,12.3982759119841,1
128,1,15.75,40,12.3982759119841,12.520273364092,1
128,1,15.75,40,12.520273364092,12.5374235900231,1
128,1,15.75,40,12.5374235900231,13.1054694123147,1
128,1,15.75,40,13.1054694123147,13.1082122144168,1
128,1,15.75,40,13.1082122144168,13.44050195876,1
128,1,15.75,40,13.44050195876,13.5549232906326,1
128,1,15.75,40,13.5549232906326,13.771904865519,1
128,1,15.75,40,13.771904865519,13.8921039157724,1
128,1,15.75,40,13.8921039157724,13.9762018803444,1
128,1,15.75,40,13.9762018803444,14.0530163882515,1
128,1,15.75,40,14.0530163882515,14.3922974946013,1
128,1,15.75,40,14.3922974946013,14.4296750589621,1
128,1,15.75,40,14.4296750589621,14.6009511239768,1
128,1,15.75,40,14.6009511239768,14.730982403912,1
128,1,15.75,40,14.730982403912,14.7816921248824,1
128,1,15.75,40,14.7816921248824,15.165597046216,1
128,1,15.75,40,15.165597046216,15.1873265074277,1
128,1,15.75,40,15.1873265074277,15.4569264361561,1
128,1,15.75,40,15.4569264361561,15.75,0
129,1,16.75,45,0,3.69984623830478,1
129,1,16.75,45,3.69984623830478,5.48129709308193,1
129,1,16.75,45,5.48129709308193,6.47934040703578,1
129,1,16.75,45,6.47934040703578,8.10900466338776,1
129,1,16.75,45,8.10900466338776,8.74579469494576,1
129,1,16.75,45,8.74579469494576,8.97383649582559,1
129,1,16.75,45,8.97383649582559,9.15660558303161,1
129,1,16.75,45,9.15660558303161,9.96840104816292,1
129,1,16.75,45,9.96840104816292,10.2336868154364,1
129,1,16.75,45,10.2336868154364,10.4151728137367,1
129,1,16.75,45,10.4151728137367,10.4807124338677,1
129,1,16.75,45,10.4807124338677,10.5387710890562,1
129,1,16.75,45,10.5387710890562,10.617599413102,1
129,1,16.75,45,10.617599413102,10.7747753942646,1
129,1,16.75,45,10.7747753942646,10.860486294911,1
129,1,16.75,45,10.860486294911,10.8628696248771,1
129,1,16.75,45,10.8628696248771,10.8840089378899,1
129,1,16.75,45,10.8840089378899,11.053938860059,1
129,1,16.75,45,11.053938860059,11.1318207909679,1
129,1,16.75,45,11.1318207909679,11.232048373861,1
129,1,16.75,45,11.232048373861,11.4906400259804,1
129,1,16.75,45,11.4906400259804,11.6665374102784,1
129,1,16.75,45,11.6665374102784,11.8776271136217,1
129,1,16.75,45,11.8776271136217,12.0696563345083,1
129,1,16.75,45,12.0696563345083,12.4071658328553,1
129,1,16.75,45,12.4071658328553,12.4278973124895,1
129,1,16.75,45,12.4278973124895,12.6104855540561,1
129,1,16.75,45,12.6104855540561,12.6783680158387,1
129,1,16.75,45,12.6783680158387,13.1909500142512,1
129,1,16.75,45,13.1909500142512,13.2963408054247,1
129,1,16.75,45,13.2963408054247,14.0360835200072,1
129,1,16.75,45,14.0360835200072,14.0941598826754,1
129,1,16.75,45,14.0941598826754,14.4958483496217,1
129,1,16.75,45,14.4958483496217,14.6166459886525,1
129,1,16.75,45,14.6166459886525,14.65544046153,1
129,1,16.75,45,14.65544046153,14.6899719376143,1
129,1,16.75,45,14.6899719376143,15.1969523815549,1
129,1,16.75,45,15.1969523815549,15.2952062555012,1
129,1,16.75,45,15.2952062555012,15.4372709127057,1
129,1,16.75,45,15.4372709127057,15.7584423146678,1
129,1,16.75,45,15.7584423146678,15.914947209239,1
129,1,16.75,45,15.914947209239,16.0969370500918,1
129,1,16.75,45,16.0969370500918,16.3324282813133,1
129,1,16.75,45,16.3324282813133,16.3710335095808,1
129,1,16.75,45,16.3710335095808,16.3729157309758,1
129,1,16.75,45,16.3729157309758,16.75,0
130,1,13.75,25,0,4.95948691520355,1
130,1,13.75,25,4.95948691520355,6.67379936007079,1
130,1,13.75,25,6.67379936007079,7.21802652230258,1
130,1,13.75,25,7.21802652230258,7.37363039565337,1
130,1,13.75,25,7.37363039565337,7.42092515396591,1
130,1,13.75,25,7.42092515396591,7.55798782944975,1
130,1,13.75,25,7.55798782944975,7.65780322163475,1
130,1,13.75,25,7.65780322163475,8.10937210251692,1
130,1,13.75,25,8.10937210251692,8.57340854211748,1
130,1,13.75,25,8.57340854211748,9.86247683082859,1
130,1,13.75,25,9.86247683082859,9.89587319489398,1
130,1,13.75,25,9.89587319489398,10.2052552679149,1
130,1,13.75,25,10.2052552679149,10.4632372245171,1
130,1,13.75,25,10.4632372245171,10.5323603887424,1
130,1,13.75,25,10.5323603887424,10.7279711458027,1
130,1,13.75,25,10.7279711458027,11.1860050800195,1
130,1,13.75,25,11.1860050800195,11.3588839382152,1
130,1,13.75,25,11.3588839382152,11.4636901798414,1
130,1,13.75,25,11.4636901798414,12.0539363723657,1
130,1,13.75,25,12.0539363723657,12.3150256869557,1
130,1,13.75,25,12.3150256869557,12.3646905523644,1
130,1,13.75,25,12.3646905523644,12.6742678492327,1
130,1,13.75,25,12.6742678492327,12.8246828678773,1
130,1,13.75,25,12.8246828678773,13.004887325002,1
130,1,13.75,25,13.004887325002,13.0565289692041,1
130,1,13.75,25,13.0565289692041,13.75,0
131,1,15.75,46,0,3.27925956710378,1
131,1,15.75,46,3.27925956710378,4.17777047916207,1
131,1,15.75,46,4.17777047916207,5.26969516889644,1
131,1,15.75,46,5.26969516889644,5.38776268251135,1
131,1,15.75,46,5.38776268251135,5.57886454792762,1
131,1,15.75,46,5.57886454792762,5.80091749628455,1
131,1,15.75,46,5.80091749628455,5.87735955531882,1
131,1,15.75,46,5.87735955531882,6.04083705151684,1
131,1,15.75,46,6.04083705151684,6.15673176065094,1
131,1,15.75,46,6.15673176065094,6.32311871879532,1
131,1,15.75,46,6.32311871879532,7.04521956473867,1
131,1,15.75,46,7.04521956473867,7.68324445830295,1
131,1,15.75,46,7.68324445830295,8.16794887705095,1
131,1,15.75,46,8.16794887705095,8.23617206321582,1
131,1,15.75,46,8.23617206321582,8.80025933158735,1
131,1,15.75,46,8.80025933158735,9.4940647870173,1
131,1,15.75,46,9.4940647870173,9.673905013972,1
131,1,15.75,46,9.673905013972,10.2486389186546,1
131,1,15.75,46,10.2486389186546,10.2508701317796,1
131,1,15.75,46,10.2508701317796,10.6870570568484,1
131,1,15.75,46,10.6870570568484,10.9068021518665,1
131,1,15.75,46,10.9068021518665,11.0496284956682,1
131,1,15.75,46,11.0496284956682,11.6941240083416,1
131,1,15.75,46,11.6941240083416,11.7058695212259,1
131,1,15.75,46,11.7058695212259,11.8030996767406,1
131,1,15.75,46,11.8030996767406,11.8102524699014,1
131,1,15.75,46,11.8102524699014,11.8987546114887,1
131,1,15.75,46,11.8987546114887,12.049676970028,1
131,1,15.75,46,12.049676970028,12.0725083062342,1
131,1,15.75,46,12.0725083062342,12.1351170672445,1
131,1,15.75,46,12.1351170672445,12.1675902134642,1
131,1,15.75,46,12.1675902134642,12.3398556903713,1
131,1,15.75,46,12.3398556903713,12.5132168018367,1
131,1,15.75,46,12.5132168018367,12.5498099570596,1
131,1,15.75,46,12.5498099570596,12.5953778265795,1
131,1,15.75,46,12.5953778265795,13.1489852711278,1
131,1,15.75,46,13.1489852711278,13.6659198757994,1
131,1,15.75,46,13.6659198757994,14.1848229775751,1
131,1,15.75,46,14.1848229775751,14.2346541615627,1
131,1,15.75,46,14.2346541615627,14.2377990509041,1
131,1,15.75,46,14.2377990509041,14.2889952294359,1
131,1,15.75,46,14.2889952294359,14.3359559365062,1
131,1,15.75,46,14.3359559365062,14.7343591929514,1
131,1,15.75,46,14.7343591929514,14.9257931606481,1
131,1,15.75,46,14.9257931606481,15.5734028523423,1
131,1,15.75,46,15.5734028523423,15.6117083348182,1
131,1,15.75,46,15.6117083348182,15.75,0
132,1,14.75,33,0,4.99350188882453,1
132,1,14.75,33,4.99350188882453,6.16680969232848,1
132,1,14.75,33,6.16680969232848,6.18059169190991,1
132,1,14.75,33,6.18059169190991,6.29116569234194,1
132,1,14.75,33,6.29116569234194,8.51292616657166,1
132,1,14.75,33,8.51292616657166,9.28233797975598,1
132,1,14.75,33,9.28233797975598,9.30776146653792,1
132,1,14.75,33,9.30776146653792,9.96451092776833,1
132,1,14.75,33,9.96451092776833,9.98206603385066,1
132,1,14.75,33,9.98206603385066,10.0064896339541,1
132,1,14.75,33,10.0064896339541,10.5769129469014,1
132,1,14.75,33,10.5769129469014,10.7621555848619,1
132,1,14.75,33,10.7621555848619,11.2433958166853,1
132,1,14.75,33,11.2433958166853,11.5375617642518,1
132,1,14.75,33,11.5375617642518,11.5512895568388,1
132,1,14.75,33,11.5512895568388,11.593996396506,1
132,1,14.75,33,11.593996396506,11.7112463160211,1
132,1,14.75,33,11.7112463160211,11.9870767441687,1
132,1,14.75,33,11.9870767441687,12.1203755780178,1
132,1,14.75,33,12.1203755780178,12.5393456152636,1
132,1,14.75,33,12.5393456152636,12.5497447544491,1
132,1,14.75,33,12.5497447544491,12.6736149986228,1
132,1,14.75,33,12.6736149986228,12.7942689519915,1
132,1,14.75,33,12.7942689519915,12.8465849820336,1
132,1,14.75,33,12.8465849820336,12.8962807979727,1
132,1,14.75,33,12.8962807979727,13.6941363944258,1
132,1,14.75,33,13.6941363944258,13.7007490356183,1
132,1,14.75,33,13.7007490356183,13.8011763375788,1
132,1,14.75,33,13.8011763375788,13.9450684656696,1
132,1,14.75,33,13.9450684656696,14.1113442520437,1
132,1,14.75,33,14.1113442520437,14.16311709913,1
132,1,14.75,33,14.16311709913,14.2836349429721,1
132,1,14.75,33,14.2836349429721,14.6686554927073,1
132,1,14.75,33,14.6686554927073,14.75,0
133,1,19.75,2,0,7.44722945315719,1
133,1,19.75,2,7.44722945315719,14.3925379443402,1
133,1,19.75,2,14.3925379443402,19.75,0
134,1,17.75,75,0,2.32955918889567,1
134,1,17.75,75,2.32955918889567,3.92692453357746,1
134,1,17.75,75,3.92692453357746,4.39263071098881,1
134,1,17.75,75,4.39263071098881,5.79227983909532,1
134,1,17.75,75,5.79227983909532,6.21393594053087,1
134,1,17.75,75,6.21393594053087,7.10555941232941,1
134,1,17.75,75,7.10555941232941,7.54033666992325,1
134,1,17.75,75,7.54033666992325,8.69953525442225,1
134,1,17.75,75,8.69953525442225,8.80549673403155,1
134,1,17.75,75,8.80549673403155,9.41775335385249,1
134,1,17.75,75,9.41775335385249,9.48341659462074,1
134,1,17.75,75,9.48341659462074,9.67029143939284,1
134,1,17.75,75,9.67029143939284,9.69158690980186,1
134,1,17.75,75,9.69158690980186,9.8142868726873,1
134,1,17.75,75,9.8142868726873,10.3962649426723,1
134,1,17.75,75,10.3962649426723,10.6765577706406,1
134,1,17.75,75,10.6765577706406,10.7749083809621,1
134,1,17.75,75,10.7749083809621,10.9588061433124,1
134,1,17.75,75,10.9588061433124,11.0353149256798,1
134,1,17.75,75,11.0353149256798,11.0847447993073,1
134,1,17.75,75,11.0847447993073,11.5884413657704,1
134,1,17.75,75,11.5884413657704,11.662315228132,1
134,1,17.75,75,11.662315228132,11.6811275164679,1
134,1,17.75,75,11.6811275164679,11.7305349228962,1
134,1,17.75,75,11.7305349228962,11.8196840251397,1
134,1,17.75,75,11.8196840251397,12.3441381249634,1
134,1,17.75,75,12.3441381249634,12.3919963090084,1
134,1,17.75,75,12.3919963090084,12.491830275546,1
134,1,17.75,75,12.491830275546,12.5154720766804,1
134,1,17.75,75,12.5154720766804,12.5277739060827,1
134,1,17.75,75,12.5277739060827,12.5602601615103,1
134,1,17.75,75,12.5602601615103,13.1311297095963,1
134,1,17.75,75,13.1311297095963,13.1624457370922,1
134,1,17.75,75,13.1624457370922,13.1651370275164,1
134,1,17.75,75,13.1651370275164,13.6412460781354,1
134,1,17.75,75,13.6412460781354,13.7474389173113,1
134,1,17.75,75,13.7474389173113,13.7803677377892,1
134,1,17.75,75,13.7803677377892,13.7960477053418,1
134,1,17.75,75,13.7960477053418,14.0000822149833,1
134,1,17.75,75,14.0000822149833,14.0317422576962,1
134,1,17.75,75,14.0317422576962,14.2802378663391,1
134,1,17.75,75,14.2802378663391,14.493488775145,1
134,1,17.75,75,14.493488775145,14.5176761641494,1
134,1,17.75,75,14.5176761641494,14.5607350887685,1
134,1,17.75,75,14.5607350887685,14.6993233141445,1
134,1,17.75,75,14.6993233141445,14.7397810680494,1
134,1,17.75,75,14.7397810680494,15.0185613235798,1
134,1,17.75,75,15.0185613235798,15.0707748675331,1
134,1,17.75,75,15.0707748675331,15.0932369624248,1
134,1,17.75,75,15.0932369624248,15.1137235631249,1
134,1,17.75,75,15.1137235631249,15.1576583237197,1
134,1,17.75,75,15.1576583237197,15.1584576670444,1
134,1,17.75,75,15.1584576670444,15.2023184304418,1
134,1,17.75,75,15.2023184304418,15.2801775635949,1
134,1,17.75,75,15.2801775635949,15.2872972514374,1
134,1,17.75,75,15.2872972514374,15.3084243410865,1
134,1,17.75,75,15.3084243410865,15.3153666897249,1
134,1,17.75,75,15.3153666897249,15.4003191345919,1
134,1,17.75,75,15.4003191345919,15.5566599173785,1
134,1,17.75,75,15.5566599173785,16.3819725944979,1
134,1,17.75,75,16.3819725944979,16.4160275596028,1
134,1,17.75,75,16.4160275596028,16.4409806184018,1
134,1,17.75,75,16.4409806184018,16.4780764477903,1
134,1,17.75,75,16.4780764477903,16.5085270162781,1
134,1,17.75,75,16.5085270162781,16.5915175442334,1
134,1,17.75,75,16.5915175442334,16.9694430525428,1
134,1,17.75,75,16.9694430525428,17.0371592463448,1
134,1,17.75,75,17.0371592463448,17.3212908362991,1
134,1,17.75,75,17.3212908362991,17.3897149570734,1
134,1,17.75,75,17.3897149570734,17.4218052016019,1
134,1,17.75,75,17.4218052016019,17.4336035899241,1
134,1,17.75,75,17.4336035899241,17.4874018497657,1
134,1,17.75,75,17.4874018497657,17.4924750115983,1
134,1,17.75,75,17.4924750115983,17.5407956621825,1
134,1,17.75,75,17.5407956621825,17.6587338744979,1
134,1,17.75,75,17.6587338744979,17.75,0
135,1,13.75,0,0,13.75,0
136,1,11.75,1,0,7.02574808235348,1
136,1,11.75,1,7.02574808235348,11.75,0
137,1,11.75,1,0,7.68909053640042,1
137,1,11.75,1,7.68909053640042,11.75,0
138,1,17.75,70,0,4.04744080802745,1
138,1,17.75,70,4.04744080802745,6.26062987219066,1
138,1,17.75,70,6.26062987219066,6.81281830942028,1
138,1,17.75,70,6.81281830942028,7.08074078700629,1
138,1,17.75,70,7.08074078700629,7.11241422242944,1
138,1,17.75,70,7.11241422242944,7.43191962322264,1
138,1,17.75,70,7.43191962322264,7.49555886073573,1
138,1,17.75,70,7.49555886073573,7.50327098287814,1
138,1,17.75,70,7.50327098287814,7.70000734319516,1
138,1,17.75,70,7.70000734319516,8.16188171092942,1
138,1,17.75,70,8.16188171092942,8.50768690986481,1
138,1,17.75,70,8.50768690986481,9.23143190429755,1
138,1,17.75,70,9.23143190429755,9.38680770986358,1
138,1,17.75,70,9.38680770986358,9.4613971245109,1
138,1,17.75,70,9.4613971245109,9.73279176469708,1
138,1,17.75,70,9.73279176469708,9.84775779167033,1
138,1,17.75,70,9.84775779167033,10.3600767284496,1
138,1,17.75,70,10.3600767284496,10.4179728390743,1
138,1,17.75,70,10.4179728390743,10.9297989094282,1
138,1,17.75,70,10.9297989094282,11.0103879324486,1
138,1,17.75,70,11.0103879324486,11.0384695799654,1
138,1,17.75,70,11.0384695799654,11.5995802741671,1
138,1,17.75,70,11.5995802741671,11.7283207435915,1
138,1,17.75,70,11.7283207435915,11.8778563779133,1
138,1,17.75,70,11.8778563779133,12.018268569837,1
138,1,17.75,70,12.018268569837,12.1296369416162,1
138,1,17.75,70,12.1296369416162,12.2891504380476,1
138,1,17.75,70,12.2891504380476,12.7292826490306,1
138,1,17.75,70,12.7292826490306,13.3464527112214,1
138,1,17.75,70,13.3464527112214,13.3958592555196,1
138,1,17.75,70,13.3958592555196,13.4073063644116,1
138,1,17.75,70,13.4073063644116,13.7275965678056,1
138,1,17.75,70,13.7275965678056,13.8203714916937,1
138,1,17.75,70,13.8203714916937,13.8406854566729,1
138,1,17.75,70,13.8406854566729,13.9269311747648,1
138,1,17.75,70,13.9269311747648,13.9700031993518,1
138,1,17.75,70,13.9700031993518,14.1816948098133,1
138,1,17.75,70,14.1816948098133,14.4081605949848,1
138,1,17.75,70,14.4081605949848,14.656950137468,1
138,1,17.75,70,14.656950137468,14.7805300861684,1
138,1,17.75,70,14.7805300861684,14.8132370603538,1
138,1,17.75,70,14.8132370603538,15.0013405482214,1
138,1,17.75,70,15.0013405482214,15.0367312128561,1
138,1,17.75,70,15.0367312128561,15.2693720928383,1
138,1,17.75,70,15.2693720928383,15.2787091163308,1
138,1,17.75,70,15.2787091163308,15.3158847277901,1
138,1,17.75,70,15.3158847277901,15.3956445809973,1
138,1,17.75,70,15.3956445809973,15.5192256456797,1
138,1,17.75,70,15.5192256456797,15.5399361273185,1
138,1,17.75,70,15.5399361273185,15.6490684682173,1
138,1,17.75,70,15.6490684682173,15.6633064599311,1
138,1,17.75,70,15.6633064599311,15.7506192665279,1
138,1,17.75,70,15.7506192665279,16.2432750936158,1
138,1,17.75,70,16.2432750936158,16.3068684813067,1
138,1,17.75,70,16.3068684813067,16.3310825141543,1
138,1,17.75,70,16.3310825141543,16.3607817193234,1
138,1,17.75,70,16.3607817193234,16.4375351183051,1
138,1,17.75,70,16.4375351183051,16.4982448046601,1
138,1,17.75,70,16.4982448046601,16.5614844318863,1
138,1,17.75,70,16.5614844318863,16.5790193014481,1
138,1,17.75,70,16.5790193014481,16.7871503646807,1
138,1,17.75,70,16.7871503646807,17.0318702568184,1
138,1,17.75,70,17.0318702568184,17.0434839940609,1
138,1,17.75,70,17.0434839940609,17.1495535454122,1
138,1,17.75,70,17.1495535454122,17.2202557918025,1
138,1,17.75,70,17.2202557918025,17.3993292262361,1
138,1,17.75,70,17.3993292262361,17.6114864807891,1
138,1,17.75,70,17.6114864807891,17.6390410104664,1
138,1,17.75,70,17.6390410104664,17.7427035220797,1
138,1,17.75,70,17.7427035220797,17.7455481676576,1
138,1,17.75,70,17.7455481676576,17.75,0
139,1,13.75,25,0,4.09779991387238,1
139,1,13.75,25,4.09779991387238,5.00865692768934,1
139,1,13.75,25,5.00865692768934,6.35635824289862,1
139,1,13.75,25,6.35635824289862,7.2517640870902,1
139,1,13.75,25,7.2517640870902,8.13284531342242,1
139,1,13.75,25,8.13284531342242,9.18409236750758,1
139,1,13.75,25,9.18409236750758,9.51353473072283,1
139,1,13.75,25,9.51353473072283,10.5767058767921,1
139,1,13.75,25,10.5767058767921,10.7886141482603,1
139,1,13.75,25,10.7886141482603,10.8406923360204,1
139,1,13.75,25,10.8406923360204,10.8891324644441,1
139,1,13.75,25,10.8891324644441,11.4095804346353,1
139,1,13.75,25,11.4095804346353,11.4805604170578,1
139,1,13.75,25,11.4805604170578,11.6391232997538,1
139,1,13.75,25,11.6391232997538,12.1762463751105,1
139,1,13.75,25,12.1762463751105,12.2002687528023,1
139,1,13.75,25,12.2002687528023,12.3912403629757,1
139,1,13.75,25,12.3912403629757,12.4266561013146,1
139,1,13.75,25,12.4266561013146,12.560041959817,1
139,1,13.75,25,12.560041959817,12.9561150412668,1
139,1,13.75,25,12.9561150412668,13.0042191506388,1
139,1,13.75,25,13.0042191506388,13.0883730972538,1
139,1,13.75,25,13.0883730972538,13.337868387433,1
139,1,13.75,25,13.337868387433,13.3992112167642,1
139,1,13.75,25,13.3992112167642,13.6715513395578,1
139,1,13.75,25,13.6715513395578,13.75,0
140,1,16.75,3,0,0.0134817247882813,1
140,1,16.75,3,0.0134817247882813,5.27914512425736,1
140,1,16.75,3,5.27914512425736,14.3235478047015,1
140,1,16.75,3,14.3235478047015,16.75,0
141,1,14.75,1,0,1.61092614788637,1
141,1,14.75,1,1.61092614788637,14.75,0
142,1,8.75,1,0,6.19223890586081,1
142,1,8.75,1,6.19223890586081,8.75,0
143,1,19.75,3,0,4.66028868382008,1
143,1,19.75,3,4.66028868382008,6.28894756714609,1
143,1,19.75,3,6.28894756714609,16.6762061789814,1
143,1,19.75,3,16.6762061789814,19.75,0
144,1,12.75,1,0,2.82186155192211,1
144,1,12.75,1,2.82186155192211,12.75,0
145,1,11.75,0,0,11.75,0
146,1,17.75,27,0,8.23952859214061,1
146,1,17.75,27,8.23952859214061,8.50884316236088,1
146,1,17.75,27,8.50884316236088,8.87535586829253,1
146,1,17.75,27,8.87535586829253,9.09645159436743,1
146,1,17.75,27,9.09645159436743,9.18092016636238,1
146,1,17.75,27,9.18092016636238,9.99166251939706,1
146,1,17.75,27,9.99166251939706,10.067479008213,1
146,1,17.75,27,10.067479008213,10.869133666514,1
146,1,17.75,27,10.869133666514,13.1678867104567,1
146,1,17.75,27,13.1678867104567,13.3184214387271,1
146,1,17.75,27,13.3184214387271,13.6316461506076,1
146,1,17.75,27,13.6316461506076,13.7148490974249,1
146,1,17.75,27,13.7148490974249,13.7717860703649,1
146,1,17.75,27,13.7717860703649,14.0210529247571,1
146,1,17.75,27,14.0210529247571,14.0884936983293,1
146,1,17.75,27,14.0884936983293,14.2269057476385,1
146,1,17.75,27,14.2269057476385,14.2710791740911,1
146,1,17.75,27,14.2710791740911,14.9945217642986,1
146,1,17.75,27,14.9945217642986,15.0075436026267,1
146,1,17.75,27,15.0075436026267,15.0604817573079,1
146,1,17.75,27,15.0604817573079,15.5018899199289,1
146,1,17.75,27,15.5018899199289,16.6362992823049,1
146,1,17.75,27,16.6362992823049,16.7072444607604,1
146,1,17.75,27,16.7072444607604,17.1694036286714,1
146,1,17.75,27,17.1694036286714,17.5544038871041,1
146,1,17.75,27,17.5544038871041,17.6364015912709,1
146,1,17.75,27,17.6364015912709,17.7258055320347,1
146,1,17.75,27,17.7258055320347,17.75,0
147,1,19.75,3,0,2.54589096993614,1
147,1,19.75,3,2.54589096993614,4.7267352410465,1
147,1,19.75,3,4.7267352410465,16.1105084804778,1
147,1,19.75,3,16.1105084804778,19.75,0
148,1,19.75,4,0,0.00098519494769085,1
148,1,19.75,4,0.00098519494769085,4.39920836967523,1
148,1,19.75,4,4.39920836967523,8.40431471853231,1
148,1,19.75,4,8.40431471853231,14.2112870800516,1
148,1,19.75,4,14.2112870800516,19.75,0
149,1,18.75,1,0,0.80847031884188,1
149,1,18.75,1,0.80847031884188,18.75,0
150,1,18.75,48,0,3.67926619201484,1
150,1,18.75,48,3.67926619201484,4.70454046810469,1
150,1,18.75,48,4.70454046810469,4.77748863067689,1
150,1,18.75,48,4.77748863067689,5.50066271411568,1
150,1,18.75,48,5.50066271411568,7.17210247054726,1
150,1,18.75,48,7.17210247054726,7.88280176348578,1
150,1,18.75,48,7.88280176348578,8.55837769103094,1
150,1,18.75,48,8.55837769103094,8.7397825052421,1
150,1,18.75,48,8.7397825052421,8.93926517197102,1
150,1,18.75,48,8.93926517197102,9.01831188942936,1
150,1,18.75,48,9.01831188942936,9.4847607733161,1
150,1,18.75,48,9.4847607733161,9.63814723312107,1
150,1,18.75,48,9.63814723312107,9.67130848317077,1
150,1,18.75,48,9.67130848317077,9.91620281678034,1
150,1,18.75,48,9.91620281678034,10.0147688810359,1
150,1,18.75,48,10.0147688810359,10.0934265451722,1
150,1,18.75,48,10.0934265451722,10.1030635764434,1
150,1,18.75,48,10.1030635764434,10.6277221996583,1
150,1,18.75,48,10.6277221996583,10.6291097214473,1
150,1,18.75,48,10.6291097214473,11.6957116061021,1
150,1,18.75,48,11.6957116061021,11.7673713641891,1
150,1,18.75,48,11.7673713641891,11.9392607967802,1
150,1,18.75,48,11.9392607967802,12.1116910609583,1
150,1,18.75,48,12.1116910609583,12.8905754366064,1
150,1,18.75,48,12.8905754366064,13.1295598758688,1
150,1,18.75,48,13.1295598758688,13.3103367973185,1
150,1,18.75,48,13.3103367973185,13.7916416327515,1
150,1,18.75,48,13.7916416327515,13.9189347811686,1
150,1,18.75,48,13.9189347811686,13.9244456594919,1
150,1,18.75,48,13.9244456594919,14.070493040288,1
150,1,18.75,48,14.070493040288,14.5974218454708,1
150,1,18.75,48,14.5974218454708,14.9724843088577,1
150,1,18.75,48,14.9724843088577,14.9770185017804,1
150,1,18.75,48,14.9770185017804,15.2025418611451,1
150,1,18.75,48,15.2025418611451,15.9231361212962,1
150,1,18.75,48,15.9231361212962,16.2938595380981,1
150,1,18.75,48,16.2938595380981,16.6807084516783,1
150,1,18.75,48,16.6807084516783,16.7440515311015,1
150,1,18.75,48,16.7440515311015,17.1604979786612,1
150,1,18.75,48,17.1604979786612,17.3418513006242,1
150,1,18.75,48,17.3418513006242,17.5871400424078,1
150,1,18.75,48,17.5871400424078,17.8437616947452,1
150,1,18.75,48,17.8437616947452,17.9108891373633,1
150,1,18.75,48,17.9108891373633,18.0897695405136,1
150,1,18.75,48,18.0897695405136,18.3631063862361,1
150,1,18.75,48,18.3631063862361,18.4454525114771,1
150,1,18.75,48,18.4454525114771,18.501231172126,1
150,1,18.75,48,18.501231172126,18.7379693285382,1
150,1,18.75,48,18.7379693285382,18.75,0
151,1,12.75,7,0,0.000999857317088764,1
151,1,12.75,7,0.000999857317088764,0.0364609112135584,1
151,1,12.75,7,0.0364609112135584,0.099068046802804,1
151,1,12.75,7,0.099068046802804,1.70598379510181,1
151,1,12.75,7,1.70598379510181,2.19485207059811,1
151,1,12.75,7,2.19485207059811,2.51590158568886,1
151,1,12.75,7,2.51590158568886,10.2715353341966,1
151,1,12.75,7,10.2715353341966,12.75,0
152,1,16.75,61,0,3.73013013297373,1
152,1,16.75,61,3.73013013297373,3.77467273064685,1
152,1,16.75,61,3.77467273064685,5.06130069357467,1
152,1,16.75,61,5.06130069357467,5.96166687966158,1
152,1,16.75,61,5.96166687966158,6.43265930059817,1
152,1,16.75,61,6.43265930059817,6.95553362624369,1
152,1,16.75,61,6.95553362624369,7.10349813276222,1
152,1,16.75,61,7.10349813276222,7.440770364815,1
152,1,16.75,61,7.440770364815,7.47938390093364,1
152,1,16.75,61,7.47938390093364,7.49635253272901,1
152,1,16.75,61,7.49635253272901,7.8072791809344,1
152,1,16.75,61,7.8072791809344,8.3920986050878,1
152,1,16.75,61,8.3920986050878,9.25593429664305,1
152,1,16.75,61,9.25593429664305,9.25789335388985,1
152,1,16.75,61,9.25789335388985,9.67156009905734,1
152,1,16.75,61,9.67156009905734,9.70473959576557,1
152,1,16.75,61,9.70473959576557,9.92238140928847,1
152,1,16.75,61,9.92238140928847,10.0234538474582,1
152,1,16.75,61,10.0234538474582,10.1007580932784,1
152,1,16.75,61,10.1007580932784,10.1315601993666,1
152,1,16.75,61,10.1315601993666,10.2018636322313,1
152,1,16.75,61,10.2018636322313,10.3483649645012,1
152,1,16.75,61,10.3483649645012,10.9349854210553,1
152,1,16.75,61,10.9349854210553,11.1245072079559,1
152,1,16.75,61,11.1245072079559,11.20184690655,1
152,1,16.75,61,11.20184690655,11.4179442519013,1
152,1,16.75,61,11.4179442519013,11.4695388012395,1
152,1,16.75,61,11.4695388012395,12.4356407244036,1
152,1,16.75,61,12.4356407244036,12.4377955192713,1
152,1,16.75,61,12.4377955192713,12.6381379486846,1
152,1,16.75,61,12.6381379486846,12.8138259471444,1
152,1,16.75,61,12.8138259471444,13.1644428706704,1
152,1,16.75,61,13.1644428706704,13.3199517794168,1
152,1,16.75,61,13.3199517794168,13.7743940000551,1
152,1,16.75,61,13.7743940000551,13.8769333100379,1
152,1,16.75,61,13.8769333100379,13.91943325676,1
152,1,16.75,61,13.91943325676,13.9461684182944,1
152,1,16.75,61,13.9461684182944,13.9884021735224,1
152,1,16.75,61,13.9884021735224,14.7521594659219,1
152,1,16.75,61,14.7521594659219,14.7923209331994,1
152,1,16.75,61,14.7923209331994,14.9252576743149,1
152,1,16.75,61,14.9252576743149,15.1283436123736,1
152,1,16.75,61,15.1283436123736,15.1404573319285,1
152,1,16.75,61,15.1404573319285,15.3500318727629,1
152,1,16.75,61,15.3500318727629,15.4489707599316,1
152,1,16.75,61,15.4489707599316,15.6235838940457,1
152,1,16.75,61,15.6235838940457,15.7824637169141,1
152,1,16.75,61,15.7824637169141,15.8999341076728,1
152,1,16.75,61,15.8999341076728,15.967714056959,1
152,1,16.75,61,15.967714056959,16.1133251634834,1
152,1,16.75,61,16.1133251634834,16.213004032687,1
152,1,16.75,61,16.213004032687,16.2501871674355,1
152,1,16.75,61,16.2501871674355,16.2528978333907,1
152,1,16.75,61,16.2528978333907,16.3549506860295,1
152,1,16.75,61,16.3549506860295,16.3607243677768,1
152,1,16.75,61,16.3607243677768,16.4544942630867,1
152,1,16.75,61,16.4544942630867,16.5341767323673,1
152,1,16.75,61,16.5341767323673,16.5609399593474,1
152,1,16.75,61,16.5609399593474,16.6835948198881,1
152,1,16.75,61,16.6835948198881,16.7312638725197,1
152,1,16.75,61,16.7312638725197,16.7384492412864,1
152,1,16.75,61,16.7384492412864,16.75,0
153,1,18.75,52,0,3.05494063613095,1
153,1,18.75,52,3.05494063613095,4.27278744096802,1
153,1,18.75,52,4.27278744096802,5.4651607831201,1
153,1,18.75,52,5.4651607831201,7.20648533586675,1
153,1,18.75,52,7.20648533586675,7.46159206524303,1
153,1,18.75,52,7.46159206524303,9.20535730135769,1
153,1,18.75,52,9.20535730135769,10.1069066951249,1
153,1,18.75,52,10.1069066951249,10.1645293715027,1
153,1,18.75,52,10.1645293715027,10.2169907507706,1
153,1,18.75,52,10.2169907507706,10.2612238020086,1
153,1,18.75,52,10.2612238020086,10.59531984916,1
153,1,18.75,52,10.59531984916,10.6066117853281,1
153,1,18.75,52,10.6066117853281,10.963609157541,1
153,1,18.75,52,10.963609157541,10.9895944175381,1
153,1,18.75,52,10.9895944175381,11.3073111896481,1
153,1,18.75,52,11.3073111896481,11.6057339470065,1
153,1,18.75,52,11.6057339470065,11.9146042069358,1
153,1,18.75,52,11.9146042069358,12.5437578182415,1
153,1,18.75,52,12.5437578182415,12.6045685982639,1
153,1,18.75,52,12.6045685982639,13.1403985192329,1
153,1,18.75,52,13.1403985192329,13.2295388343425,1
153,1,18.75,52,13.2295388343425,13.3075572937979,1
153,1,18.75,52,13.3075572937979,13.4644515204441,1
153,1,18.75,52,13.4644515204441,13.9744564991374,1
153,1,18.75,52,13.9744564991374,14.0460845416634,1
153,1,18.75,52,14.0460845416634,14.1400277597637,1
153,1,18.75,52,14.1400277597637,14.3507783042839,1
153,1,18.75,52,14.3507783042839,14.4045457110303,1
153,1,18.75,52,14.4045457110303,15.0437940998667,1
153,1,18.75,52,15.0437940998667,15.10281205988,1
153,1,18.75,52,15.10281205988,15.2234117090596,1
153,1,18.75,52,15.2234117090596,15.3165712414586,1
153,1,18.75,52,15.3165712414586,15.5851124518437,1
153,1,18.75,52,15.5851124518437,15.6067912174901,1
153,1,18.75,52,15.6067912174901,16.1244144652181,1
153,1,18.75,52,16.1244144652181,16.16560490429,1
153,1,18.75,52,16.16560490429,16.2387182402476,1
153,1,18.75,52,16.2387182402476,16.3430810700754,1
153,1,18.75,52,16.3430810700754,16.5525888475971,1
153,1,18.75,52,16.5525888475971,16.6326648849053,1
153,1,18.75,52,16.6326648849053,16.8451354369158,1
153,1,18.75,52,16.8451354369158,16.9239546322833,1
153,1,18.75,52,16.9239546322833,17.0252828699973,1
153,1,18.75,52,17.0252828699973,17.1724696171422,1
153,1,18.75,52,17.1724696171422,17.2825781146919,1
153,1,18.75,52,17.2825781146919,17.3529552362549,1
153,1,18.75,52,17.3529552362549,17.4638445770727,1
153,1,18.75,52,17.4638445770727,17.8869851418101,1
153,1,18.75,52,17.8869851418101,17.9059864702468,1
153,1,18.75,52,17.9059864702468,18.1307490506837,1
153,1,18.75,52,18.1307490506837,18.1486571232625,1
153,1,18.75,52,18.1486571232625,18.7154419793013,1
153,1,18.75,52,18.7154419793013,18.75,0
154,1,8.75,6,0,0.316447303900724,1
154,1,8.75,6,0.316447303900724,5.98293270313437,1
154,1,8.75,6,5.98293270313437,6.70960517306918,1
154,1,8.75,6,6.70960517306918,7.01407036958795,1
154,1,8.75,6,7.01407036958795,7.96497035227724,1
154,1,8.75,6,7.96497035227724,8.33399130270463,1
154,1,8.75,6,8.33399130270463,8.75,0
155,1,14.75,11,0,5.4290012197221,1
155,1,14.75,11,5.4290012197221,6.4876887371907,1
155,1,14.75,11,6.4876887371907,9.17471559511166,1
155,1,14.75,11,9.17471559511166,9.24259941196249,1
155,1,14.75,11,9.24259941196249,9.8829989394418,1
155,1,14.75,11,9.8829989394418,11.9239952286185,1
155,1,14.75,11,11.9239952286185,13.6554353562085,1
155,1,14.75,11,13.6554353562085,13.7110529450729,1
155,1,14.75,11,13.7110529450729,13.7188546358509,1
155,1,14.75,11,13.7188546358509,14.6778057801511,1
155,1,14.75,11,14.6778057801511,14.6930291535766,1
155,1,14.75,11,14.6930291535766,14.75,0
156,1,8.75,2,0,5.09619979909774,1
156,1,8.75,2,5.09619979909774,7.42601744605743,1
156,1,8.75,2,7.42601744605743,8.75,0
157,1,8.75,7,0,3.0386069098894,1
157,1,8.75,7,3.0386069098894,3.52908071455125,1
157,1,8.75,7,3.52908071455125,6.24168697907414,1
157,1,8.75,7,6.24168697907414,6.43896353951269,1
157,1,8.75,7,6.43896353951269,8.25563107080122,1
157,1,8.75,7,8.25563107080122,8.44101471345267,1
157,1,8.75,7,8.44101471345267,8.57906053150982,1
157,1,8.75,7,8.57906053150982,8.75,0
158,1,16.75,42,0,0.64889011242137,1
158,1,16.75,42,0.64889011242137,1.2759170875568,1
158,1,16.75,42,1.2759170875568,1.29746622735808,1
158,1,16.75,42,1.29746622735808,2.17229850926081,1
158,1,16.75,42,2.17229850926081,4.64664582132393,1
158,1,16.75,42,4.64664582132393,6.88974190135791,1
158,1,16.75,42,6.88974190135791,7.98102884690974,1
158,1,16.75,42,7.98102884690974,8.46123026157036,1
158,1,16.75,42,8.46123026157036,8.93187401935906,1
158,1,16.75,42,8.93187401935906,9.27499138995787,1
158,1,16.75,42,9.27499138995787,10.4937977868228,1
158,1,16.75,42,10.4937977868228,10.9371751108269,1
158,1,16.75,42,10.9371751108269,11.0390518545901,1
158,1,16.75,42,11.0390518545901,11.4715136883815,1
158,1,16.75,42,11.4715136883815,11.6603739786266,1
158,1,16.75,42,11.6603739786266,12.1064057740089,1
158,1,16.75,42,12.1064057740089,12.532338056777,1
158,1,16.75,42,12.532338056777,12.7233274110434,1
158,1,16.75,42,12.7233274110434,12.9630366676161,1
158,1,16.75,42,12.9630366676161,13.1565222560452,1
158,1,16.75,42,13.1565222560452,13.343183113584,1
158,1,16.75,42,13.343183113584,13.524214995658,1
158,1,16.75,42,13.524214995658,13.6156208743637,1
158,1,16.75,42,13.6156208743637,13.7782219821721,1
158,1,16.75,42,13.7782219821721,13.8121146326025,1
158,1,16.75,42,13.8121146326025,14.1813065064448,1
158,1,16.75,42,14.1813065064448,14.4391933275339,1
158,1,16.75,42,14.4391933275339,14.7282822223349,1
158,1,16.75,42,14.7282822223349,14.7870491891278,1
158,1,16.75,42,14.7870491891278,14.8487652385931,1
158,1,16.75,42,14.8487652385931,14.9419621234802,1
158,1,16.75,42,14.9419621234802,15.1758420495089,1
158,1,16.75,42,15.1758420495089,15.1775957387108,1
158,1,16.75,42,15.1775957387108,15.8594447130196,1
158,1,16.75,42,15.8594447130196,16.1453722457046,1
158,1,16.75,42,16.1453722457046,16.16779401889,1
158,1,16.75,42,16.16779401889,16.290702928048,1
158,1,16.75,42,16.290702928048,16.5159782212809,1
158,1,16.75,42,16.5159782212809,16.5458438133032,1
158,1,16.75,42,16.5458438133032,16.6026198308214,1
158,1,16.75,42,16.6026198308214,16.621293265671,1
158,1,16.75,42,16.621293265671,16.663618265459,1
158,1,16.75,42,16.663618265459,16.75,0
159,1,15.75,3,0,1.05563653867148,1
159,1,15.75,3,1.05563653867148,5.95078454308636,1
159,1,15.75,3,5.95078454308636,8.52166309065352,1
159,1,15.75,3,8.52166309065352,15.75,0
160,1,12.75,3,0,3.37108811705349,1
160,1,12.75,3,3.37108811705349,4.33036496445069,1
160,1,12.75,3,4.33036496445069,5.68054914978104,1
160,1,12.75,3,5.68054914978104,12.75,0
161,1,11.75,14,0,5.58217634473064,1
161,1,11.75,14,5.58217634473064,6.09068681029517,1
161,1,11.75,14,6.09068681029517,6.69323116674208,1
161,1,11.75,14,6.69323116674208,7.52006409641107,1
161,1,11.75,14,7.52006409641107,8.29730339747168,1
161,1,11.75,14,8.29730339747168,8.75920401520768,1
161,1,11.75,14,8.75920401520768,8.92071581473644,1
161,1,11.75,14,8.92071581473644,9.20858798867017,1
161,1,11.75,14,9.20858798867017,9.74866272484468,1
161,1,11.75,14,9.74866272484468,9.76646234192515,1
161,1,11.75,14,9.76646234192515,9.89559799314046,1
161,1,11.75,14,9.89559799314046,11.1003766296793,1
161,1,11.75,14,11.1003766296793,11.4367441056473,1
161,1,11.75,14,11.4367441056473,11.6547442381666,1
161,1,11.75,14,11.6547442381666,11.75,0
162,1,18.75,2,0,1.0279201940776,1
162,1,18.75,2,1.0279201940776,7.65093590025789,1
162,1,18.75,2,7.65093590025789,18.75,0
163,1,18.75,2,0,9.28437445396822,1
163,1,18.75,2,9.28437445396822,11.9315143161966,1
163,1,18.75,2,11.9315143161966,18.75,0
164,1,10.75,2,0,0.0911009876674748,1
164,1,10.75,2,0.0911009876674748,2.69921911891867,1
164,1,10.75,2,2.69921911891867,10.75,0
165,1,14.75,2,0,6.41482906312441,1
165,1,14.75,2,6.41482906312441,9.5948590352242,1
165,1,14.75,2,9.5948590352242,14.75,0
166,1,17.75,7,0,0.000208843366935362,1
166,1,17.75,7,0.000208843366935362,1.67849071700686,1
166,1,17.75,7,1.67849071700686,2.1618694729199,1
166,1,17.75,7,2.1618694729199,3.20702536178598,1
166,1,17.75,7,3.20702536178598,4.25100735783452,1
166,1,17.75,7,4.25100735783452,12.486634102519,1
166,1,17.75,7,12.486634102519,12.4953962198953,1
166,1,17.75,7,12.4953962198953,17.75,0
167,1,11.75,1,0,5.0527702714693,1
167,1,11.75,1,5.0527702714693,11.75,0
168,1,10.75,1,0,0.667885865512987,1
168,1,10.75,1,0.667885865512987,10.75,0
169,1,17.75,54,0,4.05417798813471,1
169,1,17.75,54,4.05417798813471,4.53577710549488,1
169,1,17.75,54,4.53577710549488,4.87763032054971,1
169,1,17.75,54,4.87763032054971,5.64902268861072,1
169,1,17.75,54,5.64902268861072,5.66190208335222,1
169,1,17.75,54,5.66190208335222,6.91002315159739,1
169,1,17.75,54,6.91002315159739,7.46390273394903,1
169,1,17.75,54,7.46390273394903,8.55788274979045,1
169,1,17.75,54,8.55788274979045,9.42779396302713,1
169,1,17.75,54,9.42779396302713,10.1321173063489,1
169,1,17.75,54,10.1321173063489,10.8462831325048,1
169,1,17.75,54,10.8462831325048,10.8859159190074,1
169,1,17.75,54,10.8859159190074,11.2134443216906,1
169,1,17.75,54,11.2134443216906,11.3036346397648,1
169,1,17.75,54,11.3036346397648,11.5272825271605,1
169,1,17.75,54,11.5272825271605,11.5780908820676,1
169,1,17.75,54,11.5780908820676,11.7202973109746,1
169,1,17.75,54,11.7202973109746,11.7499187631224,1
169,1,17.75,54,11.7499187631224,12.0158597093033,1
169,1,17.75,54,12.0158597093033,12.2280464044578,1
169,1,17.75,54,12.2280464044578,12.4638505513247,1
169,1,17.75,54,12.4638505513247,12.7102402247804,1
169,1,17.75,54,12.7102402247804,13.4950765422106,1
169,1,17.75,54,13.4950765422106,13.4965582756333,1
169,1,17.75,54,13.4965582756333,13.7004698903047,1
169,1,17.75,54,13.7004698903047,13.9317760083443,1
169,1,17.75,54,13.9317760083443,14.1590912139448,1
169,1,17.75,54,14.1590912139448,14.3596938606971,1
169,1,17.75,54,14.3596938606971,14.427028391231,1
169,1,17.75,54,14.427028391231,14.7792874872539,1
169,1,17.75,54,14.7792874872539,14.8892339778983,1
169,1,17.75,54,14.8892339778983,15.0671589139667,1
169,1,17.75,54,15.0671589139667,15.1355881610299,1
169,1,17.75,54,15.1355881610299,15.1784215466258,1
169,1,17.75,54,15.1784215466258,15.2143586512488,1
169,1,17.75,54,15.2143586512488,15.2924287818933,1
169,1,17.75,54,15.2924287818933,15.8206186896215,1
169,1,17.75,54,15.8206186896215,15.8825171038136,1
169,1,17.75,54,15.8825171038136,15.9616891315081,1
169,1,17.75,54,15.9616891315081,16.080217562919,1
169,1,17.75,54,16.080217562919,16.090369101461,1
169,1,17.75,54,16.090369101461,16.1998931218741,1
169,1,17.75,54,16.1998931218741,16.2399926201698,1
169,1,17.75,54,16.2399926201698,16.3786414078222,1
169,1,17.75,54,16.3786414078222,16.5494191718369,1
169,1,17.75,54,16.5494191718369,16.5542594819065,1
169,1,17.75,54,16.5542594819065,16.7419369038033,1
169,1,17.75,54,16.7419369038033,16.8672735162794,1
169,1,17.75,54,16.8672735162794,17.0019863701703,1
169,1,17.75,54,17.0019863701703,17.1526685155607,1
169,1,17.75,54,17.1526685155607,17.4100876958721,1
169,1,17.75,54,17.4100876958721,17.6435095352459,1
169,1,17.75,54,17.6435095352459,17.658125737794,1
169,1,17.75,54,17.658125737794,17.6849772794055,1
169,1,17.75,54,17.6849772794055,17.75,0
170,1,15.75,35,0,3.53400515878625,1
170,1,15.75,35,3.53400515878625,4.69490515900278,1
170,1,15.75,35,4.69490515900278,6.96478884568443,1
170,1,15.75,35,6.96478884568443,7.72693343808879,1
170,1,15.75,35,7.72693343808879,9.51925964646854,1
170,1,15.75,35,9.51925964646854,10.0114746729878,1
170,1,15.75,35,10.0114746729878,10.407450678391,1
170,1,15.75,35,10.407450678391,10.6305479190058,1
170,1,15.75,35,10.6305479190058,10.7178827362721,1
170,1,15.75,35,10.7178827362721,11.0270290739242,1
170,1,15.75,35,11.0270290739242,11.236119994118,1
170,1,15.75,35,11.236119994118,11.3741533189642,1
170,1,15.75,35,11.3741533189642,11.6497746512111,1
170,1,15.75,35,11.6497746512111,11.8165432294377,1
170,1,15.75,35,11.8165432294377,11.8681449806205,1
170,1,15.75,35,11.8681449806205,12.5674922658175,1
170,1,15.75,35,12.5674922658175,12.584855451824,1
170,1,15.75,35,12.584855451824,12.8776004548993,1
170,1,15.75,35,12.8776004548993,12.9512205034442,1
170,1,15.75,35,12.9512205034442,12.9798300654493,1
170,1,15.75,35,12.9798300654493,13.0150054086226,1
170,1,15.75,35,13.0150054086226,13.0405026940519,1
170,1,15.75,35,13.0405026940519,14.0173608989337,1
170,1,15.75,35,14.0173608989337,14.3537472573838,1
170,1,15.75,35,14.3537472573838,14.3975432014043,1
170,1,15.75,35,14.3975432014043,14.6699478684258,1
170,1,15.75,35,14.6699478684258,14.7162597013868,1
170,1,15.75,35,14.7162597013868,14.856038592742,1
170,1,15.75,35,14.856038592742,15.0379352840716,1
170,1,15.75,35,15.0379352840716,15.2997728662646,1
170,1,15.75,35,15.2997728662646,15.3780777421621,1
170,1,15.75,35,15.3780777421621,15.4747875534825,1
170,1,15.75,35,15.4747875534825,15.6701474369001,1
170,1,15.75,35,15.6701474369001,15.7466208791721,1
170,1,15.75,35,15.7466208791721,15.7482338842175,1
170,1,15.75,35,15.7482338842175,15.75,0
171,1,17.75,2,0,4.17574094119649,1
171,1,17.75,2,4.17574094119649,4.37239364543982,1
171,1,17.75,2,4.37239364543982,17.75,0
172,1,18.75,65,0,1.20239719405632,1
172,1,18.75,65,1.20239719405632,2.94421796478643,1
172,1,18.75,65,2.94421796478643,4.74120029784564,1
172,1,18.75,65,4.74120029784564,4.99865713939275,1
172,1,18.75,65,4.99865713939275,5.26886329332447,1
172,1,18.75,65,5.26886329332447,5.94404327785838,1
172,1,18.75,65,5.94404327785838,6.16537248928457,1
172,1,18.75,65,6.16537248928457,6.70574016502343,1
172,1,18.75,65,6.70574016502343,8.65301927986887,1
172,1,18.75,65,8.65301927986887,8.77966891883929,1
172,1,18.75,65,8.77966891883929,9.4196461643812,1
172,1,18.75,65,9.4196461643812,9.48627931067815,1
172,1,18.75,65,9.48627931067815,9.51226720379034,1
172,1,18.75,65,9.51226720379034,9.79982617864015,1
172,1,18.75,65,9.79982617864015,9.94297738187015,1
172,1,18.75,65,9.94297738187015,10.0339946927593,1
172,1,18.75,65,10.0339946927593,10.2155091417452,1
172,1,18.75,65,10.2155091417452,10.2659000605808,1
172,1,18.75,65,10.2659000605808,10.3826487615817,1
172,1,18.75,65,10.3826487615817,10.8772165684089,1
172,1,18.75,65,10.8772165684089,11.0245528250692,1
172,1,18.75,65,11.0245528250692,11.2011984450684,1
172,1,18.75,65,11.2011984450684,11.25149480726,1
172,1,18.75,65,11.25149480726,11.4486226523483,1
172,1,18.75,65,11.4486226523483,11.6108332365755,1
172,1,18.75,65,11.6108332365755,11.6805929867565,1
172,1,18.75,65,11.6805929867565,11.7904437105555,1
172,1,18.75,65,11.7904437105555,11.8462841125283,1
172,1,18.75,65,11.8462841125283,12.1150891456212,1
172,1,18.75,65,12.1150891456212,12.5831724036849,1
172,1,18.75,65,12.5831724036849,12.6100494346238,1
172,1,18.75,65,12.6100494346238,12.8636148936669,1
172,1,18.75,65,12.8636148936669,12.9948979777908,1
172,1,18.75,65,12.9948979777908,13.0760084787668,1
172,1,18.75,65,13.0760084787668,14.3865019325264,1
172,1,18.75,65,14.3865019325264,14.3968195529627,1
172,1,18.75,65,14.3968195529627,14.509692859287,1
172,1,18.75,65,14.509692859287,14.5843254500233,1
172,1,18.75,65,14.5843254500233,14.7870025250394,1
172,1,18.75,65,14.7870025250394,14.8000354110041,1
172,1,18.75,65,14.8000354110041,15.1032401495874,1
172,1,18.75,65,15.1032401495874,15.32617321686,1
172,1,18.75,65,15.32617321686,15.7268474858201,1
172,1,18.75,65,15.7268474858201,15.8644822500491,1
172,1,18.75,65,15.8644822500491,15.9920895309041,1
172,1,18.75,65,15.9920895309041,16.058135791818,1
172,1,18.75,65,16.058135791818,16.1093027188015,1
172,1,18.75,65,16.1093027188015,16.4689606017797,1
172,1,18.75,65,16.4689606017797,16.512571013107,1
172,1,18.75,65,16.512571013107,16.6106159224258,1
172,1,18.75,65,16.6106159224258,16.7746079951568,1
172,1,18.75,65,16.7746079951568,16.7980013857964,1
172,1,18.75,65,16.7980013857964,16.8993433591614,1
172,1,18.75,65,16.8993433591614,17.067275961523,1
172,1,18.75,65,17.067275961523,17.1801208373618,1
172,1,18.75,65,17.1801208373618,17.198280758337,1
172,1,18.75,65,17.198280758337,17.6423556196832,1
172,1,18.75,65,17.6423556196832,17.7581515721405,1
172,1,18.75,65,17.7581515721405,17.8250404019294,1
172,1,18.75,65,17.8250404019294,17.8438100252608,1
172,1,18.75,65,17.8438100252608,17.8765758586572,1
172,1,18.75,65,17.8765758586572,18.0287327029326,1
172,1,18.75,65,18.0287327029326,18.1641628485795,1
172,1,18.75,65,18.1641628485795,18.4411492326461,1
172,1,18.75,65,18.4411492326461,18.4909883434846,1
172,1,18.75,65,18.4909883434846,18.75,0
173,1,17.75,2,0,9.70352427400262,1
173,1,17.75,2,9.70352427400262,15.3978372734404,1
173,1,17.75,2,15.3978372734404,17.75,0
174,1,10.75,2,0,0.0636040987112533,1
174,1,10.75,2,0.0636040987112533,0.43599062171576,1
174,1,10.75,2,0.43599062171576,10.75,0
175,1,13.75,1,0,6.84978633629081,1
175,1,13.75,1,6.84978633629081,13.75,0
176,1,16.75,3,0,7.00257390131125,1
176,1,16.75,3,7.00257390131125,9.69935681297818,1
176,1,16.75,3,9.69935681297818,10.729180795714,1
176,1,16.75,3,10.729180795714,16.75,0
177,1,14.75,26,0,1.64372462832833,1
177,1,14.75,26,1.64372462832833,3.67075340633501,1
177,1,14.75,26,3.67075340633501,4.8901310853992,1
177,1,14.75,26,4.8901310853992,5.20673159180595,1
177,1,14.75,26,5.20673159180595,5.37668779689524,1
177,1,14.75,26,5.37668779689524,6.35388987872629,1
177,1,14.75,26,6.35388987872629,7.5106488279827,1
177,1,14.75,26,7.5106488279827,8.20044130382262,1
177,1,14.75,26,8.20044130382262,8.54676012363297,1
177,1,14.75,26,8.54676012363297,9.14344950061058,1
177,1,14.75,26,9.14344950061058,9.36715881618363,1
177,1,14.75,26,9.36715881618363,9.40225050576468,1
177,1,14.75,26,9.40225050576468,9.81571751006573,1
177,1,14.75,26,9.81571751006573,10.0055560050396,1
177,1,14.75,26,10.0055560050396,10.26471208245,1
177,1,14.75,26,10.26471208245,10.9670435468298,1
177,1,14.75,26,10.9670435468298,11.773818405613,1
177,1,14.75,26,11.773818405613,12.4619446316427,1
177,1,14.75,26,12.4619446316427,12.9895293907143,1
177,1,14.75,26,12.9895293907143,13.0858549280882,1
177,1,14.75,26,13.0858549280882,13.3038947817276,1
177,1,14.75,26,13.3038947817276,13.3573758227906,1
177,1,14.75,26,13.3573758227906,13.3878048786833,1
177,1,14.75,26,13.3878048786833,13.7842520607426,1
177,1,14.75,26,13.7842520607426,14.1774859112033,1
177,1,14.75,26,14.1774859112033,14.2600584496234,1
177,1,14.75,26,14.2600584496234,14.75,0
178,1,14.75,30,0,3.94346594252049,1
178,1,14.75,30,3.94346594252049,4.62359234067647,1
178,1,14.75,30,4.62359234067647,4.79603015706046,1
178,1,14.75,30,4.79603015706046,4.8755562802371,1
178,1,14.75,30,4.8755562802371,7.49133355581143,1
178,1,14.75,30,7.49133355581143,7.63661304733303,1
178,1,14.75,30,7.63661304733303,7.70597679075418,1
178,1,14.75,30,7.70597679075418,8.5850515901478,1
178,1,14.75,30,8.5850515901478,9.21596756072865,1
178,1,14.75,30,9.21596756072865,10.2001755346921,1
178,1,14.75,30,10.2001755346921,10.6401096578802,1
178,1,14.75,30,10.6401096578802,10.7194654343176,1
178,1,14.75,30,10.7194654343176,10.945805492017,1
178,1,14.75,30,10.945805492017,11.4836085100479,1
178,1,14.75,30,11.4836085100479,11.7588846796578,1
178,1,14.75,30,11.7588846796578,12.1121228736545,1
178,1,14.75,30,12.1121228736545,12.1406450698443,1
178,1,14.75,30,12.1406450698443,12.4743156367905,1
178,1,14.75,30,12.4743156367905,12.6902347794355,1
178,1,14.75,30,12.6902347794355,12.7152197049839,1
178,1,14.75,30,12.7152197049839,12.7350188450056,1
178,1,14.75,30,12.7350188450056,12.8816807587514,1
178,1,14.75,30,12.8816807587514,13.148811723518,1
178,1,14.75,30,13.148811723518,13.1771208103256,1
178,1,14.75,30,13.1771208103256,13.6262753994452,1
178,1,14.75,30,13.6262753994452,13.6453830890796,1
178,1,14.75,30,13.6453830890796,13.7278642753346,1
178,1,14.75,30,13.7278642753346,14.0473789399225,1
178,1,14.75,30,14.0473789399225,14.2988446583379,1
178,1,14.75,30,14.2988446583379,14.3470727246529,1
178,1,14.75,30,14.3470727246529,14.75,0
179,1,13.75,45,0,1.80877130149827,1
179,1,13.75,45,1.80877130149827,2.93352036662603,1
179,1,13.75,45,2.93352036662603,3.58094483645091,1
179,1,13.75,45,3.58094483645091,3.72528785902297,1
179,1,13.75,45,3.72528785902297,4.35137658272369,1
179,1,13.75,45,4.35137658272369,4.71669067065023,1
179,1,13.75,45,4.71669067065023,5.30450814420664,1
179,1,13.75,45,5.30450814420664,5.45074438132199,1
179,1,13.75,45,5.45074438132199,5.82141291173676,1
179,1,13.75,45,5.82141291173676,5.88833837019444,1
179,1,13.75,45,5.88833837019444,6.66140365999253,1
179,1,13.75,45,6.66140365999253,8.38990713628628,1
179,1,13.75,45,8.38990713628628,8.45648667305335,1
179,1,13.75,45,8.45648667305335,8.54657538063515,1
179,1,13.75,45,8.54657538063515,8.72248583039831,1
179,1,13.75,45,8.72248583039831,9.21079808025194,1
179,1,13.75,45,9.21079808025194,9.60489305034705,1
179,1,13.75,45,9.60489305034705,9.84914208431349,1
179,1,13.75,45,9.84914208431349,10.2535307323612,1
179,1,13.75,45,10.2535307323612,10.2758313289541,1
179,1,13.75,45,10.2758313289541,10.3568824467603,1
179,1,13.75,45,10.3568824467603,10.379805296804,1
179,1,13.75,45,10.379805296804,10.5518170767974,1
179,1,13.75,45,10.5518170767974,10.7552474079943,1
179,1,13.75,45,10.7552474079943,10.7946273851752,1
179,1,13.75,45,10.7946273851752,10.9075708888941,1
179,1,13.75,45,10.9075708888941,11.0608539236661,1
179,1,13.75,45,11.0608539236661,11.1438425138838,1
179,1,13.75,45,11.1438425138838,11.2964100680778,1
179,1,13.75,45,11.2964100680778,11.5803701243336,1
179,1,13.75,45,11.5803701243336,11.6105802607646,1
179,1,13.75,45,11.6105802607646,11.753725959959,1
179,1,13.75,45,11.753725959959,11.7693601273869,1
179,1,13.75,45,11.7693601273869,11.8320098919375,1
179,1,13.75,45,11.8320098919375,11.9874095550142,1
179,1,13.75,45,11.9874095550142,12.1171460159892,1
179,1,13.75,45,12.1171460159892,12.2158972727058,1
179,1,13.75,45,12.2158972727058,12.3975937763476,1
179,1,13.75,45,12.3975937763476,12.501164643068,1
179,1,13.75,45,12.501164643068,12.53951558496,1
179,1,13.75,45,12.53951558496,12.5581090311793,1
179,1,13.75,45,12.5581090311793,12.613779217458,1
179,1,13.75,45,12.613779217458,12.9686799156544,1
179,1,13.75,45,12.9686799156544,13.1797865378473,1
179,1,13.75,45,13.1797865378473,13.3599626519907,1
179,1,13.75,45,13.3599626519907,13.75,0
180,1,11.75,21,0,5.87607529951167,1
180,1,11.75,21,5.87607529951167,6.11041773953341,1
180,1,11.75,21,6.11041773953341,6.4466102474491,1
180,1,11.75,21,6.4466102474491,6.82187769066102,1
180,1,11.75,21,6.82187769066102,6.82980146881848,1
180,1,11.75,21,6.82980146881848,7.21935619626414,1
180,1,11.75,21,7.21935619626414,7.4824738298294,1
180,1,11.75,21,7.4824738298294,7.55002200199856,1
180,1,11.75,21,7.55002200199856,7.55224008787903,1
180,1,11.75,21,7.55224008787903,7.82581945048565,1
180,1,11.75,21,7.82581945048565,8.34352805681059,1
180,1,11.75,21,8.34352805681059,8.7704169440963,1
180,1,11.75,21,8.7704169440963,8.84479127625469,1
180,1,11.75,21,8.84479127625469,8.84855232672357,1
180,1,11.75,21,8.84855232672357,8.89403384493362,1
180,1,11.75,21,8.89403384493362,9.00382770436852,1
180,1,11.75,21,9.00382770436852,10.2484316065796,1
180,1,11.75,21,10.2484316065796,10.3426634938275,1
180,1,11.75,21,10.3426634938275,10.6608818795885,1
180,1,11.75,21,10.6608818795885,10.8762079342207,1
180,1,11.75,21,10.8762079342207,11.5640187652893,1
180,1,11.75,21,11.5640187652893,11.75,0
181,1,20.75,1,0,0.242596079920328,1
181,1,20.75,1,0.242596079920328,20.75,0
182,1,16.75,0,0,16.75,0
183,1,17.75,2,0,3.43684360299932,1
183,1,17.75,2,3.43684360299932,7.42728480530139,1
183,1,17.75,2,7.42728480530139,17.75,0
184,1,19.75,29,0,2.62705958641257,1
184,1,19.75,29,2.62705958641257,3.35340126446591,1
184,1,19.75,29,3.35340126446591,5.97217248396976,1
184,1,19.75,29,5.97217248396976,6.77654391370987,1
184,1,19.75,29,6.77654391370987,7.48902745163446,1
184,1,19.75,29,7.48902745163446,9.09186047384188,1
184,1,19.75,29,9.09186047384188,10.9686269519348,1
184,1,19.75,29,10.9686269519348,10.9842911106494,1
184,1,19.75,29,10.9842911106494,12.3025693709165,1
184,1,19.75,29,12.3025693709165,13.9473097844565,1
184,1,19.75,29,13.9473097844565,15.260690540904,1
184,1,19.75,29,15.260690540904,16.1046635324902,1
184,1,19.75,29,16.1046635324902,16.2889541524015,1
184,1,19.75,29,16.2889541524015,16.5812513188418,1
184,1,19.75,29,16.5812513188418,16.5952623625638,1
184,1,19.75,29,16.5952623625638,17.0319075668808,1
184,1,19.75,29,17.0319075668808,17.1252240324779,1
184,1,19.75,29,17.1252240324779,17.2259913761468,1
184,1,19.75,29,17.2259913761468,17.3374780015099,1
184,1,19.75,29,17.3374780015099,17.4259384521914,1
184,1,19.75,29,17.4259384521914,17.6463623190361,1
184,1,19.75,29,17.6463623190361,18.0093932895681,1
184,1,19.75,29,18.0093932895681,18.0755422078766,1
184,1,19.75,29,18.0755422078766,18.330784525725,1
184,1,19.75,29,18.330784525725,18.5790407616262,1
184,1,19.75,29,18.5790407616262,18.7029770465142,1
184,1,19.75,29,18.7029770465142,19.0821017578648,1
184,1,19.75,29,19.0821017578648,19.1547768816684,1
184,1,19.75,29,19.1547768816684,19.3085554356013,1
184,1,19.75,29,19.3085554356013,19.75,0
185,1,15.75,3,0,0.0539860341366272,1
185,1,15.75,3,0.0539860341366272,0.121589124121561,1
185,1,15.75,3,0.121589124121561,14.0721047094668,1
185,1,15.75,3,14.0721047094668,15.75,0
186,1,15.75,0,0,15.75,0
187,1,11.75,9,0,2.46877409892178,1
187,1,11.75,9,2.46877409892178,2.96988697541731,1
187,1,11.75,9,2.96988697541731,4.65651934163284,1
187,1,11.75,9,4.65651934163284,4.93032158632721,1
187,1,11.75,9,4.93032158632721,5.64385670709929,1
187,1,11.75,9,5.64385670709929,6.34198950378521,1
187,1,11.75,9,6.34198950378521,7.41687912362502,1
187,1,11.75,9,7.41687912362502,9.54407362045293,1
187,1,11.75,9,9.54407362045293,10.4547194924247,1
187,1,11.75,9,10.4547194924247,11.75,0
188,1,10.75,14,0,2.27571118605957,1
188,1,10.75,14,2.27571118605957,5.73670881944313,1
188,1,10.75,14,5.73670881944313,6.07041868892083,1
188,1,10.75,14,6.07041868892083,6.09705853061443,1
188,1,10.75,14,6.09705853061443,7.44707998076085,1
188,1,10.75,14,7.44707998076085,7.69723971559613,1
188,1,10.75,14,7.69723971559613,7.82301859624154,1
188,1,10.75,14,7.82301859624154,8.08789144991493,1
188,1,10.75,14,8.08789144991493,8.7498899749692,1
188,1,10.75,14,8.7498899749692,9.23163892352667,1
188,1,10.75,14,9.23163892352667,9.64380412707259,1
188,1,10.75,14,9.64380412707259,9.97098136233709,1
188,1,10.75,14,9.97098136233709,10.3803774862288,1
188,1,10.75,14,10.3803774862288,10.4442045600069,1
188,1,10.75,14,10.4442045600069,10.75,0
189,1,13.75,23,0,3.78034338345534,1
189,1,13.75,23,3.78034338345534,3.85785028489744,1
189,1,13.75,23,3.85785028489744,4.24650172028073,1
189,1,13.75,23,4.24650172028073,6.35548270065626,1
189,1,13.75,23,6.35548270065626,7.37141589299021,1
189,1,13.75,23,7.37141589299021,9.24385904937139,1
189,1,13.75,23,9.24385904937139,9.50207581316851,1
189,1,13.75,23,9.50207581316851,9.67477195688294,1
189,1,13.75,23,9.67477195688294,10.3861271983935,1
189,1,13.75,23,10.3861271983935,10.4470043821829,1
189,1,13.75,23,10.4470043821829,10.5572314722422,1
189,1,13.75,23,10.5572314722422,10.6853507983953,1
189,1,13.75,23,10.6853507983953,10.7999917563928,1
189,1,13.75,23,10.7999917563928,11.3188822810827,1
189,1,13.75,23,11.3188822810827,11.8081143758569,1
189,1,13.75,23,11.8081143758569,11.9918929336618,1
189,1,13.75,23,11.9918929336618,12.0677271206368,1
189,1,13.75,23,12.0677271206368,12.1714128245758,1
189,1,13.75,23,12.1714128245758,12.2371439085247,1
189,1,13.75,23,12.2371439085247,12.474154490248,1
189,1,13.75,23,12.474154490248,12.5254485667142,1
189,1,13.75,23,12.5254485667142,12.9437221748394,1
189,1,13.75,23,12.9437221748394,13.5835044784892,1
189,1,13.75,23,13.5835044784892,13.75,0
190,1,17.75,48,0,1.57518889651941,1
190,1,17.75,48,1.57518889651941,4.84021155073798,1
190,1,17.75,48,4.84021155073798,5.9468075783594,1
190,1,17.75,48,5.9468075783594,6.01716730023257,1
190,1,17.75,48,6.01716730023257,6.47620969195493,1
190,1,17.75,48,6.47620969195493,8.32283111162944,1
190,1,17.75,48,8.32283111162944,8.45315186258699,1
190,1,17.75,48,8.45315186258699,8.75555942264043,1
190,1,17.75,48,8.75555942264043,9.49921770807409,1
190,1,17.75,48,9.49921770807409,9.57952283570919,1
190,1,17.75,48,9.57952283570919,9.98107874880767,1
190,1,17.75,48,9.98107874880767,10.0506590086899,1
190,1,17.75,48,10.0506590086899,11.9669098167291,1
190,1,17.75,48,11.9669098167291,11.9852700807451,1
190,1,17.75,48,11.9852700807451,11.9918060584727,1
190,1,17.75,48,11.9918060584727,12.4291319322196,1
190,1,17.75,48,12.4291319322196,12.4495597560998,1
190,1,17.75,48,12.4495597560998,13.3190350667872,1
190,1,17.75,48,13.3190350667872,13.362702982649,1
190,1,17.75,48,13.362702982649,13.4668204463136,1
190,1,17.75,48,13.4668204463136,13.9507869826604,1
190,1,17.75,48,13.9507869826604,13.9667949063822,1
190,1,17.75,48,13.9667949063822,14.2832656948558,1
190,1,17.75,48,14.2832656948558,14.5885074217545,1
190,1,17.75,48,14.5885074217545,14.8140268784919,1
190,1,17.75,48,14.8140268784919,14.9290329418122,1
190,1,17.75,48,14.9290329418122,15.0014116413854,1
190,1,17.75,48,15.0014116413854,15.1124669749613,1
190,1,17.75,48,15.1124669749613,15.1885536680622,1
190,1,17.75,48,15.1885536680622,15.2128746007628,1
190,1,17.75,48,15.2128746007628,15.2848578916246,1
190,1,17.75,48,15.2848578916246,15.5782569798949,1
190,1,17.75,48,15.5782569798949,15.6614686617581,1
190,1,17.75,48,15.6614686617581,15.7126172623147,1
190,1,17.75,48,15.7126172623147,15.9654389549999,1
190,1,17.75,48,15.9654389549999,16.1155760781425,1
190,1,17.75,48,16.1155760781425,16.1596963622456,1
190,1,17.75,48,16.1596963622456,16.1831125736587,1
190,1,17.75,48,16.1831125736587,16.2883574085069,1
190,1,17.75,48,16.2883574085069,16.8421566854396,1
190,1,17.75,48,16.8421566854396,16.9754992297145,1
190,1,17.75,48,16.9754992297145,17.2284426901387,1
190,1,17.75,48,17.2284426901387,17.3494289822642,1
190,1,17.75,48,17.3494289822642,17.3565084899919,1
190,1,17.75,48,17.3565084899919,17.397300887389,1
190,1,17.75,48,17.397300887389,17.503147604623,1
190,1,17.75,48,17.503147604623,17.5392476042601,1
190,1,17.75,48,17.5392476042601,17.7318252060837,1
190,1,17.75,48,17.7318252060837,17.75,0
191,1,15.75,19,0,5.35075139203168,1
191,1,15.75,19,5.35075139203168,6.23339091566277,1
191,1,15.75,19,6.23339091566277,6.26711935172767,1
191,1,15.75,19,6.26711935172767,8.55756320658928,1
191,1,15.75,19,8.55756320658928,8.84338111681811,1
191,1,15.75,19,8.84338111681811,11.8712761363049,1
191,1,15.75,19,11.8712761363049,12.0479560653764,1
191,1,15.75,19,12.0479560653764,12.0873940910421,1
191,1,15.75,19,12.0873940910421,13.6495960772661,1
191,1,15.75,19,13.6495960772661,13.8147541959873,1
191,1,15.75,19,13.8147541959873,14.2073160656441,1
191,1,15.75,19,14.2073160656441,14.7717840358017,1
191,1,15.75,19,14.7717840358017,14.9676106509022,1
191,1,15.75,19,14.9676106509022,15.2152295171093,1
191,1,15.75,19,15.2152295171093,15.2186532274838,1
191,1,15.75,19,15.2186532274838,15.2405278074471,1
191,1,15.75,19,15.2405278074471,15.2442451809108,1
191,1,15.75,19,15.2442451809108,15.4538156562033,1
191,1,15.75,19,15.4538156562033,15.5574555097218,1
191,1,15.75,19,15.5574555097218,15.75,0
192,1,14.75,1,0,2.20673710760252,1
192,1,14.75,1,2.20673710760252,14.75,0
193,1,12.75,21,0,5.1271024709356,1
193,1,12.75,21,5.1271024709356,5.34347232121979,1
193,1,12.75,21,5.34347232121979,5.3647057519907,1
193,1,12.75,21,5.3647057519907,6.22987044176654,1
193,1,12.75,21,6.22987044176654,7.03193930398723,1
193,1,12.75,21,7.03193930398723,7.05852324076995,1
193,1,12.75,21,7.05852324076995,8.0840396805922,1
193,1,12.75,21,8.0840396805922,8.28946013974959,1
193,1,12.75,21,8.28946013974959,9.17791404979629,1
193,1,12.75,21,9.17791404979629,10.2781697034252,1
193,1,12.75,21,10.2781697034252,10.4077084108483,1
193,1,12.75,21,10.4077084108483,10.6348899656261,1
193,1,12.75,21,10.6348899656261,10.8241157845531,1
193,1,12.75,21,10.8241157845531,10.8540100047076,1
193,1,12.75,21,10.8540100047076,11.0349329352936,1
193,1,12.75,21,11.0349329352936,11.1537910268087,1
193,1,12.75,21,11.1537910268087,11.5632371003622,1
193,1,12.75,21,11.5632371003622,11.8133066471068,1
193,1,12.75,21,11.8133066471068,12.3102593520485,1
193,1,12.75,21,12.3102593520485,12.5317597427321,1
193,1,12.75,21,12.5317597427321,12.5742201321476,1
193,1,12.75,21,12.5742201321476,12.75,0
194,1,9.75,1,0,6.19474672921293,1
194,1,9.75,1,6.19474672921293,9.75,0
195,1,14.75,31,0,2.33862949201325,1
195,1,14.75,31,2.33862949201325,5.04923370890132,1
195,1,14.75,31,5.04923370890132,5.53231216638499,1
195,1,14.75,31,5.53231216638499,6.36066197111382,1
195,1,14.75,31,6.36066197111382,8.08299421829969,1
195,1,14.75,31,8.08299421829969,8.17433298165653,1
195,1,14.75,31,8.17433298165653,8.55415443940605,1
195,1,14.75,31,8.55415443940605,9.22495270405017,1
195,1,14.75,31,9.22495270405017,9.25887027180579,1
195,1,14.75,31,9.25887027180579,9.60867736490449,1
195,1,14.75,31,9.60867736490449,10.4034923773032,1
195,1,14.75,31,10.4034923773032,10.7314346551903,1
195,1,14.75,31,10.7314346551903,11.3613944800711,1
195,1,14.75,31,11.3613944800711,11.9017428442137,1
195,1,14.75,31,11.9017428442137,11.9914533767696,1
195,1,14.75,31,11.9914533767696,12.4341930544241,1
195,1,14.75,31,12.4341930544241,12.7163592581035,1
195,1,14.75,31,12.7163592581035,12.8664740530411,1
195,1,14.75,31,12.8664740530411,12.8855891691771,1
195,1,14.75,31,12.8855891691771,12.9098657675482,1
195,1,14.75,31,12.9098657675482,12.9817683912451,1
195,1,14.75,31,12.9817683912451,13.3940303388001,1
195,1,14.75,31,13.3940303388001,13.4935426643573,1
195,1,14.75,31,13.4935426643573,13.5317781064551,1
195,1,14.75,31,13.5317781064551,13.5968791477304,1
195,1,14.75,31,13.5968791477304,13.6624446611586,1
195,1,14.75,31,13.6624446611586,13.909623601637,1
195,1,14.75,31,13.909623601637,14.0565540442828,1
195,1,14.75,31,14.0565540442828,14.39740043751,1
195,1,14.75,31,14.39740043751,14.4260749899177,1
195,1,14.75,31,14.4260749899177,14.5815272058287,1
195,1,14.75,31,14.5815272058287,14.75,0
196,1,18.75,50,0,2.97961069580308,1
196,1,18.75,50,2.97961069580308,5.14205852539477,1
196,1,18.75,50,5.14205852539477,5.2904129141904,1
196,1,18.75,50,5.2904129141904,6.13623745975605,1
196,1,18.75,50,6.13623745975605,6.45615735919582,1
196,1,18.75,50,6.45615735919582,6.78229352555251,1
196,1,18.75,50,6.78229352555251,7.52448115374611,1
196,1,18.75,50,7.52448115374611,8.45231663542491,1
196,1,18.75,50,8.45231663542491,8.61975452458164,1
196,1,18.75,50,8.61975452458164,8.89816146649179,1
196,1,18.75,50,8.89816146649179,9.12789148607958,1
196,1,18.75,50,9.12789148607958,9.93137415595656,1
196,1,18.75,50,9.93137415595656,10.5326412873383,1
196,1,18.75,50,10.5326412873383,10.796269138501,1
196,1,18.75,50,10.796269138501,11.3918840947478,1
196,1,18.75,50,11.3918840947478,11.9172797766326,1
196,1,18.75,50,11.9172797766326,12.3300941057331,1
196,1,18.75,50,12.3300941057331,12.5618550788314,1
196,1,18.75,50,12.5618550788314,12.8448205061964,1
196,1,18.75,50,12.8448205061964,12.9648798046948,1
196,1,18.75,50,12.9648798046948,13.0011465658134,1
196,1,18.75,50,13.0011465658134,13.1037376744429,1
196,1,18.75,50,13.1037376744429,13.164475061817,1
196,1,18.75,50,13.164475061817,13.7136745441868,1
196,1,18.75,50,13.7136745441868,13.7588278025309,1
196,1,18.75,50,13.7588278025309,14.3084981693867,1
196,1,18.75,50,14.3084981693867,14.3790326491199,1
196,1,18.75,50,14.3790326491199,14.7173122155176,1
196,1,18.75,50,14.7173122155176,14.9683985127738,1
196,1,18.75,50,14.9683985127738,15.1252098485496,1
196,1,18.75,50,15.1252098485496,15.1943035773755,1
196,1,18.75,50,15.1943035773755,15.6132712657986,1
196,1,18.75,50,15.6132712657986,15.7492164189269,1
196,1,18.75,50,15.7492164189269,15.7594173297128,1
196,1,18.75,50,15.7594173297128,15.8162125318715,1
196,1,18.75,50,15.8162125318715,16.0333292224374,1
196,1,18.75,50,16.0333292224374,16.4863258787157,1
196,1,18.75,50,16.4863258787157,16.7184485202671,1
196,1,18.75,50,16.7184485202671,16.7994185098432,1
196,1,18.75,50,16.7994185098432,16.9911752497847,1
196,1,18.75,50,16.9911752497847,17.3332868675135,1
196,1,18.75,50,17.3332868675135,17.5591313558315,1
196,1,18.75,50,17.5591313558315,17.6474677073208,1
196,1,18.75,50,17.6474677073208,17.6552414070747,1
196,1,18.75,50,17.6552414070747,17.6826237088909,1
196,1,18.75,50,17.6826237088909,17.8092904510358,1
196,1,18.75,50,17.8092904510358,17.9087822337432,1
196,1,18.75,50,17.9087822337432,17.9974621673054,1
196,1,18.75,50,17.9974621673054,18.0996112146283,1
196,1,18.75,50,18.0996112146283,18.1111268752438,1
196,1,18.75,50,18.1111268752438,18.75,0
197,1,9.75,1,0,7.19215819486232,1
197,1,9.75,1,7.19215819486232,9.75,0
198,1,9.75,0,0,9.75,0
199,1,16.75,29,0,1.89525207478887,1
199,1,16.75,29,1.89525207478887,6.40640043796143,1
199,1,16.75,29,6.40640043796143,8.94589091777631,1
199,1,16.75,29,8.94589091777631,9.90729601222641,1
199,1,16.75,29,9.90729601222641,10.0100468392787,1
199,1,16.75,29,10.0100468392787,10.7604412524704,1
199,1,16.75,29,10.7604412524704,11.199504030071,1
199,1,16.75,29,11.199504030071,11.527731144851,1
199,1,16.75,29,11.527731144851,11.5965751151062,1
199,1,16.75,29,11.5965751151062,12.4230396928012,1
199,1,16.75,29,12.4230396928012,13.2855183856515,1
199,1,16.75,29,13.2855183856515,13.6732047234333,1
199,1,16.75,29,13.6732047234333,14.1053047625125,1
199,1,16.75,29,14.1053047625125,14.1267127887452,1
199,1,16.75,29,14.1267127887452,14.260639016011,1
199,1,16.75,29,14.260639016011,14.2975263421863,1
199,1,16.75,29,14.2975263421863,14.3953901155975,1
199,1,16.75,29,14.3953901155975,14.5688879603761,1
199,1,16.75,29,14.5688879603761,14.7781010248013,1
199,1,16.75,29,14.7781010248013,14.8849022621816,1
199,1,16.75,29,14.8849022621816,14.9701564248476,1
199,1,16.75,29,14.9701564248476,15.0426196171526,1
199,1,16.75,29,15.0426196171526,15.0921665637856,1
199,1,16.75,29,15.0921665637856,15.2038840022682,1
199,1,16.75,29,15.2038840022682,15.6507119941058,1
199,1,16.75,29,15.6507119941058,15.9140942428208,1
199,1,16.75,29,15.9140942428208,16.1612291343144,1
199,1,16.75,29,16.1612291343144,16.3208333318258,1
199,1,16.75,29,16.3208333318258,16.4987113060103,1
199,1,16.75,29,16.4987113060103,16.75,0
200,1,14.75,3,0,0.62027960669787,1
200,1,14.75,3,0.62027960669787,5.22191995264955,1
200,1,14.75,3,5.22191995264955,11.4498775740177,1
200,1,14.75,3,11.4498775740177,14.75,0
201,1,14.75,3,0,1.85347094911793,1
201,1,14.75,3,1.85347094911793,9.42544297675346,1
201,1,14.75,3,9.42544297675346,9.58807473538755,1
201,1,14.75,3,9.58807473538755,14.75,0
202,1,14.75,2,0,0.0794660176867428,1
202,1,14.75,2,0.0794660176867428,8.82568547290053,1
202,1,14.75,2,8.82568547290053,14.75,0
203,1,15.75,19,0,7.1010753063156,1
203,1,15.75,19,7.1010753063156,8.18864083213657,1
203,1,15.75,19,8.18864083213657,8.788760613102,1
203,1,15.75,19,8.788760613102,9.63015457060156,1
203,1,15.75,19,9.63015457060156,9.78459148328278,1
203,1,15.75,19,9.78459148328278,10.244303739765,1
203,1,15.75,19,10.244303739765,10.2646237277138,1
203,1,15.75,19,10.2646237277138,10.8797782854082,1
203,1,15.75,19,10.8797782854082,11.8778718055082,1
203,1,15.75,19,11.8778718055082,12.0803902511623,1
203,1,15.75,19,12.0803902511623,12.7814543894146,1
203,1,15.75,19,12.7814543894146,12.89234059101,1
203,1,15.75,19,12.89234059101,13.1581982433579,1
203,1,15.75,19,13.1581982433579,13.8972320987799,1
203,1,15.75,19,13.8972320987799,14.163947476754,1
203,1,15.75,19,14.163947476754,15.0605872570426,1
203,1,15.75,19,15.0605872570426,15.4274151215931,1
203,1,15.75,19,15.4274151215931,15.5024122693519,1
203,1,15.75,19,15.5024122693519,15.616233064931,1
203,1,15.75,19,15.616233064931,15.75,0
204,1,12.75,1,0,8.26139233449899,1
204,1,12.75,1,8.26139233449899,12.75,0
205,1,13.75,2,0,7.67717473012525,1
205,1,13.75,2,7.67717473012525,11.68403980746,1
205,1,13.75,2,11.68403980746,13.75,0
206,1,17.75,3,0,0.706598022550184,1
206,1,17.75,3,0.706598022550184,3.76929044054011,1
206,1,17.75,3,3.76929044054011,11.0763680248676,1
206,1,17.75,3,11.0763680248676,17.75,0
207,1,10.75,2,0,2.45773547478776,1
207,1,10.75,2,2.45773547478776,8.80840984017187,1
207,1,10.75,2,8.80840984017187,10.75,0
208,1,15.75,8,0,6.35495096197849,1
208,1,15.75,8,6.35495096197849,8.03916039195094,1
208,1,15.75,8,8.03916039195094,9.63109263321606,1
208,1,15.75,8,9.63109263321606,12.2621139177912,1
208,1,15.75,8,12.2621139177912,12.3322533375518,1
208,1,15.75,8,12.3322533375518,13.9070886211696,1
208,1,15.75,8,13.9070886211696,13.9110287496033,1
208,1,15.75,8,13.9110287496033,14.8480167007252,1
208,1,15.75,8,14.8480167007252,15.75,0
209,1,17.75,2,0,2.36136166614392,1
209,1,17.75,2,2.36136166614392,8.40763733380212,1
209,1,17.75,2,8.40763733380212,17.75,0
210,1,8.75,1,0,1.50676703215003,1
210,1,8.75,1,1.50676703215003,8.75,0
211,1,20.75,94,0,1.73987455988078,1
211,1,20.75,94,1.73987455988078,3.61905503968823,1
211,1,20.75,94,3.61905503968823,5.016639666297,1
211,1,20.75,94,5.016639666297,6.30711877142849,1
211,1,20.75,94,6.30711877142849,6.59677263775701,1
211,1,20.75,94,6.59677263775701,7.92478119167812,1
211,1,20.75,94,7.92478119167812,8.8283162961362,1
211,1,20.75,94,8.8283162961362,9.3853396649214,1
211,1,20.75,94,9.3853396649214,9.46111520913787,1
211,1,20.75,94,9.46111520913787,9.62747744506089,1
211,1,20.75,94,9.62747744506089,9.63493508275521,1
211,1,20.75,94,9.63493508275521,9.82356859807075,1
211,1,20.75,94,9.82356859807075,10.7949999894934,1
211,1,20.75,94,10.7949999894934,10.868795153187,1
211,1,20.75,94,10.868795153187,11.2556244122357,1
211,1,20.75,94,11.2556244122357,11.3418502417749,1
211,1,20.75,94,11.3418502417749,11.3845164371534,1
211,1,20.75,94,11.3845164371534,11.502289726925,1
211,1,20.75,94,11.502289726925,11.6675886361,1
211,1,20.75,94,11.6675886361,12.0908271745064,1
211,1,20.75,94,12.0908271745064,12.1279805718613,1
211,1,20.75,94,12.1279805718613,12.2203315200937,1
211,1,20.75,94,12.2203315200937,12.4105771383468,1
211,1,20.75,94,12.4105771383468,12.6571448058728,1
211,1,20.75,94,12.6571448058728,12.6618750216892,1
211,1,20.75,94,12.6618750216892,13.0273177678655,1
211,1,20.75,94,13.0273177678655,13.0359211291152,1
211,1,20.75,94,13.0359211291152,13.2046353336034,1
211,1,20.75,94,13.2046353336034,13.6965326801002,1
211,1,20.75,94,13.6965326801002,14.0031074725154,1
211,1,20.75,94,14.0031074725154,14.1499412272643,1
211,1,20.75,94,14.1499412272643,14.2402272126646,1
211,1,20.75,94,14.2402272126646,14.470515820404,1
211,1,20.75,94,14.470515820404,14.525803485715,1
211,1,20.75,94,14.525803485715,14.6897530238837,1
211,1,20.75,94,14.6897530238837,14.8458428118531,1
211,1,20.75,94,14.8458428118531,14.8994333868243,1
211,1,20.75,94,14.8994333868243,15.1021184187497,1
211,1,20.75,94,15.1021184187497,15.1450685893429,1
211,1,20.75,94,15.1450685893429,15.183562569586,1
211,1,20.75,94,15.183562569586,15.2991108891712,1
211,1,20.75,94,15.2991108891712,15.3844190116801,1
211,1,20.75,94,15.3844190116801,15.5951528622522,1
211,1,20.75,94,15.5951528622522,15.5971253182962,1
211,1,20.75,94,15.5971253182962,15.8247375468938,1
211,1,20.75,94,15.8247375468938,15.9106408759962,1
211,1,20.75,94,15.9106408759962,15.9625212142213,1
211,1,20.75,94,15.9625212142213,16.0244688163582,1
211,1,20.75,94,16.0244688163582,16.042411762622,1
211,1,20.75,94,16.042411762622,16.0899845530454,1
211,1,20.75,94,16.0899845530454,16.1149385571448,1
211,1,20.75,94,16.1149385571448,16.1819522788374,1
211,1,20.75,94,16.1819522788374,16.1902357274165,1
211,1,20.75,94,16.1902357274165,16.438496914214,1
211,1,20.75,94,16.438496914214,16.5466205550437,1
211,1,20.75,94,16.5466205550437,17.0322300440122,1
211,1,20.75,94,17.0322300440122,17.1402636154702,1
211,1,20.75,94,17.1402636154702,17.1867865363477,1
211,1,20.75,94,17.1867865363477,17.4354561417308,1
211,1,20.75,94,17.4354561417308,17.452651239791,1
211,1,20.75,94,17.452651239791,17.5130185697971,1
211,1,20.75,94,17.5130185697971,17.6454187512125,1
211,1,20.75,94,17.6454187512125,17.7046142642507,1
211,1,20.75,94,17.7046142642507,17.7327827430832,1
211,1,20.75,94,17.7327827430832,17.7398825028132,1
211,1,20.75,94,17.7398825028132,18.0662632325443,1
211,1,20.75,94,18.0662632325443,18.2130608272021,1
211,1,20.75,94,18.2130608272021,18.5481948512153,1
211,1,20.75,94,18.5481948512153,18.6059573764176,1
211,1,20.75,94,18.6059573764176,18.6440108938374,1
211,1,20.75,94,18.6440108938374,18.7032373859978,1
211,1,20.75,94,18.7032373859978,18.7315446269368,1
211,1,20.75,94,18.7315446269368,18.8418713959731,1
211,1,20.75,94,18.8418713959731,18.9106775711424,1
211,1,20.75,94,18.9106775711424,18.9428430880697,1
211,1,20.75,94,18.9428430880697,19.0516215065804,1
211,1,20.75,94,19.0516215065804,19.1450059937202,1
211,1,20.75,94,19.1450059937202,19.1630612302168,1
211,1,20.75,94,19.1630612302168,19.2669755031617,1
211,1,20.75,94,19.2669755031617,19.2775608286799,1
211,1,20.75,94,19.2775608286799,19.3492210067319,1
211,1,20.75,94,19.3492210067319,19.3940537952552,1
211,1,20.75,94,19.3940537952552,19.4904658266952,1
211,1,20.75,94,19.4904658266952,19.9063962061979,1
211,1,20.75,94,19.9063962061979,20.0026196381253,1
211,1,20.75,94,20.0026196381253,20.0176979843146,1
211,1,20.75,94,20.0176979843146,20.0376010146946,1
211,1,20.75,94,20.0376010146946,20.1515574372123,1
211,1,20.75,94,20.1515574372123,20.2747140460847,1
211,1,20.75,94,20.2747140460847,20.3922985483775,1
211,1,20.75,94,20.3922985483775,20.5274186607403,1
211,1,20.75,94,20.5274186607403,20.5580624332964,1
211,1,20.75,94,20.5580624332964,20.6103681302534,1
211,1,20.75,94,20.6103681302534,20.7074545270629,1
211,1,20.75,94,20.7074545270629,20.75,0
212,1,11.75,3,0,0.0382674428118346,1
212,1,11.75,3,0.0382674428118346,0.836431672945324,1
212,1,11.75,3,0.836431672945324,7.0768672595079,1
212,1,11.75,3,7.0768672595079,11.75,0
213,1,8.75,1,0,6.03728959316604,1
213,1,8.75,1,6.03728959316604,8.75,0
214,1,9.75,1,0,0.57087893993871,1
214,1,9.75,1,0.57087893993871,9.75,0
215,1,14.75,1,0,2.48971498726276,1
215,1,14.75,1,2.48971498726276,14.75,0
216,1,14.75,3,0,1.09663550811741,1
216,1,14.75,3,1.09663550811741,1.19131087464664,1
216,1,14.75,3,1.19131087464664,1.84665475089502,1
216,1,14.75,3,1.84665475089502,14.75,0
217,1,13.75,1,0,0.175530606585357,1
217,1,13.75,1,0.175530606585357,13.75,0
218,1,14.75,2,0,2.74201591433739,1
218,1,14.75,2,2.74201591433739,13.0296575023322,1
218,1,14.75,2,13.0296575023322,14.75,0
219,1,18.75,3,0,0.0801462365525922,1
219,1,18.75,3,0.0801462365525922,0.47079970575625,1
219,1,18.75,3,0.47079970575625,11.2656789875925,1
219,1,18.75,3,11.2656789875925,18.75,0
220,1,8.75,3,0,0.0321557814139498,1
220,1,8.75,3,0.0321557814139498,2.36834925689412,1
220,1,8.75,3,2.36834925689412,2.7741215429729,1
220,1,8.75,3,2.7741215429729,8.75,0
221,1,11.75,1,0,0.475409008948562,1
221,1,11.75,1,0.475409008948562,11.75,0
222,1,8.75,1,0,6.67503157750239,1
222,1,8.75,1,6.67503157750239,8.75,0
223,1,14.75,30,0,4.40137835318982,1
223,1,14.75,30,4.40137835318982,7.06136839384842,1
223,1,14.75,30,7.06136839384842,7.12974057440914,1
223,1,14.75,30,7.12974057440914,7.15269559098417,1
223,1,14.75,30,7.15269559098417,7.64978965948138,1
223,1,14.75,30,7.64978965948138,7.81263124135835,1
223,1,14.75,30,7.81263124135835,8.07247978894327,1
223,1,14.75,30,8.07247978894327,8.89890059499712,1
223,1,14.75,30,8.89890059499712,9.29514068847586,1
223,1,14.75,30,9.29514068847586,9.6598047476,1
223,1,14.75,30,9.6598047476,10.2817671457583,1
223,1,14.75,30,10.2817671457583,10.3502718318934,1
223,1,14.75,30,10.3502718318934,11.0062120921996,1
223,1,14.75,30,11.0062120921996,11.0141770345852,1
223,1,14.75,30,11.0141770345852,11.1033145856748,1
223,1,14.75,30,11.1033145856748,11.6634261766383,1
223,1,14.75,30,11.6634261766383,11.8544895338567,1
223,1,14.75,30,11.8544895338567,11.9038778865628,1
223,1,14.75,30,11.9038778865628,11.9076180409827,1
223,1,14.75,30,11.9076180409827,11.9845782113153,1
223,1,14.75,30,11.9845782113153,12.2143954384616,1
223,1,14.75,30,12.2143954384616,12.5904701989493,1
223,1,14.75,30,12.5904701989493,12.8145648821674,1
223,1,14.75,30,12.8145648821674,12.9457743755037,1
223,1,14.75,30,12.9457743755037,13.7021661350128,1
223,1,14.75,30,13.7021661350128,13.807900032594,1
223,1,14.75,30,13.807900032594,13.9825344692777,1
223,1,14.75,30,13.9825344692777,14.1147954658987,1
223,1,14.75,30,14.1147954658987,14.1598059731666,1
223,1,14.75,30,14.1598059731666,14.4754880593776,1
223,1,14.75,30,14.4754880593776,14.75,0
224,1,15.75,3,0,5.92951513814307,1
224,1,15.75,3,5.92951513814307,9.44117763523008,1
224,1,15.75,3,9.44117763523008,9.72731035662621,1
224,1,15.75,3,9.72731035662621,15.75,0
225,1,13.75,36,0,1.05955844307154,1
225,1,13.75,36,1.05955844307154,3.93953565651349,1
225,1,13.75,36,3.93953565651349,4.40268098240842,1
225,1,13.75,36,4.40268098240842,5.31213534849025,1
225,1,13.75,36,5.31213534849025,6.63307951731863,1
225,1,13.75,36,6.63307951731863,7.16630690998977,1
225,1,13.75,36,7.16630690998977,7.24330262047706,1
225,1,13.75,36,7.24330262047706,7.25801695877095,1
225,1,13.75,36,7.25801695877095,7.35640341644953,1
225,1,13.75,36,7.35640341644953,7.95683078244694,1
225,1,13.75,36,7.95683078244694,8.0169054083904,1
225,1,13.75,36,8.0169054083904,8.17784549663971,1
225,1,13.75,36,8.17784549663971,8.40269542752573,1
225,1,13.75,36,8.40269542752573,8.47615122782492,1
225,1,13.75,36,8.47615122782492,9.07922785203909,1
225,1,13.75,36,9.07922785203909,9.9962061668602,1
225,1,13.75,36,9.9962061668602,10.0707160364574,1
225,1,13.75,36,10.0707160364574,10.7655641499283,1
225,1,13.75,36,10.7655641499283,10.903827692631,1
225,1,13.75,36,10.903827692631,10.9754178671203,1
225,1,13.75,36,10.9754178671203,11.1779124502501,1
225,1,13.75,36,11.1779124502501,11.2261437574406,1
225,1,13.75,36,11.2261437574406,12.2160483991277,1
225,1,13.75,36,12.2160483991277,12.3402525631128,1
225,1,13.75,36,12.3402525631128,12.4956498253317,1
225,1,13.75,36,12.4956498253317,12.8006063584131,1
225,1,13.75,36,12.8006063584131,12.8561085046875,1
225,1,13.75,36,12.8561085046875,12.908892533457,1
225,1,13.75,36,12.908892533457,12.9332458689568,1
225,1,13.75,36,12.9332458689568,13.0252457719588,1
225,1,13.75,36,13.0252457719588,13.074857848313,1
225,1,13.75,36,13.074857848313,13.3113199952415,1
225,1,13.75,36,13.3113199952415,13.4945728058405,1
225,1,13.75,36,13.4945728058405,13.5945295327648,1
225,1,13.75,36,13.5945295327648,13.6333443273023,1
225,1,13.75,36,13.6333443273023,13.650787503861,1
225,1,13.75,36,13.650787503861,13.75,0
226,1,14.75,20,0,3.0623881181849,1
226,1,14.75,20,3.0623881181849,6.14466449725679,1
226,1,14.75,20,6.14466449725679,6.43131961149973,1
226,1,14.75,20,6.43131961149973,6.76206474045665,1
226,1,14.75,20,6.76206474045665,7.02454073691028,1
226,1,14.75,20,7.02454073691028,7.83643485693346,1
226,1,14.75,20,7.83643485693346,9.11841095304558,1
226,1,14.75,20,9.11841095304558,9.39106223898379,1
226,1,14.75,20,9.39106223898379,9.68552405941407,1
226,1,14.75,20,9.68552405941407,9.97844483581437,1
226,1,14.75,20,9.97844483581437,10.2979534341409,1
226,1,14.75,20,10.2979534341409,11.832600953629,1
226,1,14.75,20,11.832600953629,11.9093148237553,1
226,1,14.75,20,11.9093148237553,12.7632531778664,1
226,1,14.75,20,12.7632531778664,12.82940410074,1
226,1,14.75,20,12.82940410074,14.1265616669595,1
226,1,14.75,20,14.1265616669595,14.1567939793752,1
226,1,14.75,20,14.1567939793752,14.1841542431458,1
226,1,14.75,20,14.1841542431458,14.4297907346406,1
226,1,14.75,20,14.4297907346406,14.4961948909293,1
226,1,14.75,20,14.4961948909293,14.75,0
227,1,16.75,1,0,6.61441197216933,1
227,1,16.75,1,6.61441197216933,16.75,0
228,1,20.75,0,0,20.75,0
229,1,18.75,100,0,2.99105962753958,1
229,1,18.75,100,2.99105962753958,3.88119167956072,1
229,1,18.75,100,3.88119167956072,4.15698250997693,1
229,1,18.75,100,4.15698250997693,4.64733959092891,1
229,1,18.75,100,4.64733959092891,4.86205008589899,1
229,1,18.75,100,4.86205008589899,5.17842653087046,1
229,1,18.75,100,5.17842653087046,5.20201069689702,1
229,1,18.75,100,5.20201069689702,5.36842607323583,1
229,1,18.75,100,5.36842607323583,6.02611788963886,1
229,1,18.75,100,6.02611788963886,6.24081582669554,1
229,1,18.75,100,6.24081582669554,7.43671617803881,1
229,1,18.75,100,7.43671617803881,7.70563982494247,1
229,1,18.75,100,7.70563982494247,7.85398885786574,1
229,1,18.75,100,7.85398885786574,7.86545683035216,1
229,1,18.75,100,7.86545683035216,8.01521654221847,1
229,1,18.75,100,8.01521654221847,8.01548313746854,1
229,1,18.75,100,8.01548313746854,8.12469723774814,1
229,1,18.75,100,8.12469723774814,8.70695927586489,1
229,1,18.75,100,8.70695927586489,8.83655988329552,1
229,1,18.75,100,8.83655988329552,9.06655668279724,1
229,1,18.75,100,9.06655668279724,9.23240563549766,1
229,1,18.75,100,9.23240563549766,9.34890996523523,1
229,1,18.75,100,9.34890996523523,9.84110417999686,1
229,1,18.75,100,9.84110417999686,10.1606744052805,1
229,1,18.75,100,10.1606744052805,10.3433670436921,1
229,1,18.75,100,10.3433670436921,10.5096016660665,1
229,1,18.75,100,10.5096016660665,10.6720453613426,1
229,1,18.75,100,10.6720453613426,10.9414118741564,1
229,1,18.75,100,10.9414118741564,11.2508767408715,1
229,1,18.75,100,11.2508767408715,11.3119692409617,1
229,1,18.75,100,11.3119692409617,11.3921767658698,1
229,1,18.75,100,11.3921767658698,11.8654960466668,1
229,1,18.75,100,11.8654960466668,11.9810052364945,1
229,1,18.75,100,11.9810052364945,12.359402721939,1
229,1,18.75,100,12.359402721939,12.6756273277031,1
229,1,18.75,100,12.6756273277031,12.6845560431407,1
229,1,18.75,100,12.6845560431407,12.7636285624303,1
229,1,18.75,100,12.7636285624303,12.9343550830484,1
229,1,18.75,100,12.9343550830484,13.1012995772712,1
229,1,18.75,100,13.1012995772712,13.1378320774592,1
229,1,18.75,100,13.1378320774592,13.6170613792211,1
229,1,18.75,100,13.6170613792211,13.6323210322529,1
229,1,18.75,100,13.6323210322529,13.713475238013,1
229,1,18.75,100,13.713475238013,13.8201910429847,1
229,1,18.75,100,13.8201910429847,14.1844209682241,1
229,1,18.75,100,14.1844209682241,14.2092194610172,1
229,1,18.75,100,14.2092194610172,14.2843735019845,1
229,1,18.75,100,14.2843735019845,14.2980800561582,1
229,1,18.75,100,14.2980800561582,14.3103234878758,1
229,1,18.75,100,14.3103234878758,14.4367354512661,1
229,1,18.75,100,14.4367354512661,14.523843489327,1
229,1,18.75,100,14.523843489327,14.5275654945707,1
229,1,18.75,100,14.5275654945707,14.6693230115683,1
229,1,18.75,100,14.6693230115683,14.788432765904,1
229,1,18.75,100,14.788432765904,14.9606016181809,1
229,1,18.75,100,14.9606016181809,14.9678404286523,1
229,1,18.75,100,14.9678404286523,15.2929966688764,1
229,1,18.75,100,15.2929966688764,15.3342329022172,1
229,1,18.75,100,15.3342329022172,15.4566561903903,1
229,1,18.75,100,15.4566561903903,15.551504461991,1
229,1,18.75,100,15.551504461991,15.6568795569443,1
229,1,18.75,100,15.6568795569443,15.7243736298212,1
229,1,18.75,100,15.7243736298212,15.7507517267234,1
229,1,18.75,100,15.7507517267234,15.7971406280033,1
229,1,18.75,100,15.7971406280033,15.7973872956493,1
229,1,18.75,100,15.7973872956493,15.8560510047878,1
229,1,18.75,100,15.8560510047878,15.9733831549804,1
229,1,18.75,100,15.9733831549804,15.9795481508076,1
229,1,18.75,100,15.9795481508076,15.9799126609058,1
229,1,18.75,100,15.9799126609058,15.9916324257888,1
229,1,18.75,100,15.9916324257888,16.0864053522969,1
229,1,18.75,100,16.0864053522969,16.1382149919146,1
229,1,18.75,100,16.1382149919146,16.2337469598678,1
229,1,18.75,100,16.2337469598678,16.2429321728069,1
229,1,18.75,100,16.2429321728069,16.2797490609391,1
229,1,18.75,100,16.2797490609391,16.7672372873272,1
229,1,18.75,100,16.7672372873272,16.8041560196064,1
229,1,18.75,100,16.8041560196064,16.8340588024338,1
229,1,18.75,100,16.8340588024338,16.848218563832,1
229,1,18.75,100,16.848218563832,17.0666755895106,1
229,1,18.75,100,17.0666755895106,17.0897524186324,1
229,1,18.75,100,17.0897524186324,17.093133695506,1
229,1,18.75,100,17.093133695506,17.2460098007666,1
229,1,18.75,100,17.2460098007666,17.2644912529827,1
229,1,18.75,100,17.2644912529827,17.3016562655597,1
229,1,18.75,100,17.3016562655597,17.3054822277329,1
229,1,18.75,100,17.3054822277329,17.3514564069859,1
229,1,18.75,100,17.3514564069859,17.3516499358253,1
229,1,18.75,100,17.3516499358253,17.4677396889875,1
229,1,18.75,100,17.4677396889875,17.5140037010888,1
229,1,18.75,100,17.5140037010888,17.5189745730951,1
229,1,18.75,100,17.5189745730951,17.5277329139901,1
229,1,18.75,100,17.5277329139901,17.6129204050691,1
229,1,18.75,100,17.6129204050691,17.8979784945051,1
229,1,18.75,100,17.8979784945051,17.9950098791686,1
229,1,18.75,100,17.9950098791686,18.0994734170762,1
229,1,18.75,100,18.0994734170762,18.1588437635289,1
229,1,18.75,100,18.1588437635289,18.3621177084277,1
229,1,18.75,100,18.3621177084277,18.5411654803485,1
229,1,18.75,100,18.5411654803485,18.6127003375731,1
229,1,18.75,100,18.6127003375731,18.75,0
230,1,13.75,0,0,13.75,0
231,1,14.75,0,0,14.75,0
232,1,10.75,9,0,5.02242959116344,1
232,1,10.75,9,5.02242959116344,5.71140121873227,1
232,1,10.75,9,5.71140121873227,6.96568990489095,1
232,1,10.75,9,6.96568990489095,7.05336686999841,1
232,1,10.75,9,7.05336686999841,7.62162766273029,1
232,1,10.75,9,7.62162766273029,8.41509063172974,1
232,1,10.75,9,8.41509063172974,8.71224183934831,1
232,1,10.75,9,8.71224183934831,9.36305048921845,1
232,1,10.75,9,9.36305048921845,9.52995852390899,1
232,1,10.75,9,9.52995852390899,10.75,0
233,1,11.75,1,0,7.44949110497392,1
233,1,11.75,1,7.44949110497392,11.75,0
234,1,13.75,39,0,2.18024218308925,1
234,1,13.75,39,2.18024218308925,2.66535039375613,1
234,1,13.75,39,2.66535039375613,3.69908370741348,1
234,1,13.75,39,3.69908370741348,3.92795282517301,1
234,1,13.75,39,3.92795282517301,4.51112834897387,1
234,1,13.75,39,4.51112834897387,4.92328563078559,1
234,1,13.75,39,4.92328563078559,5.34846342680427,1
234,1,13.75,39,5.34846342680427,5.52893159016947,1
234,1,13.75,39,5.52893159016947,5.67203541232264,1
234,1,13.75,39,5.67203541232264,5.75349016190939,1
234,1,13.75,39,5.75349016190939,7.56624032185745,1
234,1,13.75,39,7.56624032185745,7.60550602722228,1
234,1,13.75,39,7.60550602722228,8.02380873889118,1
234,1,13.75,39,8.02380873889118,8.58375234625228,1
234,1,13.75,39,8.58375234625228,8.64912170402124,1
234,1,13.75,39,8.64912170402124,9.47794171503586,1
234,1,13.75,39,9.47794171503586,9.79905956284381,1
234,1,13.75,39,9.79905956284381,10.3529375099482,1
234,1,13.75,39,10.3529375099482,10.4437110151703,1
234,1,13.75,39,10.4437110151703,10.479134300853,1
234,1,13.75,39,10.479134300853,10.5482526805242,1
234,1,13.75,39,10.5482526805242,10.6902519233993,1
234,1,13.75,39,10.6902519233993,11.1206478393956,1
234,1,13.75,39,11.1206478393956,11.5252247314569,1
234,1,13.75,39,11.5252247314569,11.6796601905212,1
234,1,13.75,39,11.6796601905212,11.7876602116296,1
234,1,13.75,39,11.7876602116296,11.8782860715702,1
234,1,13.75,39,11.8782860715702,12.1945555181072,1
234,1,13.75,39,12.1945555181072,12.4711767125522,1
234,1,13.75,39,12.4711767125522,12.7977545955515,1
234,1,13.75,39,12.7977545955515,13.0138557171071,1
234,1,13.75,39,13.0138557171071,13.1354262570704,1
234,1,13.75,39,13.1354262570704,13.2188210941235,1
234,1,13.75,39,13.2188210941235,13.3284300570878,1
234,1,13.75,39,13.3284300570878,13.3515546724616,1
234,1,13.75,39,13.3515546724616,13.39002007991,1
234,1,13.75,39,13.39002007991,13.5992472534375,1
234,1,13.75,39,13.5992472534375,13.6672560320808,1
234,1,13.75,39,13.6672560320808,13.7144911988433,1
234,1,13.75,39,13.7144911988433,13.75,0
235,1,17.75,39,0,4.45370393110758,1
235,1,17.75,39,4.45370393110758,4.62227347232939,1
235,1,17.75,39,4.62227347232939,5.08721155203698,1
235,1,17.75,39,5.08721155203698,6.46473281542764,1
235,1,17.75,39,6.46473281542764,9.69329936940018,1
235,1,17.75,39,9.69329936940018,9.74116138041877,1
235,1,17.75,39,9.74116138041877,9.77992398361372,1
235,1,17.75,39,9.77992398361372,10.0234640180987,1
235,1,17.75,39,10.0234640180987,10.78844817966,1
235,1,17.75,39,10.78844817966,11.1531729286235,1
235,1,17.75,39,11.1531729286235,11.5095219023903,1
235,1,17.75,39,11.5095219023903,11.5226411196071,1
235,1,17.75,39,11.5226411196071,11.855281136496,1
235,1,17.75,39,11.855281136496,12.0191377217704,1
235,1,17.75,39,12.0191377217704,12.0589015425569,1
235,1,17.75,39,12.0589015425569,12.6844095868917,1
235,1,17.75,39,12.6844095868917,12.791970256426,1
235,1,17.75,39,12.791970256426,13.0774070530453,1
235,1,17.75,39,13.0774070530453,13.171537413307,1
235,1,17.75,39,13.171537413307,13.7186229909651,1
235,1,17.75,39,13.7186229909651,13.7538036848101,1
235,1,17.75,39,13.7538036848101,14.0467784081942,1
235,1,17.75,39,14.0467784081942,14.288524296964,1
235,1,17.75,39,14.288524296964,14.3746013968432,1
235,1,17.75,39,14.3746013968432,14.4710672888921,1
235,1,17.75,39,14.4710672888921,14.6937521350621,1
235,1,17.75,39,14.6937521350621,14.8136389329716,1
235,1,17.75,39,14.8136389329716,14.9221691131404,1
235,1,17.75,39,14.9221691131404,15.5509787669037,1
235,1,17.75,39,15.5509787669037,15.7935722552948,1
235,1,17.75,39,15.7935722552948,15.8479079297746,1
235,1,17.75,39,15.8479079297746,16.1328446035487,1
235,1,17.75,39,16.1328446035487,16.1674917201878,1
235,1,17.75,39,16.1674917201878,16.7881508531282,1
235,1,17.75,39,16.7881508531282,17.2445316340098,1
235,1,17.75,39,17.2445316340098,17.4091460581209,1
235,1,17.75,39,17.4091460581209,17.4436517397039,1
235,1,17.75,39,17.4436517397039,17.7257420073871,1
235,1,17.75,39,17.7257420073871,17.7485094783188,1
235,1,17.75,39,17.7485094783188,17.75,0
236,1,18.75,43,0,4.53330107358731,1
236,1,18.75,43,4.53330107358731,7.23538619450198,1
236,1,18.75,43,7.23538619450198,7.3477747727613,1
236,1,18.75,43,7.3477747727613,7.52085578775504,1
236,1,18.75,43,7.52085578775504,9.45097824032199,1
236,1,18.75,43,9.45097824032199,9.46114287329344,1
236,1,18.75,43,9.46114287329344,12.006195616475,1
236,1,18.75,43,12.006195616475,12.5207194256659,1
236,1,18.75,43,12.5207194256659,12.9332563032959,1
236,1,18.75,43,12.9332563032959,13.0757637213998,1
236,1,18.75,43,13.0757637213998,13.1086452614858,1
236,1,18.75,43,13.1086452614858,13.3746546407227,1
236,1,18.75,43,13.3746546407227,13.4536678624991,1
236,1,18.75,43,13.4536678624991,14.0658579505297,1
236,1,18.75,43,14.0658579505297,14.2595395445293,1
236,1,18.75,43,14.2595395445293,14.3336264666183,1
236,1,18.75,43,14.3336264666183,14.3988016487254,1
236,1,18.75,43,14.3988016487254,14.4499873908997,1
236,1,18.75,43,14.4499873908997,14.4894389897927,1
236,1,18.75,43,14.4894389897927,14.9726315363082,1
236,1,18.75,43,14.9726315363082,15.1682795620337,1
236,1,18.75,43,15.1682795620337,15.2989266319803,1
236,1,18.75,43,15.2989266319803,15.6021719487083,1
236,1,18.75,43,15.6021719487083,15.660979806793,1
236,1,18.75,43,15.660979806793,16.0295890092023,1
236,1,18.75,43,16.0295890092023,16.0553854015229,1
236,1,18.75,43,16.0553854015229,16.4513535997417,1
236,1,18.75,43,16.4513535997417,16.6682449021437,1
236,1,18.75,43,16.6682449021437,16.9864976178395,1
236,1,18.75,43,16.9864976178395,17.1108842588897,1
236,1,18.75,43,17.1108842588897,17.4171925915141,1
236,1,18.75,43,17.4171925915141,17.4601843959234,1
236,1,18.75,43,17.4601843959234,17.5169939639826,1
236,1,18.75,43,17.5169939639826,17.5277374619965,1
236,1,18.75,43,17.5277374619965,17.6656298078772,1
236,1,18.75,43,17.6656298078772,17.9185003921202,1
236,1,18.75,43,17.9185003921202,17.9662189492335,1
236,1,18.75,43,17.9662189492335,17.9783927967564,1
236,1,18.75,43,17.9783927967564,17.9866988684168,1
236,1,18.75,43,17.9866988684168,18.1184387053594,1
236,1,18.75,43,18.1184387053594,18.5595310704418,1
236,1,18.75,43,18.5595310704418,18.581896288721,1
236,1,18.75,43,18.581896288721,18.6793888332219,1
236,1,18.75,43,18.6793888332219,18.75,0
237,1,18.75,9,0,0.00599352282730713,1
237,1,18.75,9,0.00599352282730713,0.296139492360585,1
237,1,18.75,9,0.296139492360585,1.69603288457608,1
237,1,18.75,9,1.69603288457608,3.90320277607026,1
237,1,18.75,9,3.90320277607026,4.21811768931989,1
237,1,18.75,9,4.21811768931989,9.91821767951032,1
237,1,18.75,9,9.91821767951032,10.0279141036918,1
237,1,18.75,9,10.0279141036918,12.4909594319675,1
237,1,18.75,9,12.4909594319675,13.3087775263332,1
237,1,18.75,9,13.3087775263332,18.75,0
238,1,10.75,0,0,10.75,0
239,1,16.75,5,0,0.239411373153114,1
239,1,16.75,5,0.239411373153114,0.439499411092701,1
239,1,16.75,5,0.439499411092701,3.70607144576815,1
239,1,16.75,5,3.70607144576815,14.7289549286048,1
239,1,16.75,5,14.7289549286048,16.3916623049949,1
239,1,16.75,5,16.3916623049949,16.75,0
240,1,9.75,2,0,5.8836747982173,1
240,1,9.75,2,5.8836747982173,7.47754123880859,1
240,1,9.75,2,7.47754123880859,9.75,0
241,1,10.75,2,0,9.2124667276078,1
241,1,10.75,2,9.2124667276078,10.4662885874103,1
241,1,10.75,2,10.4662885874103,10.75,0
242,1,13.75,3,0,0.266278854515621,1
242,1,13.75,3,0.266278854515621,7.96277817025605,1
242,1,13.75,3,7.96277817025605,8.13910700359611,1
242,1,13.75,3,8.13910700359611,13.75,0
243,1,15.75,1,0,0.31732903033376,1
243,1,15.75,1,0.31732903033376,15.75,0
244,1,14.75,0,0,14.75,0
245,1,11.75,15,0,6.36070278804225,1
245,1,11.75,15,6.36070278804225,6.54818866248528,1
245,1,11.75,15,6.54818866248528,6.77905272154207,1
245,1,11.75,15,6.77905272154207,7.16563082676334,1
245,1,11.75,15,7.16563082676334,7.94165551661098,1
245,1,11.75,15,7.94165551661098,8.48432199797939,1
245,1,11.75,15,8.48432199797939,8.95171090467181,1
245,1,11.75,15,8.95171090467181,9.36917027662115,1
245,1,11.75,15,9.36917027662115,9.39888990206558,1
245,1,11.75,15,9.39888990206558,9.89333888922164,1
245,1,11.75,15,9.89333888922164,10.2843947764483,1
245,1,11.75,15,10.2843947764483,10.8602446309647,1
245,1,11.75,15,10.8602446309647,11.4957315843963,1
245,1,11.75,15,11.4957315843963,11.5100144301572,1
245,1,11.75,15,11.5100144301572,11.6577381934293,1
245,1,11.75,15,11.6577381934293,11.75,0
246,1,11.75,1,0,5.39438569533224,1
246,1,11.75,1,5.39438569533224,11.75,0
247,1,11.75,22,0,5.28265174608034,1
247,1,11.75,22,5.28265174608034,5.29165076318004,1
247,1,11.75,22,5.29165076318004,5.39738169292222,1
247,1,11.75,22,5.39738169292222,5.48555382863741,1
247,1,11.75,22,5.48555382863741,6.55292160725994,1
247,1,11.75,22,6.55292160725994,7.1421122852412,1
247,1,11.75,22,7.1421122852412,8.08126823783666,1
247,1,11.75,22,8.08126823783666,8.08421952048707,1
247,1,11.75,22,8.08421952048707,8.42705018342642,1
247,1,11.75,22,8.42705018342642,8.62723942222984,1
247,1,11.75,22,8.62723942222984,8.69276935551905,1
247,1,11.75,22,8.69276935551905,8.83323661024625,1
247,1,11.75,22,8.83323661024625,8.8761349113542,1
247,1,11.75,22,8.8761349113542,9.13774354611526,1
247,1,11.75,22,9.13774354611526,9.54150170577884,1
247,1,11.75,22,9.54150170577884,9.62892403467287,1
247,1,11.75,22,9.62892403467287,10.1111158797659,1
247,1,11.75,22,10.1111158797659,11.0655844361678,1
247,1,11.75,22,11.0655844361678,11.2033712653381,1
247,1,11.75,22,11.2033712653381,11.6171471456654,1
247,1,11.75,22,11.6171471456654,11.6432660001403,1
247,1,11.75,22,11.6432660001403,11.6910257316039,1
247,1,11.75,22,11.6910257316039,11.75,0
248,1,10.75,4,0,0.134426523448297,1
248,1,10.75,4,0.134426523448297,1.93848627375813,1
248,1,10.75,4,1.93848627375813,2.53438411266382,1
248,1,10.75,4,2.53438411266382,9.29264972529802,1
248,1,10.75,4,9.29264972529802,10.75,0
249,1,17.75,74,0,1.78889102971852,1
249,1,17.75,74,1.78889102971852,5.30442042308448,1
249,1,17.75,74,5.30442042308448,6.31142570402726,1
249,1,17.75,74,6.31142570402726,6.46979406020734,1
249,1,17.75,74,6.46979406020734,7.36416842434675,1
249,1,17.75,74,7.36416842434675,8.3616403485756,1
249,1,17.75,74,8.3616403485756,8.73192580485544,1
249,1,17.75,74,8.73192580485544,9.40164729352755,1
249,1,17.75,74,9.40164729352755,10.4063031522198,1
249,1,17.75,74,10.4063031522198,10.4545362108543,1
249,1,17.75,74,10.4545362108543,10.6852294211716,1
249,1,17.75,74,10.6852294211716,10.9340017329249,1
249,1,17.75,74,10.9340017329249,11.2445018022569,1
249,1,17.75,74,11.2445018022569,11.8651073642904,1
249,1,17.75,74,11.8651073642904,11.8734600924147,1
249,1,17.75,74,11.8734600924147,12.0161375774541,1
249,1,17.75,74,12.0161375774541,12.1533552314588,1
249,1,17.75,74,12.1533552314588,12.1549806773351,1
249,1,17.75,74,12.1549806773351,12.2143388669215,1
249,1,17.75,74,12.2143388669215,12.3080157815309,1
249,1,17.75,74,12.3080157815309,12.4663943251951,1
249,1,17.75,74,12.4663943251951,12.4760448516188,1
249,1,17.75,74,12.4760448516188,12.6447670546474,1
249,1,17.75,74,12.6447670546474,12.7456502548716,1
249,1,17.75,74,12.7456502548716,12.7795192884004,1
249,1,17.75,74,12.7795192884004,12.8085795845166,1
249,1,17.75,74,12.8085795845166,12.8237407893019,1
249,1,17.75,74,12.8237407893019,12.9419114594883,1
249,1,17.75,74,12.9419114594883,13.2077552031037,1
249,1,17.75,74,13.2077552031037,13.3823115939478,1
249,1,17.75,74,13.3823115939478,13.4128300873464,1
249,1,17.75,74,13.4128300873464,13.4739607756285,1
249,1,17.75,74,13.4739607756285,13.7659273250531,1
249,1,17.75,74,13.7659273250531,13.814128394644,1
249,1,17.75,74,13.814128394644,13.8391156261166,1
249,1,17.75,74,13.8391156261166,13.9284987231002,1
249,1,17.75,74,13.9284987231002,13.9384947757076,1
249,1,17.75,74,13.9384947757076,14.0431790287676,1
249,1,17.75,74,14.0431790287676,14.0485655600237,1
249,1,17.75,74,14.0485655600237,14.3089118573248,1
249,1,17.75,74,14.3089118573248,14.4359385488252,1
249,1,17.75,74,14.4359385488252,14.5183434704084,1
249,1,17.75,74,14.5183434704084,14.5467443103919,1
249,1,17.75,74,14.5467443103919,14.5571958497543,1
249,1,17.75,74,14.5571958497543,14.608134427049,1
249,1,17.75,74,14.608134427049,14.916536146713,1
249,1,17.75,74,14.916536146713,15.0501241857077,1
249,1,17.75,74,15.0501241857077,15.1464715039204,1
249,1,17.75,74,15.1464715039204,15.2352472001608,1
249,1,17.75,74,15.2352472001608,15.281197211299,1
249,1,17.75,74,15.281197211299,15.406147455563,1
249,1,17.75,74,15.406147455563,15.4647807518561,1
249,1,17.75,74,15.4647807518561,15.510068326781,1
249,1,17.75,74,15.510068326781,15.5270287816944,1
249,1,17.75,74,15.5270287816944,15.6053708401169,1
249,1,17.75,74,15.6053708401169,15.6668019540477,1
249,1,17.75,74,15.6668019540477,15.7290680452947,1
249,1,17.75,74,15.7290680452947,15.9954239276335,1
249,1,17.75,74,15.9954239276335,16.031764441438,1
249,1,17.75,74,16.031764441438,16.0849949405937,1
249,1,17.75,74,16.0849949405937,16.2945363144012,1
249,1,17.75,74,16.2945363144012,16.5174705401247,1
249,1,17.75,74,16.5174705401247,16.5794141119495,1
249,1,17.75,74,16.5794141119495,16.5999862005066,1
249,1,17.75,74,16.5999862005066,16.6022142621238,1
249,1,17.75,74,16.6022142621238,16.7100115616937,1
249,1,17.75,74,16.7100115616937,16.8494809247054,1
249,1,17.75,74,16.8494809247054,17.0895469060894,1
249,1,17.75,74,17.0895469060894,17.1053884977322,1
249,1,17.75,74,17.1053884977322,17.2145608521452,1
249,1,17.75,74,17.2145608521452,17.2878525082128,1
249,1,17.75,74,17.2878525082128,17.4074732005493,1
249,1,17.75,74,17.4074732005493,17.6603469270681,1
249,1,17.75,74,17.6603469270681,17.6886617886903,1
249,1,17.75,74,17.6886617886903,17.75,0
250,1,14.75,1,0,0.704749246486622,1
250,1,14.75,1,0.704749246486622,14.75,0
251,1,17.75,1,0,0.000503639777605787,1
251,1,17.75,1,0.000503639777605787,17.75,0
252,1,16.75,1,0,1.06424440954734,1
252,1,16.75,1,1.06424440954734,16.75,0
253,1,16.75,25,0,2.00020072140793,1
253,1,16.75,25,2.00020072140793,5.42834561238453,1
253,1,16.75,25,5.42834561238453,5.57182798932895,1
253,1,16.75,25,5.57182798932895,6.22688392946451,1
253,1,16.75,25,6.22688392946451,7.40792712303466,1
253,1,16.75,25,7.40792712303466,7.72856590271951,1
253,1,16.75,25,7.72856590271951,7.99972532383583,1
253,1,16.75,25,7.99972532383583,9.19249070285803,1
253,1,16.75,25,9.19249070285803,9.21325840090457,1
253,1,16.75,25,9.21325840090457,9.65812191141683,1
253,1,16.75,25,9.65812191141683,9.77363059894197,1
253,1,16.75,25,9.77363059894197,10.2709704594322,1
253,1,16.75,25,10.2709704594322,10.2931311485247,1
253,1,16.75,25,10.2931311485247,10.4339171300244,1
253,1,16.75,25,10.4339171300244,11.2420691617694,1
253,1,16.75,25,11.2420691617694,12.2346210759984,1
253,1,16.75,25,12.2346210759984,12.3009555442056,1
253,1,16.75,25,12.3009555442056,12.3292543302357,1
253,1,16.75,25,12.3292543302357,13.6593840923103,1
253,1,16.75,25,13.6593840923103,13.9759010809612,1
253,1,16.75,25,13.9759010809612,14.4525751939423,1
253,1,16.75,25,14.4525751939423,14.6807668948951,1
253,1,16.75,25,14.6807668948951,15.2554471462662,1
253,1,16.75,25,15.2554471462662,16.3116368089337,1
253,1,16.75,25,16.3116368089337,16.6157110318875,1
253,1,16.75,25,16.6157110318875,16.75,0
254,1,12.75,1,0,9.25941697351184,1
254,1,12.75,1,9.25941697351184,12.75,0
255,1,8.75,11,0,2.04292656472184,1
255,1,8.75,11,2.04292656472184,2.8787696610363,1
255,1,8.75,11,2.8787696610363,2.9750778573376,1
255,1,8.75,11,2.9750778573376,4.18042726051123,1
255,1,8.75,11,4.18042726051123,5.87329092857959,1
255,1,8.75,11,5.87329092857959,7.7048143086178,1
255,1,8.75,11,7.7048143086178,7.7207586134638,1
255,1,8.75,11,7.7207586134638,7.858924839222,1
255,1,8.75,11,7.858924839222,8.21025738213988,1
255,1,8.75,11,8.21025738213988,8.23048986927436,1
255,1,8.75,11,8.23048986927436,8.53548055218104,1
255,1,8.75,11,8.53548055218104,8.75,0
256,1,13.75,27,0,5.27239883430602,1
256,1,13.75,27,5.27239883430602,6.1662051950083,1
256,1,13.75,27,6.1662051950083,6.19169273301326,1
256,1,13.75,27,6.19169273301326,6.45443695090303,1
256,1,13.75,27,6.45443695090303,6.81683732782523,1
256,1,13.75,27,6.81683732782523,8.61066677545051,1
256,1,13.75,27,8.61066677545051,9.06267075877677,1
256,1,13.75,27,9.06267075877677,9.72109347323006,1
256,1,13.75,27,9.72109347323006,9.73139004985503,1
256,1,13.75,27,9.73139004985503,9.74916918731743,1
256,1,13.75,27,9.74916918731743,9.83445675722871,1
256,1,13.75,27,9.83445675722871,9.9389174774027,1
256,1,13.75,27,9.9389174774027,10.0084670618594,1
256,1,13.75,27,10.0084670618594,10.572902016912,1
256,1,13.75,27,10.572902016912,10.8206771187837,1
256,1,13.75,27,10.8206771187837,10.9664326081124,1
256,1,13.75,27,10.9664326081124,11.3815261892246,1
256,1,13.75,27,11.3815261892246,11.476574383091,1
256,1,13.75,27,11.476574383091,11.5308230856048,1
256,1,13.75,27,11.5308230856048,11.6317204920129,1
256,1,13.75,27,11.6317204920129,11.7254374733698,1
256,1,13.75,27,11.7254374733698,12.0150162674778,1
256,1,13.75,27,12.0150162674778,12.1560442544686,1
256,1,13.75,27,12.1560442544686,13.031034237812,1
256,1,13.75,27,13.031034237812,13.1400243433985,1
256,1,13.75,27,13.1400243433985,13.2154050732048,1
256,1,13.75,27,13.2154050732048,13.7478482232709,1
256,1,13.75,27,13.7478482232709,13.75,0
257,1,13.75,25,0,4.74288788255274,1
257,1,13.75,25,4.74288788255274,4.98814519465808,1
257,1,13.75,25,4.98814519465808,5.75621916782784,1
257,1,13.75,25,5.75621916782784,7.3509492690658,1
257,1,13.75,25,7.3509492690658,7.38176225766838,1
257,1,13.75,25,7.38176225766838,8.14515254951782,1
257,1,13.75,25,8.14515254951782,8.71837657359437,1
257,1,13.75,25,8.71837657359437,9.10445360745003,1
257,1,13.75,25,9.10445360745003,9.29440878235964,1
257,1,13.75,25,9.29440878235964,9.74392951474463,1
257,1,13.75,25,9.74392951474463,9.82153483565646,1
257,1,13.75,25,9.82153483565646,10.4369582816338,1
257,1,13.75,25,10.4369582816338,10.4998112823149,1
257,1,13.75,25,10.4998112823149,11.0587178540401,1
257,1,13.75,25,11.0587178540401,11.1496432950002,1
257,1,13.75,25,11.1496432950002,11.5928718331155,1
257,1,13.75,25,11.5928718331155,11.64343383569,1
257,1,13.75,25,11.64343383569,11.9086640952909,1
257,1,13.75,25,11.9086640952909,12.0993494560248,1
257,1,13.75,25,12.0993494560248,12.6197799107469,1
257,1,13.75,25,12.6197799107469,12.812101144048,1
257,1,13.75,25,12.812101144048,13.1201944984514,1
257,1,13.75,25,13.1201944984514,13.1599124644732,1
257,1,13.75,25,13.1599124644732,13.406653947392,1
257,1,13.75,25,13.406653947392,13.5352050559436,1
257,1,13.75,25,13.5352050559436,13.75,0
258,1,18.75,5,0,0.178870781694017,1
258,1,18.75,5,0.178870781694017,5.46032498023748,1
258,1,18.75,5,5.46032498023748,5.77635199507167,1
258,1,18.75,5,5.77635199507167,7.50612132805208,1
258,1,18.75,5,7.50612132805208,12.1124597447733,1
258,1,18.75,5,12.1124597447733,18.75,0
259,1,9.75,5,0,0.013555060109524,1
259,1,9.75,5,0.013555060109524,0.451518223637829,1
259,1,9.75,5,0.451518223637829,3.28714107615051,1
259,1,9.75,5,3.28714107615051,4.49331915750434,1
259,1,9.75,5,4.49331915750434,8.47154516500204,1
259,1,9.75,5,8.47154516500204,9.75,0
260,1,20.75,4,0,0.0330017085004575,1
260,1,20.75,4,0.0330017085004575,3.24269439825521,1
260,1,20.75,4,3.24269439825521,5.24346659978637,1
260,1,20.75,4,5.24346659978637,10.2303613482692,1
260,1,20.75,4,10.2303613482692,20.75,0
261,1,9.75,1,0,0.578057439338993,1
261,1,9.75,1,0.578057439338993,9.75,0
262,1,15.75,3,0,4.02476549947143,1
262,1,15.75,3,4.02476549947143,12.3707874453514,1
262,1,15.75,3,12.3707874453514,14.2433480525494,1
262,1,15.75,3,14.2433480525494,15.75,0
263,1,16.75,51,0,3.57105409873533,1
263,1,16.75,51,3.57105409873533,4.98657310294909,1
263,1,16.75,51,4.98657310294909,5.69627291297493,1
263,1,16.75,51,5.69627291297493,5.72559132936236,1
263,1,16.75,51,5.72559132936236,5.91761820332715,1
263,1,16.75,51,5.91761820332715,6.49497906837817,1
263,1,16.75,51,6.49497906837817,6.50586150748796,1
263,1,16.75,51,6.50586150748796,6.77950334307255,1
263,1,16.75,51,6.77950334307255,7.25772277092491,1
263,1,16.75,51,7.25772277092491,7.51637631152245,1
263,1,16.75,51,7.51637631152245,7.78128804585235,1
263,1,16.75,51,7.78128804585235,8.0703915973266,1
263,1,16.75,51,8.0703915973266,8.14021979967007,1
263,1,16.75,51,8.14021979967007,8.5293534081137,1
263,1,16.75,51,8.5293534081137,8.54466969835949,1
263,1,16.75,51,8.54466969835949,8.63704904734048,1
263,1,16.75,51,8.63704904734048,8.70880230882009,1
263,1,16.75,51,8.70880230882009,8.96809336169543,1
263,1,16.75,51,8.96809336169543,8.98132062296226,1
263,1,16.75,51,8.98132062296226,9.37547597692718,1
263,1,16.75,51,9.37547597692718,9.87439782634472,1
263,1,16.75,51,9.87439782634472,10.2502166990451,1
263,1,16.75,51,10.2502166990451,10.393436383206,1
263,1,16.75,51,10.393436383206,10.6637324213504,1
263,1,16.75,51,10.6637324213504,10.731727811772,1
263,1,16.75,51,10.731727811772,10.8103295138126,1
263,1,16.75,51,10.8103295138126,11.0129458879457,1
263,1,16.75,51,11.0129458879457,11.0660130955276,1
263,1,16.75,51,11.0660130955276,12.1068571224518,1
263,1,16.75,51,12.1068571224518,12.5310147656562,1
263,1,16.75,51,12.5310147656562,12.669605563773,1
263,1,16.75,51,12.669605563773,13.1097002242652,1
263,1,16.75,51,13.1097002242652,13.3311090726168,1
263,1,16.75,51,13.3311090726168,13.378385324952,1
263,1,16.75,51,13.378385324952,13.7064833476845,1
263,1,16.75,51,13.7064833476845,14.1526532353296,1
263,1,16.75,51,14.1526532353296,14.2247377886307,1
263,1,16.75,51,14.2247377886307,14.2878327045906,1
263,1,16.75,51,14.2878327045906,14.4010973908481,1
263,1,16.75,51,14.4010973908481,14.5191743728095,1
263,1,16.75,51,14.5191743728095,14.605197727097,1
263,1,16.75,51,14.605197727097,14.6060773198587,1
263,1,16.75,51,14.6060773198587,14.8035179007998,1
263,1,16.75,51,14.8035179007998,14.9194462371358,1
263,1,16.75,51,14.9194462371358,14.9542057391352,1
263,1,16.75,51,14.9542057391352,15.3766649783628,1
263,1,16.75,51,15.3766649783628,15.4435510721053,1
263,1,16.75,51,15.4435510721053,16.0758802739543,1
263,1,16.75,51,16.0758802739543,16.5331021030651,1
263,1,16.75,51,16.5331021030651,16.647197191285,1
263,1,16.75,51,16.647197191285,16.6570731770984,1
263,1,16.75,51,16.6570731770984,16.75,0
264,1,12.75,1,0,0.153450172898842,1
264,1,12.75,1,0.153450172898842,12.75,0
265,1,11.75,24,0,2.92171806560526,1
265,1,11.75,24,2.92171806560526,3.53946040473815,1
265,1,11.75,24,3.53946040473815,4.19228891176393,1
265,1,11.75,24,4.19228891176393,5.08651360719008,1
265,1,11.75,24,5.08651360719008,5.17614128184765,1
265,1,11.75,24,5.17614128184765,5.77820639476646,1
265,1,11.75,24,5.77820639476646,6.62551310450749,1
265,1,11.75,24,6.62551310450749,6.84199046515847,1
265,1,11.75,24,6.84199046515847,7.27170298561497,1
265,1,11.75,24,7.27170298561497,8.54543134411848,1
265,1,11.75,24,8.54543134411848,8.94287893144064,1
265,1,11.75,24,8.94287893144064,8.95530800493829,1
265,1,11.75,24,8.95530800493829,9.42267476823599,1
265,1,11.75,24,9.42267476823599,9.44109183381402,1
265,1,11.75,24,9.44109183381402,9.62911590249446,1
265,1,11.75,24,9.62911590249446,9.83763425433357,1
265,1,11.75,24,9.83763425433357,9.90490680490593,1
265,1,11.75,24,9.90490680490593,9.93342547141293,1
265,1,11.75,24,9.93342547141293,10.1186017801176,1
265,1,11.75,24,10.1186017801176,10.1808007180794,1
265,1,11.75,24,10.1808007180794,10.4286881964084,1
265,1,11.75,24,10.4286881964084,10.8233167708344,1
265,1,11.75,24,10.8233167708344,11.2764485881119,1
265,1,11.75,24,11.2764485881119,11.459606439043,1
265,1,11.75,24,11.459606439043,11.75,0
266,1,11.75,18,0,3.00962027787676,1
266,1,11.75,18,3.00962027787676,4.07935288321662,1
266,1,11.75,18,4.07935288321662,5.07079560266845,1
266,1,11.75,18,5.07079560266845,5.62379961960651,1
266,1,11.75,18,5.62379961960651,6.48600051809408,1
266,1,11.75,18,6.48600051809408,6.60056399086786,1
266,1,11.75,18,6.60056399086786,6.70190304199836,1
266,1,11.75,18,6.70190304199836,7.36119421044596,1
266,1,11.75,18,7.36119421044596,8.19524459128833,1
266,1,11.75,18,8.19524459128833,9.07320114249776,1
266,1,11.75,18,9.07320114249776,9.10092981920487,1
266,1,11.75,18,9.10092981920487,9.10266963759725,1
266,1,11.75,18,9.10266963759725,10.4612003800861,1
266,1,11.75,18,10.4612003800861,10.8454549550977,1
266,1,11.75,18,10.8454549550977,10.9594268895354,1
266,1,11.75,18,10.9594268895354,11.0079680192086,1
266,1,11.75,18,11.0079680192086,11.1489364616586,1
266,1,11.75,18,11.1489364616586,11.3022791811066,1
266,1,11.75,18,11.3022791811066,11.75,0
267,1,17.75,1,0,7.26954392992917,1
267,1,17.75,1,7.26954392992917,17.75,0
268,1,14.75,4,0,0.330514787043711,1
268,1,14.75,4,0.330514787043711,2.10911003815481,1
268,1,14.75,4,2.10911003815481,2.35784113959041,1
268,1,14.75,4,2.35784113959041,3.17637004308121,1
268,1,14.75,4,3.17637004308121,14.75,0
269,1,15.75,28,0,2.81241653478902,1
269,1,15.75,28,2.81241653478902,2.81382213485963,1
269,1,15.75,28,2.81382213485963,4.03348164699074,1
269,1,15.75,28,4.03348164699074,4.34419164877392,1
269,1,15.75,28,4.34419164877392,4.93182145628383,1
269,1,15.75,28,4.93182145628383,5.77574082588285,1
269,1,15.75,28,5.77574082588285,6.28855695897955,1
269,1,15.75,28,6.28855695897955,7.88365753083796,1
269,1,15.75,28,7.88365753083796,8.06315355222372,1
269,1,15.75,28,8.06315355222372,11.1363846861493,1
269,1,15.75,28,11.1363846861493,11.3113484853708,1
269,1,15.75,28,11.3113484853708,11.4217166991902,1
269,1,15.75,28,11.4217166991902,12.2359853861354,1
269,1,15.75,28,12.2359853861354,12.387387575326,1
269,1,15.75,28,12.387387575326,12.5604292430012,1
269,1,15.75,28,12.5604292430012,12.8032229994381,1
269,1,15.75,28,12.8032229994381,13.3190664019139,1
269,1,15.75,28,13.3190664019139,13.4868034313979,1
269,1,15.75,28,13.4868034313979,13.7135455979158,1
269,1,15.75,28,13.7135455979158,13.9274000417972,1
269,1,15.75,28,13.9274000417972,14.2302377417999,1
269,1,15.75,28,14.2302377417999,14.290053844495,1
269,1,15.75,28,14.290053844495,14.3026412168452,1
269,1,15.75,28,14.3026412168452,14.6770246901564,1
269,1,15.75,28,14.6770246901564,14.9557656685843,1
269,1,15.75,28,14.9557656685843,15.4171535111996,1
269,1,15.75,28,15.4171535111996,15.6326245035078,1
269,1,15.75,28,15.6326245035078,15.732467353254,1
269,1,15.75,28,15.732467353254,15.75,0
270,1,16.75,1,0,13.2747454309626,1
270,1,16.75,1,13.2747454309626,16.75,0
271,1,10.75,16,0,3.84657278765564,1
271,1,10.75,16,3.84657278765564,4.01306629861593,1
271,1,10.75,16,4.01306629861593,4.4168890769242,1
271,1,10.75,16,4.4168890769242,4.48209371604634,1
271,1,10.75,16,4.48209371604634,6.89572488505298,1
271,1,10.75,16,6.89572488505298,6.95182198241975,1
271,1,10.75,16,6.95182198241975,7.45751066435821,1
271,1,10.75,16,7.45751066435821,8.40317327184917,1
271,1,10.75,16,8.40317327184917,8.45599306928748,1
271,1,10.75,16,8.45599306928748,9.23120193675208,1
271,1,10.75,16,9.23120193675208,9.29963604039112,1
271,1,10.75,16,9.29963604039112,9.59148681551642,1
271,1,10.75,16,9.59148681551642,9.99807946156201,1
271,1,10.75,16,9.99807946156201,10.0016906423763,1
271,1,10.75,16,10.0016906423763,10.2236169426598,1
271,1,10.75,16,10.2236169426598,10.5171374493919,1
271,1,10.75,16,10.5171374493919,10.75,0
272,1,13.75,5,0,0.078336037694986,1
272,1,13.75,5,0.078336037694986,0.0833649384768264,1
272,1,13.75,5,0.0833649384768264,5.67061123001701,1
272,1,13.75,5,5.67061123001701,6.25092150473358,1
272,1,13.75,5,6.25092150473358,8.45825706834018,1
272,1,13.75,5,8.45825706834018,13.75,0
273,1,12.75,0,0,12.75,0
274,1,13.75,24,0,2.66229478911071,1
274,1,13.75,24,2.66229478911071,3.4754032295686,1
274,1,13.75,24,3.4754032295686,3.51823137974528,1
274,1,13.75,24,3.51823137974528,4.60247286763865,1
274,1,13.75,24,4.60247286763865,4.96618466690127,1
274,1,13.75,24,4.96618466690127,8.01074727269121,1
274,1,13.75,24,8.01074727269121,8.61536916216511,1
274,1,13.75,24,8.61536916216511,9.16358515767866,1
274,1,13.75,24,9.16358515767866,9.24184944483567,1
274,1,13.75,24,9.24184944483567,9.80924126314201,1
274,1,13.75,24,9.80924126314201,10.2280707425481,1
274,1,13.75,24,10.2280707425481,10.2756790523554,1
274,1,13.75,24,10.2756790523554,10.7938238550825,1
274,1,13.75,24,10.7938238550825,10.8707454970202,1
274,1,13.75,24,10.8707454970202,11.1040664803641,1
274,1,13.75,24,11.1040664803641,11.1832193673292,1
274,1,13.75,24,11.1832193673292,11.2499183765983,1
274,1,13.75,24,11.2499183765983,11.3938785869066,1
274,1,13.75,24,11.3938785869066,12.597699952857,1
274,1,13.75,24,12.597699952857,12.736261945099,1
274,1,13.75,24,12.736261945099,13.0253958784509,1
274,1,13.75,24,13.0253958784509,13.1659068891919,1
274,1,13.75,24,13.1659068891919,13.2278641397666,1
274,1,13.75,24,13.2278641397666,13.6269245036034,1
274,1,13.75,24,13.6269245036034,13.75,0
275,1,13.75,2,0,1.93512134567221,1
275,1,13.75,2,1.93512134567221,3.13787236587143,1
275,1,13.75,2,3.13787236587143,13.75,0
276,1,12.75,0,0,12.75,0
277,1,11.75,26,0,0.356013409120859,1
277,1,11.75,26,0.356013409120859,2.88669557087387,1
277,1,11.75,26,2.88669557087387,3.85817879474863,1
277,1,11.75,26,3.85817879474863,4.90212185028469,1
277,1,11.75,26,4.90212185028469,5.20727283636282,1
277,1,11.75,26,5.20727283636282,5.79509282552964,1
277,1,11.75,26,5.79509282552964,5.89274153954037,1
277,1,11.75,26,5.89274153954037,6.00262298546574,1
277,1,11.75,26,6.00262298546574,6.10370638917836,1
277,1,11.75,26,6.10370638917836,6.24229887016719,1
277,1,11.75,26,6.24229887016719,6.53184298149262,1
277,1,11.75,26,6.53184298149262,6.87483063136536,1
277,1,11.75,26,6.87483063136536,6.92041576926635,1
277,1,11.75,26,6.92041576926635,7.3505537086327,1
277,1,11.75,26,7.3505537086327,7.71815398420301,1
277,1,11.75,26,7.71815398420301,8.03757853624767,1
277,1,11.75,26,8.03757853624767,9.52053616143087,1
277,1,11.75,26,9.52053616143087,9.74078568781136,1
277,1,11.75,26,9.74078568781136,10.1321736473253,1
277,1,11.75,26,10.1321736473253,10.2080899591935,1
277,1,11.75,26,10.2080899591935,10.4664143402419,1
277,1,11.75,26,10.4664143402419,10.8011298215523,1
277,1,11.75,26,10.8011298215523,10.8454398518786,1
277,1,11.75,26,10.8454398518786,11.0709821231712,1
277,1,11.75,26,11.0709821231712,11.169076914849,1
277,1,11.75,26,11.169076914849,11.6331741061439,1
277,1,11.75,26,11.6331741061439,11.75,0
278,1,20.75,2,0,1.67917682036187,1
278,1,20.75,2,1.67917682036187,3.79600909823951,1
278,1,20.75,2,3.79600909823951,20.75,0
279,1,18.75,52,0,7.18186153553926,1
279,1,18.75,52,7.18186153553926,8.65571296699349,1
279,1,18.75,52,8.65571296699349,8.78844079824298,1
279,1,18.75,52,8.78844079824298,9.12477037116593,1
279,1,18.75,52,9.12477037116593,9.28855133232675,1
279,1,18.75,52,9.28855133232675,9.33807859741889,1
279,1,18.75,52,9.33807859741889,9.94057231037862,1
279,1,18.75,52,9.94057231037862,10.2257610216369,1
279,1,18.75,52,10.2257610216369,11.2957728145406,1
279,1,18.75,52,11.2957728145406,11.6038051295382,1
279,1,18.75,52,11.6038051295382,11.6667556088632,1
279,1,18.75,52,11.6667556088632,11.8623808009468,1
279,1,18.75,52,11.8623808009468,12.5697910256317,1
279,1,18.75,52,12.5697910256317,12.7037968757716,1
279,1,18.75,52,12.7037968757716,12.7960088475249,1
279,1,18.75,52,12.7960088475249,12.8513520662627,1
279,1,18.75,52,12.8513520662627,13.1322906821209,1
279,1,18.75,52,13.1322906821209,13.3343663494414,1
279,1,18.75,52,13.3343663494414,13.3639548024705,1
279,1,18.75,52,13.3639548024705,13.4876827183198,1
279,1,18.75,52,13.4876827183198,13.6315638014491,1
279,1,18.75,52,13.6315638014491,14.0205258733199,1
279,1,18.75,52,14.0205258733199,14.1005988713532,1
279,1,18.75,52,14.1005988713532,14.1508974673056,1
279,1,18.75,52,14.1508974673056,14.428632970225,1
279,1,18.75,52,14.428632970225,14.6597099587904,1
279,1,18.75,52,14.6597099587904,14.734211575999,1
279,1,18.75,52,14.734211575999,14.8877740773733,1
279,1,18.75,52,14.8877740773733,14.9546574622384,1
279,1,18.75,52,14.9546574622384,14.9692691076088,1
279,1,18.75,52,14.9692691076088,14.993643490246,1
279,1,18.75,52,14.993643490246,15.0279780910738,1
279,1,18.75,52,15.0279780910738,15.1804233258653,1
279,1,18.75,52,15.1804233258653,15.4983534844112,1
279,1,18.75,52,15.4983534844112,15.5974222652705,1
279,1,18.75,52,15.5974222652705,15.9423358445575,1
279,1,18.75,52,15.9423358445575,16.2512033317419,1
279,1,18.75,52,16.2512033317419,16.4331059256556,1
279,1,18.75,52,16.4331059256556,16.4789686714055,1
279,1,18.75,52,16.4789686714055,16.5747312176882,1
279,1,18.75,52,16.5747312176882,17.1758343401558,1
279,1,18.75,52,17.1758343401558,17.2489283603609,1
279,1,18.75,52,17.2489283603609,17.4561405507002,1
279,1,18.75,52,17.4561405507002,17.5140294408689,1
279,1,18.75,52,17.5140294408689,17.6150238911682,1
279,1,18.75,52,17.6150238911682,17.9614189606565,1
279,1,18.75,52,17.9614189606565,17.9928093763474,1
279,1,18.75,52,17.9928093763474,18.1844424555028,1
279,1,18.75,52,18.1844424555028,18.2092960696642,1
279,1,18.75,52,18.2092960696642,18.4558992047841,1
279,1,18.75,52,18.4558992047841,18.4977120094697,1
279,1,18.75,52,18.4977120094697,18.5121231315545,1
279,1,18.75,52,18.5121231315545,18.75,0
280,1,8.75,1,0,6.03438278192266,1
280,1,8.75,1,6.03438278192266,8.75,0
281,1,9.75,15,0,3.88143336118153,1
281,1,9.75,15,3.88143336118153,3.90521820085407,1
281,1,9.75,15,3.90521820085407,5.09411912612497,1
281,1,9.75,15,5.09411912612497,6.02978190552787,1
281,1,9.75,15,6.02978190552787,6.46170179557422,1
281,1,9.75,15,6.46170179557422,6.89286452357905,1
281,1,9.75,15,6.89286452357905,6.98218569823545,1
281,1,9.75,15,6.98218569823545,8.1554641436376,1
281,1,9.75,15,8.1554641436376,8.23938598554936,1
281,1,9.75,15,8.23938598554936,8.49589133635003,1
281,1,9.75,15,8.49589133635003,8.52142500795087,1
281,1,9.75,15,8.52142500795087,8.59107771423098,1
281,1,9.75,15,8.59107771423098,9.04139250000259,1
281,1,9.75,15,9.04139250000259,9.22456457695007,1
281,1,9.75,15,9.22456457695007,9.66149789204153,1
281,1,9.75,15,9.66149789204153,9.75,0
282,1,13.75,1,0,0.54390965742257,1
282,1,13.75,1,0.54390965742257,13.75,0
283,1,18.75,2,0,9.59220325084565,1
283,1,18.75,2,9.59220325084565,13.999857763977,1
283,1,18.75,2,13.999857763977,18.75,0
284,1,16.75,43,0,2.88322913904301,1
284,1,16.75,43,2.88322913904301,4.72607589088797,1
284,1,16.75,43,4.72607589088797,6.2288499179612,1
284,1,16.75,43,6.2288499179612,6.3939637180861,1
284,1,16.75,43,6.3939637180861,7.75419022408663,1
284,1,16.75,43,7.75419022408663,7.99504492599368,1
284,1,16.75,43,7.99504492599368,8.03270012703812,1
284,1,16.75,43,8.03270012703812,8.41763970253405,1
284,1,16.75,43,8.41763970253405,8.45829972549684,1
284,1,16.75,43,8.45829972549684,9.50770695568998,1
284,1,16.75,43,9.50770695568998,9.60051213186866,1
284,1,16.75,43,9.60051213186866,9.69487317599542,1
284,1,16.75,43,9.69487317599542,9.93281939551385,1
284,1,16.75,43,9.93281939551385,10.1679020062127,1
284,1,16.75,43,10.1679020062127,10.7961350851369,1
284,1,16.75,43,10.7961350851369,11.3340669267397,1
284,1,16.75,43,11.3340669267397,11.6405182539865,1
284,1,16.75,43,11.6405182539865,11.8904877603125,1
284,1,16.75,43,11.8904877603125,12.0986119780195,1
284,1,16.75,43,12.0986119780195,12.3710912021395,1
284,1,16.75,43,12.3710912021395,12.7153603821027,1
284,1,16.75,43,12.7153603821027,12.7313989839599,1
284,1,16.75,43,12.7313989839599,13.0408536054908,1
284,1,16.75,43,13.0408536054908,13.1099296778364,1
284,1,16.75,43,13.1099296778364,13.3014215979978,1
284,1,16.75,43,13.3014215979978,13.5064381068012,1
284,1,16.75,43,13.5064381068012,13.5636924539804,1
284,1,16.75,43,13.5636924539804,13.9307232940642,1
284,1,16.75,43,13.9307232940642,13.9924978240165,1
284,1,16.75,43,13.9924978240165,14.0970689749949,1
284,1,16.75,43,14.0970689749949,14.2184474767082,1
284,1,16.75,43,14.2184474767082,14.3514604411023,1
284,1,16.75,43,14.3514604411023,14.9574324650711,1
284,1,16.75,43,14.9574324650711,15.2967207853556,1
284,1,16.75,43,15.2967207853556,15.3328270714983,1
284,1,16.75,43,15.3328270714983,15.4144192643841,1
284,1,16.75,43,15.4144192643841,15.4472225882336,1
284,1,16.75,43,15.4472225882336,15.8855503632362,1
284,1,16.75,43,15.8855503632362,15.9030050651232,1
284,1,16.75,43,15.9030050651232,16.2723195108578,1
284,1,16.75,43,16.2723195108578,16.4302630602506,1
284,1,16.75,43,16.4302630602506,16.7271637970599,1
284,1,16.75,43,16.7271637970599,16.7312544751213,1
284,1,16.75,43,16.7312544751213,16.75,0
285,1,9.75,10,0,4.07522113129003,1
285,1,9.75,10,4.07522113129003,4.73244829652652,1
285,1,9.75,10,4.73244829652652,5.34638670379013,1
285,1,9.75,10,5.34638670379013,7.45328911955009,1
285,1,9.75,10,7.45328911955009,8.16841799489912,1
285,1,9.75,10,8.16841799489912,8.44358415227084,1
285,1,9.75,10,8.44358415227084,8.76425473070097,1
285,1,9.75,10,8.76425473070097,8.8350853550584,1
285,1,9.75,10,8.8350853550584,9.2331583487609,1
285,1,9.75,10,9.2331583487609,9.59877667883769,1
285,1,9.75,10,9.59877667883769,9.75,0
286,1,8.75,0,0,8.75,0
287,1,8.75,1,0,6.43464171002322,1
287,1,8.75,1,6.43464171002322,8.75,0
288,1,16.75,38,0,2.57734355885467,1
288,1,16.75,38,2.57734355885467,3.75474204792382,1
288,1,16.75,38,3.75474204792382,4.69334305993232,1
288,1,16.75,38,4.69334305993232,6.6481514385331,1
288,1,16.75,38,6.6481514385331,7.10763362501431,1
288,1,16.75,38,7.10763362501431,7.22614050343167,1
288,1,16.75,38,7.22614050343167,8.10401290376531,1
288,1,16.75,38,8.10401290376531,8.23555184116911,1
288,1,16.75,38,8.23555184116911,9.02143999132324,1
288,1,16.75,38,9.02143999132324,9.12568436936325,1
288,1,16.75,38,9.12568436936325,9.13870719094071,1
288,1,16.75,38,9.13870719094071,9.56366611976585,1
288,1,16.75,38,9.56366611976585,9.58598375708454,1
288,1,16.75,38,9.58598375708454,10.4441608298572,1
288,1,16.75,38,10.4441608298572,10.7604959676875,1
288,1,16.75,38,10.7604959676875,11.3341409538072,1
288,1,16.75,38,11.3341409538072,11.6735343862591,1
288,1,16.75,38,11.6735343862591,12.2992917994029,1
288,1,16.75,38,12.2992917994029,13.0208501892133,1
288,1,16.75,38,13.0208501892133,13.4359515893355,1
288,1,16.75,38,13.4359515893355,13.8747597353129,1
288,1,16.75,38,13.8747597353129,13.9346842424577,1
288,1,16.75,38,13.9346842424577,14.068923532026,1
288,1,16.75,38,14.068923532026,14.2654285680145,1
288,1,16.75,38,14.2654285680145,14.6131784967134,1
288,1,16.75,38,14.6131784967134,14.6543844721828,1
288,1,16.75,38,14.6543844721828,14.7704984930362,1
288,1,16.75,38,14.7704984930362,14.9827845156825,1
288,1,16.75,38,14.9827845156825,15.082328880829,1
288,1,16.75,38,15.082328880829,15.1217790239492,1
288,1,16.75,38,15.1217790239492,15.1683642489843,1
288,1,16.75,38,15.1683642489843,15.5097734573484,1
288,1,16.75,38,15.5097734573484,16.1056762944598,1
288,1,16.75,38,16.1056762944598,16.1870675288795,1
288,1,16.75,38,16.1870675288795,16.2373324769318,1
288,1,16.75,38,16.2373324769318,16.2840399427027,1
288,1,16.75,38,16.2840399427027,16.6190192538105,1
288,1,16.75,38,16.6190192538105,16.7083615321902,1
288,1,16.75,38,16.7083615321902,16.75,0
289,1,13.75,1,0,4.85165215762884,1
289,1,13.75,1,4.85165215762884,13.75,0
290,1,16.75,2,0,0.675199903180103,1
290,1,16.75,2,0.675199903180103,3.66227364685245,1
290,1,16.75,2,3.66227364685245,16.75,0
291,1,8.75,0,0,8.75,0
292,1,11.75,2,0,0.196284252089669,1
292,1,11.75,2,0.196284252089669,0.675410122589716,1
292,1,11.75,2,0.675410122589716,11.75,0
293,1,8.75,0,0,8.75,0
294,1,8.75,11,0,1.98055194136107,1
294,1,8.75,11,1.98055194136107,2.75646856043477,1
294,1,8.75,11,2.75646856043477,4.2727114845576,1
294,1,8.75,11,4.2727114845576,5.44750600888828,1
294,1,8.75,11,5.44750600888828,6.01481643749068,1
294,1,8.75,11,6.01481643749068,6.91873335766245,1
294,1,8.75,11,6.91873335766245,7.09008336506643,1
294,1,8.75,11,7.09008336506643,7.66352409076139,1
294,1,8.75,11,7.66352409076139,7.7562111365298,1
294,1,8.75,11,7.7562111365298,7.93638671794899,1
294,1,8.75,11,7.93638671794899,8.16385968118074,1
294,1,8.75,11,8.16385968118074,8.75,0
295,1,15.75,36,0,3.36342865614981,1
295,1,15.75,36,3.36342865614981,5.16727276323428,1
295,1,15.75,36,5.16727276323428,6.03153840049265,1
295,1,15.75,36,6.03153840049265,6.25913892849469,1
295,1,15.75,36,6.25913892849469,6.69305104512255,1
295,1,15.75,36,6.69305104512255,8.18992854737088,1
295,1,15.75,36,8.18992854737088,8.84829853872646,1
295,1,15.75,36,8.84829853872646,9.07724063309717,1
295,1,15.75,36,9.07724063309717,9.75385935820931,1
295,1,15.75,36,9.75385935820931,9.85235404705227,1
295,1,15.75,36,9.85235404705227,9.89713331692162,1
295,1,15.75,36,9.89713331692162,9.92289950618747,1
295,1,15.75,36,9.92289950618747,10.1938005139681,1
295,1,15.75,36,10.1938005139681,10.7781368652526,1
295,1,15.75,36,10.7781368652526,10.8378572691808,1
295,1,15.75,36,10.8378572691808,11.2875347719147,1
295,1,15.75,36,11.2875347719147,12.5280550901601,1
295,1,15.75,36,12.5280550901601,12.7433364496956,1
295,1,15.75,36,12.7433364496956,12.8287780363879,1
295,1,15.75,36,12.8287780363879,13.011194448625,1
295,1,15.75,36,13.011194448625,13.4232890870028,1
295,1,15.75,36,13.4232890870028,13.5309975954003,1
295,1,15.75,36,13.5309975954003,13.6841082177543,1
295,1,15.75,36,13.6841082177543,13.8691880693933,1
295,1,15.75,36,13.8691880693933,13.9929434000555,1
295,1,15.75,36,13.9929434000555,14.1351943120144,1
295,1,15.75,36,14.1351943120144,14.1404696497321,1
295,1,15.75,36,14.1404696497321,14.2454268404171,1
295,1,15.75,36,14.2454268404171,14.283440330872,1
295,1,15.75,36,14.283440330872,14.9184425444867,1
295,1,15.75,36,14.9184425444867,14.9326979692103,1
295,1,15.75,36,14.9326979692103,14.9928019349193,1
295,1,15.75,36,14.9928019349193,14.9969917553361,1
295,1,15.75,36,14.9969917553361,15.4643324819264,1
295,1,15.75,36,15.4643324819264,15.6007641121853,1
295,1,15.75,36,15.6007641121853,15.6924110498324,1
295,1,15.75,36,15.6924110498324,15.75,0
296,1,14.75,62,0,1.88635835775689,1
296,1,14.75,62,1.88635835775689,2.50089093079561,1
296,1,14.75,62,2.50089093079561,3.64973895817571,1
296,1,14.75,62,3.64973895817571,3.90325701737836,1
296,1,14.75,62,3.90325701737836,4.30160313183507,1
296,1,14.75,62,4.30160313183507,4.51440762777827,1
296,1,14.75,62,4.51440762777827,4.62566864141974,1
296,1,14.75,62,4.62566864141974,4.87972589802788,1
296,1,14.75,62,4.87972589802788,5.23876072402479,1
296,1,14.75,62,5.23876072402479,5.36309053768342,1
296,1,14.75,62,5.36309053768342,5.66131975156289,1
296,1,14.75,62,5.66131975156289,6.08778131861429,1
296,1,14.75,62,6.08778131861429,6.4505305025689,1
296,1,14.75,62,6.4505305025689,6.81305018191158,1
296,1,14.75,62,6.81305018191158,7.18950630776528,1
296,1,14.75,62,7.18950630776528,7.3597049533718,1
296,1,14.75,62,7.3597049533718,7.62433396200856,1
296,1,14.75,62,7.62433396200856,7.74420892822465,1
296,1,14.75,62,7.74420892822465,7.90335469718446,1
296,1,14.75,62,7.90335469718446,8.0260613290535,1
296,1,14.75,62,8.0260613290535,8.44956850858609,1
296,1,14.75,62,8.44956850858609,8.45205309202688,1
296,1,14.75,62,8.45205309202688,8.55081969163307,1
296,1,14.75,62,8.55081969163307,8.57934151706153,1
296,1,14.75,62,8.57934151706153,8.83938756956158,1
296,1,14.75,62,8.83938756956158,8.96904035709268,1
296,1,14.75,62,8.96904035709268,9.03656038748744,1
296,1,14.75,62,9.03656038748744,9.1285511888536,1
296,1,14.75,62,9.1285511888536,9.16660539922646,1
296,1,14.75,62,9.16660539922646,9.25263890992023,1
296,1,14.75,62,9.25263890992023,9.56292718770875,1
296,1,14.75,62,9.56292718770875,9.73463184659241,1
296,1,14.75,62,9.73463184659241,9.85319710934314,1
296,1,14.75,62,9.85319710934314,10.2507238882451,1
296,1,14.75,62,10.2507238882451,10.3534023931672,1
296,1,14.75,62,10.3534023931672,10.5820600379371,1
296,1,14.75,62,10.5820600379371,10.6739267580981,1
296,1,14.75,62,10.6739267580981,10.7762772891388,1
296,1,14.75,62,10.7762772891388,11.0352053801255,1
296,1,14.75,62,11.0352053801255,11.2890646356044,1
296,1,14.75,62,11.2890646356044,11.5083807828189,1
296,1,14.75,62,11.5083807828189,11.5686409300543,1
296,1,14.75,62,11.5686409300543,11.6532561069064,1
296,1,14.75,62,11.6532561069064,11.7840299474131,1
296,1,14.75,62,11.7840299474131,11.9698821470051,1
296,1,14.75,62,11.9698821470051,11.9941859318552,1
296,1,14.75,62,11.9941859318552,12.4328670476715,1
296,1,14.75,62,12.4328670476715,12.5146765952663,1
296,1,14.75,62,12.5146765952663,12.5545331880357,1
296,1,14.75,62,12.5545331880357,12.6674936569859,1
296,1,14.75,62,12.6674936569859,12.7261735316483,1
296,1,14.75,62,12.7261735316483,12.7803333094242,1
296,1,14.75,62,12.7803333094242,12.8593538302629,1
296,1,14.75,62,12.8593538302629,13.0916690204613,1
296,1,14.75,62,13.0916690204613,13.2471758883183,1
296,1,14.75,62,13.2471758883183,13.7025104327982,1
296,1,14.75,62,13.7025104327982,13.8320391004567,1
296,1,14.75,62,13.8320391004567,13.903134994401,1
296,1,14.75,62,13.903134994401,14.3981565305277,1
296,1,14.75,62,14.3981565305277,14.4377051642578,1
296,1,14.75,62,14.4377051642578,14.5385246427967,1
296,1,14.75,62,14.5385246427967,14.6372657334531,1
296,1,14.75,62,14.6372657334531,14.75,0
297,1,12.75,2,0,2.18379108592637,1
297,1,12.75,2,2.18379108592637,5.47643612329626,1
297,1,12.75,2,5.47643612329626,12.75,0
298,1,12.75,3,0,0.564683254275912,1
298,1,12.75,3,0.564683254275912,2.34659665839654,1
298,1,12.75,3,2.34659665839654,8.47088545932886,1
298,1,12.75,3,8.47088545932886,12.75,0
299,1,18.75,50,0,4.61745380730863,1
299,1,18.75,50,4.61745380730863,4.6554187927244,1
299,1,18.75,50,4.6554187927244,5.00848571387751,1
299,1,18.75,50,5.00848571387751,5.14295952248722,1
299,1,18.75,50,5.14295952248722,5.94896881968927,1
299,1,18.75,50,5.94896881968927,6.14755712678407,1
299,1,18.75,50,6.14755712678407,6.75339269699627,1
299,1,18.75,50,6.75339269699627,7.42622369470563,1
299,1,18.75,50,7.42622369470563,7.49770394962462,1
299,1,18.75,50,7.49770394962462,8.1693250868762,1
299,1,18.75,50,8.1693250868762,8.68190759441041,1
299,1,18.75,50,8.68190759441041,8.70149644165402,1
299,1,18.75,50,8.70149644165402,9.08814006703579,1
299,1,18.75,50,9.08814006703579,9.2692848791014,1
299,1,18.75,50,9.2692848791014,10.3240567127596,1
299,1,18.75,50,10.3240567127596,11.2657174150575,1
299,1,18.75,50,11.2657174150575,11.6460863741163,1
299,1,18.75,50,11.6460863741163,12.0281053831842,1
299,1,18.75,50,12.0281053831842,12.2762138530748,1
299,1,18.75,50,12.2762138530748,12.8303730444609,1
299,1,18.75,50,12.8303730444609,13.1060167227188,1
299,1,18.75,50,13.1060167227188,13.5156513698234,1
299,1,18.75,50,13.5156513698234,13.63934751463,1
299,1,18.75,50,13.63934751463,13.6398504400497,1
299,1,18.75,50,13.6398504400497,13.8356813199258,1
299,1,18.75,50,13.8356813199258,14.2597031423911,1
299,1,18.75,50,14.2597031423911,14.3115876633145,1
299,1,18.75,50,14.3115876633145,14.3905253121675,1
299,1,18.75,50,14.3905253121675,14.5478221836777,1
299,1,18.75,50,14.5478221836777,15.2513624598428,1
299,1,18.75,50,15.2513624598428,15.2853951465166,1
299,1,18.75,50,15.2853951465166,15.5530056308697,1
299,1,18.75,50,15.5530056308697,15.6981140339861,1
299,1,18.75,50,15.6981140339861,16.4049650134566,1
299,1,18.75,50,16.4049650134566,16.7349459212143,1
299,1,18.75,50,16.7349459212143,16.8725934238315,1
299,1,18.75,50,16.8725934238315,16.9002534764843,1
299,1,18.75,50,16.9002534764843,16.9120383186019,1
299,1,18.75,50,16.9120383186019,16.9659126465851,1
299,1,18.75,50,16.9659126465851,17.1483866293446,1
299,1,18.75,50,17.1483866293446,17.2118735523113,1
299,1,18.75,50,17.2118735523113,17.3420209181328,1
299,1,18.75,50,17.3420209181328,17.3426746093733,1
299,1,18.75,50,17.3426746093733,17.440114885228,1
299,1,18.75,50,17.440114885228,17.7619141051526,1
299,1,18.75,50,17.7619141051526,18.0100000413861,1
299,1,18.75,50,18.0100000413861,18.2764956199908,1
299,1,18.75,50,18.2764956199908,18.2874354719495,1
299,1,18.75,50,18.2874354719495,18.4020240319231,1
299,1,18.75,50,18.4020240319231,18.5760881515711,1
299,1,18.75,50,18.5760881515711,18.75,0
300,1,17.75,1,0,0.126091195551358,1
300,1,17.75,1,0.126091195551358,17.75,0
301,0,14.75,0,0,14.75,0
302,0,13.75,0,0,13.75,0
303,0,11.75,3,0,3.24641322726986,1
303,0,11.75,3,3.24641322726986,6.02645446662784,1
303,0,11.75,3,6.02645446662784,8.57221863073858,1
303,0,11.75,3,8.57221863073858,11.75,0
304,0,14.75,0,0,14.75,0
305,0,13.75,1,0,12.2761588964501,1
305,0,13.75,1,12.2761588964501,13.75,0
306,0,10.75,20,0,5.08787443211166,1
306,0,10.75,20,5.08787443211166,5.80367917641007,1
306,0,10.75,20,5.80367917641007,6.21866058199084,1
306,0,10.75,20,6.21866058199084,6.34311758974982,1
306,0,10.75,20,6.34311758974982,6.38143386675721,1
306,0,10.75,20,6.38143386675721,6.52829182867632,1
306,0,10.75,20,6.52829182867632,6.89106221380601,1
306,0,10.75,20,6.89106221380601,6.90153544158212,1
306,0,10.75,20,6.90153544158212,7.34692494576576,1
306,0,10.75,20,7.34692494576576,7.78992427610924,1
306,0,10.75,20,7.78992427610924,7.88622636501143,1
306,0,10.75,20,7.88622636501143,8.3444872052796,1
306,0,10.75,20,8.3444872052796,8.34848320274522,1
306,0,10.75,20,8.34848320274522,8.40872663471008,1
306,0,10.75,20,8.40872663471008,9.40708762795393,1
306,0,10.75,20,9.40708762795393,9.89087967451171,1
306,0,10.75,20,9.89087967451171,9.96993585212404,1
306,0,10.75,20,9.96993585212404,10.4291614811527,1
306,0,10.75,20,10.4291614811527,10.472211485807,1
306,0,10.75,20,10.472211485807,10.6216858300223,1
306,0,10.75,20,10.6216858300223,10.75,0
307,0,11.75,0,0,11.75,0
308,0,11.75,1,0,6.8896986647961,1
308,0,11.75,1,6.8896986647961,11.75,0
309,0,16.75,0,0,16.75,0
310,0,16.75,4,0,4.74508482424659,1
310,0,16.75,4,4.74508482424659,8.51383281087089,1
310,0,16.75,4,8.51383281087089,12.1317332030187,1
310,0,16.75,4,12.1317332030187,13.9339523835457,1
310,0,16.75,4,13.9339523835457,16.75,0
311,0,8.75,0,0,8.75,0
312,0,17.75,2,0,0.237080737037439,1
312,0,17.75,2,0.237080737037439,6.31296960364604,1
312,0,17.75,2,6.31296960364604,17.75,0
313,0,16.75,2,0,0.0359766757810875,1
313,0,16.75,2,0.0359766757810875,2.66291705363929,1
313,0,16.75,2,2.66291705363929,16.75,0
314,0,18.75,0,0,18.75,0
315,0,8.75,2,0,1.07414047708132,1
315,0,8.75,2,1.07414047708132,4.7014794093146,1
315,0,8.75,2,4.7014794093146,8.75,0
316,0,11.75,1,0,3.68581419181664,1
316,0,11.75,1,3.68581419181664,11.75,0
317,0,14.75,12,0,6.55924765541536,1
317,0,14.75,12,6.55924765541536,10.3178682306069,1
317,0,14.75,12,10.3178682306069,10.4370843135209,1
317,0,14.75,12,10.4370843135209,10.5010247800758,1
317,0,14.75,12,10.5010247800758,10.7345587741567,1
317,0,14.75,12,10.7345587741567,10.9491851276499,1
317,0,14.75,12,10.9491851276499,12.1371798101832,1
317,0,14.75,12,12.1371798101832,12.2411900854839,1
317,0,14.75,12,12.2411900854839,14.0053703308546,1
317,0,14.75,12,14.0053703308546,14.1173326968375,1
317,0,14.75,12,14.1173326968375,14.5913726911071,1
317,0,14.75,12,14.5913726911071,14.5949663246686,1
317,0,14.75,12,14.5949663246686,14.75,0
318,0,10.75,0,0,10.75,0
319,0,13.75,0,0,13.75,0
320,0,15.75,0,0,15.75,0
321,0,12.75,17,0,4.32551197477853,1
321,0,12.75,17,4.32551197477853,5.14083592690606,1
321,0,12.75,17,5.14083592690606,6.46838360324067,1
321,0,12.75,17,6.46838360324067,7.09402517830452,1
321,0,12.75,17,7.09402517830452,8.11173627538664,1
321,0,12.75,17,8.11173627538664,8.40665370432399,1
321,0,12.75,17,8.40665370432399,8.53698187217236,1
321,0,12.75,17,8.53698187217236,8.58920793726676,1
321,0,12.75,17,8.58920793726676,8.88583849918556,1
321,0,12.75,17,8.88583849918556,9.87080396925483,1
321,0,12.75,17,9.87080396925483,9.89453499166256,1
321,0,12.75,17,9.89453499166256,10.451231951611,1
321,0,12.75,17,10.451231951611,11.4943979272818,1
321,0,12.75,17,11.4943979272818,11.5074456769159,1
321,0,12.75,17,11.5074456769159,12.0405826267952,1
321,0,12.75,17,12.0405826267952,12.0933867196736,1
321,0,12.75,17,12.0933867196736,12.1313588576721,1
321,0,12.75,17,12.1313588576721,12.75,0
322,0,17.75,1,0,4.85236902638368,1
322,0,17.75,1,4.85236902638368,17.75,0
323,0,17.75,42,0,5.74381506489322,1
323,0,17.75,42,5.74381506489322,5.90320192951198,1
323,0,17.75,42,5.90320192951198,6.20300507214314,1
323,0,17.75,42,6.20300507214314,6.30897532472199,1
323,0,17.75,42,6.30897532472199,7.24506965973837,1
323,0,17.75,42,7.24506965973837,7.49949974705205,1
323,0,17.75,42,7.49949974705205,7.78655670854395,1
323,0,17.75,42,7.78655670854395,8.01230165820444,1
323,0,17.75,42,8.01230165820444,8.37211396093849,1
323,0,17.75,42,8.37211396093849,8.75599421033334,1
323,0,17.75,42,8.75599421033334,9.21719877783651,1
323,0,17.75,42,9.21719877783651,9.79362053747651,1
323,0,17.75,42,9.79362053747651,10.2059100871431,1
323,0,17.75,42,10.2059100871431,10.2564158529514,1
323,0,17.75,42,10.2564158529514,11.3704459359757,1
323,0,17.75,42,11.3704459359757,11.7994902333645,1
323,0,17.75,42,11.7994902333645,11.9993792549703,1
323,0,17.75,42,11.9993792549703,12.0341231177085,1
323,0,17.75,42,12.0341231177085,12.1158678384837,1
323,0,17.75,42,12.1158678384837,12.2754775945784,1
323,0,17.75,42,12.2754775945784,12.4027827735059,1
323,0,17.75,42,12.4027827735059,12.9282783659604,1
323,0,17.75,42,12.9282783659604,13.0882194581509,1
323,0,17.75,42,13.0882194581509,13.2576457714658,1
323,0,17.75,42,13.2576457714658,13.3692782301096,1
323,0,17.75,42,13.3692782301096,14.3719184708682,1
323,0,17.75,42,14.3719184708682,14.4529647693382,1
323,0,17.75,42,14.4529647693382,14.5879151896193,1
323,0,17.75,42,14.5879151896193,14.9719030249601,1
323,0,17.75,42,14.9719030249601,15.4973339659457,1
323,0,17.75,42,15.4973339659457,15.5833123219014,1
323,0,17.75,42,15.5833123219014,15.6863112954178,1
323,0,17.75,42,15.6863112954178,15.8315431687918,1
323,0,17.75,42,15.8315431687918,16.0721287762943,1
323,0,17.75,42,16.0721287762943,16.138218319513,1
323,0,17.75,42,16.138218319513,16.2427063488796,1
323,0,17.75,42,16.2427063488796,16.2443782572163,1
323,0,17.75,42,16.2443782572163,16.3936555423516,1
323,0,17.75,42,16.3936555423516,16.5381205515029,1
323,0,17.75,42,16.5381205515029,17.1461994219309,1
323,0,17.75,42,17.1461994219309,17.3886735991238,1
323,0,17.75,42,17.3886735991238,17.7040865260838,1
323,0,17.75,42,17.7040865260838,17.75,0
324,0,18.75,1,0,3.34733798545879,1
324,0,18.75,1,3.34733798545879,18.75,0
325,0,16.75,2,0,0.203545037599549,1
325,0,16.75,2,0.203545037599549,7.51807319841947,1
325,0,16.75,2,7.51807319841947,16.75,0
326,0,14.75,1,0,0.45399093970466,1
326,0,14.75,1,0.45399093970466,14.75,0
327,0,8.75,1,0,0.530199407674875,1
327,0,8.75,1,0.530199407674875,8.75,0
328,0,11.75,1,0,4.3053651320844,1
328,0,11.75,1,4.3053651320844,11.75,0
329,0,14.75,1,0,6.94187529330195,1
329,0,14.75,1,6.94187529330195,14.75,0
330,0,14.75,30,0,2.04094548618093,1
330,0,14.75,30,2.04094548618093,3.12153001171605,1
330,0,14.75,30,3.12153001171605,4.15018596871009,1
330,0,14.75,30,4.15018596871009,5.44937080634875,1
330,0,14.75,30,5.44937080634875,6.29805817237512,1
330,0,14.75,30,6.29805817237512,6.45525811468862,1
330,0,14.75,30,6.45525811468862,6.64493113470692,1
330,0,14.75,30,6.64493113470692,7.77989201409483,1
330,0,14.75,30,7.77989201409483,7.82291659606868,1
330,0,14.75,30,7.82291659606868,8.18928840795483,1
330,0,14.75,30,8.18928840795483,8.59820370329933,1
330,0,14.75,30,8.59820370329933,9.2239906834479,1
330,0,14.75,30,9.2239906834479,9.66401488281162,1
330,0,14.75,30,9.66401488281162,10.0246882035476,1
330,0,14.75,30,10.0246882035476,10.4894185851108,1
330,0,14.75,30,10.4894185851108,11.1207405085791,1
330,0,14.75,30,11.1207405085791,11.1684307186002,1
330,0,14.75,30,11.1684307186002,11.6993487074545,1
330,0,14.75,30,11.6993487074545,12.2118935365538,1
330,0,14.75,30,12.2118935365538,12.335304767444,1
330,0,14.75,30,12.335304767444,12.4009866812528,1
330,0,14.75,30,12.4009866812528,12.4858190967396,1
330,0,14.75,30,12.4858190967396,12.7879704415579,1
330,0,14.75,30,12.7879704415579,12.8107667024602,1
330,0,14.75,30,12.8107667024602,13.3662995790509,1
330,0,14.75,30,13.3662995790509,13.5361135985511,1
330,0,14.75,30,13.5361135985511,13.688519731759,1
330,0,14.75,30,13.688519731759,13.7542891975521,1
330,0,14.75,30,13.7542891975521,14.19616117617,1
330,0,14.75,30,14.19616117617,14.2788583544924,1
330,0,14.75,30,14.2788583544924,14.75,0
331,0,16.75,20,0,6.80928646650731,1
331,0,16.75,20,6.80928646650731,8.80084282524014,1
331,0,16.75,20,8.80084282524014,9.54903568747895,1
331,0,16.75,20,9.54903568747895,10.7798627041247,1
331,0,16.75,20,10.7798627041247,11.2289582607171,1
331,0,16.75,20,11.2289582607171,11.3557981593718,1
331,0,16.75,20,11.3557981593718,11.7373191352418,1
331,0,16.75,20,11.7373191352418,11.7632489734983,1
331,0,16.75,20,11.7632489734983,12.3480829539268,1
331,0,16.75,20,12.3480829539268,12.7726338715375,1
331,0,16.75,20,12.7726338715375,13.0894590140397,1
331,0,16.75,20,13.0894590140397,13.7633480414696,1
331,0,16.75,20,13.7633480414696,14.2213911578342,1
331,0,16.75,20,14.2213911578342,14.9871392689701,1
331,0,16.75,20,14.9871392689701,15.2366411200421,1
331,0,16.75,20,15.2366411200421,15.6151545902119,1
331,0,16.75,20,15.6151545902119,15.6917832190691,1
331,0,16.75,20,15.6917832190691,16.3061569656998,1
331,0,16.75,20,16.3061569656998,16.3399773537067,1
331,0,16.75,20,16.3399773537067,16.6806803593261,1
331,0,16.75,20,16.6806803593261,16.75,0
332,0,8.75,0,0,8.75,0
333,0,9.75,4,0,5.64241553756994,1
333,0,9.75,4,5.64241553756994,5.78033586337209,1
333,0,9.75,4,5.78033586337209,6.46209999670563,1
333,0,9.75,4,6.46209999670563,7.63227984899185,1
333,0,9.75,4,7.63227984899185,9.75,0
334,0,11.75,4,0,1.62469001015331,1
334,0,11.75,4,1.62469001015331,3.48188536530887,1
334,0,11.75,4,3.48188536530887,4.03947046492052,1
334,0,11.75,4,4.03947046492052,6.17008120208325,1
334,0,11.75,4,6.17008120208325,11.75,0
335,0,12.75,0,0,12.75,0
336,0,9.75,10,0,6.73058354214644,1
336,0,9.75,10,6.73058354214644,6.86545702992753,1
336,0,9.75,10,6.86545702992753,6.90131722399914,1
336,0,9.75,10,6.90131722399914,7.17386234330822,1
336,0,9.75,10,7.17386234330822,7.41905663728513,1
336,0,9.75,10,7.41905663728513,8.37680891827672,1
336,0,9.75,10,8.37680891827672,8.50813589993766,1
336,0,9.75,10,8.50813589993766,9.65613967556377,1
336,0,9.75,10,9.65613967556377,9.6711866598563,1
336,0,9.75,10,9.6711866598563,9.74245940178871,1
336,0,9.75,10,9.74245940178871,9.75,0
337,0,15.75,54,0,1.84809871095555,1
337,0,15.75,54,1.84809871095555,6.02846189408042,1
337,0,15.75,54,6.02846189408042,6.46476692771853,1
337,0,15.75,54,6.46476692771853,6.46526778460183,1
337,0,15.75,54,6.46526778460183,6.77278868970965,1
337,0,15.75,54,6.77278868970965,7.04501419911842,1
337,0,15.75,54,7.04501419911842,7.37901784146739,1
337,0,15.75,54,7.37901784146739,7.77556518845897,1
337,0,15.75,54,7.77556518845897,8.33464904642925,1
337,0,15.75,54,8.33464904642925,8.70209631271211,1
337,0,15.75,54,8.70209631271211,8.88866859301663,1
337,0,15.75,54,8.88866859301663,9.24436204976491,1
337,0,15.75,54,9.24436204976491,10.2723776352349,1
337,0,15.75,54,10.2723776352349,10.4055591827253,1
337,0,15.75,54,10.4055591827253,10.4702254216792,1
337,0,15.75,54,10.4702254216792,10.5023129850924,1
337,0,15.75,54,10.5023129850924,10.5400865709476,1
337,0,15.75,54,10.5400865709476,10.6181803753952,1
337,0,15.75,54,10.6181803753952,11.2772861858894,1
337,0,15.75,54,11.2772861858894,11.3070111866452,1
337,0,15.75,54,11.3070111866452,11.4942691962469,1
337,0,15.75,54,11.4942691962469,11.8148320392897,1
337,0,15.75,54,11.8148320392897,12.4719522823558,1
337,0,15.75,54,12.4719522823558,12.5660289895173,1
337,0,15.75,54,12.5660289895173,12.7376411322876,1
337,0,15.75,54,12.7376411322876,12.7609210358265,1
337,0,15.75,54,12.7609210358265,12.821025191409,1
337,0,15.75,54,12.821025191409,12.8409090673551,1
337,0,15.75,54,12.8409090673551,12.8453546669155,1
337,0,15.75,54,12.8453546669155,13.0377781105726,1
337,0,15.75,54,13.0377781105726,13.0448007824992,1
337,0,15.75,54,13.0448007824992,13.3044906733196,1
337,0,15.75,54,13.3044906733196,13.4073450297502,1
337,0,15.75,54,13.4073450297502,13.5869387459159,1
337,0,15.75,54,13.5869387459159,13.6263467714519,1
337,0,15.75,54,13.6263467714519,13.6298131264914,1
337,0,15.75,54,13.6298131264914,13.704591991675,1
337,0,15.75,54,13.704591991675,13.7876225736075,1
337,0,15.75,54,13.7876225736075,13.9876511304218,1
337,0,15.75,54,13.9876511304218,14.0093994950638,1
337,0,15.75,54,14.0093994950638,14.2021630166339,1
337,0,15.75,54,14.2021630166339,14.2716911612382,1
337,0,15.75,54,14.2716911612382,14.3402727628804,1
337,0,15.75,54,14.3402727628804,14.3985445422797,1
337,0,15.75,54,14.3985445422797,14.4770686311378,1
337,0,15.75,54,14.4770686311378,14.6461317690174,1
337,0,15.75,54,14.6461317690174,14.6832085332018,1
337,0,15.75,54,14.6832085332018,14.71862405926,1
337,0,15.75,54,14.71862405926,15.0908447679945,1
337,0,15.75,54,15.0908447679945,15.22834995974,1
337,0,15.75,54,15.22834995974,15.2375515834421,1
337,0,15.75,54,15.2375515834421,15.4201877438025,1
337,0,15.75,54,15.4201877438025,15.4323238057031,1
337,0,15.75,54,15.4323238057031,15.475565867116,1
337,0,15.75,54,15.475565867116,15.75,0
338,0,19.75,54,0,4.27569280921242,1
338,0,19.75,54,4.27569280921242,6.27468927161039,1
338,0,19.75,54,6.27468927161039,7.2657504560524,1
338,0,19.75,54,7.2657504560524,7.33548697494966,1
338,0,19.75,54,7.33548697494966,7.97105685739593,1
338,0,19.75,54,7.97105685739593,8.71528357525011,1
338,0,19.75,54,8.71528357525011,10.7550550197879,1
338,0,19.75,54,10.7550550197879,10.8013857905343,1
338,0,19.75,54,10.8013857905343,11.3534770171216,1
338,0,19.75,54,11.3534770171216,11.5914511794784,1
338,0,19.75,54,11.5914511794784,12.5038746050813,1
338,0,19.75,54,12.5038746050813,12.5592327945817,1
338,0,19.75,54,12.5592327945817,12.7175744072627,1
338,0,19.75,54,12.7175744072627,13.3572044336424,1
338,0,19.75,54,13.3572044336424,13.4273766832025,1
338,0,19.75,54,13.4273766832025,13.8808344155962,1
338,0,19.75,54,13.8808344155962,14.3344952590858,1
338,0,19.75,54,14.3344952590858,14.5608970774347,1
338,0,19.75,54,14.5608970774347,15.0027026485771,1
338,0,19.75,54,15.0027026485771,15.1116092036856,1
338,0,19.75,54,15.1116092036856,15.1220429762495,1
338,0,19.75,54,15.1220429762495,15.1982922701326,1
338,0,19.75,54,15.1982922701326,15.2493056570589,1
338,0,19.75,54,15.2493056570589,15.5038392816634,1
338,0,19.75,54,15.5038392816634,15.5690774255566,1
338,0,19.75,54,15.5690774255566,15.6762973152395,1
338,0,19.75,54,15.6762973152395,15.9043044621579,1
338,0,19.75,54,15.9043044621579,15.9165295453432,1
338,0,19.75,54,15.9165295453432,16.0872436531392,1
338,0,19.75,54,16.0872436531392,16.7961645853017,1
338,0,19.75,54,16.7961645853017,16.9035234757894,1
338,0,19.75,54,16.9035234757894,16.9451109936787,1
338,0,19.75,54,16.9451109936787,17.0803299729439,1
338,0,19.75,54,17.0803299729439,17.2000805353491,1
338,0,19.75,54,17.2000805353491,17.222399613455,1
338,0,19.75,54,17.222399613455,17.3032074798338,1
338,0,19.75,54,17.3032074798338,17.3392164374554,1
338,0,19.75,54,17.3392164374554,17.3475631869749,1
338,0,19.75,54,17.3475631869749,17.3567278367105,1
338,0,19.75,54,17.3567278367105,17.3806698374262,1
338,0,19.75,54,17.3806698374262,17.5635235141123,1
338,0,19.75,54,17.5635235141123,17.7824329712331,1
338,0,19.75,54,17.7824329712331,17.8793892225993,1
338,0,19.75,54,17.8793892225993,18.3034398512514,1
338,0,19.75,54,18.3034398512514,18.3555231394781,1
338,0,19.75,54,18.3555231394781,18.4603354507164,1
338,0,19.75,54,18.4603354507164,18.5858341675705,1
338,0,19.75,54,18.5858341675705,18.788744499827,1
338,0,19.75,54,18.788744499827,19.2354564057452,1
338,0,19.75,54,19.2354564057452,19.2451830834813,1
338,0,19.75,54,19.2451830834813,19.2897167681785,1
338,0,19.75,54,19.2897167681785,19.5473273289812,1
338,0,19.75,54,19.5473273289812,19.664216821316,1
338,0,19.75,54,19.664216821316,19.7491443745317,1
338,0,19.75,54,19.7491443745317,19.75,0
339,0,17.75,49,0,1.58060028157876,1
339,0,17.75,49,1.58060028157876,1.84593405090467,1
339,0,17.75,49,1.84593405090467,3.54642362434251,1
339,0,17.75,49,3.54642362434251,4.0197104399121,1
339,0,17.75,49,4.0197104399121,4.36915647288022,1
339,0,17.75,49,4.36915647288022,5.69141211644936,1
339,0,17.75,49,5.69141211644936,6.07270127543127,1
339,0,17.75,49,6.07270127543127,6.10784016897906,1
339,0,17.75,49,6.10784016897906,6.5631063519989,1
339,0,17.75,49,6.5631063519989,7.78029641583024,1
339,0,17.75,49,7.78029641583024,8.41597587326259,1
339,0,17.75,49,8.41597587326259,8.45210208421526,1
339,0,17.75,49,8.45210208421526,8.56690782350557,1
339,0,17.75,49,8.56690782350557,8.96172302792194,1
339,0,17.75,49,8.96172302792194,9.36848789849217,1
339,0,17.75,49,9.36848789849217,9.9741157035826,1
339,0,17.75,49,9.9741157035826,10.7213415460909,1
339,0,17.75,49,10.7213415460909,10.8465668213282,1
339,0,17.75,49,10.8465668213282,11.0752808481931,1
339,0,17.75,49,11.0752808481931,12.0209524113198,1
339,0,17.75,49,12.0209524113198,12.3326086411725,1
339,0,17.75,49,12.3326086411725,12.9570638205456,1
339,0,17.75,49,12.9570638205456,13.1021249456084,1
339,0,17.75,49,13.1021249456084,13.1459430095151,1
339,0,17.75,49,13.1459430095151,13.5449046753588,1
339,0,17.75,49,13.5449046753588,13.5756753060662,1
339,0,17.75,49,13.5756753060662,13.651886934825,1
339,0,17.75,49,13.651886934825,13.8035528040881,1
339,0,17.75,49,13.8035528040881,14.0586013509486,1
339,0,17.75,49,14.0586013509486,14.2465155215183,1
339,0,17.75,49,14.2465155215183,14.809983714871,1
339,0,17.75,49,14.809983714871,15.129061347215,1
339,0,17.75,49,15.129061347215,15.1934046699979,1
339,0,17.75,49,15.1934046699979,15.5271722336893,1
339,0,17.75,49,15.5271722336893,15.6681324093943,1
339,0,17.75,49,15.6681324093943,15.8024625520443,1
339,0,17.75,49,15.8024625520443,15.8755098897735,1
339,0,17.75,49,15.8755098897735,15.8800031912564,1
339,0,17.75,49,15.8800031912564,15.8932883114329,1
339,0,17.75,49,15.8932883114329,15.9150419455232,1
339,0,17.75,49,15.9150419455232,16.2960571061902,1
339,0,17.75,49,16.2960571061902,16.3611968831861,1
339,0,17.75,49,16.3611968831861,16.6749152434017,1
339,0,17.75,49,16.6749152434017,17.0798059783617,1
339,0,17.75,49,17.0798059783617,17.1053453661515,1
339,0,17.75,49,17.1053453661515,17.2581122493513,1
339,0,17.75,49,17.2581122493513,17.2691439847689,1
339,0,17.75,49,17.2691439847689,17.4119371619806,1
339,0,17.75,49,17.4119371619806,17.6264388456375,1
339,0,17.75,49,17.6264388456375,17.75,0
340,0,13.75,0,0,13.75,0
341,0,13.75,23,0,6.19652340977835,1
341,0,13.75,23,6.19652340977835,6.28330376608262,1
341,0,13.75,23,6.28330376608262,6.35036808633074,1
341,0,13.75,23,6.35036808633074,6.63823128355437,1
341,0,13.75,23,6.63823128355437,7.31720678345653,1
341,0,13.75,23,7.31720678345653,8.53270717936591,1
341,0,13.75,23,8.53270717936591,8.81860594033029,1
341,0,13.75,23,8.81860594033029,9.31031191209995,1
341,0,13.75,23,9.31031191209995,9.43564467715283,1
341,0,13.75,23,9.43564467715283,10.1979552468085,1
341,0,13.75,23,10.1979552468085,10.4740825861015,1
341,0,13.75,23,10.4740825861015,11.3873023107453,1
341,0,13.75,23,11.3873023107453,11.4329194308169,1
341,0,13.75,23,11.4329194308169,11.500975900477,1
341,0,13.75,23,11.500975900477,11.8196429910293,1
341,0,13.75,23,11.8196429910293,12.0590919573208,1
341,0,13.75,23,12.0590919573208,12.0638675986764,1
341,0,13.75,23,12.0638675986764,12.6073140219388,1
341,0,13.75,23,12.6073140219388,12.6514909564519,1
341,0,13.75,23,12.6514909564519,12.960499399143,1
341,0,13.75,23,12.960499399143,13.0896246168447,1
341,0,13.75,23,13.0896246168447,13.1682547594482,1
341,0,13.75,23,13.1682547594482,13.1748886555295,1
341,0,13.75,23,13.1748886555295,13.75,0
342,0,14.75,17,0,5.86616124299215,1
342,0,14.75,17,5.86616124299215,9.59490801305147,1
342,0,14.75,17,9.59490801305147,9.87727788639183,1
342,0,14.75,17,9.87727788639183,10.9902357417205,1
342,0,14.75,17,10.9902357417205,11.1148618204427,1
342,0,14.75,17,11.1148618204427,11.2537578515344,1
342,0,14.75,17,11.2537578515344,11.372423125025,1
342,0,14.75,17,11.372423125025,11.4521874510155,1
342,0,14.75,17,11.4521874510155,11.9348738892266,1
342,0,14.75,17,11.9348738892266,12.4735153209352,1
342,0,14.75,17,12.4735153209352,12.9255142132298,1
342,0,14.75,17,12.9255142132298,13.7555672939947,1
342,0,14.75,17,13.7555672939947,13.8618584213126,1
342,0,14.75,17,13.8618584213126,13.9462501125597,1
342,0,14.75,17,13.9462501125597,14.2823618316092,1
342,0,14.75,17,14.2823618316092,14.4234075223271,1
342,0,14.75,17,14.4234075223271,14.4610696937004,1
342,0,14.75,17,14.4610696937004,14.75,0
343,0,9.75,9,0,3.34556701229907,1
343,0,9.75,9,3.34556701229907,6.77034518774149,1
343,0,9.75,9,6.77034518774149,7.45400631715389,1
343,0,9.75,9,7.45400631715389,7.65019864692097,1
343,0,9.75,9,7.65019864692097,7.69906444094509,1
343,0,9.75,9,7.69906444094509,7.86542345664874,1
343,0,9.75,9,7.86542345664874,8.15047968734009,1
343,0,9.75,9,8.15047968734009,8.17461599005529,1
343,0,9.75,9,8.17461599005529,9.62911163626769,1
343,0,9.75,9,9.62911163626769,9.75,0
344,0,18.75,1,0,9.76791286845238,1
344,0,18.75,1,9.76791286845238,18.75,0
345,0,15.75,35,0,2.73700579710884,1
345,0,15.75,35,2.73700579710884,3.50643033985396,1
345,0,15.75,35,3.50643033985396,4.03229556659285,1
345,0,15.75,35,4.03229556659285,4.50711663269096,1
345,0,15.75,35,4.50711663269096,5.56250151755403,1
345,0,15.75,35,5.56250151755403,6.02543237487851,1
345,0,15.75,35,6.02543237487851,6.51847025012188,1
345,0,15.75,35,6.51847025012188,6.60846089107032,1
345,0,15.75,35,6.60846089107032,7.1989459541347,1
345,0,15.75,35,7.1989459541347,7.40162562566556,1
345,0,15.75,35,7.40162562566556,8.21256820505281,1
345,0,15.75,35,8.21256820505281,8.92552309708045,1
345,0,15.75,35,8.92552309708045,9.3180831645013,1
345,0,15.75,35,9.3180831645013,10.0787593126943,1
345,0,15.75,35,10.0787593126943,10.174139177044,1
345,0,15.75,35,10.174139177044,10.9713618141514,1
345,0,15.75,35,10.9713618141514,11.1546143598892,1
345,0,15.75,35,11.1546143598892,11.9850373716602,1
345,0,15.75,35,11.9850373716602,12.1907844148427,1
345,0,15.75,35,12.1907844148427,12.3754830014974,1
345,0,15.75,35,12.3754830014974,12.6574242542319,1
345,0,15.75,35,12.6574242542319,13.0284122822501,1
345,0,15.75,35,13.0284122822501,13.1248785560103,1
345,0,15.75,35,13.1248785560103,13.327684862804,1
345,0,15.75,35,13.327684862804,13.4787323001265,1
345,0,15.75,35,13.4787323001265,13.4849128966322,1
345,0,15.75,35,13.4849128966322,13.494918811357,1
345,0,15.75,35,13.494918811357,13.5529262839342,1
345,0,15.75,35,13.5529262839342,14.1490681019753,1
345,0,15.75,35,14.1490681019753,14.6378006491136,1
345,0,15.75,35,14.6378006491136,15.0892061027351,1
345,0,15.75,35,15.0892061027351,15.104909877342,1
345,0,15.75,35,15.104909877342,15.3389035316081,1
345,0,15.75,35,15.3389035316081,15.707538098482,1
345,0,15.75,35,15.707538098482,15.7208748977791,1
345,0,15.75,35,15.7208748977791,15.75,0
346,0,18.75,67,0,2.93863732466961,1
346,0,18.75,67,2.93863732466961,3.11715878238107,1
346,0,18.75,67,3.11715878238107,4.72937984431035,1
346,0,18.75,67,4.72937984431035,5.40152072222441,1
346,0,18.75,67,5.40152072222441,7.0872391167948,1
346,0,18.75,67,7.0872391167948,7.18542856159178,1
346,0,18.75,67,7.18542856159178,7.44783805871794,1
346,0,18.75,67,7.44783805871794,7.75556457129156,1
346,0,18.75,67,7.75556457129156,7.81641999303927,1
346,0,18.75,67,7.81641999303927,8.234171453228,1
346,0,18.75,67,8.234171453228,8.61902054631479,1
346,0,18.75,67,8.61902054631479,8.70604675694634,1
346,0,18.75,67,8.70604675694634,8.84502159099608,1
346,0,18.75,67,8.84502159099608,9.38902413620733,1
346,0,18.75,67,9.38902413620733,9.65903730904807,1
346,0,18.75,67,9.65903730904807,9.86281816434607,1
346,0,18.75,67,9.86281816434607,10.408499325056,1
346,0,18.75,67,10.408499325056,10.4348191630771,1
346,0,18.75,67,10.4348191630771,10.8008559234656,1
346,0,18.75,67,10.8008559234656,11.0640525242055,1
346,0,18.75,67,11.0640525242055,11.6155892353731,1
346,0,18.75,67,11.6155892353731,12.0131775268944,1
346,0,18.75,67,12.0131775268944,12.1649026430907,1
346,0,18.75,67,12.1649026430907,12.3960316995185,1
346,0,18.75,67,12.3960316995185,12.4129987479764,1
346,0,18.75,67,12.4129987479764,12.542955867893,1
346,0,18.75,67,12.542955867893,12.6977055408647,1
346,0,18.75,67,12.6977055408647,12.9069925911245,1
346,0,18.75,67,12.9069925911245,13.0692690839856,1
346,0,18.75,67,13.0692690839856,13.3183243055422,1
346,0,18.75,67,13.3183243055422,13.4299042038263,1
346,0,18.75,67,13.4299042038263,13.5500997416729,1
346,0,18.75,67,13.5500997416729,13.7649147379391,1
346,0,18.75,67,13.7649147379391,13.8873663116301,1
346,0,18.75,67,13.8873663116301,14.3055991413809,1
346,0,18.75,67,14.3055991413809,14.6035327805599,1
346,0,18.75,67,14.6035327805599,14.6327570240438,1
346,0,18.75,67,14.6327570240438,14.6745475496573,1
346,0,18.75,67,14.6745475496573,14.8983341596069,1
346,0,18.75,67,14.8983341596069,14.9255804153123,1
346,0,18.75,67,14.9255804153123,14.9667970556366,1
346,0,18.75,67,14.9667970556366,15.3057176515018,1
346,0,18.75,67,15.3057176515018,15.3284845323174,1
346,0,18.75,67,15.3284845323174,15.6478724858502,1
346,0,18.75,67,15.6478724858502,15.7135749929412,1
346,0,18.75,67,15.7135749929412,15.7249801017749,1
346,0,18.75,67,15.7249801017749,16.2218257360941,1
346,0,18.75,67,16.2218257360941,16.2456903419266,1
346,0,18.75,67,16.2456903419266,16.3409833537155,1
346,0,18.75,67,16.3409833537155,16.364288674603,1
346,0,18.75,67,16.364288674603,16.6283628709339,1
346,0,18.75,67,16.6283628709339,16.7597671340733,1
346,0,18.75,67,16.7597671340733,16.9713835995811,1
346,0,18.75,67,16.9713835995811,17.1071793025242,1
346,0,18.75,67,17.1071793025242,17.3484140408702,1
346,0,18.75,67,17.3484140408702,17.4424132461831,1
346,0,18.75,67,17.4424132461831,17.4482699839776,1
346,0,18.75,67,17.4482699839776,17.5301779443204,1
346,0,18.75,67,17.5301779443204,17.8971259085678,1
346,0,18.75,67,17.8971259085678,17.8992417321476,1
346,0,18.75,67,17.8992417321476,17.9794722344537,1
346,0,18.75,67,17.9794722344537,18.0012382869219,1
346,0,18.75,67,18.0012382869219,18.0161567707691,1
346,0,18.75,67,18.0161567707691,18.177870362675,1
346,0,18.75,67,18.177870362675,18.5023183562753,1
346,0,18.75,67,18.5023183562753,18.5547859608997,1
346,0,18.75,67,18.5547859608997,18.5979060433441,1
346,0,18.75,67,18.5979060433441,18.75,0
347,0,18.75,2,0,3.16102722875265,1
347,0,18.75,2,3.16102722875265,18.723180286683,1
347,0,18.75,2,18.723180286683,18.75,0
348,0,16.75,2,0,2.82528626351028,1
348,0,16.75,2,2.82528626351028,14.3011971570253,1
348,0,16.75,2,14.3011971570253,16.75,0
349,0,11.75,59,0,2.31410050086226,1
349,0,11.75,59,2.31410050086226,2.87053752471445,1
349,0,11.75,59,2.87053752471445,3.34575558773987,1
349,0,11.75,59,3.34575558773987,3.57812624253645,1
349,0,11.75,59,3.57812624253645,3.68476981149732,1
349,0,11.75,59,3.68476981149732,3.68823637198783,1
349,0,11.75,59,3.68823637198783,3.96631902510277,1
349,0,11.75,59,3.96631902510277,4.15759373550799,1
349,0,11.75,59,4.15759373550799,4.1937933331998,1
349,0,11.75,59,4.1937933331998,4.25887560790149,1
349,0,11.75,59,4.25887560790149,4.57816723097029,1
349,0,11.75,59,4.57816723097029,4.88060967146209,1
349,0,11.75,59,4.88060967146209,4.96016921307807,1
349,0,11.75,59,4.96016921307807,5.42205324271919,1
349,0,11.75,59,5.42205324271919,5.69704557199828,1
349,0,11.75,59,5.69704557199828,5.93416723431981,1
349,0,11.75,59,5.93416723431981,6.64296691980722,1
349,0,11.75,59,6.64296691980722,6.86238789135861,1
349,0,11.75,59,6.86238789135861,7.24577349425833,1
349,0,11.75,59,7.24577349425833,7.25435224849944,1
349,0,11.75,59,7.25435224849944,7.36381666169782,1
349,0,11.75,59,7.36381666169782,7.37826970743418,1
349,0,11.75,59,7.37826970743418,7.39153860865533,1
349,0,11.75,59,7.39153860865533,7.49851535466433,1
349,0,11.75,59,7.49851535466433,7.77474250539046,1
349,0,11.75,59,7.77474250539046,8.13177759217522,1
349,0,11.75,59,8.13177759217522,8.14404042874174,1
349,0,11.75,59,8.14404042874174,8.1724322426566,1
349,0,11.75,59,8.1724322426566,8.62881342831535,1
349,0,11.75,59,8.62881342831535,8.71611525072342,1
349,0,11.75,59,8.71611525072342,8.92308703279556,1
349,0,11.75,59,8.92308703279556,9.04221949711994,1
349,0,11.75,59,9.04221949711994,9.14635533871177,1
349,0,11.75,59,9.14635533871177,9.19888267484072,1
349,0,11.75,59,9.19888267484072,9.26413582357688,1
349,0,11.75,59,9.26413582357688,9.26741315638101,1
349,0,11.75,59,9.26741315638101,9.28182115565484,1
349,0,11.75,59,9.28182115565484,9.32071867113098,1
349,0,11.75,59,9.32071867113098,9.33578239016448,1
349,0,11.75,59,9.33578239016448,9.3817878344726,1
349,0,11.75,59,9.3817878344726,9.48939927706655,1
349,0,11.75,59,9.48939927706655,9.8572975740428,1
349,0,11.75,59,9.8572975740428,10.1842336152867,1
349,0,11.75,59,10.1842336152867,10.2376573972147,1
349,0,11.75,59,10.2376573972147,10.4077743768183,1
349,0,11.75,59,10.4077743768183,10.4416080813793,1
349,0,11.75,59,10.4416080813793,10.6694883204204,1
349,0,11.75,59,10.6694883204204,10.8258083779315,1
349,0,11.75,59,10.8258083779315,10.8713785982663,1
349,0,11.75,59,10.8713785982663,10.9962105224579,1
349,0,11.75,59,10.9962105224579,11.0324312750375,1
349,0,11.75,59,11.0324312750375,11.1161815601998,1
349,0,11.75,59,11.1161815601998,11.4080481126986,1
349,0,11.75,59,11.4080481126986,11.4276385961508,1
349,0,11.75,59,11.4276385961508,11.5059852257173,1
349,0,11.75,59,11.5059852257173,11.5822913899804,1
349,0,11.75,59,11.5822913899804,11.6258194875848,1
349,0,11.75,59,11.6258194875848,11.6756447753165,1
349,0,11.75,59,11.6756447753165,11.6876873513808,1
349,0,11.75,59,11.6876873513808,11.75,0
350,0,19.75,98,0,5.61901642642946,1
350,0,19.75,98,5.61901642642946,6.04178821360487,1
350,0,19.75,98,6.04178821360487,6.0563675538056,1
350,0,19.75,98,6.0563675538056,7.54954445702458,1
350,0,19.75,98,7.54954445702458,8.10071393548103,1
350,0,19.75,98,8.10071393548103,8.20437427079984,1
350,0,19.75,98,8.20437427079984,8.71541157222051,1
350,0,19.75,98,8.71541157222051,8.86729619514228,1
350,0,19.75,98,8.86729619514228,8.89504799572503,1
350,0,19.75,98,8.89504799572503,9.11077698390562,1
350,0,19.75,98,9.11077698390562,9.42093276423037,1
350,0,19.75,98,9.42093276423037,9.49811366174574,1
350,0,19.75,98,9.49811366174574,9.67304724784054,1
350,0,19.75,98,9.67304724784054,10.4991013062541,1
350,0,19.75,98,10.4991013062541,10.6006487779486,1
350,0,19.75,98,10.6006487779486,10.7860935958989,1
350,0,19.75,98,10.7860935958989,10.8851975251907,1
350,0,19.75,98,10.8851975251907,10.9770503696088,1
350,0,19.75,98,10.9770503696088,11.0395318805565,1
350,0,19.75,98,11.0395318805565,11.0822923807338,1
350,0,19.75,98,11.0822923807338,11.2548578019311,1
350,0,19.75,98,11.2548578019311,11.4561110960457,1
350,0,19.75,98,11.4561110960457,11.5586264381656,1
350,0,19.75,98,11.5586264381656,11.6299728552343,1
350,0,19.75,98,11.6299728552343,11.8847181416464,1
350,0,19.75,98,11.8847181416464,12.0469278288338,1
350,0,19.75,98,12.0469278288338,12.2558877023904,1
350,0,19.75,98,12.2558877023904,12.3764325633789,1
350,0,19.75,98,12.3764325633789,12.6202670677661,1
350,0,19.75,98,12.6202670677661,12.7640402751222,1
350,0,19.75,98,12.7640402751222,12.8150025524206,1
350,0,19.75,98,12.8150025524206,13.0189960243001,1
350,0,19.75,98,13.0189960243001,13.0397248436747,1
350,0,19.75,98,13.0397248436747,13.1009722786312,1
350,0,19.75,98,13.1009722786312,13.3774606694728,1
350,0,19.75,98,13.3774606694728,13.4991734565133,1
350,0,19.75,98,13.4991734565133,13.5776765438839,1
350,0,19.75,98,13.5776765438839,13.971122558942,1
350,0,19.75,98,13.971122558942,14.0929699068007,1
350,0,19.75,98,14.0929699068007,14.1416433355768,1
350,0,19.75,98,14.1416433355768,14.3560911266821,1
350,0,19.75,98,14.3560911266821,14.5697482180083,1
350,0,19.75,98,14.5697482180083,14.7858012042487,1
350,0,19.75,98,14.7858012042487,15.0215024830938,1
350,0,19.75,98,15.0215024830938,15.2724760697129,1
350,0,19.75,98,15.2724760697129,15.4578702818392,1
350,0,19.75,98,15.4578702818392,15.4726786733253,1
350,0,19.75,98,15.4726786733253,15.4749504752356,1
350,0,19.75,98,15.4749504752356,15.5823709067558,1
350,0,19.75,98,15.5823709067558,15.6249553636805,1
350,0,19.75,98,15.6249553636805,15.6760306757825,1
350,0,19.75,98,15.6760306757825,15.7892451141615,1
350,0,19.75,98,15.7892451141615,15.8607309186941,1
350,0,19.75,98,15.8607309186941,15.8809179659563,1
350,0,19.75,98,15.8809179659563,15.8821887293668,1
350,0,19.75,98,15.8821887293668,15.9187317594251,1
350,0,19.75,98,15.9187317594251,16.0799852640626,1
350,0,19.75,98,16.0799852640626,16.1454425434671,1
350,0,19.75,98,16.1454425434671,16.2464377266274,1
350,0,19.75,98,16.2464377266274,16.3807937931489,1
350,0,19.75,98,16.3807937931489,16.4405403114773,1
350,0,19.75,98,16.4405403114773,16.5423474976382,1
350,0,19.75,98,16.5423474976382,16.8046448862043,1
350,0,19.75,98,16.8046448862043,16.8172572041802,1
350,0,19.75,98,16.8172572041802,17.0836406821373,1
350,0,19.75,98,17.0836406821373,17.104222218287,1
350,0,19.75,98,17.104222218287,17.1977975286869,1
350,0,19.75,98,17.1977975286869,17.3018758186558,1
350,0,19.75,98,17.3018758186558,17.3116962589185,1
350,0,19.75,98,17.3116962589185,17.4334263186125,1
350,0,19.75,98,17.4334263186125,17.4843528246575,1
350,0,19.75,98,17.4843528246575,17.5306667734178,1
350,0,19.75,98,17.5306667734178,17.5969029167107,1
350,0,19.75,98,17.5969029167107,17.7210601249597,1
350,0,19.75,98,17.7210601249597,17.9174002323521,1
350,0,19.75,98,17.9174002323521,17.929278475463,1
350,0,19.75,98,17.929278475463,18.1108645842872,1
350,0,19.75,98,18.1108645842872,18.1954367805555,1
350,0,19.75,98,18.1954367805555,18.2068245959753,1
350,0,19.75,98,18.2068245959753,18.3856321153123,1
350,0,19.75,98,18.3856321153123,18.3984743192319,1
350,0,19.75,98,18.3984743192319,18.5104740328788,1
350,0,19.75,98,18.5104740328788,18.5524574953188,1
350,0,19.75,98,18.5524574953188,18.7116809175056,1
350,0,19.75,98,18.7116809175056,18.7516928641546,1
350,0,19.75,98,18.7516928641546,18.7528477106751,1
350,0,19.75,98,18.7528477106751,18.769423327667,1
350,0,19.75,98,18.769423327667,18.7925688000393,1
350,0,19.75,98,18.7925688000393,18.8837201006241,1
350,0,19.75,98,18.8837201006241,19.0840516979814,1
350,0,19.75,98,19.0840516979814,19.2266433037269,1
350,0,19.75,98,19.2266433037269,19.319426142044,1
350,0,19.75,98,19.319426142044,19.3623825559983,1
350,0,19.75,98,19.3623825559983,19.3761403804604,1
350,0,19.75,98,19.3761403804604,19.3994714836299,1
350,0,19.75,98,19.3994714836299,19.4822617147792,1
350,0,19.75,98,19.4822617147792,19.4900933048968,1
350,0,19.75,98,19.4900933048968,19.6735605538121,1
350,0,19.75,98,19.6735605538121,19.75,0
351,0,18.75,59,0,5.21032672571717,1
351,0,18.75,59,5.21032672571717,5.84382161100783,1
351,0,18.75,59,5.84382161100783,6.33898147267225,1
351,0,18.75,59,6.33898147267225,6.64005870618538,1
351,0,18.75,59,6.64005870618538,7.56451152132799,1
351,0,18.75,59,7.56451152132799,7.97975043950226,1
351,0,18.75,59,7.97975043950226,8.46525322296833,1
351,0,18.75,59,8.46525322296833,8.93188365097583,1
351,0,18.75,59,8.93188365097583,9.03325121963925,1
351,0,18.75,59,9.03325121963925,9.2541680352075,1
351,0,18.75,59,9.2541680352075,10.0288254565581,1
351,0,18.75,59,10.0288254565581,10.4910658663403,1
351,0,18.75,59,10.4910658663403,10.6429809699153,1
351,0,18.75,59,10.6429809699153,10.8713534370214,1
351,0,18.75,59,10.8713534370214,11.1374775606134,1
351,0,18.75,59,11.1374775606134,11.3811531972025,1
351,0,18.75,59,11.3811531972025,11.4942074733397,1
351,0,18.75,59,11.4942074733397,11.8157823341561,1
351,0,18.75,59,11.8157823341561,12.083756370115,1
351,0,18.75,59,12.083756370115,12.4889705615109,1
351,0,18.75,59,12.4889705615109,12.4938685667458,1
351,0,18.75,59,12.4938685667458,12.612569337171,1
351,0,18.75,59,12.612569337171,12.7008537750666,1
351,0,18.75,59,12.7008537750666,12.8830889386042,1
351,0,18.75,59,12.8830889386042,13.2215570700919,1
351,0,18.75,59,13.2215570700919,13.3270199134976,1
351,0,18.75,59,13.3270199134976,13.3275880652212,1
351,0,18.75,59,13.3275880652212,13.5120289532179,1
351,0,18.75,59,13.5120289532179,13.682213821357,1
351,0,18.75,59,13.682213821357,13.9399256510642,1
351,0,18.75,59,13.9399256510642,13.9444505057341,1
351,0,18.75,59,13.9444505057341,14.1710736364516,1
351,0,18.75,59,14.1710736364516,14.1954824732036,1
351,0,18.75,59,14.1954824732036,14.4761379107618,1
351,0,18.75,59,14.4761379107618,14.5222542097511,1
351,0,18.75,59,14.5222542097511,14.5681049654757,1
351,0,18.75,59,14.5681049654757,14.7978915059912,1
351,0,18.75,59,14.7978915059912,14.9113174318934,1
351,0,18.75,59,14.9113174318934,15.2925695594848,1
351,0,18.75,59,15.2925695594848,15.9419592154852,1
351,0,18.75,59,15.9419592154852,16.1884099075849,1
351,0,18.75,59,16.1884099075849,16.3089611677146,1
351,0,18.75,59,16.3089611677146,16.7233481896589,1
351,0,18.75,59,16.7233481896589,16.834165054512,1
351,0,18.75,59,16.834165054512,16.8626032001656,1
351,0,18.75,59,16.8626032001656,16.9294291475086,1
351,0,18.75,59,16.9294291475086,17.125643748003,1
351,0,18.75,59,17.125643748003,17.2787089598446,1
351,0,18.75,59,17.2787089598446,17.339187327516,1
351,0,18.75,59,17.339187327516,17.4432435138813,1
351,0,18.75,59,17.4432435138813,17.4647547776871,1
351,0,18.75,59,17.4647547776871,17.7067519020663,1
351,0,18.75,59,17.7067519020663,17.9808503537647,1
351,0,18.75,59,17.9808503537647,18.0034071871956,1
351,0,18.75,59,18.0034071871956,18.0566331358445,1
351,0,18.75,59,18.0566331358445,18.4004547211676,1
351,0,18.75,59,18.4004547211676,18.4898116679765,1
351,0,18.75,59,18.4898116679765,18.5339713549852,1
351,0,18.75,59,18.5339713549852,18.7487559536515,1
351,0,18.75,59,18.7487559536515,18.75,0
352,0,18.75,2,0,0.0386814183832001,1
352,0,18.75,2,0.0386814183832001,9.69276819103449,1
352,0,18.75,2,9.69276819103449,18.75,0
353,0,8.75,0,0,8.75,0
354,0,16.75,0,0,16.75,0
355,0,11.75,0,0,11.75,0
356,0,16.75,59,0,3.85595256584245,1
356,0,16.75,59,3.85595256584245,5.5107937043767,1
356,0,16.75,59,5.5107937043767,8.24596524850842,1
356,0,16.75,59,8.24596524850842,8.32842344575978,1
356,0,16.75,59,8.32842344575978,8.59200601510425,1
356,0,16.75,59,8.59200601510425,8.64179875318302,1
356,0,16.75,59,8.64179875318302,8.66249717789146,1
356,0,16.75,59,8.66249717789146,8.75304081283634,1
356,0,16.75,59,8.75304081283634,8.82348286722163,1
356,0,16.75,59,8.82348286722163,8.8693413575329,1
356,0,16.75,59,8.8693413575329,8.95173892218127,1
356,0,16.75,59,8.95173892218127,9.30020381857364,1
356,0,16.75,59,9.30020381857364,9.78752448766881,1
356,0,16.75,59,9.78752448766881,10.19033057726,1
356,0,16.75,59,10.19033057726,10.7071601038034,1
356,0,16.75,59,10.7071601038034,10.7080837950176,1
356,0,16.75,59,10.7080837950176,10.7529151579199,1
356,0,16.75,59,10.7529151579199,10.8354470054948,1
356,0,16.75,59,10.8354470054948,10.9437669849916,1
356,0,16.75,59,10.9437669849916,11.0190468846583,1
356,0,16.75,59,11.0190468846583,11.313106384664,1
356,0,16.75,59,11.313106384664,11.4058217057647,1
356,0,16.75,59,11.4058217057647,11.5651083052264,1
356,0,16.75,59,11.5651083052264,11.7744425061223,1
356,0,16.75,59,11.7744425061223,11.8620123948561,1
356,0,16.75,59,11.8620123948561,11.9916270637483,1
356,0,16.75,59,11.9916270637483,12.2303093216095,1
356,0,16.75,59,12.2303093216095,12.3622147777103,1
356,0,16.75,59,12.3622147777103,12.4377859869418,1
356,0,16.75,59,12.4377859869418,12.5154513257049,1
356,0,16.75,59,12.5154513257049,12.6769760806198,1
356,0,16.75,59,12.6769760806198,13.0033875118714,1
356,0,16.75,59,13.0033875118714,13.0385561896467,1
356,0,16.75,59,13.0385561896467,13.0799860808709,1
356,0,16.75,59,13.0799860808709,13.0950507827405,1
356,0,16.75,59,13.0950507827405,13.3414035396552,1
356,0,16.75,59,13.3414035396552,13.4411548968831,1
356,0,16.75,59,13.4411548968831,13.6876845245973,1
356,0,16.75,59,13.6876845245973,13.6939171599791,1
356,0,16.75,59,13.6939171599791,13.8525249299228,1
356,0,16.75,59,13.8525249299228,14.0598375091255,1
356,0,16.75,59,14.0598375091255,14.1310743482324,1
356,0,16.75,59,14.1310743482324,14.2527376711946,1
356,0,16.75,59,14.2527376711946,14.3057339618438,1
356,0,16.75,59,14.3057339618438,14.3802498291339,1
356,0,16.75,59,14.3802498291339,14.4209251270798,1
356,0,16.75,59,14.4209251270798,14.4672530814967,1
356,0,16.75,59,14.4672530814967,15.101197164342,1
356,0,16.75,59,15.101197164342,15.254174432531,1
356,0,16.75,59,15.254174432531,15.33599428402,1
356,0,16.75,59,15.33599428402,15.3732521902131,1
356,0,16.75,59,15.3732521902131,15.6889592309665,1
356,0,16.75,59,15.6889592309665,15.8252920812564,1
356,0,16.75,59,15.8252920812564,15.8693452356229,1
356,0,16.75,59,15.8693452356229,16.2084740127559,1
356,0,16.75,59,16.2084740127559,16.2525890153228,1
356,0,16.75,59,16.2525890153228,16.5015690678051,1
356,0,16.75,59,16.5015690678051,16.6014127266176,1
356,0,16.75,59,16.6014127266176,16.7029922301721,1
356,0,16.75,59,16.7029922301721,16.75,0
357,0,14.75,24,0,2.28454422467137,1
357,0,14.75,24,2.28454422467137,5.05457551967893,1
357,0,14.75,24,5.05457551967893,7.27918313167633,1
357,0,14.75,24,7.27918313167633,8.11937085450524,1
357,0,14.75,24,8.11937085450524,8.27983626546131,1
357,0,14.75,24,8.27983626546131,8.37071128131528,1
357,0,14.75,24,8.37071128131528,8.71651683998772,1
357,0,14.75,24,8.71651683998772,8.83757485972997,1
357,0,14.75,24,8.83757485972997,9.22658098632123,1
357,0,14.75,24,9.22658098632123,9.52029491169179,1
357,0,14.75,24,9.52029491169179,10.3184954472706,1
357,0,14.75,24,10.3184954472706,10.3656653990522,1
357,0,14.75,24,10.3656653990522,10.4795141786624,1
357,0,14.75,24,10.4795141786624,11.2491354549087,1
357,0,14.75,24,11.2491354549087,11.3469665027948,1
357,0,14.75,24,11.3469665027948,11.644594369818,1
357,0,14.75,24,11.644594369818,11.8410165387099,1
357,0,14.75,24,11.8410165387099,11.9681956801457,1
357,0,14.75,24,11.9681956801457,12.9233625773488,1
357,0,14.75,24,12.9233625773488,13.5009507973529,1
357,0,14.75,24,13.5009507973529,13.5737824770117,1
357,0,14.75,24,13.5737824770117,13.9100063837109,1
357,0,14.75,24,13.9100063837109,14.4198713672632,1
357,0,14.75,24,14.4198713672632,14.6794024461115,1
357,0,14.75,24,14.6794024461115,14.75,0
358,0,16.75,4,0,0.0418912916000402,1
358,0,16.75,4,0.0418912916000402,3.26424947445093,1
358,0,16.75,4,3.26424947445093,4.98342113073321,1
358,0,16.75,4,4.98342113073321,13.4131112598351,1
358,0,16.75,4,13.4131112598351,16.75,0
359,0,14.75,1,0,4.8216683855229,1
359,0,14.75,1,4.8216683855229,14.75,0
360,0,13.75,22,0,3.19467650720998,1
360,0,13.75,22,3.19467650720998,5.56568541547027,1
360,0,13.75,22,5.56568541547027,7.37466112026404,1
360,0,13.75,22,7.37466112026404,7.90562178646678,1
360,0,13.75,22,7.90562178646678,8.33774296037922,1
360,0,13.75,22,8.33774296037922,8.64520897386521,1
360,0,13.75,22,8.64520897386521,8.68955412503277,1
360,0,13.75,22,8.68955412503277,8.96597999733034,1
360,0,13.75,22,8.96597999733034,9.0078853288041,1
360,0,13.75,22,9.0078853288041,10.6232841367522,1
360,0,13.75,22,10.6232841367522,10.8208511533442,1
360,0,13.75,22,10.8208511533442,10.9147096641931,1
360,0,13.75,22,10.9147096641931,10.9365437450941,1
360,0,13.75,22,10.9365437450941,11.1938058625025,1
360,0,13.75,22,11.1938058625025,12.5093403575295,1
360,0,13.75,22,12.5093403575295,12.7859664415098,1
360,0,13.75,22,12.7859664415098,12.8253701534102,1
360,0,13.75,22,12.8253701534102,13.1064355787463,1
360,0,13.75,22,13.1064355787463,13.1070056122028,1
360,0,13.75,22,13.1070056122028,13.4619082005109,1
360,0,13.75,22,13.4619082005109,13.5168164505273,1
360,0,13.75,22,13.5168164505273,13.5268711954373,1
360,0,13.75,22,13.5268711954373,13.75,0
361,0,12.75,4,0,1.31831379959825,1
361,0,12.75,4,1.31831379959825,1.86771889900896,1
361,0,12.75,4,1.86771889900896,3.33125974694899,1
361,0,12.75,4,3.33125974694899,4.03357997617025,1
361,0,12.75,4,4.03357997617025,12.75,0
362,0,19.75,2,0,0.0092083773079272,1
362,0,19.75,2,0.0092083773079272,5.26615621157009,1
362,0,19.75,2,5.26615621157009,19.75,0
363,0,18.75,1,0,11.42184919414,1
363,0,18.75,1,11.42184919414,18.75,0
364,0,10.75,2,0,0.777558692287986,1
364,0,10.75,2,0.777558692287986,1.05856916921559,1
364,0,10.75,2,1.05856916921559,10.75,0
365,0,8.75,12,0,4.00922383869454,1
365,0,8.75,12,4.00922383869454,4.74393217204039,1
365,0,8.75,12,4.74393217204039,5.61780363450644,1
365,0,8.75,12,5.61780363450644,5.7409291574042,1
365,0,8.75,12,5.7409291574042,6.51125634858411,1
365,0,8.75,12,6.51125634858411,6.67180139122067,1
365,0,8.75,12,6.67180139122067,7.17023459699372,1
365,0,8.75,12,7.17023459699372,7.59602612103543,1
365,0,8.75,12,7.59602612103543,7.68895743827697,1
365,0,8.75,12,7.68895743827697,8.11156404472996,1
365,0,8.75,12,8.11156404472996,8.52539376798897,1
365,0,8.75,12,8.52539376798897,8.67880154989166,1
365,0,8.75,12,8.67880154989166,8.75,0
366,0,14.75,30,0,1.80791031599145,1
366,0,14.75,30,1.80791031599145,3.54026749818547,1
366,0,14.75,30,3.54026749818547,3.65714639639476,1
366,0,14.75,30,3.65714639639476,4.77048307197455,1
366,0,14.75,30,4.77048307197455,5.28264238795826,1
366,0,14.75,30,5.28264238795826,5.64415610599815,1
366,0,14.75,30,5.64415610599815,5.83619021965146,1
366,0,14.75,30,5.83619021965146,5.9430737592254,1
366,0,14.75,30,5.9430737592254,6.17071431956985,1
366,0,14.75,30,6.17071431956985,6.41853671056448,1
366,0,14.75,30,6.41853671056448,6.53962787839076,1
366,0,14.75,30,6.53962787839076,7.42110294890581,1
366,0,14.75,30,7.42110294890581,7.88607696955377,1
366,0,14.75,30,7.88607696955377,8.80829338605413,1
366,0,14.75,30,8.80829338605413,9.13688092329592,1
366,0,14.75,30,9.13688092329592,9.52718530885957,1
366,0,14.75,30,9.52718530885957,9.53061039289378,1
366,0,14.75,30,9.53061039289378,9.94732109995704,1
366,0,14.75,30,9.94732109995704,10.131801931503,1
366,0,14.75,30,10.131801931503,10.1436987615559,1
366,0,14.75,30,10.1436987615559,10.3596476910988,1
366,0,14.75,30,10.3596476910988,11.9762791425316,1
366,0,14.75,30,11.9762791425316,12.4639090552895,1
366,0,14.75,30,12.4639090552895,12.7184123142812,1
366,0,14.75,30,12.7184123142812,12.9648293693123,1
366,0,14.75,30,12.9648293693123,13.015493533597,1
366,0,14.75,30,13.015493533597,14.0975613320828,1
366,0,14.75,30,14.0975613320828,14.2414604355848,1
366,0,14.75,30,14.2414604355848,14.3692158061429,1
366,0,14.75,30,14.3692158061429,14.6784559430558,1
366,0,14.75,30,14.6784559430558,14.75,0
367,0,19.75,2,0,0.700359279982193,1
367,0,19.75,2,0.700359279982193,4.91197410110888,1
367,0,19.75,2,4.91197410110888,19.75,0
368,0,14.75,24,0,2.08289846269931,1
368,0,14.75,24,2.08289846269931,2.23871031742196,1
368,0,14.75,24,2.23871031742196,5.27706820261452,1
368,0,14.75,24,5.27706820261452,5.65569845681173,1
368,0,14.75,24,5.65569845681173,5.73876230325621,1
368,0,14.75,24,5.73876230325621,8.42775797164801,1
368,0,14.75,24,8.42775797164801,8.61385741834875,1
368,0,14.75,24,8.61385741834875,9.3409823599049,1
368,0,14.75,24,9.3409823599049,9.95607365007867,1
368,0,14.75,24,9.95607365007867,10.2802721445044,1
368,0,14.75,24,10.2802721445044,10.7271473212051,1
368,0,14.75,24,10.7271473212051,11.3858532714206,1
368,0,14.75,24,11.3858532714206,11.4411652155922,1
368,0,14.75,24,11.4411652155922,11.5373217216563,1
368,0,14.75,24,11.5373217216563,11.563721801345,1
368,0,14.75,24,11.563721801345,11.7345637704644,1
368,0,14.75,24,11.7345637704644,11.8398629347364,1
368,0,14.75,24,11.8398629347364,12.0279926859799,1
368,0,14.75,24,12.0279926859799,12.7542053426199,1
368,0,14.75,24,12.7542053426199,13.9209958852552,1
368,0,14.75,24,13.9209958852552,14.1609582324866,1
368,0,14.75,24,14.1609582324866,14.4774964558283,1
368,0,14.75,24,14.4774964558283,14.6041090325379,1
368,0,14.75,24,14.6041090325379,14.745746091263,1
368,0,14.75,24,14.745746091263,14.75,0
369,0,14.75,4,0,0.407988452641557,1
369,0,14.75,4,0.407988452641557,4.99973412887118,1
369,0,14.75,4,4.99973412887118,7.70858538564653,1
369,0,14.75,4,7.70858538564653,10.9761331894495,1
369,0,14.75,4,10.9761331894495,14.75,0
370,0,14.75,2,0,2.24561351777874,1
370,0,14.75,2,2.24561351777874,12.3597239977893,1
370,0,14.75,2,12.3597239977893,14.75,0
371,0,13.75,2,0,0.580209053816167,1
371,0,13.75,2,0.580209053816167,8.88471072924382,1
371,0,13.75,2,8.88471072924382,13.75,0
372,0,11.75,18,0,3.51788672105066,1
372,0,11.75,18,3.51788672105066,3.79893522603988,1
372,0,11.75,18,3.79893522603988,5.51365538908379,1
372,0,11.75,18,5.51365538908379,5.5744416125362,1
372,0,11.75,18,5.5744416125362,5.79424517058655,1
372,0,11.75,18,5.79424517058655,7.20293634028138,1
372,0,11.75,18,7.20293634028138,8.74978642542912,1
372,0,11.75,18,8.74978642542912,9.02671327158937,1
372,0,11.75,18,9.02671327158937,9.68294186374371,1
372,0,11.75,18,9.68294186374371,9.77870268236076,1
372,0,11.75,18,9.77870268236076,10.0221043096457,1
372,0,11.75,18,10.0221043096457,10.159961730869,1
372,0,11.75,18,10.159961730869,10.7155287438203,1
372,0,11.75,18,10.7155287438203,11.1230128523411,1
372,0,11.75,18,11.1230128523411,11.2097964512822,1
372,0,11.75,18,11.2097964512822,11.3180347546286,1
372,0,11.75,18,11.3180347546286,11.4410685554159,1
372,0,11.75,18,11.4410685554159,11.6531086821655,1
372,0,11.75,18,11.6531086821655,11.75,0
373,0,10.75,3,0,0.0123815905320263,1
373,0,10.75,3,0.0123815905320263,3.2682932943251,1
373,0,10.75,3,3.2682932943251,5.79129936629814,1
373,0,10.75,3,5.79129936629814,10.75,0
374,0,10.75,0,0,10.75,0
375,0,16.75,3,0,0.152587215173305,1
375,0,16.75,3,0.152587215173305,10.9450897668008,1
375,0,16.75,3,10.9450897668008,13.6555097390992,1
375,0,16.75,3,13.6555097390992,16.75,0
376,0,15.75,41,0,4.62222356628071,1
376,0,15.75,41,4.62222356628071,5.39676419389717,1
376,0,15.75,41,5.39676419389717,6.11979632040252,1
376,0,15.75,41,6.11979632040252,6.23153322814281,1
376,0,15.75,41,6.23153322814281,6.34286772362546,1
376,0,15.75,41,6.34286772362546,7.59872524239429,1
376,0,15.75,41,7.59872524239429,7.61960816862077,1
376,0,15.75,41,7.61960816862077,8.04143332336531,1
376,0,15.75,41,8.04143332336531,8.27905374871804,1
376,0,15.75,41,8.27905374871804,8.35502115061017,1
376,0,15.75,41,8.35502115061017,9.07657521612107,1
376,0,15.75,41,9.07657521612107,9.27098109776123,1
376,0,15.75,41,9.27098109776123,9.51532397516523,1
376,0,15.75,41,9.51532397516523,9.88317274621123,1
376,0,15.75,41,9.88317274621123,9.92532712478564,1
376,0,15.75,41,9.92532712478564,9.93331135457598,1
376,0,15.75,41,9.93331135457598,10.0405660751851,1
376,0,15.75,41,10.0405660751851,10.6857299008557,1
376,0,15.75,41,10.6857299008557,10.742624305884,1
376,0,15.75,41,10.742624305884,11.0353316972944,1
376,0,15.75,41,11.0353316972944,11.2182013081022,1
376,0,15.75,41,11.2182013081022,11.2998673212904,1
376,0,15.75,41,11.2998673212904,11.7115746640571,1
376,0,15.75,41,11.7115746640571,11.8848059589714,1
376,0,15.75,41,11.8848059589714,12.2265651416543,1
376,0,15.75,41,12.2265651416543,12.2615143131442,1
376,0,15.75,41,12.2615143131442,12.3276210132258,1
376,0,15.75,41,12.3276210132258,12.3284276005621,1
376,0,15.75,41,12.3284276005621,12.5605484633112,1
376,0,15.75,41,12.5605484633112,12.7356754008259,1
376,0,15.75,41,12.7356754008259,14.1108156129982,1
376,0,15.75,41,14.1108156129982,14.1145737353412,1
376,0,15.75,41,14.1145737353412,14.1843836258803,1
376,0,15.75,41,14.1843836258803,14.2952012794196,1
376,0,15.75,41,14.2952012794196,14.5799551188938,1
376,0,15.75,41,14.5799551188938,14.599188508746,1
376,0,15.75,41,14.599188508746,14.7095504988367,1
376,0,15.75,41,14.7095504988367,14.8854600496873,1
376,0,15.75,41,14.8854600496873,14.9202457482626,1
376,0,15.75,41,14.9202457482626,15.5679658447618,1
376,0,15.75,41,15.5679658447618,15.5841839801993,1
376,0,15.75,41,15.5841839801993,15.75,0
377,0,13.75,0,0,13.75,0
378,0,11.75,0,0,11.75,0
379,0,18.75,42,0,3.36185110992375,1
379,0,18.75,42,3.36185110992375,4.88492407794015,1
379,0,18.75,42,4.88492407794015,4.96157679555234,1
379,0,18.75,42,4.96157679555234,7.39707433319535,1
379,0,18.75,42,7.39707433319535,8.1633241240671,1
379,0,18.75,42,8.1633241240671,8.20365732283631,1
379,0,18.75,42,8.20365732283631,8.47444125217851,1
379,0,18.75,42,8.47444125217851,8.684529127647,1
379,0,18.75,42,8.684529127647,8.80358327136101,1
379,0,18.75,42,8.80358327136101,9.13550803033966,1
379,0,18.75,42,9.13550803033966,9.59635776614875,1
379,0,18.75,42,9.59635776614875,9.76730790891868,1
379,0,18.75,42,9.76730790891868,9.81769163891173,1
379,0,18.75,42,9.81769163891173,10.0809511124668,1
379,0,18.75,42,10.0809511124668,10.9834463303505,1
379,0,18.75,42,10.9834463303505,11.1070608429524,1
379,0,18.75,42,11.1070608429524,11.9769017058094,1
379,0,18.75,42,11.9769017058094,12.1280944669885,1
379,0,18.75,42,12.1280944669885,13.2571508813985,1
379,0,18.75,42,13.2571508813985,13.4077184125012,1
379,0,18.75,42,13.4077184125012,13.7240123561198,1
379,0,18.75,42,13.7240123561198,14.1933918955925,1
379,0,18.75,42,14.1933918955925,14.5387576192105,1
379,0,18.75,42,14.5387576192105,14.7799795379321,1
379,0,18.75,42,14.7799795379321,15.451251105493,1
379,0,18.75,42,15.451251105493,15.516706390732,1
379,0,18.75,42,15.516706390732,16.1602473079784,1
379,0,18.75,42,16.1602473079784,16.1804738567369,1
379,0,18.75,42,16.1804738567369,16.5811175646983,1
379,0,18.75,42,16.5811175646983,16.8778958352917,1
379,0,18.75,42,16.8778958352917,17.2306044048578,1
379,0,18.75,42,17.2306044048578,17.2987043172131,1
379,0,18.75,42,17.2987043172131,17.4576519312497,1
379,0,18.75,42,17.4576519312497,17.6562103369038,1
379,0,18.75,42,17.6562103369038,17.6843455808071,1
379,0,18.75,42,17.6843455808071,17.7340182653795,1
379,0,18.75,42,17.7340182653795,17.796023144087,1
379,0,18.75,42,17.796023144087,18.0350321390514,1
379,0,18.75,42,18.0350321390514,18.0591630209883,1
379,0,18.75,42,18.0591630209883,18.1752487163924,1
379,0,18.75,42,18.1752487163924,18.4023155344759,1
379,0,18.75,42,18.4023155344759,18.7148114052888,1
379,0,18.75,42,18.7148114052888,18.75,0
380,0,10.75,1,0,4.31066833478708,1
380,0,10.75,1,4.31066833478708,10.75,0
381,0,12.75,19,0,2.97295340316218,1
381,0,12.75,19,2.97295340316218,3.68556690351546,1
381,0,12.75,19,3.68556690351546,4.89102174473969,1
381,0,12.75,19,4.89102174473969,5.49533344207889,1
381,0,12.75,19,5.49533344207889,6.08837429987408,1
381,0,12.75,19,6.08837429987408,6.56685311828991,1
381,0,12.75,19,6.56685311828991,7.43804898452429,1
381,0,12.75,19,7.43804898452429,8.93361965489761,1
381,0,12.75,19,8.93361965489761,9.33184464609131,1
381,0,12.75,19,9.33184464609131,9.60281010159589,1
381,0,12.75,19,9.60281010159589,9.70990627472099,1
381,0,12.75,19,9.70990627472099,10.6539910307357,1
381,0,12.75,19,10.6539910307357,11.0388891659113,1
381,0,12.75,19,11.0388891659113,11.2854331445751,1
381,0,12.75,19,11.2854331445751,11.3142656016367,1
381,0,12.75,19,11.3142656016367,11.3597935552535,1
381,0,12.75,19,11.3597935552535,11.543125359434,1
381,0,12.75,19,11.543125359434,11.5994177277159,1
381,0,12.75,19,11.5994177277159,12.3547751394614,1
381,0,12.75,19,12.3547751394614,12.75,0
382,0,13.75,34,0,2.94606117530143,1
382,0,13.75,34,2.94606117530143,4.14249956438443,1
382,0,13.75,34,4.14249956438443,4.69283359285723,1
382,0,13.75,34,4.69283359285723,4.72115484538109,1
382,0,13.75,34,4.72115484538109,5.08369291562176,1
382,0,13.75,34,5.08369291562176,5.19903437939597,1
382,0,13.75,34,5.19903437939597,5.22216782478557,1
382,0,13.75,34,5.22216782478557,5.99087258933954,1
382,0,13.75,34,5.99087258933954,6.56753517377652,1
382,0,13.75,34,6.56753517377652,7.08739910239691,1
382,0,13.75,34,7.08739910239691,8.34340644960937,1
382,0,13.75,34,8.34340644960937,8.47498616239585,1
382,0,13.75,34,8.47498616239585,9.51037142522068,1
382,0,13.75,34,9.51037142522068,9.68228733869251,1
382,0,13.75,34,9.68228733869251,9.6993213004635,1
382,0,13.75,34,9.6993213004635,9.86489580325799,1
382,0,13.75,34,9.86489580325799,9.99829661617003,1
382,0,13.75,34,9.99829661617003,10.601162544208,1
382,0,13.75,34,10.601162544208,10.6652990722802,1
382,0,13.75,34,10.6652990722802,10.7351283065423,1
382,0,13.75,34,10.7351283065423,10.8030150592442,1
382,0,13.75,34,10.8030150592442,11.2868619837015,1
382,0,13.75,34,11.2868619837015,11.6651799896776,1
382,0,13.75,34,11.6651799896776,11.9273247271191,1
382,0,13.75,34,11.9273247271191,12.1097772976386,1
382,0,13.75,34,12.1097772976386,12.2248004447013,1
382,0,13.75,34,12.2248004447013,12.3327597398468,1
382,0,13.75,34,12.3327597398468,12.7553295824609,1
382,0,13.75,34,12.7553295824609,12.8842202471633,1
382,0,13.75,34,12.8842202471633,12.9385613218389,1
382,0,13.75,34,12.9385613218389,13.1069373911174,1
382,0,13.75,34,13.1069373911174,13.2048870646281,1
382,0,13.75,34,13.2048870646281,13.6793589020505,1
382,0,13.75,34,13.6793589020505,13.7435760693906,1
382,0,13.75,34,13.7435760693906,13.75,0
383,0,17.75,1,0,0.313701066050458,1
383,0,17.75,1,0.313701066050458,17.75,0
384,0,19.75,55,0,4.5743285871478,1
384,0,19.75,55,4.5743285871478,4.90629660238302,1
384,0,19.75,55,4.90629660238302,6.15524102358093,1
384,0,19.75,55,6.15524102358093,6.33018636494755,1
384,0,19.75,55,6.33018636494755,6.64861582454619,1
384,0,19.75,55,6.64861582454619,9.43095340496666,1
384,0,19.75,55,9.43095340496666,9.91928055721234,1
384,0,19.75,55,9.91928055721234,10.1484657413171,1
384,0,19.75,55,10.1484657413171,10.2646616225236,1
384,0,19.75,55,10.2646616225236,10.890215629323,1
384,0,19.75,55,10.890215629323,11.2478278646713,1
384,0,19.75,55,11.2478278646713,11.7120060341063,1
384,0,19.75,55,11.7120060341063,11.8744761149255,1
384,0,19.75,55,11.8744761149255,12.5950168428017,1
384,0,19.75,55,12.5950168428017,12.7612339089891,1
384,0,19.75,55,12.7612339089891,13.0005943578164,1
384,0,19.75,55,13.0005943578164,13.0212811713629,1
384,0,19.75,55,13.0212811713629,13.5877156263506,1
384,0,19.75,55,13.5877156263506,13.6095717093059,1
384,0,19.75,55,13.6095717093059,13.8819955304709,1
384,0,19.75,55,13.8819955304709,14.0200624113211,1
384,0,19.75,55,14.0200624113211,14.0770494068849,1
384,0,19.75,55,14.0770494068849,14.6268575980665,1
384,0,19.75,55,14.6268575980665,15.5264083794072,1
384,0,19.75,55,15.5264083794072,15.6136873621036,1
384,0,19.75,55,15.6136873621036,15.6896928079279,1
384,0,19.75,55,15.6896928079279,16.1819069082853,1
384,0,19.75,55,16.1819069082853,16.4273327486999,1
384,0,19.75,55,16.4273327486999,16.5350964552468,1
384,0,19.75,55,16.5350964552468,16.7847699575436,1
384,0,19.75,55,16.7847699575436,16.7867035185557,1
384,0,19.75,55,16.7867035185557,16.9608303905388,1
384,0,19.75,55,16.9608303905388,17.1462736155348,1
384,0,19.75,55,17.1462736155348,17.1651308125044,1
384,0,19.75,55,17.1651308125044,17.3771598836101,1
384,0,19.75,55,17.3771598836101,17.4817582500552,1
384,0,19.75,55,17.4817582500552,17.7395768028076,1
384,0,19.75,55,17.7395768028076,18.1448854810938,1
384,0,19.75,55,18.1448854810938,18.1780789216191,1
384,0,19.75,55,18.1780789216191,18.2236924307459,1
384,0,19.75,55,18.2236924307459,18.2417380296838,1
384,0,19.75,55,18.2417380296838,18.4120519946574,1
384,0,19.75,55,18.4120519946574,18.5317788435968,1
384,0,19.75,55,18.5317788435968,18.6746336485326,1
384,0,19.75,55,18.6746336485326,18.7696008721029,1
384,0,19.75,55,18.7696008721029,18.7872438103405,1
384,0,19.75,55,18.7872438103405,18.7990212926782,1
384,0,19.75,55,18.7990212926782,19.0713793933417,1
384,0,19.75,55,19.0713793933417,19.0903586973117,1
384,0,19.75,55,19.0903586973117,19.3702488899767,1
384,0,19.75,55,19.3702488899767,19.4721111470468,1
384,0,19.75,55,19.4721111470468,19.4808308252612,1
384,0,19.75,55,19.4808308252612,19.5439150385982,1
384,0,19.75,55,19.5439150385982,19.6234154606042,1
384,0,19.75,55,19.6234154606042,19.6303198780555,1
384,0,19.75,55,19.6303198780555,19.75,0
385,0,8.75,0,0,8.75,0
386,0,9.75,2,0,0.130841549456589,1
386,0,9.75,2,0.130841549456589,0.500835889012613,1
386,0,9.75,2,0.500835889012613,9.75,0
387,0,13.75,13,0,4.58360822885742,1
387,0,13.75,13,4.58360822885742,7.38119163103432,1
387,0,13.75,13,7.38119163103432,8.41872812003343,1
387,0,13.75,13,8.41872812003343,9.17653989824062,1
387,0,13.75,13,9.17653989824062,9.35106432152758,1
387,0,13.75,13,9.35106432152758,9.76776583397752,1
387,0,13.75,13,9.76776583397752,10.3455110632005,1
387,0,13.75,13,10.3455110632005,10.6285866211528,1
387,0,13.75,13,10.6285866211528,10.7456867505629,1
387,0,13.75,13,10.7456867505629,11.0811927791839,1
387,0,13.75,13,11.0811927791839,11.0979805257911,1
387,0,13.75,13,11.0979805257911,11.1181882440582,1
387,0,13.75,13,11.1181882440582,13.3183588829704,1
387,0,13.75,13,13.3183588829704,13.75,0
388,0,16.75,3,0,0.430673274313947,1
388,0,16.75,3,0.430673274313947,0.887160184439221,1
388,0,16.75,3,0.887160184439221,5.07069545610272,1
388,0,16.75,3,5.07069545610272,16.75,0
389,0,12.75,45,0,2.0525502479933,1
389,0,12.75,45,2.0525502479933,3.49139235163805,1
389,0,12.75,45,3.49139235163805,3.55177565315483,1
389,0,12.75,45,3.55177565315483,4.20038519500874,1
389,0,12.75,45,4.20038519500874,5.30249315678044,1
389,0,12.75,45,5.30249315678044,5.60543479050446,1
389,0,12.75,45,5.60543479050446,5.79051013235245,1
389,0,12.75,45,5.79051013235245,6.99456941766112,1
389,0,12.75,45,6.99456941766112,7.07554518352453,1
389,0,12.75,45,7.07554518352453,7.65443100724325,1
389,0,12.75,45,7.65443100724325,7.7398542423165,1
389,0,12.75,45,7.7398542423165,8.09001485635049,1
389,0,12.75,45,8.09001485635049,8.40273217756447,1
389,0,12.75,45,8.40273217756447,8.42103083413621,1
389,0,12.75,45,8.42103083413621,8.76255654733465,1
389,0,12.75,45,8.76255654733465,8.83668455366958,1
389,0,12.75,45,8.83668455366958,8.84601500148067,1
389,0,12.75,45,8.84601500148067,8.85826501869604,1
389,0,12.75,45,8.85826501869604,9.13434097604907,1
389,0,12.75,45,9.13434097604907,9.3332214178807,1
389,0,12.75,45,9.3332214178807,9.42006393145994,1
389,0,12.75,45,9.42006393145994,9.48502876146726,1
389,0,12.75,45,9.48502876146726,9.52876034659414,1
389,0,12.75,45,9.52876034659414,9.64444790840036,1
389,0,12.75,45,9.64444790840036,9.95519289290395,1
389,0,12.75,45,9.95519289290395,9.9889579136637,1
389,0,12.75,45,9.9889579136637,10.024912055664,1
389,0,12.75,45,10.024912055664,10.1087803563069,1
389,0,12.75,45,10.1087803563069,10.2196506055237,1
389,0,12.75,45,10.2196506055237,10.2789919180346,1
389,0,12.75,45,10.2789919180346,10.6832601167483,1
389,0,12.75,45,10.6832601167483,10.8779475021653,1
389,0,12.75,45,10.8779475021653,10.96085335964,1
389,0,12.75,45,10.96085335964,10.9634377300075,1
389,0,12.75,45,10.9634377300075,10.9881965236341,1
389,0,12.75,45,10.9881965236341,11.0125761020525,1
389,0,12.75,45,11.0125761020525,11.1780834415114,1
389,0,12.75,45,11.1780834415114,11.4136034477783,1
389,0,12.75,45,11.4136034477783,11.9787272930903,1
389,0,12.75,45,11.9787272930903,12.0262328663137,1
389,0,12.75,45,12.0262328663137,12.3674975822292,1
389,0,12.75,45,12.3674975822292,12.4170484497207,1
389,0,12.75,45,12.4170484497207,12.4424588304439,1
389,0,12.75,45,12.4424588304439,12.6242660387729,1
389,0,12.75,45,12.6242660387729,12.7098357126619,1
389,0,12.75,45,12.7098357126619,12.75,0
390,0,14.75,0,0,14.75,0
391,0,11.75,0,0,11.75,0
392,0,19.75,43,0,1.29649217544744,1
392,0,19.75,43,1.29649217544744,2.8762098541544,1
392,0,19.75,43,2.8762098541544,3.41483947325524,1
392,0,19.75,43,3.41483947325524,4.49425201489579,1
392,0,19.75,43,4.49425201489579,5.48806179311455,1
392,0,19.75,43,5.48806179311455,7.74120896756472,1
392,0,19.75,43,7.74120896756472,7.75755976134399,1
392,0,19.75,43,7.75755976134399,8.12194527259979,1
392,0,19.75,43,8.12194527259979,10.6227196799346,1
392,0,19.75,43,10.6227196799346,10.9040504506868,1
392,0,19.75,43,10.9040504506868,11.112554888829,1
392,0,19.75,43,11.112554888829,11.4288573949927,1
392,0,19.75,43,11.4288573949927,11.4609474073051,1
392,0,19.75,43,11.4609474073051,13.0532850710898,1
392,0,19.75,43,13.0532850710898,13.7700757499726,1
392,0,19.75,43,13.7700757499726,13.8124832567574,1
392,0,19.75,43,13.8124832567574,13.8296889934686,1
392,0,19.75,43,13.8296889934686,13.8780523945172,1
392,0,19.75,43,13.8780523945172,13.9812359139086,1
392,0,19.75,43,13.9812359139086,14.255838882054,1
392,0,19.75,43,14.255838882054,14.6829148722226,1
392,0,19.75,43,14.6829148722226,15.0509596436884,1
392,0,19.75,43,15.0509596436884,15.2857846810594,1
392,0,19.75,43,15.2857846810594,15.3606591994379,1
392,0,19.75,43,15.3606591994379,15.9106496673254,1
392,0,19.75,43,15.9106496673254,16.3110620884073,1
392,0,19.75,43,16.3110620884073,16.35045191317,1
392,0,19.75,43,16.35045191317,16.5578574554739,1
392,0,19.75,43,16.5578574554739,16.6778905595525,1
392,0,19.75,43,16.6778905595525,16.9625344403418,1
392,0,19.75,43,16.9625344403418,17.1474911081903,1
392,0,19.75,43,17.1474911081903,17.7053795475456,1
392,0,19.75,43,17.7053795475456,17.7236541212235,1
392,0,19.75,43,17.7236541212235,17.7980069132032,1
392,0,19.75,43,17.7980069132032,18.107171253241,1
392,0,19.75,43,18.107171253241,18.1164007309615,1
392,0,19.75,43,18.1164007309615,18.1226987978958,1
392,0,19.75,43,18.1226987978958,18.338947204416,1
392,0,19.75,43,18.338947204416,18.4386846477719,1
392,0,19.75,43,18.4386846477719,18.4441683276595,1
392,0,19.75,43,18.4441683276595,18.4627808022236,1
392,0,19.75,43,18.4627808022236,19.6136896868316,1
392,0,19.75,43,19.6136896868316,19.6417947666,1
392,0,19.75,43,19.6417947666,19.75,0
393,0,20.75,39,0,7.13923267079758,1
393,0,20.75,39,7.13923267079758,8.29154803450522,1
393,0,20.75,39,8.29154803450522,8.57564845852626,1
393,0,20.75,39,8.57564845852626,8.72274233425219,1
393,0,20.75,39,8.72274233425219,9.37975037952378,1
393,0,20.75,39,9.37975037952378,9.75478624867599,1
393,0,20.75,39,9.75478624867599,9.93106367292106,1
393,0,20.75,39,9.93106367292106,10.2366639644519,1
393,0,20.75,39,10.2366639644519,10.5164479031761,1
393,0,20.75,39,10.5164479031761,10.59801983196,1
393,0,20.75,39,10.59801983196,10.9266275343618,1
393,0,20.75,39,10.9266275343618,11.49680059307,1
393,0,20.75,39,11.49680059307,11.6440231595292,1
393,0,20.75,39,11.6440231595292,12.883534084395,1
393,0,20.75,39,12.883534084395,13.0800281911061,1
393,0,20.75,39,13.0800281911061,13.135367674994,1
393,0,20.75,39,13.135367674994,14.513176427153,1
393,0,20.75,39,14.513176427153,14.6282988893632,1
393,0,20.75,39,14.6282988893632,15.1306633787307,1
393,0,20.75,39,15.1306633787307,15.5761152932036,1
393,0,20.75,39,15.5761152932036,15.6921305690453,1
393,0,20.75,39,15.6921305690453,15.8929469598078,1
393,0,20.75,39,15.8929469598078,16.8024757731376,1
393,0,20.75,39,16.8024757731376,16.9918833919603,1
393,0,20.75,39,16.9918833919603,17.0557522735861,1
393,0,20.75,39,17.0557522735861,17.2352132494353,1
393,0,20.75,39,17.2352132494353,17.2640805082879,1
393,0,20.75,39,17.2640805082879,17.7247882672549,1
393,0,20.75,39,17.7247882672549,17.7778958124276,1
393,0,20.75,39,17.7778958124276,17.9782346382818,1
393,0,20.75,39,17.9782346382818,18.3024420602563,1
393,0,20.75,39,18.3024420602563,18.3583446890233,1
393,0,20.75,39,18.3583446890233,18.9501603990493,1
393,0,20.75,39,18.9501603990493,19.0630655036838,1
393,0,20.75,39,19.0630655036838,19.4250652556673,1
393,0,20.75,39,19.4250652556673,19.5993119503857,1
393,0,20.75,39,19.5993119503857,19.650299466497,1
393,0,20.75,39,19.650299466497,20.3547077533392,1
393,0,20.75,39,20.3547077533392,20.6663705987329,1
393,0,20.75,39,20.6663705987329,20.75,0
394,0,9.75,1,0,0.0533276110403579,1
394,0,9.75,1,0.0533276110403579,9.75,0
395,0,13.75,17,0,3.56376599233779,1
395,0,13.75,17,3.56376599233779,3.78388160373852,1
395,0,13.75,17,3.78388160373852,6.67275721780853,1
395,0,13.75,17,6.67275721780853,8.28834741213162,1
395,0,13.75,17,8.28834741213162,8.99419099359498,1
395,0,13.75,17,8.99419099359498,9.94029175554938,1
395,0,13.75,17,9.94029175554938,10.222951610121,1
395,0,13.75,17,10.222951610121,10.4549381441,1
395,0,13.75,17,10.4549381441,10.4850583839027,1
395,0,13.75,17,10.4850583839027,11.0930126089981,1
395,0,13.75,17,11.0930126089981,11.2024242669027,1
395,0,13.75,17,11.2024242669027,11.2254475470087,1
395,0,13.75,17,11.2254475470087,11.4807507828133,1
395,0,13.75,17,11.4807507828133,11.861892730413,1
395,0,13.75,17,11.861892730413,12.0266503288414,1
395,0,13.75,17,12.0266503288414,13.3437092107491,1
395,0,13.75,17,13.3437092107491,13.5161504847858,1
395,0,13.75,17,13.5161504847858,13.75,0
396,0,12.75,35,0,1.25554413238923,1
396,0,12.75,35,1.25554413238923,2.7714391893988,1
396,0,12.75,35,2.7714391893988,4.58994695556878,1
396,0,12.75,35,4.58994695556878,5.34494726544524,1
396,0,12.75,35,5.34494726544524,5.69246272918795,1
396,0,12.75,35,5.69246272918795,5.84547411754389,1
396,0,12.75,35,5.84547411754389,6.53664706905014,1
396,0,12.75,35,6.53664706905014,6.81621889499197,1
396,0,12.75,35,6.81621889499197,7.66098430496389,1
396,0,12.75,35,7.66098430496389,7.9618204239576,1
396,0,12.75,35,7.9618204239576,8.42027688653763,1
396,0,12.75,35,8.42027688653763,8.78041634011771,1
396,0,12.75,35,8.78041634011771,8.82392959335265,1
396,0,12.75,35,8.82392959335265,9.10213629824659,1
396,0,12.75,35,9.10213629824659,9.18726069674092,1
396,0,12.75,35,9.18726069674092,9.38325377656522,1
396,0,12.75,35,9.38325377656522,9.93625571665571,1
396,0,12.75,35,9.93625571665571,10.0108522080088,1
396,0,12.75,35,10.0108522080088,10.5427248007735,1
396,0,12.75,35,10.5427248007735,10.6392500643858,1
396,0,12.75,35,10.6392500643858,10.8116317317888,1
396,0,12.75,35,10.8116317317888,10.8213502940831,1
396,0,12.75,35,10.8213502940831,10.8725718931334,1
396,0,12.75,35,10.8725718931334,10.9426768252232,1
396,0,12.75,35,10.9426768252232,10.9747175959878,1
396,0,12.75,35,10.9747175959878,11.4375792743091,1
396,0,12.75,35,11.4375792743091,11.5470526618881,1
396,0,12.75,35,11.5470526618881,11.7206610127601,1
396,0,12.75,35,11.7206610127601,12.0048823649253,1
396,0,12.75,35,12.0048823649253,12.0677448685373,1
396,0,12.75,35,12.0677448685373,12.2223264994727,1
396,0,12.75,35,12.2223264994727,12.3411845048092,1
396,0,12.75,35,12.3411845048092,12.4558572140455,1
396,0,12.75,35,12.4558572140455,12.5475410714926,1
396,0,12.75,35,12.5475410714926,12.653611663178,1
396,0,12.75,35,12.653611663178,12.75,0
397,0,13.75,1,0,4.59094318165176,1
397,0,13.75,1,4.59094318165176,13.75,0
398,0,17.75,3,0,5.6334628517097,1
398,0,17.75,3,5.6334628517097,9.27190200209249,1
398,0,17.75,3,9.27190200209249,13.270580693512,1
398,0,17.75,3,13.270580693512,17.75,0
399,0,7.75,0,0,7.75,0
400,0,15.75,26,0,1.41450457022043,1
400,0,15.75,26,1.41450457022043,4.14731294253577,1
400,0,15.75,26,4.14731294253577,4.71455043592204,1
400,0,15.75,26,4.71455043592204,4.87632421524078,1
400,0,15.75,26,4.87632421524078,7.92902589635629,1
400,0,15.75,26,7.92902589635629,7.95441576375207,1
400,0,15.75,26,7.95441576375207,7.95727617403011,1
400,0,15.75,26,7.95727617403011,8.32290411811081,1
400,0,15.75,26,8.32290411811081,8.61797577582666,1
400,0,15.75,26,8.61797577582666,9.5748459335158,1
400,0,15.75,26,9.5748459335158,10.0609935550223,1
400,0,15.75,26,10.0609935550223,10.1785127973856,1
400,0,15.75,26,10.1785127973856,10.5481250787299,1
400,0,15.75,26,10.5481250787299,10.9438179373325,1
400,0,15.75,26,10.9438179373325,10.9818842777474,1
400,0,15.75,26,10.9818842777474,11.1268631515872,1
400,0,15.75,26,11.1268631515872,11.3106071157128,1
400,0,15.75,26,11.3106071157128,11.8138912080699,1
400,0,15.75,26,11.8138912080699,13.3653297687172,1
400,0,15.75,26,13.3653297687172,13.4709777186913,1
400,0,15.75,26,13.4709777186913,13.6655137409204,1
400,0,15.75,26,13.6655137409204,13.9571820021417,1
400,0,15.75,26,13.9571820021417,14.3548913908092,1
400,0,15.75,26,14.3548913908092,14.5384736764122,1
400,0,15.75,26,14.5384736764122,14.5385495214625,1
400,0,15.75,26,14.5385495214625,15.6337676969615,1
400,0,15.75,26,15.6337676969615,15.75,0
401,0,11.75,24,0,2.97542129863137,1
401,0,11.75,24,2.97542129863137,4.84951640393075,1
401,0,11.75,24,4.84951640393075,5.76042304451557,1
401,0,11.75,24,5.76042304451557,6.93383294863763,1
401,0,11.75,24,6.93383294863763,7.2630787424252,1
401,0,11.75,24,7.2630787424252,7.73639990312949,1
401,0,11.75,24,7.73639990312949,7.81117564943663,1
401,0,11.75,24,7.81117564943663,7.97353734780144,1
401,0,11.75,24,7.97353734780144,8.44971456044487,1
401,0,11.75,24,8.44971456044487,8.84719590039094,1
401,0,11.75,24,8.84719590039094,9.08469926090136,1
401,0,11.75,24,9.08469926090136,9.20955395720078,1
401,0,11.75,24,9.20955395720078,9.24595117922024,1
401,0,11.75,24,9.24595117922024,9.68382052314739,1
401,0,11.75,24,9.68382052314739,9.90311613560991,1
401,0,11.75,24,9.90311613560991,10.250770500083,1
401,0,11.75,24,10.250770500083,10.2801390673768,1
401,0,11.75,24,10.2801390673768,10.4219522683425,1
401,0,11.75,24,10.4219522683425,10.830316476414,1
401,0,11.75,24,10.830316476414,10.830697223822,1
401,0,11.75,24,10.830697223822,11.0061873184813,1
401,0,11.75,24,11.0061873184813,11.2720761653768,1
401,0,11.75,24,11.2720761653768,11.4627458706545,1
401,0,11.75,24,11.4627458706545,11.5296626103732,1
401,0,11.75,24,11.5296626103732,11.75,0
402,0,19.75,1,0,5.65866058619889,1
402,0,19.75,1,5.65866058619889,19.75,0
403,0,17.75,1,0,4.95531185365639,1
403,0,17.75,1,4.95531185365639,17.75,0
404,0,9.75,0,0,9.75,0
405,0,12.75,12,0,3.14591985427501,1
405,0,12.75,12,3.14591985427501,6.52770472728269,1
405,0,12.75,12,6.52770472728269,6.60327132575447,1
405,0,12.75,12,6.60327132575447,8.18427439507857,1
405,0,12.75,12,8.18427439507857,9.12311592151617,1
405,0,12.75,12,9.12311592151617,9.3796177910937,1
405,0,12.75,12,9.3796177910937,10.9079556760927,1
405,0,12.75,12,10.9079556760927,11.2073233873301,1
405,0,12.75,12,11.2073233873301,11.4476779409846,1
405,0,12.75,12,11.4476779409846,11.638445457952,1
405,0,12.75,12,11.638445457952,12.1155158290532,1
405,0,12.75,12,12.1155158290532,12.1996043541766,1
405,0,12.75,12,12.1996043541766,12.75,0
406,0,15.75,3,0,1.79468842537116,1
406,0,15.75,3,1.79468842537116,4.36047277482666,1
406,0,15.75,3,4.36047277482666,5.36518431838589,1
406,0,15.75,3,5.36518431838589,15.75,0
407,0,15.75,43,0,4.50724865930616,1
407,0,15.75,43,4.50724865930616,5.4157844428475,1
407,0,15.75,43,5.4157844428475,5.57108069470437,1
407,0,15.75,43,5.57108069470437,6.39400133517444,1
407,0,15.75,43,6.39400133517444,7.43074241456595,1
407,0,15.75,43,7.43074241456595,8.04195602465707,1
407,0,15.75,43,8.04195602465707,8.46708622057865,1
407,0,15.75,43,8.46708622057865,8.79078870798201,1
407,0,15.75,43,8.79078870798201,9.0478127967799,1
407,0,15.75,43,9.0478127967799,9.84046916858,1
407,0,15.75,43,9.84046916858,10.1158429771469,1
407,0,15.75,43,10.1158429771469,10.1376676529113,1
407,0,15.75,43,10.1376676529113,10.3888588868787,1
407,0,15.75,43,10.3888588868787,11.1378143511475,1
407,0,15.75,43,11.1378143511475,11.1797816484527,1
407,0,15.75,43,11.1797816484527,11.2232741375216,1
407,0,15.75,43,11.2232741375216,11.2683170923809,1
407,0,15.75,43,11.2683170923809,11.3751049929243,1
407,0,15.75,43,11.3751049929243,11.7391461625907,1
407,0,15.75,43,11.7391461625907,11.9816080971147,1
407,0,15.75,43,11.9816080971147,12.4459340460463,1
407,0,15.75,43,12.4459340460463,12.4771937267675,1
407,0,15.75,43,12.4771937267675,12.625608111729,1
407,0,15.75,43,12.625608111729,12.7462478223485,1
407,0,15.75,43,12.7462478223485,12.8378413472721,1
407,0,15.75,43,12.8378413472721,13.0061730763426,1
407,0,15.75,43,13.0061730763426,13.3958587116941,1
407,0,15.75,43,13.3958587116941,13.6379152174962,1
407,0,15.75,43,13.6379152174962,13.6775841397985,1
407,0,15.75,43,13.6775841397985,13.9309984830411,1
407,0,15.75,43,13.9309984830411,13.9591492329821,1
407,0,15.75,43,13.9591492329821,14.0477548739906,1
407,0,15.75,43,14.0477548739906,14.1309850488126,1
407,0,15.75,43,14.1309850488126,14.183325130401,1
407,0,15.75,43,14.183325130401,14.260961450551,1
407,0,15.75,43,14.260961450551,14.2918144152908,1
407,0,15.75,43,14.2918144152908,14.4625666467381,1
407,0,15.75,43,14.4625666467381,14.5153707237465,1
407,0,15.75,43,14.5153707237465,14.5478714602758,1
407,0,15.75,43,14.5478714602758,15.0621500173882,1
407,0,15.75,43,15.0621500173882,15.0953862415134,1
407,0,15.75,43,15.0953862415134,15.4595448335086,1
407,0,15.75,43,15.4595448335086,15.7099547922906,1
407,0,15.75,43,15.7099547922906,15.75,0
408,0,11.75,1,0,0.00565537953959047,1
408,0,11.75,1,0.00565537953959047,11.75,0
409,0,11.75,27,0,2.40020809928849,1
409,0,11.75,27,2.40020809928849,2.62228411142194,1
409,0,11.75,27,2.62228411142194,2.96962463944727,1
409,0,11.75,27,2.96962463944727,3.28320649724197,1
409,0,11.75,27,3.28320649724197,3.35073659286815,1
409,0,11.75,27,3.35073659286815,4.11690002074934,1
409,0,11.75,27,4.11690002074934,4.93184542879725,1
409,0,11.75,27,4.93184542879725,5.66951396212519,1
409,0,11.75,27,5.66951396212519,6.18101638537965,1
409,0,11.75,27,6.18101638537965,6.80617639448241,1
409,0,11.75,27,6.80617639448241,6.87858602129638,1
409,0,11.75,27,6.87858602129638,7.01199741528577,1
409,0,11.75,27,7.01199741528577,7.04857226237266,1
409,0,11.75,27,7.04857226237266,8.04831267393562,1
409,0,11.75,27,8.04831267393562,9.4497820580008,1
409,0,11.75,27,9.4497820580008,9.91226599804583,1
409,0,11.75,27,9.91226599804583,10.3946433640136,1
409,0,11.75,27,10.3946433640136,10.4850159704072,1
409,0,11.75,27,10.4850159704072,10.8271064360295,1
409,0,11.75,27,10.8271064360295,10.8303917312157,1
409,0,11.75,27,10.8303917312157,10.943297687986,1
409,0,11.75,27,10.943297687986,11.0262652156782,1
409,0,11.75,27,11.0262652156782,11.1195076370836,1
409,0,11.75,27,11.1195076370836,11.1623145171232,1
409,0,11.75,27,11.1623145171232,11.5418913263192,1
409,0,11.75,27,11.5418913263192,11.6442939776196,1
409,0,11.75,27,11.6442939776196,11.7469754065077,1
409,0,11.75,27,11.7469754065077,11.75,0
410,0,15.75,2,0,0.088067193103078,1
410,0,15.75,2,0.088067193103078,11.8579773318923,1
410,0,15.75,2,11.8579773318923,15.75,0
411,0,10.75,4,0,0.0373617418135377,1
411,0,10.75,4,0.0373617418135377,1.35814452614667,1
411,0,10.75,4,1.35814452614667,3.65274214407728,1
411,0,10.75,4,3.65274214407728,7.31894791399397,1
411,0,10.75,4,7.31894791399397,10.75,0
412,0,11.75,1,0,6.11889148171182,1
412,0,11.75,1,6.11889148171182,11.75,0
413,0,9.75,2,0,7.59313420779749,1
413,0,9.75,2,7.59313420779749,8.15332995475165,1
413,0,9.75,2,8.15332995475165,9.75,0
414,0,15.75,13,0,5.23304286101466,1
414,0,15.75,13,5.23304286101466,9.89540206544333,1
414,0,15.75,13,9.89540206544333,10.2788895246176,1
414,0,15.75,13,10.2788895246176,10.4217150072695,1
414,0,15.75,13,10.4217150072695,10.7906426054588,1
414,0,15.75,13,10.7906426054588,13.1749441616567,1
414,0,15.75,13,13.1749441616567,13.492081488128,1
414,0,15.75,13,13.492081488128,13.7515041153321,1
414,0,15.75,13,13.7515041153321,13.8631625905672,1
414,0,15.75,13,13.8631625905672,14.3407044401235,1
414,0,15.75,13,14.3407044401235,14.784583885547,1
414,0,15.75,13,14.784583885547,14.8470235749823,1
414,0,15.75,13,14.8470235749823,14.9253757451632,1
414,0,15.75,13,14.9253757451632,15.75,0
415,0,15.75,2,0,1.26510275117701,1
415,0,15.75,2,1.26510275117701,9.64591063468379,1
415,0,15.75,2,9.64591063468379,15.75,0
416,0,10.75,0,0,10.75,0
417,0,11.75,0,0,11.75,0
418,0,18.75,1,0,0.249916549406046,1
418,0,18.75,1,0.249916549406046,18.75,0
419,0,16.75,41,0,4.48568416200145,1
419,0,16.75,41,4.48568416200145,7.99573226391937,1
419,0,16.75,41,7.99573226391937,8.07071962484159,1
419,0,16.75,41,8.07071962484159,8.14559028638274,1
419,0,16.75,41,8.14559028638274,9.32989670981087,1
419,0,16.75,41,9.32989670981087,9.48867159505928,1
419,0,16.75,41,9.48867159505928,10.1503595496973,1
419,0,16.75,41,10.1503595496973,10.3593981277894,1
419,0,16.75,41,10.3593981277894,10.5952842587497,1
419,0,16.75,41,10.5952842587497,11.359235518132,1
419,0,16.75,41,11.359235518132,11.361801816954,1
419,0,16.75,41,11.361801816954,11.3815755164385,1
419,0,16.75,41,11.3815755164385,11.6661486834193,1
419,0,16.75,41,11.6661486834193,12.215861761774,1
419,0,16.75,41,12.215861761774,12.474621246251,1
419,0,16.75,41,12.474621246251,12.4968017591446,1
419,0,16.75,41,12.4968017591446,12.727686158896,1
419,0,16.75,41,12.727686158896,13.2773278705964,1
419,0,16.75,41,13.2773278705964,13.3088374632677,1
419,0,16.75,41,13.3088374632677,13.7923411401998,1
419,0,16.75,41,13.7923411401998,14.1731050222693,1
419,0,16.75,41,14.1731050222693,14.5071530596414,1
419,0,16.75,41,14.5071530596414,14.5943564882346,1
419,0,16.75,41,14.5943564882346,14.6749367754483,1
419,0,16.75,41,14.6749367754483,14.760982344156,1
419,0,16.75,41,14.760982344156,14.822451235639,1
419,0,16.75,41,14.822451235639,14.9695997040941,1
419,0,16.75,41,14.9695997040941,15.1068210181376,1
419,0,16.75,41,15.1068210181376,15.2829547764105,1
419,0,16.75,41,15.2829547764105,15.4753034937051,1
419,0,16.75,41,15.4753034937051,15.6464022841952,1
419,0,16.75,41,15.6464022841952,15.8226796604547,1
419,0,16.75,41,15.8226796604547,15.8316011013657,1
419,0,16.75,41,15.8316011013657,15.9036620495359,1
419,0,16.75,41,15.9036620495359,16.0074797865992,1
419,0,16.75,41,16.0074797865992,16.1753798444876,1
419,0,16.75,41,16.1753798444876,16.2555468049134,1
419,0,16.75,41,16.2555468049134,16.5443997278977,1
419,0,16.75,41,16.5443997278977,16.6133836181895,1
419,0,16.75,41,16.6133836181895,16.6802343987581,1
419,0,16.75,41,16.6802343987581,16.7002193263695,1
419,0,16.75,41,16.7002193263695,16.75,0
420,0,8.75,7,0,4.46832706968135,1
420,0,8.75,7,4.46832706968135,6.15611174336004,1
420,0,8.75,7,6.15611174336004,7.0081288268948,1
420,0,8.75,7,7.0081288268948,7.35395724600744,1
420,0,8.75,7,7.35395724600744,7.40563641794975,1
420,0,8.75,7,7.40563641794975,7.46756605155492,1
420,0,8.75,7,7.46756605155492,7.78424874860626,1
420,0,8.75,7,7.78424874860626,8.75,0
421,0,7.75,0,0,7.75,0
422,0,13.75,1,0,9.37957344078283,1
422,0,13.75,1,9.37957344078283,13.75,0
423,0,14.75,1,0,0.250142381895833,1
423,0,14.75,1,0.250142381895833,14.75,0
424,0,12.75,0,0,12.75,0
425,0,13.75,2,0,0.127207382461307,1
425,0,13.75,2,0.127207382461307,7.69299357464758,1
425,0,13.75,2,7.69299357464758,13.75,0
426,0,12.75,17,0,3.37364157284515,1
426,0,12.75,17,3.37364157284515,4.98869159613215,1
426,0,12.75,17,4.98869159613215,5.1481324471668,1
426,0,12.75,17,5.1481324471668,6.78092683720102,1
426,0,12.75,17,6.78092683720102,7.63083842882962,1
426,0,12.75,17,7.63083842882962,7.65023387196071,1
426,0,12.75,17,7.65023387196071,8.18083038579877,1
426,0,12.75,17,8.18083038579877,9.12239815637001,1
426,0,12.75,17,9.12239815637001,9.90284224341307,1
426,0,12.75,17,9.90284224341307,10.6447054113041,1
426,0,12.75,17,10.6447054113041,10.9998718078619,1
426,0,12.75,17,10.9998718078619,11.0512709450653,1
426,0,12.75,17,11.0512709450653,11.6135049250456,1
426,0,12.75,17,11.6135049250456,11.7380141065505,1
426,0,12.75,17,11.7380141065505,11.7993930116492,1
426,0,12.75,17,11.7993930116492,12.3187351480714,1
426,0,12.75,17,12.3187351480714,12.6067822406341,1
426,0,12.75,17,12.6067822406341,12.75,0
427,0,13.75,1,0,2.73106557859056,1
427,0,13.75,1,2.73106557859056,13.75,0
428,0,11.75,9,0,2.78445115877104,1
428,0,11.75,9,2.78445115877104,5.32740903796892,1
428,0,11.75,9,5.32740903796892,6.43470813837532,1
428,0,11.75,9,6.43470813837532,7.95700347627617,1
428,0,11.75,9,7.95700347627617,9.0568503811778,1
428,0,11.75,9,9.0568503811778,9.22515928125317,1
428,0,11.75,9,9.22515928125317,10.6934661957337,1
428,0,11.75,9,10.6934661957337,11.3335017753293,1
428,0,11.75,9,11.3335017753293,11.728704148747,1
428,0,11.75,9,11.728704148747,11.75,0
429,0,11.75,18,0,3.17360565622618,1
429,0,11.75,18,3.17360565622618,3.69788963952195,1
429,0,11.75,18,3.69788963952195,4.67784489470214,1
429,0,11.75,18,4.67784489470214,6.99530987780998,1
429,0,11.75,18,6.99530987780998,7.06061688935798,1
429,0,11.75,18,7.06061688935798,7.10545601569457,1
429,0,11.75,18,7.10545601569457,8.80849488760743,1
429,0,11.75,18,8.80849488760743,9.13777940813711,1
429,0,11.75,18,9.13777940813711,9.17738402942653,1
429,0,11.75,18,9.17738402942653,9.43109083901423,1
429,0,11.75,18,9.43109083901423,9.671019542723,1
429,0,11.75,18,9.671019542723,9.89216723592942,1
429,0,11.75,18,9.89216723592942,10.2370445338661,1
429,0,11.75,18,10.2370445338661,10.2613432222337,1
429,0,11.75,18,10.2613432222337,10.7782105720356,1
429,0,11.75,18,10.7782105720356,10.9111648834197,1
429,0,11.75,18,10.9111648834197,11.0520675249079,1
429,0,11.75,18,11.0520675249079,11.7033955882666,1
429,0,11.75,18,11.7033955882666,11.75,0
430,0,10.75,15,0,2.21580289035313,1
430,0,10.75,15,2.21580289035313,3.09371205724575,1
430,0,10.75,15,3.09371205724575,4.4515968611007,1
430,0,10.75,15,4.4515968611007,4.90242536341188,1
430,0,10.75,15,4.90242536341188,5.2274293195349,1
430,0,10.75,15,5.2274293195349,5.30027617435599,1
430,0,10.75,15,5.30027617435599,5.86485118096082,1
430,0,10.75,15,5.86485118096082,6.09106605947024,1
430,0,10.75,15,6.09106605947024,6.96546137621329,1
430,0,10.75,15,6.96546137621329,7.74615503498357,1
430,0,10.75,15,7.74615503498357,8.50751552834707,1
430,0,10.75,15,8.50751552834707,9.46185657351434,1
430,0,10.75,15,9.46185657351434,10.1440814869319,1
430,0,10.75,15,10.1440814869319,10.4246348373722,1
430,0,10.75,15,10.4246348373722,10.7224577884931,1
430,0,10.75,15,10.7224577884931,10.75,0
431,0,12.75,0,0,12.75,0
432,0,17.75,0,0,17.75,0
433,0,8.75,5,0,4.78696289857684,1
433,0,8.75,5,4.78696289857684,6.451285592339,1
433,0,8.75,5,6.451285592339,7.27640406633097,1
433,0,8.75,5,7.27640406633097,7.89228295145286,1
433,0,8.75,5,7.89228295145286,8.51307380317497,1
433,0,8.75,5,8.51307380317497,8.75,0
434,0,17.75,1,0,6.78637259419696,1
434,0,17.75,1,6.78637259419696,17.75,0
435,0,8.75,0,0,8.75,0
436,0,8.75,14,0,1.2239360351792,1
436,0,8.75,14,1.2239360351792,2.88096547187758,1
436,0,8.75,14,2.88096547187758,3.56129108417305,1
436,0,8.75,14,3.56129108417305,5.35350289406362,1
436,0,8.75,14,5.35350289406362,6.13130200279541,1
436,0,8.75,14,6.13130200279541,6.30098664518339,1
436,0,8.75,14,6.30098664518339,6.32322851759381,1
436,0,8.75,14,6.32322851759381,6.48175625440701,1
436,0,8.75,14,6.48175625440701,7.01949046273767,1
436,0,8.75,14,7.01949046273767,7.39005050895559,1
436,0,8.75,14,7.39005050895559,7.92637905509484,1
436,0,8.75,14,7.92637905509484,8.17361205112111,1
436,0,8.75,14,8.17361205112111,8.27098434919298,1
436,0,8.75,14,8.27098434919298,8.61872744181717,1
436,0,8.75,14,8.61872744181717,8.75,0
437,0,10.75,1,0,6.23715069179182,1
437,0,10.75,1,6.23715069179182,10.75,0
438,0,14.75,3,0,0.0037942319813618,1
438,0,14.75,3,0.0037942319813618,1.05420410880072,1
438,0,14.75,3,1.05420410880072,7.91666779567697,1
438,0,14.75,3,7.91666779567697,14.75,0
439,0,14.75,3,0,0.00123366723384776,1
439,0,14.75,3,0.00123366723384776,5.46932871363029,1
439,0,14.75,3,5.46932871363029,8.14649268189221,1
439,0,14.75,3,8.14649268189221,14.75,0
440,0,13.75,2,0,0.19816243332236,1
440,0,13.75,2,0.19816243332236,2.83167026112775,1
440,0,13.75,2,2.83167026112775,13.75,0
441,0,12.75,2,0,0.262023686044482,1
441,0,12.75,2,0.262023686044482,3.78251267611731,1
441,0,12.75,2,3.78251267611731,12.75,0
442,0,10.75,14,0,1.39284127529,1
442,0,10.75,14,1.39284127529,1.72224728778902,1
442,0,10.75,14,1.72224728778902,2.95091443142645,1
442,0,10.75,14,2.95091443142645,3.17412883203892,1
442,0,10.75,14,3.17412883203892,5.48339184755852,1
442,0,10.75,14,5.48339184755852,6.81408392405528,1
442,0,10.75,14,6.81408392405528,8.69205062217158,1
442,0,10.75,14,8.69205062217158,8.81542395170558,1
442,0,10.75,14,8.81542395170558,9.16889723313875,1
442,0,10.75,14,9.16889723313875,9.22388453486362,1
442,0,10.75,14,9.22388453486362,9.62982435336602,1
442,0,10.75,14,9.62982435336602,10.0572409719154,1
442,0,10.75,14,10.0572409719154,10.3319852186919,1
442,0,10.75,14,10.3319852186919,10.5168692454345,1
442,0,10.75,14,10.5168692454345,10.75,0
443,0,9.75,1,0,1.33835591031185,1
443,0,9.75,1,1.33835591031185,9.75,0
444,0,15.75,2,0,0.0260369886941121,1
444,0,15.75,2,0.0260369886941121,8.71176338279729,1
444,0,15.75,2,8.71176338279729,15.75,0
445,0,11.75,19,0,5.07749480363668,1
445,0,11.75,19,5.07749480363668,5.50919887378504,1
445,0,11.75,19,5.50919887378504,5.96668284872259,1
445,0,11.75,19,5.96668284872259,7.30859304403113,1
445,0,11.75,19,7.30859304403113,7.41651455215692,1
445,0,11.75,19,7.41651455215692,7.48746870735247,1
445,0,11.75,19,7.48746870735247,9.02384881249703,1
445,0,11.75,19,9.02384881249703,9.17043196669883,1
445,0,11.75,19,9.17043196669883,9.19999033998585,1
445,0,11.75,19,9.19999033998585,9.28547642657638,1
445,0,11.75,19,9.28547642657638,9.66368165276771,1
445,0,11.75,19,9.66368165276771,9.67452748220288,1
445,0,11.75,19,9.67452748220288,9.79431190678907,1
445,0,11.75,19,9.79431190678907,9.80763392349737,1
445,0,11.75,19,9.80763392349737,10.0794033439239,1
445,0,11.75,19,10.0794033439239,10.2084584926521,1
445,0,11.75,19,10.2084584926521,10.5370300606845,1
445,0,11.75,19,10.5370300606845,10.8951889770667,1
445,0,11.75,19,10.8951889770667,11.3585627230075,1
445,0,11.75,19,11.3585627230075,11.75,0
446,0,11.75,1,0,4.32885150312855,1
446,0,11.75,1,4.32885150312855,11.75,0
447,0,7.75,2,0,0.277227628266494,1
447,0,7.75,2,0.277227628266494,5.67520866872381,1
447,0,7.75,2,5.67520866872381,7.75,0
448,0,9.75,8,0,2.48871656345779,1
448,0,9.75,8,2.48871656345779,2.86928156712749,1
448,0,9.75,8,2.86928156712749,3.82254096697614,1
448,0,9.75,8,3.82254096697614,5.3175550962647,1
448,0,9.75,8,5.3175550962647,6.20551396464602,1
448,0,9.75,8,6.20551396464602,9.40545750348621,1
448,0,9.75,8,9.40545750348621,9.54986063091603,1
448,0,9.75,8,9.54986063091603,9.55496731439712,1
448,0,9.75,8,9.55496731439712,9.75,0
449,0,15.75,0,0,15.75,0
450,0,10.75,4,0,0.558223832361691,1
450,0,10.75,4,0.558223832361691,0.560945994572661,1
450,0,10.75,4,0.560945994572661,3.35880960742892,1
450,0,10.75,4,3.35880960742892,4.7804252169911,1
450,0,10.75,4,4.7804252169911,10.75,0
451,0,13.75,1,0,0.607916563726928,1
451,0,13.75,1,0.607916563726928,13.75,0
452,0,15.75,0,0,15.75,0
453,0,13.75,60,0,2.48393143417401,1
453,0,13.75,60,2.48393143417401,3.25950849171572,1
453,0,13.75,60,3.25950849171572,4.11583076176795,1
453,0,13.75,60,4.11583076176795,4.7198903073263,1
453,0,13.75,60,4.7198903073263,5.48019785259314,1
453,0,13.75,60,5.48019785259314,6.18169120698994,1
453,0,13.75,60,6.18169120698994,6.44036436584423,1
453,0,13.75,60,6.44036436584423,6.66299433809223,1
453,0,13.75,60,6.66299433809223,6.67846312904237,1
453,0,13.75,60,6.67846312904237,6.86985943752263,1
453,0,13.75,60,6.86985943752263,7.03398709202222,1
453,0,13.75,60,7.03398709202222,7.47284910327061,1
453,0,13.75,60,7.47284910327061,8.2483368034041,1
453,0,13.75,60,8.2483368034041,8.67903342383447,1
453,0,13.75,60,8.67903342383447,8.73472271107071,1
453,0,13.75,60,8.73472271107071,8.88452500106664,1
453,0,13.75,60,8.88452500106664,8.96981342123081,1
453,0,13.75,60,8.96981342123081,9.183386081475,1
453,0,13.75,60,9.183386081475,9.45903961013658,1
453,0,13.75,60,9.45903961013658,9.60334801859161,1
453,0,13.75,60,9.60334801859161,9.6122300307688,1
453,0,13.75,60,9.6122300307688,9.63820290565009,1
453,0,13.75,60,9.63820290565009,9.92760712687825,1
453,0,13.75,60,9.92760712687825,10.016766273633,1
453,0,13.75,60,10.016766273633,10.4069683330002,1
453,0,13.75,60,10.4069683330002,10.6316734302231,1
453,0,13.75,60,10.6316734302231,10.6360827497334,1
453,0,13.75,60,10.6360827497334,10.7295085800696,1
453,0,13.75,60,10.7295085800696,10.8319784299664,1
453,0,13.75,60,10.8319784299664,10.8652977485154,1
453,0,13.75,60,10.8652977485154,10.8721633858309,1
453,0,13.75,60,10.8721633858309,11.244834476754,1
453,0,13.75,60,11.244834476754,11.3280145107202,1
453,0,13.75,60,11.3280145107202,11.5416834432876,1
453,0,13.75,60,11.5416834432876,11.8025283760828,1
453,0,13.75,60,11.8025283760828,11.8573410324582,1
453,0,13.75,60,11.8573410324582,11.8780529773976,1
453,0,13.75,60,11.8780529773976,11.9460654680621,1
453,0,13.75,60,11.9460654680621,12.1641301863233,1
453,0,13.75,60,12.1641301863233,12.2272189941342,1
453,0,13.75,60,12.2272189941342,12.2336872880326,1
453,0,13.75,60,12.2336872880326,12.2682287278023,1
453,0,13.75,60,12.2682287278023,12.2765499369701,1
453,0,13.75,60,12.2765499369701,12.3897859637952,1
453,0,13.75,60,12.3897859637952,12.4033897413032,1
453,0,13.75,60,12.4033897413032,12.4161618499061,1
453,0,13.75,60,12.4161618499061,12.5406300553772,1
453,0,13.75,60,12.5406300553772,12.6515019892618,1
453,0,13.75,60,12.6515019892618,12.7555864197431,1
453,0,13.75,60,12.7555864197431,12.9170379227344,1
453,0,13.75,60,12.9170379227344,13.1337946787015,1
453,0,13.75,60,13.1337946787015,13.1564228992978,1
453,0,13.75,60,13.1564228992978,13.196839570161,1
453,0,13.75,60,13.196839570161,13.1986848465572,1
453,0,13.75,60,13.1986848465572,13.3515959554421,1
453,0,13.75,60,13.3515959554421,13.5854486736637,1
453,0,13.75,60,13.5854486736637,13.6094884484428,1
453,0,13.75,60,13.6094884484428,13.613487888494,1
453,0,13.75,60,13.613487888494,13.6350582412822,1
453,0,13.75,60,13.6350582412822,13.7006112581261,1
453,0,13.75,60,13.7006112581261,13.75,0
454,0,9.75,1,0,9.54940471147199,1
454,0,9.75,1,9.54940471147199,9.75,0
455,0,13.75,3,0,0.201314944024776,1
455,0,13.75,3,0.201314944024776,1.33415988706619,1
455,0,13.75,3,1.33415988706619,1.70058289230889,1
455,0,13.75,3,1.70058289230889,13.75,0
456,0,14.75,1,0,5.28300410663114,1
456,0,14.75,1,5.28300410663114,14.75,0
457,0,17.75,67,0,2.11103509493559,1
457,0,17.75,67,2.11103509493559,4.6064821873991,1
457,0,17.75,67,4.6064821873991,4.71360652743308,1
457,0,17.75,67,4.71360652743308,4.77301132042517,1
457,0,17.75,67,4.77301132042517,4.89813453105078,1
457,0,17.75,67,4.89813453105078,5.05276873259289,1
457,0,17.75,67,5.05276873259289,6.04275838729729,1
457,0,17.75,67,6.04275838729729,6.38994751431129,1
457,0,17.75,67,6.38994751431129,7.04901266504098,1
457,0,17.75,67,7.04901266504098,7.16493807474455,1
457,0,17.75,67,7.16493807474455,7.64794706344734,1
457,0,17.75,67,7.64794706344734,7.66329278105097,1
457,0,17.75,67,7.66329278105097,7.9598598393102,1
457,0,17.75,67,7.9598598393102,8.03431108854713,1
457,0,17.75,67,8.03431108854713,8.12334134645285,1
457,0,17.75,67,8.12334134645285,8.21643219130417,1
457,0,17.75,67,8.21643219130417,8.3225800497727,1
457,0,17.75,67,8.3225800497727,8.95380416147122,1
457,0,17.75,67,8.95380416147122,9.68308343163798,1
457,0,17.75,67,9.68308343163798,9.74600766477189,1
457,0,17.75,67,9.74600766477189,10.3622679423731,1
457,0,17.75,67,10.3622679423731,10.7481161103691,1
457,0,17.75,67,10.7481161103691,10.9453044050513,1
457,0,17.75,67,10.9453044050513,11.0325705676759,1
457,0,17.75,67,11.0325705676759,11.4802819941784,1
457,0,17.75,67,11.4802819941784,11.5604633389318,1
457,0,17.75,67,11.5604633389318,12.4629022118164,1
457,0,17.75,67,12.4629022118164,12.4728541577962,1
457,0,17.75,67,12.4728541577962,12.5756952314065,1
457,0,17.75,67,12.5756952314065,12.5857277264069,1
457,0,17.75,67,12.5857277264069,13.261160568452,1
457,0,17.75,67,13.261160568452,13.2745284379248,1
457,0,17.75,67,13.2745284379248,13.728120199881,1
457,0,17.75,67,13.728120199881,13.8948398154682,1
457,0,17.75,67,13.8948398154682,13.9766998943552,1
457,0,17.75,67,13.9766998943552,14.192234051951,1
457,0,17.75,67,14.192234051951,14.7009548575833,1
457,0,17.75,67,14.7009548575833,14.7016695835642,1
457,0,17.75,67,14.7016695835642,14.7976211780454,1
457,0,17.75,67,14.7976211780454,14.9560089677261,1
457,0,17.75,67,14.9560089677261,14.9573037876147,1
457,0,17.75,67,14.9573037876147,15.253205729918,1
457,0,17.75,67,15.253205729918,15.3317452564493,1
457,0,17.75,67,15.3317452564493,15.4560541761371,1
457,0,17.75,67,15.4560541761371,15.5271526631703,1
457,0,17.75,67,15.5271526631703,15.703855535795,1
457,0,17.75,67,15.703855535795,15.748275397964,1
457,0,17.75,67,15.748275397964,15.7568840878651,1
457,0,17.75,67,15.7568840878651,15.7698040702183,1
457,0,17.75,67,15.7698040702183,15.7982197534841,1
457,0,17.75,67,15.7982197534841,16.0577336628482,1
457,0,17.75,67,16.0577336628482,16.1327867669608,1
457,0,17.75,67,16.1327867669608,16.138761964822,1
457,0,17.75,67,16.138761964822,16.3854178770749,1
457,0,17.75,67,16.3854178770749,16.6703949062941,1
457,0,17.75,67,16.6703949062941,16.7664846482872,1
457,0,17.75,67,16.7664846482872,16.7938066538856,1
457,0,17.75,67,16.7938066538856,16.9397076072141,1
457,0,17.75,67,16.9397076072141,17.0100925303678,1
457,0,17.75,67,17.0100925303678,17.2795810342253,1
457,0,17.75,67,17.2795810342253,17.3680001034649,1
457,0,17.75,67,17.3680001034649,17.3716580604525,1
457,0,17.75,67,17.3716580604525,17.4141726958147,1
457,0,17.75,67,17.4141726958147,17.4845555835649,1
457,0,17.75,67,17.4845555835649,17.5151182544959,1
457,0,17.75,67,17.5151182544959,17.5604908627333,1
457,0,17.75,67,17.5604908627333,17.5756929085502,1
457,0,17.75,67,17.5756929085502,17.75,0
458,0,9.75,8,0,3.55904557088101,1
458,0,9.75,8,3.55904557088101,3.99302235749918,1
458,0,9.75,8,3.99302235749918,5.44015479431193,1
458,0,9.75,8,5.44015479431193,7.20476637841938,1
458,0,9.75,8,7.20476637841938,8.13869104085925,1
458,0,9.75,8,8.13869104085925,8.80523378100294,1
458,0,9.75,8,8.80523378100294,9.04714516965268,1
458,0,9.75,8,9.04714516965268,9.46689314986018,1
458,0,9.75,8,9.46689314986018,9.75,0
459,0,11.75,25,0,2.66338383869681,1
459,0,11.75,25,2.66338383869681,4.15352276049797,1
459,0,11.75,25,4.15352276049797,4.35975060145878,1
459,0,11.75,25,4.35975060145878,4.39346520864627,1
459,0,11.75,25,4.39346520864627,5.53716621010353,1
459,0,11.75,25,5.53716621010353,7.32867842370472,1
459,0,11.75,25,7.32867842370472,7.40678592960528,1
459,0,11.75,25,7.40678592960528,7.87261241597139,1
459,0,11.75,25,7.87261241597139,7.9473718748303,1
459,0,11.75,25,7.9473718748303,7.98121869589089,1
459,0,11.75,25,7.98121869589089,8.19237465761911,1
459,0,11.75,25,8.19237465761911,8.78488350248458,1
459,0,11.75,25,8.78488350248458,8.83639133238502,1
459,0,11.75,25,8.83639133238502,9.19373311624195,1
459,0,11.75,25,9.19373311624195,9.59485779406197,1
459,0,11.75,25,9.59485779406197,9.73686639550266,1
459,0,11.75,25,9.73686639550266,9.87151097470062,1
459,0,11.75,25,9.87151097470062,10.4088266927693,1
459,0,11.75,25,10.4088266927693,10.6145846694732,1
459,0,11.75,25,10.6145846694732,10.7433486679034,1
459,0,11.75,25,10.7433486679034,10.8138623759112,1
459,0,11.75,25,10.8138623759112,11.1873797498922,1
459,0,11.75,25,11.1873797498922,11.5257482155248,1
459,0,11.75,25,11.5257482155248,11.6114834617959,1
459,0,11.75,25,11.6114834617959,11.6766881601085,1
459,0,11.75,25,11.6766881601085,11.75,0
460,0,12.75,1,0,5.48771445759238,1
460,0,12.75,1,5.48771445759238,12.75,0
461,0,13.75,21,0,5.390115509248,1
461,0,13.75,21,5.390115509248,6.83177526380423,1
461,0,13.75,21,6.83177526380423,7.27399754173843,1
461,0,13.75,21,7.27399754173843,7.55022417769129,1
461,0,13.75,21,7.55022417769129,8.41348316364722,1
461,0,13.75,21,8.41348316364722,8.44698045861717,1
461,0,13.75,21,8.44698045861717,9.81468057383235,1
461,0,13.75,21,9.81468057383235,10.0144215972723,1
461,0,13.75,21,10.0144215972723,10.1001917284748,1
461,0,13.75,21,10.1001917284748,10.2970788290146,1
461,0,13.75,21,10.2970788290146,11.5604872993529,1
461,0,13.75,21,11.5604872993529,11.7957312634125,1
461,0,13.75,21,11.7957312634125,12.4645259303153,1
461,0,13.75,21,12.4645259303153,12.7853438915518,1
461,0,13.75,21,12.7853438915518,12.8503869906508,1
461,0,13.75,21,12.8503869906508,13.0455376924983,1
461,0,13.75,21,13.0455376924983,13.204218704965,1
461,0,13.75,21,13.204218704965,13.2282554575588,1
461,0,13.75,21,13.2282554575588,13.4338190372262,1
461,0,13.75,21,13.4338190372262,13.5214760099124,1
461,0,13.75,21,13.5214760099124,13.6863903609167,1
461,0,13.75,21,13.6863903609167,13.75,0
462,0,12.75,2,0,8.94071094915025,1
462,0,12.75,2,8.94071094915025,11.5030080585917,1
462,0,12.75,2,11.5030080585917,12.75,0
463,0,10.75,4,0,1.51437034315193,1
463,0,10.75,4,1.51437034315193,3.82201599904777,1
463,0,10.75,4,3.82201599904777,4.85782968720067,1
463,0,10.75,4,4.85782968720067,7.24877440398175,1
463,0,10.75,4,7.24877440398175,10.75,0
464,0,17.75,3,0,0.00935891260248794,1
464,0,17.75,3,0.00935891260248794,2.48913946064848,1
464,0,17.75,3,2.48913946064848,4.72880439538588,1
464,0,17.75,3,4.72880439538588,17.75,0
465,0,11.75,10,0,3.56673373938813,1
465,0,11.75,10,3.56673373938813,4.39076767931119,1
465,0,11.75,10,4.39076767931119,7.75073174435126,1
465,0,11.75,10,7.75073174435126,7.77406585491493,1
465,0,11.75,10,7.77406585491493,9.1548137984004,1
465,0,11.75,10,9.1548137984004,10.027936323789,1
465,0,11.75,10,10.027936323789,10.5304252839722,1
465,0,11.75,10,10.5304252839722,10.8347334618717,1
465,0,11.75,10,10.8347334618717,11.0245089907717,1
465,0,11.75,10,11.0245089907717,11.1677912098906,1
465,0,11.75,10,11.1677912098906,11.75,0
466,0,12.75,9,0,4.15210547498188,1
466,0,12.75,9,4.15210547498188,5.14533131007488,1
466,0,12.75,9,5.14533131007488,7.14206051017647,1
466,0,12.75,9,7.14206051017647,9.18135499300312,1
466,0,12.75,9,9.18135499300312,10.3794266461042,1
466,0,12.75,9,10.3794266461042,11.1223509048653,1
466,0,12.75,9,11.1223509048653,12.408207454249,1
466,0,12.75,9,12.408207454249,12.64625486983,1
466,0,12.75,9,12.64625486983,12.6525599577759,1
466,0,12.75,9,12.6525599577759,12.75,0
467,0,12.75,20,0,2.32182787704791,1
467,0,12.75,20,2.32182787704791,3.37264103864467,1
467,0,12.75,20,3.37264103864467,3.75827472846596,1
467,0,12.75,20,3.75827472846596,4.48285072703616,1
467,0,12.75,20,4.48285072703616,4.77705719297306,1
467,0,12.75,20,4.77705719297306,5.86068175256687,1
467,0,12.75,20,5.86068175256687,5.92928235756291,1
467,0,12.75,20,5.92928235756291,6.99247423247388,1
467,0,12.75,20,6.99247423247388,7.6525892548737,1
467,0,12.75,20,7.6525892548737,7.74766532590861,1
467,0,12.75,20,7.74766532590861,9.15595196024163,1
467,0,12.75,20,9.15595196024163,9.59136925943638,1
467,0,12.75,20,9.59136925943638,9.76042702436094,1
467,0,12.75,20,9.76042702436094,9.81569082089821,1
467,0,12.75,20,9.81569082089821,10.2280310355508,1
467,0,12.75,20,10.2280310355508,10.3344229934756,1
467,0,12.75,20,10.3344229934756,10.5203337625522,1
467,0,12.75,20,10.5203337625522,10.7722919045931,1
467,0,12.75,20,10.7722919045931,11.1134611799528,1
467,0,12.75,20,11.1134611799528,12.3073984535469,1
467,0,12.75,20,12.3073984535469,12.75,0
468,0,11.75,18,0,1.04880179700494,1
468,0,11.75,18,1.04880179700494,6.98331346086026,1
468,0,11.75,18,6.98331346086026,8.02831591419186,1
468,0,11.75,18,8.02831591419186,8.12275462060446,1
468,0,11.75,18,8.12275462060446,8.44755769229753,1
468,0,11.75,18,8.44755769229753,8.59275223833361,1
468,0,11.75,18,8.59275223833361,8.86122103431501,1
468,0,11.75,18,8.86122103431501,9.58780362293616,1
468,0,11.75,18,9.58780362293616,9.634120803352,1
468,0,11.75,18,9.634120803352,9.7245133268771,1
468,0,11.75,18,9.7245133268771,10.2841622615144,1
468,0,11.75,18,10.2841622615144,10.4231206648902,1
468,0,11.75,18,10.4231206648902,10.4394744986403,1
468,0,11.75,18,10.4394744986403,10.5398493262915,1
468,0,11.75,18,10.5398493262915,10.6150345707042,1
468,0,11.75,18,10.6150345707042,10.7217213760147,1
468,0,11.75,18,10.7217213760147,11.3369751412694,1
468,0,11.75,18,11.3369751412694,11.733065938943,1
468,0,11.75,18,11.733065938943,11.75,0
469,0,9.75,0,0,9.75,0
470,0,20.75,1,0,1.66767151530962e-06,1
470,0,20.75,1,1.66767151530962e-06,20.75,0
471,0,16.75,26,0,2.34199138177924,1
471,0,16.75,26,2.34199138177924,4.36879232500595,1
471,0,16.75,26,4.36879232500595,4.41211473662601,1
471,0,16.75,26,4.41211473662601,7.97403870636692,1
471,0,16.75,26,7.97403870636692,10.7842894944107,1
471,0,16.75,26,10.7842894944107,10.7975312682152,1
471,0,16.75,26,10.7975312682152,11.2416766392355,1
471,0,16.75,26,11.2416766392355,11.6653874366861,1
471,0,16.75,26,11.6653874366861,11.9181005848705,1
471,0,16.75,26,11.9181005848705,12.1331630776435,1
471,0,16.75,26,12.1331630776435,12.4874153204781,1
471,0,16.75,26,12.4874153204781,12.6053598992972,1
471,0,16.75,26,12.6053598992972,13.0804968536972,1
471,0,16.75,26,13.0804968536972,13.1570097604103,1
471,0,16.75,26,13.1570097604103,14.0306731074928,1
471,0,16.75,26,14.0306731074928,14.4906933998043,1
471,0,16.75,26,14.4906933998043,14.5331828750846,1
471,0,16.75,26,14.5331828750846,15.1500811272535,1
471,0,16.75,26,15.1500811272535,15.8063369570963,1
471,0,16.75,26,15.8063369570963,15.8471595335751,1
471,0,16.75,26,15.8471595335751,16.4822100725454,1
471,0,16.75,26,16.4822100725454,16.5090487528334,1
471,0,16.75,26,16.5090487528334,16.5193341448905,1
471,0,16.75,26,16.5193341448905,16.5980758593477,1
471,0,16.75,26,16.5980758593477,16.6372484897691,1
471,0,16.75,26,16.6372484897691,16.6381833864739,1
471,0,16.75,26,16.6381833864739,16.75,0
472,0,11.75,15,0,5.41427619455465,1
472,0,11.75,15,5.41427619455465,7.35723747637811,1
472,0,11.75,15,7.35723747637811,7.92255066965693,1
472,0,11.75,15,7.92255066965693,8.99066058876277,1
472,0,11.75,15,8.99066058876277,8.99877840409874,1
472,0,11.75,15,8.99877840409874,9.85326325869601,1
472,0,11.75,15,9.85326325869601,9.96905593043437,1
472,0,11.75,15,9.96905593043437,10.0904612352219,1
472,0,11.75,15,10.0904612352219,10.1915473066303,1
472,0,11.75,15,10.1915473066303,10.2159658193149,1
472,0,11.75,15,10.2159658193149,10.385476646959,1
472,0,11.75,15,10.385476646959,10.4146600113889,1
472,0,11.75,15,10.4146600113889,11.0016392377006,1
472,0,11.75,15,11.0016392377006,11.1084472412423,1
472,0,11.75,15,11.1084472412423,11.3590487582101,1
472,0,11.75,15,11.3590487582101,11.75,0
473,0,11.75,2,0,6.16041638788547,1
473,0,11.75,2,6.16041638788547,11.2912707757911,1
473,0,11.75,2,11.2912707757911,11.75,0
474,0,12.75,4,0,0.478748939554844,1
474,0,12.75,4,0.478748939554844,1.49438768855884,1
474,0,12.75,4,1.49438768855884,1.75649372639131,1
474,0,12.75,4,1.75649372639131,10.7428378737187,1
474,0,12.75,4,10.7428378737187,12.75,0
475,0,20.75,3,0,4.72892899954245,1
475,0,20.75,3,4.72892899954245,7.18095617082189,1
475,0,20.75,3,7.18095617082189,8.3063032864119,1
475,0,20.75,3,8.3063032864119,20.75,0
476,0,7.75,13,0,2.11122474631606,1
476,0,7.75,13,2.11122474631606,3.60447998896196,1
476,0,7.75,13,3.60447998896196,4.44116552093649,1
476,0,7.75,13,4.44116552093649,5.29653371046026,1
476,0,7.75,13,5.29653371046026,5.509267196097,1
476,0,7.75,13,5.509267196097,5.6171337392903,1
476,0,7.75,13,5.6171337392903,5.9763935370661,1
476,0,7.75,13,5.9763935370661,6.11876062442703,1
476,0,7.75,13,6.11876062442703,6.21472650018293,1
476,0,7.75,13,6.21472650018293,6.39093342312771,1
476,0,7.75,13,6.39093342312771,6.6020599808727,1
476,0,7.75,13,6.6020599808727,7.42490661177153,1
476,0,7.75,13,7.42490661177153,7.68899644760514,1
476,0,7.75,13,7.68899644760514,7.75,0
477,0,15.75,4,0,0.00237850192720495,1
477,0,15.75,4,0.00237850192720495,0.0205413562192857,1
477,0,15.75,4,0.0205413562192857,4.06446334556639,1
477,0,15.75,4,4.06446334556639,6.76346593630998,1
477,0,15.75,4,6.76346593630998,15.75,0
478,0,14.75,2,0,0.487875592893489,1
478,0,14.75,2,0.487875592893489,6.74153717074597,1
478,0,14.75,2,6.74153717074597,14.75,0
479,0,10.75,0,0,10.75,0
480,0,11.75,1,0,5.53216066562395,1
480,0,11.75,1,5.53216066562395,11.75,0
481,0,19.75,2,0,8.33348039495955,1
481,0,19.75,2,8.33348039495955,9.56979295833414,1
481,0,19.75,2,9.56979295833414,19.75,0
482,0,15.75,1,0,4.87658876540899,1
482,0,15.75,1,4.87658876540899,15.75,0
483,0,15.75,9,0,5.15030603714264,1
483,0,15.75,9,5.15030603714264,7.14678494051773,1
483,0,15.75,9,7.14678494051773,8.10368055921947,1
483,0,15.75,9,8.10368055921947,11.2071748039897,1
483,0,15.75,9,11.2071748039897,11.982032534887,1
483,0,15.75,9,11.982032534887,12.6484822850637,1
483,0,15.75,9,12.6484822850637,13.454974323845,1
483,0,15.75,9,13.454974323845,14.0247213877119,1
483,0,15.75,9,14.0247213877119,15.5621899390363,1
483,0,15.75,9,15.5621899390363,15.75,0
484,0,19.75,44,0,7.1037324548781,1
484,0,19.75,44,7.1037324548781,7.72135321843723,1
484,0,19.75,44,7.72135321843723,7.90771223159892,1
484,0,19.75,44,7.90771223159892,8.4843074808913,1
484,0,19.75,44,8.4843074808913,8.80575147055377,1
484,0,19.75,44,8.80575147055377,8.952064987257,1
484,0,19.75,44,8.952064987257,9.19528267897328,1
484,0,19.75,44,9.19528267897328,11.1601336397131,1
484,0,19.75,44,11.1601336397131,11.2347563701667,1
484,0,19.75,44,11.2347563701667,11.5785847134595,1
484,0,19.75,44,11.5785847134595,11.6920549697911,1
484,0,19.75,44,11.6920549697911,11.7940821914723,1
484,0,19.75,44,11.7940821914723,11.9066865001478,1
484,0,19.75,44,11.9066865001478,12.2692831116406,1
484,0,19.75,44,12.2692831116406,12.3961997051154,1
484,0,19.75,44,12.3961997051154,12.4992746148901,1
484,0,19.75,44,12.4992746148901,12.8725811270732,1
484,0,19.75,44,12.8725811270732,12.8996762602046,1
484,0,19.75,44,12.8996762602046,13.1952623693346,1
484,0,19.75,44,13.1952623693346,13.2277660641902,1
484,0,19.75,44,13.2277660641902,13.7033655106488,1
484,0,19.75,44,13.7033655106488,13.914742080932,1
484,0,19.75,44,13.914742080932,14.3031195503648,1
484,0,19.75,44,14.3031195503648,14.8825239738492,1
484,0,19.75,44,14.8825239738492,14.8849819624988,1
484,0,19.75,44,14.8849819624988,15.537996142462,1
484,0,19.75,44,15.537996142462,15.6449342730407,1
484,0,19.75,44,15.6449342730407,15.7404292601457,1
484,0,19.75,44,15.7404292601457,16.0592891262276,1
484,0,19.75,44,16.0592891262276,16.0948211418553,1
484,0,19.75,44,16.0948211418553,16.2934175984267,1
484,0,19.75,44,16.2934175984267,16.603192528818,1
484,0,19.75,44,16.603192528818,17.0415960156864,1
484,0,19.75,44,17.0415960156864,17.9388314455564,1
484,0,19.75,44,17.9388314455564,18.0145538766617,1
484,0,19.75,44,18.0145538766617,18.1542999778757,1
484,0,19.75,44,18.1542999778757,18.5233418159174,1
484,0,19.75,44,18.5233418159174,18.5994585493919,1
484,0,19.75,44,18.5994585493919,18.7611619075782,1
484,0,19.75,44,18.7611619075782,18.7652714046185,1
484,0,19.75,44,18.7652714046185,19.0519311999603,1
484,0,19.75,44,19.0519311999603,19.4605663298649,1
484,0,19.75,44,19.4605663298649,19.5976624396955,1
484,0,19.75,44,19.5976624396955,19.7187692309829,1
484,0,19.75,44,19.7187692309829,19.75,0
485,0,19.75,53,0,2.42111592893974,1
485,0,19.75,53,2.42111592893974,6.52087684057478,1
485,0,19.75,53,6.52087684057478,6.69677739495348,1
485,0,19.75,53,6.69677739495348,7.85013650982739,1
485,0,19.75,53,7.85013650982739,8.63162357352626,1
485,0,19.75,53,8.63162357352626,8.82559910404829,1
485,0,19.75,53,8.82559910404829,9.29260730856019,1
485,0,19.75,53,9.29260730856019,9.83985507253998,1
485,0,19.75,53,9.83985507253998,9.85886849976586,1
485,0,19.75,53,9.85886849976586,10.2731998580058,1
485,0,19.75,53,10.2731998580058,10.5561924987004,1
485,0,19.75,53,10.5561924987004,10.8826049809713,1
485,0,19.75,53,10.8826049809713,10.8854431334145,1
485,0,19.75,53,10.8854431334145,10.9127267646736,1
485,0,19.75,53,10.9127267646736,11.0542761692006,1
485,0,19.75,53,11.0542761692006,11.8752356637971,1
485,0,19.75,53,11.8752356637971,11.9213204208115,1
485,0,19.75,53,11.9213204208115,11.9540821208848,1
485,0,19.75,53,11.9540821208848,12.2789280560622,1
485,0,19.75,53,12.2789280560622,12.651589140839,1
485,0,19.75,53,12.651589140839,13.1379798561738,1
485,0,19.75,53,13.1379798561738,13.1413864743069,1
485,0,19.75,53,13.1413864743069,13.1605323789491,1
485,0,19.75,53,13.1605323789491,13.2367665480728,1
485,0,19.75,53,13.2367665480728,14.0461322737529,1
485,0,19.75,53,14.0461322737529,14.370638934292,1
485,0,19.75,53,14.370638934292,14.4530090996699,1
485,0,19.75,53,14.4530090996699,14.633528851436,1
485,0,19.75,53,14.633528851436,14.7919974330679,1
485,0,19.75,53,14.7919974330679,14.9821813185553,1
485,0,19.75,53,14.9821813185553,15.029645107083,1
485,0,19.75,53,15.029645107083,15.0658259501039,1
485,0,19.75,53,15.0658259501039,15.287835702823,1
485,0,19.75,53,15.287835702823,15.3474118290202,1
485,0,19.75,53,15.3474118290202,15.8523728925763,1
485,0,19.75,53,15.8523728925763,16.4820739554604,1
485,0,19.75,53,16.4820739554604,16.8730095943232,1
485,0,19.75,53,16.8730095943232,17.1453699010676,1
485,0,19.75,53,17.1453699010676,17.1716173070421,1
485,0,19.75,53,17.1716173070421,17.5184816731826,1
485,0,19.75,53,17.5184816731826,17.5997448110355,1
485,0,19.75,53,17.5997448110355,17.6007074174508,1
485,0,19.75,53,17.6007074174508,17.9327527441017,1
485,0,19.75,53,17.9327527441017,17.9629325756309,1
485,0,19.75,53,17.9629325756309,18.0949265873663,1
485,0,19.75,53,18.0949265873663,18.2042623932588,1
485,0,19.75,53,18.2042623932588,18.5867718034334,1
485,0,19.75,53,18.5867718034334,18.6730248501139,1
485,0,19.75,53,18.6730248501139,18.7678661506399,1
485,0,19.75,53,18.7678661506399,18.8387086143308,1
485,0,19.75,53,18.8387086143308,18.9402510204374,1
485,0,19.75,53,18.9402510204374,19.1101845859872,1
485,0,19.75,53,19.1101845859872,19.4816826264283,1
485,0,19.75,53,19.4816826264283,19.75,0
486,0,17.75,25,0,5.1686285314287,1
486,0,17.75,25,5.1686285314287,7.20792755259234,1
486,0,17.75,25,7.20792755259234,7.41857135444634,1
486,0,17.75,25,7.41857135444634,8.40769004409241,1
486,0,17.75,25,8.40769004409241,10.8327030537521,1
486,0,17.75,25,10.8327030537521,11.5871711069464,1
486,0,17.75,25,11.5871711069464,11.6409653955081,1
486,0,17.75,25,11.6409653955081,11.6415403816495,1
486,0,17.75,25,11.6415403816495,13.0080002920226,1
486,0,17.75,25,13.0080002920226,13.3088404904328,1
486,0,17.75,25,13.3088404904328,13.4643529521893,1
486,0,17.75,25,13.4643529521893,13.5927935713314,1
486,0,17.75,25,13.5927935713314,13.8827429400545,1
486,0,17.75,25,13.8827429400545,14.1931496364602,1
486,0,17.75,25,14.1931496364602,14.3608361908984,1
486,0,17.75,25,14.3608361908984,14.6540400125818,1
486,0,17.75,25,14.6540400125818,14.8265978347569,1
486,0,17.75,25,14.8265978347569,15.7066418740697,1
486,0,17.75,25,15.7066418740697,16.471646585364,1
486,0,17.75,25,16.471646585364,16.5399116468671,1
486,0,17.75,25,16.5399116468671,16.6126009222845,1
486,0,17.75,25,16.6126009222845,16.6838050563644,1
486,0,17.75,25,16.6838050563644,17.2105336489169,1
486,0,17.75,25,17.2105336489169,17.6456221805311,1
486,0,17.75,25,17.6456221805311,17.6555979455049,1
486,0,17.75,25,17.6555979455049,17.75,0
487,0,8.75,1,0,6.56505668755402,1
487,0,8.75,1,6.56505668755402,8.75,0
488,0,9.75,10,0,4.24761404109342,1
488,0,9.75,10,4.24761404109342,4.61443067992205,1
488,0,9.75,10,4.61443067992205,6.08610253517218,1
488,0,9.75,10,6.08610253517218,6.28390559159274,1
488,0,9.75,10,6.28390559159274,7.67172565837675,1
488,0,9.75,10,7.67172565837675,7.9099125222486,1
488,0,9.75,10,7.9099125222486,8.28858591989724,1
488,0,9.75,10,8.28858591989724,8.40550321816092,1
488,0,9.75,10,8.40550321816092,8.51298960709502,1
488,0,9.75,10,8.51298960709502,8.94073435689869,1
488,0,9.75,10,8.94073435689869,9.75,0
489,0,20.75,3,0,1.60070819060289,1
489,0,20.75,3,1.60070819060289,3.49102698524993,1
489,0,20.75,3,3.49102698524993,8.1999150834406,1
489,0,20.75,3,8.1999150834406,20.75,0
490,0,10.75,9,0,2.81817660566715,1
490,0,10.75,9,2.81817660566715,4.26224041946752,1
490,0,10.75,9,4.26224041946752,5.93476752113811,1
490,0,10.75,9,5.93476752113811,6.24104402367298,1
490,0,10.75,9,6.24104402367298,7.15144639219241,1
490,0,10.75,9,7.15144639219241,7.64064299651962,1
490,0,10.75,9,7.64064299651962,8.13217573598948,1
490,0,10.75,9,8.13217573598948,9.59664408707998,1
490,0,10.75,9,9.59664408707998,9.60906016970798,1
490,0,10.75,9,9.60906016970798,10.75,0
491,0,14.75,14,0,3.09263407255015,1
491,0,14.75,14,3.09263407255015,5.21730452098795,1
491,0,14.75,14,5.21730452098795,5.47819942415198,1
491,0,14.75,14,5.47819942415198,7.65906421466541,1
491,0,14.75,14,7.65906421466541,8.02095743397893,1
491,0,14.75,14,8.02095743397893,8.07362404824772,1
491,0,14.75,14,8.07362404824772,10.1129729961029,1
491,0,14.75,14,10.1129729961029,11.6088561491637,1
491,0,14.75,14,11.6088561491637,11.6578006021222,1
491,0,14.75,14,11.6578006021222,11.9660269851028,1
491,0,14.75,14,11.9660269851028,12.5157605766449,1
491,0,14.75,14,12.5157605766449,13.5833734177826,1
491,0,14.75,14,13.5833734177826,14.3941937747775,1
491,0,14.75,14,14.3941937747775,14.6576090207204,1
491,0,14.75,14,14.6576090207204,14.75,0
492,0,12.75,3,0,1.03321339395624,1
492,0,12.75,3,1.03321339395624,3.29028878478291,1
492,0,12.75,3,3.29028878478291,3.47832321617658,1
492,0,12.75,3,3.47832321617658,12.75,0
493,0,12.75,1,0,8.1675711354073,1
493,0,12.75,1,8.1675711354073,12.75,0
494,0,7.75,0,0,7.75,0
495,0,13.75,25,0,2.41464729502281,1
495,0,13.75,25,2.41464729502281,5.82004283611282,1
495,0,13.75,25,5.82004283611282,6.37380310807187,1
495,0,13.75,25,6.37380310807187,6.85544776680359,1
495,0,13.75,25,6.85544776680359,7.04930753161807,1
495,0,13.75,25,7.04930753161807,7.1231667384809,1
495,0,13.75,25,7.1231667384809,7.13291133061979,1
495,0,13.75,25,7.13291133061979,7.61597856758192,1
495,0,13.75,25,7.61597856758192,8.62833523873027,1
495,0,13.75,25,8.62833523873027,8.6539643017592,1
495,0,13.75,25,8.6539643017592,9.20558752316579,1
495,0,13.75,25,9.20558752316579,9.41189394215433,1
495,0,13.75,25,9.41189394215433,9.68477818234494,1
495,0,13.75,25,9.68477818234494,11.3110262495161,1
495,0,13.75,25,11.3110262495161,11.6550187100925,1
495,0,13.75,25,11.6550187100925,11.7233719381651,1
495,0,13.75,25,11.7233719381651,11.8009135881079,1
495,0,13.75,25,11.8009135881079,12.4196359645855,1
495,0,13.75,25,12.4196359645855,12.4919880338969,1
495,0,13.75,25,12.4919880338969,12.5438029550536,1
495,0,13.75,25,12.5438029550536,12.8573078169542,1
495,0,13.75,25,12.8573078169542,13.0059861766825,1
495,0,13.75,25,13.0059861766825,13.4578688337558,1
495,0,13.75,25,13.4578688337558,13.4613071834981,1
495,0,13.75,25,13.4613071834981,13.5169355448409,1
495,0,13.75,25,13.5169355448409,13.75,0
496,0,11.75,1,0,2.99269031759207,1
496,0,11.75,1,2.99269031759207,11.75,0
497,0,11.75,27,0,0.959640128531312,1
497,0,11.75,27,0.959640128531312,5.42046814440187,1
497,0,11.75,27,5.42046814440187,6.00347212135569,1
497,0,11.75,27,6.00347212135569,6.29536789864852,1
497,0,11.75,27,6.29536789864852,6.9299899610405,1
497,0,11.75,27,6.9299899610405,7.02413189538272,1
497,0,11.75,27,7.02413189538272,7.03900975265822,1
497,0,11.75,27,7.03900975265822,7.07715249386035,1
497,0,11.75,27,7.07715249386035,7.45484688332484,1
497,0,11.75,27,7.45484688332484,7.80857500824868,1
497,0,11.75,27,7.80857500824868,8.11575408565837,1
497,0,11.75,27,8.11575408565837,9.43934929532446,1
497,0,11.75,27,9.43934929532446,9.50966949803764,1
497,0,11.75,27,9.50966949803764,9.52120009203728,1
497,0,11.75,27,9.52120009203728,9.84647393400592,1
497,0,11.75,27,9.84647393400592,10.2815037084113,1
497,0,11.75,27,10.2815037084113,10.283670398965,1
497,0,11.75,27,10.283670398965,10.4281442928513,1
497,0,11.75,27,10.4281442928513,10.4647062802916,1
497,0,11.75,27,10.4647062802916,10.4919424926655,1
497,0,11.75,27,10.4919424926655,10.52328406115,1
497,0,11.75,27,10.52328406115,10.5351672689378,1
497,0,11.75,27,10.5351672689378,10.7359462854701,1
497,0,11.75,27,10.7359462854701,10.9151194190439,1
497,0,11.75,27,10.9151194190439,11.440964136969,1
497,0,11.75,27,11.440964136969,11.4921512542121,1
497,0,11.75,27,11.4921512542121,11.6428011613751,1
497,0,11.75,27,11.6428011613751,11.75,0
498,0,19.75,60,0,4.36035129232424,1
498,0,19.75,60,4.36035129232424,4.96664422652375,1
498,0,19.75,60,4.96664422652375,5.83632146567081,1
498,0,19.75,60,5.83632146567081,6.18229942053479,1
498,0,19.75,60,6.18229942053479,6.67400776022337,1
498,0,19.75,60,6.67400776022337,6.96751102861466,1
498,0,19.75,60,6.96751102861466,7.69381561661647,1
498,0,19.75,60,7.69381561661647,8.00770833017015,1
498,0,19.75,60,8.00770833017015,8.18534768017392,1
498,0,19.75,60,8.18534768017392,8.39850913193387,1
498,0,19.75,60,8.39850913193387,8.41713678728033,1
498,0,19.75,60,8.41713678728033,8.8198633009216,1
498,0,19.75,60,8.8198633009216,8.82564160268242,1
498,0,19.75,60,8.82564160268242,9.20793738232684,1
498,0,19.75,60,9.20793738232684,9.23467140204613,1
498,0,19.75,60,9.23467140204613,9.25976926361796,1
498,0,19.75,60,9.25976926361796,9.45230949656155,1
498,0,19.75,60,9.45230949656155,10.1477023553449,1
498,0,19.75,60,10.1477023553449,10.9226658148738,1
498,0,19.75,60,10.9226658148738,11.5731440165019,1
498,0,19.75,60,11.5731440165019,11.933121668934,1
498,0,19.75,60,11.933121668934,12.1563289223117,1
498,0,19.75,60,12.1563289223117,12.3331560987165,1
498,0,19.75,60,12.3331560987165,12.3611747729532,1
498,0,19.75,60,12.3611747729532,12.5912792477376,1
498,0,19.75,60,12.5912792477376,12.6653775671155,1
498,0,19.75,60,12.6653775671155,13.555370457476,1
498,0,19.75,60,13.555370457476,13.8521595417716,1
498,0,19.75,60,13.8521595417716,13.9171771173763,1
498,0,19.75,60,13.9171771173763,13.9675788235761,1
498,0,19.75,60,13.9675788235761,14.1645981439039,1
498,0,19.75,60,14.1645981439039,14.4907178976091,1
498,0,19.75,60,14.4907178976091,14.7155884269788,1
498,0,19.75,60,14.7155884269788,14.744096229544,1
498,0,19.75,60,14.744096229544,15.3648818112921,1
498,0,19.75,60,15.3648818112921,15.4026503129131,1
498,0,19.75,60,15.4026503129131,15.4414856349264,1
498,0,19.75,60,15.4414856349264,15.9877298331467,1
498,0,19.75,60,15.9877298331467,16.1147760392737,1
498,0,19.75,60,16.1147760392737,16.2798641487789,1
498,0,19.75,60,16.2798641487789,16.3355408591016,1
498,0,19.75,60,16.3355408591016,16.6654443668837,1
498,0,19.75,60,16.6654443668837,16.7612658050607,1
498,0,19.75,60,16.7612658050607,16.7673949605709,1
498,0,19.75,60,16.7673949605709,17.1515166834824,1
498,0,19.75,60,17.1515166834824,17.417349458786,1
498,0,19.75,60,17.417349458786,17.6365870190828,1
498,0,19.75,60,17.6365870190828,17.7219319687992,1
498,0,19.75,60,17.7219319687992,17.8726474066037,1
498,0,19.75,60,17.8726474066037,17.8780083474296,1
498,0,19.75,60,17.8780083474296,18.2336201007915,1
498,0,19.75,60,18.2336201007915,18.3628499086902,1
498,0,19.75,60,18.3628499086902,18.5852656417371,1
498,0,19.75,60,18.5852656417371,18.6180841612924,1
498,0,19.75,60,18.6180841612924,18.788002491856,1
498,0,19.75,60,18.788002491856,18.78982075789,1
498,0,19.75,60,18.78982075789,18.8879507235427,1
498,0,19.75,60,18.8879507235427,19.0831518111729,1
498,0,19.75,60,19.0831518111729,19.0856456582746,1
498,0,19.75,60,19.0856456582746,19.0960905111273,1
498,0,19.75,60,19.0960905111273,19.75,0
499,0,15.75,2,0,2.76978765347216,1
499,0,15.75,2,2.76978765347216,13.8890245152206,1
499,0,15.75,2,13.8890245152206,15.75,0
500,0,11.75,40,0,3.62276900563325,1
500,0,11.75,40,3.62276900563325,3.85999884227096,1
500,0,11.75,40,3.85999884227096,3.90430178424993,1
500,0,11.75,40,3.90430178424993,3.91603360826469,1
500,0,11.75,40,3.91603360826469,4.10855383708321,1
500,0,11.75,40,4.10855383708321,4.64296683721742,1
500,0,11.75,40,4.64296683721742,5.23884659686713,1
500,0,11.75,40,5.23884659686713,5.53954797861807,1
500,0,11.75,40,5.53954797861807,5.58753373860006,1
500,0,11.75,40,5.58753373860006,5.75153116543141,1
500,0,11.75,40,5.75153116543141,5.90754360184116,1
500,0,11.75,40,5.90754360184116,5.96712540034143,1
500,0,11.75,40,5.96712540034143,6.46787785374781,1
500,0,11.75,40,6.46787785374781,6.64818159247942,1
500,0,11.75,40,6.64818159247942,6.83270328492976,1
500,0,11.75,40,6.83270328492976,7.46537708493915,1
500,0,11.75,40,7.46537708493915,7.57017204740953,1
500,0,11.75,40,7.57017204740953,7.97658466993858,1
500,0,11.75,40,7.97658466993858,8.30925039188756,1
500,0,11.75,40,8.30925039188756,8.57678300970223,1
500,0,11.75,40,8.57678300970223,8.77337312109457,1
500,0,11.75,40,8.77337312109457,9.08355445345249,1
500,0,11.75,40,9.08355445345249,9.25091659553784,1
500,0,11.75,40,9.25091659553784,9.57900357566221,1
500,0,11.75,40,9.57900357566221,9.58743041203626,1
500,0,11.75,40,9.58743041203626,9.60108207180079,1
500,0,11.75,40,9.60108207180079,9.63491384923993,1
500,0,11.75,40,9.63491384923993,9.94854116441437,1
500,0,11.75,40,9.94854116441437,10.1952916988954,1
500,0,11.75,40,10.1952916988954,10.2501924952261,1
500,0,11.75,40,10.2501924952261,10.4250389531435,1
500,0,11.75,40,10.4250389531435,10.6722954530165,1
500,0,11.75,40,10.6722954530165,11.0433637121869,1
500,0,11.75,40,11.0433637121869,11.0570206827727,1
500,0,11.75,40,11.0570206827727,11.2843937924935,1
500,0,11.75,40,11.2843937924935,11.3009764959674,1
500,0,11.75,40,11.3009764959674,11.4089288449977,1
500,0,11.75,40,11.4089288449977,11.5388657354252,1
500,0,11.75,40,11.5388657354252,11.5851103246242,1
500,0,11.75,40,11.5851103246242,11.7463713316317,1
500,0,11.75,40,11.7463713316317,11.75,0
501,0,8.75,4,0,0.715239470278001,1
501,0,8.75,4,0.715239470278001,2.01061314617484,1
501,0,8.75,4,2.01061314617484,3.04582275066255,1
501,0,8.75,4,3.04582275066255,3.62770671231857,1
501,0,8.75,4,3.62770671231857,8.75,0
502,0,9.75,1,0,3.85132823989675,1
502,0,9.75,1,3.85132823989675,9.75,0
503,0,11.75,0,0,11.75,0
504,0,11.75,3,0,2.14155855689329,1
504,0,11.75,3,2.14155855689329,5.48141818187139,1
504,0,11.75,3,5.48141818187139,8.2888597710103,1
504,0,11.75,3,8.2888597710103,11.75,0
505,0,13.75,30,0,2.50089474111608,1
505,0,13.75,30,2.50089474111608,3.53279012875788,1
505,0,13.75,30,3.53279012875788,4.54161014776693,1
505,0,13.75,30,4.54161014776693,5.34326796648951,1
505,0,13.75,30,5.34326796648951,5.45515801792216,1
505,0,13.75,30,5.45515801792216,5.73147211810583,1
505,0,13.75,30,5.73147211810583,7.63917086616336,1
505,0,13.75,30,7.63917086616336,8.78815242114901,1
505,0,13.75,30,8.78815242114901,8.95156284664825,1
505,0,13.75,30,8.95156284664825,9.07140672494598,1
505,0,13.75,30,9.07140672494598,9.08750938910906,1
505,0,13.75,30,9.08750938910906,9.81291880723977,1
505,0,13.75,30,9.81291880723977,10.0449156096241,1
505,0,13.75,30,10.0449156096241,10.3209167514356,1
505,0,13.75,30,10.3209167514356,10.421260136184,1
505,0,13.75,30,10.421260136184,10.6643849373395,1
505,0,13.75,30,10.6643849373395,10.6791781002254,1
505,0,13.75,30,10.6791781002254,11.6888448671207,1
505,0,13.75,30,11.6888448671207,11.85249383529,1
505,0,13.75,30,11.85249383529,12.1435684016874,1
505,0,13.75,30,12.1435684016874,12.1506808215844,1
505,0,13.75,30,12.1506808215844,12.2931805623655,1
505,0,13.75,30,12.2931805623655,12.4314129601162,1
505,0,13.75,30,12.4314129601162,12.4453226804012,1
505,0,13.75,30,12.4453226804012,12.4590055867739,1
505,0,13.75,30,12.4590055867739,12.604114537792,1
505,0,13.75,30,12.604114537792,12.8292535989516,1
505,0,13.75,30,12.8292535989516,12.937145399318,1
505,0,13.75,30,12.937145399318,13.6914608577441,1
505,0,13.75,30,13.6914608577441,13.6958849507301,1
505,0,13.75,30,13.6958849507301,13.75,0
506,0,10.75,6,0,3.64705055272564,1
506,0,10.75,6,3.64705055272564,6.0366761600466,1
506,0,10.75,6,6.0366761600466,6.41530300067446,1
506,0,10.75,6,6.41530300067446,6.80825936556458,1
506,0,10.75,6,6.80825936556458,6.90525564227254,1
506,0,10.75,6,6.90525564227254,8.65323629435873,1
506,0,10.75,6,8.65323629435873,10.75,0
507,0,17.75,54,0,2.61871472514206,1
507,0,17.75,54,2.61871472514206,2.79556463832969,1
507,0,17.75,54,2.79556463832969,5.89610029727601,1
507,0,17.75,54,5.89610029727601,6.18017239034313,1
507,0,17.75,54,6.18017239034313,6.22717279233507,1
507,0,17.75,54,6.22717279233507,7.16905374824154,1
507,0,17.75,54,7.16905374824154,7.34445057362606,1
507,0,17.75,54,7.34445057362606,7.66645467972322,1
507,0,17.75,54,7.66645467972322,7.99731913864882,1
507,0,17.75,54,7.99731913864882,8.41172339414387,1
507,0,17.75,54,8.41172339414387,8.71176861212457,1
507,0,17.75,54,8.71176861212457,8.84652151691041,1
507,0,17.75,54,8.84652151691041,9.00932105510208,1
507,0,17.75,54,9.00932105510208,9.14145543020928,1
507,0,17.75,54,9.14145543020928,10.5692272973985,1
507,0,17.75,54,10.5692272973985,10.6441335355722,1
507,0,17.75,54,10.6441335355722,11.0072167221781,1
507,0,17.75,54,11.0072167221781,11.1625126039994,1
507,0,17.75,54,11.1625126039994,11.4850622886664,1
507,0,17.75,54,11.4850622886664,11.9298199081199,1
507,0,17.75,54,11.9298199081199,11.9700324389863,1
507,0,17.75,54,11.9700324389863,12.2396545000695,1
507,0,17.75,54,12.2396545000695,12.3095171103871,1
507,0,17.75,54,12.3095171103871,12.3306318341967,1
507,0,17.75,54,12.3306318341967,12.3612196433,1
507,0,17.75,54,12.3612196433,12.3920704122571,1
507,0,17.75,54,12.3920704122571,12.9885028303253,1
507,0,17.75,54,12.9885028303253,13.0882987402404,1
507,0,17.75,54,13.0882987402404,13.2221027351469,1
507,0,17.75,54,13.2221027351469,13.3250003876076,1
507,0,17.75,54,13.3250003876076,13.3356697992204,1
507,0,17.75,54,13.3356697992204,13.6678403944086,1
507,0,17.75,54,13.6678403944086,13.8422352599847,1
507,0,17.75,54,13.8422352599847,14.1790215570207,1
507,0,17.75,54,14.1790215570207,14.211344768301,1
507,0,17.75,54,14.211344768301,14.2995477523673,1
507,0,17.75,54,14.2995477523673,14.3848441762196,1
507,0,17.75,54,14.3848441762196,14.8106504239947,1
507,0,17.75,54,14.8106504239947,15.5542713841212,1
507,0,17.75,54,15.5542713841212,15.5831743047025,1
507,0,17.75,54,15.5831743047025,15.7151621219934,1
507,0,17.75,54,15.7151621219934,15.7202834215789,1
507,0,17.75,54,15.7202834215789,15.7334508983575,1
507,0,17.75,54,15.7334508983575,16.241553078773,1
507,0,17.75,54,16.241553078773,16.6100268462743,1
507,0,17.75,54,16.6100268462743,16.6126724637815,1
507,0,17.75,54,16.6126724637815,16.7575995047651,1
507,0,17.75,54,16.7575995047651,16.9902946430265,1
507,0,17.75,54,16.9902946430265,17.2420717425949,1
507,0,17.75,54,17.2420717425949,17.3028692181847,1
507,0,17.75,54,17.3028692181847,17.4293521101516,1
507,0,17.75,54,17.4293521101516,17.4598797091448,1
507,0,17.75,54,17.4598797091448,17.562664032808,1
507,0,17.75,54,17.562664032808,17.6917213757124,1
507,0,17.75,54,17.6917213757124,17.75,0
508,0,9.75,0,0,9.75,0
509,0,8.75,5,0,4.83393652074692,1
509,0,8.75,5,4.83393652074692,5.97766487037286,1
509,0,8.75,5,5.97766487037286,6.44054453563151,1
509,0,8.75,5,6.44054453563151,8.16880468522875,1
509,0,8.75,5,8.16880468522875,8.72442421837694,1
509,0,8.75,5,8.72442421837694,8.75,0
510,0,12.75,14,0,2.00854123373798,1
510,0,12.75,14,2.00854123373798,4.39288573072029,1
510,0,12.75,14,4.39288573072029,5.49698104362899,1
510,0,12.75,14,5.49698104362899,5.51624075277538,1
510,0,12.75,14,5.51624075277538,6.23633424428478,1
510,0,12.75,14,6.23633424428478,7.81181309757493,1
510,0,12.75,14,7.81181309757493,8.45586772429863,1
510,0,12.75,14,8.45586772429863,8.70137934146378,1
510,0,12.75,14,8.70137934146378,8.85838363491673,1
510,0,12.75,14,8.85838363491673,10.6117142242718,1
510,0,12.75,14,10.6117142242718,10.7743087730241,1
510,0,12.75,14,10.7743087730241,10.9217995756307,1
510,0,12.75,14,10.9217995756307,11.4497596457129,1
510,0,12.75,14,11.4497596457129,12.3321910652571,1
510,0,12.75,14,12.3321910652571,12.75,0
511,0,13.75,1,0,7.20331536949068,1
511,0,13.75,1,7.20331536949068,13.75,0
512,0,12.75,16,0,2.59704670928409,1
512,0,12.75,16,2.59704670928409,3.96632691012056,1
512,0,12.75,16,3.96632691012056,4.03553690198544,1
512,0,12.75,16,4.03553690198544,4.4532860188931,1
512,0,12.75,16,4.4532860188931,6.98952493579674,1
512,0,12.75,16,6.98952493579674,8.49586990297059,1
512,0,12.75,16,8.49586990297059,9.06626580807339,1
512,0,12.75,16,9.06626580807339,9.92841959225792,1
512,0,12.75,16,9.92841959225792,10.4375334240547,1
512,0,12.75,16,10.4375334240547,10.8185871674043,1
512,0,12.75,16,10.8185871674043,11.3532535830981,1
512,0,12.75,16,11.3532535830981,11.5099411591695,1
512,0,12.75,16,11.5099411591695,11.8236791028851,1
512,0,12.75,16,11.8236791028851,12.5702772700619,1
512,0,12.75,16,12.5702772700619,12.6764639519658,1
512,0,12.75,16,12.6764639519658,12.7421571510193,1
512,0,12.75,16,12.7421571510193,12.75,0
513,0,19.75,35,0,2.52288705062684,1
513,0,19.75,35,2.52288705062684,4.58524797707187,1
513,0,19.75,35,4.58524797707187,5.14650672223996,1
513,0,19.75,35,5.14650672223996,5.15704584184714,1
513,0,19.75,35,5.15704584184714,6.60387317413019,1
513,0,19.75,35,6.60387317413019,7.40973831002469,1
513,0,19.75,35,7.40973831002469,9.48276038913612,1
513,0,19.75,35,9.48276038913612,9.75845805225555,1
513,0,19.75,35,9.75845805225555,9.80373626743481,1
513,0,19.75,35,9.80373626743481,9.92906014958958,1
513,0,19.75,35,9.92906014958958,10.0830532702305,1
513,0,19.75,35,10.0830532702305,10.8825115246419,1
513,0,19.75,35,10.8825115246419,12.0085924718548,1
513,0,19.75,35,12.0085924718548,12.5749769872042,1
513,0,19.75,35,12.5749769872042,12.7934895680174,1
513,0,19.75,35,12.7934895680174,12.987126747441,1
513,0,19.75,35,12.987126747441,13.8906584076509,1
513,0,19.75,35,13.8906584076509,13.953283862726,1
513,0,19.75,35,13.953283862726,14.0190353916538,1
513,0,19.75,35,14.0190353916538,14.4028085853926,1
513,0,19.75,35,14.4028085853926,14.4213348208105,1
513,0,19.75,35,14.4213348208105,14.4348167604136,1
513,0,19.75,35,14.4348167604136,14.4573817972098,1
513,0,19.75,35,14.4573817972098,15.0935662029593,1
513,0,19.75,35,15.0935662029593,15.7652496093502,1
513,0,19.75,35,15.7652496093502,15.7891740777885,1
513,0,19.75,35,15.7891740777885,16.3571966775855,1
513,0,19.75,35,16.3571966775855,17.4997985403411,1
513,0,19.75,35,17.4997985403411,17.751520961782,1
513,0,19.75,35,17.751520961782,18.6921441619269,1
513,0,19.75,35,18.6921441619269,18.8040283568275,1
513,0,19.75,35,18.8040283568275,19.1885911287533,1
513,0,19.75,35,19.1885911287533,19.2982757779781,1
513,0,19.75,35,19.2982757779781,19.3569608353126,1
513,0,19.75,35,19.3569608353126,19.4485303297089,1
513,0,19.75,35,19.4485303297089,19.75,0
514,0,9.75,0,0,9.75,0
515,0,10.75,3,0,0.558931293965749,1
515,0,10.75,3,0.558931293965749,2.50710101276211,1
515,0,10.75,3,2.50710101276211,4.31869651088589,1
515,0,10.75,3,4.31869651088589,10.75,0
516,0,14.75,2,0,1.15754335617356,1
516,0,14.75,2,1.15754335617356,1.33013784864863,1
516,0,14.75,2,1.33013784864863,14.75,0
517,0,10.75,2,0,9.29546066641584,1
517,0,10.75,2,9.29546066641584,9.85204911545563,1
517,0,10.75,2,9.85204911545563,10.75,0
518,0,14.75,0,0,14.75,0
519,0,9.75,8,0,1.33078737575641,1
519,0,9.75,8,1.33078737575641,4.24335448542167,1
519,0,9.75,8,4.24335448542167,4.73200327279995,1
519,0,9.75,8,4.73200327279995,4.89013325488323,1
519,0,9.75,8,4.89013325488323,6.9388145497286,1
519,0,9.75,8,6.9388145497286,7.23550799925031,1
519,0,9.75,8,7.23550799925031,7.79691328155472,1
519,0,9.75,8,7.79691328155472,8.51891001990082,1
519,0,9.75,8,8.51891001990082,9.75,0
520,0,7.75,0,0,7.75,0
521,0,14.75,1,0,6.53591804399681,1
521,0,14.75,1,6.53591804399681,14.75,0
522,0,17.75,12,0,5.90145951827834,1
522,0,17.75,12,5.90145951827834,6.61977365939141,1
522,0,17.75,12,6.61977365939141,9.60783933366702,1
522,0,17.75,12,9.60783933366702,9.64912023712133,1
522,0,17.75,12,9.64912023712133,10.2347490316493,1
522,0,17.75,12,10.2347490316493,10.2682266164817,1
522,0,17.75,12,10.2682266164817,10.2788747865037,1
522,0,17.75,12,10.2788747865037,10.5871639045122,1
522,0,17.75,12,10.5871639045122,10.7735386378662,1
522,0,17.75,12,10.7735386378662,15.7695367932621,1
522,0,17.75,12,15.7695367932621,16.8150503543152,1
522,0,17.75,12,16.8150503543152,16.8215927732109,1
522,0,17.75,12,16.8215927732109,17.75,0
523,0,12.75,3,0,0.155519837790806,1
523,0,12.75,3,0.155519837790806,2.61129584396052,1
523,0,12.75,3,2.61129584396052,11.8997032096431,1
523,0,12.75,3,11.8997032096431,12.75,0
524,0,16.75,2,0,1.3484379421244,1
524,0,16.75,2,1.3484379421244,1.46600886472412,1
524,0,16.75,2,1.46600886472412,16.75,0
525,0,12.75,1,0,0.0224590508171592,1
525,0,12.75,1,0.0224590508171592,12.75,0
526,0,16.75,3,0,2.08768906807988,1
526,0,16.75,3,2.08768906807988,2.1786695084394,1
526,0,16.75,3,2.1786695084394,5.42874371157623,1
526,0,16.75,3,5.42874371157623,16.75,0
527,0,19.75,48,0,4.00126798363603,1
527,0,19.75,48,4.00126798363603,4.01659873050815,1
527,0,19.75,48,4.01659873050815,4.45421817418821,1
527,0,19.75,48,4.45421817418821,4.83473609362971,1
527,0,19.75,48,4.83473609362971,5.67885658956012,1
527,0,19.75,48,5.67885658956012,6.01913607957135,1
527,0,19.75,48,6.01913607957135,7.72912409757753,1
527,0,19.75,48,7.72912409757753,7.88876097529581,1
527,0,19.75,48,7.88876097529581,8.81298676161145,1
527,0,19.75,48,8.81298676161145,10.0275354591629,1
527,0,19.75,48,10.0275354591629,10.1820942786566,1
527,0,19.75,48,10.1820942786566,10.5629510096696,1
527,0,19.75,48,10.5629510096696,10.6132361295978,1
527,0,19.75,48,10.6132361295978,12.1961552694218,1
527,0,19.75,48,12.1961552694218,12.2656734658666,1
527,0,19.75,48,12.2656734658666,12.2875476921548,1
527,0,19.75,48,12.2875476921548,12.3380957257286,1
527,0,19.75,48,12.3380957257286,12.3934694542978,1
527,0,19.75,48,12.3934694542978,12.5126753467811,1
527,0,19.75,48,12.5126753467811,12.5438670102583,1
527,0,19.75,48,12.5438670102583,12.8365872440754,1
527,0,19.75,48,12.8365872440754,13.028441995539,1
527,0,19.75,48,13.028441995539,13.5473883499198,1
527,0,19.75,48,13.5473883499198,13.7625829622919,1
527,0,19.75,48,13.7625829622919,13.8863623211667,1
527,0,19.75,48,13.8863623211667,14.585742610514,1
527,0,19.75,48,14.585742610514,14.7509136668166,1
527,0,19.75,48,14.7509136668166,15.1914434615783,1
527,0,19.75,48,15.1914434615783,15.3678621528867,1
527,0,19.75,48,15.3678621528867,15.4391496599082,1
527,0,19.75,48,15.4391496599082,16.3582452514776,1
527,0,19.75,48,16.3582452514776,16.7248051461645,1
527,0,19.75,48,16.7248051461645,16.8940217026102,1
527,0,19.75,48,16.8940217026102,17.1206260835373,1
527,0,19.75,48,17.1206260835373,17.4973811915981,1
527,0,19.75,48,17.4973811915981,18.0992440687988,1
527,0,19.75,48,18.0992440687988,18.2869802978202,1
527,0,19.75,48,18.2869802978202,18.3157563048286,1
527,0,19.75,48,18.3157563048286,18.413475851223,1
527,0,19.75,48,18.413475851223,18.5294087432643,1
527,0,19.75,48,18.5294087432643,18.5327342596643,1
527,0,19.75,48,18.5327342596643,18.7706844883605,1
527,0,19.75,48,18.7706844883605,18.9634348367012,1
527,0,19.75,48,18.9634348367012,19.0357499414345,1
527,0,19.75,48,19.0357499414345,19.1043325956818,1
527,0,19.75,48,19.1043325956818,19.2089457466138,1
527,0,19.75,48,19.2089457466138,19.4952085231588,1
527,0,19.75,48,19.4952085231588,19.5054986702597,1
527,0,19.75,48,19.5054986702597,19.75,0
528,0,10.75,1,0,8.70376670754288,1
528,0,10.75,1,8.70376670754288,10.75,0
529,0,14.75,1,0,10.8298589223347,1
529,0,14.75,1,10.8298589223347,14.75,0
530,0,16.75,47,0,4.37420074897195,1
530,0,16.75,47,4.37420074897195,4.81715164171084,1
530,0,16.75,47,4.81715164171084,5.15254917502931,1
530,0,16.75,47,5.15254917502931,6.18128194954056,1
530,0,16.75,47,6.18128194954056,6.31861784900587,1
530,0,16.75,47,6.31861784900587,6.36073761480994,1
530,0,16.75,47,6.36073761480994,8.50051030879326,1
530,0,16.75,47,8.50051030879326,8.59819796171454,1
530,0,16.75,47,8.59819796171454,9.52998136870788,1
530,0,16.75,47,9.52998136870788,10.4112694110045,1
530,0,16.75,47,10.4112694110045,10.7573456546996,1
530,0,16.75,47,10.7573456546996,10.892491244051,1
530,0,16.75,47,10.892491244051,11.0487891835373,1
530,0,16.75,47,11.0487891835373,11.5572914040773,1
530,0,16.75,47,11.5572914040773,11.6039562031916,1
530,0,16.75,47,11.6039562031916,11.8322444275084,1
530,0,16.75,47,11.8322444275084,11.891872212927,1
530,0,16.75,47,11.891872212927,12.2622813624355,1
530,0,16.75,47,12.2622813624355,12.3194053418555,1
530,0,16.75,47,12.3194053418555,12.4927799383437,1
530,0,16.75,47,12.4927799383437,12.4963481219452,1
530,0,16.75,47,12.4963481219452,12.5030376715648,1
530,0,16.75,47,12.5030376715648,12.5372584384657,1
530,0,16.75,47,12.5372584384657,12.6935382619784,1
530,0,16.75,47,12.6935382619784,12.7236325008026,1
530,0,16.75,47,12.7236325008026,12.7323527509283,1
530,0,16.75,47,12.7323527509283,12.7673244901134,1
530,0,16.75,47,12.7673244901134,13.0163930932606,1
530,0,16.75,47,13.0163930932606,13.2169727767524,1
530,0,16.75,47,13.2169727767524,13.6757324275004,1
530,0,16.75,47,13.6757324275004,14.1203251451781,1
530,0,16.75,47,14.1203251451781,14.1281261418992,1
530,0,16.75,47,14.1281261418992,14.1976002934057,1
530,0,16.75,47,14.1976002934057,14.3457946735368,1
530,0,16.75,47,14.3457946735368,14.5244720746251,1
530,0,16.75,47,14.5244720746251,14.7247875391191,1
530,0,16.75,47,14.7247875391191,14.8539621072283,1
530,0,16.75,47,14.8539621072283,14.8551869896529,1
530,0,16.75,47,14.8551869896529,15.2838646617942,1
530,0,16.75,47,15.2838646617942,15.3017956617269,1
530,0,16.75,47,15.3017956617269,15.3131253053007,1
530,0,16.75,47,15.3131253053007,15.3247102768794,1
530,0,16.75,47,15.3247102768794,15.8712479699038,1
530,0,16.75,47,15.8712479699038,16.2907579750501,1
530,0,16.75,47,16.2907579750501,16.5086451823543,1
530,0,16.75,47,16.5086451823543,16.5449301491461,1
530,0,16.75,47,16.5449301491461,16.7481391791726,1
530,0,16.75,47,16.7481391791726,16.75,0
531,0,9.75,1,0,2.9808150817349,1
531,0,9.75,1,2.9808150817349,9.75,0
532,0,17.75,51,0,0.661550696536423,1
532,0,17.75,51,0.661550696536423,3.18422803765666,1
532,0,17.75,51,3.18422803765666,4.6039001932408,1
532,0,17.75,51,4.6039001932408,5.02510416556373,1
532,0,17.75,51,5.02510416556373,6.29449681489497,1
532,0,17.75,51,6.29449681489497,6.57460212543724,1
532,0,17.75,51,6.57460212543724,7.25698614240592,1
532,0,17.75,51,7.25698614240592,7.27996328104418,1
532,0,17.75,51,7.27996328104418,7.64962065750233,1
532,0,17.75,51,7.64962065750233,8.89385612653325,1
532,0,17.75,51,8.89385612653325,9.01624899007054,1
532,0,17.75,51,9.01624899007054,9.2701240235583,1
532,0,17.75,51,9.2701240235583,9.34744048138446,1
532,0,17.75,51,9.34744048138446,9.76863165278544,1
532,0,17.75,51,9.76863165278544,10.6083583848539,1
532,0,17.75,51,10.6083583848539,10.7719544938181,1
532,0,17.75,51,10.7719544938181,12.1114490500944,1
532,0,17.75,51,12.1114490500944,13.1674058958357,1
532,0,17.75,51,13.1674058958357,13.2489214487314,1
532,0,17.75,51,13.2489214487314,13.3401967215319,1
532,0,17.75,51,13.3401967215319,13.3454816845419,1
532,0,17.75,51,13.3454816845419,13.5271382923323,1
532,0,17.75,51,13.5271382923323,13.5387634281524,1
532,0,17.75,51,13.5387634281524,13.6910437456832,1
532,0,17.75,51,13.6910437456832,13.7022884811186,1
532,0,17.75,51,13.7022884811186,13.8417654504228,1
532,0,17.75,51,13.8417654504228,13.8638244315892,1
532,0,17.75,51,13.8638244315892,14.0762533029528,1
532,0,17.75,51,14.0762533029528,14.1928410697506,1
532,0,17.75,51,14.1928410697506,14.2823398029845,1
532,0,17.75,51,14.2823398029845,14.9362115226459,1
532,0,17.75,51,14.9362115226459,15.0146081726372,1
532,0,17.75,51,15.0146081726372,15.7063105964073,1
532,0,17.75,51,15.7063105964073,15.9034132575049,1
532,0,17.75,51,15.9034132575049,15.9081409604852,1
532,0,17.75,51,15.9081409604852,15.9464146938838,1
532,0,17.75,51,15.9464146938838,16.0512538722436,1
532,0,17.75,51,16.0512538722436,16.1499474998876,1
532,0,17.75,51,16.1499474998876,16.2967989012376,1
532,0,17.75,51,16.2967989012376,16.4391501943902,1
532,0,17.75,51,16.4391501943902,16.4547088171813,1
532,0,17.75,51,16.4547088171813,16.6263812970444,1
532,0,17.75,51,16.6263812970444,16.641813051117,1
532,0,17.75,51,16.641813051117,16.791463733074,1
532,0,17.75,51,16.791463733074,16.839506071502,1
532,0,17.75,51,16.839506071502,16.9663476585916,1
532,0,17.75,51,16.9663476585916,16.9969468693383,1
532,0,17.75,51,16.9969468693383,17.1192407852756,1
532,0,17.75,51,17.1192407852756,17.2307264792314,1
532,0,17.75,51,17.2307264792314,17.3121972821567,1
532,0,17.75,51,17.3121972821567,17.6633110728496,1
532,0,17.75,51,17.6633110728496,17.75,0
533,0,9.75,11,0,4.52782103351593,1
533,0,9.75,11,4.52782103351593,5.0350549077348,1
533,0,9.75,11,5.0350549077348,5.96033526223134,1
533,0,9.75,11,5.96033526223134,6.14928104363302,1
533,0,9.75,11,6.14928104363302,7.0048754990101,1
533,0,9.75,11,7.0048754990101,7.1516550157876,1
533,0,9.75,11,7.1516550157876,7.22626822772213,1
533,0,9.75,11,7.22626822772213,7.69025105735565,1
533,0,9.75,11,7.69025105735565,8.57081194056771,1
533,0,9.75,11,8.57081194056771,9.05581637802466,1
533,0,9.75,11,9.05581637802466,9.08404246777971,1
533,0,9.75,11,9.08404246777971,9.75,0
534,0,15.75,1,0,0.175778106973642,1
534,0,15.75,1,0.175778106973642,15.75,0
535,0,16.75,0,0,16.75,0
536,0,13.75,4,0,0.00398429066512595,1
536,0,13.75,4,0.00398429066512595,0.277829628626722,1
536,0,13.75,4,0.277829628626722,2.98423718051976,1
536,0,13.75,4,2.98423718051976,8.1141202350062,1
536,0,13.75,4,8.1141202350062,13.75,0
537,0,11.75,10,0,7.84050485148801,1
537,0,11.75,10,7.84050485148801,8.09086828510766,1
537,0,11.75,10,8.09086828510766,8.65680817721577,1
537,0,11.75,10,8.65680817721577,9.06932870177925,1
537,0,11.75,10,9.06932870177925,9.52218826778864,1
537,0,11.75,10,9.52218826778864,9.61513938302126,1
537,0,11.75,10,9.61513938302126,10.5885032456962,1
537,0,11.75,10,10.5885032456962,10.8271997223075,1
537,0,11.75,10,10.8271997223075,10.9687851501027,1
537,0,11.75,10,10.9687851501027,11.1445044606828,1
537,0,11.75,10,11.1445044606828,11.75,0
538,0,11.75,1,0,8.1658997553842,1
538,0,11.75,1,8.1658997553842,11.75,0
539,0,11.75,6,0,0.214119922413757,1
539,0,11.75,6,0.214119922413757,4.73019554987504,1
539,0,11.75,6,4.73019554987504,5.813881667446,1
539,0,11.75,6,5.813881667446,6.74588184805387,1
539,0,11.75,6,6.74588184805387,7.24044782681755,1
539,0,11.75,6,7.24044782681755,7.72689847969383,1
539,0,11.75,6,7.72689847969383,11.75,0
540,0,16.75,23,0,4.73327035439692,1
540,0,16.75,23,4.73327035439692,7.07018293070316,1
540,0,16.75,23,7.07018293070316,9.05013097942357,1
540,0,16.75,23,9.05013097942357,10.4651564588024,1
540,0,16.75,23,10.4651564588024,11.0590172766327,1
540,0,16.75,23,11.0590172766327,11.1012782419836,1
540,0,16.75,23,11.1012782419836,11.1839725813775,1
540,0,16.75,23,11.1839725813775,11.6364478499143,1
540,0,16.75,23,11.6364478499143,11.8209682167215,1
540,0,16.75,23,11.8209682167215,12.3134661840448,1
540,0,16.75,23,12.3134661840448,12.3321904969268,1
540,0,16.75,23,12.3321904969268,12.5582479404075,1
540,0,16.75,23,12.5582479404075,13.1203735168513,1
540,0,16.75,23,13.1203735168513,13.7649244532461,1
540,0,16.75,23,13.7649244532461,13.963595124806,1
540,0,16.75,23,13.963595124806,14.1976565553457,1
540,0,16.75,23,14.1976565553457,14.2435034775756,1
540,0,16.75,23,14.2435034775756,15.3084563235131,1
540,0,16.75,23,15.3084563235131,15.3355198877552,1
540,0,16.75,23,15.3355198877552,15.4354471952396,1
540,0,16.75,23,15.4354471952396,15.6071980390321,1
540,0,16.75,23,15.6071980390321,15.9406395876595,1
540,0,16.75,23,15.9406395876595,15.9625834140326,1
540,0,16.75,23,15.9625834140326,16.75,0
541,0,15.75,1,0,1.82055096050797,1
541,0,15.75,1,1.82055096050797,15.75,0
542,0,17.75,2,0,3.35254872002976,1
542,0,17.75,2,3.35254872002976,10.2983051568719,1
542,0,17.75,2,10.2983051568719,17.75,0
543,0,19.75,2,0,0.174732360738187,1
543,0,19.75,2,0.174732360738187,2.04405021875023,1
543,0,19.75,2,2.04405021875023,19.75,0
544,0,11.75,4,0,0.137205180205262,1
544,0,11.75,4,0.137205180205262,0.364794823965453,1
544,0,11.75,4,0.364794823965453,1.69056743337484,1
544,0,11.75,4,1.69056743337484,11.039277339404,1
544,0,11.75,4,11.039277339404,11.75,0
545,0,8.75,2,0,3.25955134194451,1
545,0,8.75,2,3.25955134194451,7.20215227761536,1
545,0,8.75,2,7.20215227761536,8.75,0
546,0,15.75,32,0,4.45452708950684,1
546,0,15.75,32,4.45452708950684,5.60669754282252,1
546,0,15.75,32,5.60669754282252,5.73155653434029,1
546,0,15.75,32,5.73155653434029,6.29056990459707,1
546,0,15.75,32,6.29056990459707,7.38534089065897,1
546,0,15.75,32,7.38534089065897,7.40732572616876,1
546,0,15.75,32,7.40732572616876,7.66651250547734,1
546,0,15.75,32,7.66651250547734,8.17984803702134,1
546,0,15.75,32,8.17984803702134,8.63868361210357,1
546,0,15.75,32,8.63868361210357,9.54278130585935,1
546,0,15.75,32,9.54278130585935,9.66547462679579,1
546,0,15.75,32,9.66547462679579,10.7992835909762,1
546,0,15.75,32,10.7992835909762,11.2621035031072,1
546,0,15.75,32,11.2621035031072,11.4820975665584,1
546,0,15.75,32,11.4820975665584,11.5347595907734,1
546,0,15.75,32,11.5347595907734,11.6216128862504,1
546,0,15.75,32,11.6216128862504,11.669288929557,1
546,0,15.75,32,11.669288929557,11.7773218787971,1
546,0,15.75,32,11.7773218787971,11.8783726961481,1
546,0,15.75,32,11.8783726961481,11.9648298159142,1
546,0,15.75,32,11.9648298159142,12.0490119784548,1
546,0,15.75,32,12.0490119784548,12.1296010149444,1
546,0,15.75,32,12.1296010149444,13.113114881958,1
546,0,15.75,32,13.113114881958,13.8396707301193,1
546,0,15.75,32,13.8396707301193,14.0722926116699,1
546,0,15.75,32,14.0722926116699,14.0834276240523,1
546,0,15.75,32,14.0834276240523,14.4054399875347,1
546,0,15.75,32,14.4054399875347,14.5904079290771,1
546,0,15.75,32,14.5904079290771,14.7413507407414,1
546,0,15.75,32,14.7413507407414,14.8884748997839,1
546,0,15.75,32,14.8884748997839,15.3220153439731,1
546,0,15.75,32,15.3220153439731,15.3779198569103,1
546,0,15.75,32,15.3779198569103,15.75,0
547,0,15.75,1,0,1.72166586126871,1
547,0,15.75,1,1.72166586126871,15.75,0
548,0,19.75,2,0,16.5380022105053,1
548,0,19.75,2,16.5380022105053,17.0289029473699,1
548,0,19.75,2,17.0289029473699,19.75,0
549,0,15.75,0,0,15.75,0
550,0,12.75,42,0,1.75927822687601,1
550,0,12.75,42,1.75927822687601,2.08687817011816,1
550,0,12.75,42,2.08687817011816,3.11807234326354,1
550,0,12.75,42,3.11807234326354,3.42467469746896,1
550,0,12.75,42,3.42467469746896,3.9680452365345,1
550,0,12.75,42,3.9680452365345,4.10627785818181,1
550,0,12.75,42,4.10627785818181,4.26637242135834,1
550,0,12.75,42,4.26637242135834,5.35693949243468,1
550,0,12.75,42,5.35693949243468,5.69125918775315,1
550,0,12.75,42,5.69125918775315,6.11549738121935,1
550,0,12.75,42,6.11549738121935,6.14988118420027,1
550,0,12.75,42,6.14988118420027,6.35797164317738,1
550,0,12.75,42,6.35797164317738,6.46057633684845,1
550,0,12.75,42,6.46057633684845,6.85050243045503,1
550,0,12.75,42,6.85050243045503,7.02971828612252,1
550,0,12.75,42,7.02971828612252,8.19639956907219,1
550,0,12.75,42,8.19639956907219,8.36131027930542,1
550,0,12.75,42,8.36131027930542,8.72282945949842,1
550,0,12.75,42,8.72282945949842,8.77877443899429,1
550,0,12.75,42,8.77877443899429,9.11969918292806,1
550,0,12.75,42,9.11969918292806,9.49112204661803,1
550,0,12.75,42,9.49112204661803,9.57967115634124,1
550,0,12.75,42,9.57967115634124,9.877433596607,1
550,0,12.75,42,9.877433596607,9.99544166994439,1
550,0,12.75,42,9.99544166994439,10.1160592268576,1
550,0,12.75,42,10.1160592268576,10.1401423312586,1
550,0,12.75,42,10.1401423312586,10.1537777079109,1
550,0,12.75,42,10.1537777079109,10.2444958276859,1
550,0,12.75,42,10.2444958276859,10.5317748928325,1
550,0,12.75,42,10.5317748928325,10.6577988293759,1
550,0,12.75,42,10.6577988293759,10.7545782577508,1
550,0,12.75,42,10.7545782577508,10.8306525262758,1
550,0,12.75,42,10.8306525262758,11.1330323773559,1
550,0,12.75,42,11.1330323773559,11.2680553699745,1
550,0,12.75,42,11.2680553699745,11.2983910648895,1
550,0,12.75,42,11.2983910648895,11.7143604403124,1
550,0,12.75,42,11.7143604403124,11.9277718258717,1
550,0,12.75,42,11.9277718258717,11.9957177584488,1
550,0,12.75,42,11.9957177584488,12.4316082855604,1
550,0,12.75,42,12.4316082855604,12.5073922683987,1
550,0,12.75,42,12.5073922683987,12.6122628947194,1
550,0,12.75,42,12.6122628947194,12.6164310813705,1
550,0,12.75,42,12.6164310813705,12.75,0
551,0,17.75,0,0,17.75,0
552,0,7.75,8,0,4.41823840880045,1
552,0,7.75,8,4.41823840880045,5.56762753482905,1
552,0,7.75,8,5.56762753482905,7.18804174408659,1
552,0,7.75,8,7.18804174408659,7.23780968628925,1
552,0,7.75,8,7.23780968628925,7.41097798130806,1
552,0,7.75,8,7.41097798130806,7.64259139994838,1
552,0,7.75,8,7.64259139994838,7.65332540497228,1
552,0,7.75,8,7.65332540497228,7.73963722518163,1
552,0,7.75,8,7.73963722518163,7.75,0
553,0,12.75,0,0,12.75,0
554,0,16.75,33,0,3.85356872802418,1
554,0,16.75,33,3.85356872802418,5.44694875007385,1
554,0,16.75,33,5.44694875007385,5.72196247987028,1
554,0,16.75,33,5.72196247987028,6.33567195605304,1
554,0,16.75,33,6.33567195605304,7.26930358159261,1
554,0,16.75,33,7.26930358159261,8.64405047779756,1
554,0,16.75,33,8.64405047779756,9.0713825222571,1
554,0,16.75,33,9.0713825222571,9.21102926524025,1
554,0,16.75,33,9.21102926524025,9.90523195216269,1
554,0,16.75,33,9.90523195216269,9.94026702184776,1
554,0,16.75,33,9.94026702184776,10.9189025727499,1
554,0,16.75,33,10.9189025727499,10.9715408202512,1
554,0,16.75,33,10.9715408202512,11.3497729563428,1
554,0,16.75,33,11.3497729563428,11.8873985979433,1
554,0,16.75,33,11.8873985979433,12.2965280471845,1
554,0,16.75,33,12.2965280471845,12.9477090612306,1
554,0,16.75,33,12.9477090612306,13.1137523629635,1
554,0,16.75,33,13.1137523629635,13.1622730810871,1
554,0,16.75,33,13.1622730810871,13.2002210288248,1
554,0,16.75,33,13.2002210288248,13.6216528712896,1
554,0,16.75,33,13.6216528712896,13.9017646800398,1
554,0,16.75,33,13.9017646800398,15.1251306185152,1
554,0,16.75,33,15.1251306185152,15.3873444839861,1
554,0,16.75,33,15.3873444839861,15.4612634373943,1
554,0,16.75,33,15.4612634373943,15.5722233105122,1
554,0,16.75,33,15.5722233105122,15.6124476979646,1
554,0,16.75,33,15.6124476979646,15.7403970403651,1
554,0,16.75,33,15.7403970403651,15.7837425324514,1
554,0,16.75,33,15.7837425324514,15.8165732139784,1
554,0,16.75,33,15.8165732139784,16.2352343446234,1
554,0,16.75,33,16.2352343446234,16.3327586616964,1
554,0,16.75,33,16.3327586616964,16.4061884375931,1
554,0,16.75,33,16.4061884375931,16.6361693770706,1
554,0,16.75,33,16.6361693770706,16.75,0
555,0,13.75,1,0,13.2725003024604,1
555,0,13.75,1,13.2725003024604,13.75,0
556,0,17.75,41,0,3.4606152997161,1
556,0,17.75,41,3.4606152997161,4.86735810497821,1
556,0,17.75,41,4.86735810497821,5.43182207809268,1
556,0,17.75,41,5.43182207809268,5.78965028868038,1
556,0,17.75,41,5.78965028868038,6.81155802651548,1
556,0,17.75,41,6.81155802651548,7.2246178008249,1
556,0,17.75,41,7.2246178008249,7.25643431716708,1
556,0,17.75,41,7.25643431716708,7.3816391690171,1
556,0,17.75,41,7.3816391690171,7.65417601387085,1
556,0,17.75,41,7.65417601387085,7.67533249648753,1
556,0,17.75,41,7.67533249648753,7.71171985536342,1
556,0,17.75,41,7.71171985536342,8.08232968846108,1
556,0,17.75,41,8.08232968846108,8.33029660842035,1
556,0,17.75,41,8.33029660842035,9.3021899859218,1
556,0,17.75,41,9.3021899859218,9.56952064960963,1
556,0,17.75,41,9.56952064960963,10.7823329294454,1
556,0,17.75,41,10.7823329294454,10.9941635766793,1
556,0,17.75,41,10.9941635766793,11.0628169072986,1
556,0,17.75,41,11.0628169072986,11.2988856310249,1
556,0,17.75,41,11.2988856310249,11.6123428856279,1
556,0,17.75,41,11.6123428856279,12.446801852644,1
556,0,17.75,41,12.446801852644,12.8387056286933,1
556,0,17.75,41,12.8387056286933,13.1174039180861,1
556,0,17.75,41,13.1174039180861,13.5756380709498,1
556,0,17.75,41,13.5756380709498,13.9209616036665,1
556,0,17.75,41,13.9209616036665,14.1951411529282,1
556,0,17.75,41,14.1951411529282,14.696170651162,1
556,0,17.75,41,14.696170651162,14.7957628912513,1
556,0,17.75,41,14.7957628912513,15.136788403691,1
556,0,17.75,41,15.136788403691,15.2941940193012,1
556,0,17.75,41,15.2941940193012,15.3657830275052,1
556,0,17.75,41,15.3657830275052,15.8538476835919,1
556,0,17.75,41,15.8538476835919,16.3476859072011,1
556,0,17.75,41,16.3476859072011,16.5846692302775,1
556,0,17.75,41,16.5846692302775,16.7437789367864,1
556,0,17.75,41,16.7437789367864,16.8575638395153,1
556,0,17.75,41,16.8575638395153,17.0130217664459,1
556,0,17.75,41,17.0130217664459,17.0170886155885,1
556,0,17.75,41,17.0170886155885,17.1928256372595,1
556,0,17.75,41,17.1928256372595,17.4038753178753,1
556,0,17.75,41,17.4038753178753,17.4698596045959,1
556,0,17.75,41,17.4698596045959,17.75,0
557,0,15.75,27,0,5.71045834261081,1
557,0,15.75,27,5.71045834261081,6.38825352088144,1
557,0,15.75,27,6.38825352088144,6.56822916258975,1
557,0,15.75,27,6.56822916258975,7.03002435384386,1
557,0,15.75,27,7.03002435384386,7.3927498338223,1
557,0,15.75,27,7.3927498338223,8.37688965450874,1
557,0,15.75,27,8.37688965450874,9.43408473928456,1
557,0,15.75,27,9.43408473928456,9.77877687879774,1
557,0,15.75,27,9.77877687879774,9.97187280357457,1
557,0,15.75,27,9.97187280357457,10.4672697552246,1
557,0,15.75,27,10.4672697552246,10.5226085741621,1
557,0,15.75,27,10.5226085741621,10.601171460954,1
557,0,15.75,27,10.601171460954,10.7553206124335,1
557,0,15.75,27,10.7553206124335,11.10562843667,1
557,0,15.75,27,11.10562843667,11.9098651244621,1
557,0,15.75,27,11.9098651244621,12.1562736102121,1
557,0,15.75,27,12.1562736102121,12.9208244852699,1
557,0,15.75,27,12.9208244852699,13.4322639146357,1
557,0,15.75,27,13.4322639146357,13.4385177011627,1
557,0,15.75,27,13.4385177011627,13.4408539438945,1
557,0,15.75,27,13.4408539438945,13.7967077952591,1
557,0,15.75,27,13.7967077952591,14.158923301183,1
557,0,15.75,27,14.158923301183,14.2033466149717,1
557,0,15.75,27,14.2033466149717,15.091570749141,1
557,0,15.75,27,15.091570749141,15.4205762747644,1
557,0,15.75,27,15.4205762747644,15.4899968384449,1
557,0,15.75,27,15.4899968384449,15.5741841843237,1
557,0,15.75,27,15.5741841843237,15.75,0
558,0,12.75,4,0,0.102105099018194,1
558,0,12.75,4,0.102105099018194,0.947247200833165,1
558,0,12.75,4,0.947247200833165,4.6765323825197,1
558,0,12.75,4,4.6765323825197,8.17524971144559,1
558,0,12.75,4,8.17524971144559,12.75,0
559,0,8.75,5,0,7.10301469808983,1
559,0,8.75,5,7.10301469808983,7.41179651369239,1
559,0,8.75,5,7.41179651369239,7.61474187409252,1
559,0,8.75,5,7.61474187409252,7.94922125434029,1
559,0,8.75,5,7.94922125434029,8.65966373208539,1
559,0,8.75,5,8.65966373208539,8.75,0
560,0,9.75,8,0,4.45758985921426,1
560,0,9.75,8,4.45758985921426,6.30253822597111,1
560,0,9.75,8,6.30253822597111,7.83062558995118,1
560,0,9.75,8,7.83062558995118,8.25606070333465,1
560,0,9.75,8,8.25606070333465,8.30618969520827,1
560,0,9.75,8,8.30618969520827,8.63127092156876,1
560,0,9.75,8,8.63127092156876,9.51515107522499,1
560,0,9.75,8,9.51515107522499,9.57305188349404,1
560,0,9.75,8,9.57305188349404,9.75,0
561,0,18.75,39,0,7.03197396029711,1
561,0,18.75,39,7.03197396029711,7.11532047676222,1
561,0,18.75,39,7.11532047676222,7.90517806515127,1
561,0,18.75,39,7.90517806515127,7.90764328503715,1
561,0,18.75,39,7.90764328503715,10.236778061704,1
561,0,18.75,39,10.236778061704,10.4555749127435,1
561,0,18.75,39,10.4555749127435,11.1694238340542,1
561,0,18.75,39,11.1694238340542,11.2420315247472,1
561,0,18.75,39,11.2420315247472,11.6810511319215,1
561,0,18.75,39,11.6810511319215,11.8176146144487,1
561,0,18.75,39,11.8176146144487,12.1125390917687,1
561,0,18.75,39,12.1125390917687,12.4670000868583,1
561,0,18.75,39,12.4670000868583,12.590676087455,1
561,0,18.75,39,12.590676087455,12.7815760878067,1
561,0,18.75,39,12.7815760878067,12.9962934103573,1
561,0,18.75,39,12.9962934103573,13.6415988485457,1
561,0,18.75,39,13.6415988485457,13.8478386501578,1
561,0,18.75,39,13.8478386501578,14.0834126128882,1
561,0,18.75,39,14.0834126128882,14.264306606389,1
561,0,18.75,39,14.264306606389,14.6319328316379,1
561,0,18.75,39,14.6319328316379,14.9224058827414,1
561,0,18.75,39,14.9224058827414,14.9360023208094,1
561,0,18.75,39,14.9360023208094,15.3761718137757,1
561,0,18.75,39,15.3761718137757,15.5138582761571,1
561,0,18.75,39,15.5138582761571,16.192084208948,1
561,0,18.75,39,16.192084208948,16.4287452577012,1
561,0,18.75,39,16.4287452577012,16.7216320167314,1
561,0,18.75,39,16.7216320167314,16.8685873882006,1
561,0,18.75,39,16.8685873882006,16.9830863290568,1
561,0,18.75,39,16.9830863290568,17.0419531184883,1
561,0,18.75,39,17.0419531184883,17.0756475358872,1
561,0,18.75,39,17.0756475358872,17.08305454725,1
561,0,18.75,39,17.08305454725,17.1808443258248,1
561,0,18.75,39,17.1808443258248,17.30920143511,1
561,0,18.75,39,17.30920143511,17.4737713013111,1
561,0,18.75,39,17.4737713013111,17.7526419485001,1
561,0,18.75,39,17.7526419485001,18.117162993435,1
561,0,18.75,39,18.117162993435,18.2265888349082,1
561,0,18.75,39,18.2265888349082,18.6973474517107,1
561,0,18.75,39,18.6973474517107,18.75,0
562,0,15.75,4,0,2.88700965378334,1
562,0,15.75,4,2.88700965378334,5.90756076366802,1
562,0,15.75,4,5.90756076366802,9.27389677622534,1
562,0,15.75,4,9.27389677622534,13.047376880238,1
562,0,15.75,4,13.047376880238,15.75,0
563,0,18.75,1,0,0.503119954383124,1
563,0,18.75,1,0.503119954383124,18.75,0
564,0,15.75,1,0,3.81137459039285,1
564,0,15.75,1,3.81137459039285,15.75,0
565,0,15.75,26,0,6.07105463848967,1
565,0,15.75,26,6.07105463848967,6.26392691292011,1
565,0,15.75,26,6.26392691292011,7.70642900237923,1
565,0,15.75,26,7.70642900237923,7.71482432493182,1
565,0,15.75,26,7.71482432493182,9.51508629948103,1
565,0,15.75,26,9.51508629948103,10.4983555889469,1
565,0,15.75,26,10.4983555889469,10.8905164753375,1
565,0,15.75,26,10.8905164753375,11.0705477997985,1
565,0,15.75,26,11.0705477997985,11.5564950591828,1
565,0,15.75,26,11.5564950591828,11.6068483322701,1
565,0,15.75,26,11.6068483322701,11.6900855288064,1
565,0,15.75,26,11.6900855288064,12.1413413217607,1
565,0,15.75,26,12.1413413217607,12.1903578797557,1
565,0,15.75,26,12.1903578797557,12.2123781980461,1
565,0,15.75,26,12.2123781980461,12.2970362033502,1
565,0,15.75,26,12.2970362033502,12.6646143557495,1
565,0,15.75,26,12.6646143557495,13.1993128904774,1
565,0,15.75,26,13.1993128904774,13.5735760649957,1
565,0,15.75,26,13.5735760649957,14.1294343133318,1
565,0,15.75,26,14.1294343133318,14.323978706882,1
565,0,15.75,26,14.323978706882,14.3585829969109,1
565,0,15.75,26,14.3585829969109,14.3756215481259,1
565,0,15.75,26,14.3756215481259,14.6838747198582,1
565,0,15.75,26,14.6838747198582,14.6886806415952,1
565,0,15.75,26,14.6886806415952,15.353576972402,1
565,0,15.75,26,15.353576972402,15.4592514432736,1
565,0,15.75,26,15.4592514432736,15.75,0
566,0,15.75,46,0,4.21857991864753,1
566,0,15.75,46,4.21857991864753,5.26846907263597,1
566,0,15.75,46,5.26846907263597,6.19377129905274,1
566,0,15.75,46,6.19377129905274,7.11484038479924,1
566,0,15.75,46,7.11484038479924,7.7377261562419,1
566,0,15.75,46,7.7377261562419,7.74035531218923,1
566,0,15.75,46,7.74035531218923,7.7449692638961,1
566,0,15.75,46,7.7449692638961,7.80880615808028,1
566,0,15.75,46,7.80880615808028,8.01699013909653,1
566,0,15.75,46,8.01699013909653,8.32060941241902,1
566,0,15.75,46,8.32060941241902,8.4452334321446,1
566,0,15.75,46,8.4452334321446,8.73074992119875,1
566,0,15.75,46,8.73074992119875,9.3873479065336,1
566,0,15.75,46,9.3873479065336,9.68161149301347,1
566,0,15.75,46,9.68161149301347,9.72644836717104,1
566,0,15.75,46,9.72644836717104,9.74307972307626,1
566,0,15.75,46,9.74307972307626,10.2816053991851,1
566,0,15.75,46,10.2816053991851,10.7365165460563,1
566,0,15.75,46,10.7365165460563,10.7496769374887,1
566,0,15.75,46,10.7496769374887,11.0877488043816,1
566,0,15.75,46,11.0877488043816,11.2201720217618,1
566,0,15.75,46,11.2201720217618,11.4134529845182,1
566,0,15.75,46,11.4134529845182,11.5775225910155,1
566,0,15.75,46,11.5775225910155,11.8493741239404,1
566,0,15.75,46,11.8493741239404,11.9154035990285,1
566,0,15.75,46,11.9154035990285,11.9785893198693,1
566,0,15.75,46,11.9785893198693,12.3395245986834,1
566,0,15.75,46,12.3395245986834,12.5357101626947,1
566,0,15.75,46,12.5357101626947,12.6953116647844,1
566,0,15.75,46,12.6953116647844,12.7927299946377,1
566,0,15.75,46,12.7927299946377,12.9693847422929,1
566,0,15.75,46,12.9693847422929,12.9721872305068,1
566,0,15.75,46,12.9721872305068,13.0478688208248,1
566,0,15.75,46,13.0478688208248,13.4186828443706,1
566,0,15.75,46,13.4186828443706,13.4326403391189,1
566,0,15.75,46,13.4326403391189,13.6461758473651,1
566,0,15.75,46,13.6461758473651,13.7632127737902,1
566,0,15.75,46,13.7632127737902,13.7908392764532,1
566,0,15.75,46,13.7908392764532,13.9892853958748,1
566,0,15.75,46,13.9892853958748,14.1731530649179,1
566,0,15.75,46,14.1731530649179,14.3692076746573,1
566,0,15.75,46,14.3692076746573,14.961014645509,1
566,0,15.75,46,14.961014645509,15.0829067089459,1
566,0,15.75,46,15.0829067089459,15.0994999964023,1
566,0,15.75,46,15.0994999964023,15.1830788432639,1
566,0,15.75,46,15.1830788432639,15.414759875051,1
566,0,15.75,46,15.414759875051,15.75,0
567,0,15.75,29,0,4.34653622628328,1
567,0,15.75,29,4.34653622628328,4.48236529638792,1
567,0,15.75,29,4.48236529638792,4.98753950057518,1
567,0,15.75,29,4.98753950057518,5.4826834556318,1
567,0,15.75,29,5.4826834556318,6.28382544917222,1
567,0,15.75,29,6.28382544917222,6.37839611503922,1
567,0,15.75,29,6.37839611503922,9.4702172187733,1
567,0,15.75,29,9.4702172187733,10.9209970047655,1
567,0,15.75,29,10.9209970047655,11.0366447471304,1
567,0,15.75,29,11.0366447471304,11.8255680475207,1
567,0,15.75,29,11.8255680475207,12.0099533897906,1
567,0,15.75,29,12.0099533897906,12.478749937475,1
567,0,15.75,29,12.478749937475,12.816530116892,1
567,0,15.75,29,12.816530116892,12.9679755947455,1
567,0,15.75,29,12.9679755947455,13.1083235997661,1
567,0,15.75,29,13.1083235997661,13.1419540415655,1
567,0,15.75,29,13.1419540415655,13.2710430587086,1
567,0,15.75,29,13.2710430587086,13.314918434285,1
567,0,15.75,29,13.314918434285,13.5795170650874,1
567,0,15.75,29,13.5795170650874,13.6681056691787,1
567,0,15.75,29,13.6681056691787,13.7332208294817,1
567,0,15.75,29,13.7332208294817,13.8347478401479,1
567,0,15.75,29,13.8347478401479,14.281148942074,1
567,0,15.75,29,14.281148942074,14.3531169380551,1
567,0,15.75,29,14.3531169380551,14.4291484384174,1
567,0,15.75,29,14.4291484384174,14.4558519245446,1
567,0,15.75,29,14.4558519245446,14.9901736126808,1
567,0,15.75,29,14.9901736126808,15.2120484055972,1
567,0,15.75,29,15.2120484055972,15.2616826886336,1
567,0,15.75,29,15.2616826886336,15.75,0
568,0,12.75,16,0,2.94597519189973,1
568,0,12.75,16,2.94597519189973,3.63704413194148,1
568,0,12.75,16,3.63704413194148,4.45147695878101,1
568,0,12.75,16,4.45147695878101,5.34042190181586,1
568,0,12.75,16,5.34042190181586,6.40101002640428,1
568,0,12.75,16,6.40101002640428,6.68302776903408,1
568,0,12.75,16,6.68302776903408,8.6721384878439,1
568,0,12.75,16,8.6721384878439,9.67300735489082,1
568,0,12.75,16,9.67300735489082,9.67911708225162,1
568,0,12.75,16,9.67911708225162,9.75376628341848,1
568,0,12.75,16,9.75376628341848,10.3171151170905,1
568,0,12.75,16,10.3171151170905,10.7610676425601,1
568,0,12.75,16,10.7610676425601,11.1545519254501,1
568,0,12.75,16,11.1545519254501,11.4103289841349,1
568,0,12.75,16,11.4103289841349,11.4543415095972,1
568,0,12.75,16,11.4543415095972,12.3872651298653,1
568,0,12.75,16,12.3872651298653,12.75,0
569,0,15.75,2,0,0.771089300900736,1
569,0,15.75,2,0.771089300900736,2.06955761740085,1
569,0,15.75,2,2.06955761740085,15.75,0
570,0,14.75,0,0,14.75,0
571,0,11.75,2,0,0.53383344308118,1
571,0,11.75,2,0.53383344308118,5.76553591257624,1
571,0,11.75,2,5.76553591257624,11.75,0
572,0,17.75,2,0,4.53350552971908,1
572,0,17.75,2,4.53350552971908,11.6507181766052,1
572,0,17.75,2,11.6507181766052,17.75,0
573,0,10.75,1,0,0.942831125208632,1
573,0,10.75,1,0.942831125208632,10.75,0
574,0,8.75,11,0,3.09004744115591,1
574,0,8.75,11,3.09004744115591,4.85755084261947,1
574,0,8.75,11,4.85755084261947,5.10332192935986,1
574,0,8.75,11,5.10332192935986,6.94483270738057,1
574,0,8.75,11,6.94483270738057,7.23791056443398,1
574,0,8.75,11,7.23791056443398,7.56264656763888,1
574,0,8.75,11,7.56264656763888,7.62428558227049,1
574,0,8.75,11,7.62428558227049,7.81956248546612,1
574,0,8.75,11,7.81956248546612,7.84748618377041,1
574,0,8.75,11,7.84748618377041,8.16871583371789,1
574,0,8.75,11,8.16871583371789,8.22406816061132,1
574,0,8.75,11,8.22406816061132,8.75,0
575,0,9.75,2,0,0.233378385772125,1
575,0,9.75,2,0.233378385772125,9.05836206481383,1
575,0,9.75,2,9.05836206481383,9.75,0
576,0,19.75,1,0,18.1976947185298,1
576,0,19.75,1,18.1976947185298,19.75,0
577,0,10.75,0,0,10.75,0
578,0,13.75,1,0,3.40467955033902,1
578,0,13.75,1,3.40467955033902,13.75,0
579,0,10.75,0,0,10.75,0
580,0,9.75,8,0,0.0546164291180439,1
580,0,9.75,8,0.0546164291180439,0.180247282619493,1
580,0,9.75,8,0.180247282619493,1.55885095618043,1
580,0,9.75,8,1.55885095618043,3.91186244383262,1
580,0,9.75,8,3.91186244383262,4.020680499745,1
580,0,9.75,8,4.020680499745,5.12274482284385,1
580,0,9.75,8,5.12274482284385,6.36970740556351,1
580,0,9.75,8,6.36970740556351,8.29110375672905,1
580,0,9.75,8,8.29110375672905,9.75,0
581,0,9.75,1,0,1.64530608074017,1
581,0,9.75,1,1.64530608074017,9.75,0
582,0,9.75,0,0,9.75,0
583,0,15.75,4,0,0.115651030935143,1
583,0,15.75,4,0.115651030935143,1.20985968909831,1
583,0,15.75,4,1.20985968909831,1.78889410597583,1
583,0,15.75,4,1.78889410597583,7.37594283147213,1
583,0,15.75,4,7.37594283147213,15.75,0
584,0,12.75,2,0,0.120959984348211,1
584,0,12.75,2,0.120959984348211,1.04868149773389,1
584,0,12.75,2,1.04868149773389,12.75,0
585,0,10.75,1,0,3.56280209767886,1
585,0,10.75,1,3.56280209767886,10.75,0
586,0,12.75,53,0,1.96926547805131,1
586,0,12.75,53,1.96926547805131,2.77180313138991,1
586,0,12.75,53,2.77180313138991,4.11650265633169,1
586,0,12.75,53,4.11650265633169,4.75403219090567,1
586,0,12.75,53,4.75403219090567,4.85679500057087,1
586,0,12.75,53,4.85679500057087,5.64147347125435,1
586,0,12.75,53,5.64147347125435,5.7036279942336,1
586,0,12.75,53,5.7036279942336,5.79066089919666,1
586,0,12.75,53,5.79066089919666,5.87506885437471,1
586,0,12.75,53,5.87506885437471,5.94134556489528,1
586,0,12.75,53,5.94134556489528,6.32984187907653,1
586,0,12.75,53,6.32984187907653,6.3999019048344,1
586,0,12.75,53,6.3999019048344,6.86083432718048,1
586,0,12.75,53,6.86083432718048,6.97964938580115,1
586,0,12.75,53,6.97964938580115,7.05133254061925,1
586,0,12.75,53,7.05133254061925,7.58530355175754,1
586,0,12.75,53,7.58530355175754,8.25234163804417,1
586,0,12.75,53,8.25234163804417,8.3984281103702,1
586,0,12.75,53,8.3984281103702,8.52500085004934,1
586,0,12.75,53,8.52500085004934,8.62632394722821,1
586,0,12.75,53,8.62632394722821,8.69788936410532,1
586,0,12.75,53,8.69788936410532,9.06237473409228,1
586,0,12.75,53,9.06237473409228,9.35654032066327,1
586,0,12.75,53,9.35654032066327,9.38403240310333,1
586,0,12.75,53,9.38403240310333,9.54589999967533,1
586,0,12.75,53,9.54589999967533,9.7564073259091,1
586,0,12.75,53,9.7564073259091,9.87385299878809,1
586,0,12.75,53,9.87385299878809,9.87741521216124,1
586,0,12.75,53,9.87741521216124,9.98359617172419,1
586,0,12.75,53,9.98359617172419,10.0420046211164,1
586,0,12.75,53,10.0420046211164,10.0512439821985,1
586,0,12.75,53,10.0512439821985,10.1202465327577,1
586,0,12.75,53,10.1202465327577,10.6784128037121,1
586,0,12.75,53,10.6784128037121,10.7363515673546,1
586,0,12.75,53,10.7363515673546,10.9312119871042,1
586,0,12.75,53,10.9312119871042,11.05819520876,1
586,0,12.75,53,11.05819520876,11.1176637391974,1
586,0,12.75,53,11.1176637391974,11.2317416436753,1
586,0,12.75,53,11.2317416436753,11.5580418528753,1
586,0,12.75,53,11.5580418528753,11.5594861757552,1
586,0,12.75,53,11.5594861757552,11.6344971131465,1
586,0,12.75,53,11.6344971131465,11.8527804988656,1
586,0,12.75,53,11.8527804988656,11.8722368403521,1
586,0,12.75,53,11.8722368403521,11.9359315632478,1
586,0,12.75,53,11.9359315632478,11.9801160285928,1
586,0,12.75,53,11.9801160285928,11.9941145755511,1
586,0,12.75,53,11.9941145755511,12.0616077961544,1
586,0,12.75,53,12.0616077961544,12.3704341930378,1
586,0,12.75,53,12.3704341930378,12.3725645382713,1
586,0,12.75,53,12.3725645382713,12.3991247188104,1
586,0,12.75,53,12.3991247188104,12.5198474141164,1
586,0,12.75,53,12.5198474141164,12.568126917937,1
586,0,12.75,53,12.568126917937,12.6643545742158,1
586,0,12.75,53,12.6643545742158,12.75,0
587,0,8.75,1,0,1.06015397093793,1
587,0,8.75,1,1.06015397093793,8.75,0
588,0,10.75,2,0,0.244008293704121,1
588,0,10.75,2,0.244008293704121,8.2829017003083,1
588,0,10.75,2,8.2829017003083,10.75,0
589,0,16.75,52,0,3.24630764600217,1
589,0,16.75,52,3.24630764600217,4.02317559846779,1
589,0,16.75,52,4.02317559846779,4.02735330566049,1
589,0,16.75,52,4.02735330566049,4.39622502147898,1
589,0,16.75,52,4.39622502147898,6.7641672263823,1
589,0,16.75,52,6.7641672263823,7.38624041533401,1
589,0,16.75,52,7.38624041533401,7.64887644263661,1
589,0,16.75,52,7.64887644263661,8.29011595805091,1
589,0,16.75,52,8.29011595805091,8.48503045202507,1
589,0,16.75,52,8.48503045202507,8.66815071488666,1
589,0,16.75,52,8.66815071488666,9.00786940848285,1
589,0,16.75,52,9.00786940848285,9.49229152374463,1
589,0,16.75,52,9.49229152374463,10.0038256258433,1
589,0,16.75,52,10.0038256258433,10.6153756000352,1
589,0,16.75,52,10.6153756000352,10.9566568508699,1
589,0,16.75,52,10.9566568508699,11.0522894009615,1
589,0,16.75,52,11.0522894009615,11.1657602861511,1
589,0,16.75,52,11.1657602861511,11.4800609616819,1
589,0,16.75,52,11.4800609616819,11.5776330766227,1
589,0,16.75,52,11.5776330766227,11.6844451307072,1
589,0,16.75,52,11.6844451307072,11.898739991203,1
589,0,16.75,52,11.898739991203,12.207088553104,1
589,0,16.75,52,12.207088553104,12.2549389747635,1
589,0,16.75,52,12.2549389747635,12.457831652365,1
589,0,16.75,52,12.457831652365,12.5179681141155,1
589,0,16.75,52,12.5179681141155,12.5672742588378,1
589,0,16.75,52,12.5672742588378,12.7199473174611,1
589,0,16.75,52,12.7199473174611,12.7758232147942,1
589,0,16.75,52,12.7758232147942,13.1287084178574,1
589,0,16.75,52,13.1287084178574,13.1461482075526,1
589,0,16.75,52,13.1461482075526,13.2674767158357,1
589,0,16.75,52,13.2674767158357,13.3718082911037,1
589,0,16.75,52,13.3718082911037,13.4685325760477,1
589,0,16.75,52,13.4685325760477,13.4736872493112,1
589,0,16.75,52,13.4736872493112,13.5070402968811,1
589,0,16.75,52,13.5070402968811,13.6219994154304,1
589,0,16.75,52,13.6219994154304,13.6248247201864,1
589,0,16.75,52,13.6248247201864,13.9067307050926,1
589,0,16.75,52,13.9067307050926,14.2025465500964,1
589,0,16.75,52,14.2025465500964,14.3356175563074,1
589,0,16.75,52,14.3356175563074,14.7137805997358,1
589,0,16.75,52,14.7137805997358,15.0057783837429,1
589,0,16.75,52,15.0057783837429,15.1333545190441,1
589,0,16.75,52,15.1333545190441,15.3076778995152,1
589,0,16.75,52,15.3076778995152,15.3708954054242,1
589,0,16.75,52,15.3708954054242,15.6348432896997,1
589,0,16.75,52,15.6348432896997,15.7232718287558,1
589,0,16.75,52,15.7232718287558,15.9696036822583,1
589,0,16.75,52,15.9696036822583,16.1766296408057,1
589,0,16.75,52,16.1766296408057,16.3106210325645,1
589,0,16.75,52,16.3106210325645,16.319491471943,1
589,0,16.75,52,16.319491471943,16.6725545427906,1
589,0,16.75,52,16.6725545427906,16.75,0
590,0,11.75,1,0,1.8224270518142,1
590,0,11.75,1,1.8224270518142,11.75,0
591,0,17.75,1,0,0.0721884983758683,1
591,0,17.75,1,0.0721884983758683,17.75,0
592,0,20.75,2,0,0.00220285212780456,1
592,0,20.75,2,0.00220285212780456,12.4965803444856,1
592,0,20.75,2,12.4965803444856,20.75,0
593,0,7.75,3,0,6.10061833784299,1
593,0,7.75,3,6.10061833784299,6.55514736397114,1
593,0,7.75,3,6.55514736397114,7.72174099696727,1
593,0,7.75,3,7.72174099696727,7.75,0
594,0,10.75,1,0,0.41931237971375,1
594,0,10.75,1,0.41931237971375,10.75,0
595,0,16.75,0,0,16.75,0
596,0,14.75,24,0,5.24382305620286,1
596,0,14.75,24,5.24382305620286,6.69944583126985,1
596,0,14.75,24,6.69944583126985,7.13105122115243,1
596,0,14.75,24,7.13105122115243,7.72139920943189,1
596,0,14.75,24,7.72139920943189,8.60344343531483,1
596,0,14.75,24,8.60344343531483,8.63441986421586,1
596,0,14.75,24,8.63441986421586,9.1295745533501,1
596,0,14.75,24,9.1295745533501,9.27260351290018,1
596,0,14.75,24,9.27260351290018,9.91802733415635,1
596,0,14.75,24,9.91802733415635,9.97090312022143,1
596,0,14.75,24,9.97090312022143,10.5768664777438,1
596,0,14.75,24,10.5768664777438,11.072296681128,1
596,0,14.75,24,11.072296681128,11.1845992428776,1
596,0,14.75,24,11.1845992428776,11.9410458690161,1
596,0,14.75,24,11.9410458690161,12.4312898848219,1
596,0,14.75,24,12.4312898848219,12.7884717058417,1
596,0,14.75,24,12.7884717058417,12.831154292616,1
596,0,14.75,24,12.831154292616,13.1234998889416,1
596,0,14.75,24,13.1234998889416,13.2872620442738,1
596,0,14.75,24,13.2872620442738,13.442784036652,1
596,0,14.75,24,13.442784036652,13.7053519251789,1
596,0,14.75,24,13.7053519251789,14.1525281167147,1
596,0,14.75,24,14.1525281167147,14.2694086462872,1
596,0,14.75,24,14.2694086462872,14.6767023923213,1
596,0,14.75,24,14.6767023923213,14.75,0
597,0,13.75,0,0,13.75,0
598,0,17.75,46,0,5.23713374570655,1
598,0,17.75,46,5.23713374570655,7.37564040473313,1
598,0,17.75,46,7.37564040473313,7.57906468876568,1
598,0,17.75,46,7.57906468876568,7.75611055658175,1
598,0,17.75,46,7.75611055658175,8.04735914476462,1
598,0,17.75,46,8.04735914476462,9.10817424124145,1
598,0,17.75,46,9.10817424124145,9.30487537086022,1
598,0,17.75,46,9.30487537086022,9.61557968807934,1
598,0,17.75,46,9.61557968807934,10.6237706040849,1
598,0,17.75,46,10.6237706040849,10.8091967498899,1
598,0,17.75,46,10.8091967498899,10.9929641723453,1
598,0,17.75,46,10.9929641723453,11.8682740176974,1
598,0,17.75,46,11.8682740176974,12.598450559731,1
598,0,17.75,46,12.598450559731,12.819944747915,1
598,0,17.75,46,12.819944747915,12.9630288953499,1
598,0,17.75,46,12.9630288953499,13.0098359953821,1
598,0,17.75,46,13.0098359953821,13.2235935078694,1
598,0,17.75,46,13.2235935078694,13.329986310693,1
598,0,17.75,46,13.329986310693,13.334039696747,1
598,0,17.75,46,13.334039696747,13.4550177582633,1
598,0,17.75,46,13.4550177582633,13.5191012512607,1
598,0,17.75,46,13.5191012512607,13.5238495671164,1
598,0,17.75,46,13.5238495671164,13.5675531207127,1
598,0,17.75,46,13.5675531207127,13.6585155095874,1
598,0,17.75,46,13.6585155095874,13.6585715452405,1
598,0,17.75,46,13.6585715452405,13.7223964003727,1
598,0,17.75,46,13.7223964003727,14.1520478339245,1
598,0,17.75,46,14.1520478339245,14.2695097598661,1
598,0,17.75,46,14.2695097598661,14.3200107676839,1
598,0,17.75,46,14.3200107676839,14.6684425087607,1
598,0,17.75,46,14.6684425087607,14.8268646793732,1
598,0,17.75,46,14.8268646793732,14.9100485058121,1
598,0,17.75,46,14.9100485058121,15.3670066911636,1
598,0,17.75,46,15.3670066911636,15.3761376765154,1
598,0,17.75,46,15.3761376765154,15.7952183558283,1
598,0,17.75,46,15.7952183558283,16.1281183824377,1
598,0,17.75,46,16.1281183824377,16.1747194000497,1
598,0,17.75,46,16.1747194000497,16.6119218639353,1
598,0,17.75,46,16.6119218639353,16.9329963406545,1
598,0,17.75,46,16.9329963406545,16.9422667322352,1
598,0,17.75,46,16.9422667322352,17.0279995769317,1
598,0,17.75,46,17.0279995769317,17.0860761393779,1
598,0,17.75,46,17.0860761393779,17.1128164161861,1
598,0,17.75,46,17.1128164161861,17.5599499919093,1
598,0,17.75,46,17.5599499919093,17.6009345399452,1
598,0,17.75,46,17.6009345399452,17.7073380149332,1
598,0,17.75,46,17.7073380149332,17.75,0
599,0,13.75,15,0,4.34720482221019,1
599,0,13.75,15,4.34720482221019,5.90334003020341,1
599,0,13.75,15,5.90334003020341,6.94788529424062,1
599,0,13.75,15,6.94788529424062,7.63144827623149,1
599,0,13.75,15,7.63144827623149,7.90225581447557,1
599,0,13.75,15,7.90225581447557,8.12452168394721,1
599,0,13.75,15,8.12452168394721,8.27015560227277,1
599,0,13.75,15,8.27015560227277,8.56231722101752,1
599,0,13.75,15,8.56231722101752,10.1983131295662,1
599,0,13.75,15,10.1983131295662,11.4934433312188,1
599,0,13.75,15,11.4934433312188,12.1860008951021,1
599,0,13.75,15,12.1860008951021,12.6967686724869,1
599,0,13.75,15,12.6967686724869,13.2066928085456,1
599,0,13.75,15,13.2066928085456,13.6266523816727,1
599,0,13.75,15,13.6266523816727,13.7491413488235,1
599,0,13.75,15,13.7491413488235,13.75,0
600,0,15.75,43,0,2.59441829091138,1
600,0,15.75,43,2.59441829091138,4.089244191545,1
600,0,15.75,43,4.089244191545,4.69489264916656,1
600,0,15.75,43,4.69489264916656,5.82849720300121,1
600,0,15.75,43,5.82849720300121,5.86495893129365,1
600,0,15.75,43,5.86495893129365,6.60737361026726,1
600,0,15.75,43,6.60737361026726,6.92602268801051,1
600,0,15.75,43,6.92602268801051,7.01609030291121,1
600,0,15.75,43,7.01609030291121,8.53492436135851,1
600,0,15.75,43,8.53492436135851,8.69205330897671,1
600,0,15.75,43,8.69205330897671,8.9378432083781,1
600,0,15.75,43,8.9378432083781,9.15624283204137,1
600,0,15.75,43,9.15624283204137,9.98222569467014,1
600,0,15.75,43,9.98222569467014,10.7095137749072,1
600,0,15.75,43,10.7095137749072,10.9150444307269,1
600,0,15.75,43,10.9150444307269,11.0226427981582,1
600,0,15.75,43,11.0226427981582,11.0765630379763,1
600,0,15.75,43,11.0765630379763,11.3348443623339,1
600,0,15.75,43,11.3348443623339,11.5589750268138,1
600,0,15.75,43,11.5589750268138,11.7154216634973,1
600,0,15.75,43,11.7154216634973,11.9355920083795,1
600,0,15.75,43,11.9355920083795,12.0618129167127,1
600,0,15.75,43,12.0618129167127,12.200115194614,1
600,0,15.75,43,12.200115194614,12.5759149073547,1
600,0,15.75,43,12.5759149073547,12.868587944706,1
600,0,15.75,43,12.868587944706,12.8897669503135,1
600,0,15.75,43,12.8897669503135,13.0768485763928,1
600,0,15.75,43,13.0768485763928,13.8699901494529,1
600,0,15.75,43,13.8699901494529,14.0075134697319,1
600,0,15.75,43,14.0075134697319,14.0493912743564,1
600,0,15.75,43,14.0493912743564,14.1332556876832,1
600,0,15.75,43,14.1332556876832,14.4062103627856,1
600,0,15.75,43,14.4062103627856,14.4933961680987,1
600,0,15.75,43,14.4933961680987,14.749388921185,1
600,0,15.75,43,14.749388921185,14.8588817185577,1
600,0,15.75,43,14.8588817185577,14.8634573632982,1
600,0,15.75,43,14.8634573632982,14.9967173730783,1
600,0,15.75,43,14.9967173730783,15.028631515297,1
600,0,15.75,43,15.028631515297,15.1902803315926,1
600,0,15.75,43,15.1902803315926,15.2939179984954,1
600,0,15.75,43,15.2939179984954,15.3754097833316,1
600,0,15.75,43,15.3754097833316,15.4239772326537,1
600,0,15.75,43,15.4239772326537,15.7111054640968,1
600,0,15.75,43,15.7111054640968,15.75,0
