"id","xi","Tei","n.rec","start","stop","status"
1,1,17.75,5,0,0.901129753942124,1
1,1,17.75,5,0.901129753942124,2.07908895891026,1
1,1,17.75,5,2.07908895891026,11.2490320818998,1
1,1,17.75,5,11.2490320818998,13.5828379675122,1
1,1,17.75,5,13.5828379675122,13.8493136799524,1
1,1,17.75,5,13.8493136799524,17.75,0
2,1,11.75,8,0,2.90004445203055,1
2,1,11.75,8,2.90004445203055,3.56344935063589,1
2,1,11.75,8,3.56344935063589,3.76127582219871,1
2,1,11.75,8,3.76127582219871,4.07511602589827,1
2,1,11.75,8,4.07511602589827,4.12052079183204,1
2,1,11.75,8,4.12052079183204,4.26101869447654,1
2,1,11.75,8,4.26101869447654,6.78494146162812,1
2,1,11.75,8,6.78494146162812,10.6383901384144,1
2,1,11.75,8,10.6383901384144,11.75,0
3,1,11.75,3,0,3.91608637584163,1
3,1,11.75,3,3.91608637584163,6.87426738499885,1
3,1,11.75,3,6.87426738499885,10.8511527167674,1
3,1,11.75,3,10.8511527167674,11.75,0
4,1,17.75,10,0,0.740598034618286,1
4,1,17.75,10,0.740598034618286,1.3603897995806,1
4,1,17.75,10,1.3603897995806,3.85328840662839,1
4,1,17.75,10,3.85328840662839,10.3107404039936,1
4,1,17.75,10,10.3107404039936,11.9449258545217,1
4,1,17.75,10,11.9449258545217,14.8037797813069,1
4,1,17.75,10,14.8037797813069,16.2979141819505,1
4,1,17.75,10,16.2979141819505,16.7499110013754,1
4,1,17.75,10,16.7499110013754,16.7915082322093,1
4,1,17.75,10,16.7915082322093,17.7315043382494,1
4,1,17.75,10,17.7315043382494,17.75,0
5,1,9.75,0,0,9.75,0
6,1,17.75,5,0,0.945940088559844,1
6,1,17.75,5,0.945940088559844,3.69740374235211,1
6,1,17.75,5,3.69740374235211,6.63687402353794,1
6,1,17.75,5,6.63687402353794,8.73190194701851,1
6,1,17.75,5,8.73190194701851,10.0022313020815,1
6,1,17.75,5,10.0022313020815,17.75,0
7,1,17.75,11,0,1.63515448162763,1
7,1,17.75,11,1.63515448162763,3.79132295848358,1
7,1,17.75,11,3.79132295848358,5.95990377367349,1
7,1,17.75,11,5.95990377367349,6.43295835959544,1
7,1,17.75,11,6.43295835959544,6.70062676663915,1
7,1,17.75,11,6.70062676663915,8.08649388479819,1
7,1,17.75,11,8.08649388479819,9.22162426467827,1
7,1,17.75,11,9.22162426467827,13.767209410928,1
7,1,17.75,11,13.767209410928,14.6245895579422,1
7,1,17.75,11,14.6245895579422,14.6578790729027,1
7,1,17.75,11,14.6578790729027,16.3041513079803,1
7,1,17.75,11,16.3041513079803,17.75,0
8,1,18.75,0,0,18.75,0
9,1,15.75,9,0,2.65437054133686,1
9,1,15.75,9,2.65437054133686,3.90167137640833,1
9,1,15.75,9,3.90167137640833,7.44233908767935,1
9,1,15.75,9,7.44233908767935,7.83106101784688,1
9,1,15.75,9,7.83106101784688,9.6865505458574,1
9,1,15.75,9,9.6865505458574,10.7373486636146,1
9,1,15.75,9,10.7373486636146,13.4463730760506,1
9,1,15.75,9,13.4463730760506,14.0060401441973,1
9,1,15.75,9,14.0060401441973,15.2689102296443,1
9,1,15.75,9,15.2689102296443,15.75,0
10,1,13.75,5,0,1.63354450561775,1
10,1,13.75,5,1.63354450561775,4.0802958430076,1
10,1,13.75,5,4.0802958430076,4.14128983641307,1
10,1,13.75,5,4.14128983641307,9.09578076310513,1
10,1,13.75,5,9.09578076310513,9.31822162652191,1
10,1,13.75,5,9.31822162652191,13.75,0
11,1,12.75,13,0,0.691401983577414,1
11,1,12.75,13,0.691401983577414,2.38251172714409,1
11,1,12.75,13,2.38251172714409,2.86701290436541,1
11,1,12.75,13,2.86701290436541,2.9403329532852,1
11,1,12.75,13,2.9403329532852,5.48270323131635,1
11,1,12.75,13,5.48270323131635,5.80680657947697,1
11,1,12.75,13,5.80680657947697,6.49567926609914,1
11,1,12.75,13,6.49567926609914,6.77035097350982,1
11,1,12.75,13,6.77035097350982,6.82982233602378,1
11,1,12.75,13,6.82982233602378,10.1833913148651,1
11,1,12.75,13,10.1833913148651,11.4889345802451,1
11,1,12.75,13,11.4889345802451,11.9736441217471,1
11,1,12.75,13,11.9736441217471,12.22151173452,1
11,1,12.75,13,12.22151173452,12.75,0
12,1,20.75,8,0,3.3785140057446,1
12,1,20.75,8,3.3785140057446,5.66382843419848,1
12,1,20.75,8,5.66382843419848,5.82276733831074,1
12,1,20.75,8,5.82276733831074,6.94810801191801,1
12,1,20.75,8,6.94810801191801,9.64680182985113,1
12,1,20.75,8,9.64680182985113,18.6650043129685,1
12,1,20.75,8,18.6650043129685,19.8301765351461,1
12,1,20.75,8,19.8301765351461,19.8952580538378,1
12,1,20.75,8,19.8952580538378,20.75,0
13,1,10.75,1,0,4.25388430168497,1
13,1,10.75,1,4.25388430168497,10.75,0
14,1,18.75,8,0,0.625780621207597,1
14,1,18.75,8,0.625780621207597,4.71054200579422,1
14,1,18.75,8,4.71054200579422,5.15771394046404,1
14,1,18.75,8,5.15771394046404,8.97214024781388,1
14,1,18.75,8,8.97214024781388,10.8970038407094,1
14,1,18.75,8,10.8970038407094,15.2391279191067,1
14,1,18.75,8,15.2391279191067,17.9372193726165,1
14,1,18.75,8,17.9372193726165,18.7377161883161,1
14,1,18.75,8,18.7377161883161,18.75,0
15,1,15.75,1,0,9.5606492463871,1
15,1,15.75,1,9.5606492463871,15.75,0
16,1,10.75,2,0,2.23804242363028,1
16,1,10.75,2,2.23804242363028,4.80255646152298,1
16,1,10.75,2,4.80255646152298,10.75,0
17,1,20.75,11,0,3.34092323399017,1
17,1,20.75,11,3.34092323399017,4.85797961308112,1
17,1,20.75,11,4.85797961308112,5.50535987126457,1
17,1,20.75,11,5.50535987126457,6.61632092720322,1
17,1,20.75,11,6.61632092720322,9.70134951842496,1
17,1,20.75,11,9.70134951842496,10.1103022175585,1
17,1,20.75,11,10.1103022175585,10.2003401173261,1
17,1,20.75,11,10.2003401173261,12.5389458323702,1
17,1,20.75,11,12.5389458323702,14.4236727638684,1
17,1,20.75,11,14.4236727638684,18.2169428942182,1
17,1,20.75,11,18.2169428942182,19.7592421403211,1
17,1,20.75,11,19.7592421403211,20.75,0
18,1,15.75,3,0,8.28171960529592,1
18,1,15.75,3,8.28171960529592,8.57814849792602,1
18,1,15.75,3,8.57814849792602,11.097478869562,1
18,1,15.75,3,11.097478869562,15.75,0
19,1,11.75,0,0,11.75,0
20,1,13.75,10,0,0.190434671599129,1
20,1,13.75,10,0.190434671599129,1.45118524730578,1
20,1,13.75,10,1.45118524730578,2.28790851256586,1
20,1,13.75,10,2.28790851256586,5.41871366571152,1
20,1,13.75,10,5.41871366571152,7.30684411913179,1
20,1,13.75,10,7.30684411913179,7.92375734450666,1
20,1,13.75,10,7.92375734450666,9.26659369720744,1
20,1,13.75,10,9.26659369720744,10.9970661024116,1
20,1,13.75,10,10.9970661024116,11.2846743313876,1
20,1,13.75,10,11.2846743313876,12.6187960467921,1
20,1,13.75,10,12.6187960467921,13.75,0
21,1,14.75,5,0,2.19070350524852,1
21,1,14.75,5,2.19070350524852,2.74021659546274,1
21,1,14.75,5,2.74021659546274,5.52299843796072,1
21,1,14.75,5,5.52299843796072,7.79783403116663,1
21,1,14.75,5,7.79783403116663,14.3343403380269,1
21,1,14.75,5,14.3343403380269,14.75,0
22,1,14.75,2,0,6.01135931579413,1
22,1,14.75,2,6.01135931579413,8.58897713227291,1
22,1,14.75,2,8.58897713227291,14.75,0
23,1,14.75,7,0,1.51489322112668,1
23,1,14.75,7,1.51489322112668,4.01577697132714,1
23,1,14.75,7,4.01577697132714,4.87829615193404,1
23,1,14.75,7,4.87829615193404,5.94951126157582,1
23,1,14.75,7,5.94951126157582,11.332116905149,1
23,1,14.75,7,11.332116905149,12.3226929069923,1
23,1,14.75,7,12.3226929069923,13.530839516558,1
23,1,14.75,7,13.530839516558,14.75,0
24,1,15.75,1,0,8.11216543330179,1
24,1,15.75,1,8.11216543330179,15.75,0
25,1,9.75,2,0,2.30071928179602,1
25,1,9.75,2,2.30071928179602,4.60314539448416,1
25,1,9.75,2,4.60314539448416,9.75,0
26,1,15.75,2,0,5.59760856102799,1
26,1,15.75,2,5.59760856102799,14.84052017911,1
26,1,15.75,2,14.84052017911,15.75,0
27,1,13.75,4,0,0.14629935203352,1
27,1,13.75,4,0.14629935203352,0.825385131385625,1
27,1,13.75,4,0.825385131385625,2.65263943173107,1
27,1,13.75,4,2.65263943173107,5.62658230059201,1
27,1,13.75,4,5.62658230059201,13.75,0
28,1,19.75,2,0,5.87630062774489,1
28,1,19.75,2,5.87630062774489,19.626572835565,1
28,1,19.75,2,19.626572835565,19.75,0
29,1,13.75,7,0,2.78333673497018,1
29,1,13.75,7,2.78333673497018,3.21364156403499,1
29,1,13.75,7,3.21364156403499,8.0039273185215,1
29,1,13.75,7,8.0039273185215,10.5738756174412,1
29,1,13.75,7,10.5738756174412,10.7127041359389,1
29,1,13.75,7,10.7127041359389,11.4359739513184,1
29,1,13.75,7,11.4359739513184,11.6334198027354,1
29,1,13.75,7,11.6334198027354,13.75,0
30,1,8.75,4,0,3.97542346043231,1
30,1,8.75,4,3.97542346043231,5.02770956317446,1
30,1,8.75,4,5.02770956317446,5.06092126196216,1
30,1,8.75,4,5.06092126196216,5.08935487078072,1
30,1,8.75,4,5.08935487078072,8.75,0
31,1,20.75,10,0,8.14610253486726,1
31,1,20.75,10,8.14610253486726,10.516039009593,1
31,1,20.75,10,10.516039009593,10.9299953917908,1
31,1,20.75,10,10.9299953917908,11.0083744134243,1
31,1,20.75,10,11.0083744134243,11.7248702891829,1
31,1,20.75,10,11.7248702891829,14.3000347336846,1
31,1,20.75,10,14.3000347336846,14.8127900050476,1
31,1,20.75,10,14.8127900050476,14.8242645600713,1
31,1,20.75,10,14.8242645600713,15.187836051252,1
31,1,20.75,10,15.187836051252,20.5579232004593,1
31,1,20.75,10,20.5579232004593,20.75,0
32,1,15.75,0,0,15.75,0
33,1,10.75,4,0,0.273191383910832,1
33,1,10.75,4,0.273191383910832,0.664560131532892,1
33,1,10.75,4,0.664560131532892,1.30950758178628,1
33,1,10.75,4,1.30950758178628,2.24639150318558,1
33,1,10.75,4,2.24639150318558,10.75,0
34,1,14.75,4,0,8.10165616914338,1
34,1,14.75,4,8.10165616914338,8.56656126245055,1
34,1,14.75,4,8.56656126245055,11.2171236246187,1
34,1,14.75,4,11.2171236246187,11.7709306709211,1
34,1,14.75,4,11.7709306709211,14.75,0
35,1,12.75,6,0,1.71014649936072,1
35,1,12.75,6,1.71014649936072,2.61867207497574,1
35,1,12.75,6,2.61867207497574,5.05953857232478,1
35,1,12.75,6,5.05953857232478,8.98406574023568,1
35,1,12.75,6,8.98406574023568,11.8368203939816,1
35,1,12.75,6,11.8368203939816,11.9062743251545,1
35,1,12.75,6,11.9062743251545,12.75,0
36,1,11.75,1,0,0.225873280802595,1
36,1,11.75,1,0.225873280802595,11.75,0
37,1,8.75,1,0,5.19197200193006,1
37,1,8.75,1,5.19197200193006,8.75,0
38,1,10.75,2,0,2.72752317776102,1
38,1,10.75,2,2.72752317776102,8.12550725314639,1
38,1,10.75,2,8.12550725314639,10.75,0
39,1,10.75,3,0,7.65614685300051,1
39,1,10.75,3,7.65614685300051,9.63311783459811,1
39,1,10.75,3,9.63311783459811,10.3887878574888,1
39,1,10.75,3,10.3887878574888,10.75,0
40,1,15.75,0,0,15.75,0
41,1,12.75,4,0,1.70217130038852,1
41,1,12.75,4,1.70217130038852,6.275124149346,1
41,1,12.75,4,6.275124149346,8.84369437710354,1
41,1,12.75,4,8.84369437710354,12.3456954473653,1
41,1,12.75,4,12.3456954473653,12.75,0
42,1,19.75,1,0,2.3931243604358,1
42,1,19.75,1,2.3931243604358,19.75,0
43,1,17.75,7,0,1.88579898992801,1
43,1,17.75,7,1.88579898992801,2.06080573009183,1
43,1,17.75,7,2.06080573009183,8.37000972001312,1
43,1,17.75,7,8.37000972001312,8.58235126391926,1
43,1,17.75,7,8.58235126391926,11.271316491075,1
43,1,17.75,7,11.271316491075,11.7601441418739,1
43,1,17.75,7,11.7601441418739,13.9439547041957,1
43,1,17.75,7,13.9439547041957,17.75,0
44,1,14.75,3,0,2.49547308430017,1
44,1,14.75,3,2.49547308430017,6.92564556517479,1
44,1,14.75,3,6.92564556517479,13.2232255226859,1
44,1,14.75,3,13.2232255226859,14.75,0
45,1,19.75,2,0,8.84933733800818,1
45,1,19.75,2,8.84933733800818,15.7483183192453,1
45,1,19.75,2,15.7483183192453,19.75,0
46,1,16.75,3,0,7.4562852661566,1
46,1,16.75,3,7.4562852661566,11.2873609269231,1
46,1,16.75,3,11.2873609269231,14.2804097794576,1
46,1,16.75,3,14.2804097794576,16.75,0
47,1,10.75,1,0,10.510155787666,1
47,1,10.75,1,10.510155787666,10.75,0
48,1,20.75,5,0,0.82074381836608,1
48,1,20.75,5,0.82074381836608,3.38583590838107,1
48,1,20.75,5,3.38583590838107,5.17860261681506,1
48,1,20.75,5,5.17860261681506,8.02576660110343,1
48,1,20.75,5,8.02576660110343,9.51196822719731,1
48,1,20.75,5,9.51196822719731,20.75,0
49,1,11.75,3,0,0.475905112366477,1
49,1,11.75,3,0.475905112366477,1.87641679143604,1
49,1,11.75,3,1.87641679143604,10.7679926938161,1
49,1,11.75,3,10.7679926938161,11.75,0
50,1,19.75,0,0,19.75,0
51,1,8.75,3,0,0.667083527340315,1
51,1,8.75,3,0.667083527340315,2.34364019042054,1
51,1,8.75,3,2.34364019042054,6.41666719475736,1
51,1,8.75,3,6.41666719475736,8.75,0
52,1,13.75,1,0,5.40421103777361,1
52,1,13.75,1,5.40421103777361,13.75,0
53,1,15.75,3,0,3.77751562795764,1
53,1,15.75,3,3.77751562795764,7.50788227031849,1
53,1,15.75,3,7.50788227031849,9.26349304482055,1
53,1,15.75,3,9.26349304482055,15.75,0
54,1,12.75,19,0,0.637708033203004,1
54,1,12.75,19,0.637708033203004,0.860231706132865,1
54,1,12.75,19,0.860231706132865,1.68175564539298,1
54,1,12.75,19,1.68175564539298,2.04245819793249,1
54,1,12.75,19,2.04245819793249,2.98221479945999,1
54,1,12.75,19,2.98221479945999,4.40756821151949,1
54,1,12.75,19,4.40756821151949,5.4323931157039,1
54,1,12.75,19,5.4323931157039,5.8169381550296,1
54,1,12.75,19,5.8169381550296,7.15263004914127,1
54,1,12.75,19,7.15263004914127,7.46921924588909,1
54,1,12.75,19,7.46921924588909,8.17773150088711,1
54,1,12.75,19,8.17773150088711,8.65812347415884,1
54,1,12.75,19,8.65812347415884,10.137619779954,1
54,1,12.75,19,10.137619779954,10.6251608015927,1
54,1,12.75,19,10.6251608015927,10.6274895958974,1
54,1,12.75,19,10.6274895958974,10.8332100346384,1
54,1,12.75,19,10.8332100346384,11.2359563857531,1
54,1,12.75,19,11.2359563857531,12.3598192434831,1
54,1,12.75,19,12.3598192434831,12.5639914434821,1
54,1,12.75,19,12.5639914434821,12.75,0
55,1,14.75,4,0,7.60349828349907,1
55,1,14.75,4,7.60349828349907,11.9399670184984,1
55,1,14.75,4,11.9399670184984,12.1768230051682,1
55,1,14.75,4,12.1768230051682,12.734472962243,1
55,1,14.75,4,12.734472962243,14.75,0
56,1,15.75,2,0,10.1381876422181,1
56,1,15.75,2,10.1381876422181,13.6506599449705,1
56,1,15.75,2,13.6506599449705,15.75,0
57,1,14.75,4,0,2.55152881599772,1
57,1,14.75,4,2.55152881599772,2.72364303071117,1
57,1,14.75,4,2.72364303071117,4.60402381977691,1
57,1,14.75,4,4.60402381977691,13.7329819693031,1
57,1,14.75,4,13.7329819693031,14.75,0
58,1,18.75,5,0,0.0349568148714987,1
58,1,18.75,5,0.0349568148714987,1.72992224550579,1
58,1,18.75,5,1.72992224550579,2.07804629745419,1
58,1,18.75,5,2.07804629745419,2.09063572399425,1
58,1,18.75,5,2.09063572399425,10.3104968720146,1
58,1,18.75,5,10.3104968720146,18.75,0
59,1,19.75,7,0,3.22581766821742,1
59,1,19.75,7,3.22581766821742,4.51535855918739,1
59,1,19.75,7,4.51535855918739,8.38128477245085,1
59,1,19.75,7,8.38128477245085,8.48300844304261,1
59,1,19.75,7,8.48300844304261,10.7891515389897,1
59,1,19.75,7,10.7891515389897,15.2976703973808,1
59,1,19.75,7,15.2976703973808,19.54941235464,1
59,1,19.75,7,19.54941235464,19.75,0
60,1,16.75,4,0,4.7660929530082,1
60,1,16.75,4,4.7660929530082,5.92252669987117,1
60,1,16.75,4,5.92252669987117,8.91979298101526,1
60,1,16.75,4,8.91979298101526,14.2049021784713,1
60,1,16.75,4,14.2049021784713,16.75,0
61,1,20.75,2,0,0.324343901689976,1
61,1,20.75,2,0.324343901689976,4.73787469907146,1
61,1,20.75,2,4.73787469907146,20.75,0
62,1,9.75,2,0,0.819771872524206,1
62,1,9.75,2,0.819771872524206,3.69644592537861,1
62,1,9.75,2,3.69644592537861,9.75,0
63,1,8.75,2,0,0.471883814264649,1
63,1,8.75,2,0.471883814264649,7.65058846625109,1
63,1,8.75,2,7.65058846625109,8.75,0
64,1,10.75,8,0,0.508273572522642,1
64,1,10.75,8,0.508273572522642,1.88839538313256,1
64,1,10.75,8,1.88839538313256,3.07998152353962,1
64,1,10.75,8,3.07998152353962,4.67070547264692,1
64,1,10.75,8,4.67070547264692,6.59517487255235,1
64,1,10.75,8,6.59517487255235,8.40087625610788,1
64,1,10.75,8,8.40087625610788,8.5107869741333,1
64,1,10.75,8,8.5107869741333,8.63264318793342,1
64,1,10.75,8,8.63264318793342,10.75,0
65,1,15.75,15,0,0.286224709393191,1
65,1,15.75,15,0.286224709393191,2.95244142168238,1
65,1,15.75,15,2.95244142168238,4.03939354213572,1
65,1,15.75,15,4.03939354213572,4.87910289338161,1
65,1,15.75,15,4.87910289338161,5.30074114144205,1
65,1,15.75,15,5.30074114144205,6.0727457247433,1
65,1,15.75,15,6.0727457247433,6.42277295101434,1
65,1,15.75,15,6.42277295101434,7.81757558071595,1
65,1,15.75,15,7.81757558071595,9.35526073192435,1
65,1,15.75,15,9.35526073192435,9.93974962939338,1
65,1,15.75,15,9.93974962939338,9.98814545943257,1
65,1,15.75,15,9.98814545943257,11.6068715514461,1
65,1,15.75,15,11.6068715514461,14.7504260509577,1
65,1,15.75,15,14.7504260509577,15.0423466800284,1
65,1,15.75,15,15.0423466800284,15.338444003153,1
65,1,15.75,15,15.338444003153,15.75,0
66,1,14.75,0,0,14.75,0
67,1,15.75,5,0,1.40821377954829,1
67,1,15.75,5,1.40821377954829,3.27567602553488,1
67,1,15.75,5,3.27567602553488,3.53132038529194,1
67,1,15.75,5,3.53132038529194,6.79633144202229,1
67,1,15.75,5,6.79633144202229,8.49413909306287,1
67,1,15.75,5,8.49413909306287,15.75,0
68,1,10.75,0,0,10.75,0
69,1,14.75,4,0,8.81300839881993,1
69,1,14.75,4,8.81300839881993,9.00263567176957,1
69,1,14.75,4,9.00263567176957,10.1636911417637,1
69,1,14.75,4,10.1636911417637,14.7392458690443,1
69,1,14.75,4,14.7392458690443,14.75,0
70,1,13.75,1,0,5.70795809174977,1
70,1,13.75,1,5.70795809174977,13.75,0
71,1,10.75,3,0,0.547531842625601,1
71,1,10.75,3,0.547531842625601,0.870669279249787,1
71,1,10.75,3,0.870669279249787,0.975549592894615,1
71,1,10.75,3,0.975549592894615,10.75,0
72,1,11.75,3,0,1.09414549021511,1
72,1,11.75,3,1.09414549021511,1.45347903173859,1
72,1,11.75,3,1.45347903173859,5.77938116688378,1
72,1,11.75,3,5.77938116688378,11.75,0
73,1,10.75,1,0,9.60058554804697,1
73,1,10.75,1,9.60058554804697,10.75,0
74,1,20.75,0,0,20.75,0
75,1,15.75,5,0,2.37779583410436,1
75,1,15.75,5,2.37779583410436,4.14003702350584,1
75,1,15.75,5,4.14003702350584,6.90037541916807,1
75,1,15.75,5,6.90037541916807,9.39562257949993,1
75,1,15.75,5,9.39562257949993,14.4617316729542,1
75,1,15.75,5,14.4617316729542,15.75,0
76,1,16.75,2,0,4.1400548687348,1
76,1,16.75,2,4.1400548687348,13.3795569363941,1
76,1,16.75,2,13.3795569363941,16.75,0
77,1,9.75,5,0,1.38710842386681,1
77,1,9.75,5,1.38710842386681,1.55310346923812,1
77,1,9.75,5,1.55310346923812,3.99990884620503,1
77,1,9.75,5,3.99990884620503,6.89954869504911,1
77,1,9.75,5,6.89954869504911,7.4579548033991,1
77,1,9.75,5,7.4579548033991,9.75,0
78,1,14.75,5,0,2.82589739565615,1
78,1,14.75,5,2.82589739565615,4.19684454614778,1
78,1,14.75,5,4.19684454614778,4.70239515328397,1
78,1,14.75,5,4.70239515328397,7.44362656649663,1
78,1,14.75,5,7.44362656649663,9.68463567536083,1
78,1,14.75,5,9.68463567536083,14.75,0
79,1,14.75,2,0,3.68333067486414,1
79,1,14.75,2,3.68333067486414,7.20262200327117,1
79,1,14.75,2,7.20262200327117,14.75,0
80,1,11.75,3,0,1.94555973219236,1
80,1,11.75,3,1.94555973219236,4.16889004310569,1
80,1,11.75,3,4.16889004310569,10.8155483338208,1
80,1,11.75,3,10.8155483338208,11.75,0
81,1,20.75,3,0,5.21789285148677,1
81,1,20.75,3,5.21789285148677,14.3703691738251,1
81,1,20.75,3,14.3703691738251,14.4155819496603,1
81,1,20.75,3,14.4155819496603,20.75,0
82,1,19.75,4,0,2.49600837835249,1
82,1,19.75,4,2.49600837835249,2.95444336642629,1
82,1,19.75,4,2.95444336642629,8.86384355532155,1
82,1,19.75,4,8.86384355532155,11.7873073577214,1
82,1,19.75,4,11.7873073577214,19.75,0
83,1,17.75,9,0,0.564889692759562,1
83,1,17.75,9,0.564889692759562,1.4367585733285,1
83,1,17.75,9,1.4367585733285,2.32001768339814,1
83,1,17.75,9,2.32001768339814,6.75609630737877,1
83,1,17.75,9,6.75609630737877,9.3419053330591,1
83,1,17.75,9,9.3419053330591,9.34244021837512,1
83,1,17.75,9,9.34244021837512,10.5313511430259,1
83,1,17.75,9,10.5313511430259,14.792500718832,1
83,1,17.75,9,14.792500718832,17.2462282181145,1
83,1,17.75,9,17.2462282181145,17.75,0
84,1,9.75,5,0,1.83370740512649,1
84,1,9.75,5,1.83370740512649,2.02885607268665,1
84,1,9.75,5,2.02885607268665,3.22542717490894,1
84,1,9.75,5,3.22542717490894,6.56091967480548,1
84,1,9.75,5,6.56091967480548,6.64207968432426,1
84,1,9.75,5,6.64207968432426,9.75,0
85,1,14.75,6,0,7.92094743880042,1
85,1,14.75,6,7.92094743880042,8.60370654103403,1
85,1,14.75,6,8.60370654103403,9.36495617143829,1
85,1,14.75,6,9.36495617143829,11.9335024989958,1
85,1,14.75,6,11.9335024989958,13.0225095949162,1
85,1,14.75,6,13.0225095949162,13.0352367399987,1
85,1,14.75,6,13.0352367399987,14.75,0
86,1,10.75,2,0,2.93686106234655,1
86,1,10.75,2,2.93686106234655,8.17768531120286,1
86,1,10.75,2,8.17768531120286,10.75,0
87,1,13.75,9,0,4.28843843909642,1
87,1,13.75,9,4.28843843909642,6.07640687252141,1
87,1,13.75,9,6.07640687252141,8.55357413241789,1
87,1,13.75,9,8.55357413241789,8.83894323299358,1
87,1,13.75,9,8.83894323299358,10.8486221912343,1
87,1,13.75,9,10.8486221912343,11.2363466463769,1
87,1,13.75,9,11.2363466463769,11.5090077705774,1
87,1,13.75,9,11.5090077705774,13.4830374894142,1
87,1,13.75,9,13.4830374894142,13.6221263815041,1
87,1,13.75,9,13.6221263815041,13.75,0
88,1,8.75,0,0,8.75,0
89,1,8.75,6,0,1.07055641073754,1
89,1,8.75,6,1.07055641073754,3.5727884842356,1
89,1,8.75,6,3.5727884842356,5.30364601479691,1
89,1,8.75,6,5.30364601479691,6.00709502185323,1
89,1,8.75,6,6.00709502185323,7.04529537375595,1
89,1,8.75,6,7.04529537375595,8.25739840490492,1
89,1,8.75,6,8.25739840490492,8.75,0
90,1,11.75,5,0,2.14622967125818,1
90,1,11.75,5,2.14622967125818,6.51186191713438,1
90,1,11.75,5,6.51186191713438,7.28123635721272,1
90,1,11.75,5,7.28123635721272,9.94274363146407,1
90,1,11.75,5,9.94274363146407,9.9960669760736,1
90,1,11.75,5,9.9960669760736,11.75,0
91,1,14.75,9,0,1.30570757238312,1
91,1,14.75,9,1.30570757238312,2.31850670387017,1
91,1,14.75,9,2.31850670387017,3.13939457952115,1
91,1,14.75,9,3.13939457952115,3.74293640588609,1
91,1,14.75,9,3.74293640588609,4.64023363053263,1
91,1,14.75,9,4.64023363053263,9.23266228950721,1
91,1,14.75,9,9.23266228950721,9.29193756350912,1
91,1,14.75,9,9.29193756350912,10.5413466374128,1
91,1,14.75,9,10.5413466374128,11.9434347855355,1
91,1,14.75,9,11.9434347855355,14.75,0
92,1,13.75,2,0,1.58136260582763,1
92,1,13.75,2,1.58136260582763,11.0477040933945,1
92,1,13.75,2,11.0477040933945,13.75,0
93,1,10.75,3,0,0.0188375683205546,1
93,1,10.75,3,0.0188375683205546,5.05907113150399,1
93,1,10.75,3,5.05907113150399,7.16125261874685,1
93,1,10.75,3,7.16125261874685,10.75,0
94,1,12.75,4,0,0.827710258252854,1
94,1,12.75,4,0.827710258252854,0.904551774899667,1
94,1,12.75,4,0.904551774899667,4.11584161174627,1
94,1,12.75,4,4.11584161174627,7.32422942234011,1
94,1,12.75,4,7.32422942234011,12.75,0
95,1,11.75,1,0,8.99787627599635,1
95,1,11.75,1,8.99787627599635,11.75,0
96,1,11.75,9,0,2.66472304882162,1
96,1,11.75,9,2.66472304882162,3.44371931544046,1
96,1,11.75,9,3.44371931544046,3.74079109398342,1
96,1,11.75,9,3.74079109398342,4.40225554180895,1
96,1,11.75,9,4.40225554180895,5.11675932932121,1
96,1,11.75,9,5.11675932932121,5.29106694300913,1
96,1,11.75,9,5.29106694300913,6.76929119513183,1
96,1,11.75,9,6.76929119513183,9.86825474987821,1
96,1,11.75,9,9.86825474987821,11.0595274387466,1
96,1,11.75,9,11.0595274387466,11.75,0
97,1,18.75,8,0,0.919486628447248,1
97,1,18.75,8,0.919486628447248,4.3951815657839,1
97,1,18.75,8,4.3951815657839,8.1473615707952,1
97,1,18.75,8,8.1473615707952,9.22848276161349,1
97,1,18.75,8,9.22848276161349,12.3723403847521,1
97,1,18.75,8,12.3723403847521,14.6532261333324,1
97,1,18.75,8,14.6532261333324,16.3582089442832,1
97,1,18.75,8,16.3582089442832,16.8962823725881,1
97,1,18.75,8,16.8962823725881,18.75,0
98,1,19.75,15,0,2.32388080722963,1
98,1,19.75,15,2.32388080722963,2.96356461703337,1
98,1,19.75,15,2.96356461703337,3.09808080018432,1
98,1,19.75,15,3.09808080018432,4.51872144634742,1
98,1,19.75,15,4.51872144634742,5.50916256155571,1
98,1,19.75,15,5.50916256155571,5.90682416769409,1
98,1,19.75,15,5.90682416769409,8.24491440179092,1
98,1,19.75,15,8.24491440179092,9.87680738282634,1
98,1,19.75,15,9.87680738282634,11.5151784691529,1
98,1,19.75,15,11.5151784691529,12.5223082248185,1
98,1,19.75,15,12.5223082248185,14.0935276536148,1
98,1,19.75,15,14.0935276536148,14.1934716385512,1
98,1,19.75,15,14.1934716385512,15.265673127748,1
98,1,19.75,15,15.265673127748,15.6478799427214,1
98,1,19.75,15,15.6478799427214,16.0175371448879,1
98,1,19.75,15,16.0175371448879,19.75,0
99,1,14.75,4,0,6.34844734435902,1
99,1,14.75,4,6.34844734435902,8.03343783363005,1
99,1,14.75,4,8.03343783363005,10.3574988135081,1
99,1,14.75,4,10.3574988135081,10.9095121208813,1
99,1,14.75,4,10.9095121208813,14.75,0
100,1,14.75,5,0,1.42521906150844,1
100,1,14.75,5,1.42521906150844,2.50399874719842,1
100,1,14.75,5,2.50399874719842,8.72722202382689,1
100,1,14.75,5,8.72722202382689,11.4640955746261,1
100,1,14.75,5,11.4640955746261,12.0521449325161,1
100,1,14.75,5,12.0521449325161,14.75,0
101,1,12.75,3,0,1.30289676328361,1
101,1,12.75,3,1.30289676328361,7.87562193396221,1
101,1,12.75,3,7.87562193396221,12.0015151833077,1
101,1,12.75,3,12.0015151833077,12.75,0
102,1,12.75,4,0,4.51694245748002,1
102,1,12.75,4,4.51694245748002,4.77625236806587,1
102,1,12.75,4,4.77625236806587,10.5530694701481,1
102,1,12.75,4,10.5530694701481,12.2343746492669,1
102,1,12.75,4,12.2343746492669,12.75,0
103,1,13.75,1,0,9.91850684297635,1
103,1,13.75,1,9.91850684297635,13.75,0
104,1,12.75,4,0,3.33226759037895,1
104,1,12.75,4,3.33226759037895,8.75850227369988,1
104,1,12.75,4,8.75850227369988,11.6456530229026,1
104,1,12.75,4,11.6456530229026,11.6616191504238,1
104,1,12.75,4,11.6616191504238,12.75,0
105,1,19.75,4,0,0.0582358044553229,1
105,1,19.75,4,0.0582358044553229,7.670494697271,1
105,1,19.75,4,7.670494697271,12.1420269897042,1
105,1,19.75,4,12.1420269897042,14.3247711235468,1
105,1,19.75,4,14.3247711235468,19.75,0
106,1,8.75,1,0,1.40332273439504,1
106,1,8.75,1,1.40332273439504,8.75,0
107,1,14.75,2,0,3.4604489837031,1
107,1,14.75,2,3.4604489837031,13.9461878074107,1
107,1,14.75,2,13.9461878074107,14.75,0
108,1,16.75,1,0,13.554326635709,1
108,1,16.75,1,13.554326635709,16.75,0
109,1,11.75,2,0,0.745118141749832,1
109,1,11.75,2,0.745118141749832,2.73665819867819,1
109,1,11.75,2,2.73665819867819,11.75,0
110,1,17.75,4,0,1.64245467370563,1
110,1,17.75,4,1.64245467370563,4.50718591691837,1
110,1,17.75,4,4.50718591691837,11.9106205055407,1
110,1,17.75,4,11.9106205055407,12.7218039628579,1
110,1,17.75,4,12.7218039628579,17.75,0
111,1,8.75,3,0,2.61363839251255,1
111,1,8.75,3,2.61363839251255,3.41689847186572,1
111,1,8.75,3,3.41689847186572,5.74348060574848,1
111,1,8.75,3,5.74348060574848,8.75,0
112,1,12.75,4,0,0.513526574290896,1
112,1,12.75,4,0.513526574290896,3.04584688107859,1
112,1,12.75,4,3.04584688107859,5.94619138297367,1
112,1,12.75,4,5.94619138297367,9.85855498384471,1
112,1,12.75,4,9.85855498384471,12.75,0
113,1,8.75,4,0,0.865821268650505,1
113,1,8.75,4,0.865821268650505,1.70811695940762,1
113,1,8.75,4,1.70811695940762,3.4743535230774,1
113,1,8.75,4,3.4743535230774,7.31141911704656,1
113,1,8.75,4,7.31141911704656,8.75,0
114,1,8.75,3,0,0.537326564021973,1
114,1,8.75,3,0.537326564021973,7.4157924245169,1
114,1,8.75,3,7.4157924245169,8.4420576648809,1
114,1,8.75,3,8.4420576648809,8.75,0
115,1,12.75,1,0,8.04886125173917,1
115,1,12.75,1,8.04886125173917,12.75,0
116,1,8.75,1,0,6.37755104457363,1
116,1,8.75,1,6.37755104457363,8.75,0
117,1,16.75,6,0,2.95789761527894,1
117,1,16.75,6,2.95789761527894,3.43851080487814,1
117,1,16.75,6,3.43851080487814,6.07036205999362,1
117,1,16.75,6,6.07036205999362,7.06329848317986,1
117,1,16.75,6,7.06329848317986,7.20453308361645,1
117,1,16.75,6,7.20453308361645,10.2554554391021,1
117,1,16.75,6,10.2554554391021,16.75,0
118,1,14.75,5,0,8.10733368747619,1
118,1,14.75,5,8.10733368747619,12.4616643559292,1
118,1,14.75,5,12.4616643559292,13.4949014168084,1
118,1,14.75,5,13.4949014168084,13.8755146408445,1
118,1,14.75,5,13.8755146408445,14.173559458821,1
118,1,14.75,5,14.173559458821,14.75,0
119,1,15.75,3,0,8.82029716496412,1
119,1,15.75,3,8.82029716496412,11.2924301157076,1
119,1,15.75,3,11.2924301157076,13.3851318387309,1
119,1,15.75,3,13.3851318387309,15.75,0
120,1,11.75,8,0,2.45415156731157,1
120,1,11.75,8,2.45415156731157,5.6504347892978,1
120,1,11.75,8,5.6504347892978,5.85471495240596,1
120,1,11.75,8,5.85471495240596,5.94764958525059,1
120,1,11.75,8,5.94764958525059,7.5392678395183,1
120,1,11.75,8,7.5392678395183,9.30643105792225,1
120,1,11.75,8,9.30643105792225,10.1395152492104,1
120,1,11.75,8,10.1395152492104,10.922576240302,1
120,1,11.75,8,10.922576240302,11.75,0
121,1,11.75,1,0,4.10860015484413,1
121,1,11.75,1,4.10860015484413,11.75,0
122,1,16.75,5,0,8.58995226130078,1
122,1,16.75,5,8.58995226130078,14.2044194911791,1
122,1,16.75,5,14.2044194911791,15.9492731709918,1
122,1,16.75,5,15.9492731709918,15.9660721412391,1
122,1,16.75,5,15.9660721412391,16.2480766237324,1
122,1,16.75,5,16.2480766237324,16.75,0
123,1,17.75,2,0,1.70832760315656,1
123,1,17.75,2,1.70832760315656,16.9551254148099,1
123,1,17.75,2,16.9551254148099,17.75,0
124,1,14.75,0,0,14.75,0
125,1,10.75,2,0,0.271021522025605,1
125,1,10.75,2,0.271021522025605,9.14903978518117,1
125,1,10.75,2,9.14903978518117,10.75,0
126,1,14.75,3,0,3.10805695653515,1
126,1,14.75,3,3.10805695653515,4.74232364846275,1
126,1,14.75,3,4.74232364846275,8.14583854541934,1
126,1,14.75,3,8.14583854541934,14.75,0
127,1,15.75,0,0,15.75,0
128,1,15.75,2,0,11.5942987770606,1
128,1,15.75,2,11.5942987770606,11.7288659092664,1
128,1,15.75,2,11.7288659092664,15.75,0
129,1,16.75,3,0,0.215378823481851,1
129,1,16.75,3,0.215378823481851,9.8476249037035,1
129,1,16.75,3,9.8476249037035,10.132082895253,1
129,1,16.75,3,10.132082895253,16.75,0
130,1,13.75,6,0,3.10355209905782,1
130,1,13.75,6,3.10355209905782,3.67891487443605,1
130,1,13.75,6,3.67891487443605,5.85370979556316,1
130,1,13.75,6,5.85370979556316,9.17882444187081,1
130,1,13.75,6,9.17882444187081,9.55306866394337,1
130,1,13.75,6,9.55306866394337,11.9011798668565,1
130,1,13.75,6,11.9011798668565,13.75,0
131,1,15.75,1,0,12.6290596471866,1
131,1,15.75,1,12.6290596471866,15.75,0
132,1,14.75,8,0,1.26736341215184,1
132,1,14.75,8,1.26736341215184,1.90227586181183,1
132,1,14.75,8,1.90227586181183,2.08866933352314,1
132,1,14.75,8,2.08866933352314,3.64774727835275,1
132,1,14.75,8,3.64774727835275,6.29193761953592,1
132,1,14.75,8,6.29193761953592,6.40792500768459,1
132,1,14.75,8,6.40792500768459,8.55962923673181,1
132,1,14.75,8,8.55962923673181,12.0860823451451,1
132,1,14.75,8,12.0860823451451,14.75,0
133,1,19.75,3,0,3.91676028792001,1
133,1,19.75,3,3.91676028792001,4.26057442273624,1
133,1,19.75,3,4.26057442273624,16.8843146066799,1
133,1,19.75,3,16.8843146066799,19.75,0
134,1,17.75,1,0,3.70493004019801,1
134,1,17.75,1,3.70493004019801,17.75,0
135,1,13.75,3,0,6.98153801157219,1
135,1,13.75,3,6.98153801157219,8.20647522743533,1
135,1,13.75,3,8.20647522743533,9.35859055310517,1
135,1,13.75,3,9.35859055310517,13.75,0
136,1,11.75,2,0,3.68805893170595,1
136,1,11.75,2,3.68805893170595,11.6660650235294,1
136,1,11.75,2,11.6660650235294,11.75,0
137,1,11.75,0,0,11.75,0
138,1,17.75,3,0,4.41532289557114,1
138,1,17.75,3,4.41532289557114,4.69079598027386,1
138,1,17.75,3,4.69079598027386,6.15871191191083,1
138,1,17.75,3,6.15871191191083,17.75,0
139,1,13.75,4,0,6.63258351648458,1
139,1,13.75,4,6.63258351648458,8.30613838182231,1
139,1,13.75,4,8.30613838182231,10.0708727025016,1
139,1,13.75,4,10.0708727025016,13.4520235461386,1
139,1,13.75,4,13.4520235461386,13.75,0
140,1,16.75,7,0,0.667630671510088,1
140,1,16.75,7,0.667630671510088,1.83938706033534,1
140,1,16.75,7,1.83938706033534,5.80216302343276,1
140,1,16.75,7,5.80216302343276,9.64936006064283,1
140,1,16.75,7,9.64936006064283,10.6021090216937,1
140,1,16.75,7,10.6021090216937,15.0228981474266,1
140,1,16.75,7,15.0228981474266,16.564756237391,1
140,1,16.75,7,16.564756237391,16.75,0
141,1,14.75,1,0,11.59313560149,1
141,1,14.75,1,11.59313560149,14.75,0
142,1,8.75,2,0,0.628521614921794,1
142,1,8.75,2,0.628521614921794,4.70378291778906,1
142,1,8.75,2,4.70378291778906,8.75,0
143,1,19.75,6,0,1.64512758161585,1
143,1,19.75,6,1.64512758161585,11.2494549478436,1
143,1,19.75,6,11.2494549478436,11.3883425441005,1
143,1,19.75,6,11.3883425441005,15.7174570269101,1
143,1,19.75,6,15.7174570269101,16.9464943238952,1
143,1,19.75,6,16.9464943238952,18.5560626686326,1
143,1,19.75,6,18.5560626686326,19.75,0
144,1,12.75,4,0,0.808242437719301,1
144,1,12.75,4,0.808242437719301,2.71853196908602,1
144,1,12.75,4,2.71853196908602,7.68624851954636,1
144,1,12.75,4,7.68624851954636,10.9675921879158,1
144,1,12.75,4,10.9675921879158,12.75,0
145,1,11.75,2,0,6.19934571031904,1
145,1,11.75,2,6.19934571031904,7.37010721822034,1
145,1,11.75,2,7.37010721822034,11.75,0
146,1,17.75,4,0,2.28996669029029,1
146,1,17.75,4,2.28996669029029,6.37594450021494,1
146,1,17.75,4,6.37594450021494,9.34347331215911,1
146,1,17.75,4,9.34347331215911,16.0953051751162,1
146,1,17.75,4,16.0953051751162,17.75,0
147,1,19.75,19,0,1.61516474060852,1
147,1,19.75,19,1.61516474060852,1.73686135443471,1
147,1,19.75,19,1.73686135443471,1.86865991442092,1
147,1,19.75,19,1.86865991442092,5.14342002265172,1
147,1,19.75,19,5.14342002265172,5.59499227259644,1
147,1,19.75,19,5.59499227259644,5.63232858483047,1
147,1,19.75,19,5.63232858483047,6.9562829566843,1
147,1,19.75,19,6.9562829566843,7.18313309964918,1
147,1,19.75,19,7.18313309964918,7.54582002482105,1
147,1,19.75,19,7.54582002482105,9.78727521999078,1
147,1,19.75,19,9.78727521999078,9.8854897384795,1
147,1,19.75,19,9.8854897384795,10.6682644852149,1
147,1,19.75,19,10.6682644852149,11.9810489298913,1
147,1,19.75,19,11.9810489298913,13.0971329956256,1
147,1,19.75,19,13.0971329956256,14.1085437077196,1
147,1,19.75,19,14.1085437077196,14.3623179434605,1
147,1,19.75,19,14.3623179434605,17.1919908460944,1
147,1,19.75,19,17.1919908460944,17.3598879996804,1
147,1,19.75,19,17.3598879996804,18.983179665823,1
147,1,19.75,19,18.983179665823,19.75,0
148,1,19.75,1,0,3.71529723786207,1
148,1,19.75,1,3.71529723786207,19.75,0
149,1,18.75,2,0,4.73663690936213,1
149,1,18.75,2,4.73663690936213,10.2231132129135,1
149,1,18.75,2,10.2231132129135,18.75,0
150,1,18.75,3,0,6.0190919717739,1
150,1,18.75,3,6.0190919717739,6.58416619679087,1
150,1,18.75,3,6.58416619679087,17.4913283966235,1
150,1,18.75,3,17.4913283966235,18.75,0
151,1,12.75,2,0,0.428218225170521,1
151,1,12.75,2,0.428218225170521,8.58673953328919,1
151,1,12.75,2,8.58673953328919,12.75,0
152,1,16.75,3,0,6.86984484811504,1
152,1,16.75,3,6.86984484811504,8.69972033954887,1
152,1,16.75,3,8.69972033954887,10.9727349362052,1
152,1,16.75,3,10.9727349362052,16.75,0
153,1,18.75,9,0,5.55323849356742,1
153,1,18.75,9,5.55323849356742,8.58546892817933,1
153,1,18.75,9,8.58546892817933,9.18502307059702,1
153,1,18.75,9,9.18502307059702,10.4171789222158,1
153,1,18.75,9,10.4171789222158,12.1883946786651,1
153,1,18.75,9,12.1883946786651,16.0272003222666,1
153,1,18.75,9,16.0272003222666,16.4783681620893,1
153,1,18.75,9,16.4783681620893,18.2566100906132,1
153,1,18.75,9,18.2566100906132,18.6330840672178,1
153,1,18.75,9,18.6330840672178,18.75,0
154,1,8.75,2,0,3.63244408009416,1
154,1,8.75,2,3.63244408009416,8.69605880904897,1
154,1,8.75,2,8.69605880904897,8.75,0
155,1,14.75,2,0,4.3379796894055,1
155,1,14.75,2,4.3379796894055,14.7432405097339,1
155,1,14.75,2,14.7432405097339,14.75,0
156,1,8.75,1,0,4.90511249399942,1
156,1,8.75,1,4.90511249399942,8.75,0
157,1,8.75,6,0,1.28212685186084,1
157,1,8.75,6,1.28212685186084,3.82838622935265,1
157,1,8.75,6,3.82838622935265,6.10385678170514,1
157,1,8.75,6,6.10385678170514,6.71881296146987,1
157,1,8.75,6,6.71881296146987,7.77252445146285,1
157,1,8.75,6,7.77252445146285,8.49653087972102,1
157,1,8.75,6,8.49653087972102,8.75,0
158,1,16.75,9,0,0.275713838973542,1
158,1,16.75,9,0.275713838973542,1.43434854357854,1
158,1,16.75,9,1.43434854357854,1.46709179548418,1
158,1,16.75,9,1.46709179548418,2.95337264434658,1
158,1,16.75,9,2.95337264434658,3.3322729613665,1
158,1,16.75,9,3.3322729613665,5.9258623539418,1
158,1,16.75,9,5.9258623539418,8.24450490688302,1
158,1,16.75,9,8.24450490688302,9.030648122615,1
158,1,16.75,9,9.030648122615,10.8876273375011,1
158,1,16.75,9,10.8876273375011,16.75,0
159,1,15.75,0,0,15.75,0
160,1,12.75,2,0,1.68048634307531,1
160,1,12.75,2,1.68048634307531,3.88636101770396,1
160,1,12.75,2,3.88636101770396,12.75,0
161,1,11.75,0,0,11.75,0
162,1,18.75,8,0,0.259788623543152,1
162,1,18.75,8,0.259788623543152,4.49822551613231,1
162,1,18.75,8,4.49822551613231,7.34058308215237,1
162,1,18.75,8,7.34058308215237,7.38543410581204,1
162,1,18.75,8,7.38543410581204,10.3318716383591,1
162,1,18.75,8,10.3318716383591,11.0501092902388,1
162,1,18.75,8,11.0501092902388,12.2647928844426,1
162,1,18.75,8,12.2647928844426,17.7516421776377,1
162,1,18.75,8,17.7516421776377,18.75,0
163,1,18.75,1,0,10.0516854307376,1
163,1,18.75,1,10.0516854307376,18.75,0
164,1,10.75,4,0,1.40752955987211,1
164,1,10.75,4,1.40752955987211,1.52394073914582,1
164,1,10.75,4,1.52394073914582,8.4649685165238,1
164,1,10.75,4,8.4649685165238,8.48626100336138,1
164,1,10.75,4,8.48626100336138,10.75,0
165,1,14.75,7,0,5.64016391352417,1
165,1,14.75,7,5.64016391352417,7.36955885094704,1
165,1,14.75,7,7.36955885094704,7.54232867079026,1
165,1,14.75,7,7.54232867079026,10.2866608483795,1
165,1,14.75,7,10.2866608483795,11.0561145421238,1
165,1,14.75,7,11.0561145421238,12.4708778554813,1
165,1,14.75,7,12.4708778554813,13.1920143995087,1
165,1,14.75,7,13.1920143995087,14.75,0
166,1,17.75,0,0,17.75,0
167,1,11.75,2,0,2.55560361083553,1
167,1,11.75,2,2.55560361083553,3.58943348185938,1
167,1,11.75,2,3.58943348185938,11.75,0
168,1,10.75,4,0,1.3413557766911,1
168,1,10.75,4,1.3413557766911,2.61581519486703,1
168,1,10.75,4,2.61581519486703,4.2214928261521,1
168,1,10.75,4,4.2214928261521,5.32423980596389,1
168,1,10.75,4,5.32423980596389,10.75,0
169,1,17.75,4,0,6.69402472494065,1
169,1,17.75,4,6.69402472494065,9.08908250699359,1
169,1,17.75,4,9.08908250699359,15.0518133831113,1
169,1,17.75,4,15.0518133831113,15.6106303798719,1
169,1,17.75,4,15.6106303798719,17.75,0
170,1,15.75,2,0,14.3682650368672,1
170,1,15.75,2,14.3682650368672,14.6552620831805,1
170,1,15.75,2,14.6552620831805,15.75,0
171,1,17.75,8,0,2.03724407855334,1
171,1,17.75,8,2.03724407855334,3.4574201649226,1
171,1,17.75,8,3.4574201649226,5.70738644431647,1
171,1,17.75,8,5.70738644431647,6.03846452526685,1
171,1,17.75,8,6.03846452526685,10.0221524099252,1
171,1,17.75,8,10.0221524099252,11.1360044903957,1
171,1,17.75,8,11.1360044903957,13.8867012826297,1
171,1,17.75,8,13.8867012826297,17.1701686256121,1
171,1,17.75,8,17.1701686256121,17.75,0
172,1,18.75,7,0,0.425350758217996,1
172,1,18.75,7,0.425350758217996,3.33701282563698,1
172,1,18.75,7,3.33701282563698,4.01765860562763,1
172,1,18.75,7,4.01765860562763,4.2983677553639,1
172,1,18.75,7,4.2983677553639,5.44156362015565,1
172,1,18.75,7,5.44156362015565,10.6881738925008,1
172,1,18.75,7,10.6881738925008,13.8242491130819,1
172,1,18.75,7,13.8242491130819,18.75,0
173,1,17.75,6,0,2.03746708796969,1
173,1,17.75,6,2.03746708796969,8.62912444882189,1
173,1,17.75,6,8.62912444882189,10.0668085215626,1
173,1,17.75,6,10.0668085215626,10.6896370938303,1
173,1,17.75,6,10.6896370938303,15.1621344529608,1
173,1,17.75,6,15.1621344529608,17.5302575871979,1
173,1,17.75,6,17.5302575871979,17.75,0
174,1,10.75,1,0,2.74655352888685,1
174,1,10.75,1,2.74655352888685,10.75,0
175,1,13.75,3,0,0.0467046611263516,1
175,1,13.75,3,0.0467046611263516,9.93001504426513,1
175,1,13.75,3,9.93001504426513,10.0004372129826,1
175,1,13.75,3,10.0004372129826,13.75,0
176,1,16.75,1,0,9.72217939432488,1
176,1,16.75,1,9.72217939432488,16.75,0
177,1,14.75,4,0,2.32657104266345,1
177,1,14.75,4,2.32657104266345,3.16461196951142,1
177,1,14.75,4,3.16461196951142,7.20283709539629,1
177,1,14.75,4,7.20283709539629,11.1216781195389,1
177,1,14.75,4,11.1216781195389,14.75,0
178,1,14.75,7,0,3.16946188330927,1
178,1,14.75,7,3.16946188330927,4.12349546589796,1
178,1,14.75,7,4.12349546589796,5.09648466946714,1
178,1,14.75,7,5.09648466946714,8.23803194848334,1
178,1,14.75,7,8.23803194848334,11.5005727722725,1
178,1,14.75,7,11.5005727722725,11.6594932370637,1
178,1,14.75,7,11.6594932370637,13.4779740612707,1
178,1,14.75,7,13.4779740612707,14.75,0
179,1,13.75,3,0,1.77474499847569,1
179,1,13.75,3,1.77474499847569,2.43526201198266,1
179,1,13.75,3,2.43526201198266,3.1534019849992,1
179,1,13.75,3,3.1534019849992,13.75,0
180,1,11.75,7,0,3.7902536628224,1
180,1,11.75,7,3.7902536628224,4.20354992586906,1
180,1,11.75,7,4.20354992586906,4.68705052784917,1
180,1,11.75,7,4.68705052784917,5.60537140673389,1
180,1,11.75,7,5.60537140673389,7.23733012854409,1
180,1,11.75,7,7.23733012854409,8.6355119357971,1
180,1,11.75,7,8.6355119357971,10.6376331660559,1
180,1,11.75,7,10.6376331660559,11.75,0
181,1,20.75,5,0,1.50006368466595,1
181,1,20.75,5,1.50006368466595,12.3469988411682,1
181,1,20.75,5,12.3469988411682,15.1531266876228,1
181,1,20.75,5,15.1531266876228,15.7345682342134,1
181,1,20.75,5,15.7345682342134,19.8345068746376,1
181,1,20.75,5,19.8345068746376,20.75,0
182,1,16.75,1,0,0.0544222325049672,1
182,1,16.75,1,0.0544222325049672,16.75,0
183,1,17.75,5,0,7.29759854783535,1
183,1,17.75,5,7.29759854783535,10.2849945227804,1
183,1,17.75,5,10.2849945227804,11.2019657923664,1
183,1,17.75,5,11.2019657923664,16.8923212215821,1
183,1,17.75,5,16.8923212215821,16.9548828221068,1
183,1,17.75,5,16.9548828221068,17.75,0
184,1,19.75,1,0,0.730114553695097,1
184,1,19.75,1,0.730114553695097,19.75,0
185,1,15.75,6,0,3.89749992404272,1
185,1,15.75,6,3.89749992404272,4.16615624919267,1
185,1,15.75,6,4.16615624919267,8.38234707384608,1
185,1,15.75,6,8.38234707384608,8.81421791039918,1
185,1,15.75,6,8.81421791039918,13.6808941574076,1
185,1,15.75,6,13.6808941574076,14.4385926994918,1
185,1,15.75,6,14.4385926994918,15.75,0
186,1,15.75,13,0,1.42529576530035,1
186,1,15.75,13,1.42529576530035,1.73480361462852,1
186,1,15.75,13,1.73480361462852,4.0243863143997,1
186,1,15.75,13,4.0243863143997,4.29436477094721,1
186,1,15.75,13,4.29436477094721,5.85746521717246,1
186,1,15.75,13,5.85746521717246,6.30252214297455,1
186,1,15.75,13,6.30252214297455,8.80252378522894,1
186,1,15.75,13,8.80252378522894,11.3329325380211,1
186,1,15.75,13,11.3329325380211,12.4308021733031,1
186,1,15.75,13,12.4308021733031,12.593045088924,1
186,1,15.75,13,12.593045088924,12.6552924854957,1
186,1,15.75,13,12.6552924854957,14.9008993949317,1
186,1,15.75,13,14.9008993949317,15.1703657861586,1
186,1,15.75,13,15.1703657861586,15.75,0
187,1,11.75,2,0,3.6414938258061,1
187,1,11.75,2,3.6414938258061,4.3302237827393,1
187,1,11.75,2,4.3302237827393,11.75,0
188,1,10.75,3,0,2.08425270238701,1
188,1,10.75,3,2.08425270238701,4.83631948691525,1
188,1,10.75,3,4.83631948691525,5.04029846189451,1
188,1,10.75,3,5.04029846189451,10.75,0
189,1,13.75,1,0,5.19924561010808,1
189,1,13.75,1,5.19924561010808,13.75,0
190,1,17.75,2,0,3.95303641744355,1
190,1,17.75,2,3.95303641744355,10.4414536771632,1
190,1,17.75,2,10.4414536771632,17.75,0
191,1,15.75,2,0,0.776897111575869,1
191,1,15.75,2,0.776897111575869,4.39625805742366,1
191,1,15.75,2,4.39625805742366,15.75,0
192,1,14.75,8,0,2.11462276503552,1
192,1,14.75,8,2.11462276503552,2.56745039689494,1
192,1,14.75,8,2.56745039689494,3.61115065137362,1
192,1,14.75,8,3.61115065137362,4.85957717450017,1
192,1,14.75,8,4.85957717450017,4.95179112345738,1
192,1,14.75,8,4.95179112345738,6.11608699995881,1
192,1,14.75,8,6.11608699995881,7.52573446678213,1
192,1,14.75,8,7.52573446678213,9.57883235830295,1
192,1,14.75,8,9.57883235830295,14.75,0
193,1,12.75,5,0,3.02098438677928,1
193,1,12.75,5,3.02098438677928,3.61575319034449,1
193,1,12.75,5,3.61575319034449,4.29096108387899,1
193,1,12.75,5,4.29096108387899,4.56306383889647,1
193,1,12.75,5,4.56306383889647,9.19879162559814,1
193,1,12.75,5,9.19879162559814,12.75,0
194,1,9.75,0,0,9.75,0
195,1,14.75,4,0,1.64697586583429,1
195,1,14.75,4,1.64697586583429,5.72412374064805,1
195,1,14.75,4,5.72412374064805,6.14448558089481,1
195,1,14.75,4,6.14448558089481,11.0736777870465,1
195,1,14.75,4,11.0736777870465,14.75,0
196,1,18.75,2,0,13.3983422885418,1
196,1,18.75,2,13.3983422885418,15.0601750177248,1
196,1,18.75,2,15.0601750177248,18.75,0
197,1,9.75,1,0,1.22161491873027,1
197,1,9.75,1,1.22161491873027,9.75,0
198,1,9.75,2,0,1.87082844727281,1
198,1,9.75,2,1.87082844727281,2.92966310088142,1
198,1,9.75,2,2.92966310088142,9.75,0
199,1,16.75,5,0,4.46903497913806,1
199,1,16.75,5,4.46903497913806,5.75479092686914,1
199,1,16.75,5,5.75479092686914,13.8845417411937,1
199,1,16.75,5,13.8845417411937,14.4197856557354,1
199,1,16.75,5,14.4197856557354,14.8488908712498,1
199,1,16.75,5,14.8488908712498,16.75,0
200,1,14.75,2,0,11.7458939496221,1
200,1,14.75,2,11.7458939496221,13.7905585017733,1
200,1,14.75,2,13.7905585017733,14.75,0
201,1,14.75,1,0,4.38971980779899,1
201,1,14.75,1,4.38971980779899,14.75,0
202,1,14.75,1,0,8.16993732615267,1
202,1,14.75,1,8.16993732615267,14.75,0
203,1,15.75,11,0,0.192377847247021,1
203,1,15.75,11,0.192377847247021,0.236297998766509,1
203,1,15.75,11,0.236297998766509,1.08501029583211,1
203,1,15.75,11,1.08501029583211,1.58667474060658,1
203,1,15.75,11,1.58667474060658,1.67612466453675,1
203,1,15.75,11,1.67612466453675,3.68519077447892,1
203,1,15.75,11,3.68519077447892,4.63992461147292,1
203,1,15.75,11,4.63992461147292,5.79924077051615,1
203,1,15.75,11,5.79924077051615,6.18718819303521,1
203,1,15.75,11,6.18718819303521,8.20231873912291,1
203,1,15.75,11,8.20231873912291,12.1692600386745,1
203,1,15.75,11,12.1692600386745,15.75,0
204,1,12.75,4,0,1.22696716935054,1
204,1,12.75,4,1.22696716935054,4.96339223226992,1
204,1,12.75,4,4.96339223226992,5.83680630809559,1
204,1,12.75,4,5.83680630809559,11.3563149674848,1
204,1,12.75,4,11.3563149674848,12.75,0
205,1,13.75,3,0,2.73871519010695,1
205,1,13.75,3,2.73871519010695,4.49575676376536,1
205,1,13.75,3,4.49575676376536,8.50036464415291,1
205,1,13.75,3,8.50036464415291,13.75,0
206,1,17.75,22,0,1.59478765991225,1
206,1,17.75,22,1.59478765991225,3.92406405320733,1
206,1,17.75,22,3.92406405320733,3.98829806980324,1
206,1,17.75,22,3.98829806980324,4.39509840298691,1
206,1,17.75,22,4.39509840298691,4.94720649988898,1
206,1,17.75,22,4.94720649988898,5.90614194722261,1
206,1,17.75,22,5.90614194722261,5.91165943213989,1
206,1,17.75,22,5.91165943213989,8.14630158842561,1
206,1,17.75,22,8.14630158842561,8.41729271456001,1
206,1,17.75,22,8.41729271456001,8.58194901866971,1
206,1,17.75,22,8.58194901866971,8.76508586307611,1
206,1,17.75,22,8.76508586307611,8.98670630730503,1
206,1,17.75,22,8.98670630730503,10.1448084815505,1
206,1,17.75,22,10.1448084815505,10.1655976834439,1
206,1,17.75,22,10.1655976834439,10.4038469446463,1
206,1,17.75,22,10.4038469446463,10.6739972309173,1
206,1,17.75,22,10.6739972309173,10.7319147887317,1
206,1,17.75,22,10.7319147887317,10.9368400855768,1
206,1,17.75,22,10.9368400855768,12.5782106033921,1
206,1,17.75,22,12.5782106033921,12.9091336666753,1
206,1,17.75,22,12.9091336666753,13.1591028947545,1
206,1,17.75,22,13.1591028947545,17.7399698401036,1
206,1,17.75,22,17.7399698401036,17.75,0
207,1,10.75,4,0,2.71091703660558,1
207,1,10.75,4,2.71091703660558,7.6398634950344,1
207,1,10.75,4,7.6398634950344,8.80262092375725,1
207,1,10.75,4,8.80262092375725,10.1458686498868,1
207,1,10.75,4,10.1458686498868,10.75,0
208,1,15.75,1,0,1.53305692297847,1
208,1,15.75,1,1.53305692297847,15.75,0
209,1,17.75,13,0,1.31862554223419,1
209,1,17.75,13,1.31862554223419,2.69553691217264,1
209,1,17.75,13,2.69553691217264,4.01239314273062,1
209,1,17.75,13,4.01239314273062,6.02823591371892,1
209,1,17.75,13,6.02823591371892,6.10469806578701,1
209,1,17.75,13,6.10469806578701,7.25026637554081,1
209,1,17.75,13,7.25026637554081,8.61985799674028,1
209,1,17.75,13,8.61985799674028,8.64955193418367,1
209,1,17.75,13,8.64955193418367,13.2300637723626,1
209,1,17.75,13,13.2300637723626,13.3961652921008,1
209,1,17.75,13,13.3961652921008,13.9535428045713,1
209,1,17.75,13,13.9535428045713,14.5694570179298,1
209,1,17.75,13,14.5694570179298,14.6783832598193,1
209,1,17.75,13,14.6783832598193,17.75,0
210,1,8.75,0,0,8.75,0
211,1,20.75,4,0,0.245123154237872,1
211,1,20.75,4,0.245123154237872,1.4263440430748,1
211,1,20.75,4,1.4263440430748,15.8539469407799,1
211,1,20.75,4,15.8539469407799,16.0935324900694,1
211,1,20.75,4,16.0935324900694,20.75,0
212,1,11.75,2,0,1.98579678212074,1
212,1,11.75,2,1.98579678212074,10.514229234308,1
212,1,11.75,2,10.514229234308,11.75,0
213,1,8.75,0,0,8.75,0
214,1,9.75,5,0,0.152707284805494,1
214,1,9.75,5,0.152707284805494,3.92765273125225,1
214,1,9.75,5,3.92765273125225,4.9250480761717,1
214,1,9.75,5,4.9250480761717,8.72466883541574,1
214,1,9.75,5,8.72466883541574,9.42478322674751,1
214,1,9.75,5,9.42478322674751,9.75,0
215,1,14.75,5,0,2.05010224905329,1
215,1,14.75,5,2.05010224905329,2.06312252407555,1
215,1,14.75,5,2.06312252407555,2.11714187705938,1
215,1,14.75,5,2.11714187705938,10.3676897557954,1
215,1,14.75,5,10.3676897557954,12.6409069720197,1
215,1,14.75,5,12.6409069720197,14.75,0
216,1,14.75,5,0,3.9926346608549,1
216,1,14.75,5,3.9926346608549,6.02098719331217,1
216,1,14.75,5,6.02098719331217,7.97780928241416,1
216,1,14.75,5,7.97780928241416,11.1077506546012,1
216,1,14.75,5,11.1077506546012,12.8125939249077,1
216,1,14.75,5,12.8125939249077,14.75,0
217,1,13.75,3,0,0.866292430553241,1
217,1,13.75,3,0.866292430553241,6.21605731634579,1
217,1,13.75,3,6.21605731634579,7.86550716656176,1
217,1,13.75,3,7.86550716656176,13.75,0
218,1,14.75,0,0,14.75,0
219,1,18.75,1,0,4.28269630224492,1
219,1,18.75,1,4.28269630224492,18.75,0
220,1,8.75,2,0,7.36987135216292,1
220,1,8.75,2,7.36987135216292,7.60660599411186,1
220,1,8.75,2,7.60660599411186,8.75,0
221,1,11.75,0,0,11.75,0
222,1,8.75,1,0,8.01099098574622,1
222,1,8.75,1,8.01099098574622,8.75,0
223,1,14.75,7,0,0.941837154460343,1
223,1,14.75,7,0.941837154460343,4.6655598143209,1
223,1,14.75,7,4.6655598143209,7.44539380148034,1
223,1,14.75,7,7.44539380148034,7.64141100915417,1
223,1,14.75,7,7.64141100915417,9.89960395829302,1
223,1,14.75,7,9.89960395829302,10.520107435501,1
223,1,14.75,7,10.520107435501,13.1595590573245,1
223,1,14.75,7,13.1595590573245,14.75,0
224,1,15.75,18,0,1.86325842874988,1
224,1,15.75,18,1.86325842874988,4.00198730137362,1
224,1,15.75,18,4.00198730137362,4.13776056518766,1
224,1,15.75,18,4.13776056518766,4.89330747630426,1
224,1,15.75,18,4.89330747630426,5.25378768766259,1
224,1,15.75,18,5.25378768766259,6.28285978875132,1
224,1,15.75,18,6.28285978875132,7.47817754481916,1
224,1,15.75,18,7.47817754481916,8.75222062407663,1
224,1,15.75,18,8.75222062407663,9.68938445486979,1
224,1,15.75,18,9.68938445486979,9.73292033046858,1
224,1,15.75,18,9.73292033046858,9.77383098259177,1
224,1,15.75,18,9.77383098259177,10.8715374096213,1
224,1,15.75,18,10.8715374096213,12.1734916130784,1
224,1,15.75,18,12.1734916130784,14.3496860664047,1
224,1,15.75,18,14.3496860664047,14.3530084435236,1
224,1,15.75,18,14.3530084435236,14.8125269435503,1
224,1,15.75,18,14.8125269435503,14.8568387815042,1
224,1,15.75,18,14.8568387815042,15.2244066967297,1
224,1,15.75,18,15.2244066967297,15.75,0
225,1,13.75,5,0,1.60991458065629,1
225,1,13.75,5,1.60991458065629,1.85274548648119,1
225,1,13.75,5,1.85274548648119,5.08900163519979,1
225,1,13.75,5,5.08900163519979,9.40272036330741,1
225,1,13.75,5,9.40272036330741,10.8350645916858,1
225,1,13.75,5,10.8350645916858,13.75,0
226,1,14.75,1,0,9.40442624060205,1
226,1,14.75,1,9.40442624060205,14.75,0
227,1,16.75,10,0,1.9005523032689,1
227,1,16.75,10,1.9005523032689,2.1033368119044,1
227,1,16.75,10,2.1033368119044,3.47280313455807,1
227,1,16.75,10,3.47280313455807,7.22705154184834,1
227,1,16.75,10,7.22705154184834,8.2863950414146,1
227,1,16.75,10,8.2863950414146,8.35975824843287,1
227,1,16.75,10,8.35975824843287,8.40702590313455,1
227,1,16.75,10,8.40702590313455,11.3507931205202,1
227,1,16.75,10,11.3507931205202,14.178173598822,1
227,1,16.75,10,14.178173598822,16.7368306201744,1
227,1,16.75,10,16.7368306201744,16.75,0
228,1,20.75,6,0,0.771886344942828,1
228,1,20.75,6,0.771886344942828,3.22579756406313,1
228,1,20.75,6,3.22579756406313,9.39402181156921,1
228,1,20.75,6,9.39402181156921,13.3771379167592,1
228,1,20.75,6,13.3771379167592,14.3234380652576,1
228,1,20.75,6,14.3234380652576,17.5308114291035,1
228,1,20.75,6,17.5308114291035,20.75,0
229,1,18.75,1,0,13.6313154734307,1
229,1,18.75,1,13.6313154734307,18.75,0
230,1,13.75,6,0,4.0455307231597,1
230,1,13.75,6,4.0455307231597,4.71303807621465,1
230,1,13.75,6,4.71303807621465,5.16563150076465,1
230,1,13.75,6,5.16563150076465,9.51231569956999,1
230,1,13.75,6,9.51231569956999,11.3821995673439,1
230,1,13.75,6,11.3821995673439,11.6111961362311,1
230,1,13.75,6,11.6111961362311,13.75,0
231,1,14.75,4,0,2.28584775931672,1
231,1,14.75,4,2.28584775931672,2.9974309086708,1
231,1,14.75,4,2.9974309086708,6.66026455828578,1
231,1,14.75,4,6.66026455828578,7.3279087406653,1
231,1,14.75,4,7.3279087406653,14.75,0
232,1,10.75,5,0,1.64170251073084,1
232,1,10.75,5,1.64170251073084,2.95962857259447,1
232,1,10.75,5,2.95962857259447,6.41569754739339,1
232,1,10.75,5,6.41569754739339,7.48364023315964,1
232,1,10.75,5,7.48364023315964,9.4626520517869,1
232,1,10.75,5,9.4626520517869,10.75,0
233,1,11.75,5,0,2.30689423677011,1
233,1,11.75,5,2.30689423677011,6.81167952276853,1
233,1,11.75,5,6.81167952276853,7.58954152474185,1
233,1,11.75,5,7.58954152474185,8.63281715986663,1
233,1,11.75,5,8.63281715986663,9.63553612584184,1
233,1,11.75,5,9.63553612584184,11.75,0
234,1,13.75,9,0,1.42538325139961,1
234,1,13.75,9,1.42538325139961,3.32700237265433,1
234,1,13.75,9,3.32700237265433,5.04087819401322,1
234,1,13.75,9,5.04087819401322,8.03453867353792,1
234,1,13.75,9,8.03453867353792,8.56824524618037,1
234,1,13.75,9,8.56824524618037,9.00601461076209,1
234,1,13.75,9,9.00601461076209,11.8577689725018,1
234,1,13.75,9,11.8577689725018,12.7910999572342,1
234,1,13.75,9,12.7910999572342,13.4702217513742,1
234,1,13.75,9,13.4702217513742,13.75,0
235,1,17.75,2,0,3.60519380708486,1
235,1,17.75,2,3.60519380708486,11.6570763549393,1
235,1,17.75,2,11.6570763549393,17.75,0
236,1,18.75,2,0,4.1356189441062,1
236,1,18.75,2,4.1356189441062,15.7257995454967,1
236,1,18.75,2,15.7257995454967,18.75,0
237,1,18.75,2,0,2.44594882147902,1
237,1,18.75,2,2.44594882147902,8.77487040905353,1
237,1,18.75,2,8.77487040905353,18.75,0
238,1,10.75,4,0,1.67490486840375,1
238,1,10.75,4,1.67490486840375,9.02091880730476,1
238,1,10.75,4,9.02091880730476,9.7040224406144,1
238,1,10.75,4,9.7040224406144,10.3719119602547,1
238,1,10.75,4,10.3719119602547,10.75,0
239,1,16.75,9,0,2.40512093622089,1
239,1,16.75,9,2.40512093622089,4.02536347012216,1
239,1,16.75,9,4.02536347012216,4.57193241836657,1
239,1,16.75,9,4.57193241836657,5.45956799327851,1
239,1,16.75,9,5.45956799327851,8.00868822568558,1
239,1,16.75,9,8.00868822568558,8.68901432097455,1
239,1,16.75,9,8.68901432097455,9.855752862212,1
239,1,16.75,9,9.855752862212,11.6667695213836,1
239,1,16.75,9,11.6667695213836,12.3674545882633,1
239,1,16.75,9,12.3674545882633,16.75,0
240,1,9.75,3,0,0.431462754649601,1
240,1,9.75,3,0.431462754649601,3.09899253169788,1
240,1,9.75,3,3.09899253169788,8.22761731694074,1
240,1,9.75,3,8.22761731694074,9.75,0
241,1,10.75,2,0,7.4110328082258,1
241,1,10.75,2,7.4110328082258,8.24879914601247,1
241,1,10.75,2,8.24879914601247,10.75,0
242,1,13.75,1,0,12.4509453602668,1
242,1,13.75,1,12.4509453602668,13.75,0
243,1,15.75,1,0,14.1256389990582,1
243,1,15.75,1,14.1256389990582,15.75,0
244,1,14.75,0,0,14.75,0
245,1,11.75,5,0,7.64695454794324,1
245,1,11.75,5,7.64695454794324,8.45011815929749,1
245,1,11.75,5,8.45011815929749,8.66088617814254,1
245,1,11.75,5,8.66088617814254,9.38337450098645,1
245,1,11.75,5,9.38337450098645,10.7516431466352,1
245,1,11.75,5,10.7516431466352,11.75,0
246,1,11.75,3,0,1.52544290233862,1
246,1,11.75,3,1.52544290233862,7.65749950701734,1
246,1,11.75,3,7.65749950701734,9.90258852875181,1
246,1,11.75,3,9.90258852875181,11.75,0
247,1,11.75,3,0,8.21467942291218,1
247,1,11.75,3,8.21467942291218,10.2783432410318,1
247,1,11.75,3,10.2783432410318,10.8598834549967,1
247,1,11.75,3,10.8598834549967,11.75,0
248,1,10.75,3,0,5.83723230727549,1
248,1,10.75,3,5.83723230727549,6.1242672421589,1
248,1,10.75,3,6.1242672421589,7.55725995425861,1
248,1,10.75,3,7.55725995425861,10.75,0
249,1,17.75,1,0,3.12459122536336,1
249,1,17.75,1,3.12459122536336,17.75,0
250,1,14.75,2,0,10.1968720283922,1
250,1,14.75,2,10.1968720283922,14.3329468848812,1
250,1,14.75,2,14.3329468848812,14.75,0
251,1,17.75,8,0,1.38484938014291,1
251,1,17.75,8,1.38484938014291,1.61074565409167,1
251,1,17.75,8,1.61074565409167,3.9473516615041,1
251,1,17.75,8,3.9473516615041,6.68235538050922,1
251,1,17.75,8,6.68235538050922,8.86310785363153,1
251,1,17.75,8,8.86310785363153,10.7042060541287,1
251,1,17.75,8,10.7042060541287,13.8690097934757,1
251,1,17.75,8,13.8690097934757,14.0291573447661,1
251,1,17.75,8,14.0291573447661,17.75,0
252,1,16.75,5,0,0.172851510032492,1
252,1,16.75,5,0.172851510032492,4.92320909848676,1
252,1,16.75,5,4.92320909848676,9.13919119216727,1
252,1,16.75,5,9.13919119216727,10.3098530819104,1
252,1,16.75,5,10.3098530819104,13.7016042600356,1
252,1,16.75,5,13.7016042600356,16.75,0
253,1,16.75,1,0,13.6932638283116,1
253,1,16.75,1,13.6932638283116,16.75,0
254,1,12.75,3,0,7.05186432283621,1
254,1,12.75,3,7.05186432283621,7.73577073101231,1
254,1,12.75,3,7.73577073101231,8.12531644127265,1
254,1,12.75,3,8.12531644127265,12.75,0
255,1,8.75,5,0,0.182217288620081,1
255,1,8.75,5,0.182217288620081,3.22123391685494,1
255,1,8.75,5,3.22123391685494,4.02326166137023,1
255,1,8.75,5,4.02326166137023,5.69304528848933,1
255,1,8.75,5,5.69304528848933,7.47456636475731,1
255,1,8.75,5,7.47456636475731,8.75,0
256,1,13.75,1,0,7.15348541224452,1
256,1,13.75,1,7.15348541224452,13.75,0
257,1,13.75,3,0,4.56370907639347,1
257,1,13.75,3,4.56370907639347,11.4735490834796,1
257,1,13.75,3,11.4735490834796,11.7523225717362,1
257,1,13.75,3,11.7523225717362,13.75,0
258,1,18.75,11,0,2.15043186220393,1
258,1,18.75,11,2.15043186220393,2.32584919567796,1
258,1,18.75,11,2.32584919567796,3.66907783763653,1
258,1,18.75,11,3.66907783763653,3.92625285069716,1
258,1,18.75,11,3.92625285069716,5.70123293362714,1
258,1,18.75,11,5.70123293362714,5.87037492161944,1
258,1,18.75,11,5.87037492161944,10.1992135722372,1
258,1,18.75,11,10.1992135722372,13.3187353105479,1
258,1,18.75,11,13.3187353105479,13.5391114356891,1
258,1,18.75,11,13.5391114356891,17.1947362311105,1
258,1,18.75,11,17.1947362311105,18.0271823934134,1
258,1,18.75,11,18.0271823934134,18.75,0
259,1,9.75,1,0,5.57382550793799,1
259,1,9.75,1,5.57382550793799,9.75,0
260,1,20.75,5,0,2.54472715260419,1
260,1,20.75,5,2.54472715260419,11.1578423990608,1
260,1,20.75,5,11.1578423990608,14.1956398769916,1
260,1,20.75,5,14.1956398769916,16.7861271291365,1
260,1,20.75,5,16.7861271291365,17.8636592380545,1
260,1,20.75,5,17.8636592380545,20.75,0
261,1,9.75,2,0,1.93993052152089,1
261,1,9.75,2,1.93993052152089,2.66582785208572,1
261,1,9.75,2,2.66582785208572,9.75,0
262,1,15.75,7,0,1.25882840565807,1
262,1,15.75,7,1.25882840565807,5.22955651559393,1
262,1,15.75,7,5.22955651559393,5.69483515175183,1
262,1,15.75,7,5.69483515175183,9.08024149470876,1
262,1,15.75,7,9.08024149470876,12.4668992771188,1
262,1,15.75,7,12.4668992771188,14.0328609990967,1
262,1,15.75,7,14.0328609990967,14.7292934251098,1
262,1,15.75,7,14.7292934251098,15.75,0
263,1,16.75,9,0,5.96792063417185,1
263,1,16.75,9,5.96792063417185,6.4916621671843,1
263,1,16.75,9,6.4916621671843,10.2013264214699,1
263,1,16.75,9,10.2013264214699,12.7738471771545,1
263,1,16.75,9,12.7738471771545,14.4494922427764,1
263,1,16.75,9,14.4494922427764,15.2692895569404,1
263,1,16.75,9,15.2692895569404,15.8319022583752,1
263,1,16.75,9,15.8319022583752,15.9563068306229,1
263,1,16.75,9,15.9563068306229,16.6102015232872,1
263,1,16.75,9,16.6102015232872,16.75,0
264,1,12.75,6,0,1.95017288710822,1
264,1,12.75,6,1.95017288710822,4.69232748918777,1
264,1,12.75,6,4.69232748918777,5.58262975930022,1
264,1,12.75,6,5.58262975930022,6.0864196134299,1
264,1,12.75,6,6.0864196134299,8.98312173765267,1
264,1,12.75,6,8.98312173765267,9.5613446884335,1
264,1,12.75,6,9.5613446884335,12.75,0
265,1,11.75,4,0,1.73401926240894,1
265,1,11.75,4,1.73401926240894,3.78702952272204,1
265,1,11.75,4,3.78702952272204,6.2185947770749,1
265,1,11.75,4,6.2185947770749,11.4790167854629,1
265,1,11.75,4,11.4790167854629,11.75,0
266,1,11.75,2,0,1.671055736312,1
266,1,11.75,2,1.671055736312,7.78666298368704,1
266,1,11.75,2,7.78666298368704,11.75,0
267,1,17.75,4,0,12.7185806724003,1
267,1,17.75,4,12.7185806724003,15.0579294926664,1
267,1,17.75,4,15.0579294926664,15.2143732963326,1
267,1,17.75,4,15.2143732963326,16.8083305475858,1
267,1,17.75,4,16.8083305475858,17.75,0
268,1,14.75,4,0,3.22828250513194,1
268,1,14.75,4,3.22828250513194,5.26788628335058,1
268,1,14.75,4,5.26788628335058,6.91977505404127,1
268,1,14.75,4,6.91977505404127,10.9551476404636,1
268,1,14.75,4,10.9551476404636,14.75,0
269,1,15.75,1,0,10.5769079675211,1
269,1,15.75,1,10.5769079675211,15.75,0
270,1,16.75,3,0,6.91074017638239,1
270,1,16.75,3,6.91074017638239,9.09373622291075,1
270,1,16.75,3,9.09373622291075,15.5491827027209,1
270,1,16.75,3,15.5491827027209,16.75,0
271,1,10.75,2,0,9.23639112540713,1
271,1,10.75,2,9.23639112540713,10.2973669004809,1
271,1,10.75,2,10.2973669004809,10.75,0
272,1,13.75,1,0,5.86024653239651,1
272,1,13.75,1,5.86024653239651,13.75,0
273,1,12.75,9,0,0.947690050700316,1
273,1,12.75,9,0.947690050700316,2.80393053142752,1
273,1,12.75,9,2.80393053142752,3.02195158662041,1
273,1,12.75,9,3.02195158662041,3.07506109185238,1
273,1,12.75,9,3.07506109185238,3.53531645134232,1
273,1,12.75,9,3.53531645134232,5.56963164716566,1
273,1,12.75,9,5.56963164716566,7.74392887431206,1
273,1,12.75,9,7.74392887431206,8.89166364918253,1
273,1,12.75,9,8.89166364918253,9.86248053162195,1
273,1,12.75,9,9.86248053162195,12.75,0
274,1,13.75,2,0,6.10377576979155,1
274,1,13.75,2,6.10377576979155,13.2762064872986,1
274,1,13.75,2,13.2762064872986,13.75,0
275,1,13.75,2,0,2.18213246839704,1
275,1,13.75,2,2.18213246839704,2.84638466870572,1
275,1,13.75,2,2.84638466870572,13.75,0
276,1,12.75,4,0,0.111824434722389,1
276,1,12.75,4,0.111824434722389,2.52708591307126,1
276,1,12.75,4,2.52708591307126,9.59644443767531,1
276,1,12.75,4,9.59644443767531,10.7544747764659,1
276,1,12.75,4,10.7544747764659,12.75,0
277,1,11.75,3,0,0.403818118922346,1
277,1,11.75,3,0.403818118922346,8.21810817664627,1
277,1,11.75,3,8.21810817664627,9.50583595258687,1
277,1,11.75,3,9.50583595258687,11.75,0
278,1,20.75,7,0,7.77078511090137,1
278,1,20.75,7,7.77078511090137,8.10049852094108,1
278,1,20.75,7,8.10049852094108,12.3271674522763,1
278,1,20.75,7,12.3271674522763,17.4975049776313,1
278,1,20.75,7,17.4975049776313,18.0715315188975,1
278,1,20.75,7,18.0715315188975,19.6157567314669,1
278,1,20.75,7,19.6157567314669,20.0671904072672,1
278,1,20.75,7,20.0671904072672,20.75,0
279,1,18.75,3,0,5.46079003610677,1
279,1,18.75,3,5.46079003610677,13.1522149457222,1
279,1,18.75,3,13.1522149457222,18.4635888205496,1
279,1,18.75,3,18.4635888205496,18.75,0
280,1,8.75,0,0,8.75,0
281,1,9.75,4,0,1.13355183465233,1
281,1,9.75,4,1.13355183465233,1.56798308705796,1
281,1,9.75,4,1.56798308705796,2.4626880380693,1
281,1,9.75,4,2.4626880380693,6.0543245461237,1
281,1,9.75,4,6.0543245461237,9.75,0
282,1,13.75,8,0,0.657582114790423,1
282,1,13.75,8,0.657582114790423,2.30456849541998,1
282,1,13.75,8,2.30456849541998,3.22276324586687,1
282,1,13.75,8,3.22276324586687,6.01250238759035,1
282,1,13.75,8,6.01250238759035,6.89495959822434,1
282,1,13.75,8,6.89495959822434,6.94933870951683,1
282,1,13.75,8,6.94933870951683,9.93496552551863,1
282,1,13.75,8,9.93496552551863,12.4124702995858,1
282,1,13.75,8,12.4124702995858,13.75,0
283,1,18.75,5,0,0.885675097125459,1
283,1,18.75,5,0.885675097125459,4.78942032868602,1
283,1,18.75,5,4.78942032868602,10.4143759463999,1
283,1,18.75,5,10.4143759463999,10.6390807340892,1
283,1,18.75,5,10.6390807340892,12.4690245017599,1
283,1,18.75,5,12.4690245017599,18.75,0
284,1,16.75,5,0,0.286842693072795,1
284,1,16.75,5,0.286842693072795,5.60911978304528,1
284,1,16.75,5,5.60911978304528,7.52183317015063,1
284,1,16.75,5,7.52183317015063,9.20949422315794,1
284,1,16.75,5,9.20949422315794,9.77191750837033,1
284,1,16.75,5,9.77191750837033,16.75,0
285,1,9.75,0,0,9.75,0
286,1,8.75,3,0,4.3351996303124,1
286,1,8.75,3,4.3351996303124,4.41651793601626,1
286,1,8.75,3,4.41651793601626,4.60040086975393,1
286,1,8.75,3,4.60040086975393,8.75,0
287,1,8.75,1,0,2.05963668133842,1
287,1,8.75,1,2.05963668133842,8.75,0
288,1,16.75,6,0,4.18315200029598,1
288,1,16.75,6,4.18315200029598,5.71432280575823,1
288,1,16.75,6,5.71432280575823,6.32106858934796,1
288,1,16.75,6,6.32106858934796,12.6725292583256,1
288,1,16.75,6,12.6725292583256,13.5461102335589,1
288,1,16.75,6,13.5461102335589,14.7872993181722,1
288,1,16.75,6,14.7872993181722,16.75,0
289,1,13.75,3,0,8.32360637994483,1
289,1,13.75,3,8.32360637994483,12.1491648132548,1
289,1,13.75,3,12.1491648132548,13.7242851928518,1
289,1,13.75,3,13.7242851928518,13.75,0
290,1,16.75,4,0,4.11803541377918,1
290,1,16.75,4,4.11803541377918,4.85216659398941,1
290,1,16.75,4,4.85216659398941,10.6833910827512,1
290,1,16.75,4,10.6833910827512,13.5501215365309,1
290,1,16.75,4,13.5501215365309,16.75,0
291,1,8.75,1,0,8.45461546079205,1
291,1,8.75,1,8.45461546079205,8.75,0
292,1,11.75,9,0,0.76090062638197,1
292,1,11.75,9,0.76090062638197,0.930793526718933,1
292,1,11.75,9,0.930793526718933,1.74753530705976,1
292,1,11.75,9,1.74753530705976,5.18829561573858,1
292,1,11.75,9,5.18829561573858,5.3076698668647,1
292,1,11.75,9,5.3076698668647,5.9318312779433,1
292,1,11.75,9,5.9318312779433,6.33003528057889,1
292,1,11.75,9,6.33003528057889,11.2953107627715,1
292,1,11.75,9,11.2953107627715,11.3962750913236,1
292,1,11.75,9,11.3962750913236,11.75,0
293,1,8.75,1,0,4.81007132556458,1
293,1,8.75,1,4.81007132556458,8.75,0
294,1,8.75,1,0,5.20188851716042,1
294,1,8.75,1,5.20188851716042,8.75,0
295,1,15.75,5,0,9.75897855376988,1
295,1,15.75,5,9.75897855376988,11.0910848149129,1
295,1,15.75,5,11.0910848149129,12.5947587764807,1
295,1,15.75,5,12.5947587764807,13.2983484521071,1
295,1,15.75,5,13.2983484521071,13.6040205330655,1
295,1,15.75,5,13.6040205330655,15.75,0
296,1,14.75,8,0,0.697797723753593,1
296,1,14.75,8,0.697797723753593,4.09218939942611,1
296,1,14.75,8,4.09218939942611,6.38524128633549,1
296,1,14.75,8,6.38524128633549,8.40748165617838,1
296,1,14.75,8,8.40748165617838,9.58015387764422,1
296,1,14.75,8,9.58015387764422,11.5671989534566,1
296,1,14.75,8,11.5671989534566,14.1703409304283,1
296,1,14.75,8,14.1703409304283,14.4580730841521,1
296,1,14.75,8,14.4580730841521,14.75,0
297,1,12.75,0,0,12.75,0
298,1,12.75,5,0,0.544923395428739,1
298,1,12.75,5,0.544923395428739,2.13466654338898,1
298,1,12.75,5,2.13466654338898,7.21859229627997,1
298,1,12.75,5,7.21859229627997,8.91530109502365,1
298,1,12.75,5,8.91530109502365,10.1084591354832,1
298,1,12.75,5,10.1084591354832,12.75,0
299,1,18.75,11,0,0.726774338579588,1
299,1,18.75,11,0.726774338579588,3.98191983327751,1
299,1,18.75,11,3.98191983327751,5.52668942483794,1
299,1,18.75,11,5.52668942483794,5.86673819351485,1
299,1,18.75,11,5.86673819351485,7.02334548549295,1
299,1,18.75,11,7.02334548549295,8.28568559865165,1
299,1,18.75,11,8.28568559865165,9.37617998581813,1
299,1,18.75,11,9.37617998581813,10.2009372410885,1
299,1,18.75,11,10.2009372410885,15.0439664473039,1
299,1,18.75,11,15.0439664473039,16.2777024120727,1
299,1,18.75,11,16.2777024120727,18.2278392916743,1
299,1,18.75,11,18.2278392916743,18.75,0
300,1,17.75,20,0,1.93040818327524,1
300,1,17.75,20,1.93040818327524,3.44430576650905,1
300,1,17.75,20,3.44430576650905,5.13335483243758,1
300,1,17.75,20,5.13335483243758,5.72703574950227,1
300,1,17.75,20,5.72703574950227,5.76519848014868,1
300,1,17.75,20,5.76519848014868,6.61217794947946,1
300,1,17.75,20,6.61217794947946,8.57313232381029,1
300,1,17.75,20,8.57313232381029,9.51595151702778,1
300,1,17.75,20,9.51595151702778,10.7136490679515,1
300,1,17.75,20,10.7136490679515,10.8223463709117,1
300,1,17.75,20,10.8223463709117,11.1489757578293,1
300,1,17.75,20,11.1489757578293,11.5409726463299,1
300,1,17.75,20,11.5409726463299,12.1650771950967,1
300,1,17.75,20,12.1650771950967,12.708807665132,1
300,1,17.75,20,12.708807665132,14.065361383812,1
300,1,17.75,20,14.065361383812,14.2894231327379,1
300,1,17.75,20,14.2894231327379,16.1043354318061,1
300,1,17.75,20,16.1043354318061,16.6571666101072,1
300,1,17.75,20,16.6571666101072,16.7457946423177,1
300,1,17.75,20,16.7457946423177,17.4165513407564,1
300,1,17.75,20,17.4165513407564,17.75,0
301,0,14.75,3,0,5.01701745288609,1
301,0,14.75,3,5.01701745288609,8.35790614586703,1
301,0,14.75,3,8.35790614586703,10.5128217921462,1
301,0,14.75,3,10.5128217921462,14.75,0
302,0,13.75,0,0,13.75,0
303,0,11.75,1,0,0.737297506659411,1
303,0,11.75,1,0.737297506659411,11.75,0
304,0,14.75,1,0,11.9806904740826,1
304,0,14.75,1,11.9806904740826,14.75,0
305,0,13.75,4,0,9.3366312382365,1
305,0,13.75,4,9.3366312382365,9.64574719366704,1
305,0,13.75,4,9.64574719366704,10.5277426605459,1
305,0,13.75,4,10.5277426605459,13.7252102034338,1
305,0,13.75,4,13.7252102034338,13.75,0
306,0,10.75,3,0,0.196651428321575,1
306,0,10.75,3,0.196651428321575,5.20803813588268,1
306,0,10.75,3,5.20803813588268,5.39891896079256,1
306,0,10.75,3,5.39891896079256,10.75,0
307,0,11.75,4,0,1.38799113116182,1
307,0,11.75,4,1.38799113116182,5.92403491897881,1
307,0,11.75,4,5.92403491897881,9.52780238262788,1
307,0,11.75,4,9.52780238262788,11.1158641028644,1
307,0,11.75,4,11.1158641028644,11.75,0
308,0,11.75,2,0,0.862109211447547,1
308,0,11.75,2,0.862109211447547,9.59196785746493,1
308,0,11.75,2,9.59196785746493,11.75,0
309,0,16.75,1,0,4.41623372019924,1
309,0,16.75,1,4.41623372019924,16.75,0
310,0,16.75,0,0,16.75,0
311,0,8.75,2,0,1.36809653254979,1
311,0,8.75,2,1.36809653254979,2.30152157937805,1
311,0,8.75,2,2.30152157937805,8.75,0
312,0,17.75,5,0,1.44775749600425,1
312,0,17.75,5,1.44775749600425,2.22530863592635,1
312,0,17.75,5,2.22530863592635,9.27401024890444,1
312,0,17.75,5,9.27401024890444,10.0046529629939,1
312,0,17.75,5,10.0046529629939,16.0013119696172,1
312,0,17.75,5,16.0013119696172,17.75,0
313,0,16.75,4,0,3.30685804697043,1
313,0,16.75,4,3.30685804697043,3.96142237675741,1
313,0,16.75,4,3.96142237675741,4.45259967806304,1
313,0,16.75,4,4.45259967806304,6.68077233587143,1
313,0,16.75,4,6.68077233587143,16.75,0
314,0,18.75,4,0,1.31957330644658,1
314,0,18.75,4,1.31957330644658,9.78172087811142,1
314,0,18.75,4,9.78172087811142,11.0687227510706,1
314,0,18.75,4,11.0687227510706,12.3120440571409,1
314,0,18.75,4,12.3120440571409,18.75,0
315,0,8.75,3,0,3.62240434527187,1
315,0,8.75,3,3.62240434527187,4.35008141304666,1
315,0,8.75,3,4.35008141304666,6.7563533351381,1
315,0,8.75,3,6.7563533351381,8.75,0
316,0,11.75,2,0,5.49217341738021,1
316,0,11.75,2,5.49217341738021,7.89561213851172,1
316,0,11.75,2,7.89561213851172,11.75,0
317,0,14.75,3,0,2.75005962987709,1
317,0,14.75,3,2.75005962987709,2.82174175052453,1
317,0,14.75,3,2.82174175052453,2.88094549464975,1
317,0,14.75,3,2.88094549464975,14.75,0
318,0,10.75,2,0,0.716858682359944,1
318,0,10.75,2,0.716858682359944,4.34773076057146,1
318,0,10.75,2,4.34773076057146,10.75,0
319,0,13.75,3,0,3.10034043978972,1
319,0,13.75,3,3.10034043978972,9.48030150184041,1
319,0,13.75,3,9.48030150184041,11.0096332309066,1
319,0,13.75,3,11.0096332309066,13.75,0
320,0,15.75,0,0,15.75,0
321,0,12.75,10,0,1.6944568693633,1
321,0,12.75,10,1.6944568693633,3.82654967299313,1
321,0,12.75,10,3.82654967299313,4.8839016560057,1
321,0,12.75,10,4.8839016560057,5.69909963123311,1
321,0,12.75,10,5.69909963123311,7.96271852741085,1
321,0,12.75,10,7.96271852741085,8.57310183377134,1
321,0,12.75,10,8.57310183377134,9.74265282267346,1
321,0,12.75,10,9.74265282267346,10.6875732890788,1
321,0,12.75,10,10.6875732890788,11.1443809029498,1
321,0,12.75,10,11.1443809029498,12.3462057560944,1
321,0,12.75,10,12.3462057560944,12.75,0
322,0,17.75,2,0,2.20989509506368,1
322,0,17.75,2,2.20989509506368,9.28297207873493,1
322,0,17.75,2,9.28297207873493,17.75,0
323,0,17.75,1,0,17.1252691258069,1
323,0,17.75,1,17.1252691258069,17.75,0
324,0,18.75,1,0,2.67758311934031,1
324,0,18.75,1,2.67758311934031,18.75,0
325,0,16.75,5,0,2.61487808708142,1
325,0,16.75,5,2.61487808708142,5.13900977838143,1
325,0,16.75,5,5.13900977838143,6.82434131289642,1
325,0,16.75,5,6.82434131289642,8.03640907369849,1
325,0,16.75,5,8.03640907369849,11.2639596199104,1
325,0,16.75,5,11.2639596199104,16.75,0
326,0,14.75,1,0,4.85279220944605,1
326,0,14.75,1,4.85279220944605,14.75,0
327,0,8.75,1,0,0.952845580423248,1
327,0,8.75,1,0.952845580423248,8.75,0
328,0,11.75,1,0,7.94998150853369,1
328,0,11.75,1,7.94998150853369,11.75,0
329,0,14.75,4,0,5.08554140159845,1
329,0,14.75,4,5.08554140159845,5.73311797930274,1
329,0,14.75,4,5.73311797930274,10.091827919562,1
329,0,14.75,4,10.091827919562,13.1690959530618,1
329,0,14.75,4,13.1690959530618,14.75,0
330,0,14.75,4,0,1.03214134887454,1
330,0,14.75,4,1.03214134887454,1.77864913256389,1
330,0,14.75,4,1.77864913256389,8.38448436817753,1
330,0,14.75,4,8.38448436817753,9.45012621324759,1
330,0,14.75,4,9.45012621324759,14.75,0
331,0,16.75,2,0,2.26241269472566,1
331,0,16.75,2,2.26241269472566,15.0321299375251,1
331,0,16.75,2,15.0321299375251,16.75,0
332,0,8.75,5,0,1.08757216828942,1
332,0,8.75,5,1.08757216828942,1.43084678183417,1
332,0,8.75,5,1.43084678183417,1.43362273550577,1
332,0,8.75,5,1.43362273550577,6.46006165669377,1
332,0,8.75,5,6.46006165669377,7.39855289087756,1
332,0,8.75,5,7.39855289087756,8.75,0
333,0,9.75,3,0,0.128409081378882,1
333,0,9.75,3,0.128409081378882,3.28870915534884,1
333,0,9.75,3,3.28870915534884,4.44579974466126,1
333,0,9.75,3,4.44579974466126,9.75,0
334,0,11.75,1,0,8.45403502507216,1
334,0,11.75,1,8.45403502507216,11.75,0
335,0,12.75,11,0,3.07869965679162,1
335,0,12.75,11,3.07869965679162,3.51830810937242,1
335,0,12.75,11,3.51830810937242,6.274547794194,1
335,0,12.75,11,6.274547794194,6.92011325148248,1
335,0,12.75,11,6.92011325148248,8.75951986997137,1
335,0,12.75,11,8.75951986997137,8.83697014964482,1
335,0,12.75,11,8.83697014964482,9.04445352836787,1
335,0,12.75,11,9.04445352836787,9.60943714260505,1
335,0,12.75,11,9.60943714260505,9.93455383528394,1
335,0,12.75,11,9.93455383528394,11.0692566038806,1
335,0,12.75,11,11.0692566038806,11.3167594876388,1
335,0,12.75,11,11.3167594876388,12.75,0
336,0,9.75,6,0,1.92207257707692,1
336,0,9.75,6,1.92207257707692,1.96581802054347,1
336,0,9.75,6,1.96581802054347,2.17188296281715,1
336,0,9.75,6,2.17188296281715,5.54107883745063,1
336,0,9.75,6,5.54107883745063,7.13584075796622,1
336,0,9.75,6,7.13584075796622,7.59790374120574,1
336,0,9.75,6,7.59790374120574,9.75,0
337,0,15.75,2,0,12.7639841106051,1
337,0,15.75,2,12.7639841106051,14.4012156832394,1
337,0,15.75,2,14.4012156832394,15.75,0
338,0,19.75,1,0,8.9396831739462,1
338,0,19.75,1,8.9396831739462,19.75,0
339,0,17.75,2,0,8.90536716097703,1
339,0,17.75,2,8.90536716097703,11.907457482094,1
339,0,17.75,2,11.907457482094,17.75,0
340,0,13.75,4,0,2.07819424879403,1
340,0,13.75,4,2.07819424879403,7.54575680761067,1
340,0,13.75,4,7.54575680761067,10.7608083588483,1
340,0,13.75,4,10.7608083588483,13.2529725083892,1
340,0,13.75,4,13.2529725083892,13.75,0
341,0,13.75,3,0,3.1023002598945,1
341,0,13.75,3,3.1023002598945,9.25923614159325,1
341,0,13.75,3,9.25923614159325,10.452013632611,1
341,0,13.75,3,10.452013632611,13.75,0
342,0,14.75,8,0,2.27785447922033,1
342,0,14.75,8,2.27785447922033,5.26602261863517,1
342,0,14.75,8,5.26602261863517,5.889170885533,1
342,0,14.75,8,5.889170885533,7.45828520140562,1
342,0,14.75,8,7.45828520140562,8.49636295116537,1
342,0,14.75,8,8.49636295116537,9.57414386459489,1
342,0,14.75,8,9.57414386459489,10.4469964478971,1
342,0,14.75,8,10.4469964478971,13.3612553353354,1
342,0,14.75,8,13.3612553353354,14.75,0
343,0,9.75,1,0,2.10087915458723,1
343,0,9.75,1,2.10087915458723,9.75,0
344,0,18.75,2,0,13.5922333720009,1
344,0,18.75,2,13.5922333720009,17.0075180251141,1
344,0,18.75,2,17.0075180251141,18.75,0
345,0,15.75,4,0,8.89283912522314,1
345,0,15.75,4,8.89283912522314,10.2480235287386,1
345,0,15.75,4,10.2480235287386,10.3187324523255,1
345,0,15.75,4,10.3187324523255,14.1308028589354,1
345,0,15.75,4,14.1308028589354,15.75,0
346,0,18.75,5,0,1.87959027089135,1
346,0,18.75,5,1.87959027089135,2.3907928079337,1
346,0,18.75,5,2.3907928079337,7.08707733122373,1
346,0,18.75,5,7.08707733122373,8.43164465986708,1
346,0,18.75,5,8.43164465986708,10.8363469783387,1
346,0,18.75,5,10.8363469783387,18.75,0
347,0,18.75,4,0,1.81526418591441,1
347,0,18.75,4,1.81526418591441,2.22355181607263,1
347,0,18.75,4,2.22355181607263,3.37490136926394,1
347,0,18.75,4,3.37490136926394,11.7917405458497,1
347,0,18.75,4,11.7917405458497,18.75,0
348,0,16.75,12,0,0.264733564212214,1
348,0,16.75,12,0.264733564212214,0.612011609697632,1
348,0,16.75,12,0.612011609697632,2.24139926985798,1
348,0,16.75,12,2.24139926985798,2.55174983558065,1
348,0,16.75,12,2.55174983558065,3.05388590497617,1
348,0,16.75,12,3.05388590497617,7.52480638144085,1
348,0,16.75,12,7.52480638144085,7.79736719003556,1
348,0,16.75,12,7.79736719003556,8.03179015243043,1
348,0,16.75,12,8.03179015243043,9.44869736250638,1
348,0,16.75,12,9.44869736250638,11.0506740869314,1
348,0,16.75,12,11.0506740869314,13.7258760539141,1
348,0,16.75,12,13.7258760539141,16.1953786159988,1
348,0,16.75,12,16.1953786159988,16.75,0
349,0,11.75,0,0,11.75,0
350,0,19.75,6,0,4.84700270465993,1
350,0,19.75,6,4.84700270465993,9.47749607630303,1
350,0,19.75,6,9.47749607630303,11.239982486933,1
350,0,19.75,6,11.239982486933,12.3327676827768,1
350,0,19.75,6,12.3327676827768,18.6911392856748,1
350,0,19.75,6,18.6911392856748,18.9636188597725,1
350,0,19.75,6,18.9636188597725,19.75,0
351,0,18.75,2,0,0.146774032634272,1
351,0,18.75,2,0.146774032634272,6.58132924799504,1
351,0,18.75,2,6.58132924799504,18.75,0
352,0,18.75,5,0,2.39800617464947,1
352,0,18.75,5,2.39800617464947,3.32779341345718,1
352,0,18.75,5,3.32779341345718,12.9232490260174,1
352,0,18.75,5,12.9232490260174,14.0665735783971,1
352,0,18.75,5,14.0665735783971,15.7919561364667,1
352,0,18.75,5,15.7919561364667,18.75,0
353,0,8.75,0,0,8.75,0
354,0,16.75,4,0,1.52489900010751,1
354,0,16.75,4,1.52489900010751,8.13246869559927,1
354,0,16.75,4,8.13246869559927,9.64367247255338,1
354,0,16.75,4,9.64367247255338,12.350228334253,1
354,0,16.75,4,12.350228334253,16.75,0
355,0,11.75,1,0,6.93928836142982,1
355,0,11.75,1,6.93928836142982,11.75,0
356,0,16.75,0,0,16.75,0
357,0,14.75,3,0,6.28704822055565,1
357,0,14.75,3,6.28704822055565,7.62602028289152,1
357,0,14.75,3,7.62602028289152,9.94682341584796,1
357,0,14.75,3,9.94682341584796,14.75,0
358,0,16.75,1,0,15.586252213208,1
358,0,16.75,1,15.586252213208,16.75,0
359,0,14.75,6,0,1.62683842353748,1
359,0,14.75,6,1.62683842353748,5.26519637159787,1
359,0,14.75,6,5.26519637159787,6.64356660263435,1
359,0,14.75,6,6.64356660263435,11.9284440706146,1
359,0,14.75,6,11.9284440706146,12.9671788562059,1
359,0,14.75,6,12.9671788562059,13.5804108461817,1
359,0,14.75,6,13.5804108461817,14.75,0
360,0,13.75,9,0,1.2642055551018,1
360,0,13.75,9,1.2642055551018,2.83213209681111,1
360,0,13.75,9,2.83213209681111,2.86887240804902,1
360,0,13.75,9,2.86887240804902,5.70439040355283,1
360,0,13.75,9,5.70439040355283,5.7218896028138,1
360,0,13.75,9,5.7218896028138,6.47722252056236,1
360,0,13.75,9,6.47722252056236,8.28267937889506,1
360,0,13.75,9,8.28267937889506,9.66961515251774,1
360,0,13.75,9,9.66961515251774,12.5780674841065,1
360,0,13.75,9,12.5780674841065,13.75,0
361,0,12.75,2,0,2.27426516683866,1
361,0,12.75,2,2.27426516683866,3.36891840542547,1
361,0,12.75,2,3.36891840542547,12.75,0
362,0,19.75,0,0,19.75,0
363,0,18.75,1,0,15.4547400409347,1
363,0,18.75,1,15.4547400409347,18.75,0
364,0,10.75,0,0,10.75,0
365,0,8.75,3,0,5.14170506483842,1
365,0,8.75,3,5.14170506483842,5.41234557448241,1
365,0,8.75,3,5.41234557448241,5.80263608570677,1
365,0,8.75,3,5.80263608570677,8.75,0
366,0,14.75,4,0,0.596004323638801,1
366,0,14.75,4,0.596004323638801,2.71757931206004,1
366,0,14.75,4,2.71757931206004,5.12278846644167,1
366,0,14.75,4,5.12278846644167,5.72343292116263,1
366,0,14.75,4,5.72343292116263,14.75,0
367,0,19.75,9,0,4.92405206109335,1
367,0,19.75,9,4.92405206109335,5.21481676853224,1
367,0,19.75,9,5.21481676853224,7.34481724446907,1
367,0,19.75,9,7.34481724446907,8.3624698905772,1
367,0,19.75,9,8.3624698905772,8.70201579794572,1
367,0,19.75,9,8.70201579794572,8.856303514143,1
367,0,19.75,9,8.856303514143,12.9877877854858,1
367,0,19.75,9,12.9877877854858,17.8147559440958,1
367,0,19.75,9,17.8147559440958,18.3759535201539,1
367,0,19.75,9,18.3759535201539,19.75,0
368,0,14.75,5,0,1.85140829375138,1
368,0,14.75,5,1.85140829375138,4.77608990411507,1
368,0,14.75,5,4.77608990411507,5.9383418583173,1
368,0,14.75,5,5.9383418583173,7.74631455871411,1
368,0,14.75,5,7.74631455871411,13.0028565213179,1
368,0,14.75,5,13.0028565213179,14.75,0
369,0,14.75,7,0,2.59199122620524,1
369,0,14.75,7,2.59199122620524,5.48844683351362,1
369,0,14.75,7,5.48844683351362,6.10799328956456,1
369,0,14.75,7,6.10799328956456,7.79990575707799,1
369,0,14.75,7,7.79990575707799,8.29887065434829,1
369,0,14.75,7,8.29887065434829,10.6089390561113,1
369,0,14.75,7,10.6089390561113,13.9453027221379,1
369,0,14.75,7,13.9453027221379,14.75,0
370,0,14.75,4,0,0.186570999988732,1
370,0,14.75,4,0.186570999988732,1.94084318462274,1
370,0,14.75,4,1.94084318462274,2.44852795791047,1
370,0,14.75,4,2.44852795791047,4.07317529699908,1
370,0,14.75,4,4.07317529699908,14.75,0
371,0,13.75,7,0,3.02934284972718,1
371,0,13.75,7,3.02934284972718,3.27725131968462,1
371,0,13.75,7,3.27725131968462,4.36851162911689,1
371,0,13.75,7,4.36851162911689,6.3406377795281,1
371,0,13.75,7,6.3406377795281,8.10000167759339,1
371,0,13.75,7,8.10000167759339,8.40750497717507,1
371,0,13.75,7,8.40750497717507,8.85619004802064,1
371,0,13.75,7,8.85619004802064,13.75,0
372,0,11.75,5,0,3.3706124471094,1
372,0,11.75,5,3.3706124471094,7.54996555678441,1
372,0,11.75,5,7.54996555678441,10.463821770639,1
372,0,11.75,5,10.463821770639,11.4906787323054,1
372,0,11.75,5,11.4906787323054,11.6598980296019,1
372,0,11.75,5,11.6598980296019,11.75,0
373,0,10.75,2,0,8.92931690686554,1
373,0,10.75,2,8.92931690686554,9.33929161564256,1
373,0,10.75,2,9.33929161564256,10.75,0
374,0,10.75,0,0,10.75,0
375,0,16.75,1,0,15.3297902528659,1
375,0,16.75,1,15.3297902528659,16.75,0
376,0,15.75,3,0,2.85918395622705,1
376,0,15.75,3,2.85918395622705,4.01711504273976,1
376,0,15.75,3,4.01711504273976,15.4297821129501,1
376,0,15.75,3,15.4297821129501,15.75,0
377,0,13.75,3,0,4.49456471745366,1
377,0,13.75,3,4.49456471745366,5.26970770586503,1
377,0,13.75,3,5.26970770586503,5.27814825174455,1
377,0,13.75,3,5.27814825174455,13.75,0
378,0,11.75,1,0,4.80233052714044,1
378,0,11.75,1,4.80233052714044,11.75,0
379,0,18.75,3,0,4.37708364816238,1
379,0,18.75,3,4.37708364816238,11.7482225928039,1
379,0,18.75,3,11.7482225928039,13.8755168394023,1
379,0,18.75,3,13.8755168394023,18.75,0
380,0,10.75,6,0,0.0624425509852857,1
380,0,10.75,6,0.0624425509852857,1.04844327321706,1
380,0,10.75,6,1.04844327321706,3.05723627835786,1
380,0,10.75,6,3.05723627835786,4.14934362561626,1
380,0,10.75,6,4.14934362561626,5.38159222867855,1
380,0,10.75,6,5.38159222867855,5.86390432140063,1
380,0,10.75,6,5.86390432140063,10.75,0
381,0,12.75,1,0,2.04148554955085,1
381,0,12.75,1,2.04148554955085,12.75,0
382,0,13.75,0,0,13.75,0
383,0,17.75,4,0,4.80125691907283,1
383,0,17.75,4,4.80125691907283,15.8812121521243,1
383,0,17.75,4,15.8812121521243,16.4808488529876,1
383,0,17.75,4,16.4808488529876,17.703949652416,1
383,0,17.75,4,17.703949652416,17.75,0
384,0,19.75,7,0,2.31578253441249,1
384,0,19.75,7,2.31578253441249,3.29248422740502,1
384,0,19.75,7,3.29248422740502,3.98380840702048,1
384,0,19.75,7,3.98380840702048,11.9335875881132,1
384,0,19.75,7,11.9335875881132,12.2184014363647,1
384,0,19.75,7,12.2184014363647,15.5262492184907,1
384,0,19.75,7,15.5262492184907,19.6818823858882,1
384,0,19.75,7,19.6818823858882,19.75,0
385,0,8.75,1,0,8.220027112228,1
385,0,8.75,1,8.220027112228,8.75,0
386,0,9.75,0,0,9.75,0
387,0,13.75,6,0,0.421160886242105,1
387,0,13.75,6,0.421160886242105,1.56713118538435,1
387,0,13.75,6,1.56713118538435,5.84526384225897,1
387,0,13.75,6,5.84526384225897,6.20121962155327,1
387,0,13.75,6,6.20121962155327,10.6538371420585,1
387,0,13.75,6,10.6538371420585,12.5735364217365,1
387,0,13.75,6,12.5735364217365,13.75,0
388,0,16.75,6,0,1.58363611822533,1
388,0,16.75,6,1.58363611822533,4.29784285657442,1
388,0,16.75,6,4.29784285657442,4.94071383481081,1
388,0,16.75,6,4.94071383481081,8.01699492325669,1
388,0,16.75,6,8.01699492325669,12.9579990024445,1
388,0,16.75,6,12.9579990024445,14.8792153418329,1
388,0,16.75,6,14.8792153418329,16.75,0
389,0,12.75,1,0,3.67577973234174,1
389,0,12.75,1,3.67577973234174,12.75,0
390,0,14.75,4,0,2.78920192915376,1
390,0,14.75,4,2.78920192915376,8.08293393109447,1
390,0,14.75,4,8.08293393109447,10.6193489967799,1
390,0,14.75,4,10.6193489967799,14.4677207886469,1
390,0,14.75,4,14.4677207886469,14.75,0
391,0,11.75,1,0,11.5343424169712,1
391,0,11.75,1,11.5343424169712,11.75,0
392,0,19.75,7,0,5.91389724601209,1
392,0,19.75,7,5.91389724601209,10.0450086644664,1
392,0,19.75,7,10.0450086644664,10.6752107506863,1
392,0,19.75,7,10.6752107506863,12.6779299622052,1
392,0,19.75,7,12.6779299622052,12.7775383643255,1
392,0,19.75,7,12.7775383643255,13.1912868989989,1
392,0,19.75,7,13.1912868989989,16.8788838170035,1
392,0,19.75,7,16.8788838170035,19.75,0
393,0,20.75,3,0,3.16575386035781,1
393,0,20.75,3,3.16575386035781,3.41474711713117,1
393,0,20.75,3,3.41474711713117,10.8120065583454,1
393,0,20.75,3,10.8120065583454,20.75,0
394,0,9.75,3,0,3.28747626132186,1
394,0,9.75,3,3.28747626132186,5.0678302744082,1
394,0,9.75,3,5.0678302744082,8.4433503024103,1
394,0,9.75,3,8.4433503024103,9.75,0
395,0,13.75,6,0,4.29215117112064,1
395,0,13.75,6,4.29215117112064,5.20876641063596,1
395,0,13.75,6,5.20876641063596,6.9752103330286,1
395,0,13.75,6,6.9752103330286,8.42565747435371,1
395,0,13.75,6,8.42565747435371,11.4656532800668,1
395,0,13.75,6,11.4656532800668,12.0209369110853,1
395,0,13.75,6,12.0209369110853,13.75,0
396,0,12.75,4,0,3.559801216259,1
396,0,12.75,4,3.559801216259,4.55187767518503,1
396,0,12.75,4,4.55187767518503,6.85388925421733,1
396,0,12.75,4,6.85388925421733,8.20173553052195,1
396,0,12.75,4,8.20173553052195,12.75,0
397,0,13.75,4,0,3.30727758723762,1
397,0,13.75,4,3.30727758723762,8.38169804030408,1
397,0,13.75,4,8.38169804030408,8.86217163000284,1
397,0,13.75,4,8.86217163000284,9.70827542012083,1
397,0,13.75,4,9.70827542012083,13.75,0
398,0,17.75,1,0,14.4431312923743,1
398,0,17.75,1,14.4431312923743,17.75,0
399,0,7.75,0,0,7.75,0
400,0,15.75,6,0,3.60897758911445,1
400,0,15.75,6,3.60897758911445,3.65944460625094,1
400,0,15.75,6,3.65944460625094,8.65679200485186,1
400,0,15.75,6,8.65679200485186,10.3785539837149,1
400,0,15.75,6,10.3785539837149,10.5921754026133,1
400,0,15.75,6,10.5921754026133,12.4199962162867,1
400,0,15.75,6,12.4199962162867,15.75,0
401,0,11.75,6,0,1.06807710436516,1
401,0,11.75,6,1.06807710436516,4.27612762323563,1
401,0,11.75,6,4.27612762323563,6.69913220177879,1
401,0,11.75,6,6.69913220177879,10.2663580572593,1
401,0,11.75,6,10.2663580572593,10.504818983646,1
401,0,11.75,6,10.504818983646,11.6652638861547,1
401,0,11.75,6,11.6652638861547,11.75,0
402,0,19.75,5,0,5.70444227487267,1
402,0,19.75,5,5.70444227487267,13.0382902436703,1
402,0,19.75,5,13.0382902436703,13.2092873148508,1
402,0,19.75,5,13.2092873148508,14.7518305892281,1
402,0,19.75,5,14.7518305892281,17.2432902225608,1
402,0,19.75,5,17.2432902225608,19.75,0
403,0,17.75,4,0,10.8152740834687,1
403,0,17.75,4,10.8152740834687,12.643535615863,1
403,0,17.75,4,12.643535615863,14.8720039909209,1
403,0,17.75,4,14.8720039909209,16.2342023359219,1
403,0,17.75,4,16.2342023359219,17.75,0
404,0,9.75,2,0,8.1754338502264,1
404,0,9.75,2,8.1754338502264,8.72036943797156,1
404,0,9.75,2,8.72036943797156,9.75,0
405,0,12.75,7,0,0.99518275304379,1
405,0,12.75,7,0.99518275304379,2.938374414936,1
405,0,12.75,7,2.938374414936,3.91397563167456,1
405,0,12.75,7,3.91397563167456,5.40974245636942,1
405,0,12.75,7,5.40974245636942,7.84259248069713,1
405,0,12.75,7,7.84259248069713,9.53213274725732,1
405,0,12.75,7,9.53213274725732,10.6720058225148,1
405,0,12.75,7,10.6720058225148,12.75,0
406,0,15.75,4,0,4.06966835728381,1
406,0,15.75,4,4.06966835728381,9.23856072537552,1
406,0,15.75,4,9.23856072537552,11.0177632342627,1
406,0,15.75,4,11.0177632342627,14.5960155241232,1
406,0,15.75,4,14.5960155241232,15.75,0
407,0,15.75,0,0,15.75,0
408,0,11.75,5,0,5.79898032127315,1
408,0,11.75,5,5.79898032127315,7.72370237918135,1
408,0,11.75,5,7.72370237918135,7.98834060118444,1
408,0,11.75,5,7.98834060118444,9.11939081546071,1
408,0,11.75,5,9.11939081546071,9.75679408741733,1
408,0,11.75,5,9.75679408741733,11.75,0
409,0,11.75,1,0,1.30672157620343,1
409,0,11.75,1,1.30672157620343,11.75,0
410,0,15.75,1,0,3.28628899872156,1
410,0,15.75,1,3.28628899872156,15.75,0
411,0,10.75,1,0,8.95622721924093,1
411,0,10.75,1,8.95622721924093,10.75,0
412,0,11.75,4,0,3.48887789171498,1
412,0,11.75,4,3.48887789171498,7.7158975545208,1
412,0,11.75,4,7.7158975545208,8.12051235848596,1
412,0,11.75,4,8.12051235848596,8.82435383159821,1
412,0,11.75,4,8.82435383159821,11.75,0
413,0,9.75,5,0,1.14432532852226,1
413,0,9.75,5,1.14432532852226,1.42421773901645,1
413,0,9.75,5,1.42421773901645,2.01728775056452,1
413,0,9.75,5,2.01728775056452,3.21801052240309,1
413,0,9.75,5,3.21801052240309,8.78620068210806,1
413,0,9.75,5,8.78620068210806,9.75,0
414,0,15.75,6,0,0.711251754986239,1
414,0,15.75,6,0.711251754986239,3.9576354733637,1
414,0,15.75,6,3.9576354733637,6.45313243054842,1
414,0,15.75,6,6.45313243054842,7.70053869361394,1
414,0,15.75,6,7.70053869361394,14.3742514966554,1
414,0,15.75,6,14.3742514966554,14.9282700454617,1
414,0,15.75,6,14.9282700454617,15.75,0
415,0,15.75,1,0,13.8894455072044,1
415,0,15.75,1,13.8894455072044,15.75,0
416,0,10.75,0,0,10.75,0
417,0,11.75,8,0,0.919183934022297,1
417,0,11.75,8,0.919183934022297,2.18409739343877,1
417,0,11.75,8,2.18409739343877,2.49747059057,1
417,0,11.75,8,2.49747059057,8.27235278432852,1
417,0,11.75,8,8.27235278432852,8.44601766227567,1
417,0,11.75,8,8.44601766227567,10.3945634314342,1
417,0,11.75,8,10.3945634314342,11.1111683981219,1
417,0,11.75,8,11.1111683981219,11.538304621056,1
417,0,11.75,8,11.538304621056,11.75,0
418,0,18.75,5,0,0.361560754475123,1
418,0,18.75,5,0.361560754475123,0.383436760397222,1
418,0,18.75,5,0.383436760397222,10.0891988364878,1
418,0,18.75,5,10.0891988364878,16.3768191687307,1
418,0,18.75,5,16.3768191687307,17.7187665177208,1
418,0,18.75,5,17.7187665177208,18.75,0
419,0,16.75,2,0,6.41894034780201,1
419,0,16.75,2,6.41894034780201,14.5417155956294,1
419,0,16.75,2,14.5417155956294,16.75,0
420,0,8.75,3,0,0.107961598166087,1
420,0,8.75,3,0.107961598166087,0.182834294722394,1
420,0,8.75,3,0.182834294722394,3.63893595138442,1
420,0,8.75,3,3.63893595138442,8.75,0
421,0,7.75,0,0,7.75,0
422,0,13.75,1,0,10.9896759450823,1
422,0,13.75,1,10.9896759450823,13.75,0
423,0,14.75,0,0,14.75,0
424,0,12.75,3,0,0.657467540034209,1
424,0,12.75,3,0.657467540034209,9.65783484327383,1
424,0,12.75,3,9.65783484327383,10.3575546008332,1
424,0,12.75,3,10.3575546008332,12.75,0
425,0,13.75,2,0,4.61130780543478,1
425,0,13.75,2,4.61130780543478,4.8693055500532,1
425,0,13.75,2,4.8693055500532,13.75,0
426,0,12.75,1,0,7.61571357693076,1
426,0,12.75,1,7.61571357693076,12.75,0
427,0,13.75,0,0,13.75,0
428,0,11.75,4,0,1.56878215420644,1
428,0,11.75,4,1.56878215420644,5.82562297369316,1
428,0,11.75,4,5.82562297369316,8.71498075121216,1
428,0,11.75,4,8.71498075121216,10.6992689710065,1
428,0,11.75,4,10.6992689710065,11.75,0
429,0,11.75,1,0,5.08183165364529,1
429,0,11.75,1,5.08183165364529,11.75,0
430,0,10.75,0,0,10.75,0
431,0,12.75,5,0,0.129333940882148,1
431,0,12.75,5,0.129333940882148,0.931721417853033,1
431,0,12.75,5,0.931721417853033,2.72303384652892,1
431,0,12.75,5,2.72303384652892,4.23270937693468,1
431,0,12.75,5,4.23270937693468,12.427682685341,1
431,0,12.75,5,12.427682685341,12.75,0
432,0,17.75,0,0,17.75,0
433,0,8.75,1,0,6.1612398355555,1
433,0,8.75,1,6.1612398355555,8.75,0
434,0,17.75,6,0,0.191973080865891,1
434,0,17.75,6,0.191973080865891,2.96202131304015,1
434,0,17.75,6,2.96202131304015,9.0811208462298,1
434,0,17.75,6,9.0811208462298,12.1643577580322,1
434,0,17.75,6,12.1643577580322,14.5152280479783,1
434,0,17.75,6,14.5152280479783,15.8357159180724,1
434,0,17.75,6,15.8357159180724,17.75,0
435,0,8.75,3,0,0.695606386267689,1
435,0,8.75,3,0.695606386267689,7.15075248111609,1
435,0,8.75,3,7.15075248111609,8.23727319847094,1
435,0,8.75,3,8.23727319847094,8.75,0
436,0,8.75,5,0,1.02207849855783,1
436,0,8.75,5,1.02207849855783,2.13682331811546,1
436,0,8.75,5,2.13682331811546,3.01256535362726,1
436,0,8.75,5,3.01256535362726,5.12492332989864,1
436,0,8.75,5,5.12492332989864,5.93168915728336,1
436,0,8.75,5,5.93168915728336,8.75,0
437,0,10.75,1,0,7.21666053705548,1
437,0,10.75,1,7.21666053705548,10.75,0
438,0,14.75,3,0,7.87926773086642,1
438,0,14.75,3,7.87926773086642,9.57832137969284,1
438,0,14.75,3,9.57832137969284,12.2702410704419,1
438,0,14.75,3,12.2702410704419,14.75,0
439,0,14.75,1,0,12.3535936240949,1
439,0,14.75,1,12.3535936240949,14.75,0
440,0,13.75,1,0,11.5710086632001,1
440,0,13.75,1,11.5710086632001,13.75,0
441,0,12.75,2,0,2.9269118575074,1
441,0,12.75,2,2.9269118575074,12.3361527510945,1
441,0,12.75,2,12.3361527510945,12.75,0
442,0,10.75,3,0,2.97779993079853,1
442,0,10.75,3,2.97779993079853,3.79991470021312,1
442,0,10.75,3,3.79991470021312,8.26338493189631,1
442,0,10.75,3,8.26338493189631,10.75,0
443,0,9.75,3,0,2.66981918861315,1
443,0,9.75,3,2.66981918861315,5.06001661417346,1
443,0,9.75,3,5.06001661417346,9.39356794640904,1
443,0,9.75,3,9.39356794640904,9.75,0
444,0,15.75,4,0,7.14711894288539,1
444,0,15.75,4,7.14711894288539,7.80854471093723,1
444,0,15.75,4,7.80854471093723,10.7640920613969,1
444,0,15.75,4,10.7640920613969,15.5624856003369,1
444,0,15.75,4,15.5624856003369,15.75,0
445,0,11.75,0,0,11.75,0
446,0,11.75,6,0,0.604265542195644,1
446,0,11.75,6,0.604265542195644,0.936091813408115,1
446,0,11.75,6,0.936091813408115,2.51032122980437,1
446,0,11.75,6,2.51032122980437,5.10314537863804,1
446,0,11.75,6,5.10314537863804,6.55000575759303,1
446,0,11.75,6,6.55000575759303,9.88538561531727,1
446,0,11.75,6,9.88538561531727,11.75,0
447,0,7.75,0,0,7.75,0
448,0,9.75,0,0,9.75,0
449,0,15.75,2,0,1.85463837908052,1
449,0,15.75,2,1.85463837908052,3.94816773107856,1
449,0,15.75,2,3.94816773107856,15.75,0
450,0,10.75,2,0,0.238617876410329,1
450,0,10.75,2,0.238617876410329,7.17473633493955,1
450,0,10.75,2,7.17473633493955,10.75,0
451,0,13.75,3,0,3.57499689949591,1
451,0,13.75,3,3.57499689949591,11.8988598042337,1
451,0,13.75,3,11.8988598042337,13.1834857448335,1
451,0,13.75,3,13.1834857448335,13.75,0
452,0,15.75,3,0,6.1852734238023,1
452,0,15.75,3,6.1852734238023,8.92831536372456,1
452,0,15.75,3,8.92831536372456,15.1626308064445,1
452,0,15.75,3,15.1626308064445,15.75,0
453,0,13.75,2,0,10.3934262710661,1
453,0,13.75,2,10.3934262710661,12.9486710701641,1
453,0,13.75,2,12.9486710701641,13.75,0
454,0,9.75,5,0,1.03608538812396,1
454,0,9.75,5,1.03608538812396,1.70927643294636,1
454,0,9.75,5,1.70927643294636,5.27083930042064,1
454,0,9.75,5,5.27083930042064,5.71684049781269,1
454,0,9.75,5,5.71684049781269,6.70192156845916,1
454,0,9.75,5,6.70192156845916,9.75,0
455,0,13.75,1,0,6.4791330441745,1
455,0,13.75,1,6.4791330441745,13.75,0
456,0,14.75,5,0,1.95989364999035,1
456,0,14.75,5,1.95989364999035,2.65825750006101,1
456,0,14.75,5,2.65825750006101,6.93485362724887,1
456,0,14.75,5,6.93485362724887,9.25163720538137,1
456,0,14.75,5,9.25163720538137,14.3512485512119,1
456,0,14.75,5,14.3512485512119,14.75,0
457,0,17.75,5,0,2.35224732410968,1
457,0,17.75,5,2.35224732410968,2.67731818781561,1
457,0,17.75,5,2.67731818781561,4.78068677593668,1
457,0,17.75,5,4.78068677593668,9.65256062411329,1
457,0,17.75,5,9.65256062411329,16.9223734955191,1
457,0,17.75,5,16.9223734955191,17.75,0
458,0,9.75,1,0,5.28078032593522,1
458,0,9.75,1,5.28078032593522,9.75,0
459,0,11.75,2,0,0.156467209775429,1
459,0,11.75,2,0.156467209775429,5.49957667024747,1
459,0,11.75,2,5.49957667024747,11.75,0
460,0,12.75,1,0,12.4201765354747,1
460,0,12.75,1,12.4201765354747,12.75,0
461,0,13.75,1,0,2.83329233720467,1
461,0,13.75,1,2.83329233720467,13.75,0
462,0,12.75,0,0,12.75,0
463,0,10.75,1,0,1.69690759117435,1
463,0,10.75,1,1.69690759117435,10.75,0
464,0,17.75,3,0,2.25214216293144,1
464,0,17.75,3,2.25214216293144,3.35132022816011,1
464,0,17.75,3,3.35132022816011,4.22165297709658,1
464,0,17.75,3,4.22165297709658,17.75,0
465,0,11.75,2,0,2.52190997994697,1
465,0,11.75,2,2.52190997994697,6.47587948485598,1
465,0,11.75,2,6.47587948485598,11.75,0
466,0,12.75,4,0,2.36097793791166,1
466,0,12.75,4,2.36097793791166,7.80888034886643,1
466,0,12.75,4,7.80888034886643,9.27875092113334,1
466,0,12.75,4,9.27875092113334,10.0419938089312,1
466,0,12.75,4,10.0419938089312,12.75,0
467,0,12.75,4,0,2.59768327983555,1
467,0,12.75,4,2.59768327983555,3.33782330268874,1
467,0,12.75,4,3.33782330268874,6.60845361655982,1
467,0,12.75,4,6.60845361655982,10.6493876551523,1
467,0,12.75,4,10.6493876551523,12.75,0
468,0,11.75,1,0,8.1251112808565,1
468,0,11.75,1,8.1251112808565,11.75,0
469,0,9.75,1,0,3.23576011402984,1
469,0,9.75,1,3.23576011402984,9.75,0
470,0,20.75,1,0,20.0723989925895,1
470,0,20.75,1,20.0723989925895,20.75,0
471,0,16.75,0,0,16.75,0
472,0,11.75,0,0,11.75,0
473,0,11.75,0,0,11.75,0
474,0,12.75,1,0,0.680736748477923,1
474,0,12.75,1,0.680736748477923,12.75,0
475,0,20.75,5,0,2.32034629828262,1
475,0,20.75,5,2.32034629828262,5.13711770004535,1
475,0,20.75,5,5.13711770004535,7.51254950806242,1
475,0,20.75,5,7.51254950806242,9.9077948660739,1
475,0,20.75,5,9.9077948660739,15.1881691906313,1
475,0,20.75,5,15.1881691906313,20.75,0
476,0,7.75,2,0,0.602232361805266,1
476,0,7.75,2,0.602232361805266,1.77658938437283,1
476,0,7.75,2,1.77658938437283,7.75,0
477,0,15.75,5,0,1.97440655754373,1
477,0,15.75,5,1.97440655754373,7.95136495074411,1
477,0,15.75,5,7.95136495074411,8.1848799299659,1
477,0,15.75,5,8.1848799299659,13.3919809934141,1
477,0,15.75,5,13.3919809934141,13.648963794358,1
477,0,15.75,5,13.648963794358,15.75,0
478,0,14.75,3,0,1.75115446078277,1
478,0,14.75,3,1.75115446078277,3.26262188263273,1
478,0,14.75,3,3.26262188263273,12.8908639837642,1
478,0,14.75,3,12.8908639837642,14.75,0
479,0,10.75,1,0,9.9607052795562,1
479,0,10.75,1,9.9607052795562,10.75,0
480,0,11.75,1,0,11.5929861928099,1
480,0,11.75,1,11.5929861928099,11.75,0
481,0,19.75,1,0,12.3625549548949,1
481,0,19.75,1,12.3625549548949,19.75,0
482,0,15.75,2,0,1.73999716633191,1
482,0,15.75,2,1.73999716633191,6.54219305751089,1
482,0,15.75,2,6.54219305751089,15.75,0
483,0,15.75,1,0,2.83223781437016,1
483,0,15.75,1,2.83223781437016,15.75,0
484,0,19.75,1,0,10.2681349935089,1
484,0,19.75,1,10.2681349935089,19.75,0
485,0,19.75,2,0,14.5653827222448,1
485,0,19.75,2,14.5653827222448,16.1995574824887,1
485,0,19.75,2,16.1995574824887,19.75,0
486,0,17.75,2,0,0.535872479002004,1
486,0,17.75,2,0.535872479002004,2.45470557326587,1
486,0,17.75,2,2.45470557326587,17.75,0
487,0,8.75,0,0,8.75,0
488,0,9.75,4,0,0.973429431728161,1
488,0,9.75,4,0.973429431728161,4.56178433157612,1
488,0,9.75,4,4.56178433157612,7.2347126774679,1
488,0,9.75,4,7.2347126774679,7.3819286366775,1
488,0,9.75,4,7.3819286366775,9.75,0
489,0,20.75,5,0,4.76488275211653,1
489,0,20.75,5,4.76488275211653,8.75729808723837,1
489,0,20.75,5,8.75729808723837,10.1622776123303,1
489,0,20.75,5,10.1622776123303,10.9449246478471,1
489,0,20.75,5,10.9449246478471,11.7503331139896,1
489,0,20.75,5,11.7503331139896,20.75,0
490,0,10.75,0,0,10.75,0
491,0,14.75,6,0,5.0257945164259,1
491,0,14.75,6,5.0257945164259,6.01621113984845,1
491,0,14.75,6,6.01621113984845,7.28397621298049,1
491,0,14.75,6,7.28397621298049,8.08940310545198,1
491,0,14.75,6,8.08940310545198,10.9583101204822,1
491,0,14.75,6,10.9583101204822,11.0648986549599,1
491,0,14.75,6,11.0648986549599,14.75,0
492,0,12.75,0,0,12.75,0
493,0,12.75,6,0,3.36404619042479,1
493,0,12.75,6,3.36404619042479,6.48222369598125,1
493,0,12.75,6,6.48222369598125,8.06007337065855,1
493,0,12.75,6,8.06007337065855,8.61450136026987,1
493,0,12.75,6,8.61450136026987,10.8572089236104,1
493,0,12.75,6,10.8572089236104,12.6615877033747,1
493,0,12.75,6,12.6615877033747,12.75,0
494,0,7.75,1,0,3.24145762093468,1
494,0,7.75,1,3.24145762093468,7.75,0
495,0,13.75,6,0,8.36823948505635,1
495,0,13.75,6,8.36823948505635,8.76863704781253,1
495,0,13.75,6,8.76863704781253,10.572300083033,1
495,0,13.75,6,10.572300083033,10.7795240954452,1
495,0,13.75,6,10.7795240954452,12.7267049681608,1
495,0,13.75,6,12.7267049681608,13.1833490235915,1
495,0,13.75,6,13.1833490235915,13.75,0
496,0,11.75,2,0,1.90387509934728,1
496,0,11.75,2,1.90387509934728,9.63494444786825,1
496,0,11.75,2,9.63494444786825,11.75,0
497,0,11.75,0,0,11.75,0
498,0,19.75,7,0,2.30933089329712,1
498,0,19.75,7,2.30933089329712,4.61370895863288,1
498,0,19.75,7,4.61370895863288,8.18561541026173,1
498,0,19.75,7,8.18561541026173,9.52405212541804,1
498,0,19.75,7,9.52405212541804,9.53693249334474,1
498,0,19.75,7,9.53693249334474,11.7357119824385,1
498,0,19.75,7,11.7357119824385,12.0299118132336,1
498,0,19.75,7,12.0299118132336,19.75,0
499,0,15.75,3,0,1.65496184037686,1
499,0,15.75,3,1.65496184037686,7.14002272500755,1
499,0,15.75,3,7.14002272500755,14.3811923908263,1
499,0,15.75,3,14.3811923908263,15.75,0
500,0,11.75,0,0,11.75,0
501,0,8.75,0,0,8.75,0
502,0,9.75,1,0,3.61407809953794,1
502,0,9.75,1,3.61407809953794,9.75,0
503,0,11.75,1,0,4.54232197734748,1
503,0,11.75,1,4.54232197734748,11.75,0
504,0,11.75,2,0,0.416443762800306,1
504,0,11.75,2,0.416443762800306,7.18740574888598,1
504,0,11.75,2,7.18740574888598,11.75,0
505,0,13.75,5,0,0.318720474801458,1
505,0,13.75,5,0.318720474801458,2.25121001567426,1
505,0,13.75,5,2.25121001567426,3.390257424398,1
505,0,13.75,5,3.390257424398,4.69110291287295,1
505,0,13.75,5,4.69110291287295,13.5626830994857,1
505,0,13.75,5,13.5626830994857,13.75,0
506,0,10.75,3,0,0.14026345491645,1
506,0,10.75,3,0.14026345491645,2.17751199662547,1
506,0,10.75,3,2.17751199662547,4.10990872058056,1
506,0,10.75,3,4.10990872058056,10.75,0
507,0,17.75,2,0,2.48761241567502,1
507,0,17.75,2,2.48761241567502,5.35463941302139,1
507,0,17.75,2,5.35463941302139,17.75,0
508,0,9.75,0,0,9.75,0
509,0,8.75,2,0,2.65436564057136,1
509,0,8.75,2,2.65436564057136,4.66214797482676,1
509,0,8.75,2,4.66214797482676,8.75,0
510,0,12.75,0,0,12.75,0
511,0,13.75,8,0,1.34989263012449,1
511,0,13.75,8,1.34989263012449,3.37029036330743,1
511,0,13.75,8,3.37029036330743,4.9682661696305,1
511,0,13.75,8,4.9682661696305,5.88324352241435,1
511,0,13.75,8,5.88324352241435,9.13858825821795,1
511,0,13.75,8,9.13858825821795,11.5137436508639,1
511,0,13.75,8,11.5137436508639,12.4610748458814,1
511,0,13.75,8,12.4610748458814,12.8613254940688,1
511,0,13.75,8,12.8613254940688,13.75,0
512,0,12.75,4,0,3.73391042785928,1
512,0,12.75,4,3.73391042785928,4.77523602855647,1
512,0,12.75,4,4.77523602855647,9.07539131391324,1
512,0,12.75,4,9.07539131391324,11.9734085213828,1
512,0,12.75,4,11.9734085213828,12.75,0
513,0,19.75,5,0,4.18287038727443,1
513,0,19.75,5,4.18287038727443,6.14782819711749,1
513,0,19.75,5,6.14782819711749,8.49722148955895,1
513,0,19.75,5,8.49722148955895,11.9158867874764,1
513,0,19.75,5,11.9158867874764,17.2968211528347,1
513,0,19.75,5,17.2968211528347,19.75,0
514,0,9.75,2,0,1.78380636668977,1
514,0,9.75,2,1.78380636668977,9.5818829160198,1
514,0,9.75,2,9.5818829160198,9.75,0
515,0,10.75,5,0,4.25644738739272,1
515,0,10.75,5,4.25644738739272,5.78939032324099,1
515,0,10.75,5,5.78939032324099,6.32009647096405,1
515,0,10.75,5,6.32009647096405,10.3506048969781,1
515,0,10.75,5,10.3506048969781,10.4080356445975,1
515,0,10.75,5,10.4080356445975,10.75,0
516,0,14.75,2,0,3.11466624966851,1
516,0,14.75,2,3.11466624966851,6.83660920503803,1
516,0,14.75,2,6.83660920503803,14.75,0
517,0,10.75,1,0,1.1843669127303,1
517,0,10.75,1,1.1843669127303,10.75,0
518,0,14.75,11,0,3.0169733983724,1
518,0,14.75,11,3.0169733983724,3.36529514281133,1
518,0,14.75,11,3.36529514281133,3.53391998502903,1
518,0,14.75,11,3.53391998502903,4.51307323664327,1
518,0,14.75,11,4.51307323664327,5.2554773205365,1
518,0,14.75,11,5.2554773205365,6.09866723642047,1
518,0,14.75,11,6.09866723642047,10.3458249157748,1
518,0,14.75,11,10.3458249157748,11.5379234502136,1
518,0,14.75,11,11.5379234502136,12.4973413756285,1
518,0,14.75,11,12.4973413756285,13.512208524336,1
518,0,14.75,11,13.512208524336,13.9849977352378,1
518,0,14.75,11,13.9849977352378,14.75,0
519,0,9.75,4,0,2.62740064930518,1
519,0,9.75,4,2.62740064930518,6.67990850502224,1
519,0,9.75,4,6.67990850502224,7.19919155284428,1
519,0,9.75,4,7.19919155284428,8.64763806359007,1
519,0,9.75,4,8.64763806359007,9.75,0
520,0,7.75,4,0,0.791709936513501,1
520,0,7.75,4,0.791709936513501,3.33231992196859,1
520,0,7.75,4,3.33231992196859,5.94762030306438,1
520,0,7.75,4,5.94762030306438,7.12141768747883,1
520,0,7.75,4,7.12141768747883,7.75,0
521,0,14.75,2,0,8.08022867011487,1
521,0,14.75,2,8.08022867011487,11.5380542048712,1
521,0,14.75,2,11.5380542048712,14.75,0
522,0,17.75,1,0,13.5899160560128,1
522,0,17.75,1,13.5899160560128,17.75,0
523,0,12.75,2,0,1.72876674078236,1
523,0,12.75,2,1.72876674078236,2.49509440847471,1
523,0,12.75,2,2.49509440847471,12.75,0
524,0,16.75,6,0,0.737224353652501,1
524,0,16.75,6,0.737224353652501,1.51560409082958,1
524,0,16.75,6,1.51560409082958,6.570946323631,1
524,0,16.75,6,6.570946323631,8.24667822502499,1
524,0,16.75,6,8.24667822502499,8.68722148826216,1
524,0,16.75,6,8.68722148826216,8.70244840482102,1
524,0,16.75,6,8.70244840482102,16.75,0
525,0,12.75,2,0,0.507347668732366,1
525,0,12.75,2,0.507347668732366,6.55573251546643,1
525,0,12.75,2,6.55573251546643,12.75,0
526,0,16.75,4,0,0.0653759492686332,1
526,0,16.75,4,0.0653759492686332,4.80752737854002,1
526,0,16.75,4,4.80752737854002,9.29087918881016,1
526,0,16.75,4,9.29087918881016,10.5317272719161,1
526,0,16.75,4,10.5317272719161,16.75,0
527,0,19.75,4,0,2.16675307147173,1
527,0,19.75,4,2.16675307147173,9.63495963298742,1
527,0,19.75,4,9.63495963298742,9.65789117283516,1
527,0,19.75,4,9.65789117283516,18.619323069774,1
527,0,19.75,4,18.619323069774,19.75,0
528,0,10.75,4,0,0.376483178085454,1
528,0,10.75,4,0.376483178085454,5.28624258333625,1
528,0,10.75,4,5.28624258333625,6.60569889737092,1
528,0,10.75,4,6.60569889737092,8.29875262945477,1
528,0,10.75,4,8.29875262945477,10.75,0
529,0,14.75,0,0,14.75,0
530,0,16.75,3,0,5.67834828800348,1
530,0,16.75,3,5.67834828800348,7.10645921801098,1
530,0,16.75,3,7.10645921801098,13.4088262684642,1
530,0,16.75,3,13.4088262684642,16.75,0
531,0,9.75,2,0,1.3967245142727,1
531,0,9.75,2,1.3967245142727,2.21084022980693,1
531,0,9.75,2,2.21084022980693,9.75,0
532,0,17.75,5,0,0.500575337906891,1
532,0,17.75,5,0.500575337906891,5.05221637019392,1
532,0,17.75,5,5.05221637019392,8.05283062380459,1
532,0,17.75,5,8.05283062380459,8.35417104841637,1
532,0,17.75,5,8.35417104841637,9.20486860599835,1
532,0,17.75,5,9.20486860599835,17.75,0
533,0,9.75,6,0,2.69823987384638,1
533,0,9.75,6,2.69823987384638,3.0901078565981,1
533,0,9.75,6,3.0901078565981,4.36175323160448,1
533,0,9.75,6,4.36175323160448,5.28355336928891,1
533,0,9.75,6,5.28355336928891,6.42817479372048,1
533,0,9.75,6,6.42817479372048,7.03510618488789,1
533,0,9.75,6,7.03510618488789,9.75,0
534,0,15.75,4,0,0.366799306227723,1
534,0,15.75,4,0.366799306227723,3.56624190113782,1
534,0,15.75,4,3.56624190113782,5.23162053754006,1
534,0,15.75,4,5.23162053754006,12.9612372462903,1
534,0,15.75,4,12.9612372462903,15.75,0
535,0,16.75,4,0,6.73701653007659,1
535,0,16.75,4,6.73701653007659,8.01512935443663,1
535,0,16.75,4,8.01512935443663,11.3461693641973,1
535,0,16.75,4,11.3461693641973,12.0957861503456,1
535,0,16.75,4,12.0957861503456,16.75,0
536,0,13.75,3,0,7.87171508163199,1
536,0,13.75,3,7.87171508163199,8.39244834903894,1
536,0,13.75,3,8.39244834903894,9.9665544649751,1
536,0,13.75,3,9.9665544649751,13.75,0
537,0,11.75,3,0,7.04077624802326,1
537,0,11.75,3,7.04077624802326,9.76491075896067,1
537,0,11.75,3,9.76491075896067,11.084412009013,1
537,0,11.75,3,11.084412009013,11.75,0
538,0,11.75,1,0,11.282312820523,1
538,0,11.75,1,11.282312820523,11.75,0
539,0,11.75,1,0,5.92688551550546,1
539,0,11.75,1,5.92688551550546,11.75,0
540,0,16.75,1,0,3.75711663840188,1
540,0,16.75,1,3.75711663840188,16.75,0
541,0,15.75,1,0,14.8099162866937,1
541,0,15.75,1,14.8099162866937,15.75,0
542,0,17.75,4,0,8.51796368884638,1
542,0,17.75,4,8.51796368884638,9.07753053078838,1
542,0,17.75,4,9.07753053078838,11.8049140355576,1
542,0,17.75,4,11.8049140355576,16.821388693179,1
542,0,17.75,4,16.821388693179,17.75,0
543,0,19.75,9,0,0.24994084196728,1
543,0,19.75,9,0.24994084196728,0.993239674808233,1
543,0,19.75,9,0.993239674808233,5.8094176965664,1
543,0,19.75,9,5.8094176965664,12.3697300584159,1
543,0,19.75,9,12.3697300584159,15.1134031992682,1
543,0,19.75,9,15.1134031992682,16.2668014445751,1
543,0,19.75,9,16.2668014445751,17.144207642856,1
543,0,19.75,9,17.144207642856,18.1471387805243,1
543,0,19.75,9,18.1471387805243,19.7113166779928,1
543,0,19.75,9,19.7113166779928,19.75,0
544,0,11.75,0,0,11.75,0
545,0,8.75,2,0,6.1223410645522,1
545,0,8.75,2,6.1223410645522,6.91930579629641,1
545,0,8.75,2,6.91930579629641,8.75,0
546,0,15.75,2,0,6.28369221518977,1
546,0,15.75,2,6.28369221518977,13.5969616801705,1
546,0,15.75,2,13.5969616801705,15.75,0
547,0,15.75,0,0,15.75,0
548,0,19.75,6,0,0.514667065206348,1
548,0,19.75,6,0.514667065206348,4.22713750590364,1
548,0,19.75,6,4.22713750590364,9.24024753614249,1
548,0,19.75,6,9.24024753614249,12.9352040812206,1
548,0,19.75,6,12.9352040812206,15.9693481152153,1
548,0,19.75,6,15.9693481152153,16.8656967336031,1
548,0,19.75,6,16.8656967336031,19.75,0
549,0,15.75,2,0,5.02514225697958,1
549,0,15.75,2,5.02514225697958,12.0907909367112,1
549,0,15.75,2,12.0907909367112,15.75,0
550,0,12.75,4,0,1.79238611882904,1
550,0,12.75,4,1.79238611882904,4.54798270412977,1
550,0,12.75,4,4.54798270412977,11.6055650858795,1
550,0,12.75,4,11.6055650858795,12.0120886859551,1
550,0,12.75,4,12.0120886859551,12.75,0
551,0,17.75,7,0,0.0270662819353881,1
551,0,17.75,7,0.0270662819353881,0.940025572122228,1
551,0,17.75,7,0.940025572122228,2.73806343611019,1
551,0,17.75,7,2.73806343611019,9.15012650819191,1
551,0,17.75,7,9.15012650819191,11.2093420539314,1
551,0,17.75,7,11.2093420539314,15.290140469898,1
551,0,17.75,7,15.290140469898,15.6832337152891,1
551,0,17.75,7,15.6832337152891,17.75,0
552,0,7.75,0,0,7.75,0
553,0,12.75,3,0,1.43541329730048,1
553,0,12.75,3,1.43541329730048,8.11165995049383,1
553,0,12.75,3,8.11165995049383,11.8173081287155,1
553,0,12.75,3,11.8173081287155,12.75,0
554,0,16.75,1,0,10.9137866940347,1
554,0,16.75,1,10.9137866940347,16.75,0
555,0,13.75,6,0,1.17527432148039,1
555,0,13.75,6,1.17527432148039,2.72215918195187,1
555,0,13.75,6,2.72215918195187,2.80937424508044,1
555,0,13.75,6,2.80937424508044,7.05046455985721,1
555,0,13.75,6,7.05046455985721,8.14150061101273,1
555,0,13.75,6,8.14150061101273,8.52304829143298,1
555,0,13.75,6,8.52304829143298,13.75,0
556,0,17.75,5,0,4.96601196611575,1
556,0,17.75,5,4.96601196611575,5.72068256403584,1
556,0,17.75,5,5.72068256403584,10.2152075225605,1
556,0,17.75,5,10.2152075225605,11.2015215293875,1
556,0,17.75,5,11.2015215293875,16.6899053921828,1
556,0,17.75,5,16.6899053921828,17.75,0
557,0,15.75,6,0,3.22810692199297,1
557,0,15.75,6,3.22810692199297,4.667595346817,1
557,0,15.75,6,4.667595346817,7.46307619666395,1
557,0,15.75,6,7.46307619666395,11.1054386844614,1
557,0,15.75,6,11.1054386844614,13.7056374083782,1
557,0,15.75,6,13.7056374083782,15.4436493031431,1
557,0,15.75,6,15.4436493031431,15.75,0
558,0,12.75,1,0,6.7747963380312,1
558,0,12.75,1,6.7747963380312,12.75,0
559,0,8.75,0,0,8.75,0
560,0,9.75,0,0,9.75,0
561,0,18.75,5,0,4.06733899377289,1
561,0,18.75,5,4.06733899377289,5.71058802047989,1
561,0,18.75,5,5.71058802047989,7.30555404783287,1
561,0,18.75,5,7.30555404783287,11.5643792428345,1
561,0,18.75,5,11.5643792428345,15.3414821053,1
561,0,18.75,5,15.3414821053,18.75,0
562,0,15.75,3,0,2.36122893442032,1
562,0,15.75,3,2.36122893442032,3.69020878754455,1
562,0,15.75,3,3.69020878754455,12.0784931001903,1
562,0,15.75,3,12.0784931001903,15.75,0
563,0,18.75,3,0,3.83327561446837,1
563,0,18.75,3,3.83327561446837,4.40751003672977,1
563,0,18.75,3,4.40751003672977,12.5565856779496,1
563,0,18.75,3,12.5565856779496,18.75,0
564,0,15.75,2,0,7.33730754616467,1
564,0,15.75,2,7.33730754616467,11.2307126519123,1
564,0,15.75,2,11.2307126519123,15.75,0
565,0,15.75,3,0,2.09314587230638,1
565,0,15.75,3,2.09314587230638,8.98029316655106,1
565,0,15.75,3,8.98029316655106,14.5669654288891,1
565,0,15.75,3,14.5669654288891,15.75,0
566,0,15.75,3,0,2.43795787464808,1
566,0,15.75,3,2.43795787464808,10.8431421642647,1
566,0,15.75,3,10.8431421642647,14.1806433640055,1
566,0,15.75,3,14.1806433640055,15.75,0
567,0,15.75,9,0,0.412571656759206,1
567,0,15.75,9,0.412571656759206,4.32540484508068,1
567,0,15.75,9,4.32540484508068,5.28484377851054,1
567,0,15.75,9,5.28484377851054,7.04922063619663,1
567,0,15.75,9,7.04922063619663,8.67388963237658,1
567,0,15.75,9,8.67388963237658,8.99354560662792,1
567,0,15.75,9,8.99354560662792,13.4472093468874,1
567,0,15.75,9,13.4472093468874,15.1616543354573,1
567,0,15.75,9,15.1616543354573,15.4147107330193,1
567,0,15.75,9,15.4147107330193,15.75,0
568,0,12.75,3,0,0.892650392482934,1
568,0,12.75,3,0.892650392482934,1.90093041495347,1
568,0,12.75,3,1.90093041495347,7.09157620839692,1
568,0,12.75,3,7.09157620839692,12.75,0
569,0,15.75,4,0,4.61117677024335,1
569,0,15.75,4,4.61117677024335,12.6554546320674,1
569,0,15.75,4,12.6554546320674,14.7485966745086,1
569,0,15.75,4,14.7485966745086,15.2466695620863,1
569,0,15.75,4,15.2466695620863,15.75,0
570,0,14.75,5,0,1.22756139417723,1
570,0,14.75,5,1.22756139417723,6.07626012751269,1
570,0,14.75,5,6.07626012751269,7.26237895385763,1
570,0,14.75,5,7.26237895385763,10.8583025815793,1
570,0,14.75,5,10.8583025815793,11.874782749137,1
570,0,14.75,5,11.874782749137,14.75,0
571,0,11.75,1,0,7.95159054168379,1
571,0,11.75,1,7.95159054168379,11.75,0
572,0,17.75,6,0,1.07742760437958,1
572,0,17.75,6,1.07742760437958,3.23101981077063,1
572,0,17.75,6,3.23101981077063,6.09279429832792,1
572,0,17.75,6,6.09279429832792,8.03699496347973,1
572,0,17.75,6,8.03699496347973,13.6161395900367,1
572,0,17.75,6,13.6161395900367,16.0888698429012,1
572,0,17.75,6,16.0888698429012,17.75,0
573,0,10.75,4,0,5.32682184593572,1
573,0,10.75,4,5.32682184593572,6.81939699289907,1
573,0,10.75,4,6.81939699289907,6.88296829630052,1
573,0,10.75,4,6.88296829630052,9.8391394464451,1
573,0,10.75,4,9.8391394464451,10.75,0
574,0,8.75,1,0,1.58870209578827,1
574,0,8.75,1,1.58870209578827,8.75,0
575,0,9.75,0,0,9.75,0
576,0,19.75,3,0,2.94189753036365,1
576,0,19.75,3,2.94189753036365,3.82955923905824,1
576,0,19.75,3,3.82955923905824,11.6046518865382,1
576,0,19.75,3,11.6046518865382,19.75,0
577,0,10.75,1,0,2.83348104512526,1
577,0,10.75,1,2.83348104512526,10.75,0
578,0,13.75,2,0,1.06499600589173,1
578,0,13.75,2,1.06499600589173,12.3382167991605,1
578,0,13.75,2,12.3382167991605,13.75,0
579,0,10.75,1,0,4.49239252639016,1
579,0,10.75,1,4.49239252639016,10.75,0
580,0,9.75,3,0,0.443854215265576,1
580,0,9.75,3,0.443854215265576,3.22504264609179,1
580,0,9.75,3,3.22504264609179,8.02550693520933,1
580,0,9.75,3,8.02550693520933,9.75,0
581,0,9.75,3,0,0.621998299585311,1
581,0,9.75,3,0.621998299585311,4.01497587642308,1
581,0,9.75,3,4.01497587642308,5.90493219378754,1
581,0,9.75,3,5.90493219378754,9.75,0
582,0,9.75,4,0,1.3956971264753,1
582,0,9.75,4,1.3956971264753,1.76889064771121,1
582,0,9.75,4,1.76889064771121,5.33384125644389,1
582,0,9.75,4,5.33384125644389,6.63189003584934,1
582,0,9.75,4,6.63189003584934,9.75,0
583,0,15.75,0,0,15.75,0
584,0,12.75,1,0,11.0509799888589,1
584,0,12.75,1,11.0509799888589,12.75,0
585,0,10.75,2,0,2.18973782644139,1
585,0,10.75,2,2.18973782644139,7.13003105643516,1
585,0,10.75,2,7.13003105643516,10.75,0
586,0,12.75,3,0,3.76596198664512,1
586,0,12.75,3,3.76596198664512,6.81325176686883,1
586,0,12.75,3,6.81325176686883,11.8430570292023,1
586,0,12.75,3,11.8430570292023,12.75,0
587,0,8.75,4,0,0.324035634345858,1
587,0,8.75,4,0.324035634345858,0.613235648716185,1
587,0,8.75,4,0.613235648716185,3.30657536461581,1
587,0,8.75,4,3.30657536461581,6.81716916321172,1
587,0,8.75,4,6.81716916321172,8.75,0
588,0,10.75,1,0,5.65094795284608,1
588,0,10.75,1,5.65094795284608,10.75,0
589,0,16.75,8,0,1.16783853358605,1
589,0,16.75,8,1.16783853358605,4.73040603182527,1
589,0,16.75,8,4.73040603182527,5.62517547941263,1
589,0,16.75,8,5.62517547941263,6.04789339282182,1
589,0,16.75,8,6.04789339282182,7.76224862961271,1
589,0,16.75,8,7.76224862961271,13.8603810979919,1
589,0,16.75,8,13.8603810979919,14.0098575244737,1
589,0,16.75,8,14.0098575244737,14.3194331352534,1
589,0,16.75,8,14.3194331352534,16.75,0
590,0,11.75,2,0,5.02163602832565,1
590,0,11.75,2,5.02163602832565,5.07348309512069,1
590,0,11.75,2,5.07348309512069,11.75,0
591,0,17.75,1,0,1.7576786270038,1
591,0,17.75,1,1.7576786270038,17.75,0
592,0,20.75,7,0,2.44086294994558,1
592,0,20.75,7,2.44086294994558,2.76967258235297,1
592,0,20.75,7,2.76967258235297,5.55771909235918,1
592,0,20.75,7,5.55771909235918,8.17394688082383,1
592,0,20.75,7,8.17394688082383,8.62230435313887,1
592,0,20.75,7,8.62230435313887,9.12656936226889,1
592,0,20.75,7,9.12656936226889,15.1137283242766,1
592,0,20.75,7,15.1137283242766,20.75,0
593,0,7.75,2,0,3.48027737828047,1
593,0,7.75,2,3.48027737828047,7.58484541845458,1
593,0,7.75,2,7.58484541845458,7.75,0
594,0,10.75,3,0,1.91910854206501,1
594,0,10.75,3,1.91910854206501,2.09430816286356,1
594,0,10.75,3,2.09430816286356,5.698828514499,1
594,0,10.75,3,5.698828514499,10.75,0
595,0,16.75,2,0,4.47349686280428,1
595,0,16.75,2,4.47349686280428,14.0405819869474,1
595,0,16.75,2,14.0405819869474,16.75,0
596,0,14.75,2,0,1.36526487790162,1
596,0,14.75,2,1.36526487790162,5.67978812285371,1
596,0,14.75,2,5.67978812285371,14.75,0
597,0,13.75,6,0,6.82361147324735,1
597,0,13.75,6,6.82361147324735,7.33616297403654,1
597,0,13.75,6,7.33616297403654,10.8471454258993,1
597,0,13.75,6,10.8471454258993,11.1831272707249,1
597,0,13.75,6,11.1831272707249,11.8128361695564,1
597,0,13.75,6,11.8128361695564,12.1054389224926,1
597,0,13.75,6,12.1054389224926,13.75,0
598,0,17.75,2,0,5.2758578381377,1
598,0,17.75,2,5.2758578381377,5.87575630357129,1
598,0,17.75,2,5.87575630357129,17.75,0
599,0,13.75,1,0,6.83180431227623,1
599,0,13.75,1,6.83180431227623,13.75,0
600,0,15.75,1,0,3.65453836864362,1
600,0,15.75,1,3.65453836864362,15.75,0
