"id","xi","Tei","n.rec","start","stop","status"
1,1,17.75,1,0,16.189587624871,1
1,1,17.75,1,16.189587624871,17.75,0
2,1,11.75,1,0,8.46764449540061,1
2,1,11.75,1,8.46764449540061,11.75,0
3,1,11.75,5,0,2.15543300422581,1
3,1,11.75,5,2.15543300422581,2.55138528486734,1
3,1,11.75,5,2.55138528486734,5.59706899385754,1
3,1,11.75,5,5.59706899385754,9.16200854527309,1
3,1,11.75,5,9.16200854527309,11.1944866464506,1
3,1,11.75,5,11.1944866464506,11.75,0
4,1,17.75,8,0,5.76896531509682,1
4,1,17.75,8,5.76896531509682,6.03987633754311,1
4,1,17.75,8,6.03987633754311,6.717883745541,1
4,1,17.75,8,6.717883745541,7.82124581435012,1
4,1,17.75,8,7.82124581435012,9.4983432780575,1
4,1,17.75,8,9.4983432780575,13.8445129269589,1
4,1,17.75,8,13.8445129269589,16.0924608100206,1
4,1,17.75,8,16.0924608100206,17.6169925095389,1
4,1,17.75,8,17.6169925095389,17.75,0
5,1,9.75,1,0,2.40808711285087,1
5,1,9.75,1,2.40808711285087,9.75,0
6,1,17.75,6,0,5.05117304073174,1
6,1,17.75,6,5.05117304073174,5.63200620664115,1
6,1,17.75,6,5.63200620664115,6.33879352642698,1
6,1,17.75,6,6.33879352642698,10.5068240565567,1
6,1,17.75,6,10.5068240565567,15.8413542024282,1
6,1,17.75,6,15.8413542024282,17.0356421117714,1
6,1,17.75,6,17.0356421117714,17.75,0
7,1,17.75,3,0,2.44197026093131,1
7,1,17.75,3,2.44197026093131,3.98594497528695,1
7,1,17.75,3,3.98594497528695,15.7736906158254,1
7,1,17.75,3,15.7736906158254,17.75,0
8,1,18.75,7,0,3.45239328939511,1
8,1,18.75,7,3.45239328939511,10.4272213314248,1
8,1,18.75,7,10.4272213314248,11.025593279296,1
8,1,18.75,7,11.025593279296,12.6462965521576,1
8,1,18.75,7,12.6462965521576,15.2107990740266,1
8,1,18.75,7,15.2107990740266,16.4345274220262,1
8,1,18.75,7,16.4345274220262,16.5682707610949,1
8,1,18.75,7,16.5682707610949,18.75,0
9,1,15.75,3,0,12.4241465028678,1
9,1,15.75,3,12.4241465028678,12.8370410464745,1
9,1,15.75,3,12.8370410464745,14.2611745984843,1
9,1,15.75,3,14.2611745984843,15.75,0
10,1,13.75,5,0,4.53334465356625,1
10,1,13.75,5,4.53334465356625,7.88443019646101,1
10,1,13.75,5,7.88443019646101,8.86982266823587,1
10,1,13.75,5,8.86982266823587,10.2216435116228,1
10,1,13.75,5,10.2216435116228,12.2436426616782,1
10,1,13.75,5,12.2436426616782,13.75,0
11,1,12.75,1,0,3.57675164578983,1
11,1,12.75,1,3.57675164578983,12.75,0
12,1,20.75,2,0,8.58084205675712,1
12,1,20.75,2,8.58084205675712,19.6110476599903,1
12,1,20.75,2,19.6110476599903,20.75,0
13,1,10.75,2,0,2.44438091681232,1
13,1,10.75,2,2.44438091681232,8.92166776453193,1
13,1,10.75,2,8.92166776453193,10.75,0
14,1,18.75,9,0,0.928752794444052,1
14,1,18.75,9,0.928752794444052,1.93257831020006,1
14,1,18.75,9,1.93257831020006,5.43448391833772,1
14,1,18.75,9,5.43448391833772,6.38697299513202,1
14,1,18.75,9,6.38697299513202,8.40892182558854,1
14,1,18.75,9,8.40892182558854,14.0532309906618,1
14,1,18.75,9,14.0532309906618,16.0163758593873,1
14,1,18.75,9,16.0163758593873,16.2274621734364,1
14,1,18.75,9,16.2274621734364,16.240858309726,1
14,1,18.75,9,16.240858309726,18.75,0
15,1,15.75,11,0,3.04627934065262,1
15,1,15.75,11,3.04627934065262,3.10321170856901,1
15,1,15.75,11,3.10321170856901,3.92252053160454,1
15,1,15.75,11,3.92252053160454,3.94768346881265,1
15,1,15.75,11,3.94768346881265,4.29946108288725,1
15,1,15.75,11,4.29946108288725,4.7911835439741,1
15,1,15.75,11,4.7911835439741,6.21080077609966,1
15,1,15.75,11,6.21080077609966,6.51984211243735,1
15,1,15.75,11,6.51984211243735,11.3171453866584,1
15,1,15.75,11,11.3171453866584,12.7599501781277,1
15,1,15.75,11,12.7599501781277,14.9234245501947,1
15,1,15.75,11,14.9234245501947,15.75,0
16,1,10.75,2,0,2.30499758656673,1
16,1,10.75,2,2.30499758656673,8.85411277795869,1
16,1,10.75,2,8.85411277795869,10.75,0
17,1,20.75,2,0,8.42493658591863,1
17,1,20.75,2,8.42493658591863,9.47141012793034,1
17,1,20.75,2,9.47141012793034,20.75,0
18,1,15.75,7,0,0.610293916963076,1
18,1,15.75,7,0.610293916963076,2.87203194509012,1
18,1,15.75,7,2.87203194509012,6.02471961053166,1
18,1,15.75,7,6.02471961053166,11.7795582874647,1
18,1,15.75,7,11.7795582874647,12.2144648747682,1
18,1,15.75,7,12.2144648747682,12.7536311395746,1
18,1,15.75,7,12.7536311395746,13.3484440157276,1
18,1,15.75,7,13.3484440157276,15.75,0
19,1,11.75,5,0,1.54315921576476,1
19,1,11.75,5,1.54315921576476,2.72201149350651,1
19,1,11.75,5,2.72201149350651,3.45739201961119,1
19,1,11.75,5,3.45739201961119,6.64411304422454,1
19,1,11.75,5,6.64411304422454,8.67652642982332,1
19,1,11.75,5,8.67652642982332,11.75,0
20,1,13.75,6,0,0.385470400311068,1
20,1,13.75,6,0.385470400311068,1.12476887528723,1
20,1,13.75,6,1.12476887528723,7.20863212484871,1
20,1,13.75,6,7.20863212484871,8.87222757683932,1
20,1,13.75,6,8.87222757683932,11.4681655315374,1
20,1,13.75,6,11.4681655315374,13.2468120912938,1
20,1,13.75,6,13.2468120912938,13.75,0
21,1,14.75,1,0,11.5470870299607,1
21,1,14.75,1,11.5470870299607,14.75,0
22,1,14.75,5,0,1.216837835498,1
22,1,14.75,5,1.216837835498,4.27435001987137,1
22,1,14.75,5,4.27435001987137,11.5218383318444,1
22,1,14.75,5,11.5218383318444,14.5113369757107,1
22,1,14.75,5,14.5113369757107,14.6924377098474,1
22,1,14.75,5,14.6924377098474,14.75,0
23,1,14.75,13,0,0.454522264421242,1
23,1,14.75,13,0.454522264421242,0.56346167718489,1
23,1,14.75,13,0.56346167718489,1.6924777241645,1
23,1,14.75,13,1.6924777241645,4.60849621415136,1
23,1,14.75,13,4.60849621415136,6.33787230197196,1
23,1,14.75,13,6.33787230197196,6.4995722601503,1
23,1,14.75,13,6.4995722601503,7.30556832630866,1
23,1,14.75,13,7.30556832630866,9.21020970623848,1
23,1,14.75,13,9.21020970623848,9.927998003531,1
23,1,14.75,13,9.927998003531,12.5737615518587,1
23,1,14.75,13,12.5737615518587,12.705974664863,1
23,1,14.75,13,12.705974664863,12.9446975977562,1
23,1,14.75,13,12.9446975977562,14.0966719706121,1
23,1,14.75,13,14.0966719706121,14.75,0
24,1,15.75,10,0,1.44706361093348,1
24,1,15.75,10,1.44706361093348,1.5271360361282,1
24,1,15.75,10,1.5271360361282,1.72483662283367,1
24,1,15.75,10,1.72483662283367,1.92114230023564,1
24,1,15.75,10,1.92114230023564,3.87304083596162,1
24,1,15.75,10,3.87304083596162,8.00376002398896,1
24,1,15.75,10,8.00376002398896,10.6538817363323,1
24,1,15.75,10,10.6538817363323,11.8340870332315,1
24,1,15.75,10,11.8340870332315,12.2256053718433,1
24,1,15.75,10,12.2256053718433,14.5960699024388,1
24,1,15.75,10,14.5960699024388,15.75,0
25,1,9.75,1,0,3.9746995833712,1
25,1,9.75,1,3.9746995833712,9.75,0
26,1,15.75,4,0,1.30464417279415,1
26,1,15.75,4,1.30464417279415,1.85163962099999,1
26,1,15.75,4,1.85163962099999,2.53992035335838,1
26,1,15.75,4,2.53992035335838,4.71895801852144,1
26,1,15.75,4,4.71895801852144,15.75,0
27,1,13.75,0,0,13.75,0
28,1,19.75,0,0,19.75,0
29,1,13.75,2,0,3.40506300715042,1
29,1,13.75,2,3.40506300715042,4.76831731038502,1
29,1,13.75,2,4.76831731038502,13.75,0
30,1,8.75,4,0,0.769150723945878,1
30,1,8.75,4,0.769150723945878,4.26490088150604,1
30,1,8.75,4,4.26490088150604,7.3580764527578,1
30,1,8.75,4,7.3580764527578,8.26171512567611,1
30,1,8.75,4,8.26171512567611,8.75,0
31,1,20.75,12,0,1.70540491389968,1
31,1,20.75,12,1.70540491389968,2.08555115582096,1
31,1,20.75,12,2.08555115582096,2.45542021060511,1
31,1,20.75,12,2.45542021060511,7.38385425585142,1
31,1,20.75,12,7.38385425585142,8.12643678537405,1
31,1,20.75,12,8.12643678537405,8.74214423213827,1
31,1,20.75,12,8.74214423213827,10.0136482312901,1
31,1,20.75,12,10.0136482312901,11.0295496989879,1
31,1,20.75,12,11.0295496989879,12.1503052069375,1
31,1,20.75,12,12.1503052069375,12.8017659471027,1
31,1,20.75,12,12.8017659471027,17.6136875218715,1
31,1,20.75,12,17.6136875218715,18.0240018191135,1
31,1,20.75,12,18.0240018191135,20.75,0
32,1,15.75,0,0,15.75,0
33,1,10.75,2,0,3.96306546305475,1
33,1,10.75,2,3.96306546305475,9.76610131663756,1
33,1,10.75,2,9.76610131663756,10.75,0
34,1,14.75,8,0,2.24248120581701,1
34,1,14.75,8,2.24248120581701,4.61990139541482,1
34,1,14.75,8,4.61990139541482,5.22972315160913,1
34,1,14.75,8,5.22972315160913,6.59121277023707,1
34,1,14.75,8,6.59121277023707,8.59883879218276,1
34,1,14.75,8,8.59883879218276,11.395925664114,1
34,1,14.75,8,11.395925664114,11.9628736048736,1
34,1,14.75,8,11.9628736048736,12.1751338145799,1
34,1,14.75,8,12.1751338145799,14.75,0
35,1,12.75,1,0,8.49270931149431,1
35,1,12.75,1,8.49270931149431,12.75,0
36,1,11.75,4,0,0.576070961610846,1
36,1,11.75,4,0.576070961610846,1.69811601080362,1
36,1,11.75,4,1.69811601080362,5.7252209827167,1
36,1,11.75,4,5.7252209827167,9.02707482275784,1
36,1,11.75,4,9.02707482275784,11.75,0
37,1,8.75,0,0,8.75,0
38,1,10.75,2,0,0.212457359253889,1
38,1,10.75,2,0.212457359253889,0.906040113587368,1
38,1,10.75,2,0.906040113587368,10.75,0
39,1,10.75,4,0,3.25504372469258,1
39,1,10.75,4,3.25504372469258,6.01853100332457,1
39,1,10.75,4,6.01853100332457,7.94492401955436,1
39,1,10.75,4,7.94492401955436,10.4660026228396,1
39,1,10.75,4,10.4660026228396,10.75,0
40,1,15.75,3,0,0.568391263940284,1
40,1,15.75,3,0.568391263940284,9.88960934144269,1
40,1,15.75,3,9.88960934144269,12.4124901641585,1
40,1,15.75,3,12.4124901641585,15.75,0
41,1,12.75,5,0,1.31003649025166,1
41,1,12.75,5,1.31003649025166,3.0004124217995,1
41,1,12.75,5,3.0004124217995,4.70511009849379,1
41,1,12.75,5,4.70511009849379,7.47123548023737,1
41,1,12.75,5,7.47123548023737,8.17216985989546,1
41,1,12.75,5,8.17216985989546,12.75,0
42,1,19.75,7,0,0.490828089227955,1
42,1,19.75,7,0.490828089227955,3.30234204280231,1
42,1,19.75,7,3.30234204280231,5.2556347290331,1
42,1,19.75,7,5.2556347290331,6.6323646178439,1
42,1,19.75,7,6.6323646178439,9.24382667575965,1
42,1,19.75,7,9.24382667575965,15.9376371454743,1
42,1,19.75,7,15.9376371454743,18.6049443753116,1
42,1,19.75,7,18.6049443753116,19.75,0
43,1,17.75,6,0,1.88705510187888,1
43,1,17.75,6,1.88705510187888,2.06412935922576,1
43,1,17.75,6,2.06412935922576,2.72377695313055,1
43,1,17.75,6,2.72377695313055,8.20757489310968,1
43,1,17.75,6,8.20757489310968,12.4405914645115,1
43,1,17.75,6,12.4405914645115,15.9219298632366,1
43,1,17.75,6,15.9219298632366,17.75,0
44,1,14.75,1,0,8.32911267389749,1
44,1,14.75,1,8.32911267389749,14.75,0
45,1,19.75,7,0,0.679618743251458,1
45,1,19.75,7,0.679618743251458,4.26206391982722,1
45,1,19.75,7,4.26206391982722,11.7928362681398,1
45,1,19.75,7,11.7928362681398,11.9919348873524,1
45,1,19.75,7,11.9919348873524,12.9749397883303,1
45,1,19.75,7,12.9749397883303,18.2628600505778,1
45,1,19.75,7,18.2628600505778,18.399653290027,1
45,1,19.75,7,18.399653290027,19.75,0
46,1,16.75,1,0,8.43031504301935,1
46,1,16.75,1,8.43031504301935,16.75,0
47,1,10.75,3,0,5.80984221615257,1
47,1,10.75,3,5.80984221615257,8.2567289660825,1
47,1,10.75,3,8.2567289660825,9.05709127371463,1
47,1,10.75,3,9.05709127371463,10.75,0
48,1,20.75,8,0,1.79692044522764,1
48,1,20.75,8,1.79692044522764,3.94383733227205,1
48,1,20.75,8,3.94383733227205,11.4337572900085,1
48,1,20.75,8,11.4337572900085,11.9490336389093,1
48,1,20.75,8,11.9490336389093,14.9424291115471,1
48,1,20.75,8,14.9424291115471,15.7963708341261,1
48,1,20.75,8,15.7963708341261,20.4361064196528,1
48,1,20.75,8,20.4361064196528,20.7391378720712,1
48,1,20.75,8,20.7391378720712,20.75,0
49,1,11.75,10,0,1.58993690823996,1
49,1,11.75,10,1.58993690823996,1.68788975217797,1
49,1,11.75,10,1.68788975217797,2.09820959070061,1
49,1,11.75,10,2.09820959070061,4.53890336545003,1
49,1,11.75,10,4.53890336545003,5.98829443208057,1
49,1,11.75,10,5.98829443208057,6.69338923200896,1
49,1,11.75,10,6.69338923200896,8.93487802422788,1
49,1,11.75,10,8.93487802422788,9.71027388712714,1
49,1,11.75,10,9.71027388712714,11.204885534537,1
49,1,11.75,10,11.204885534537,11.3306951632676,1
49,1,11.75,10,11.3306951632676,11.75,0
50,1,19.75,0,0,19.75,0
51,1,8.75,1,0,6.78487847737788,1
51,1,8.75,1,6.78487847737788,8.75,0
52,1,13.75,2,0,0.804311149407074,1
52,1,13.75,2,0.804311149407074,12.374019320196,1
52,1,13.75,2,12.374019320196,13.75,0
53,1,15.75,11,0,2.81912475119383,1
53,1,15.75,11,2.81912475119383,4.48129639189776,1
53,1,15.75,11,4.48129639189776,7.15777924226829,1
53,1,15.75,11,7.15777924226829,8.47444531333134,1
53,1,15.75,11,8.47444531333134,9.13899939725777,1
53,1,15.75,11,9.13899939725777,9.28488876660445,1
53,1,15.75,11,9.28488876660445,12.4680051155079,1
53,1,15.75,11,12.4680051155079,13.5054529329883,1
53,1,15.75,11,13.5054529329883,14.1966948194717,1
53,1,15.75,11,14.1966948194717,14.6167454802952,1
53,1,15.75,11,14.6167454802952,14.9531194434085,1
53,1,15.75,11,14.9531194434085,15.75,0
54,1,12.75,2,0,4.90731454652434,1
54,1,12.75,2,4.90731454652434,11.0382127023466,1
54,1,12.75,2,11.0382127023466,12.75,0
55,1,14.75,2,0,3.08157553777319,1
55,1,14.75,2,3.08157553777319,9.81688435819206,1
55,1,14.75,2,9.81688435819206,14.75,0
56,1,15.75,3,0,3.15071000439197,1
56,1,15.75,3,3.15071000439197,8.04875166154242,1
56,1,15.75,3,8.04875166154242,11.6107826580204,1
56,1,15.75,3,11.6107826580204,15.75,0
57,1,14.75,2,0,6.6555708204064,1
57,1,14.75,2,6.6555708204064,7.88047701390255,1
57,1,14.75,2,7.88047701390255,14.75,0
58,1,18.75,4,0,5.85254640029432,1
58,1,18.75,4,5.85254640029432,10.4832226302273,1
58,1,18.75,4,10.4832226302273,11.1195038998274,1
58,1,18.75,4,11.1195038998274,11.8805132831703,1
58,1,18.75,4,11.8805132831703,18.75,0
59,1,19.75,4,0,7.85496528589935,1
59,1,19.75,4,7.85496528589935,9.54291625926408,1
59,1,19.75,4,9.54291625926408,13.6183276996373,1
59,1,19.75,4,13.6183276996373,15.5998345351846,1
59,1,19.75,4,15.5998345351846,19.75,0
60,1,16.75,5,0,2.44098769027876,1
60,1,16.75,5,2.44098769027876,5.15528109136825,1
60,1,16.75,5,5.15528109136825,7.92972665464703,1
60,1,16.75,5,7.92972665464703,9.60326345173105,1
60,1,16.75,5,9.60326345173105,12.1656979178945,1
60,1,16.75,5,12.1656979178945,16.75,0
61,1,20.75,4,0,0.827669435747344,1
61,1,20.75,4,0.827669435747344,4.48577352027432,1
61,1,20.75,4,4.48577352027432,5.61764054015039,1
61,1,20.75,4,5.61764054015039,6.20577299272584,1
61,1,20.75,4,6.20577299272584,20.75,0
62,1,9.75,1,0,4.5914627537076,1
62,1,9.75,1,4.5914627537076,9.75,0
63,1,8.75,3,0,4.21641010578624,1
63,1,8.75,3,4.21641010578624,4.22921009852605,1
63,1,8.75,3,4.22921009852605,4.75619745900835,1
63,1,8.75,3,4.75619745900835,8.75,0
64,1,10.75,1,0,0.485348728214708,1
64,1,10.75,1,0.485348728214708,10.75,0
65,1,15.75,8,0,4.84357045033658,1
65,1,15.75,8,4.84357045033658,6.94311954096411,1
65,1,15.75,8,6.94311954096411,7.67999895988004,1
65,1,15.75,8,7.67999895988004,7.77927866419837,1
65,1,15.75,8,7.77927866419837,7.79453097557387,1
65,1,15.75,8,7.79453097557387,8.312030523619,1
65,1,15.75,8,8.312030523619,8.43896816936452,1
65,1,15.75,8,8.43896816936452,13.3659160004848,1
65,1,15.75,8,13.3659160004848,15.75,0
66,1,14.75,3,0,1.95632047126097,1
66,1,14.75,3,1.95632047126097,2.23080762636047,1
66,1,14.75,3,2.23080762636047,7.63466188458977,1
66,1,14.75,3,7.63466188458977,14.75,0
67,1,15.75,7,0,6.67808464286397,1
67,1,15.75,7,6.67808464286397,7.23734304358184,1
67,1,15.75,7,7.23734304358184,10.7839301525948,1
67,1,15.75,7,10.7839301525948,11.078141225176,1
67,1,15.75,7,11.078141225176,11.7497511394103,1
67,1,15.75,7,11.7497511394103,12.8817659320364,1
67,1,15.75,7,12.8817659320364,13.6820508587689,1
67,1,15.75,7,13.6820508587689,15.75,0
68,1,10.75,1,0,7.50087647843529,1
68,1,10.75,1,7.50087647843529,10.75,0
69,1,14.75,8,0,0.485488875695431,1
69,1,14.75,8,0.485488875695431,0.753853876312709,1
69,1,14.75,8,0.753853876312709,2.76209470555247,1
69,1,14.75,8,2.76209470555247,4.05518291839557,1
69,1,14.75,8,4.05518291839557,6.64757820432952,1
69,1,14.75,8,6.64757820432952,10.6472750213075,1
69,1,14.75,8,10.6472750213075,12.2127518246884,1
69,1,14.75,8,12.2127518246884,14.2027044733885,1
69,1,14.75,8,14.2027044733885,14.75,0
70,1,13.75,18,0,1.89345136973984,1
70,1,13.75,18,1.89345136973984,2.90583211626347,1
70,1,13.75,18,2.90583211626347,3.0811583877667,1
70,1,13.75,18,3.0811583877667,3.71634205214564,1
70,1,13.75,18,3.71634205214564,4.75924991948514,1
70,1,13.75,18,4.75924991948514,5.44308910179076,1
70,1,13.75,18,5.44308910179076,5.73545495287674,1
70,1,13.75,18,5.73545495287674,6.95294538183063,1
70,1,13.75,18,6.95294538183063,8.83565450167058,1
70,1,13.75,18,8.83565450167058,9.59926341750732,1
70,1,13.75,18,9.59926341750732,9.83466583510942,1
70,1,13.75,18,9.83466583510942,10.0404498809473,1
70,1,13.75,18,10.0404498809473,10.593115264901,1
70,1,13.75,18,10.593115264901,11.8039967126494,1
70,1,13.75,18,11.8039967126494,12.0576973175664,1
70,1,13.75,18,12.0576973175664,12.2346439248711,1
70,1,13.75,18,12.2346439248711,12.5207514651428,1
70,1,13.75,18,12.5207514651428,12.9816417759314,1
70,1,13.75,18,12.9816417759314,13.75,0
71,1,10.75,3,0,3.32067263694022,1
71,1,10.75,3,3.32067263694022,8.08678433833036,1
71,1,10.75,3,8.08678433833036,10.3554133289547,1
71,1,10.75,3,10.3554133289547,10.75,0
72,1,11.75,11,0,0.2496278730206,1
72,1,11.75,11,0.2496278730206,1.81881437466831,1
72,1,11.75,11,1.81881437466831,3.06509597813722,1
72,1,11.75,11,3.06509597813722,4.34008016175979,1
72,1,11.75,11,4.34008016175979,4.37059192757799,1
72,1,11.75,11,4.37059192757799,7.61473999423049,1
72,1,11.75,11,7.61473999423049,7.81237097842589,1
72,1,11.75,11,7.81237097842589,8.94521565052376,1
72,1,11.75,11,8.94521565052376,9.64960024336964,1
72,1,11.75,11,9.64960024336964,9.6591375059049,1
72,1,11.75,11,9.6591375059049,10.0967410046641,1
72,1,11.75,11,10.0967410046641,11.75,0
73,1,10.75,2,0,3.27722157394536,1
73,1,10.75,2,3.27722157394536,9.26610023909826,1
73,1,10.75,2,9.26610023909826,10.75,0
74,1,20.75,6,0,3.30864047555199,1
74,1,20.75,6,3.30864047555199,5.79179181154975,1
74,1,20.75,6,5.79179181154975,13.0130749905352,1
74,1,20.75,6,13.0130749905352,14.6053068857105,1
74,1,20.75,6,14.6053068857105,20.3265022759969,1
74,1,20.75,6,20.3265022759969,20.6819976460355,1
74,1,20.75,6,20.6819976460355,20.75,0
75,1,15.75,7,0,0.133517320833648,1
75,1,15.75,7,0.133517320833648,2.59884234999542,1
75,1,15.75,7,2.59884234999542,2.6445221772612,1
75,1,15.75,7,2.6445221772612,6.83112622332023,1
75,1,15.75,7,6.83112622332023,8.40065771318019,1
75,1,15.75,7,8.40065771318019,12.9324694110885,1
75,1,15.75,7,12.9324694110885,14.3613676736146,1
75,1,15.75,7,14.3613676736146,15.75,0
76,1,16.75,5,0,1.14487838153102,1
76,1,16.75,5,1.14487838153102,7.04717639341343,1
76,1,16.75,5,7.04717639341343,12.468077166314,1
76,1,16.75,5,12.468077166314,13.0841293086626,1
76,1,16.75,5,13.0841293086626,14.2576948226676,1
76,1,16.75,5,14.2576948226676,16.75,0
77,1,9.75,2,0,3.13491230155366,1
77,1,9.75,2,3.13491230155366,3.22714812709179,1
77,1,9.75,2,3.22714812709179,9.75,0
78,1,14.75,1,0,14.5607726544412,1
78,1,14.75,1,14.5607726544412,14.75,0
79,1,14.75,2,0,0.146960356146029,1
79,1,14.75,2,0.146960356146029,10.9882279507213,1
79,1,14.75,2,10.9882279507213,14.75,0
80,1,11.75,7,0,0.0765710252273895,1
80,1,11.75,7,0.0765710252273895,1.63010350689018,1
80,1,11.75,7,1.63010350689018,2.52072330539676,1
80,1,11.75,7,2.52072330539676,6.05231093828918,1
80,1,11.75,7,6.05231093828918,6.29194657483571,1
80,1,11.75,7,6.29194657483571,8.48190408572171,1
80,1,11.75,7,8.48190408572171,9.97916153632665,1
80,1,11.75,7,9.97916153632665,11.75,0
81,1,20.75,4,0,1.27410234077706,1
81,1,20.75,4,1.27410234077706,5.03324695430181,1
81,1,20.75,4,5.03324695430181,8.18370097611317,1
81,1,20.75,4,8.18370097611317,13.1808076816959,1
81,1,20.75,4,13.1808076816959,20.75,0
82,1,19.75,7,0,1.33634260678629,1
82,1,19.75,7,1.33634260678629,2.53381683790262,1
82,1,19.75,7,2.53381683790262,2.68463442002939,1
82,1,19.75,7,2.68463442002939,11.7038366497765,1
82,1,19.75,7,11.7038366497765,12.3812401450449,1
82,1,19.75,7,12.3812401450449,17.7785440306671,1
82,1,19.75,7,17.7785440306671,18.5651858756569,1
82,1,19.75,7,18.5651858756569,19.75,0
83,1,17.75,11,0,0.472903491880137,1
83,1,17.75,11,0.472903491880137,1.47396385599402,1
83,1,17.75,11,1.47396385599402,3.14747439961986,1
83,1,17.75,11,3.14747439961986,4.50279786833871,1
83,1,17.75,11,4.50279786833871,5.36941354298666,1
83,1,17.75,11,5.36941354298666,6.15678920224112,1
83,1,17.75,11,6.15678920224112,6.26669478251463,1
83,1,17.75,11,6.26669478251463,6.32386331080714,1
83,1,17.75,11,6.32386331080714,10.8293951792447,1
83,1,17.75,11,10.8293951792447,13.13609963516,1
83,1,17.75,11,13.13609963516,13.6813857075698,1
83,1,17.75,11,13.6813857075698,17.75,0
84,1,9.75,0,0,9.75,0
85,1,14.75,5,0,5.46795673034649,1
85,1,14.75,5,5.46795673034649,6.59755599832106,1
85,1,14.75,5,6.59755599832106,8.12609593154686,1
85,1,14.75,5,8.12609593154686,13.3439589666227,1
85,1,14.75,5,13.3439589666227,14.3297340881207,1
85,1,14.75,5,14.3297340881207,14.75,0
86,1,10.75,1,0,2.73723795803979,1
86,1,10.75,1,2.73723795803979,10.75,0
87,1,13.75,3,0,3.02908009631909,1
87,1,13.75,3,3.02908009631909,4.90720595501161,1
87,1,13.75,3,4.90720595501161,8.40100460701964,1
87,1,13.75,3,8.40100460701964,13.75,0
88,1,8.75,0,0,8.75,0
89,1,8.75,1,0,0.919936350251254,1
89,1,8.75,1,0.919936350251254,8.75,0
90,1,11.75,1,0,3.33214577112419,1
90,1,11.75,1,3.33214577112419,11.75,0
91,1,14.75,2,0,2.29533337505686,1
91,1,14.75,2,2.29533337505686,4.90269154075347,1
91,1,14.75,2,4.90269154075347,14.75,0
92,1,13.75,3,0,1.37015074920123,1
92,1,13.75,3,1.37015074920123,5.87685619986875,1
92,1,13.75,3,5.87685619986875,8.27656283664844,1
92,1,13.75,3,8.27656283664844,13.75,0
93,1,10.75,7,0,0.0767550896704364,1
93,1,10.75,7,0.0767550896704364,3.40254037812944,1
93,1,10.75,7,3.40254037812944,5.02113893065717,1
93,1,10.75,7,5.02113893065717,5.22617684953191,1
93,1,10.75,7,5.22617684953191,6.16536831924321,1
93,1,10.75,7,6.16536831924321,6.5960939129156,1
93,1,10.75,7,6.5960939129156,8.98169005405279,1
93,1,10.75,7,8.98169005405279,10.75,0
94,1,12.75,6,0,10.3525130088346,1
94,1,12.75,6,10.3525130088346,10.3897464592592,1
94,1,12.75,6,10.3897464592592,11.0003366591665,1
94,1,12.75,6,11.0003366591665,12.0736519770528,1
94,1,12.75,6,12.0736519770528,12.3788523000843,1
94,1,12.75,6,12.3788523000843,12.4813103808793,1
94,1,12.75,6,12.4813103808793,12.75,0
95,1,11.75,4,0,8.45966028936443,1
95,1,11.75,4,8.45966028936443,10.1222791069695,1
95,1,11.75,4,10.1222791069695,10.5547346246815,1
95,1,11.75,4,10.5547346246815,10.9003029199257,1
95,1,11.75,4,10.9003029199257,11.75,0
96,1,11.75,4,0,2.05655274110872,1
96,1,11.75,4,2.05655274110872,2.53094537926868,1
96,1,11.75,4,2.53094537926868,3.25974297196211,1
96,1,11.75,4,3.25974297196211,11.2484467087411,1
96,1,11.75,4,11.2484467087411,11.75,0
97,1,18.75,7,0,0.0881750535568648,1
97,1,18.75,7,0.0881750535568648,3.2620090831807,1
97,1,18.75,7,3.2620090831807,7.79984442204736,1
97,1,18.75,7,7.79984442204736,12.4011725556444,1
97,1,18.75,7,12.4011725556444,14.7963216496074,1
97,1,18.75,7,14.7963216496074,16.8470875085128,1
97,1,18.75,7,16.8470875085128,18.2569409373936,1
97,1,18.75,7,18.2569409373936,18.75,0
98,1,19.75,3,0,0.867184130454763,1
98,1,19.75,3,0.867184130454763,0.95061659656358,1
98,1,19.75,3,0.95061659656358,4.76613860117015,1
98,1,19.75,3,4.76613860117015,19.75,0
99,1,14.75,6,0,1.73145000992689,1
99,1,14.75,6,1.73145000992689,6.4227392635732,1
99,1,14.75,6,6.4227392635732,7.37855297850408,1
99,1,14.75,6,7.37855297850408,9.95740545081864,1
99,1,14.75,6,9.95740545081864,12.0557542390357,1
99,1,14.75,6,12.0557542390357,12.516311927116,1
99,1,14.75,6,12.516311927116,14.75,0
100,1,14.75,4,0,6.52432205018653,1
100,1,14.75,4,6.52432205018653,6.56944585160942,1
100,1,14.75,4,6.56944585160942,7.09266376896365,1
100,1,14.75,4,7.09266376896365,9.58938895080868,1
100,1,14.75,4,9.58938895080868,14.75,0
101,1,12.75,2,0,4.50837338159942,1
101,1,12.75,2,4.50837338159942,9.78812303023461,1
101,1,12.75,2,9.78812303023461,12.75,0
102,1,12.75,3,0,3.2269714376682,1
102,1,12.75,3,3.2269714376682,4.29351962265026,1
102,1,12.75,3,4.29351962265026,5.75133717003164,1
102,1,12.75,3,5.75133717003164,12.75,0
103,1,13.75,2,0,11.2495027509771,1
103,1,13.75,2,11.2495027509771,11.6109104967292,1
103,1,13.75,2,11.6109104967292,13.75,0
104,1,12.75,3,0,3.57902253309523,1
104,1,12.75,3,3.57902253309523,6.29479225509559,1
104,1,12.75,3,6.29479225509559,6.7530177743472,1
104,1,12.75,3,6.7530177743472,12.75,0
105,1,19.75,5,0,2.2627426831653,1
105,1,19.75,5,2.2627426831653,2.65978382551416,1
105,1,19.75,5,2.65978382551416,4.92779164228802,1
105,1,19.75,5,4.92779164228802,8.79587653682428,1
105,1,19.75,5,8.79587653682428,15.7425586782169,1
105,1,19.75,5,15.7425586782169,19.75,0
106,1,8.75,0,0,8.75,0
107,1,14.75,4,0,7.61034744987294,1
107,1,14.75,4,7.61034744987294,7.70051976761242,1
107,1,14.75,4,7.70051976761242,13.3554349331955,1
107,1,14.75,4,13.3554349331955,13.7023900313469,1
107,1,14.75,4,13.7023900313469,14.75,0
108,1,16.75,7,0,2.67965760805352,1
108,1,16.75,7,2.67965760805352,5.40589993637925,1
108,1,16.75,7,5.40589993637925,6.5948065013508,1
108,1,16.75,7,6.5948065013508,8.13732605057196,1
108,1,16.75,7,8.13732605057196,9.78464617916969,1
108,1,16.75,7,9.78464617916969,14.8960529144655,1
108,1,16.75,7,14.8960529144655,15.024755512801,1
108,1,16.75,7,15.024755512801,16.75,0
109,1,11.75,2,0,4.99258256303795,1
109,1,11.75,2,4.99258256303795,9.02146674979516,1
109,1,11.75,2,9.02146674979516,11.75,0
110,1,17.75,2,0,10.9014658571239,1
110,1,17.75,2,10.9014658571239,11.7342406647936,1
110,1,17.75,2,11.7342406647936,17.75,0
111,1,8.75,6,0,0.944188889146785,1
111,1,8.75,6,0.944188889146785,1.47812440286563,1
111,1,8.75,6,1.47812440286563,2.90794459879966,1
111,1,8.75,6,2.90794459879966,3.49886941808407,1
111,1,8.75,6,3.49886941808407,4.57563377425796,1
111,1,8.75,6,4.57563377425796,6.15008823333039,1
111,1,8.75,6,6.15008823333039,8.75,0
112,1,12.75,2,0,2.02035208951793,1
112,1,12.75,2,2.02035208951793,5.16787406344923,1
112,1,12.75,2,5.16787406344923,12.75,0
113,1,8.75,5,0,2.99955691614052,1
113,1,8.75,5,2.99955691614052,3.18935461441728,1
113,1,8.75,5,3.18935461441728,3.7976330544834,1
113,1,8.75,5,3.7976330544834,3.82253924278905,1
113,1,8.75,5,3.82253924278905,4.6710272357514,1
113,1,8.75,5,4.6710272357514,8.75,0
114,1,8.75,4,0,0.0927557853744825,1
114,1,8.75,4,0.0927557853744825,1.99136022872328,1
114,1,8.75,4,1.99136022872328,3.35005009177025,1
114,1,8.75,4,3.35005009177025,6.74021820038963,1
114,1,8.75,4,6.74021820038963,8.75,0
115,1,12.75,2,0,2.87042152999682,1
115,1,12.75,2,2.87042152999682,6.96824398222122,1
115,1,12.75,2,6.96824398222122,12.75,0
116,1,8.75,3,0,2.34125562364096,1
116,1,8.75,3,2.34125562364096,2.42945691848271,1
116,1,8.75,3,2.42945691848271,6.25087252379277,1
116,1,8.75,3,6.25087252379277,8.75,0
117,1,16.75,2,0,8.50775943598098,1
117,1,16.75,2,8.50775943598098,14.3218537384737,1
117,1,16.75,2,14.3218537384737,16.75,0
118,1,14.75,2,0,6.2383105486136,1
118,1,14.75,2,6.2383105486136,13.7973304052063,1
118,1,14.75,2,13.7973304052063,14.75,0
119,1,15.75,8,0,4.97805716442135,1
119,1,15.75,8,4.97805716442135,6.17316673078288,1
119,1,15.75,8,6.17316673078288,6.6423025495243,1
119,1,15.75,8,6.6423025495243,6.69002044550388,1
119,1,15.75,8,6.69002044550388,9.61100501206339,1
119,1,15.75,8,9.61100501206339,12.9339714141084,1
119,1,15.75,8,12.9339714141084,15.3618099458076,1
119,1,15.75,8,15.3618099458076,15.5703104434078,1
119,1,15.75,8,15.5703104434078,15.75,0
120,1,11.75,2,0,3.06874162598027,1
120,1,11.75,2,3.06874162598027,8.66326070319689,1
120,1,11.75,2,8.66326070319689,11.75,0
121,1,11.75,2,0,2.09143510153781,1
121,1,11.75,2,2.09143510153781,6.59876572802409,1
121,1,11.75,2,6.59876572802409,11.75,0
122,1,16.75,0,0,16.75,0
123,1,17.75,0,0,17.75,0
124,1,14.75,4,0,0.929968686991788,1
124,1,14.75,4,0.929968686991788,5.89719335340943,1
124,1,14.75,4,5.89719335340943,6.49017291606025,1
124,1,14.75,4,6.49017291606025,10.0412107021553,1
124,1,14.75,4,10.0412107021553,14.75,0
125,1,10.75,1,0,10.6969329471266,1
125,1,10.75,1,10.6969329471266,10.75,0
126,1,14.75,5,0,2.19052658523936,1
126,1,14.75,5,2.19052658523936,2.74407872633534,1
126,1,14.75,5,2.74407872633534,3.72902289474598,1
126,1,14.75,5,3.72902289474598,10.8302605912524,1
126,1,14.75,5,10.8302605912524,14.3709820524894,1
126,1,14.75,5,14.3709820524894,14.75,0
127,1,15.75,4,0,1.10677708399435,1
127,1,15.75,4,1.10677708399435,3.16501006022573,1
127,1,15.75,4,3.16501006022573,4.54005054460096,1
127,1,15.75,4,4.54005054460096,12.5655642960855,1
127,1,15.75,4,12.5655642960855,15.75,0
128,1,15.75,4,0,0.929489978730475,1
128,1,15.75,4,0.929489978730475,1.37293658833771,1
128,1,15.75,4,1.37293658833771,5.16379679200363,1
128,1,15.75,4,5.16379679200363,14.7140452837054,1
128,1,15.75,4,14.7140452837054,15.75,0
129,1,16.75,6,0,0.363990981420535,1
129,1,16.75,6,0.363990981420535,0.746174952860792,1
129,1,16.75,6,0.746174952860792,0.966691413401603,1
129,1,16.75,6,0.966691413401603,5.24241001165917,1
129,1,16.75,6,5.24241001165917,5.30259506689981,1
129,1,16.75,6,5.30259506689981,14.8552104515732,1
129,1,16.75,6,14.8552104515732,16.75,0
130,1,13.75,6,0,0.59884845677307,1
130,1,13.75,6,0.59884845677307,2.01328731317673,1
130,1,13.75,6,2.01328731317673,6.43339730314211,1
130,1,13.75,6,6.43339730314211,8.99387933603011,1
130,1,13.75,6,8.99387933603011,10.2434447459878,1
130,1,13.75,6,10.2434447459878,10.9600627591436,1
130,1,13.75,6,10.9600627591436,13.75,0
131,1,15.75,1,0,5.43333019206356,1
131,1,15.75,1,5.43333019206356,15.75,0
132,1,14.75,4,0,0.982603591045242,1
132,1,14.75,4,0.982603591045242,3.27484274776555,1
132,1,14.75,4,3.27484274776555,6.2775625814587,1
132,1,14.75,4,6.2775625814587,12.102099146616,1
132,1,14.75,4,12.102099146616,14.75,0
133,1,19.75,2,0,4.46783406123675,1
133,1,19.75,2,4.46783406123675,5.21022903296225,1
133,1,19.75,2,5.21022903296225,19.75,0
134,1,17.75,9,0,3.1735970246711,1
134,1,17.75,9,3.1735970246711,4.43751840338268,1
134,1,17.75,9,4.43751840338268,5.97542829832542,1
134,1,17.75,9,5.97542829832542,8.83443657103154,1
134,1,17.75,9,8.83443657103154,10.6868556600567,1
134,1,17.75,9,10.6868556600567,11.5210883428111,1
134,1,17.75,9,11.5210883428111,15.6553666144724,1
134,1,17.75,9,15.6553666144724,17.1976148935247,1
134,1,17.75,9,17.1976148935247,17.3427678293806,1
134,1,17.75,9,17.3427678293806,17.75,0
135,1,13.75,3,0,2.47266994271801,1
135,1,13.75,3,2.47266994271801,5.82427111750382,1
135,1,13.75,3,5.82427111750382,7.43076625563374,1
135,1,13.75,3,7.43076625563374,13.75,0
136,1,11.75,1,0,4.76213812016319,1
136,1,11.75,1,4.76213812016319,11.75,0
137,1,11.75,5,0,0.905061771070237,1
137,1,11.75,5,0.905061771070237,2.48488582326487,1
137,1,11.75,5,2.48488582326487,7.54312396056202,1
137,1,11.75,5,7.54312396056202,8.83680745770169,1
137,1,11.75,5,8.83680745770169,9.26798730932865,1
137,1,11.75,5,9.26798730932865,11.75,0
138,1,17.75,3,0,1.9464903357747,1
138,1,17.75,3,1.9464903357747,6.54138232254666,1
138,1,17.75,3,6.54138232254666,12.7847041032095,1
138,1,17.75,3,12.7847041032095,17.75,0
139,1,13.75,7,0,2.35407798733092,1
139,1,13.75,7,2.35407798733092,3.38665548038598,1
139,1,13.75,7,3.38665548038598,5.08098192343703,1
139,1,13.75,7,5.08098192343703,8.25824729753617,1
139,1,13.75,7,8.25824729753617,9.54097942799439,1
139,1,13.75,7,9.54097942799439,11.2379971662553,1
139,1,13.75,7,11.2379971662553,11.8248416307938,1
139,1,13.75,7,11.8248416307938,13.75,0
140,1,16.75,2,0,1.6342105541515,1
140,1,16.75,2,1.6342105541515,14.9462531191514,1
140,1,16.75,2,14.9462531191514,16.75,0
141,1,14.75,1,0,2.74772164347874,1
141,1,14.75,1,2.74772164347874,14.75,0
142,1,8.75,1,0,1.65200120567295,1
142,1,8.75,1,1.65200120567295,8.75,0
143,1,19.75,1,0,7.14236970132739,1
143,1,19.75,1,7.14236970132739,19.75,0
144,1,12.75,9,0,1.83610150276989,1
144,1,12.75,9,1.83610150276989,2.15245246564252,1
144,1,12.75,9,2.15245246564252,2.23459251224696,1
144,1,12.75,9,2.23459251224696,4.29340741556981,1
144,1,12.75,9,4.29340741556981,4.74165444295822,1
144,1,12.75,9,4.74165444295822,7.19647378404562,1
144,1,12.75,9,7.19647378404562,10.5733489973969,1
144,1,12.75,9,10.5733489973969,11.5216605739455,1
144,1,12.75,9,11.5216605739455,12.5442533357151,1
144,1,12.75,9,12.5442533357151,12.75,0
145,1,11.75,6,0,0.939783473354249,1
145,1,11.75,6,0.939783473354249,3.47161840865672,1
145,1,11.75,6,3.47161840865672,6.75548491018728,1
145,1,11.75,6,6.75548491018728,7.87758142976538,1
145,1,11.75,6,7.87758142976538,8.34484580073643,1
145,1,11.75,6,8.34484580073643,8.73403632734222,1
145,1,11.75,6,8.73403632734222,11.75,0
146,1,17.75,1,0,6.08540168010212,1
146,1,17.75,1,6.08540168010212,17.75,0
147,1,19.75,2,0,19.0491008173995,1
147,1,19.75,2,19.0491008173995,19.3045957381966,1
147,1,19.75,2,19.3045957381966,19.75,0
148,1,19.75,21,0,0.957969796075859,1
148,1,19.75,21,0.957969796075859,3.78821460688355,1
148,1,19.75,21,3.78821460688355,3.82248675940705,1
148,1,19.75,21,3.82248675940705,5.13115640475205,1
148,1,19.75,21,5.13115640475205,5.29974098099018,1
148,1,19.75,21,5.29974098099018,5.47678929217159,1
148,1,19.75,21,5.47678929217159,6.85541498414551,1
148,1,19.75,21,6.85541498414551,8.39764193397206,1
148,1,19.75,21,8.39764193397206,8.7051073933925,1
148,1,19.75,21,8.7051073933925,10.0540013988074,1
148,1,19.75,21,10.0540013988074,10.3126106762625,1
148,1,19.75,21,10.3126106762625,11.7593470848257,1
148,1,19.75,21,11.7593470848257,13.3054765591662,1
148,1,19.75,21,13.3054765591662,13.4843815556041,1
148,1,19.75,21,13.4843815556041,13.6309814209914,1
148,1,19.75,21,13.6309814209914,16.0494191101595,1
148,1,19.75,21,16.0494191101595,16.0926025777741,1
148,1,19.75,21,16.0926025777741,16.3073251070062,1
148,1,19.75,21,16.3073251070062,16.9396952518922,1
148,1,19.75,21,16.9396952518922,17.4795880508777,1
148,1,19.75,21,17.4795880508777,17.611811226069,1
148,1,19.75,21,17.611811226069,19.75,0
149,1,18.75,7,0,0.51610454669688,1
149,1,18.75,7,0.51610454669688,5.36281446909296,1
149,1,18.75,7,5.36281446909296,6.3153984850564,1
149,1,18.75,7,6.3153984850564,7.23118596604179,1
149,1,18.75,7,7.23118596604179,15.5224282517021,1
149,1,18.75,7,15.5224282517021,16.1165944028817,1
149,1,18.75,7,16.1165944028817,18.671456700259,1
149,1,18.75,7,18.671456700259,18.75,0
150,1,18.75,3,0,3.70893407741457,1
150,1,18.75,3,3.70893407741457,9.77415601558159,1
150,1,18.75,3,9.77415601558159,13.6795379510249,1
150,1,18.75,3,13.6795379510249,18.75,0
151,1,12.75,3,0,0.0823744722683174,1
151,1,12.75,3,0.0823744722683174,2.28171931271905,1
151,1,12.75,3,2.28171931271905,2.88341296149906,1
151,1,12.75,3,2.88341296149906,12.75,0
152,1,16.75,3,0,5.6084375215076,1
152,1,16.75,3,5.6084375215076,11.1704686953529,1
152,1,16.75,3,11.1704686953529,15.4714039735584,1
152,1,16.75,3,15.4714039735584,16.75,0
153,1,18.75,1,0,12.8047726380993,1
153,1,18.75,1,12.8047726380993,18.75,0
154,1,8.75,5,0,0.20618597796899,1
154,1,8.75,5,0.20618597796899,0.388395484153662,1
154,1,8.75,5,0.388395484153662,1.82390877866033,1
154,1,8.75,5,1.82390877866033,3.65105153084169,1
154,1,8.75,5,3.65105153084169,6.90269571473379,1
154,1,8.75,5,6.90269571473379,8.75,0
155,1,14.75,0,0,14.75,0
156,1,8.75,1,0,4.40729521518769,1
156,1,8.75,1,4.40729521518769,8.75,0
157,1,8.75,0,0,8.75,0
158,1,16.75,6,0,2.98947627353119,1
158,1,16.75,6,2.98947627353119,3.94378022066517,1
158,1,16.75,6,3.94378022066517,11.5018613913314,1
158,1,16.75,6,11.5018613913314,11.7769398501465,1
158,1,16.75,6,11.7769398501465,14.0387589382332,1
158,1,16.75,6,14.0387589382332,14.3886390471119,1
158,1,16.75,6,14.3886390471119,16.75,0
159,1,15.75,3,0,2.62714235724447,1
159,1,15.75,3,2.62714235724447,10.0957774850853,1
159,1,15.75,3,10.0957774850853,15.6800232600029,1
159,1,15.75,3,15.6800232600029,15.75,0
160,1,12.75,13,0,0.620212845799287,1
160,1,12.75,13,0.620212845799287,0.655059412831866,1
160,1,12.75,13,0.655059412831866,3.84715021242939,1
160,1,12.75,13,3.84715021242939,6.5473408142492,1
160,1,12.75,13,6.5473408142492,6.91282422257005,1
160,1,12.75,13,6.91282422257005,7.13110559173587,1
160,1,12.75,13,7.13110559173587,8.99656175113457,1
160,1,12.75,13,8.99656175113457,9.99014613650365,1
160,1,12.75,13,9.99014613650365,10.1249751241894,1
160,1,12.75,13,10.1249751241894,10.6082090040228,1
160,1,12.75,13,10.6082090040228,11.1841525001006,1
160,1,12.75,13,11.1841525001006,12.1985883429304,1
160,1,12.75,13,12.1985883429304,12.4745608643281,1
160,1,12.75,13,12.4745608643281,12.75,0
161,1,11.75,6,0,2.25083248383397,1
161,1,11.75,6,2.25083248383397,2.37138139286109,1
161,1,11.75,6,2.37138139286109,2.90663730869003,1
161,1,11.75,6,2.90663730869003,5.34353117435557,1
161,1,11.75,6,5.34353117435557,9.18827021999326,1
161,1,11.75,6,9.18827021999326,10.2888972258502,1
161,1,11.75,6,10.2888972258502,11.75,0
162,1,18.75,1,0,11.8404208587068,1
162,1,18.75,1,11.8404208587068,18.75,0
163,1,18.75,8,0,1.62318055749637,1
163,1,18.75,8,1.62318055749637,2.09480635384305,1
163,1,18.75,8,2.09480635384305,5.36404143657711,1
163,1,18.75,8,5.36404143657711,7.98614362875192,1
163,1,18.75,8,7.98614362875192,9.48925442595402,1
163,1,18.75,8,9.48925442595402,11.9611025720477,1
163,1,18.75,8,11.9611025720477,16.0385440370842,1
163,1,18.75,8,16.0385440370842,17.2478915296174,1
163,1,18.75,8,17.2478915296174,18.75,0
164,1,10.75,6,0,0.994946015914282,1
164,1,10.75,6,0.994946015914282,4.84879974910119,1
164,1,10.75,6,4.84879974910119,5.34232618600005,1
164,1,10.75,6,5.34232618600005,7.4748836135183,1
164,1,10.75,6,7.4748836135183,8.98447809552759,1
164,1,10.75,6,8.98447809552759,9.24209655798912,1
164,1,10.75,6,9.24209655798912,10.75,0
165,1,14.75,1,0,9.47732554311994,1
165,1,14.75,1,9.47732554311994,14.75,0
166,1,17.75,3,0,4.92875589660281,1
166,1,17.75,3,4.92875589660281,8.74503033531999,1
166,1,17.75,3,8.74503033531999,14.4464592426437,1
166,1,17.75,3,14.4464592426437,17.75,0
167,1,11.75,5,0,1.47567388124559,1
167,1,11.75,5,1.47567388124559,6.93020188370303,1
167,1,11.75,5,6.93020188370303,9.05404781230405,1
167,1,11.75,5,9.05404781230405,10.3144729386975,1
167,1,11.75,5,10.3144729386975,11.4398077644723,1
167,1,11.75,5,11.4398077644723,11.75,0
168,1,10.75,2,0,8.77094411379487,1
168,1,10.75,2,8.77094411379487,9.07911201041205,1
168,1,10.75,2,9.07911201041205,10.75,0
169,1,17.75,3,0,4.8833169556943,1
169,1,17.75,3,4.8833169556943,11.0932223992386,1
169,1,17.75,3,11.0932223992386,17.1488333028265,1
169,1,17.75,3,17.1488333028265,17.75,0
170,1,15.75,3,0,1.71861668772591,1
170,1,15.75,3,1.71861668772591,5.56718134956052,1
170,1,15.75,3,5.56718134956052,6.97944215728673,1
170,1,15.75,3,6.97944215728673,15.75,0
171,1,17.75,6,0,0.708543126745597,1
171,1,17.75,6,0.708543126745597,6.19423544881361,1
171,1,17.75,6,6.19423544881361,13.6708515574596,1
171,1,17.75,6,13.6708515574596,15.2616633526277,1
171,1,17.75,6,15.2616633526277,16.4886451124227,1
171,1,17.75,6,16.4886451124227,16.9087940670541,1
171,1,17.75,6,16.9087940670541,17.75,0
172,1,18.75,5,0,0.116316027525356,1
172,1,18.75,5,0.116316027525356,9.53288604297207,1
172,1,18.75,5,9.53288604297207,10.2335443307511,1
172,1,18.75,5,10.2335443307511,10.950805743959,1
172,1,18.75,5,10.950805743959,12.307209739054,1
172,1,18.75,5,12.307209739054,18.75,0
173,1,17.75,8,0,1.50519242361967,1
173,1,17.75,8,1.50519242361967,3.52984661053356,1
173,1,17.75,8,3.52984661053356,5.06639737491296,1
173,1,17.75,8,5.06639737491296,7.24632428693032,1
173,1,17.75,8,7.24632428693032,11.9597525321936,1
173,1,17.75,8,11.9597525321936,12.9852179405923,1
173,1,17.75,8,12.9852179405923,14.578346931637,1
173,1,17.75,8,14.578346931637,17.2939422598251,1
173,1,17.75,8,17.2939422598251,17.75,0
174,1,10.75,3,0,4.68361281114441,1
174,1,10.75,3,4.68361281114441,5.66824024017757,1
174,1,10.75,3,5.66824024017757,9.83678014178075,1
174,1,10.75,3,9.83678014178075,10.75,0
175,1,13.75,6,0,0.241413645840482,1
175,1,13.75,6,0.241413645840482,1.60706966891476,1
175,1,13.75,6,1.60706966891476,2.66167360478681,1
175,1,13.75,6,2.66167360478681,11.2454814717131,1
175,1,13.75,6,11.2454814717131,12.7028332490323,1
175,1,13.75,6,12.7028332490323,13.6396888213741,1
175,1,13.75,6,13.6396888213741,13.75,0
176,1,16.75,3,0,14.6835876100031,1
176,1,16.75,3,14.6835876100031,15.1972007843419,1
176,1,16.75,3,15.1972007843419,15.5059978366458,1
176,1,16.75,3,15.5059978366458,16.75,0
177,1,14.75,6,0,1.26484071194509,1
177,1,14.75,6,1.26484071194509,4.09316238452893,1
177,1,14.75,6,4.09316238452893,6.21939847125877,1
177,1,14.75,6,6.21939847125877,8.16315848746269,1
177,1,14.75,6,8.16315848746269,8.51739206167783,1
177,1,14.75,6,8.51739206167783,11.2397378159973,1
177,1,14.75,6,11.2397378159973,14.75,0
178,1,14.75,3,0,3.5627472844106,1
178,1,14.75,3,3.5627472844106,8.75811346836829,1
178,1,14.75,3,8.75811346836829,8.91586048260961,1
178,1,14.75,3,8.91586048260961,14.75,0
179,1,13.75,2,0,4.71227514431615,1
179,1,13.75,2,4.71227514431615,8.27458794822664,1
179,1,13.75,2,8.27458794822664,13.75,0
180,1,11.75,3,0,6.77584089530404,1
180,1,11.75,3,6.77584089530404,9.20286197956682,1
180,1,11.75,3,9.20286197956682,10.5523242707483,1
180,1,11.75,3,10.5523242707483,11.75,0
181,1,20.75,4,0,2.42082827643198,1
181,1,20.75,4,2.42082827643198,12.4996883203029,1
181,1,20.75,4,12.4996883203029,17.1457917873385,1
181,1,20.75,4,17.1457917873385,19.9515661393125,1
181,1,20.75,4,19.9515661393125,20.75,0
182,1,16.75,2,0,1.77221820909366,1
182,1,16.75,2,1.77221820909366,16.2788460139744,1
182,1,16.75,2,16.2788460139744,16.75,0
183,1,17.75,6,0,0.156211549379891,1
183,1,17.75,6,0.156211549379891,3.93528521018434,1
183,1,17.75,6,3.93528521018434,6.20592448111133,1
183,1,17.75,6,6.20592448111133,11.618117359282,1
183,1,17.75,6,11.618117359282,14.0488084098495,1
183,1,17.75,6,14.0488084098495,14.6461301046505,1
183,1,17.75,6,14.6461301046505,17.75,0
184,1,19.75,2,0,2.05761341300695,1
184,1,19.75,2,2.05761341300695,7.58337408527451,1
184,1,19.75,2,7.58337408527451,19.75,0
185,1,15.75,5,0,1.5507810398764,1
185,1,15.75,5,1.5507810398764,3.87864949293075,1
185,1,15.75,5,3.87864949293075,13.338621371459,1
185,1,15.75,5,13.338621371459,13.4206577018989,1
185,1,15.75,5,13.4206577018989,15.4562132534912,1
185,1,15.75,5,15.4562132534912,15.75,0
186,1,15.75,1,0,1.07562553939862,1
186,1,15.75,1,1.07562553939862,15.75,0
187,1,11.75,1,0,6.09337498032103,1
187,1,11.75,1,6.09337498032103,11.75,0
188,1,10.75,3,0,5.40028420062608,1
188,1,10.75,3,5.40028420062608,9.77519060588213,1
188,1,10.75,3,9.77519060588213,10.7356876148408,1
188,1,10.75,3,10.7356876148408,10.75,0
189,1,13.75,4,0,1.19949090644474,1
189,1,13.75,4,1.19949090644474,2.87215132999309,1
189,1,13.75,4,2.87215132999309,3.11421046189561,1
189,1,13.75,4,3.11421046189561,3.50980555256242,1
189,1,13.75,4,3.50980555256242,13.75,0
190,1,17.75,5,0,0.58167392673424,1
190,1,17.75,5,0.58167392673424,0.833254493703778,1
190,1,17.75,5,0.833254493703778,4.10955499760324,1
190,1,17.75,5,4.10955499760324,15.0300155092036,1
190,1,17.75,5,15.0300155092036,15.510573947117,1
190,1,17.75,5,15.510573947117,17.75,0
191,1,15.75,5,0,3.38706727968281,1
191,1,15.75,5,3.38706727968281,6.11945739402529,1
191,1,15.75,5,6.11945739402529,7.2362285077054,1
191,1,15.75,5,7.2362285077054,7.64536291816466,1
191,1,15.75,5,7.64536291816466,12.5538103820778,1
191,1,15.75,5,12.5538103820778,15.75,0
192,1,14.75,1,0,0.212025129278608,1
192,1,14.75,1,0.212025129278608,14.75,0
193,1,12.75,5,0,0.338488638884421,1
193,1,12.75,5,0.338488638884421,1.73315285061503,1
193,1,12.75,5,1.73315285061503,3.88773018268012,1
193,1,12.75,5,3.88773018268012,4.33627251299689,1
193,1,12.75,5,4.33627251299689,6.18363332217917,1
193,1,12.75,5,6.18363332217917,12.75,0
194,1,9.75,3,0,2.50578494652726,1
194,1,9.75,3,2.50578494652726,3.23428893372836,1
194,1,9.75,3,3.23428893372836,5.72373823960784,1
194,1,9.75,3,5.72373823960784,9.75,0
195,1,14.75,5,0,0.675201078448591,1
195,1,14.75,5,0.675201078448591,1.79253272522284,1
195,1,14.75,5,1.79253272522284,13.4329133070268,1
195,1,14.75,5,13.4329133070268,13.6144984322859,1
195,1,14.75,5,13.6144984322859,13.7734997960129,1
195,1,14.75,5,13.7734997960129,14.75,0
196,1,18.75,0,0,18.75,0
197,1,9.75,0,0,9.75,0
198,1,9.75,2,0,4.4168173005228,1
198,1,9.75,2,4.4168173005228,8.86477365271627,1
198,1,9.75,2,8.86477365271627,9.75,0
199,1,16.75,7,0,1.12195558729781,1
199,1,16.75,7,1.12195558729781,2.31734833337239,1
199,1,16.75,7,2.31734833337239,4.72722190172092,1
199,1,16.75,7,4.72722190172092,6.41001294922399,1
199,1,16.75,7,6.41001294922399,7.65736942719424,1
199,1,16.75,7,7.65736942719424,8.34621299349197,1
199,1,16.75,7,8.34621299349197,8.94051052721247,1
199,1,16.75,7,8.94051052721247,16.75,0
200,1,14.75,5,0,3.29298350621628,1
200,1,14.75,5,3.29298350621628,5.00123175809589,1
200,1,14.75,5,5.00123175809589,5.68753522079034,1
200,1,14.75,5,5.68753522079034,8.01283092847633,1
200,1,14.75,5,8.01283092847633,9.16258218394089,1
200,1,14.75,5,9.16258218394089,14.75,0
201,1,14.75,9,0,1.66023505135624,1
201,1,14.75,9,1.66023505135624,2.98668560222414,1
201,1,14.75,9,2.98668560222414,7.64449039613094,1
201,1,14.75,9,7.64449039613094,10.0767587594698,1
201,1,14.75,9,10.0767587594698,11.7580014766466,1
201,1,14.75,9,11.7580014766466,12.187170291397,1
201,1,14.75,9,12.187170291397,12.2751924539292,1
201,1,14.75,9,12.2751924539292,12.8032837631521,1
201,1,14.75,9,12.8032837631521,13.0830451250122,1
201,1,14.75,9,13.0830451250122,14.75,0
202,1,14.75,1,0,0.47774673642327,1
202,1,14.75,1,0.47774673642327,14.75,0
203,1,15.75,3,0,1.48984254209836,1
203,1,15.75,3,1.48984254209836,6.21263627298984,1
203,1,15.75,3,6.21263627298984,15.5512371222891,1
203,1,15.75,3,15.5512371222891,15.75,0
204,1,12.75,3,0,6.10866168870522,1
204,1,12.75,3,6.10866168870522,9.56160679606698,1
204,1,12.75,3,9.56160679606698,9.58523697700332,1
204,1,12.75,3,9.58523697700332,12.75,0
205,1,13.75,0,0,13.75,0
206,1,17.75,4,0,0.0959408540156851,1
206,1,17.75,4,0.0959408540156851,9.18261362083192,1
206,1,17.75,4,9.18261362083192,10.4275242517553,1
206,1,17.75,4,10.4275242517553,14.0442140410181,1
206,1,17.75,4,14.0442140410181,17.75,0
207,1,10.75,3,0,1.09680035745786,1
207,1,10.75,3,1.09680035745786,3.35114774115698,1
207,1,10.75,3,3.35114774115698,9.66110573981513,1
207,1,10.75,3,9.66110573981513,10.75,0
208,1,15.75,5,0,0.810642232652283,1
208,1,15.75,5,0.810642232652283,2.70030182132656,1
208,1,15.75,5,2.70030182132656,6.65023256312601,1
208,1,15.75,5,6.65023256312601,7.50890337979092,1
208,1,15.75,5,7.50890337979092,8.0974903837448,1
208,1,15.75,5,8.0974903837448,15.75,0
209,1,17.75,4,0,5.26399188248241,1
209,1,17.75,4,5.26399188248241,13.1288821107583,1
209,1,17.75,4,13.1288821107583,16.6449679521587,1
209,1,17.75,4,16.6449679521587,17.6304417808339,1
209,1,17.75,4,17.6304417808339,17.75,0
210,1,8.75,2,0,1.54877304637675,1
210,1,8.75,2,1.54877304637675,7.43713638198979,1
210,1,8.75,2,7.43713638198979,8.75,0
211,1,20.75,6,0,4.93064389999812,1
211,1,20.75,6,4.93064389999812,7.82724869725369,1
211,1,20.75,6,7.82724869725369,9.51654053945139,1
211,1,20.75,6,9.51654053945139,10.0617504257081,1
211,1,20.75,6,10.0617504257081,15.1439679107015,1
211,1,20.75,6,15.1439679107015,19.1992696887911,1
211,1,20.75,6,19.1992696887911,20.75,0
212,1,11.75,4,0,0.620148184368634,1
212,1,11.75,4,0.620148184368634,4.5959444945692,1
212,1,11.75,4,4.5959444945692,5.0839223924311,1
212,1,11.75,4,5.0839223924311,5.82404687434735,1
212,1,11.75,4,5.82404687434735,11.75,0
213,1,8.75,1,0,8.22268005046822,1
213,1,8.75,1,8.22268005046822,8.75,0
214,1,9.75,0,0,9.75,0
215,1,14.75,5,0,1.23937076662017,1
215,1,14.75,5,1.23937076662017,3.40912937725321,1
215,1,14.75,5,3.40912937725321,7.07500455317509,1
215,1,14.75,5,7.07500455317509,13.1343260909689,1
215,1,14.75,5,13.1343260909689,14.3334796027812,1
215,1,14.75,5,14.3334796027812,14.75,0
216,1,14.75,6,0,4.36724458948245,1
216,1,14.75,6,4.36724458948245,5.03221366538591,1
216,1,14.75,6,5.03221366538591,8.03150144877372,1
216,1,14.75,6,8.03150144877372,11.034429930084,1
216,1,14.75,6,11.034429930084,12.3737065263734,1
216,1,14.75,6,12.3737065263734,13.18906877547,1
216,1,14.75,6,13.18906877547,14.75,0
217,1,13.75,4,0,1.60876653158425,1
217,1,13.75,4,1.60876653158425,6.51472777933563,1
217,1,13.75,4,6.51472777933563,9.29813565092686,1
217,1,13.75,4,9.29813565092686,11.2241112122705,1
217,1,13.75,4,11.2241112122705,13.75,0
218,1,14.75,6,0,2.25793175072203,1
218,1,14.75,6,2.25793175072203,3.72251497450662,1
218,1,14.75,6,3.72251497450662,6.97199656147279,1
218,1,14.75,6,6.97199656147279,7.95888523639787,1
218,1,14.75,6,7.95888523639787,8.55896340919825,1
218,1,14.75,6,8.55896340919825,9.4846590250336,1
218,1,14.75,6,9.4846590250336,14.75,0
219,1,18.75,6,0,2.22668516205964,1
219,1,18.75,6,2.22668516205964,8.20843508452074,1
219,1,18.75,6,8.20843508452074,8.59311659226045,1
219,1,18.75,6,8.59311659226045,11.8741147258776,1
219,1,18.75,6,11.8741147258776,14.5386859664392,1
219,1,18.75,6,14.5386859664392,15.2418666176846,1
219,1,18.75,6,15.2418666176846,18.75,0
220,1,8.75,2,0,3.71720033927612,1
220,1,8.75,2,3.71720033927612,5.34349439597082,1
220,1,8.75,2,5.34349439597082,8.75,0
221,1,11.75,2,0,3.89737344823195,1
221,1,11.75,2,3.89737344823195,7.56779748452485,1
221,1,11.75,2,7.56779748452485,11.75,0
222,1,8.75,7,0,1.39214922775677,1
222,1,8.75,7,1.39214922775677,1.94285464668929,1
222,1,8.75,7,1.94285464668929,2.26952501922824,1
222,1,8.75,7,2.26952501922824,2.52098962642917,1
222,1,8.75,7,2.52098962642917,5.15534812977023,1
222,1,8.75,7,5.15534812977023,5.29976363823085,1
222,1,8.75,7,5.29976363823085,6.23131236336352,1
222,1,8.75,7,6.23131236336352,8.75,0
223,1,14.75,1,0,11.1560556397321,1
223,1,14.75,1,11.1560556397321,14.75,0
224,1,15.75,2,0,9.18727107063766,1
224,1,15.75,2,9.18727107063766,9.23105480179171,1
224,1,15.75,2,9.23105480179171,15.75,0
225,1,13.75,1,0,3.49168590705527,1
225,1,13.75,1,3.49168590705527,13.75,0
226,1,14.75,5,0,5.0490348951568,1
226,1,14.75,5,5.0490348951568,7.90736043824978,1
226,1,14.75,5,7.90736043824978,9.18193193940794,1
226,1,14.75,5,9.18193193940794,10.7964226032658,1
226,1,14.75,5,10.7964226032658,11.8663093629913,1
226,1,14.75,5,11.8663093629913,14.75,0
227,1,16.75,10,0,1.57950046822796,1
227,1,16.75,10,1.57950046822796,2.24047440383386,1
227,1,16.75,10,2.24047440383386,3.1296328181402,1
227,1,16.75,10,3.1296328181402,4.51061572829567,1
227,1,16.75,10,4.51061572829567,8.01341759518921,1
227,1,16.75,10,8.01341759518921,8.90355174149668,1
227,1,16.75,10,8.90355174149668,10.1188605704893,1
227,1,16.75,10,10.1188605704893,12.1676171967197,1
227,1,16.75,10,12.1676171967197,14.7868955505833,1
227,1,16.75,10,14.7868955505833,16.1104268309261,1
227,1,16.75,10,16.1104268309261,16.75,0
228,1,20.75,15,0,0.515871978922928,1
228,1,20.75,15,0.515871978922928,5.59065968963529,1
228,1,20.75,15,5.59065968963529,7.61238093281006,1
228,1,20.75,15,7.61238093281006,7.77184708969828,1
228,1,20.75,15,7.77184708969828,8.29182297672305,1
228,1,20.75,15,8.29182297672305,9.22827430487075,1
228,1,20.75,15,9.22827430487075,9.67606466255219,1
228,1,20.75,15,9.67606466255219,10.283097277192,1
228,1,20.75,15,10.283097277192,10.4806024310891,1
228,1,20.75,15,10.4806024310891,12.572559076444,1
228,1,20.75,15,12.572559076444,12.8321405092312,1
228,1,20.75,15,12.8321405092312,12.9413796392087,1
228,1,20.75,15,12.9413796392087,14.1445593879056,1
228,1,20.75,15,14.1445593879056,17.3235774155229,1
228,1,20.75,15,17.3235774155229,19.745115914704,1
228,1,20.75,15,19.745115914704,20.75,0
229,1,18.75,5,0,2.76665164309233,1
229,1,18.75,5,2.76665164309233,6.57652256549398,1
229,1,18.75,5,6.57652256549398,8.11252647264616,1
229,1,18.75,5,8.11252647264616,8.92177928462084,1
229,1,18.75,5,8.92177928462084,16.6566648663396,1
229,1,18.75,5,16.6566648663396,18.75,0
230,1,13.75,4,0,2.5208179819419,1
230,1,13.75,4,2.5208179819419,3.22110756660165,1
230,1,13.75,4,3.22110756660165,8.29907377478191,1
230,1,13.75,4,8.29907377478191,10.5375936574985,1
230,1,13.75,4,10.5375936574985,13.75,0
231,1,14.75,2,0,7.23772927344477,1
231,1,14.75,2,7.23772927344477,9.97140857589314,1
231,1,14.75,2,9.97140857589314,14.75,0
232,1,10.75,2,0,5.16401079551418,1
232,1,10.75,2,5.16401079551418,6.17993131672608,1
232,1,10.75,2,6.17993131672608,10.75,0
233,1,11.75,2,0,0.174376961042732,1
233,1,11.75,2,0.174376961042732,9.79453975805285,1
233,1,11.75,2,9.79453975805285,11.75,0
234,1,13.75,1,0,12.3199407091265,1
234,1,13.75,1,12.3199407091265,13.75,0
235,1,17.75,1,0,14.1912621115688,1
235,1,17.75,1,14.1912621115688,17.75,0
236,1,18.75,2,0,8.25015373945995,1
236,1,18.75,2,8.25015373945995,8.52194335031108,1
236,1,18.75,2,8.52194335031108,18.75,0
237,1,18.75,3,0,7.52203624842218,1
237,1,18.75,3,7.52203624842218,9.25394513570363,1
237,1,18.75,3,9.25394513570363,9.75268917975856,1
237,1,18.75,3,9.75268917975856,18.75,0
238,1,10.75,2,0,5.8627307402894,1
238,1,10.75,2,5.8627307402894,8.79827773739183,1
238,1,10.75,2,8.79827773739183,10.75,0
239,1,16.75,1,0,9.14545750898244,1
239,1,16.75,1,9.14545750898244,16.75,0
240,1,9.75,1,0,6.84670245748275,1
240,1,9.75,1,6.84670245748275,9.75,0
241,1,10.75,5,0,1.08533034965876,1
241,1,10.75,5,1.08533034965876,1.76696917299874,1
241,1,10.75,5,1.76696917299874,3.26852502960548,1
241,1,10.75,5,3.26852502960548,5.14779567199794,1
241,1,10.75,5,5.14779567199794,10.6178342645098,1
241,1,10.75,5,10.6178342645098,10.75,0
242,1,13.75,10,0,1.28933137956354,1
242,1,13.75,10,1.28933137956354,1.52469534316287,1
242,1,13.75,10,1.52469534316287,2.30770311203755,1
242,1,13.75,10,2.30770311203755,3.98484489001061,1
242,1,13.75,10,3.98484489001061,5.69938237590383,1
242,1,13.75,10,5.69938237590383,6.96078363257408,1
242,1,13.75,10,6.96078363257408,8.53902337881005,1
242,1,13.75,10,8.53902337881005,9.15810484283348,1
242,1,13.75,10,9.15810484283348,12.4446246414531,1
242,1,13.75,10,12.4446246414531,13.5408957782381,1
242,1,13.75,10,13.5408957782381,13.75,0
243,1,15.75,8,0,2.55464221284269,1
243,1,15.75,8,2.55464221284269,3.84236327682014,1
243,1,15.75,8,3.84236327682014,7.05632917399029,1
243,1,15.75,8,7.05632917399029,10.0329754600567,1
243,1,15.75,8,10.0329754600567,11.4252407719397,1
243,1,15.75,8,11.4252407719397,13.6415454933441,1
243,1,15.75,8,13.6415454933441,15.1337944126588,1
243,1,15.75,8,15.1337944126588,15.3257159997789,1
243,1,15.75,8,15.3257159997789,15.75,0
244,1,14.75,1,0,12.090848750348,1
244,1,14.75,1,12.090848750348,14.75,0
245,1,11.75,8,0,0.944800777038912,1
245,1,11.75,8,0.944800777038912,1.19954382226021,1
245,1,11.75,8,1.19954382226021,1.30437175061223,1
245,1,11.75,8,1.30437175061223,3.20941531445381,1
245,1,11.75,8,3.20941531445381,5.3049014609157,1
245,1,11.75,8,5.3049014609157,5.50431182643472,1
245,1,11.75,8,5.50431182643472,7.29051650625422,1
245,1,11.75,8,7.29051650625422,7.74660638206307,1
245,1,11.75,8,7.74660638206307,11.75,0
246,1,11.75,0,0,11.75,0
247,1,11.75,0,0,11.75,0
248,1,10.75,2,0,4.10453689357877,1
248,1,10.75,2,4.10453689357877,10.6535365533397,1
248,1,10.75,2,10.6535365533397,10.75,0
249,1,17.75,9,0,1.36680539099454,1
249,1,17.75,9,1.36680539099454,1.90850838109985,1
249,1,17.75,9,1.90850838109985,4.29516510737815,1
249,1,17.75,9,4.29516510737815,4.34672998165503,1
249,1,17.75,9,4.34672998165503,7.00169768531395,1
249,1,17.75,9,7.00169768531395,9.97821132671683,1
249,1,17.75,9,9.97821132671683,15.4983179331624,1
249,1,17.75,9,15.4983179331624,16.6481026799969,1
249,1,17.75,9,16.6481026799969,17.321848678265,1
249,1,17.75,9,17.321848678265,17.75,0
250,1,14.75,7,0,2.65149684778659,1
250,1,14.75,7,2.65149684778659,3.47831184415614,1
250,1,14.75,7,3.47831184415614,5.01599067662315,1
250,1,14.75,7,5.01599067662315,6.83709813485329,1
250,1,14.75,7,6.83709813485329,7.68925330894172,1
250,1,14.75,7,7.68925330894172,10.5816525903302,1
250,1,14.75,7,10.5816525903302,11.6377822529665,1
250,1,14.75,7,11.6377822529665,14.75,0
251,1,17.75,9,0,1.43000831715482,1
251,1,17.75,9,1.43000831715482,1.61013828063254,1
251,1,17.75,9,1.61013828063254,2.12592437271246,1
251,1,17.75,9,2.12592437271246,4.14696480945891,1
251,1,17.75,9,4.14696480945891,8.48029622930831,1
251,1,17.75,9,8.48029622930831,10.0410685704824,1
251,1,17.75,9,10.0410685704824,14.533883912132,1
251,1,17.75,9,14.533883912132,15.6071867230718,1
251,1,17.75,9,15.6071867230718,16.6657919556304,1
251,1,17.75,9,16.6657919556304,17.75,0
252,1,16.75,1,0,13.8756733069321,1
252,1,16.75,1,13.8756733069321,16.75,0
253,1,16.75,4,0,1.18821258162964,1
253,1,16.75,4,1.18821258162964,4.52200537317191,1
253,1,16.75,4,4.52200537317191,11.4357606998855,1
253,1,16.75,4,11.4357606998855,12.6709088166886,1
253,1,16.75,4,12.6709088166886,16.75,0
254,1,12.75,6,0,0.339226388228506,1
254,1,12.75,6,0.339226388228506,3.38192980205974,1
254,1,12.75,6,3.38192980205974,6.59034481296346,1
254,1,12.75,6,6.59034481296346,9.65531799192152,1
254,1,12.75,6,9.65531799192152,11.1175824935909,1
254,1,12.75,6,11.1175824935909,12.0904732172098,1
254,1,12.75,6,12.0904732172098,12.75,0
255,1,8.75,5,0,0.138649472487987,1
255,1,8.75,5,0.138649472487987,7.11503285126462,1
255,1,8.75,5,7.11503285126462,7.22356402924899,1
255,1,8.75,5,7.22356402924899,7.60244470485784,1
255,1,8.75,5,7.60244470485784,8.37392099300954,1
255,1,8.75,5,8.37392099300954,8.75,0
256,1,13.75,4,0,0.0398368635670241,1
256,1,13.75,4,0.0398368635670241,0.435995298605044,1
256,1,13.75,4,0.435995298605044,11.5729796633069,1
256,1,13.75,4,11.5729796633069,13.2891164123451,1
256,1,13.75,4,13.2891164123451,13.75,0
257,1,13.75,2,0,10.7589347504725,1
257,1,13.75,2,10.7589347504725,12.5088910704428,1
257,1,13.75,2,12.5088910704428,13.75,0
258,1,18.75,10,0,2.55673738857144,1
258,1,18.75,10,2.55673738857144,4.46223916759579,1
258,1,18.75,10,4.46223916759579,4.70831926680874,1
258,1,18.75,10,4.70831926680874,4.95002461785116,1
258,1,18.75,10,4.95002461785116,8.12828139010296,1
258,1,18.75,10,8.12828139010296,8.39047889115045,1
258,1,18.75,10,8.39047889115045,8.72478210007344,1
258,1,18.75,10,8.72478210007344,10.7033071211445,1
258,1,18.75,10,10.7033071211445,11.6263895032005,1
258,1,18.75,10,11.6263895032005,13.5514171181558,1
258,1,18.75,10,13.5514171181558,18.75,0
259,1,9.75,3,0,1.30608025847031,1
259,1,9.75,3,1.30608025847031,2.75394719140049,1
259,1,9.75,3,2.75394719140049,5.78460926957075,1
259,1,9.75,3,5.78460926957075,9.75,0
260,1,20.75,1,0,5.35488247318838,1
260,1,20.75,1,5.35488247318838,20.75,0
261,1,9.75,0,0,9.75,0
262,1,15.75,4,0,5.31132189309954,1
262,1,15.75,4,5.31132189309954,12.9747396493125,1
262,1,15.75,4,12.9747396493125,14.0045486012589,1
262,1,15.75,4,14.0045486012589,15.6018623941253,1
262,1,15.75,4,15.6018623941253,15.75,0
263,1,16.75,3,0,6.73779167160213,1
263,1,16.75,3,6.73779167160213,6.90757983985172,1
263,1,16.75,3,6.90757983985172,7.51109342534514,1
263,1,16.75,3,7.51109342534514,16.75,0
264,1,12.75,0,0,12.75,0
265,1,11.75,0,0,11.75,0
266,1,11.75,3,0,3.69120131762635,1
266,1,11.75,3,3.69120131762635,8.07086052643758,1
266,1,11.75,3,8.07086052643758,10.5963986024147,1
266,1,11.75,3,10.5963986024147,11.75,0
267,1,17.75,4,0,1.52526178008444,1
267,1,17.75,4,1.52526178008444,10.2256887517448,1
267,1,17.75,4,10.2256887517448,13.9437443947556,1
267,1,17.75,4,13.9437443947556,14.3368775579786,1
267,1,17.75,4,14.3368775579786,17.75,0
268,1,14.75,4,0,1.3263861287726,1
268,1,14.75,4,1.3263861287726,6.97075251846408,1
268,1,14.75,4,6.97075251846408,13.0186392835942,1
268,1,14.75,4,13.0186392835942,14.2785306964451,1
268,1,14.75,4,14.2785306964451,14.75,0
269,1,15.75,5,0,0.691364158461125,1
269,1,15.75,5,0.691364158461125,2.53880171800796,1
269,1,15.75,5,2.53880171800796,6.77246339570298,1
269,1,15.75,5,6.77246339570298,12.3847779341631,1
269,1,15.75,5,12.3847779341631,15.2627447915012,1
269,1,15.75,5,15.2627447915012,15.75,0
270,1,16.75,1,0,10.227145748625,1
270,1,16.75,1,10.227145748625,16.75,0
271,1,10.75,9,0,0.0177838728414928,1
271,1,10.75,9,0.0177838728414928,0.632573822642632,1
271,1,10.75,9,0.632573822642632,1.15822580580175,1
271,1,10.75,9,1.15822580580175,1.55360754605156,1
271,1,10.75,9,1.55360754605156,2.28080798284959,1
271,1,10.75,9,2.28080798284959,4.417361300134,1
271,1,10.75,9,4.417361300134,6.8968265585765,1
271,1,10.75,9,6.8968265585765,7.46078790312817,1
271,1,10.75,9,7.46078790312817,9.44874178181937,1
271,1,10.75,9,9.44874178181937,10.75,0
272,1,13.75,7,0,3.51326397722397,1
272,1,13.75,7,3.51326397722397,5.78451350901578,1
272,1,13.75,7,5.78451350901578,7.98339046074746,1
272,1,13.75,7,7.98339046074746,8.22940102606652,1
272,1,13.75,7,8.22940102606652,8.3412708942942,1
272,1,13.75,7,8.3412708942942,11.1628154209687,1
272,1,13.75,7,11.1628154209687,13.6935571272892,1
272,1,13.75,7,13.6935571272892,13.75,0
273,1,12.75,5,0,2.53889474332863,1
273,1,12.75,5,2.53889474332863,4.780229087211,1
273,1,12.75,5,4.780229087211,5.55131858030061,1
273,1,12.75,5,5.55131858030061,9.94526041220488,1
273,1,12.75,5,9.94526041220488,10.6958707071469,1
273,1,12.75,5,10.6958707071469,12.75,0
274,1,13.75,5,0,4.30307175369917,1
274,1,13.75,5,4.30307175369917,5.69210263677722,1
274,1,13.75,5,5.69210263677722,6.01996217738236,1
274,1,13.75,5,6.01996217738236,7.87314231573218,1
274,1,13.75,5,7.87314231573218,11.9319130662719,1
274,1,13.75,5,11.9319130662719,13.75,0
275,1,13.75,2,0,9.0662714669938,1
275,1,13.75,2,9.0662714669938,10.8778096722081,1
275,1,13.75,2,10.8778096722081,13.75,0
276,1,12.75,2,0,6.47183474472909,1
276,1,12.75,2,6.47183474472909,9.62344040607511,1
276,1,12.75,2,9.62344040607511,12.75,0
277,1,11.75,3,0,0.284652596053034,1
277,1,11.75,3,0.284652596053034,0.840312642768478,1
277,1,11.75,3,0.840312642768478,3.82857517575577,1
277,1,11.75,3,3.82857517575577,11.75,0
278,1,20.75,5,0,5.61307746865945,1
278,1,20.75,5,5.61307746865945,5.62790039547704,1
278,1,20.75,5,5.62790039547704,6.8571812869374,1
278,1,20.75,5,6.8571812869374,16.7760757239992,1
278,1,20.75,5,16.7760757239992,18.2000477540595,1
278,1,20.75,5,18.2000477540595,20.75,0
279,1,18.75,1,0,12.4748352212466,1
279,1,18.75,1,12.4748352212466,18.75,0
280,1,8.75,1,0,1.46951314701371,1
280,1,8.75,1,1.46951314701371,8.75,0
281,1,9.75,1,0,1.65455730352819,1
281,1,9.75,1,1.65455730352819,9.75,0
282,1,13.75,0,0,13.75,0
283,1,18.75,4,0,1.85323950625339,1
283,1,18.75,4,1.85323950625339,2.72897186738897,1
283,1,18.75,4,2.72897186738897,2.91369802869677,1
283,1,18.75,4,2.91369802869677,7.34505528688817,1
283,1,18.75,4,7.34505528688817,18.75,0
284,1,16.75,4,0,5.48160786457806,1
284,1,16.75,4,5.48160786457806,7.76132008848888,1
284,1,16.75,4,7.76132008848888,7.90809061160831,1
284,1,16.75,4,7.90809061160831,11.6395254787834,1
284,1,16.75,4,11.6395254787834,16.75,0
285,1,9.75,5,0,2.56351732628556,1
285,1,9.75,5,2.56351732628556,2.82857129962399,1
285,1,9.75,5,2.82857129962399,3.08155612608018,1
285,1,9.75,5,3.08155612608018,5.90181935282375,1
285,1,9.75,5,5.90181935282375,7.37397735194224,1
285,1,9.75,5,7.37397735194224,9.75,0
286,1,8.75,1,0,0.51598166747655,1
286,1,8.75,1,0.51598166747655,8.75,0
287,1,8.75,1,0,0.581512674985679,1
287,1,8.75,1,0.581512674985679,8.75,0
288,1,16.75,7,0,4.15025571057172,1
288,1,16.75,7,4.15025571057172,7.97888573936843,1
288,1,16.75,7,7.97888573936843,11.9707596181554,1
288,1,16.75,7,11.9707596181554,12.0462188615852,1
288,1,16.75,7,12.0462188615852,13.3084297197687,1
288,1,16.75,7,13.3084297197687,14.1597046433887,1
288,1,16.75,7,14.1597046433887,16.6258834931849,1
288,1,16.75,7,16.6258834931849,16.75,0
289,1,13.75,2,0,8.3520985384827,1
289,1,13.75,2,8.3520985384827,11.6676876709338,1
289,1,13.75,2,11.6676876709338,13.75,0
290,1,16.75,0,0,16.75,0
291,1,8.75,1,0,2.57319579863477,1
291,1,8.75,1,2.57319579863477,8.75,0
292,1,11.75,3,0,1.75957679374367,1
292,1,11.75,3,1.75957679374367,7.0613312520216,1
292,1,11.75,3,7.0613312520216,8.5894179444342,1
292,1,11.75,3,8.5894179444342,11.75,0
293,1,8.75,1,0,0.500478698052665,1
293,1,8.75,1,0.500478698052665,8.75,0
294,1,8.75,1,0,4.06326266948513,1
294,1,8.75,1,4.06326266948513,8.75,0
295,1,15.75,1,0,2.21074905050627,1
295,1,15.75,1,2.21074905050627,15.75,0
296,1,14.75,4,0,1.45885435113203,1
296,1,14.75,4,1.45885435113203,7.01429775953618,1
296,1,14.75,4,7.01429775953618,8.21815451956327,1
296,1,14.75,4,8.21815451956327,11.9032690567923,1
296,1,14.75,4,11.9032690567923,14.75,0
297,1,12.75,4,0,2.51663018671408,1
297,1,12.75,4,2.51663018671408,2.89117861871775,1
297,1,12.75,4,2.89117861871775,4.42606678408538,1
297,1,12.75,4,4.42606678408538,6.1023227984961,1
297,1,12.75,4,6.1023227984961,12.75,0
298,1,12.75,0,0,12.75,0
299,1,18.75,6,0,0.127032775133417,1
299,1,18.75,6,0.127032775133417,4.38358498362828,1
299,1,18.75,6,4.38358498362828,5.31572910967555,1
299,1,18.75,6,5.31572910967555,9.18428921622125,1
299,1,18.75,6,9.18428921622125,10.1958661020196,1
299,1,18.75,6,10.1958661020196,10.7973280508988,1
299,1,18.75,6,10.7973280508988,18.75,0
300,1,17.75,6,0,7.69020923087731,1
300,1,17.75,6,7.69020923087731,9.04119418034402,1
300,1,17.75,6,9.04119418034402,11.5577896042958,1
300,1,17.75,6,11.5577896042958,12.4563159152846,1
300,1,17.75,6,12.4563159152846,12.4569801773549,1
300,1,17.75,6,12.4569801773549,14.9777125517395,1
300,1,17.75,6,14.9777125517395,17.75,0
301,0,14.75,2,0,1.34803781681431,1
301,0,14.75,2,1.34803781681431,8.84277692776714,1
301,0,14.75,2,8.84277692776714,14.75,0
302,0,13.75,3,0,9.47749727226595,1
302,0,13.75,3,9.47749727226595,9.77900603533307,1
302,0,13.75,3,9.77900603533307,12.5716895735343,1
302,0,13.75,3,12.5716895735343,13.75,0
303,0,11.75,2,0,1.05187231350646,1
303,0,11.75,2,1.05187231350646,9.01202637339369,1
303,0,11.75,2,9.01202637339369,11.75,0
304,0,14.75,4,0,0.12336597988898,1
304,0,14.75,4,0.12336597988898,3.41506204970829,1
304,0,14.75,4,3.41506204970829,6.70488846654024,1
304,0,14.75,4,6.70488846654024,7.09968186831621,1
304,0,14.75,4,7.09968186831621,14.75,0
305,0,13.75,9,0,1.1930881523075,1
305,0,13.75,9,1.1930881523075,4.69818017560536,1
305,0,13.75,9,4.69818017560536,4.77663658210106,1
305,0,13.75,9,4.77663658210106,5.40804756929163,1
305,0,13.75,9,5.40804756929163,7.37783561214102,1
305,0,13.75,9,7.37783561214102,10.9156718260685,1
305,0,13.75,9,10.9156718260685,11.2599198704239,1
305,0,13.75,9,11.2599198704239,13.0754536290756,1
305,0,13.75,9,13.0754536290756,13.6922144977934,1
305,0,13.75,9,13.6922144977934,13.75,0
306,0,10.75,2,0,3.45632027960769,1
306,0,10.75,2,3.45632027960769,6.76889620142797,1
306,0,10.75,2,6.76889620142797,10.75,0
307,0,11.75,2,0,3.47331412795635,1
307,0,11.75,2,3.47331412795635,10.8432335144176,1
307,0,11.75,2,10.8432335144176,11.75,0
308,0,11.75,2,0,10.4302688024904,1
308,0,11.75,2,10.4302688024904,10.8445510627031,1
308,0,11.75,2,10.8445510627031,11.75,0
309,0,16.75,2,0,11.8074374949394,1
309,0,16.75,2,11.8074374949394,14.0774180248716,1
309,0,16.75,2,14.0774180248716,16.75,0
310,0,16.75,2,0,10.9821599667517,1
310,0,16.75,2,10.9821599667517,13.7876630486651,1
310,0,16.75,2,13.7876630486651,16.75,0
311,0,8.75,2,0,5.98577225353531,1
311,0,8.75,2,5.98577225353531,8.51759600535911,1
311,0,8.75,2,8.51759600535911,8.75,0
312,0,17.75,3,0,5.47908502615332,1
312,0,17.75,3,5.47908502615332,11.5243264640396,1
312,0,17.75,3,11.5243264640396,12.6788217492758,1
312,0,17.75,3,12.6788217492758,17.75,0
313,0,16.75,3,0,3.68765974254497,1
313,0,16.75,3,3.68765974254497,7.27346289050984,1
313,0,16.75,3,7.27346289050984,7.7121025895347,1
313,0,16.75,3,7.7121025895347,16.75,0
314,0,18.75,0,0,18.75,0
315,0,8.75,1,0,2.82839184444719,1
315,0,8.75,1,2.82839184444719,8.75,0
316,0,11.75,2,0,5.56723171029347,1
316,0,11.75,2,5.56723171029347,7.27646465316491,1
316,0,11.75,2,7.27646465316491,11.75,0
317,0,14.75,4,0,8.38897859631473,1
317,0,14.75,4,8.38897859631473,8.61025165724036,1
317,0,14.75,4,8.61025165724036,9.72742922968068,1
317,0,14.75,4,9.72742922968068,14.070243314313,1
317,0,14.75,4,14.070243314313,14.75,0
318,0,10.75,0,0,10.75,0
319,0,13.75,1,0,3.78093456094952,1
319,0,13.75,1,3.78093456094952,13.75,0
320,0,15.75,2,0,5.19863314369551,1
320,0,15.75,2,5.19863314369551,12.1557028858505,1
320,0,15.75,2,12.1557028858505,15.75,0
321,0,12.75,3,0,6.5415829105904,1
321,0,12.75,3,6.5415829105904,7.11456952534182,1
321,0,12.75,3,7.11456952534182,10.5384141276276,1
321,0,12.75,3,10.5384141276276,12.75,0
322,0,17.75,11,0,0.208835408708956,1
322,0,17.75,11,0.208835408708956,1.43342422863447,1
322,0,17.75,11,1.43342422863447,2.07494524027184,1
322,0,17.75,11,2.07494524027184,4.88912265364818,1
322,0,17.75,11,4.88912265364818,7.69399221492685,1
322,0,17.75,11,7.69399221492685,7.85512390412948,1
322,0,17.75,11,7.85512390412948,11.944702906111,1
322,0,17.75,11,11.944702906111,16.1216267383747,1
322,0,17.75,11,16.1216267383747,16.7512270328798,1
322,0,17.75,11,16.7512270328798,16.772572923459,1
322,0,17.75,11,16.772572923459,17.2434776264222,1
322,0,17.75,11,17.2434776264222,17.75,0
323,0,17.75,4,0,1.03723317282865,1
323,0,17.75,4,1.03723317282865,8.46981401984472,1
323,0,17.75,4,8.46981401984472,11.6367945371739,1
323,0,17.75,4,11.6367945371739,16.4346110250734,1
323,0,17.75,4,16.4346110250734,17.75,0
324,0,18.75,5,0,2.47657028449544,1
324,0,18.75,5,2.47657028449544,5.00444919102831,1
324,0,18.75,5,5.00444919102831,7.71231422761376,1
324,0,18.75,5,7.71231422761376,15.3900464534763,1
324,0,18.75,5,15.3900464534763,18.7497558173806,1
324,0,18.75,5,18.7497558173806,18.75,0
325,0,16.75,5,0,2.81676628131976,1
325,0,16.75,5,2.81676628131976,3.65214241131877,1
325,0,16.75,5,3.65214241131877,5.21812454778531,1
325,0,16.75,5,5.21812454778531,7.67678226978711,1
325,0,16.75,5,7.67678226978711,11.6881137558344,1
325,0,16.75,5,11.6881137558344,16.75,0
326,0,14.75,1,0,4.99086289901478,1
326,0,14.75,1,4.99086289901478,14.75,0
327,0,8.75,1,0,6.64027068412167,1
327,0,8.75,1,6.64027068412167,8.75,0
328,0,11.75,4,0,2.86268548387237,1
328,0,11.75,4,2.86268548387237,4.57800378714957,1
328,0,11.75,4,4.57800378714957,5.33740377902043,1
328,0,11.75,4,5.33740377902043,5.49663752032709,1
328,0,11.75,4,5.49663752032709,11.75,0
329,0,14.75,2,0,2.22167134750935,1
329,0,14.75,2,2.22167134750935,12.5475361359276,1
329,0,14.75,2,12.5475361359276,14.75,0
330,0,14.75,1,0,10.1066192541586,1
330,0,14.75,1,10.1066192541586,14.75,0
331,0,16.75,7,0,3.3144901373688,1
331,0,16.75,7,3.3144901373688,3.37136385918384,1
331,0,16.75,7,3.37136385918384,9.04288378139951,1
331,0,16.75,7,9.04288378139951,9.24520399522534,1
331,0,16.75,7,9.24520399522534,10.0285489084821,1
331,0,16.75,7,10.0285489084821,12.0031897649787,1
331,0,16.75,7,12.0031897649787,14.222814144878,1
331,0,16.75,7,14.222814144878,16.75,0
332,0,8.75,0,0,8.75,0
333,0,9.75,1,0,8.45152262382853,1
333,0,9.75,1,8.45152262382853,9.75,0
334,0,11.75,1,0,3.30949423533833,1
334,0,11.75,1,3.30949423533833,11.75,0
335,0,12.75,3,0,1.05245252432532,1
335,0,12.75,3,1.05245252432532,4.87078938625056,1
335,0,12.75,3,4.87078938625056,11.9838324422661,1
335,0,12.75,3,11.9838324422661,12.75,0
336,0,9.75,0,0,9.75,0
337,0,15.75,3,0,2.67879704314683,1
337,0,15.75,3,2.67879704314683,6.64870535181987,1
337,0,15.75,3,6.64870535181987,10.7017401377729,1
337,0,15.75,3,10.7017401377729,15.75,0
338,0,19.75,3,0,2.75878308424695,1
338,0,19.75,3,2.75878308424695,3.66763954325087,1
338,0,19.75,3,3.66763954325087,6.92285574502939,1
338,0,19.75,3,6.92285574502939,19.75,0
339,0,17.75,4,0,0.690357990751915,1
339,0,17.75,4,0.690357990751915,7.07133199121999,1
339,0,17.75,4,7.07133199121999,8.53601670423906,1
339,0,17.75,4,8.53601670423906,15.0135482831379,1
339,0,17.75,4,15.0135482831379,17.75,0
340,0,13.75,1,0,10.963441746648,1
340,0,13.75,1,10.963441746648,13.75,0
341,0,13.75,1,0,4.41347127386068,1
341,0,13.75,1,4.41347127386068,13.75,0
342,0,14.75,0,0,14.75,0
343,0,9.75,3,0,3.43555044061352,1
343,0,9.75,3,3.43555044061352,6.78570061812883,1
343,0,9.75,3,6.78570061812883,7.66535789029905,1
343,0,9.75,3,7.66535789029905,9.75,0
344,0,18.75,2,0,12.7546826291199,1
344,0,18.75,2,12.7546826291199,13.9793772613153,1
344,0,18.75,2,13.9793772613153,18.75,0
345,0,15.75,3,0,2.02221269699655,1
345,0,15.75,3,2.02221269699655,8.78761357583915,1
345,0,15.75,3,8.78761357583915,10.0722318003787,1
345,0,15.75,3,10.0722318003787,15.75,0
346,0,18.75,4,0,1.72798380266891,1
346,0,18.75,4,1.72798380266891,5.76646622734239,1
346,0,18.75,4,5.76646622734239,13.9505859532937,1
346,0,18.75,4,13.9505859532937,15.4657902535995,1
346,0,18.75,4,15.4657902535995,18.75,0
347,0,18.75,4,0,0.312382921013954,1
347,0,18.75,4,0.312382921013954,3.55397534630144,1
347,0,18.75,4,3.55397534630144,6.60881473800131,1
347,0,18.75,4,6.60881473800131,14.5202772648365,1
347,0,18.75,4,14.5202772648365,18.75,0
348,0,16.75,4,0,1.52293567592206,1
348,0,16.75,4,1.52293567592206,6.95476389610215,1
348,0,16.75,4,6.95476389610215,8.32996158585834,1
348,0,16.75,4,8.32996158585834,15.7555272377152,1
348,0,16.75,4,15.7555272377152,16.75,0
349,0,11.75,4,0,4.84731826434625,1
349,0,11.75,4,4.84731826434625,8.37986310033368,1
349,0,11.75,4,8.37986310033368,10.0055361366259,1
349,0,11.75,4,10.0055361366259,11.4472283554916,1
349,0,11.75,4,11.4472283554916,11.75,0
350,0,19.75,2,0,8.19698376752638,1
350,0,19.75,2,8.19698376752638,8.46330043164081,1
350,0,19.75,2,8.46330043164081,19.75,0
351,0,18.75,3,0,0.420445924913479,1
351,0,18.75,3,0.420445924913479,7.71743441638218,1
351,0,18.75,3,7.71743441638218,17.1769189531276,1
351,0,18.75,3,17.1769189531276,18.75,0
352,0,18.75,5,0,1.13223440452395,1
352,0,18.75,5,1.13223440452395,2.0885834929605,1
352,0,18.75,5,2.0885834929605,16.1043593730976,1
352,0,18.75,5,16.1043593730976,16.1260084298667,1
352,0,18.75,5,16.1260084298667,18.3490727036694,1
352,0,18.75,5,18.3490727036694,18.75,0
353,0,8.75,3,0,0.330982085711068,1
353,0,8.75,3,0.330982085711068,3.54357029092382,1
353,0,8.75,3,3.54357029092382,5.28263071073939,1
353,0,8.75,3,5.28263071073939,8.75,0
354,0,16.75,7,0,0.517518010408144,1
354,0,16.75,7,0.517518010408144,1.32418822897404,1
354,0,16.75,7,1.32418822897404,4.71546944640544,1
354,0,16.75,7,4.71546944640544,5.66040530958041,1
354,0,16.75,7,5.66040530958041,8.05977394189439,1
354,0,16.75,7,8.05977394189439,12.9601391785201,1
354,0,16.75,7,12.9601391785201,16.344796088605,1
354,0,16.75,7,16.344796088605,16.75,0
355,0,11.75,4,0,1.48876612658316,1
355,0,11.75,4,1.48876612658316,7.23340406702603,1
355,0,11.75,4,7.23340406702603,9.28863668095205,1
355,0,11.75,4,9.28863668095205,10.6753976922026,1
355,0,11.75,4,10.6753976922026,11.75,0
356,0,16.75,4,0,8.14965409421016,1
356,0,16.75,4,8.14965409421016,10.8368823528851,1
356,0,16.75,4,10.8368823528851,14.2170618787376,1
356,0,16.75,4,14.2170618787376,15.4857431175203,1
356,0,16.75,4,15.4857431175203,16.75,0
357,0,14.75,4,0,2.51404419171325,1
357,0,14.75,4,2.51404419171325,7.32312471873128,1
357,0,14.75,4,7.32312471873128,9.63045438100826,1
357,0,14.75,4,9.63045438100826,10.0146876456165,1
357,0,14.75,4,10.0146876456165,14.75,0
358,0,16.75,6,0,8.10668098345529,1
358,0,16.75,6,8.10668098345529,8.64916118063048,1
358,0,16.75,6,8.64916118063048,9.8715265211484,1
358,0,16.75,6,9.8715265211484,13.2269630109277,1
358,0,16.75,6,13.2269630109277,14.154711734207,1
358,0,16.75,6,14.154711734207,14.3262097694521,1
358,0,16.75,6,14.3262097694521,16.75,0
359,0,14.75,5,0,1.22087126906325,1
359,0,14.75,5,1.22087126906325,6.74845460086054,1
359,0,14.75,5,6.74845460086054,7.65279896820346,1
359,0,14.75,5,7.65279896820346,9.32941043952881,1
359,0,14.75,5,9.32941043952881,11.3285512560882,1
359,0,14.75,5,11.3285512560882,14.75,0
360,0,13.75,0,0,13.75,0
361,0,12.75,0,0,12.75,0
362,0,19.75,3,0,10.6133217483068,1
362,0,19.75,3,10.6133217483068,14.1665640347419,1
362,0,19.75,3,14.1665640347419,17.7599338606987,1
362,0,19.75,3,17.7599338606987,19.75,0
363,0,18.75,11,0,1.99106945794934,1
363,0,18.75,11,1.99106945794934,4.9294248077513,1
363,0,18.75,11,4.9294248077513,9.11758683593533,1
363,0,18.75,11,9.11758683593533,9.39209675299908,1
363,0,18.75,11,9.39209675299908,13.1847037510786,1
363,0,18.75,11,13.1847037510786,13.842025298499,1
363,0,18.75,11,13.842025298499,14.8350348143933,1
363,0,18.75,11,14.8350348143933,15.6454320378152,1
363,0,18.75,11,15.6454320378152,15.8449481026311,1
363,0,18.75,11,15.8449481026311,16.5250449245788,1
363,0,18.75,11,16.5250449245788,18.3175271214417,1
363,0,18.75,11,18.3175271214417,18.75,0
364,0,10.75,4,0,0.862546130014922,1
364,0,10.75,4,0.862546130014922,4.25119447589763,1
364,0,10.75,4,4.25119447589763,9.27734132954765,1
364,0,10.75,4,9.27734132954765,10.2874828347318,1
364,0,10.75,4,10.2874828347318,10.75,0
365,0,8.75,1,0,4.70369791331598,1
365,0,8.75,1,4.70369791331598,8.75,0
366,0,14.75,7,0,1.28594741853697,1
366,0,14.75,7,1.28594741853697,5.08493981507976,1
366,0,14.75,7,5.08493981507976,5.33749604065553,1
366,0,14.75,7,5.33749604065553,7.22803143121793,1
366,0,14.75,7,7.22803143121793,7.40134255583204,1
366,0,14.75,7,7.40134255583204,9.72961482152206,1
366,0,14.75,7,9.72961482152206,13.3782989133432,1
366,0,14.75,7,13.3782989133432,14.75,0
367,0,19.75,6,0,0.493791314619786,1
367,0,19.75,6,0.493791314619786,2.10135016158099,1
367,0,19.75,6,2.10135016158099,7.63076749202491,1
367,0,19.75,6,7.63076749202491,13.5322022756398,1
367,0,19.75,6,13.5322022756398,18.6968194554247,1
367,0,19.75,6,18.6968194554247,19.2908710570722,1
367,0,19.75,6,19.2908710570722,19.75,0
368,0,14.75,0,0,14.75,0
369,0,14.75,3,0,1.66281453163906,1
369,0,14.75,3,1.66281453163906,6.90532379854584,1
369,0,14.75,3,6.90532379854584,11.3028812385267,1
369,0,14.75,3,11.3028812385267,14.75,0
370,0,14.75,3,0,3.10332178468476,1
370,0,14.75,3,3.10332178468476,4.3769846056441,1
370,0,14.75,3,4.3769846056441,14.2730951733267,1
370,0,14.75,3,14.2730951733267,14.75,0
371,0,13.75,2,0,11.5122147765224,1
371,0,13.75,2,11.5122147765224,13.3650332828339,1
371,0,13.75,2,13.3650332828339,13.75,0
372,0,11.75,2,0,4.22268663776201,1
372,0,11.75,2,4.22268663776201,10.5259011422072,1
372,0,11.75,2,10.5259011422072,11.75,0
373,0,10.75,1,0,9.23338067295717,1
373,0,10.75,1,9.23338067295717,10.75,0
374,0,10.75,2,0,0.971363909028915,1
374,0,10.75,2,0.971363909028915,3.61901647473126,1
374,0,10.75,2,3.61901647473126,10.75,0
375,0,16.75,8,0,5.00677914268601,1
375,0,16.75,8,5.00677914268601,7.12919699011675,1
375,0,16.75,8,7.12919699011675,9.84237626869918,1
375,0,16.75,8,9.84237626869918,10.5127337111475,1
375,0,16.75,8,10.5127337111475,11.0401686884437,1
375,0,16.75,8,11.0401686884437,11.3965095201478,1
375,0,16.75,8,11.3965095201478,12.4314992918945,1
375,0,16.75,8,12.4314992918945,16.2045268387285,1
375,0,16.75,8,16.2045268387285,16.75,0
376,0,15.75,2,0,3.25898582666091,1
376,0,15.75,2,3.25898582666091,7.32655469569127,1
376,0,15.75,2,7.32655469569127,15.75,0
377,0,13.75,1,0,9.16655020613474,1
377,0,13.75,1,9.16655020613474,13.75,0
378,0,11.75,8,0,3.02506598435129,1
378,0,11.75,8,3.02506598435129,3.06877874319032,1
378,0,11.75,8,3.06877874319032,5.4327917595459,1
378,0,11.75,8,5.4327917595459,7.93289906862459,1
378,0,11.75,8,7.93289906862459,8.45777273767095,1
378,0,11.75,8,8.45777273767095,8.72221792409698,1
378,0,11.75,8,8.72221792409698,9.66922857422199,1
378,0,11.75,8,9.66922857422199,9.71588050105525,1
378,0,11.75,8,9.71588050105525,11.75,0
379,0,18.75,4,0,7.4686329856096,1
379,0,18.75,4,7.4686329856096,12.124454290531,1
379,0,18.75,4,12.124454290531,12.9440949300068,1
379,0,18.75,4,12.9440949300068,13.8428284933796,1
379,0,18.75,4,13.8428284933796,18.75,0
380,0,10.75,1,0,6.16030185754112,1
380,0,10.75,1,6.16030185754112,10.75,0
381,0,12.75,2,0,6.68775452779504,1
381,0,12.75,2,6.68775452779504,9.67152913936843,1
381,0,12.75,2,9.67152913936843,12.75,0
382,0,13.75,5,0,6.33481849830147,1
382,0,13.75,5,6.33481849830147,6.80837628665803,1
382,0,13.75,5,6.80837628665803,6.88697084839367,1
382,0,13.75,5,6.88697084839367,9.68429441717418,1
382,0,13.75,5,9.68429441717418,11.926837482999,1
382,0,13.75,5,11.926837482999,13.75,0
383,0,17.75,5,0,0.301403648445899,1
383,0,17.75,5,0.301403648445899,5.56529753723588,1
383,0,17.75,5,5.56529753723588,5.72969961054367,1
383,0,17.75,5,5.72969961054367,13.8000991467883,1
383,0,17.75,5,13.8000991467883,15.6224153331569,1
383,0,17.75,5,15.6224153331569,17.75,0
384,0,19.75,5,0,1.19487649046796,1
384,0,19.75,5,1.19487649046796,6.54442885051121,1
384,0,19.75,5,6.54442885051121,6.57040027912857,1
384,0,19.75,5,6.57040027912857,8.20740001963809,1
384,0,19.75,5,8.20740001963809,15.4750844424292,1
384,0,19.75,5,15.4750844424292,19.75,0
385,0,8.75,4,0,3.17815998415089,1
385,0,8.75,4,3.17815998415089,5.98176758345121,1
385,0,8.75,4,5.98176758345121,6.29739267590289,1
385,0,8.75,4,6.29739267590289,6.84716544665453,1
385,0,8.75,4,6.84716544665453,8.75,0
386,0,9.75,3,0,4.04472605376127,1
386,0,9.75,3,4.04472605376127,7.72595468269018,1
386,0,9.75,3,7.72595468269018,8.41264084915981,1
386,0,9.75,3,8.41264084915981,9.75,0
387,0,13.75,0,0,13.75,0
388,0,16.75,13,0,0.641325817453126,1
388,0,16.75,13,0.641325817453126,3.69838257742541,1
388,0,16.75,13,3.69838257742541,4.79604384611909,1
388,0,16.75,13,4.79604384611909,5.30312928658526,1
388,0,16.75,13,5.30312928658526,7.06331727152603,1
388,0,16.75,13,7.06331727152603,8.9014314865187,1
388,0,16.75,13,8.9014314865187,10.1719643089015,1
388,0,16.75,13,10.1719643089015,10.3891769186529,1
388,0,16.75,13,10.3891769186529,11.2743061718213,1
388,0,16.75,13,11.2743061718213,11.8687068674184,1
388,0,16.75,13,11.8687068674184,12.196624440409,1
388,0,16.75,13,12.196624440409,13.6025174810722,1
388,0,16.75,13,13.6025174810722,13.7354103398075,1
388,0,16.75,13,13.7354103398075,16.75,0
389,0,12.75,1,0,6.43741343096156,1
389,0,12.75,1,6.43741343096156,12.75,0
390,0,14.75,1,0,0.941268676435566,1
390,0,14.75,1,0.941268676435566,14.75,0
391,0,11.75,0,0,11.75,0
392,0,19.75,5,0,1.64837552936938,1
392,0,19.75,5,1.64837552936938,2.76013799777552,1
392,0,19.75,5,2.76013799777552,8.65337187987885,1
392,0,19.75,5,8.65337187987885,9.69360521677335,1
392,0,19.75,5,9.69360521677335,18.0608927098156,1
392,0,19.75,5,18.0608927098156,19.75,0
393,0,20.75,15,0,1.62506625820195,1
393,0,20.75,15,1.62506625820195,2.61395507020004,1
393,0,20.75,15,2.61395507020004,3.21224726824154,1
393,0,20.75,15,3.21224726824154,4.36257608616821,1
393,0,20.75,15,4.36257608616821,5.04841258579783,1
393,0,20.75,15,5.04841258579783,6.16000164045355,1
393,0,20.75,15,6.16000164045355,6.23803919160187,1
393,0,20.75,15,6.23803919160187,11.1177374607872,1
393,0,20.75,15,11.1177374607872,11.5228988948456,1
393,0,20.75,15,11.5228988948456,13.5043139386107,1
393,0,20.75,15,13.5043139386107,13.5945567802118,1
393,0,20.75,15,13.5945567802118,15.1278634275473,1
393,0,20.75,15,15.1278634275473,18.8901245019901,1
393,0,20.75,15,18.8901245019901,19.1639914853991,1
393,0,20.75,15,19.1639914853991,20.4290684628577,1
393,0,20.75,15,20.4290684628577,20.75,0
394,0,9.75,5,0,1.50493747540899,1
394,0,9.75,5,1.50493747540899,3.42125908802215,1
394,0,9.75,5,3.42125908802215,4.61484278047065,1
394,0,9.75,5,4.61484278047065,5.92514680628081,1
394,0,9.75,5,5.92514680628081,6.79541980106414,1
394,0,9.75,5,6.79541980106414,9.75,0
395,0,13.75,1,0,0.894147860239393,1
395,0,13.75,1,0.894147860239393,13.75,0
396,0,12.75,1,0,4.29101816404955,1
396,0,12.75,1,4.29101816404955,12.75,0
397,0,13.75,3,0,2.64821509214488,1
397,0,13.75,3,2.64821509214488,7.53606284140102,1
397,0,13.75,3,7.53606284140102,9.65907233602854,1
397,0,13.75,3,9.65907233602854,13.75,0
398,0,17.75,4,0,1.15786059116445,1
398,0,17.75,4,1.15786059116445,4.7037495788967,1
398,0,17.75,4,4.7037495788967,9.67062670717186,1
398,0,17.75,4,9.67062670717186,14.8333089794069,1
398,0,17.75,4,14.8333089794069,17.75,0
399,0,7.75,1,0,0.0569778094944685,1
399,0,7.75,1,0.0569778094944685,7.75,0
400,0,15.75,9,0,2.44211388223599,1
400,0,15.75,9,2.44211388223599,3.65385254832726,1
400,0,15.75,9,3.65385254832726,4.67402747510197,1
400,0,15.75,9,4.67402747510197,6.87017308977654,1
400,0,15.75,9,6.87017308977654,8.57283874015678,1
400,0,15.75,9,8.57283874015678,9.11403431520315,1
400,0,15.75,9,9.11403431520315,11.1468851527885,1
400,0,15.75,9,11.1468851527885,11.5921582428884,1
400,0,15.75,9,11.5921582428884,14.0971627938665,1
400,0,15.75,9,14.0971627938665,15.75,0
401,0,11.75,5,0,2.98398311864134,1
401,0,11.75,5,2.98398311864134,3.1519028798275,1
401,0,11.75,5,3.1519028798275,6.53364632271772,1
401,0,11.75,5,6.53364632271772,9.4065637122719,1
401,0,11.75,5,9.4065637122719,9.51908936627754,1
401,0,11.75,5,9.51908936627754,11.75,0
402,0,19.75,2,0,16.2132740526577,1
402,0,19.75,2,16.2132740526577,17.8598265590741,1
402,0,19.75,2,17.8598265590741,19.75,0
403,0,17.75,1,0,13.5624531480967,1
403,0,17.75,1,13.5624531480967,17.75,0
404,0,9.75,1,0,0.319853409215771,1
404,0,9.75,1,0.319853409215771,9.75,0
405,0,12.75,3,0,0.983109221207921,1
405,0,12.75,3,0.983109221207921,5.13962676734651,1
405,0,12.75,3,5.13962676734651,11.7452228811649,1
405,0,12.75,3,11.7452228811649,12.75,0
406,0,15.75,1,0,4.51692402378413,1
406,0,15.75,1,4.51692402378413,15.75,0
407,0,15.75,3,0,4.2009988069924,1
407,0,15.75,3,4.2009988069924,11.8457087747628,1
407,0,15.75,3,11.8457087747628,15.4537155419687,1
407,0,15.75,3,15.4537155419687,15.75,0
408,0,11.75,0,0,11.75,0
409,0,11.75,6,0,3.39278207112782,1
409,0,11.75,6,3.39278207112782,4.32812674551175,1
409,0,11.75,6,4.32812674551175,7.77842171290607,1
409,0,11.75,6,7.77842171290607,7.79260427359041,1
409,0,11.75,6,7.79260427359041,8.0782467189258,1
409,0,11.75,6,8.0782467189258,9.81109931398187,1
409,0,11.75,6,9.81109931398187,11.75,0
410,0,15.75,2,0,8.64011783356373,1
410,0,15.75,2,8.64011783356373,12.8561698189803,1
410,0,15.75,2,12.8561698189803,15.75,0
411,0,10.75,3,0,2.59044472072202,1
411,0,10.75,3,2.59044472072202,3.96553289075172,1
411,0,10.75,3,3.96553289075172,4.64500324146268,1
411,0,10.75,3,4.64500324146268,10.75,0
412,0,11.75,4,0,0.0185872421799426,1
412,0,11.75,4,0.0185872421799426,3.18446597899961,1
412,0,11.75,4,3.18446597899961,6.57144294190274,1
412,0,11.75,4,6.57144294190274,8.1070696273379,1
412,0,11.75,4,8.1070696273379,11.75,0
413,0,9.75,4,0,0.0496732525391021,1
413,0,9.75,4,0.0496732525391021,2.84671633439192,1
413,0,9.75,4,2.84671633439192,5.90949402642433,1
413,0,9.75,4,5.90949402642433,5.95141506940353,1
413,0,9.75,4,5.95141506940353,9.75,0
414,0,15.75,2,0,4.80828688301828,1
414,0,15.75,2,4.80828688301828,11.3107275038824,1
414,0,15.75,2,11.3107275038824,15.75,0
415,0,15.75,2,0,6.09853035175797,1
415,0,15.75,2,6.09853035175797,12.0641561196906,1
415,0,15.75,2,12.0641561196906,15.75,0
416,0,10.75,4,0,2.81774684635846,1
416,0,10.75,4,2.81774684635846,3.6290006450272,1
416,0,10.75,4,3.6290006450272,6.71962567763136,1
416,0,10.75,4,6.71962567763136,7.29040217572401,1
416,0,10.75,4,7.29040217572401,10.75,0
417,0,11.75,2,0,5.94851489189441,1
417,0,11.75,2,5.94851489189441,6.98122268413036,1
417,0,11.75,2,6.98122268413036,11.75,0
418,0,18.75,10,0,3.37450545984674,1
418,0,18.75,10,3.37450545984674,5.39228646482281,1
418,0,18.75,10,5.39228646482281,12.7036856451279,1
418,0,18.75,10,12.7036856451279,14.0745372585533,1
418,0,18.75,10,14.0745372585533,15.755062575503,1
418,0,18.75,10,15.755062575503,15.8424341335451,1
418,0,18.75,10,15.8424341335451,16.6099650649176,1
418,0,18.75,10,16.6099650649176,17.1059127706665,1
418,0,18.75,10,17.1059127706665,17.6321349608716,1
418,0,18.75,10,17.6321349608716,18.1849428911135,1
418,0,18.75,10,18.1849428911135,18.75,0
419,0,16.75,6,0,3.72124176899904,1
419,0,16.75,6,3.72124176899904,6.31730745813543,1
419,0,16.75,6,6.31730745813543,7.99573219801232,1
419,0,16.75,6,7.99573219801232,8.04804562384878,1
419,0,16.75,6,8.04804562384878,9.93520368245783,1
419,0,16.75,6,9.93520368245783,10.2906181739806,1
419,0,16.75,6,10.2906181739806,16.75,0
420,0,8.75,0,0,8.75,0
421,0,7.75,0,0,7.75,0
422,0,13.75,2,0,3.7167811296639,1
422,0,13.75,2,3.7167811296639,6.60771244050259,1
422,0,13.75,2,6.60771244050259,13.75,0
423,0,14.75,2,0,2.47640076534109,1
423,0,14.75,2,2.47640076534109,12.5391019713616,1
423,0,14.75,2,12.5391019713616,14.75,0
424,0,12.75,9,0,3.06767952848801,1
424,0,12.75,9,3.06767952848801,4.28464765956165,1
424,0,12.75,9,4.28464765956165,4.33470027629022,1
424,0,12.75,9,4.33470027629022,4.90946555019397,1
424,0,12.75,9,4.90946555019397,5.47263427044752,1
424,0,12.75,9,5.47263427044752,7.1866589804834,1
424,0,12.75,9,7.1866589804834,8.3493957281152,1
424,0,12.75,9,8.3493957281152,8.8392795275485,1
424,0,12.75,9,8.8392795275485,10.3851214824402,1
424,0,12.75,9,10.3851214824402,12.75,0
425,0,13.75,8,0,2.0034670025055,1
425,0,13.75,8,2.0034670025055,5.94182917104982,1
425,0,13.75,8,5.94182917104982,6.77978090499388,1
425,0,13.75,8,6.77978090499388,6.78228146106295,1
425,0,13.75,8,6.78228146106295,7.26269681007138,1
425,0,13.75,8,7.26269681007138,12.3042661435094,1
425,0,13.75,8,12.3042661435094,12.7065334307761,1
425,0,13.75,8,12.7065334307761,13.5215313711831,1
425,0,13.75,8,13.5215313711831,13.75,0
426,0,12.75,2,0,4.75717877113562,1
426,0,12.75,2,4.75717877113562,7.43730899434766,1
426,0,12.75,2,7.43730899434766,12.75,0
427,0,13.75,7,0,1.46086529251816,1
427,0,13.75,7,1.46086529251816,2.97471788017275,1
427,0,13.75,7,2.97471788017275,4.38818872616086,1
427,0,13.75,7,4.38818872616086,6.94362993800425,1
427,0,13.75,7,6.94362993800425,8.76100629757086,1
427,0,13.75,7,8.76100629757086,8.80146680534307,1
427,0,13.75,7,8.80146680534307,11.5800135594533,1
427,0,13.75,7,11.5800135594533,13.75,0
428,0,11.75,0,0,11.75,0
429,0,11.75,2,0,3.70259321042075,1
429,0,11.75,2,3.70259321042075,6.90447712107313,1
429,0,11.75,2,6.90447712107313,11.75,0
430,0,10.75,3,0,3.19881210393642,1
430,0,10.75,3,3.19881210393642,4.60629361355801,1
430,0,10.75,3,4.60629361355801,5.40852745221955,1
430,0,10.75,3,5.40852745221955,10.75,0
431,0,12.75,8,0,2.04909200431749,1
431,0,12.75,8,2.04909200431749,2.8143693212027,1
431,0,12.75,8,2.8143693212027,4.47230096834066,1
431,0,12.75,8,4.47230096834066,6.53843740505518,1
431,0,12.75,8,6.53843740505518,7.16387146294607,1
431,0,12.75,8,7.16387146294607,7.32910686613598,1
431,0,12.75,8,7.32910686613598,10.8439640288405,1
431,0,12.75,8,10.8439640288405,12.3010223531387,1
431,0,12.75,8,12.3010223531387,12.75,0
432,0,17.75,4,0,7.60837101749409,1
432,0,17.75,4,7.60837101749409,12.5136389507722,1
432,0,17.75,4,12.5136389507722,13.0595766374674,1
432,0,17.75,4,13.0595766374674,13.1517186150127,1
432,0,17.75,4,13.1517186150127,17.75,0
433,0,8.75,2,0,1.64633073077097,1
433,0,8.75,2,1.64633073077097,6.79748769939912,1
433,0,8.75,2,6.79748769939912,8.75,0
434,0,17.75,2,0,0.420245271862485,1
434,0,17.75,2,0.420245271862485,9.75441760682154,1
434,0,17.75,2,9.75441760682154,17.75,0
435,0,8.75,2,0,2.31790107604895,1
435,0,8.75,2,2.31790107604895,5.59408391583564,1
435,0,8.75,2,5.59408391583564,8.75,0
436,0,8.75,3,0,2.71012719604191,1
436,0,8.75,3,2.71012719604191,3.44685671985862,1
436,0,8.75,3,3.44685671985862,8.21644555865475,1
436,0,8.75,3,8.21644555865475,8.75,0
437,0,10.75,0,0,10.75,0
438,0,14.75,1,0,6.30280601051015,1
438,0,14.75,1,6.30280601051015,14.75,0
439,0,14.75,6,0,0.454746195701846,1
439,0,14.75,6,0.454746195701846,3.32313792414971,1
439,0,14.75,6,3.32313792414971,6.19499879220098,1
439,0,14.75,6,6.19499879220098,7.21367043405868,1
439,0,14.75,6,7.21367043405868,10.354846596942,1
439,0,14.75,6,10.354846596942,11.1071123927464,1
439,0,14.75,6,11.1071123927464,14.75,0
440,0,13.75,4,0,3.00539977107989,1
440,0,13.75,4,3.00539977107989,8.9451000705748,1
440,0,13.75,4,8.9451000705748,11.0122818002118,1
440,0,13.75,4,11.0122818002118,11.0671296384489,1
440,0,13.75,4,11.0671296384489,13.75,0
441,0,12.75,2,0,6.88126235899714,1
441,0,12.75,2,6.88126235899714,11.631700717454,1
441,0,12.75,2,11.631700717454,12.75,0
442,0,10.75,1,0,8.30855328057734,1
442,0,10.75,1,8.30855328057734,10.75,0
443,0,9.75,2,0,2.81128121115573,1
443,0,9.75,2,2.81128121115573,4.12767799370686,1
443,0,9.75,2,4.12767799370686,9.75,0
444,0,15.75,6,0,3.64807163142107,1
444,0,15.75,6,3.64807163142107,5.47490535008405,1
444,0,15.75,6,5.47490535008405,8.05349280621143,1
444,0,15.75,6,8.05349280621143,8.38766255903588,1
444,0,15.75,6,8.38766255903588,12.7903346958856,1
444,0,15.75,6,12.7903346958856,13.7830239561737,1
444,0,15.75,6,13.7830239561737,15.75,0
445,0,11.75,0,0,11.75,0
446,0,11.75,0,0,11.75,0
447,0,7.75,1,0,4.81246115714953,1
447,0,7.75,1,4.81246115714953,7.75,0
448,0,9.75,0,0,9.75,0
449,0,15.75,0,0,15.75,0
450,0,10.75,3,0,0.602016318819903,1
450,0,10.75,3,0.602016318819903,2.35946317661758,1
450,0,10.75,3,2.35946317661758,5.99614743064309,1
450,0,10.75,3,5.99614743064309,10.75,0
451,0,13.75,4,0,8.71545117975086,1
451,0,13.75,4,8.71545117975086,9.40361642022143,1
451,0,13.75,4,9.40361642022143,10.4149409134415,1
451,0,13.75,4,10.4149409134415,11.7378115345611,1
451,0,13.75,4,11.7378115345611,13.75,0
452,0,15.75,1,0,8.40280689900716,1
452,0,15.75,1,8.40280689900716,15.75,0
453,0,13.75,5,0,1.09750096873873,1
453,0,13.75,5,1.09750096873873,2.94849479613209,1
453,0,13.75,5,2.94849479613209,4.54840592191788,1
453,0,13.75,5,4.54840592191788,7.80669116843771,1
453,0,13.75,5,7.80669116843771,12.8845516884458,1
453,0,13.75,5,12.8845516884458,13.75,0
454,0,9.75,1,0,1.24215586699618,1
454,0,9.75,1,1.24215586699618,9.75,0
455,0,13.75,2,0,7.01322341478751,1
455,0,13.75,2,7.01322341478751,7.99303455246837,1
455,0,13.75,2,7.99303455246837,13.75,0
456,0,14.75,1,0,12.3344796772652,1
456,0,14.75,1,12.3344796772652,14.75,0
457,0,17.75,4,0,4.2322860006145,1
457,0,17.75,4,4.2322860006145,5.36820147978097,1
457,0,17.75,4,5.36820147978097,11.7862788316376,1
457,0,17.75,4,11.7862788316376,16.21069463187,1
457,0,17.75,4,16.21069463187,17.75,0
458,0,9.75,3,0,1.43871258662935,1
458,0,9.75,3,1.43871258662935,3.08148259903275,1
458,0,9.75,3,3.08148259903275,4.64495888136208,1
458,0,9.75,3,4.64495888136208,9.75,0
459,0,11.75,1,0,8.39216661801396,1
459,0,11.75,1,8.39216661801396,11.75,0
460,0,12.75,4,0,0.508887146701611,1
460,0,12.75,4,0.508887146701611,0.740839022457103,1
460,0,12.75,4,0.740839022457103,3.00171169171553,1
460,0,12.75,4,3.00171169171553,3.62176214762293,1
460,0,12.75,4,3.62176214762293,12.75,0
461,0,13.75,1,0,3.39621520841618,1
461,0,13.75,1,3.39621520841618,13.75,0
462,0,12.75,5,0,0.148776970057768,1
462,0,12.75,5,0.148776970057768,5.13327476735204,1
462,0,12.75,5,5.13327476735204,5.98125463258679,1
462,0,12.75,5,5.98125463258679,11.4099858695865,1
462,0,12.75,5,11.4099858695865,11.5449555647384,1
462,0,12.75,5,11.5449555647384,12.75,0
463,0,10.75,3,0,0.483341374431407,1
463,0,10.75,3,0.483341374431407,7.3122915016525,1
463,0,10.75,3,7.3122915016525,8.87195116131892,1
463,0,10.75,3,8.87195116131892,10.75,0
464,0,17.75,4,0,2.04363550287136,1
464,0,17.75,4,2.04363550287136,6.35910833932751,1
464,0,17.75,4,6.35910833932751,11.1616582820332,1
464,0,17.75,4,11.1616582820332,17.387713151321,1
464,0,17.75,4,17.387713151321,17.75,0
465,0,11.75,1,0,8.78894892160068,1
465,0,11.75,1,8.78894892160068,11.75,0
466,0,12.75,3,0,5.82592936628651,1
466,0,12.75,3,5.82592936628651,6.57869944700521,1
466,0,12.75,3,6.57869944700521,7.30021974061769,1
466,0,12.75,3,7.30021974061769,12.75,0
467,0,12.75,7,0,0.575450625242324,1
467,0,12.75,7,0.575450625242324,4.8384273799501,1
467,0,12.75,7,4.8384273799501,5.29423061975943,1
467,0,12.75,7,5.29423061975943,9.26272067640265,1
467,0,12.75,7,9.26272067640265,9.73169967435743,1
467,0,12.75,7,9.73169967435743,10.0151885635507,1
467,0,12.75,7,10.0151885635507,10.5175269389492,1
467,0,12.75,7,10.5175269389492,12.75,0
468,0,11.75,1,0,4.15257494084059,1
468,0,11.75,1,4.15257494084059,11.75,0
469,0,9.75,0,0,9.75,0
470,0,20.75,2,0,14.6998702606842,1
470,0,20.75,2,14.6998702606842,15.4460349472683,1
470,0,20.75,2,15.4460349472683,20.75,0
471,0,16.75,1,0,11.3801545306525,1
471,0,16.75,1,11.3801545306525,16.75,0
472,0,11.75,2,0,1.5531043364089,1
472,0,11.75,2,1.5531043364089,7.51907121779594,1
472,0,11.75,2,7.51907121779594,11.75,0
473,0,11.75,1,0,10.2013748798972,1
473,0,11.75,1,10.2013748798972,11.75,0
474,0,12.75,4,0,4.35497521151981,1
474,0,12.75,4,4.35497521151981,6.4176016552689,1
474,0,12.75,4,6.4176016552689,8.97193293909098,1
474,0,12.75,4,8.97193293909098,11.9342416014503,1
474,0,12.75,4,11.9342416014503,12.75,0
475,0,20.75,3,0,9.46404683618136,1
475,0,20.75,3,9.46404683618136,10.2699582283296,1
475,0,20.75,3,10.2699582283296,12.8456213660512,1
475,0,20.75,3,12.8456213660512,20.75,0
476,0,7.75,2,0,1.1415160474715,1
476,0,7.75,2,1.1415160474715,5.46317543918073,1
476,0,7.75,2,5.46317543918073,7.75,0
477,0,15.75,0,0,15.75,0
478,0,14.75,2,0,1.11574434125164,1
478,0,14.75,2,1.11574434125164,3.70816714001471,1
478,0,14.75,2,3.70816714001471,14.75,0
479,0,10.75,3,0,1.07415879279626,1
479,0,10.75,3,1.07415879279626,1.51860597131449,1
479,0,10.75,3,1.51860597131449,10.5557003030047,1
479,0,10.75,3,10.5557003030047,10.75,0
480,0,11.75,0,0,11.75,0
481,0,19.75,0,0,19.75,0
482,0,15.75,2,0,4.04218585133121,1
482,0,15.75,2,4.04218585133121,9.30683289686096,1
482,0,15.75,2,9.30683289686096,15.75,0
483,0,15.75,3,0,0.517444169089561,1
483,0,15.75,3,0.517444169089561,1.76311817002429,1
483,0,15.75,3,1.76311817002429,8.26575862410144,1
483,0,15.75,3,8.26575862410144,15.75,0
484,0,19.75,3,0,0.902513236571435,1
484,0,19.75,3,0.902513236571435,1.83569240660565,1
484,0,19.75,3,1.83569240660565,8.12773490985789,1
484,0,19.75,3,8.12773490985789,19.75,0
485,0,19.75,0,0,19.75,0
486,0,17.75,9,0,0.731828643649934,1
486,0,17.75,9,0.731828643649934,1.63869226323478,1
486,0,17.75,9,1.63869226323478,6.16828699188479,1
486,0,17.75,9,6.16828699188479,7.59514130859068,1
486,0,17.75,9,7.59514130859068,11.369779743415,1
486,0,17.75,9,11.369779743415,12.5570456317926,1
486,0,17.75,9,12.5570456317926,13.0915772732017,1
486,0,17.75,9,13.0915772732017,14.7752155360726,1
486,0,17.75,9,14.7752155360726,17.2025793781511,1
486,0,17.75,9,17.2025793781511,17.75,0
487,0,8.75,2,0,2.33294209132106,1
487,0,8.75,2,2.33294209132106,8.56422347834774,1
487,0,8.75,2,8.56422347834774,8.75,0
488,0,9.75,2,0,0.587839704755016,1
488,0,9.75,2,0.587839704755016,3.61721324555821,1
488,0,9.75,2,3.61721324555821,9.75,0
489,0,20.75,2,0,3.79696342994843,1
489,0,20.75,2,3.79696342994843,16.7022080696422,1
489,0,20.75,2,16.7022080696422,20.75,0
490,0,10.75,1,0,0.417774226750816,1
490,0,10.75,1,0.417774226750816,10.75,0
491,0,14.75,3,0,2.68394680842952,1
491,0,14.75,3,2.68394680842952,10.3227411984746,1
491,0,14.75,3,10.3227411984746,10.5358749228855,1
491,0,14.75,3,10.5358749228855,14.75,0
492,0,12.75,6,0,3.85953514489281,1
492,0,12.75,6,3.85953514489281,7.13028228205934,1
492,0,12.75,6,7.13028228205934,8.05327719947604,1
492,0,12.75,6,8.05327719947604,8.82582275761017,1
492,0,12.75,6,8.82582275761017,9.7353840485979,1
492,0,12.75,6,9.7353840485979,12.3180938368998,1
492,0,12.75,6,12.3180938368998,12.75,0
493,0,12.75,2,0,10.4117765308585,1
493,0,12.75,2,10.4117765308585,12.6835194062615,1
493,0,12.75,2,12.6835194062615,12.75,0
494,0,7.75,2,0,0.257587335089931,1
494,0,7.75,2,0.257587335089931,1.29027473724894,1
494,0,7.75,2,1.29027473724894,7.75,0
495,0,13.75,0,0,13.75,0
496,0,11.75,13,0,1.58632647692603,1
496,0,11.75,13,1.58632647692603,2.2337809406885,1
496,0,11.75,13,2.2337809406885,4.12762104408678,1
496,0,11.75,13,4.12762104408678,4.53620618613276,1
496,0,11.75,13,4.53620618613276,6.16144203263078,1
496,0,11.75,13,6.16144203263078,6.2256705371387,1
496,0,11.75,13,6.2256705371387,6.95217169384318,1
496,0,11.75,13,6.95217169384318,7.28701840484092,1
496,0,11.75,13,7.28701840484092,7.82276012390001,1
496,0,11.75,13,7.82276012390001,8.39839923635009,1
496,0,11.75,13,8.39839923635009,8.72608756365536,1
496,0,11.75,13,8.72608756365536,9.39524206406147,1
496,0,11.75,13,9.39524206406147,11.2312881587251,1
496,0,11.75,13,11.2312881587251,11.75,0
497,0,11.75,3,0,1.69728132118481,1
497,0,11.75,3,1.69728132118481,6.25661116867899,1
497,0,11.75,3,6.25661116867899,6.93955638009749,1
497,0,11.75,3,6.93955638009749,11.75,0
498,0,19.75,8,0,1.79457402175087,1
498,0,19.75,8,1.79457402175087,2.67261420615251,1
498,0,19.75,8,2.67261420615251,4.20686328487035,1
498,0,19.75,8,4.20686328487035,7.31952567409104,1
498,0,19.75,8,7.31952567409104,7.44549540688196,1
498,0,19.75,8,7.44549540688196,7.52853276077784,1
498,0,19.75,8,7.52853276077784,8.45910814336031,1
498,0,19.75,8,8.45910814336031,9.65223986953148,1
498,0,19.75,8,9.65223986953148,19.75,0
499,0,15.75,1,0,13.0582803249228,1
499,0,15.75,1,13.0582803249228,15.75,0
500,0,11.75,1,0,11.5894661043929,1
500,0,11.75,1,11.5894661043929,11.75,0
501,0,8.75,0,0,8.75,0
502,0,9.75,3,0,4.31355384282268,1
502,0,9.75,3,4.31355384282268,4.70123502176308,1
502,0,9.75,3,4.70123502176308,5.70375175981819,1
502,0,9.75,3,5.70375175981819,9.75,0
503,0,11.75,3,0,5.89254950327796,1
503,0,11.75,3,5.89254950327796,6.46631911009423,1
503,0,11.75,3,6.46631911009423,11.1924275450778,1
503,0,11.75,3,11.1924275450778,11.75,0
504,0,11.75,2,0,0.718597351120813,1
504,0,11.75,2,0.718597351120813,8.74507828507405,1
504,0,11.75,2,8.74507828507405,11.75,0
505,0,13.75,7,0,5.59405896580401,1
505,0,13.75,7,5.59405896580401,6.53521006455536,1
505,0,13.75,7,6.53521006455536,7.0135367942245,1
505,0,13.75,7,7.0135367942245,9.87674177104552,1
505,0,13.75,7,9.87674177104552,10.2625726779288,1
505,0,13.75,7,10.2625726779288,12.5002636296635,1
505,0,13.75,7,12.5002636296635,13.1397748900355,1
505,0,13.75,7,13.1397748900355,13.75,0
506,0,10.75,0,0,10.75,0
507,0,17.75,1,0,0.347811246606083,1
507,0,17.75,1,0.347811246606083,17.75,0
508,0,9.75,0,0,9.75,0
509,0,8.75,1,0,4.56821149048738,1
509,0,8.75,1,4.56821149048738,8.75,0
510,0,12.75,0,0,12.75,0
511,0,13.75,3,0,3.18877746461595,1
511,0,13.75,3,3.18877746461595,7.53447037355872,1
511,0,13.75,3,7.53447037355872,10.5691180690615,1
511,0,13.75,3,10.5691180690615,13.75,0
512,0,12.75,0,0,12.75,0
513,0,19.75,0,0,19.75,0
514,0,9.75,3,0,4.0814192184486,1
514,0,9.75,3,4.0814192184486,9.06313668777715,1
514,0,9.75,3,9.06313668777715,9.36624563978885,1
514,0,9.75,3,9.36624563978885,9.75,0
515,0,10.75,6,0,4.88538136092418,1
515,0,10.75,6,4.88538136092418,5.89925594972219,1
515,0,10.75,6,5.89925594972219,6.63652116987122,1
515,0,10.75,6,6.63652116987122,9.07849964130356,1
515,0,10.75,6,9.07849964130356,9.12256472380154,1
515,0,10.75,6,9.12256472380154,9.15100134899661,1
515,0,10.75,6,9.15100134899661,10.75,0
516,0,14.75,3,0,1.75625759517383,1
516,0,14.75,3,1.75625759517383,11.8281647339394,1
516,0,14.75,3,11.8281647339394,13.880689263279,1
516,0,14.75,3,13.880689263279,14.75,0
517,0,10.75,3,0,1.47066266754009,1
517,0,10.75,3,1.47066266754009,3.41440294615167,1
517,0,10.75,3,3.41440294615167,6.40277468008945,1
517,0,10.75,3,6.40277468008945,10.75,0
518,0,14.75,2,0,4.70333753941528,1
518,0,14.75,2,4.70333753941528,7.58303541894095,1
518,0,14.75,2,7.58303541894095,14.75,0
519,0,9.75,2,0,2.97588803398482,1
519,0,9.75,2,2.97588803398482,4.49849773933378,1
519,0,9.75,2,4.49849773933378,9.75,0
520,0,7.75,1,0,6.12427485437564,1
520,0,7.75,1,6.12427485437564,7.75,0
521,0,14.75,7,0,2.0986735465268,1
521,0,14.75,7,2.0986735465268,3.35830744710467,1
521,0,14.75,7,3.35830744710467,3.91828033564637,1
521,0,14.75,7,3.91828033564637,3.93179125525254,1
521,0,14.75,7,3.93179125525254,4.32892228049622,1
521,0,14.75,7,4.32892228049622,5.11317174904493,1
521,0,14.75,7,5.11317174904493,9.73467147317533,1
521,0,14.75,7,9.73467147317533,14.75,0
522,0,17.75,3,0,13.8746713332727,1
522,0,17.75,3,13.8746713332727,14.057036653807,1
522,0,17.75,3,14.057036653807,17.6575179533364,1
522,0,17.75,3,17.6575179533364,17.75,0
523,0,12.75,1,0,11.1465467333674,1
523,0,12.75,1,11.1465467333674,12.75,0
524,0,16.75,5,0,4.33656191757013,1
524,0,16.75,5,4.33656191757013,4.82805256752344,1
524,0,16.75,5,4.82805256752344,8.06707650134612,1
524,0,16.75,5,8.06707650134612,10.3840175022773,1
524,0,16.75,5,10.3840175022773,12.145044024965,1
524,0,16.75,5,12.145044024965,16.75,0
525,0,12.75,3,0,2.61743832851437,1
525,0,12.75,3,2.61743832851437,8.97780562070049,1
525,0,12.75,3,8.97780562070049,10.5355281985117,1
525,0,12.75,3,10.5355281985117,12.75,0
526,0,16.75,0,0,16.75,0
527,0,19.75,5,0,2.21055702476406,1
527,0,19.75,5,2.21055702476406,7.3589459931074,1
527,0,19.75,5,7.3589459931074,8.59036637969845,1
527,0,19.75,5,8.59036637969845,11.5041792958228,1
527,0,19.75,5,11.5041792958228,14.5584716980761,1
527,0,19.75,5,14.5584716980761,19.75,0
528,0,10.75,0,0,10.75,0
529,0,14.75,2,0,2.55128768203091,1
529,0,14.75,2,2.55128768203091,10.4505575665165,1
529,0,14.75,2,10.4505575665165,14.75,0
530,0,16.75,5,0,7.27247336564781,1
530,0,16.75,5,7.27247336564781,7.82272238086424,1
530,0,16.75,5,7.82272238086424,7.88182585933407,1
530,0,16.75,5,7.88182585933407,8.57191648944937,1
530,0,16.75,5,8.57191648944937,10.5630243121374,1
530,0,16.75,5,10.5630243121374,16.75,0
531,0,9.75,3,0,1.65314718308566,1
531,0,9.75,3,1.65314718308566,2.33544428282809,1
531,0,9.75,3,2.33544428282809,7.72642352711604,1
531,0,9.75,3,7.72642352711604,9.75,0
532,0,17.75,7,0,0.23638722835101,1
532,0,17.75,7,0.23638722835101,1.0159869087544,1
532,0,17.75,7,1.0159869087544,6.00365220230719,1
532,0,17.75,7,6.00365220230719,7.40034518115737,1
532,0,17.75,7,7.40034518115737,9.98311883086726,1
532,0,17.75,7,9.98311883086726,10.853624017659,1
532,0,17.75,7,10.853624017659,13.7787692887882,1
532,0,17.75,7,13.7787692887882,17.75,0
533,0,9.75,5,0,0.00770574689659709,1
533,0,9.75,5,0.00770574689659709,0.135088749076333,1
533,0,9.75,5,0.135088749076333,0.331867837140775,1
533,0,9.75,5,0.331867837140775,5.73868251769053,1
533,0,9.75,5,5.73868251769053,6.39590596194615,1
533,0,9.75,5,6.39590596194615,9.75,0
534,0,15.75,4,0,0.588294134003883,1
534,0,15.75,4,0.588294134003883,2.87177388476423,1
534,0,15.75,4,2.87177388476423,4.79678317536013,1
534,0,15.75,4,4.79678317536013,13.3317463513284,1
534,0,15.75,4,13.3317463513284,15.75,0
535,0,16.75,2,0,1.96067486427577,1
535,0,16.75,2,1.96067486427577,10.0924371301463,1
535,0,16.75,2,10.0924371301463,16.75,0
536,0,13.75,1,0,11.0251580774435,1
536,0,13.75,1,11.0251580774435,13.75,0
537,0,11.75,8,0,5.73726078653718,1
537,0,11.75,8,5.73726078653718,5.76821885633994,1
537,0,11.75,8,5.76821885633994,6.41917892950956,1
537,0,11.75,8,6.41917892950956,9.85888864523127,1
537,0,11.75,8,9.85888864523127,10.0404333012836,1
537,0,11.75,8,10.0404333012836,10.0409140946381,1
537,0,11.75,8,10.0409140946381,10.4501437087924,1
537,0,11.75,8,10.4501437087924,10.5120807285876,1
537,0,11.75,8,10.5120807285876,11.75,0
538,0,11.75,2,0,7.79134708772783,1
538,0,11.75,2,7.79134708772783,11.3269104305215,1
538,0,11.75,2,11.3269104305215,11.75,0
539,0,11.75,11,0,1.60893483514702,1
539,0,11.75,11,1.60893483514702,2.80371445325377,1
539,0,11.75,11,2.80371445325377,2.82704627995895,1
539,0,11.75,11,2.82704627995895,3.14479835710214,1
539,0,11.75,11,3.14479835710214,3.2012348173722,1
539,0,11.75,11,3.2012348173722,4.85329261650024,1
539,0,11.75,11,4.85329261650024,6.35775517764298,1
539,0,11.75,11,6.35775517764298,7.39373858001362,1
539,0,11.75,11,7.39373858001362,7.72236052006531,1
539,0,11.75,11,7.72236052006531,10.7912124345451,1
539,0,11.75,11,10.7912124345451,11.6173083023346,1
539,0,11.75,11,11.6173083023346,11.75,0
540,0,16.75,1,0,13.1201272254719,1
540,0,16.75,1,13.1201272254719,16.75,0
541,0,15.75,13,0,0.730963583593643,1
541,0,15.75,13,0.730963583593643,0.974277755278366,1
541,0,15.75,13,0.974277755278366,1.97663971327877,1
541,0,15.75,13,1.97663971327877,1.99983640798401,1
541,0,15.75,13,1.99983640798401,2.86470879574054,1
541,0,15.75,13,2.86470879574054,4.47811329829896,1
541,0,15.75,13,4.47811329829896,8.37237007548555,1
541,0,15.75,13,8.37237007548555,8.52619956767255,1
541,0,15.75,13,8.52619956767255,8.74989248406093,1
541,0,15.75,13,8.74989248406093,9.46286291990636,1
541,0,15.75,13,9.46286291990636,10.8332345899993,1
541,0,15.75,13,10.8332345899993,13.3280100405921,1
541,0,15.75,13,13.3280100405921,15.5077981741992,1
541,0,15.75,13,15.5077981741992,15.75,0
542,0,17.75,5,0,3.61529958173749,1
542,0,17.75,5,3.61529958173749,6.44253905349932,1
542,0,17.75,5,6.44253905349932,8.24869509409742,1
542,0,17.75,5,8.24869509409742,8.29510395361753,1
542,0,17.75,5,8.29510395361753,16.696898707734,1
542,0,17.75,5,16.696898707734,17.75,0
543,0,19.75,4,0,0.579783757944139,1
543,0,19.75,4,0.579783757944139,2.45854196726337,1
543,0,19.75,4,2.45854196726337,6.63903062496775,1
543,0,19.75,4,6.63903062496775,11.6792348774981,1
543,0,19.75,4,11.6792348774981,19.75,0
544,0,11.75,2,0,4.4099546190765,1
544,0,11.75,2,4.4099546190765,6.54066348048344,1
544,0,11.75,2,6.54066348048344,11.75,0
545,0,8.75,1,0,4.8877105370968,1
545,0,8.75,1,4.8877105370968,8.75,0
546,0,15.75,4,0,0.714256753607322,1
546,0,15.75,4,0.714256753607322,3.13977246513116,1
546,0,15.75,4,3.13977246513116,14.5116382102071,1
546,0,15.75,4,14.5116382102071,14.5159164325224,1
546,0,15.75,4,14.5159164325224,15.75,0
547,0,15.75,4,0,1.06101016681345,1
547,0,15.75,4,1.06101016681345,2.55756138643195,1
547,0,15.75,4,2.55756138643195,7.7709051367859,1
547,0,15.75,4,7.7709051367859,12.0537963122656,1
547,0,15.75,4,12.0537963122656,15.75,0
548,0,19.75,3,0,2.76326114395485,1
548,0,19.75,3,2.76326114395485,8.19645961238199,1
548,0,19.75,3,8.19645961238199,10.0613366446288,1
548,0,19.75,3,10.0613366446288,19.75,0
549,0,15.75,1,0,9.29066536778139,1
549,0,15.75,1,9.29066536778139,15.75,0
550,0,12.75,1,0,0.756260736276553,1
550,0,12.75,1,0.756260736276553,12.75,0
551,0,17.75,7,0,8.23677775203929,1
551,0,17.75,7,8.23677775203929,11.1838417873285,1
551,0,17.75,7,11.1838417873285,11.6280131322955,1
551,0,17.75,7,11.6280131322955,11.7977299703227,1
551,0,17.75,7,11.7977299703227,12.7673582533412,1
551,0,17.75,7,12.7673582533412,13.8725285957525,1
551,0,17.75,7,13.8725285957525,15.4602320323031,1
551,0,17.75,7,15.4602320323031,17.75,0
552,0,7.75,0,0,7.75,0
553,0,12.75,1,0,3.38154413320211,1
553,0,12.75,1,3.38154413320211,12.75,0
554,0,16.75,2,0,3.83193127859574,1
554,0,16.75,2,3.83193127859574,12.7563263474313,1
554,0,16.75,2,12.7563263474313,16.75,0
555,0,13.75,3,0,6.30884689321264,1
555,0,13.75,3,6.30884689321264,6.81105171143523,1
555,0,13.75,3,6.81105171143523,10.2108966923567,1
555,0,13.75,3,10.2108966923567,13.75,0
556,0,17.75,11,0,0.323214747722538,1
556,0,17.75,11,0.323214747722538,2.84594935539889,1
556,0,17.75,11,2.84594935539889,4.39314838753504,1
556,0,17.75,11,4.39314838753504,7.08974171308973,1
556,0,17.75,11,7.08974171308973,10.0769917730588,1
556,0,17.75,11,10.0769917730588,10.3852216297192,1
556,0,17.75,11,10.3852216297192,10.5915022704043,1
556,0,17.75,11,10.5915022704043,11.0011676008315,1
556,0,17.75,11,11.0011676008315,11.0047142102582,1
556,0,17.75,11,11.0047142102582,11.9247891587632,1
556,0,17.75,11,11.9247891587632,16.9236010414867,1
556,0,17.75,11,16.9236010414867,17.75,0
557,0,15.75,3,0,4.0729633087389,1
557,0,15.75,3,4.0729633087389,11.539550867146,1
557,0,15.75,3,11.539550867146,11.6728957589289,1
557,0,15.75,3,11.6728957589289,15.75,0
558,0,12.75,4,0,0.906629817194213,1
558,0,12.75,4,0.906629817194213,2.098447926944,1
558,0,12.75,4,2.098447926944,3.61013257488198,1
558,0,12.75,4,3.61013257488198,12.6323229225588,1
558,0,12.75,4,12.6323229225588,12.75,0
559,0,8.75,4,0,0.0236780908367258,1
559,0,8.75,4,0.0236780908367258,5.59077983761227,1
559,0,8.75,4,5.59077983761227,5.92301246084137,1
559,0,8.75,4,5.92301246084137,8.13082678550591,1
559,0,8.75,4,8.13082678550591,8.75,0
560,0,9.75,1,0,8.05822394944609,1
560,0,9.75,1,8.05822394944609,9.75,0
561,0,18.75,2,0,4.68972382099606,1
561,0,18.75,2,4.68972382099606,8.82444800632437,1
561,0,18.75,2,8.82444800632437,18.75,0
562,0,15.75,0,0,15.75,0
563,0,18.75,1,0,6.51384321597651,1
563,0,18.75,1,6.51384321597651,18.75,0
564,0,15.75,4,0,3.19013980535787,1
564,0,15.75,4,3.19013980535787,8.07795926406562,1
564,0,15.75,4,8.07795926406562,15.5814354317032,1
564,0,15.75,4,15.5814354317032,15.7124471106505,1
564,0,15.75,4,15.7124471106505,15.75,0
565,0,15.75,2,0,8.39737955477239,1
565,0,15.75,2,8.39737955477239,8.7026996982142,1
565,0,15.75,2,8.7026996982142,15.75,0
566,0,15.75,1,0,9.17382314135479,1
566,0,15.75,1,9.17382314135479,15.75,0
567,0,15.75,2,0,9.53070895706538,1
567,0,15.75,2,9.53070895706538,11.2537142985055,1
567,0,15.75,2,11.2537142985055,15.75,0
568,0,12.75,1,0,12.1936456716465,1
568,0,12.75,1,12.1936456716465,12.75,0
569,0,15.75,4,0,3.86532068968287,1
569,0,15.75,4,3.86532068968287,5.16230191799885,1
569,0,15.75,4,5.16230191799885,6.26509615560449,1
569,0,15.75,4,6.26509615560449,11.3775374588052,1
569,0,15.75,4,11.3775374588052,15.75,0
570,0,14.75,4,0,1.98597848310511,1
570,0,14.75,4,1.98597848310511,5.2489185039881,1
570,0,14.75,4,5.2489185039881,5.43637767462048,1
570,0,14.75,4,5.43637767462048,10.9041758080639,1
570,0,14.75,4,10.9041758080639,14.75,0
571,0,11.75,1,0,6.61447875203069,1
571,0,11.75,1,6.61447875203069,11.75,0
572,0,17.75,9,0,2.22346165926116,1
572,0,17.75,9,2.22346165926116,3.1115550826201,1
572,0,17.75,9,3.1115550826201,3.77576598447074,1
572,0,17.75,9,3.77576598447074,3.89985955630957,1
572,0,17.75,9,3.89985955630957,6.83356132633527,1
572,0,17.75,9,6.83356132633527,11.6457664328634,1
572,0,17.75,9,11.6457664328634,14.9801986953515,1
572,0,17.75,9,14.9801986953515,15.4801578574913,1
572,0,17.75,9,15.4801578574913,15.6471269362286,1
572,0,17.75,9,15.6471269362286,17.75,0
573,0,10.75,3,0,2.42635442523085,1
573,0,10.75,3,2.42635442523085,3.33290845269748,1
573,0,10.75,3,3.33290845269748,4.70621555428242,1
573,0,10.75,3,4.70621555428242,10.75,0
574,0,8.75,3,0,1.28428152179802,1
574,0,8.75,3,1.28428152179802,7.58692609036441,1
574,0,8.75,3,7.58692609036441,7.91112156955127,1
574,0,8.75,3,7.91112156955127,8.75,0
575,0,9.75,0,0,9.75,0
576,0,19.75,0,0,19.75,0
577,0,10.75,5,0,1.74782015735284,1
577,0,10.75,5,1.74782015735284,4.23509394819174,1
577,0,10.75,5,4.23509394819174,5.61838764960181,1
577,0,10.75,5,5.61838764960181,6.68666301596287,1
577,0,10.75,5,6.68666301596287,8.30984442729072,1
577,0,10.75,5,8.30984442729072,10.75,0
578,0,13.75,3,0,2.63094495845076,1
578,0,13.75,3,2.63094495845076,9.44679666370948,1
578,0,13.75,3,9.44679666370948,12.1537087911117,1
578,0,13.75,3,12.1537087911117,13.75,0
579,0,10.75,4,0,5.65099832797996,1
579,0,10.75,4,5.65099832797996,9.10219346814219,1
579,0,10.75,4,9.10219346814219,9.78144551526989,1
579,0,10.75,4,9.78144551526989,10.2551436901456,1
579,0,10.75,4,10.2551436901456,10.75,0
580,0,9.75,0,0,9.75,0
581,0,9.75,0,0,9.75,0
582,0,9.75,0,0,9.75,0
583,0,15.75,0,0,15.75,0
584,0,12.75,5,0,2.46834738163638,1
584,0,12.75,5,2.46834738163638,3.09253741276778,1
584,0,12.75,5,3.09253741276778,9.65523876019274,1
584,0,12.75,5,9.65523876019274,12.1463528652836,1
584,0,12.75,5,12.1463528652836,12.5745799123045,1
584,0,12.75,5,12.5745799123045,12.75,0
585,0,10.75,2,0,5.00040866485699,1
585,0,10.75,2,5.00040866485699,8.38859143919382,1
585,0,10.75,2,8.38859143919382,10.75,0
586,0,12.75,1,0,0.795836671925376,1
586,0,12.75,1,0.795836671925376,12.75,0
587,0,8.75,0,0,8.75,0
588,0,10.75,0,0,10.75,0
589,0,16.75,3,0,8.74883723753113,1
589,0,16.75,3,8.74883723753113,13.8688569718421,1
589,0,16.75,3,13.8688569718421,16.2644349932367,1
589,0,16.75,3,16.2644349932367,16.75,0
590,0,11.75,2,0,0.380564935725982,1
590,0,11.75,2,0.380564935725982,4.5564807872755,1
590,0,11.75,2,4.5564807872755,11.75,0
591,0,17.75,4,0,2.23557080367976,1
591,0,17.75,4,2.23557080367976,3.81443149622219,1
591,0,17.75,4,3.81443149622219,5.39241760702733,1
591,0,17.75,4,5.39241760702733,13.4772751278488,1
591,0,17.75,4,13.4772751278488,17.75,0
592,0,20.75,0,0,20.75,0
593,0,7.75,1,0,7.10633893140347,1
593,0,7.75,1,7.10633893140347,7.75,0
594,0,10.75,1,0,3.04051268421656,1
594,0,10.75,1,3.04051268421656,10.75,0
595,0,16.75,0,0,16.75,0
596,0,14.75,2,0,0.561540400675386,1
596,0,14.75,2,0.561540400675386,8.09538316476014,1
596,0,14.75,2,8.09538316476014,14.75,0
597,0,13.75,6,0,6.89936450666125,1
597,0,13.75,6,6.89936450666125,7.57594094678043,1
597,0,13.75,6,7.57594094678043,7.99880041011,1
597,0,13.75,6,7.99880041011,8.2388910072992,1
597,0,13.75,6,8.2388910072992,9.80068352788327,1
597,0,13.75,6,9.80068352788327,13.6512982809436,1
597,0,13.75,6,13.6512982809436,13.75,0
598,0,17.75,5,0,3.58850999035906,1
598,0,17.75,5,3.58850999035906,8.21889412423704,1
598,0,17.75,5,8.21889412423704,10.6296407737835,1
598,0,17.75,5,10.6296407737835,11.0959780106278,1
598,0,17.75,5,11.0959780106278,17.598032266132,1
598,0,17.75,5,17.598032266132,17.75,0
599,0,13.75,1,0,5.40860208233628,1
599,0,13.75,1,5.40860208233628,13.75,0
600,0,15.75,6,0,0.082525182952083,1
600,0,15.75,6,0.082525182952083,2.10785655172772,1
600,0,15.75,6,2.10785655172772,4.93895080687039,1
600,0,15.75,6,4.93895080687039,8.56613077830771,1
600,0,15.75,6,8.56613077830771,9.5837611517943,1
600,0,15.75,6,9.5837611517943,13.7470619920217,1
600,0,15.75,6,13.7470619920217,15.75,0
