"id","xi","Tei","n.rec","start","stop","status"
1,1,17.75,6,0,0.0131859577334929,1
1,1,17.75,6,0.0131859577334929,0.0212498847261724,1
1,1,17.75,6,0.0212498847261724,0.256658419093636,1
1,1,17.75,6,0.256658419093636,0.847815282359988,1
1,1,17.75,6,0.847815282359988,2.07016533269397,1
1,1,17.75,6,2.07016533269397,12.2996472986403,1
1,1,17.75,6,12.2996472986403,17.75,0
2,1,11.75,14,0,2.86370717411034,1
2,1,11.75,14,2.86370717411034,6.47892457636046,1
2,1,11.75,14,6.47892457636046,7.44281116104637,1
2,1,11.75,14,7.44281116104637,8.18444139942916,1
2,1,11.75,14,8.18444139942916,8.27012405534438,1
2,1,11.75,14,8.27012405534438,8.55329707057109,1
2,1,11.75,14,8.55329707057109,8.86222602778784,1
2,1,11.75,14,8.86222602778784,9.43826969141484,1
2,1,11.75,14,9.43826969141484,9.96060403553905,1
2,1,11.75,14,9.96060403553905,10.0459512640678,1
2,1,11.75,14,10.0459512640678,10.1182312214548,1
2,1,11.75,14,10.1182312214548,11.4463713083809,1
2,1,11.75,14,11.4463713083809,11.5902146198566,1
2,1,11.75,14,11.5902146198566,11.698760701473,1
2,1,11.75,14,11.698760701473,11.75,0
3,1,11.75,21,0,1.37046488306247,1
3,1,11.75,21,1.37046488306247,2.75110550507546,1
3,1,11.75,21,2.75110550507546,3.81732066598673,1
3,1,11.75,21,3.81732066598673,4.39829276973783,1
3,1,11.75,21,4.39829276973783,5.08458279355809,1
3,1,11.75,21,5.08458279355809,5.34144529413853,1
3,1,11.75,21,5.34144529413853,5.87715730751093,1
3,1,11.75,21,5.87715730751093,6.06051841800124,1
3,1,11.75,21,6.06051841800124,6.4322198174068,1
3,1,11.75,21,6.4322198174068,6.50431028990779,1
3,1,11.75,21,6.50431028990779,6.69916570549208,1
3,1,11.75,21,6.69916570549208,7.24715924595959,1
3,1,11.75,21,7.24715924595959,7.5715233137219,1
3,1,11.75,21,7.5715233137219,8.14794124683788,1
3,1,11.75,21,8.14794124683788,9.47971042115729,1
3,1,11.75,21,9.47971042115729,9.87852049323786,1
3,1,11.75,21,9.87852049323786,10.0987259261014,1
3,1,11.75,21,10.0987259261014,10.5015752536997,1
3,1,11.75,21,10.5015752536997,10.97850261543,1
3,1,11.75,21,10.97850261543,11.0528936382816,1
3,1,11.75,21,11.0528936382816,11.7125372667774,1
3,1,11.75,21,11.7125372667774,11.75,0
4,1,17.75,29,0,3.69233142632432,1
4,1,17.75,29,3.69233142632432,4.89612211931299,1
4,1,17.75,29,4.89612211931299,7.19908867737416,1
4,1,17.75,29,7.19908867737416,9.30848711093436,1
4,1,17.75,29,9.30848711093436,9.49689308586031,1
4,1,17.75,29,9.49689308586031,9.65159718861873,1
4,1,17.75,29,9.65159718861873,10.6162432777005,1
4,1,17.75,29,10.6162432777005,11.3058549506537,1
4,1,17.75,29,11.3058549506537,12.2453203566651,1
4,1,17.75,29,12.2453203566651,12.5524344765902,1
4,1,17.75,29,12.5524344765902,12.6142634069975,1
4,1,17.75,29,12.6142634069975,13.3243820195499,1
4,1,17.75,29,13.3243820195499,13.867059893465,1
4,1,17.75,29,13.867059893465,13.9712234410952,1
4,1,17.75,29,13.9712234410952,14.1334127481419,1
4,1,17.75,29,14.1334127481419,14.246365367795,1
4,1,17.75,29,14.246365367795,14.4256400318841,1
4,1,17.75,29,14.4256400318841,14.4546348930722,1
4,1,17.75,29,14.4546348930722,15.2037804607945,1
4,1,17.75,29,15.2037804607945,15.2095829875484,1
4,1,17.75,29,15.2095829875484,15.5330782092379,1
4,1,17.75,29,15.5330782092379,15.9962739167709,1
4,1,17.75,29,15.9962739167709,16.0449421529674,1
4,1,17.75,29,16.0449421529674,16.1411214871005,1
4,1,17.75,29,16.1411214871005,16.1625529055115,1
4,1,17.75,29,16.1625529055115,16.7915915692957,1
4,1,17.75,29,16.7915915692957,16.8367891483234,1
4,1,17.75,29,16.8367891483234,17.026594467903,1
4,1,17.75,29,17.026594467903,17.5951923227659,1
4,1,17.75,29,17.5951923227659,17.75,0
5,1,9.75,1,0,7.80568727002781,1
5,1,9.75,1,7.80568727002781,9.75,0
6,1,17.75,1,0,3.19021938288997,1
6,1,17.75,1,3.19021938288997,17.75,0
7,1,17.75,1,0,5.87672384142943,1
7,1,17.75,1,5.87672384142943,17.75,0
8,1,18.75,3,0,3.85753037328442,1
8,1,18.75,3,3.85753037328442,8.6747680085016,1
8,1,18.75,3,8.6747680085016,8.86057421565881,1
8,1,18.75,3,8.86057421565881,18.75,0
9,1,15.75,2,0,0.155465686159873,1
9,1,15.75,2,0.155465686159873,6.92564417180874,1
9,1,15.75,2,6.92564417180874,15.75,0
10,1,13.75,31,0,2.42217304702896,1
10,1,13.75,31,2.42217304702896,3.12040497327178,1
10,1,13.75,31,3.12040497327178,3.4433331754598,1
10,1,13.75,31,3.4433331754598,3.51646387961164,1
10,1,13.75,31,3.51646387961164,4.68971241570773,1
10,1,13.75,31,4.68971241570773,5.01645095407395,1
10,1,13.75,31,5.01645095407395,5.94115547463745,1
10,1,13.75,31,5.94115547463745,6.34379809411321,1
10,1,13.75,31,6.34379809411321,6.4511296325785,1
10,1,13.75,31,6.4511296325785,6.64245105667743,1
10,1,13.75,31,6.64245105667743,7.16370931994404,1
10,1,13.75,31,7.16370931994404,7.9734044447224,1
10,1,13.75,31,7.9734044447224,8.0789548942204,1
10,1,13.75,31,8.0789548942204,8.19817751246297,1
10,1,13.75,31,8.19817751246297,8.33868401944463,1
10,1,13.75,31,8.33868401944463,8.76610396484752,1
10,1,13.75,31,8.76610396484752,8.77738240401289,1
10,1,13.75,31,8.77738240401289,9.93493171609191,1
10,1,13.75,31,9.93493171609191,10.3030638261487,1
10,1,13.75,31,10.3030638261487,10.9484295165676,1
10,1,13.75,31,10.9484295165676,11.0378027142914,1
10,1,13.75,31,11.0378027142914,11.0428616276843,1
10,1,13.75,31,11.0428616276843,11.2871476549997,1
10,1,13.75,31,11.2871476549997,11.5056506118834,1
10,1,13.75,31,11.5056506118834,11.6154737584031,1
10,1,13.75,31,11.6154737584031,11.9730779439059,1
10,1,13.75,31,11.9730779439059,12.0879587881551,1
10,1,13.75,31,12.0879587881551,12.3625896313123,1
10,1,13.75,31,12.3625896313123,12.898613490464,1
10,1,13.75,31,12.898613490464,12.9469902738614,1
10,1,13.75,31,12.9469902738614,13.6204216226787,1
10,1,13.75,31,13.6204216226787,13.75,0
11,1,12.75,1,0,0.731416730879348,1
11,1,12.75,1,0.731416730879348,12.75,0
12,1,20.75,2,0,0.922552324111565,1
12,1,20.75,2,0.922552324111565,13.9181645730609,1
12,1,20.75,2,13.9181645730609,20.75,0
13,1,10.75,1,0,0.643603848303866,1
13,1,10.75,1,0.643603848303866,10.75,0
14,1,18.75,76,0,3.18208186555777,1
14,1,18.75,76,3.18208186555777,4.07191339361108,1
14,1,18.75,76,4.07191339361108,4.9840337948018,1
14,1,18.75,76,4.9840337948018,5.33831448864639,1
14,1,18.75,76,5.33831448864639,5.78827625356818,1
14,1,18.75,76,5.78827625356818,6.36561952079625,1
14,1,18.75,76,6.36561952079625,6.62630358027881,1
14,1,18.75,76,6.62630358027881,7.65982588536774,1
14,1,18.75,76,7.65982588536774,7.72828457423507,1
14,1,18.75,76,7.72828457423507,7.87866336830488,1
14,1,18.75,76,7.87866336830488,8.09324266125065,1
14,1,18.75,76,8.09324266125065,8.71520691013182,1
14,1,18.75,76,8.71520691013182,8.81450548692301,1
14,1,18.75,76,8.81450548692301,8.82352476179387,1
14,1,18.75,76,8.82352476179387,9.19844751428512,1
14,1,18.75,76,9.19844751428512,9.74068646075027,1
14,1,18.75,76,9.74068646075027,10.0525817126611,1
14,1,18.75,76,10.0525817126611,10.113800520456,1
14,1,18.75,76,10.113800520456,10.4574069329673,1
14,1,18.75,76,10.4574069329673,10.637534795391,1
14,1,18.75,76,10.637534795391,10.6744970275488,1
14,1,18.75,76,10.6744970275488,10.7233831823501,1
14,1,18.75,76,10.7233831823501,11.0525592238246,1
14,1,18.75,76,11.0525592238246,11.3903921868477,1
14,1,18.75,76,11.3903921868477,11.4202266545592,1
14,1,18.75,76,11.4202266545592,11.5018028908383,1
14,1,18.75,76,11.5018028908383,11.5908798781654,1
14,1,18.75,76,11.5908798781654,11.9006280430413,1
14,1,18.75,76,11.9006280430413,11.9008479222376,1
14,1,18.75,76,11.9008479222376,11.937387893207,1
14,1,18.75,76,11.937387893207,11.9861190732196,1
14,1,18.75,76,11.9861190732196,12.9476834611455,1
14,1,18.75,76,12.9476834611455,13.1559593029803,1
14,1,18.75,76,13.1559593029803,13.1976021476976,1
14,1,18.75,76,13.1976021476976,13.4338509445766,1
14,1,18.75,76,13.4338509445766,13.4438236099854,1
14,1,18.75,76,13.4438236099854,13.4675278770885,1
14,1,18.75,76,13.4675278770885,13.9512907117858,1
14,1,18.75,76,13.9512907117858,13.9779917774431,1
14,1,18.75,76,13.9779917774431,14.0540113516912,1
14,1,18.75,76,14.0540113516912,14.0585989498091,1
14,1,18.75,76,14.0585989498091,14.1902061911869,1
14,1,18.75,76,14.1902061911869,14.2824272331834,1
14,1,18.75,76,14.2824272331834,14.6173483497752,1
14,1,18.75,76,14.6173483497752,14.7750122706968,1
14,1,18.75,76,14.7750122706968,14.8492552003399,1
14,1,18.75,76,14.8492552003399,14.93777636711,1
14,1,18.75,76,14.93777636711,15.075978639218,1
14,1,18.75,76,15.075978639218,15.1277700655001,1
14,1,18.75,76,15.1277700655001,15.4209029876511,1
14,1,18.75,76,15.4209029876511,15.4241536613437,1
14,1,18.75,76,15.4241536613437,15.5165892504046,1
14,1,18.75,76,15.5165892504046,15.7150455808264,1
14,1,18.75,76,15.7150455808264,15.775507754629,1
14,1,18.75,76,15.775507754629,15.8044556441729,1
14,1,18.75,76,15.8044556441729,16.2626471549426,1
14,1,18.75,76,16.2626471549426,16.2898781298086,1
14,1,18.75,76,16.2898781298086,16.303227850166,1
14,1,18.75,76,16.303227850166,16.3277005753825,1
14,1,18.75,76,16.3277005753825,16.3540271863637,1
14,1,18.75,76,16.3540271863637,16.5852555405713,1
14,1,18.75,76,16.5852555405713,17.0466705845915,1
14,1,18.75,76,17.0466705845915,17.0606146736864,1
14,1,18.75,76,17.0606146736864,17.2755303515661,1
14,1,18.75,76,17.2755303515661,17.3621376431691,1
14,1,18.75,76,17.3621376431691,17.3997749844359,1
14,1,18.75,76,17.3997749844359,17.5170771987624,1
14,1,18.75,76,17.5170771987624,17.566684039802,1
14,1,18.75,76,17.566684039802,17.7896031516311,1
14,1,18.75,76,17.7896031516311,17.9189654889285,1
14,1,18.75,76,17.9189654889285,17.9399180489674,1
14,1,18.75,76,17.9399180489674,17.9915599413667,1
14,1,18.75,76,17.9915599413667,18.0272936591024,1
14,1,18.75,76,18.0272936591024,18.2982103864881,1
14,1,18.75,76,18.2982103864881,18.5445398038006,1
14,1,18.75,76,18.5445398038006,18.7430636013513,1
14,1,18.75,76,18.7430636013513,18.75,0
15,1,15.75,67,0,2.46625909186159,1
15,1,15.75,67,2.46625909186159,2.70752834244375,1
15,1,15.75,67,2.70752834244375,3.53769097842148,1
15,1,15.75,67,3.53769097842148,4.33814156507925,1
15,1,15.75,67,4.33814156507925,5.70147034802067,1
15,1,15.75,67,5.70147034802067,5.85732581458987,1
15,1,15.75,67,5.85732581458987,6.27950019934763,1
15,1,15.75,67,6.27950019934763,6.59034133653589,1
15,1,15.75,67,6.59034133653589,6.65612622887015,1
15,1,15.75,67,6.65612622887015,6.85493660074535,1
15,1,15.75,67,6.85493660074535,7.18010482038115,1
15,1,15.75,67,7.18010482038115,7.20548991706937,1
15,1,15.75,67,7.20548991706937,7.51684907917204,1
15,1,15.75,67,7.51684907917204,7.81406159486564,1
15,1,15.75,67,7.81406159486564,7.87873776956328,1
15,1,15.75,67,7.87873776956328,8.11463503948775,1
15,1,15.75,67,8.11463503948775,8.14282214805304,1
15,1,15.75,67,8.14282214805304,8.51016876247041,1
15,1,15.75,67,8.51016876247041,9.00092446163774,1
15,1,15.75,67,9.00092446163774,9.05888537570602,1
15,1,15.75,67,9.05888537570602,9.10919723924101,1
15,1,15.75,67,9.10919723924101,9.11440711540018,1
15,1,15.75,67,9.11440711540018,9.17321103057301,1
15,1,15.75,67,9.17321103057301,9.80464296625313,1
15,1,15.75,67,9.80464296625313,10.6330145526582,1
15,1,15.75,67,10.6330145526582,10.7504913217007,1
15,1,15.75,67,10.7504913217007,10.796965590148,1
15,1,15.75,67,10.796965590148,11.17908744896,1
15,1,15.75,67,11.17908744896,11.3342393271703,1
15,1,15.75,67,11.3342393271703,11.5318818720533,1
15,1,15.75,67,11.5318818720533,11.5625086747267,1
15,1,15.75,67,11.5625086747267,11.6221739519964,1
15,1,15.75,67,11.6221739519964,11.8341735622583,1
15,1,15.75,67,11.8341735622583,11.9462621153285,1
15,1,15.75,67,11.9462621153285,12.0891712999017,1
15,1,15.75,67,12.0891712999017,12.0946081649449,1
15,1,15.75,67,12.0946081649449,12.3311416350761,1
15,1,15.75,67,12.3311416350761,12.3709454326971,1
15,1,15.75,67,12.3709454326971,12.4999700131432,1
15,1,15.75,67,12.4999700131432,12.5343021248353,1
15,1,15.75,67,12.5343021248353,12.6101852043268,1
15,1,15.75,67,12.6101852043268,12.6593993641925,1
15,1,15.75,67,12.6593993641925,12.7966227747192,1
15,1,15.75,67,12.7966227747192,12.9552587387326,1
15,1,15.75,67,12.9552587387326,12.9667737884838,1
15,1,15.75,67,12.9667737884838,13.0926479019109,1
15,1,15.75,67,13.0926479019109,13.1769486383739,1
15,1,15.75,67,13.1769486383739,13.4279639953238,1
15,1,15.75,67,13.4279639953238,13.5291833175151,1
15,1,15.75,67,13.5291833175151,13.6629340265061,1
15,1,15.75,67,13.6629340265061,13.8350099163198,1
15,1,15.75,67,13.8350099163198,13.9153929627439,1
15,1,15.75,67,13.9153929627439,14.3295211267002,1
15,1,15.75,67,14.3295211267002,14.6547255726835,1
15,1,15.75,67,14.6547255726835,14.7228705534267,1
15,1,15.75,67,14.7228705534267,14.7548897247988,1
15,1,15.75,67,14.7548897247988,14.7562005685243,1
15,1,15.75,67,14.7562005685243,14.891498238237,1
15,1,15.75,67,14.891498238237,14.9664525815736,1
15,1,15.75,67,14.9664525815736,15.0286698112509,1
15,1,15.75,67,15.0286698112509,15.0799588677425,1
15,1,15.75,67,15.0799588677425,15.1442985736489,1
15,1,15.75,67,15.1442985736489,15.3577625383864,1
15,1,15.75,67,15.3577625383864,15.4281335157773,1
15,1,15.75,67,15.4281335157773,15.6025511955998,1
15,1,15.75,67,15.6025511955998,15.6042157559962,1
15,1,15.75,67,15.6042157559962,15.7033247574516,1
15,1,15.75,67,15.7033247574516,15.75,0
16,1,10.75,13,0,0.588479554792648,1
16,1,10.75,13,0.588479554792648,3.88306275861751,1
16,1,10.75,13,3.88306275861751,4.58718062358673,1
16,1,10.75,13,4.58718062358673,5.24145627809286,1
16,1,10.75,13,5.24145627809286,5.79287120164534,1
16,1,10.75,13,5.79287120164534,6.23955604784567,1
16,1,10.75,13,6.23955604784567,6.3715177813366,1
16,1,10.75,13,6.3715177813366,7.1722741233737,1
16,1,10.75,13,7.1722741233737,8.36915755948262,1
16,1,10.75,13,8.36915755948262,8.78807945821281,1
16,1,10.75,13,8.78807945821281,9.0424261729312,1
16,1,10.75,13,9.0424261729312,10.391187965283,1
16,1,10.75,13,10.391187965283,10.7138868468017,1
16,1,10.75,13,10.7138868468017,10.75,0
17,1,20.75,1,0,18.6941689535765,1
17,1,20.75,1,18.6941689535765,20.75,0
18,1,15.75,3,0,0.746855812224171,1
18,1,15.75,3,0.746855812224171,4.52446300474239,1
18,1,15.75,3,4.52446300474239,9.0925602210108,1
18,1,15.75,3,9.0925602210108,15.75,0
19,1,11.75,20,0,4.01527657098013,1
19,1,11.75,20,4.01527657098013,5.13031657367549,1
19,1,11.75,20,5.13031657367549,6.15290422694713,1
19,1,11.75,20,6.15290422694713,6.41074884953144,1
19,1,11.75,20,6.41074884953144,7.74153125405152,1
19,1,11.75,20,7.74153125405152,7.83107654029499,1
19,1,11.75,20,7.83107654029499,8.93960988405087,1
19,1,11.75,20,8.93960988405087,9.01012720927361,1
19,1,11.75,20,9.01012720927361,9.14634014251125,1
19,1,11.75,20,9.14634014251125,9.50541361367629,1
19,1,11.75,20,9.50541361367629,9.941140001995,1
19,1,11.75,20,9.941140001995,10.2473412614852,1
19,1,11.75,20,10.2473412614852,10.5707002951246,1
19,1,11.75,20,10.5707002951246,10.7445504167779,1
19,1,11.75,20,10.7445504167779,10.8691116334937,1
19,1,11.75,20,10.8691116334937,11.061033925082,1
19,1,11.75,20,11.061033925082,11.1860063376665,1
19,1,11.75,20,11.1860063376665,11.2391921789393,1
19,1,11.75,20,11.2391921789393,11.3061007774715,1
19,1,11.75,20,11.3061007774715,11.6060541993597,1
19,1,11.75,20,11.6060541993597,11.75,0
20,1,13.75,1,0,9.50566019271784,1
20,1,13.75,1,9.50566019271784,13.75,0
21,1,14.75,2,0,0.606103956290203,1
21,1,14.75,2,0.606103956290203,10.0623655752837,1
21,1,14.75,2,10.0623655752837,14.75,0
22,1,14.75,36,0,4.86453990355143,1
22,1,14.75,36,4.86453990355143,5.13406505485064,1
22,1,14.75,36,5.13406505485064,5.68904157395085,1
22,1,14.75,36,5.68904157395085,5.737008405174,1
22,1,14.75,36,5.737008405174,5.84289073871945,1
22,1,14.75,36,5.84289073871945,6.38549381895467,1
22,1,14.75,36,6.38549381895467,7.12334247229078,1
22,1,14.75,36,7.12334247229078,7.54373288124615,1
22,1,14.75,36,7.54373288124615,8.12782252599648,1
22,1,14.75,36,8.12782252599648,8.88975579959371,1
22,1,14.75,36,8.88975579959371,9.13735933446133,1
22,1,14.75,36,9.13735933446133,9.38660836915697,1
22,1,14.75,36,9.38660836915697,9.55894504507789,1
22,1,14.75,36,9.55894504507789,10.0657032428504,1
22,1,14.75,36,10.0657032428504,10.8855799391887,1
22,1,14.75,36,10.8855799391887,11.3436614657747,1
22,1,14.75,36,11.3436614657747,11.3620213228934,1
22,1,14.75,36,11.3620213228934,11.8156568978245,1
22,1,14.75,36,11.8156568978245,11.9613232205637,1
22,1,14.75,36,11.9613232205637,12.8639054171084,1
22,1,14.75,36,12.8639054171084,12.9839238123056,1
22,1,14.75,36,12.9839238123056,12.9992421835798,1
22,1,14.75,36,12.9992421835798,13.402965892562,1
22,1,14.75,36,13.402965892562,13.4090045377429,1
22,1,14.75,36,13.4090045377429,13.5051259619912,1
22,1,14.75,36,13.5051259619912,13.6663006890967,1
22,1,14.75,36,13.6663006890967,13.7660770924911,1
22,1,14.75,36,13.7660770924911,13.7693930514592,1
22,1,14.75,36,13.7693930514592,13.8096077824103,1
22,1,14.75,36,13.8096077824103,13.8732771788625,1
22,1,14.75,36,13.8732771788625,13.9246713354944,1
22,1,14.75,36,13.9246713354944,14.2655630204507,1
22,1,14.75,36,14.2655630204507,14.40297533033,1
22,1,14.75,36,14.40297533033,14.5436578000659,1
22,1,14.75,36,14.5436578000659,14.5980597153842,1
22,1,14.75,36,14.5980597153842,14.6699966571946,1
22,1,14.75,36,14.6699966571946,14.75,0
23,1,14.75,2,0,3.59242841997662,1
23,1,14.75,2,3.59242841997662,13.6373450843826,1
23,1,14.75,2,13.6373450843826,14.75,0
24,1,15.75,43,0,3.38022148904029,1
24,1,15.75,43,3.38022148904029,3.55488269797459,1
24,1,15.75,43,3.55488269797459,5.93281590144903,1
24,1,15.75,43,5.93281590144903,5.93892036226841,1
24,1,15.75,43,5.93892036226841,6.17587438905471,1
24,1,15.75,43,6.17587438905471,6.39904909582464,1
24,1,15.75,43,6.39904909582464,7.06503161875026,1
24,1,15.75,43,7.06503161875026,8.04479284544834,1
24,1,15.75,43,8.04479284544834,8.25656891240211,1
24,1,15.75,43,8.25656891240211,8.63690451883408,1
24,1,15.75,43,8.63690451883408,8.66900999668593,1
24,1,15.75,43,8.66900999668593,8.90791365063613,1
24,1,15.75,43,8.90791365063613,8.93845632757665,1
24,1,15.75,43,8.93845632757665,9.58012743835976,1
24,1,15.75,43,9.58012743835976,10.200513536026,1
24,1,15.75,43,10.200513536026,10.245654673247,1
24,1,15.75,43,10.245654673247,10.2593108249303,1
24,1,15.75,43,10.2593108249303,10.2922267551858,1
24,1,15.75,43,10.2922267551858,10.4157501848231,1
24,1,15.75,43,10.4157501848231,10.774920872481,1
24,1,15.75,43,10.774920872481,10.989343921575,1
24,1,15.75,43,10.989343921575,11.0230198275412,1
24,1,15.75,43,11.0230198275412,11.0407879136976,1
24,1,15.75,43,11.0407879136976,11.4384044135339,1
24,1,15.75,43,11.4384044135339,11.6639996188486,1
24,1,15.75,43,11.6639996188486,12.1676588817221,1
24,1,15.75,43,12.1676588817221,12.2979953666506,1
24,1,15.75,43,12.2979953666506,12.4912347472249,1
24,1,15.75,43,12.4912347472249,12.6856823906992,1
24,1,15.75,43,12.6856823906992,12.7146938763583,1
24,1,15.75,43,12.7146938763583,13.2851233834128,1
24,1,15.75,43,13.2851233834128,13.3357166647573,1
24,1,15.75,43,13.3357166647573,13.6192332833676,1
24,1,15.75,43,13.6192332833676,14.1035737584784,1
24,1,15.75,43,14.1035737584784,14.3283656698306,1
24,1,15.75,43,14.3283656698306,14.393702433005,1
24,1,15.75,43,14.393702433005,14.4619028360846,1
24,1,15.75,43,14.4619028360846,14.6657564603242,1
24,1,15.75,43,14.6657564603242,14.7234368770829,1
24,1,15.75,43,14.7234368770829,15.224278203652,1
24,1,15.75,43,15.224278203652,15.2973399625226,1
24,1,15.75,43,15.2973399625226,15.3629347622575,1
24,1,15.75,43,15.3629347622575,15.5494204410709,1
24,1,15.75,43,15.5494204410709,15.75,0
25,1,9.75,8,0,6.21267795477394,1
25,1,9.75,8,6.21267795477394,7.24056528306726,1
25,1,9.75,8,7.24056528306726,7.77061462075898,1
25,1,9.75,8,7.77061462075898,8.40455789196011,1
25,1,9.75,8,8.40455789196011,8.55963550788581,1
25,1,9.75,8,8.55963550788581,8.57986870989687,1
25,1,9.75,8,8.57986870989687,9.40192089926796,1
25,1,9.75,8,9.40192089926796,9.57478838540469,1
25,1,9.75,8,9.57478838540469,9.75,0
26,1,15.75,2,0,0.00465963320868159,1
26,1,15.75,2,0.00465963320868159,0.748364861862347,1
26,1,15.75,2,0.748364861862347,15.75,0
27,1,13.75,0,0,13.75,0
28,1,19.75,80,0,2.59398088803528,1
28,1,19.75,80,2.59398088803528,3.42523079691106,1
28,1,19.75,80,3.42523079691106,3.76336907596177,1
28,1,19.75,80,3.76336907596177,4.04717246643743,1
28,1,19.75,80,4.04717246643743,5.65582112418941,1
28,1,19.75,80,5.65582112418941,6.1197055601266,1
28,1,19.75,80,6.1197055601266,7.12486406591541,1
28,1,19.75,80,7.12486406591541,8.07185876114281,1
28,1,19.75,80,8.07185876114281,8.42551215408049,1
28,1,19.75,80,8.42551215408049,8.44700140491371,1
28,1,19.75,80,8.44700140491371,8.49833844082839,1
28,1,19.75,80,8.49833844082839,8.78232340833831,1
28,1,19.75,80,8.78232340833831,8.81156846268087,1
28,1,19.75,80,8.81156846268087,8.87766430759913,1
28,1,19.75,80,8.87766430759913,9.24460250081844,1
28,1,19.75,80,9.24460250081844,9.66097948448675,1
28,1,19.75,80,9.66097948448675,9.78875285206656,1
28,1,19.75,80,9.78875285206656,9.9948249046076,1
28,1,19.75,80,9.9948249046076,10.1048581509762,1
28,1,19.75,80,10.1048581509762,10.4120774698464,1
28,1,19.75,80,10.4120774698464,10.4271196281028,1
28,1,19.75,80,10.4271196281028,10.670325896512,1
28,1,19.75,80,10.670325896512,10.6919717206066,1
28,1,19.75,80,10.6919717206066,11.4059186759821,1
28,1,19.75,80,11.4059186759821,11.6163068180977,1
28,1,19.75,80,11.6163068180977,11.7964157235763,1
28,1,19.75,80,11.7964157235763,12.1053404567236,1
28,1,19.75,80,12.1053404567236,12.262804394,1
28,1,19.75,80,12.262804394,12.4900857087345,1
28,1,19.75,80,12.4900857087345,12.521240401943,1
28,1,19.75,80,12.521240401943,12.5540511484527,1
28,1,19.75,80,12.5540511484527,12.6181346273886,1
28,1,19.75,80,12.6181346273886,12.8288227388944,1
28,1,19.75,80,12.8288227388944,13.2605564678693,1
28,1,19.75,80,13.2605564678693,13.6125521031259,1
28,1,19.75,80,13.6125521031259,13.6579426972186,1
28,1,19.75,80,13.6579426972186,13.9123143820869,1
28,1,19.75,80,13.9123143820869,14.2125942035782,1
28,1,19.75,80,14.2125942035782,14.2314926897749,1
28,1,19.75,80,14.2314926897749,14.3297463894841,1
28,1,19.75,80,14.3297463894841,14.3465761668455,1
28,1,19.75,80,14.3465761668455,14.7159908729721,1
28,1,19.75,80,14.7159908729721,15.2337462673552,1
28,1,19.75,80,15.2337462673552,15.4320574378608,1
28,1,19.75,80,15.4320574378608,15.7222136173087,1
28,1,19.75,80,15.7222136173087,15.756025934988,1
28,1,19.75,80,15.756025934988,15.923184345388,1
28,1,19.75,80,15.923184345388,15.9632780303509,1
28,1,19.75,80,15.9632780303509,16.1024878515272,1
28,1,19.75,80,16.1024878515272,16.2869842712235,1
28,1,19.75,80,16.2869842712235,16.3782869721794,1
28,1,19.75,80,16.3782869721794,16.5549717170332,1
28,1,19.75,80,16.5549717170332,16.6647039988194,1
28,1,19.75,80,16.6647039988194,16.6698359855258,1
28,1,19.75,80,16.6698359855258,16.7657361232734,1
28,1,19.75,80,16.7657361232734,16.8195965895165,1
28,1,19.75,80,16.8195965895165,16.8304132974541,1
28,1,19.75,80,16.8304132974541,16.9213837450756,1
28,1,19.75,80,16.9213837450756,17.1558340827455,1
28,1,19.75,80,17.1558340827455,17.6041567300918,1
28,1,19.75,80,17.6041567300918,17.9154051429938,1
28,1,19.75,80,17.9154051429938,17.9672464210784,1
28,1,19.75,80,17.9672464210784,18.19866009562,1
28,1,19.75,80,18.19866009562,18.2427876048913,1
28,1,19.75,80,18.2427876048913,18.3540864769966,1
28,1,19.75,80,18.3540864769966,18.4051796968787,1
28,1,19.75,80,18.4051796968787,18.4752388737262,1
28,1,19.75,80,18.4752388737262,18.5197884545207,1
28,1,19.75,80,18.5197884545207,18.6141793286985,1
28,1,19.75,80,18.6141793286985,18.6418775497595,1
28,1,19.75,80,18.6418775497595,18.7844175327313,1
28,1,19.75,80,18.7844175327313,19.066671969679,1
28,1,19.75,80,19.066671969679,19.1037477309613,1
28,1,19.75,80,19.1037477309613,19.1064651136336,1
28,1,19.75,80,19.1064651136336,19.2509862282129,1
28,1,19.75,80,19.2509862282129,19.2845173329025,1
28,1,19.75,80,19.2845173329025,19.2929961268551,1
28,1,19.75,80,19.2929961268551,19.4344592144482,1
28,1,19.75,80,19.4344592144482,19.6561585193343,1
28,1,19.75,80,19.6561585193343,19.692916627465,1
28,1,19.75,80,19.692916627465,19.75,0
29,1,13.75,2,0,0.182182463301059,1
29,1,13.75,2,0.182182463301059,7.72931969513149,1
29,1,13.75,2,7.72931969513149,13.75,0
30,1,8.75,2,0,2.69889863461796,1
30,1,8.75,2,2.69889863461796,8.00151296046655,1
30,1,8.75,2,8.00151296046655,8.75,0
31,1,20.75,3,0,4.71025076230005,1
31,1,20.75,3,4.71025076230005,5.0008362729348,1
31,1,20.75,3,5.0008362729348,9.058690081159,1
31,1,20.75,3,9.058690081159,20.75,0
32,1,15.75,24,0,0.556210757354853,1
32,1,15.75,24,0.556210757354853,6.14470062223407,1
32,1,15.75,24,6.14470062223407,6.49617794938501,1
32,1,15.75,24,6.49617794938501,6.8046718969609,1
32,1,15.75,24,6.8046718969609,9.41625207098689,1
32,1,15.75,24,9.41625207098689,9.49411897667067,1
32,1,15.75,24,9.49411897667067,9.70861433262205,1
32,1,15.75,24,9.70861433262205,11.2287461712848,1
32,1,15.75,24,11.2287461712848,11.4356461698711,1
32,1,15.75,24,11.4356461698711,11.561200546385,1
32,1,15.75,24,11.561200546385,11.9169472191441,1
32,1,15.75,24,11.9169472191441,12.2818519105321,1
32,1,15.75,24,12.2818519105321,12.5219940782976,1
32,1,15.75,24,12.5219940782976,12.6106061737721,1
32,1,15.75,24,12.6106061737721,12.6564889391703,1
32,1,15.75,24,12.6564889391703,13.1110097289445,1
32,1,15.75,24,13.1110097289445,13.4666371718087,1
32,1,15.75,24,13.4666371718087,13.8738394878261,1
32,1,15.75,24,13.8738394878261,14.038416423043,1
32,1,15.75,24,14.038416423043,14.1468494817835,1
32,1,15.75,24,14.1468494817835,14.3828552924436,1
32,1,15.75,24,14.3828552924436,14.7154068379647,1
32,1,15.75,24,14.7154068379647,14.9186302831485,1
32,1,15.75,24,14.9186302831485,15.6602752138908,1
32,1,15.75,24,15.6602752138908,15.75,0
33,1,10.75,19,0,4.02057369560316,1
33,1,10.75,19,4.02057369560316,4.09952931569444,1
33,1,10.75,19,4.09952931569444,4.75122153553601,1
33,1,10.75,19,4.75122153553601,4.90585881794936,1
33,1,10.75,19,4.90585881794936,5.08133123216188,1
33,1,10.75,19,5.08133123216188,5.14302534723136,1
33,1,10.75,19,5.14302534723136,5.82060785546739,1
33,1,10.75,19,5.82060785546739,5.98969393573279,1
33,1,10.75,19,5.98969393573279,6.2994696003853,1
33,1,10.75,19,6.2994696003853,7.24041281843943,1
33,1,10.75,19,7.24041281843943,7.8207999788651,1
33,1,10.75,19,7.8207999788651,8.01752852901521,1
33,1,10.75,19,8.01752852901521,8.22880621273235,1
33,1,10.75,19,8.22880621273235,8.24039226082233,1
33,1,10.75,19,8.24039226082233,9.54437748781211,1
33,1,10.75,19,9.54437748781211,9.90523333259784,1
33,1,10.75,19,9.90523333259784,10.1076918642005,1
33,1,10.75,19,10.1076918642005,10.2461997019982,1
33,1,10.75,19,10.2461997019982,10.6430368463606,1
33,1,10.75,19,10.6430368463606,10.75,0
34,1,14.75,30,0,4.22900589843475,1
34,1,14.75,30,4.22900589843475,5.31620975400746,1
34,1,14.75,30,5.31620975400746,6.17164635248627,1
34,1,14.75,30,6.17164635248627,6.78671047765414,1
34,1,14.75,30,6.78671047765414,7.22622684995153,1
34,1,14.75,30,7.22622684995153,7.63730293809435,1
34,1,14.75,30,7.63730293809435,7.85138772705847,1
34,1,14.75,30,7.85138772705847,8.6011395155969,1
34,1,14.75,30,8.6011395155969,8.64374424012743,1
34,1,14.75,30,8.64374424012743,8.99746580762076,1
34,1,14.75,30,8.99746580762076,9.24974464526627,1
34,1,14.75,30,9.24974464526627,9.82739616643073,1
34,1,14.75,30,9.82739616643073,9.91228521485165,1
34,1,14.75,30,9.91228521485165,10.4858834847983,1
34,1,14.75,30,10.4858834847983,10.4866323749776,1
34,1,14.75,30,10.4866323749776,10.6532254143711,1
34,1,14.75,30,10.6532254143711,10.9404812949237,1
34,1,14.75,30,10.9404812949237,11.6610048962572,1
34,1,14.75,30,11.6610048962572,11.683335367638,1
34,1,14.75,30,11.683335367638,11.6935777741252,1
34,1,14.75,30,11.6935777741252,11.8004267001593,1
34,1,14.75,30,11.8004267001593,12.0296823188602,1
34,1,14.75,30,12.0296823188602,12.4616972837142,1
34,1,14.75,30,12.4616972837142,12.5422553850675,1
34,1,14.75,30,12.5422553850675,12.7462062286362,1
34,1,14.75,30,12.7462062286362,12.9272269390362,1
34,1,14.75,30,12.9272269390362,13.0858289428245,1
34,1,14.75,30,13.0858289428245,13.9934564476891,1
34,1,14.75,30,13.9934564476891,14.4266084168157,1
34,1,14.75,30,14.4266084168157,14.7322607785914,1
34,1,14.75,30,14.7322607785914,14.75,0
35,1,12.75,16,0,2.41667098884046,1
35,1,12.75,16,2.41667098884046,5.13212979492323,1
35,1,12.75,16,5.13212979492323,5.48231682306017,1
35,1,12.75,16,5.48231682306017,5.69475751256235,1
35,1,12.75,16,5.69475751256235,6.18508165480285,1
35,1,12.75,16,6.18508165480285,7.25688587968533,1
35,1,12.75,16,7.25688587968533,8.49381252583444,1
35,1,12.75,16,8.49381252583444,8.65706984394336,1
35,1,12.75,16,8.65706984394336,9.41859712384638,1
35,1,12.75,16,9.41859712384638,10.0738213997973,1
35,1,12.75,16,10.0738213997973,10.2217546777673,1
35,1,12.75,16,10.2217546777673,10.3288217232668,1
35,1,12.75,16,10.3288217232668,10.4965994555718,1
35,1,12.75,16,10.4965994555718,10.9168667894505,1
35,1,12.75,16,10.9168667894505,11.3105664259479,1
35,1,12.75,16,11.3105664259479,11.9490152089183,1
35,1,12.75,16,11.9490152089183,12.75,0
36,1,11.75,26,0,1.5775156483085,1
36,1,11.75,26,1.5775156483085,3.37395221979171,1
36,1,11.75,26,3.37395221979171,4.44769747239653,1
36,1,11.75,26,4.44769747239653,4.79582286696873,1
36,1,11.75,26,4.79582286696873,5.33090911633274,1
36,1,11.75,26,5.33090911633274,5.43049426109237,1
36,1,11.75,26,5.43049426109237,5.80678053262968,1
36,1,11.75,26,5.80678053262968,5.92315140935907,1
36,1,11.75,26,5.92315140935907,8.32741996946938,1
36,1,11.75,26,8.32741996946938,8.35998456857566,1
36,1,11.75,26,8.35998456857566,8.38657781372197,1
36,1,11.75,26,8.38657781372197,8.4942131131871,1
36,1,11.75,26,8.4942131131871,8.58384647611049,1
36,1,11.75,26,8.58384647611049,8.89481221478028,1
36,1,11.75,26,8.89481221478028,8.99942563502318,1
36,1,11.75,26,8.99942563502318,9.2320328238107,1
36,1,11.75,26,9.2320328238107,9.58536939812331,1
36,1,11.75,26,9.58536939812331,9.94554288367377,1
36,1,11.75,26,9.94554288367377,10.0064647887794,1
36,1,11.75,26,10.0064647887794,10.3419533812546,1
36,1,11.75,26,10.3419533812546,10.4680310632854,1
36,1,11.75,26,10.4680310632854,10.4853413134861,1
36,1,11.75,26,10.4853413134861,10.5943295619499,1
36,1,11.75,26,10.5943295619499,10.8910554435068,1
36,1,11.75,26,10.8910554435068,11.0801047593884,1
36,1,11.75,26,11.0801047593884,11.4868951811451,1
36,1,11.75,26,11.4868951811451,11.75,0
37,1,8.75,5,0,2.61144901193305,1
37,1,8.75,5,2.61144901193305,5.20511893962588,1
37,1,8.75,5,5.20511893962588,5.68185634855955,1
37,1,8.75,5,5.68185634855955,6.26658571895399,1
37,1,8.75,5,6.26658571895399,6.94764883037213,1
37,1,8.75,5,6.94764883037213,8.75,0
38,1,10.75,2,0,0.345077015060637,1
38,1,10.75,2,0.345077015060637,1.3332999458716,1
38,1,10.75,2,1.3332999458716,10.75,0
39,1,10.75,11,0,4.92155104235234,1
39,1,10.75,11,4.92155104235234,7.10038374563632,1
39,1,10.75,11,7.10038374563632,8.01998420249736,1
39,1,10.75,11,8.01998420249736,8.90921887245212,1
39,1,10.75,11,8.90921887245212,9.13761890960127,1
39,1,10.75,11,9.13761890960127,9.21293110051315,1
39,1,10.75,11,9.21293110051315,9.62290380115353,1
39,1,10.75,11,9.62290380115353,10.1222410161401,1
39,1,10.75,11,10.1222410161401,10.259777926851,1
39,1,10.75,11,10.259777926851,10.376137316177,1
39,1,10.75,11,10.376137316177,10.7409100921298,1
39,1,10.75,11,10.7409100921298,10.75,0
40,1,15.75,2,0,0.890966954783615,1
40,1,15.75,2,0.890966954783615,4.88755068422095,1
40,1,15.75,2,4.88755068422095,15.75,0
41,1,12.75,11,0,5.80844018262357,1
41,1,12.75,11,5.80844018262357,7.30701861668841,1
41,1,12.75,11,7.30701861668841,10.0199349124741,1
41,1,12.75,11,10.0199349124741,10.5506313137455,1
41,1,12.75,11,10.5506313137455,10.5715996330629,1
41,1,12.75,11,10.5715996330629,10.644912226599,1
41,1,12.75,11,10.644912226599,10.9111654328665,1
41,1,12.75,11,10.9111654328665,11.2089096035207,1
41,1,12.75,11,11.2089096035207,12.2021588596282,1
41,1,12.75,11,12.2021588596282,12.2611977940072,1
41,1,12.75,11,12.2611977940072,12.3032509243315,1
41,1,12.75,11,12.3032509243315,12.75,0
42,1,19.75,44,0,2.85397791722859,1
42,1,19.75,44,2.85397791722859,5.85657456186828,1
42,1,19.75,44,5.85657456186828,9.30663528494353,1
42,1,19.75,44,9.30663528494353,9.56690864678429,1
42,1,19.75,44,9.56690864678429,10.5298856683475,1
42,1,19.75,44,10.5298856683475,10.8916657285228,1
42,1,19.75,44,10.8916657285228,10.9908865785065,1
42,1,19.75,44,10.9908865785065,11.2859561400948,1
42,1,19.75,44,11.2859561400948,11.9474835893189,1
42,1,19.75,44,11.9474835893189,12.6041638108923,1
42,1,19.75,44,12.6041638108923,12.8099318958052,1
42,1,19.75,44,12.8099318958052,13.0357209668937,1
42,1,19.75,44,13.0357209668937,14.2569910916473,1
42,1,19.75,44,14.2569910916473,14.6371179123453,1
42,1,19.75,44,14.6371179123453,14.6946874682076,1
42,1,19.75,44,14.6946874682076,14.9817727462421,1
42,1,19.75,44,14.9817727462421,15.1045885104167,1
42,1,19.75,44,15.1045885104167,15.1472646004225,1
42,1,19.75,44,15.1472646004225,15.5225077232559,1
42,1,19.75,44,15.5225077232559,15.7333542905314,1
42,1,19.75,44,15.7333542905314,16.0218405485517,1
42,1,19.75,44,16.0218405485517,16.2806197524026,1
42,1,19.75,44,16.2806197524026,16.454315964282,1
42,1,19.75,44,16.454315964282,16.5037614967208,1
42,1,19.75,44,16.5037614967208,16.6410165349825,1
42,1,19.75,44,16.6410165349825,16.9581152523268,1
42,1,19.75,44,16.9581152523268,16.9685914772612,1
42,1,19.75,44,16.9685914772612,17.1458601366201,1
42,1,19.75,44,17.1458601366201,17.190778528477,1
42,1,19.75,44,17.190778528477,17.3450165575301,1
42,1,19.75,44,17.3450165575301,17.4556869959893,1
42,1,19.75,44,17.4556869959893,17.6033603372321,1
42,1,19.75,44,17.6033603372321,17.7723513514504,1
42,1,19.75,44,17.7723513514504,17.8660255534418,1
42,1,19.75,44,17.8660255534418,17.9347255798868,1
42,1,19.75,44,17.9347255798868,18.0797442356134,1
42,1,19.75,44,18.0797442356134,18.4275568069339,1
42,1,19.75,44,18.4275568069339,18.6459403121247,1
42,1,19.75,44,18.6459403121247,18.8308776965001,1
42,1,19.75,44,18.8308776965001,18.9210270610954,1
42,1,19.75,44,18.9210270610954,18.9543008529082,1
42,1,19.75,44,18.9543008529082,19.3075137891702,1
42,1,19.75,44,19.3075137891702,19.4461854217975,1
42,1,19.75,44,19.4461854217975,19.6132287217429,1
42,1,19.75,44,19.6132287217429,19.75,0
43,1,17.75,1,0,6.61917528391859,1
43,1,17.75,1,6.61917528391859,17.75,0
44,1,14.75,1,0,7.90312397884845,1
44,1,14.75,1,7.90312397884845,14.75,0
45,1,19.75,43,0,5.33008477091279,1
45,1,19.75,43,5.33008477091279,7.00661510457797,1
45,1,19.75,43,7.00661510457797,7.05276953421245,1
45,1,19.75,43,7.05276953421245,8.92546099779627,1
45,1,19.75,43,8.92546099779627,9.04324477575365,1
45,1,19.75,43,9.04324477575365,10.4018856289297,1
45,1,19.75,43,10.4018856289297,10.8383278121048,1
45,1,19.75,43,10.8383278121048,11.6532948105881,1
45,1,19.75,43,11.6532948105881,12.0129080598884,1
45,1,19.75,43,12.0129080598884,13.1878778379734,1
45,1,19.75,43,13.1878778379734,13.2761368464153,1
45,1,19.75,43,13.2761368464153,13.504802277686,1
45,1,19.75,43,13.504802277686,13.7824026763772,1
45,1,19.75,43,13.7824026763772,13.8086153854619,1
45,1,19.75,43,13.8086153854619,14.0739018495027,1
45,1,19.75,43,14.0739018495027,14.2420649917012,1
45,1,19.75,43,14.2420649917012,14.523081090681,1
45,1,19.75,43,14.523081090681,14.6353259416355,1
45,1,19.75,43,14.6353259416355,15.5999027722575,1
45,1,19.75,43,15.5999027722575,15.6091052653178,1
45,1,19.75,43,15.6091052653178,15.9409797046121,1
45,1,19.75,43,15.9409797046121,16.4365638889591,1
45,1,19.75,43,16.4365638889591,16.66739186006,1
45,1,19.75,43,16.66739186006,16.7045558071833,1
45,1,19.75,43,16.7045558071833,16.7985525990584,1
45,1,19.75,43,16.7985525990584,16.8231678656807,1
45,1,19.75,43,16.8231678656807,16.9357934390588,1
45,1,19.75,43,16.9357934390588,17.3038433419088,1
45,1,19.75,43,17.3038433419088,17.3059622149635,1
45,1,19.75,43,17.3059622149635,17.3719448721282,1
45,1,19.75,43,17.3719448721282,17.3901131447926,1
45,1,19.75,43,17.3901131447926,17.6218446785881,1
45,1,19.75,43,17.6218446785881,17.6293573648342,1
45,1,19.75,43,17.6293573648342,17.9649962609528,1
45,1,19.75,43,17.9649962609528,18.0090160424582,1
45,1,19.75,43,18.0090160424582,18.2662382476213,1
45,1,19.75,43,18.2662382476213,18.3274823983937,1
45,1,19.75,43,18.3274823983937,18.5539455663415,1
45,1,19.75,43,18.5539455663415,19.0935309589921,1
45,1,19.75,43,19.0935309589921,19.2768129352235,1
45,1,19.75,43,19.2768129352235,19.2998863840928,1
45,1,19.75,43,19.2998863840928,19.4579599919009,1
45,1,19.75,43,19.4579599919009,19.6985326253752,1
45,1,19.75,43,19.6985326253752,19.75,0
46,1,16.75,60,0,4.82086341074148,1
46,1,16.75,60,4.82086341074148,5.31347401631467,1
46,1,16.75,60,5.31347401631467,5.7502411678425,1
46,1,16.75,60,5.7502411678425,7.64134066932722,1
46,1,16.75,60,7.64134066932722,7.93152144893003,1
46,1,16.75,60,7.93152144893003,8.36061835769958,1
46,1,16.75,60,8.36061835769958,8.49706205585253,1
46,1,16.75,60,8.49706205585253,8.50421561319219,1
46,1,16.75,60,8.50421561319219,8.58523681233361,1
46,1,16.75,60,8.58523681233361,8.64466889895331,1
46,1,16.75,60,8.64466889895331,8.80012427202377,1
46,1,16.75,60,8.80012427202377,9.05192437330081,1
46,1,16.75,60,9.05192437330081,9.06339641727075,1
46,1,16.75,60,9.06339641727075,9.39080040913342,1
46,1,16.75,60,9.39080040913342,10.0407546199556,1
46,1,16.75,60,10.0407546199556,10.2831050412294,1
46,1,16.75,60,10.2831050412294,10.3411097845118,1
46,1,16.75,60,10.3411097845118,10.4519807102884,1
46,1,16.75,60,10.4519807102884,10.6450794313932,1
46,1,16.75,60,10.6450794313932,10.7366188584206,1
46,1,16.75,60,10.7366188584206,10.9977754714895,1
46,1,16.75,60,10.9977754714895,11.3000989511836,1
46,1,16.75,60,11.3000989511836,11.3471474378855,1
46,1,16.75,60,11.3471474378855,11.398245679209,1
46,1,16.75,60,11.398245679209,11.5958537129095,1
46,1,16.75,60,11.5958537129095,11.7620929323699,1
46,1,16.75,60,11.7620929323699,11.7839302434542,1
46,1,16.75,60,11.7839302434542,11.810861270408,1
46,1,16.75,60,11.810861270408,12.4156608149869,1
46,1,16.75,60,12.4156608149869,12.4401969661068,1
46,1,16.75,60,12.4401969661068,12.4767961056016,1
46,1,16.75,60,12.4767961056016,12.7851909180875,1
46,1,16.75,60,12.7851909180875,12.9588652099159,1
46,1,16.75,60,12.9588652099159,13.0478134411514,1
46,1,16.75,60,13.0478134411514,13.0576362303641,1
46,1,16.75,60,13.0576362303641,13.3092838154496,1
46,1,16.75,60,13.3092838154496,13.7150894344937,1
46,1,16.75,60,13.7150894344937,13.7472017044042,1
46,1,16.75,60,13.7472017044042,13.8876934306453,1
46,1,16.75,60,13.8876934306453,14.0122906843137,1
46,1,16.75,60,14.0122906843137,14.2514340467083,1
46,1,16.75,60,14.2514340467083,14.3560444653111,1
46,1,16.75,60,14.3560444653111,14.6230838140159,1
46,1,16.75,60,14.6230838140159,14.8029200393874,1
46,1,16.75,60,14.8029200393874,14.920088853205,1
46,1,16.75,60,14.920088853205,15.0901464513586,1
46,1,16.75,60,15.0901464513586,15.188886464982,1
46,1,16.75,60,15.188886464982,15.2172122369402,1
46,1,16.75,60,15.2172122369402,15.466891445524,1
46,1,16.75,60,15.466891445524,15.5338117623845,1
46,1,16.75,60,15.5338117623845,16.0129711408003,1
46,1,16.75,60,16.0129711408003,16.0979482976394,1
46,1,16.75,60,16.0979482976394,16.1484077986136,1
46,1,16.75,60,16.1484077986136,16.2641567415941,1
46,1,16.75,60,16.2641567415941,16.3427110873272,1
46,1,16.75,60,16.3427110873272,16.3434885859559,1
46,1,16.75,60,16.3434885859559,16.6209611343566,1
46,1,16.75,60,16.6209611343566,16.6270049150952,1
46,1,16.75,60,16.6270049150952,16.690588203462,1
46,1,16.75,60,16.690588203462,16.7018123854457,1
46,1,16.75,60,16.7018123854457,16.75,0
47,1,10.75,0,0,10.75,0
48,1,20.75,71,0,2.97334668905548,1
48,1,20.75,71,2.97334668905548,3.02803316126242,1
48,1,20.75,71,3.02803316126242,5.36372618932815,1
48,1,20.75,71,5.36372618932815,5.96045333609758,1
48,1,20.75,71,5.96045333609758,6.15662837815991,1
48,1,20.75,71,6.15662837815991,7.27788832413235,1
48,1,20.75,71,7.27788832413235,7.39110642208388,1
48,1,20.75,71,7.39110642208388,7.65077495113313,1
48,1,20.75,71,7.65077495113313,7.68110329335737,1
48,1,20.75,71,7.68110329335737,8.02229971034223,1
48,1,20.75,71,8.02229971034223,8.07773420521926,1
48,1,20.75,71,8.07773420521926,8.17071796876007,1
48,1,20.75,71,8.17071796876007,10.6142736398006,1
48,1,20.75,71,10.6142736398006,11.3002407750508,1
48,1,20.75,71,11.3002407750508,11.4385909485837,1
48,1,20.75,71,11.4385909485837,11.6245471739407,1
48,1,20.75,71,11.6245471739407,12.2647426296639,1
48,1,20.75,71,12.2647426296639,12.3057764791542,1
48,1,20.75,71,12.3057764791542,12.3922079930797,1
48,1,20.75,71,12.3922079930797,12.4169847370139,1
48,1,20.75,71,12.4169847370139,12.5616219161459,1
48,1,20.75,71,12.5616219161459,13.0958519600274,1
48,1,20.75,71,13.0958519600274,13.3348643776397,1
48,1,20.75,71,13.3348643776397,13.4732096260988,1
48,1,20.75,71,13.4732096260988,13.6479751000346,1
48,1,20.75,71,13.6479751000346,13.6619494991332,1
48,1,20.75,71,13.6619494991332,13.9440403149994,1
48,1,20.75,71,13.9440403149994,14.0358937165816,1
48,1,20.75,71,14.0358937165816,14.0640734689486,1
48,1,20.75,71,14.0640734689486,14.2580449451856,1
48,1,20.75,71,14.2580449451856,14.499447941949,1
48,1,20.75,71,14.499447941949,14.5402000042945,1
48,1,20.75,71,14.5402000042945,14.5522361735283,1
48,1,20.75,71,14.5522361735283,14.5635325723149,1
48,1,20.75,71,14.5635325723149,14.8763742433079,1
48,1,20.75,71,14.8763742433079,14.895373390309,1
48,1,20.75,71,14.895373390309,14.9405689074379,1
48,1,20.75,71,14.9405689074379,14.9723018142648,1
48,1,20.75,71,14.9723018142648,15.4040708531527,1
48,1,20.75,71,15.4040708531527,15.5226877070279,1
48,1,20.75,71,15.5226877070279,15.8966940020522,1
48,1,20.75,71,15.8966940020522,16.0147463831303,1
48,1,20.75,71,16.0147463831303,16.0425771107449,1
48,1,20.75,71,16.0425771107449,16.1149587204176,1
48,1,20.75,71,16.1149587204176,16.1200805753811,1
48,1,20.75,71,16.1200805753811,16.3320695561477,1
48,1,20.75,71,16.3320695561477,16.4243600454625,1
48,1,20.75,71,16.4243600454625,17.2213466894337,1
48,1,20.75,71,17.2213466894337,17.3514872339973,1
48,1,20.75,71,17.3514872339973,17.6970615562349,1
48,1,20.75,71,17.6970615562349,18.0739226818747,1
48,1,20.75,71,18.0739226818747,18.2567294378453,1
48,1,20.75,71,18.2567294378453,18.6087083737528,1
48,1,20.75,71,18.6087083737528,18.609736449757,1
48,1,20.75,71,18.609736449757,18.7153926663336,1
48,1,20.75,71,18.7153926663336,18.7515640834936,1
48,1,20.75,71,18.7515640834936,19.0858363422203,1
48,1,20.75,71,19.0858363422203,19.1240227075934,1
48,1,20.75,71,19.1240227075934,19.4488848676286,1
48,1,20.75,71,19.4488848676286,19.4784880698905,1
48,1,20.75,71,19.4784880698905,19.6113262169279,1
48,1,20.75,71,19.6113262169279,19.6180090777417,1
48,1,20.75,71,19.6180090777417,19.7985146241426,1
48,1,20.75,71,19.7985146241426,19.9060329343462,1
48,1,20.75,71,19.9060329343462,19.9354570729472,1
48,1,20.75,71,19.9354570729472,20.0982901046275,1
48,1,20.75,71,20.0982901046275,20.1968679833311,1
48,1,20.75,71,20.1968679833311,20.2680701407227,1
48,1,20.75,71,20.2680701407227,20.4965243478402,1
48,1,20.75,71,20.4965243478402,20.5481649718448,1
48,1,20.75,71,20.5481649718448,20.6489836661695,1
48,1,20.75,71,20.6489836661695,20.75,0
49,1,11.75,2,0,0.0153589949721799,1
49,1,11.75,2,0.0153589949721799,3.65207063667931,1
49,1,11.75,2,3.65207063667931,11.75,0
50,1,19.75,115,0,1.94706991390907,1
50,1,19.75,115,1.94706991390907,3.09501136965151,1
50,1,19.75,115,3.09501136965151,4.08563957581331,1
50,1,19.75,115,4.08563957581331,4.1366662077009,1
50,1,19.75,115,4.1366662077009,4.34201233137945,1
50,1,19.75,115,4.34201233137945,4.91912399864019,1
50,1,19.75,115,4.91912399864019,5.26195787000949,1
50,1,19.75,115,5.26195787000949,5.63675647221358,1
50,1,19.75,115,5.63675647221358,6.38803370704586,1
50,1,19.75,115,6.38803370704586,7.76543578745311,1
50,1,19.75,115,7.76543578745311,8.16185299837848,1
50,1,19.75,115,8.16185299837848,8.27043108470587,1
50,1,19.75,115,8.27043108470587,8.67854387321587,1
50,1,19.75,115,8.67854387321587,8.92501978440446,1
50,1,19.75,115,8.92501978440446,9.0297016252475,1
50,1,19.75,115,9.0297016252475,9.14598298916617,1
50,1,19.75,115,9.14598298916617,9.18843029075214,1
50,1,19.75,115,9.18843029075214,9.31295085520406,1
50,1,19.75,115,9.31295085520406,9.33270764604988,1
50,1,19.75,115,9.33270764604988,9.49969159204878,1
50,1,19.75,115,9.49969159204878,9.5888881999753,1
50,1,19.75,115,9.5888881999753,10.0011334518107,1
50,1,19.75,115,10.0011334518107,10.3112316577819,1
50,1,19.75,115,10.3112316577819,10.4987795434987,1
50,1,19.75,115,10.4987795434987,10.823766995962,1
50,1,19.75,115,10.823766995962,11.0255830061661,1
50,1,19.75,115,11.0255830061661,11.183012746903,1
50,1,19.75,115,11.183012746903,11.28058630138,1
50,1,19.75,115,11.28058630138,11.4694518023722,1
50,1,19.75,115,11.4694518023722,11.4792492625157,1
50,1,19.75,115,11.4792492625157,11.9007490888599,1
50,1,19.75,115,11.9007490888599,11.9453163601819,1
50,1,19.75,115,11.9453163601819,12.1226542461586,1
50,1,19.75,115,12.1226542461586,12.144910187868,1
50,1,19.75,115,12.144910187868,12.2444772693939,1
50,1,19.75,115,12.2444772693939,12.4085701155354,1
50,1,19.75,115,12.4085701155354,12.5488013933665,1
50,1,19.75,115,12.5488013933665,12.9684445227186,1
50,1,19.75,115,12.9684445227186,13.2091573175436,1
50,1,19.75,115,13.2091573175436,13.2679701842272,1
50,1,19.75,115,13.2679701842272,13.5481508442056,1
50,1,19.75,115,13.5481508442056,13.8210380720612,1
50,1,19.75,115,13.8210380720612,13.9414207239294,1
50,1,19.75,115,13.9414207239294,13.9593309325601,1
50,1,19.75,115,13.9593309325601,13.9863090256003,1
50,1,19.75,115,13.9863090256003,14.1126657668362,1
50,1,19.75,115,14.1126657668362,14.1144157071708,1
50,1,19.75,115,14.1144157071708,14.2732628281115,1
50,1,19.75,115,14.2732628281115,14.395630458091,1
50,1,19.75,115,14.395630458091,14.5409075242281,1
50,1,19.75,115,14.5409075242281,14.5718311934381,1
50,1,19.75,115,14.5718311934381,14.6152507525654,1
50,1,19.75,115,14.6152507525654,14.6396488769648,1
50,1,19.75,115,14.6396488769648,14.8323292980545,1
50,1,19.75,115,14.8323292980545,15.3288533584403,1
50,1,19.75,115,15.3288533584403,15.4148961352603,1
50,1,19.75,115,15.4148961352603,15.4545020995382,1
50,1,19.75,115,15.4545020995382,15.4737979883506,1
50,1,19.75,115,15.4737979883506,15.7328693993247,1
50,1,19.75,115,15.7328693993247,15.7831243049228,1
50,1,19.75,115,15.7831243049228,15.819526461711,1
50,1,19.75,115,15.819526461711,15.8471626912904,1
50,1,19.75,115,15.8471626912904,15.9731694979249,1
50,1,19.75,115,15.9731694979249,16.0741094241411,1
50,1,19.75,115,16.0741094241411,16.1736366332042,1
50,1,19.75,115,16.1736366332042,16.2202810650805,1
50,1,19.75,115,16.2202810650805,16.2479187654019,1
50,1,19.75,115,16.2479187654019,16.3817354490907,1
50,1,19.75,115,16.3817354490907,16.4156728237167,1
50,1,19.75,115,16.4156728237167,16.4279534336371,1
50,1,19.75,115,16.4279534336371,16.44659405141,1
50,1,19.75,115,16.44659405141,16.6529486881727,1
50,1,19.75,115,16.6529486881727,16.7005623687711,1
50,1,19.75,115,16.7005623687711,16.7137899649053,1
50,1,19.75,115,16.7137899649053,16.7265031347792,1
50,1,19.75,115,16.7265031347792,16.7457624207357,1
50,1,19.75,115,16.7457624207357,16.751904635098,1
50,1,19.75,115,16.751904635098,16.7884724401687,1
50,1,19.75,115,16.7884724401687,16.8249225692903,1
50,1,19.75,115,16.8249225692903,16.9579407488796,1
50,1,19.75,115,16.9579407488796,16.976735896795,1
50,1,19.75,115,16.976735896795,16.981482895129,1
50,1,19.75,115,16.981482895129,17.164317602401,1
50,1,19.75,115,17.164317602401,17.2948431027538,1
50,1,19.75,115,17.2948431027538,17.2980584998505,1
50,1,19.75,115,17.2980584998505,17.3392084996184,1
50,1,19.75,115,17.3392084996184,17.3607131546933,1
50,1,19.75,115,17.3607131546933,17.4018466516334,1
50,1,19.75,115,17.4018466516334,17.4045188703624,1
50,1,19.75,115,17.4045188703624,17.4153649540127,1
50,1,19.75,115,17.4153649540127,17.5104667342276,1
50,1,19.75,115,17.5104667342276,17.5373583887752,1
50,1,19.75,115,17.5373583887752,17.7277868122229,1
50,1,19.75,115,17.7277868122229,17.7474777529249,1
50,1,19.75,115,17.7474777529249,17.7584573436126,1
50,1,19.75,115,17.7584573436126,17.7779605076384,1
50,1,19.75,115,17.7779605076384,17.877528718406,1
50,1,19.75,115,17.877528718406,17.964333478156,1
50,1,19.75,115,17.964333478156,18.119477791001,1
50,1,19.75,115,18.119477791001,18.1424580010275,1
50,1,19.75,115,18.1424580010275,18.1756740269124,1
50,1,19.75,115,18.1756740269124,18.2723167624212,1
50,1,19.75,115,18.2723167624212,18.3841481346296,1
50,1,19.75,115,18.3841481346296,18.4630882415279,1
50,1,19.75,115,18.4630882415279,18.5732891628275,1
50,1,19.75,115,18.5732891628275,18.6361576952109,1
50,1,19.75,115,18.6361576952109,18.7783419220017,1
50,1,19.75,115,18.7783419220017,18.967077083414,1
50,1,19.75,115,18.967077083414,19.0856976770013,1
50,1,19.75,115,19.0856976770013,19.3711283476544,1
50,1,19.75,115,19.3711283476544,19.5603321340326,1
50,1,19.75,115,19.5603321340326,19.5756194474784,1
50,1,19.75,115,19.5756194474784,19.5915165721524,1
50,1,19.75,115,19.5915165721524,19.6783208066379,1
50,1,19.75,115,19.6783208066379,19.6805158674334,1
50,1,19.75,115,19.6805158674334,19.75,0
51,1,8.75,0,0,8.75,0
52,1,13.75,13,0,4.19921690235479,1
52,1,13.75,13,4.19921690235479,5.79945596414256,1
52,1,13.75,13,5.79945596414256,6.80998076294373,1
52,1,13.75,13,6.80998076294373,8.30992383195929,1
52,1,13.75,13,8.30992383195929,8.33367335199107,1
52,1,13.75,13,8.33367335199107,9.14626522506353,1
52,1,13.75,13,9.14626522506353,9.44111379787395,1
52,1,13.75,13,9.44111379787395,9.58023561017941,1
52,1,13.75,13,9.58023561017941,10.0496972556864,1
52,1,13.75,13,10.0496972556864,11.1921602772801,1
52,1,13.75,13,11.1921602772801,11.5038852635542,1
52,1,13.75,13,11.5038852635542,12.3486684064269,1
52,1,13.75,13,12.3486684064269,12.8867302593406,1
52,1,13.75,13,12.8867302593406,13.75,0
53,1,15.75,3,0,5.70683118582187,1
53,1,15.75,3,5.70683118582187,13.4843829063236,1
53,1,15.75,3,13.4843829063236,15.0618671123656,1
53,1,15.75,3,15.0618671123656,15.75,0
54,1,12.75,3,0,0.0162974307723432,1
54,1,12.75,3,0.0162974307723432,1.57530815515096,1
54,1,12.75,3,1.57530815515096,2.42473357010141,1
54,1,12.75,3,2.42473357010141,12.75,0
55,1,14.75,30,0,4.55129441051146,1
55,1,14.75,30,4.55129441051146,5.1604560485899,1
55,1,14.75,30,5.1604560485899,5.60141786841011,1
55,1,14.75,30,5.60141786841011,5.95436478858193,1
55,1,14.75,30,5.95436478858193,7.22009551731988,1
55,1,14.75,30,7.22009551731988,7.96788123662238,1
55,1,14.75,30,7.96788123662238,8.34394676296062,1
55,1,14.75,30,8.34394676296062,8.55593892253694,1
55,1,14.75,30,8.55593892253694,9.04862598661773,1
55,1,14.75,30,9.04862598661773,9.35411893139791,1
55,1,14.75,30,9.35411893139791,9.64568137108767,1
55,1,14.75,30,9.64568137108767,10.2386942923966,1
55,1,14.75,30,10.2386942923966,10.7764958064516,1
55,1,14.75,30,10.7764958064516,11.0038676750202,1
55,1,14.75,30,11.0038676750202,11.0463883035859,1
55,1,14.75,30,11.0463883035859,11.1292236665809,1
55,1,14.75,30,11.1292236665809,11.4663152697412,1
55,1,14.75,30,11.4663152697412,11.6580275767874,1
55,1,14.75,30,11.6580275767874,11.8967585492856,1
55,1,14.75,30,11.8967585492856,12.0878953508514,1
55,1,14.75,30,12.0878953508514,12.2723552501465,1
55,1,14.75,30,12.2723552501465,12.3100033245532,1
55,1,14.75,30,12.3100033245532,12.5621686463021,1
55,1,14.75,30,12.5621686463021,12.6260510088308,1
55,1,14.75,30,12.6260510088308,12.6699725455623,1
55,1,14.75,30,12.6699725455623,12.8954327556413,1
55,1,14.75,30,12.8954327556413,12.9760729923868,1
55,1,14.75,30,12.9760729923868,13.6758245076594,1
55,1,14.75,30,13.6758245076594,14.1624201015678,1
55,1,14.75,30,14.1624201015678,14.5289532931252,1
55,1,14.75,30,14.5289532931252,14.75,0
56,1,15.75,9,0,0.0256732160473136,1
56,1,15.75,9,0.0256732160473136,0.0764832731575169,1
56,1,15.75,9,0.0764832731575169,1.15501612525551,1
56,1,15.75,9,1.15501612525551,1.97810063049567,1
56,1,15.75,9,1.97810063049567,3.69976970357686,1
56,1,15.75,9,3.69976970357686,3.81667682059725,1
56,1,15.75,9,3.81667682059725,7.31744083103889,1
56,1,15.75,9,7.31744083103889,9.54412005429806,1
56,1,15.75,9,9.54412005429806,10.5836720904102,1
56,1,15.75,9,10.5836720904102,15.75,0
57,1,14.75,23,0,1.8959165624744,1
57,1,14.75,23,1.8959165624744,2.99501692803399,1
57,1,14.75,23,2.99501692803399,4.04886972148311,1
57,1,14.75,23,4.04886972148311,5.37942596541042,1
57,1,14.75,23,5.37942596541042,8.23059824494341,1
57,1,14.75,23,8.23059824494341,8.97334447851808,1
57,1,14.75,23,8.97334447851808,10.1866491071755,1
57,1,14.75,23,10.1866491071755,10.7708366153002,1
57,1,14.75,23,10.7708366153002,10.9226587253458,1
57,1,14.75,23,10.9226587253458,10.9903078688405,1
57,1,14.75,23,10.9903078688405,11.0600108210779,1
57,1,14.75,23,11.0600108210779,11.060401383606,1
57,1,14.75,23,11.060401383606,11.1931987712156,1
57,1,14.75,23,11.1931987712156,12.5129360118688,1
57,1,14.75,23,12.5129360118688,12.5753805332054,1
57,1,14.75,23,12.5753805332054,13.1263488914007,1
57,1,14.75,23,13.1263488914007,13.5651933755689,1
57,1,14.75,23,13.5651933755689,13.8805117331547,1
57,1,14.75,23,13.8805117331547,14.0485243654571,1
57,1,14.75,23,14.0485243654571,14.0557323826301,1
57,1,14.75,23,14.0557323826301,14.1512400402241,1
57,1,14.75,23,14.1512400402241,14.5612850519555,1
57,1,14.75,23,14.5612850519555,14.5829452794098,1
57,1,14.75,23,14.5829452794098,14.75,0
58,1,18.75,3,0,0.0211139561751149,1
58,1,18.75,3,0.0211139561751149,0.022669584307064,1
58,1,18.75,3,0.022669584307064,0.0620140379916198,1
58,1,18.75,3,0.0620140379916198,18.75,0
59,1,19.75,2,0,7.04702265320869,1
59,1,19.75,2,7.04702265320869,11.165012186754,1
59,1,19.75,2,11.165012186754,19.75,0
60,1,16.75,56,0,4.13965160874408,1
60,1,16.75,56,4.13965160874408,4.22239743339922,1
60,1,16.75,56,4.22239743339922,4.43245650145965,1
60,1,16.75,56,4.43245650145965,4.77755721731085,1
60,1,16.75,56,4.77755721731085,5.05827496733232,1
60,1,16.75,56,5.05827496733232,6.56877499246631,1
60,1,16.75,56,6.56877499246631,7.34646541869476,1
60,1,16.75,56,7.34646541869476,7.56110419545751,1
60,1,16.75,56,7.56110419545751,7.63280569421248,1
60,1,16.75,56,7.63280569421248,7.69973739777194,1
60,1,16.75,56,7.69973739777194,7.88457168138006,1
60,1,16.75,56,7.88457168138006,8.76002269600888,1
60,1,16.75,56,8.76002269600888,8.88172651004063,1
60,1,16.75,56,8.88172651004063,9.1889832120008,1
60,1,16.75,56,9.1889832120008,10.2257474684685,1
60,1,16.75,56,10.2257474684685,10.3138425103551,1
60,1,16.75,56,10.3138425103551,10.338034902434,1
60,1,16.75,56,10.338034902434,10.6521197229678,1
60,1,16.75,56,10.6521197229678,10.9117833982501,1
60,1,16.75,56,10.9117833982501,10.9166912925583,1
60,1,16.75,56,10.9166912925583,11.2375894918,1
60,1,16.75,56,11.2375894918,11.5110771073742,1
60,1,16.75,56,11.5110771073742,11.6443692122889,1
60,1,16.75,56,11.6443692122889,11.8072095968733,1
60,1,16.75,56,11.8072095968733,11.8362588354116,1
60,1,16.75,56,11.8362588354116,12.4572830744136,1
60,1,16.75,56,12.4572830744136,12.7542390232673,1
60,1,16.75,56,12.7542390232673,12.8348661362903,1
60,1,16.75,56,12.8348661362903,12.9790339914556,1
60,1,16.75,56,12.9790339914556,13.1297747019811,1
60,1,16.75,56,13.1297747019811,13.3825389056913,1
60,1,16.75,56,13.3825389056913,13.556194533454,1
60,1,16.75,56,13.556194533454,13.9493165724791,1
60,1,16.75,56,13.9493165724791,14.0266164659242,1
60,1,16.75,56,14.0266164659242,14.0823398288931,1
60,1,16.75,56,14.0823398288931,14.17027949466,1
60,1,16.75,56,14.17027949466,14.1719649241286,1
60,1,16.75,56,14.1719649241286,14.2279179641305,1
60,1,16.75,56,14.2279179641305,14.5865365322529,1
60,1,16.75,56,14.5865365322529,14.6574594367354,1
60,1,16.75,56,14.6574594367354,14.9469301500864,1
60,1,16.75,56,14.9469301500864,15.0154143287205,1
60,1,16.75,56,15.0154143287205,15.1413706118468,1
60,1,16.75,56,15.1413706118468,15.2120904548914,1
60,1,16.75,56,15.2120904548914,15.2852251698203,1
60,1,16.75,56,15.2852251698203,15.3429253769162,1
60,1,16.75,56,15.3429253769162,15.5261363166135,1
60,1,16.75,56,15.5261363166135,15.6759027198542,1
60,1,16.75,56,15.6759027198542,15.8237974666778,1
60,1,16.75,56,15.8237974666778,15.8898239375991,1
60,1,16.75,56,15.8898239375991,15.9510476434923,1
60,1,16.75,56,15.9510476434923,16.0021889772701,1
60,1,16.75,56,16.0021889772701,16.0496759711705,1
60,1,16.75,56,16.0496759711705,16.1113664409247,1
60,1,16.75,56,16.1113664409247,16.1179399538859,1
60,1,16.75,56,16.1179399538859,16.5461023683196,1
60,1,16.75,56,16.5461023683196,16.75,0
61,1,20.75,5,0,0.0166548517381898,1
61,1,20.75,5,0.0166548517381898,5.55731599632298,1
61,1,20.75,5,5.55731599632298,6.12752104576651,1
61,1,20.75,5,6.12752104576651,10.7171247227322,1
61,1,20.75,5,10.7171247227322,14.6439758070187,1
61,1,20.75,5,14.6439758070187,20.75,0
62,1,9.75,4,0,0.0796390698461229,1
62,1,9.75,4,0.0796390698461229,0.59372248959244,1
62,1,9.75,4,0.59372248959244,0.594626773999915,1
62,1,9.75,4,0.594626773999915,2.91279636111158,1
62,1,9.75,4,2.91279636111158,9.75,0
63,1,8.75,15,0,2.8685470310191,1
63,1,8.75,15,2.8685470310191,3.00967398877878,1
63,1,8.75,15,3.00967398877878,4.66422274553935,1
63,1,8.75,15,4.66422274553935,5.01974489659597,1
63,1,8.75,15,5.01974489659597,5.42967868502916,1
63,1,8.75,15,5.42967868502916,5.46341916223456,1
63,1,8.75,15,5.46341916223456,5.81211693083968,1
63,1,8.75,15,5.81211693083968,5.97524075200108,1
63,1,8.75,15,5.97524075200108,7.02672448372926,1
63,1,8.75,15,7.02672448372926,7.39551106292487,1
63,1,8.75,15,7.39551106292487,7.88457332408207,1
63,1,8.75,15,7.88457332408207,8.04958281472713,1
63,1,8.75,15,8.04958281472713,8.19472704185125,1
63,1,8.75,15,8.19472704185125,8.40549076385444,1
63,1,8.75,15,8.40549076385444,8.66459280429535,1
63,1,8.75,15,8.66459280429535,8.75,0
64,1,10.75,2,0,8.06840732142661,1
64,1,10.75,2,8.06840732142661,9.12929806158357,1
64,1,10.75,2,9.12929806158357,10.75,0
65,1,15.75,33,0,1.09480977677951,1
65,1,15.75,33,1.09480977677951,4.46735658047566,1
65,1,15.75,33,4.46735658047566,5.71849251697989,1
65,1,15.75,33,5.71849251697989,6.31711483097334,1
65,1,15.75,33,6.31711483097334,6.75918188594848,1
65,1,15.75,33,6.75918188594848,7.00372034849564,1
65,1,15.75,33,7.00372034849564,7.1270533028825,1
65,1,15.75,33,7.1270533028825,8.53432978101318,1
65,1,15.75,33,8.53432978101318,9.77113591471007,1
65,1,15.75,33,9.77113591471007,10.207810861542,1
65,1,15.75,33,10.207810861542,10.3013015323552,1
65,1,15.75,33,10.3013015323552,10.3336952897162,1
65,1,15.75,33,10.3336952897162,10.5503045636964,1
65,1,15.75,33,10.5503045636964,10.9909764502274,1
65,1,15.75,33,10.9909764502274,11.9562516054093,1
65,1,15.75,33,11.9562516054093,12.0682525020677,1
65,1,15.75,33,12.0682525020677,12.2416080722122,1
65,1,15.75,33,12.2416080722122,12.660086139119,1
65,1,15.75,33,12.660086139119,12.668224692442,1
65,1,15.75,33,12.668224692442,12.673199915587,1
65,1,15.75,33,12.673199915587,12.958224793275,1
65,1,15.75,33,12.958224793275,13.3116432957171,1
65,1,15.75,33,13.3116432957171,14.0679273900758,1
65,1,15.75,33,14.0679273900758,14.2302299448588,1
65,1,15.75,33,14.2302299448588,14.3809667308606,1
65,1,15.75,33,14.3809667308606,14.5520950472352,1
65,1,15.75,33,14.5520950472352,14.5711048158256,1
65,1,15.75,33,14.5711048158256,14.6328996278387,1
65,1,15.75,33,14.6328996278387,14.7703374921579,1
65,1,15.75,33,14.7703374921579,14.8381401728212,1
65,1,15.75,33,14.8381401728212,14.968335138109,1
65,1,15.75,33,14.968335138109,15.1363092007483,1
65,1,15.75,33,15.1363092007483,15.4913997915642,1
65,1,15.75,33,15.4913997915642,15.75,0
66,1,14.75,4,0,1.09878987427937,1
66,1,14.75,4,1.09878987427937,6.11983272127574,1
66,1,14.75,4,6.11983272127574,9.16994186844904,1
66,1,14.75,4,9.16994186844904,12.7168938170333,1
66,1,14.75,4,12.7168938170333,14.75,0
67,1,15.75,2,0,0.798472143303247,1
67,1,15.75,2,0.798472143303247,3.01790156360042,1
67,1,15.75,2,3.01790156360042,15.75,0
68,1,10.75,61,0,2.30729351733934,1
68,1,10.75,61,2.30729351733934,2.76470431107106,1
68,1,10.75,61,2.76470431107106,2.89312745592174,1
68,1,10.75,61,2.89312745592174,2.96224571665145,1
68,1,10.75,61,2.96224571665145,3.13596803604566,1
68,1,10.75,61,3.13596803604566,3.14995385569931,1
68,1,10.75,61,3.14995385569931,3.43380586464484,1
68,1,10.75,61,3.43380586464484,3.71780647401425,1
68,1,10.75,61,3.71780647401425,3.83406358980595,1
68,1,10.75,61,3.83406358980595,3.88060110195642,1
68,1,10.75,61,3.88060110195642,5.37767885669677,1
68,1,10.75,61,5.37767885669677,5.62292482501356,1
68,1,10.75,61,5.62292482501356,5.72712565395148,1
68,1,10.75,61,5.72712565395148,5.74780393606615,1
68,1,10.75,61,5.74780393606615,6.24569960522512,1
68,1,10.75,61,6.24569960522512,6.32867999723021,1
68,1,10.75,61,6.32867999723021,6.75329864660463,1
68,1,10.75,61,6.75329864660463,6.81030335398405,1
68,1,10.75,61,6.81030335398405,6.86748898804568,1
68,1,10.75,61,6.86748898804568,7.11732297080906,1
68,1,10.75,61,7.11732297080906,7.1734543690102,1
68,1,10.75,61,7.1734543690102,7.24142999128292,1
68,1,10.75,61,7.24142999128292,7.49002227763602,1
68,1,10.75,61,7.49002227763602,7.50937070972173,1
68,1,10.75,61,7.50937070972173,7.52508662597265,1
68,1,10.75,61,7.52508662597265,7.90949025402437,1
68,1,10.75,61,7.90949025402437,7.93793679034706,1
68,1,10.75,61,7.93793679034706,7.95213311599895,1
68,1,10.75,61,7.95213311599895,8.06685366610764,1
68,1,10.75,61,8.06685366610764,8.14293383171691,1
68,1,10.75,61,8.14293383171691,8.25781866103783,1
68,1,10.75,61,8.25781866103783,8.28137955531522,1
68,1,10.75,61,8.28137955531522,8.31318797005991,1
68,1,10.75,61,8.31318797005991,8.38061292296793,1
68,1,10.75,61,8.38061292296793,8.38277354179076,1
68,1,10.75,61,8.38277354179076,8.41635556357879,1
68,1,10.75,61,8.41635556357879,8.70856777904745,1
68,1,10.75,61,8.70856777904745,8.76642417069293,1
68,1,10.75,61,8.76642417069293,8.85151278835485,1
68,1,10.75,61,8.85151278835485,8.95045706545139,1
68,1,10.75,61,8.95045706545139,8.95961133576083,1
68,1,10.75,61,8.95961133576083,9.05529498648397,1
68,1,10.75,61,9.05529498648397,9.10821348469959,1
68,1,10.75,61,9.10821348469959,9.17800592182243,1
68,1,10.75,61,9.17800592182243,9.17904874960542,1
68,1,10.75,61,9.17904874960542,9.3913402848899,1
68,1,10.75,61,9.3913402848899,9.39431852077832,1
68,1,10.75,61,9.39431852077832,9.50011582599681,1
68,1,10.75,61,9.50011582599681,9.58770803260943,1
68,1,10.75,61,9.58770803260943,9.83079727523711,1
68,1,10.75,61,9.83079727523711,9.98696686198591,1
68,1,10.75,61,9.98696686198591,9.99457839817519,1
68,1,10.75,61,9.99457839817519,10.0659031850992,1
68,1,10.75,61,10.0659031850992,10.085607673349,1
68,1,10.75,61,10.085607673349,10.1217003962582,1
68,1,10.75,61,10.1217003962582,10.1974775061427,1
68,1,10.75,61,10.1974775061427,10.5536808271957,1
68,1,10.75,61,10.5536808271957,10.6434158275921,1
68,1,10.75,61,10.6434158275921,10.6698181074887,1
68,1,10.75,61,10.6698181074887,10.6785563682793,1
68,1,10.75,61,10.6785563682793,10.7246981928167,1
68,1,10.75,61,10.7246981928167,10.75,0
69,1,14.75,60,0,0.449774804840177,1
69,1,14.75,60,0.449774804840177,2.95639648056235,1
69,1,14.75,60,2.95639648056235,3.10746192041096,1
69,1,14.75,60,3.10746192041096,3.42990624817405,1
69,1,14.75,60,3.42990624817405,3.59032718878936,1
69,1,14.75,60,3.59032718878936,3.90805531070071,1
69,1,14.75,60,3.90805531070071,4.22989563896326,1
69,1,14.75,60,4.22989563896326,6.07796610354669,1
69,1,14.75,60,6.07796610354669,6.24378404084599,1
69,1,14.75,60,6.24378404084599,6.5620941133057,1
69,1,14.75,60,6.5620941133057,6.79846879499214,1
69,1,14.75,60,6.79846879499214,6.88690333608216,1
69,1,14.75,60,6.88690333608216,7.14466472981,1
69,1,14.75,60,7.14466472981,7.70266600402205,1
69,1,14.75,60,7.70266600402205,8.00847891677892,1
69,1,14.75,60,8.00847891677892,8.12254041957152,1
69,1,14.75,60,8.12254041957152,8.46649831719618,1
69,1,14.75,60,8.46649831719618,8.51062247874285,1
69,1,14.75,60,8.51062247874285,8.5506178800717,1
69,1,14.75,60,8.5506178800717,8.55483616146657,1
69,1,14.75,60,8.55483616146657,8.84267137694443,1
69,1,14.75,60,8.84267137694443,8.8606008416262,1
69,1,14.75,60,8.8606008416262,9.23076834989524,1
69,1,14.75,60,9.23076834989524,9.82691714541446,1
69,1,14.75,60,9.82691714541446,9.85007267978668,1
69,1,14.75,60,9.85007267978668,9.89293795560699,1
69,1,14.75,60,9.89293795560699,9.91691192816492,1
69,1,14.75,60,9.91691192816492,10.0653024753154,1
69,1,14.75,60,10.0653024753154,10.0715580792132,1
69,1,14.75,60,10.0715580792132,10.1074588292228,1
69,1,14.75,60,10.1074588292228,10.1198301432946,1
69,1,14.75,60,10.1198301432946,10.2355973684289,1
69,1,14.75,60,10.2355973684289,10.3035496211722,1
69,1,14.75,60,10.3035496211722,10.3501664011667,1
69,1,14.75,60,10.3501664011667,10.4967996528823,1
69,1,14.75,60,10.4967996528823,10.5909916387564,1
69,1,14.75,60,10.5909916387564,10.8413427367501,1
69,1,14.75,60,10.8413427367501,11.0332059105266,1
69,1,14.75,60,11.0332059105266,11.3544476642966,1
69,1,14.75,60,11.3544476642966,11.4106023833063,1
69,1,14.75,60,11.4106023833063,11.6489294494028,1
69,1,14.75,60,11.6489294494028,11.8452296912408,1
69,1,14.75,60,11.8452296912408,11.8724718485666,1
69,1,14.75,60,11.8724718485666,12.1077854015868,1
69,1,14.75,60,12.1077854015868,12.1909825002504,1
69,1,14.75,60,12.1909825002504,12.343224732785,1
69,1,14.75,60,12.343224732785,12.4191707270884,1
69,1,14.75,60,12.4191707270884,12.9692581530144,1
69,1,14.75,60,12.9692581530144,13.0170402705026,1
69,1,14.75,60,13.0170402705026,13.3362913503851,1
69,1,14.75,60,13.3362913503851,13.3635027513652,1
69,1,14.75,60,13.3635027513652,13.5096183570637,1
69,1,14.75,60,13.5096183570637,13.6747555754727,1
69,1,14.75,60,13.6747555754727,13.6821664242478,1
69,1,14.75,60,13.6821664242478,13.9684282146818,1
69,1,14.75,60,13.9684282146818,14.1596630631127,1
69,1,14.75,60,14.1596630631127,14.3530451984841,1
69,1,14.75,60,14.3530451984841,14.5235244595215,1
69,1,14.75,60,14.5235244595215,14.6552665571607,1
69,1,14.75,60,14.6552665571607,14.7325522690217,1
69,1,14.75,60,14.7325522690217,14.75,0
70,1,13.75,20,0,4.69943985220608,1
70,1,13.75,20,4.69943985220608,4.7812425300146,1
70,1,13.75,20,4.7812425300146,5.7048875825405,1
70,1,13.75,20,5.7048875825405,7.19841577360697,1
70,1,13.75,20,7.19841577360697,7.4975670920683,1
70,1,13.75,20,7.4975670920683,7.93126646798651,1
70,1,13.75,20,7.93126646798651,8.21449314221122,1
70,1,13.75,20,8.21449314221122,8.52896179026075,1
70,1,13.75,20,8.52896179026075,9.2782999357153,1
70,1,13.75,20,9.2782999357153,9.56710051014284,1
70,1,13.75,20,9.56710051014284,11.7971642227037,1
70,1,13.75,20,11.7971642227037,11.8980498185013,1
70,1,13.75,20,11.8980498185013,12.0673425574456,1
70,1,13.75,20,12.0673425574456,12.1634271168018,1
70,1,13.75,20,12.1634271168018,12.3279484315136,1
70,1,13.75,20,12.3279484315136,12.3635779413591,1
70,1,13.75,20,12.3635779413591,12.4153127013884,1
70,1,13.75,20,12.4153127013884,13.0661891156032,1
70,1,13.75,20,13.0661891156032,13.1440203227997,1
70,1,13.75,20,13.1440203227997,13.6000095389913,1
70,1,13.75,20,13.6000095389913,13.75,0
71,1,10.75,1,0,8.66197176038293,1
71,1,10.75,1,8.66197176038293,10.75,0
72,1,11.75,1,0,0.470563745148657,1
72,1,11.75,1,0.470563745148657,11.75,0
73,1,10.75,2,0,0.00864524914250913,1
73,1,10.75,2,0.00864524914250913,4.53050577739564,1
73,1,10.75,2,4.53050577739564,10.75,0
74,1,20.75,82,0,4.00584814137824,1
74,1,20.75,82,4.00584814137824,5.49312454762482,1
74,1,20.75,82,5.49312454762482,5.94046029378338,1
74,1,20.75,82,5.94046029378338,6.5636165111728,1
74,1,20.75,82,6.5636165111728,6.60544562128169,1
74,1,20.75,82,6.60544562128169,6.76521980469631,1
74,1,20.75,82,6.76521980469631,8.56262648207237,1
74,1,20.75,82,8.56262648207237,8.87828118840864,1
74,1,20.75,82,8.87828118840864,8.97417834085795,1
74,1,20.75,82,8.97417834085795,8.97891799361531,1
74,1,20.75,82,8.97891799361531,9.15850954287562,1
74,1,20.75,82,9.15850954287562,9.65672463460314,1
74,1,20.75,82,9.65672463460314,10.2110431337504,1
74,1,20.75,82,10.2110431337504,10.2426891078098,1
74,1,20.75,82,10.2426891078098,10.3344657607266,1
74,1,20.75,82,10.3344657607266,10.8504709520247,1
74,1,20.75,82,10.8504709520247,10.9558012797277,1
74,1,20.75,82,10.9558012797277,11.5599680324244,1
74,1,20.75,82,11.5599680324244,11.8857389511157,1
74,1,20.75,82,11.8857389511157,11.9218547834657,1
74,1,20.75,82,11.9218547834657,12.268624237247,1
74,1,20.75,82,12.268624237247,12.4768788678412,1
74,1,20.75,82,12.4768788678412,12.8477802722218,1
74,1,20.75,82,12.8477802722218,13.1776103001396,1
74,1,20.75,82,13.1776103001396,13.4687250744893,1
74,1,20.75,82,13.4687250744893,14.0438548528384,1
74,1,20.75,82,14.0438548528384,14.0649638938746,1
74,1,20.75,82,14.0649638938746,14.5173163298935,1
74,1,20.75,82,14.5173163298935,14.8139554340081,1
74,1,20.75,82,14.8139554340081,14.9561859392946,1
74,1,20.75,82,14.9561859392946,14.9874310978679,1
74,1,20.75,82,14.9874310978679,15.0779706707553,1
74,1,20.75,82,15.0779706707553,15.231288343197,1
74,1,20.75,82,15.231288343197,15.4317026470408,1
74,1,20.75,82,15.4317026470408,15.4768771599009,1
74,1,20.75,82,15.4768771599009,15.708603642602,1
74,1,20.75,82,15.708603642602,15.8553173192183,1
74,1,20.75,82,15.8553173192183,15.9026207260544,1
74,1,20.75,82,15.9026207260544,16.7238508317884,1
74,1,20.75,82,16.7238508317884,16.7772275442079,1
74,1,20.75,82,16.7772275442079,16.8021840784443,1
74,1,20.75,82,16.8021840784443,16.880620953164,1
74,1,20.75,82,16.880620953164,16.9381638446867,1
74,1,20.75,82,16.9381638446867,17.0282267503307,1
74,1,20.75,82,17.0282267503307,17.0601495784101,1
74,1,20.75,82,17.0601495784101,17.1366556719306,1
74,1,20.75,82,17.1366556719306,17.2021582997246,1
74,1,20.75,82,17.2021582997246,17.2741282232481,1
74,1,20.75,82,17.2741282232481,18.0254978352642,1
74,1,20.75,82,18.0254978352642,18.139966262137,1
74,1,20.75,82,18.139966262137,18.2632697887686,1
74,1,20.75,82,18.2632697887686,18.4421956809056,1
74,1,20.75,82,18.4421956809056,18.654363111992,1
74,1,20.75,82,18.654363111992,18.9172303875504,1
74,1,20.75,82,18.9172303875504,19.0669515958456,1
74,1,20.75,82,19.0669515958456,19.093871469045,1
74,1,20.75,82,19.093871469045,19.174068267213,1
74,1,20.75,82,19.174068267213,19.3274904374428,1
74,1,20.75,82,19.3274904374428,19.4258615701718,1
74,1,20.75,82,19.4258615701718,19.5204740805976,1
74,1,20.75,82,19.5204740805976,19.5925890873396,1
74,1,20.75,82,19.5925890873396,19.6321373952563,1
74,1,20.75,82,19.6321373952563,19.6818489664376,1
74,1,20.75,82,19.6818489664376,19.6978458280581,1
74,1,20.75,82,19.6978458280581,19.7111371517322,1
74,1,20.75,82,19.7111371517322,19.8129715173307,1
74,1,20.75,82,19.8129715173307,19.8367775683882,1
74,1,20.75,82,19.8367775683882,19.8740634814938,1
74,1,20.75,82,19.8740634814938,19.886052952088,1
74,1,20.75,82,19.886052952088,19.9874049235223,1
74,1,20.75,82,19.9874049235223,20.0250588039927,1
74,1,20.75,82,20.0250588039927,20.0399651608759,1
74,1,20.75,82,20.0399651608759,20.1303583424361,1
74,1,20.75,82,20.1303583424361,20.1365720536444,1
74,1,20.75,82,20.1365720536444,20.150091633668,1
74,1,20.75,82,20.150091633668,20.230825114598,1
74,1,20.75,82,20.230825114598,20.2330343310269,1
74,1,20.75,82,20.2330343310269,20.4657397267147,1
74,1,20.75,82,20.4657397267147,20.4852448409086,1
74,1,20.75,82,20.4852448409086,20.6484201903256,1
74,1,20.75,82,20.6484201903256,20.7053469497098,1
74,1,20.75,82,20.7053469497098,20.7248507208216,1
74,1,20.75,82,20.7248507208216,20.75,0
75,1,15.75,2,0,2.65175009974838,1
75,1,15.75,2,2.65175009974838,11.8928902914383,1
75,1,15.75,2,11.8928902914383,15.75,0
76,1,16.75,1,0,6.79272513669126,1
76,1,16.75,1,6.79272513669126,16.75,0
77,1,9.75,10,0,2.24748404660645,1
77,1,9.75,10,2.24748404660645,5.3942842116594,1
77,1,9.75,10,5.3942842116594,5.54627038391188,1
77,1,9.75,10,5.54627038391188,7.86898439468044,1
77,1,9.75,10,7.86898439468044,8.0537376176916,1
77,1,9.75,10,8.0537376176916,8.32208854944556,1
77,1,9.75,10,8.32208854944556,9.24861330767854,1
77,1,9.75,10,9.24861330767854,9.24867414810636,1
77,1,9.75,10,9.24867414810636,9.51303382351702,1
77,1,9.75,10,9.51303382351702,9.70711475696897,1
77,1,9.75,10,9.70711475696897,9.75,0
78,1,14.75,1,0,1.31071423464556,1
78,1,14.75,1,1.31071423464556,14.75,0
79,1,14.75,71,0,3.37562143217877,1
79,1,14.75,71,3.37562143217877,3.98171816176219,1
79,1,14.75,71,3.98171816176219,4.11411432831122,1
79,1,14.75,71,4.11411432831122,4.30223096059784,1
79,1,14.75,71,4.30223096059784,5.15395503376051,1
79,1,14.75,71,5.15395503376051,5.77638460856335,1
79,1,14.75,71,5.77638460856335,5.83999025743285,1
79,1,14.75,71,5.83999025743285,5.8509111842187,1
79,1,14.75,71,5.8509111842187,6.47198587366126,1
79,1,14.75,71,6.47198587366126,7.11762314671083,1
79,1,14.75,71,7.11762314671083,7.39235658533806,1
79,1,14.75,71,7.39235658533806,8.00934339686772,1
79,1,14.75,71,8.00934339686772,8.11445588032533,1
79,1,14.75,71,8.11445588032533,8.28876806265887,1
79,1,14.75,71,8.28876806265887,8.65086201133135,1
79,1,14.75,71,8.65086201133135,8.89758952634891,1
79,1,14.75,71,8.89758952634891,8.91790994858436,1
79,1,14.75,71,8.91790994858436,8.95060465126437,1
79,1,14.75,71,8.95060465126437,8.99005949809004,1
79,1,14.75,71,8.99005949809004,9.02620831722089,1
79,1,14.75,71,9.02620831722089,9.1606487436037,1
79,1,14.75,71,9.1606487436037,9.1946497448154,1
79,1,14.75,71,9.1946497448154,9.21981785884108,1
79,1,14.75,71,9.21981785884108,9.40293869776552,1
79,1,14.75,71,9.40293869776552,9.54148018552246,1
79,1,14.75,71,9.54148018552246,9.90647053694738,1
79,1,14.75,71,9.90647053694738,10.0175999795461,1
79,1,14.75,71,10.0175999795461,10.1846729100399,1
79,1,14.75,71,10.1846729100399,10.2669332182674,1
79,1,14.75,71,10.2669332182674,10.3222441132353,1
79,1,14.75,71,10.3222441132353,10.3769852482107,1
79,1,14.75,71,10.3769852482107,10.4587748457163,1
79,1,14.75,71,10.4587748457163,10.5961315626704,1
79,1,14.75,71,10.5961315626704,10.6208903869844,1
79,1,14.75,71,10.6208903869844,10.7023062112258,1
79,1,14.75,71,10.7023062112258,10.7236380655772,1
79,1,14.75,71,10.7236380655772,10.9337935386984,1
79,1,14.75,71,10.9337935386984,11.4531053469085,1
79,1,14.75,71,11.4531053469085,11.8646026141875,1
79,1,14.75,71,11.8646026141875,12.1953754085367,1
79,1,14.75,71,12.1953754085367,12.2104165520964,1
79,1,14.75,71,12.2104165520964,12.3599320508822,1
79,1,14.75,71,12.3599320508822,12.4278392548675,1
79,1,14.75,71,12.4278392548675,12.6398388147993,1
79,1,14.75,71,12.6398388147993,12.649666407523,1
79,1,14.75,71,12.649666407523,12.6808380053794,1
79,1,14.75,71,12.6808380053794,12.7954354015097,1
79,1,14.75,71,12.7954354015097,13.0192710097191,1
79,1,14.75,71,13.0192710097191,13.0316788738909,1
79,1,14.75,71,13.0316788738909,13.0618414232871,1
79,1,14.75,71,13.0618414232871,13.1451656735281,1
79,1,14.75,71,13.1451656735281,13.2380170311028,1
79,1,14.75,71,13.2380170311028,13.2569558850327,1
79,1,14.75,71,13.2569558850327,13.2651180393394,1
79,1,14.75,71,13.2651180393394,13.3420695603062,1
79,1,14.75,71,13.3420695603062,13.402212778297,1
79,1,14.75,71,13.402212778297,13.4984584215039,1
79,1,14.75,71,13.4984584215039,13.5405036400962,1
79,1,14.75,71,13.5405036400962,13.5745602866911,1
79,1,14.75,71,13.5745602866911,13.6490079842556,1
79,1,14.75,71,13.6490079842556,13.7200311625228,1
79,1,14.75,71,13.7200311625228,13.8243556899077,1
79,1,14.75,71,13.8243556899077,13.8618110396198,1
79,1,14.75,71,13.8618110396198,13.8709964969187,1
79,1,14.75,71,13.8709964969187,13.967130766431,1
79,1,14.75,71,13.967130766431,14.0674015007699,1
79,1,14.75,71,14.0674015007699,14.1429386761315,1
79,1,14.75,71,14.1429386761315,14.219667490565,1
79,1,14.75,71,14.219667490565,14.3049147462191,1
79,1,14.75,71,14.3049147462191,14.4331399308434,1
79,1,14.75,71,14.4331399308434,14.4807331609378,1
79,1,14.75,71,14.4807331609378,14.75,0
80,1,11.75,19,0,3.11113778355243,1
80,1,11.75,19,3.11113778355243,5.31922841142746,1
80,1,11.75,19,5.31922841142746,6.14751002722066,1
80,1,11.75,19,6.14751002722066,6.29976668705664,1
80,1,11.75,19,6.29976668705664,6.38813641128773,1
80,1,11.75,19,6.38813641128773,7.26291611173748,1
80,1,11.75,19,7.26291611173748,7.3560332418187,1
80,1,11.75,19,7.3560332418187,7.75938792442159,1
80,1,11.75,19,7.75938792442159,7.96358625174571,1
80,1,11.75,19,7.96358625174571,8.83800481013247,1
80,1,11.75,19,8.83800481013247,8.90453815219011,1
80,1,11.75,19,8.90453815219011,8.92332458626956,1
80,1,11.75,19,8.92332458626956,9.33020551294417,1
80,1,11.75,19,9.33020551294417,9.35726684822817,1
80,1,11.75,19,9.35726684822817,10.189370477297,1
80,1,11.75,19,10.189370477297,10.3060062868692,1
80,1,11.75,19,10.3060062868692,10.3636621837975,1
80,1,11.75,19,10.3636621837975,10.5490792938904,1
80,1,11.75,19,10.5490792938904,11.414741184358,1
80,1,11.75,19,11.414741184358,11.75,0
81,1,20.75,3,0,0.114012167696521,1
81,1,20.75,3,0.114012167696521,0.547566853194167,1
81,1,20.75,3,0.547566853194167,5.64027210159356,1
81,1,20.75,3,5.64027210159356,20.75,0
82,1,19.75,112,0,5.34816953423741,1
82,1,19.75,112,5.34816953423741,5.63136468781532,1
82,1,19.75,112,5.63136468781532,6.31265344618854,1
82,1,19.75,112,6.31265344618854,6.39608759875067,1
82,1,19.75,112,6.39608759875067,6.46328739890485,1
82,1,19.75,112,6.46328739890485,7.30610382059645,1
82,1,19.75,112,7.30610382059645,8.02482449610851,1
82,1,19.75,112,8.02482449610851,8.33561155069485,1
82,1,19.75,112,8.33561155069485,8.44699793276684,1
82,1,19.75,112,8.44699793276684,8.46742566081977,1
82,1,19.75,112,8.46742566081977,8.66172994058494,1
82,1,19.75,112,8.66172994058494,9.11133804938432,1
82,1,19.75,112,9.11133804938432,9.47248913326347,1
82,1,19.75,112,9.47248913326347,9.66454029366973,1
82,1,19.75,112,9.66454029366973,9.86942750543084,1
82,1,19.75,112,9.86942750543084,10.5000704298388,1
82,1,19.75,112,10.5000704298388,10.5214779374431,1
82,1,19.75,112,10.5214779374431,10.5655817146766,1
82,1,19.75,112,10.5655817146766,10.6722498504184,1
82,1,19.75,112,10.6722498504184,10.7582843147067,1
82,1,19.75,112,10.7582843147067,11.3619305846112,1
82,1,19.75,112,11.3619305846112,11.4535624426329,1
82,1,19.75,112,11.4535624426329,11.596629332023,1
82,1,19.75,112,11.596629332023,11.6306957498488,1
82,1,19.75,112,11.6306957498488,11.6915867977546,1
82,1,19.75,112,11.6915867977546,11.83255846572,1
82,1,19.75,112,11.83255846572,11.8960743549149,1
82,1,19.75,112,11.8960743549149,11.9405536659168,1
82,1,19.75,112,11.9405536659168,12.2359292827214,1
82,1,19.75,112,12.2359292827214,12.6548640344319,1
82,1,19.75,112,12.6548640344319,12.7903195897585,1
82,1,19.75,112,12.7903195897585,13.1037831180181,1
82,1,19.75,112,13.1037831180181,13.2613588333165,1
82,1,19.75,112,13.2613588333165,13.5117226920535,1
82,1,19.75,112,13.5117226920535,13.541782777775,1
82,1,19.75,112,13.541782777775,13.6239415634464,1
82,1,19.75,112,13.6239415634464,13.869903540081,1
82,1,19.75,112,13.869903540081,13.9654159016828,1
82,1,19.75,112,13.9654159016828,14.1256480666117,1
82,1,19.75,112,14.1256480666117,14.1846892132479,1
82,1,19.75,112,14.1846892132479,14.3127259948187,1
82,1,19.75,112,14.3127259948187,14.5445658876677,1
82,1,19.75,112,14.5445658876677,14.6399347769061,1
82,1,19.75,112,14.6399347769061,14.6865143064624,1
82,1,19.75,112,14.6865143064624,14.7602177230185,1
82,1,19.75,112,14.7602177230185,14.7785012545801,1
82,1,19.75,112,14.7785012545801,14.9108562836933,1
82,1,19.75,112,14.9108562836933,14.9821838463459,1
82,1,19.75,112,14.9821838463459,14.9952918781965,1
82,1,19.75,112,14.9952918781965,15.0279493687565,1
82,1,19.75,112,15.0279493687565,15.2783274196036,1
82,1,19.75,112,15.2783274196036,15.3418306812879,1
82,1,19.75,112,15.3418306812879,15.4445424162911,1
82,1,19.75,112,15.4445424162911,15.5432981332355,1
82,1,19.75,112,15.5432981332355,15.6499204846193,1
82,1,19.75,112,15.6499204846193,15.6558564461798,1
82,1,19.75,112,15.6558564461798,15.708461029582,1
82,1,19.75,112,15.708461029582,15.7563720658498,1
82,1,19.75,112,15.7563720658498,15.7909596559586,1
82,1,19.75,112,15.7909596559586,15.8127238006315,1
82,1,19.75,112,15.8127238006315,15.8735654609195,1
82,1,19.75,112,15.8735654609195,15.9573306205437,1
82,1,19.75,112,15.9573306205437,16.0206412100906,1
82,1,19.75,112,16.0206412100906,16.0851822288819,1
82,1,19.75,112,16.0851822288819,16.3494421612971,1
82,1,19.75,112,16.3494421612971,16.3750101929936,1
82,1,19.75,112,16.3750101929936,16.4535856468564,1
82,1,19.75,112,16.4535856468564,16.4854565482189,1
82,1,19.75,112,16.4854565482189,16.4925303810836,1
82,1,19.75,112,16.4925303810836,16.864579927314,1
82,1,19.75,112,16.864579927314,16.8855590201616,1
82,1,19.75,112,16.8855590201616,16.9174859179945,1
82,1,19.75,112,16.9174859179945,16.9683964496892,1
82,1,19.75,112,16.9683964496892,17.0926024095229,1
82,1,19.75,112,17.0926024095229,17.1034000703338,1
82,1,19.75,112,17.1034000703338,17.1424600136096,1
82,1,19.75,112,17.1424600136096,17.1611674353009,1
82,1,19.75,112,17.1611674353009,17.1897063611254,1
82,1,19.75,112,17.1897063611254,17.3914254490844,1
82,1,19.75,112,17.3914254490844,17.3915659634575,1
82,1,19.75,112,17.3915659634575,17.4223564863077,1
82,1,19.75,112,17.4223564863077,17.4943887977237,1
82,1,19.75,112,17.4943887977237,17.5356966696035,1
82,1,19.75,112,17.5356966696035,17.6113736816358,1
82,1,19.75,112,17.6113736816358,17.7598528364869,1
82,1,19.75,112,17.7598528364869,17.8498905129696,1
82,1,19.75,112,17.8498905129696,17.8565489106049,1
82,1,19.75,112,17.8565489106049,17.8808214963767,1
82,1,19.75,112,17.8808214963767,17.8822290548553,1
82,1,19.75,112,17.8822290548553,18.1307828567322,1
82,1,19.75,112,18.1307828567322,18.2309153598046,1
82,1,19.75,112,18.2309153598046,18.2883311407948,1
82,1,19.75,112,18.2883311407948,18.4733180512461,1
82,1,19.75,112,18.4733180512461,18.5772647083896,1
82,1,19.75,112,18.5772647083896,18.5906493327218,1
82,1,19.75,112,18.5906493327218,18.6023640151681,1
82,1,19.75,112,18.6023640151681,18.6249663842182,1
82,1,19.75,112,18.6249663842182,18.8042185854019,1
82,1,19.75,112,18.8042185854019,18.8882589722692,1
82,1,19.75,112,18.8882589722692,18.923338957441,1
82,1,19.75,112,18.923338957441,18.9276975316733,1
82,1,19.75,112,18.9276975316733,18.9577358913559,1
82,1,19.75,112,18.9577358913559,19.0552090755423,1
82,1,19.75,112,19.0552090755423,19.0933458349187,1
82,1,19.75,112,19.0933458349187,19.2159474797569,1
82,1,19.75,112,19.2159474797569,19.3417033836484,1
82,1,19.75,112,19.3417033836484,19.4218606092914,1
82,1,19.75,112,19.4218606092914,19.4837021311563,1
82,1,19.75,112,19.4837021311563,19.5430765396648,1
82,1,19.75,112,19.5430765396648,19.577868153694,1
82,1,19.75,112,19.577868153694,19.658938898033,1
82,1,19.75,112,19.658938898033,19.688818786329,1
82,1,19.75,112,19.688818786329,19.75,0
83,1,17.75,2,0,1.55007043871229,1
83,1,17.75,2,1.55007043871229,2.47976927827979,1
83,1,17.75,2,2.47976927827979,17.75,0
84,1,9.75,2,0,0.00744778226541685,1
84,1,9.75,2,0.00744778226541685,5.90542677130856,1
84,1,9.75,2,5.90542677130856,9.75,0
85,1,14.75,2,0,9.73283687767324,1
85,1,14.75,2,9.73283687767324,9.92104697453995,1
85,1,14.75,2,9.92104697453995,14.75,0
86,1,10.75,10,0,3.77958081736968,1
86,1,10.75,10,3.77958081736968,5.54500507262803,1
86,1,10.75,10,5.54500507262803,5.94788051357543,1
86,1,10.75,10,5.94788051357543,7.87609482940619,1
86,1,10.75,10,7.87609482940619,8.58255250536338,1
86,1,10.75,10,8.58255250536338,8.87971184322288,1
86,1,10.75,10,8.87971184322288,8.95185256273023,1
86,1,10.75,10,8.95185256273023,10.0350676724124,1
86,1,10.75,10,10.0350676724124,10.0911662604247,1
86,1,10.75,10,10.0911662604247,10.7373854101488,1
86,1,10.75,10,10.7373854101488,10.75,0
87,1,13.75,0,0,13.75,0
88,1,8.75,0,0,8.75,0
89,1,8.75,9,0,2.28069354507549,1
89,1,8.75,9,2.28069354507549,2.61725651180746,1
89,1,8.75,9,2.61725651180746,3.87179372563717,1
89,1,8.75,9,3.87179372563717,4.45939682653802,1
89,1,8.75,9,4.45939682653802,7.00612512689504,1
89,1,8.75,9,7.00612512689504,7.72165557227749,1
89,1,8.75,9,7.72165557227749,8.49570063224906,1
89,1,8.75,9,8.49570063224906,8.61892201396461,1
89,1,8.75,9,8.61892201396461,8.70752207888801,1
89,1,8.75,9,8.70752207888801,8.75,0
90,1,11.75,28,0,2.43938833165465,1
90,1,11.75,28,2.43938833165465,5.49869893973619,1
90,1,11.75,28,5.49869893973619,5.64189319248557,1
90,1,11.75,28,5.64189319248557,5.72018477748602,1
90,1,11.75,28,5.72018477748602,6.25922420654492,1
90,1,11.75,28,6.25922420654492,6.42211866072533,1
90,1,11.75,28,6.42211866072533,6.48003588267099,1
90,1,11.75,28,6.48003588267099,7.05737610626771,1
90,1,11.75,28,7.05737610626771,7.38615239289324,1
90,1,11.75,28,7.38615239289324,7.56834319410739,1
90,1,11.75,28,7.56834319410739,8.31222555621879,1
90,1,11.75,28,8.31222555621879,8.98474555177489,1
90,1,11.75,28,8.98474555177489,8.98624835354251,1
90,1,11.75,28,8.98624835354251,9.05206139176056,1
90,1,11.75,28,9.05206139176056,9.10977809708761,1
90,1,11.75,28,9.10977809708761,9.56868230996926,1
90,1,11.75,28,9.56868230996926,9.90581457483416,1
90,1,11.75,28,9.90581457483416,10.1088089982058,1
90,1,11.75,28,10.1088089982058,10.2195031861425,1
90,1,11.75,28,10.2195031861425,10.277807066171,1
90,1,11.75,28,10.277807066171,10.8343395347711,1
90,1,11.75,28,10.8343395347711,11.0178150371678,1
90,1,11.75,28,11.0178150371678,11.1241359337341,1
90,1,11.75,28,11.1241359337341,11.209804805616,1
90,1,11.75,28,11.209804805616,11.3521650863802,1
90,1,11.75,28,11.3521650863802,11.4307726471294,1
90,1,11.75,28,11.4307726471294,11.6832020807541,1
90,1,11.75,28,11.6832020807541,11.696128385162,1
90,1,11.75,28,11.696128385162,11.75,0
91,1,14.75,5,0,0.0200011176395772,1
91,1,14.75,5,0.0200011176395772,0.171187231392629,1
91,1,14.75,5,0.171187231392629,0.91109686375813,1
91,1,14.75,5,0.91109686375813,9.79671439937543,1
91,1,14.75,5,9.79671439937543,13.5229749019573,1
91,1,14.75,5,13.5229749019573,14.75,0
92,1,13.75,0,0,13.75,0
93,1,10.75,0,0,10.75,0
94,1,12.75,4,0,0.114203793362343,1
94,1,12.75,4,0.114203793362343,0.720624304002659,1
94,1,12.75,4,0.720624304002659,2.98313336665361,1
94,1,12.75,4,2.98313336665361,7.59956902985414,1
94,1,12.75,4,7.59956902985414,12.75,0
95,1,11.75,0,0,11.75,0
96,1,11.75,18,0,4.12011553393048,1
96,1,11.75,18,4.12011553393048,4.92185114948401,1
96,1,11.75,18,4.92185114948401,5.33341857764593,1
96,1,11.75,18,5.33341857764593,5.79317510427885,1
96,1,11.75,18,5.79317510427885,6.21719798988727,1
96,1,11.75,18,6.21719798988727,6.96676111718392,1
96,1,11.75,18,6.96676111718392,8.95366816206139,1
96,1,11.75,18,8.95366816206139,9.47117901454979,1
96,1,11.75,18,9.47117901454979,9.73281943594668,1
96,1,11.75,18,9.73281943594668,10.2030648314414,1
96,1,11.75,18,10.2030648314414,10.3518721841405,1
96,1,11.75,18,10.3518721841405,10.5052746212271,1
96,1,11.75,18,10.5052746212271,10.6851346180147,1
96,1,11.75,18,10.6851346180147,10.9905047403512,1
96,1,11.75,18,10.9905047403512,11.290507044571,1
96,1,11.75,18,11.290507044571,11.3659720221133,1
96,1,11.75,18,11.3659720221133,11.3691945889592,1
96,1,11.75,18,11.3691945889592,11.4479530208429,1
96,1,11.75,18,11.4479530208429,11.75,0
97,1,18.75,4,0,0.0942322168320012,1
97,1,18.75,4,0.0942322168320012,3.21998185481284,1
97,1,18.75,4,3.21998185481284,6.14609538200456,1
97,1,18.75,4,6.14609538200456,13.8127081208527,1
97,1,18.75,4,13.8127081208527,18.75,0
98,1,19.75,1,0,15.4533223721032,1
98,1,19.75,1,15.4533223721032,19.75,0
99,1,14.75,35,0,2.25896915699169,1
99,1,14.75,35,2.25896915699169,4.85569652750963,1
99,1,14.75,35,4.85569652750963,5.2067283758204,1
99,1,14.75,35,5.2067283758204,6.05088581666151,1
99,1,14.75,35,6.05088581666151,6.25092544012442,1
99,1,14.75,35,6.25092544012442,6.60181494735053,1
99,1,14.75,35,6.60181494735053,6.97211831944242,1
99,1,14.75,35,6.97211831944242,7.02054383602749,1
99,1,14.75,35,7.02054383602749,7.40449302125969,1
99,1,14.75,35,7.40449302125969,7.89672351860163,1
99,1,14.75,35,7.89672351860163,8.58452908619907,1
99,1,14.75,35,8.58452908619907,8.87633254063437,1
99,1,14.75,35,8.87633254063437,9.01863117861006,1
99,1,14.75,35,9.01863117861006,9.27949188477056,1
99,1,14.75,35,9.27949188477056,9.28863980477097,1
99,1,14.75,35,9.28863980477097,10.1598359435023,1
99,1,14.75,35,10.1598359435023,10.2287967518976,1
99,1,14.75,35,10.2287967518976,10.5995758663588,1
99,1,14.75,35,10.5995758663588,10.6902528068759,1
99,1,14.75,35,10.6902528068759,10.8983168570572,1
99,1,14.75,35,10.8983168570572,11.2187622983964,1
99,1,14.75,35,11.2187622983964,11.9140145076716,1
99,1,14.75,35,11.9140145076716,12.6200521283839,1
99,1,14.75,35,12.6200521283839,12.7130419718661,1
99,1,14.75,35,12.7130419718661,12.8873111635322,1
99,1,14.75,35,12.8873111635322,13.451005227158,1
99,1,14.75,35,13.451005227158,13.624804685483,1
99,1,14.75,35,13.624804685483,13.7865907530207,1
99,1,14.75,35,13.7865907530207,13.8453326601836,1
99,1,14.75,35,13.8453326601836,13.8995199603624,1
99,1,14.75,35,13.8995199603624,13.9062429090174,1
99,1,14.75,35,13.9062429090174,13.9703181595032,1
99,1,14.75,35,13.9703181595032,14.4102944134213,1
99,1,14.75,35,14.4102944134213,14.4892318639602,1
99,1,14.75,35,14.4892318639602,14.5941839103431,1
99,1,14.75,35,14.5941839103431,14.75,0
100,1,14.75,69,0,3.29932922468051,1
100,1,14.75,69,3.29932922468051,3.40184380777996,1
100,1,14.75,69,3.40184380777996,4.23478236668899,1
100,1,14.75,69,4.23478236668899,4.66992372594436,1
100,1,14.75,69,4.66992372594436,4.8214558680927,1
100,1,14.75,69,4.8214558680927,4.97709257580344,1
100,1,14.75,69,4.97709257580344,5.58632528460338,1
100,1,14.75,69,5.58632528460338,5.95484464221241,1
100,1,14.75,69,5.95484464221241,6.03136264820092,1
100,1,14.75,69,6.03136264820092,6.14115605331575,1
100,1,14.75,69,6.14115605331575,6.20731682224729,1
100,1,14.75,69,6.20731682224729,6.44620769106677,1
100,1,14.75,69,6.44620769106677,6.44882380450961,1
100,1,14.75,69,6.44882380450961,6.54134625996647,1
100,1,14.75,69,6.54134625996647,6.61552832422203,1
100,1,14.75,69,6.61552832422203,6.94095399104214,1
100,1,14.75,69,6.94095399104214,7.10100379051748,1
100,1,14.75,69,7.10100379051748,7.11284144345889,1
100,1,14.75,69,7.11284144345889,7.15902435827171,1
100,1,14.75,69,7.15902435827171,7.28845832623349,1
100,1,14.75,69,7.28845832623349,7.37361048115669,1
100,1,14.75,69,7.37361048115669,7.41397423446915,1
100,1,14.75,69,7.41397423446915,7.80293043169983,1
100,1,14.75,69,7.80293043169983,7.88798881630045,1
100,1,14.75,69,7.88798881630045,8.05227934426092,1
100,1,14.75,69,8.05227934426092,8.08650422550834,1
100,1,14.75,69,8.08650422550834,8.33886020499278,1
100,1,14.75,69,8.33886020499278,9.20730703390507,1
100,1,14.75,69,9.20730703390507,9.24641283236338,1
100,1,14.75,69,9.24641283236338,9.36013981654681,1
100,1,14.75,69,9.36013981654681,9.52815854098774,1
100,1,14.75,69,9.52815854098774,9.83874738362669,1
100,1,14.75,69,9.83874738362669,9.87414358232776,1
100,1,14.75,69,9.87414358232776,9.88884475382726,1
100,1,14.75,69,9.88884475382726,9.89998556115113,1
100,1,14.75,69,9.89998556115113,10.2938418570794,1
100,1,14.75,69,10.2938418570794,10.3702887549636,1
100,1,14.75,69,10.3702887549636,10.4142341374529,1
100,1,14.75,69,10.4142341374529,10.4514420634844,1
100,1,14.75,69,10.4514420634844,10.8777261567911,1
100,1,14.75,69,10.8777261567911,10.9000778771302,1
100,1,14.75,69,10.9000778771302,11.1275216591936,1
100,1,14.75,69,11.1275216591936,11.2251000058825,1
100,1,14.75,69,11.2251000058825,11.2863158560397,1
100,1,14.75,69,11.2863158560397,11.2985255334816,1
100,1,14.75,69,11.2985255334816,11.3002123202202,1
100,1,14.75,69,11.3002123202202,11.5740491100122,1
100,1,14.75,69,11.5740491100122,11.6284849318978,1
100,1,14.75,69,11.6284849318978,11.7743640325486,1
100,1,14.75,69,11.7743640325486,11.7896215342958,1
100,1,14.75,69,11.7896215342958,11.9249453739269,1
100,1,14.75,69,11.9249453739269,12.1033831955744,1
100,1,14.75,69,12.1033831955744,12.2038903756347,1
100,1,14.75,69,12.2038903756347,13.0732299321847,1
100,1,14.75,69,13.0732299321847,13.1534024195174,1
100,1,14.75,69,13.1534024195174,13.2598597758191,1
100,1,14.75,69,13.2598597758191,13.5809002601371,1
100,1,14.75,69,13.5809002601371,13.7172649071426,1
100,1,14.75,69,13.7172649071426,13.8485482979702,1
100,1,14.75,69,13.8485482979702,13.9109515755306,1
100,1,14.75,69,13.9109515755306,13.9577487877138,1
100,1,14.75,69,13.9577487877138,13.9603095069692,1
100,1,14.75,69,13.9603095069692,14.1023961487078,1
100,1,14.75,69,14.1023961487078,14.3178183257065,1
100,1,14.75,69,14.3178183257065,14.3468683654138,1
100,1,14.75,69,14.3468683654138,14.405421018333,1
100,1,14.75,69,14.405421018333,14.5331020019711,1
100,1,14.75,69,14.5331020019711,14.5705661832671,1
100,1,14.75,69,14.5705661832671,14.648698167679,1
100,1,14.75,69,14.648698167679,14.75,0
101,1,12.75,26,0,1.70082829314801,1
101,1,12.75,26,1.70082829314801,3.66279953114044,1
101,1,12.75,26,3.66279953114044,4.55942832061326,1
101,1,12.75,26,4.55942832061326,5.89321784018677,1
101,1,12.75,26,5.89321784018677,6.04475628776734,1
101,1,12.75,26,6.04475628776734,7.17760246940363,1
101,1,12.75,26,7.17760246940363,7.87973168108432,1
101,1,12.75,26,7.87973168108432,8.90733437310343,1
101,1,12.75,26,8.90733437310343,8.97969589996811,1
101,1,12.75,26,8.97969589996811,10.4045029524023,1
101,1,12.75,26,10.4045029524023,10.5837224927808,1
101,1,12.75,26,10.5837224927808,10.7552257430489,1
101,1,12.75,26,10.7552257430489,10.7918170513736,1
101,1,12.75,26,10.7918170513736,10.8040123261562,1
101,1,12.75,26,10.8040123261562,11.0024322034286,1
101,1,12.75,26,11.0024322034286,11.0530682241879,1
101,1,12.75,26,11.0530682241879,11.2162170990598,1
101,1,12.75,26,11.2162170990598,11.2730276648605,1
101,1,12.75,26,11.2730276648605,11.2797967115451,1
101,1,12.75,26,11.2797967115451,11.4617647976107,1
101,1,12.75,26,11.4617647976107,11.6622663342779,1
101,1,12.75,26,11.6622663342779,11.6626854219253,1
101,1,12.75,26,11.6626854219253,11.7172845778237,1
101,1,12.75,26,11.7172845778237,11.9062470545312,1
101,1,12.75,26,11.9062470545312,11.9992970159398,1
101,1,12.75,26,11.9992970159398,12.3514343564829,1
101,1,12.75,26,12.3514343564829,12.75,0
102,1,12.75,3,0,1.57774451512069,1
102,1,12.75,3,1.57774451512069,2.92294115290383,1
102,1,12.75,3,2.92294115290383,9.42687355018174,1
102,1,12.75,3,9.42687355018174,12.75,0
103,1,13.75,0,0,13.75,0
104,1,12.75,0,0,12.75,0
105,1,19.75,122,0,3.71068093467932,1
105,1,19.75,122,3.71068093467932,3.74054001306081,1
105,1,19.75,122,3.74054001306081,5.15431345981465,1
105,1,19.75,122,5.15431345981465,5.30847071028,1
105,1,19.75,122,5.30847071028,6.38444545738668,1
105,1,19.75,122,6.38444545738668,6.51798089467057,1
105,1,19.75,122,6.51798089467057,6.69774644732953,1
105,1,19.75,122,6.69774644732953,6.82353549039902,1
105,1,19.75,122,6.82353549039902,7.5126557738015,1
105,1,19.75,122,7.5126557738015,7.56806802144269,1
105,1,19.75,122,7.56806802144269,7.67662739879668,1
105,1,19.75,122,7.67662739879668,8.37126237473598,1
105,1,19.75,122,8.37126237473598,8.41809037194023,1
105,1,19.75,122,8.41809037194023,8.64295006181336,1
105,1,19.75,122,8.64295006181336,9.7667948161212,1
105,1,19.75,122,9.7667948161212,9.84446773491632,1
105,1,19.75,122,9.84446773491632,9.85040256724511,1
105,1,19.75,122,9.85040256724511,9.97260621105543,1
105,1,19.75,122,9.97260621105543,9.99240466933482,1
105,1,19.75,122,9.99240466933482,10.1106016374788,1
105,1,19.75,122,10.1106016374788,10.5033709301272,1
105,1,19.75,122,10.5033709301272,10.9192252473015,1
105,1,19.75,122,10.9192252473015,10.923159099437,1
105,1,19.75,122,10.923159099437,11.1879231664596,1
105,1,19.75,122,11.1879231664596,11.241494065739,1
105,1,19.75,122,11.241494065739,11.2893011007599,1
105,1,19.75,122,11.2893011007599,11.4391949078151,1
105,1,19.75,122,11.4391949078151,11.5453625233086,1
105,1,19.75,122,11.5453625233086,11.6073242937744,1
105,1,19.75,122,11.6073242937744,11.7617670520397,1
105,1,19.75,122,11.7617670520397,11.7662574090331,1
105,1,19.75,122,11.7662574090331,12.1310381900675,1
105,1,19.75,122,12.1310381900675,12.1810927935902,1
105,1,19.75,122,12.1810927935902,12.2746275062507,1
105,1,19.75,122,12.2746275062507,12.4025536193738,1
105,1,19.75,122,12.4025536193738,12.5099765611301,1
105,1,19.75,122,12.5099765611301,12.6023004779563,1
105,1,19.75,122,12.6023004779563,12.6271584514117,1
105,1,19.75,122,12.6271584514117,12.8556355300658,1
105,1,19.75,122,12.8556355300658,12.9815324157289,1
105,1,19.75,122,12.9815324157289,13.0993492872815,1
105,1,19.75,122,13.0993492872815,13.2464728400846,1
105,1,19.75,122,13.2464728400846,13.3587879436655,1
105,1,19.75,122,13.3587879436655,13.4628579604954,1
105,1,19.75,122,13.4628579604954,13.5839684057077,1
105,1,19.75,122,13.5839684057077,13.6615742127972,1
105,1,19.75,122,13.6615742127972,13.8939360374288,1
105,1,19.75,122,13.8939360374288,13.9681289625947,1
105,1,19.75,122,13.9681289625947,14.0892207662816,1
105,1,19.75,122,14.0892207662816,14.2830651529392,1
105,1,19.75,122,14.2830651529392,14.5152317843581,1
105,1,19.75,122,14.5152317843581,14.643689069015,1
105,1,19.75,122,14.643689069015,14.6674115416439,1
105,1,19.75,122,14.6674115416439,14.8925127485803,1
105,1,19.75,122,14.8925127485803,14.9592155370354,1
105,1,19.75,122,14.9592155370354,15.0955393554916,1
105,1,19.75,122,15.0955393554916,15.3541694632888,1
105,1,19.75,122,15.3541694632888,15.4593799890444,1
105,1,19.75,122,15.4593799890444,15.5820916322025,1
105,1,19.75,122,15.5820916322025,15.7979524244472,1
105,1,19.75,122,15.7979524244472,15.9507799562573,1
105,1,19.75,122,15.9507799562573,15.9789921162596,1
105,1,19.75,122,15.9789921162596,16.0721397024259,1
105,1,19.75,122,16.0721397024259,16.1503639131168,1
105,1,19.75,122,16.1503639131168,16.1696427080634,1
105,1,19.75,122,16.1696427080634,16.2404340187752,1
105,1,19.75,122,16.2404340187752,16.2624894567742,1
105,1,19.75,122,16.2624894567742,16.6780417562249,1
105,1,19.75,122,16.6780417562249,16.7036998730372,1
105,1,19.75,122,16.7036998730372,16.7543590186725,1
105,1,19.75,122,16.7543590186725,16.7586151719426,1
105,1,19.75,122,16.7586151719426,16.7748389652962,1
105,1,19.75,122,16.7748389652962,16.8839355204135,1
105,1,19.75,122,16.8839355204135,16.9270274445594,1
105,1,19.75,122,16.9270274445594,17.0061537116776,1
105,1,19.75,122,17.0061537116776,17.1045073314332,1
105,1,19.75,122,17.1045073314332,17.1379610446342,1
105,1,19.75,122,17.1379610446342,17.1442252548155,1
105,1,19.75,122,17.1442252548155,17.1906502068357,1
105,1,19.75,122,17.1906502068357,17.2080546591695,1
105,1,19.75,122,17.2080546591695,17.2094192526439,1
105,1,19.75,122,17.2094192526439,17.2210129304492,1
105,1,19.75,122,17.2210129304492,17.2518548163273,1
105,1,19.75,122,17.2518548163273,17.2762801195323,1
105,1,19.75,122,17.2762801195323,17.3692660289878,1
105,1,19.75,122,17.3692660289878,17.3975395880642,1
105,1,19.75,122,17.3975395880642,17.5672854596913,1
105,1,19.75,122,17.5672854596913,17.586771704205,1
105,1,19.75,122,17.586771704205,17.6185651639876,1
105,1,19.75,122,17.6185651639876,17.6291920322951,1
105,1,19.75,122,17.6291920322951,17.7970383111452,1
105,1,19.75,122,17.7970383111452,17.8191952576305,1
105,1,19.75,122,17.8191952576305,17.8552492367466,1
105,1,19.75,122,17.8552492367466,17.8667320770081,1
105,1,19.75,122,17.8667320770081,18.0879821096767,1
105,1,19.75,122,18.0879821096767,18.1576765431217,1
105,1,19.75,122,18.1576765431217,18.1958768408141,1
105,1,19.75,122,18.1958768408141,18.3244204102644,1
105,1,19.75,122,18.3244204102644,18.3274231040203,1
105,1,19.75,122,18.3274231040203,18.4854601847101,1
105,1,19.75,122,18.4854601847101,18.512418067724,1
105,1,19.75,122,18.512418067724,18.5787025748792,1
105,1,19.75,122,18.5787025748792,18.6265779505852,1
105,1,19.75,122,18.6265779505852,18.6432277217128,1
105,1,19.75,122,18.6432277217128,18.6742941161133,1
105,1,19.75,122,18.6742941161133,18.7131207842805,1
105,1,19.75,122,18.7131207842805,18.8474888684683,1
105,1,19.75,122,18.8474888684683,18.8767884698487,1
105,1,19.75,122,18.8767884698487,19.0130532980102,1
105,1,19.75,122,19.0130532980102,19.0312548577058,1
105,1,19.75,122,19.0312548577058,19.0695370221593,1
105,1,19.75,122,19.0695370221593,19.0808768356604,1
105,1,19.75,122,19.0808768356604,19.1249549567951,1
105,1,19.75,122,19.1249549567951,19.1788440685361,1
105,1,19.75,122,19.1788440685361,19.1918965472942,1
105,1,19.75,122,19.1918965472942,19.264418594892,1
105,1,19.75,122,19.264418594892,19.3259385239653,1
105,1,19.75,122,19.3259385239653,19.3480034796795,1
105,1,19.75,122,19.3480034796795,19.6507276128841,1
105,1,19.75,122,19.6507276128841,19.6986435339237,1
105,1,19.75,122,19.6986435339237,19.7283999854053,1
105,1,19.75,122,19.7283999854053,19.7440501053924,1
105,1,19.75,122,19.7440501053924,19.75,0
106,1,8.75,22,0,4.20447603791567,1
106,1,8.75,22,4.20447603791567,4.99093544465368,1
106,1,8.75,22,4.99093544465368,5.25349928725023,1
106,1,8.75,22,5.25349928725023,5.38552904911019,1
106,1,8.75,22,5.38552904911019,5.50812909183624,1
106,1,8.75,22,5.50812909183624,5.65421646563678,1
106,1,8.75,22,5.65421646563678,5.8465980552713,1
106,1,8.75,22,5.8465980552713,6.43860938024206,1
106,1,8.75,22,6.43860938024206,6.50717951986963,1
106,1,8.75,22,6.50717951986963,6.87924527953577,1
106,1,8.75,22,6.87924527953577,6.94601812472803,1
106,1,8.75,22,6.94601812472803,7.06981177709102,1
106,1,8.75,22,7.06981177709102,7.0751210898416,1
106,1,8.75,22,7.0751210898416,7.19697942952472,1
106,1,8.75,22,7.19697942952472,7.26134044945034,1
106,1,8.75,22,7.26134044945034,7.49843330933277,1
106,1,8.75,22,7.49843330933277,7.55663545988749,1
106,1,8.75,22,7.55663545988749,7.83959709193173,1
106,1,8.75,22,7.83959709193173,8.13979764008659,1
106,1,8.75,22,8.13979764008659,8.30008680012891,1
106,1,8.75,22,8.30008680012891,8.4477039808023,1
106,1,8.75,22,8.4477039808023,8.57599113507237,1
106,1,8.75,22,8.57599113507237,8.75,0
107,1,14.75,3,0,2.50457483058717,1
107,1,14.75,3,2.50457483058717,10.4022061434657,1
107,1,14.75,3,10.4022061434657,10.9080761517836,1
107,1,14.75,3,10.9080761517836,14.75,0
108,1,16.75,0,0,16.75,0
109,1,11.75,2,0,6.56399788717127,1
109,1,11.75,2,6.56399788717127,7.56052637879802,1
109,1,11.75,2,7.56052637879802,11.75,0
110,1,17.75,2,0,0.618099208928044,1
110,1,17.75,2,0.618099208928044,5.45272822877285,1
110,1,17.75,2,5.45272822877285,17.75,0
111,1,8.75,1,0,0.722752709475884,1
111,1,8.75,1,0.722752709475884,8.75,0
112,1,12.75,21,0,3.93645200527937,1
112,1,12.75,21,3.93645200527937,4.27465536490583,1
112,1,12.75,21,4.27465536490583,5.71313905871992,1
112,1,12.75,21,5.71313905871992,6.79310075148193,1
112,1,12.75,21,6.79310075148193,7.17231440511825,1
112,1,12.75,21,7.17231440511825,8.62451718979285,1
112,1,12.75,21,8.62451718979285,9.21106580542113,1
112,1,12.75,21,9.21106580542113,9.7924832066224,1
112,1,12.75,21,9.7924832066224,10.0099543921414,1
112,1,12.75,21,10.0099543921414,10.1679881020722,1
112,1,12.75,21,10.1679881020722,10.5848730297379,1
112,1,12.75,21,10.5848730297379,10.7892648637058,1
112,1,12.75,21,10.7892648637058,10.8376037367893,1
112,1,12.75,21,10.8376037367893,11.2911887004317,1
112,1,12.75,21,11.2911887004317,11.5920536965242,1
112,1,12.75,21,11.5920536965242,11.6968122935479,1
112,1,12.75,21,11.6968122935479,12.2573202268638,1
112,1,12.75,21,12.2573202268638,12.4848383971896,1
112,1,12.75,21,12.4848383971896,12.5707554061449,1
112,1,12.75,21,12.5707554061449,12.6706484336386,1
112,1,12.75,21,12.6706484336386,12.6849229211478,1
112,1,12.75,21,12.6849229211478,12.75,0
113,1,8.75,2,0,4.1360114390211,1
113,1,8.75,2,4.1360114390211,5.62526358447257,1
113,1,8.75,2,5.62526358447257,8.75,0
114,1,8.75,1,0,1.12346268279039,1
114,1,8.75,1,1.12346268279039,8.75,0
115,1,12.75,33,0,2.74742918720948,1
115,1,12.75,33,2.74742918720948,4.92908996393189,1
115,1,12.75,33,4.92908996393189,6.24435243197598,1
115,1,12.75,33,6.24435243197598,6.27624292748868,1
115,1,12.75,33,6.27624292748868,6.45872946975838,1
115,1,12.75,33,6.45872946975838,6.47516487699439,1
115,1,12.75,33,6.47516487699439,6.85474148560858,1
115,1,12.75,33,6.85474148560858,7.34348319703423,1
115,1,12.75,33,7.34348319703423,7.61728850929376,1
115,1,12.75,33,7.61728850929376,7.87676671173866,1
115,1,12.75,33,7.87676671173866,8.12188290681647,1
115,1,12.75,33,8.12188290681647,8.71992974672091,1
115,1,12.75,33,8.71992974672091,8.9825862448732,1
115,1,12.75,33,8.9825862448732,9.29378635190065,1
115,1,12.75,33,9.29378635190065,9.57525674530265,1
115,1,12.75,33,9.57525674530265,9.84561010503979,1
115,1,12.75,33,9.84561010503979,10.1355537779254,1
115,1,12.75,33,10.1355537779254,10.3193527918113,1
115,1,12.75,33,10.3193527918113,10.4245776962315,1
115,1,12.75,33,10.4245776962315,10.8238956376961,1
115,1,12.75,33,10.8238956376961,10.9428149962705,1
115,1,12.75,33,10.9428149962705,11.5925422364325,1
115,1,12.75,33,11.5925422364325,11.6795099544948,1
115,1,12.75,33,11.6795099544948,11.784416161274,1
115,1,12.75,33,11.784416161274,11.8798835988805,1
115,1,12.75,33,11.8798835988805,11.9093286100332,1
115,1,12.75,33,11.9093286100332,11.9441189236722,1
115,1,12.75,33,11.9441189236722,12.1580845079639,1
115,1,12.75,33,12.1580845079639,12.2099659118376,1
115,1,12.75,33,12.2099659118376,12.4187218832683,1
115,1,12.75,33,12.4187218832683,12.691231320809,1
115,1,12.75,33,12.691231320809,12.6921781448696,1
115,1,12.75,33,12.6921781448696,12.7221644235581,1
115,1,12.75,33,12.7221644235581,12.75,0
116,1,8.75,8,0,4.23720768673647,1
116,1,8.75,8,4.23720768673647,5.0174680206651,1
116,1,8.75,8,5.0174680206651,5.73430215130673,1
116,1,8.75,8,5.73430215130673,7.03748700978947,1
116,1,8.75,8,7.03748700978947,7.09344758691493,1
116,1,8.75,8,7.09344758691493,7.13779985041966,1
116,1,8.75,8,7.13779985041966,8.10177341750794,1
116,1,8.75,8,8.10177341750794,8.67356735643933,1
116,1,8.75,8,8.67356735643933,8.75,0
117,1,16.75,3,0,0.132391017736106,1
117,1,16.75,3,0.132391017736106,5.06494049861825,1
117,1,16.75,3,5.06494049861825,7.76402477009853,1
117,1,16.75,3,7.76402477009853,16.75,0
118,1,14.75,16,0,3.02598744761794,1
118,1,14.75,16,3.02598744761794,3.5782143728241,1
118,1,14.75,16,3.5782143728241,5.78541224798226,1
118,1,14.75,16,5.78541224798226,7.65422925362918,1
118,1,14.75,16,7.65422925362918,7.66720709733317,1
118,1,14.75,16,7.66720709733317,9.51403970237256,1
118,1,14.75,16,9.51403970237256,10.0236541132988,1
118,1,14.75,16,10.0236541132988,10.1442733340297,1
118,1,14.75,16,10.1442733340297,10.3745429666845,1
118,1,14.75,16,10.3745429666845,11.5535325317721,1
118,1,14.75,16,11.5535325317721,12.0554354199766,1
118,1,14.75,16,12.0554354199766,12.1773589232251,1
118,1,14.75,16,12.1773589232251,12.6966284655704,1
118,1,14.75,16,12.6966284655704,13.6953136909567,1
118,1,14.75,16,13.6953136909567,14.0131464288651,1
118,1,14.75,16,14.0131464288651,14.3308603144761,1
118,1,14.75,16,14.3308603144761,14.75,0
119,1,15.75,2,0,0.0104846969858645,1
119,1,15.75,2,0.0104846969858645,8.42435331470686,1
119,1,15.75,2,8.42435331470686,15.75,0
120,1,11.75,1,0,10.7733158091081,1
120,1,11.75,1,10.7733158091081,11.75,0
121,1,11.75,9,0,1.15163597693984,1
121,1,11.75,9,1.15163597693984,5.44441744051147,1
121,1,11.75,9,5.44441744051147,6.63986540815965,1
121,1,11.75,9,6.63986540815965,6.85473111293656,1
121,1,11.75,9,6.85473111293656,7.01307951128876,1
121,1,11.75,9,7.01307951128876,9.64984657977188,1
121,1,11.75,9,9.64984657977188,9.92706868873724,1
121,1,11.75,9,9.92706868873724,10.3266779066575,1
121,1,11.75,9,10.3266779066575,11.5407747842439,1
121,1,11.75,9,11.5407747842439,11.75,0
122,1,16.75,0,0,16.75,0
123,1,17.75,5,0,0.00319088264353235,1
123,1,17.75,5,0.00319088264353235,0.706784696874931,1
123,1,17.75,5,0.706784696874931,2.41487465423043,1
123,1,17.75,5,2.41487465423043,5.14328712470312,1
123,1,17.75,5,5.14328712470312,6.29169172988017,1
123,1,17.75,5,6.29169172988017,17.75,0
124,1,14.75,3,0,0.385123457718334,1
124,1,14.75,3,0.385123457718334,0.950660393554751,1
124,1,14.75,3,0.950660393554751,9.70924574161331,1
124,1,14.75,3,9.70924574161331,14.75,0
125,1,10.75,0,0,10.75,0
126,1,14.75,30,0,2.85104502517202,1
126,1,14.75,30,2.85104502517202,5.36386654529082,1
126,1,14.75,30,5.36386654529082,6.88217828797092,1
126,1,14.75,30,6.88217828797092,6.89081033595051,1
126,1,14.75,30,6.89081033595051,7.13345863380788,1
126,1,14.75,30,7.13345863380788,7.96854974427964,1
126,1,14.75,30,7.96854974427964,8.10499497665158,1
126,1,14.75,30,8.10499497665158,8.76903083773022,1
126,1,14.75,30,8.76903083773022,8.79752222680693,1
126,1,14.75,30,8.79752222680693,9.61065111421257,1
126,1,14.75,30,9.61065111421257,10.5594428026718,1
126,1,14.75,30,10.5594428026718,10.648363700457,1
126,1,14.75,30,10.648363700457,10.8216674961532,1
126,1,14.75,30,10.8216674961532,10.822235591718,1
126,1,14.75,30,10.822235591718,11.1833584354715,1
126,1,14.75,30,11.1833584354715,11.5295406402624,1
126,1,14.75,30,11.5295406402624,12.1420096877867,1
126,1,14.75,30,12.1420096877867,12.2698104586797,1
126,1,14.75,30,12.2698104586797,12.3134801562667,1
126,1,14.75,30,12.3134801562667,12.5394766884348,1
126,1,14.75,30,12.5394766884348,12.9580643024145,1
126,1,14.75,30,12.9580643024145,13.5217544869349,1
126,1,14.75,30,13.5217544869349,13.7564348334807,1
126,1,14.75,30,13.7564348334807,13.7839141390724,1
126,1,14.75,30,13.7839141390724,14.0172911429083,1
126,1,14.75,30,14.0172911429083,14.3776667509528,1
126,1,14.75,30,14.3776667509528,14.4047773810976,1
126,1,14.75,30,14.4047773810976,14.4535373649783,1
126,1,14.75,30,14.4535373649783,14.4993179820909,1
126,1,14.75,30,14.4993179820909,14.5410577943793,1
126,1,14.75,30,14.5410577943793,14.75,0
127,1,15.75,4,0,0.0189267629375976,1
127,1,15.75,4,0.0189267629375976,0.933754093010235,1
127,1,15.75,4,0.933754093010235,1.21746732261819,1
127,1,15.75,4,1.21746732261819,4.80754927581299,1
127,1,15.75,4,4.80754927581299,15.75,0
128,1,15.75,53,0,0.569110452574805,1
128,1,15.75,53,0.569110452574805,0.776393465712377,1
128,1,15.75,53,0.776393465712377,3.20614644368281,1
128,1,15.75,53,3.20614644368281,5.08893151160518,1
128,1,15.75,53,5.08893151160518,5.27146164058559,1
128,1,15.75,53,5.27146164058559,5.85171919586332,1
128,1,15.75,53,5.85171919586332,6.51948255598764,1
128,1,15.75,53,6.51948255598764,6.57903215661358,1
128,1,15.75,53,6.57903215661358,6.65398202984769,1
128,1,15.75,53,6.65398202984769,6.69435524935218,1
128,1,15.75,53,6.69435524935218,6.83964949801254,1
128,1,15.75,53,6.83964949801254,7.11696946486251,1
128,1,15.75,53,7.11696946486251,7.18101093557591,1
128,1,15.75,53,7.18101093557591,7.23701397652911,1
128,1,15.75,53,7.23701397652911,7.31596135755566,1
128,1,15.75,53,7.31596135755566,7.86014892836071,1
128,1,15.75,53,7.86014892836071,8.02945836711331,1
128,1,15.75,53,8.02945836711331,8.74053297158857,1
128,1,15.75,53,8.74053297158857,9.45122166912167,1
128,1,15.75,53,9.45122166912167,9.67665506041738,1
128,1,15.75,53,9.67665506041738,10.136242669246,1
128,1,15.75,53,10.136242669246,10.5123773897626,1
128,1,15.75,53,10.5123773897626,10.6511894540055,1
128,1,15.75,53,10.6511894540055,10.8073368848024,1
128,1,15.75,53,10.8073368848024,10.8481951163118,1
128,1,15.75,53,10.8481951163118,11.0438891428661,1
128,1,15.75,53,11.0438891428661,11.0529841641596,1
128,1,15.75,53,11.0529841641596,11.1488415627249,1
128,1,15.75,53,11.1488415627249,11.4039685006899,1
128,1,15.75,53,11.4039685006899,11.4293110183116,1
128,1,15.75,53,11.4293110183116,11.6547122936767,1
128,1,15.75,53,11.6547122936767,11.6743910627768,1
128,1,15.75,53,11.6743910627768,11.7217037728326,1
128,1,15.75,53,11.7217037728326,11.9126916795004,1
128,1,15.75,53,11.9126916795004,11.9903494138386,1
128,1,15.75,53,11.9903494138386,11.9925721849801,1
128,1,15.75,53,11.9925721849801,12.2742107281764,1
128,1,15.75,53,12.2742107281764,12.4743981023558,1
128,1,15.75,53,12.4743981023558,12.681735608197,1
128,1,15.75,53,12.681735608197,13.550952683905,1
128,1,15.75,53,13.550952683905,13.8071759195789,1
128,1,15.75,53,13.8071759195789,13.8734431886437,1
128,1,15.75,53,13.8734431886437,14.0948285238007,1
128,1,15.75,53,14.0948285238007,14.2656026703195,1
128,1,15.75,53,14.2656026703195,14.2980137629701,1
128,1,15.75,53,14.2980137629701,14.3708044307806,1
128,1,15.75,53,14.3708044307806,14.9526990762696,1
128,1,15.75,53,14.9526990762696,15.158852142374,1
128,1,15.75,53,15.158852142374,15.2322585385388,1
128,1,15.75,53,15.2322585385388,15.2520582003296,1
128,1,15.75,53,15.2520582003296,15.3477280922067,1
128,1,15.75,53,15.3477280922067,15.4231402766187,1
128,1,15.75,53,15.4231402766187,15.5234106184482,1
128,1,15.75,53,15.5234106184482,15.75,0
129,1,16.75,2,0,0.00331914493610992,1
129,1,16.75,2,0.00331914493610992,0.813406421905431,1
129,1,16.75,2,0.813406421905431,16.75,0
130,1,13.75,28,0,2.04939542977842,1
130,1,13.75,28,2.04939542977842,4.09058199544022,1
130,1,13.75,28,4.09058199544022,5.66419705115822,1
130,1,13.75,28,5.66419705115822,6.95209445222762,1
130,1,13.75,28,6.95209445222762,7.15441620359385,1
130,1,13.75,28,7.15441620359385,7.93290517345318,1
130,1,13.75,28,7.93290517345318,7.96306546174583,1
130,1,13.75,28,7.96306546174583,8.15528621010036,1
130,1,13.75,28,8.15528621010036,8.54293401050295,1
130,1,13.75,28,8.54293401050295,9.25374049550578,1
130,1,13.75,28,9.25374049550578,9.30567681406666,1
130,1,13.75,28,9.30567681406666,10.0379158752512,1
130,1,13.75,28,10.0379158752512,10.0636868499155,1
130,1,13.75,28,10.0636868499155,10.1493630997577,1
130,1,13.75,28,10.1493630997577,10.7785690138696,1
130,1,13.75,28,10.7785690138696,11.500468572019,1
130,1,13.75,28,11.500468572019,11.6756948457772,1
130,1,13.75,28,11.6756948457772,11.8488229207033,1
130,1,13.75,28,11.8488229207033,12.0268990096122,1
130,1,13.75,28,12.0268990096122,12.2637066307925,1
130,1,13.75,28,12.2637066307925,12.5319260555838,1
130,1,13.75,28,12.5319260555838,12.7261157202118,1
130,1,13.75,28,12.7261157202118,13.0747922991154,1
130,1,13.75,28,13.0747922991154,13.1821519348548,1
130,1,13.75,28,13.1821519348548,13.2252208798735,1
130,1,13.75,28,13.2252208798735,13.2771494395277,1
130,1,13.75,28,13.2771494395277,13.4199255022474,1
130,1,13.75,28,13.4199255022474,13.577464849364,1
130,1,13.75,28,13.577464849364,13.75,0
131,1,15.75,41,0,1.31145760330534,1
131,1,15.75,41,1.31145760330534,4.23913139009385,1
131,1,15.75,41,4.23913139009385,6.43887070392231,1
131,1,15.75,41,6.43887070392231,6.63741916333765,1
131,1,15.75,41,6.63741916333765,6.64584586158821,1
131,1,15.75,41,6.64584586158821,6.9022281811701,1
131,1,15.75,41,6.9022281811701,7.29661856733896,1
131,1,15.75,41,7.29661856733896,7.8042558091413,1
131,1,15.75,41,7.8042558091413,7.99904301854698,1
131,1,15.75,41,7.99904301854698,8.08727939298653,1
131,1,15.75,41,8.08727939298653,8.23217048003185,1
131,1,15.75,41,8.23217048003185,8.37166163186954,1
131,1,15.75,41,8.37166163186954,8.95219073009633,1
131,1,15.75,41,8.95219073009633,9.09360199196528,1
131,1,15.75,41,9.09360199196528,9.12887258686807,1
131,1,15.75,41,9.12887258686807,10.6919367926802,1
131,1,15.75,41,10.6919367926802,10.7881189321886,1
131,1,15.75,41,10.7881189321886,11.0242495231078,1
131,1,15.75,41,11.0242495231078,11.1075739710145,1
131,1,15.75,41,11.1075739710145,11.13560503702,1
131,1,15.75,41,11.13560503702,12.1785786245485,1
131,1,15.75,41,12.1785786245485,12.5719500666453,1
131,1,15.75,41,12.5719500666453,12.6102136683233,1
131,1,15.75,41,12.6102136683233,12.7421099624855,1
131,1,15.75,41,12.7421099624855,12.7937160829712,1
131,1,15.75,41,12.7937160829712,12.8307298788202,1
131,1,15.75,41,12.8307298788202,12.8402455265577,1
131,1,15.75,41,12.8402455265577,13.3857980975968,1
131,1,15.75,41,13.3857980975968,13.9641655892373,1
131,1,15.75,41,13.9641655892373,14.0589480738928,1
131,1,15.75,41,14.0589480738928,14.6365679154974,1
131,1,15.75,41,14.6365679154974,14.6581514396557,1
131,1,15.75,41,14.6581514396557,14.9232371242322,1
131,1,15.75,41,14.9232371242322,15.1611221894253,1
131,1,15.75,41,15.1611221894253,15.1935794746483,1
131,1,15.75,41,15.1935794746483,15.3932140700702,1
131,1,15.75,41,15.3932140700702,15.4321134784494,1
131,1,15.75,41,15.4321134784494,15.504868937016,1
131,1,15.75,41,15.504868937016,15.5545045491734,1
131,1,15.75,41,15.5545045491734,15.6045259816613,1
131,1,15.75,41,15.6045259816613,15.6593807001144,1
131,1,15.75,41,15.6593807001144,15.75,0
132,1,14.75,2,0,0.753903112319988,1
132,1,14.75,2,0.753903112319988,6.31821679894516,1
132,1,14.75,2,6.31821679894516,14.75,0
133,1,19.75,50,0,2.07366456188351,1
133,1,19.75,50,2.07366456188351,4.95403909816773,1
133,1,19.75,50,4.95403909816773,7.37025359735312,1
133,1,19.75,50,7.37025359735312,7.57508590149585,1
133,1,19.75,50,7.57508590149585,8.01648600709461,1
133,1,19.75,50,8.01648600709461,8.63288089742656,1
133,1,19.75,50,8.63288089742656,9.02066129892312,1
133,1,19.75,50,9.02066129892312,9.08397360994387,1
133,1,19.75,50,9.08397360994387,9.18879808819311,1
133,1,19.75,50,9.18879808819311,9.25185467390459,1
133,1,19.75,50,9.25185467390459,9.35407059220237,1
133,1,19.75,50,9.35407059220237,9.53977827726375,1
133,1,19.75,50,9.53977827726375,9.62983055264212,1
133,1,19.75,50,9.62983055264212,9.69524585460792,1
133,1,19.75,50,9.69524585460792,10.5944297398986,1
133,1,19.75,50,10.5944297398986,11.0771006753932,1
133,1,19.75,50,11.0771006753932,11.3962362997991,1
133,1,19.75,50,11.3962362997991,12.0537834546931,1
133,1,19.75,50,12.0537834546931,12.6509710446322,1
133,1,19.75,50,12.6509710446322,13.1359859998945,1
133,1,19.75,50,13.1359859998945,13.8755249251003,1
133,1,19.75,50,13.8755249251003,14.3159104354254,1
133,1,19.75,50,14.3159104354254,14.3512250386266,1
133,1,19.75,50,14.3512250386266,14.3623603011855,1
133,1,19.75,50,14.3623603011855,14.4228772368054,1
133,1,19.75,50,14.4228772368054,14.8968062387075,1
133,1,19.75,50,14.8968062387075,15.0037421417232,1
133,1,19.75,50,15.0037421417232,15.0737495867182,1
133,1,19.75,50,15.0737495867182,16.0724046561436,1
133,1,19.75,50,16.0724046561436,16.1509455518772,1
133,1,19.75,50,16.1509455518772,16.1861813382505,1
133,1,19.75,50,16.1861813382505,16.2158781659302,1
133,1,19.75,50,16.2158781659302,16.2507869743095,1
133,1,19.75,50,16.2507869743095,16.2772202390669,1
133,1,19.75,50,16.2772202390669,17.2335456443188,1
133,1,19.75,50,17.2335456443188,17.4109734137916,1
133,1,19.75,50,17.4109734137916,17.5890761222985,1
133,1,19.75,50,17.5890761222985,17.6096112533858,1
133,1,19.75,50,17.6096112533858,17.7418943414548,1
133,1,19.75,50,17.7418943414548,17.8334239406907,1
133,1,19.75,50,17.8334239406907,18.0028979324012,1
133,1,19.75,50,18.0028979324012,18.2777119996757,1
133,1,19.75,50,18.2777119996757,18.4340661629581,1
133,1,19.75,50,18.4340661629581,18.7737521966202,1
133,1,19.75,50,18.7737521966202,18.79952025646,1
133,1,19.75,50,18.79952025646,18.8322615655578,1
133,1,19.75,50,18.8322615655578,18.8805370899412,1
133,1,19.75,50,18.8805370899412,19.3993720099163,1
133,1,19.75,50,19.3993720099163,19.4261015963006,1
133,1,19.75,50,19.4261015963006,19.4865824904408,1
133,1,19.75,50,19.4865824904408,19.75,0
134,1,17.75,36,0,3.71860242346136,1
134,1,17.75,36,3.71860242346136,5.43154668138593,1
134,1,17.75,36,5.43154668138593,5.86134177745168,1
134,1,17.75,36,5.86134177745168,6.18788615286519,1
134,1,17.75,36,6.18788615286519,6.71015913053679,1
134,1,17.75,36,6.71015913053679,7.20076416639501,1
134,1,17.75,36,7.20076416639501,7.85625149361818,1
134,1,17.75,36,7.85625149361818,7.88827866082642,1
134,1,17.75,36,7.88827866082642,8.06017676940294,1
134,1,17.75,36,8.06017676940294,8.2844729253135,1
134,1,17.75,36,8.2844729253135,8.57467897515653,1
134,1,17.75,36,8.57467897515653,9.56243005858694,1
134,1,17.75,36,9.56243005858694,9.59879022339733,1
134,1,17.75,36,9.59879022339733,9.9280022975623,1
134,1,17.75,36,9.9280022975623,11.0079758026177,1
134,1,17.75,36,11.0079758026177,11.0321186226154,1
134,1,17.75,36,11.0321186226154,11.2161868613023,1
134,1,17.75,36,11.2161868613023,11.4734601239562,1
134,1,17.75,36,11.4734601239562,12.0074180687939,1
134,1,17.75,36,12.0074180687939,12.2574362790013,1
134,1,17.75,36,12.2574362790013,12.6011272564889,1
134,1,17.75,36,12.6011272564889,13.981308361014,1
134,1,17.75,36,13.981308361014,14.1045090618068,1
134,1,17.75,36,14.1045090618068,14.3757248019966,1
134,1,17.75,36,14.3757248019966,14.4760677088289,1
134,1,17.75,36,14.4760677088289,14.7816120251826,1
134,1,17.75,36,14.7816120251826,14.7892723546352,1
134,1,17.75,36,14.7892723546352,15.3561693457307,1
134,1,17.75,36,15.3561693457307,15.3906414385087,1
134,1,17.75,36,15.3906414385087,15.968809124119,1
134,1,17.75,36,15.968809124119,16.303911912742,1
134,1,17.75,36,16.303911912742,16.3875264480463,1
134,1,17.75,36,16.3875264480463,16.5864593447188,1
134,1,17.75,36,16.5864593447188,17.5562251462097,1
134,1,17.75,36,17.5562251462097,17.667845900514,1
134,1,17.75,36,17.667845900514,17.7315523551492,1
134,1,17.75,36,17.7315523551492,17.75,0
135,1,13.75,36,0,2.97960966974891,1
135,1,13.75,36,2.97960966974891,4.13467065563282,1
135,1,13.75,36,4.13467065563282,4.58895671127371,1
135,1,13.75,36,4.58895671127371,4.64182916832142,1
135,1,13.75,36,4.64182916832142,5.49553546685855,1
135,1,13.75,36,5.49553546685855,5.64301569208812,1
135,1,13.75,36,5.64301569208812,5.81561408497948,1
135,1,13.75,36,5.81561408497948,6.06888027983768,1
135,1,13.75,36,6.06888027983768,6.18820362369096,1
135,1,13.75,36,6.18820362369096,6.87105327851809,1
135,1,13.75,36,6.87105327851809,6.87172288274392,1
135,1,13.75,36,6.87172288274392,7.5105067671034,1
135,1,13.75,36,7.5105067671034,7.53632799754128,1
135,1,13.75,36,7.53632799754128,7.72944687210133,1
135,1,13.75,36,7.72944687210133,8.0537622039923,1
135,1,13.75,36,8.0537622039923,8.0726365399472,1
135,1,13.75,36,8.0726365399472,8.39960454041262,1
135,1,13.75,36,8.39960454041262,8.75714793964249,1
135,1,13.75,36,8.75714793964249,9.16241360708294,1
135,1,13.75,36,9.16241360708294,9.81240898958111,1
135,1,13.75,36,9.81240898958111,10.0895141062931,1
135,1,13.75,36,10.0895141062931,10.1838647183497,1
135,1,13.75,36,10.1838647183497,11.0781144558535,1
135,1,13.75,36,11.0781144558535,11.2447759736915,1
135,1,13.75,36,11.2447759736915,11.2583322231748,1
135,1,13.75,36,11.2583322231748,11.4097481877131,1
135,1,13.75,36,11.4097481877131,11.4419721377372,1
135,1,13.75,36,11.4419721377372,11.5542064402373,1
135,1,13.75,36,11.5542064402373,11.8101888325281,1
135,1,13.75,36,11.8101888325281,11.8374761204684,1
135,1,13.75,36,11.8374761204684,11.891856612669,1
135,1,13.75,36,11.891856612669,12.073831106834,1
135,1,13.75,36,12.073831106834,12.4814470957777,1
135,1,13.75,36,12.4814470957777,12.7218705345939,1
135,1,13.75,36,12.7218705345939,13.3083527469561,1
135,1,13.75,36,13.3083527469561,13.5403283401898,1
135,1,13.75,36,13.5403283401898,13.75,0
136,1,11.75,20,0,3.61088145917926,1
136,1,11.75,20,3.61088145917926,4.66472124814763,1
136,1,11.75,20,4.66472124814763,5.02330979841933,1
136,1,11.75,20,5.02330979841933,5.37671803279284,1
136,1,11.75,20,5.37671803279284,7.68964836072731,1
136,1,11.75,20,7.68964836072731,7.99532823353781,1
136,1,11.75,20,7.99532823353781,8.21869169106907,1
136,1,11.75,20,8.21869169106907,8.22966985944808,1
136,1,11.75,20,8.22966985944808,8.23020331527192,1
136,1,11.75,20,8.23020331527192,8.48347872554791,1
136,1,11.75,20,8.48347872554791,8.83519966179146,1
136,1,11.75,20,8.83519966179146,8.87379075865856,1
136,1,11.75,20,8.87379075865856,9.29066399039375,1
136,1,11.75,20,9.29066399039375,9.4615121686142,1
136,1,11.75,20,9.4615121686142,10.2533186363231,1
136,1,11.75,20,10.2533186363231,10.2969829932551,1
136,1,11.75,20,10.2969829932551,10.3087648753602,1
136,1,11.75,20,10.3087648753602,11.0471382778092,1
136,1,11.75,20,11.0471382778092,11.1335882205795,1
136,1,11.75,20,11.1335882205795,11.4313108436743,1
136,1,11.75,20,11.4313108436743,11.75,0
137,1,11.75,13,0,5.85505795372507,1
137,1,11.75,13,5.85505795372507,7.0999445282468,1
137,1,11.75,13,7.0999445282468,7.5188649915723,1
137,1,11.75,13,7.5188649915723,8.21068090271477,1
137,1,11.75,13,8.21068090271477,8.41669275033965,1
137,1,11.75,13,8.41669275033965,8.87026099502216,1
137,1,11.75,13,8.87026099502216,9.14299228524319,1
137,1,11.75,13,9.14299228524319,9.33034736357796,1
137,1,11.75,13,9.33034736357796,9.93401915365745,1
137,1,11.75,13,9.93401915365745,10.1312975203996,1
137,1,11.75,13,10.1312975203996,10.758108811705,1
137,1,11.75,13,10.758108811705,11.6452889099433,1
137,1,11.75,13,11.6452889099433,11.7045699847537,1
137,1,11.75,13,11.7045699847537,11.75,0
138,1,17.75,43,0,1.99906614115209,1
138,1,17.75,43,1.99906614115209,3.20034181318866,1
138,1,17.75,43,3.20034181318866,4.23073305383187,1
138,1,17.75,43,4.23073305383187,4.86923558329273,1
138,1,17.75,43,4.86923558329273,7.5237025593978,1
138,1,17.75,43,7.5237025593978,8.406611684413,1
138,1,17.75,43,8.406611684413,9.78825850773417,1
138,1,17.75,43,9.78825850773417,10.0986325393159,1
138,1,17.75,43,10.0986325393159,10.264600444504,1
138,1,17.75,43,10.264600444504,10.4348311320501,1
138,1,17.75,43,10.4348311320501,10.4604638333164,1
138,1,17.75,43,10.4604638333164,11.071219532002,1
138,1,17.75,43,11.071219532002,11.2905059880956,1
138,1,17.75,43,11.2905059880956,11.3953667647583,1
138,1,17.75,43,11.3953667647583,11.8839845905316,1
138,1,17.75,43,11.8839845905316,12.0030634696801,1
138,1,17.75,43,12.0030634696801,12.1613358490926,1
138,1,17.75,43,12.1613358490926,12.5398127817826,1
138,1,17.75,43,12.5398127817826,13.1484353562073,1
138,1,17.75,43,13.1484353562073,13.3378023693943,1
138,1,17.75,43,13.3378023693943,13.9454039499425,1
138,1,17.75,43,13.9454039499425,13.9962982683152,1
138,1,17.75,43,13.9962982683152,14.0073425480305,1
138,1,17.75,43,14.0073425480305,14.091907903403,1
138,1,17.75,43,14.091907903403,14.4968630714702,1
138,1,17.75,43,14.4968630714702,14.7028929413709,1
138,1,17.75,43,14.7028929413709,14.8774296646239,1
138,1,17.75,43,14.8774296646239,15.1489148309269,1
138,1,17.75,43,15.1489148309269,15.3567204971807,1
138,1,17.75,43,15.3567204971807,15.5197427304873,1
138,1,17.75,43,15.5197427304873,15.6371508331033,1
138,1,17.75,43,15.6371508331033,15.8557332657925,1
138,1,17.75,43,15.8557332657925,16.2494272887523,1
138,1,17.75,43,16.2494272887523,16.6492969384538,1
138,1,17.75,43,16.6492969384538,16.7221893866052,1
138,1,17.75,43,16.7221893866052,16.8353692243386,1
138,1,17.75,43,16.8353692243386,17.1533369127561,1
138,1,17.75,43,17.1533369127561,17.1935338009054,1
138,1,17.75,43,17.1935338009054,17.2727813468496,1
138,1,17.75,43,17.2727813468496,17.3481517196197,1
138,1,17.75,43,17.3481517196197,17.4060047015459,1
138,1,17.75,43,17.4060047015459,17.5153057858144,1
138,1,17.75,43,17.5153057858144,17.5926868712694,1
138,1,17.75,43,17.5926868712694,17.75,0
139,1,13.75,46,0,3.14134987485073,1
139,1,13.75,46,3.14134987485073,3.73045364524483,1
139,1,13.75,46,3.73045364524483,4.13113180991053,1
139,1,13.75,46,4.13113180991053,4.69280037550853,1
139,1,13.75,46,4.69280037550853,4.69303905474512,1
139,1,13.75,46,4.69303905474512,4.7883741146866,1
139,1,13.75,46,4.7883741146866,5.12920399581372,1
139,1,13.75,46,5.12920399581372,6.3567199651064,1
139,1,13.75,46,6.3567199651064,6.62397333336002,1
139,1,13.75,46,6.62397333336002,6.93304883505738,1
139,1,13.75,46,6.93304883505738,7.35034984204201,1
139,1,13.75,46,7.35034984204201,7.48660958793133,1
139,1,13.75,46,7.48660958793133,7.68516083866492,1
139,1,13.75,46,7.68516083866492,7.9419904818137,1
139,1,13.75,46,7.9419904818137,8.26985379185819,1
139,1,13.75,46,8.26985379185819,8.29715288169327,1
139,1,13.75,46,8.29715288169327,8.37777673629245,1
139,1,13.75,46,8.37777673629245,8.37957084929516,1
139,1,13.75,46,8.37957084929516,8.65152821017917,1
139,1,13.75,46,8.65152821017917,8.65328569975342,1
139,1,13.75,46,8.65328569975342,8.99966395937846,1
139,1,13.75,46,8.99966395937846,9.6187615864881,1
139,1,13.75,46,9.6187615864881,10.1405715411102,1
139,1,13.75,46,10.1405715411102,10.5479600996453,1
139,1,13.75,46,10.5479600996453,10.6596576106512,1
139,1,13.75,46,10.6596576106512,10.7600943562485,1
139,1,13.75,46,10.7600943562485,11.1199127682909,1
139,1,13.75,46,11.1199127682909,11.1568500626464,1
139,1,13.75,46,11.1568500626464,11.3589421469288,1
139,1,13.75,46,11.3589421469288,11.4124857569729,1
139,1,13.75,46,11.4124857569729,11.4654802058553,1
139,1,13.75,46,11.4654802058553,11.5073829233324,1
139,1,13.75,46,11.5073829233324,11.7250460143161,1
139,1,13.75,46,11.7250460143161,11.7700894999635,1
139,1,13.75,46,11.7700894999635,11.7712438714396,1
139,1,13.75,46,11.7712438714396,11.8704784773739,1
139,1,13.75,46,11.8704784773739,11.8915395340094,1
139,1,13.75,46,11.8915395340094,11.899774648283,1
139,1,13.75,46,11.899774648283,11.9621502260337,1
139,1,13.75,46,11.9621502260337,12.1700171123377,1
139,1,13.75,46,12.1700171123377,12.434203835121,1
139,1,13.75,46,12.434203835121,12.5436595162735,1
139,1,13.75,46,12.5436595162735,12.5807084332257,1
139,1,13.75,46,12.5807084332257,12.896355153664,1
139,1,13.75,46,12.896355153664,13.3435004716707,1
139,1,13.75,46,13.3435004716707,13.5526704000434,1
139,1,13.75,46,13.5526704000434,13.75,0
140,1,16.75,5,0,1.59879692545602,1
140,1,16.75,5,1.59879692545602,2.58632901115203,1
140,1,16.75,5,2.58632901115203,4.87687544757634,1
140,1,16.75,5,4.87687544757634,11.0127268198032,1
140,1,16.75,5,11.0127268198032,13.9545252337964,1
140,1,16.75,5,13.9545252337964,16.75,0
141,1,14.75,2,0,1.93064523205298,1
141,1,14.75,2,1.93064523205298,7.16619894394799,1
141,1,14.75,2,7.16619894394799,14.75,0
142,1,8.75,1,0,0.0282844068273524,1
142,1,8.75,1,0.0282844068273524,8.75,0
143,1,19.75,55,0,2.10530504949449,1
143,1,19.75,55,2.10530504949449,4.22848953707747,1
143,1,19.75,55,4.22848953707747,4.91785490326353,1
143,1,19.75,55,4.91785490326353,6.95367668802787,1
143,1,19.75,55,6.95367668802787,8.11395768208105,1
143,1,19.75,55,8.11395768208105,8.37954082584008,1
143,1,19.75,55,8.37954082584008,8.65447414339806,1
143,1,19.75,55,8.65447414339806,8.70556057196193,1
143,1,19.75,55,8.70556057196193,9.08266099516522,1
143,1,19.75,55,9.08266099516522,9.11037492633075,1
143,1,19.75,55,9.11037492633075,9.16119984085766,1
143,1,19.75,55,9.16119984085766,9.30711023669914,1
143,1,19.75,55,9.30711023669914,10.3099329350546,1
143,1,19.75,55,10.3099329350546,10.6382990402926,1
143,1,19.75,55,10.6382990402926,10.7780815211494,1
143,1,19.75,55,10.7780815211494,11.1287781185855,1
143,1,19.75,55,11.1287781185855,11.3997218138227,1
143,1,19.75,55,11.3997218138227,12.4111832875961,1
143,1,19.75,55,12.4111832875961,12.880308042538,1
143,1,19.75,55,12.880308042538,12.8818030348933,1
143,1,19.75,55,12.8818030348933,13.0385751896916,1
143,1,19.75,55,13.0385751896916,13.3050578017832,1
143,1,19.75,55,13.3050578017832,13.3911655494473,1
143,1,19.75,55,13.3911655494473,13.4292916225279,1
143,1,19.75,55,13.4292916225279,13.4688564991158,1
143,1,19.75,55,13.4688564991158,14.1494485396007,1
143,1,19.75,55,14.1494485396007,14.6988560320392,1
143,1,19.75,55,14.6988560320392,14.8042061183036,1
143,1,19.75,55,14.8042061183036,14.8405514393861,1
143,1,19.75,55,14.8405514393861,14.9768480180451,1
143,1,19.75,55,14.9768480180451,14.9817933869794,1
143,1,19.75,55,14.9817933869794,15.4157866814504,1
143,1,19.75,55,15.4157866814504,16.1004697951813,1
143,1,19.75,55,16.1004697951813,16.4167243848442,1
143,1,19.75,55,16.4167243848442,16.4797578526658,1
143,1,19.75,55,16.4797578526658,16.6203662742417,1
143,1,19.75,55,16.6203662742417,16.6904317784492,1
143,1,19.75,55,16.6904317784492,16.7899858928083,1
143,1,19.75,55,16.7899858928083,16.9810516487353,1
143,1,19.75,55,16.9810516487353,16.9959149011602,1
143,1,19.75,55,16.9959149011602,17.2898074112068,1
143,1,19.75,55,17.2898074112068,17.3639637317678,1
143,1,19.75,55,17.3639637317678,17.5777901438257,1
143,1,19.75,55,17.5777901438257,17.708996297729,1
143,1,19.75,55,17.708996297729,17.7653576164931,1
143,1,19.75,55,17.7653576164931,17.7687857446098,1
143,1,19.75,55,17.7687857446098,17.8863646893232,1
143,1,19.75,55,17.8863646893232,17.8953897176259,1
143,1,19.75,55,17.8953897176259,18.388490324816,1
143,1,19.75,55,18.388490324816,18.5511268081545,1
143,1,19.75,55,18.5511268081545,18.5747068644645,1
143,1,19.75,55,18.5747068644645,18.8838061866387,1
143,1,19.75,55,18.8838061866387,19.0711614293612,1
143,1,19.75,55,19.0711614293612,19.3819749359621,1
143,1,19.75,55,19.3819749359621,19.5255271313892,1
143,1,19.75,55,19.5255271313892,19.75,0
144,1,12.75,1,0,4.73140921172237,1
144,1,12.75,1,4.73140921172237,12.75,0
145,1,11.75,6,0,5.62482934801229,1
145,1,11.75,6,5.62482934801229,8.57492859847042,1
145,1,11.75,6,8.57492859847042,8.6835783168517,1
145,1,11.75,6,8.6835783168517,8.91603280003569,1
145,1,11.75,6,8.91603280003569,9.23498430804734,1
145,1,11.75,6,9.23498430804734,10.2229226565531,1
145,1,11.75,6,10.2229226565531,11.75,0
146,1,17.75,52,0,2.2064559906484,1
146,1,17.75,52,2.2064559906484,4.07028348484073,1
146,1,17.75,52,4.07028348484073,4.28619538843951,1
146,1,17.75,52,4.28619538843951,4.83872629729522,1
146,1,17.75,52,4.83872629729522,5.58035055653395,1
146,1,17.75,52,5.58035055653395,6.62916295155179,1
146,1,17.75,52,6.62916295155179,7.13734455830776,1
146,1,17.75,52,7.13734455830776,7.14241606726549,1
146,1,17.75,52,7.14241606726549,7.66516751121421,1
146,1,17.75,52,7.66516751121421,7.73958444559059,1
146,1,17.75,52,7.73958444559059,7.90035737355862,1
146,1,17.75,52,7.90035737355862,8.21598258066083,1
146,1,17.75,52,8.21598258066083,8.37130530404887,1
146,1,17.75,52,8.37130530404887,9.66705800353626,1
146,1,17.75,52,9.66705800353626,9.99989847160986,1
146,1,17.75,52,9.99989847160986,10.2415322559651,1
146,1,17.75,52,10.2415322559651,10.5310022310101,1
146,1,17.75,52,10.5310022310101,10.5832692536414,1
146,1,17.75,52,10.5832692536414,10.7824799809904,1
146,1,17.75,52,10.7824799809904,11.0764635270987,1
146,1,17.75,52,11.0764635270987,11.53471360095,1
146,1,17.75,52,11.53471360095,11.5970941892149,1
146,1,17.75,52,11.5970941892149,11.8886944591558,1
146,1,17.75,52,11.8886944591558,11.8920945022746,1
146,1,17.75,52,11.8920945022746,12.9010433606001,1
146,1,17.75,52,12.9010433606001,13.0396370124549,1
146,1,17.75,52,13.0396370124549,13.5960860054782,1
146,1,17.75,52,13.5960860054782,13.7229394415354,1
146,1,17.75,52,13.7229394415354,13.9618920196028,1
146,1,17.75,52,13.9618920196028,13.9738492853473,1
146,1,17.75,52,13.9738492853473,14.0488448910572,1
146,1,17.75,52,14.0488448910572,14.2771588525939,1
146,1,17.75,52,14.2771588525939,14.4983651158495,1
146,1,17.75,52,14.4983651158495,14.5090864690326,1
146,1,17.75,52,14.5090864690326,14.746009822482,1
146,1,17.75,52,14.746009822482,14.9809639689076,1
146,1,17.75,52,14.9809639689076,15.0120112821898,1
146,1,17.75,52,15.0120112821898,15.1125740796418,1
146,1,17.75,52,15.1125740796418,15.7724779403769,1
146,1,17.75,52,15.7724779403769,15.7782348409151,1
146,1,17.75,52,15.7782348409151,15.8945350220015,1
146,1,17.75,52,15.8945350220015,16.1277189629182,1
146,1,17.75,52,16.1277189629182,16.3877417529885,1
146,1,17.75,52,16.3877417529885,16.7081503603848,1
146,1,17.75,52,16.7081503603848,16.871425375932,1
146,1,17.75,52,16.871425375932,16.9930860241025,1
146,1,17.75,52,16.9930860241025,16.9933922160501,1
146,1,17.75,52,16.9933922160501,17.0045708874289,1
146,1,17.75,52,17.0045708874289,17.1733735308433,1
146,1,17.75,52,17.1733735308433,17.246010957604,1
146,1,17.75,52,17.246010957604,17.306156189739,1
146,1,17.75,52,17.306156189739,17.6734433627844,1
146,1,17.75,52,17.6734433627844,17.75,0
147,1,19.75,24,0,5.77698835835176,1
147,1,19.75,24,5.77698835835176,6.84091524244857,1
147,1,19.75,24,6.84091524244857,7.0764312608671,1
147,1,19.75,24,7.0764312608671,7.89987444629713,1
147,1,19.75,24,7.89987444629713,10.9153259999763,1
147,1,19.75,24,10.9153259999763,12.9191418705405,1
147,1,19.75,24,12.9191418705405,13.3260528278315,1
147,1,19.75,24,13.3260528278315,13.8681287402577,1
147,1,19.75,24,13.8681287402577,14.0805045498462,1
147,1,19.75,24,14.0805045498462,14.387370102574,1
147,1,19.75,24,14.387370102574,14.414745570999,1
147,1,19.75,24,14.414745570999,15.6604140087476,1
147,1,19.75,24,15.6604140087476,16.15149900991,1
147,1,19.75,24,16.15149900991,16.5527348137053,1
147,1,19.75,24,16.5527348137053,16.8147301644835,1
147,1,19.75,24,16.8147301644835,17.1541014161012,1
147,1,19.75,24,17.1541014161012,17.4124574179575,1
147,1,19.75,24,17.4124574179575,17.9204439986283,1
147,1,19.75,24,17.9204439986283,18.138638372978,1
147,1,19.75,24,18.138638372978,18.1696846375897,1
147,1,19.75,24,18.1696846375897,18.19694801046,1
147,1,19.75,24,18.19694801046,18.5292338988083,1
147,1,19.75,24,18.5292338988083,19.2172329368737,1
147,1,19.75,24,19.2172329368737,19.478813424171,1
147,1,19.75,24,19.478813424171,19.75,0
148,1,19.75,1,0,0.914595697082969,1
148,1,19.75,1,0.914595697082969,19.75,0
149,1,18.75,105,0,2.64420787455191,1
149,1,18.75,105,2.64420787455191,2.77287399915898,1
149,1,18.75,105,2.77287399915898,2.88997309796896,1
149,1,18.75,105,2.88997309796896,2.93444626837416,1
149,1,18.75,105,2.93444626837416,4.15582251963015,1
149,1,18.75,105,4.15582251963015,4.57817963578722,1
149,1,18.75,105,4.57817963578722,4.94473742710193,1
149,1,18.75,105,4.94473742710193,5.01952154165661,1
149,1,18.75,105,5.01952154165661,5.40973168434563,1
149,1,18.75,105,5.40973168434563,5.52642783554626,1
149,1,18.75,105,5.52642783554626,5.55107907711545,1
149,1,18.75,105,5.55107907711545,6.06975640378781,1
149,1,18.75,105,6.06975640378781,6.55614750342917,1
149,1,18.75,105,6.55614750342917,6.772171815544,1
149,1,18.75,105,6.772171815544,6.85669431612581,1
149,1,18.75,105,6.85669431612581,7.28466334144266,1
149,1,18.75,105,7.28466334144266,7.36701632601036,1
149,1,18.75,105,7.36701632601036,7.63101609417628,1
149,1,18.75,105,7.63101609417628,8.15534615986356,1
149,1,18.75,105,8.15534615986356,8.96554904837523,1
149,1,18.75,105,8.96554904837523,9.67002666554802,1
149,1,18.75,105,9.67002666554802,9.74288280567897,1
149,1,18.75,105,9.74288280567897,9.74432754739356,1
149,1,18.75,105,9.74432754739356,9.98403701705599,1
149,1,18.75,105,9.98403701705599,10.3805926244896,1
149,1,18.75,105,10.3805926244896,10.4923773384873,1
149,1,18.75,105,10.4923773384873,10.5716371156684,1
149,1,18.75,105,10.5716371156684,10.5839026545984,1
149,1,18.75,105,10.5839026545984,10.92723426827,1
149,1,18.75,105,10.92723426827,11.0378494819653,1
149,1,18.75,105,11.0378494819653,11.0392098671804,1
149,1,18.75,105,11.0392098671804,11.1442300249724,1
149,1,18.75,105,11.1442300249724,11.2279252670631,1
149,1,18.75,105,11.2279252670631,11.2818302228539,1
149,1,18.75,105,11.2818302228539,11.5173904336293,1
149,1,18.75,105,11.5173904336293,11.5245228496781,1
149,1,18.75,105,11.5245228496781,11.7011764783364,1
149,1,18.75,105,11.7011764783364,11.7355567851722,1
149,1,18.75,105,11.7355567851722,12.0680571793511,1
149,1,18.75,105,12.0680571793511,12.1740852154639,1
149,1,18.75,105,12.1740852154639,12.2462524165828,1
149,1,18.75,105,12.2462524165828,12.2838407947105,1
149,1,18.75,105,12.2838407947105,12.3134039901337,1
149,1,18.75,105,12.3134039901337,12.419955757267,1
149,1,18.75,105,12.419955757267,12.5347968019251,1
149,1,18.75,105,12.5347968019251,12.6276690552576,1
149,1,18.75,105,12.6276690552576,12.6954061423477,1
149,1,18.75,105,12.6954061423477,13.0851069104431,1
149,1,18.75,105,13.0851069104431,13.1669070166824,1
149,1,18.75,105,13.1669070166824,13.5642142388858,1
149,1,18.75,105,13.5642142388858,13.598228451266,1
149,1,18.75,105,13.598228451266,13.8354570507871,1
149,1,18.75,105,13.8354570507871,13.9385019833135,1
149,1,18.75,105,13.9385019833135,13.9581053837455,1
149,1,18.75,105,13.9581053837455,14.0656567945139,1
149,1,18.75,105,14.0656567945139,14.192660836025,1
149,1,18.75,105,14.192660836025,14.5974773312747,1
149,1,18.75,105,14.5974773312747,14.6462886730773,1
149,1,18.75,105,14.6462886730773,14.6837311256744,1
149,1,18.75,105,14.6837311256744,14.7057897353954,1
149,1,18.75,105,14.7057897353954,14.7332426775591,1
149,1,18.75,105,14.7332426775591,14.7902433934996,1
149,1,18.75,105,14.7902433934996,14.8559920359777,1
149,1,18.75,105,14.8559920359777,14.9617119777933,1
149,1,18.75,105,14.9617119777933,14.9617129675141,1
149,1,18.75,105,14.9617129675141,15.0991930486916,1
149,1,18.75,105,15.0991930486916,15.2786711728788,1
149,1,18.75,105,15.2786711728788,15.2805453672,1
149,1,18.75,105,15.2805453672,15.3980538428925,1
149,1,18.75,105,15.3980538428925,15.8090739688032,1
149,1,18.75,105,15.8090739688032,15.8328951046682,1
149,1,18.75,105,15.8328951046682,16.0031448434826,1
149,1,18.75,105,16.0031448434826,16.0728730394244,1
149,1,18.75,105,16.0728730394244,16.0842453216261,1
149,1,18.75,105,16.0842453216261,16.1535712846687,1
149,1,18.75,105,16.1535712846687,16.1671812035067,1
149,1,18.75,105,16.1671812035067,16.2941687539353,1
149,1,18.75,105,16.2941687539353,16.2966542428399,1
149,1,18.75,105,16.2966542428399,16.413300076092,1
149,1,18.75,105,16.413300076092,16.6578137145579,1
149,1,18.75,105,16.6578137145579,16.6583038935491,1
149,1,18.75,105,16.6583038935491,16.7011220860705,1
149,1,18.75,105,16.7011220860705,17.0335450846315,1
149,1,18.75,105,17.0335450846315,17.1082074699529,1
149,1,18.75,105,17.1082074699529,17.1448959322162,1
149,1,18.75,105,17.1448959322162,17.177757093032,1
149,1,18.75,105,17.177757093032,17.2135671198091,1
149,1,18.75,105,17.2135671198091,17.3604620674207,1
149,1,18.75,105,17.3604620674207,17.4114724135036,1
149,1,18.75,105,17.4114724135036,17.4274493477148,1
149,1,18.75,105,17.4274493477148,17.4743444984893,1
149,1,18.75,105,17.4743444984893,17.5456612418288,1
149,1,18.75,105,17.5456612418288,17.5466475450014,1
149,1,18.75,105,17.5466475450014,17.5779882108986,1
149,1,18.75,105,17.5779882108986,17.735060004714,1
149,1,18.75,105,17.735060004714,17.8723497506645,1
149,1,18.75,105,17.8723497506645,17.9003641452325,1
149,1,18.75,105,17.9003641452325,17.9302599746741,1
149,1,18.75,105,17.9302599746741,18.0635391575169,1
149,1,18.75,105,18.0635391575169,18.1374525717845,1
149,1,18.75,105,18.1374525717845,18.2413265632133,1
149,1,18.75,105,18.2413265632133,18.2423300754113,1
149,1,18.75,105,18.2423300754113,18.3661358964272,1
149,1,18.75,105,18.3661358964272,18.7338744605824,1
149,1,18.75,105,18.7338744605824,18.7394859572575,1
149,1,18.75,105,18.7394859572575,18.75,0
150,1,18.75,2,0,3.70751698469613,1
150,1,18.75,2,3.70751698469613,12.4700614555067,1
150,1,18.75,2,12.4700614555067,18.75,0
151,1,12.75,18,0,1.37875288250533,1
151,1,12.75,18,1.37875288250533,4.10623486816283,1
151,1,12.75,18,4.10623486816283,6.23082539391797,1
151,1,12.75,18,6.23082539391797,6.81997795173297,1
151,1,12.75,18,6.81997795173297,7.62308850133407,1
151,1,12.75,18,7.62308850133407,8.4080736421958,1
151,1,12.75,18,8.4080736421958,8.97766523109438,1
151,1,12.75,18,8.97766523109438,10.4889883543808,1
151,1,12.75,18,10.4889883543808,10.6073010531869,1
151,1,12.75,18,10.6073010531869,10.6909359840314,1
151,1,12.75,18,10.6909359840314,11.1014530232433,1
151,1,12.75,18,11.1014530232433,11.1550758934633,1
151,1,12.75,18,11.1550758934633,11.3097216733467,1
151,1,12.75,18,11.3097216733467,11.4842750743974,1
151,1,12.75,18,11.4842750743974,11.513003295225,1
151,1,12.75,18,11.513003295225,11.5362033929286,1
151,1,12.75,18,11.5362033929286,12.2239083501093,1
151,1,12.75,18,12.2239083501093,12.3957609692491,1
151,1,12.75,18,12.3957609692491,12.75,0
152,1,16.75,2,0,0.651774079306943,1
152,1,16.75,2,0.651774079306943,5.83138435973768,1
152,1,16.75,2,5.83138435973768,16.75,0
153,1,18.75,2,0,13.0566028162705,1
153,1,18.75,2,13.0566028162705,17.7736617378571,1
153,1,18.75,2,17.7736617378571,18.75,0
154,1,8.75,8,0,1.89836895520803,1
154,1,8.75,8,1.89836895520803,5.12756456198368,1
154,1,8.75,8,5.12756456198368,5.44045837576225,1
154,1,8.75,8,5.44045837576225,6.43704743605647,1
154,1,8.75,8,6.43704743605647,7.34630723793546,1
154,1,8.75,8,7.34630723793546,7.8113428206234,1
154,1,8.75,8,7.8113428206234,8.11504308423346,1
154,1,8.75,8,8.11504308423346,8.66289873277322,1
154,1,8.75,8,8.66289873277322,8.75,0
155,1,14.75,35,0,5.63860436613064,1
155,1,14.75,35,5.63860436613064,5.704849918009,1
155,1,14.75,35,5.704849918009,6.14738694670656,1
155,1,14.75,35,6.14738694670656,6.17702602454327,1
155,1,14.75,35,6.17702602454327,6.43126801037371,1
155,1,14.75,35,6.43126801037371,6.60804333462132,1
155,1,14.75,35,6.60804333462132,7.35524505148733,1
155,1,14.75,35,7.35524505148733,7.8157652057603,1
155,1,14.75,35,7.8157652057603,8.04733217208239,1
155,1,14.75,35,8.04733217208239,8.07252015739258,1
155,1,14.75,35,8.07252015739258,8.29879054580326,1
155,1,14.75,35,8.29879054580326,8.79462744129547,1
155,1,14.75,35,8.79462744129547,8.8950905517693,1
155,1,14.75,35,8.8950905517693,9.63728451031823,1
155,1,14.75,35,9.63728451031823,9.7495890241207,1
155,1,14.75,35,9.7495890241207,10.0601954099061,1
155,1,14.75,35,10.0601954099061,10.2956534489837,1
155,1,14.75,35,10.2956534489837,10.9139590249521,1
155,1,14.75,35,10.9139590249521,11.2667057219678,1
155,1,14.75,35,11.2667057219678,11.8762788303655,1
155,1,14.75,35,11.8762788303655,11.916811794301,1
155,1,14.75,35,11.916811794301,12.1071953430783,1
155,1,14.75,35,12.1071953430783,12.7621627316257,1
155,1,14.75,35,12.7621627316257,12.9403915689523,1
155,1,14.75,35,12.9403915689523,13.1451008105928,1
155,1,14.75,35,13.1451008105928,13.2138022195007,1
155,1,14.75,35,13.2138022195007,13.4652870017991,1
155,1,14.75,35,13.4652870017991,13.5292807620205,1
155,1,14.75,35,13.5292807620205,13.8882942905354,1
155,1,14.75,35,13.8882942905354,14.0005360931727,1
155,1,14.75,35,14.0005360931727,14.076177818479,1
155,1,14.75,35,14.076177818479,14.1967118497729,1
155,1,14.75,35,14.1967118497729,14.3253927978475,1
155,1,14.75,35,14.3253927978475,14.6296799999496,1
155,1,14.75,35,14.6296799999496,14.7194147468839,1
155,1,14.75,35,14.7194147468839,14.75,0
156,1,8.75,2,0,0.19434358889145,1
156,1,8.75,2,0.19434358889145,1.12330656872732,1
156,1,8.75,2,1.12330656872732,8.75,0
157,1,8.75,10,0,3.86288213614556,1
157,1,8.75,10,3.86288213614556,4.60161509784519,1
157,1,8.75,10,4.60161509784519,4.80752321299123,1
157,1,8.75,10,4.80752321299123,5.57624947423104,1
157,1,8.75,10,5.57624947423104,5.89076724867387,1
157,1,8.75,10,5.89076724867387,6.13313881327972,1
157,1,8.75,10,6.13313881327972,6.74269062272813,1
157,1,8.75,10,6.74269062272813,6.7657552418992,1
157,1,8.75,10,6.7657552418992,7.50432545688752,1
157,1,8.75,10,7.50432545688752,7.94546799297745,1
157,1,8.75,10,7.94546799297745,8.75,0
158,1,16.75,40,0,3.84845533835778,1
158,1,16.75,40,3.84845533835778,4.51529863517897,1
158,1,16.75,40,4.51529863517897,5.26236822989614,1
158,1,16.75,40,5.26236822989614,6.64160844603417,1
158,1,16.75,40,6.64160844603417,6.73604172873295,1
158,1,16.75,40,6.73604172873295,6.85309760295356,1
158,1,16.75,40,6.85309760295356,6.9045434098671,1
158,1,16.75,40,6.9045434098671,7.28272822111032,1
158,1,16.75,40,7.28272822111032,7.36889847456718,1
158,1,16.75,40,7.36889847456718,7.69938395691438,1
158,1,16.75,40,7.69938395691438,8.16963522838329,1
158,1,16.75,40,8.16963522838329,8.97215042151291,1
158,1,16.75,40,8.97215042151291,9.40635552566179,1
158,1,16.75,40,9.40635552566179,9.82295681728137,1
158,1,16.75,40,9.82295681728137,10.0932888174957,1
158,1,16.75,40,10.0932888174957,10.3375616659427,1
158,1,16.75,40,10.3375616659427,10.4546361406934,1
158,1,16.75,40,10.4546361406934,11.5340866486704,1
158,1,16.75,40,11.5340866486704,11.5621614378499,1
158,1,16.75,40,11.5621614378499,12.0904668316584,1
158,1,16.75,40,12.0904668316584,12.1181357107832,1
158,1,16.75,40,12.1181357107832,12.6880388462237,1
158,1,16.75,40,12.6880388462237,13.0980630857847,1
158,1,16.75,40,13.0980630857847,13.1875747064953,1
158,1,16.75,40,13.1875747064953,13.3600637663995,1
158,1,16.75,40,13.3600637663995,13.4657268126673,1
158,1,16.75,40,13.4657268126673,13.9404835048076,1
158,1,16.75,40,13.9404835048076,14.552044704694,1
158,1,16.75,40,14.552044704694,14.5836814478849,1
158,1,16.75,40,14.5836814478849,14.6010682446791,1
158,1,16.75,40,14.6010682446791,14.8785904780849,1
158,1,16.75,40,14.8785904780849,15.0096372829285,1
158,1,16.75,40,15.0096372829285,15.1175390182985,1
158,1,16.75,40,15.1175390182985,15.534220247999,1
158,1,16.75,40,15.534220247999,15.6801864594065,1
158,1,16.75,40,15.6801864594065,15.8638153959249,1
158,1,16.75,40,15.8638153959249,16.1361025621468,1
158,1,16.75,40,16.1361025621468,16.4834456953406,1
158,1,16.75,40,16.4834456953406,16.4974260825895,1
158,1,16.75,40,16.4974260825895,16.6066823374615,1
158,1,16.75,40,16.6066823374615,16.75,0
159,1,15.75,15,0,3.04081454806638,1
159,1,15.75,15,3.04081454806638,8.99148288413849,1
159,1,15.75,15,8.99148288413849,9.08954090528736,1
159,1,15.75,15,9.08954090528736,9.98308310696374,1
159,1,15.75,15,9.98308310696374,10.5952864927076,1
159,1,15.75,15,10.5952864927076,12.4687759344986,1
159,1,15.75,15,12.4687759344986,12.867720670118,1
159,1,15.75,15,12.867720670118,13.0643280352566,1
159,1,15.75,15,13.0643280352566,13.9224047892741,1
159,1,15.75,15,13.9224047892741,14.0558158176813,1
159,1,15.75,15,14.0558158176813,14.2310888491274,1
159,1,15.75,15,14.2310888491274,14.6697052801154,1
159,1,15.75,15,14.6697052801154,14.7089158343641,1
159,1,15.75,15,14.7089158343641,14.9859824274689,1
159,1,15.75,15,14.9859824274689,15.2002367368358,1
159,1,15.75,15,15.2002367368358,15.75,0
160,1,12.75,3,0,1.75755933197564,1
160,1,12.75,3,1.75755933197564,4.28822704664392,1
160,1,12.75,3,4.28822704664392,7.7661696184378,1
160,1,12.75,3,7.7661696184378,12.75,0
161,1,11.75,2,0,0.521824064873525,1
161,1,11.75,2,0.521824064873525,3.37852856909963,1
161,1,11.75,2,3.37852856909963,11.75,0
162,1,18.75,1,0,7.12095601208439,1
162,1,18.75,1,7.12095601208439,18.75,0
163,1,18.75,57,0,3.38629512939216,1
163,1,18.75,57,3.38629512939216,4.57654520472562,1
163,1,18.75,57,4.57654520472562,4.86770880181774,1
163,1,18.75,57,4.86770880181774,5.11149598751467,1
163,1,18.75,57,5.11149598751467,5.63299752096551,1
163,1,18.75,57,5.63299752096551,6.27225548822001,1
163,1,18.75,57,6.27225548822001,6.41472349840348,1
163,1,18.75,57,6.41472349840348,7.03242982417577,1
163,1,18.75,57,7.03242982417577,8.33992227037659,1
163,1,18.75,57,8.33992227037659,8.35804834162372,1
163,1,18.75,57,8.35804834162372,8.72003142946924,1
163,1,18.75,57,8.72003142946924,10.1282403835379,1
163,1,18.75,57,10.1282403835379,10.3914347546451,1
163,1,18.75,57,10.3914347546451,10.4041992671941,1
163,1,18.75,57,10.4041992671941,10.6527794963967,1
163,1,18.75,57,10.6527794963967,10.9312081023504,1
163,1,18.75,57,10.9312081023504,11.1419607184746,1
163,1,18.75,57,11.1419607184746,11.2265317696307,1
163,1,18.75,57,11.2265317696307,12.1134100856963,1
163,1,18.75,57,12.1134100856963,12.1607188821455,1
163,1,18.75,57,12.1607188821455,12.1657867602184,1
163,1,18.75,57,12.1657867602184,12.2281890671203,1
163,1,18.75,57,12.2281890671203,12.2362594285528,1
163,1,18.75,57,12.2362594285528,12.425035371829,1
163,1,18.75,57,12.425035371829,13.2383965596383,1
163,1,18.75,57,13.2383965596383,13.3362883590152,1
163,1,18.75,57,13.3362883590152,13.4117222485677,1
163,1,18.75,57,13.4117222485677,13.6557900542054,1
163,1,18.75,57,13.6557900542054,13.7302129869731,1
163,1,18.75,57,13.7302129869731,14.568271718123,1
163,1,18.75,57,14.568271718123,14.5729497274515,1
163,1,18.75,57,14.5729497274515,14.7171258112536,1
163,1,18.75,57,14.7171258112536,14.7356157882992,1
163,1,18.75,57,14.7356157882992,14.7369721573781,1
163,1,18.75,57,14.7369721573781,14.8092610590907,1
163,1,18.75,57,14.8092610590907,14.8315662522858,1
163,1,18.75,57,14.8315662522858,14.9300375020354,1
163,1,18.75,57,14.9300375020354,14.9676214307305,1
163,1,18.75,57,14.9676214307305,15.441931658936,1
163,1,18.75,57,15.441931658936,15.6793989747238,1
163,1,18.75,57,15.6793989747238,15.8298696101199,1
163,1,18.75,57,15.8298696101199,16.181155384129,1
163,1,18.75,57,16.181155384129,16.7190877179169,1
163,1,18.75,57,16.7190877179169,16.9050956033362,1
163,1,18.75,57,16.9050956033362,17.2380618488706,1
163,1,18.75,57,17.2380618488706,17.4597072720427,1
163,1,18.75,57,17.4597072720427,17.8094384399426,1
163,1,18.75,57,17.8094384399426,17.9431985384331,1
163,1,18.75,57,17.9431985384331,17.9839965570218,1
163,1,18.75,57,17.9839965570218,18.0246072696295,1
163,1,18.75,57,18.0246072696295,18.1288372957348,1
163,1,18.75,57,18.1288372957348,18.3474296368599,1
163,1,18.75,57,18.3474296368599,18.3494699823352,1
163,1,18.75,57,18.3494699823352,18.3668649386713,1
163,1,18.75,57,18.3668649386713,18.5634242476099,1
163,1,18.75,57,18.5634242476099,18.6459987505185,1
163,1,18.75,57,18.6459987505185,18.6986912241539,1
163,1,18.75,57,18.6986912241539,18.75,0
164,1,10.75,22,0,3.04494302245792,1
164,1,10.75,22,3.04494302245792,3.73883483048479,1
164,1,10.75,22,3.73883483048479,4.05940537976001,1
164,1,10.75,22,4.05940537976001,4.50779311753941,1
164,1,10.75,22,4.50779311753941,4.61155250159778,1
164,1,10.75,22,4.61155250159778,5.12260307252028,1
164,1,10.75,22,5.12260307252028,5.32077534421632,1
164,1,10.75,22,5.32077534421632,6.16061252269163,1
164,1,10.75,22,6.16061252269163,6.7221943129733,1
164,1,10.75,22,6.7221943129733,6.78088414942064,1
164,1,10.75,22,6.78088414942064,7.16816096255685,1
164,1,10.75,22,7.16816096255685,7.81800326171825,1
164,1,10.75,22,7.81800326171825,7.84140335998578,1
164,1,10.75,22,7.84140335998578,8.69470302544639,1
164,1,10.75,22,8.69470302544639,8.74379943770428,1
164,1,10.75,22,8.74379943770428,8.78471594037095,1
164,1,10.75,22,8.78471594037095,8.84873133623789,1
164,1,10.75,22,8.84873133623789,8.99378725812317,1
164,1,10.75,22,8.99378725812317,9.00346337912793,1
164,1,10.75,22,9.00346337912793,9.19126103176401,1
164,1,10.75,22,9.19126103176401,9.70943095537026,1
164,1,10.75,22,9.70943095537026,10.4612068020062,1
164,1,10.75,22,10.4612068020062,10.75,0
165,1,14.75,10,0,5.31591799272074,1
165,1,14.75,10,5.31591799272074,9.39116502833097,1
165,1,14.75,10,9.39116502833097,10.0873098699469,1
165,1,14.75,10,10.0873098699469,10.2575280877857,1
165,1,14.75,10,10.2575280877857,10.3331444304373,1
165,1,14.75,10,10.3331444304373,12.1241861534399,1
165,1,14.75,10,12.1241861534399,12.7785867168524,1
165,1,14.75,10,12.7785867168524,13.3540826311303,1
165,1,14.75,10,13.3540826311303,13.8203151405517,1
165,1,14.75,10,13.8203151405517,14.652350674991,1
165,1,14.75,10,14.652350674991,14.75,0
166,1,17.75,0,0,17.75,0
167,1,11.75,0,0,11.75,0
168,1,10.75,2,0,1.10596728771846,1
168,1,10.75,2,1.10596728771846,7.8301905430558,1
168,1,10.75,2,7.8301905430558,10.75,0
169,1,17.75,41,0,0.332756900058648,1
169,1,17.75,41,0.332756900058648,4.19929998866231,1
169,1,17.75,41,4.19929998866231,5.54430769412687,1
169,1,17.75,41,5.54430769412687,5.72516361988961,1
169,1,17.75,41,5.72516361988961,8.19714829876784,1
169,1,17.75,41,8.19714829876784,8.38723608232327,1
169,1,17.75,41,8.38723608232327,8.68768727093228,1
169,1,17.75,41,8.68768727093228,8.91870526441831,1
169,1,17.75,41,8.91870526441831,8.95192663907813,1
169,1,17.75,41,8.95192663907813,9.36225215432725,1
169,1,17.75,41,9.36225215432725,9.80051063812977,1
169,1,17.75,41,9.80051063812977,9.85126760788239,1
169,1,17.75,41,9.85126760788239,10.2330480400662,1
169,1,17.75,41,10.2330480400662,11.1535005663834,1
169,1,17.75,41,11.1535005663834,11.2226757349171,1
169,1,17.75,41,11.2226757349171,11.8016187725298,1
169,1,17.75,41,11.8016187725298,12.3619498591715,1
169,1,17.75,41,12.3619498591715,12.6038609692852,1
169,1,17.75,41,12.6038609692852,12.6514649596634,1
169,1,17.75,41,12.6514649596634,12.7719375236837,1
169,1,17.75,41,12.7719375236837,12.9512882322193,1
169,1,17.75,41,12.9512882322193,13.4962950794737,1
169,1,17.75,41,13.4962950794737,13.8832006459376,1
169,1,17.75,41,13.8832006459376,14.131800192685,1
169,1,17.75,41,14.131800192685,14.3773365877239,1
169,1,17.75,41,14.3773365877239,14.6084314264466,1
169,1,17.75,41,14.6084314264466,14.6320287040856,1
169,1,17.75,41,14.6320287040856,14.8933064787008,1
169,1,17.75,41,14.8933064787008,15.4886153713611,1
169,1,17.75,41,15.4886153713611,15.5207447698277,1
169,1,17.75,41,15.5207447698277,15.8646852168985,1
169,1,17.75,41,15.8646852168985,16.1673262519897,1
169,1,17.75,41,16.1673262519897,16.2545475341889,1
169,1,17.75,41,16.2545475341889,16.3959021349727,1
169,1,17.75,41,16.3959021349727,16.5089021319741,1
169,1,17.75,41,16.5089021319741,16.5766760568735,1
169,1,17.75,41,16.5766760568735,16.591641548453,1
169,1,17.75,41,16.591641548453,17.0427434135976,1
169,1,17.75,41,17.0427434135976,17.1604655970188,1
169,1,17.75,41,17.1604655970188,17.4037846442438,1
169,1,17.75,41,17.4037846442438,17.689836358546,1
169,1,17.75,41,17.689836358546,17.75,0
170,1,15.75,0,0,15.75,0
171,1,17.75,1,0,1.65608153606334,1
171,1,17.75,1,1.65608153606334,17.75,0
172,1,18.75,0,0,18.75,0
173,1,17.75,1,0,2.72277737254741,1
173,1,17.75,1,2.72277737254741,17.75,0
174,1,10.75,2,0,1.27729876934256,1
174,1,10.75,2,1.27729876934256,3.96026749102564,1
174,1,10.75,2,3.96026749102564,10.75,0
175,1,13.75,28,0,4.80128331605918,1
175,1,13.75,28,4.80128331605918,4.9363501444936,1
175,1,13.75,28,4.9363501444936,5.46543285933245,1
175,1,13.75,28,5.46543285933245,5.8779889149882,1
175,1,13.75,28,5.8779889149882,6.06677811063778,1
175,1,13.75,28,6.06677811063778,6.87013712010354,1
175,1,13.75,28,6.87013712010354,7.22285984358215,1
175,1,13.75,28,7.22285984358215,8.31948203873202,1
175,1,13.75,28,8.31948203873202,8.33151550394303,1
175,1,13.75,28,8.33151550394303,8.49266095264371,1
175,1,13.75,28,8.49266095264371,8.89765555648481,1
175,1,13.75,28,8.89765555648481,9.06473623325947,1
175,1,13.75,28,9.06473623325947,9.31208490481145,1
175,1,13.75,28,9.31208490481145,9.86896164243838,1
175,1,13.75,28,9.86896164243838,10.0060330520421,1
175,1,13.75,28,10.0060330520421,10.1365777172498,1
175,1,13.75,28,10.1365777172498,10.1591306297231,1
175,1,13.75,28,10.1591306297231,10.4195376445371,1
175,1,13.75,28,10.4195376445371,10.6014626950769,1
175,1,13.75,28,10.6014626950769,10.7788141045897,1
175,1,13.75,28,10.7788141045897,11.3073879846467,1
175,1,13.75,28,11.3073879846467,11.5012966132989,1
175,1,13.75,28,11.5012966132989,11.7318523532373,1
175,1,13.75,28,11.7318523532373,12.26982540351,1
175,1,13.75,28,12.26982540351,12.4901811623971,1
175,1,13.75,28,12.4901811623971,12.7341245407013,1
175,1,13.75,28,12.7341245407013,13.3653249006795,1
175,1,13.75,28,13.3653249006795,13.525991092885,1
175,1,13.75,28,13.525991092885,13.75,0
176,1,16.75,1,0,0.0218798428917362,1
176,1,16.75,1,0.0218798428917362,16.75,0
177,1,14.75,3,0,2.8091174045604,1
177,1,14.75,3,2.8091174045604,5.219574539264,1
177,1,14.75,3,5.219574539264,14.5916203391126,1
177,1,14.75,3,14.5916203391126,14.75,0
178,1,14.75,1,0,10.5372527386902,1
178,1,14.75,1,10.5372527386902,14.75,0
179,1,13.75,29,0,6.97851577757073,1
179,1,13.75,29,6.97851577757073,7.27768644564682,1
179,1,13.75,29,7.27768644564682,7.93324487592127,1
179,1,13.75,29,7.93324487592127,8.30936199294296,1
179,1,13.75,29,8.30936199294296,8.39349319338514,1
179,1,13.75,29,8.39349319338514,8.49637664422098,1
179,1,13.75,29,8.49637664422098,9.13708511684127,1
179,1,13.75,29,9.13708511684127,9.16910139026,1
179,1,13.75,29,9.16910139026,9.29128745128925,1
179,1,13.75,29,9.29128745128925,9.29425622258564,1
179,1,13.75,29,9.29425622258564,9.74802840351735,1
179,1,13.75,29,9.74802840351735,9.95593980262672,1
179,1,13.75,29,9.95593980262672,10.1681064979205,1
179,1,13.75,29,10.1681064979205,10.2626925018986,1
179,1,13.75,29,10.2626925018986,10.3570325755832,1
179,1,13.75,29,10.3570325755832,10.5634424019652,1
179,1,13.75,29,10.5634424019652,10.6324508876488,1
179,1,13.75,29,10.6324508876488,10.7834787107755,1
179,1,13.75,29,10.7834787107755,11.4674316711391,1
179,1,13.75,29,11.4674316711391,11.7893384013214,1
179,1,13.75,29,11.7893384013214,12.6155826196425,1
179,1,13.75,29,12.6155826196425,12.7167845667767,1
179,1,13.75,29,12.7167845667767,12.8133559678782,1
179,1,13.75,29,12.8133559678782,12.9697495105336,1
179,1,13.75,29,12.9697495105336,13.067266698227,1
179,1,13.75,29,13.067266698227,13.24630549777,1
179,1,13.75,29,13.24630549777,13.4191745414414,1
179,1,13.75,29,13.4191745414414,13.4643227860545,1
179,1,13.75,29,13.4643227860545,13.4975801011312,1
179,1,13.75,29,13.4975801011312,13.75,0
180,1,11.75,4,0,0.606447698077218,1
180,1,11.75,4,0.606447698077218,3.4768466176442,1
180,1,11.75,4,3.4768466176442,6.70123510861131,1
180,1,11.75,4,6.70123510861131,9.2522753406617,1
180,1,11.75,4,9.2522753406617,11.75,0
181,1,20.75,74,0,2.90016933129959,1
181,1,20.75,74,2.90016933129959,4.51319774551815,1
181,1,20.75,74,4.51319774551815,4.8237332920432,1
181,1,20.75,74,4.8237332920432,5.49333839465956,1
181,1,20.75,74,5.49333839465956,5.68741178876248,1
181,1,20.75,74,5.68741178876248,7.19037694087411,1
181,1,20.75,74,7.19037694087411,7.21913871343905,1
181,1,20.75,74,7.21913871343905,7.38452657947737,1
181,1,20.75,74,7.38452657947737,7.57147070799533,1
181,1,20.75,74,7.57147070799533,7.64597081937778,1
181,1,20.75,74,7.64597081937778,8.01868067188683,1
181,1,20.75,74,8.01868067188683,8.08634044134832,1
181,1,20.75,74,8.08634044134832,8.09131376371857,1
181,1,20.75,74,8.09131376371857,8.99838200038567,1
181,1,20.75,74,8.99838200038567,9.24810765860702,1
181,1,20.75,74,9.24810765860702,10.1040505266376,1
181,1,20.75,74,10.1040505266376,10.2774315604888,1
181,1,20.75,74,10.2774315604888,10.4498985312786,1
181,1,20.75,74,10.4498985312786,11.3724805645968,1
181,1,20.75,74,11.3724805645968,11.7442281903064,1
181,1,20.75,74,11.7442281903064,12.3330372900949,1
181,1,20.75,74,12.3330372900949,12.4139998050564,1
181,1,20.75,74,12.4139998050564,12.6073719239555,1
181,1,20.75,74,12.6073719239555,12.6253091251228,1
181,1,20.75,74,12.6253091251228,12.7255894937749,1
181,1,20.75,74,12.7255894937749,12.8229432274293,1
181,1,20.75,74,12.8229432274293,13.2363477687558,1
181,1,20.75,74,13.2363477687558,13.3284459876808,1
181,1,20.75,74,13.3284459876808,13.3580553782001,1
181,1,20.75,74,13.3580553782001,13.5595939336128,1
181,1,20.75,74,13.5595939336128,13.6387924096111,1
181,1,20.75,74,13.6387924096111,13.9804799362217,1
181,1,20.75,74,13.9804799362217,14.1189594743009,1
181,1,20.75,74,14.1189594743009,14.250607095432,1
181,1,20.75,74,14.250607095432,14.4085465827759,1
181,1,20.75,74,14.4085465827759,14.4093073130002,1
181,1,20.75,74,14.4093073130002,14.4727646582232,1
181,1,20.75,74,14.4727646582232,14.6272214343252,1
181,1,20.75,74,14.6272214343252,14.6353106065585,1
181,1,20.75,74,14.6353106065585,14.6973536110289,1
181,1,20.75,74,14.6973536110289,14.8132915128097,1
181,1,20.75,74,14.8132915128097,15.1777290957814,1
181,1,20.75,74,15.1777290957814,15.4567200061927,1
181,1,20.75,74,15.4567200061927,15.4629003348598,1
181,1,20.75,74,15.4629003348598,15.484456116855,1
181,1,20.75,74,15.484456116855,15.5768361788638,1
181,1,20.75,74,15.5768361788638,15.6675811594163,1
181,1,20.75,74,15.6675811594163,15.7762833113794,1
181,1,20.75,74,15.7762833113794,15.8072385913982,1
181,1,20.75,74,15.8072385913982,16.3658693822445,1
181,1,20.75,74,16.3658693822445,16.6992182381023,1
181,1,20.75,74,16.6992182381023,17.1008213668082,1
181,1,20.75,74,17.1008213668082,17.1897849134181,1
181,1,20.75,74,17.1897849134181,17.4362292851306,1
181,1,20.75,74,17.4362292851306,17.4836463746588,1
181,1,20.75,74,17.4836463746588,17.5666924930471,1
181,1,20.75,74,17.5666924930471,17.6947702841695,1
181,1,20.75,74,17.6947702841695,17.8866183597778,1
181,1,20.75,74,17.8866183597778,17.9763032646766,1
181,1,20.75,74,17.9763032646766,18.0036181257388,1
181,1,20.75,74,18.0036181257388,18.0829917574549,1
181,1,20.75,74,18.0829917574549,18.1549097846552,1
181,1,20.75,74,18.1549097846552,18.3058818433791,1
181,1,20.75,74,18.3058818433791,18.382407275886,1
181,1,20.75,74,18.382407275886,18.7436477992497,1
181,1,20.75,74,18.7436477992497,18.8534263253854,1
181,1,20.75,74,18.8534263253854,19.1569182837763,1
181,1,20.75,74,19.1569182837763,19.2094178805109,1
181,1,20.75,74,19.2094178805109,19.3548746494007,1
181,1,20.75,74,19.3548746494007,19.9545561640765,1
181,1,20.75,74,19.9545561640765,20.1198217438907,1
181,1,20.75,74,20.1198217438907,20.1459177060207,1
181,1,20.75,74,20.1459177060207,20.3255837908887,1
181,1,20.75,74,20.3255837908887,20.6679548678073,1
181,1,20.75,74,20.6679548678073,20.75,0
182,1,16.75,47,0,3.99490191012137,1
182,1,16.75,47,3.99490191012137,4.06925806320129,1
182,1,16.75,47,4.06925806320129,4.70631210152183,1
182,1,16.75,47,4.70631210152183,5.5488874503509,1
182,1,16.75,47,5.5488874503509,5.75931443170807,1
182,1,16.75,47,5.75931443170807,6.19747331860712,1
182,1,16.75,47,6.19747331860712,6.26480629327175,1
182,1,16.75,47,6.26480629327175,7.39038529591756,1
182,1,16.75,47,7.39038529591756,7.62731137803705,1
182,1,16.75,47,7.62731137803705,8.00493520373896,1
182,1,16.75,47,8.00493520373896,8.38269097781561,1
182,1,16.75,47,8.38269097781561,9.20045180222052,1
182,1,16.75,47,9.20045180222052,9.4910416386397,1
182,1,16.75,47,9.4910416386397,9.63359570539599,1
182,1,16.75,47,9.63359570539599,10.20578224545,1
182,1,16.75,47,10.20578224545,10.4625804199151,1
182,1,16.75,47,10.4625804199151,10.7198285737419,1
182,1,16.75,47,10.7198285737419,10.9888814290476,1
182,1,16.75,47,10.9888814290476,11.3104903032418,1
182,1,16.75,47,11.3104903032418,11.6792494119966,1
182,1,16.75,47,11.6792494119966,13.3029049832881,1
182,1,16.75,47,13.3029049832881,13.4010062273699,1
182,1,16.75,47,13.4010062273699,13.4256786097256,1
182,1,16.75,47,13.4256786097256,13.4413402030568,1
182,1,16.75,47,13.4413402030568,13.4663983268548,1
182,1,16.75,47,13.4663983268548,13.6622107733411,1
182,1,16.75,47,13.6622107733411,13.7002878442736,1
182,1,16.75,47,13.7002878442736,14.083056431578,1
182,1,16.75,47,14.083056431578,14.1296036292544,1
182,1,16.75,47,14.1296036292544,14.3103354178073,1
182,1,16.75,47,14.3103354178073,14.4486617268949,1
182,1,16.75,47,14.4486617268949,14.5648766487929,1
182,1,16.75,47,14.5648766487929,14.7020698335093,1
182,1,16.75,47,14.7020698335093,14.8043457496341,1
182,1,16.75,47,14.8043457496341,14.9689760243126,1
182,1,16.75,47,14.9689760243126,15.2178033066171,1
182,1,16.75,47,15.2178033066171,15.3285227957709,1
182,1,16.75,47,15.3285227957709,15.4070531669867,1
182,1,16.75,47,15.4070531669867,15.8582704303687,1
182,1,16.75,47,15.8582704303687,15.8969160923618,1
182,1,16.75,47,15.8969160923618,16.2214036906511,1
182,1,16.75,47,16.2214036906511,16.2706315092457,1
182,1,16.75,47,16.2706315092457,16.4712173094662,1
182,1,16.75,47,16.4712173094662,16.5045050017567,1
182,1,16.75,47,16.5045050017567,16.5271180146283,1
182,1,16.75,47,16.5271180146283,16.5817866896859,1
182,1,16.75,47,16.5817866896859,16.719738891721,1
182,1,16.75,47,16.719738891721,16.75,0
183,1,17.75,1,0,6.97549820417828,1
183,1,17.75,1,6.97549820417828,17.75,0
184,1,19.75,52,0,4.72595285327052,1
184,1,19.75,52,4.72595285327052,5.16432140110032,1
184,1,19.75,52,5.16432140110032,6.02356130547952,1
184,1,19.75,52,6.02356130547952,6.45790430446088,1
184,1,19.75,52,6.45790430446088,6.68340146501819,1
184,1,19.75,52,6.68340146501819,7.29976730832029,1
184,1,19.75,52,7.29976730832029,7.87977209745628,1
184,1,19.75,52,7.87977209745628,7.88785189203336,1
184,1,19.75,52,7.88785189203336,9.43497652409381,1
184,1,19.75,52,9.43497652409381,9.68755158381258,1
184,1,19.75,52,9.68755158381258,9.86124860223907,1
184,1,19.75,52,9.86124860223907,10.0763080619879,1
184,1,19.75,52,10.0763080619879,10.1417944190632,1
184,1,19.75,52,10.1417944190632,10.4788927319073,1
184,1,19.75,52,10.4788927319073,10.4826508926489,1
184,1,19.75,52,10.4826508926489,10.5808455682448,1
184,1,19.75,52,10.5808455682448,10.9043284075857,1
184,1,19.75,52,10.9043284075857,10.9339240597996,1
184,1,19.75,52,10.9339240597996,11.5469879263112,1
184,1,19.75,52,11.5469879263112,11.6047945888928,1
184,1,19.75,52,11.6047945888928,11.8533664809982,1
184,1,19.75,52,11.8533664809982,12.0752735898007,1
184,1,19.75,52,12.0752735898007,12.9278629666438,1
184,1,19.75,52,12.9278629666438,13.3013804279212,1
184,1,19.75,52,13.3013804279212,13.3440124763095,1
184,1,19.75,52,13.3440124763095,14.287809437709,1
184,1,19.75,52,14.287809437709,14.494386278768,1
184,1,19.75,52,14.494386278768,15.1397509019097,1
184,1,19.75,52,15.1397509019097,15.1611424880467,1
184,1,19.75,52,15.1611424880467,15.2462020129225,1
184,1,19.75,52,15.2462020129225,15.3014883300327,1
184,1,19.75,52,15.3014883300327,15.6051989879853,1
184,1,19.75,52,15.6051989879853,15.7299859635454,1
184,1,19.75,52,15.7299859635454,15.9541886481943,1
184,1,19.75,52,15.9541886481943,16.3996462674023,1
184,1,19.75,52,16.3996462674023,17.032471710949,1
184,1,19.75,52,17.032471710949,17.0697805533971,1
184,1,19.75,52,17.0697805533971,17.1604807632512,1
184,1,19.75,52,17.1604807632512,18.2731909920987,1
184,1,19.75,52,18.2731909920987,18.276581863721,1
184,1,19.75,52,18.276581863721,18.3827854881992,1
184,1,19.75,52,18.3827854881992,18.5151306734054,1
184,1,19.75,52,18.5151306734054,18.7124416940457,1
184,1,19.75,52,18.7124416940457,18.7589875875517,1
184,1,19.75,52,18.7589875875517,18.7704908335233,1
184,1,19.75,52,18.7704908335233,18.7919711297971,1
184,1,19.75,52,18.7919711297971,18.9175463324235,1
184,1,19.75,52,18.9175463324235,18.9321489866005,1
184,1,19.75,52,18.9321489866005,19.0605695463408,1
184,1,19.75,52,19.0605695463408,19.2228243129433,1
184,1,19.75,52,19.2228243129433,19.7275471128097,1
184,1,19.75,52,19.7275471128097,19.7329956331854,1
184,1,19.75,52,19.7329956331854,19.75,0
185,1,15.75,2,0,1.54246075191339,1
185,1,15.75,2,1.54246075191339,14.1554577821397,1
185,1,15.75,2,14.1554577821397,15.75,0
186,1,15.75,1,0,0.721385908748581,1
186,1,15.75,1,0.721385908748581,15.75,0
187,1,11.75,3,0,0.00160434402281862,1
187,1,11.75,3,0.00160434402281862,0.089732303457532,1
187,1,11.75,3,0.089732303457532,6.3996038004105,1
187,1,11.75,3,6.3996038004105,11.75,0
188,1,10.75,1,0,0.458480031216109,1
188,1,10.75,1,0.458480031216109,10.75,0
189,1,13.75,0,0,13.75,0
190,1,17.75,3,0,7.1777206340014,1
190,1,17.75,3,7.1777206340014,8.05496098843551,1
190,1,17.75,3,8.05496098843551,10.4930370555737,1
190,1,17.75,3,10.4930370555737,17.75,0
191,1,15.75,1,0,4.78635786134153,1
191,1,15.75,1,4.78635786134153,15.75,0
192,1,14.75,52,0,2.03191758567862,1
192,1,14.75,52,2.03191758567862,2.73403181296017,1
192,1,14.75,52,2.73403181296017,3.37259090525063,1
192,1,14.75,52,3.37259090525063,3.49305099339183,1
192,1,14.75,52,3.49305099339183,4.10693441154983,1
192,1,14.75,52,4.10693441154983,4.19325563257797,1
192,1,14.75,52,4.19325563257797,4.26757331954186,1
192,1,14.75,52,4.26757331954186,4.72706550508513,1
192,1,14.75,52,4.72706550508513,6.26341700624533,1
192,1,14.75,52,6.26341700624533,6.408563218911,1
192,1,14.75,52,6.408563218911,7.70081735532951,1
192,1,14.75,52,7.70081735532951,7.81742029700009,1
192,1,14.75,52,7.81742029700009,8.04457504515052,1
192,1,14.75,52,8.04457504515052,8.10232694920107,1
192,1,14.75,52,8.10232694920107,8.225104525981,1
192,1,14.75,52,8.225104525981,8.61485618325606,1
192,1,14.75,52,8.61485618325606,9.74961214522197,1
192,1,14.75,52,9.74961214522197,9.93988386866311,1
192,1,14.75,52,9.93988386866311,10.0287453272368,1
192,1,14.75,52,10.0287453272368,10.2751643808593,1
192,1,14.75,52,10.2751643808593,10.3183246612912,1
192,1,14.75,52,10.3183246612912,10.3864973658387,1
192,1,14.75,52,10.3864973658387,10.7921244668827,1
192,1,14.75,52,10.7921244668827,10.9382762471492,1
192,1,14.75,52,10.9382762471492,11.1458420579024,1
192,1,14.75,52,11.1458420579024,11.3985165589923,1
192,1,14.75,52,11.3985165589923,11.5369307172634,1
192,1,14.75,52,11.5369307172634,11.9336651470597,1
192,1,14.75,52,11.9336651470597,12.0591278320593,1
192,1,14.75,52,12.0591278320593,12.1658711763551,1
192,1,14.75,52,12.1658711763551,12.2224124519371,1
192,1,14.75,52,12.2224124519371,12.2670644888898,1
192,1,14.75,52,12.2670644888898,12.6012340442379,1
192,1,14.75,52,12.6012340442379,12.7225917312956,1
192,1,14.75,52,12.7225917312956,12.8021264813643,1
192,1,14.75,52,12.8021264813643,13.0176274355461,1
192,1,14.75,52,13.0176274355461,13.1478443963061,1
192,1,14.75,52,13.1478443963061,13.164751272641,1
192,1,14.75,52,13.164751272641,13.1929181149802,1
192,1,14.75,52,13.1929181149802,13.3539201036763,1
192,1,14.75,52,13.3539201036763,13.358936215057,1
192,1,14.75,52,13.358936215057,13.4921454667315,1
192,1,14.75,52,13.4921454667315,13.6821078885581,1
192,1,14.75,52,13.6821078885581,13.7390503739367,1
192,1,14.75,52,13.7390503739367,13.7821299414244,1
192,1,14.75,52,13.7821299414244,13.8394405651187,1
192,1,14.75,52,13.8394405651187,14.0223974756037,1
192,1,14.75,52,14.0223974756037,14.0361236878349,1
192,1,14.75,52,14.0361236878349,14.1583483106215,1
192,1,14.75,52,14.1583483106215,14.1885098723207,1
192,1,14.75,52,14.1885098723207,14.2604619609667,1
192,1,14.75,52,14.2604619609667,14.6035328352307,1
192,1,14.75,52,14.6035328352307,14.75,0
193,1,12.75,21,0,2.31842398855415,1
193,1,12.75,21,2.31842398855415,2.88311397319873,1
193,1,12.75,21,2.88311397319873,3.49917044255515,1
193,1,12.75,21,3.49917044255515,7.04736912775277,1
193,1,12.75,21,7.04736912775277,7.32762918083458,1
193,1,12.75,21,7.32762918083458,7.34269524404599,1
193,1,12.75,21,7.34269524404599,7.34435938940462,1
193,1,12.75,21,7.34435938940462,7.49326772931828,1
193,1,12.75,21,7.49326772931828,8.35178068503455,1
193,1,12.75,21,8.35178068503455,9.35016520108112,1
193,1,12.75,21,9.35016520108112,10.4397999507238,1
193,1,12.75,21,10.4397999507238,10.5650156583454,1
193,1,12.75,21,10.5650156583454,10.7180509408849,1
193,1,12.75,21,10.7180509408849,11.2922911751239,1
193,1,12.75,21,11.2922911751239,11.4618088363965,1
193,1,12.75,21,11.4618088363965,12.1146320444563,1
193,1,12.75,21,12.1146320444563,12.2162413527799,1
193,1,12.75,21,12.2162413527799,12.2461203308696,1
193,1,12.75,21,12.2461203308696,12.599865783739,1
193,1,12.75,21,12.599865783739,12.6170679894769,1
193,1,12.75,21,12.6170679894769,12.6376316454705,1
193,1,12.75,21,12.6376316454705,12.75,0
194,1,9.75,6,0,0.162026888808218,1
194,1,9.75,6,0.162026888808218,0.581086540371359,1
194,1,9.75,6,0.581086540371359,0.752481060668893,1
194,1,9.75,6,0.752481060668893,1.11102440813565,1
194,1,9.75,6,1.11102440813565,2.16016076772998,1
194,1,9.75,6,2.16016076772998,2.58138813663595,1
194,1,9.75,6,2.58138813663595,9.75,0
195,1,14.75,95,0,3.09742546839669,1
195,1,14.75,95,3.09742546839669,3.11932721076263,1
195,1,14.75,95,3.11932721076263,3.5576468862037,1
195,1,14.75,95,3.5576468862037,4.26213664598186,1
195,1,14.75,95,4.26213664598186,4.41881171509399,1
195,1,14.75,95,4.41881171509399,5.32715909037578,1
195,1,14.75,95,5.32715909037578,5.73464796039369,1
195,1,14.75,95,5.73464796039369,5.76159365564736,1
195,1,14.75,95,5.76159365564736,5.84227422212781,1
195,1,14.75,95,5.84227422212781,6.01745883809886,1
195,1,14.75,95,6.01745883809886,6.16416797323015,1
195,1,14.75,95,6.16416797323015,6.41402312357012,1
195,1,14.75,95,6.41402312357012,6.59476816844666,1
195,1,14.75,95,6.59476816844666,6.74151472224094,1
195,1,14.75,95,6.74151472224094,6.92093491808047,1
195,1,14.75,95,6.92093491808047,7.01074072125365,1
195,1,14.75,95,7.01074072125365,7.13337008284635,1
195,1,14.75,95,7.13337008284635,7.24496102117491,1
195,1,14.75,95,7.24496102117491,7.24891447628186,1
195,1,14.75,95,7.24891447628186,7.85392245279373,1
195,1,14.75,95,7.85392245279373,8.02698096300846,1
195,1,14.75,95,8.02698096300846,8.11603525350625,1
195,1,14.75,95,8.11603525350625,8.37019095456492,1
195,1,14.75,95,8.37019095456492,8.38859226366772,1
195,1,14.75,95,8.38859226366772,8.5147482022981,1
195,1,14.75,95,8.5147482022981,8.54282762393018,1
195,1,14.75,95,8.54282762393018,8.55191032269562,1
195,1,14.75,95,8.55191032269562,8.57844247416053,1
195,1,14.75,95,8.57844247416053,8.59302313866336,1
195,1,14.75,95,8.59302313866336,8.63804267696362,1
195,1,14.75,95,8.63804267696362,8.84863568756147,1
195,1,14.75,95,8.84863568756147,8.99371839125261,1
195,1,14.75,95,8.99371839125261,9.00870598331591,1
195,1,14.75,95,9.00870598331591,9.12418814591516,1
195,1,14.75,95,9.12418814591516,9.26432750123206,1
195,1,14.75,95,9.26432750123206,9.29322379910439,1
195,1,14.75,95,9.29322379910439,9.32521880654906,1
195,1,14.75,95,9.32521880654906,9.60374644611314,1
195,1,14.75,95,9.60374644611314,9.65834676271447,1
195,1,14.75,95,9.65834676271447,9.76161505957479,1
195,1,14.75,95,9.76161505957479,9.88033435215803,1
195,1,14.75,95,9.88033435215803,10.0828489599256,1
195,1,14.75,95,10.0828489599256,10.1732464912591,1
195,1,14.75,95,10.1732464912591,10.4773279316239,1
195,1,14.75,95,10.4773279316239,10.5869433293252,1
195,1,14.75,95,10.5869433293252,10.6793999815925,1
195,1,14.75,95,10.6793999815925,10.7513008097708,1
195,1,14.75,95,10.7513008097708,10.7559304701838,1
195,1,14.75,95,10.7559304701838,10.9661162334971,1
195,1,14.75,95,10.9661162334971,11.038064759212,1
195,1,14.75,95,11.038064759212,11.1138287050435,1
195,1,14.75,95,11.1138287050435,11.210386561579,1
195,1,14.75,95,11.210386561579,11.2757135442513,1
195,1,14.75,95,11.2757135442513,11.3496697305512,1
195,1,14.75,95,11.3496697305512,11.5416970569818,1
195,1,14.75,95,11.5416970569818,11.6088004219257,1
195,1,14.75,95,11.6088004219257,11.6945299682831,1
195,1,14.75,95,11.6945299682831,11.88847958897,1
195,1,14.75,95,11.88847958897,12.1039388395304,1
195,1,14.75,95,12.1039388395304,12.3037656466115,1
195,1,14.75,95,12.3037656466115,12.3174601322563,1
195,1,14.75,95,12.3174601322563,12.3688120930039,1
195,1,14.75,95,12.3688120930039,12.3829571141372,1
195,1,14.75,95,12.3829571141372,12.3885643256758,1
195,1,14.75,95,12.3885643256758,12.4459876122524,1
195,1,14.75,95,12.4459876122524,12.51949024241,1
195,1,14.75,95,12.51949024241,12.5302673712267,1
195,1,14.75,95,12.5302673712267,12.6682285407613,1
195,1,14.75,95,12.6682285407613,12.6976476333567,1
195,1,14.75,95,12.6976476333567,12.8152578187926,1
195,1,14.75,95,12.8152578187926,12.8475160202635,1
195,1,14.75,95,12.8475160202635,12.8488887361564,1
195,1,14.75,95,12.8488887361564,12.8698107545587,1
195,1,14.75,95,12.8698107545587,12.9456463217896,1
195,1,14.75,95,12.9456463217896,13.0254869460445,1
195,1,14.75,95,13.0254869460445,13.0380507627572,1
195,1,14.75,95,13.0380507627572,13.051587608997,1
195,1,14.75,95,13.051587608997,13.1803236754955,1
195,1,14.75,95,13.1803236754955,13.3025510752432,1
195,1,14.75,95,13.3025510752432,13.3026291768981,1
195,1,14.75,95,13.3026291768981,13.3815554528985,1
195,1,14.75,95,13.3815554528985,13.4183393446363,1
195,1,14.75,95,13.4183393446363,13.6653623535295,1
195,1,14.75,95,13.6653623535295,13.6776912407716,1
195,1,14.75,95,13.6776912407716,13.7581566803059,1
195,1,14.75,95,13.7581566803059,13.7931615019036,1
195,1,14.75,95,13.7931615019036,13.8958820824482,1
195,1,14.75,95,13.8958820824482,14.017925821205,1
195,1,14.75,95,14.017925821205,14.0650111944731,1
195,1,14.75,95,14.0650111944731,14.2875210366349,1
195,1,14.75,95,14.2875210366349,14.2889546476422,1
195,1,14.75,95,14.2889546476422,14.4346266774337,1
195,1,14.75,95,14.4346266774337,14.4701111879564,1
195,1,14.75,95,14.4701111879564,14.6799187021735,1
195,1,14.75,95,14.6799187021735,14.7165811394108,1
195,1,14.75,95,14.7165811394108,14.75,0
196,1,18.75,0,0,18.75,0
197,1,9.75,3,0,0.000629054449192138,1
197,1,9.75,3,0.000629054449192138,1.59104241073022,1
197,1,9.75,3,1.59104241073022,6.99097347070228,1
197,1,9.75,3,6.99097347070228,9.75,0
198,1,9.75,10,0,6.07793699719674,1
198,1,9.75,10,6.07793699719674,6.22344044109789,1
198,1,9.75,10,6.22344044109789,7.15645185137578,1
198,1,9.75,10,7.15645185137578,7.54872520946542,1
198,1,9.75,10,7.54872520946542,7.71046140624197,1
198,1,9.75,10,7.71046140624197,7.85439018391246,1
198,1,9.75,10,7.85439018391246,8.57948677118586,1
198,1,9.75,10,8.57948677118586,9.08041265678692,1
198,1,9.75,10,9.08041265678692,9.21599312640233,1
198,1,9.75,10,9.21599312640233,9.30142690150984,1
198,1,9.75,10,9.30142690150984,9.75,0
199,1,16.75,3,0,0.702562869808463,1
199,1,16.75,3,0.702562869808463,10.3530504717709,1
199,1,16.75,3,10.3530504717709,11.0840427916424,1
199,1,16.75,3,11.0840427916424,16.75,0
200,1,14.75,0,0,14.75,0
201,1,14.75,33,0,0.362637156463233,1
201,1,14.75,33,0.362637156463233,2.46978243301426,1
201,1,14.75,33,2.46978243301426,2.60108372844971,1
201,1,14.75,33,2.60108372844971,5.05044376434152,1
201,1,14.75,33,5.05044376434152,5.17746070241478,1
201,1,14.75,33,5.17746070241478,5.24139792047479,1
201,1,14.75,33,5.24139792047479,5.32273348536482,1
201,1,14.75,33,5.32273348536482,6.29780687159208,1
201,1,14.75,33,6.29780687159208,6.50069199379286,1
201,1,14.75,33,6.50069199379286,6.55133460787324,1
201,1,14.75,33,6.55133460787324,7.6365710394524,1
201,1,14.75,33,7.6365710394524,7.70847316905794,1
201,1,14.75,33,7.70847316905794,7.94356090667044,1
201,1,14.75,33,7.94356090667044,8.29516788952438,1
201,1,14.75,33,8.29516788952438,9.75950878724094,1
201,1,14.75,33,9.75950878724094,9.9018179336312,1
201,1,14.75,33,9.9018179336312,10.5281411458385,1
201,1,14.75,33,10.5281411458385,10.5975566360903,1
201,1,14.75,33,10.5975566360903,11.7294492226971,1
201,1,14.75,33,11.7294492226971,11.7938612686979,1
201,1,14.75,33,11.7938612686979,12.2032750623178,1
201,1,14.75,33,12.2032750623178,12.4364365535545,1
201,1,14.75,33,12.4364365535545,12.5006774353263,1
201,1,14.75,33,12.5006774353263,12.7478802469997,1
201,1,14.75,33,12.7478802469997,12.922573336052,1
201,1,14.75,33,12.922573336052,13.3120792132956,1
201,1,14.75,33,13.3120792132956,13.3358888682565,1
201,1,14.75,33,13.3358888682565,13.3471498061431,1
201,1,14.75,33,13.3471498061431,13.5477296857779,1
201,1,14.75,33,13.5477296857779,13.8118041020741,1
201,1,14.75,33,13.8118041020741,14.3604407566194,1
201,1,14.75,33,14.3604407566194,14.3676828310467,1
201,1,14.75,33,14.3676828310467,14.6780139903631,1
201,1,14.75,33,14.6780139903631,14.75,0
202,1,14.75,35,0,3.01253631281449,1
202,1,14.75,35,3.01253631281449,3.44423495761085,1
202,1,14.75,35,3.44423495761085,4.65618547126135,1
202,1,14.75,35,4.65618547126135,5.73981303734549,1
202,1,14.75,35,5.73981303734549,6.21955156706072,1
202,1,14.75,35,6.21955156706072,6.28416972095679,1
202,1,14.75,35,6.28416972095679,6.30815455754468,1
202,1,14.75,35,6.30815455754468,6.72963038949538,1
202,1,14.75,35,6.72963038949538,6.96610504957538,1
202,1,14.75,35,6.96610504957538,7.71359852261837,1
202,1,14.75,35,7.71359852261837,8.30126834545377,1
202,1,14.75,35,8.30126834545377,8.52134544481592,1
202,1,14.75,35,8.52134544481592,8.6054877133034,1
202,1,14.75,35,8.6054877133034,9.05939398122317,1
202,1,14.75,35,9.05939398122317,9.45120787981359,1
202,1,14.75,35,9.45120787981359,9.58143992922445,1
202,1,14.75,35,9.58143992922445,10.0228641026068,1
202,1,14.75,35,10.0228641026068,10.2674749293422,1
202,1,14.75,35,10.2674749293422,10.6744442026629,1
202,1,14.75,35,10.6744442026629,11.5003688517986,1
202,1,14.75,35,11.5003688517986,11.5214039182901,1
202,1,14.75,35,11.5214039182901,11.8885503690854,1
202,1,14.75,35,11.8885503690854,11.9195641214576,1
202,1,14.75,35,11.9195641214576,11.9818632459096,1
202,1,14.75,35,11.9818632459096,12.3493945764927,1
202,1,14.75,35,12.3493945764927,12.3804573785204,1
202,1,14.75,35,12.3804573785204,13.2257523126043,1
202,1,14.75,35,13.2257523126043,13.4181881648985,1
202,1,14.75,35,13.4181881648985,13.7324388735531,1
202,1,14.75,35,13.7324388735531,13.7364122756878,1
202,1,14.75,35,13.7364122756878,13.8646266199833,1
202,1,14.75,35,13.8646266199833,14.227684803478,1
202,1,14.75,35,14.227684803478,14.3203924695193,1
202,1,14.75,35,14.3203924695193,14.455581302993,1
202,1,14.75,35,14.455581302993,14.6098154124508,1
202,1,14.75,35,14.6098154124508,14.75,0
203,1,15.75,2,0,4.79642093239486,1
203,1,15.75,2,4.79642093239486,4.90599884737179,1
203,1,15.75,2,4.90599884737179,15.75,0
204,1,12.75,1,0,0.258082005309809,1
204,1,12.75,1,0.258082005309809,12.75,0
205,1,13.75,2,0,4.77448679291531,1
205,1,13.75,2,4.77448679291531,13.0128286231285,1
205,1,13.75,2,13.0128286231285,13.75,0
206,1,17.75,3,0,0.134597018357256,1
206,1,17.75,3,0.134597018357256,7.85584167401689,1
206,1,17.75,3,7.85584167401689,17.483244848621,1
206,1,17.75,3,17.483244848621,17.75,0
207,1,10.75,16,0,3.32492169241873,1
207,1,10.75,16,3.32492169241873,3.91200221752535,1
207,1,10.75,16,3.91200221752535,5.59637351496618,1
207,1,10.75,16,5.59637351496618,7.2586878617173,1
207,1,10.75,16,7.2586878617173,7.61543057647227,1
207,1,10.75,16,7.61543057647227,8.04837544066667,1
207,1,10.75,16,8.04837544066667,8.60882622502956,1
207,1,10.75,16,8.60882622502956,9.20610158185259,1
207,1,10.75,16,9.20610158185259,9.39573895909089,1
207,1,10.75,16,9.39573895909089,9.905212416538,1
207,1,10.75,16,9.905212416538,10.0168145632381,1
207,1,10.75,16,10.0168145632381,10.0852288003514,1
207,1,10.75,16,10.0852288003514,10.1240565711779,1
207,1,10.75,16,10.1240565711779,10.4256791297901,1
207,1,10.75,16,10.4256791297901,10.4569043880882,1
207,1,10.75,16,10.4569043880882,10.6789370004379,1
207,1,10.75,16,10.6789370004379,10.75,0
208,1,15.75,0,0,15.75,0
209,1,17.75,3,0,1.69137867019097,1
209,1,17.75,3,1.69137867019097,4.23342265052833,1
209,1,17.75,3,4.23342265052833,11.9731029408798,1
209,1,17.75,3,11.9731029408798,17.75,0
210,1,8.75,1,0,0.435357850003102,1
210,1,8.75,1,0.435357850003102,8.75,0
211,1,20.75,87,0,3.78723155284598,1
211,1,20.75,87,3.78723155284598,4.39049520810292,1
211,1,20.75,87,4.39049520810292,5.36241008531969,1
211,1,20.75,87,5.36241008531969,5.3974357804176,1
211,1,20.75,87,5.3974357804176,5.45698398725618,1
211,1,20.75,87,5.45698398725618,6.47260804977876,1
211,1,20.75,87,6.47260804977876,6.67486821327942,1
211,1,20.75,87,6.67486821327942,7.70930980723263,1
211,1,20.75,87,7.70930980723263,7.71014420367915,1
211,1,20.75,87,7.71014420367915,8.25570713483956,1
211,1,20.75,87,8.25570713483956,8.36814244947264,1
211,1,20.75,87,8.36814244947264,8.83384598158232,1
211,1,20.75,87,8.83384598158232,8.8508379095867,1
211,1,20.75,87,8.8508379095867,8.91214221810062,1
211,1,20.75,87,8.91214221810062,8.93421152411793,1
211,1,20.75,87,8.93421152411793,9.54464112265803,1
211,1,20.75,87,9.54464112265803,9.57988816332742,1
211,1,20.75,87,9.57988816332742,9.68971793468779,1
211,1,20.75,87,9.68971793468779,9.98590282456513,1
211,1,20.75,87,9.98590282456513,10.1077575918011,1
211,1,20.75,87,10.1077575918011,10.3304038031183,1
211,1,20.75,87,10.3304038031183,10.7170425985203,1
211,1,20.75,87,10.7170425985203,10.7175857975003,1
211,1,20.75,87,10.7175857975003,10.8749552470675,1
211,1,20.75,87,10.8749552470675,11.3034425530651,1
211,1,20.75,87,11.3034425530651,11.4102291008551,1
211,1,20.75,87,11.4102291008551,11.9235163846391,1
211,1,20.75,87,11.9235163846391,12.4799830772078,1
211,1,20.75,87,12.4799830772078,12.9466854068188,1
211,1,20.75,87,12.9466854068188,13.3858632276573,1
211,1,20.75,87,13.3858632276573,13.4602790889672,1
211,1,20.75,87,13.4602790889672,13.8105146007809,1
211,1,20.75,87,13.8105146007809,14.1071334110157,1
211,1,20.75,87,14.1071334110157,14.1338524340395,1
211,1,20.75,87,14.1338524340395,14.4695344578226,1
211,1,20.75,87,14.4695344578226,14.7003437021654,1
211,1,20.75,87,14.7003437021654,14.8173138706124,1
211,1,20.75,87,14.8173138706124,14.8262808292286,1
211,1,20.75,87,14.8262808292286,14.8913221242582,1
211,1,20.75,87,14.8913221242582,14.8959516459467,1
211,1,20.75,87,14.8959516459467,14.9747461637545,1
211,1,20.75,87,14.9747461637545,15.0552737478476,1
211,1,20.75,87,15.0552737478476,15.3582349084404,1
211,1,20.75,87,15.3582349084404,15.8471107009058,1
211,1,20.75,87,15.8471107009058,15.871999941463,1
211,1,20.75,87,15.871999941463,15.9392064312485,1
211,1,20.75,87,15.9392064312485,16.0489408619297,1
211,1,20.75,87,16.0489408619297,16.1927571019475,1
211,1,20.75,87,16.1927571019475,16.3009001635398,1
211,1,20.75,87,16.3009001635398,16.6906467741797,1
211,1,20.75,87,16.6906467741797,16.6978941600151,1
211,1,20.75,87,16.6978941600151,16.7304665147316,1
211,1,20.75,87,16.7304665147316,16.8151542339208,1
211,1,20.75,87,16.8151542339208,17.1312185992083,1
211,1,20.75,87,17.1312185992083,17.1805063578072,1
211,1,20.75,87,17.1805063578072,17.2206788247953,1
211,1,20.75,87,17.2206788247953,17.37497183161,1
211,1,20.75,87,17.37497183161,17.6647874717414,1
211,1,20.75,87,17.6647874717414,17.7756863881203,1
211,1,20.75,87,17.7756863881203,17.8003101238923,1
211,1,20.75,87,17.8003101238923,17.8344565225519,1
211,1,20.75,87,17.8344565225519,18.6204217439216,1
211,1,20.75,87,18.6204217439216,18.6878803152867,1
211,1,20.75,87,18.6878803152867,18.74093495819,1
211,1,20.75,87,18.74093495819,18.7438158646673,1
211,1,20.75,87,18.7438158646673,18.7987577215429,1
211,1,20.75,87,18.7987577215429,18.9808467818903,1
211,1,20.75,87,18.9808467818903,18.9968435765843,1
211,1,20.75,87,18.9968435765843,19.0041697308117,1
211,1,20.75,87,19.0041697308117,19.1409551249277,1
211,1,20.75,87,19.1409551249277,19.3032631349681,1
211,1,20.75,87,19.3032631349681,19.3479144951521,1
211,1,20.75,87,19.3479144951521,19.4159511299151,1
211,1,20.75,87,19.4159511299151,19.4451861658826,1
211,1,20.75,87,19.4451861658826,19.5061821159781,1
211,1,20.75,87,19.5061821159781,19.5375013357086,1
211,1,20.75,87,19.5375013357086,19.7119503296997,1
211,1,20.75,87,19.7119503296997,19.9018991075975,1
211,1,20.75,87,19.9018991075975,20.0628483387685,1
211,1,20.75,87,20.0628483387685,20.106058461463,1
211,1,20.75,87,20.106058461463,20.1695106332063,1
211,1,20.75,87,20.1695106332063,20.2938009704635,1
211,1,20.75,87,20.2938009704635,20.3293006383025,1
211,1,20.75,87,20.3293006383025,20.4163526393568,1
211,1,20.75,87,20.4163526393568,20.5471033938581,1
211,1,20.75,87,20.5471033938581,20.5483210950043,1
211,1,20.75,87,20.5483210950043,20.5637874796918,1
211,1,20.75,87,20.5637874796918,20.75,0
212,1,11.75,0,0,11.75,0
213,1,8.75,3,0,0.000779843382618353,1
213,1,8.75,3,0.000779843382618353,0.349977939830397,1
213,1,8.75,3,0.349977939830397,2.67967990123861,1
213,1,8.75,3,2.67967990123861,8.75,0
214,1,9.75,3,0,0.499274939310904,1
214,1,9.75,3,0.499274939310904,4.14162070052229,1
214,1,9.75,3,4.14162070052229,5.06614622187342,1
214,1,9.75,3,5.06614622187342,9.75,0
215,1,14.75,1,0,3.40152002407782,1
215,1,14.75,1,3.40152002407782,14.75,0
216,1,14.75,2,0,1.19535148717855,1
216,1,14.75,2,1.19535148717855,12.6791712453795,1
216,1,14.75,2,12.6791712453795,14.75,0
217,1,13.75,2,0,1.61071248752521,1
217,1,13.75,2,1.61071248752521,3.59437788077516,1
217,1,13.75,2,3.59437788077516,13.75,0
218,1,14.75,3,0,0.00685043818138125,1
218,1,14.75,3,0.00685043818138125,0.0252738413869229,1
218,1,14.75,3,0.0252738413869229,5.50100560895217,1
218,1,14.75,3,5.50100560895217,14.75,0
219,1,18.75,3,0,2.89242498869877,1
219,1,18.75,3,2.89242498869877,6.23518957797723,1
219,1,18.75,3,6.23518957797723,18.2020103867941,1
219,1,18.75,3,18.2020103867941,18.75,0
220,1,8.75,4,0,4.31626657795084,1
220,1,8.75,4,4.31626657795084,5.22272370225653,1
220,1,8.75,4,5.22272370225653,7.81468579427259,1
220,1,8.75,4,7.81468579427259,7.81855295082335,1
220,1,8.75,4,7.81855295082335,8.75,0
221,1,11.75,11,0,3.46684994760361,1
221,1,11.75,11,3.46684994760361,3.80928014874911,1
221,1,11.75,11,3.80928014874911,6.98622559588422,1
221,1,11.75,11,6.98622559588422,7.21423081355598,1
221,1,11.75,11,7.21423081355598,7.84006712057418,1
221,1,11.75,11,7.84006712057418,9.12532765535323,1
221,1,11.75,11,9.12532765535323,9.75182511516705,1
221,1,11.75,11,9.75182511516705,10.1558804845769,1
221,1,11.75,11,10.1558804845769,11.0073131496016,1
221,1,11.75,11,11.0073131496016,11.6270664250887,1
221,1,11.75,11,11.6270664250887,11.7077261280233,1
221,1,11.75,11,11.7077261280233,11.75,0
222,1,8.75,3,0,0.200915175986259,1
222,1,8.75,3,0.200915175986259,1.53260656152564,1
222,1,8.75,3,1.53260656152564,6.09131821747452,1
222,1,8.75,3,6.09131821747452,8.75,0
223,1,14.75,4,0,0.760099704240254,1
223,1,14.75,4,0.760099704240254,4.40349448612037,1
223,1,14.75,4,4.40349448612037,5.10747954042548,1
223,1,14.75,4,5.10747954042548,6.24430623513704,1
223,1,14.75,4,6.24430623513704,14.75,0
224,1,15.75,3,0,1.15449021614605,1
224,1,15.75,3,1.15449021614605,3.21633302388949,1
224,1,15.75,3,3.21633302388949,13.8449866882566,1
224,1,15.75,3,13.8449866882566,15.75,0
225,1,13.75,3,0,4.64194943785221,1
225,1,13.75,3,4.64194943785221,6.85043294731627,1
225,1,13.75,3,6.85043294731627,10.9936633335725,1
225,1,13.75,3,10.9936633335725,13.75,0
226,1,14.75,1,0,6.88724699048427,1
226,1,14.75,1,6.88724699048427,14.75,0
227,1,16.75,11,0,0.0728056314430299,1
227,1,16.75,11,0.0728056314430299,0.218109353746868,1
227,1,16.75,11,0.218109353746868,0.366741740313343,1
227,1,16.75,11,0.366741740313343,0.557223517139407,1
227,1,16.75,11,0.557223517139407,1.14026429945467,1
227,1,16.75,11,1.14026429945467,4.01727934063028,1
227,1,16.75,11,4.01727934063028,5.73605792252698,1
227,1,16.75,11,5.73605792252698,6.50129133242565,1
227,1,16.75,11,6.50129133242565,10.6800340320909,1
227,1,16.75,11,10.6800340320909,14.826135767406,1
227,1,16.75,11,14.826135767406,15.7815309152757,1
227,1,16.75,11,15.7815309152757,16.75,0
228,1,20.75,92,0,0.833872315321557,1
228,1,20.75,92,0.833872315321557,1.83408907683356,1
228,1,20.75,92,1.83408907683356,2.63573097021237,1
228,1,20.75,92,2.63573097021237,4.69062521006042,1
228,1,20.75,92,4.69062521006042,6.78691783899519,1
228,1,20.75,92,6.78691783899519,7.22149501136607,1
228,1,20.75,92,7.22149501136607,8.09892237372887,1
228,1,20.75,92,8.09892237372887,8.57223025474397,1
228,1,20.75,92,8.57223025474397,8.90953803668717,1
228,1,20.75,92,8.90953803668717,9.18139364789791,1
228,1,20.75,92,9.18139364789791,9.6062663181737,1
228,1,20.75,92,9.6062663181737,10.0195312626356,1
228,1,20.75,92,10.0195312626356,10.1279256898126,1
228,1,20.75,92,10.1279256898126,10.2214876633804,1
228,1,20.75,92,10.2214876633804,10.3416555694914,1
228,1,20.75,92,10.3416555694914,10.4304244450489,1
228,1,20.75,92,10.4304244450489,10.6132441866263,1
228,1,20.75,92,10.6132441866263,10.8903788056285,1
228,1,20.75,92,10.8903788056285,11.2037991652651,1
228,1,20.75,92,11.2037991652651,11.2559778362852,1
228,1,20.75,92,11.2559778362852,11.4097173415004,1
228,1,20.75,92,11.4097173415004,11.4117306635406,1
228,1,20.75,92,11.4117306635406,11.7029857830589,1
228,1,20.75,92,11.7029857830589,11.8561567885066,1
228,1,20.75,92,11.8561567885066,11.9745152737094,1
228,1,20.75,92,11.9745152737094,12.756900437485,1
228,1,20.75,92,12.756900437485,12.9443978891105,1
228,1,20.75,92,12.9443978891105,13.114235247935,1
228,1,20.75,92,13.114235247935,13.2007022636761,1
228,1,20.75,92,13.2007022636761,13.3217917803099,1
228,1,20.75,92,13.3217917803099,13.4422996697565,1
228,1,20.75,92,13.4422996697565,13.7221087013631,1
228,1,20.75,92,13.7221087013631,13.7576813327934,1
228,1,20.75,92,13.7576813327934,13.8435850038863,1
228,1,20.75,92,13.8435850038863,13.9392158858052,1
228,1,20.75,92,13.9392158858052,14.4229150598201,1
228,1,20.75,92,14.4229150598201,14.4289894310485,1
228,1,20.75,92,14.4289894310485,14.4566878578137,1
228,1,20.75,92,14.4566878578137,14.4827848304237,1
228,1,20.75,92,14.4827848304237,14.6237659317594,1
228,1,20.75,92,14.6237659317594,14.6296853745608,1
228,1,20.75,92,14.6296853745608,14.6460361758498,1
228,1,20.75,92,14.6460361758498,14.6845018526555,1
228,1,20.75,92,14.6845018526555,14.8203851589852,1
228,1,20.75,92,14.8203851589852,14.9957767637804,1
228,1,20.75,92,14.9957767637804,15.1593865795506,1
228,1,20.75,92,15.1593865795506,15.3053890043486,1
228,1,20.75,92,15.3053890043486,15.3965873421338,1
228,1,20.75,92,15.3965873421338,15.4246471222141,1
228,1,20.75,92,15.4246471222141,15.8845503973032,1
228,1,20.75,92,15.8845503973032,16.1818836476788,1
228,1,20.75,92,16.1818836476788,16.2591685700134,1
228,1,20.75,92,16.2591685700134,17.2690886132187,1
228,1,20.75,92,17.2690886132187,17.2860999006257,1
228,1,20.75,92,17.2860999006257,17.2975330141696,1
228,1,20.75,92,17.2975330141696,17.3628924834094,1
228,1,20.75,92,17.3628924834094,17.5471021783672,1
228,1,20.75,92,17.5471021783672,17.6384336444881,1
228,1,20.75,92,17.6384336444881,17.6777558162017,1
228,1,20.75,92,17.6777558162017,17.7743281859757,1
228,1,20.75,92,17.7743281859757,17.8140968375487,1
228,1,20.75,92,17.8140968375487,18.0117199816825,1
228,1,20.75,92,18.0117199816825,18.0282199729182,1
228,1,20.75,92,18.0282199729182,18.0874828235366,1
228,1,20.75,92,18.0874828235366,18.3620085155095,1
228,1,20.75,92,18.3620085155095,18.3710178386036,1
228,1,20.75,92,18.3710178386036,18.5243354570624,1
228,1,20.75,92,18.5243354570624,18.623374457283,1
228,1,20.75,92,18.623374457283,18.818055732924,1
228,1,20.75,92,18.818055732924,19.0579211500422,1
228,1,20.75,92,19.0579211500422,19.0716052377894,1
228,1,20.75,92,19.0716052377894,19.107774834181,1
228,1,20.75,92,19.107774834181,19.2058183475259,1
228,1,20.75,92,19.2058183475259,19.2124448524739,1
228,1,20.75,92,19.2124448524739,19.4266583711687,1
228,1,20.75,92,19.4266583711687,19.5157009374422,1
228,1,20.75,92,19.5157009374422,19.5206729688419,1
228,1,20.75,92,19.5206729688419,19.6540367164905,1
228,1,20.75,92,19.6540367164905,19.669806932128,1
228,1,20.75,92,19.669806932128,19.6738307521172,1
228,1,20.75,92,19.6738307521172,19.7620715799188,1
228,1,20.75,92,19.7620715799188,19.8629198606652,1
228,1,20.75,92,19.8629198606652,19.8811892406663,1
228,1,20.75,92,19.8811892406663,20.2150294130314,1
228,1,20.75,92,20.2150294130314,20.2286143517027,1
228,1,20.75,92,20.2286143517027,20.2763987099514,1
228,1,20.75,92,20.2763987099514,20.3857538576123,1
228,1,20.75,92,20.3857538576123,20.4709218246924,1
228,1,20.75,92,20.4709218246924,20.502216660454,1
228,1,20.75,92,20.502216660454,20.6316517506395,1
228,1,20.75,92,20.6316517506395,20.708041156428,1
228,1,20.75,92,20.708041156428,20.7295119718842,1
228,1,20.75,92,20.7295119718842,20.75,0
229,1,18.75,1,0,1.10281323041488,1
229,1,18.75,1,1.10281323041488,18.75,0
230,1,13.75,1,0,0.740496204525735,1
230,1,13.75,1,0.740496204525735,13.75,0
231,1,14.75,0,0,14.75,0
232,1,10.75,2,0,1.75963918975204,1
232,1,10.75,2,1.75963918975204,3.9433117393793,1
232,1,10.75,2,3.9433117393793,10.75,0
233,1,11.75,19,0,3.93285959021092,1
233,1,11.75,19,3.93285959021092,3.98875986787446,1
233,1,11.75,19,3.98875986787446,4.7961556839227,1
233,1,11.75,19,4.7961556839227,4.93841139570447,1
233,1,11.75,19,4.93841139570447,5.04817255269801,1
233,1,11.75,19,5.04817255269801,5.53559219524245,1
233,1,11.75,19,5.53559219524245,5.78949446992501,1
233,1,11.75,19,5.78949446992501,7.18248736972015,1
233,1,11.75,19,7.18248736972015,7.75578686378759,1
233,1,11.75,19,7.75578686378759,7.85697015998911,1
233,1,11.75,19,7.85697015998911,8.06648208216614,1
233,1,11.75,19,8.06648208216614,8.18683871528026,1
233,1,11.75,19,8.18683871528026,8.39033364884516,1
233,1,11.75,19,8.39033364884516,9.00311855233175,1
233,1,11.75,19,9.00311855233175,9.14555619536734,1
233,1,11.75,19,9.14555619536734,10.3599402012395,1
233,1,11.75,19,10.3599402012395,10.4167477748804,1
233,1,11.75,19,10.4167477748804,10.5575096882063,1
233,1,11.75,19,10.5575096882063,11.3550060736688,1
233,1,11.75,19,11.3550060736688,11.75,0
234,1,13.75,18,0,4.24045511488342,1
234,1,13.75,18,4.24045511488342,6.39916395948222,1
234,1,13.75,18,6.39916395948222,8.0502718298296,1
234,1,13.75,18,8.0502718298296,8.52430289012347,1
234,1,13.75,18,8.52430289012347,9.06014597627831,1
234,1,13.75,18,9.06014597627831,9.85246856262917,1
234,1,13.75,18,9.85246856262917,10.285243650805,1
234,1,13.75,18,10.285243650805,10.3672002913302,1
234,1,13.75,18,10.3672002913302,10.4960440667746,1
234,1,13.75,18,10.4960440667746,10.9353625644853,1
234,1,13.75,18,10.9353625644853,11.3407695095315,1
234,1,13.75,18,11.3407695095315,11.6024516596912,1
234,1,13.75,18,11.6024516596912,12.1661603423957,1
234,1,13.75,18,12.1661603423957,12.442851359578,1
234,1,13.75,18,12.442851359578,13.2554951202033,1
234,1,13.75,18,13.2554951202033,13.3403372726159,1
234,1,13.75,18,13.3403372726159,13.5304451068824,1
234,1,13.75,18,13.5304451068824,13.5383363606447,1
234,1,13.75,18,13.5383363606447,13.75,0
235,1,17.75,3,0,2.6612600790203,1
235,1,17.75,3,2.6612600790203,5.20521400101283,1
235,1,17.75,3,5.20521400101283,8.38960110783355,1
235,1,17.75,3,8.38960110783355,17.75,0
236,1,18.75,38,0,3.32615223710936,1
236,1,18.75,38,3.32615223710936,3.40741242069974,1
236,1,18.75,38,3.40741242069974,7.0015462916224,1
236,1,18.75,38,7.0015462916224,8.26124202820457,1
236,1,18.75,38,8.26124202820457,9.17443553026931,1
236,1,18.75,38,9.17443553026931,9.93353857681107,1
236,1,18.75,38,9.93353857681107,9.94281134625266,1
236,1,18.75,38,9.94281134625266,10.0515340823359,1
236,1,18.75,38,10.0515340823359,10.5524674126289,1
236,1,18.75,38,10.5524674126289,11.1260650281644,1
236,1,18.75,38,11.1260650281644,11.3887045342029,1
236,1,18.75,38,11.3887045342029,11.6067142363315,1
236,1,18.75,38,11.6067142363315,11.6750236891501,1
236,1,18.75,38,11.6750236891501,12.5933302406138,1
236,1,18.75,38,12.5933302406138,12.9418414392576,1
236,1,18.75,38,12.9418414392576,13.2980379389955,1
236,1,18.75,38,13.2980379389955,14.053800633134,1
236,1,18.75,38,14.053800633134,14.0541889246672,1
236,1,18.75,38,14.0541889246672,14.3332128161036,1
236,1,18.75,38,14.3332128161036,14.4468760578516,1
236,1,18.75,38,14.4468760578516,14.5457320577336,1
236,1,18.75,38,14.5457320577336,14.552215906194,1
236,1,18.75,38,14.552215906194,14.5866750888852,1
236,1,18.75,38,14.5866750888852,14.6607955987625,1
236,1,18.75,38,14.6607955987625,15.184576143311,1
236,1,18.75,38,15.184576143311,15.4873038734459,1
236,1,18.75,38,15.4873038734459,15.5335587291566,1
236,1,18.75,38,15.5335587291566,15.9903500494003,1
236,1,18.75,38,15.9903500494003,16.0697187162912,1
236,1,18.75,38,16.0697187162912,16.2619955631104,1
236,1,18.75,38,16.2619955631104,16.4465631679004,1
236,1,18.75,38,16.4465631679004,16.4494794508733,1
236,1,18.75,38,16.4494794508733,16.5292406041676,1
236,1,18.75,38,16.5292406041676,17.1572110012535,1
236,1,18.75,38,17.1572110012535,17.2029219213629,1
236,1,18.75,38,17.2029219213629,17.8642184491909,1
236,1,18.75,38,17.8642184491909,18.2661631542609,1
236,1,18.75,38,18.2661631542609,18.416858398695,1
236,1,18.75,38,18.416858398695,18.75,0
237,1,18.75,0,0,18.75,0
238,1,10.75,17,0,4.54376438281653,1
238,1,10.75,17,4.54376438281653,5.59354292406013,1
238,1,10.75,17,5.59354292406013,5.81819827458741,1
238,1,10.75,17,5.81819827458741,6.98515815943375,1
238,1,10.75,17,6.98515815943375,7.39644159983973,1
238,1,10.75,17,7.39644159983973,7.89406713807925,1
238,1,10.75,17,7.89406713807925,8.16811170671613,1
238,1,10.75,17,8.16811170671613,8.80539325996231,1
238,1,10.75,17,8.80539325996231,8.94222372808249,1
238,1,10.75,17,8.94222372808249,9.34569790766721,1
238,1,10.75,17,9.34569790766721,9.43896085715785,1
238,1,10.75,17,9.43896085715785,9.72919567688446,1
238,1,10.75,17,9.72919567688446,9.98903103366057,1
238,1,10.75,17,9.98903103366057,10.0066071976185,1
238,1,10.75,17,10.0066071976185,10.1572871778024,1
238,1,10.75,17,10.1572871778024,10.1969317082207,1
238,1,10.75,17,10.1969317082207,10.2366074189319,1
238,1,10.75,17,10.2366074189319,10.75,0
239,1,16.75,75,0,2.73331485227534,1
239,1,16.75,75,2.73331485227534,3.93998909288834,1
239,1,16.75,75,3.93998909288834,4.76562445365337,1
239,1,16.75,75,4.76562445365337,5.43610504562292,1
239,1,16.75,75,5.43610504562292,6.07745969909174,1
239,1,16.75,75,6.07745969909174,6.49103928379191,1
239,1,16.75,75,6.49103928379191,6.57924999634042,1
239,1,16.75,75,6.57924999634042,6.65290348154397,1
239,1,16.75,75,6.65290348154397,7.87538160128376,1
239,1,16.75,75,7.87538160128376,8.00514637386229,1
239,1,16.75,75,8.00514637386229,8.67267523377095,1
239,1,16.75,75,8.67267523377095,8.88691710814226,1
239,1,16.75,75,8.88691710814226,9.42228936858456,1
239,1,16.75,75,9.42228936858456,9.42615670702859,1
239,1,16.75,75,9.42615670702859,9.45978496086833,1
239,1,16.75,75,9.45978496086833,9.47956487797737,1
239,1,16.75,75,9.47956487797737,9.9205823313721,1
239,1,16.75,75,9.9205823313721,10.1935391370109,1
239,1,16.75,75,10.1935391370109,10.5895362107588,1
239,1,16.75,75,10.5895362107588,10.7253145940758,1
239,1,16.75,75,10.7253145940758,10.7553768247151,1
239,1,16.75,75,10.7553768247151,10.8311220457515,1
239,1,16.75,75,10.8311220457515,11.0310655219757,1
239,1,16.75,75,11.0310655219757,11.2669817636715,1
239,1,16.75,75,11.2669817636715,11.5272959360487,1
239,1,16.75,75,11.5272959360487,11.5883607692296,1
239,1,16.75,75,11.5883607692296,11.6274763158908,1
239,1,16.75,75,11.6274763158908,12.1360085259796,1
239,1,16.75,75,12.1360085259796,12.3360751948717,1
239,1,16.75,75,12.3360751948717,12.4398058499295,1
239,1,16.75,75,12.4398058499295,12.6040216453761,1
239,1,16.75,75,12.6040216453761,12.624542101939,1
239,1,16.75,75,12.624542101939,12.9340906862161,1
239,1,16.75,75,12.9340906862161,12.9609040142557,1
239,1,16.75,75,12.9609040142557,12.993566076648,1
239,1,16.75,75,12.993566076648,13.238854805018,1
239,1,16.75,75,13.238854805018,13.2676306722723,1
239,1,16.75,75,13.2676306722723,13.4220047111652,1
239,1,16.75,75,13.4220047111652,13.5317224671559,1
239,1,16.75,75,13.5317224671559,13.572881168375,1
239,1,16.75,75,13.572881168375,13.6515112179923,1
239,1,16.75,75,13.6515112179923,13.8150470396956,1
239,1,16.75,75,13.8150470396956,13.9266525710559,1
239,1,16.75,75,13.9266525710559,13.9400714131327,1
239,1,16.75,75,13.9400714131327,14.0391767233859,1
239,1,16.75,75,14.0391767233859,14.0586208199834,1
239,1,16.75,75,14.0586208199834,14.1068941301406,1
239,1,16.75,75,14.1068941301406,14.4138534114776,1
239,1,16.75,75,14.4138534114776,14.5729808814052,1
239,1,16.75,75,14.5729808814052,14.6051710556225,1
239,1,16.75,75,14.6051710556225,14.6381903322571,1
239,1,16.75,75,14.6381903322571,14.6453102199549,1
239,1,16.75,75,14.6453102199549,14.7143053694016,1
239,1,16.75,75,14.7143053694016,14.9157834547322,1
239,1,16.75,75,14.9157834547322,15.0554266939683,1
239,1,16.75,75,15.0554266939683,15.3987112993813,1
239,1,16.75,75,15.3987112993813,15.4228287082254,1
239,1,16.75,75,15.4228287082254,15.4846514224024,1
239,1,16.75,75,15.4846514224024,15.5559354006664,1
239,1,16.75,75,15.5559354006664,15.6534109100428,1
239,1,16.75,75,15.6534109100428,15.6671939021513,1
239,1,16.75,75,15.6671939021513,15.6809938332424,1
239,1,16.75,75,15.6809938332424,15.8177395501272,1
239,1,16.75,75,15.8177395501272,15.9969418490631,1
239,1,16.75,75,15.9969418490631,16.1347555797224,1
239,1,16.75,75,16.1347555797224,16.1410655312663,1
239,1,16.75,75,16.1410655312663,16.2511923651955,1
239,1,16.75,75,16.2511923651955,16.2980574200308,1
239,1,16.75,75,16.2980574200308,16.4075310410194,1
239,1,16.75,75,16.4075310410194,16.4376764279226,1
239,1,16.75,75,16.4376764279226,16.4473129972674,1
239,1,16.75,75,16.4473129972674,16.4845991921472,1
239,1,16.75,75,16.4845991921472,16.630904029961,1
239,1,16.75,75,16.630904029961,16.6985296955677,1
239,1,16.75,75,16.6985296955677,16.7121735628148,1
239,1,16.75,75,16.7121735628148,16.75,0
240,1,9.75,15,0,5.36314584756974,1
240,1,9.75,15,5.36314584756974,5.81639839761435,1
240,1,9.75,15,5.81639839761435,5.97744156335394,1
240,1,9.75,15,5.97744156335394,6.66614330289041,1
240,1,9.75,15,6.66614330289041,6.82388133333238,1
240,1,9.75,15,6.82388133333238,6.96155596794184,1
240,1,9.75,15,6.96155596794184,8.38163862222462,1
240,1,9.75,15,8.38163862222462,8.60205163294924,1
240,1,9.75,15,8.60205163294924,8.83190839827461,1
240,1,9.75,15,8.83190839827461,8.88760119743856,1
240,1,9.75,15,8.88760119743856,8.91765925727073,1
240,1,9.75,15,8.91765925727073,8.96025283584428,1
240,1,9.75,15,8.96025283584428,9.28620456345184,1
240,1,9.75,15,9.28620456345184,9.6120830728573,1
240,1,9.75,15,9.6120830728573,9.72521234454434,1
240,1,9.75,15,9.72521234454434,9.75,0
241,1,10.75,1,0,8.49681101424008,1
241,1,10.75,1,8.49681101424008,10.75,0
242,1,13.75,31,0,2.70247719019374,1
242,1,13.75,31,2.70247719019374,2.93361383676661,1
242,1,13.75,31,2.93361383676661,4.79055376381835,1
242,1,13.75,31,4.79055376381835,5.43961781873547,1
242,1,13.75,31,5.43961781873547,5.99233598928234,1
242,1,13.75,31,5.99233598928234,7.18917965349267,1
242,1,13.75,31,7.18917965349267,7.55409630127041,1
242,1,13.75,31,7.55409630127041,7.90235206382462,1
242,1,13.75,31,7.90235206382462,8.11510556410108,1
242,1,13.75,31,8.11510556410108,8.70257792144363,1
242,1,13.75,31,8.70257792144363,8.72988305608081,1
242,1,13.75,31,8.72988305608081,8.96663146286062,1
242,1,13.75,31,8.96663146286062,9.24805465298281,1
242,1,13.75,31,9.24805465298281,9.88096297292851,1
242,1,13.75,31,9.88096297292851,10.3590787485046,1
242,1,13.75,31,10.3590787485046,10.5259028671181,1
242,1,13.75,31,10.5259028671181,10.7159279617646,1
242,1,13.75,31,10.7159279617646,11.2254831229079,1
242,1,13.75,31,11.2254831229079,11.5852068015552,1
242,1,13.75,31,11.5852068015552,11.6951650172318,1
242,1,13.75,31,11.6951650172318,11.7646045559447,1
242,1,13.75,31,11.7646045559447,11.7685804447988,1
242,1,13.75,31,11.7685804447988,12.1390964250182,1
242,1,13.75,31,12.1390964250182,12.3905129379103,1
242,1,13.75,31,12.3905129379103,12.4154378766658,1
242,1,13.75,31,12.4154378766658,12.4672530350634,1
242,1,13.75,31,12.4672530350634,12.6670677958776,1
242,1,13.75,31,12.6670677958776,12.7167567634744,1
242,1,13.75,31,12.7167567634744,12.8335617143662,1
242,1,13.75,31,12.8335617143662,13.0271276787311,1
242,1,13.75,31,13.0271276787311,13.4615640597168,1
242,1,13.75,31,13.4615640597168,13.75,0
243,1,15.75,2,0,3.90215301971668,1
243,1,15.75,2,3.90215301971668,11.3184290044708,1
243,1,15.75,2,11.3184290044708,15.75,0
244,1,14.75,2,0,0.0191450564830209,1
244,1,14.75,2,0.0191450564830209,0.490935821835655,1
244,1,14.75,2,0.490935821835655,14.75,0
245,1,11.75,0,0,11.75,0
246,1,11.75,1,0,0.486914165372715,1
246,1,11.75,1,0.486914165372715,11.75,0
247,1,11.75,15,0,1.64765953545726,1
247,1,11.75,15,1.64765953545726,5.23109330087542,1
247,1,11.75,15,5.23109330087542,5.8208814538241,1
247,1,11.75,15,5.8208814538241,7.19969586960393,1
247,1,11.75,15,7.19969586960393,7.85207293588052,1
247,1,11.75,15,7.85207293588052,8.3754345786157,1
247,1,11.75,15,8.3754345786157,8.40517175984108,1
247,1,11.75,15,8.40517175984108,8.54426455029599,1
247,1,11.75,15,8.54426455029599,8.5675092597615,1
247,1,11.75,15,8.5675092597615,8.72942324711334,1
247,1,11.75,15,8.72942324711334,9.18740344963573,1
247,1,11.75,15,9.18740344963573,9.79995308364463,1
247,1,11.75,15,9.79995308364463,10.7431217689569,1
247,1,11.75,15,10.7431217689569,10.7790320122707,1
247,1,11.75,15,10.7790320122707,11.1002879456377,1
247,1,11.75,15,11.1002879456377,11.75,0
248,1,10.75,18,0,3.12440949353094,1
248,1,10.75,18,3.12440949353094,3.44877598515683,1
248,1,10.75,18,3.44877598515683,4.3239678579277,1
248,1,10.75,18,4.3239678579277,4.5672730731374,1
248,1,10.75,18,4.5672730731374,5.275801110113,1
248,1,10.75,18,5.275801110113,6.0280626437094,1
248,1,10.75,18,6.0280626437094,6.42551567451385,1
248,1,10.75,18,6.42551567451385,6.85643328262152,1
248,1,10.75,18,6.85643328262152,7.24010990419495,1
248,1,10.75,18,7.24010990419495,7.96859885636896,1
248,1,10.75,18,7.96859885636896,8.30359187141112,1
248,1,10.75,18,8.30359187141112,8.6253712601854,1
248,1,10.75,18,8.6253712601854,9.1595582142653,1
248,1,10.75,18,9.1595582142653,9.23200086069732,1
248,1,10.75,18,9.23200086069732,9.51573657280831,1
248,1,10.75,18,9.51573657280831,9.73658322788899,1
248,1,10.75,18,9.73658322788899,9.77975450855436,1
248,1,10.75,18,9.77975450855436,10.3060439111841,1
248,1,10.75,18,10.3060439111841,10.75,0
249,1,17.75,5,0,0.496192117969058,1
249,1,17.75,5,0.496192117969058,2.31532140468044,1
249,1,17.75,5,2.31532140468044,4.28856680459661,1
249,1,17.75,5,4.28856680459661,11.2813712008379,1
249,1,17.75,5,11.2813712008379,11.6245141672777,1
249,1,17.75,5,11.6245141672777,17.75,0
250,1,14.75,3,0,0.0378439115506793,1
250,1,14.75,3,0.0378439115506793,3.27131006613706,1
250,1,14.75,3,3.27131006613706,5.27134661370961,1
250,1,14.75,3,5.27134661370961,14.75,0
251,1,17.75,5,0,4.40157996015872,1
251,1,17.75,5,4.40157996015872,4.83971110517397,1
251,1,17.75,5,4.83971110517397,4.97913581526878,1
251,1,17.75,5,4.97913581526878,13.0544280593932,1
251,1,17.75,5,13.0544280593932,15.0060347878599,1
251,1,17.75,5,15.0060347878599,17.75,0
252,1,16.75,0,0,16.75,0
253,1,16.75,4,0,0.151902590355839,1
253,1,16.75,4,0.151902590355839,0.322686089982617,1
253,1,16.75,4,0.322686089982617,1.9034554826063,1
253,1,16.75,4,1.9034554826063,2.90096776511424,1
253,1,16.75,4,2.90096776511424,16.75,0
254,1,12.75,1,0,8.4940925024368,1
254,1,12.75,1,8.4940925024368,12.75,0
255,1,8.75,1,0,1.89112614739978,1
255,1,8.75,1,1.89112614739978,8.75,0
256,1,13.75,3,0,5.63267281875651,1
256,1,13.75,3,5.63267281875651,6.33166970663263,1
256,1,13.75,3,6.33166970663263,7.42839312825725,1
256,1,13.75,3,7.42839312825725,13.75,0
257,1,13.75,19,0,5.18519182523244,1
257,1,13.75,19,5.18519182523244,5.42348743285584,1
257,1,13.75,19,5.42348743285584,7.42243261344518,1
257,1,13.75,19,7.42243261344518,7.54196627017286,1
257,1,13.75,19,7.54196627017286,7.80731944023119,1
257,1,13.75,19,7.80731944023119,7.99013224830784,1
257,1,13.75,19,7.99013224830784,9.11690301424324,1
257,1,13.75,19,9.11690301424324,9.23509579171471,1
257,1,13.75,19,9.23509579171471,9.33139757190458,1
257,1,13.75,19,9.33139757190458,9.40476600797697,1
257,1,13.75,19,9.40476600797697,9.84062278093367,1
257,1,13.75,19,9.84062278093367,9.85383264410951,1
257,1,13.75,19,9.85383264410951,10.3670582015385,1
257,1,13.75,19,10.3670582015385,10.3752964730763,1
257,1,13.75,19,10.3752964730763,10.4648814861132,1
257,1,13.75,19,10.4648814861132,11.3633723316822,1
257,1,13.75,19,11.3633723316822,12.0902977913932,1
257,1,13.75,19,12.0902977913932,13.1467320749908,1
257,1,13.75,19,13.1467320749908,13.6856748038278,1
257,1,13.75,19,13.6856748038278,13.75,0
258,1,18.75,6,0,0.168361551199332,1
258,1,18.75,6,0.168361551199332,0.236808994851435,1
258,1,18.75,6,0.236808994851435,1.74566104873983,1
258,1,18.75,6,1.74566104873983,1.83473875079448,1
258,1,18.75,6,1.83473875079448,4.98851705471287,1
258,1,18.75,6,4.98851705471287,10.4384314300472,1
258,1,18.75,6,10.4384314300472,18.75,0
259,1,9.75,6,0,0.0070551780490872,1
259,1,9.75,6,0.0070551780490872,0.418447402486276,1
259,1,9.75,6,0.418447402486276,0.814841333526775,1
259,1,9.75,6,0.814841333526775,0.915351979564885,1
259,1,9.75,6,0.915351979564885,1.57738436652037,1
259,1,9.75,6,1.57738436652037,8.49544176935335,1
259,1,9.75,6,8.49544176935335,9.75,0
260,1,20.75,2,0,14.4597615739565,1
260,1,20.75,2,14.4597615739565,15.6936505594914,1
260,1,20.75,2,15.6936505594914,20.75,0
261,1,9.75,2,0,2.30484975298796,1
261,1,9.75,2,2.30484975298796,9.26567500720108,1
261,1,9.75,2,9.26567500720108,9.75,0
262,1,15.75,2,0,2.19675602686042,1
262,1,15.75,2,2.19675602686042,2.74735694504636,1
262,1,15.75,2,2.74735694504636,15.75,0
263,1,16.75,91,0,3.32659006596245,1
263,1,16.75,91,3.32659006596245,3.55433398967289,1
263,1,16.75,91,3.55433398967289,4.44482426138532,1
263,1,16.75,91,4.44482426138532,4.48491009263113,1
263,1,16.75,91,4.48491009263113,4.81857929312348,1
263,1,16.75,91,4.81857929312348,5.54096261277289,1
263,1,16.75,91,5.54096261277289,5.60185282989577,1
263,1,16.75,91,5.60185282989577,5.73889923866972,1
263,1,16.75,91,5.73889923866972,6.27832374941081,1
263,1,16.75,91,6.27832374941081,6.32781311782338,1
263,1,16.75,91,6.32781311782338,6.45846651652654,1
263,1,16.75,91,6.45846651652654,6.86661275706069,1
263,1,16.75,91,6.86661275706069,6.93315374983136,1
263,1,16.75,91,6.93315374983136,7.29710715569894,1
263,1,16.75,91,7.29710715569894,7.5599416185552,1
263,1,16.75,91,7.5599416185552,7.66632840249768,1
263,1,16.75,91,7.66632840249768,7.85596553705231,1
263,1,16.75,91,7.85596553705231,8.2495532063967,1
263,1,16.75,91,8.2495532063967,8.51136668464588,1
263,1,16.75,91,8.51136668464588,8.5185111165386,1
263,1,16.75,91,8.5185111165386,8.77236047227426,1
263,1,16.75,91,8.77236047227426,9.25719376034871,1
263,1,16.75,91,9.25719376034871,9.49824875673923,1
263,1,16.75,91,9.49824875673923,9.62291468301217,1
263,1,16.75,91,9.62291468301217,9.76393506851677,1
263,1,16.75,91,9.76393506851677,9.83245903136051,1
263,1,16.75,91,9.83245903136051,9.94580040859053,1
263,1,16.75,91,9.94580040859053,10.068481500215,1
263,1,16.75,91,10.068481500215,10.0983398768461,1
263,1,16.75,91,10.0983398768461,10.1149533804415,1
263,1,16.75,91,10.1149533804415,10.4471175095987,1
263,1,16.75,91,10.4471175095987,11.1898776067315,1
263,1,16.75,91,11.1898776067315,11.5235649098284,1
263,1,16.75,91,11.5235649098284,11.5408799941553,1
263,1,16.75,91,11.5408799941553,11.5456134425629,1
263,1,16.75,91,11.5456134425629,11.5747898456761,1
263,1,16.75,91,11.5747898456761,11.6045938806173,1
263,1,16.75,91,11.6045938806173,11.8139589172597,1
263,1,16.75,91,11.8139589172597,12.1445376747796,1
263,1,16.75,91,12.1445376747796,12.4466057683015,1
263,1,16.75,91,12.4466057683015,12.4585460209047,1
263,1,16.75,91,12.4585460209047,12.4682509045501,1
263,1,16.75,91,12.4682509045501,12.5942058713453,1
263,1,16.75,91,12.5942058713453,12.9073345963476,1
263,1,16.75,91,12.9073345963476,12.9699004500219,1
263,1,16.75,91,12.9699004500219,12.9925810101222,1
263,1,16.75,91,12.9925810101222,13.2597120671377,1
263,1,16.75,91,13.2597120671377,13.277056115261,1
263,1,16.75,91,13.277056115261,13.2801750219092,1
263,1,16.75,91,13.2801750219092,13.3026901076343,1
263,1,16.75,91,13.3026901076343,13.3158730560621,1
263,1,16.75,91,13.3158730560621,13.4476922138042,1
263,1,16.75,91,13.4476922138042,13.4489454500462,1
263,1,16.75,91,13.4489454500462,13.6305807066458,1
263,1,16.75,91,13.6305807066458,13.640267292533,1
263,1,16.75,91,13.640267292533,13.6492251787381,1
263,1,16.75,91,13.6492251787381,13.7013938528804,1
263,1,16.75,91,13.7013938528804,13.7111688811091,1
263,1,16.75,91,13.7111688811091,13.7116463304523,1
263,1,16.75,91,13.7116463304523,13.8259879005157,1
263,1,16.75,91,13.8259879005157,13.8570053839133,1
263,1,16.75,91,13.8570053839133,13.9425435741179,1
263,1,16.75,91,13.9425435741179,13.9726033186964,1
263,1,16.75,91,13.9726033186964,14.0051894902246,1
263,1,16.75,91,14.0051894902246,14.062300429145,1
263,1,16.75,91,14.062300429145,14.1273451626716,1
263,1,16.75,91,14.1273451626716,14.1889950142696,1
263,1,16.75,91,14.1889950142696,14.2628000116428,1
263,1,16.75,91,14.2628000116428,14.4532657627127,1
263,1,16.75,91,14.4532657627127,14.5068959269164,1
263,1,16.75,91,14.5068959269164,14.6389355927008,1
263,1,16.75,91,14.6389355927008,14.6716583456932,1
263,1,16.75,91,14.6716583456932,14.6754610144729,1
263,1,16.75,91,14.6754610144729,14.7392232105197,1
263,1,16.75,91,14.7392232105197,14.7750044348633,1
263,1,16.75,91,14.7750044348633,14.810381433123,1
263,1,16.75,91,14.810381433123,14.8487861747399,1
263,1,16.75,91,14.8487861747399,14.8853470917913,1
263,1,16.75,91,14.8853470917913,14.9911417721159,1
263,1,16.75,91,14.9911417721159,15.2717032683439,1
263,1,16.75,91,15.2717032683439,15.3648151427135,1
263,1,16.75,91,15.3648151427135,15.8078392160245,1
263,1,16.75,91,15.8078392160245,15.9747929263044,1
263,1,16.75,91,15.9747929263044,16.0224598275568,1
263,1,16.75,91,16.0224598275568,16.0418987649242,1
263,1,16.75,91,16.0418987649242,16.0736051297339,1
263,1,16.75,91,16.0736051297339,16.0908165846655,1
263,1,16.75,91,16.0908165846655,16.3894864677464,1
263,1,16.75,91,16.3894864677464,16.4659062690003,1
263,1,16.75,91,16.4659062690003,16.5063820753877,1
263,1,16.75,91,16.5063820753877,16.6194491866753,1
263,1,16.75,91,16.6194491866753,16.75,0
264,1,12.75,0,0,12.75,0
265,1,11.75,25,0,2.86354009196385,1
265,1,11.75,25,2.86354009196385,4.83474329328053,1
265,1,11.75,25,4.83474329328053,7.32193423247719,1
265,1,11.75,25,7.32193423247719,8.22355423215864,1
265,1,11.75,25,8.22355423215864,8.34309604607589,1
265,1,11.75,25,8.34309604607589,8.41046619443961,1
265,1,11.75,25,8.41046619443961,8.51477542438807,1
265,1,11.75,25,8.51477542438807,8.69050967504825,1
265,1,11.75,25,8.69050967504825,8.81070089219406,1
265,1,11.75,25,8.81070089219406,9.03322637780641,1
265,1,11.75,25,9.03322637780641,9.06660954482355,1
265,1,11.75,25,9.06660954482355,9.49726838009146,1
265,1,11.75,25,9.49726838009146,9.6516758677435,1
265,1,11.75,25,9.6516758677435,9.68070591733985,1
265,1,11.75,25,9.68070591733985,9.81002139888884,1
265,1,11.75,25,9.81002139888884,10.4582648803093,1
265,1,11.75,25,10.4582648803093,10.5830397264742,1
265,1,11.75,25,10.5830397264742,10.5865677955825,1
265,1,11.75,25,10.5865677955825,10.766170640895,1
265,1,11.75,25,10.766170640895,10.7911494670174,1
265,1,11.75,25,10.7911494670174,10.85344230546,1
265,1,11.75,25,10.85344230546,10.9785379678964,1
265,1,11.75,25,10.9785379678964,11.1416108771634,1
265,1,11.75,25,11.1416108771634,11.1707351093051,1
265,1,11.75,25,11.1707351093051,11.7460241439955,1
265,1,11.75,25,11.7460241439955,11.75,0
266,1,11.75,0,0,11.75,0
267,1,17.75,1,0,9.59552321451122,1
267,1,17.75,1,9.59552321451122,17.75,0
268,1,14.75,4,0,0.24966150324208,1
268,1,14.75,4,0.24966150324208,4.13202887299502,1
268,1,14.75,4,4.13202887299502,8.72785898449513,1
268,1,14.75,4,8.72785898449513,11.4443202939391,1
268,1,14.75,4,11.4443202939391,14.75,0
269,1,15.75,4,0,0.109020622967267,1
269,1,15.75,4,0.109020622967267,4.32417555422192,1
269,1,15.75,4,4.32417555422192,4.38733415761161,1
269,1,15.75,4,4.38733415761161,5.89961287202457,1
269,1,15.75,4,5.89961287202457,15.75,0
270,1,16.75,2,0,9.95622196703146,1
270,1,16.75,2,9.95622196703146,12.5214981283176,1
270,1,16.75,2,12.5214981283176,16.75,0
271,1,10.75,0,0,10.75,0
272,1,13.75,2,0,0.0540454783064249,1
272,1,13.75,2,0.0540454783064249,4.15079927701479,1
272,1,13.75,2,4.15079927701479,13.75,0
273,1,12.75,5,0,0.0862813486342525,1
273,1,12.75,5,0.0862813486342525,1.39910340596642,1
273,1,12.75,5,1.39910340596642,2.90125675547515,1
273,1,12.75,5,2.90125675547515,3.69870956214743,1
273,1,12.75,5,3.69870956214743,5.48493495509004,1
273,1,12.75,5,5.48493495509004,12.75,0
274,1,13.75,26,0,2.74886070370445,1
274,1,13.75,26,2.74886070370445,5.64143568046599,1
274,1,13.75,26,5.64143568046599,6.2450841743424,1
274,1,13.75,26,6.2450841743424,7.47845005067647,1
274,1,13.75,26,7.47845005067647,7.75165526467603,1
274,1,13.75,26,7.75165526467603,8.47201491989994,1
274,1,13.75,26,8.47201491989994,8.77016080790774,1
274,1,13.75,26,8.77016080790774,8.90025842904411,1
274,1,13.75,26,8.90025842904411,9.01014016470151,1
274,1,13.75,26,9.01014016470151,9.3878545111254,1
274,1,13.75,26,9.3878545111254,9.41284017232333,1
274,1,13.75,26,9.41284017232333,10.1230536255894,1
274,1,13.75,26,10.1230536255894,10.1876348489764,1
274,1,13.75,26,10.1876348489764,10.5232894223307,1
274,1,13.75,26,10.5232894223307,11.3809657425085,1
274,1,13.75,26,11.3809657425085,11.4117567917424,1
274,1,13.75,26,11.4117567917424,11.6305586848578,1
274,1,13.75,26,11.6305586848578,11.8517046705896,1
274,1,13.75,26,11.8517046705896,11.9537031033717,1
274,1,13.75,26,11.9537031033717,12.0057588263518,1
274,1,13.75,26,12.0057588263518,12.345703246952,1
274,1,13.75,26,12.345703246952,13.110950980952,1
274,1,13.75,26,13.110950980952,13.4470387505749,1
274,1,13.75,26,13.4470387505749,13.6183577556667,1
274,1,13.75,26,13.6183577556667,13.6230835955541,1
274,1,13.75,26,13.6230835955541,13.6812661182047,1
274,1,13.75,26,13.6812661182047,13.75,0
275,1,13.75,0,0,13.75,0
276,1,12.75,0,0,12.75,0
277,1,11.75,0,0,11.75,0
278,1,20.75,3,0,0.0894689646599255,1
278,1,20.75,3,0.0894689646599255,1.77755306017436,1
278,1,20.75,3,1.77755306017436,9.06761787267503,1
278,1,20.75,3,9.06761787267503,20.75,0
279,1,18.75,0,0,18.75,0
280,1,8.75,10,0,5.34693994175075,1
280,1,8.75,10,5.34693994175075,5.43707524689131,1
280,1,8.75,10,5.43707524689131,6.99037223017735,1
280,1,8.75,10,6.99037223017735,7.28470726744885,1
280,1,8.75,10,7.28470726744885,7.38442300940821,1
280,1,8.75,10,7.38442300940821,7.62986948628612,1
280,1,8.75,10,7.62986948628612,7.98903919120325,1
280,1,8.75,10,7.98903919120325,8.17012851133901,1
280,1,8.75,10,8.17012851133901,8.26962421384217,1
280,1,8.75,10,8.26962421384217,8.34910743417941,1
280,1,8.75,10,8.34910743417941,8.75,0
281,1,9.75,0,0,9.75,0
282,1,13.75,0,0,13.75,0
283,1,18.75,0,0,18.75,0
284,1,16.75,71,0,1.22649580381241,1
284,1,16.75,71,1.22649580381241,2.25008239906695,1
284,1,16.75,71,2.25008239906695,3.2956119050756,1
284,1,16.75,71,3.2956119050756,5.12030679709911,1
284,1,16.75,71,5.12030679709911,5.35863916591535,1
284,1,16.75,71,5.35863916591535,6.3969373428251,1
284,1,16.75,71,6.3969373428251,6.73513821127483,1
284,1,16.75,71,6.73513821127483,7.86705723844081,1
284,1,16.75,71,7.86705723844081,8.23440686480583,1
284,1,16.75,71,8.23440686480583,8.37652397670299,1
284,1,16.75,71,8.37652397670299,9.06208319943265,1
284,1,16.75,71,9.06208319943265,9.20741277357735,1
284,1,16.75,71,9.20741277357735,9.24764404508228,1
284,1,16.75,71,9.24764404508228,9.26213234063226,1
284,1,16.75,71,9.26213234063226,9.71783141694139,1
284,1,16.75,71,9.71783141694139,9.8497546694442,1
284,1,16.75,71,9.8497546694442,10.1488539270046,1
284,1,16.75,71,10.1488539270046,10.249332622513,1
284,1,16.75,71,10.249332622513,10.5771115287852,1
284,1,16.75,71,10.5771115287852,10.7662883573364,1
284,1,16.75,71,10.7662883573364,10.844417166062,1
284,1,16.75,71,10.844417166062,11.4114153234455,1
284,1,16.75,71,11.4114153234455,11.4386805448278,1
284,1,16.75,71,11.4386805448278,11.5737128734354,1
284,1,16.75,71,11.5737128734354,11.9765087706932,1
284,1,16.75,71,11.9765087706932,12.1183006965842,1
284,1,16.75,71,12.1183006965842,12.4083271826311,1
284,1,16.75,71,12.4083271826311,12.4437745189168,1
284,1,16.75,71,12.4437745189168,12.586512821593,1
284,1,16.75,71,12.586512821593,12.6271520218074,1
284,1,16.75,71,12.6271520218074,12.6391095810467,1
284,1,16.75,71,12.6391095810467,12.6517898431159,1
284,1,16.75,71,12.6517898431159,12.7487062767606,1
284,1,16.75,71,12.7487062767606,13.0952610133585,1
284,1,16.75,71,13.0952610133585,13.1774505100135,1
284,1,16.75,71,13.1774505100135,13.4130736573648,1
284,1,16.75,71,13.4130736573648,13.5632729622703,1
284,1,16.75,71,13.5632729622703,13.5660926763778,1
284,1,16.75,71,13.5660926763778,13.5842256574729,1
284,1,16.75,71,13.5842256574729,13.5856186844327,1
284,1,16.75,71,13.5856186844327,13.830546701413,1
284,1,16.75,71,13.830546701413,13.8868958793827,1
284,1,16.75,71,13.8868958793827,13.9075735614229,1
284,1,16.75,71,13.9075735614229,14.2743146044996,1
284,1,16.75,71,14.2743146044996,14.2897082629032,1
284,1,16.75,71,14.2897082629032,14.3456641099334,1
284,1,16.75,71,14.3456641099334,14.4028608916938,1
284,1,16.75,71,14.4028608916938,14.4678369352739,1
284,1,16.75,71,14.4678369352739,14.6183813489189,1
284,1,16.75,71,14.6183813489189,14.6502763595088,1
284,1,16.75,71,14.6502763595088,14.6950430123022,1
284,1,16.75,71,14.6950430123022,14.7574419373091,1
284,1,16.75,71,14.7574419373091,14.8937604726973,1
284,1,16.75,71,14.8937604726973,15.1021902529553,1
284,1,16.75,71,15.1021902529553,15.2043561363161,1
284,1,16.75,71,15.2043561363161,15.3103224349126,1
284,1,16.75,71,15.3103224349126,15.3156501211954,1
284,1,16.75,71,15.3156501211954,15.4838831496713,1
284,1,16.75,71,15.4838831496713,15.5196078841002,1
284,1,16.75,71,15.5196078841002,15.5577446884759,1
284,1,16.75,71,15.5577446884759,15.6479800646645,1
284,1,16.75,71,15.6479800646645,15.709421535884,1
284,1,16.75,71,15.709421535884,15.8336275270874,1
284,1,16.75,71,15.8336275270874,16.0794713603501,1
284,1,16.75,71,16.0794713603501,16.1143480164901,1
284,1,16.75,71,16.1143480164901,16.1884109692504,1
284,1,16.75,71,16.1884109692504,16.2300275086142,1
284,1,16.75,71,16.2300275086142,16.3459889074603,1
284,1,16.75,71,16.3459889074603,16.6559538115838,1
284,1,16.75,71,16.6559538115838,16.6566089435342,1
284,1,16.75,71,16.6566089435342,16.7313058185097,1
284,1,16.75,71,16.7313058185097,16.75,0
285,1,9.75,6,0,0.295489840009409,1
285,1,9.75,6,0.295489840009409,0.351545577040063,1
285,1,9.75,6,0.351545577040063,0.387612293634228,1
285,1,9.75,6,0.387612293634228,1.31914184082532,1
285,1,9.75,6,1.31914184082532,2.78077325782623,1
285,1,9.75,6,2.78077325782623,3.19986836690836,1
285,1,9.75,6,3.19986836690836,9.75,0
286,1,8.75,11,0,2.49183651695581,1
286,1,8.75,11,2.49183651695581,3.681222309476,1
286,1,8.75,11,3.681222309476,4.08154393142024,1
286,1,8.75,11,4.08154393142024,4.27290700911811,1
286,1,8.75,11,4.27290700911811,4.72442789514636,1
286,1,8.75,11,4.72442789514636,5.09454613354649,1
286,1,8.75,11,5.09454613354649,6.22938857140954,1
286,1,8.75,11,6.22938857140954,6.4782103515098,1
286,1,8.75,11,6.4782103515098,6.71690296651409,1
286,1,8.75,11,6.71690296651409,6.91277802109262,1
286,1,8.75,11,6.91277802109262,7.59128951177898,1
286,1,8.75,11,7.59128951177898,8.75,0
287,1,8.75,0,0,8.75,0
288,1,16.75,23,0,2.17133059575171,1
288,1,16.75,23,2.17133059575171,3.29371548175655,1
288,1,16.75,23,3.29371548175655,3.73500249113569,1
288,1,16.75,23,3.73500249113569,6.24280048476968,1
288,1,16.75,23,6.24280048476968,8.29089831376938,1
288,1,16.75,23,8.29089831376938,8.57982403231019,1
288,1,16.75,23,8.57982403231019,9.49910460032349,1
288,1,16.75,23,9.49910460032349,9.67445379518978,1
288,1,16.75,23,9.67445379518978,12.8612798537571,1
288,1,16.75,23,12.8612798537571,13.2852151177512,1
288,1,16.75,23,13.2852151177512,13.2875675839488,1
288,1,16.75,23,13.2875675839488,13.5877696992361,1
288,1,16.75,23,13.5877696992361,13.6583683673079,1
288,1,16.75,23,13.6583683673079,13.7215320891524,1
288,1,16.75,23,13.7215320891524,14.5816699825199,1
288,1,16.75,23,14.5816699825199,14.6682743227475,1
288,1,16.75,23,14.6682743227475,15.0704863280011,1
288,1,16.75,23,15.0704863280011,15.8074455970991,1
288,1,16.75,23,15.8074455970991,16.0305311604328,1
288,1,16.75,23,16.0305311604328,16.2940376034335,1
288,1,16.75,23,16.2940376034335,16.3347640833062,1
288,1,16.75,23,16.3347640833062,16.4979485637304,1
288,1,16.75,23,16.4979485637304,16.6358513618111,1
288,1,16.75,23,16.6358513618111,16.75,0
289,1,13.75,1,0,4.72604108524771,1
289,1,13.75,1,4.72604108524771,13.75,0
290,1,16.75,0,0,16.75,0
291,1,8.75,1,0,2.24259396281392,1
291,1,8.75,1,2.24259396281392,8.75,0
292,1,11.75,13,0,1.89204050416909,1
292,1,11.75,13,1.89204050416909,3.08574335854541,1
292,1,11.75,13,3.08574335854541,6.00994864023928,1
292,1,11.75,13,6.00994864023928,6.10950892258394,1
292,1,11.75,13,6.10950892258394,7.58068305687808,1
292,1,11.75,13,7.58068305687808,8.4097630252183,1
292,1,11.75,13,8.4097630252183,9.61967374729853,1
292,1,11.75,13,9.61967374729853,9.73508938395165,1
292,1,11.75,13,9.73508938395165,9.82522246631096,1
292,1,11.75,13,9.82522246631096,10.2762160204418,1
292,1,11.75,13,10.2762160204418,10.3976551460433,1
292,1,11.75,13,10.3976551460433,11.2223502993065,1
292,1,11.75,13,11.2223502993065,11.4946283981172,1
292,1,11.75,13,11.4946283981172,11.75,0
293,1,8.75,1,0,1.72550461304248,1
293,1,8.75,1,1.72550461304248,8.75,0
294,1,8.75,11,0,4.74564872541631,1
294,1,8.75,11,4.74564872541631,5.94926228421149,1
294,1,8.75,11,5.94926228421149,6.34901640098146,1
294,1,8.75,11,6.34901640098146,6.57472422799889,1
294,1,8.75,11,6.57472422799889,6.81805299315418,1
294,1,8.75,11,6.81805299315418,6.86381147535709,1
294,1,8.75,11,6.86381147535709,8.17319904622613,1
294,1,8.75,11,8.17319904622613,8.18837737947019,1
294,1,8.75,11,8.18837737947019,8.24081788763283,1
294,1,8.75,11,8.24081788763283,8.4527879802835,1
294,1,8.75,11,8.4527879802835,8.71407887246045,1
294,1,8.75,11,8.71407887246045,8.75,0
295,1,15.75,0,0,15.75,0
296,1,14.75,0,0,14.75,0
297,1,12.75,1,0,0.847141113657404,1
297,1,12.75,1,0.847141113657404,12.75,0
298,1,12.75,2,0,3.37525876630569,1
298,1,12.75,2,3.37525876630569,7.65125930543966,1
298,1,12.75,2,7.65125930543966,12.75,0
299,1,18.75,2,0,3.09507464803752,1
299,1,18.75,2,3.09507464803752,17.491946306417,1
299,1,18.75,2,17.491946306417,18.75,0
300,1,17.75,35,0,2.06149962927509,1
300,1,17.75,35,2.06149962927509,4.23135126071901,1
300,1,17.75,35,4.23135126071901,4.80254295229529,1
300,1,17.75,35,4.80254295229529,5.52710328186644,1
300,1,17.75,35,5.52710328186644,6.83351399638653,1
300,1,17.75,35,6.83351399638653,7.2187864406792,1
300,1,17.75,35,7.2187864406792,8.33829962470474,1
300,1,17.75,35,8.33829962470474,8.71652633956458,1
300,1,17.75,35,8.71652633956458,9.22749166381007,1
300,1,17.75,35,9.22749166381007,10.1218199212233,1
300,1,17.75,35,10.1218199212233,10.1351951738721,1
300,1,17.75,35,10.1351951738721,10.791965118654,1
300,1,17.75,35,10.791965118654,10.8928728818985,1
300,1,17.75,35,10.8928728818985,11.0624575744448,1
300,1,17.75,35,11.0624575744448,11.4677641633791,1
300,1,17.75,35,11.4677641633791,12.2107214503628,1
300,1,17.75,35,12.2107214503628,12.2354511582604,1
300,1,17.75,35,12.2354511582604,13.2382461022422,1
300,1,17.75,35,13.2382461022422,13.5338852529379,1
300,1,17.75,35,13.5338852529379,14.1992844146296,1
300,1,17.75,35,14.1992844146296,14.2413018781989,1
300,1,17.75,35,14.2413018781989,14.5552649461886,1
300,1,17.75,35,14.5552649461886,15.4035472343023,1
300,1,17.75,35,15.4035472343023,15.4178667330191,1
300,1,17.75,35,15.4178667330191,16.2004678783114,1
300,1,17.75,35,16.2004678783114,16.3066811861823,1
300,1,17.75,35,16.3066811861823,16.3532394163485,1
300,1,17.75,35,16.3532394163485,16.5953002152634,1
300,1,17.75,35,16.5953002152634,16.8206427419265,1
300,1,17.75,35,16.8206427419265,16.9107593531541,1
300,1,17.75,35,16.9107593531541,16.9796713232024,1
300,1,17.75,35,16.9796713232024,17.0653331530448,1
300,1,17.75,35,17.0653331530448,17.0976704712058,1
300,1,17.75,35,17.0976704712058,17.5640423383145,1
300,1,17.75,35,17.5640423383145,17.6067553905141,1
300,1,17.75,35,17.6067553905141,17.75,0
301,0,14.75,28,0,2.25217372865637,1
301,0,14.75,28,2.25217372865637,3.69390978017981,1
301,0,14.75,28,3.69390978017981,4.19665984029759,1
301,0,14.75,28,4.19665984029759,4.67895821434463,1
301,0,14.75,28,4.67895821434463,5.05323496781696,1
301,0,14.75,28,5.05323496781696,5.41307950367871,1
301,0,14.75,28,5.41307950367871,6.53217861523248,1
301,0,14.75,28,6.53217861523248,7.13375619053619,1
301,0,14.75,28,7.13375619053619,7.730372883014,1
301,0,14.75,28,7.730372883014,7.92266216511637,1
301,0,14.75,28,7.92266216511637,8.56283410749242,1
301,0,14.75,28,8.56283410749242,8.84863290261588,1
301,0,14.75,28,8.84863290261588,8.86557565410085,1
301,0,14.75,28,8.86557565410085,9.3948004588092,1
301,0,14.75,28,9.3948004588092,9.42485211962387,1
301,0,14.75,28,9.42485211962387,9.42825807137298,1
301,0,14.75,28,9.42825807137298,10.7584660397574,1
301,0,14.75,28,10.7584660397574,11.2757316345181,1
301,0,14.75,28,11.2757316345181,11.4480586109022,1
301,0,14.75,28,11.4480586109022,12.1025003598197,1
301,0,14.75,28,12.1025003598197,13.1061256204017,1
301,0,14.75,28,13.1061256204017,13.2508766639577,1
301,0,14.75,28,13.2508766639577,13.403920951664,1
301,0,14.75,28,13.403920951664,13.6764809396395,1
301,0,14.75,28,13.6764809396395,13.971008454051,1
301,0,14.75,28,13.971008454051,14.2123768525989,1
301,0,14.75,28,14.2123768525989,14.3519302802226,1
301,0,14.75,28,14.3519302802226,14.4735072696796,1
301,0,14.75,28,14.4735072696796,14.75,0
302,0,13.75,22,0,2.81351708783875,1
302,0,13.75,22,2.81351708783875,4.56580888870918,1
302,0,13.75,22,4.56580888870918,6.23620267900473,1
302,0,13.75,22,6.23620267900473,7.64405345497182,1
302,0,13.75,22,7.64405345497182,8.80802853616046,1
302,0,13.75,22,8.80802853616046,9.21566407981969,1
302,0,13.75,22,9.21566407981969,9.40640549725664,1
302,0,13.75,22,9.40640549725664,9.43953754756065,1
302,0,13.75,22,9.43953754756065,9.61274475321159,1
302,0,13.75,22,9.61274475321159,9.97381280692502,1
302,0,13.75,22,9.97381280692502,10.1165996032276,1
302,0,13.75,22,10.1165996032276,10.3654161907049,1
302,0,13.75,22,10.3654161907049,10.6037087385192,1
302,0,13.75,22,10.6037087385192,11.2050816928172,1
302,0,13.75,22,11.2050816928172,11.3121356680883,1
302,0,13.75,22,11.3121356680883,11.4547228139112,1
302,0,13.75,22,11.4547228139112,11.7921822295977,1
302,0,13.75,22,11.7921822295977,12.2950873919902,1
302,0,13.75,22,12.2950873919902,12.5624039939327,1
302,0,13.75,22,12.5624039939327,12.6832029569518,1
302,0,13.75,22,12.6832029569518,12.8554946381028,1
302,0,13.75,22,12.8554946381028,13.2607191488926,1
302,0,13.75,22,13.2607191488926,13.75,0
303,0,11.75,1,0,0.430284058591998,1
303,0,11.75,1,0.430284058591998,11.75,0
304,0,14.75,23,0,3.81325618473756,1
304,0,14.75,23,3.81325618473756,5.1590682394808,1
304,0,14.75,23,5.1590682394808,5.97994117639414,1
304,0,14.75,23,5.97994117639414,7.56317001460829,1
304,0,14.75,23,7.56317001460829,8.55103787499531,1
304,0,14.75,23,8.55103787499531,8.70439709430285,1
304,0,14.75,23,8.70439709430285,9.31497370428906,1
304,0,14.75,23,9.31497370428906,9.56288176095266,1
304,0,14.75,23,9.56288176095266,9.62533055310388,1
304,0,14.75,23,9.62533055310388,9.67744518085276,1
304,0,14.75,23,9.67744518085276,11.1374843765268,1
304,0,14.75,23,11.1374843765268,11.4099069656532,1
304,0,14.75,23,11.4099069656532,12.0018083759693,1
304,0,14.75,23,12.0018083759693,12.6120429027879,1
304,0,14.75,23,12.6120429027879,12.7367506584187,1
304,0,14.75,23,12.7367506584187,12.8546542245501,1
304,0,14.75,23,12.8546542245501,13.0017763775577,1
304,0,14.75,23,13.0017763775577,13.0418932350986,1
304,0,14.75,23,13.0418932350986,13.2041675513157,1
304,0,14.75,23,13.2041675513157,13.2584200680752,1
304,0,14.75,23,13.2584200680752,13.6016624985225,1
304,0,14.75,23,13.6016624985225,13.7221636750515,1
304,0,14.75,23,13.7221636750515,14.3169823919982,1
304,0,14.75,23,14.3169823919982,14.75,0
305,0,13.75,5,0,0.0965145527294579,1
305,0,13.75,5,0.0965145527294579,0.775949593616919,1
305,0,13.75,5,0.775949593616919,1.75137362191289,1
305,0,13.75,5,1.75137362191289,2.07337164972395,1
305,0,13.75,5,2.07337164972395,2.83979882768571,1
305,0,13.75,5,2.83979882768571,13.75,0
306,0,10.75,0,0,10.75,0
307,0,11.75,13,0,2.94577980784427,1
307,0,11.75,13,2.94577980784427,3.09942170394186,1
307,0,11.75,13,3.09942170394186,5.41068785929047,1
307,0,11.75,13,5.41068785929047,6.4677807077566,1
307,0,11.75,13,6.4677807077566,6.64039686369063,1
307,0,11.75,13,6.64039686369063,6.65379965232286,1
307,0,11.75,13,6.65379965232286,7.94618182461148,1
307,0,11.75,13,7.94618182461148,8.627284045085,1
307,0,11.75,13,8.627284045085,8.90599924227381,1
307,0,11.75,13,8.90599924227381,9.68934488946559,1
307,0,11.75,13,9.68934488946559,9.77784666062843,1
307,0,11.75,13,9.77784666062843,10.3640257213703,1
307,0,11.75,13,10.3640257213703,11.4590621492231,1
307,0,11.75,13,11.4590621492231,11.75,0
308,0,11.75,0,0,11.75,0
309,0,16.75,7,0,0.00375764362426974,1
309,0,16.75,7,0.00375764362426974,0.179442861942196,1
309,0,16.75,7,0.179442861942196,0.671968344215957,1
309,0,16.75,7,0.671968344215957,4.44160518100566,1
309,0,16.75,7,4.44160518100566,5.74850725560032,1
309,0,16.75,7,5.74850725560032,9.5729767577016,1
309,0,16.75,7,9.5729767577016,11.8585530867134,1
309,0,16.75,7,11.8585530867134,16.75,0
310,0,16.75,40,0,1.10922773448123,1
310,0,16.75,40,1.10922773448123,3.59224129663592,1
310,0,16.75,40,3.59224129663592,3.66240241511572,1
310,0,16.75,40,3.66240241511572,4.28127134237015,1
310,0,16.75,40,4.28127134237015,4.61742127933333,1
310,0,16.75,40,4.61742127933333,4.884449498646,1
310,0,16.75,40,4.884449498646,4.92838280032317,1
310,0,16.75,40,4.92838280032317,5.33020032712431,1
310,0,16.75,40,5.33020032712431,5.80506180561554,1
310,0,16.75,40,5.80506180561554,5.91042991744491,1
310,0,16.75,40,5.91042991744491,7.17188438330304,1
310,0,16.75,40,7.17188438330304,7.75453010924761,1
310,0,16.75,40,7.75453010924761,8.11694216561029,1
310,0,16.75,40,8.11694216561029,8.36575761772721,1
310,0,16.75,40,8.36575761772721,8.95401052088904,1
310,0,16.75,40,8.95401052088904,9.21789379202839,1
310,0,16.75,40,9.21789379202839,9.34338386002392,1
310,0,16.75,40,9.34338386002392,9.48585228984826,1
310,0,16.75,40,9.48585228984826,9.97408945003916,1
310,0,16.75,40,9.97408945003916,10.1443024921237,1
310,0,16.75,40,10.1443024921237,11.5447515921632,1
310,0,16.75,40,11.5447515921632,12.171900224498,1
310,0,16.75,40,12.171900224498,12.3368245677492,1
310,0,16.75,40,12.3368245677492,12.4577135338882,1
310,0,16.75,40,12.4577135338882,12.7077237195823,1
310,0,16.75,40,12.7077237195823,13.151489351583,1
310,0,16.75,40,13.151489351583,13.7859576669165,1
310,0,16.75,40,13.7859576669165,13.9632699709207,1
310,0,16.75,40,13.9632699709207,14.1313494360294,1
310,0,16.75,40,14.1313494360294,14.2667783511949,1
310,0,16.75,40,14.2667783511949,14.3905387236405,1
310,0,16.75,40,14.3905387236405,14.5992897181733,1
310,0,16.75,40,14.5992897181733,14.6867040530389,1
310,0,16.75,40,14.6867040530389,14.9069423394427,1
310,0,16.75,40,14.9069423394427,16.1097975646869,1
310,0,16.75,40,16.1097975646869,16.1385287891698,1
310,0,16.75,40,16.1385287891698,16.2174116695507,1
310,0,16.75,40,16.2174116695507,16.4286274523767,1
310,0,16.75,40,16.4286274523767,16.4306342808512,1
310,0,16.75,40,16.4306342808512,16.6581050261278,1
310,0,16.75,40,16.6581050261278,16.75,0
311,0,8.75,2,0,0.160441929221099,1
311,0,8.75,2,0.160441929221099,1.6106798220365,1
311,0,8.75,2,1.6106798220365,8.75,0
312,0,17.75,1,0,0.992654059955775,1
312,0,17.75,1,0.992654059955775,17.75,0
313,0,16.75,0,0,16.75,0
314,0,18.75,0,0,18.75,0
315,0,8.75,2,0,0.63332448843956,1
315,0,8.75,2,0.63332448843956,3.42436051917102,1
315,0,8.75,2,3.42436051917102,8.75,0
316,0,11.75,0,0,11.75,0
317,0,14.75,2,0,3.27749779773895,1
317,0,14.75,2,3.27749779773895,11.120024813306,1
317,0,14.75,2,11.120024813306,14.75,0
318,0,10.75,0,0,10.75,0
319,0,13.75,1,0,1.31472747587952,1
319,0,13.75,1,1.31472747587952,13.75,0
320,0,15.75,2,0,2.68203147190175,1
320,0,15.75,2,2.68203147190175,6.05713149082046,1
320,0,15.75,2,6.05713149082046,15.75,0
321,0,12.75,0,0,12.75,0
322,0,17.75,2,0,10.6402559229822,1
322,0,17.75,2,10.6402559229822,15.4513642671051,1
322,0,17.75,2,15.4513642671051,17.75,0
323,0,17.75,25,0,4.59982111932002,1
323,0,17.75,25,4.59982111932002,8.19788564174877,1
323,0,17.75,25,8.19788564174877,8.25244842566174,1
323,0,17.75,25,8.25244842566174,8.62648235654175,1
323,0,17.75,25,8.62648235654175,9.8156109310279,1
323,0,17.75,25,9.8156109310279,10.2578972231289,1
323,0,17.75,25,10.2578972231289,10.2938253276575,1
323,0,17.75,25,10.2938253276575,12.1055262931359,1
323,0,17.75,25,12.1055262931359,13.006240649219,1
323,0,17.75,25,13.006240649219,13.197711379725,1
323,0,17.75,25,13.197711379725,14.1926739159996,1
323,0,17.75,25,14.1926739159996,14.3947514782951,1
323,0,17.75,25,14.3947514782951,14.3957595418563,1
323,0,17.75,25,14.3957595418563,14.4275643012931,1
323,0,17.75,25,14.4275643012931,15.0561973304105,1
323,0,17.75,25,15.0561973304105,15.1476588658452,1
323,0,17.75,25,15.1476588658452,15.1932891338789,1
323,0,17.75,25,15.1932891338789,15.3582594079269,1
323,0,17.75,25,15.3582594079269,15.997640838582,1
323,0,17.75,25,15.997640838582,16.7972882233378,1
323,0,17.75,25,16.7972882233378,17.0219629443561,1
323,0,17.75,25,17.0219629443561,17.4008456475669,1
323,0,17.75,25,17.4008456475669,17.4791642715992,1
323,0,17.75,25,17.4791642715992,17.5255138419137,1
323,0,17.75,25,17.5255138419137,17.5772075541393,1
323,0,17.75,25,17.5772075541393,17.75,0
324,0,18.75,39,0,6.36060609757632,1
324,0,18.75,39,6.36060609757632,7.51565127941455,1
324,0,18.75,39,7.51565127941455,7.76412074624073,1
324,0,18.75,39,7.76412074624073,7.9088562570472,1
324,0,18.75,39,7.9088562570472,8.46820601920989,1
324,0,18.75,39,8.46820601920989,9.08833639968613,1
324,0,18.75,39,9.08833639968613,9.31729376035582,1
324,0,18.75,39,9.31729376035582,10.1797664725841,1
324,0,18.75,39,10.1797664725841,12.7420943753138,1
324,0,18.75,39,12.7420943753138,12.748431957019,1
324,0,18.75,39,12.748431957019,13.2011305337337,1
324,0,18.75,39,13.2011305337337,13.4520833336526,1
324,0,18.75,39,13.4520833336526,13.6385347499003,1
324,0,18.75,39,13.6385347499003,14.1193055477902,1
324,0,18.75,39,14.1193055477902,14.4640386075351,1
324,0,18.75,39,14.4640386075351,14.6735194793528,1
324,0,18.75,39,14.6735194793528,15.0034752992219,1
324,0,18.75,39,15.0034752992219,15.0546794570489,1
324,0,18.75,39,15.0546794570489,15.1744006350361,1
324,0,18.75,39,15.1744006350361,15.9688057245353,1
324,0,18.75,39,15.9688057245353,16.2856990470284,1
324,0,18.75,39,16.2856990470284,16.4133868653852,1
324,0,18.75,39,16.4133868653852,16.5120731767093,1
324,0,18.75,39,16.5120731767093,16.5671206876312,1
324,0,18.75,39,16.5671206876312,16.9271196154635,1
324,0,18.75,39,16.9271196154635,16.940169117628,1
324,0,18.75,39,16.940169117628,16.9810515219281,1
324,0,18.75,39,16.9810515219281,17.1547323991529,1
324,0,18.75,39,17.1547323991529,17.2419691334923,1
324,0,18.75,39,17.2419691334923,17.3684833377268,1
324,0,18.75,39,17.3684833377268,17.5651308927896,1
324,0,18.75,39,17.5651308927896,17.8472180700782,1
324,0,18.75,39,17.8472180700782,17.9330259771282,1
324,0,18.75,39,17.9330259771282,17.9520705075677,1
324,0,18.75,39,17.9520705075677,18.1422529318156,1
324,0,18.75,39,18.1422529318156,18.1686304229649,1
324,0,18.75,39,18.1686304229649,18.1873610611088,1
324,0,18.75,39,18.1873610611088,18.3486066088821,1
324,0,18.75,39,18.3486066088821,18.4159963226768,1
324,0,18.75,39,18.4159963226768,18.75,0
325,0,16.75,39,0,0.443080497804395,1
325,0,16.75,39,0.443080497804395,3.53762711047054,1
325,0,16.75,39,3.53762711047054,4.55427731954802,1
325,0,16.75,39,4.55427731954802,5.04366651414682,1
325,0,16.75,39,5.04366651414682,5.45128400697228,1
325,0,16.75,39,5.45128400697228,6.18960066420357,1
325,0,16.75,39,6.18960066420357,7.05807108112283,1
325,0,16.75,39,7.05807108112283,8.19446766754344,1
325,0,16.75,39,8.19446766754344,8.3667192624731,1
325,0,16.75,39,8.3667192624731,8.84188588234313,1
325,0,16.75,39,8.84188588234313,9.08528466471377,1
325,0,16.75,39,9.08528466471377,9.20765776807418,1
325,0,16.75,39,9.20765776807418,9.22425636114334,1
325,0,16.75,39,9.22425636114334,9.279115620779,1
325,0,16.75,39,9.279115620779,9.33661056357202,1
325,0,16.75,39,9.33661056357202,9.81083838499614,1
325,0,16.75,39,9.81083838499614,10.8117150490432,1
325,0,16.75,39,10.8117150490432,10.9326189229835,1
325,0,16.75,39,10.9326189229835,11.1428637048448,1
325,0,16.75,39,11.1428637048448,11.3048128166063,1
325,0,16.75,39,11.3048128166063,11.3221298457032,1
325,0,16.75,39,11.3221298457032,11.6882260064395,1
325,0,16.75,39,11.6882260064395,12.2457567970722,1
325,0,16.75,39,12.2457567970722,12.3615644927014,1
325,0,16.75,39,12.3615644927014,12.7543724294885,1
325,0,16.75,39,12.7543724294885,12.8132772924542,1
325,0,16.75,39,12.8132772924542,13.4832070684252,1
325,0,16.75,39,13.4832070684252,13.5150131220873,1
325,0,16.75,39,13.5150131220873,14.0933178851063,1
325,0,16.75,39,14.0933178851063,14.0959608065596,1
325,0,16.75,39,14.0959608065596,14.2945494747084,1
325,0,16.75,39,14.2945494747084,14.4710690673763,1
325,0,16.75,39,14.4710690673763,14.9715668298421,1
325,0,16.75,39,14.9715668298421,14.9906334654578,1
325,0,16.75,39,14.9906334654578,15.081064721035,1
325,0,16.75,39,15.081064721035,15.8006131767989,1
325,0,16.75,39,15.8006131767989,16.0196360343342,1
325,0,16.75,39,16.0196360343342,16.0906159758139,1
325,0,16.75,39,16.0906159758139,16.1218371483973,1
325,0,16.75,39,16.1218371483973,16.75,0
326,0,14.75,29,0,3.23033693984623,1
326,0,14.75,29,3.23033693984623,3.3576144347548,1
326,0,14.75,29,3.3576144347548,4.71826739578808,1
326,0,14.75,29,4.71826739578808,4.76717211368039,1
326,0,14.75,29,4.76717211368039,5.57976228288257,1
326,0,14.75,29,5.57976228288257,6.70632988540542,1
326,0,14.75,29,6.70632988540542,6.72115820189654,1
326,0,14.75,29,6.72115820189654,7.30467385667301,1
326,0,14.75,29,7.30467385667301,7.71323186153879,1
326,0,14.75,29,7.71323186153879,7.81120198248262,1
326,0,14.75,29,7.81120198248262,9.50411856959349,1
326,0,14.75,29,9.50411856959349,10.2262268526271,1
326,0,14.75,29,10.2262268526271,10.5153281660359,1
326,0,14.75,29,10.5153281660359,11.3870511232292,1
326,0,14.75,29,11.3870511232292,11.4270091827974,1
326,0,14.75,29,11.4270091827974,11.5238784473002,1
326,0,14.75,29,11.5238784473002,11.6743630912342,1
326,0,14.75,29,11.6743630912342,11.9452052412308,1
326,0,14.75,29,11.9452052412308,12.1402027521462,1
326,0,14.75,29,12.1402027521462,12.2916212231231,1
326,0,14.75,29,12.2916212231231,12.4194715427094,1
326,0,14.75,29,12.4194715427094,12.7343598222294,1
326,0,14.75,29,12.7343598222294,12.9704759343632,1
326,0,14.75,29,12.9704759343632,13.3689234927549,1
326,0,14.75,29,13.3689234927549,13.4721582889104,1
326,0,14.75,29,13.4721582889104,13.7828122924745,1
326,0,14.75,29,13.7828122924745,13.7895354298127,1
326,0,14.75,29,13.7895354298127,13.8829333508538,1
326,0,14.75,29,13.8829333508538,14.6372656403498,1
326,0,14.75,29,14.6372656403498,14.75,0
327,0,8.75,2,0,5.30503177727597,1
327,0,8.75,2,5.30503177727597,8.68932476915976,1
327,0,8.75,2,8.68932476915976,8.75,0
328,0,11.75,21,0,0.821512269916513,1
328,0,11.75,21,0.821512269916513,2.72865080251276,1
328,0,11.75,21,2.72865080251276,3.65468250654103,1
328,0,11.75,21,3.65468250654103,4.94351701366719,1
328,0,11.75,21,4.94351701366719,6.86883326873415,1
328,0,11.75,21,6.86883326873415,6.87220672872048,1
328,0,11.75,21,6.87220672872048,6.9068975908249,1
328,0,11.75,21,6.9068975908249,7.5304143593861,1
328,0,11.75,21,7.5304143593861,8.29892866809945,1
328,0,11.75,21,8.29892866809945,8.62454646388403,1
328,0,11.75,21,8.62454646388403,8.66186752491287,1
328,0,11.75,21,8.66186752491287,9.55577413990476,1
328,0,11.75,21,9.55577413990476,9.81999466656958,1
328,0,11.75,21,9.81999466656958,10.2119733399875,1
328,0,11.75,21,10.2119733399875,10.3103783865494,1
328,0,11.75,21,10.3103783865494,10.4008380427445,1
328,0,11.75,21,10.4008380427445,10.7259258644615,1
328,0,11.75,21,10.7259258644615,11.1667574503385,1
328,0,11.75,21,11.1667574503385,11.20928240809,1
328,0,11.75,21,11.20928240809,11.436828738798,1
328,0,11.75,21,11.436828738798,11.6708295377544,1
328,0,11.75,21,11.6708295377544,11.75,0
329,0,14.75,23,0,3.54357323053351,1
329,0,14.75,23,3.54357323053351,5.80829164145054,1
329,0,14.75,23,5.80829164145054,6.16753343828302,1
329,0,14.75,23,6.16753343828302,6.53382508835477,1
329,0,14.75,23,6.53382508835477,7.25264120997303,1
329,0,14.75,23,7.25264120997303,9.04491147872654,1
329,0,14.75,23,9.04491147872654,9.24564363279785,1
329,0,14.75,23,9.24564363279785,9.59633888601649,1
329,0,14.75,23,9.59633888601649,9.77743689535357,1
329,0,14.75,23,9.77743689535357,9.86665293096175,1
329,0,14.75,23,9.86665293096175,11.5509507658654,1
329,0,14.75,23,11.5509507658654,12.4994310834112,1
329,0,14.75,23,12.4994310834112,12.6617497045208,1
329,0,14.75,23,12.6617497045208,13.1735085068719,1
329,0,14.75,23,13.1735085068719,13.2063664569839,1
329,0,14.75,23,13.2063664569839,13.3602004901635,1
329,0,14.75,23,13.3602004901635,13.3648330127436,1
329,0,14.75,23,13.3648330127436,13.3706974818413,1
329,0,14.75,23,13.3706974818413,13.5019354258507,1
329,0,14.75,23,13.5019354258507,13.9725208126622,1
329,0,14.75,23,13.9725208126622,14.0543458453802,1
329,0,14.75,23,14.0543458453802,14.5450220008714,1
329,0,14.75,23,14.5450220008714,14.6854266883804,1
329,0,14.75,23,14.6854266883804,14.75,0
330,0,14.75,12,0,6.71596098287521,1
330,0,14.75,12,6.71596098287521,7.05691042395936,1
330,0,14.75,12,7.05691042395936,7.53404349028012,1
330,0,14.75,12,7.53404349028012,8.33989882461475,1
330,0,14.75,12,8.33989882461475,10.6866386806607,1
330,0,14.75,12,10.6866386806607,11.4207337097752,1
330,0,14.75,12,11.4207337097752,13.5689310557979,1
330,0,14.75,12,13.5689310557979,13.9580817265738,1
330,0,14.75,12,13.9580817265738,14.3576649881606,1
330,0,14.75,12,14.3576649881606,14.4706107699611,1
330,0,14.75,12,14.4706107699611,14.5336611934227,1
330,0,14.75,12,14.5336611934227,14.5990804218491,1
330,0,14.75,12,14.5990804218491,14.75,0
331,0,16.75,48,0,1.10433739990585,1
331,0,16.75,48,1.10433739990585,2.08833430347242,1
331,0,16.75,48,2.08833430347242,2.75822400419769,1
331,0,16.75,48,2.75822400419769,3.87477102362469,1
331,0,16.75,48,3.87477102362469,3.97802281664428,1
331,0,16.75,48,3.97802281664428,6.22144412461756,1
331,0,16.75,48,6.22144412461756,6.64354052585534,1
331,0,16.75,48,6.64354052585534,7.38499143544315,1
331,0,16.75,48,7.38499143544315,7.8214778896749,1
331,0,16.75,48,7.8214778896749,8.27021745655805,1
331,0,16.75,48,8.27021745655805,9.31680679123783,1
331,0,16.75,48,9.31680679123783,9.41820686146237,1
331,0,16.75,48,9.41820686146237,9.99344368398054,1
331,0,16.75,48,9.99344368398054,10.1088503972369,1
331,0,16.75,48,10.1088503972369,10.5539249146466,1
331,0,16.75,48,10.5539249146466,11.0400904477083,1
331,0,16.75,48,11.0400904477083,11.0483256240338,1
331,0,16.75,48,11.0483256240338,11.5327617565467,1
331,0,16.75,48,11.5327617565467,11.5899370360264,1
331,0,16.75,48,11.5899370360264,11.936094290005,1
331,0,16.75,48,11.936094290005,12.6342634167973,1
331,0,16.75,48,12.6342634167973,13.006444899546,1
331,0,16.75,48,13.006444899546,13.0252419929712,1
331,0,16.75,48,13.0252419929712,13.1234132492966,1
331,0,16.75,48,13.1234132492966,13.3252882015048,1
331,0,16.75,48,13.3252882015048,13.5494673701871,1
331,0,16.75,48,13.5494673701871,13.6073974080558,1
331,0,16.75,48,13.6073974080558,13.6571796003955,1
331,0,16.75,48,13.6571796003955,13.6975972618834,1
331,0,16.75,48,13.6975972618834,13.7177875117867,1
331,0,16.75,48,13.7177875117867,14.3002625681382,1
331,0,16.75,48,14.3002625681382,14.5661147741397,1
331,0,16.75,48,14.5661147741397,14.8518247918912,1
331,0,16.75,48,14.8518247918912,14.8992715793336,1
331,0,16.75,48,14.8992715793336,14.9161124786815,1
331,0,16.75,48,14.9161124786815,14.9209329307128,1
331,0,16.75,48,14.9209329307128,15.1905429491068,1
331,0,16.75,48,15.1905429491068,15.2472571493431,1
331,0,16.75,48,15.2472571493431,15.3914693359312,1
331,0,16.75,48,15.3914693359312,15.4666202091408,1
331,0,16.75,48,15.4666202091408,15.5898515214114,1
331,0,16.75,48,15.5898515214114,15.6595356487747,1
331,0,16.75,48,15.6595356487747,15.9008900916172,1
331,0,16.75,48,15.9008900916172,16.2190928420965,1
331,0,16.75,48,16.2190928420965,16.2540627824223,1
331,0,16.75,48,16.2540627824223,16.6000328081109,1
331,0,16.75,48,16.6000328081109,16.6361561433619,1
331,0,16.75,48,16.6361561433619,16.650183633121,1
331,0,16.75,48,16.650183633121,16.75,0
332,0,8.75,0,0,8.75,0
333,0,9.75,2,0,0.77143115241546,1
333,0,9.75,2,0.77143115241546,0.81706557548326,1
333,0,9.75,2,0.81706557548326,9.75,0
334,0,11.75,1,0,1.67840700556472,1
334,0,11.75,1,1.67840700556472,11.75,0
335,0,12.75,1,0,2.0827683376917,1
335,0,12.75,1,2.0827683376917,12.75,0
336,0,9.75,14,0,2.34857336405326,1
336,0,9.75,14,2.34857336405326,3.75360532988706,1
336,0,9.75,14,3.75360532988706,4.56139089136862,1
336,0,9.75,14,4.56139089136862,5.68881073925482,1
336,0,9.75,14,5.68881073925482,6.40146237516113,1
336,0,9.75,14,6.40146237516113,6.60004318008408,1
336,0,9.75,14,6.60004318008408,7.01336094469216,1
336,0,9.75,14,7.01336094469216,7.09369875849611,1
336,0,9.75,14,7.09369875849611,7.5626434929286,1
336,0,9.75,14,7.5626434929286,8.25616177810152,1
336,0,9.75,14,8.25616177810152,8.40383033245119,1
336,0,9.75,14,8.40383033245119,9.0970637564931,1
336,0,9.75,14,9.0970637564931,9.34576671398943,1
336,0,9.75,14,9.34576671398943,9.40988765902098,1
336,0,9.75,14,9.40988765902098,9.75,0
337,0,15.75,2,0,2.24291058604373,1
337,0,15.75,2,2.24291058604373,11.1267738167992,1
337,0,15.75,2,11.1267738167992,15.75,0
338,0,19.75,1,0,0.747154388585008,1
338,0,19.75,1,0.747154388585008,19.75,0
339,0,17.75,32,0,3.40231609033607,1
339,0,17.75,32,3.40231609033607,3.80232658015532,1
339,0,17.75,32,3.80232658015532,8.35651053527859,1
339,0,17.75,32,8.35651053527859,9.70026164113989,1
339,0,17.75,32,9.70026164113989,9.97828227679313,1
339,0,17.75,32,9.97828227679313,10.1508347643107,1
339,0,17.75,32,10.1508347643107,10.3865644831617,1
339,0,17.75,32,10.3865644831617,10.4849421935786,1
339,0,17.75,32,10.4849421935786,11.1097081696511,1
339,0,17.75,32,11.1097081696511,11.2364405564323,1
339,0,17.75,32,11.2364405564323,11.332121735361,1
339,0,17.75,32,11.332121735361,11.4941072391757,1
339,0,17.75,32,11.4941072391757,11.8592159288611,1
339,0,17.75,32,11.8592159288611,12.5177733292127,1
339,0,17.75,32,12.5177733292127,12.636371891043,1
339,0,17.75,32,12.636371891043,12.7037370355237,1
339,0,17.75,32,12.7037370355237,12.7820410056645,1
339,0,17.75,32,12.7820410056645,12.9752116328225,1
339,0,17.75,32,12.9752116328225,13.3430980075171,1
339,0,17.75,32,13.3430980075171,14.481966548415,1
339,0,17.75,32,14.481966548415,14.5745061468563,1
339,0,17.75,32,14.5745061468563,14.696860998528,1
339,0,17.75,32,14.696860998528,15.0844729264191,1
339,0,17.75,32,15.0844729264191,15.117444899855,1
339,0,17.75,32,15.117444899855,15.5715310042621,1
339,0,17.75,32,15.5715310042621,16.4094539457779,1
339,0,17.75,32,16.4094539457779,16.6891763369587,1
339,0,17.75,32,16.6891763369587,16.8580769773652,1
339,0,17.75,32,16.8580769773652,17.2984520672181,1
339,0,17.75,32,17.2984520672181,17.5716869185971,1
339,0,17.75,32,17.5716869185971,17.6711627303245,1
339,0,17.75,32,17.6711627303245,17.7191296057767,1
339,0,17.75,32,17.7191296057767,17.75,0
340,0,13.75,0,0,13.75,0
341,0,13.75,40,0,1.65154743550518,1
341,0,13.75,40,1.65154743550518,2.18370677508507,1
341,0,13.75,40,2.18370677508507,3.80863541028608,1
341,0,13.75,40,3.80863541028608,5.02424146265361,1
341,0,13.75,40,5.02424146265361,5.2378143438012,1
341,0,13.75,40,5.2378143438012,5.28880387349741,1
341,0,13.75,40,5.28880387349741,6.00896809575993,1
341,0,13.75,40,6.00896809575993,7.00891199317641,1
341,0,13.75,40,7.00891199317641,7.59803775358428,1
341,0,13.75,40,7.59803775358428,7.89422029845097,1
341,0,13.75,40,7.89422029845097,8.95185186001986,1
341,0,13.75,40,8.95185186001986,9.05992503868865,1
341,0,13.75,40,9.05992503868865,9.25083028148562,1
341,0,13.75,40,9.25083028148562,9.5244891338916,1
341,0,13.75,40,9.5244891338916,9.9779323504703,1
341,0,13.75,40,9.9779323504703,10.1773971053474,1
341,0,13.75,40,10.1773971053474,10.3097605935774,1
341,0,13.75,40,10.3097605935774,10.5817172813218,1
341,0,13.75,40,10.5817172813218,10.673235608776,1
341,0,13.75,40,10.673235608776,11.0090600826312,1
341,0,13.75,40,11.0090600826312,11.3380636964906,1
341,0,13.75,40,11.3380636964906,11.5976025327115,1
341,0,13.75,40,11.5976025327115,11.8609323252995,1
341,0,13.75,40,11.8609323252995,11.8809672138173,1
341,0,13.75,40,11.8809672138173,12.0179109215967,1
341,0,13.75,40,12.0179109215967,12.0246831530177,1
341,0,13.75,40,12.0246831530177,12.1161934594457,1
341,0,13.75,40,12.1161934594457,12.4848397196315,1
341,0,13.75,40,12.4848397196315,12.7483536937671,1
341,0,13.75,40,12.7483536937671,12.8422283059258,1
341,0,13.75,40,12.8422283059258,12.936805030148,1
341,0,13.75,40,12.936805030148,12.970110678577,1
341,0,13.75,40,12.970110678577,13.1006781021407,1
341,0,13.75,40,13.1006781021407,13.2231890308827,1
341,0,13.75,40,13.2231890308827,13.2496843554648,1
341,0,13.75,40,13.2496843554648,13.2707587437313,1
341,0,13.75,40,13.2707587437313,13.3131817138693,1
341,0,13.75,40,13.3131817138693,13.4184370279847,1
341,0,13.75,40,13.4184370279847,13.4657811593899,1
341,0,13.75,40,13.4657811593899,13.7050378281399,1
341,0,13.75,40,13.7050378281399,13.75,0
342,0,14.75,0,0,14.75,0
343,0,9.75,2,0,1.30789694007539,1
343,0,9.75,2,1.30789694007539,3.99732174400236,1
343,0,9.75,2,3.99732174400236,9.75,0
344,0,18.75,1,0,16.8113954440768,1
344,0,18.75,1,16.8113954440768,18.75,0
345,0,15.75,25,0,8.77232359987908,1
345,0,15.75,25,8.77232359987908,9.06484255441728,1
345,0,15.75,25,9.06484255441728,10.0543424043692,1
345,0,15.75,25,10.0543424043692,10.0833083164119,1
345,0,15.75,25,10.0833083164119,11.2119493882455,1
345,0,15.75,25,11.2119493882455,11.6014862527264,1
345,0,15.75,25,11.6014862527264,11.711520022441,1
345,0,15.75,25,11.711520022441,11.8829671018027,1
345,0,15.75,25,11.8829671018027,12.4399619100866,1
345,0,15.75,25,12.4399619100866,12.9815968144904,1
345,0,15.75,25,12.9815968144904,13.0331427899279,1
345,0,15.75,25,13.0331427899279,14.0170787027484,1
345,0,15.75,25,14.0170787027484,14.0848814332495,1
345,0,15.75,25,14.0848814332495,14.2772451726165,1
345,0,15.75,25,14.2772451726165,14.5250327238982,1
345,0,15.75,25,14.5250327238982,14.6856295970629,1
345,0,15.75,25,14.6856295970629,14.7092572788333,1
345,0,15.75,25,14.7092572788333,14.7279486108537,1
345,0,15.75,25,14.7279486108537,14.7887819293079,1
345,0,15.75,25,14.7887819293079,14.7920482444685,1
345,0,15.75,25,14.7920482444685,14.8313742925248,1
345,0,15.75,25,14.8313742925248,14.9334052770431,1
345,0,15.75,25,14.9334052770431,15.0802156412327,1
345,0,15.75,25,15.0802156412327,15.5023815631125,1
345,0,15.75,25,15.5023815631125,15.5105328272619,1
345,0,15.75,25,15.5105328272619,15.75,0
346,0,18.75,1,0,11.0304722438202,1
346,0,18.75,1,11.0304722438202,18.75,0
347,0,18.75,35,0,6.15983120560733,1
347,0,18.75,35,6.15983120560733,6.87101090091154,1
347,0,18.75,35,6.87101090091154,7.50138500952323,1
347,0,18.75,35,7.50138500952323,7.58808278790057,1
347,0,18.75,35,7.58808278790057,8.45005931444918,1
347,0,18.75,35,8.45005931444918,8.50798144125511,1
347,0,18.75,35,8.50798144125511,9.29963705099391,1
347,0,18.75,35,9.29963705099391,9.70612864944883,1
347,0,18.75,35,9.70612864944883,10.2045167285283,1
347,0,18.75,35,10.2045167285283,11.3326460778033,1
347,0,18.75,35,11.3326460778033,11.911185756242,1
347,0,18.75,35,11.911185756242,11.9422571314809,1
347,0,18.75,35,11.9422571314809,12.0285547717496,1
347,0,18.75,35,12.0285547717496,12.0575564115549,1
347,0,18.75,35,12.0575564115549,12.0640836746625,1
347,0,18.75,35,12.0640836746625,12.4913922360569,1
347,0,18.75,35,12.4913922360569,12.6747992778482,1
347,0,18.75,35,12.6747992778482,14.8406399437653,1
347,0,18.75,35,14.8406399437653,14.9674796382261,1
347,0,18.75,35,14.9674796382261,14.9991026653296,1
347,0,18.75,35,14.9991026653296,15.1001753703685,1
347,0,18.75,35,15.1001753703685,15.1065146779521,1
347,0,18.75,35,15.1065146779521,15.1367909232846,1
347,0,18.75,35,15.1367909232846,15.6290692803897,1
347,0,18.75,35,15.6290692803897,16.0706138491573,1
347,0,18.75,35,16.0706138491573,16.6561414609503,1
347,0,18.75,35,16.6561414609503,16.8293711738875,1
347,0,18.75,35,16.8293711738875,17.2652593295605,1
347,0,18.75,35,17.2652593295605,17.4575332554299,1
347,0,18.75,35,17.4575332554299,17.5619939541241,1
347,0,18.75,35,17.5619939541241,17.576511959839,1
347,0,18.75,35,17.576511959839,17.7842460107018,1
347,0,18.75,35,17.7842460107018,17.9067436117805,1
347,0,18.75,35,17.9067436117805,18.1950313102761,1
347,0,18.75,35,18.1950313102761,18.655417272902,1
347,0,18.75,35,18.655417272902,18.75,0
348,0,16.75,1,0,0.468007750554412,1
348,0,16.75,1,0.468007750554412,16.75,0
349,0,11.75,1,0,1.05675204232427,1
349,0,11.75,1,1.05675204232427,11.75,0
350,0,19.75,52,0,5.57096413429457,1
350,0,19.75,52,5.57096413429457,7.34922579083551,1
350,0,19.75,52,7.34922579083551,7.56683192633501,1
350,0,19.75,52,7.56683192633501,8.10601554320471,1
350,0,19.75,52,8.10601554320471,8.64303298300586,1
350,0,19.75,52,8.64303298300586,8.65186150918131,1
350,0,19.75,52,8.65186150918131,10.8113040615943,1
350,0,19.75,52,10.8113040615943,10.8653949124271,1
350,0,19.75,52,10.8653949124271,11.0187959023575,1
350,0,19.75,52,11.0187959023575,11.3357865183716,1
350,0,19.75,52,11.3357865183716,11.7203602424389,1
350,0,19.75,52,11.7203602424389,11.8298255775981,1
350,0,19.75,52,11.8298255775981,12.0205134378488,1
350,0,19.75,52,12.0205134378488,12.5899278521463,1
350,0,19.75,52,12.5899278521463,13.1232701427173,1
350,0,19.75,52,13.1232701427173,13.1934377298264,1
350,0,19.75,52,13.1934377298264,13.3492791244558,1
350,0,19.75,52,13.3492791244558,13.3798843890678,1
350,0,19.75,52,13.3798843890678,13.4396299574834,1
350,0,19.75,52,13.4396299574834,13.4975006957341,1
350,0,19.75,52,13.4975006957341,13.5419170912877,1
350,0,19.75,52,13.5419170912877,13.606851579522,1
350,0,19.75,52,13.606851579522,14.5413147776041,1
350,0,19.75,52,14.5413147776041,14.6551411675126,1
350,0,19.75,52,14.6551411675126,14.8902230102442,1
350,0,19.75,52,14.8902230102442,15.0131835142034,1
350,0,19.75,52,15.0131835142034,15.2373693144299,1
350,0,19.75,52,15.2373693144299,15.2786506392166,1
350,0,19.75,52,15.2786506392166,15.3136800096744,1
350,0,19.75,52,15.3136800096744,15.5203830509547,1
350,0,19.75,52,15.5203830509547,15.8174824348118,1
350,0,19.75,52,15.8174824348118,15.9662746116049,1
350,0,19.75,52,15.9662746116049,16.0011611236161,1
350,0,19.75,52,16.0011611236161,16.1315101828052,1
350,0,19.75,52,16.1315101828052,16.4083576709365,1
350,0,19.75,52,16.4083576709365,16.6085852869891,1
350,0,19.75,52,16.6085852869891,16.8761371117533,1
350,0,19.75,52,16.8761371117533,17.2842248487252,1
350,0,19.75,52,17.2842248487252,17.3544078760571,1
350,0,19.75,52,17.3544078760571,17.381677578272,1
350,0,19.75,52,17.381677578272,17.5567891955684,1
350,0,19.75,52,17.5567891955684,17.6642545662695,1
350,0,19.75,52,17.6642545662695,17.6957845249389,1
350,0,19.75,52,17.6957845249389,17.9930784723165,1
350,0,19.75,52,17.9930784723165,18.1717361213873,1
350,0,19.75,52,18.1717361213873,18.2875178652576,1
350,0,19.75,52,18.2875178652576,18.6730405561015,1
350,0,19.75,52,18.6730405561015,18.7782381249662,1
350,0,19.75,52,18.7782381249662,18.7838825017363,1
350,0,19.75,52,18.7838825017363,18.8773448121184,1
350,0,19.75,52,18.8773448121184,19.3751306892286,1
350,0,19.75,52,19.3751306892286,19.589653940585,1
350,0,19.75,52,19.589653940585,19.75,0
351,0,18.75,93,0,2.49725954685129,1
351,0,18.75,93,2.49725954685129,3.26926134350777,1
351,0,18.75,93,3.26926134350777,5.52621996249566,1
351,0,18.75,93,5.52621996249566,6.51568117460221,1
351,0,18.75,93,6.51568117460221,6.53729144926066,1
351,0,18.75,93,6.53729144926066,7.3483490061742,1
351,0,18.75,93,7.3483490061742,7.84041223020892,1
351,0,18.75,93,7.84041223020892,8.45279508716455,1
351,0,18.75,93,8.45279508716455,8.52437039539191,1
351,0,18.75,93,8.52437039539191,8.71335674228149,1
351,0,18.75,93,8.71335674228149,9.01704124002784,1
351,0,18.75,93,9.01704124002784,9.40154276138028,1
351,0,18.75,93,9.40154276138028,9.65670107620501,1
351,0,18.75,93,9.65670107620501,9.67665123413001,1
351,0,18.75,93,9.67665123413001,10.2235752801867,1
351,0,18.75,93,10.2235752801867,10.5582682686492,1
351,0,18.75,93,10.5582682686492,10.5951920127322,1
351,0,18.75,93,10.5951920127322,10.6271301465576,1
351,0,18.75,93,10.6271301465576,10.762400622165,1
351,0,18.75,93,10.762400622165,10.8883657295054,1
351,0,18.75,93,10.8883657295054,11.0066646021162,1
351,0,18.75,93,11.0066646021162,11.1084308327839,1
351,0,18.75,93,11.1084308327839,11.1512200418591,1
351,0,18.75,93,11.1512200418591,11.3312224518259,1
351,0,18.75,93,11.3312224518259,11.453402861227,1
351,0,18.75,93,11.453402861227,11.5451408821776,1
351,0,18.75,93,11.5451408821776,11.689953282021,1
351,0,18.75,93,11.689953282021,11.7000487102024,1
351,0,18.75,93,11.7000487102024,11.8021271781931,1
351,0,18.75,93,11.8021271781931,11.8649486224457,1
351,0,18.75,93,11.8649486224457,11.873386034756,1
351,0,18.75,93,11.873386034756,11.8997289893342,1
351,0,18.75,93,11.8997289893342,11.9911251323022,1
351,0,18.75,93,11.9911251323022,12.0646712664814,1
351,0,18.75,93,12.0646712664814,12.0947873017147,1
351,0,18.75,93,12.0947873017147,12.3630740356173,1
351,0,18.75,93,12.3630740356173,12.9069292976931,1
351,0,18.75,93,12.9069292976931,12.9195219508193,1
351,0,18.75,93,12.9195219508193,12.9933324156649,1
351,0,18.75,93,12.9933324156649,13.0394376338242,1
351,0,18.75,93,13.0394376338242,13.1769496745139,1
351,0,18.75,93,13.1769496745139,13.2027514652428,1
351,0,18.75,93,13.2027514652428,13.3234107379321,1
351,0,18.75,93,13.3234107379321,13.3479137843386,1
351,0,18.75,93,13.3479137843386,13.5229383715341,1
351,0,18.75,93,13.5229383715341,13.5477603615931,1
351,0,18.75,93,13.5477603615931,13.7124621099856,1
351,0,18.75,93,13.7124621099856,13.7530389775087,1
351,0,18.75,93,13.7530389775087,13.9312807748619,1
351,0,18.75,93,13.9312807748619,14.0078985017467,1
351,0,18.75,93,14.0078985017467,14.1442495028274,1
351,0,18.75,93,14.1442495028274,14.204401373398,1
351,0,18.75,93,14.204401373398,14.2615753113586,1
351,0,18.75,93,14.2615753113586,14.2644720591056,1
351,0,18.75,93,14.2644720591056,14.4371247390627,1
351,0,18.75,93,14.4371247390627,14.4430574114615,1
351,0,18.75,93,14.4430574114615,14.4459401937417,1
351,0,18.75,93,14.4459401937417,14.5039299322099,1
351,0,18.75,93,14.5039299322099,14.9670037752672,1
351,0,18.75,93,14.9670037752672,15.1267779670526,1
351,0,18.75,93,15.1267779670526,15.2383610793227,1
351,0,18.75,93,15.2383610793227,15.3970067423282,1
351,0,18.75,93,15.3970067423282,15.4243964718805,1
351,0,18.75,93,15.4243964718805,15.4918796187798,1
351,0,18.75,93,15.4918796187798,15.5231079790641,1
351,0,18.75,93,15.5231079790641,16.0166028829526,1
351,0,18.75,93,16.0166028829526,16.0557499479352,1
351,0,18.75,93,16.0557499479352,16.1570990505227,1
351,0,18.75,93,16.1570990505227,16.2691058966667,1
351,0,18.75,93,16.2691058966667,16.3333048936068,1
351,0,18.75,93,16.3333048936068,16.3628064953154,1
351,0,18.75,93,16.3628064953154,16.9903714448533,1
351,0,18.75,93,16.9903714448533,17.0785717440939,1
351,0,18.75,93,17.0785717440939,17.2023361558201,1
351,0,18.75,93,17.2023361558201,17.2196248691641,1
351,0,18.75,93,17.2196248691641,17.2249662525888,1
351,0,18.75,93,17.2249662525888,17.2505009428291,1
351,0,18.75,93,17.2505009428291,17.3130454237214,1
351,0,18.75,93,17.3130454237214,17.3622098045006,1
351,0,18.75,93,17.3622098045006,17.4327715593998,1
351,0,18.75,93,17.4327715593998,17.4813315046508,1
351,0,18.75,93,17.4813315046508,17.5442893395765,1
351,0,18.75,93,17.5442893395765,17.5568457588287,1
351,0,18.75,93,17.5568457588287,17.6446513223521,1
351,0,18.75,93,17.6446513223521,17.6871852217053,1
351,0,18.75,93,17.6871852217053,17.9507926221534,1
351,0,18.75,93,17.9507926221534,18.0605095417653,1
351,0,18.75,93,18.0605095417653,18.0763067158233,1
351,0,18.75,93,18.0763067158233,18.1783985003968,1
351,0,18.75,93,18.1783985003968,18.1861939700732,1
351,0,18.75,93,18.1861939700732,18.3323617837685,1
351,0,18.75,93,18.3323617837685,18.4405418556745,1
351,0,18.75,93,18.4405418556745,18.6829298439454,1
351,0,18.75,93,18.6829298439454,18.75,0
352,0,18.75,0,0,18.75,0
353,0,8.75,8,0,2.05527973677682,1
353,0,8.75,8,2.05527973677682,2.31083739454368,1
353,0,8.75,8,2.31083739454368,2.57099413800016,1
353,0,8.75,8,2.57099413800016,5.5495144097433,1
353,0,8.75,8,5.5495144097433,6.06456201269462,1
353,0,8.75,8,6.06456201269462,8.21994822176791,1
353,0,8.75,8,8.21994822176791,8.25559943508827,1
353,0,8.75,8,8.25559943508827,8.55276105485038,1
353,0,8.75,8,8.55276105485038,8.75,0
354,0,16.75,52,0,2.58982172790943,1
354,0,16.75,52,2.58982172790943,4.26522024595633,1
354,0,16.75,52,4.26522024595633,5.13194220857141,1
354,0,16.75,52,5.13194220857141,5.33401023208421,1
354,0,16.75,52,5.33401023208421,5.58403708277649,1
354,0,16.75,52,5.58403708277649,6.55928821285721,1
354,0,16.75,52,6.55928821285721,6.69591019362529,1
354,0,16.75,52,6.69591019362529,7.32450887293463,1
354,0,16.75,52,7.32450887293463,7.41352126166864,1
354,0,16.75,52,7.41352126166864,7.53209165231243,1
354,0,16.75,52,7.53209165231243,8.19612275173922,1
354,0,16.75,52,8.19612275173922,8.37260143677343,1
354,0,16.75,52,8.37260143677343,8.56189439006612,1
354,0,16.75,52,8.56189439006612,8.58916022232903,1
354,0,16.75,52,8.58916022232903,9.14043971428146,1
354,0,16.75,52,9.14043971428146,9.89493908015225,1
354,0,16.75,52,9.89493908015225,9.92045076939047,1
354,0,16.75,52,9.92045076939047,10.0627834417331,1
354,0,16.75,52,10.0627834417331,10.1770491631306,1
354,0,16.75,52,10.1770491631306,11.2739897249526,1
354,0,16.75,52,11.2739897249526,11.5887676233161,1
354,0,16.75,52,11.5887676233161,11.8589775111092,1
354,0,16.75,52,11.8589775111092,12.0497386166597,1
354,0,16.75,52,12.0497386166597,12.0795633849785,1
354,0,16.75,52,12.0795633849785,12.0873529072881,1
354,0,16.75,52,12.0873529072881,12.2065754556155,1
354,0,16.75,52,12.2065754556155,12.2452258258505,1
354,0,16.75,52,12.2452258258505,12.2917734986903,1
354,0,16.75,52,12.2917734986903,12.3786273769027,1
354,0,16.75,52,12.3786273769027,12.5913353228662,1
354,0,16.75,52,12.5913353228662,12.9614867842001,1
354,0,16.75,52,12.9614867842001,13.2062324796581,1
354,0,16.75,52,13.2062324796581,13.2181833444237,1
354,0,16.75,52,13.2181833444237,13.4211914710364,1
354,0,16.75,52,13.4211914710364,13.5617295369219,1
354,0,16.75,52,13.5617295369219,13.9441903146816,1
354,0,16.75,52,13.9441903146816,14.0006434776642,1
354,0,16.75,52,14.0006434776642,14.0752921659755,1
354,0,16.75,52,14.0752921659755,14.1877535012067,1
354,0,16.75,52,14.1877535012067,14.508834048952,1
354,0,16.75,52,14.508834048952,14.5318455961878,1
354,0,16.75,52,14.5318455961878,14.6395814627272,1
354,0,16.75,52,14.6395814627272,14.967183712606,1
354,0,16.75,52,14.967183712606,15.1373766174282,1
354,0,16.75,52,15.1373766174282,15.3612728072221,1
354,0,16.75,52,15.3612728072221,15.3769112827606,1
354,0,16.75,52,15.3769112827606,15.3895549663288,1
354,0,16.75,52,15.3895549663288,15.6942421930264,1
354,0,16.75,52,15.6942421930264,15.7213115147801,1
354,0,16.75,52,15.7213115147801,15.8391119165197,1
354,0,16.75,52,15.8391119165197,16.0571777929562,1
354,0,16.75,52,16.0571777929562,16.6889874463685,1
354,0,16.75,52,16.6889874463685,16.75,0
355,0,11.75,12,0,3.5401443411752,1
355,0,11.75,12,3.5401443411752,5.45837302925541,1
355,0,11.75,12,5.45837302925541,6.56152880673392,1
355,0,11.75,12,6.56152880673392,6.6624646757884,1
355,0,11.75,12,6.6624646757884,7.07337331897284,1
355,0,11.75,12,7.07337331897284,7.08486152238512,1
355,0,11.75,12,7.08486152238512,8.65354862756082,1
355,0,11.75,12,8.65354862756082,9.00712477683615,1
355,0,11.75,12,9.00712477683615,9.55568652656749,1
355,0,11.75,12,9.55568652656749,11.3143923723765,1
355,0,11.75,12,11.3143923723765,11.3730417126277,1
355,0,11.75,12,11.3730417126277,11.3965499612793,1
355,0,11.75,12,11.3965499612793,11.75,0
356,0,16.75,0,0,16.75,0
357,0,14.75,13,0,4.16801294509261,1
357,0,14.75,13,4.16801294509261,6.25243034009544,1
357,0,14.75,13,6.25243034009544,7.24022495011622,1
357,0,14.75,13,7.24022495011622,9.39349445778982,1
357,0,14.75,13,9.39349445778982,11.6819886078764,1
357,0,14.75,13,11.6819886078764,12.3341285207878,1
357,0,14.75,13,12.3341285207878,12.7070333662181,1
357,0,14.75,13,12.7070333662181,12.7481809374571,1
357,0,14.75,13,12.7481809374571,13.06824030711,1
357,0,14.75,13,13.06824030711,13.1517726171114,1
357,0,14.75,13,13.1517726171114,13.6034965906135,1
357,0,14.75,13,13.6034965906135,13.9896143916055,1
357,0,14.75,13,13.9896143916055,13.9939922606188,1
357,0,14.75,13,13.9939922606188,14.75,0
358,0,16.75,70,0,4.10150886270594,1
358,0,16.75,70,4.10150886270594,4.51089266934974,1
358,0,16.75,70,4.51089266934974,4.51284167706534,1
358,0,16.75,70,4.51284167706534,4.83457580688815,1
358,0,16.75,70,4.83457580688815,5.15741558783576,1
358,0,16.75,70,5.15741558783576,8.02404582269794,1
358,0,16.75,70,8.02404582269794,8.33444033707061,1
358,0,16.75,70,8.33444033707061,8.58741747801313,1
358,0,16.75,70,8.58741747801313,9.67442087946964,1
358,0,16.75,70,9.67442087946964,9.6755070521901,1
358,0,16.75,70,9.6755070521901,9.69720821604714,1
358,0,16.75,70,9.69720821604714,9.76461866291002,1
358,0,16.75,70,9.76461866291002,10.2862982977643,1
358,0,16.75,70,10.2862982977643,10.3244854316702,1
358,0,16.75,70,10.3244854316702,10.439030853406,1
358,0,16.75,70,10.439030853406,10.4453321293273,1
358,0,16.75,70,10.4453321293273,10.5214234804711,1
358,0,16.75,70,10.5214234804711,10.5956721904591,1
358,0,16.75,70,10.5956721904591,10.8315969454,1
358,0,16.75,70,10.8315969454,11.0427326534514,1
358,0,16.75,70,11.0427326534514,11.1305697738354,1
358,0,16.75,70,11.1305697738354,11.2109467907249,1
358,0,16.75,70,11.2109467907249,11.4394997836978,1
358,0,16.75,70,11.4394997836978,11.6023227802122,1
358,0,16.75,70,11.6023227802122,11.6339832733391,1
358,0,16.75,70,11.6339832733391,11.6993869256616,1
358,0,16.75,70,11.6993869256616,11.7497180342495,1
358,0,16.75,70,11.7497180342495,12.2018269470441,1
358,0,16.75,70,12.2018269470441,12.4395435071778,1
358,0,16.75,70,12.4395435071778,12.4398872299952,1
358,0,16.75,70,12.4398872299952,12.5163199357433,1
358,0,16.75,70,12.5163199357433,12.6653256085376,1
358,0,16.75,70,12.6653256085376,12.6742504413472,1
358,0,16.75,70,12.6742504413472,12.7557904798768,1
358,0,16.75,70,12.7557904798768,12.7810578163012,1
358,0,16.75,70,12.7810578163012,12.794854621628,1
358,0,16.75,70,12.794854621628,12.8758249877046,1
358,0,16.75,70,12.8758249877046,12.9166436855185,1
358,0,16.75,70,12.9166436855185,13.1603363748869,1
358,0,16.75,70,13.1603363748869,13.3538244316957,1
358,0,16.75,70,13.3538244316957,13.5672989470928,1
358,0,16.75,70,13.5672989470928,13.6960885172601,1
358,0,16.75,70,13.6960885172601,13.8500325149754,1
358,0,16.75,70,13.8500325149754,14.0163076769695,1
358,0,16.75,70,14.0163076769695,14.2617704258381,1
358,0,16.75,70,14.2617704258381,14.2830127221,1
358,0,16.75,70,14.2830127221,14.2952216038609,1
358,0,16.75,70,14.2952216038609,14.4173681979977,1
358,0,16.75,70,14.4173681979977,14.6369152584177,1
358,0,16.75,70,14.6369152584177,14.8490076668177,1
358,0,16.75,70,14.8490076668177,15.2141845194147,1
358,0,16.75,70,15.2141845194147,15.2349944362375,1
358,0,16.75,70,15.2349944362375,15.3806000134412,1
358,0,16.75,70,15.3806000134412,15.5793792371843,1
358,0,16.75,70,15.5793792371843,15.58453905426,1
358,0,16.75,70,15.58453905426,15.7759303947382,1
358,0,16.75,70,15.7759303947382,16.0274764609423,1
358,0,16.75,70,16.0274764609423,16.0392994770096,1
358,0,16.75,70,16.0392994770096,16.052182713141,1
358,0,16.75,70,16.052182713141,16.0692043892938,1
358,0,16.75,70,16.0692043892938,16.1177654127183,1
358,0,16.75,70,16.1177654127183,16.1199703339149,1
358,0,16.75,70,16.1199703339149,16.2524372903193,1
358,0,16.75,70,16.2524372903193,16.3137843620458,1
358,0,16.75,70,16.3137843620458,16.3296472774768,1
358,0,16.75,70,16.3296472774768,16.4315594194701,1
358,0,16.75,70,16.4315594194701,16.557795946741,1
358,0,16.75,70,16.557795946741,16.6023686257636,1
358,0,16.75,70,16.6023686257636,16.6333451991733,1
358,0,16.75,70,16.6333451991733,16.6577900517117,1
358,0,16.75,70,16.6577900517117,16.75,0
359,0,14.75,33,0,3.24419545468927,1
359,0,14.75,33,3.24419545468927,5.0594214917677,1
359,0,14.75,33,5.0594214917677,5.61965908151594,1
359,0,14.75,33,5.61965908151594,7.6871723057063,1
359,0,14.75,33,7.6871723057063,8.08296299339949,1
359,0,14.75,33,8.08296299339949,8.61522763718579,1
359,0,14.75,33,8.61522763718579,9.19181642868549,1
359,0,14.75,33,9.19181642868549,9.4776721333061,1
359,0,14.75,33,9.4776721333061,10.3965399101825,1
359,0,14.75,33,10.3965399101825,10.4085144785087,1
359,0,14.75,33,10.4085144785087,10.4996966567859,1
359,0,14.75,33,10.4996966567859,10.6598515235657,1
359,0,14.75,33,10.6598515235657,10.7249616377525,1
359,0,14.75,33,10.7249616377525,11.2781269669102,1
359,0,14.75,33,11.2781269669102,11.3107299842175,1
359,0,14.75,33,11.3107299842175,12.0821847532123,1
359,0,14.75,33,12.0821847532123,12.4293855816938,1
359,0,14.75,33,12.4293855816938,12.4602636934958,1
359,0,14.75,33,12.4602636934958,12.7728505987169,1
359,0,14.75,33,12.7728505987169,12.8706904963065,1
359,0,14.75,33,12.8706904963065,12.8708706176733,1
359,0,14.75,33,12.8708706176733,13.0318749054799,1
359,0,14.75,33,13.0318749054799,13.3094204825882,1
359,0,14.75,33,13.3094204825882,13.7463257860898,1
359,0,14.75,33,13.7463257860898,14.0598004854864,1
359,0,14.75,33,14.0598004854864,14.071084979459,1
359,0,14.75,33,14.071084979459,14.1905063792843,1
359,0,14.75,33,14.1905063792843,14.1953594222677,1
359,0,14.75,33,14.1953594222677,14.3340701787219,1
359,0,14.75,33,14.3340701787219,14.4828408252474,1
359,0,14.75,33,14.4828408252474,14.5301193744383,1
359,0,14.75,33,14.5301193744383,14.6709135669246,1
359,0,14.75,33,14.6709135669246,14.7351818093621,1
359,0,14.75,33,14.7351818093621,14.75,0
360,0,13.75,23,0,3.20097552502268,1
360,0,13.75,23,3.20097552502268,3.56490111245128,1
360,0,13.75,23,3.56490111245128,5.32339703703477,1
360,0,13.75,23,5.32339703703477,5.66723660900219,1
360,0,13.75,23,5.66723660900219,7.10889109609347,1
360,0,13.75,23,7.10889109609347,7.94032662124186,1
360,0,13.75,23,7.94032662124186,8.73316929174056,1
360,0,13.75,23,8.73316929174056,9.50316941226958,1
360,0,13.75,23,9.50316941226958,9.68475145858156,1
360,0,13.75,23,9.68475145858156,9.90315233608782,1
360,0,13.75,23,9.90315233608782,10.393112137528,1
360,0,13.75,23,10.393112137528,11.0800070921415,1
360,0,13.75,23,11.0800070921415,11.1282269683147,1
360,0,13.75,23,11.1282269683147,11.2854430053918,1
360,0,13.75,23,11.2854430053918,12.0348189836813,1
360,0,13.75,23,12.0348189836813,12.057792180097,1
360,0,13.75,23,12.057792180097,12.2218572462148,1
360,0,13.75,23,12.2218572462148,12.2948951328565,1
360,0,13.75,23,12.2948951328565,12.7516069507299,1
360,0,13.75,23,12.7516069507299,12.8477653888839,1
360,0,13.75,23,12.8477653888839,13.1226027414548,1
360,0,13.75,23,13.1226027414548,13.2370816325056,1
360,0,13.75,23,13.2370816325056,13.3879753604213,1
360,0,13.75,23,13.3879753604213,13.75,0
361,0,12.75,4,0,0.283399733450821,1
361,0,12.75,4,0.283399733450821,1.21286167825465,1
361,0,12.75,4,1.21286167825465,3.43985722408739,1
361,0,12.75,4,3.43985722408739,12.1722049522267,1
361,0,12.75,4,12.1722049522267,12.75,0
362,0,19.75,2,0,0.00487655795038583,1
362,0,19.75,2,0.00487655795038583,0.0603305613879483,1
362,0,19.75,2,0.0603305613879483,19.75,0
363,0,18.75,41,0,3.60713874887891,1
363,0,18.75,41,3.60713874887891,5.6645273882203,1
363,0,18.75,41,5.6645273882203,5.83090845613544,1
363,0,18.75,41,5.83090845613544,5.91288850836457,1
363,0,18.75,41,5.91288850836457,6.77608392077776,1
363,0,18.75,41,6.77608392077776,7.82148841343791,1
363,0,18.75,41,7.82148841343791,9.15480635110276,1
363,0,18.75,41,9.15480635110276,9.19497671001364,1
363,0,18.75,41,9.19497671001364,9.78157363883626,1
363,0,18.75,41,9.78157363883626,9.94648458343043,1
363,0,18.75,41,9.94648458343043,10.5046290999099,1
363,0,18.75,41,10.5046290999099,10.5813448473562,1
363,0,18.75,41,10.5813448473562,11.0313317042647,1
363,0,18.75,41,11.0313317042647,11.120098821766,1
363,0,18.75,41,11.120098821766,11.991547621445,1
363,0,18.75,41,11.991547621445,12.0242043756456,1
363,0,18.75,41,12.0242043756456,12.4633970753909,1
363,0,18.75,41,12.4633970753909,12.8705044728371,1
363,0,18.75,41,12.8705044728371,12.8845614712646,1
363,0,18.75,41,12.8845614712646,13.681392557624,1
363,0,18.75,41,13.681392557624,13.9982899550386,1
363,0,18.75,41,13.9982899550386,14.1255415194067,1
363,0,18.75,41,14.1255415194067,14.1671197599901,1
363,0,18.75,41,14.1671197599901,14.326326009748,1
363,0,18.75,41,14.326326009748,14.4600675465847,1
363,0,18.75,41,14.4600675465847,14.8795252127655,1
363,0,18.75,41,14.8795252127655,15.2121488544586,1
363,0,18.75,41,15.2121488544586,15.5034612207245,1
363,0,18.75,41,15.5034612207245,15.5884221114403,1
363,0,18.75,41,15.5884221114403,15.5963397969739,1
363,0,18.75,41,15.5963397969739,15.9064068809199,1
363,0,18.75,41,15.9064068809199,17.3443217105005,1
363,0,18.75,41,17.3443217105005,17.4754717194667,1
363,0,18.75,41,17.4754717194667,17.5251816091335,1
363,0,18.75,41,17.5251816091335,17.8799863727818,1
363,0,18.75,41,17.8799863727818,17.9008216469472,1
363,0,18.75,41,17.9008216469472,17.9751685560446,1
363,0,18.75,41,17.9751685560446,18.1759738041236,1
363,0,18.75,41,18.1759738041236,18.3889615515997,1
363,0,18.75,41,18.3889615515997,18.6383505146706,1
363,0,18.75,41,18.6383505146706,18.7378081280764,1
363,0,18.75,41,18.7378081280764,18.75,0
364,0,10.75,2,0,0.259046714305605,1
364,0,10.75,2,0.259046714305605,5.9818923647419,1
364,0,10.75,2,5.9818923647419,10.75,0
365,0,8.75,10,0,4.94164257569787,1
365,0,8.75,10,4.94164257569787,5.13270681525192,1
365,0,8.75,10,5.13270681525192,5.71677918340697,1
365,0,8.75,10,5.71677918340697,6.66315914508542,1
365,0,8.75,10,6.66315914508542,6.8810593017613,1
365,0,8.75,10,6.8810593017613,7.92469576047252,1
365,0,8.75,10,7.92469576047252,7.9730462519752,1
365,0,8.75,10,7.9730462519752,8.25626011583906,1
365,0,8.75,10,8.25626011583906,8.28722618959561,1
365,0,8.75,10,8.28722618959561,8.64778910798782,1
365,0,8.75,10,8.64778910798782,8.75,0
366,0,14.75,8,0,3.32379345136559,1
366,0,14.75,8,3.32379345136559,5.96959631977479,1
366,0,14.75,8,5.96959631977479,8.92174980072805,1
366,0,14.75,8,8.92174980072805,9.79700815454832,1
366,0,14.75,8,9.79700815454832,11.5479322759491,1
366,0,14.75,8,11.5479322759491,11.865968970812,1
366,0,14.75,8,11.865968970812,13.19689290578,1
366,0,14.75,8,13.19689290578,13.6307885590047,1
366,0,14.75,8,13.6307885590047,14.75,0
367,0,19.75,69,0,1.08559918629331,1
367,0,19.75,69,1.08559918629331,3.32044160522002,1
367,0,19.75,69,3.32044160522002,3.65789329234738,1
367,0,19.75,69,3.65789329234738,5.68757870981795,1
367,0,19.75,69,5.68757870981795,6.44351751921069,1
367,0,19.75,69,6.44351751921069,6.49768148707087,1
367,0,19.75,69,6.49768148707087,7.3834998297181,1
367,0,19.75,69,7.3834998297181,8.64634697310848,1
367,0,19.75,69,8.64634697310848,9.48169291298578,1
367,0,19.75,69,9.48169291298578,9.7259916305718,1
367,0,19.75,69,9.7259916305718,9.94693605355473,1
367,0,19.75,69,9.94693605355473,10.1276235852699,1
367,0,19.75,69,10.1276235852699,10.554009658004,1
367,0,19.75,69,10.554009658004,10.9147754642864,1
367,0,19.75,69,10.9147754642864,11.0316287957312,1
367,0,19.75,69,11.0316287957312,11.144360843077,1
367,0,19.75,69,11.144360843077,11.4985315616609,1
367,0,19.75,69,11.4985315616609,11.7590703787627,1
367,0,19.75,69,11.7590703787627,11.9814127837046,1
367,0,19.75,69,11.9814127837046,12.2515472572172,1
367,0,19.75,69,12.2515472572172,12.3304145232211,1
367,0,19.75,69,12.3304145232211,12.3926072116936,1
367,0,19.75,69,12.3926072116936,12.4500509433328,1
367,0,19.75,69,12.4500509433328,12.5974778653707,1
367,0,19.75,69,12.5974778653707,12.9135964748059,1
367,0,19.75,69,12.9135964748059,13.2867184545991,1
367,0,19.75,69,13.2867184545991,13.3316499591375,1
367,0,19.75,69,13.3316499591375,13.3695060691164,1
367,0,19.75,69,13.3695060691164,13.9269288357416,1
367,0,19.75,69,13.9269288357416,14.0627592057889,1
367,0,19.75,69,14.0627592057889,14.5361403894563,1
367,0,19.75,69,14.5361403894563,14.8104588945967,1
367,0,19.75,69,14.8104588945967,14.9781105089637,1
367,0,19.75,69,14.9781105089637,14.9810091092077,1
367,0,19.75,69,14.9810091092077,14.9970379989983,1
367,0,19.75,69,14.9970379989983,15.1636896688866,1
367,0,19.75,69,15.1636896688866,15.2133470757289,1
367,0,19.75,69,15.2133470757289,15.3200219007976,1
367,0,19.75,69,15.3200219007976,15.7040156353038,1
367,0,19.75,69,15.7040156353038,15.7892022211774,1
367,0,19.75,69,15.7892022211774,16.0234957807832,1
367,0,19.75,69,16.0234957807832,16.178222412578,1
367,0,19.75,69,16.178222412578,16.2076118568008,1
367,0,19.75,69,16.2076118568008,16.235935053155,1
367,0,19.75,69,16.235935053155,16.5524579135259,1
367,0,19.75,69,16.5524579135259,16.5730956557097,1
367,0,19.75,69,16.5730956557097,16.931684779244,1
367,0,19.75,69,16.931684779244,17.1532086758721,1
367,0,19.75,69,17.1532086758721,17.2256260630629,1
367,0,19.75,69,17.2256260630629,17.4748794769617,1
367,0,19.75,69,17.4748794769617,17.509823107376,1
367,0,19.75,69,17.509823107376,17.8107997776675,1
367,0,19.75,69,17.8107997776675,17.9388777245271,1
367,0,19.75,69,17.9388777245271,18.0503453642112,1
367,0,19.75,69,18.0503453642112,18.3561827984329,1
367,0,19.75,69,18.3561827984329,18.452789368012,1
367,0,19.75,69,18.452789368012,18.5358519022317,1
367,0,19.75,69,18.5358519022317,18.6256615894157,1
367,0,19.75,69,18.6256615894157,18.6557528169134,1
367,0,19.75,69,18.6557528169134,18.6722071210084,1
367,0,19.75,69,18.6722071210084,18.6838896490835,1
367,0,19.75,69,18.6838896490835,18.6846959233365,1
367,0,19.75,69,18.6846959233365,18.7799832165222,1
367,0,19.75,69,18.7799832165222,18.8497046328285,1
367,0,19.75,69,18.8497046328285,18.927261914333,1
367,0,19.75,69,18.927261914333,19.2865735218482,1
367,0,19.75,69,19.2865735218482,19.4077255384294,1
367,0,19.75,69,19.4077255384294,19.6446243050621,1
367,0,19.75,69,19.6446243050621,19.6527427039223,1
367,0,19.75,69,19.6527427039223,19.75,0
368,0,14.75,28,0,1.61551233860288,1
368,0,14.75,28,1.61551233860288,1.63033231454831,1
368,0,14.75,28,1.63033231454831,2.45504292242472,1
368,0,14.75,28,2.45504292242472,2.83126578121779,1
368,0,14.75,28,2.83126578121779,3.59927933626896,1
368,0,14.75,28,3.59927933626896,4.26135203914779,1
368,0,14.75,28,4.26135203914779,5.66639144143131,1
368,0,14.75,28,5.66639144143131,5.95664601247179,1
368,0,14.75,28,5.95664601247179,7.03715116943986,1
368,0,14.75,28,7.03715116943986,7.63101861607538,1
368,0,14.75,28,7.63101861607538,8.43096591564096,1
368,0,14.75,28,8.43096591564096,9.67587656458436,1
368,0,14.75,28,9.67587656458436,10.149300582358,1
368,0,14.75,28,10.149300582358,10.4007741067879,1
368,0,14.75,28,10.4007741067879,10.4805252517673,1
368,0,14.75,28,10.4805252517673,10.7483892380548,1
368,0,14.75,28,10.7483892380548,11.0398601342061,1
368,0,14.75,28,11.0398601342061,11.1419363957618,1
368,0,14.75,28,11.1419363957618,12.7290418732944,1
368,0,14.75,28,12.7290418732944,12.7954377239696,1
368,0,14.75,28,12.7954377239696,12.9730613705557,1
368,0,14.75,28,12.9730613705557,13.2669978870586,1
368,0,14.75,28,13.2669978870586,13.6192481209209,1
368,0,14.75,28,13.6192481209209,13.9546303361029,1
368,0,14.75,28,13.9546303361029,14.0690553073466,1
368,0,14.75,28,14.0690553073466,14.2670406989879,1
368,0,14.75,28,14.2670406989879,14.5998365217035,1
368,0,14.75,28,14.5998365217035,14.6481283540179,1
368,0,14.75,28,14.6481283540179,14.75,0
369,0,14.75,12,0,5.12200443273088,1
369,0,14.75,12,5.12200443273088,7.18423632745169,1
369,0,14.75,12,7.18423632745169,11.4060346254406,1
369,0,14.75,12,11.4060346254406,11.5230860037998,1
369,0,14.75,12,11.5230860037998,11.5439094367271,1
369,0,14.75,12,11.5439094367271,11.9173206612712,1
369,0,14.75,12,11.9173206612712,12.2165962017627,1
369,0,14.75,12,12.2165962017627,12.2663367333937,1
369,0,14.75,12,12.2663367333937,12.6735309367076,1
369,0,14.75,12,12.6735309367076,12.7250155185132,1
369,0,14.75,12,12.7250155185132,12.9514013511296,1
369,0,14.75,12,12.9514013511296,13.0555767600703,1
369,0,14.75,12,13.0555767600703,14.75,0
370,0,14.75,39,0,5.0855963088588,1
370,0,14.75,39,5.0855963088588,5.73081812322842,1
370,0,14.75,39,5.73081812322842,6.22350513700851,1
370,0,14.75,39,6.22350513700851,6.61743383780728,1
370,0,14.75,39,6.61743383780728,7.82166649122576,1
370,0,14.75,39,7.82166649122576,8.0011939721152,1
370,0,14.75,39,8.0011939721152,8.63865122569042,1
370,0,14.75,39,8.63865122569042,8.63939853520309,1
370,0,14.75,39,8.63939853520309,8.84777740975626,1
370,0,14.75,39,8.84777740975626,9.06101871466568,1
370,0,14.75,39,9.06101871466568,9.43855344606658,1
370,0,14.75,39,9.43855344606658,9.50904027941307,1
370,0,14.75,39,9.50904027941307,9.51920155801431,1
370,0,14.75,39,9.51920155801431,9.58732909863994,1
370,0,14.75,39,9.58732909863994,9.80266011412184,1
370,0,14.75,39,9.80266011412184,9.85608089669626,1
370,0,14.75,39,9.85608089669626,9.98356310578191,1
370,0,14.75,39,9.98356310578191,10.3165135637747,1
370,0,14.75,39,10.3165135637747,11.2248553543124,1
370,0,14.75,39,11.2248553543124,11.5177220155301,1
370,0,14.75,39,11.5177220155301,11.5740715290922,1
370,0,14.75,39,11.5740715290922,12.2344822496329,1
370,0,14.75,39,12.2344822496329,12.2352232059796,1
370,0,14.75,39,12.2352232059796,12.3597004870332,1
370,0,14.75,39,12.3597004870332,12.7358140221488,1
370,0,14.75,39,12.7358140221488,12.7766147660898,1
370,0,14.75,39,12.7766147660898,12.9768191789963,1
370,0,14.75,39,12.9768191789963,12.9796437188518,1
370,0,14.75,39,12.9796437188518,13.2515862730581,1
370,0,14.75,39,13.2515862730581,13.3826398438091,1
370,0,14.75,39,13.3826398438091,13.4279250922116,1
370,0,14.75,39,13.4279250922116,13.5138091474175,1
370,0,14.75,39,13.5138091474175,13.6434442286142,1
370,0,14.75,39,13.6434442286142,13.7178830999944,1
370,0,14.75,39,13.7178830999944,13.8400010622796,1
370,0,14.75,39,13.8400010622796,13.9178087383079,1
370,0,14.75,39,13.9178087383079,14.5377454661318,1
370,0,14.75,39,14.5377454661318,14.5688286478961,1
370,0,14.75,39,14.5688286478961,14.6216539932941,1
370,0,14.75,39,14.6216539932941,14.75,0
371,0,13.75,0,0,13.75,0
372,0,11.75,12,0,0.524077508100858,1
372,0,11.75,12,0.524077508100858,1.66890481762896,1
372,0,11.75,12,1.66890481762896,3.29799079395267,1
372,0,11.75,12,3.29799079395267,5.93114757576821,1
372,0,11.75,12,5.93114757576821,6.15698942080045,1
372,0,11.75,12,6.15698942080045,8.00675796050004,1
372,0,11.75,12,8.00675796050004,8.73897534967776,1
372,0,11.75,12,8.73897534967776,8.79062523802131,1
372,0,11.75,12,8.79062523802131,9.79319786730777,1
372,0,11.75,12,9.79319786730777,10.8325997721662,1
372,0,11.75,12,10.8325997721662,11.0799662301516,1
372,0,11.75,12,11.0799662301516,11.3724971356934,1
372,0,11.75,12,11.3724971356934,11.75,0
373,0,10.75,1,0,7.60848531902881,1
373,0,10.75,1,7.60848531902881,10.75,0
374,0,10.75,11,0,3.43164207359997,1
374,0,10.75,11,3.43164207359997,5.91099059474836,1
374,0,10.75,11,5.91099059474836,8.00374146450636,1
374,0,10.75,11,8.00374146450636,8.19426970804277,1
374,0,10.75,11,8.19426970804277,9.14137667967037,1
374,0,10.75,11,9.14137667967037,9.16421838285803,1
374,0,10.75,11,9.16421838285803,9.48860037005171,1
374,0,10.75,11,9.48860037005171,9.64687028820679,1
374,0,10.75,11,9.64687028820679,10.0082199501412,1
374,0,10.75,11,10.0082199501412,10.0167498595156,1
374,0,10.75,11,10.0167498595156,10.6734969096569,1
374,0,10.75,11,10.6734969096569,10.75,0
375,0,16.75,1,0,2.41473953187333,1
375,0,16.75,1,2.41473953187333,16.75,0
376,0,15.75,2,0,2.89920548564515,1
376,0,15.75,2,2.89920548564515,13.1856919368736,1
376,0,15.75,2,13.1856919368736,15.75,0
377,0,13.75,1,0,1.96874370323731,1
377,0,13.75,1,1.96874370323731,13.75,0
378,0,11.75,1,0,4.53388372489386,1
378,0,11.75,1,4.53388372489386,11.75,0
379,0,18.75,1,0,0.34231061117546,1
379,0,18.75,1,0.34231061117546,18.75,0
380,0,10.75,1,0,8.88609762931258,1
380,0,10.75,1,8.88609762931258,10.75,0
381,0,12.75,1,0,3.0083791757459,1
381,0,12.75,1,3.0083791757459,12.75,0
382,0,13.75,1,0,5.50048872936865,1
382,0,13.75,1,5.50048872936865,13.75,0
383,0,17.75,0,0,17.75,0
384,0,19.75,1,0,0.144290622873222,1
384,0,19.75,1,0.144290622873222,19.75,0
385,0,8.75,2,0,0.349761297172368,1
385,0,8.75,2,0.349761297172368,4.27230828809281,1
385,0,8.75,2,4.27230828809281,8.75,0
386,0,9.75,1,0,9.12115624424969,1
386,0,9.75,1,9.12115624424969,9.75,0
387,0,13.75,23,0,1.63512512089834,1
387,0,13.75,23,1.63512512089834,2.9873712533594,1
387,0,13.75,23,2.9873712533594,5.91092103584264,1
387,0,13.75,23,5.91092103584264,6.15611886344707,1
387,0,13.75,23,6.15611886344707,6.96246216616486,1
387,0,13.75,23,6.96246216616486,7.11556760163759,1
387,0,13.75,23,7.11556760163759,7.94581316242485,1
387,0,13.75,23,7.94581316242485,8.97544402745458,1
387,0,13.75,23,8.97544402745458,9.15863971782414,1
387,0,13.75,23,9.15863971782414,9.68803333880739,1
387,0,13.75,23,9.68803333880739,9.77342850194425,1
387,0,13.75,23,9.77342850194425,10.715179450771,1
387,0,13.75,23,10.715179450771,10.951795870676,1
387,0,13.75,23,10.951795870676,11.079430475913,1
387,0,13.75,23,11.079430475913,11.2579980941015,1
387,0,13.75,23,11.2579980941015,11.8337258673029,1
387,0,13.75,23,11.8337258673029,11.8663833419939,1
387,0,13.75,23,11.8663833419939,12.999703381545,1
387,0,13.75,23,12.999703381545,13.0462489719271,1
387,0,13.75,23,13.0462489719271,13.3504195463468,1
387,0,13.75,23,13.3504195463468,13.4324111501647,1
387,0,13.75,23,13.4324111501647,13.5310560972518,1
387,0,13.75,23,13.5310560972518,13.7197740445939,1
387,0,13.75,23,13.7197740445939,13.75,0
388,0,16.75,2,0,0.262106948865188,1
388,0,16.75,2,0.262106948865188,13.3830643949983,1
388,0,16.75,2,13.3830643949983,16.75,0
389,0,12.75,2,0,0.444374387898843,1
389,0,12.75,2,0.444374387898843,2.99286759727913,1
389,0,12.75,2,2.99286759727913,12.75,0
390,0,14.75,2,0,2.34913184079554,1
390,0,14.75,2,2.34913184079554,11.6700766340238,1
390,0,14.75,2,11.6700766340238,14.75,0
391,0,11.75,0,0,11.75,0
392,0,19.75,1,0,0.387393400887686,1
392,0,19.75,1,0.387393400887686,19.75,0
393,0,20.75,1,0,5.75434199114143,1
393,0,20.75,1,5.75434199114143,20.75,0
394,0,9.75,0,0,9.75,0
395,0,13.75,1,0,0.605941783505493,1
395,0,13.75,1,0.605941783505493,13.75,0
396,0,12.75,0,0,12.75,0
397,0,13.75,2,0,6.3407528598812,1
397,0,13.75,2,6.3407528598812,7.54885590653948,1
397,0,13.75,2,7.54885590653948,13.75,0
398,0,17.75,3,0,0.0617230937014936,1
398,0,17.75,3,0.0617230937014936,4.37774330805836,1
398,0,17.75,3,4.37774330805836,12.7746391492908,1
398,0,17.75,3,12.7746391492908,17.75,0
399,0,7.75,5,0,0.121721897737601,1
399,0,7.75,5,0.121721897737601,2.2790432694365,1
399,0,7.75,5,2.2790432694365,3.15596172440088,1
399,0,7.75,5,3.15596172440088,3.48562843860722,1
399,0,7.75,5,3.48562843860722,5.55995675861591,1
399,0,7.75,5,5.55995675861591,7.75,0
400,0,15.75,1,0,10.3134579650067,1
400,0,15.75,1,10.3134579650067,15.75,0
401,0,11.75,2,0,3.18503102819633,1
401,0,11.75,2,3.18503102819633,7.44164748121138,1
401,0,11.75,2,7.44164748121138,11.75,0
402,0,19.75,89,0,4.73906560536952,1
402,0,19.75,89,4.73906560536952,4.84475773028283,1
402,0,19.75,89,4.84475773028283,7.17971522643137,1
402,0,19.75,89,7.17971522643137,7.53691832983848,1
402,0,19.75,89,7.53691832983848,7.88046639451081,1
402,0,19.75,89,7.88046639451081,9.0601593616098,1
402,0,19.75,89,9.0601593616098,9.16358618610644,1
402,0,19.75,89,9.16358618610644,9.57582873261867,1
402,0,19.75,89,9.57582873261867,9.78238922890982,1
402,0,19.75,89,9.78238922890982,9.90936223956794,1
402,0,19.75,89,9.90936223956794,9.92479911391198,1
402,0,19.75,89,9.92479911391198,10.4029322566441,1
402,0,19.75,89,10.4029322566441,11.1315462030988,1
402,0,19.75,89,11.1315462030988,11.5700689228192,1
402,0,19.75,89,11.5700689228192,11.7047617461901,1
402,0,19.75,89,11.7047617461901,12.0395014571336,1
402,0,19.75,89,12.0395014571336,12.2228477847291,1
402,0,19.75,89,12.2228477847291,12.293742393868,1
402,0,19.75,89,12.293742393868,12.368501983463,1
402,0,19.75,89,12.368501983463,12.5685001416457,1
402,0,19.75,89,12.5685001416457,12.7169530452075,1
402,0,19.75,89,12.7169530452075,12.8371007355649,1
402,0,19.75,89,12.8371007355649,13.2285873496757,1
402,0,19.75,89,13.2285873496757,13.5815084351549,1
402,0,19.75,89,13.5815084351549,13.6350318263447,1
402,0,19.75,89,13.6350318263447,13.7791445897452,1
402,0,19.75,89,13.7791445897452,13.8806768046468,1
402,0,19.75,89,13.8806768046468,13.9082613525929,1
402,0,19.75,89,13.9082613525929,14.405098878708,1
402,0,19.75,89,14.405098878708,14.7491502817502,1
402,0,19.75,89,14.7491502817502,14.7772108172075,1
402,0,19.75,89,14.7772108172075,15.1362567014159,1
402,0,19.75,89,15.1362567014159,15.1635981015398,1
402,0,19.75,89,15.1635981015398,15.2573421230679,1
402,0,19.75,89,15.2573421230679,15.3055744997633,1
402,0,19.75,89,15.3055744997633,15.3752416961759,1
402,0,19.75,89,15.3752416961759,15.386582188452,1
402,0,19.75,89,15.386582188452,15.5560620078205,1
402,0,19.75,89,15.5560620078205,15.6013337111228,1
402,0,19.75,89,15.6013337111228,15.86057858718,1
402,0,19.75,89,15.86057858718,15.8667181543794,1
402,0,19.75,89,15.8667181543794,15.9231588000061,1
402,0,19.75,89,15.9231588000061,16.1052875992547,1
402,0,19.75,89,16.1052875992547,16.1173511584605,1
402,0,19.75,89,16.1173511584605,16.1480358495995,1
402,0,19.75,89,16.1480358495995,16.1504553866065,1
402,0,19.75,89,16.1504553866065,16.1739819122653,1
402,0,19.75,89,16.1739819122653,16.183999396473,1
402,0,19.75,89,16.183999396473,16.5429802416972,1
402,0,19.75,89,16.5429802416972,16.6619104146221,1
402,0,19.75,89,16.6619104146221,16.709766484697,1
402,0,19.75,89,16.709766484697,16.7371261636826,1
402,0,19.75,89,16.7371261636826,17.0517595373413,1
402,0,19.75,89,17.0517595373413,17.1222674772519,1
402,0,19.75,89,17.1222674772519,17.1526583478228,1
402,0,19.75,89,17.1526583478228,17.1633938818816,1
402,0,19.75,89,17.1633938818816,17.2050920797194,1
402,0,19.75,89,17.2050920797194,17.2258153068843,1
402,0,19.75,89,17.2258153068843,17.3712121225288,1
402,0,19.75,89,17.3712121225288,17.3953344349105,1
402,0,19.75,89,17.3953344349105,17.4600172624682,1
402,0,19.75,89,17.4600172624682,17.6055054204764,1
402,0,19.75,89,17.6055054204764,17.6806491920378,1
402,0,19.75,89,17.6806491920378,18.0813207255021,1
402,0,19.75,89,18.0813207255021,18.1276244200398,1
402,0,19.75,89,18.1276244200398,18.1317691147841,1
402,0,19.75,89,18.1317691147841,18.2829290740529,1
402,0,19.75,89,18.2829290740529,18.2955088459018,1
402,0,19.75,89,18.2955088459018,18.3117891141153,1
402,0,19.75,89,18.3117891141153,18.385108677543,1
402,0,19.75,89,18.385108677543,18.3985404958931,1
402,0,19.75,89,18.3985404958931,18.436637555217,1
402,0,19.75,89,18.436637555217,18.5877013504208,1
402,0,19.75,89,18.5877013504208,18.6275987715399,1
402,0,19.75,89,18.6275987715399,18.7170102958093,1
402,0,19.75,89,18.7170102958093,18.8046850955897,1
402,0,19.75,89,18.8046850955897,18.8127096684351,1
402,0,19.75,89,18.8127096684351,18.9772414998968,1
402,0,19.75,89,18.9772414998968,19.0562998968407,1
402,0,19.75,89,19.0562998968407,19.1306900035945,1
402,0,19.75,89,19.1306900035945,19.1645315705166,1
402,0,19.75,89,19.1645315705166,19.1893151517395,1
402,0,19.75,89,19.1893151517395,19.2221314075419,1
402,0,19.75,89,19.2221314075419,19.2682391819591,1
402,0,19.75,89,19.2682391819591,19.2797182113373,1
402,0,19.75,89,19.2797182113373,19.3118717472054,1
402,0,19.75,89,19.3118717472054,19.38098194093,1
402,0,19.75,89,19.38098194093,19.4328670135398,1
402,0,19.75,89,19.4328670135398,19.6207006063679,1
402,0,19.75,89,19.6207006063679,19.75,0
403,0,17.75,39,0,2.33123072150442,1
403,0,17.75,39,2.33123072150442,3.32868775076969,1
403,0,17.75,39,3.32868775076969,5.60391103516352,1
403,0,17.75,39,5.60391103516352,5.61378947677063,1
403,0,17.75,39,5.61378947677063,6.60134567549728,1
403,0,17.75,39,6.60134567549728,6.92104067082692,1
403,0,17.75,39,6.92104067082692,8.1535040778451,1
403,0,17.75,39,8.1535040778451,8.48067497737282,1
403,0,17.75,39,8.48067497737282,9.37266579004374,1
403,0,17.75,39,9.37266579004374,9.40952126567897,1
403,0,17.75,39,9.40952126567897,10.2786560167822,1
403,0,17.75,39,10.2786560167822,12.1332381940779,1
403,0,17.75,39,12.1332381940779,12.2430423461329,1
403,0,17.75,39,12.2430423461329,12.6192630768125,1
403,0,17.75,39,12.6192630768125,12.6752452389933,1
403,0,17.75,39,12.6752452389933,12.784507756672,1
403,0,17.75,39,12.784507756672,13.1655859162163,1
403,0,17.75,39,13.1655859162163,13.2206551202866,1
403,0,17.75,39,13.2206551202866,13.3151354557533,1
403,0,17.75,39,13.3151354557533,13.4289393408833,1
403,0,17.75,39,13.4289393408833,13.7066396660764,1
403,0,17.75,39,13.7066396660764,13.9617232462759,1
403,0,17.75,39,13.9617232462759,14.3713229133744,1
403,0,17.75,39,14.3713229133744,14.928553904303,1
403,0,17.75,39,14.928553904303,14.9696567834896,1
403,0,17.75,39,14.9696567834896,15.2706240726636,1
403,0,17.75,39,15.2706240726636,15.7003648482338,1
403,0,17.75,39,15.7003648482338,16.2705920859391,1
403,0,17.75,39,16.2705920859391,16.3173148717714,1
403,0,17.75,39,16.3173148717714,16.3447069572201,1
403,0,17.75,39,16.3447069572201,16.6037837950901,1
403,0,17.75,39,16.6037837950901,16.6573296033647,1
403,0,17.75,39,16.6573296033647,16.7927580915943,1
403,0,17.75,39,16.7927580915943,17.1105926598718,1
403,0,17.75,39,17.1105926598718,17.3669286356062,1
403,0,17.75,39,17.3669286356062,17.5812291464882,1
403,0,17.75,39,17.5812291464882,17.6295321834474,1
403,0,17.75,39,17.6295321834474,17.6336140073862,1
403,0,17.75,39,17.6336140073862,17.677645118534,1
403,0,17.75,39,17.677645118534,17.75,0
404,0,9.75,1,0,0.717381708512487,1
404,0,9.75,1,0.717381708512487,9.75,0
405,0,12.75,2,0,1.86233978177617,1
405,0,12.75,2,1.86233978177617,3.74875263645204,1
405,0,12.75,2,3.74875263645204,12.75,0
406,0,15.75,1,0,10.0276005675384,1
406,0,15.75,1,10.0276005675384,15.75,0
407,0,15.75,0,0,15.75,0
408,0,11.75,0,0,11.75,0
409,0,11.75,2,0,3.56095088666896,1
409,0,11.75,2,3.56095088666896,6.15702646849143,1
409,0,11.75,2,6.15702646849143,11.75,0
410,0,15.75,1,0,0.237826600366801,1
410,0,15.75,1,0.237826600366801,15.75,0
411,0,10.75,9,0,3.22903297375835,1
411,0,10.75,9,3.22903297375835,7.842807603603,1
411,0,10.75,9,7.842807603603,8.09169695564432,1
411,0,10.75,9,8.09169695564432,8.75040565668789,1
411,0,10.75,9,8.75040565668789,9.68475352267481,1
411,0,10.75,9,9.68475352267481,10.0383551106522,1
411,0,10.75,9,10.0383551106522,10.1044753189357,1
411,0,10.75,9,10.1044753189357,10.4414710499766,1
411,0,10.75,9,10.4414710499766,10.6903108346683,1
411,0,10.75,9,10.6903108346683,10.75,0
412,0,11.75,2,0,0.00014389160922601,1
412,0,11.75,2,0.00014389160922601,1.30973342656243,1
412,0,11.75,2,1.30973342656243,11.75,0
413,0,9.75,13,0,4.91785050181624,1
413,0,9.75,13,4.91785050181624,4.92693462884146,1
413,0,9.75,13,4.92693462884146,5.24183249453478,1
413,0,9.75,13,5.24183249453478,5.46041430704032,1
413,0,9.75,13,5.46041430704032,6.86225991991415,1
413,0,9.75,13,6.86225991991415,7.3956005399995,1
413,0,9.75,13,7.3956005399995,7.80031426582159,1
413,0,9.75,13,7.80031426582159,8.36619704933462,1
413,0,9.75,13,8.36619704933462,8.43279420556546,1
413,0,9.75,13,8.43279420556546,8.60726702700585,1
413,0,9.75,13,8.60726702700585,8.66208898193717,1
413,0,9.75,13,8.66208898193717,8.72060282000454,1
413,0,9.75,13,8.72060282000454,9.60474745941857,1
413,0,9.75,13,9.60474745941857,9.75,0
414,0,15.75,2,0,0.128264869641558,1
414,0,15.75,2,0.128264869641558,12.6254944820771,1
414,0,15.75,2,12.6254944820771,15.75,0
415,0,15.75,3,0,0.104280684141796,1
415,0,15.75,3,0.104280684141796,6.22373123419754,1
415,0,15.75,3,6.22373123419754,6.78446282692161,1
415,0,15.75,3,6.78446282692161,15.75,0
416,0,10.75,8,0,8.34514322177491,1
416,0,10.75,8,8.34514322177491,8.99445126607954,1
416,0,10.75,8,8.99445126607954,9.4136220820337,1
416,0,10.75,8,9.4136220820337,9.43092841625161,1
416,0,10.75,8,9.43092841625161,9.93728134026343,1
416,0,10.75,8,9.93728134026343,10.1821569927896,1
416,0,10.75,8,10.1821569927896,10.400211717811,1
416,0,10.75,8,10.400211717811,10.4365841310261,1
416,0,10.75,8,10.4365841310261,10.75,0
417,0,11.75,1,0,3.41665539805765,1
417,0,11.75,1,3.41665539805765,11.75,0
418,0,18.75,0,0,18.75,0
419,0,16.75,2,0,6.47928155102807,1
419,0,16.75,2,6.47928155102807,7.85261175307041,1
419,0,16.75,2,7.85261175307041,16.75,0
420,0,8.75,0,0,8.75,0
421,0,7.75,1,0,0.00836453566151046,1
421,0,7.75,1,0.00836453566151046,7.75,0
422,0,13.75,18,0,2.76979275695803,1
422,0,13.75,18,2.76979275695803,3.81759560006577,1
422,0,13.75,18,3.81759560006577,4.75110535055873,1
422,0,13.75,18,4.75110535055873,7.29562557451586,1
422,0,13.75,18,7.29562557451586,7.36586644594013,1
422,0,13.75,18,7.36586644594013,7.58165502330911,1
422,0,13.75,18,7.58165502330911,8.86593996178396,1
422,0,13.75,18,8.86593996178396,9.02436636720924,1
422,0,13.75,18,9.02436636720924,9.73519105972222,1
422,0,13.75,18,9.73519105972222,9.78898576260969,1
422,0,13.75,18,9.78898576260969,10.1402409779806,1
422,0,13.75,18,10.1402409779806,10.2852300384128,1
422,0,13.75,18,10.2852300384128,10.5243327347016,1
422,0,13.75,18,10.5243327347016,11.5529400435403,1
422,0,13.75,18,11.5529400435403,11.7476771751795,1
422,0,13.75,18,11.7476771751795,11.9194797824863,1
422,0,13.75,18,11.9194797824863,11.9201742870815,1
422,0,13.75,18,11.9201742870815,13.0702045200094,1
422,0,13.75,18,13.0702045200094,13.75,0
423,0,14.75,36,0,3.57728842847388,1
423,0,14.75,36,3.57728842847388,3.63196283222553,1
423,0,14.75,36,3.63196283222553,5.96770659781327,1
423,0,14.75,36,5.96770659781327,6.54828909823238,1
423,0,14.75,36,6.54828909823238,6.89582930835409,1
423,0,14.75,36,6.89582930835409,6.89818046034068,1
423,0,14.75,36,6.89818046034068,7.53289526527496,1
423,0,14.75,36,7.53289526527496,7.59180654297745,1
423,0,14.75,36,7.59180654297745,7.64425792701751,1
423,0,14.75,36,7.64425792701751,7.78385083227176,1
423,0,14.75,36,7.78385083227176,9.0331345419699,1
423,0,14.75,36,9.0331345419699,9.42929447148674,1
423,0,14.75,36,9.42929447148674,9.49561247726413,1
423,0,14.75,36,9.49561247726413,9.50205034235266,1
423,0,14.75,36,9.50205034235266,10.1288611114986,1
423,0,14.75,36,10.1288611114986,10.4300819199404,1
423,0,14.75,36,10.4300819199404,10.7442250347997,1
423,0,14.75,36,10.7442250347997,10.7655463798185,1
423,0,14.75,36,10.7655463798185,10.9730006744057,1
423,0,14.75,36,10.9730006744057,11.4071705212924,1
423,0,14.75,36,11.4071705212924,11.5621278575743,1
423,0,14.75,36,11.5621278575743,11.8783648399279,1
423,0,14.75,36,11.8783648399279,11.9205702979243,1
423,0,14.75,36,11.9205702979243,12.1557857082503,1
423,0,14.75,36,12.1557857082503,12.1564480427324,1
423,0,14.75,36,12.1564480427324,12.3511745493471,1
423,0,14.75,36,12.3511745493471,12.606582453657,1
423,0,14.75,36,12.606582453657,12.9787260482038,1
423,0,14.75,36,12.9787260482038,13.2820741063165,1
423,0,14.75,36,13.2820741063165,13.9237605617846,1
423,0,14.75,36,13.9237605617846,14.0039480995732,1
423,0,14.75,36,14.0039480995732,14.0823783138946,1
423,0,14.75,36,14.0823783138946,14.4266027291185,1
423,0,14.75,36,14.4266027291185,14.450801804549,1
423,0,14.75,36,14.450801804549,14.6901214840843,1
423,0,14.75,36,14.6901214840843,14.6994209589957,1
423,0,14.75,36,14.6994209589957,14.75,0
424,0,12.75,31,0,4.45940584224945,1
424,0,12.75,31,4.45940584224945,4.65338358066426,1
424,0,12.75,31,4.65338358066426,5.36136989062816,1
424,0,12.75,31,5.36136989062816,6.41346957890691,1
424,0,12.75,31,6.41346957890691,6.58315182029706,1
424,0,12.75,31,6.58315182029706,7.12569402626008,1
424,0,12.75,31,7.12569402626008,7.62921510770816,1
424,0,12.75,31,7.62921510770816,7.91158092607712,1
424,0,12.75,31,7.91158092607712,8.89069573797245,1
424,0,12.75,31,8.89069573797245,9.13251100435835,1
424,0,12.75,31,9.13251100435835,9.25788932728294,1
424,0,12.75,31,9.25788932728294,9.60633739744013,1
424,0,12.75,31,9.60633739744013,9.79097587934121,1
424,0,12.75,31,9.79097587934121,9.84121654175513,1
424,0,12.75,31,9.84121654175513,10.0826723190334,1
424,0,12.75,31,10.0826723190334,10.1209854181274,1
424,0,12.75,31,10.1209854181274,10.4381529724358,1
424,0,12.75,31,10.4381529724358,10.5176758152453,1
424,0,12.75,31,10.5176758152453,10.7075566786914,1
424,0,12.75,31,10.7075566786914,10.7488572638784,1
424,0,12.75,31,10.7488572638784,10.9985179095073,1
424,0,12.75,31,10.9985179095073,11.2248153301714,1
424,0,12.75,31,11.2248153301714,11.3009136372338,1
424,0,12.75,31,11.3009136372338,11.7282490711196,1
424,0,12.75,31,11.7282490711196,11.8582768507444,1
424,0,12.75,31,11.8582768507444,11.9029829869512,1
424,0,12.75,31,11.9029829869512,11.9092890925705,1
424,0,12.75,31,11.9092890925705,12.0872673259777,1
424,0,12.75,31,12.0872673259777,12.4940165444252,1
424,0,12.75,31,12.4940165444252,12.4981149441753,1
424,0,12.75,31,12.4981149441753,12.5793132001631,1
424,0,12.75,31,12.5793132001631,12.75,0
425,0,13.75,12,0,3.68863557666524,1
425,0,13.75,12,3.68863557666524,6.0175870867108,1
425,0,13.75,12,6.0175870867108,6.63198832531918,1
425,0,13.75,12,6.63198832531918,7.11767821379384,1
425,0,13.75,12,7.11767821379384,8.59829866030079,1
425,0,13.75,12,8.59829866030079,10.6526584221042,1
425,0,13.75,12,10.6526584221042,10.7891494788618,1
425,0,13.75,12,10.7891494788618,11.3220057742745,1
425,0,13.75,12,11.3220057742745,11.5378179476297,1
425,0,13.75,12,11.5378179476297,11.8109325498108,1
425,0,13.75,12,11.8109325498108,12.9213090738893,1
425,0,13.75,12,12.9213090738893,13.5726631812795,1
425,0,13.75,12,13.5726631812795,13.75,0
426,0,12.75,29,0,2.80663650380313,1
426,0,12.75,29,2.80663650380313,3.50118611608119,1
426,0,12.75,29,3.50118611608119,4.67185120356503,1
426,0,12.75,29,4.67185120356503,4.77360716781942,1
426,0,12.75,29,4.77360716781942,5.23132364528734,1
426,0,12.75,29,5.23132364528734,5.9958500135507,1
426,0,12.75,29,5.9958500135507,6.26113421639402,1
426,0,12.75,29,6.26113421639402,6.31195842406669,1
426,0,12.75,29,6.31195842406669,6.35109195366343,1
426,0,12.75,29,6.35109195366343,6.56331503420737,1
426,0,12.75,29,6.56331503420737,7.19705125721168,1
426,0,12.75,29,7.19705125721168,7.97503174785468,1
426,0,12.75,29,7.97503174785468,8.65014906976688,1
426,0,12.75,29,8.65014906976688,9.5082204796125,1
426,0,12.75,29,9.5082204796125,9.63417150104194,1
426,0,12.75,29,9.63417150104194,9.77569312341691,1
426,0,12.75,29,9.77569312341691,9.79471299969682,1
426,0,12.75,29,9.79471299969682,10.4868455050118,1
426,0,12.75,29,10.4868455050118,10.5221368523124,1
426,0,12.75,29,10.5221368523124,10.5280949159478,1
426,0,12.75,29,10.5280949159478,10.9790305403482,1
426,0,12.75,29,10.9790305403482,11.5087959959471,1
426,0,12.75,29,11.5087959959471,11.5209766391784,1
426,0,12.75,29,11.5209766391784,11.7791601074476,1
426,0,12.75,29,11.7791601074476,11.8331665509052,1
426,0,12.75,29,11.8331665509052,12.0214516465122,1
426,0,12.75,29,12.0214516465122,12.3218976230639,1
426,0,12.75,29,12.3218976230639,12.3683065684714,1
426,0,12.75,29,12.3683065684714,12.4828000398489,1
426,0,12.75,29,12.4828000398489,12.75,0
427,0,13.75,2,0,0.24675668740064,1
427,0,13.75,2,0.24675668740064,3.85700300414491,1
427,0,13.75,2,3.85700300414491,13.75,0
428,0,11.75,2,0,1.91964875970818,1
428,0,11.75,2,1.91964875970818,2.74615354072495,1
428,0,11.75,2,2.74615354072495,11.75,0
429,0,11.75,1,0,8.9088533661091,1
429,0,11.75,1,8.9088533661091,11.75,0
430,0,10.75,0,0,10.75,0
431,0,12.75,15,0,5.12455535681381,1
431,0,12.75,15,5.12455535681381,5.14881983359746,1
431,0,12.75,15,5.14881983359746,5.16220454042262,1
431,0,12.75,15,5.16220454042262,8.16220691623853,1
431,0,12.75,15,8.16220691623853,9.1424459386076,1
431,0,12.75,15,9.1424459386076,9.43644575732716,1
431,0,12.75,15,9.43644575732716,9.4794378552942,1
431,0,12.75,15,9.4794378552942,10.4248784859115,1
431,0,12.75,15,10.4248784859115,10.7563091579713,1
431,0,12.75,15,10.7563091579713,11.0553338573184,1
431,0,12.75,15,11.0553338573184,11.1608395860565,1
431,0,12.75,15,11.1608395860565,11.1850911674705,1
431,0,12.75,15,11.1850911674705,11.2755786836643,1
431,0,12.75,15,11.2755786836643,11.5449968137455,1
431,0,12.75,15,11.5449968137455,12.0966825851842,1
431,0,12.75,15,12.0966825851842,12.75,0
432,0,17.75,3,0,0.00935090558706855,1
432,0,17.75,3,0.00935090558706855,3.94376669297477,1
432,0,17.75,3,3.94376669297477,5.1074435847187,1
432,0,17.75,3,5.1074435847187,17.75,0
433,0,8.75,1,0,0.602368154879917,1
433,0,8.75,1,0.602368154879917,8.75,0
434,0,17.75,2,0,0.00021917089201013,1
434,0,17.75,2,0.00021917089201013,0.040454308776244,1
434,0,17.75,2,0.040454308776244,17.75,0
435,0,8.75,0,0,8.75,0
436,0,8.75,9,0,3.5180194302353,1
436,0,8.75,9,3.5180194302353,4.89213900478985,1
436,0,8.75,9,4.89213900478985,6.17679717844801,1
436,0,8.75,9,6.17679717844801,6.23289366555405,1
436,0,8.75,9,6.23289366555405,7.08705229555645,1
436,0,8.75,9,7.08705229555645,8.21755599324658,1
436,0,8.75,9,8.21755599324658,8.41907379673627,1
436,0,8.75,9,8.41907379673627,8.61105532015959,1
436,0,8.75,9,8.61105532015959,8.70277833581942,1
436,0,8.75,9,8.70277833581942,8.75,0
437,0,10.75,2,0,0.906991047220599,1
437,0,10.75,2,0.906991047220599,2.16853326897273,1
437,0,10.75,2,2.16853326897273,10.75,0
438,0,14.75,0,0,14.75,0
439,0,14.75,2,0,3.79229377474193,1
439,0,14.75,2,3.79229377474193,5.7796199171296,1
439,0,14.75,2,5.7796199171296,14.75,0
440,0,13.75,0,0,13.75,0
441,0,12.75,1,0,3.0815540649317,1
441,0,12.75,1,3.0815540649317,12.75,0
442,0,10.75,0,0,10.75,0
443,0,9.75,16,0,2.7685556897397,1
443,0,9.75,16,2.7685556897397,3.01615107023786,1
443,0,9.75,16,3.01615107023786,4.59751370148085,1
443,0,9.75,16,4.59751370148085,5.32484013681302,1
443,0,9.75,16,5.32484013681302,5.87091821434299,1
443,0,9.75,16,5.87091821434299,5.91012136199824,1
443,0,9.75,16,5.91012136199824,6.200493272218,1
443,0,9.75,16,6.200493272218,7.03963415110154,1
443,0,9.75,16,7.03963415110154,7.30029461447641,1
443,0,9.75,16,7.30029461447641,7.50782317103704,1
443,0,9.75,16,7.50782317103704,8.1466578332419,1
443,0,9.75,16,8.1466578332419,8.23233903912104,1
443,0,9.75,16,8.23233903912104,8.55307036581451,1
443,0,9.75,16,8.55307036581451,8.93110504100257,1
443,0,9.75,16,8.93110504100257,8.94949643103331,1
443,0,9.75,16,8.94949643103331,8.99172011823302,1
443,0,9.75,16,8.99172011823302,9.75,0
444,0,15.75,31,0,3.75764461479431,1
444,0,15.75,31,3.75764461479431,4.38782358030707,1
444,0,15.75,31,4.38782358030707,5.79281349027531,1
444,0,15.75,31,5.79281349027531,7.47125370865192,1
444,0,15.75,31,7.47125370865192,7.82009605338883,1
444,0,15.75,31,7.82009605338883,8.13723423657514,1
444,0,15.75,31,8.13723423657514,8.83291372500497,1
444,0,15.75,31,8.83291372500497,9.73379049650981,1
444,0,15.75,31,9.73379049650981,10.2842305827936,1
444,0,15.75,31,10.2842305827936,11.1330576974777,1
444,0,15.75,31,11.1330576974777,11.2147048575506,1
444,0,15.75,31,11.2147048575506,11.3886317130978,1
444,0,15.75,31,11.3886317130978,11.9042490832535,1
444,0,15.75,31,11.9042490832535,12.14115181847,1
444,0,15.75,31,12.14115181847,12.280063031566,1
444,0,15.75,31,12.280063031566,12.5024069902278,1
444,0,15.75,31,12.5024069902278,12.6625021289186,1
444,0,15.75,31,12.6625021289186,13.3068587558875,1
444,0,15.75,31,13.3068587558875,13.4364875024298,1
444,0,15.75,31,13.4364875024298,13.584704746611,1
444,0,15.75,31,13.584704746611,13.5928543399784,1
444,0,15.75,31,13.5928543399784,13.8642197743979,1
444,0,15.75,31,13.8642197743979,14.2435827222587,1
444,0,15.75,31,14.2435827222587,14.3131923061562,1
444,0,15.75,31,14.3131923061562,14.4283795515942,1
444,0,15.75,31,14.4283795515942,14.5591532979359,1
444,0,15.75,31,14.5591532979359,14.8066212483493,1
444,0,15.75,31,14.8066212483493,15.2965416909382,1
444,0,15.75,31,15.2965416909382,15.3736875086167,1
444,0,15.75,31,15.3736875086167,15.3970549046133,1
444,0,15.75,31,15.3970549046133,15.5503740991913,1
444,0,15.75,31,15.5503740991913,15.75,0
445,0,11.75,10,0,5.06678559095865,1
445,0,11.75,10,5.06678559095865,5.4983651657959,1
445,0,11.75,10,5.4983651657959,7.90055883210271,1
445,0,11.75,10,7.90055883210271,7.9494793204844,1
445,0,11.75,10,7.9494793204844,9.00864437796714,1
445,0,11.75,10,9.00864437796714,9.25957228435356,1
445,0,11.75,10,9.25957228435356,9.73410130341094,1
445,0,11.75,10,9.73410130341094,9.91295995526621,1
445,0,11.75,10,9.91295995526621,10.8414760438364,1
445,0,11.75,10,10.8414760438364,11.0638615342246,1
445,0,11.75,10,11.0638615342246,11.75,0
446,0,11.75,15,0,5.70325515133609,1
446,0,11.75,15,5.70325515133609,6.47619327734991,1
446,0,11.75,15,6.47619327734991,6.48838712078454,1
446,0,11.75,15,6.48838712078454,7.39096580892485,1
446,0,11.75,15,7.39096580892485,7.43102436119825,1
446,0,11.75,15,7.43102436119825,8.0153920647834,1
446,0,11.75,15,8.0153920647834,9.92976000624347,1
446,0,11.75,15,9.92976000624347,10.2972829413039,1
446,0,11.75,15,10.2972829413039,10.6141429696101,1
446,0,11.75,15,10.6141429696101,10.6637422404802,1
446,0,11.75,15,10.6637422404802,10.9800136310984,1
446,0,11.75,15,10.9800136310984,10.9955780717862,1
446,0,11.75,15,10.9955780717862,11.2821536798008,1
446,0,11.75,15,11.2821536798008,11.4574829446912,1
446,0,11.75,15,11.4574829446912,11.7156519101414,1
446,0,11.75,15,11.7156519101414,11.75,0
447,0,7.75,1,0,0.228653773903257,1
447,0,7.75,1,0.228653773903257,7.75,0
448,0,9.75,1,0,0.333849857222945,1
448,0,9.75,1,0.333849857222945,9.75,0
449,0,15.75,1,0,1.0080301033722,1
449,0,15.75,1,1.0080301033722,15.75,0
450,0,10.75,0,0,10.75,0
451,0,13.75,0,0,13.75,0
452,0,15.75,1,0,3.8350082048556,1
452,0,15.75,1,3.8350082048556,15.75,0
453,0,13.75,33,0,3.12483708723325,1
453,0,13.75,33,3.12483708723325,4.34154656448546,1
453,0,13.75,33,4.34154656448546,5.12360847694267,1
453,0,13.75,33,5.12360847694267,6.69493762614817,1
453,0,13.75,33,6.69493762614817,6.72744227340697,1
453,0,13.75,33,6.72744227340697,7.46223144099531,1
453,0,13.75,33,7.46223144099531,8.45125096211093,1
453,0,13.75,33,8.45125096211093,8.5886719850887,1
453,0,13.75,33,8.5886719850887,8.9862538034256,1
453,0,13.75,33,8.9862538034256,9.05317361790795,1
453,0,13.75,33,9.05317361790795,9.33770502095113,1
453,0,13.75,33,9.33770502095113,9.71476982194885,1
453,0,13.75,33,9.71476982194885,9.93707904573364,1
453,0,13.75,33,9.93707904573364,10.3084036800098,1
453,0,13.75,33,10.3084036800098,10.8031052675492,1
453,0,13.75,33,10.8031052675492,11.0350262903722,1
453,0,13.75,33,11.0350262903722,11.2515911676323,1
453,0,13.75,33,11.2515911676323,11.4206636869349,1
453,0,13.75,33,11.4206636869349,11.4344420716279,1
453,0,13.75,33,11.4344420716279,11.5119161456498,1
453,0,13.75,33,11.5119161456498,11.5370936910844,1
453,0,13.75,33,11.5370936910844,12.0094850284159,1
453,0,13.75,33,12.0094850284159,12.0840917758475,1
453,0,13.75,33,12.0840917758475,12.228982147826,1
453,0,13.75,33,12.228982147826,12.3462985273667,1
453,0,13.75,33,12.3462985273667,12.4720403519944,1
453,0,13.75,33,12.4720403519944,12.6247746161242,1
453,0,13.75,33,12.6247746161242,12.7828298761527,1
453,0,13.75,33,12.7828298761527,13.0916421325356,1
453,0,13.75,33,13.0916421325356,13.2522229198919,1
453,0,13.75,33,13.2522229198919,13.3799506901086,1
453,0,13.75,33,13.3799506901086,13.5008305047746,1
453,0,13.75,33,13.5008305047746,13.7375636807739,1
453,0,13.75,33,13.7375636807739,13.75,0
454,0,9.75,12,0,2.35210249195384,1
454,0,9.75,12,2.35210249195384,3.08920790875062,1
454,0,9.75,12,3.08920790875062,3.32920614298914,1
454,0,9.75,12,3.32920614298914,3.95380666236603,1
454,0,9.75,12,3.95380666236603,3.97395793706576,1
454,0,9.75,12,3.97395793706576,4.76634573677127,1
454,0,9.75,12,4.76634573677127,4.86291805267334,1
454,0,9.75,12,4.86291805267334,5.11739449572608,1
454,0,9.75,12,5.11739449572608,5.81228224341806,1
454,0,9.75,12,5.81228224341806,6.07638386785775,1
454,0,9.75,12,6.07638386785775,6.28641553613728,1
454,0,9.75,12,6.28641553613728,8.48297907938389,1
454,0,9.75,12,8.48297907938389,9.75,0
455,0,13.75,0,0,13.75,0
456,0,14.75,15,0,1.20763670867767,1
456,0,14.75,15,1.20763670867767,5.35920873598628,1
456,0,14.75,15,5.35920873598628,9.57020719014568,1
456,0,14.75,15,9.57020719014568,9.87023057758353,1
456,0,14.75,15,9.87023057758353,11.9883158799714,1
456,0,14.75,15,11.9883158799714,12.0795529409171,1
456,0,14.75,15,12.0795529409171,12.1694017059117,1
456,0,14.75,15,12.1694017059117,12.6137446215476,1
456,0,14.75,15,12.6137446215476,12.9912713280297,1
456,0,14.75,15,12.9912713280297,13.2541976181164,1
456,0,14.75,15,13.2541976181164,13.8305167303985,1
456,0,14.75,15,13.8305167303985,13.8949507209343,1
456,0,14.75,15,13.8949507209343,14.1490242895981,1
456,0,14.75,15,14.1490242895981,14.3799699994095,1
456,0,14.75,15,14.3799699994095,14.4258427643032,1
456,0,14.75,15,14.4258427643032,14.75,0
457,0,17.75,0,0,17.75,0
458,0,9.75,1,0,1.14649478251453,1
458,0,9.75,1,1.14649478251453,9.75,0
459,0,11.75,13,0,3.05081643305001,1
459,0,11.75,13,3.05081643305001,4.89946545181541,1
459,0,11.75,13,4.89946545181541,5.32291270481235,1
459,0,11.75,13,5.32291270481235,6.38885494222352,1
459,0,11.75,13,6.38885494222352,8.53040622897445,1
459,0,11.75,13,8.53040622897445,8.79993602035073,1
459,0,11.75,13,8.79993602035073,9.93551398648468,1
459,0,11.75,13,9.93551398648468,10.5922235016527,1
459,0,11.75,13,10.5922235016527,10.6880524975872,1
459,0,11.75,13,10.6880524975872,10.8470332520646,1
459,0,11.75,13,10.8470332520646,10.8646564199065,1
459,0,11.75,13,10.8646564199065,11.2947074081682,1
459,0,11.75,13,11.2947074081682,11.3099524255848,1
459,0,11.75,13,11.3099524255848,11.75,0
460,0,12.75,16,0,4.92550270957122,1
460,0,12.75,16,4.92550270957122,7.66160067951141,1
460,0,12.75,16,7.66160067951141,8.10105813738613,1
460,0,12.75,16,8.10105813738613,8.70226489943088,1
460,0,12.75,16,8.70226489943088,9.10103661345215,1
460,0,12.75,16,9.10103661345215,9.75454056038358,1
460,0,12.75,16,9.75454056038358,10.6505642600874,1
460,0,12.75,16,10.6505642600874,10.7980366855446,1
460,0,12.75,16,10.7980366855446,10.8207917033136,1
460,0,12.75,16,10.8207917033136,11.05646518125,1
460,0,12.75,16,11.05646518125,11.1742204506502,1
460,0,12.75,16,11.1742204506502,11.7963425962655,1
460,0,12.75,16,11.7963425962655,11.9213862928145,1
460,0,12.75,16,11.9213862928145,12.4145652023533,1
460,0,12.75,16,12.4145652023533,12.521173997011,1
460,0,12.75,16,12.521173997011,12.7124219889215,1
460,0,12.75,16,12.7124219889215,12.75,0
461,0,13.75,3,0,2.85893576144439,1
461,0,13.75,3,2.85893576144439,8.28833432586744,1
461,0,13.75,3,8.28833432586744,11.7982157614965,1
461,0,13.75,3,11.7982157614965,13.75,0
462,0,12.75,1,0,1.65640183863851,1
462,0,12.75,1,1.65640183863851,12.75,0
463,0,10.75,2,0,0.675433750908285,1
463,0,10.75,2,0.675433750908285,3.55015049654254,1
463,0,10.75,2,3.55015049654254,10.75,0
464,0,17.75,0,0,17.75,0
465,0,11.75,3,0,0.042873575674157,1
465,0,11.75,3,0.042873575674157,0.905847381822345,1
465,0,11.75,3,0.905847381822345,2.1703633435153,1
465,0,11.75,3,2.1703633435153,11.75,0
466,0,12.75,1,0,1.17739080398746,1
466,0,12.75,1,1.17739080398746,12.75,0
467,0,12.75,1,0,0.0713481646448281,1
467,0,12.75,1,0.0713481646448281,12.75,0
468,0,11.75,0,0,11.75,0
469,0,9.75,0,0,9.75,0
470,0,20.75,0,0,20.75,0
471,0,16.75,3,0,1.66769284043697,1
471,0,16.75,3,1.66769284043697,1.67822132719108,1
471,0,16.75,3,1.67822132719108,5.1259448558281,1
471,0,16.75,3,5.1259448558281,16.75,0
472,0,11.75,28,0,4.66198924032943,1
472,0,11.75,28,4.66198924032943,5.33894204791877,1
472,0,11.75,28,5.33894204791877,5.36023581559385,1
472,0,11.75,28,5.36023581559385,5.47609828155571,1
472,0,11.75,28,5.47609828155571,5.68409109781913,1
472,0,11.75,28,5.68409109781913,5.87852407931746,1
472,0,11.75,28,5.87852407931746,6.40090502813391,1
472,0,11.75,28,6.40090502813391,6.61505071640964,1
472,0,11.75,28,6.61505071640964,7.22052005958957,1
472,0,11.75,28,7.22052005958957,7.61372411998193,1
472,0,11.75,28,7.61372411998193,7.732010185795,1
472,0,11.75,28,7.732010185795,7.88910437924848,1
472,0,11.75,28,7.88910437924848,8.34194020140411,1
472,0,11.75,28,8.34194020140411,9.04750755427952,1
472,0,11.75,28,9.04750755427952,9.30637065144705,1
472,0,11.75,28,9.30637065144705,9.35841710515669,1
472,0,11.75,28,9.35841710515669,9.86729982063146,1
472,0,11.75,28,9.86729982063146,9.87111433572866,1
472,0,11.75,28,9.87111433572866,10.5690360400204,1
472,0,11.75,28,10.5690360400204,10.5982241057077,1
472,0,11.75,28,10.5982241057077,10.6828171309265,1
472,0,11.75,28,10.6828171309265,10.9050505979271,1
472,0,11.75,28,10.9050505979271,10.937057718029,1
472,0,11.75,28,10.937057718029,10.9787808201975,1
472,0,11.75,28,10.9787808201975,10.9971003180416,1
472,0,11.75,28,10.9971003180416,11.1421934579732,1
472,0,11.75,28,11.1421934579732,11.1467312687825,1
472,0,11.75,28,11.1467312687825,11.63987279806,1
472,0,11.75,28,11.63987279806,11.75,0
473,0,11.75,17,0,3.26293098298752,1
473,0,11.75,17,3.26293098298752,6.76152535105212,1
473,0,11.75,17,6.76152535105212,6.8209886839414,1
473,0,11.75,17,6.8209886839414,6.83205162173678,1
473,0,11.75,17,6.83205162173678,6.93390776711216,1
473,0,11.75,17,6.93390776711216,7.96048232598239,1
473,0,11.75,17,7.96048232598239,8.3099652144657,1
473,0,11.75,17,8.3099652144657,8.54833800509576,1
473,0,11.75,17,8.54833800509576,8.76338661187611,1
473,0,11.75,17,8.76338661187611,9.05433531083205,1
473,0,11.75,17,9.05433531083205,9.40205953884102,1
473,0,11.75,17,9.40205953884102,9.78459206430696,1
473,0,11.75,17,9.78459206430696,10.821892395322,1
473,0,11.75,17,10.821892395322,11.0128369852584,1
473,0,11.75,17,11.0128369852584,11.0898810705314,1
473,0,11.75,17,11.0898810705314,11.4903090554294,1
473,0,11.75,17,11.4903090554294,11.7415148946041,1
473,0,11.75,17,11.7415148946041,11.75,0
474,0,12.75,11,0,3.93720496677809,1
474,0,12.75,11,3.93720496677809,5.99793721213262,1
474,0,12.75,11,5.99793721213262,6.82802631280034,1
474,0,12.75,11,6.82802631280034,7.11216806947944,1
474,0,12.75,11,7.11216806947944,7.91107786991037,1
474,0,12.75,11,7.91107786991037,9.24752432640125,1
474,0,12.75,11,9.24752432640125,9.99154456607832,1
474,0,12.75,11,9.99154456607832,10.1333331179287,1
474,0,12.75,11,10.1333331179287,11.8581721192078,1
474,0,12.75,11,11.8581721192078,12.4620114943447,1
474,0,12.75,11,12.4620114943447,12.4997559022463,1
474,0,12.75,11,12.4997559022463,12.75,0
475,0,20.75,3,0,0.37448653614059,1
475,0,20.75,3,0.37448653614059,3.2695692820435,1
475,0,20.75,3,3.2695692820435,10.4425347024059,1
475,0,20.75,3,10.4425347024059,20.75,0
476,0,7.75,6,0,2.87688602527947,1
476,0,7.75,6,2.87688602527947,3.54323877512461,1
476,0,7.75,6,3.54323877512461,3.569002853699,1
476,0,7.75,6,3.569002853699,7.04237670205006,1
476,0,7.75,6,7.04237670205006,7.56570484911683,1
476,0,7.75,6,7.56570484911683,7.57512356451537,1
476,0,7.75,6,7.57512356451537,7.75,0
477,0,15.75,2,0,0.690304004566262,1
477,0,15.75,2,0.690304004566262,7.23412335660786,1
477,0,15.75,2,7.23412335660786,15.75,0
478,0,14.75,16,0,5.57283866871334,1
478,0,14.75,16,5.57283866871334,6.1861880288008,1
478,0,14.75,16,6.1861880288008,7.46094134689245,1
478,0,14.75,16,7.46094134689245,7.66189990736221,1
478,0,14.75,16,7.66189990736221,9.0117014842387,1
478,0,14.75,16,9.0117014842387,11.6124026649409,1
478,0,14.75,16,11.6124026649409,11.6152381361736,1
478,0,14.75,16,11.6152381361736,11.8235885252337,1
478,0,14.75,16,11.8235885252337,11.9266521428463,1
478,0,14.75,16,11.9266521428463,12.0310038194908,1
478,0,14.75,16,12.0310038194908,12.2009131183561,1
478,0,14.75,16,12.2009131183561,12.9798608162511,1
478,0,14.75,16,12.9798608162511,13.3437285920682,1
478,0,14.75,16,13.3437285920682,13.4259165073146,1
478,0,14.75,16,13.4259165073146,13.734713952902,1
478,0,14.75,16,13.734713952902,14.2157980497175,1
478,0,14.75,16,14.2157980497175,14.75,0
479,0,10.75,8,0,0.975992805996957,1
479,0,10.75,8,0.975992805996957,5.44208538203633,1
479,0,10.75,8,5.44208538203633,8.76478447176407,1
479,0,10.75,8,8.76478447176407,9.04569320145691,1
479,0,10.75,8,9.04569320145691,9.81857384359627,1
479,0,10.75,8,9.81857384359627,9.94348016702913,1
479,0,10.75,8,9.94348016702913,10.0015786267004,1
479,0,10.75,8,10.0015786267004,10.2189746196483,1
479,0,10.75,8,10.2189746196483,10.75,0
480,0,11.75,3,0,2.50253284683232,1
480,0,11.75,3,2.50253284683232,6.57460761584976,1
480,0,11.75,3,6.57460761584976,11.2271383222974,1
480,0,11.75,3,11.2271383222974,11.75,0
481,0,19.75,71,0,5.57137183477171,1
481,0,19.75,71,5.57137183477171,6.80644963123714,1
481,0,19.75,71,6.80644963123714,6.87901805662482,1
481,0,19.75,71,6.87901805662482,7.30655113745652,1
481,0,19.75,71,7.30655113745652,8.00627375101415,1
481,0,19.75,71,8.00627375101415,8.14152353959094,1
481,0,19.75,71,8.14152353959094,8.46761531265506,1
481,0,19.75,71,8.46761531265506,8.54050992149769,1
481,0,19.75,71,8.54050992149769,9.48866881436728,1
481,0,19.75,71,9.48866881436728,9.68716991247467,1
481,0,19.75,71,9.68716991247467,10.1266216881812,1
481,0,19.75,71,10.1266216881812,11.2408370507763,1
481,0,19.75,71,11.2408370507763,11.3452405089764,1
481,0,19.75,71,11.3452405089764,11.4929089832881,1
481,0,19.75,71,11.4929089832881,12.1128767105923,1
481,0,19.75,71,12.1128767105923,12.3079808439742,1
481,0,19.75,71,12.3079808439742,12.3663370809233,1
481,0,19.75,71,12.3663370809233,12.4687666669646,1
481,0,19.75,71,12.4687666669646,12.5297561863218,1
481,0,19.75,71,12.5297561863218,12.7707732746862,1
481,0,19.75,71,12.7707732746862,12.7933524282035,1
481,0,19.75,71,12.7933524282035,12.9929813295271,1
481,0,19.75,71,12.9929813295271,13.0125608163299,1
481,0,19.75,71,13.0125608163299,13.1096565761546,1
481,0,19.75,71,13.1096565761546,13.1716708267075,1
481,0,19.75,71,13.1716708267075,13.362134686879,1
481,0,19.75,71,13.362134686879,14.0947767336516,1
481,0,19.75,71,14.0947767336516,14.3062904792104,1
481,0,19.75,71,14.3062904792104,14.3267584561162,1
481,0,19.75,71,14.3267584561162,14.4356149134297,1
481,0,19.75,71,14.4356149134297,14.5554333682204,1
481,0,19.75,71,14.5554333682204,14.6213715116693,1
481,0,19.75,71,14.6213715116693,14.7393968992495,1
481,0,19.75,71,14.7393968992495,14.7881161935691,1
481,0,19.75,71,14.7881161935691,14.9736789606751,1
481,0,19.75,71,14.9736789606751,15.1262214653628,1
481,0,19.75,71,15.1262214653628,15.1465396487405,1
481,0,19.75,71,15.1465396487405,15.283735570066,1
481,0,19.75,71,15.283735570066,15.3404583117341,1
481,0,19.75,71,15.3404583117341,15.4393981867473,1
481,0,19.75,71,15.4393981867473,15.6330465393258,1
481,0,19.75,71,15.6330465393258,15.7142527206651,1
481,0,19.75,71,15.7142527206651,16.1303785575163,1
481,0,19.75,71,16.1303785575163,16.1734077308745,1
481,0,19.75,71,16.1734077308745,16.3454180389367,1
481,0,19.75,71,16.3454180389367,16.8550781912886,1
481,0,19.75,71,16.8550781912886,17.1668714765877,1
481,0,19.75,71,17.1668714765877,17.4753950216958,1
481,0,19.75,71,17.4753950216958,17.4829066030034,1
481,0,19.75,71,17.4829066030034,17.5113770731553,1
481,0,19.75,71,17.5113770731553,17.6388862936047,1
481,0,19.75,71,17.6388862936047,17.8585679721034,1
481,0,19.75,71,17.8585679721034,18.0822201891405,1
481,0,19.75,71,18.0822201891405,18.103048667257,1
481,0,19.75,71,18.103048667257,18.124008171774,1
481,0,19.75,71,18.124008171774,18.2001952137449,1
481,0,19.75,71,18.2001952137449,18.2713765731732,1
481,0,19.75,71,18.2713765731732,18.3944285714722,1
481,0,19.75,71,18.3944285714722,18.450516491495,1
481,0,19.75,71,18.450516491495,18.4719557796896,1
481,0,19.75,71,18.4719557796896,18.5072391291373,1
481,0,19.75,71,18.5072391291373,18.6315338925222,1
481,0,19.75,71,18.6315338925222,18.6425399010018,1
481,0,19.75,71,18.6425399010018,18.7801963985306,1
481,0,19.75,71,18.7801963985306,19.0257089783151,1
481,0,19.75,71,19.0257089783151,19.0500655629597,1
481,0,19.75,71,19.0500655629597,19.1298341863334,1
481,0,19.75,71,19.1298341863334,19.2848705554279,1
481,0,19.75,71,19.2848705554279,19.3520348054961,1
481,0,19.75,71,19.3520348054961,19.5962333177135,1
481,0,19.75,71,19.5962333177135,19.6302527963556,1
481,0,19.75,71,19.6302527963556,19.75,0
482,0,15.75,1,0,0.820690761498517,1
482,0,15.75,1,0.820690761498517,15.75,0
483,0,15.75,3,0,2.16664292522795,1
483,0,15.75,3,2.16664292522795,8.49946359422648,1
483,0,15.75,3,8.49946359422648,12.4992404492575,1
483,0,15.75,3,12.4992404492575,15.75,0
484,0,19.75,2,0,3.56341967985698,1
484,0,19.75,2,3.56341967985698,10.7932320631166,1
484,0,19.75,2,10.7932320631166,19.75,0
485,0,19.75,2,0,5.28622419112291,1
485,0,19.75,2,5.28622419112291,8.58347766316831,1
485,0,19.75,2,8.58347766316831,19.75,0
486,0,17.75,3,0,1.60464262329002,1
486,0,17.75,3,1.60464262329002,2.58873078024059,1
486,0,17.75,3,2.58873078024059,17.3748680120956,1
486,0,17.75,3,17.3748680120956,17.75,0
487,0,8.75,4,0,5.63492805322972,1
487,0,8.75,4,5.63492805322972,5.77622028239047,1
487,0,8.75,4,5.77622028239047,6.60127633616507,1
487,0,8.75,4,6.60127633616507,8.22472595286958,1
487,0,8.75,4,8.22472595286958,8.75,0
488,0,9.75,1,0,0.600843815614596,1
488,0,9.75,1,0.600843815614596,9.75,0
489,0,20.75,75,0,3.06528828603167,1
489,0,20.75,75,3.06528828603167,5.42116367590902,1
489,0,20.75,75,5.42116367590902,6.15436095798618,1
489,0,20.75,75,6.15436095798618,7.43599223458662,1
489,0,20.75,75,7.43599223458662,8.27630953592338,1
489,0,20.75,75,8.27630953592338,8.46342334280876,1
489,0,20.75,75,8.46342334280876,8.73479588997681,1
489,0,20.75,75,8.73479588997681,8.92595036243704,1
489,0,20.75,75,8.92595036243704,9.40678548509516,1
489,0,20.75,75,9.40678548509516,9.74479941083745,1
489,0,20.75,75,9.74479941083745,9.89897205615582,1
489,0,20.75,75,9.89897205615582,10.3989837358876,1
489,0,20.75,75,10.3989837358876,10.5681803107486,1
489,0,20.75,75,10.5681803107486,11.2411437757501,1
489,0,20.75,75,11.2411437757501,11.2833508053474,1
489,0,20.75,75,11.2833508053474,12.0321465377979,1
489,0,20.75,75,12.0321465377979,12.1622531389611,1
489,0,20.75,75,12.1622531389611,12.2596328703265,1
489,0,20.75,75,12.2596328703265,12.6249514865518,1
489,0,20.75,75,12.6249514865518,12.8407581376055,1
489,0,20.75,75,12.8407581376055,13.112159600348,1
489,0,20.75,75,13.112159600348,13.8192238764454,1
489,0,20.75,75,13.8192238764454,14.156080235938,1
489,0,20.75,75,14.156080235938,14.2709502489142,1
489,0,20.75,75,14.2709502489142,14.2818052285595,1
489,0,20.75,75,14.2818052285595,14.2857481268046,1
489,0,20.75,75,14.2857481268046,14.9628387264694,1
489,0,20.75,75,14.9628387264694,15.098888512786,1
489,0,20.75,75,15.098888512786,15.5187653092822,1
489,0,20.75,75,15.5187653092822,15.5537794213412,1
489,0,20.75,75,15.5537794213412,15.6936356052859,1
489,0,20.75,75,15.6936356052859,15.9665786476399,1
489,0,20.75,75,15.9665786476399,16.5371628247607,1
489,0,20.75,75,16.5371628247607,16.7587930656166,1
489,0,20.75,75,16.7587930656166,17.0620073169049,1
489,0,20.75,75,17.0620073169049,17.2574848829586,1
489,0,20.75,75,17.2574848829586,17.3472796443452,1
489,0,20.75,75,17.3472796443452,17.3830027212734,1
489,0,20.75,75,17.3830027212734,17.5297161929144,1
489,0,20.75,75,17.5297161929144,17.6216014382434,1
489,0,20.75,75,17.6216014382434,17.7296627316596,1
489,0,20.75,75,17.7296627316596,17.7989434743743,1
489,0,20.75,75,17.7989434743743,17.9648849870153,1
489,0,20.75,75,17.9648849870153,17.9757854018489,1
489,0,20.75,75,17.9757854018489,18.1532367257223,1
489,0,20.75,75,18.1532367257223,18.1596288368497,1
489,0,20.75,75,18.1596288368497,18.1708318508029,1
489,0,20.75,75,18.1708318508029,18.2117374817518,1
489,0,20.75,75,18.2117374817518,18.3358706783313,1
489,0,20.75,75,18.3358706783313,18.3485453897756,1
489,0,20.75,75,18.3485453897756,18.4171776284716,1
489,0,20.75,75,18.4171776284716,18.517861173662,1
489,0,20.75,75,18.517861173662,18.5460249565821,1
489,0,20.75,75,18.5460249565821,18.5830010996187,1
489,0,20.75,75,18.5830010996187,18.6704590352952,1
489,0,20.75,75,18.6704590352952,18.693811375657,1
489,0,20.75,75,18.693811375657,18.7081884738571,1
489,0,20.75,75,18.7081884738571,18.938353816871,1
489,0,20.75,75,18.938353816871,19.0260992410579,1
489,0,20.75,75,19.0260992410579,19.0421932309513,1
489,0,20.75,75,19.0421932309513,19.1229583523837,1
489,0,20.75,75,19.1229583523837,19.1268418524538,1
489,0,20.75,75,19.1268418524538,19.4067412355493,1
489,0,20.75,75,19.4067412355493,19.5842013919096,1
489,0,20.75,75,19.5842013919096,19.628824431463,1
489,0,20.75,75,19.628824431463,19.6719485652505,1
489,0,20.75,75,19.6719485652505,19.6867077054506,1
489,0,20.75,75,19.6867077054506,19.7218505709891,1
489,0,20.75,75,19.7218505709891,19.817064862732,1
489,0,20.75,75,19.817064862732,19.8176064979845,1
489,0,20.75,75,19.8176064979845,19.9647159458939,1
489,0,20.75,75,19.9647159458939,20.0989024348536,1
489,0,20.75,75,20.0989024348536,20.3776838272525,1
489,0,20.75,75,20.3776838272525,20.4209075257934,1
489,0,20.75,75,20.4209075257934,20.6808416971682,1
489,0,20.75,75,20.6808416971682,20.75,0
490,0,10.75,6,0,4.56364561514675,1
490,0,10.75,6,4.56364561514675,6.84685119822415,1
490,0,10.75,6,6.84685119822415,8.03871587986455,1
490,0,10.75,6,8.03871587986455,8.62034456400218,1
490,0,10.75,6,8.62034456400218,9.47544446127883,1
490,0,10.75,6,9.47544446127883,9.72807887308129,1
490,0,10.75,6,9.72807887308129,10.75,0
491,0,14.75,22,0,3.89863590370871,1
491,0,14.75,22,3.89863590370871,5.26295936659646,1
491,0,14.75,22,5.26295936659646,5.52311195128651,1
491,0,14.75,22,5.52311195128651,6.35511675276961,1
491,0,14.75,22,6.35511675276961,8.06017999875955,1
491,0,14.75,22,8.06017999875955,8.59370636326044,1
491,0,14.75,22,8.59370636326044,8.85701208679883,1
491,0,14.75,22,8.85701208679883,9.1034513181827,1
491,0,14.75,22,9.1034513181827,9.5690665368294,1
491,0,14.75,22,9.5690665368294,10.6401981138894,1
491,0,14.75,22,10.6401981138894,10.8732852871249,1
491,0,14.75,22,10.8732852871249,12.2416717066758,1
491,0,14.75,22,12.2416717066758,12.4827852242544,1
491,0,14.75,22,12.4827852242544,12.7627566310726,1
491,0,14.75,22,12.7627566310726,13.1884431810446,1
491,0,14.75,22,13.1884431810446,13.3697490673052,1
491,0,14.75,22,13.3697490673052,13.5951844110487,1
491,0,14.75,22,13.5951844110487,13.8081378693814,1
491,0,14.75,22,13.8081378693814,13.896949410715,1
491,0,14.75,22,13.896949410715,13.9705219171504,1
491,0,14.75,22,13.9705219171504,14.2517931983028,1
491,0,14.75,22,14.2517931983028,14.7180459530484,1
491,0,14.75,22,14.7180459530484,14.75,0
492,0,12.75,18,0,2.90968242512773,1
492,0,12.75,18,2.90968242512773,3.1288887775966,1
492,0,12.75,18,3.1288887775966,4.76801666125728,1
492,0,12.75,18,4.76801666125728,5.44255020921152,1
492,0,12.75,18,5.44255020921152,5.64312980618853,1
492,0,12.75,18,5.64312980618853,5.93446974607373,1
492,0,12.75,18,5.93446974607373,6.40136922377458,1
492,0,12.75,18,6.40136922377458,7.31997819610631,1
492,0,12.75,18,7.31997819610631,8.49964476153052,1
492,0,12.75,18,8.49964476153052,9.69981815913305,1
492,0,12.75,18,9.69981815913305,9.98813266722368,1
492,0,12.75,18,9.98813266722368,10.0864473222072,1
492,0,12.75,18,10.0864473222072,10.6063533121778,1
492,0,12.75,18,10.6063533121778,11.1760389875872,1
492,0,12.75,18,11.1760389875872,11.686417925317,1
492,0,12.75,18,11.686417925317,12.1717982453339,1
492,0,12.75,18,12.1717982453339,12.5127242647387,1
492,0,12.75,18,12.5127242647387,12.6919111338649,1
492,0,12.75,18,12.6919111338649,12.75,0
493,0,12.75,1,0,0.154135938499111,1
493,0,12.75,1,0.154135938499111,12.75,0
494,0,7.75,0,0,7.75,0
495,0,13.75,1,0,3.43928966413969,1
495,0,13.75,1,3.43928966413969,13.75,0
496,0,11.75,0,0,11.75,0
497,0,11.75,8,0,3.52215698021207,1
497,0,11.75,8,3.52215698021207,4.4882444906543,1
497,0,11.75,8,4.4882444906543,8.41668485336127,1
497,0,11.75,8,8.41668485336127,9.59177646340009,1
497,0,11.75,8,9.59177646340009,9.9367373565411,1
497,0,11.75,8,9.9367373565411,10.113631212624,1
497,0,11.75,8,10.113631212624,10.2067357628778,1
497,0,11.75,8,10.2067357628778,11.7439059259105,1
497,0,11.75,8,11.7439059259105,11.75,0
498,0,19.75,44,0,8.36397738979561,1
498,0,19.75,44,8.36397738979561,8.45339124248307,1
498,0,19.75,44,8.45339124248307,9.46853492276892,1
498,0,19.75,44,9.46853492276892,10.2004291954929,1
498,0,19.75,44,10.2004291954929,10.5682781645791,1
498,0,19.75,44,10.5682781645791,10.7952018677668,1
498,0,19.75,44,10.7952018677668,10.8087829390427,1
498,0,19.75,44,10.8087829390427,11.0053943866382,1
498,0,19.75,44,11.0053943866382,11.2844663365199,1
498,0,19.75,44,11.2844663365199,11.5083994792892,1
498,0,19.75,44,11.5083994792892,11.5416174813976,1
498,0,19.75,44,11.5416174813976,11.8366898851547,1
498,0,19.75,44,11.8366898851547,12.2561345248975,1
498,0,19.75,44,12.2561345248975,12.5770005128272,1
498,0,19.75,44,12.5770005128272,12.6971150419242,1
498,0,19.75,44,12.6971150419242,13.3327596679177,1
498,0,19.75,44,13.3327596679177,13.5510787794928,1
498,0,19.75,44,13.5510787794928,13.7199615599941,1
498,0,19.75,44,13.7199615599941,13.7659474435666,1
498,0,19.75,44,13.7659474435666,14.2547233243049,1
498,0,19.75,44,14.2547233243049,14.3206088301467,1
498,0,19.75,44,14.3206088301467,14.6387162379629,1
498,0,19.75,44,14.6387162379629,14.7554038799823,1
498,0,19.75,44,14.7554038799823,14.8850566845444,1
498,0,19.75,44,14.8850566845444,14.9576654501294,1
498,0,19.75,44,14.9576654501294,16.1632423212583,1
498,0,19.75,44,16.1632423212583,16.2004444037641,1
498,0,19.75,44,16.2004444037641,16.4203207477242,1
498,0,19.75,44,16.4203207477242,16.4571751889675,1
498,0,19.75,44,16.4571751889675,16.476471903517,1
498,0,19.75,44,16.476471903517,16.7388984612752,1
498,0,19.75,44,16.7388984612752,16.8370993261262,1
498,0,19.75,44,16.8370993261262,16.8782174504123,1
498,0,19.75,44,16.8782174504123,17.044349403272,1
498,0,19.75,44,17.044349403272,17.2097433566311,1
498,0,19.75,44,17.2097433566311,17.6076274175705,1
498,0,19.75,44,17.6076274175705,17.6614697056133,1
498,0,19.75,44,17.6614697056133,17.6892067256457,1
498,0,19.75,44,17.6892067256457,18.0739996712727,1
498,0,19.75,44,18.0739996712727,18.2451373167025,1
498,0,19.75,44,18.2451373167025,18.7279958395482,1
498,0,19.75,44,18.7279958395482,18.8638416967431,1
498,0,19.75,44,18.8638416967431,19.1283877977045,1
498,0,19.75,44,19.1283877977045,19.6175664702001,1
498,0,19.75,44,19.6175664702001,19.75,0
499,0,15.75,2,0,2.59043253681745,1
499,0,15.75,2,2.59043253681745,6.42052631437781,1
499,0,15.75,2,6.42052631437781,15.75,0
500,0,11.75,0,0,11.75,0
501,0,8.75,1,0,1.021534339905,1
501,0,8.75,1,1.021534339905,8.75,0
502,0,9.75,1,0,0.799498345819341,1
502,0,9.75,1,0.799498345819341,9.75,0
503,0,11.75,1,0,0.385379140696391,1
503,0,11.75,1,0.385379140696391,11.75,0
504,0,11.75,1,0,1.95247539570505,1
504,0,11.75,1,1.95247539570505,11.75,0
505,0,13.75,34,0,4.83148468990016,1
505,0,13.75,34,4.83148468990016,5.5071742742905,1
505,0,13.75,34,5.5071742742905,6.25225573272952,1
505,0,13.75,34,6.25225573272952,6.47930691423333,1
505,0,13.75,34,6.47930691423333,6.97381268445272,1
505,0,13.75,34,6.97381268445272,7.30284551357207,1
505,0,13.75,34,7.30284551357207,7.31740390469985,1
505,0,13.75,34,7.31740390469985,7.54778360569372,1
505,0,13.75,34,7.54778360569372,9.11144200247097,1
505,0,13.75,34,9.11144200247097,9.2551946959402,1
505,0,13.75,34,9.2551946959402,9.33248522187414,1
505,0,13.75,34,9.33248522187414,9.41535167186585,1
505,0,13.75,34,9.41535167186585,10.0128294322632,1
505,0,13.75,34,10.0128294322632,10.2459622849786,1
505,0,13.75,34,10.2459622849786,10.3368922481182,1
505,0,13.75,34,10.3368922481182,10.3514940714991,1
505,0,13.75,34,10.3514940714991,10.5326877852702,1
505,0,13.75,34,10.5326877852702,10.7413851620592,1
505,0,13.75,34,10.7413851620592,10.922591036817,1
505,0,13.75,34,10.922591036817,11.2619855128665,1
505,0,13.75,34,11.2619855128665,11.6197376541982,1
505,0,13.75,34,11.6197376541982,11.7940591611836,1
505,0,13.75,34,11.7940591611836,11.9481092363864,1
505,0,13.75,34,11.9481092363864,12.0479988765544,1
505,0,13.75,34,12.0479988765544,12.2060948620601,1
505,0,13.75,34,12.2060948620601,12.3136806918165,1
505,0,13.75,34,12.3136806918165,12.8965288627927,1
505,0,13.75,34,12.8965288627927,12.9832427188117,1
505,0,13.75,34,12.9832427188117,13.0283663393275,1
505,0,13.75,34,13.0283663393275,13.2147115541594,1
505,0,13.75,34,13.2147115541594,13.245441889161,1
505,0,13.75,34,13.245441889161,13.2637199067149,1
505,0,13.75,34,13.2637199067149,13.2995093846254,1
505,0,13.75,34,13.2995093846254,13.6142334200861,1
505,0,13.75,34,13.6142334200861,13.75,0
506,0,10.75,0,0,10.75,0
507,0,17.75,36,0,3.4331298399129,1
507,0,17.75,36,3.4331298399129,4.44618858687087,1
507,0,17.75,36,4.44618858687087,4.63913253418468,1
507,0,17.75,36,4.63913253418468,5.58249340895393,1
507,0,17.75,36,5.58249340895393,6.18103195718146,1
507,0,17.75,36,6.18103195718146,6.53139308252175,1
507,0,17.75,36,6.53139308252175,8.64015261374342,1
507,0,17.75,36,8.64015261374342,10.1263310192895,1
507,0,17.75,36,10.1263310192895,10.2276691854006,1
507,0,17.75,36,10.2276691854006,10.4628099262998,1
507,0,17.75,36,10.4628099262998,10.6772538910382,1
507,0,17.75,36,10.6772538910382,11.0969479660393,1
507,0,17.75,36,11.0969479660393,11.4064495081895,1
507,0,17.75,36,11.4064495081895,11.4499368112458,1
507,0,17.75,36,11.4499368112458,12.5228193234888,1
507,0,17.75,36,12.5228193234888,12.7670336914235,1
507,0,17.75,36,12.7670336914235,13.4929813425845,1
507,0,17.75,36,13.4929813425845,13.7874794608241,1
507,0,17.75,36,13.7874794608241,13.8241988358969,1
507,0,17.75,36,13.8241988358969,14.0911578106133,1
507,0,17.75,36,14.0911578106133,14.1448349236481,1
507,0,17.75,36,14.1448349236481,14.755618731242,1
507,0,17.75,36,14.755618731242,15.0525378739717,1
507,0,17.75,36,15.0525378739717,15.9379807295116,1
507,0,17.75,36,15.9379807295116,15.9498451236654,1
507,0,17.75,36,15.9498451236654,16.1266861965494,1
507,0,17.75,36,16.1266861965494,16.1788787524018,1
507,0,17.75,36,16.1788787524018,16.330021356095,1
507,0,17.75,36,16.330021356095,16.6526688820064,1
507,0,17.75,36,16.6526688820064,16.890661768611,1
507,0,17.75,36,16.890661768611,17.0633221232606,1
507,0,17.75,36,17.0633221232606,17.485674613484,1
507,0,17.75,36,17.485674613484,17.4927043827003,1
507,0,17.75,36,17.4927043827003,17.4937076282299,1
507,0,17.75,36,17.4937076282299,17.6228310219568,1
507,0,17.75,36,17.6228310219568,17.6730176340208,1
507,0,17.75,36,17.6730176340208,17.75,0
508,0,9.75,0,0,9.75,0
509,0,8.75,4,0,5.51678083286983,1
509,0,8.75,4,5.51678083286983,6.09770294724778,1
509,0,8.75,4,6.09770294724778,8.15382866608478,1
509,0,8.75,4,8.15382866608478,8.46675121433818,1
509,0,8.75,4,8.46675121433818,8.75,0
510,0,12.75,2,0,5.66111391051027,1
510,0,12.75,2,5.66111391051027,11.7441725292226,1
510,0,12.75,2,11.7441725292226,12.75,0
511,0,13.75,22,0,4.96070845431035,1
511,0,13.75,22,4.96070845431035,6.33777953952819,1
511,0,13.75,22,6.33777953952819,6.45074984733736,1
511,0,13.75,22,6.45074984733736,7.19588956984496,1
511,0,13.75,22,7.19588956984496,7.36182164187078,1
511,0,13.75,22,7.36182164187078,7.73202575265786,1
511,0,13.75,22,7.73202575265786,8.25455390271697,1
511,0,13.75,22,8.25455390271697,8.55981747266284,1
511,0,13.75,22,8.55981747266284,8.63758079291832,1
511,0,13.75,22,8.63758079291832,8.94476218482828,1
511,0,13.75,22,8.94476218482828,9.09787265915867,1
511,0,13.75,22,9.09787265915867,10.1299617221883,1
511,0,13.75,22,10.1299617221883,10.4602071966605,1
511,0,13.75,22,10.4602071966605,10.4681768300599,1
511,0,13.75,22,10.4681768300599,11.1922511648352,1
511,0,13.75,22,11.1922511648352,11.1999261155481,1
511,0,13.75,22,11.1999261155481,11.5063581048654,1
511,0,13.75,22,11.5063581048654,11.9886388342571,1
511,0,13.75,22,11.9886388342571,12.6621823816301,1
511,0,13.75,22,12.6621823816301,12.9992400569637,1
511,0,13.75,22,12.9992400569637,13.013983627268,1
511,0,13.75,22,13.013983627268,13.3506431085244,1
511,0,13.75,22,13.3506431085244,13.75,0
512,0,12.75,2,0,9.32823748894637,1
512,0,12.75,2,9.32823748894637,11.8317270887935,1
512,0,12.75,2,11.8317270887935,12.75,0
513,0,19.75,1,0,0.623010383767504,1
513,0,19.75,1,0.623010383767504,19.75,0
514,0,9.75,1,0,0.593667451226567,1
514,0,9.75,1,0.593667451226567,9.75,0
515,0,10.75,11,0,6.10796607812071,1
515,0,10.75,11,6.10796607812071,7.2240408266601,1
515,0,10.75,11,7.2240408266601,7.30084273613738,1
515,0,10.75,11,7.30084273613738,7.92381394729924,1
515,0,10.75,11,7.92381394729924,8.45394408255875,1
515,0,10.75,11,8.45394408255875,9.32943477717439,1
515,0,10.75,11,9.32943477717439,9.61516991498249,1
515,0,10.75,11,9.61516991498249,10.1825493504692,1
515,0,10.75,11,10.1825493504692,10.3856305604248,1
515,0,10.75,11,10.3856305604248,10.5762185646602,1
515,0,10.75,11,10.5762185646602,10.6236428526834,1
515,0,10.75,11,10.6236428526834,10.75,0
516,0,14.75,31,0,2.04206951149184,1
516,0,14.75,31,2.04206951149184,2.10665096970606,1
516,0,14.75,31,2.10665096970606,2.81983949944008,1
516,0,14.75,31,2.81983949944008,7.23879395013541,1
516,0,14.75,31,7.23879395013541,7.49790207861835,1
516,0,14.75,31,7.49790207861835,8.00162369833991,1
516,0,14.75,31,8.00162369833991,8.0923427178702,1
516,0,14.75,31,8.0923427178702,8.67081888734915,1
516,0,14.75,31,8.67081888734915,8.87866534323132,1
516,0,14.75,31,8.87866534323132,9.65903663000263,1
516,0,14.75,31,9.65903663000263,10.2477238033038,1
516,0,14.75,31,10.2477238033038,10.4098453652752,1
516,0,14.75,31,10.4098453652752,10.4373463187922,1
516,0,14.75,31,10.4373463187922,10.6054883398388,1
516,0,14.75,31,10.6054883398388,10.7610568935777,1
516,0,14.75,31,10.7610568935777,11.1633930586991,1
516,0,14.75,31,11.1633930586991,11.5565969154103,1
516,0,14.75,31,11.5565969154103,11.7111091707536,1
516,0,14.75,31,11.7111091707536,12.0275756901329,1
516,0,14.75,31,12.0275756901329,12.5057469144166,1
516,0,14.75,31,12.5057469144166,12.5424397456247,1
516,0,14.75,31,12.5424397456247,12.5962663265025,1
516,0,14.75,31,12.5962663265025,12.9928275480637,1
516,0,14.75,31,12.9928275480637,13.0839149113074,1
516,0,14.75,31,13.0839149113074,13.1428940728583,1
516,0,14.75,31,13.1428940728583,13.8589169499368,1
516,0,14.75,31,13.8589169499368,14.2809225457558,1
516,0,14.75,31,14.2809225457558,14.3995050200879,1
516,0,14.75,31,14.3995050200879,14.5500406791935,1
516,0,14.75,31,14.5500406791935,14.5558851507777,1
516,0,14.75,31,14.5558851507777,14.5785598121327,1
516,0,14.75,31,14.5785598121327,14.75,0
517,0,10.75,9,0,1.69339696692262,1
517,0,10.75,9,1.69339696692262,5.72235606975212,1
517,0,10.75,9,5.72235606975212,5.86545116457683,1
517,0,10.75,9,5.86545116457683,6.92153380669732,1
517,0,10.75,9,6.92153380669732,6.95330102490215,1
517,0,10.75,9,6.95330102490215,8.75590262091537,1
517,0,10.75,9,8.75590262091537,10.1303973898518,1
517,0,10.75,9,10.1303973898518,10.2713234807356,1
517,0,10.75,9,10.2713234807356,10.283425463638,1
517,0,10.75,9,10.283425463638,10.75,0
518,0,14.75,24,0,4.19509944636011,1
518,0,14.75,24,4.19509944636011,5.9552678828106,1
518,0,14.75,24,5.9552678828106,6.13620902405729,1
518,0,14.75,24,6.13620902405729,6.42793637890367,1
518,0,14.75,24,6.42793637890367,9.07808003022418,1
518,0,14.75,24,9.07808003022418,10.0051464076888,1
518,0,14.75,24,10.0051464076888,10.1206874269736,1
518,0,14.75,24,10.1206874269736,10.5087145854456,1
518,0,14.75,24,10.5087145854456,10.608929970925,1
518,0,14.75,24,10.608929970925,10.7043130164653,1
518,0,14.75,24,10.7043130164653,10.7899936360483,1
518,0,14.75,24,10.7899936360483,11.1213853773429,1
518,0,14.75,24,11.1213853773429,11.1712644466718,1
518,0,14.75,24,11.1712644466718,11.7873136579373,1
518,0,14.75,24,11.7873136579373,11.8139957983351,1
518,0,14.75,24,11.8139957983351,12.3886397831473,1
518,0,14.75,24,12.3886397831473,12.5367145497196,1
518,0,14.75,24,12.5367145497196,12.6673053071363,1
518,0,14.75,24,12.6673053071363,13.2914455455734,1
518,0,14.75,24,13.2914455455734,13.3079278412317,1
518,0,14.75,24,13.3079278412317,13.8843914281069,1
518,0,14.75,24,13.8843914281069,13.9964537073864,1
518,0,14.75,24,13.9964537073864,14.7125293024272,1
518,0,14.75,24,14.7125293024272,14.7268205981057,1
518,0,14.75,24,14.7268205981057,14.75,0
519,0,9.75,1,0,9.73945039188861,1
519,0,9.75,1,9.73945039188861,9.75,0
520,0,7.75,1,0,0.0463704469959735,1
520,0,7.75,1,0.0463704469959735,7.75,0
521,0,14.75,3,0,1.13744056007258,1
521,0,14.75,3,1.13744056007258,9.59243132559576,1
521,0,14.75,3,9.59243132559576,14.1032034314789,1
521,0,14.75,3,14.1032034314789,14.75,0
522,0,17.75,4,0,0.0547554001897802,1
522,0,17.75,4,0.0547554001897802,0.873188567784994,1
522,0,17.75,4,0.873188567784994,8.29190667627175,1
522,0,17.75,4,8.29190667627175,16.766554915285,1
522,0,17.75,4,16.766554915285,17.75,0
523,0,12.75,2,0,3.55012183520642,1
523,0,12.75,2,3.55012183520642,8.43490724107725,1
523,0,12.75,2,8.43490724107725,12.75,0
524,0,16.75,2,0,0.171590551194495,1
524,0,16.75,2,0.171590551194495,6.01331803909507,1
524,0,16.75,2,6.01331803909507,16.75,0
525,0,12.75,2,0,1.36200573325925,1
525,0,12.75,2,1.36200573325925,7.29389059149769,1
525,0,12.75,2,7.29389059149769,12.75,0
526,0,16.75,4,0,0.802714164836166,1
526,0,16.75,4,0.802714164836166,1.4561266955502,1
526,0,16.75,4,1.4561266955502,6.28788353523131,1
526,0,16.75,4,6.28788353523131,15.7685636129358,1
526,0,16.75,4,15.7685636129358,16.75,0
527,0,19.75,1,0,0.228332129813433,1
527,0,19.75,1,0.228332129813433,19.75,0
528,0,10.75,0,0,10.75,0
529,0,14.75,2,0,9.97867498299827,1
529,0,14.75,2,9.97867498299827,13.006734464627,1
529,0,14.75,2,13.006734464627,14.75,0
530,0,16.75,1,0,0.616526247950967,1
530,0,16.75,1,0.616526247950967,16.75,0
531,0,9.75,1,0,6.739294825984,1
531,0,9.75,1,6.739294825984,9.75,0
532,0,17.75,1,0,10.5127664842889,1
532,0,17.75,1,10.5127664842889,17.75,0
533,0,9.75,0,0,9.75,0
534,0,15.75,27,0,1.76549664174636,1
534,0,15.75,27,1.76549664174636,5.81175713568284,1
534,0,15.75,27,5.81175713568284,6.08989282882666,1
534,0,15.75,27,6.08989282882666,6.56716823457001,1
534,0,15.75,27,6.56716823457001,6.63784841108881,1
534,0,15.75,27,6.63784841108881,7.07451731522681,1
534,0,15.75,27,7.07451731522681,8.45910349414864,1
534,0,15.75,27,8.45910349414864,8.8500419172663,1
534,0,15.75,27,8.8500419172663,9.66949093916686,1
534,0,15.75,27,9.66949093916686,9.73640291432054,1
534,0,15.75,27,9.73640291432054,10.4197899595682,1
534,0,15.75,27,10.4197899595682,12.3187357141857,1
534,0,15.75,27,12.3187357141857,12.9083519648701,1
534,0,15.75,27,12.9083519648701,13.1914776036372,1
534,0,15.75,27,13.1914776036372,13.81979645699,1
534,0,15.75,27,13.81979645699,13.9217801610052,1
534,0,15.75,27,13.9217801610052,14.0348280332569,1
534,0,15.75,27,14.0348280332569,14.0803395378766,1
534,0,15.75,27,14.0803395378766,14.4294473690557,1
534,0,15.75,27,14.4294473690557,14.5960029651914,1
534,0,15.75,27,14.5960029651914,14.6208258220791,1
534,0,15.75,27,14.6208258220791,14.7026011635166,1
534,0,15.75,27,14.7026011635166,15.0881913136741,1
534,0,15.75,27,15.0881913136741,15.2709464513381,1
534,0,15.75,27,15.2709464513381,15.3763845337635,1
534,0,15.75,27,15.3763845337635,15.4368043150386,1
534,0,15.75,27,15.4368043150386,15.5220202086196,1
534,0,15.75,27,15.5220202086196,15.75,0
535,0,16.75,1,0,12.1064663988136,1
535,0,16.75,1,12.1064663988136,16.75,0
536,0,13.75,6,0,7.88511422186094,1
536,0,13.75,6,7.88511422186094,8.19189254755352,1
536,0,13.75,6,8.19189254755352,9.74282549455504,1
536,0,13.75,6,9.74282549455504,11.0747353968941,1
536,0,13.75,6,11.0747353968941,13.5045379356287,1
536,0,13.75,6,13.5045379356287,13.7280448349439,1
536,0,13.75,6,13.7280448349439,13.75,0
537,0,11.75,0,0,11.75,0
538,0,11.75,17,0,5.2849484381685,1
538,0,11.75,17,5.2849484381685,5.33079522022247,1
538,0,11.75,17,5.33079522022247,7.18503724715459,1
538,0,11.75,17,7.18503724715459,7.65567082617764,1
538,0,11.75,17,7.65567082617764,8.53330316746668,1
538,0,11.75,17,8.53330316746668,8.98819040908494,1
538,0,11.75,17,8.98819040908494,9.65749093433441,1
538,0,11.75,17,9.65749093433441,9.68251131483298,1
538,0,11.75,17,9.68251131483298,10.1493320887766,1
538,0,11.75,17,10.1493320887766,10.5241979971295,1
538,0,11.75,17,10.5241979971295,10.6287688604856,1
538,0,11.75,17,10.6287688604856,11.2720452524714,1
538,0,11.75,17,11.2720452524714,11.323639766467,1
538,0,11.75,17,11.323639766467,11.3292311396963,1
538,0,11.75,17,11.3292311396963,11.3496108623279,1
538,0,11.75,17,11.3496108623279,11.3618198264654,1
538,0,11.75,17,11.3618198264654,11.4533138143093,1
538,0,11.75,17,11.4533138143093,11.75,0
539,0,11.75,5,0,0.0316245401410713,1
539,0,11.75,5,0.0316245401410713,0.090949062539967,1
539,0,11.75,5,0.090949062539967,0.785422000667325,1
539,0,11.75,5,0.785422000667325,1.90890159959421,1
539,0,11.75,5,1.90890159959421,7.67844609499108,1
539,0,11.75,5,7.67844609499108,11.75,0
540,0,16.75,3,0,5.79703597040444,1
540,0,16.75,3,5.79703597040444,6.0994729612171,1
540,0,16.75,3,6.0994729612171,9.41658901526738,1
540,0,16.75,3,9.41658901526738,16.75,0
541,0,15.75,1,0,0.295380805546945,1
541,0,15.75,1,0.295380805546945,15.75,0
542,0,17.75,25,0,5.29633097132237,1
542,0,17.75,25,5.29633097132237,8.99519640745204,1
542,0,17.75,25,8.99519640745204,9.48747808581335,1
542,0,17.75,25,9.48747808581335,10.6410148179262,1
542,0,17.75,25,10.6410148179262,11.4933412682477,1
542,0,17.75,25,11.4933412682477,12.0456460745946,1
542,0,17.75,25,12.0456460745946,12.7599812131503,1
542,0,17.75,25,12.7599812131503,12.8353921582188,1
542,0,17.75,25,12.8353921582188,12.8364830338299,1
542,0,17.75,25,12.8364830338299,14.0518432408431,1
542,0,17.75,25,14.0518432408431,14.1166671600794,1
542,0,17.75,25,14.1166671600794,14.6046775194613,1
542,0,17.75,25,14.6046775194613,14.8213118722117,1
542,0,17.75,25,14.8213118722117,15.0249444748691,1
542,0,17.75,25,15.0249444748691,15.3572303763409,1
542,0,17.75,25,15.3572303763409,16.1150515113553,1
542,0,17.75,25,16.1150515113553,16.2885979311732,1
542,0,17.75,25,16.2885979311732,16.4239335823578,1
542,0,17.75,25,16.4239335823578,16.808264520319,1
542,0,17.75,25,16.808264520319,16.8527495496714,1
542,0,17.75,25,16.8527495496714,17.3735368079482,1
542,0,17.75,25,17.3735368079482,17.384120024781,1
542,0,17.75,25,17.384120024781,17.4871359743038,1
542,0,17.75,25,17.4871359743038,17.5122429610308,1
542,0,17.75,25,17.5122429610308,17.7295222467178,1
542,0,17.75,25,17.7295222467178,17.75,0
543,0,19.75,29,0,5.84780215760816,1
543,0,19.75,29,5.84780215760816,5.84997858751349,1
543,0,19.75,29,5.84997858751349,6.15632920718857,1
543,0,19.75,29,6.15632920718857,7.7084105802858,1
543,0,19.75,29,7.7084105802858,8.93269730324842,1
543,0,19.75,29,8.93269730324842,9.19626134109218,1
543,0,19.75,29,9.19626134109218,9.8470549077753,1
543,0,19.75,29,9.8470549077753,10.5920589196907,1
543,0,19.75,29,10.5920589196907,11.1231901563907,1
543,0,19.75,29,11.1231901563907,11.1797500351595,1
543,0,19.75,29,11.1797500351595,11.7511389259316,1
543,0,19.75,29,11.7511389259316,12.6799312468539,1
543,0,19.75,29,12.6799312468539,12.9568227661045,1
543,0,19.75,29,12.9568227661045,13.4831159958397,1
543,0,19.75,29,13.4831159958397,14.1439774765705,1
543,0,19.75,29,14.1439774765705,14.5809216439676,1
543,0,19.75,29,14.5809216439676,15.0038599411682,1
543,0,19.75,29,15.0038599411682,15.0515116363606,1
543,0,19.75,29,15.0515116363606,15.4887379580035,1
543,0,19.75,29,15.4887379580035,16.5332836756777,1
543,0,19.75,29,16.5332836756777,16.9334739173908,1
543,0,19.75,29,16.9334739173908,17.2061694188705,1
543,0,19.75,29,17.2061694188705,17.5392349682821,1
543,0,19.75,29,17.5392349682821,18.0473040258381,1
543,0,19.75,29,18.0473040258381,18.7955208375763,1
543,0,19.75,29,18.7955208375763,18.9307432626759,1
543,0,19.75,29,18.9307432626759,19.1006525721941,1
543,0,19.75,29,19.1006525721941,19.1625563225246,1
543,0,19.75,29,19.1625563225246,19.3871101282152,1
543,0,19.75,29,19.3871101282152,19.75,0
544,0,11.75,2,0,3.71010320239055e-05,1
544,0,11.75,2,3.71010320239055e-05,8.15189185621925,1
544,0,11.75,2,8.15189185621925,11.75,0
545,0,8.75,3,0,0.287725167073428,1
545,0,8.75,3,0.287725167073428,3.85645855186829,1
545,0,8.75,3,3.85645855186829,8.6553904355224,1
545,0,8.75,3,8.6553904355224,8.75,0
546,0,15.75,49,0,2.12258954110827,1
546,0,15.75,49,2.12258954110827,2.85917364532529,1
546,0,15.75,49,2.85917364532529,3.05089840076192,1
546,0,15.75,49,3.05089840076192,3.96016959092962,1
546,0,15.75,49,3.96016959092962,4.06668917758716,1
546,0,15.75,49,4.06668917758716,5.63183416660152,1
546,0,15.75,49,5.63183416660152,5.74740350728508,1
546,0,15.75,49,5.74740350728508,6.484381885375,1
546,0,15.75,49,6.484381885375,7.29990228929077,1
546,0,15.75,49,7.29990228929077,7.48909218517225,1
546,0,15.75,49,7.48909218517225,7.7775393636055,1
546,0,15.75,49,7.7775393636055,7.80864266754627,1
546,0,15.75,49,7.80864266754627,8.34109012767595,1
546,0,15.75,49,8.34109012767595,8.7025648265347,1
546,0,15.75,49,8.7025648265347,8.80220642956795,1
546,0,15.75,49,8.80220642956795,9.71969462716084,1
546,0,15.75,49,9.71969462716084,9.86882015979073,1
546,0,15.75,49,9.86882015979073,10.0100475223334,1
546,0,15.75,49,10.0100475223334,10.3643716211343,1
546,0,15.75,49,10.3643716211343,10.3748605158592,1
546,0,15.75,49,10.3748605158592,10.7867755343503,1
546,0,15.75,49,10.7867755343503,10.9555839449995,1
546,0,15.75,49,10.9555839449995,10.9745691908543,1
546,0,15.75,49,10.9745691908543,10.9890812589879,1
546,0,15.75,49,10.9890812589879,11.3797327704501,1
546,0,15.75,49,11.3797327704501,11.4081993474987,1
546,0,15.75,49,11.4081993474987,11.4693211945858,1
546,0,15.75,49,11.4693211945858,11.7126525213552,1
546,0,15.75,49,11.7126525213552,11.8131219315575,1
546,0,15.75,49,11.8131219315575,12.1820949917858,1
546,0,15.75,49,12.1820949917858,12.2619470700896,1
546,0,15.75,49,12.2619470700896,12.6798559241034,1
546,0,15.75,49,12.6798559241034,13.1252746631048,1
546,0,15.75,49,13.1252746631048,13.2165109242536,1
546,0,15.75,49,13.2165109242536,13.5162604030316,1
546,0,15.75,49,13.5162604030316,13.8521998541081,1
546,0,15.75,49,13.8521998541081,14.1708866053065,1
546,0,15.75,49,14.1708866053065,14.1971768939601,1
546,0,15.75,49,14.1971768939601,14.3157276842428,1
546,0,15.75,49,14.3157276842428,14.4487942492547,1
546,0,15.75,49,14.4487942492547,14.6762534662086,1
546,0,15.75,49,14.6762534662086,14.7586939049203,1
546,0,15.75,49,14.7586939049203,15.0487984389307,1
546,0,15.75,49,15.0487984389307,15.1162702824794,1
546,0,15.75,49,15.1162702824794,15.1486436225549,1
546,0,15.75,49,15.1486436225549,15.2693974286691,1
546,0,15.75,49,15.2693974286691,15.4807295859622,1
546,0,15.75,49,15.4807295859622,15.494959432367,1
546,0,15.75,49,15.494959432367,15.7350185752083,1
546,0,15.75,49,15.7350185752083,15.75,0
547,0,15.75,66,0,1.89862775557091,1
547,0,15.75,66,1.89862775557091,4.54241207589572,1
547,0,15.75,66,4.54241207589572,5.25305986031517,1
547,0,15.75,66,5.25305986031517,7.09799212370552,1
547,0,15.75,66,7.09799212370552,7.56168311961623,1
547,0,15.75,66,7.56168311961623,7.76628391154643,1
547,0,15.75,66,7.76628391154643,7.88511380888013,1
547,0,15.75,66,7.88511380888013,8.01023610146108,1
547,0,15.75,66,8.01023610146108,8.08293865843051,1
547,0,15.75,66,8.08293865843051,8.5007256040011,1
547,0,15.75,66,8.5007256040011,8.79312259062605,1
547,0,15.75,66,8.79312259062605,9.06836394520797,1
547,0,15.75,66,9.06836394520797,9.32097054617846,1
547,0,15.75,66,9.32097054617846,9.66898062946415,1
547,0,15.75,66,9.66898062946415,10.3435550226675,1
547,0,15.75,66,10.3435550226675,10.8464601730208,1
547,0,15.75,66,10.8464601730208,10.9311416110492,1
547,0,15.75,66,10.9311416110492,11.0589059042752,1
547,0,15.75,66,11.0589059042752,11.0793952070949,1
547,0,15.75,66,11.0793952070949,11.088154275755,1
547,0,15.75,66,11.088154275755,11.2589942258898,1
547,0,15.75,66,11.2589942258898,11.6438658704385,1
547,0,15.75,66,11.6438658704385,11.7460166362573,1
547,0,15.75,66,11.7460166362573,11.8140889151838,1
547,0,15.75,66,11.8140889151838,12.1726406938806,1
547,0,15.75,66,12.1726406938806,12.546351031694,1
547,0,15.75,66,12.546351031694,12.7059207636145,1
547,0,15.75,66,12.7059207636145,12.718268365257,1
547,0,15.75,66,12.718268365257,12.7660003559292,1
547,0,15.75,66,12.7660003559292,12.8229521398838,1
547,0,15.75,66,12.8229521398838,12.9504992604343,1
547,0,15.75,66,12.9504992604343,13.031886803917,1
547,0,15.75,66,13.031886803917,13.0362604032666,1
547,0,15.75,66,13.0362604032666,13.0366320202419,1
547,0,15.75,66,13.0366320202419,13.2468470962554,1
547,0,15.75,66,13.2468470962554,13.2768173813058,1
547,0,15.75,66,13.2768173813058,13.3418923356506,1
547,0,15.75,66,13.3418923356506,13.3448364129252,1
547,0,15.75,66,13.3448364129252,13.3790438552959,1
547,0,15.75,66,13.3790438552959,13.4942788644679,1
547,0,15.75,66,13.4942788644679,13.5412896804853,1
547,0,15.75,66,13.5412896804853,13.5501073383204,1
547,0,15.75,66,13.5501073383204,13.6402869042087,1
547,0,15.75,66,13.6402869042087,13.6448699676017,1
547,0,15.75,66,13.6448699676017,13.6514511529317,1
547,0,15.75,66,13.6514511529317,13.8723167124372,1
547,0,15.75,66,13.8723167124372,13.9708837797359,1
547,0,15.75,66,13.9708837797359,14.1447590729038,1
547,0,15.75,66,14.1447590729038,14.2934092350876,1
547,0,15.75,66,14.2934092350876,14.5371014726597,1
547,0,15.75,66,14.5371014726597,14.6329066792969,1
547,0,15.75,66,14.6329066792969,14.7258071421529,1
547,0,15.75,66,14.7258071421529,14.7909144462376,1
547,0,15.75,66,14.7909144462376,14.8605067567168,1
547,0,15.75,66,14.8605067567168,15.0725318919117,1
547,0,15.75,66,15.0725318919117,15.200540710265,1
547,0,15.75,66,15.200540710265,15.2268279619049,1
547,0,15.75,66,15.2268279619049,15.3700327823302,1
547,0,15.75,66,15.3700327823302,15.5056561260355,1
547,0,15.75,66,15.5056561260355,15.5223850684507,1
547,0,15.75,66,15.5223850684507,15.5248062553947,1
547,0,15.75,66,15.5248062553947,15.5607737718877,1
547,0,15.75,66,15.5607737718877,15.6573575382963,1
547,0,15.75,66,15.6573575382963,15.6801841119389,1
547,0,15.75,66,15.6801841119389,15.6909366842631,1
547,0,15.75,66,15.6909366842631,15.7004700760483,1
547,0,15.75,66,15.7004700760483,15.75,0
548,0,19.75,2,0,0.0970433808046251,1
548,0,19.75,2,0.0970433808046251,13.5989843263428,1
548,0,19.75,2,13.5989843263428,19.75,0
549,0,15.75,2,0,11.6507094763086,1
549,0,15.75,2,11.6507094763086,13.2873532757123,1
549,0,15.75,2,13.2873532757123,15.75,0
550,0,12.75,21,0,3.87284406453969,1
550,0,12.75,21,3.87284406453969,5.36919551101354,1
550,0,12.75,21,5.36919551101354,5.91443870075264,1
550,0,12.75,21,5.91443870075264,7.00739840096425,1
550,0,12.75,21,7.00739840096425,7.01074170234509,1
550,0,12.75,21,7.01074170234509,7.31869691508987,1
550,0,12.75,21,7.31869691508987,7.64732480534816,1
550,0,12.75,21,7.64732480534816,8.29560472965018,1
550,0,12.75,21,8.29560472965018,8.48913247085496,1
550,0,12.75,21,8.48913247085496,9.05367025242059,1
550,0,12.75,21,9.05367025242059,10.15845896436,1
550,0,12.75,21,10.15845896436,10.501554937198,1
550,0,12.75,21,10.501554937198,10.5593901380489,1
550,0,12.75,21,10.5593901380489,10.6100026031309,1
550,0,12.75,21,10.6100026031309,11.0576342118788,1
550,0,12.75,21,11.0576342118788,11.7264951854379,1
550,0,12.75,21,11.7264951854379,11.8309261090066,1
550,0,12.75,21,11.8309261090066,12.1740301996887,1
550,0,12.75,21,12.1740301996887,12.4784391516236,1
550,0,12.75,21,12.4784391516236,12.6015695281398,1
550,0,12.75,21,12.6015695281398,12.6947185973522,1
550,0,12.75,21,12.6947185973522,12.75,0
551,0,17.75,33,0,3.53715568249552,1
551,0,17.75,33,3.53715568249552,4.70051846366698,1
551,0,17.75,33,4.70051846366698,5.56887957396621,1
551,0,17.75,33,5.56887957396621,7.77000700421069,1
551,0,17.75,33,7.77000700421069,8.93756678046846,1
551,0,17.75,33,8.93756678046846,9.01265002071072,1
551,0,17.75,33,9.01265002071072,9.52086917351904,1
551,0,17.75,33,9.52086917351904,10.6520286428668,1
551,0,17.75,33,10.6520286428668,10.6681842155628,1
551,0,17.75,33,10.6681842155628,11.3724958418925,1
551,0,17.75,33,11.3724958418925,11.8365736588134,1
551,0,17.75,33,11.8365736588134,11.8990834960365,1
551,0,17.75,33,11.8990834960365,12.4714419575362,1
551,0,17.75,33,12.4714419575362,12.6336858893962,1
551,0,17.75,33,12.6336858893962,13.6648651636494,1
551,0,17.75,33,13.6648651636494,13.6804723145771,1
551,0,17.75,33,13.6804723145771,14.0030390644455,1
551,0,17.75,33,14.0030390644455,14.3951164956795,1
551,0,17.75,33,14.3951164956795,14.4387155694627,1
551,0,17.75,33,14.4387155694627,14.4881509937812,1
551,0,17.75,33,14.4881509937812,14.6126731587315,1
551,0,17.75,33,14.6126731587315,15.9677696672129,1
551,0,17.75,33,15.9677696672129,16.3483485946849,1
551,0,17.75,33,16.3483485946849,16.3514264123136,1
551,0,17.75,33,16.3514264123136,16.3737436115369,1
551,0,17.75,33,16.3737436115369,16.5787086915262,1
551,0,17.75,33,16.5787086915262,17.0490130286412,1
551,0,17.75,33,17.0490130286412,17.0713191954784,1
551,0,17.75,33,17.0713191954784,17.2188396974947,1
551,0,17.75,33,17.2188396974947,17.2825040417473,1
551,0,17.75,33,17.2825040417473,17.4285643973514,1
551,0,17.75,33,17.4285643973514,17.4863998856847,1
551,0,17.75,33,17.4863998856847,17.6023008520102,1
551,0,17.75,33,17.6023008520102,17.75,0
552,0,7.75,1,0,2.62275214099137,1
552,0,7.75,1,2.62275214099137,7.75,0
553,0,12.75,7,0,1.95842734026863,1
553,0,12.75,7,1.95842734026863,2.88877975656328,1
553,0,12.75,7,2.88877975656328,8.80402087793259,1
553,0,12.75,7,8.80402087793259,9.26340126188584,1
553,0,12.75,7,9.26340126188584,9.68569064278067,1
553,0,12.75,7,9.68569064278067,12.3542273892614,1
553,0,12.75,7,12.3542273892614,12.6559630734022,1
553,0,12.75,7,12.6559630734022,12.75,0
554,0,16.75,29,0,2.37619245541915,1
554,0,16.75,29,2.37619245541915,3.35012125172197,1
554,0,16.75,29,3.35012125172197,7.37902566404414,1
554,0,16.75,29,7.37902566404414,7.52288678123417,1
554,0,16.75,29,7.52288678123417,7.88217043856289,1
554,0,16.75,29,7.88217043856289,8.25779219542726,1
554,0,16.75,29,8.25779219542726,9.65538832219086,1
554,0,16.75,29,9.65538832219086,10.5019975358586,1
554,0,16.75,29,10.5019975358586,10.8887644638389,1
554,0,16.75,29,10.8887644638389,11.0400708162798,1
554,0,16.75,29,11.0400708162798,11.7242205101593,1
554,0,16.75,29,11.7242205101593,11.876132601705,1
554,0,16.75,29,11.876132601705,12.1471499712168,1
554,0,16.75,29,12.1471499712168,12.372508804682,1
554,0,16.75,29,12.372508804682,13.2045452019906,1
554,0,16.75,29,13.2045452019906,13.4792144849855,1
554,0,16.75,29,13.4792144849855,13.9780485319752,1
554,0,16.75,29,13.9780485319752,14.9827908035387,1
554,0,16.75,29,14.9827908035387,15.3523242690292,1
554,0,16.75,29,15.3523242690292,15.4000148423392,1
554,0,16.75,29,15.4000148423392,15.495814249391,1
554,0,16.75,29,15.495814249391,15.5541216516124,1
554,0,16.75,29,15.5541216516124,15.9095640961296,1
554,0,16.75,29,15.9095640961296,15.9968572188041,1
554,0,16.75,29,15.9968572188041,16.0475212233888,1
554,0,16.75,29,16.0475212233888,16.424665155299,1
554,0,16.75,29,16.424665155299,16.4833105984106,1
554,0,16.75,29,16.4833105984106,16.672161297804,1
554,0,16.75,29,16.672161297804,16.6892686719778,1
554,0,16.75,29,16.6892686719778,16.75,0
555,0,13.75,0,0,13.75,0
556,0,17.75,57,0,4.00526614756746,1
556,0,17.75,57,4.00526614756746,6.99745908890163,1
556,0,17.75,57,6.99745908890163,7.62700595168326,1
556,0,17.75,57,7.62700595168326,7.66686111607138,1
556,0,17.75,57,7.66686111607138,8.31949087172169,1
556,0,17.75,57,8.31949087172169,8.36682057703113,1
556,0,17.75,57,8.36682057703113,8.47390781119137,1
556,0,17.75,57,8.47390781119137,8.80170580563814,1
556,0,17.75,57,8.80170580563814,9.71873715820597,1
556,0,17.75,57,9.71873715820597,10.0119103551361,1
556,0,17.75,57,10.0119103551361,10.0124981950561,1
556,0,17.75,57,10.0124981950561,10.2823413644853,1
556,0,17.75,57,10.2823413644853,10.5180217491952,1
556,0,17.75,57,10.5180217491952,10.5907958408879,1
556,0,17.75,57,10.5907958408879,10.7098120751256,1
556,0,17.75,57,10.7098120751256,10.7786961022418,1
556,0,17.75,57,10.7786961022418,11.0166697226541,1
556,0,17.75,57,11.0166697226541,11.2573530118752,1
556,0,17.75,57,11.2573530118752,11.5714128037229,1
556,0,17.75,57,11.5714128037229,11.5845993529131,1
556,0,17.75,57,11.5845993529131,11.7818017296232,1
556,0,17.75,57,11.7818017296232,12.1600547792064,1
556,0,17.75,57,12.1600547792064,12.28607976663,1
556,0,17.75,57,12.28607976663,12.4728785873421,1
556,0,17.75,57,12.4728785873421,12.6256767334813,1
556,0,17.75,57,12.6256767334813,12.8777320982659,1
556,0,17.75,57,12.8777320982659,13.3719338391722,1
556,0,17.75,57,13.3719338391722,13.6459414227852,1
556,0,17.75,57,13.6459414227852,13.9991425003354,1
556,0,17.75,57,13.9991425003354,13.9997167482072,1
556,0,17.75,57,13.9997167482072,14.2936108620281,1
556,0,17.75,57,14.2936108620281,14.3112667458729,1
556,0,17.75,57,14.3112667458729,14.3680954871175,1
556,0,17.75,57,14.3680954871175,14.6588616328057,1
556,0,17.75,57,14.6588616328057,14.7310550420152,1
556,0,17.75,57,14.7310550420152,15.0531990434627,1
556,0,17.75,57,15.0531990434627,15.1201985957862,1
556,0,17.75,57,15.1201985957862,15.1225752694081,1
556,0,17.75,57,15.1225752694081,15.4002516243835,1
556,0,17.75,57,15.4002516243835,15.5197956972118,1
556,0,17.75,57,15.5197956972118,15.6312518806714,1
556,0,17.75,57,15.6312518806714,15.7532700378715,1
556,0,17.75,57,15.7532700378715,15.8296670850694,1
556,0,17.75,57,15.8296670850694,15.8543534451333,1
556,0,17.75,57,15.8543534451333,16.3449189313359,1
556,0,17.75,57,16.3449189313359,16.3517444536088,1
556,0,17.75,57,16.3517444536088,16.3811615193398,1
556,0,17.75,57,16.3811615193398,16.3872985600816,1
556,0,17.75,57,16.3872985600816,16.5025130048033,1
556,0,17.75,57,16.5025130048033,16.7169236020177,1
556,0,17.75,57,16.7169236020177,16.7646393380111,1
556,0,17.75,57,16.7646393380111,16.8701976474974,1
556,0,17.75,57,16.8701976474974,16.8896161933231,1
556,0,17.75,57,16.8896161933231,16.9432670182195,1
556,0,17.75,57,16.9432670182195,16.985953854953,1
556,0,17.75,57,16.985953854953,17.0367229087666,1
556,0,17.75,57,17.0367229087666,17.5588789199199,1
556,0,17.75,57,17.5588789199199,17.75,0
557,0,15.75,21,0,3.81880590200768,1
557,0,15.75,21,3.81880590200768,4.543749589181,1
557,0,15.75,21,4.543749589181,7.68351275021953,1
557,0,15.75,21,7.68351275021953,9.55870745091497,1
557,0,15.75,21,9.55870745091497,9.61115106774706,1
557,0,15.75,21,9.61115106774706,9.77973396104339,1
557,0,15.75,21,9.77973396104339,10.2276321152655,1
557,0,15.75,21,10.2276321152655,10.6146028315866,1
557,0,15.75,21,10.6146028315866,10.7943036481202,1
557,0,15.75,21,10.7943036481202,11.5432559580927,1
557,0,15.75,21,11.5432559580927,12.3462446781781,1
557,0,15.75,21,12.3462446781781,12.4385851195771,1
557,0,15.75,21,12.4385851195771,12.6449665142373,1
557,0,15.75,21,12.6449665142373,12.7407088814733,1
557,0,15.75,21,12.7407088814733,13.9198964659574,1
557,0,15.75,21,13.9198964659574,14.1171665649131,1
557,0,15.75,21,14.1171665649131,14.1217130320195,1
557,0,15.75,21,14.1217130320195,14.4642649734421,1
557,0,15.75,21,14.4642649734421,14.7411338592006,1
557,0,15.75,21,14.7411338592006,15.08984350978,1
557,0,15.75,21,15.08984350978,15.211679953121,1
557,0,15.75,21,15.211679953121,15.75,0
558,0,12.75,3,0,0.00104041592364077,1
558,0,12.75,3,0.00104041592364077,0.364721096420838,1
558,0,12.75,3,0.364721096420838,4.40803454687156,1
558,0,12.75,3,4.40803454687156,12.75,0
559,0,8.75,5,0,5.5202746761095,1
559,0,8.75,5,5.5202746761095,6.17447373298959,1
559,0,8.75,5,6.17447373298959,6.53260655285175,1
559,0,8.75,5,6.53260655285175,6.58423945259849,1
559,0,8.75,5,6.58423945259849,6.7895646239508,1
559,0,8.75,5,6.7895646239508,8.75,0
560,0,9.75,0,0,9.75,0
561,0,18.75,0,0,18.75,0
562,0,15.75,0,0,15.75,0
563,0,18.75,31,0,4.1142593502853,1
563,0,18.75,31,4.1142593502853,6.02973742058605,1
563,0,18.75,31,6.02973742058605,6.72055880554151,1
563,0,18.75,31,6.72055880554151,7.30940913020431,1
563,0,18.75,31,7.30940913020431,7.87278677636871,1
563,0,18.75,31,7.87278677636871,9.09877040185134,1
563,0,18.75,31,9.09877040185134,10.4531261058133,1
563,0,18.75,31,10.4531261058133,10.6696229531985,1
563,0,18.75,31,10.6696229531985,10.7993156479878,1
563,0,18.75,31,10.7993156479878,10.9835283134623,1
563,0,18.75,31,10.9835283134623,11.7879211386307,1
563,0,18.75,31,11.7879211386307,11.7916265401958,1
563,0,18.75,31,11.7916265401958,12.3264208431146,1
563,0,18.75,31,12.3264208431146,12.3591634318631,1
563,0,18.75,31,12.3591634318631,12.7572703635749,1
563,0,18.75,31,12.7572703635749,13.5911537524653,1
563,0,18.75,31,13.5911537524653,13.9754837518167,1
563,0,18.75,31,13.9754837518167,14.2196518739212,1
563,0,18.75,31,14.2196518739212,14.3478219339778,1
563,0,18.75,31,14.3478219339778,15.4135246854402,1
563,0,18.75,31,15.4135246854402,15.5851867858854,1
563,0,18.75,31,15.5851867858854,15.7159290824148,1
563,0,18.75,31,15.7159290824148,16.2207647032945,1
563,0,18.75,31,16.2207647032945,16.3006021756796,1
563,0,18.75,31,16.3006021756796,16.3430544956501,1
563,0,18.75,31,16.3430544956501,16.4061073764993,1
563,0,18.75,31,16.4061073764993,16.4096502047037,1
563,0,18.75,31,16.4096502047037,17.1722886214666,1
563,0,18.75,31,17.1722886214666,17.8079450427351,1
563,0,18.75,31,17.8079450427351,18.1366522683545,1
563,0,18.75,31,18.1366522683545,18.1455642934841,1
563,0,18.75,31,18.1455642934841,18.75,0
564,0,15.75,2,0,0.0163815552857302,1
564,0,15.75,2,0.0163815552857302,0.202394663577699,1
564,0,15.75,2,0.202394663577699,15.75,0
565,0,15.75,33,0,4.51205139771673,1
565,0,15.75,33,4.51205139771673,4.84952982267897,1
565,0,15.75,33,4.84952982267897,5.92622332218686,1
565,0,15.75,33,5.92622332218686,6.13147333114989,1
565,0,15.75,33,6.13147333114989,7.05404153685187,1
565,0,15.75,33,7.05404153685187,7.24777579394235,1
565,0,15.75,33,7.24777579394235,7.59944074478592,1
565,0,15.75,33,7.59944074478592,8.04112369664393,1
565,0,15.75,33,8.04112369664393,9.45461125848218,1
565,0,15.75,33,9.45461125848218,10.031640202341,1
565,0,15.75,33,10.031640202341,10.1035104048924,1
565,0,15.75,33,10.1035104048924,10.350311029316,1
565,0,15.75,33,10.350311029316,11.1028316552089,1
565,0,15.75,33,11.1028316552089,11.5046933508308,1
565,0,15.75,33,11.5046933508308,11.6985319502187,1
565,0,15.75,33,11.6985319502187,11.7512264517748,1
565,0,15.75,33,11.7512264517748,11.9245991313924,1
565,0,15.75,33,11.9245991313924,11.9647023682057,1
565,0,15.75,33,11.9647023682057,12.7797295577355,1
565,0,15.75,33,12.7797295577355,12.8447406924094,1
565,0,15.75,33,12.8447406924094,13.0689012314664,1
565,0,15.75,33,13.0689012314664,13.0729586908819,1
565,0,15.75,33,13.0729586908819,13.6239199949827,1
565,0,15.75,33,13.6239199949827,14.3168713767604,1
565,0,15.75,33,14.3168713767604,14.356631038245,1
565,0,15.75,33,14.356631038245,14.4919943681494,1
565,0,15.75,33,14.4919943681494,14.7140973989871,1
565,0,15.75,33,14.7140973989871,14.8236164493021,1
565,0,15.75,33,14.8236164493021,14.9359874009066,1
565,0,15.75,33,14.9359874009066,15.1685662054613,1
565,0,15.75,33,15.1685662054613,15.3300370747772,1
565,0,15.75,33,15.3300370747772,15.424893272832,1
565,0,15.75,33,15.424893272832,15.4903160975294,1
565,0,15.75,33,15.4903160975294,15.75,0
566,0,15.75,1,0,1.20929806857278,1
566,0,15.75,1,1.20929806857278,15.75,0
567,0,15.75,2,0,1.20220301483803,1
567,0,15.75,2,1.20220301483803,2.99902811524195,1
567,0,15.75,2,2.99902811524195,15.75,0
568,0,12.75,3,0,0.00292889492645977,1
568,0,12.75,3,0.00292889492645977,0.594193049539149,1
568,0,12.75,3,0.594193049539149,2.58670201875896,1
568,0,12.75,3,2.58670201875896,12.75,0
569,0,15.75,21,0,4.90604451589569,1
569,0,15.75,21,4.90604451589569,5.04530025277642,1
569,0,15.75,21,5.04530025277642,6.00743115378474,1
569,0,15.75,21,6.00743115378474,6.14302583194113,1
569,0,15.75,21,6.14302583194113,6.75274324337911,1
569,0,15.75,21,6.75274324337911,7.10917340025101,1
569,0,15.75,21,7.10917340025101,8.8368026994943,1
569,0,15.75,21,8.8368026994943,9.82019430146287,1
569,0,15.75,21,9.82019430146287,10.6458551789301,1
569,0,15.75,21,10.6458551789301,12.0455741427495,1
569,0,15.75,21,12.0455741427495,12.6012940230751,1
569,0,15.75,21,12.6012940230751,12.7111448236103,1
569,0,15.75,21,12.7111448236103,12.7890981461901,1
569,0,15.75,21,12.7890981461901,13.2422942533633,1
569,0,15.75,21,13.2422942533633,13.4327157506173,1
569,0,15.75,21,13.4327157506173,14.1137683841402,1
569,0,15.75,21,14.1137683841402,14.1340121742475,1
569,0,15.75,21,14.1340121742475,14.3705188309238,1
569,0,15.75,21,14.3705188309238,14.4052696564684,1
569,0,15.75,21,14.4052696564684,14.6046589815123,1
569,0,15.75,21,14.6046589815123,15.6937201526847,1
569,0,15.75,21,15.6937201526847,15.75,0
570,0,14.75,29,0,3.07033626929818,1
570,0,14.75,29,3.07033626929818,4.07005238808431,1
570,0,14.75,29,4.07005238808431,7.00274975693686,1
570,0,14.75,29,7.00274975693686,8.78194626871201,1
570,0,14.75,29,8.78194626871201,9.32330404634143,1
570,0,14.75,29,9.32330404634143,9.76715644738254,1
570,0,14.75,29,9.76715644738254,10.0941790622429,1
570,0,14.75,29,10.0941790622429,10.1466296089146,1
570,0,14.75,29,10.1466296089146,10.3568560995153,1
570,0,14.75,29,10.3568560995153,10.6733535135301,1
570,0,14.75,29,10.6733535135301,10.7545437108948,1
570,0,14.75,29,10.7545437108948,10.9021458350955,1
570,0,14.75,29,10.9021458350955,11.3529732511137,1
570,0,14.75,29,11.3529732511137,11.4377875344834,1
570,0,14.75,29,11.4377875344834,11.4955758564513,1
570,0,14.75,29,11.4955758564513,11.5827025088739,1
570,0,14.75,29,11.5827025088739,11.9230288579589,1
570,0,14.75,29,11.9230288579589,12.8836145412928,1
570,0,14.75,29,12.8836145412928,12.8907363501906,1
570,0,14.75,29,12.8907363501906,13.2378775756553,1
570,0,14.75,29,13.2378775756553,13.4396778928455,1
570,0,14.75,29,13.4396778928455,13.6496385447296,1
570,0,14.75,29,13.6496385447296,13.9151450798283,1
570,0,14.75,29,13.9151450798283,13.9700635251033,1
570,0,14.75,29,13.9700635251033,14.2666778957014,1
570,0,14.75,29,14.2666778957014,14.3042767110338,1
570,0,14.75,29,14.3042767110338,14.3305014985025,1
570,0,14.75,29,14.3305014985025,14.3611432061993,1
570,0,14.75,29,14.3611432061993,14.7297468220573,1
570,0,14.75,29,14.7297468220573,14.75,0
571,0,11.75,32,0,2.25076088471606,1
571,0,11.75,32,2.25076088471606,2.5433395662608,1
571,0,11.75,32,2.5433395662608,3.8549506573149,1
571,0,11.75,32,3.8549506573149,4.12301706758511,1
571,0,11.75,32,4.12301706758511,5.06636053613928,1
571,0,11.75,32,5.06636053613928,5.67392525876985,1
571,0,11.75,32,5.67392525876985,5.90267056418548,1
571,0,11.75,32,5.90267056418548,6.92496662292713,1
571,0,11.75,32,6.92496662292713,7.11401742429997,1
571,0,11.75,32,7.11401742429997,7.14408387310066,1
571,0,11.75,32,7.14408387310066,7.19024160791521,1
571,0,11.75,32,7.19024160791521,7.59673902774633,1
571,0,11.75,32,7.59673902774633,7.64001632539957,1
571,0,11.75,32,7.64001632539957,8.38151329451715,1
571,0,11.75,32,8.38151329451715,8.63558912552884,1
571,0,11.75,32,8.63558912552884,8.71024419259359,1
571,0,11.75,32,8.71024419259359,9.2204827549977,1
571,0,11.75,32,9.2204827549977,9.72326861964633,1
571,0,11.75,32,9.72326861964633,9.82117813847313,1
571,0,11.75,32,9.82117813847313,9.92654810411342,1
571,0,11.75,32,9.92654810411342,9.99880766179187,1
571,0,11.75,32,9.99880766179187,10.2694578421322,1
571,0,11.75,32,10.2694578421322,10.3611114388902,1
571,0,11.75,32,10.3611114388902,10.5655251879236,1
571,0,11.75,32,10.5655251879236,10.7557511219541,1
571,0,11.75,32,10.7557511219541,10.8578801081136,1
571,0,11.75,32,10.8578801081136,11.25448518376,1
571,0,11.75,32,11.25448518376,11.2654048887785,1
571,0,11.75,32,11.2654048887785,11.3230319066215,1
571,0,11.75,32,11.3230319066215,11.5693296859878,1
571,0,11.75,32,11.5693296859878,11.6478035756436,1
571,0,11.75,32,11.6478035756436,11.7197333314485,1
571,0,11.75,32,11.7197333314485,11.75,0
572,0,17.75,0,0,17.75,0
573,0,10.75,4,0,1.41149160502965,1
573,0,10.75,4,1.41149160502965,2.78004309412171,1
573,0,10.75,4,2.78004309412171,3.24615983090673,1
573,0,10.75,4,3.24615983090673,3.81456764563421,1
573,0,10.75,4,3.81456764563421,10.75,0
574,0,8.75,16,0,4.62031877248189,1
574,0,8.75,16,4.62031877248189,5.44258440805425,1
574,0,8.75,16,5.44258440805425,5.44602759799299,1
574,0,8.75,16,5.44602759799299,5.59663909656415,1
574,0,8.75,16,5.59663909656415,6.337066497172,1
574,0,8.75,16,6.337066497172,6.43134055209156,1
574,0,8.75,16,6.43134055209156,6.48165340059568,1
574,0,8.75,16,6.48165340059568,7.13203844765862,1
574,0,8.75,16,7.13203844765862,7.59512262649481,1
574,0,8.75,16,7.59512262649481,7.62683734637174,1
574,0,8.75,16,7.62683734637174,7.86086496093485,1
574,0,8.75,16,7.86086496093485,7.90235410897782,1
574,0,8.75,16,7.90235410897782,7.97004340041994,1
574,0,8.75,16,7.97004340041994,8.25885120643804,1
574,0,8.75,16,8.25885120643804,8.59459910373773,1
574,0,8.75,16,8.59459910373773,8.62532894997559,1
574,0,8.75,16,8.62532894997559,8.75,0
575,0,9.75,0,0,9.75,0
576,0,19.75,4,0,1.91035932270815,1
576,0,19.75,4,1.91035932270815,2.65931893423115,1
576,0,19.75,4,2.65931893423115,3.06430913707174,1
576,0,19.75,4,3.06430913707174,13.3009575615309,1
576,0,19.75,4,13.3009575615309,19.75,0
577,0,10.75,1,0,7.11258576187273,1
577,0,10.75,1,7.11258576187273,10.75,0
578,0,13.75,0,0,13.75,0
579,0,10.75,0,0,10.75,0
580,0,9.75,2,0,0.0693793773879903,1
580,0,9.75,2,0.0693793773879903,0.0787811769582405,1
580,0,9.75,2,0.0787811769582405,9.75,0
581,0,9.75,1,0,9.04701170866101,1
581,0,9.75,1,9.04701170866101,9.75,0
582,0,9.75,10,0,4.19704309158778,1
582,0,9.75,10,4.19704309158778,5.53658533408365,1
582,0,9.75,10,5.53658533408365,5.53710651112378,1
582,0,9.75,10,5.53710651112378,7.17764767465699,1
582,0,9.75,10,7.17764767465699,7.21785350302972,1
582,0,9.75,10,7.21785350302972,7.30135785836112,1
582,0,9.75,10,7.30135785836112,7.72407390842313,1
582,0,9.75,10,7.72407390842313,8.96760652716067,1
582,0,9.75,10,8.96760652716067,9.15914000307668,1
582,0,9.75,10,9.15914000307668,9.71643613319415,1
582,0,9.75,10,9.71643613319415,9.75,0
583,0,15.75,5,0,0.514521116396588,1
583,0,15.75,5,0.514521116396588,3.41482827368976,1
583,0,15.75,5,3.41482827368976,4.49844125674302,1
583,0,15.75,5,4.49844125674302,5.04979038053436,1
583,0,15.75,5,5.04979038053436,10.3247604882201,1
583,0,15.75,5,10.3247604882201,15.75,0
584,0,12.75,15,0,4.34190443764304,1
584,0,12.75,15,4.34190443764304,4.62872781464031,1
584,0,12.75,15,4.62872781464031,6.79536980135377,1
584,0,12.75,15,6.79536980135377,7.20818739734517,1
584,0,12.75,15,7.20818739734517,7.28180593227191,1
584,0,12.75,15,7.28180593227191,7.31178013862849,1
584,0,12.75,15,7.31178013862849,9.02891138430864,1
584,0,12.75,15,9.02891138430864,9.03848239191054,1
584,0,12.75,15,9.03848239191054,10.1631548671344,1
584,0,12.75,15,10.1631548671344,11.0534791054758,1
584,0,12.75,15,11.0534791054758,11.0645328348346,1
584,0,12.75,15,11.0645328348346,11.5566234850907,1
584,0,12.75,15,11.5566234850907,11.8470699087749,1
584,0,12.75,15,11.8470699087749,12.5920386283119,1
584,0,12.75,15,12.5920386283119,12.684360389849,1
584,0,12.75,15,12.684360389849,12.75,0
585,0,10.75,0,0,10.75,0
586,0,12.75,1,0,5.57667501895897,1
586,0,12.75,1,5.57667501895897,12.75,0
587,0,8.75,5,0,3.1504672560632,1
587,0,8.75,5,3.1504672560632,5.90542927755324,1
587,0,8.75,5,5.90542927755324,6.00916829665874,1
587,0,8.75,5,6.00916829665874,6.06818574061131,1
587,0,8.75,5,6.06818574061131,6.59459717909157,1
587,0,8.75,5,6.59459717909157,8.75,0
588,0,10.75,4,0,3.88707546685252,1
588,0,10.75,4,3.88707546685252,5.73131486916503,1
588,0,10.75,4,5.73131486916503,7.60429920123948,1
588,0,10.75,4,7.60429920123948,9.06263200132026,1
588,0,10.75,4,9.06263200132026,10.75,0
589,0,16.75,1,0,1.02223114057994,1
589,0,16.75,1,1.02223114057994,16.75,0
590,0,11.75,0,0,11.75,0
591,0,17.75,43,0,4.92660461203436,1
591,0,17.75,43,4.92660461203436,9.15134852311022,1
591,0,17.75,43,9.15134852311022,10.335951932197,1
591,0,17.75,43,10.335951932197,10.5049597833632,1
591,0,17.75,43,10.5049597833632,10.772351962928,1
591,0,17.75,43,10.772351962928,10.9133283425063,1
591,0,17.75,43,10.9133283425063,11.4313435180516,1
591,0,17.75,43,11.4313435180516,11.6034278104779,1
591,0,17.75,43,11.6034278104779,11.7152106273728,1
591,0,17.75,43,11.7152106273728,11.7648861936781,1
591,0,17.75,43,11.7648861936781,11.8213120555855,1
591,0,17.75,43,11.8213120555855,12.3729379038098,1
591,0,17.75,43,12.3729379038098,12.4497346580297,1
591,0,17.75,43,12.4497346580297,12.6721425134199,1
591,0,17.75,43,12.6721425134199,12.8143911397274,1
591,0,17.75,43,12.8143911397274,12.9817640624311,1
591,0,17.75,43,12.9817640624311,13.1613563493863,1
591,0,17.75,43,13.1613563493863,13.3094441466138,1
591,0,17.75,43,13.3094441466138,13.7515420542299,1
591,0,17.75,43,13.7515420542299,13.7532773984805,1
591,0,17.75,43,13.7532773984805,14.169308023291,1
591,0,17.75,43,14.169308023291,14.2489039139537,1
591,0,17.75,43,14.2489039139537,14.2504390320897,1
591,0,17.75,43,14.2504390320897,14.3353917988252,1
591,0,17.75,43,14.3353917988252,14.3570119723496,1
591,0,17.75,43,14.3570119723496,14.5695335181269,1
591,0,17.75,43,14.5695335181269,14.5768635899333,1
591,0,17.75,43,14.5768635899333,14.7213917899663,1
591,0,17.75,43,14.7213917899663,14.8833168284216,1
591,0,17.75,43,14.8833168284216,15.0354057622978,1
591,0,17.75,43,15.0354057622978,15.055656230578,1
591,0,17.75,43,15.055656230578,15.0945400537132,1
591,0,17.75,43,15.0945400537132,15.19412723766,1
591,0,17.75,43,15.19412723766,15.4832575145638,1
591,0,17.75,43,15.4832575145638,16.0642228182799,1
591,0,17.75,43,16.0642228182799,16.3647198740466,1
591,0,17.75,43,16.3647198740466,16.4126915593208,1
591,0,17.75,43,16.4126915593208,16.514686716278,1
591,0,17.75,43,16.514686716278,16.6313594629929,1
591,0,17.75,43,16.6313594629929,17.1466190461026,1
591,0,17.75,43,17.1466190461026,17.1859746716832,1
591,0,17.75,43,17.1859746716832,17.1967263016832,1
591,0,17.75,43,17.1967263016832,17.3838537736016,1
591,0,17.75,43,17.3838537736016,17.75,0
592,0,20.75,72,0,1.51859552723804,1
592,0,20.75,72,1.51859552723804,3.05182548681882,1
592,0,20.75,72,3.05182548681882,7.62568676326548,1
592,0,20.75,72,7.62568676326548,7.79532406507485,1
592,0,20.75,72,7.79532406507485,7.84169040595913,1
592,0,20.75,72,7.84169040595913,8.11575929046319,1
592,0,20.75,72,8.11575929046319,8.46461380311026,1
592,0,20.75,72,8.46461380311026,8.62039248270553,1
592,0,20.75,72,8.62039248270553,9.28087054900139,1
592,0,20.75,72,9.28087054900139,9.50450373977995,1
592,0,20.75,72,9.50450373977995,9.55326251683432,1
592,0,20.75,72,9.55326251683432,9.60664639984121,1
592,0,20.75,72,9.60664639984121,10.0339828862744,1
592,0,20.75,72,10.0339828862744,10.7647282419307,1
592,0,20.75,72,10.7647282419307,10.9685132288371,1
592,0,20.75,72,10.9685132288371,11.1968490289402,1
592,0,20.75,72,11.1968490289402,11.2891305246587,1
592,0,20.75,72,11.2891305246587,11.4639255028637,1
592,0,20.75,72,11.4639255028637,11.654948502271,1
592,0,20.75,72,11.654948502271,12.1340241113839,1
592,0,20.75,72,12.1340241113839,12.6750224603922,1
592,0,20.75,72,12.6750224603922,12.8075339240675,1
592,0,20.75,72,12.8075339240675,12.8277263423994,1
592,0,20.75,72,12.8277263423994,12.8457761060902,1
592,0,20.75,72,12.8457761060902,13.3137945459008,1
592,0,20.75,72,13.3137945459008,13.3555121114154,1
592,0,20.75,72,13.3555121114154,13.46917051948,1
592,0,20.75,72,13.46917051948,14.1431143795951,1
592,0,20.75,72,14.1431143795951,14.289317446595,1
592,0,20.75,72,14.289317446595,14.4984083301147,1
592,0,20.75,72,14.4984083301147,14.5982281961996,1
592,0,20.75,72,14.5982281961996,14.7109500442383,1
592,0,20.75,72,14.7109500442383,15.1687831161268,1
592,0,20.75,72,15.1687831161268,15.4930405278591,1
592,0,20.75,72,15.4930405278591,15.5028609625613,1
592,0,20.75,72,15.5028609625613,15.5601111173379,1
592,0,20.75,72,15.5601111173379,15.6205447476285,1
592,0,20.75,72,15.6205447476285,15.6473705071119,1
592,0,20.75,72,15.6473705071119,15.7625348222457,1
592,0,20.75,72,15.7625348222457,15.8328938752696,1
592,0,20.75,72,15.8328938752696,16.067757851918,1
592,0,20.75,72,16.067757851918,16.2252806906597,1
592,0,20.75,72,16.2252806906597,16.312586324462,1
592,0,20.75,72,16.312586324462,16.5433462358999,1
592,0,20.75,72,16.5433462358999,16.8760508248412,1
592,0,20.75,72,16.8760508248412,17.0331074273306,1
592,0,20.75,72,17.0331074273306,17.356970242929,1
592,0,20.75,72,17.356970242929,17.3585798110924,1
592,0,20.75,72,17.3585798110924,17.366869318724,1
592,0,20.75,72,17.366869318724,17.5233432864675,1
592,0,20.75,72,17.5233432864675,17.5690035444249,1
592,0,20.75,72,17.5690035444249,17.6108184058117,1
592,0,20.75,72,17.6108184058117,17.667420832297,1
592,0,20.75,72,17.667420832297,17.8314910194665,1
592,0,20.75,72,17.8314910194665,18.0908057238858,1
592,0,20.75,72,18.0908057238858,18.3008692184873,1
592,0,20.75,72,18.3008692184873,18.5756810842292,1
592,0,20.75,72,18.5756810842292,18.5903641217155,1
592,0,20.75,72,18.5903641217155,18.6087039957485,1
592,0,20.75,72,18.6087039957485,18.8954362673348,1
592,0,20.75,72,18.8954362673348,19.2891765860914,1
592,0,20.75,72,19.2891765860914,19.3813578081504,1
592,0,20.75,72,19.3813578081504,19.5079222324984,1
592,0,20.75,72,19.5079222324984,19.8996446088486,1
592,0,20.75,72,19.8996446088486,19.9094318024354,1
592,0,20.75,72,19.9094318024354,19.9319497790064,1
592,0,20.75,72,19.9319497790064,19.9861502792885,1
592,0,20.75,72,19.9861502792885,20.1690521657388,1
592,0,20.75,72,20.1690521657388,20.1997522216313,1
592,0,20.75,72,20.1997522216313,20.4626920095927,1
592,0,20.75,72,20.4626920095927,20.6457304286392,1
592,0,20.75,72,20.6457304286392,20.6730399393817,1
592,0,20.75,72,20.6730399393817,20.75,0
593,0,7.75,1,0,4.96648769918592,1
593,0,7.75,1,4.96648769918592,7.75,0
594,0,10.75,2,0,0.050578246720334,1
594,0,10.75,2,0.050578246720334,6.3979639257365,1
594,0,10.75,2,6.3979639257365,10.75,0
595,0,16.75,32,0,2.25172890309129,1
595,0,16.75,32,2.25172890309129,2.63709516026319,1
595,0,16.75,32,2.63709516026319,4.66326511703149,1
595,0,16.75,32,4.66326511703149,6.14871991714954,1
595,0,16.75,32,6.14871991714954,7.34199179990325,1
595,0,16.75,32,7.34199179990325,8.91169152857045,1
595,0,16.75,32,8.91169152857045,9.24258384823309,1
595,0,16.75,32,9.24258384823309,9.66570707209137,1
595,0,16.75,32,9.66570707209137,10.223277473214,1
595,0,16.75,32,10.223277473214,10.558924772323,1
595,0,16.75,32,10.558924772323,11.3031540323412,1
595,0,16.75,32,11.3031540323412,11.8384541258942,1
595,0,16.75,32,11.8384541258942,12.0546154022553,1
595,0,16.75,32,12.0546154022553,12.379879880222,1
595,0,16.75,32,12.379879880222,12.4308262537432,1
595,0,16.75,32,12.4308262537432,12.4486702396211,1
595,0,16.75,32,12.4486702396211,12.5288617401662,1
595,0,16.75,32,12.5288617401662,12.5704055947504,1
595,0,16.75,32,12.5704055947504,12.6669025659244,1
595,0,16.75,32,12.6669025659244,13.181764954545,1
595,0,16.75,32,13.181764954545,13.5854950264784,1
595,0,16.75,32,13.5854950264784,13.7122468200791,1
595,0,16.75,32,13.7122468200791,14.0577424770261,1
595,0,16.75,32,14.0577424770261,14.141853899984,1
595,0,16.75,32,14.141853899984,14.1910958202005,1
595,0,16.75,32,14.1910958202005,14.7458389569216,1
595,0,16.75,32,14.7458389569216,14.9283801250547,1
595,0,16.75,32,14.9283801250547,15.9198843015707,1
595,0,16.75,32,15.9198843015707,15.9553496262305,1
595,0,16.75,32,15.9553496262305,16.1383742371494,1
595,0,16.75,32,16.1383742371494,16.3123494207276,1
595,0,16.75,32,16.3123494207276,16.3222784057866,1
595,0,16.75,32,16.3222784057866,16.75,0
596,0,14.75,2,0,2.7912277098752,1
596,0,14.75,2,2.7912277098752,9.56909212651194,1
596,0,14.75,2,9.56909212651194,14.75,0
597,0,13.75,4,0,2.42530657734365,1
597,0,13.75,4,2.42530657734365,5.48019980878696,1
597,0,13.75,4,5.48019980878696,7.91166104510003,1
597,0,13.75,4,7.91166104510003,10.4216692908195,1
597,0,13.75,4,10.4216692908195,13.75,0
598,0,17.75,3,0,2.51450100918334,1
598,0,17.75,3,2.51450100918334,4.00526674577368,1
598,0,17.75,3,4.00526674577368,12.5093470631799,1
598,0,17.75,3,12.5093470631799,17.75,0
599,0,13.75,4,0,0.611498310277069,1
599,0,13.75,4,0.611498310277069,1.84388990765067,1
599,0,13.75,4,1.84388990765067,1.92284855603941,1
599,0,13.75,4,1.92284855603941,5.28632965527099,1
599,0,13.75,4,5.28632965527099,13.75,0
600,0,15.75,92,0,3.80455371147421,1
600,0,15.75,92,3.80455371147421,4.30274965374042,1
600,0,15.75,92,4.30274965374042,5.53590745891982,1
600,0,15.75,92,5.53590745891982,6.15249741752771,1
600,0,15.75,92,6.15249741752771,7.24431374368524,1
600,0,15.75,92,7.24431374368524,7.51604343886915,1
600,0,15.75,92,7.51604343886915,7.5186114348443,1
600,0,15.75,92,7.5186114348443,7.60852575324301,1
600,0,15.75,92,7.60852575324301,7.79840059438858,1
600,0,15.75,92,7.79840059438858,8.0757036090402,1
600,0,15.75,92,8.0757036090402,8.17792858263457,1
600,0,15.75,92,8.17792858263457,8.40244425975656,1
600,0,15.75,92,8.40244425975656,8.72797083936979,1
600,0,15.75,92,8.72797083936979,8.76706507910866,1
600,0,15.75,92,8.76706507910866,8.81762298874878,1
600,0,15.75,92,8.81762298874878,8.85694191509804,1
600,0,15.75,92,8.85694191509804,9.01220290368476,1
600,0,15.75,92,9.01220290368476,9.158733454693,1
600,0,15.75,92,9.158733454693,9.17981431724102,1
600,0,15.75,92,9.17981431724102,9.197770321065,1
600,0,15.75,92,9.197770321065,9.30019532938638,1
600,0,15.75,92,9.30019532938638,9.80935806436117,1
600,0,15.75,92,9.80935806436117,9.88344392102008,1
600,0,15.75,92,9.88344392102008,10.2944053592189,1
600,0,15.75,92,10.2944053592189,10.4000899349245,1
600,0,15.75,92,10.4000899349245,10.4703231760589,1
600,0,15.75,92,10.4703231760589,10.7661404286376,1
600,0,15.75,92,10.7661404286376,10.8538384755506,1
600,0,15.75,92,10.8538384755506,10.8541585516562,1
600,0,15.75,92,10.8541585516562,10.8820816038085,1
600,0,15.75,92,10.8820816038085,10.9453144137167,1
600,0,15.75,92,10.9453144137167,11.0355915224252,1
600,0,15.75,92,11.0355915224252,11.1876518825134,1
600,0,15.75,92,11.1876518825134,11.3082615326932,1
600,0,15.75,92,11.3082615326932,11.3120408960835,1
600,0,15.75,92,11.3120408960835,11.3571776074869,1
600,0,15.75,92,11.3571776074869,11.4584980398788,1
600,0,15.75,92,11.4584980398788,11.6875933716628,1
600,0,15.75,92,11.6875933716628,11.7822540506533,1
600,0,15.75,92,11.7822540506533,12.0018270319121,1
600,0,15.75,92,12.0018270319121,12.1353903133434,1
600,0,15.75,92,12.1353903133434,12.2869615799759,1
600,0,15.75,92,12.2869615799759,12.3502822388644,1
600,0,15.75,92,12.3502822388644,12.3712537421404,1
600,0,15.75,92,12.3712537421404,12.4348191506192,1
600,0,15.75,92,12.4348191506192,12.4708648060702,1
600,0,15.75,92,12.4708648060702,12.5866800644202,1
600,0,15.75,92,12.5866800644202,12.6783700714345,1
600,0,15.75,92,12.6783700714345,12.8246709445521,1
600,0,15.75,92,12.8246709445521,12.9379754196924,1
600,0,15.75,92,12.9379754196924,12.9547325618941,1
600,0,15.75,92,12.9547325618941,13.1744632892109,1
600,0,15.75,92,13.1744632892109,13.1889414766356,1
600,0,15.75,92,13.1889414766356,13.287435135666,1
600,0,15.75,92,13.287435135666,13.2941504865115,1
600,0,15.75,92,13.2941504865115,13.3225909901221,1
600,0,15.75,92,13.3225909901221,13.6075514781908,1
600,0,15.75,92,13.6075514781908,13.6211550428886,1
600,0,15.75,92,13.6211550428886,13.6733267508497,1
600,0,15.75,92,13.6733267508497,13.72247738736,1
600,0,15.75,92,13.72247738736,13.7747761871547,1
600,0,15.75,92,13.7747761871547,13.8133684953296,1
600,0,15.75,92,13.8133684953296,13.8436603097102,1
600,0,15.75,92,13.8436603097102,14.0020117289747,1
600,0,15.75,92,14.0020117289747,14.0303548375748,1
600,0,15.75,92,14.0303548375748,14.0780508718003,1
600,0,15.75,92,14.0780508718003,14.2774353796709,1
600,0,15.75,92,14.2774353796709,14.2907554018553,1
600,0,15.75,92,14.2907554018553,14.4276178225297,1
600,0,15.75,92,14.4276178225297,14.4868783898082,1
600,0,15.75,92,14.4868783898082,14.4911771009301,1
600,0,15.75,92,14.4911771009301,14.4913808404312,1
600,0,15.75,92,14.4913808404312,14.5458636590446,1
600,0,15.75,92,14.5458636590446,14.5588714596611,1
600,0,15.75,92,14.5588714596611,14.5628842496657,1
600,0,15.75,92,14.5628842496657,14.5790387141522,1
600,0,15.75,92,14.5790387141522,14.7721843657205,1
600,0,15.75,92,14.7721843657205,14.8359332532263,1
600,0,15.75,92,14.8359332532263,14.9562169124049,1
600,0,15.75,92,14.9562169124049,15.0209904005501,1
600,0,15.75,92,15.0209904005501,15.2153793331301,1
600,0,15.75,92,15.2153793331301,15.2858880015468,1
600,0,15.75,92,15.2858880015468,15.3101315107779,1
600,0,15.75,92,15.3101315107779,15.375482813142,1
600,0,15.75,92,15.375482813142,15.3949071014115,1
600,0,15.75,92,15.3949071014115,15.4094126338281,1
600,0,15.75,92,15.4094126338281,15.4505231774844,1
600,0,15.75,92,15.4505231774844,15.45626777402,1
600,0,15.75,92,15.45626777402,15.4567920540796,1
600,0,15.75,92,15.4567920540796,15.5799649840941,1
600,0,15.75,92,15.5799649840941,15.6080023181491,1
600,0,15.75,92,15.6080023181491,15.6452292216046,1
600,0,15.75,92,15.6452292216046,15.75,0
