"id","xi","Tei","n.rec","start","stop","status"
1,1,17.75,2,0,1.38684559836893,1
1,1,17.75,2,1.38684559836893,7.9083175000933,1
1,1,17.75,2,7.9083175000933,17.75,0
2,1,11.75,0,0,11.75,0
3,1,11.75,4,0,0.863521657719526,1
3,1,11.75,4,0.863521657719526,1.37954172360547,1
3,1,11.75,4,1.37954172360547,4.99327311851012,1
3,1,11.75,4,4.99327311851012,9.55383085332291,1
3,1,11.75,4,9.55383085332291,11.75,0
4,1,17.75,0,0,17.75,0
5,1,9.75,3,0,2.16103927942606,1
5,1,9.75,3,2.16103927942606,5.54991596040092,1
5,1,9.75,3,5.54991596040092,8.07782829684271,1
5,1,9.75,3,8.07782829684271,9.75,0
6,1,17.75,8,0,0.0155546521977726,1
6,1,17.75,8,0.0155546521977726,1.75035307143595,1
6,1,17.75,8,1.75035307143595,4.19726130455058,1
6,1,17.75,8,4.19726130455058,7.28943817322406,1
6,1,17.75,8,7.28943817322406,7.48383004065597,1
6,1,17.75,8,7.48383004065597,14.1576369728907,1
6,1,17.75,8,14.1576369728907,14.8825111092077,1
6,1,17.75,8,14.8825111092077,15.1418326481969,1
6,1,17.75,8,15.1418326481969,17.75,0
7,1,17.75,2,0,3.73770602327427,1
7,1,17.75,2,3.73770602327427,5.02582541855288,1
7,1,17.75,2,5.02582541855288,17.75,0
8,1,18.75,6,0,2.00384997617031,1
8,1,18.75,6,2.00384997617031,7.00099075583121,1
8,1,18.75,6,7.00099075583121,9.72508663267689,1
8,1,18.75,6,9.72508663267689,11.1793007485434,1
8,1,18.75,6,11.1793007485434,15.185200848587,1
8,1,18.75,6,15.185200848587,16.4659675235124,1
8,1,18.75,6,16.4659675235124,18.75,0
9,1,15.75,2,0,2.66398564680304,1
9,1,15.75,2,2.66398564680304,10.0690147802319,1
9,1,15.75,2,10.0690147802319,15.75,0
10,1,13.75,7,0,0.780855944792721,1
10,1,13.75,7,0.780855944792721,1.14030650790266,1
10,1,13.75,7,1.14030650790266,2.19542314289243,1
10,1,13.75,7,2.19542314289243,4.28026408911627,1
10,1,13.75,7,4.28026408911627,5.15756504526539,1
10,1,13.75,7,5.15756504526539,7.12609703493512,1
10,1,13.75,7,7.12609703493512,13.6775399210098,1
10,1,13.75,7,13.6775399210098,13.75,0
11,1,12.75,4,0,1.13550671735234,1
11,1,12.75,4,1.13550671735234,2.44997842976561,1
11,1,12.75,4,2.44997842976561,8.04886708405797,1
11,1,12.75,4,8.04886708405797,9.40866183014399,1
11,1,12.75,4,9.40866183014399,12.75,0
12,1,20.75,1,0,5.55717147644458,1
12,1,20.75,1,5.55717147644458,20.75,0
13,1,10.75,2,0,3.5779554921423,1
13,1,10.75,2,3.5779554921423,5.17993885813114,1
13,1,10.75,2,5.17993885813114,10.75,0
14,1,18.75,2,0,11.4428294922014,1
14,1,18.75,2,11.4428294922014,14.1695045979487,1
14,1,18.75,2,14.1695045979487,18.75,0
15,1,15.75,2,0,12.0521114427078,1
15,1,15.75,2,12.0521114427078,12.4600534971231,1
15,1,15.75,2,12.4600534971231,15.75,0
16,1,10.75,0,0,10.75,0
17,1,20.75,7,0,5.8534188238995,1
17,1,20.75,7,5.8534188238995,7.28111314728264,1
17,1,20.75,7,7.28111314728264,7.71953607625069,1
17,1,20.75,7,7.71953607625069,9.36568639441225,1
17,1,20.75,7,9.36568639441225,10.0128203313215,1
17,1,20.75,7,10.0128203313215,12.0896880939665,1
17,1,20.75,7,12.0896880939665,18.035114317983,1
17,1,20.75,7,18.035114317983,20.75,0
18,1,15.75,5,0,8.26760572267563,1
18,1,15.75,5,8.26760572267563,9.92868967682257,1
18,1,15.75,5,9.92868967682257,11.9600911964102,1
18,1,15.75,5,11.9600911964102,15.0864767364883,1
18,1,15.75,5,15.0864767364883,15.5348009355124,1
18,1,15.75,5,15.5348009355124,15.75,0
19,1,11.75,4,0,1.81553476660429,1
19,1,11.75,4,1.81553476660429,2.47947001955758,1
19,1,11.75,4,2.47947001955758,4.16577728908736,1
19,1,11.75,4,4.16577728908736,5.39196989184019,1
19,1,11.75,4,5.39196989184019,11.75,0
20,1,13.75,7,0,2.20004512749542,1
20,1,13.75,7,2.20004512749542,2.61104404702631,1
20,1,13.75,7,2.61104404702631,7.16742011939115,1
20,1,13.75,7,7.16742011939115,12.5529700731017,1
20,1,13.75,7,12.5529700731017,12.911399355851,1
20,1,13.75,7,12.911399355851,13.4288667167029,1
20,1,13.75,7,13.4288667167029,13.7361352487491,1
20,1,13.75,7,13.7361352487491,13.75,0
21,1,14.75,3,0,1.17803185229753,1
21,1,14.75,3,1.17803185229753,10.9685856197,1
21,1,14.75,3,10.9685856197,13.1248405627297,1
21,1,14.75,3,13.1248405627297,14.75,0
22,1,14.75,4,0,0.325865053645274,1
22,1,14.75,4,0.325865053645274,5.54021306876635,1
22,1,14.75,4,5.54021306876635,11.8953152122021,1
22,1,14.75,4,11.8953152122021,14.4815014815183,1
22,1,14.75,4,14.4815014815183,14.75,0
23,1,14.75,0,0,14.75,0
24,1,15.75,1,0,3.91715143385327,1
24,1,15.75,1,3.91715143385327,15.75,0
25,1,9.75,2,0,2.44213899163627,1
25,1,9.75,2,2.44213899163627,6.52970146110187,1
25,1,9.75,2,6.52970146110187,9.75,0
26,1,15.75,4,0,3.05729785430009,1
26,1,15.75,4,3.05729785430009,3.92133605999406,1
26,1,15.75,4,3.92133605999406,9.15539523295931,1
26,1,15.75,4,9.15539523295931,10.7731095646124,1
26,1,15.75,4,10.7731095646124,15.75,0
27,1,13.75,3,0,1.03516450696225,1
27,1,13.75,3,1.03516450696225,2.20749567226771,1
27,1,13.75,3,2.20749567226771,11.1546286428635,1
27,1,13.75,3,11.1546286428635,13.75,0
28,1,19.75,16,0,3.9809572195376,1
28,1,19.75,16,3.9809572195376,4.12070171295093,1
28,1,19.75,16,4.12070171295093,4.2140340134365,1
28,1,19.75,16,4.2140340134365,8.3133537038547,1
28,1,19.75,16,8.3133537038547,8.6863621989306,1
28,1,19.75,16,8.6863621989306,9.54712113221133,1
28,1,19.75,16,9.54712113221133,10.6135350884977,1
28,1,19.75,16,10.6135350884977,11.2411218760708,1
28,1,19.75,16,11.2411218760708,13.4768637200672,1
28,1,19.75,16,13.4768637200672,13.6343231602589,1
28,1,19.75,16,13.6343231602589,14.2587712361463,1
28,1,19.75,16,14.2587712361463,15.297941668281,1
28,1,19.75,16,15.297941668281,15.3984718593128,1
28,1,19.75,16,15.3984718593128,17.5795977287199,1
28,1,19.75,16,17.5795977287199,18.1687708122481,1
28,1,19.75,16,18.1687708122481,19.6690411415941,1
28,1,19.75,16,19.6690411415941,19.75,0
29,1,13.75,1,0,5.62813663950369,1
29,1,13.75,1,5.62813663950369,13.75,0
30,1,8.75,1,0,3.11171247750489,1
30,1,8.75,1,3.11171247750489,8.75,0
31,1,20.75,1,0,14.7016551688292,1
31,1,20.75,1,14.7016551688292,20.75,0
32,1,15.75,4,0,3.94207143822606,1
32,1,15.75,4,3.94207143822606,4.16120126747816,1
32,1,15.75,4,4.16120126747816,6.00421060169786,1
32,1,15.75,4,6.00421060169786,9.55767837257775,1
32,1,15.75,4,9.55767837257775,15.75,0
33,1,10.75,4,0,1.15539137680691,1
33,1,10.75,4,1.15539137680691,3.73779333211679,1
33,1,10.75,4,3.73779333211679,6.01923523057482,1
33,1,10.75,4,6.01923523057482,10.4344766369357,1
33,1,10.75,4,10.4344766369357,10.75,0
34,1,14.75,5,0,4.10382068165497,1
34,1,14.75,5,4.10382068165497,7.54493074649004,1
34,1,14.75,5,7.54493074649004,9.38420549933449,1
34,1,14.75,5,9.38420549933449,11.1788810105712,1
34,1,14.75,5,11.1788810105712,11.3730976395375,1
34,1,14.75,5,11.3730976395375,14.75,0
35,1,12.75,4,0,0.829260677161774,1
35,1,12.75,4,0.829260677161774,6.51807593518056,1
35,1,12.75,4,6.51807593518056,8.93127753252878,1
35,1,12.75,4,8.93127753252878,10.1214315701651,1
35,1,12.75,4,10.1214315701651,12.75,0
36,1,11.75,1,0,3.94926810397346,1
36,1,11.75,1,3.94926810397346,11.75,0
37,1,8.75,0,0,8.75,0
38,1,10.75,1,0,1.67845528850017,1
38,1,10.75,1,1.67845528850017,10.75,0
39,1,10.75,1,0,4.87035612927781,1
39,1,10.75,1,4.87035612927781,10.75,0
40,1,15.75,5,0,0.0714887760457899,1
40,1,15.75,5,0.0714887760457899,2.09677835301638,1
40,1,15.75,5,2.09677835301638,9.11953672894943,1
40,1,15.75,5,9.11953672894943,11.2645940972166,1
40,1,15.75,5,11.2645940972166,12.8616937256329,1
40,1,15.75,5,12.8616937256329,15.75,0
41,1,12.75,2,0,1.3774565376336,1
41,1,12.75,2,1.3774565376336,7.35150756437252,1
41,1,12.75,2,7.35150756437252,12.75,0
42,1,19.75,3,0,11.8127580398705,1
42,1,19.75,3,11.8127580398705,13.0893552023029,1
42,1,19.75,3,13.0893552023029,15.2098469860997,1
42,1,19.75,3,15.2098469860997,19.75,0
43,1,17.75,2,0,8.24642932045549,1
43,1,17.75,2,8.24642932045549,11.9157093643902,1
43,1,17.75,2,11.9157093643902,17.75,0
44,1,14.75,3,0,2.87797113580058,1
44,1,14.75,3,2.87797113580058,4.90055469520167,1
44,1,14.75,3,4.90055469520167,6.35273847824289,1
44,1,14.75,3,6.35273847824289,14.75,0
45,1,19.75,11,0,3.77730786091396,1
45,1,19.75,11,3.77730786091396,8.84533495250151,1
45,1,19.75,11,8.84533495250151,9.64406407106009,1
45,1,19.75,11,9.64406407106009,10.6154453505361,1
45,1,19.75,11,10.6154453505361,11.8456796037743,1
45,1,19.75,11,11.8456796037743,13.9027464609807,1
45,1,19.75,11,13.9027464609807,14.8797125906246,1
45,1,19.75,11,14.8797125906246,16.0963390684473,1
45,1,19.75,11,16.0963390684473,18.6957703438981,1
45,1,19.75,11,18.6957703438981,19.1294305659282,1
45,1,19.75,11,19.1294305659282,19.2267146386993,1
45,1,19.75,11,19.2267146386993,19.75,0
46,1,16.75,7,0,3.64329425081245,1
46,1,16.75,7,3.64329425081245,6.66892731164985,1
46,1,16.75,7,6.66892731164985,6.93588293433339,1
46,1,16.75,7,6.93588293433339,8.06404053466329,1
46,1,16.75,7,8.06404053466329,8.21760654894935,1
46,1,16.75,7,8.21760654894935,12.5154094440183,1
46,1,16.75,7,12.5154094440183,15.7006261534235,1
46,1,16.75,7,15.7006261534235,16.75,0
47,1,10.75,2,0,0.147289292402585,1
47,1,10.75,2,0.147289292402585,9.60117569816391,1
47,1,10.75,2,9.60117569816391,10.75,0
48,1,20.75,2,0,12.3748347727095,1
48,1,20.75,2,12.3748347727095,18.3430925892496,1
48,1,20.75,2,18.3430925892496,20.75,0
49,1,11.75,2,0,3.78905749448874,1
49,1,11.75,2,3.78905749448874,8.70933754667108,1
49,1,11.75,2,8.70933754667108,11.75,0
50,1,19.75,7,0,3.98496832333822,1
50,1,19.75,7,3.98496832333822,5.97553335823826,1
50,1,19.75,7,5.97553335823826,9.59145034771138,1
50,1,19.75,7,9.59145034771138,9.69727947151995,1
50,1,19.75,7,9.69727947151995,16.2779024785685,1
50,1,19.75,7,16.2779024785685,17.1837896281836,1
50,1,19.75,7,17.1837896281836,18.1568996789405,1
50,1,19.75,7,18.1568996789405,19.75,0
51,1,8.75,2,0,1.4580975500868,1
51,1,8.75,2,1.4580975500868,3.11698180862432,1
51,1,8.75,2,3.11698180862432,8.75,0
52,1,13.75,2,0,3.69766527605861,1
52,1,13.75,2,3.69766527605861,4.17405743619316,1
52,1,13.75,2,4.17405743619316,13.75,0
53,1,15.75,3,0,7.23797578103281,1
53,1,15.75,3,7.23797578103281,13.2440200569675,1
53,1,15.75,3,13.2440200569675,15.1164613070624,1
53,1,15.75,3,15.1164613070624,15.75,0
54,1,12.75,5,0,4.1957417895639,1
54,1,12.75,5,4.1957417895639,5.01045753803078,1
54,1,12.75,5,5.01045753803078,8.23222214189196,1
54,1,12.75,5,8.23222214189196,10.4218047555012,1
54,1,12.75,5,10.4218047555012,10.6564787488914,1
54,1,12.75,5,10.6564787488914,12.75,0
55,1,14.75,6,0,0.0318254786205925,1
55,1,14.75,6,0.0318254786205925,3.91144371444735,1
55,1,14.75,6,3.91144371444735,8.00066793795006,1
55,1,14.75,6,8.00066793795006,8.97414603806744,1
55,1,14.75,6,8.97414603806744,10.0451752913124,1
55,1,14.75,6,10.0451752913124,13.1635224366568,1
55,1,14.75,6,13.1635224366568,14.75,0
56,1,15.75,13,0,4.03347355534493,1
56,1,15.75,13,4.03347355534493,6.37724278399946,1
56,1,15.75,13,6.37724278399946,6.48825427486906,1
56,1,15.75,13,6.48825427486906,7.53350661179132,1
56,1,15.75,13,7.53350661179132,7.97281363239754,1
56,1,15.75,13,7.97281363239754,9.57577334044513,1
56,1,15.75,13,9.57577334044513,9.73094398398635,1
56,1,15.75,13,9.73094398398635,11.5966245962266,1
56,1,15.75,13,11.5966245962266,12.5271595156994,1
56,1,15.75,13,12.5271595156994,13.5245530190989,1
56,1,15.75,13,13.5245530190989,15.4331265216096,1
56,1,15.75,13,15.4331265216096,15.4459132454707,1
56,1,15.75,13,15.4459132454707,15.6402562982817,1
56,1,15.75,13,15.6402562982817,15.75,0
57,1,14.75,3,0,6.32811608583509,1
57,1,14.75,3,6.32811608583509,11.651994143179,1
57,1,14.75,3,11.651994143179,14.2896422859714,1
57,1,14.75,3,14.2896422859714,14.75,0
58,1,18.75,12,0,0.292438096025278,1
58,1,18.75,12,0.292438096025278,1.23159736995293,1
58,1,18.75,12,1.23159736995293,1.64866037748022,1
58,1,18.75,12,1.64866037748022,2.39754305181571,1
58,1,18.75,12,2.39754305181571,7.03615745815965,1
58,1,18.75,12,7.03615745815965,7.73000546301093,1
58,1,18.75,12,7.73000546301093,9.02729415495442,1
58,1,18.75,12,9.02729415495442,9.55390631367514,1
58,1,18.75,12,9.55390631367514,11.4861870497429,1
58,1,18.75,12,11.4861870497429,15.2502675984235,1
58,1,18.75,12,15.2502675984235,15.3180748762182,1
58,1,18.75,12,15.3180748762182,15.6214618006226,1
58,1,18.75,12,15.6214618006226,18.75,0
59,1,19.75,3,0,0.304805511505486,1
59,1,19.75,3,0.304805511505486,3.25170077149688,1
59,1,19.75,3,3.25170077149688,6.1123266358412,1
59,1,19.75,3,6.1123266358412,19.75,0
60,1,16.75,3,0,1.65064090321726,1
60,1,16.75,3,1.65064090321726,4.45767769754914,1
60,1,16.75,3,4.45767769754914,9.24721890233608,1
60,1,16.75,3,9.24721890233608,16.75,0
61,1,20.75,2,0,2.06143615095527,1
61,1,20.75,2,2.06143615095527,10.6729167552378,1
61,1,20.75,2,10.6729167552378,20.75,0
62,1,9.75,2,0,2.61697766889211,1
62,1,9.75,2,2.61697766889211,5.42255356080453,1
62,1,9.75,2,5.42255356080453,9.75,0
63,1,8.75,0,0,8.75,0
64,1,10.75,4,0,0.168495339337576,1
64,1,10.75,4,0.168495339337576,1.35066402943923,1
64,1,10.75,4,1.35066402943923,1.91527487214984,1
64,1,10.75,4,1.91527487214984,5.27114364348466,1
64,1,10.75,4,5.27114364348466,10.75,0
65,1,15.75,5,0,6.3823082102129,1
65,1,15.75,5,6.3823082102129,6.88789948168256,1
65,1,15.75,5,6.88789948168256,7.30037617429573,1
65,1,15.75,5,7.30037617429573,12.356665687002,1
65,1,15.75,5,12.356665687002,13.3897930969357,1
65,1,15.75,5,13.3897930969357,15.75,0
66,1,14.75,8,0,2.12385789934718,1
66,1,14.75,8,2.12385789934718,8.35174589588969,1
66,1,14.75,8,8.35174589588969,9.42582149047204,1
66,1,14.75,8,9.42582149047204,9.88335742081485,1
66,1,14.75,8,9.88335742081485,10.0652074875673,1
66,1,14.75,8,10.0652074875673,11.2983856253499,1
66,1,14.75,8,11.2983856253499,12.9071794027282,1
66,1,14.75,8,12.9071794027282,13.133096622271,1
66,1,14.75,8,13.133096622271,14.75,0
67,1,15.75,2,0,1.07743247428792,1
67,1,15.75,2,1.07743247428792,2.59132815398773,1
67,1,15.75,2,2.59132815398773,15.75,0
68,1,10.75,4,0,1.28815588055554,1
68,1,10.75,4,1.28815588055554,3.69314930986256,1
68,1,10.75,4,3.69314930986256,3.96443349483202,1
68,1,10.75,4,3.96443349483202,9.47337111003595,1
68,1,10.75,4,9.47337111003595,10.75,0
69,1,14.75,1,0,11.7863071220582,1
69,1,14.75,1,11.7863071220582,14.75,0
70,1,13.75,1,0,13.5562146967511,1
70,1,13.75,1,13.5562146967511,13.75,0
71,1,10.75,4,0,1.33114030473526,1
71,1,10.75,4,1.33114030473526,5.00514108806746,1
71,1,10.75,4,5.00514108806746,5.03729045495629,1
71,1,10.75,4,5.03729045495629,8.96508053515247,1
71,1,10.75,4,8.96508053515247,10.75,0
72,1,11.75,1,0,0.101743605402714,1
72,1,11.75,1,0.101743605402714,11.75,0
73,1,10.75,2,0,0.43532266497157,1
73,1,10.75,2,0.43532266497157,10.4092229710641,1
73,1,10.75,2,10.4092229710641,10.75,0
74,1,20.75,8,0,0.892864844580294,1
74,1,20.75,8,0.892864844580294,1.00957817541068,1
74,1,20.75,8,1.00957817541068,6.67792316876487,1
74,1,20.75,8,6.67792316876487,7.87979294654831,1
74,1,20.75,8,7.87979294654831,9.96526890124437,1
74,1,20.75,8,9.96526890124437,15.3222382984122,1
74,1,20.75,8,15.3222382984122,15.5131991783308,1
74,1,20.75,8,15.5131991783308,17.7252615376026,1
74,1,20.75,8,17.7252615376026,20.75,0
75,1,15.75,1,0,3.142871052211,1
75,1,15.75,1,3.142871052211,15.75,0
76,1,16.75,5,0,10.235615983586,1
76,1,16.75,5,10.235615983586,11.9792224054826,1
76,1,16.75,5,11.9792224054826,12.7446215971606,1
76,1,16.75,5,12.7446215971606,15.6781958128134,1
76,1,16.75,5,15.6781958128134,16.7094153119902,1
76,1,16.75,5,16.7094153119902,16.75,0
77,1,9.75,4,0,0.933913095839072,1
77,1,9.75,4,0.933913095839072,3.93173537366609,1
77,1,9.75,4,3.93173537366609,7.17429846310976,1
77,1,9.75,4,7.17429846310976,9.23926409659217,1
77,1,9.75,4,9.23926409659217,9.75,0
78,1,14.75,3,0,3.11818188903664,1
78,1,14.75,3,3.11818188903664,9.83156053300083,1
78,1,14.75,3,9.83156053300083,9.89436206586805,1
78,1,14.75,3,9.89436206586805,14.75,0
79,1,14.75,6,0,5.75660065907845,1
79,1,14.75,6,5.75660065907845,6.1332480116247,1
79,1,14.75,6,6.1332480116247,7.53819625661813,1
79,1,14.75,6,7.53819625661813,8.35791213036001,1
79,1,14.75,6,8.35791213036001,12.2676315761807,1
79,1,14.75,6,12.2676315761807,13.1354463479064,1
79,1,14.75,6,13.1354463479064,14.75,0
80,1,11.75,3,0,1.31878153915027,1
80,1,11.75,3,1.31878153915027,1.58741455800931,1
80,1,11.75,3,1.58741455800931,9.47364835503435,1
80,1,11.75,3,9.47364835503435,11.75,0
81,1,20.75,8,0,0.342752536552335,1
81,1,20.75,8,0.342752536552335,3.10625183808316,1
81,1,20.75,8,3.10625183808316,7.64055568139181,1
81,1,20.75,8,7.64055568139181,8.62055966877002,1
81,1,20.75,8,8.62055966877002,8.90081879836327,1
81,1,20.75,8,8.90081879836327,8.91179824194532,1
81,1,20.75,8,8.91179824194532,17.5327560916575,1
81,1,20.75,8,17.5327560916575,18.7010171463004,1
81,1,20.75,8,18.7010171463004,20.75,0
82,1,19.75,3,0,4.2425792411146,1
82,1,19.75,3,4.2425792411146,5.62687123022499,1
82,1,19.75,3,5.62687123022499,12.2919143628821,1
82,1,19.75,3,12.2919143628821,19.75,0
83,1,17.75,5,0,0.285676367312262,1
83,1,17.75,5,0.285676367312262,2.81736208006698,1
83,1,17.75,5,2.81736208006698,3.67913758814881,1
83,1,17.75,5,3.67913758814881,6.44780918767063,1
83,1,17.75,5,6.44780918767063,6.85993402519387,1
83,1,17.75,5,6.85993402519387,17.75,0
84,1,9.75,0,0,9.75,0
85,1,14.75,6,0,1.92364948258484,1
85,1,14.75,6,1.92364948258484,5.23948554918128,1
85,1,14.75,6,5.23948554918128,8.52337170618418,1
85,1,14.75,6,8.52337170618418,12.5840988287698,1
85,1,14.75,6,12.5840988287698,13.4036857751128,1
85,1,14.75,6,13.4036857751128,13.7033485419344,1
85,1,14.75,6,13.7033485419344,14.75,0
86,1,10.75,3,0,3.015852690605,1
86,1,10.75,3,3.015852690605,7.40977227665594,1
86,1,10.75,3,7.40977227665594,10.5244372431754,1
86,1,10.75,3,10.5244372431754,10.75,0
87,1,13.75,3,0,4.63178643785414,1
87,1,13.75,3,4.63178643785414,4.94924765890318,1
87,1,13.75,3,4.94924765890318,6.74647418462985,1
87,1,13.75,3,6.74647418462985,13.75,0
88,1,8.75,2,0,1.29255113167506,1
88,1,8.75,2,1.29255113167506,2.23967502616935,1
88,1,8.75,2,2.23967502616935,8.75,0
89,1,8.75,2,0,0.474668678390406,1
89,1,8.75,2,0.474668678390406,2.11312805039862,1
89,1,8.75,2,2.11312805039862,8.75,0
90,1,11.75,4,0,3.5749663256792,1
90,1,11.75,4,3.5749663256792,5.42326294859486,1
90,1,11.75,4,5.42326294859486,5.80413387678735,1
90,1,11.75,4,5.80413387678735,7.47843985191165,1
90,1,11.75,4,7.47843985191165,11.75,0
91,1,14.75,4,0,2.84669005780691,1
91,1,14.75,4,2.84669005780691,3.93799250685665,1
91,1,14.75,4,3.93799250685665,5.89298426954728,1
91,1,14.75,4,5.89298426954728,11.3171221450413,1
91,1,14.75,4,11.3171221450413,14.75,0
92,1,13.75,7,0,2.59570594051415,1
92,1,13.75,7,2.59570594051415,6.7527049478614,1
92,1,13.75,7,6.7527049478614,7.33434488553465,1
92,1,13.75,7,7.33434488553465,11.4523623508432,1
92,1,13.75,7,11.4523623508432,12.069001934085,1
92,1,13.75,7,12.069001934085,13.4051013557952,1
92,1,13.75,7,13.4051013557952,13.7482484388357,1
92,1,13.75,7,13.7482484388357,13.75,0
93,1,10.75,13,0,0.655438301187708,1
93,1,10.75,13,0.655438301187708,0.881677235471798,1
93,1,10.75,13,0.881677235471798,1.82850860482636,1
93,1,10.75,13,1.82850860482636,3.12059215508137,1
93,1,10.75,13,3.12059215508137,3.58064812082317,1
93,1,10.75,13,3.58064812082317,5.40678709231622,1
93,1,10.75,13,5.40678709231622,6.8052664558112,1
93,1,10.75,13,6.8052664558112,7.36603699678482,1
93,1,10.75,13,7.36603699678482,8.49192101779681,1
93,1,10.75,13,8.49192101779681,8.6518531195362,1
93,1,10.75,13,8.6518531195362,9.03632655477817,1
93,1,10.75,13,9.03632655477817,9.11820299085414,1
93,1,10.75,13,9.11820299085414,9.64065109261228,1
93,1,10.75,13,9.64065109261228,10.75,0
94,1,12.75,4,0,2.77367853462384,1
94,1,12.75,4,2.77367853462384,6.9214734446221,1
94,1,12.75,4,6.9214734446221,9.76078101340444,1
94,1,12.75,4,9.76078101340444,11.2560049368663,1
94,1,12.75,4,11.2560049368663,12.75,0
95,1,11.75,3,0,3.23236320571571,1
95,1,11.75,3,3.23236320571571,5.36945133977058,1
95,1,11.75,3,5.36945133977058,7.88327580582113,1
95,1,11.75,3,7.88327580582113,11.75,0
96,1,11.75,2,0,6.47134685372506,1
96,1,11.75,2,6.47134685372506,8.4009501909403,1
96,1,11.75,2,8.4009501909403,11.75,0
97,1,18.75,3,0,4.10350564066443,1
97,1,18.75,3,4.10350564066443,8.20968049690355,1
97,1,18.75,3,8.20968049690355,10.3352349616758,1
97,1,18.75,3,10.3352349616758,18.75,0
98,1,19.75,2,0,12.7259834108175,1
98,1,19.75,2,12.7259834108175,13.6748953715314,1
98,1,19.75,2,13.6748953715314,19.75,0
99,1,14.75,5,0,1.24254648208585,1
99,1,14.75,5,1.24254648208585,5.38518353075562,1
99,1,14.75,5,5.38518353075562,8.41197193941459,1
99,1,14.75,5,8.41197193941459,9.87487231410654,1
99,1,14.75,5,9.87487231410654,11.6816645927672,1
99,1,14.75,5,11.6816645927672,14.75,0
100,1,14.75,1,0,7.36785705476405,1
100,1,14.75,1,7.36785705476405,14.75,0
101,1,12.75,3,0,4.13254351516237,1
101,1,12.75,3,4.13254351516237,5.36238631593171,1
101,1,12.75,3,5.36238631593171,10.3834714140921,1
101,1,12.75,3,10.3834714140921,12.75,0
102,1,12.75,5,0,1.75319437691034,1
102,1,12.75,5,1.75319437691034,7.12231309584602,1
102,1,12.75,5,7.12231309584602,9.05261621529019,1
102,1,12.75,5,9.05261621529019,9.28324950394006,1
102,1,12.75,5,9.28324950394006,10.5374694355452,1
102,1,12.75,5,10.5374694355452,12.75,0
103,1,13.75,3,0,7.10473496015144,1
103,1,13.75,3,7.10473496015144,9.31625288306378,1
103,1,13.75,3,9.31625288306378,12.3567704883816,1
103,1,13.75,3,12.3567704883816,13.75,0
104,1,12.75,1,0,9.30646597167595,1
104,1,12.75,1,9.30646597167595,12.75,0
105,1,19.75,9,0,7.56824510403787,1
105,1,19.75,9,7.56824510403787,8.12701077336033,1
105,1,19.75,9,8.12701077336033,11.9764364409055,1
105,1,19.75,9,11.9764364409055,12.7013813288903,1
105,1,19.75,9,12.7013813288903,14.5443174093118,1
105,1,19.75,9,14.5443174093118,15.3282300130737,1
105,1,19.75,9,15.3282300130737,15.4987840910381,1
105,1,19.75,9,15.4987840910381,17.0091931490537,1
105,1,19.75,9,17.0091931490537,17.7005877733379,1
105,1,19.75,9,17.7005877733379,19.75,0
106,1,8.75,4,0,3.80129741273726,1
106,1,8.75,4,3.80129741273726,4.00682660840207,1
106,1,8.75,4,4.00682660840207,5.27346107093612,1
106,1,8.75,4,5.27346107093612,5.61056630598913,1
106,1,8.75,4,5.61056630598913,8.75,0
107,1,14.75,3,0,4.72080970382455,1
107,1,14.75,3,4.72080970382455,6.73744589376267,1
107,1,14.75,3,6.73744589376267,10.130836593848,1
107,1,14.75,3,10.130836593848,14.75,0
108,1,16.75,10,0,2.71794529104072,1
108,1,16.75,10,2.71794529104072,4.8475693856046,1
108,1,16.75,10,4.8475693856046,7.40848955575233,1
108,1,16.75,10,7.40848955575233,7.9939741328617,1
108,1,16.75,10,7.9939741328617,10.0896038687908,1
108,1,16.75,10,10.0896038687908,10.0935655938068,1
108,1,16.75,10,10.0935655938068,11.0687444281611,1
108,1,16.75,10,11.0687444281611,12.934235931997,1
108,1,16.75,10,12.934235931997,15.0069122078293,1
108,1,16.75,10,15.0069122078293,15.5788537966021,1
108,1,16.75,10,15.5788537966021,16.75,0
109,1,11.75,4,0,3.79860741095104,1
109,1,11.75,4,3.79860741095104,7.50134237212302,1
109,1,11.75,4,7.50134237212302,9.27606803949345,1
109,1,11.75,4,9.27606803949345,10.088394221349,1
109,1,11.75,4,10.088394221349,11.75,0
110,1,17.75,5,0,1.26624484103929,1
110,1,17.75,5,1.26624484103929,2.44054522015366,1
110,1,17.75,5,2.44054522015366,9.95948437631974,1
110,1,17.75,5,9.95948437631974,16.7223689660761,1
110,1,17.75,5,16.7223689660761,17.1628531448934,1
110,1,17.75,5,17.1628531448934,17.75,0
111,1,8.75,3,0,2.26450912744695,1
111,1,8.75,3,2.26450912744695,5.50160406490063,1
111,1,8.75,3,5.50160406490063,5.85287807192884,1
111,1,8.75,3,5.85287807192884,8.75,0
112,1,12.75,2,0,0.648983377891071,1
112,1,12.75,2,0.648983377891071,2.49264708606614,1
112,1,12.75,2,2.49264708606614,12.75,0
113,1,8.75,1,0,6.2162846963781,1
113,1,8.75,1,6.2162846963781,8.75,0
114,1,8.75,2,0,2.34863353076664,1
114,1,8.75,2,2.34863353076664,7.72770113217694,1
114,1,8.75,2,7.72770113217694,8.75,0
115,1,12.75,4,0,0.378494195364207,1
115,1,12.75,4,0.378494195364207,9.59412156113304,1
115,1,12.75,4,9.59412156113304,11.9083858532345,1
115,1,12.75,4,11.9083858532345,12.704608066839,1
115,1,12.75,4,12.704608066839,12.75,0
116,1,8.75,3,0,3.36233712311385,1
116,1,8.75,3,3.36233712311385,6.18216994425462,1
116,1,8.75,3,6.18216994425462,6.19198630066485,1
116,1,8.75,3,6.19198630066485,8.75,0
117,1,16.75,9,0,3.31892808241449,1
117,1,16.75,9,3.31892808241449,5.28378564727482,1
117,1,16.75,9,5.28378564727482,11.1635775892199,1
117,1,16.75,9,11.1635775892199,11.6294381646967,1
117,1,16.75,9,11.6294381646967,11.9487774136448,1
117,1,16.75,9,11.9487774136448,12.6816344126591,1
117,1,16.75,9,12.6816344126591,14.6958043516921,1
117,1,16.75,9,14.6958043516921,15.4944413144112,1
117,1,16.75,9,15.4944413144112,15.9528105073212,1
117,1,16.75,9,15.9528105073212,16.75,0
118,1,14.75,2,0,1.43828324424057,1
118,1,14.75,2,1.43828324424057,5.68943799626508,1
118,1,14.75,2,5.68943799626508,14.75,0
119,1,15.75,0,0,15.75,0
120,1,11.75,3,0,0.791347517090026,1
120,1,11.75,3,0.791347517090026,7.63395882518604,1
120,1,11.75,3,7.63395882518604,8.51007304127799,1
120,1,11.75,3,8.51007304127799,11.75,0
121,1,11.75,3,0,2.27024974088997,1
121,1,11.75,3,2.27024974088997,2.48951729895417,1
121,1,11.75,3,2.48951729895417,2.63702637862808,1
121,1,11.75,3,2.63702637862808,11.75,0
122,1,16.75,0,0,16.75,0
123,1,17.75,7,0,0.436087072102711,1
123,1,17.75,7,0.436087072102711,2.12812957904541,1
123,1,17.75,7,2.12812957904541,10.6768662373675,1
123,1,17.75,7,10.6768662373675,11.2393691530094,1
123,1,17.75,7,11.2393691530094,11.2498032143268,1
123,1,17.75,7,11.2498032143268,12.3632368825382,1
123,1,17.75,7,12.3632368825382,13.4515019692317,1
123,1,17.75,7,13.4515019692317,17.75,0
124,1,14.75,5,0,1.88550475762058,1
124,1,14.75,5,1.88550475762058,9.73464542487864,1
124,1,14.75,5,9.73464542487864,10.1218241029834,1
124,1,14.75,5,10.1218241029834,10.4316468628307,1
124,1,14.75,5,10.4316468628307,13.2716522821422,1
124,1,14.75,5,13.2716522821422,14.75,0
125,1,10.75,3,0,0.817387950876223,1
125,1,10.75,3,0.817387950876223,1.27179612578594,1
125,1,10.75,3,1.27179612578594,6.58546862293858,1
125,1,10.75,3,6.58546862293858,10.75,0
126,1,14.75,2,0,5.57870540539805,1
126,1,14.75,2,5.57870540539805,7.61179711873212,1
126,1,14.75,2,7.61179711873212,14.75,0
127,1,15.75,6,0,0.6866983136712,1
127,1,15.75,6,0.6866983136712,7.0747673090026,1
127,1,15.75,6,7.0747673090026,9.47078039384088,1
127,1,15.75,6,9.47078039384088,9.52519149537978,1
127,1,15.75,6,9.52519149537978,11.8124604165606,1
127,1,15.75,6,11.8124604165606,14.3339826540309,1
127,1,15.75,6,14.3339826540309,15.75,0
128,1,15.75,1,0,5.78343825505635,1
128,1,15.75,1,5.78343825505635,15.75,0
129,1,16.75,2,0,1.47894107493258,1
129,1,16.75,2,1.47894107493258,8.71628810761093,1
129,1,16.75,2,8.71628810761093,16.75,0
130,1,13.75,5,0,3.72831458289996,1
130,1,13.75,5,3.72831458289996,6.33426974526201,1
130,1,13.75,5,6.33426974526201,6.80799126099272,1
130,1,13.75,5,6.80799126099272,8.04794428367223,1
130,1,13.75,5,8.04794428367223,9.1027976471327,1
130,1,13.75,5,9.1027976471327,13.75,0
131,1,15.75,8,0,1.9354570771666,1
131,1,15.75,8,1.9354570771666,2.52929181149311,1
131,1,15.75,8,2.52929181149311,4.17964240560935,1
131,1,15.75,8,4.17964240560935,5.36801268510529,1
131,1,15.75,8,5.36801268510529,6.24097778391395,1
131,1,15.75,8,6.24097778391395,10.4850734837204,1
131,1,15.75,8,10.4850734837204,10.6789515618431,1
131,1,15.75,8,10.6789515618431,12.3400172823317,1
131,1,15.75,8,12.3400172823317,15.75,0
132,1,14.75,1,0,14.1213033510153,1
132,1,14.75,1,14.1213033510153,14.75,0
133,1,19.75,8,0,1.46784415059277,1
133,1,19.75,8,1.46784415059277,4.70028224789553,1
133,1,19.75,8,4.70028224789553,5.1979715849026,1
133,1,19.75,8,5.1979715849026,9.18686819634904,1
133,1,19.75,8,9.18686819634904,12.4114564565724,1
133,1,19.75,8,12.4114564565724,13.9547468179052,1
133,1,19.75,8,13.9547468179052,16.555305800642,1
133,1,19.75,8,16.555305800642,16.6910858348574,1
133,1,19.75,8,16.6910858348574,19.75,0
134,1,17.75,7,0,2.85417725251547,1
134,1,17.75,7,2.85417725251547,5.36450405466061,1
134,1,17.75,7,5.36450405466061,7.27438284527899,1
134,1,17.75,7,7.27438284527899,9.17162900499298,1
134,1,17.75,7,9.17162900499298,11.5311886721788,1
134,1,17.75,7,11.5311886721788,15.5282261120115,1
134,1,17.75,7,15.5282261120115,17.5250622170859,1
134,1,17.75,7,17.5250622170859,17.75,0
135,1,13.75,4,0,2.68069379871039,1
135,1,13.75,4,2.68069379871039,4.76501144371581,1
135,1,13.75,4,4.76501144371581,6.44225120757738,1
135,1,13.75,4,6.44225120757738,6.79108485149792,1
135,1,13.75,4,6.79108485149792,13.75,0
136,1,11.75,4,0,0.453928959281048,1
136,1,11.75,4,0.453928959281048,1.57702717770501,1
136,1,11.75,4,1.57702717770501,2.31563736811262,1
136,1,11.75,4,2.31563736811262,8.10489199074056,1
136,1,11.75,4,8.10489199074056,11.75,0
137,1,11.75,0,0,11.75,0
138,1,17.75,5,0,2.0052798269416,1
138,1,17.75,5,2.0052798269416,8.86598988992071,1
138,1,17.75,5,8.86598988992071,11.0323417719757,1
138,1,17.75,5,11.0323417719757,15.3614485556226,1
138,1,17.75,5,15.3614485556226,16.978844716318,1
138,1,17.75,5,16.978844716318,17.75,0
139,1,13.75,5,0,3.69280556840512,1
139,1,13.75,5,3.69280556840512,5.85273059852528,1
139,1,13.75,5,5.85273059852528,6.84158328459254,1
139,1,13.75,5,6.84158328459254,8.07805971930748,1
139,1,13.75,5,8.07805971930748,13.0967813006039,1
139,1,13.75,5,13.0967813006039,13.75,0
140,1,16.75,8,0,3.94467491240634,1
140,1,16.75,8,3.94467491240634,4.00760356399362,1
140,1,16.75,8,4.00760356399362,4.58745311797649,1
140,1,16.75,8,4.58745311797649,4.59018474320228,1
140,1,16.75,8,4.59018474320228,4.95754297407964,1
140,1,16.75,8,4.95754297407964,9.69689814219342,1
140,1,16.75,8,9.69689814219342,12.8548914829204,1
140,1,16.75,8,12.8548914829204,13.7818450409231,1
140,1,16.75,8,13.7818450409231,16.75,0
141,1,14.75,3,0,1.8829677694615,1
141,1,14.75,3,1.8829677694615,5.18519027687902,1
141,1,14.75,3,5.18519027687902,12.2427430636048,1
141,1,14.75,3,12.2427430636048,14.75,0
142,1,8.75,1,0,6.13110740857353,1
142,1,8.75,1,6.13110740857353,8.75,0
143,1,19.75,6,0,3.90508823831905,1
143,1,19.75,6,3.90508823831905,6.21353971075365,1
143,1,19.75,6,6.21353971075365,7.64071871182983,1
143,1,19.75,6,7.64071871182983,9.7459958411603,1
143,1,19.75,6,9.7459958411603,15.8597064290135,1
143,1,19.75,6,15.8597064290135,19.0107286579794,1
143,1,19.75,6,19.0107286579794,19.75,0
144,1,12.75,2,0,6.47048570026646,1
144,1,12.75,2,6.47048570026646,10.7427359667489,1
144,1,12.75,2,10.7427359667489,12.75,0
145,1,11.75,4,0,2.71415305222387,1
145,1,11.75,4,2.71415305222387,6.0696327464008,1
145,1,11.75,4,6.0696327464008,7.82114542983683,1
145,1,11.75,4,7.82114542983683,10.1139279536838,1
145,1,11.75,4,10.1139279536838,11.75,0
146,1,17.75,5,0,3.43241269289925,1
146,1,17.75,5,3.43241269289925,5.20944041459533,1
146,1,17.75,5,5.20944041459533,8.1836311036024,1
146,1,17.75,5,8.1836311036024,8.68329056425333,1
146,1,17.75,5,8.68329056425333,12.028992219115,1
146,1,17.75,5,12.028992219115,17.75,0
147,1,19.75,4,0,1.4452786113648,1
147,1,19.75,4,1.4452786113648,4.56367019476641,1
147,1,19.75,4,4.56367019476641,11.1542529950079,1
147,1,19.75,4,11.1542529950079,14.2922602785383,1
147,1,19.75,4,14.2922602785383,19.75,0
148,1,19.75,9,0,0.0849796620879983,1
148,1,19.75,9,0.0849796620879983,4.01029070039054,1
148,1,19.75,9,4.01029070039054,5.15482085240785,1
148,1,19.75,9,5.15482085240785,6.51437552735806,1
148,1,19.75,9,6.51437552735806,7.88772285260524,1
148,1,19.75,9,7.88772285260524,8.55603834284135,1
148,1,19.75,9,8.55603834284135,9.43688843370583,1
148,1,19.75,9,9.43688843370583,11.8273474189075,1
148,1,19.75,9,11.8273474189075,14.0847652426609,1
148,1,19.75,9,14.0847652426609,19.75,0
149,1,18.75,7,0,0.883206001109104,1
149,1,18.75,7,0.883206001109104,6.75883421513707,1
149,1,18.75,7,6.75883421513707,7.77485533651675,1
149,1,18.75,7,7.77485533651675,10.5552620043436,1
149,1,18.75,7,10.5552620043436,11.5067465272911,1
149,1,18.75,7,11.5067465272911,12.2302623533949,1
149,1,18.75,7,12.2302623533949,14.578811203273,1
149,1,18.75,7,14.578811203273,18.75,0
150,1,18.75,13,0,0.100259773130144,1
150,1,18.75,13,0.100259773130144,0.188312918665356,1
150,1,18.75,13,0.188312918665356,2.63286910947583,1
150,1,18.75,13,2.63286910947583,3.15026010735674,1
150,1,18.75,13,3.15026010735674,3.49750438025293,1
150,1,18.75,13,3.49750438025293,5.32047513865866,1
150,1,18.75,13,5.32047513865866,6.63600022815164,1
150,1,18.75,13,6.63600022815164,9.7094860879522,1
150,1,18.75,13,9.7094860879522,9.86449728268001,1
150,1,18.75,13,9.86449728268001,10.0895208348018,1
150,1,18.75,13,10.0895208348018,13.3030765443851,1
150,1,18.75,13,13.3030765443851,14.2962687985125,1
150,1,18.75,13,14.2962687985125,18.2306251889056,1
150,1,18.75,13,18.2306251889056,18.75,0
151,1,12.75,6,0,0.530786181003909,1
151,1,12.75,6,0.530786181003909,2.08528825026038,1
151,1,12.75,6,2.08528825026038,3.6908741199819,1
151,1,12.75,6,3.6908741199819,4.63392445050926,1
151,1,12.75,6,4.63392445050926,5.4359089376846,1
151,1,12.75,6,5.4359089376846,10.1489296102803,1
151,1,12.75,6,10.1489296102803,12.75,0
152,1,16.75,7,0,0.0296260314034084,1
152,1,16.75,7,0.0296260314034084,2.41907541635216,1
152,1,16.75,7,2.41907541635216,2.59470265633737,1
152,1,16.75,7,2.59470265633737,3.17630798313756,1
152,1,16.75,7,3.17630798313756,6.9494520400142,1
152,1,16.75,7,6.9494520400142,13.2250939023119,1
152,1,16.75,7,13.2250939023119,14.4831745662506,1
152,1,16.75,7,14.4831745662506,16.75,0
153,1,18.75,2,0,1.79760988512486,1
153,1,18.75,2,1.79760988512486,18.6041084094856,1
153,1,18.75,2,18.6041084094856,18.75,0
154,1,8.75,0,0,8.75,0
155,1,14.75,6,0,0.129184247767746,1
155,1,14.75,6,0.129184247767746,0.679960428869791,1
155,1,14.75,6,0.679960428869791,6.067192051502,1
155,1,14.75,6,6.067192051502,10.8168386879305,1
155,1,14.75,6,10.8168386879305,13.2370372676003,1
155,1,14.75,6,13.2370372676003,14.4178105741931,1
155,1,14.75,6,14.4178105741931,14.75,0
156,1,8.75,4,0,0.523061083234446,1
156,1,8.75,4,0.523061083234446,0.656729736649197,1
156,1,8.75,4,0.656729736649197,0.928429728724118,1
156,1,8.75,4,0.928429728724118,5.85057208650105,1
156,1,8.75,4,5.85057208650105,8.75,0
157,1,8.75,7,0,0.938136249286718,1
157,1,8.75,7,0.938136249286718,2.67672771458845,1
157,1,8.75,7,2.67672771458845,7.01571664809002,1
157,1,8.75,7,7.01571664809002,7.09484306305818,1
157,1,8.75,7,7.09484306305818,7.57658958386143,1
157,1,8.75,7,7.57658958386143,8.0727090686855,1
157,1,8.75,7,8.0727090686855,8.51024656656537,1
157,1,8.75,7,8.51024656656537,8.75,0
158,1,16.75,10,0,0.0871214084378506,1
158,1,16.75,10,0.0871214084378506,1.63094456496064,1
158,1,16.75,10,1.63094456496064,3.35566983579294,1
158,1,16.75,10,3.35566983579294,4.15992535406481,1
158,1,16.75,10,4.15992535406481,4.78994545444654,1
158,1,16.75,10,4.78994545444654,10.1504529722173,1
158,1,16.75,10,10.1504529722173,11.3387835026306,1
158,1,16.75,10,11.3387835026306,15.6883957734804,1
158,1,16.75,10,15.6883957734804,16.2019115351419,1
158,1,16.75,10,16.2019115351419,16.6007176349295,1
158,1,16.75,10,16.6007176349295,16.75,0
159,1,15.75,5,0,1.10708569592759,1
159,1,15.75,5,1.10708569592759,2.00024993877783,1
159,1,15.75,5,2.00024993877783,2.35787830679902,1
159,1,15.75,5,2.35787830679902,4.89266933648203,1
159,1,15.75,5,4.89266933648203,9.86942799962657,1
159,1,15.75,5,9.86942799962657,15.75,0
160,1,12.75,1,0,0.14860389297155,1
160,1,12.75,1,0.14860389297155,12.75,0
161,1,11.75,0,0,11.75,0
162,1,18.75,4,0,6.23336140049573,1
162,1,18.75,4,6.23336140049573,9.06302199976966,1
162,1,18.75,4,9.06302199976966,11.8525721039869,1
162,1,18.75,4,11.8525721039869,17.3723168174126,1
162,1,18.75,4,17.3723168174126,18.75,0
163,1,18.75,0,0,18.75,0
164,1,10.75,5,0,0.842321965248633,1
164,1,10.75,5,0.842321965248633,1.6120886177213,1
164,1,10.75,5,1.6120886177213,2.48957446662,1
164,1,10.75,5,2.48957446662,3.37801745279554,1
164,1,10.75,5,3.37801745279554,9.6817729785595,1
164,1,10.75,5,9.6817729785595,10.75,0
165,1,14.75,7,0,0.498186633325291,1
165,1,14.75,7,0.498186633325291,6.12680941407638,1
165,1,14.75,7,6.12680941407638,6.33909492092788,1
165,1,14.75,7,6.33909492092788,7.02052770544382,1
165,1,14.75,7,7.02052770544382,7.74850111728564,1
165,1,14.75,7,7.74850111728564,9.94246949861231,1
165,1,14.75,7,9.94246949861231,13.1306663111781,1
165,1,14.75,7,13.1306663111781,14.75,0
166,1,17.75,4,0,5.79330423810826,1
166,1,17.75,4,5.79330423810826,8.71218595708243,1
166,1,17.75,4,8.71218595708243,9.50308302242378,1
166,1,17.75,4,9.50308302242378,13.5561037883462,1
166,1,17.75,4,13.5561037883462,17.75,0
167,1,11.75,2,0,2.15745926759251,1
167,1,11.75,2,2.15745926759251,7.34991842927014,1
167,1,11.75,2,7.34991842927014,11.75,0
168,1,10.75,5,0,1.5819775964699,1
168,1,10.75,5,1.5819775964699,1.91250351219086,1
168,1,10.75,5,1.91250351219086,5.59036876648313,1
168,1,10.75,5,5.59036876648313,7.40045760610685,1
168,1,10.75,5,7.40045760610685,7.52645069236891,1
168,1,10.75,5,7.52645069236891,10.75,0
169,1,17.75,1,0,0.265246998344935,1
169,1,17.75,1,0.265246998344935,17.75,0
170,1,15.75,2,0,3.45117050485537,1
170,1,15.75,2,3.45117050485537,14.0905642595475,1
170,1,15.75,2,14.0905642595475,15.75,0
171,1,17.75,14,0,1.65946420833337,1
171,1,17.75,14,1.65946420833337,2.73042313277867,1
171,1,17.75,14,2.73042313277867,3.50232159270928,1
171,1,17.75,14,3.50232159270928,4.41823627048352,1
171,1,17.75,14,4.41823627048352,5.86467119970615,1
171,1,17.75,14,5.86467119970615,6.3129349200244,1
171,1,17.75,14,6.3129349200244,7.88901689985634,1
171,1,17.75,14,7.88901689985634,8.12172176837089,1
171,1,17.75,14,8.12172176837089,10.2217894255515,1
171,1,17.75,14,10.2217894255515,12.4854116104731,1
171,1,17.75,14,12.4854116104731,12.7304822775205,1
171,1,17.75,14,12.7304822775205,14.9894180251727,1
171,1,17.75,14,14.9894180251727,15.5830461486106,1
171,1,17.75,14,15.5830461486106,17.4048918236662,1
171,1,17.75,14,17.4048918236662,17.75,0
172,1,18.75,1,0,15.6665902980333,1
172,1,18.75,1,15.6665902980333,18.75,0
173,1,17.75,0,0,17.75,0
174,1,10.75,7,0,2.74713003059021,1
174,1,10.75,7,2.74713003059021,2.87331090307568,1
174,1,10.75,7,2.87331090307568,5.21077800943887,1
174,1,10.75,7,5.21077800943887,5.24054898018133,1
174,1,10.75,7,5.24054898018133,6.01977107593848,1
174,1,10.75,7,6.01977107593848,7.07677615000999,1
174,1,10.75,7,7.07677615000999,8.7818562726486,1
174,1,10.75,7,8.7818562726486,10.75,0
175,1,13.75,4,0,0.654710719229953,1
175,1,13.75,4,0.654710719229953,7.27178097480769,1
175,1,13.75,4,7.27178097480769,8.16099502168492,1
175,1,13.75,4,8.16099502168492,12.2863080783137,1
175,1,13.75,4,12.2863080783137,13.75,0
176,1,16.75,3,0,2.82732171007828,1
176,1,16.75,3,2.82732171007828,3.0430665745606,1
176,1,16.75,3,3.0430665745606,6.76953899987817,1
176,1,16.75,3,6.76953899987817,16.75,0
177,1,14.75,7,0,2.4367490820151,1
177,1,14.75,7,2.4367490820151,6.98145498430836,1
177,1,14.75,7,6.98145498430836,8.31690635437964,1
177,1,14.75,7,8.31690635437964,8.81960334760482,1
177,1,14.75,7,8.81960334760482,10.0699834484167,1
177,1,14.75,7,10.0699834484167,11.068934135703,1
177,1,14.75,7,11.068934135703,11.2201795131503,1
177,1,14.75,7,11.2201795131503,14.75,0
178,1,14.75,10,0,1.02354871134564,1
178,1,14.75,10,1.02354871134564,1.95749257785282,1
178,1,14.75,10,1.95749257785282,3.10613608608889,1
178,1,14.75,10,3.10613608608889,3.11254659943934,1
178,1,14.75,10,3.11254659943934,5.4044931805139,1
178,1,14.75,10,5.4044931805139,6.29489081747714,1
178,1,14.75,10,6.29489081747714,6.89979710527804,1
178,1,14.75,10,6.89979710527804,9.44002098629826,1
178,1,14.75,10,9.44002098629826,10.5078132417862,1
178,1,14.75,10,10.5078132417862,14.6742743569228,1
178,1,14.75,10,14.6742743569228,14.75,0
179,1,13.75,7,0,2.3496562242557,1
179,1,13.75,7,2.3496562242557,3.2649827169137,1
179,1,13.75,7,3.2649827169137,4.27786844491045,1
179,1,13.75,7,4.27786844491045,4.61417832309318,1
179,1,13.75,7,4.61417832309318,5.91595404301153,1
179,1,13.75,7,5.91595404301153,6.38408025470933,1
179,1,13.75,7,6.38408025470933,8.44977510689363,1
179,1,13.75,7,8.44977510689363,13.75,0
180,1,11.75,6,0,1.05623672961471,1
180,1,11.75,6,1.05623672961471,1.55517553649294,1
180,1,11.75,6,1.55517553649294,6.77892054199905,1
180,1,11.75,6,6.77892054199905,9.17584255831288,1
180,1,11.75,6,9.17584255831288,9.72418284027923,1
180,1,11.75,6,9.72418284027923,10.6788348382319,1
180,1,11.75,6,10.6788348382319,11.75,0
181,1,20.75,3,0,0.871453339562894,1
181,1,20.75,3,0.871453339562894,5.215692311471,1
181,1,20.75,3,5.215692311471,14.0942874455205,1
181,1,20.75,3,14.0942874455205,20.75,0
182,1,16.75,3,0,7.59283385642471,1
182,1,16.75,3,7.59283385642471,14.4315944175897,1
182,1,16.75,3,14.4315944175897,16.0385574208405,1
182,1,16.75,3,16.0385574208405,16.75,0
183,1,17.75,2,0,2.67665709294383,1
183,1,17.75,2,2.67665709294383,9.78803780086483,1
183,1,17.75,2,9.78803780086483,17.75,0
184,1,19.75,3,0,2.50401767463599,1
184,1,19.75,3,2.50401767463599,6.50091874927707,1
184,1,19.75,3,6.50091874927707,9.00491930534487,1
184,1,19.75,3,9.00491930534487,19.75,0
185,1,15.75,6,0,3.3367650346721,1
185,1,15.75,6,3.3367650346721,3.98186390246585,1
185,1,15.75,6,3.98186390246585,7.87224653084167,1
185,1,15.75,6,7.87224653084167,11.5288583790714,1
185,1,15.75,6,11.5288583790714,12.629751178138,1
185,1,15.75,6,12.629751178138,14.0703898579556,1
185,1,15.75,6,14.0703898579556,15.75,0
186,1,15.75,1,0,14.4689462884701,1
186,1,15.75,1,14.4689462884701,15.75,0
187,1,11.75,4,0,3.50978072572119,1
187,1,11.75,4,3.50978072572119,4.44084841286776,1
187,1,11.75,4,4.44084841286776,5.08790810587082,1
187,1,11.75,4,5.08790810587082,10.4604047540875,1
187,1,11.75,4,10.4604047540875,11.75,0
188,1,10.75,1,0,1.58264630573999,1
188,1,10.75,1,1.58264630573999,10.75,0
189,1,13.75,5,0,1.07844591900401,1
189,1,13.75,5,1.07844591900401,5.07993335157385,1
189,1,13.75,5,5.07993335157385,6.10424202534173,1
189,1,13.75,5,6.10424202534173,9.55957677696552,1
189,1,13.75,5,9.55957677696552,12.1559077038505,1
189,1,13.75,5,12.1559077038505,13.75,0
190,1,17.75,3,0,1.7713859082069,1
190,1,17.75,3,1.7713859082069,5.02523398766937,1
190,1,17.75,3,5.02523398766937,9.72491941411679,1
190,1,17.75,3,9.72491941411679,17.75,0
191,1,15.75,4,0,2.48893175325179,1
191,1,15.75,4,2.48893175325179,3.2835273403472,1
191,1,15.75,4,3.2835273403472,5.03129573092634,1
191,1,15.75,4,5.03129573092634,9.66754401690893,1
191,1,15.75,4,9.66754401690893,15.75,0
192,1,14.75,7,0,0.0687779392142434,1
192,1,14.75,7,0.0687779392142434,1.01252365752497,1
192,1,14.75,7,1.01252365752497,4.4573411397945,1
192,1,14.75,7,4.4573411397945,4.50878359892008,1
192,1,14.75,7,4.50878359892008,11.2446784568026,1
192,1,14.75,7,11.2446784568026,12.2037323042355,1
192,1,14.75,7,12.2037323042355,13.1929362804732,1
192,1,14.75,7,13.1929362804732,14.75,0
193,1,12.75,0,0,12.75,0
194,1,9.75,3,0,7.02308175370289,1
194,1,9.75,3,7.02308175370289,7.12614401912219,1
194,1,9.75,3,7.12614401912219,7.52274933618727,1
194,1,9.75,3,7.52274933618727,9.75,0
195,1,14.75,3,0,2.66013548557058,1
195,1,14.75,3,2.66013548557058,10.3792744637564,1
195,1,14.75,3,10.3792744637564,12.931630851053,1
195,1,14.75,3,12.931630851053,14.75,0
196,1,18.75,6,0,1.13187933163406,1
196,1,18.75,6,1.13187933163406,4.52637580590866,1
196,1,18.75,6,4.52637580590866,4.65418405830078,1
196,1,18.75,6,4.65418405830078,4.92055501431916,1
196,1,18.75,6,4.92055501431916,6.73239988439529,1
196,1,18.75,6,6.73239988439529,10.7856300521637,1
196,1,18.75,6,10.7856300521637,18.75,0
197,1,9.75,4,0,3.05033810429603,1
197,1,9.75,4,3.05033810429603,3.60872031847159,1
197,1,9.75,4,3.60872031847159,4.94251375169383,1
197,1,9.75,4,4.94251375169383,8.17593280342317,1
197,1,9.75,4,8.17593280342317,9.75,0
198,1,9.75,2,0,3.75401805409025,1
198,1,9.75,2,3.75401805409025,6.06595231710481,1
198,1,9.75,2,6.06595231710481,9.75,0
199,1,16.75,2,0,8.48426893402733,1
199,1,16.75,2,8.48426893402733,15.085947070887,1
199,1,16.75,2,15.085947070887,16.75,0
200,1,14.75,2,0,7.56452807255337,1
200,1,14.75,2,7.56452807255337,10.5061011859414,1
200,1,14.75,2,10.5061011859414,14.75,0
201,1,14.75,4,0,1.7002060717102,1
201,1,14.75,4,1.7002060717102,1.91718317098301,1
201,1,14.75,4,1.91718317098301,6.19138078982865,1
201,1,14.75,4,6.19138078982865,10.7000425679306,1
201,1,14.75,4,10.7000425679306,14.75,0
202,1,14.75,9,0,1.67299716178344,1
202,1,14.75,9,1.67299716178344,1.73258141744067,1
202,1,14.75,9,1.73258141744067,4.22833934012857,1
202,1,14.75,9,4.22833934012857,8.06062892031163,1
202,1,14.75,9,8.06062892031163,11.2891907848979,1
202,1,14.75,9,11.2891907848979,11.3755092435029,1
202,1,14.75,9,11.3755092435029,11.6499322262724,1
202,1,14.75,9,11.6499322262724,11.869177312493,1
202,1,14.75,9,11.869177312493,14.524800068225,1
202,1,14.75,9,14.524800068225,14.75,0
203,1,15.75,4,0,0.251588742163554,1
203,1,15.75,4,0.251588742163554,2.85811631263907,1
203,1,15.75,4,2.85811631263907,6.13848883900375,1
203,1,15.75,4,6.13848883900375,13.6482020889388,1
203,1,15.75,4,13.6482020889388,15.75,0
204,1,12.75,2,0,1.50319824880669,1
204,1,12.75,2,1.50319824880669,7.18662076261299,1
204,1,12.75,2,7.18662076261299,12.75,0
205,1,13.75,1,0,6.02733350332962,1
205,1,13.75,1,6.02733350332962,13.75,0
206,1,17.75,2,0,9.00785564430084,1
206,1,17.75,2,9.00785564430084,16.1376000889171,1
206,1,17.75,2,16.1376000889171,17.75,0
207,1,10.75,2,0,5.13164750196496,1
207,1,10.75,2,5.13164750196496,10.0006994791936,1
207,1,10.75,2,10.0006994791936,10.75,0
208,1,15.75,0,0,15.75,0
209,1,17.75,3,0,0.0910011323745317,1
209,1,17.75,3,0.0910011323745317,3.11094957552275,1
209,1,17.75,3,3.11094957552275,5.27243899057522,1
209,1,17.75,3,5.27243899057522,17.75,0
210,1,8.75,0,0,8.75,0
211,1,20.75,2,0,7.49014079864919,1
211,1,20.75,2,7.49014079864919,16.8730506914315,1
211,1,20.75,2,16.8730506914315,20.75,0
212,1,11.75,2,0,5.22215451829666,1
212,1,11.75,2,5.22215451829666,5.4004267409965,1
212,1,11.75,2,5.4004267409965,11.75,0
213,1,8.75,1,0,0.957839945362089,1
213,1,8.75,1,0.957839945362089,8.75,0
214,1,9.75,3,0,7.03231318083254,1
214,1,9.75,3,7.03231318083254,8.12901553411213,1
214,1,9.75,3,8.12901553411213,8.54605314998735,1
214,1,9.75,3,8.54605314998735,9.75,0
215,1,14.75,8,0,1.72206431307837,1
215,1,14.75,8,1.72206431307837,2.1781804002856,1
215,1,14.75,8,2.1781804002856,3.45723555005815,1
215,1,14.75,8,3.45723555005815,4.77382039405521,1
215,1,14.75,8,4.77382039405521,5.89044020253517,1
215,1,14.75,8,5.89044020253517,7.18928636273822,1
215,1,14.75,8,7.18928636273822,8.57353871681254,1
215,1,14.75,8,8.57353871681254,14.6219012943556,1
215,1,14.75,8,14.6219012943556,14.75,0
216,1,14.75,8,0,0.0649709682570434,1
216,1,14.75,8,0.0649709682570434,5.02174663647401,1
216,1,14.75,8,5.02174663647401,7.83910198975989,1
216,1,14.75,8,7.83910198975989,9.263349559297,1
216,1,14.75,8,9.263349559297,12.4174645261635,1
216,1,14.75,8,12.4174645261635,12.5322612476546,1
216,1,14.75,8,12.5322612476546,13.3435775273337,1
216,1,14.75,8,13.3435775273337,14.7236463229347,1
216,1,14.75,8,14.7236463229347,14.75,0
217,1,13.75,3,0,1.75008441501048,1
217,1,13.75,3,1.75008441501048,8.22253891157755,1
217,1,13.75,3,8.22253891157755,12.0513220317123,1
217,1,13.75,3,12.0513220317123,13.75,0
218,1,14.75,1,0,6.63994561421225,1
218,1,14.75,1,6.63994561421225,14.75,0
219,1,18.75,5,0,7.54285208565209,1
219,1,18.75,5,7.54285208565209,9.23214849105621,1
219,1,18.75,5,9.23214849105621,10.4354270699002,1
219,1,18.75,5,10.4354270699002,13.7638869522554,1
219,1,18.75,5,13.7638869522554,14.6341407814513,1
219,1,18.75,5,14.6341407814513,18.75,0
220,1,8.75,2,0,7.04463377431307,1
220,1,8.75,2,7.04463377431307,8.09049080136877,1
220,1,8.75,2,8.09049080136877,8.75,0
221,1,11.75,3,0,6.00621554042133,1
221,1,11.75,3,6.00621554042133,9.26687470073254,1
221,1,11.75,3,9.26687470073254,10.1851233356687,1
221,1,11.75,3,10.1851233356687,11.75,0
222,1,8.75,3,0,0.744890702791717,1
222,1,8.75,3,0.744890702791717,1.31688191650732,1
222,1,8.75,3,1.31688191650732,6.51419040594317,1
222,1,8.75,3,6.51419040594317,8.75,0
223,1,14.75,3,0,10.0871147884578,1
223,1,14.75,3,10.0871147884578,11.4052398798469,1
223,1,14.75,3,11.4052398798469,12.1062853090873,1
223,1,14.75,3,12.1062853090873,14.75,0
224,1,15.75,1,0,1.04471930196051,1
224,1,15.75,1,1.04471930196051,15.75,0
225,1,13.75,11,0,1.77405460267552,1
225,1,13.75,11,1.77405460267552,2.43851077193485,1
225,1,13.75,11,2.43851077193485,2.92073949469567,1
225,1,13.75,11,2.92073949469567,3.12023993212496,1
225,1,13.75,11,3.12023993212496,5.8706605750199,1
225,1,13.75,11,5.8706605750199,5.90088568115211,1
225,1,13.75,11,5.90088568115211,8.14736631782152,1
225,1,13.75,11,8.14736631782152,10.1935482606842,1
225,1,13.75,11,10.1935482606842,10.9536384853284,1
225,1,13.75,11,10.9536384853284,12.9755097085589,1
225,1,13.75,11,12.9755097085589,13.0177146483953,1
225,1,13.75,11,13.0177146483953,13.75,0
226,1,14.75,0,0,14.75,0
227,1,16.75,7,0,0.169768789522935,1
227,1,16.75,7,0.169768789522935,0.537464819904115,1
227,1,16.75,7,0.537464819904115,1.3115796000907,1
227,1,16.75,7,1.3115796000907,4.1907981518403,1
227,1,16.75,7,4.1907981518403,4.63506864805392,1
227,1,16.75,7,4.63506864805392,5.41144187973992,1
227,1,16.75,7,5.41144187973992,12.1747933606264,1
227,1,16.75,7,12.1747933606264,16.75,0
228,1,20.75,7,0,1.91372426881872,1
228,1,20.75,7,1.91372426881872,3.47823854505355,1
228,1,20.75,7,3.47823854505355,4.97362154624044,1
228,1,20.75,7,4.97362154624044,14.9320874105314,1
228,1,20.75,7,14.9320874105314,15.5742936577688,1
228,1,20.75,7,15.5742936577688,19.0426214219272,1
228,1,20.75,7,19.0426214219272,19.2302569573885,1
228,1,20.75,7,19.2302569573885,20.75,0
229,1,18.75,3,0,6.60399911953752,1
229,1,18.75,3,6.60399911953752,9.64225139617283,1
229,1,18.75,3,9.64225139617283,13.9107938252365,1
229,1,18.75,3,13.9107938252365,18.75,0
230,1,13.75,0,0,13.75,0
231,1,14.75,5,0,6.92390935423583,1
231,1,14.75,5,6.92390935423583,9.07175655597874,1
231,1,14.75,5,9.07175655597874,10.6049135588196,1
231,1,14.75,5,10.6049135588196,13.1868012208485,1
231,1,14.75,5,13.1868012208485,13.8957398907619,1
231,1,14.75,5,13.8957398907619,14.75,0
232,1,10.75,0,0,10.75,0
233,1,11.75,4,0,6.7458452033916,1
233,1,11.75,4,6.7458452033916,8.21179611172788,1
233,1,11.75,4,8.21179611172788,8.42312574889619,1
233,1,11.75,4,8.42312574889619,9.52391410096627,1
233,1,11.75,4,9.52391410096627,11.75,0
234,1,13.75,8,0,2.01474226509996,1
234,1,13.75,8,2.01474226509996,5.9588352462414,1
234,1,13.75,8,5.9588352462414,5.97210724157968,1
234,1,13.75,8,5.97210724157968,6.96761682437689,1
234,1,13.75,8,6.96761682437689,8.45654925939817,1
234,1,13.75,8,8.45654925939817,8.78439303390641,1
234,1,13.75,8,8.78439303390641,12.4896836747753,1
234,1,13.75,8,12.4896836747753,13.3517259077658,1
234,1,13.75,8,13.3517259077658,13.75,0
235,1,17.75,6,0,11.5043357722225,1
235,1,17.75,6,11.5043357722225,11.8066394887563,1
235,1,17.75,6,11.8066394887563,12.4357815861199,1
235,1,17.75,6,12.4357815861199,13.6810224125553,1
235,1,17.75,6,13.6810224125553,14.2652090448533,1
235,1,17.75,6,14.2652090448533,16.3965658997613,1
235,1,17.75,6,16.3965658997613,17.75,0
236,1,18.75,4,0,3.14646345522973,1
236,1,18.75,4,3.14646345522973,13.3977347909064,1
236,1,18.75,4,13.3977347909064,16.21915721434,1
236,1,18.75,4,16.21915721434,18.0610370883755,1
236,1,18.75,4,18.0610370883755,18.75,0
237,1,18.75,4,0,1.05252381199402,1
237,1,18.75,4,1.05252381199402,7.85916548801798,1
237,1,18.75,4,7.85916548801798,10.3372467035162,1
237,1,18.75,4,10.3372467035162,13.2516549417562,1
237,1,18.75,4,13.2516549417562,18.75,0
238,1,10.75,1,0,0.450326727765031,1
238,1,10.75,1,0.450326727765031,10.75,0
239,1,16.75,10,0,0.707927944851548,1
239,1,16.75,10,0.707927944851548,2.32160530762776,1
239,1,16.75,10,2.32160530762776,6.6613136678759,1
239,1,16.75,10,6.6613136678759,6.86546128276946,1
239,1,16.75,10,6.86546128276946,9.29040109772527,1
239,1,16.75,10,9.29040109772527,10.028291184703,1
239,1,16.75,10,10.028291184703,10.4888555217026,1
239,1,16.75,10,10.4888555217026,13.0153501732108,1
239,1,16.75,10,13.0153501732108,14.2292851635175,1
239,1,16.75,10,14.2292851635175,15.2218661679803,1
239,1,16.75,10,15.2218661679803,16.75,0
240,1,9.75,0,0,9.75,0
241,1,10.75,3,0,0.775966650019418,1
241,1,10.75,3,0.775966650019418,1.93735025593021,1
241,1,10.75,3,1.93735025593021,9.52252085080204,1
241,1,10.75,3,9.52252085080204,10.75,0
242,1,13.75,1,0,6.23503585583361,1
242,1,13.75,1,6.23503585583361,13.75,0
243,1,15.75,5,0,4.56747514118798,1
243,1,15.75,5,4.56747514118798,4.80854088910293,1
243,1,15.75,5,4.80854088910293,10.565152510314,1
243,1,15.75,5,10.565152510314,12.7802055005299,1
243,1,15.75,5,12.7802055005299,15.5503951363635,1
243,1,15.75,5,15.5503951363635,15.75,0
244,1,14.75,5,0,0.994158078112818,1
244,1,14.75,5,0.994158078112818,6.51517466097968,1
244,1,14.75,5,6.51517466097968,7.57291658144828,1
244,1,14.75,5,7.57291658144828,8.06638110846421,1
244,1,14.75,5,8.06638110846421,12.367816143141,1
244,1,14.75,5,12.367816143141,14.75,0
245,1,11.75,4,0,2.66326743565895,1
245,1,11.75,4,2.66326743565895,6.32928111776145,1
245,1,11.75,4,6.32928111776145,6.92919566194686,1
245,1,11.75,4,6.92919566194686,9.71726786354622,1
245,1,11.75,4,9.71726786354622,11.75,0
246,1,11.75,6,0,2.27375586924181,1
246,1,11.75,6,2.27375586924181,2.50672197736569,1
246,1,11.75,6,2.50672197736569,5.98859314121891,1
246,1,11.75,6,5.98859314121891,11.098167618442,1
246,1,11.75,6,11.098167618442,11.2277791689756,1
246,1,11.75,6,11.2277791689756,11.6988915624654,1
246,1,11.75,6,11.6988915624654,11.75,0
247,1,11.75,3,0,1.90099253282864,1
247,1,11.75,3,1.90099253282864,6.81634054968419,1
247,1,11.75,3,6.81634054968419,7.29157355391755,1
247,1,11.75,3,7.29157355391755,11.75,0
248,1,10.75,4,0,0.441606484185468,1
248,1,10.75,4,0.441606484185468,3.79057549263181,1
248,1,10.75,4,3.79057549263181,4.31033732300034,1
248,1,10.75,4,4.31033732300034,9.16315083656811,1
248,1,10.75,4,9.16315083656811,10.75,0
249,1,17.75,1,0,4.85500650224745,1
249,1,17.75,1,4.85500650224745,17.75,0
250,1,14.75,9,0,0.448410121399854,1
250,1,14.75,9,0.448410121399854,1.64734277491314,1
250,1,14.75,9,1.64734277491314,2.9001106113049,1
250,1,14.75,9,2.9001106113049,3.18213243871869,1
250,1,14.75,9,3.18213243871869,5.40815671412468,1
250,1,14.75,9,5.40815671412468,6.53776146254796,1
250,1,14.75,9,6.53776146254796,8.79342006915834,1
250,1,14.75,9,8.79342006915834,10.9146842427587,1
250,1,14.75,9,10.9146842427587,11.4394234224165,1
250,1,14.75,9,11.4394234224165,14.75,0
251,1,17.75,1,0,11.446110360272,1
251,1,17.75,1,11.446110360272,17.75,0
252,1,16.75,5,0,0.643549582032621,1
252,1,16.75,5,0.643549582032621,6.1327330777375,1
252,1,16.75,5,6.1327330777375,7.24410861403751,1
252,1,16.75,5,7.24410861403751,8.22223030620705,1
252,1,16.75,5,8.22223030620705,10.4773806033991,1
252,1,16.75,5,10.4773806033991,16.75,0
253,1,16.75,7,0,1.385191596727,1
253,1,16.75,7,1.385191596727,1.42793594172212,1
253,1,16.75,7,1.42793594172212,2.25181476309269,1
253,1,16.75,7,2.25181476309269,11.0772662614519,1
253,1,16.75,7,11.0772662614519,11.672463045811,1
253,1,16.75,7,11.672463045811,11.7646975849645,1
253,1,16.75,7,11.7646975849645,15.5489520163374,1
253,1,16.75,7,15.5489520163374,16.75,0
254,1,12.75,1,0,0.940831993634928,1
254,1,12.75,1,0.940831993634928,12.75,0
255,1,8.75,1,0,4.07493382761841,1
255,1,8.75,1,4.07493382761841,8.75,0
256,1,13.75,2,0,3.78090833676884,1
256,1,13.75,2,3.78090833676884,6.12727437586972,1
256,1,13.75,2,6.12727437586972,13.75,0
257,1,13.75,5,0,1.30181986597746,1
257,1,13.75,5,1.30181986597746,4.31628396253078,1
257,1,13.75,5,4.31628396253078,7.04361064051749,1
257,1,13.75,5,7.04361064051749,7.55191844635395,1
257,1,13.75,5,7.55191844635395,10.3358184682407,1
257,1,13.75,5,10.3358184682407,13.75,0
258,1,18.75,7,0,3.5946605912838,1
258,1,18.75,7,3.5946605912838,7.15940554794036,1
258,1,18.75,7,7.15940554794036,7.52432248763489,1
258,1,18.75,7,7.52432248763489,8.12329846351881,1
258,1,18.75,7,8.12329846351881,9.80980569708561,1
258,1,18.75,7,9.80980569708561,11.1961503194135,1
258,1,18.75,7,11.1961503194135,11.9057061806931,1
258,1,18.75,7,11.9057061806931,18.75,0
259,1,9.75,1,0,0.391596260670434,1
259,1,9.75,1,0.391596260670434,9.75,0
260,1,20.75,8,0,5.57298661376674,1
260,1,20.75,8,5.57298661376674,10.6990939173749,1
260,1,20.75,8,10.6990939173749,11.8516727274029,1
260,1,20.75,8,11.8516727274029,13.5766056440427,1
260,1,20.75,8,13.5766056440427,16.2312091897045,1
260,1,20.75,8,16.2312091897045,19.1867493524294,1
260,1,20.75,8,19.1867493524294,19.5930511751598,1
260,1,20.75,8,19.5930511751598,20.5475128347023,1
260,1,20.75,8,20.5475128347023,20.75,0
261,1,9.75,1,0,0.0455843128952365,1
261,1,9.75,1,0.0455843128952365,9.75,0
262,1,15.75,6,0,2.54172499457339,1
262,1,15.75,6,2.54172499457339,6.88672419847494,1
262,1,15.75,6,6.88672419847494,8.11567108843837,1
262,1,15.75,6,8.11567108843837,12.1669715540166,1
262,1,15.75,6,12.1669715540166,12.3893379391761,1
262,1,15.75,6,12.3893379391761,14.6326835393333,1
262,1,15.75,6,14.6326835393333,15.75,0
263,1,16.75,8,0,0.782817505748132,1
263,1,16.75,8,0.782817505748132,1.03334198158887,1
263,1,16.75,8,1.03334198158887,1.88187268282467,1
263,1,16.75,8,1.88187268282467,6.13971801325796,1
263,1,16.75,8,6.13971801325796,6.62879310758118,1
263,1,16.75,8,6.62879310758118,7.68279246290291,1
263,1,16.75,8,7.68279246290291,8.48203354202782,1
263,1,16.75,8,8.48203354202782,15.6030659874666,1
263,1,16.75,8,15.6030659874666,16.75,0
264,1,12.75,0,0,12.75,0
265,1,11.75,3,0,8.70601871874437,1
265,1,11.75,3,8.70601871874437,8.9861844495222,1
265,1,11.75,3,8.9861844495222,9.85491131298397,1
265,1,11.75,3,9.85491131298397,11.75,0
266,1,11.75,7,0,0.562935420351326,1
266,1,11.75,7,0.562935420351326,1.83216635657131,1
266,1,11.75,7,1.83216635657131,4.57811609222296,1
266,1,11.75,7,4.57811609222296,5.06705412684517,1
266,1,11.75,7,5.06705412684517,5.31825613466329,1
266,1,11.75,7,5.31825613466329,6.73288917205568,1
266,1,11.75,7,6.73288917205568,11.6193957324134,1
266,1,11.75,7,11.6193957324134,11.75,0
267,1,17.75,3,0,3.18443829732097,1
267,1,17.75,3,3.18443829732097,4.26917309611814,1
267,1,17.75,3,4.26917309611814,6.61393129953677,1
267,1,17.75,3,6.61393129953677,17.75,0
268,1,14.75,1,0,0.103073642899848,1
268,1,14.75,1,0.103073642899848,14.75,0
269,1,15.75,0,0,15.75,0
270,1,16.75,13,0,1.29324007928066,1
270,1,16.75,13,1.29324007928066,2.07366702235243,1
270,1,16.75,13,2.07366702235243,2.25018861253002,1
270,1,16.75,13,2.25018861253002,2.92552968062628,1
270,1,16.75,13,2.92552968062628,3.69629117809935,1
270,1,16.75,13,3.69629117809935,4.49453619785466,1
270,1,16.75,13,4.49453619785466,6.90734482938963,1
270,1,16.75,13,6.90734482938963,9.31951771309069,1
270,1,16.75,13,9.31951771309069,9.35307874493862,1
270,1,16.75,13,9.35307874493862,11.3637277219191,1
270,1,16.75,13,11.3637277219191,11.4071016964172,1
270,1,16.75,13,11.4071016964172,11.4870474206218,1
270,1,16.75,13,11.4870474206218,13.9585291218819,1
270,1,16.75,13,13.9585291218819,16.75,0
271,1,10.75,2,0,2.27487485445419,1
271,1,10.75,2,2.27487485445419,5.41175980413327,1
271,1,10.75,2,5.41175980413327,10.75,0
272,1,13.75,1,0,6.81693915833237,1
272,1,13.75,1,6.81693915833237,13.75,0
273,1,12.75,4,0,3.90038010493884,1
273,1,12.75,4,3.90038010493884,4.81928491560723,1
273,1,12.75,4,4.81928491560723,4.87384064122312,1
273,1,12.75,4,4.87384064122312,11.4949387303576,1
273,1,12.75,4,11.4949387303576,12.75,0
274,1,13.75,5,0,2.5468488386337,1
274,1,13.75,5,2.5468488386337,6.06187311846552,1
274,1,13.75,5,6.06187311846552,6.94422966500392,1
274,1,13.75,5,6.94422966500392,9.45171743543814,1
274,1,13.75,5,9.45171743543814,12.26988985046,1
274,1,13.75,5,12.26988985046,13.75,0
275,1,13.75,2,0,5.43482886101622,1
275,1,13.75,2,5.43482886101622,9.97585651472288,1
275,1,13.75,2,9.97585651472288,13.75,0
276,1,12.75,3,0,0.564079431783504,1
276,1,12.75,3,0.564079431783504,8.23330249004188,1
276,1,12.75,3,8.23330249004188,9.17401322579085,1
276,1,12.75,3,9.17401322579085,12.75,0
277,1,11.75,3,0,0.792113597266656,1
277,1,11.75,3,0.792113597266656,0.918164399913503,1
277,1,11.75,3,0.918164399913503,2.03975318324668,1
277,1,11.75,3,2.03975318324668,11.75,0
278,1,20.75,5,0,8.00672233058167,1
278,1,20.75,5,8.00672233058167,8.88624909626683,1
278,1,20.75,5,8.88624909626683,13.550614417047,1
278,1,20.75,5,13.550614417047,18.8749691591091,1
278,1,20.75,5,18.8749691591091,20.6991707234168,1
278,1,20.75,5,20.6991707234168,20.75,0
279,1,18.75,4,0,0.366833658440751,1
279,1,18.75,4,0.366833658440751,7.62243698100866,1
279,1,18.75,4,7.62243698100866,7.79568203604919,1
279,1,18.75,4,7.79568203604919,16.1236462708304,1
279,1,18.75,4,16.1236462708304,18.75,0
280,1,8.75,1,0,6.98055091152026,1
280,1,8.75,1,6.98055091152026,8.75,0
281,1,9.75,1,0,4.73795317362835,1
281,1,9.75,1,4.73795317362835,9.75,0
282,1,13.75,2,0,0.516311590616968,1
282,1,13.75,2,0.516311590616968,4.53699698650887,1
282,1,13.75,2,4.53699698650887,13.75,0
283,1,18.75,3,0,8.55326850214079,1
283,1,18.75,3,8.55326850214079,15.6753651844919,1
283,1,18.75,3,15.6753651844919,16.6752279452527,1
283,1,18.75,3,16.6752279452527,18.75,0
284,1,16.75,5,0,0.960313983359035,1
284,1,16.75,5,0.960313983359035,3.82779452859722,1
284,1,16.75,5,3.82779452859722,11.2649021730007,1
284,1,16.75,5,11.2649021730007,12.7628673097611,1
284,1,16.75,5,12.7628673097611,15.4996282835989,1
284,1,16.75,5,15.4996282835989,16.75,0
285,1,9.75,0,0,9.75,0
286,1,8.75,3,0,1.78891633055272,1
286,1,8.75,3,1.78891633055272,2.95749047110612,1
286,1,8.75,3,2.95749047110612,4.64196004170583,1
286,1,8.75,3,4.64196004170583,8.75,0
287,1,8.75,2,0,5.07751235527908,1
287,1,8.75,2,5.07751235527908,8.33102788088822,1
287,1,8.75,2,8.33102788088822,8.75,0
288,1,16.75,6,0,3.25670785681413,1
288,1,16.75,6,3.25670785681413,3.89888216597748,1
288,1,16.75,6,3.89888216597748,7.69316376141919,1
288,1,16.75,6,7.69316376141919,8.85147894516045,1
288,1,16.75,6,8.85147894516045,9.96519633233716,1
288,1,16.75,6,9.96519633233716,11.8492668563651,1
288,1,16.75,6,11.8492668563651,16.75,0
289,1,13.75,6,0,1.07020633476902,1
289,1,13.75,6,1.07020633476902,1.58342562494761,1
289,1,13.75,6,1.58342562494761,5.08735426064341,1
289,1,13.75,6,5.08735426064341,8.74681392187329,1
289,1,13.75,6,8.74681392187329,10.6380452324169,1
289,1,13.75,6,10.6380452324169,12.4410673309276,1
289,1,13.75,6,12.4410673309276,13.75,0
290,1,16.75,5,0,4.54899923572957,1
290,1,16.75,5,4.54899923572957,7.91136085710372,1
290,1,16.75,5,7.91136085710372,10.3423968270634,1
290,1,16.75,5,10.3423968270634,13.0895730508835,1
290,1,16.75,5,13.0895730508835,13.8245600596533,1
290,1,16.75,5,13.8245600596533,16.75,0
291,1,8.75,2,0,0.646405982354521,1
291,1,8.75,2,0.646405982354521,4.96791456404947,1
291,1,8.75,2,4.96791456404947,8.75,0
292,1,11.75,3,0,5.06321795584635,1
292,1,11.75,3,5.06321795584635,8.5352993565013,1
292,1,11.75,3,8.5352993565013,9.75223162050504,1
292,1,11.75,3,9.75223162050504,11.75,0
293,1,8.75,0,0,8.75,0
294,1,8.75,1,0,5.76939050841608,1
294,1,8.75,1,5.76939050841608,8.75,0
295,1,15.75,3,0,9.34171596464915,1
295,1,15.75,3,9.34171596464915,12.057263344129,1
295,1,15.75,3,12.057263344129,15.4746582108322,1
295,1,15.75,3,15.4746582108322,15.75,0
296,1,14.75,6,0,3.97343963350362,1
296,1,14.75,6,3.97343963350362,5.28273210132478,1
296,1,14.75,6,5.28273210132478,8.3396361864725,1
296,1,14.75,6,8.3396361864725,12.0161202649077,1
296,1,14.75,6,12.0161202649077,12.5864490672509,1
296,1,14.75,6,12.5864490672509,14.5922036119184,1
296,1,14.75,6,14.5922036119184,14.75,0
297,1,12.75,3,0,0.185051613287146,1
297,1,12.75,3,0.185051613287146,1.7428965169578,1
297,1,12.75,3,1.7428965169578,6.2335211681208,1
297,1,12.75,3,6.2335211681208,12.75,0
298,1,12.75,9,0,3.196418724798,1
298,1,12.75,9,3.196418724798,4.21407316182935,1
298,1,12.75,9,4.21407316182935,4.4264274786607,1
298,1,12.75,9,4.4264274786607,5.54791490822966,1
298,1,12.75,9,5.54791490822966,6.72959637529931,1
298,1,12.75,9,6.72959637529931,8.05817123252375,1
298,1,12.75,9,8.05817123252375,8.70340109730855,1
298,1,12.75,9,8.70340109730855,9.32614840816175,1
298,1,12.75,9,9.32614840816175,11.5751689150093,1
298,1,12.75,9,11.5751689150093,12.75,0
299,1,18.75,9,0,0.265185761725197,1
299,1,18.75,9,0.265185761725197,3.54474351157559,1
299,1,18.75,9,3.54474351157559,6.0101392039123,1
299,1,18.75,9,6.0101392039123,6.7522086312896,1
299,1,18.75,9,6.7522086312896,7.53614788302648,1
299,1,18.75,9,7.53614788302648,10.5038636481694,1
299,1,18.75,9,10.5038636481694,14.4988786028563,1
299,1,18.75,9,14.4988786028563,14.6510010140505,1
299,1,18.75,9,14.6510010140505,17.6889173150508,1
299,1,18.75,9,17.6889173150508,18.75,0
300,1,17.75,3,0,3.56135641427755,1
300,1,17.75,3,3.56135641427755,9.01951297834461,1
300,1,17.75,3,9.01951297834461,17.048735370995,1
300,1,17.75,3,17.048735370995,17.75,0
301,0,14.75,1,0,2.44553151568281,1
301,0,14.75,1,2.44553151568281,14.75,0
302,0,13.75,1,0,4.47827560903204,1
302,0,13.75,1,4.47827560903204,13.75,0
303,0,11.75,3,0,1.41689198843159,1
303,0,11.75,3,1.41689198843159,2.66275185297044,1
303,0,11.75,3,2.66275185297044,7.52418663741366,1
303,0,11.75,3,7.52418663741366,11.75,0
304,0,14.75,4,0,3.23693215191632,1
304,0,14.75,4,3.23693215191632,6.97627913639425,1
304,0,14.75,4,6.97627913639425,7.8086295243396,1
304,0,14.75,4,7.8086295243396,14.123487899747,1
304,0,14.75,4,14.123487899747,14.75,0
305,0,13.75,2,0,4.71956320549312,1
305,0,13.75,2,4.71956320549312,6.64102259874213,1
305,0,13.75,2,6.64102259874213,13.75,0
306,0,10.75,3,0,4.51271867686248,1
306,0,10.75,3,4.51271867686248,6.35433041299588,1
306,0,10.75,3,6.35433041299588,10.3217207863228,1
306,0,10.75,3,10.3217207863228,10.75,0
307,0,11.75,1,0,6.51375966812368,1
307,0,11.75,1,6.51375966812368,11.75,0
308,0,11.75,2,0,7.4033493226493,1
308,0,11.75,2,7.4033493226493,11.3266042721778,1
308,0,11.75,2,11.3266042721778,11.75,0
309,0,16.75,7,0,1.77160573698179,1
309,0,16.75,7,1.77160573698179,2.96819089970776,1
309,0,16.75,7,2.96819089970776,4.46605670848516,1
309,0,16.75,7,4.46605670848516,10.7092445440834,1
309,0,16.75,7,10.7092445440834,13.3014135095753,1
309,0,16.75,7,13.3014135095753,14.9391940977901,1
309,0,16.75,7,14.9391940977901,16.619126951685,1
309,0,16.75,7,16.619126951685,16.75,0
310,0,16.75,0,0,16.75,0
311,0,8.75,1,0,2.81513928345038,1
311,0,8.75,1,2.81513928345038,8.75,0
312,0,17.75,9,0,4.34922263368507,1
312,0,17.75,9,4.34922263368507,7.89647528547201,1
312,0,17.75,9,7.89647528547201,9.98515981364083,1
312,0,17.75,9,9.98515981364083,10.0920343541539,1
312,0,17.75,9,10.0920343541539,11.0173605306707,1
312,0,17.75,9,11.0173605306707,11.0180902844101,1
312,0,17.75,9,11.0180902844101,11.2619042380197,1
312,0,17.75,9,11.2619042380197,12.8990703023395,1
312,0,17.75,9,12.8990703023395,13.7584580988214,1
312,0,17.75,9,13.7584580988214,17.75,0
313,0,16.75,4,0,1.53353444163783,1
313,0,16.75,4,1.53353444163783,3.11079362038191,1
313,0,16.75,4,3.11079362038191,6.01780128179327,1
313,0,16.75,4,6.01780128179327,9.57700552995335,1
313,0,16.75,4,9.57700552995335,16.75,0
314,0,18.75,6,0,2.01833599876121,1
314,0,18.75,6,2.01833599876121,3.19128253141865,1
314,0,18.75,6,3.19128253141865,7.46912937374145,1
314,0,18.75,6,7.46912937374145,8.26084346554915,1
314,0,18.75,6,8.26084346554915,13.0045780889961,1
314,0,18.75,6,13.0045780889961,17.386177399269,1
314,0,18.75,6,17.386177399269,18.75,0
315,0,8.75,0,0,8.75,0
316,0,11.75,5,0,1.12038954727878,1
316,0,11.75,5,1.12038954727878,3.10580270122484,1
316,0,11.75,5,3.10580270122484,6.78374177827118,1
316,0,11.75,5,6.78374177827118,6.98767922448218,1
316,0,11.75,5,6.98767922448218,9.61337095704921,1
316,0,11.75,5,9.61337095704921,11.75,0
317,0,14.75,1,0,6.63715682636314,1
317,0,14.75,1,6.63715682636314,14.75,0
318,0,10.75,2,0,2.21774122902096,1
318,0,10.75,2,2.21774122902096,9.75480038144438,1
318,0,10.75,2,9.75480038144438,10.75,0
319,0,13.75,1,0,0.690865717014064,1
319,0,13.75,1,0.690865717014064,13.75,0
320,0,15.75,1,0,0.225142297030512,1
320,0,15.75,1,0.225142297030512,15.75,0
321,0,12.75,8,0,1.01619419260908,1
321,0,12.75,8,1.01619419260908,1.61035198650374,1
321,0,12.75,8,1.61035198650374,2.0422291735612,1
321,0,12.75,8,2.0422291735612,2.53755715630278,1
321,0,12.75,8,2.53755715630278,4.17515808512534,1
321,0,12.75,8,4.17515808512534,6.80077757657093,1
321,0,12.75,8,6.80077757657093,7.565085219027,1
321,0,12.75,8,7.565085219027,9.02139698856834,1
321,0,12.75,8,9.02139698856834,12.75,0
322,0,17.75,1,0,15.2671127923821,1
322,0,17.75,1,15.2671127923821,17.75,0
323,0,17.75,6,0,1.39946151291048,1
323,0,17.75,6,1.39946151291048,2.24598000594995,1
323,0,17.75,6,2.24598000594995,2.99658002774772,1
323,0,17.75,6,2.99658002774772,11.4774582049975,1
323,0,17.75,6,11.4774582049975,15.4153067239308,1
323,0,17.75,6,15.4153067239308,17.0646584162181,1
323,0,17.75,6,17.0646584162181,17.75,0
324,0,18.75,5,0,4.53033962042962,1
324,0,18.75,5,4.53033962042962,8.15260754788787,1
324,0,18.75,5,8.15260754788787,8.56708498634696,1
324,0,18.75,5,8.56708498634696,11.3498132168853,1
324,0,18.75,5,11.3498132168853,12.4317452671402,1
324,0,18.75,5,12.4317452671402,18.75,0
325,0,16.75,3,0,6.27965231666855,1
325,0,16.75,3,6.27965231666855,7.50338816684551,1
325,0,16.75,3,7.50338816684551,13.5667886538325,1
325,0,16.75,3,13.5667886538325,16.75,0
326,0,14.75,4,0,1.26583183828608,1
326,0,14.75,4,1.26583183828608,8.81892803503908,1
326,0,14.75,4,8.81892803503908,13.0511223515528,1
326,0,14.75,4,13.0511223515528,14.1723766497469,1
326,0,14.75,4,14.1723766497469,14.75,0
327,0,8.75,1,0,5.35971016303461,1
327,0,8.75,1,5.35971016303461,8.75,0
328,0,11.75,6,0,0.895818691788022,1
328,0,11.75,6,0.895818691788022,2.61530527318353,1
328,0,11.75,6,2.61530527318353,3.34987124826993,1
328,0,11.75,6,3.34987124826993,5.80372349458815,1
328,0,11.75,6,5.80372349458815,7.9713252220273,1
328,0,11.75,6,7.9713252220273,10.2257928716752,1
328,0,11.75,6,10.2257928716752,11.75,0
329,0,14.75,0,0,14.75,0
330,0,14.75,4,0,7.68757066258868,1
330,0,14.75,4,7.68757066258868,9.80851805266348,1
330,0,14.75,4,9.80851805266348,12.045379411615,1
330,0,14.75,4,12.045379411615,13.5947622953299,1
330,0,14.75,4,13.5947622953299,14.75,0
331,0,16.75,0,0,16.75,0
332,0,8.75,0,0,8.75,0
333,0,9.75,3,0,2.19767629453196,1
333,0,9.75,3,2.19767629453196,3.27327469332109,1
333,0,9.75,3,3.27327469332109,4.18879990524112,1
333,0,9.75,3,4.18879990524112,9.75,0
334,0,11.75,4,0,3.19798867899118,1
334,0,11.75,4,3.19798867899118,3.3460626875024,1
334,0,11.75,4,3.3460626875024,5.28981909980469,1
334,0,11.75,4,5.28981909980469,8.32876675904777,1
334,0,11.75,4,8.32876675904777,11.75,0
335,0,12.75,5,0,0.506518581573948,1
335,0,12.75,5,0.506518581573948,1.18324388293569,1
335,0,12.75,5,1.18324388293569,6.31918151666052,1
335,0,12.75,5,6.31918151666052,7.59250191421327,1
335,0,12.75,5,7.59250191421327,10.54615037634,1
335,0,12.75,5,10.54615037634,12.75,0
336,0,9.75,2,0,4.72209848044214,1
336,0,9.75,2,4.72209848044214,5.19449959003774,1
336,0,9.75,2,5.19449959003774,9.75,0
337,0,15.75,1,0,11.2547256812046,1
337,0,15.75,1,11.2547256812046,15.75,0
338,0,19.75,3,0,3.39324743840937,1
338,0,19.75,3,3.39324743840937,6.48355034462566,1
338,0,19.75,3,6.48355034462566,11.7633804092355,1
338,0,19.75,3,11.7633804092355,19.75,0
339,0,17.75,0,0,17.75,0
340,0,13.75,3,0,8.62968896795754,1
340,0,13.75,3,8.62968896795754,9.8037620169429,1
340,0,13.75,3,9.8037620169429,11.3079353223007,1
340,0,13.75,3,11.3079353223007,13.75,0
341,0,13.75,3,0,5.04022632994165,1
341,0,13.75,3,5.04022632994165,7.92543092898948,1
341,0,13.75,3,7.92543092898948,13.3192736032554,1
341,0,13.75,3,13.3192736032554,13.75,0
342,0,14.75,1,0,8.00453766487406,1
342,0,14.75,1,8.00453766487406,14.75,0
343,0,9.75,2,0,4.91577878659653,1
343,0,9.75,2,4.91577878659653,8.4267664585005,1
343,0,9.75,2,8.4267664585005,9.75,0
344,0,18.75,5,0,3.52617659331345,1
344,0,18.75,5,3.52617659331345,3.61266855000443,1
344,0,18.75,5,3.61266855000443,7.30206570833694,1
344,0,18.75,5,7.30206570833694,7.85626921717969,1
344,0,18.75,5,7.85626921717969,16.0686875265985,1
344,0,18.75,5,16.0686875265985,18.75,0
345,0,15.75,1,0,8.66672799715801,1
345,0,15.75,1,8.66672799715801,15.75,0
346,0,18.75,6,0,8.97157809150195,1
346,0,18.75,6,8.97157809150195,13.6479878708622,1
346,0,18.75,6,13.6479878708622,14.4625188452185,1
346,0,18.75,6,14.4625188452185,14.715705502826,1
346,0,18.75,6,14.715705502826,15.2858708087663,1
346,0,18.75,6,15.2858708087663,17.7137876261881,1
346,0,18.75,6,17.7137876261881,18.75,0
347,0,18.75,6,0,4.77369914667614,1
347,0,18.75,6,4.77369914667614,6.27543554529666,1
347,0,18.75,6,6.27543554529666,7.00510439897761,1
347,0,18.75,6,7.00510439897761,12.4773895186202,1
347,0,18.75,6,12.4773895186202,12.9535830859861,1
347,0,18.75,6,12.9535830859861,15.7788393987241,1
347,0,18.75,6,15.7788393987241,18.75,0
348,0,16.75,7,0,3.89892534923209,1
348,0,16.75,7,3.89892534923209,4.25368540634685,1
348,0,16.75,7,4.25368540634685,4.8907603649424,1
348,0,16.75,7,4.8907603649424,6.89256563027524,1
348,0,16.75,7,6.89256563027524,7.29308732987344,1
348,0,16.75,7,7.29308732987344,11.9282958456412,1
348,0,16.75,7,11.9282958456412,12.1907885136783,1
348,0,16.75,7,12.1907885136783,16.75,0
349,0,11.75,3,0,2.12703086293694,1
349,0,11.75,3,2.12703086293694,4.08059377898678,1
349,0,11.75,3,4.08059377898678,9.48239061453873,1
349,0,11.75,3,9.48239061453873,11.75,0
350,0,19.75,1,0,10.8088329801331,1
350,0,19.75,1,10.8088329801331,19.75,0
351,0,18.75,0,0,18.75,0
352,0,18.75,1,0,3.31578412757174,1
352,0,18.75,1,3.31578412757174,18.75,0
353,0,8.75,3,0,4.48578736369265,1
353,0,8.75,3,4.48578736369265,4.97609463594879,1
353,0,8.75,3,4.97609463594879,8.74235165365557,1
353,0,8.75,3,8.74235165365557,8.75,0
354,0,16.75,4,0,2.46875240250988,1
354,0,16.75,4,2.46875240250988,8.24936793233313,1
354,0,16.75,4,8.24936793233313,10.1630713334708,1
354,0,16.75,4,10.1630713334708,14.7944877044798,1
354,0,16.75,4,14.7944877044798,16.75,0
355,0,11.75,1,0,6.55987821995201,1
355,0,11.75,1,6.55987821995201,11.75,0
356,0,16.75,0,0,16.75,0
357,0,14.75,9,0,0.439283510041026,1
357,0,14.75,9,0.439283510041026,0.951752302103737,1
357,0,14.75,9,0.951752302103737,3.12903092077433,1
357,0,14.75,9,3.12903092077433,7.22341190090524,1
357,0,14.75,9,7.22341190090524,9.15001452055134,1
357,0,14.75,9,9.15001452055134,12.215608441534,1
357,0,14.75,9,12.215608441534,12.3947415271332,1
357,0,14.75,9,12.3947415271332,12.6507887993384,1
357,0,14.75,9,12.6507887993384,14.1413353763027,1
357,0,14.75,9,14.1413353763027,14.75,0
358,0,16.75,3,0,0.210067324755349,1
358,0,16.75,3,0.210067324755349,5.08394400697048,1
358,0,16.75,3,5.08394400697048,14.0121921450557,1
358,0,16.75,3,14.0121921450557,16.75,0
359,0,14.75,6,0,2.3831394171252,1
359,0,14.75,6,2.3831394171252,9.2199186152838,1
359,0,14.75,6,9.2199186152838,10.1148210310745,1
359,0,14.75,6,10.1148210310745,13.287447789603,1
359,0,14.75,6,13.287447789603,14.423070576724,1
359,0,14.75,6,14.423070576724,14.5405938800909,1
359,0,14.75,6,14.5405938800909,14.75,0
360,0,13.75,5,0,3.157790272766,1
360,0,13.75,5,3.157790272766,5.03658831004647,1
360,0,13.75,5,5.03658831004647,7.27374263124734,1
360,0,13.75,5,7.27374263124734,10.2609044650758,1
360,0,13.75,5,10.2609044650758,12.4296490041938,1
360,0,13.75,5,12.4296490041938,13.75,0
361,0,12.75,6,0,0.0793735890535825,1
361,0,12.75,6,0.0793735890535825,6.52848224952381,1
361,0,12.75,6,6.52848224952381,6.58234901955319,1
361,0,12.75,6,6.58234901955319,6.85327675188804,1
361,0,12.75,6,6.85327675188804,10.1893049426718,1
361,0,12.75,6,10.1893049426718,12.5668658813219,1
361,0,12.75,6,12.5668658813219,12.75,0
362,0,19.75,7,0,2.79247113255413,1
362,0,19.75,7,2.79247113255413,2.87830279566296,1
362,0,19.75,7,2.87830279566296,10.5898481998444,1
362,0,19.75,7,10.5898481998444,11.7211157030192,1
362,0,19.75,7,11.7211157030192,13.7636125279403,1
362,0,19.75,7,13.7636125279403,14.7787449316697,1
362,0,19.75,7,14.7787449316697,18.3791950053762,1
362,0,19.75,7,18.3791950053762,19.75,0
363,0,18.75,4,0,4.5731173379332,1
363,0,18.75,4,4.5731173379332,13.1897972121698,1
363,0,18.75,4,13.1897972121698,14.9381442567468,1
363,0,18.75,4,14.9381442567468,18.2510859598008,1
363,0,18.75,4,18.2510859598008,18.75,0
364,0,10.75,5,0,0.798971505321249,1
364,0,10.75,5,0.798971505321249,0.989858386693778,1
364,0,10.75,5,0.989858386693778,2.74368155604796,1
364,0,10.75,5,2.74368155604796,4.9395254595834,1
364,0,10.75,5,4.9395254595834,8.56209747241015,1
364,0,10.75,5,8.56209747241015,10.75,0
365,0,8.75,4,0,5.74776021749921,1
365,0,8.75,4,5.74776021749921,6.96080218759108,1
365,0,8.75,4,6.96080218759108,8.10403752415635,1
365,0,8.75,4,8.10403752415635,8.69959909361178,1
365,0,8.75,4,8.69959909361178,8.75,0
366,0,14.75,3,0,0.977388534960369,1
366,0,14.75,3,0.977388534960369,3.28331929950116,1
366,0,14.75,3,3.28331929950116,6.01756010213152,1
366,0,14.75,3,6.01756010213152,14.75,0
367,0,19.75,3,0,7.5683232802252,1
367,0,19.75,3,7.5683232802252,10.0445258940545,1
367,0,19.75,3,10.0445258940545,14.817238876001,1
367,0,19.75,3,14.817238876001,19.75,0
368,0,14.75,0,0,14.75,0
369,0,14.75,2,0,7.03639579058801,1
369,0,14.75,2,7.03639579058801,9.84866169002894,1
369,0,14.75,2,9.84866169002894,14.75,0
370,0,14.75,3,0,4.24005635279264,1
370,0,14.75,3,4.24005635279264,11.7809057257323,1
370,0,14.75,3,11.7809057257323,13.2910659256357,1
370,0,14.75,3,13.2910659256357,14.75,0
371,0,13.75,1,0,5.89213281950262,1
371,0,13.75,1,5.89213281950262,13.75,0
372,0,11.75,7,0,3.68376158839635,1
372,0,11.75,7,3.68376158839635,4.69753904007806,1
372,0,11.75,7,4.69753904007806,4.72980337554205,1
372,0,11.75,7,4.72980337554205,6.04372748941219,1
372,0,11.75,7,6.04372748941219,8.46322697691852,1
372,0,11.75,7,8.46322697691852,10.4529320849742,1
372,0,11.75,7,10.4529320849742,11.1884252442541,1
372,0,11.75,7,11.1884252442541,11.75,0
373,0,10.75,2,0,1.74930127293284,1
373,0,10.75,2,1.74930127293284,3.95434941326775,1
373,0,10.75,2,3.95434941326775,10.75,0
374,0,10.75,2,0,0.916618978679428,1
374,0,10.75,2,0.916618978679428,1.21414208116576,1
374,0,10.75,2,1.21414208116576,10.75,0
375,0,16.75,3,0,10.9707545902167,1
375,0,16.75,3,10.9707545902167,11.9508131257892,1
375,0,16.75,3,11.9508131257892,13.0232274124819,1
375,0,16.75,3,13.0232274124819,16.75,0
376,0,15.75,1,0,11.3297412148029,1
376,0,15.75,1,11.3297412148029,15.75,0
377,0,13.75,13,0,2.05768692768446,1
377,0,13.75,13,2.05768692768446,3.90158197676029,1
377,0,13.75,13,3.90158197676029,4.7210161380206,1
377,0,13.75,13,4.7210161380206,5.40421435607392,1
377,0,13.75,13,5.40421435607392,5.46766591248156,1
377,0,13.75,13,5.46766591248156,6.91393907536879,1
377,0,13.75,13,6.91393907536879,7.83555842896771,1
377,0,13.75,13,7.83555842896771,8.11304277692667,1
377,0,13.75,13,8.11304277692667,8.8619859572842,1
377,0,13.75,13,8.8619859572842,10.1686390316051,1
377,0,13.75,13,10.1686390316051,10.6795327743489,1
377,0,13.75,13,10.6795327743489,13.1674998520263,1
377,0,13.75,13,13.1674998520263,13.3101980312349,1
377,0,13.75,13,13.3101980312349,13.75,0
378,0,11.75,1,0,9.25217782780758,1
378,0,11.75,1,9.25217782780758,11.75,0
379,0,18.75,10,0,1.59929880259615,1
379,0,18.75,10,1.59929880259615,7.93469524026073,1
379,0,18.75,10,7.93469524026073,9.89830198060612,1
379,0,18.75,10,9.89830198060612,10.0878617633753,1
379,0,18.75,10,10.0878617633753,10.7884656908953,1
379,0,18.75,10,10.7884656908953,12.1382334430221,1
379,0,18.75,10,12.1382334430221,13.7664394927714,1
379,0,18.75,10,13.7664394927714,15.152953387274,1
379,0,18.75,10,15.152953387274,15.3353155393872,1
379,0,18.75,10,15.3353155393872,15.7763603556639,1
379,0,18.75,10,15.7763603556639,18.75,0
380,0,10.75,1,0,0.412418320693113,1
380,0,10.75,1,0.412418320693113,10.75,0
381,0,12.75,4,0,2.93935883547589,1
381,0,12.75,4,2.93935883547589,5.54950593250931,1
381,0,12.75,4,5.54950593250931,10.254959617184,1
381,0,12.75,4,10.254959617184,12.4053828675157,1
381,0,12.75,4,12.4053828675157,12.75,0
382,0,13.75,2,0,3.86570102748122,1
382,0,13.75,2,3.86570102748122,13.1479997780576,1
382,0,13.75,2,13.1479997780576,13.75,0
383,0,17.75,6,0,0.77307145797414,1
383,0,17.75,6,0.77307145797414,4.58483516317986,1
383,0,17.75,6,4.58483516317986,6.52535479348784,1
383,0,17.75,6,6.52535479348784,10.833210569587,1
383,0,17.75,6,10.833210569587,14.183821988876,1
383,0,17.75,6,14.183821988876,17.1984844980535,1
383,0,17.75,6,17.1984844980535,17.75,0
384,0,19.75,0,0,19.75,0
385,0,8.75,1,0,3.0953917427218,1
385,0,8.75,1,3.0953917427218,8.75,0
386,0,9.75,0,0,9.75,0
387,0,13.75,2,0,0.262678942075711,1
387,0,13.75,2,0.262678942075711,6.04807680897516,1
387,0,13.75,2,6.04807680897516,13.75,0
388,0,16.75,0,0,16.75,0
389,0,12.75,3,0,0.784736071430321,1
389,0,12.75,3,0.784736071430321,7.77910396926732,1
389,0,12.75,3,7.77910396926732,10.4199408874159,1
389,0,12.75,3,10.4199408874159,12.75,0
390,0,14.75,2,0,4.29031401174794,1
390,0,14.75,2,4.29031401174794,14.4894451211292,1
390,0,14.75,2,14.4894451211292,14.75,0
391,0,11.75,4,0,3.27383175180342,1
391,0,11.75,4,3.27383175180342,3.39726622718699,1
391,0,11.75,4,3.39726622718699,4.22643963517213,1
391,0,11.75,4,4.22643963517213,11.1915533927086,1
391,0,11.75,4,11.1915533927086,11.75,0
392,0,19.75,4,0,0.119759949707091,1
392,0,19.75,4,0.119759949707091,3.65535375712378,1
392,0,19.75,4,3.65535375712378,4.68028151119647,1
392,0,19.75,4,4.68028151119647,9.43424772249141,1
392,0,19.75,4,9.43424772249141,19.75,0
393,0,20.75,6,0,9.80048591886775,1
393,0,20.75,6,9.80048591886775,12.9686914685057,1
393,0,20.75,6,12.9686914685057,15.4966116156361,1
393,0,20.75,6,15.4966116156361,18.2355993114824,1
393,0,20.75,6,18.2355993114824,18.9924071996244,1
393,0,20.75,6,18.9924071996244,20.1585838391205,1
393,0,20.75,6,20.1585838391205,20.75,0
394,0,9.75,1,0,9.5255336581507,1
394,0,9.75,1,9.5255336581507,9.75,0
395,0,13.75,3,0,3.47748655035639,1
395,0,13.75,3,3.47748655035639,4.63143773617398,1
395,0,13.75,3,4.63143773617398,12.9635514822402,1
395,0,13.75,3,12.9635514822402,13.75,0
396,0,12.75,1,0,11.6018454773418,1
396,0,12.75,1,11.6018454773418,12.75,0
397,0,13.75,0,0,13.75,0
398,0,17.75,0,0,17.75,0
399,0,7.75,0,0,7.75,0
400,0,15.75,3,0,6.63153120457341,1
400,0,15.75,3,6.63153120457341,12.1018597232999,1
400,0,15.75,3,12.1018597232999,15.2329558377621,1
400,0,15.75,3,15.2329558377621,15.75,0
401,0,11.75,0,0,11.75,0
402,0,19.75,6,0,4.87669892079544,1
402,0,19.75,6,4.87669892079544,5.64204786414416,1
402,0,19.75,6,5.64204786414416,11.967919352843,1
402,0,19.75,6,11.967919352843,14.0739749617828,1
402,0,19.75,6,14.0739749617828,16.7093703272041,1
402,0,19.75,6,16.7093703272041,18.6697359793046,1
402,0,19.75,6,18.6697359793046,19.75,0
403,0,17.75,6,0,1.51657876435274,1
403,0,17.75,6,1.51657876435274,5.06185701035322,1
403,0,17.75,6,5.06185701035322,6.61730330566679,1
403,0,17.75,6,6.61730330566679,11.1024808748542,1
403,0,17.75,6,11.1024808748542,12.4467020968561,1
403,0,17.75,6,12.4467020968561,17.6508282821729,1
403,0,17.75,6,17.6508282821729,17.75,0
404,0,9.75,0,0,9.75,0
405,0,12.75,2,0,8.80203707423057,1
405,0,12.75,2,8.80203707423057,11.4728432493441,1
405,0,12.75,2,11.4728432493441,12.75,0
406,0,15.75,1,0,1.81471294754138,1
406,0,15.75,1,1.81471294754138,15.75,0
407,0,15.75,2,0,1.10020567262833,1
407,0,15.75,2,1.10020567262833,11.4674783809647,1
407,0,15.75,2,11.4674783809647,15.75,0
408,0,11.75,4,0,3.11734113851906,1
408,0,11.75,4,3.11734113851906,6.14428195494356,1
408,0,11.75,4,6.14428195494356,7.07134100268541,1
408,0,11.75,4,7.07134100268541,10.1730646081876,1
408,0,11.75,4,10.1730646081876,11.75,0
409,0,11.75,1,0,6.26674063012857,1
409,0,11.75,1,6.26674063012857,11.75,0
410,0,15.75,0,0,15.75,0
411,0,10.75,3,0,2.20951549618179,1
411,0,10.75,3,2.20951549618179,5.48130991002465,1
411,0,10.75,3,5.48130991002465,9.15348925790142,1
411,0,10.75,3,9.15348925790142,10.75,0
412,0,11.75,2,0,1.32213522113765,1
412,0,11.75,2,1.32213522113765,9.63399961554472,1
412,0,11.75,2,9.63399961554472,11.75,0
413,0,9.75,1,0,1.13668029807839,1
413,0,9.75,1,1.13668029807839,9.75,0
414,0,15.75,6,0,1.08382121866607,1
414,0,15.75,6,1.08382121866607,8.00947839827304,1
414,0,15.75,6,8.00947839827304,9.97032399389998,1
414,0,15.75,6,9.97032399389998,10.4723708437623,1
414,0,15.75,6,10.4723708437623,13.4379218757792,1
414,0,15.75,6,13.4379218757792,13.7596195336815,1
414,0,15.75,6,13.7596195336815,15.75,0
415,0,15.75,2,0,7.4166064977181,1
415,0,15.75,2,7.4166064977181,10.2347042478743,1
415,0,15.75,2,10.2347042478743,15.75,0
416,0,10.75,2,0,1.26271725306607,1
416,0,10.75,2,1.26271725306607,8.65592115167814,1
416,0,10.75,2,8.65592115167814,10.75,0
417,0,11.75,3,0,9.9848328916162,1
417,0,11.75,3,9.9848328916162,10.6102189572176,1
417,0,11.75,3,10.6102189572176,11.6842278659401,1
417,0,11.75,3,11.6842278659401,11.75,0
418,0,18.75,1,0,15.0432349780551,1
418,0,18.75,1,15.0432349780551,18.75,0
419,0,16.75,2,0,6.96132890817039,1
419,0,16.75,2,6.96132890817039,13.3150603659024,1
419,0,16.75,2,13.3150603659024,16.75,0
420,0,8.75,0,0,8.75,0
421,0,7.75,3,0,1.8493743205551,1
421,0,7.75,3,1.8493743205551,6.2073331333857,1
421,0,7.75,3,6.2073331333857,7.45792100059838,1
421,0,7.75,3,7.45792100059838,7.75,0
422,0,13.75,2,0,1.98513324884816,1
422,0,13.75,2,1.98513324884816,5.53465898487363,1
422,0,13.75,2,5.53465898487363,13.75,0
423,0,14.75,1,0,10.5722822271519,1
423,0,14.75,1,10.5722822271519,14.75,0
424,0,12.75,3,0,1.24765526925769,1
424,0,12.75,3,1.24765526925769,5.30538229696887,1
424,0,12.75,3,5.30538229696887,12.0598027957604,1
424,0,12.75,3,12.0598027957604,12.75,0
425,0,13.75,5,0,5.15073369504903,1
425,0,13.75,5,5.15073369504903,6.20333885514717,1
425,0,13.75,5,6.20333885514717,10.0912880377291,1
425,0,13.75,5,10.0912880377291,10.2702430262111,1
425,0,13.75,5,10.2702430262111,11.8481196472215,1
425,0,13.75,5,11.8481196472215,13.75,0
426,0,12.75,5,0,4.03452526138859,1
426,0,12.75,5,4.03452526138859,4.2333650921313,1
426,0,12.75,5,4.2333650921313,7.65110719715152,1
426,0,12.75,5,7.65110719715152,8.75737271095689,1
426,0,12.75,5,8.75737271095689,10.3867113121816,1
426,0,12.75,5,10.3867113121816,12.75,0
427,0,13.75,3,0,1.9629508078748,1
427,0,13.75,3,1.9629508078748,11.3240951791691,1
427,0,13.75,3,11.3240951791691,12.685711049011,1
427,0,13.75,3,12.685711049011,13.75,0
428,0,11.75,2,0,2.66787740011852,1
428,0,11.75,2,2.66787740011852,9.3428175563283,1
428,0,11.75,2,9.3428175563283,11.75,0
429,0,11.75,2,0,1.12847957976322,1
429,0,11.75,2,1.12847957976322,8.90971026115539,1
429,0,11.75,2,8.90971026115539,11.75,0
430,0,10.75,2,0,3.02573601025825,1
430,0,10.75,2,3.02573601025825,10.0531300827359,1
430,0,10.75,2,10.0531300827359,10.75,0
431,0,12.75,1,0,1.901978290672,1
431,0,12.75,1,1.901978290672,12.75,0
432,0,17.75,3,0,0.941330935670184,1
432,0,17.75,3,0.941330935670184,9.2082164273517,1
432,0,17.75,3,9.2082164273517,14.0715603897768,1
432,0,17.75,3,14.0715603897768,17.75,0
433,0,8.75,0,0,8.75,0
434,0,17.75,0,0,17.75,0
435,0,8.75,0,0,8.75,0
436,0,8.75,1,0,6.70948363098405,1
436,0,8.75,1,6.70948363098405,8.75,0
437,0,10.75,8,0,0.371004265785974,1
437,0,10.75,8,0.371004265785974,1.59567199916107,1
437,0,10.75,8,1.59567199916107,2.47774765058878,1
437,0,10.75,8,2.47774765058878,3.39408378839364,1
437,0,10.75,8,3.39408378839364,4.2681988652027,1
437,0,10.75,8,4.2681988652027,4.54431530497335,1
437,0,10.75,8,4.54431530497335,7.97477836143654,1
437,0,10.75,8,7.97477836143654,8.16907531679152,1
437,0,10.75,8,8.16907531679152,10.75,0
438,0,14.75,2,0,5.98190312759306,1
438,0,14.75,2,5.98190312759306,6.96830784368915,1
438,0,14.75,2,6.96830784368915,14.75,0
439,0,14.75,0,0,14.75,0
440,0,13.75,2,0,10.2126370828234,1
440,0,13.75,2,10.2126370828234,11.8044081230501,1
440,0,13.75,2,11.8044081230501,13.75,0
441,0,12.75,2,0,2.69560003892685,1
441,0,12.75,2,2.69560003892685,4.9716117551439,1
441,0,12.75,2,4.9716117551439,12.75,0
442,0,10.75,5,0,0.460581154920374,1
442,0,10.75,5,0.460581154920374,3.73364974121982,1
442,0,10.75,5,3.73364974121982,3.91233571370387,1
442,0,10.75,5,3.91233571370387,6.04898814353826,1
442,0,10.75,5,6.04898814353826,8.78399348500316,1
442,0,10.75,5,8.78399348500316,10.75,0
443,0,9.75,1,0,5.08236525892283,1
443,0,9.75,1,5.08236525892283,9.75,0
444,0,15.75,2,0,2.94997444152271,1
444,0,15.75,2,2.94997444152271,15.2291493468464,1
444,0,15.75,2,15.2291493468464,15.75,0
445,0,11.75,7,0,3.77712012590124,1
445,0,11.75,7,3.77712012590124,5.13544205740406,1
445,0,11.75,7,5.13544205740406,8.14994473258601,1
445,0,11.75,7,8.14994473258601,8.60011552663673,1
445,0,11.75,7,8.60011552663673,9.28222850175283,1
445,0,11.75,7,9.28222850175283,10.5509236393599,1
445,0,11.75,7,10.5509236393599,11.0164797152814,1
445,0,11.75,7,11.0164797152814,11.75,0
446,0,11.75,2,0,8.57233883612116,1
446,0,11.75,2,8.57233883612116,11.3775012223445,1
446,0,11.75,2,11.3775012223445,11.75,0
447,0,7.75,1,0,4.62400826044589,1
447,0,7.75,1,4.62400826044589,7.75,0
448,0,9.75,0,0,9.75,0
449,0,15.75,2,0,11.0504247544303,1
449,0,15.75,2,11.0504247544303,12.4451375835376,1
449,0,15.75,2,12.4451375835376,15.75,0
450,0,10.75,1,0,9.77493321602026,1
450,0,10.75,1,9.77493321602026,10.75,0
451,0,13.75,2,0,0.989136785782085,1
451,0,13.75,2,0.989136785782085,12.7157855206445,1
451,0,13.75,2,12.7157855206445,13.75,0
452,0,15.75,1,0,12.7797895339472,1
452,0,15.75,1,12.7797895339472,15.75,0
453,0,13.75,3,0,6.35477261530635,1
453,0,13.75,3,6.35477261530635,8.99108067984995,1
453,0,13.75,3,8.99108067984995,9.14386354347518,1
453,0,13.75,3,9.14386354347518,13.75,0
454,0,9.75,1,0,6.66537989555443,1
454,0,9.75,1,6.66537989555443,9.75,0
455,0,13.75,6,0,1.71332290439912,1
455,0,13.75,6,1.71332290439912,1.97802048761337,1
455,0,13.75,6,1.97802048761337,7.60466932790051,1
455,0,13.75,6,7.60466932790051,9.4730108833531,1
455,0,13.75,6,9.4730108833531,12.634940993075,1
455,0,13.75,6,12.634940993075,13.3965655654539,1
455,0,13.75,6,13.3965655654539,13.75,0
456,0,14.75,3,0,1.13790187007255,1
456,0,14.75,3,1.13790187007255,6.20833062318117,1
456,0,14.75,3,6.20833062318117,8.20919717268028,1
456,0,14.75,3,8.20919717268028,14.75,0
457,0,17.75,6,0,0.336436494858861,1
457,0,17.75,6,0.336436494858861,3.66248068259108,1
457,0,17.75,6,3.66248068259108,8.37281334879451,1
457,0,17.75,6,8.37281334879451,8.49098986239703,1
457,0,17.75,6,8.49098986239703,8.89138870806267,1
457,0,17.75,6,8.89138870806267,13.0459754537043,1
457,0,17.75,6,13.0459754537043,17.75,0
458,0,9.75,0,0,9.75,0
459,0,11.75,1,0,10.9585401065731,1
459,0,11.75,1,10.9585401065731,11.75,0
460,0,12.75,0,0,12.75,0
461,0,13.75,0,0,13.75,0
462,0,12.75,1,0,0.639638607804517,1
462,0,12.75,1,0.639638607804517,12.75,0
463,0,10.75,2,0,0.857904871356221,1
463,0,10.75,2,0.857904871356221,8.79145911171656,1
463,0,10.75,2,8.79145911171656,10.75,0
464,0,17.75,1,0,10.0437385263309,1
464,0,17.75,1,10.0437385263309,17.75,0
465,0,11.75,5,0,3.63223153472111,1
465,0,11.75,5,3.63223153472111,7.84477939424645,1
465,0,11.75,5,7.84477939424645,8.16156845539583,1
465,0,11.75,5,8.16156845539583,10.8271354630999,1
465,0,11.75,5,10.8271354630999,11.221010914361,1
465,0,11.75,5,11.221010914361,11.75,0
466,0,12.75,1,0,9.19826819378678,1
466,0,12.75,1,9.19826819378678,12.75,0
467,0,12.75,2,0,9.15200827144684,1
467,0,12.75,2,9.15200827144684,10.9776526245916,1
467,0,12.75,2,10.9776526245916,12.75,0
468,0,11.75,1,0,3.35117207569705,1
468,0,11.75,1,3.35117207569705,11.75,0
469,0,9.75,1,0,5.011843451754,1
469,0,9.75,1,5.011843451754,9.75,0
470,0,20.75,8,0,1.00652097345352,1
470,0,20.75,8,1.00652097345352,3.82823066198791,1
470,0,20.75,8,3.82823066198791,9.68342379466434,1
470,0,20.75,8,9.68342379466434,10.6241704845016,1
470,0,20.75,8,10.6241704845016,11.1983305585709,1
470,0,20.75,8,11.1983305585709,17.3768900516899,1
470,0,20.75,8,17.3768900516899,20.5665192659228,1
470,0,20.75,8,20.5665192659228,20.6225877848045,1
470,0,20.75,8,20.6225877848045,20.75,0
471,0,16.75,4,0,7.69693629171221,1
471,0,16.75,4,7.69693629171221,7.81671427223586,1
471,0,16.75,4,7.81671427223586,9.06617197827062,1
471,0,16.75,4,9.06617197827062,15.9691785791106,1
471,0,16.75,4,15.9691785791106,16.75,0
472,0,11.75,1,0,1.81044852609323,1
472,0,11.75,1,1.81044852609323,11.75,0
473,0,11.75,0,0,11.75,0
474,0,12.75,2,0,1.97524857162374,1
474,0,12.75,2,1.97524857162374,12.5994257776803,1
474,0,12.75,2,12.5994257776803,12.75,0
475,0,20.75,2,0,7.95245858513642,1
475,0,20.75,2,7.95245858513642,19.31318684939,1
475,0,20.75,2,19.31318684939,20.75,0
476,0,7.75,1,0,6.75538787598899,1
476,0,7.75,1,6.75538787598899,7.75,0
477,0,15.75,1,0,6.35814450457907,1
477,0,15.75,1,6.35814450457907,15.75,0
478,0,14.75,8,0,1.38212264074422,1
478,0,14.75,8,1.38212264074422,2.64034279103222,1
478,0,14.75,8,2.64034279103222,2.66583040573849,1
478,0,14.75,8,2.66583040573849,3.3712369948808,1
478,0,14.75,8,3.3712369948808,4.46465959067305,1
478,0,14.75,8,4.46465959067305,4.62839849834951,1
478,0,14.75,8,4.62839849834951,8.09982529779951,1
478,0,14.75,8,8.09982529779951,9.41499398715575,1
478,0,14.75,8,9.41499398715575,14.75,0
479,0,10.75,0,0,10.75,0
480,0,11.75,0,0,11.75,0
481,0,19.75,0,0,19.75,0
482,0,15.75,8,0,1.66637490762576,1
482,0,15.75,8,1.66637490762576,3.04850211167106,1
482,0,15.75,8,3.04850211167106,4.33316454522309,1
482,0,15.75,8,4.33316454522309,5.33763194213509,1
482,0,15.75,8,5.33763194213509,6.31615647552323,1
482,0,15.75,8,6.31615647552323,12.2800322602641,1
482,0,15.75,8,12.2800322602641,12.3219130909652,1
482,0,15.75,8,12.3219130909652,15.5709639021216,1
482,0,15.75,8,15.5709639021216,15.75,0
483,0,15.75,6,0,6.19638010318843,1
483,0,15.75,6,6.19638010318843,9.80745144331637,1
483,0,15.75,6,9.80745144331637,10.8029496975937,1
483,0,15.75,6,10.8029496975937,12.0314781008514,1
483,0,15.75,6,12.0314781008514,12.3480809584324,1
483,0,15.75,6,12.3480809584324,13.5673883586264,1
483,0,15.75,6,13.5673883586264,15.75,0
484,0,19.75,2,0,5.65055751186622,1
484,0,19.75,2,5.65055751186622,13.2506141866016,1
484,0,19.75,2,13.2506141866016,19.75,0
485,0,19.75,2,0,6.50707119548303,1
485,0,19.75,2,6.50707119548303,6.54853916122588,1
485,0,19.75,2,6.54853916122588,19.75,0
486,0,17.75,1,0,2.54422181510713,1
486,0,17.75,1,2.54422181510713,17.75,0
487,0,8.75,0,0,8.75,0
488,0,9.75,1,0,9.45597450910798,1
488,0,9.75,1,9.45597450910798,9.75,0
489,0,20.75,4,0,4.24831193984694,1
489,0,20.75,4,4.24831193984694,10.0431154989635,1
489,0,20.75,4,10.0431154989635,13.0690541076496,1
489,0,20.75,4,13.0690541076496,13.3346731815797,1
489,0,20.75,4,13.3346731815797,20.75,0
490,0,10.75,4,0,1.20641181774913,1
490,0,10.75,4,1.20641181774913,3.67703187967478,1
490,0,10.75,4,3.67703187967478,5.72522704207533,1
490,0,10.75,4,5.72522704207533,8.5817452678273,1
490,0,10.75,4,8.5817452678273,10.75,0
491,0,14.75,2,0,6.47153675799577,1
491,0,14.75,2,6.47153675799577,7.25135025177523,1
491,0,14.75,2,7.25135025177523,14.75,0
492,0,12.75,0,0,12.75,0
493,0,12.75,9,0,1.85978880749948,1
493,0,12.75,9,1.85978880749948,2.88252957051577,1
493,0,12.75,9,2.88252957051577,8.26004956144642,1
493,0,12.75,9,8.26004956144642,9.88666258908342,1
493,0,12.75,9,9.88666258908342,9.91940106144175,1
493,0,12.75,9,9.91940106144175,10.87682342875,1
493,0,12.75,9,10.87682342875,11.052779255161,1
493,0,12.75,9,11.052779255161,11.4175587831034,1
493,0,12.75,9,11.4175587831034,11.7880703561499,1
493,0,12.75,9,11.7880703561499,12.75,0
494,0,7.75,4,0,1.71525825703529,1
494,0,7.75,4,1.71525825703529,4.46030081117081,1
494,0,7.75,4,4.46030081117081,6.3517895507415,1
494,0,7.75,4,6.3517895507415,6.88472798524291,1
494,0,7.75,4,6.88472798524291,7.75,0
495,0,13.75,8,0,5.69993836627183,1
495,0,13.75,8,5.69993836627183,8.32933515518104,1
495,0,13.75,8,8.32933515518104,9.12531287874366,1
495,0,13.75,8,9.12531287874366,9.27622149242041,1
495,0,13.75,8,9.27622149242041,11.154622759007,1
495,0,13.75,8,11.154622759007,11.407438556527,1
495,0,13.75,8,11.407438556527,12.4718292028955,1
495,0,13.75,8,12.4718292028955,13.1024430394904,1
495,0,13.75,8,13.1024430394904,13.75,0
496,0,11.75,1,0,9.52553221865266,1
496,0,11.75,1,9.52553221865266,11.75,0
497,0,11.75,1,0,0.862769523381348,1
497,0,11.75,1,0.862769523381348,11.75,0
498,0,19.75,9,0,1.21645878652898,1
498,0,19.75,9,1.21645878652898,2.02705890756356,1
498,0,19.75,9,2.02705890756356,5.21993927425503,1
498,0,19.75,9,5.21993927425503,6.09432779876438,1
498,0,19.75,9,6.09432779876438,6.57235968115933,1
498,0,19.75,9,6.57235968115933,6.85999117451115,1
498,0,19.75,9,6.85999117451115,7.41298532677743,1
498,0,19.75,9,7.41298532677743,8.68108736933136,1
498,0,19.75,9,8.68108736933136,11.2228159403006,1
498,0,19.75,9,11.2228159403006,19.75,0
499,0,15.75,9,0,0.626882091593442,1
499,0,15.75,9,0.626882091593442,5.7468173200678,1
499,0,15.75,9,5.7468173200678,7.19314446036381,1
499,0,15.75,9,7.19314446036381,10.252044347134,1
499,0,15.75,9,10.252044347134,10.3332731805047,1
499,0,15.75,9,10.3332731805047,10.4296231239028,1
499,0,15.75,9,10.4296231239028,14.0314124806031,1
499,0,15.75,9,14.0314124806031,15.080677882388,1
499,0,15.75,9,15.080677882388,15.4095884847388,1
499,0,15.75,9,15.4095884847388,15.75,0
500,0,11.75,0,0,11.75,0
501,0,8.75,1,0,6.46928322160906,1
501,0,8.75,1,6.46928322160906,8.75,0
502,0,9.75,0,0,9.75,0
503,0,11.75,0,0,11.75,0
504,0,11.75,4,0,5.29264231885506,1
504,0,11.75,4,5.29264231885506,6.95555281538581,1
504,0,11.75,4,6.95555281538581,9.87535274907574,1
504,0,11.75,4,9.87535274907574,11.4920990399849,1
504,0,11.75,4,11.4920990399849,11.75,0
505,0,13.75,0,0,13.75,0
506,0,10.75,1,0,5.3304103312186,1
506,0,10.75,1,5.3304103312186,10.75,0
507,0,17.75,1,0,2.19624029801868,1
507,0,17.75,1,2.19624029801868,17.75,0
508,0,9.75,2,0,4.21662153841525,1
508,0,9.75,2,4.21662153841525,7.37796313455312,1
508,0,9.75,2,7.37796313455312,9.75,0
509,0,8.75,0,0,8.75,0
510,0,12.75,6,0,0.729757758638605,1
510,0,12.75,6,0.729757758638605,1.17807697821661,1
510,0,12.75,6,1.17807697821661,2.08644219086172,1
510,0,12.75,6,2.08644219086172,3.61306930010258,1
510,0,12.75,6,3.61306930010258,5.33606540707494,1
510,0,12.75,6,5.33606540707494,6.29292806045489,1
510,0,12.75,6,6.29292806045489,12.75,0
511,0,13.75,4,0,2.07271420677231,1
511,0,13.75,4,2.07271420677231,4.55386541258,1
511,0,13.75,4,4.55386541258,11.7294207249296,1
511,0,13.75,4,11.7294207249296,12.8747607249766,1
511,0,13.75,4,12.8747607249766,13.75,0
512,0,12.75,0,0,12.75,0
513,0,19.75,3,0,0.0267801447167527,1
513,0,19.75,3,0.0267801447167527,15.1057845199924,1
513,0,19.75,3,15.1057845199924,18.976230005643,1
513,0,19.75,3,18.976230005643,19.75,0
514,0,9.75,5,0,2.39178679294541,1
514,0,9.75,5,2.39178679294541,4.24962208940477,1
514,0,9.75,5,4.24962208940477,5.29208924827973,1
514,0,9.75,5,5.29208924827973,6.84486428851045,1
514,0,9.75,5,6.84486428851045,7.12477230272385,1
514,0,9.75,5,7.12477230272385,9.75,0
515,0,10.75,1,0,6.2362299017304,1
515,0,10.75,1,6.2362299017304,10.75,0
516,0,14.75,0,0,14.75,0
517,0,10.75,2,0,3.08278465601909,1
517,0,10.75,2,3.08278465601909,6.23948779697788,1
517,0,10.75,2,6.23948779697788,10.75,0
518,0,14.75,1,0,13.1370265456572,1
518,0,14.75,1,13.1370265456572,14.75,0
519,0,9.75,8,0,2.05860185773537,1
519,0,9.75,8,2.05860185773537,2.11717073979129,1
519,0,9.75,8,2.11717073979129,3.66122094392638,1
519,0,9.75,8,3.66122094392638,5.09041458241896,1
519,0,9.75,8,5.09041458241896,7.90948989073802,1
519,0,9.75,8,7.90948989073802,8.0428288705184,1
519,0,9.75,8,8.0428288705184,8.21318672973326,1
519,0,9.75,8,8.21318672973326,8.38997513351968,1
519,0,9.75,8,8.38997513351968,9.75,0
520,0,7.75,0,0,7.75,0
521,0,14.75,0,0,14.75,0
522,0,17.75,2,0,2.96064482831841,1
522,0,17.75,2,2.96064482831841,4.43682103176689,1
522,0,17.75,2,4.43682103176689,17.75,0
523,0,12.75,1,0,8.60196478685405,1
523,0,12.75,1,8.60196478685405,12.75,0
524,0,16.75,1,0,10.0417825501099,1
524,0,16.75,1,10.0417825501099,16.75,0
525,0,12.75,4,0,2.05854842345506,1
525,0,12.75,4,2.05854842345506,4.37012369271183,1
525,0,12.75,4,4.37012369271183,6.52543992548727,1
525,0,12.75,4,6.52543992548727,8.31222506233732,1
525,0,12.75,4,8.31222506233732,12.75,0
526,0,16.75,1,0,1.86124949547884,1
526,0,16.75,1,1.86124949547884,16.75,0
527,0,19.75,6,0,0.611779319374993,1
527,0,19.75,6,0.611779319374993,9.1837956447378,1
527,0,19.75,6,9.1837956447378,10.5172742490093,1
527,0,19.75,6,10.5172742490093,13.6465364780057,1
527,0,19.75,6,13.6465364780057,17.1324237288758,1
527,0,19.75,6,17.1324237288758,19.6386351348413,1
527,0,19.75,6,19.6386351348413,19.75,0
528,0,10.75,2,0,1.5876112593429,1
528,0,10.75,2,1.5876112593429,10.5804429950585,1
528,0,10.75,2,10.5804429950585,10.75,0
529,0,14.75,1,0,3.35351184365719,1
529,0,14.75,1,3.35351184365719,14.75,0
530,0,16.75,1,0,16.5025407764591,1
530,0,16.75,1,16.5025407764591,16.75,0
531,0,9.75,2,0,7.39764878392515,1
531,0,9.75,2,7.39764878392515,8.7573302574886,1
531,0,9.75,2,8.7573302574886,9.75,0
532,0,17.75,15,0,0.5751386442174,1
532,0,17.75,15,0.5751386442174,1.89390725301643,1
532,0,17.75,15,1.89390725301643,5.94107301597744,1
532,0,17.75,15,5.94107301597744,7.13422644504454,1
532,0,17.75,15,7.13422644504454,7.56396804957358,1
532,0,17.75,15,7.56396804957358,7.71417321965188,1
532,0,17.75,15,7.71417321965188,8.12415447592683,1
532,0,17.75,15,8.12415447592683,11.2288027157636,1
532,0,17.75,15,11.2288027157636,11.9087922959127,1
532,0,17.75,15,11.9087922959127,13.0838686574825,1
532,0,17.75,15,13.0838686574825,14.2601616825901,1
532,0,17.75,15,14.2601616825901,15.2027978588606,1
532,0,17.75,15,15.2027978588606,15.6498591508562,1
532,0,17.75,15,15.6498591508562,16.963098069141,1
532,0,17.75,15,16.963098069141,17.6572477371935,1
532,0,17.75,15,17.6572477371935,17.75,0
533,0,9.75,4,0,2.22580613282005,1
533,0,9.75,4,2.22580613282005,7.58993059671138,1
533,0,9.75,4,7.58993059671138,7.85367576419845,1
533,0,9.75,4,7.85367576419845,8.69710808185538,1
533,0,9.75,4,8.69710808185538,9.75,0
534,0,15.75,4,0,6.75182241006519,1
534,0,15.75,4,6.75182241006519,9.73845400398572,1
534,0,15.75,4,9.73845400398572,12.2666460617422,1
534,0,15.75,4,12.2666460617422,12.7507271317759,1
534,0,15.75,4,12.7507271317759,15.75,0
535,0,16.75,3,0,8.53965238409961,1
535,0,16.75,3,8.53965238409961,10.8947202267241,1
535,0,16.75,3,10.8947202267241,12.1204898749527,1
535,0,16.75,3,12.1204898749527,16.75,0
536,0,13.75,1,0,12.8398055335152,1
536,0,13.75,1,12.8398055335152,13.75,0
537,0,11.75,1,0,11.5410736426957,1
537,0,11.75,1,11.5410736426957,11.75,0
538,0,11.75,0,0,11.75,0
539,0,11.75,4,0,0.6445566458066,1
539,0,11.75,4,0.6445566458066,1.2054822206616,1
539,0,11.75,4,1.2054822206616,2.12626277208349,1
539,0,11.75,4,2.12626277208349,7.35070364508699,1
539,0,11.75,4,7.35070364508699,11.75,0
540,0,16.75,0,0,16.75,0
541,0,15.75,2,0,3.00594681789729,1
541,0,15.75,2,3.00594681789729,7.85002212593979,1
541,0,15.75,2,7.85002212593979,15.75,0
542,0,17.75,7,0,1.03194270499249,1
542,0,17.75,7,1.03194270499249,2.37802802521712,1
542,0,17.75,7,2.37802802521712,3.35397811329902,1
542,0,17.75,7,3.35397811329902,5.74949561741987,1
542,0,17.75,7,5.74949561741987,11.8882726090924,1
542,0,17.75,7,11.8882726090924,12.7372211558047,1
542,0,17.75,7,12.7372211558047,14.0894275149241,1
542,0,17.75,7,14.0894275149241,17.75,0
543,0,19.75,1,0,18.2431320937667,1
543,0,19.75,1,18.2431320937667,19.75,0
544,0,11.75,5,0,8.06577688590402,1
544,0,11.75,5,8.06577688590402,9.21056162847757,1
544,0,11.75,5,9.21056162847757,9.93432536269051,1
544,0,11.75,5,9.93432536269051,11.274324115386,1
544,0,11.75,5,11.274324115386,11.3429169614714,1
544,0,11.75,5,11.3429169614714,11.75,0
545,0,8.75,3,0,3.41033862427561,1
545,0,8.75,3,3.41033862427561,7.17153395879879,1
545,0,8.75,3,7.17153395879879,7.61879654548444,1
545,0,8.75,3,7.61879654548444,8.75,0
546,0,15.75,9,0,0.884111503139239,1
546,0,15.75,9,0.884111503139239,3.38117782123997,1
546,0,15.75,9,3.38117782123997,4.66914661663259,1
546,0,15.75,9,4.66914661663259,5.16329174582851,1
546,0,15.75,9,5.16329174582851,6.64384259662517,1
546,0,15.75,9,6.64384259662517,6.81212247418943,1
546,0,15.75,9,6.81212247418943,8.24147297456907,1
546,0,15.75,9,8.24147297456907,8.58717723271456,1
546,0,15.75,9,8.58717723271456,11.4303196409246,1
546,0,15.75,9,11.4303196409246,15.75,0
547,0,15.75,1,0,1.89890228717301,1
547,0,15.75,1,1.89890228717301,15.75,0
548,0,19.75,8,0,4.80645191064376,1
548,0,19.75,8,4.80645191064376,6.86323968820074,1
548,0,19.75,8,6.86323968820074,6.98213945493692,1
548,0,19.75,8,6.98213945493692,7.52864692146007,1
548,0,19.75,8,7.52864692146007,10.9286432788371,1
548,0,19.75,8,10.9286432788371,11.21181789173,1
548,0,19.75,8,11.21181789173,12.2417574171296,1
548,0,19.75,8,12.2417574171296,13.000797956577,1
548,0,19.75,8,13.000797956577,19.75,0
549,0,15.75,3,0,3.03045595595851,1
549,0,15.75,3,3.03045595595851,4.83945044172092,1
549,0,15.75,3,4.83945044172092,7.16351887059154,1
549,0,15.75,3,7.16351887059154,15.75,0
550,0,12.75,3,0,3.71976650063426,1
550,0,12.75,3,3.71976650063426,7.82541844334417,1
550,0,12.75,3,7.82541844334417,11.8607663736283,1
550,0,12.75,3,11.8607663736283,12.75,0
551,0,17.75,2,0,10.4975828806314,1
551,0,17.75,2,10.4975828806314,16.2836714338256,1
551,0,17.75,2,16.2836714338256,17.75,0
552,0,7.75,4,0,1.49494851658924,1
552,0,7.75,4,1.49494851658924,3.38657351412003,1
552,0,7.75,4,3.38657351412003,4.83786090703931,1
552,0,7.75,4,4.83786090703931,7.03762924922231,1
552,0,7.75,4,7.03762924922231,7.75,0
553,0,12.75,1,0,9.35146204750039,1
553,0,12.75,1,9.35146204750039,12.75,0
554,0,16.75,0,0,16.75,0
555,0,13.75,0,0,13.75,0
556,0,17.75,6,0,0.62981528736801,1
556,0,17.75,6,0.62981528736801,1.47078658596635,1
556,0,17.75,6,1.47078658596635,4.06104365961362,1
556,0,17.75,6,4.06104365961362,11.1954173378603,1
556,0,17.75,6,11.1954173378603,13.9736484940005,1
556,0,17.75,6,13.9736484940005,17.6328488429984,1
556,0,17.75,6,17.6328488429984,17.75,0
557,0,15.75,3,0,2.79518533555206,1
557,0,15.75,3,2.79518533555206,6.85675515698273,1
557,0,15.75,3,6.85675515698273,11.8928237465438,1
557,0,15.75,3,11.8928237465438,15.75,0
558,0,12.75,1,0,1.3718012462259,1
558,0,12.75,1,1.3718012462259,12.75,0
559,0,8.75,7,0,0.479300632499413,1
559,0,8.75,7,0.479300632499413,1.86469362883566,1
559,0,8.75,7,1.86469362883566,3.05827083007669,1
559,0,8.75,7,3.05827083007669,3.10084963745775,1
559,0,8.75,7,3.10084963745775,4.88497178536864,1
559,0,8.75,7,4.88497178536864,6.42603150967883,1
559,0,8.75,7,6.42603150967883,6.46769602222229,1
559,0,8.75,7,6.46769602222229,8.75,0
560,0,9.75,2,0,7.60489892057959,1
560,0,9.75,2,7.60489892057959,8.63209945948905,1
560,0,9.75,2,8.63209945948905,9.75,0
561,0,18.75,4,0,3.19355254352244,1
561,0,18.75,4,3.19355254352244,3.41573082124852,1
561,0,18.75,4,3.41573082124852,14.5383520602914,1
561,0,18.75,4,14.5383520602914,15.4451145727679,1
561,0,18.75,4,15.4451145727679,18.75,0
562,0,15.75,1,0,8.88563689845685,1
562,0,15.75,1,8.88563689845685,15.75,0
563,0,18.75,4,0,1.74480256347619,1
563,0,18.75,4,1.74480256347619,3.70275304482643,1
563,0,18.75,4,3.70275304482643,14.8177541720736,1
563,0,18.75,4,14.8177541720736,16.2716126057951,1
563,0,18.75,4,16.2716126057951,18.75,0
564,0,15.75,4,0,6.11988860845626,1
564,0,15.75,4,6.11988860845626,6.77475081317116,1
564,0,15.75,4,6.77475081317116,8.08650419684215,1
564,0,15.75,4,8.08650419684215,13.451419000397,1
564,0,15.75,4,13.451419000397,15.75,0
565,0,15.75,6,0,0.892793781433229,1
565,0,15.75,6,0.892793781433229,8.20025463463659,1
565,0,15.75,6,8.20025463463659,9.10296418499732,1
565,0,15.75,6,9.10296418499732,11.9459192216297,1
565,0,15.75,6,11.9459192216297,12.0358849278565,1
565,0,15.75,6,12.0358849278565,13.5363045546328,1
565,0,15.75,6,13.5363045546328,15.75,0
566,0,15.75,0,0,15.75,0
567,0,15.75,5,0,3.06563740466974,1
567,0,15.75,5,3.06563740466974,5.92371265028969,1
567,0,15.75,5,5.92371265028969,6.01788538427023,1
567,0,15.75,5,6.01788538427023,10.1900181927954,1
567,0,15.75,5,10.1900181927954,12.4412228640838,1
567,0,15.75,5,12.4412228640838,15.75,0
568,0,12.75,1,0,1.73374846332536,1
568,0,12.75,1,1.73374846332536,12.75,0
569,0,15.75,14,0,0.144783686809273,1
569,0,15.75,14,0.144783686809273,0.755394296246504,1
569,0,15.75,14,0.755394296246504,1.38962799349949,1
569,0,15.75,14,1.38962799349949,3.23980633377513,1
569,0,15.75,14,3.23980633377513,4.90657902043086,1
569,0,15.75,14,4.90657902043086,5.62082955472915,1
569,0,15.75,14,5.62082955472915,5.66526302673625,1
569,0,15.75,14,5.66526302673625,6.14005458229436,1
569,0,15.75,14,6.14005458229436,6.75843223317375,1
569,0,15.75,14,6.75843223317375,7.30808504824076,1
569,0,15.75,14,7.30808504824076,11.3893368834732,1
569,0,15.75,14,11.3893368834732,11.8670419613594,1
569,0,15.75,14,11.8670419613594,12.4957251328593,1
569,0,15.75,14,12.4957251328593,13.2094961434902,1
569,0,15.75,14,13.2094961434902,15.75,0
570,0,14.75,1,0,11.832994059767,1
570,0,14.75,1,11.832994059767,14.75,0
571,0,11.75,1,0,2.57002946015522,1
571,0,11.75,1,2.57002946015522,11.75,0
572,0,17.75,5,0,3.41712193228247,1
572,0,17.75,5,3.41712193228247,6.03508963739413,1
572,0,17.75,5,6.03508963739413,10.4911311534105,1
572,0,17.75,5,10.4911311534105,15.3996733774918,1
572,0,17.75,5,15.3996733774918,17.0446939738518,1
572,0,17.75,5,17.0446939738518,17.75,0
573,0,10.75,1,0,7.44664125063662,1
573,0,10.75,1,7.44664125063662,10.75,0
574,0,8.75,2,0,1.70183444075193,1
574,0,8.75,2,1.70183444075193,6.44015264989932,1
574,0,8.75,2,6.44015264989932,8.75,0
575,0,9.75,2,0,0.209342694031856,1
575,0,9.75,2,0.209342694031856,4.63142014281825,1
575,0,9.75,2,4.63142014281825,9.75,0
576,0,19.75,2,0,15.3736472837862,1
576,0,19.75,2,15.3736472837862,18.2636132931383,1
576,0,19.75,2,18.2636132931383,19.75,0
577,0,10.75,4,0,2.55385053173278,1
577,0,10.75,4,2.55385053173278,4.53109571859306,1
577,0,10.75,4,4.53109571859306,5.79200452431125,1
577,0,10.75,4,5.79200452431125,7.40703163981095,1
577,0,10.75,4,7.40703163981095,10.75,0
578,0,13.75,4,0,3.44477495185084,1
578,0,13.75,4,3.44477495185084,6.4345586926038,1
578,0,13.75,4,6.4345586926038,6.75841725209018,1
578,0,13.75,4,6.75841725209018,13.0337312064656,1
578,0,13.75,4,13.0337312064656,13.75,0
579,0,10.75,0,0,10.75,0
580,0,9.75,6,0,2.85222619302365,1
580,0,9.75,6,2.85222619302365,3.08360226676712,1
580,0,9.75,6,3.08360226676712,3.53710449753746,1
580,0,9.75,6,3.53710449753746,6.77591478161737,1
580,0,9.75,6,6.77591478161737,8.01216330841783,1
580,0,9.75,6,8.01216330841783,8.33549807358361,1
580,0,9.75,6,8.33549807358361,9.75,0
581,0,9.75,1,0,2.19492797439221,1
581,0,9.75,1,2.19492797439221,9.75,0
582,0,9.75,0,0,9.75,0
583,0,15.75,2,0,0.75280619408639,1
583,0,15.75,2,0.75280619408639,1.65802675251912,1
583,0,15.75,2,1.65802675251912,15.75,0
584,0,12.75,2,0,1.70532916060291,1
584,0,12.75,2,1.70532916060291,5.75606165886554,1
584,0,12.75,2,5.75606165886554,12.75,0
585,0,10.75,1,0,3.97510929484277,1
585,0,10.75,1,3.97510929484277,10.75,0
586,0,12.75,3,0,9.15456515751376,1
586,0,12.75,3,9.15456515751376,9.63850671883608,1
586,0,12.75,3,9.63850671883608,9.99741136290344,1
586,0,12.75,3,9.99741136290344,12.75,0
587,0,8.75,1,0,4.94860707933737,1
587,0,8.75,1,4.94860707933737,8.75,0
588,0,10.75,3,0,3.00312159777132,1
588,0,10.75,3,3.00312159777132,4.79026349617662,1
588,0,10.75,3,4.79026349617662,8.34042180190157,1
588,0,10.75,3,8.34042180190157,10.75,0
589,0,16.75,16,0,2.06694418294731,1
589,0,16.75,16,2.06694418294731,3.3008247413743,1
589,0,16.75,16,3.3008247413743,4.25391066837235,1
589,0,16.75,16,4.25391066837235,4.39066568557064,1
589,0,16.75,16,4.39066568557064,6.54182080391517,1
589,0,16.75,16,6.54182080391517,7.3208006125481,1
589,0,16.75,16,7.3208006125481,8.33894093222256,1
589,0,16.75,16,8.33894093222256,9.11768348476398,1
589,0,16.75,16,9.11768348476398,9.79912953732463,1
589,0,16.75,16,9.79912953732463,10.7915051366341,1
589,0,16.75,16,10.7915051366341,11.4296787521411,1
589,0,16.75,16,11.4296787521411,12.6682355992097,1
589,0,16.75,16,12.6682355992097,14.1102232344406,1
589,0,16.75,16,14.1102232344406,14.1511701643838,1
589,0,16.75,16,14.1511701643838,15.3229613493079,1
589,0,16.75,16,15.3229613493079,16.5674614259013,1
589,0,16.75,16,16.5674614259013,16.75,0
590,0,11.75,5,0,3.67366428208683,1
590,0,11.75,5,3.67366428208683,6.22825824110841,1
590,0,11.75,5,6.22825824110841,7.96233250067201,1
590,0,11.75,5,7.96233250067201,8.83835255841004,1
590,0,11.75,5,8.83835255841004,9.18179640619404,1
590,0,11.75,5,9.18179640619404,11.75,0
591,0,17.75,5,0,2.32034445123718,1
591,0,17.75,5,2.32034445123718,2.54544741633539,1
591,0,17.75,5,2.54544741633539,3.73805661590527,1
591,0,17.75,5,3.73805661590527,11.5970433058685,1
591,0,17.75,5,11.5970433058685,13.4539597645811,1
591,0,17.75,5,13.4539597645811,17.75,0
592,0,20.75,11,0,0.240798833625205,1
592,0,20.75,11,0.240798833625205,4.02460492375062,1
592,0,20.75,11,4.02460492375062,4.14083778097635,1
592,0,20.75,11,4.14083778097635,4.91765654857891,1
592,0,20.75,11,4.91765654857891,5.19215225174888,1
592,0,20.75,11,5.19215225174888,8.56169120523882,1
592,0,20.75,11,8.56169120523882,9.90894069429359,1
592,0,20.75,11,9.90894069429359,15.6595040755606,1
592,0,20.75,11,15.6595040755606,16.0463888949798,1
592,0,20.75,11,16.0463888949798,17.772587378533,1
592,0,20.75,11,17.772587378533,17.9414662999336,1
592,0,20.75,11,17.9414662999336,20.75,0
593,0,7.75,1,0,1.49645431446278,1
593,0,7.75,1,1.49645431446278,7.75,0
594,0,10.75,2,0,5.05472714888943,1
594,0,10.75,2,5.05472714888943,7.35186088358823,1
594,0,10.75,2,7.35186088358823,10.75,0
595,0,16.75,5,0,6.78736223555414,1
595,0,16.75,5,6.78736223555414,9.59216630958388,1
595,0,16.75,5,9.59216630958388,11.2885780941797,1
595,0,16.75,5,11.2885780941797,12.2868332153349,1
595,0,16.75,5,12.2868332153349,15.9408162589003,1
595,0,16.75,5,15.9408162589003,16.75,0
596,0,14.75,3,0,1.15818119502952,1
596,0,14.75,3,1.15818119502952,3.8905912380014,1
596,0,14.75,3,3.8905912380014,14.6642530683129,1
596,0,14.75,3,14.6642530683129,14.75,0
597,0,13.75,2,0,9.53173927176767,1
597,0,13.75,2,9.53173927176767,9.71753655027145,1
597,0,13.75,2,9.71753655027145,13.75,0
598,0,17.75,6,0,1.98662493791881,1
598,0,17.75,6,1.98662493791881,4.56724147180569,1
598,0,17.75,6,4.56724147180569,5.05035559791315,1
598,0,17.75,6,5.05035559791315,11.3903593990788,1
598,0,17.75,6,11.3903593990788,13.8182970920765,1
598,0,17.75,6,13.8182970920765,16.4558089840687,1
598,0,17.75,6,16.4558089840687,17.75,0
599,0,13.75,7,0,0.705917555278816,1
599,0,13.75,7,0.705917555278816,5.07748214765294,1
599,0,13.75,7,5.07748214765294,7.87284357201495,1
599,0,13.75,7,7.87284357201495,9.65547856311234,1
599,0,13.75,7,9.65547856311234,9.77480550343278,1
599,0,13.75,7,9.77480550343278,12.5051853720646,1
599,0,13.75,7,12.5051853720646,13.6757352896018,1
599,0,13.75,7,13.6757352896018,13.75,0
600,0,15.75,2,0,2.58843281097507,1
600,0,15.75,2,2.58843281097507,5.1942378006179,1
600,0,15.75,2,5.1942378006179,15.75,0
