"id","xi","Tei","n.rec","start","stop","status"
1,1,17.75,81,0,2.34576429685918,1
1,1,17.75,81,2.34576429685918,4.41834519172595,1
1,1,17.75,81,4.41834519172595,5.13460275915519,1
1,1,17.75,81,5.13460275915519,5.78598949916132,1
1,1,17.75,81,5.78598949916132,6.7020434912261,1
1,1,17.75,81,6.7020434912261,6.93052315918249,1
1,1,17.75,81,6.93052315918249,7.6436678078545,1
1,1,17.75,81,7.6436678078545,8.2681281247012,1
1,1,17.75,81,8.2681281247012,8.33912978649768,1
1,1,17.75,81,8.33912978649768,8.49436101174017,1
1,1,17.75,81,8.49436101174017,9.21790693633831,1
1,1,17.75,81,9.21790693633831,9.34597497196052,1
1,1,17.75,81,9.34597497196052,9.65335407325776,1
1,1,17.75,81,9.65335407325776,9.78491023640074,1
1,1,17.75,81,9.78491023640074,9.90996115730209,1
1,1,17.75,81,9.90996115730209,10.2218338953767,1
1,1,17.75,81,10.2218338953767,10.2547435332414,1
1,1,17.75,81,10.2547435332414,10.6818029745136,1
1,1,17.75,81,10.6818029745136,10.8765617393496,1
1,1,17.75,81,10.8765617393496,11.0726907050978,1
1,1,17.75,81,11.0726907050978,11.096915239742,1
1,1,17.75,81,11.096915239742,11.165968623371,1
1,1,17.75,81,11.165968623371,11.5635594392748,1
1,1,17.75,81,11.5635594392748,11.6557213239861,1
1,1,17.75,81,11.6557213239861,11.6958163682637,1
1,1,17.75,81,11.6958163682637,11.9446733485135,1
1,1,17.75,81,11.9446733485135,12.1569064673124,1
1,1,17.75,81,12.1569064673124,12.2240281198815,1
1,1,17.75,81,12.2240281198815,12.2832129343961,1
1,1,17.75,81,12.2832129343961,12.2945079197065,1
1,1,17.75,81,12.2945079197065,12.8498596464547,1
1,1,17.75,81,12.8498596464547,13.0762578130379,1
1,1,17.75,81,13.0762578130379,13.1494674491107,1
1,1,17.75,81,13.1494674491107,13.4746796504942,1
1,1,17.75,81,13.4746796504942,13.5776465639131,1
1,1,17.75,81,13.5776465639131,13.7317590799478,1
1,1,17.75,81,13.7317590799478,14.0852484539354,1
1,1,17.75,81,14.0852484539354,14.1886636805494,1
1,1,17.75,81,14.1886636805494,14.3239165911153,1
1,1,17.75,81,14.3239165911153,14.4794066593017,1
1,1,17.75,81,14.4794066593017,14.6006592948295,1
1,1,17.75,81,14.6006592948295,14.6104932435199,1
1,1,17.75,81,14.6104932435199,14.6323298441468,1
1,1,17.75,81,14.6323298441468,14.7116387649784,1
1,1,17.75,81,14.7116387649784,14.859392329217,1
1,1,17.75,81,14.859392329217,14.9190481684471,1
1,1,17.75,81,14.9190481684471,15.0096943672603,1
1,1,17.75,81,15.0096943672603,15.3182080394354,1
1,1,17.75,81,15.3182080394354,15.6389606856377,1
1,1,17.75,81,15.6389606856377,15.6678933156818,1
1,1,17.75,81,15.6678933156818,15.6804959465829,1
1,1,17.75,81,15.6804959465829,15.7520564613688,1
1,1,17.75,81,15.7520564613688,15.9002210467941,1
1,1,17.75,81,15.9002210467941,15.9438163169306,1
1,1,17.75,81,15.9438163169306,16.0755469902571,1
1,1,17.75,81,16.0755469902571,16.2227086475002,1
1,1,17.75,81,16.2227086475002,16.2339850942134,1
1,1,17.75,81,16.2339850942134,16.2659450478209,1
1,1,17.75,81,16.2659450478209,16.2736122582565,1
1,1,17.75,81,16.2736122582565,16.2904154169947,1
1,1,17.75,81,16.2904154169947,16.3681077629931,1
1,1,17.75,81,16.3681077629931,16.3791104512485,1
1,1,17.75,81,16.3791104512485,16.4438910404901,1
1,1,17.75,81,16.4438910404901,16.4821372270084,1
1,1,17.75,81,16.4821372270084,16.5763665076024,1
1,1,17.75,81,16.5763665076024,16.58890063238,1
1,1,17.75,81,16.58890063238,16.5960557517267,1
1,1,17.75,81,16.5960557517267,16.6255716890751,1
1,1,17.75,81,16.6255716890751,16.8675847392568,1
1,1,17.75,81,16.8675847392568,16.9840169907752,1
1,1,17.75,81,16.9840169907752,16.986918849432,1
1,1,17.75,81,16.986918849432,17.0616696173647,1
1,1,17.75,81,17.0616696173647,17.1675515067205,1
1,1,17.75,81,17.1675515067205,17.2341931045687,1
1,1,17.75,81,17.2341931045687,17.2462018061635,1
1,1,17.75,81,17.2462018061635,17.3028183036302,1
1,1,17.75,81,17.3028183036302,17.323949763897,1
1,1,17.75,81,17.323949763897,17.3287409120954,1
1,1,17.75,81,17.3287409120954,17.4135218494852,1
1,1,17.75,81,17.4135218494852,17.6829735820031,1
1,1,17.75,81,17.6829735820031,17.6935475891833,1
1,1,17.75,81,17.6935475891833,17.75,0
2,1,11.75,1,0,11.5954743326768,1
2,1,11.75,1,11.5954743326768,11.75,0
3,1,11.75,0,0,11.75,0
4,1,17.75,0,0,17.75,0
5,1,9.75,4,0,0.470438402038381,1
5,1,9.75,4,0.470438402038381,1.02397054552836,1
5,1,9.75,4,1.02397054552836,2.03805311099131,1
5,1,9.75,4,2.03805311099131,3.52879334586569,1
5,1,9.75,4,3.52879334586569,9.75,0
6,1,17.75,3,0,0.933822860546771,1
6,1,17.75,3,0.933822860546771,3.56741385943945,1
6,1,17.75,3,3.56741385943945,10.6837688719679,1
6,1,17.75,3,10.6837688719679,17.75,0
7,1,17.75,6,0,0.0715244323929536,1
7,1,17.75,6,0.0715244323929536,0.787984024187387,1
7,1,17.75,6,0.787984024187387,1.11821244645917,1
7,1,17.75,6,1.11821244645917,3.83108971484845,1
7,1,17.75,6,3.83108971484845,9.04550488413255,1
7,1,17.75,6,9.04550488413255,13.9241248713512,1
7,1,17.75,6,13.9241248713512,17.75,0
8,1,18.75,3,0,6.36929143513702,1
8,1,18.75,3,6.36929143513702,9.29846164060781,1
8,1,18.75,3,9.29846164060781,13.5457923498839,1
8,1,18.75,3,13.5457923498839,18.75,0
9,1,15.75,3,0,2.89421867377339,1
9,1,15.75,3,2.89421867377339,3.20049876502175,1
9,1,15.75,3,3.20049876502175,11.9191662507999,1
9,1,15.75,3,11.9191662507999,15.75,0
10,1,13.75,0,0,13.75,0
11,1,12.75,13,0,3.73911013863219,1
11,1,12.75,13,3.73911013863219,5.21437412152035,1
11,1,12.75,13,5.21437412152035,7.12808644994029,1
11,1,12.75,13,7.12808644994029,8.04537198915985,1
11,1,12.75,13,8.04537198915985,8.27048418666773,1
11,1,12.75,13,8.27048418666773,8.51531178996097,1
11,1,12.75,13,8.51531178996097,8.6517038234869,1
11,1,12.75,13,8.6517038234869,9.0766198324988,1
11,1,12.75,13,9.0766198324988,10.74004260162,1
11,1,12.75,13,10.74004260162,10.79101516889,1
11,1,12.75,13,10.79101516889,10.8982862084668,1
11,1,12.75,13,10.8982862084668,11.0218009958815,1
11,1,12.75,13,11.0218009958815,12.498903001416,1
11,1,12.75,13,12.498903001416,12.75,0
12,1,20.75,1,0,5.79502281622479,1
12,1,20.75,1,5.79502281622479,20.75,0
13,1,10.75,19,0,1.15890091943098,1
13,1,10.75,19,1.15890091943098,4.7260987592204,1
13,1,10.75,19,4.7260987592204,5.08447949597149,1
13,1,10.75,19,5.08447949597149,5.73133608658783,1
13,1,10.75,19,5.73133608658783,5.80880450291925,1
13,1,10.75,19,5.80880450291925,5.8665374871801,1
13,1,10.75,19,5.8665374871801,6.24146514619938,1
13,1,10.75,19,6.24146514619938,7.44041626490449,1
13,1,10.75,19,7.44041626490449,8.09360266913638,1
13,1,10.75,19,8.09360266913638,8.45492260606667,1
13,1,10.75,19,8.45492260606667,8.72795667560189,1
13,1,10.75,19,8.72795667560189,9.19419325759441,1
13,1,10.75,19,9.19419325759441,9.23926243175409,1
13,1,10.75,19,9.23926243175409,9.27245472182974,1
13,1,10.75,19,9.27245472182974,9.66718678269715,1
13,1,10.75,19,9.66718678269715,9.67039426241554,1
13,1,10.75,19,9.67039426241554,10.253321553762,1
13,1,10.75,19,10.253321553762,10.4661290614923,1
13,1,10.75,19,10.4661290614923,10.5749972495235,1
13,1,10.75,19,10.5749972495235,10.75,0
14,1,18.75,1,0,17.7670650154006,1
14,1,18.75,1,17.7670650154006,18.75,0
15,1,15.75,0,0,15.75,0
16,1,10.75,11,0,4.09099329726463,1
16,1,10.75,11,4.09099329726463,5.08175067357626,1
16,1,10.75,11,5.08175067357626,5.27155744385949,1
16,1,10.75,11,5.27155744385949,7.05250577143597,1
16,1,10.75,11,7.05250577143597,7.16024555466562,1
16,1,10.75,11,7.16024555466562,7.80322104750467,1
16,1,10.75,11,7.80322104750467,8.59016385790497,1
16,1,10.75,11,8.59016385790497,9.00836284893233,1
16,1,10.75,11,9.00836284893233,9.68510593318057,1
16,1,10.75,11,9.68510593318057,10.3756309775486,1
16,1,10.75,11,10.3756309775486,10.5019252839277,1
16,1,10.75,11,10.5019252839277,10.75,0
17,1,20.75,2,0,0.172145435321429,1
17,1,20.75,2,0.172145435321429,11.7350287031368,1
17,1,20.75,2,11.7350287031368,20.75,0
18,1,15.75,58,0,2.54050258896554,1
18,1,15.75,58,2.54050258896554,3.86174118217524,1
18,1,15.75,58,3.86174118217524,3.86264946648212,1
18,1,15.75,58,3.86264946648212,4.74021053741551,1
18,1,15.75,58,4.74021053741551,4.75875639087361,1
18,1,15.75,58,4.75875639087361,6.60354505947775,1
18,1,15.75,58,6.60354505947775,6.6287694815386,1
18,1,15.75,58,6.6287694815386,6.71639733034289,1
18,1,15.75,58,6.71639733034289,7.15727153116788,1
18,1,15.75,58,7.15727153116788,7.18765945976728,1
18,1,15.75,58,7.18765945976728,7.3140798853469,1
18,1,15.75,58,7.3140798853469,7.3159697855987,1
18,1,15.75,58,7.3159697855987,7.34147898058701,1
18,1,15.75,58,7.34147898058701,8.67204904011052,1
18,1,15.75,58,8.67204904011052,8.96703450825248,1
18,1,15.75,58,8.96703450825248,9.40250096343832,1
18,1,15.75,58,9.40250096343832,10.3397199185504,1
18,1,15.75,58,10.3397199185504,10.5271167319644,1
18,1,15.75,58,10.5271167319644,10.8923943733401,1
18,1,15.75,58,10.8923943733401,11.1046857982089,1
18,1,15.75,58,11.1046857982089,11.1109871958614,1
18,1,15.75,58,11.1109871958614,11.2374929588973,1
18,1,15.75,58,11.2374929588973,11.2625987626378,1
18,1,15.75,58,11.2625987626378,11.3240193578252,1
18,1,15.75,58,11.3240193578252,11.4612010988656,1
18,1,15.75,58,11.4612010988656,11.601463948321,1
18,1,15.75,58,11.601463948321,11.8341455591488,1
18,1,15.75,58,11.8341455591488,11.958330743566,1
18,1,15.75,58,11.958330743566,12.0690292250413,1
18,1,15.75,58,12.0690292250413,12.4284943310156,1
18,1,15.75,58,12.4284943310156,12.6698584900176,1
18,1,15.75,58,12.6698584900176,12.8366557570119,1
18,1,15.75,58,12.8366557570119,13.2455886595359,1
18,1,15.75,58,13.2455886595359,13.2766988854209,1
18,1,15.75,58,13.2766988854209,13.3748164023033,1
18,1,15.75,58,13.3748164023033,13.6710862185507,1
18,1,15.75,58,13.6710862185507,13.6873412085008,1
18,1,15.75,58,13.6873412085008,13.6876354772024,1
18,1,15.75,58,13.6876354772024,13.7583751620064,1
18,1,15.75,58,13.7583751620064,13.7632283384747,1
18,1,15.75,58,13.7632283384747,13.9186511343136,1
18,1,15.75,58,13.9186511343136,13.9194404137732,1
18,1,15.75,58,13.9194404137732,13.934098289521,1
18,1,15.75,58,13.934098289521,13.9987345615683,1
18,1,15.75,58,13.9987345615683,14.0883860112457,1
18,1,15.75,58,14.0883860112457,14.1204843351833,1
18,1,15.75,58,14.1204843351833,14.1266076308971,1
18,1,15.75,58,14.1266076308971,14.1993034563681,1
18,1,15.75,58,14.1993034563681,14.2245688853265,1
18,1,15.75,58,14.2245688853265,14.3375817709602,1
18,1,15.75,58,14.3375817709602,14.4447989850513,1
18,1,15.75,58,14.4447989850513,14.4977008718745,1
18,1,15.75,58,14.4977008718745,14.7778310014999,1
18,1,15.75,58,14.7778310014999,14.8336887728991,1
18,1,15.75,58,14.8336887728991,14.9402444160121,1
18,1,15.75,58,14.9402444160121,15.0814128148404,1
18,1,15.75,58,15.0814128148404,15.1326814480134,1
18,1,15.75,58,15.1326814480134,15.715232272617,1
18,1,15.75,58,15.715232272617,15.75,0
19,1,11.75,3,0,0.774175488291667,1
19,1,11.75,3,0.774175488291667,1.96394725353285,1
19,1,11.75,3,1.96394725353285,11.6857162120705,1
19,1,11.75,3,11.6857162120705,11.75,0
20,1,13.75,3,0,3.26694854225258,1
20,1,13.75,3,3.26694854225258,7.56586282950778,1
20,1,13.75,3,7.56586282950778,12.3100612540377,1
20,1,13.75,3,12.3100612540377,13.75,0
21,1,14.75,1,0,2.96223795795961,1
21,1,14.75,1,2.96223795795961,14.75,0
22,1,14.75,23,0,1.83055142661359,1
22,1,14.75,23,1.83055142661359,3.66547643456904,1
22,1,14.75,23,3.66547643456904,4.55371563419239,1
22,1,14.75,23,4.55371563419239,4.75600236444196,1
22,1,14.75,23,4.75600236444196,6.20977912586019,1
22,1,14.75,23,6.20977912586019,6.50177872079588,1
22,1,14.75,23,6.50177872079588,7.541944434,1
22,1,14.75,23,7.541944434,7.96584587817362,1
22,1,14.75,23,7.96584587817362,9.01293067540065,1
22,1,14.75,23,9.01293067540065,9.35335089886083,1
22,1,14.75,23,9.35335089886083,9.98259210441411,1
22,1,14.75,23,9.98259210441411,10.3767093668364,1
22,1,14.75,23,10.3767093668364,10.7355082373185,1
22,1,14.75,23,10.7355082373185,11.102445676186,1
22,1,14.75,23,11.102445676186,11.2384522861438,1
22,1,14.75,23,11.2384522861438,12.9059597821429,1
22,1,14.75,23,12.9059597821429,13.1985124512454,1
22,1,14.75,23,13.1985124512454,13.738076402573,1
22,1,14.75,23,13.738076402573,13.7796310854333,1
22,1,14.75,23,13.7796310854333,13.9639925061322,1
22,1,14.75,23,13.9639925061322,14.1247574293513,1
22,1,14.75,23,14.1247574293513,14.5841597693192,1
22,1,14.75,23,14.5841597693192,14.5919837317341,1
22,1,14.75,23,14.5919837317341,14.75,0
23,1,14.75,65,0,3.17262502574451,1
23,1,14.75,65,3.17262502574451,3.91178011306408,1
23,1,14.75,65,3.91178011306408,4.75974285293214,1
23,1,14.75,65,4.75974285293214,6.13201325691307,1
23,1,14.75,65,6.13201325691307,6.49082340089197,1
23,1,14.75,65,6.49082340089197,6.52956035459593,1
23,1,14.75,65,6.52956035459593,6.59146684448003,1
23,1,14.75,65,6.59146684448003,6.89397050618452,1
23,1,14.75,65,6.89397050618452,7.46434347386947,1
23,1,14.75,65,7.46434347386947,7.72230088057701,1
23,1,14.75,65,7.72230088057701,7.97868669391337,1
23,1,14.75,65,7.97868669391337,8.62666291883377,1
23,1,14.75,65,8.62666291883377,8.70425732740324,1
23,1,14.75,65,8.70425732740324,8.7530232873768,1
23,1,14.75,65,8.7530232873768,9.12561377635302,1
23,1,14.75,65,9.12561377635302,9.27774029122739,1
23,1,14.75,65,9.27774029122739,9.36075949327942,1
23,1,14.75,65,9.36075949327942,9.68352671858165,1
23,1,14.75,65,9.68352671858165,9.77749741263696,1
23,1,14.75,65,9.77749741263696,9.80706698941607,1
23,1,14.75,65,9.80706698941607,10.1377495324173,1
23,1,14.75,65,10.1377495324173,10.1482452124276,1
23,1,14.75,65,10.1482452124276,10.6779694454293,1
23,1,14.75,65,10.6779694454293,10.7750485075748,1
23,1,14.75,65,10.7750485075748,10.9851118336791,1
23,1,14.75,65,10.9851118336791,11.0043559971698,1
23,1,14.75,65,11.0043559971698,11.0431714018534,1
23,1,14.75,65,11.0431714018534,11.1215784552481,1
23,1,14.75,65,11.1215784552481,11.1398900720271,1
23,1,14.75,65,11.1398900720271,11.146501407213,1
23,1,14.75,65,11.146501407213,11.288888620404,1
23,1,14.75,65,11.288888620404,11.539653383136,1
23,1,14.75,65,11.539653383136,11.630182392437,1
23,1,14.75,65,11.630182392437,11.771144611999,1
23,1,14.75,65,11.771144611999,11.7964741446282,1
23,1,14.75,65,11.7964741446282,11.9154100492366,1
23,1,14.75,65,11.9154100492366,12.2932407886511,1
23,1,14.75,65,12.2932407886511,12.5052581903106,1
23,1,14.75,65,12.5052581903106,12.572338177077,1
23,1,14.75,65,12.572338177077,12.734703112594,1
23,1,14.75,65,12.734703112594,13.002568971194,1
23,1,14.75,65,13.002568971194,13.1309710505005,1
23,1,14.75,65,13.1309710505005,13.2371436286896,1
23,1,14.75,65,13.2371436286896,13.240239877844,1
23,1,14.75,65,13.240239877844,13.251241484902,1
23,1,14.75,65,13.251241484902,13.4197062534985,1
23,1,14.75,65,13.4197062534985,13.4415131220393,1
23,1,14.75,65,13.4415131220393,13.4716232607155,1
23,1,14.75,65,13.4716232607155,13.5375713795248,1
23,1,14.75,65,13.5375713795248,13.5925654448227,1
23,1,14.75,65,13.5925654448227,13.6013140711878,1
23,1,14.75,65,13.6013140711878,13.7266726753475,1
23,1,14.75,65,13.7266726753475,13.8093157896338,1
23,1,14.75,65,13.8093157896338,13.8284270466749,1
23,1,14.75,65,13.8284270466749,13.8373226041555,1
23,1,14.75,65,13.8373226041555,13.9060481003451,1
23,1,14.75,65,13.9060481003451,14.0908547603351,1
23,1,14.75,65,14.0908547603351,14.137860996443,1
23,1,14.75,65,14.137860996443,14.2424612315957,1
23,1,14.75,65,14.2424612315957,14.3462307124631,1
23,1,14.75,65,14.3462307124631,14.3892415976058,1
23,1,14.75,65,14.3892415976058,14.408496752626,1
23,1,14.75,65,14.408496752626,14.5275292192599,1
23,1,14.75,65,14.5275292192599,14.6976113499405,1
23,1,14.75,65,14.6976113499405,14.7228178531634,1
23,1,14.75,65,14.7228178531634,14.75,0
24,1,15.75,2,0,8.43156534395965,1
24,1,15.75,2,8.43156534395965,9.71556482386645,1
24,1,15.75,2,9.71556482386645,15.75,0
25,1,9.75,8,0,3.98363756329296,1
25,1,9.75,8,3.98363756329296,5.18192406202437,1
25,1,9.75,8,5.18192406202437,5.59982285582774,1
25,1,9.75,8,5.59982285582774,6.36541571532507,1
25,1,9.75,8,6.36541571532507,7.30066517219304,1
25,1,9.75,8,7.30066517219304,8.79546105811899,1
25,1,9.75,8,8.79546105811899,9.48467396875924,1
25,1,9.75,8,9.48467396875924,9.52574365244134,1
25,1,9.75,8,9.52574365244134,9.75,0
26,1,15.75,4,0,5.4782446751864,1
26,1,15.75,4,5.4782446751864,8.41016867490288,1
26,1,15.75,4,8.41016867490288,11.7683399638088,1
26,1,15.75,4,11.7683399638088,13.1173816726725,1
26,1,15.75,4,13.1173816726725,15.75,0
27,1,13.75,2,0,3.51775284322603,1
27,1,13.75,2,3.51775284322603,4.81101472587083,1
27,1,13.75,2,4.81101472587083,13.75,0
28,1,19.75,1,0,7.3536574562703,1
28,1,19.75,1,7.3536574562703,19.75,0
29,1,13.75,2,0,0.729230119836989,1
29,1,13.75,2,0.729230119836989,10.2124622584883,1
29,1,13.75,2,10.2124622584883,13.75,0
30,1,8.75,0,0,8.75,0
31,1,20.75,2,0,3.31934976913822,1
31,1,20.75,2,3.31934976913822,14.7844582787463,1
31,1,20.75,2,14.7844582787463,20.75,0
32,1,15.75,43,0,1.06425193578229,1
32,1,15.75,43,1.06425193578229,3.43155122434824,1
32,1,15.75,43,3.43155122434824,4.43024712828963,1
32,1,15.75,43,4.43024712828963,4.45905429838624,1
32,1,15.75,43,4.45905429838624,5.30059612100757,1
32,1,15.75,43,5.30059612100757,5.83218112889646,1
32,1,15.75,43,5.83218112889646,6.2985821715362,1
32,1,15.75,43,6.2985821715362,7.15188258350338,1
32,1,15.75,43,7.15188258350338,7.63853718274937,1
32,1,15.75,43,7.63853718274937,8.37346458618049,1
32,1,15.75,43,8.37346458618049,9.10614470528339,1
32,1,15.75,43,9.10614470528339,9.32490186896505,1
32,1,15.75,43,9.32490186896505,9.43232157859896,1
32,1,15.75,43,9.43232157859896,9.58886014340271,1
32,1,15.75,43,9.58886014340271,9.91798832911923,1
32,1,15.75,43,9.91798832911923,10.2426809712314,1
32,1,15.75,43,10.2426809712314,10.9099773848798,1
32,1,15.75,43,10.9099773848798,11.2151299989301,1
32,1,15.75,43,11.2151299989301,11.5014756804218,1
32,1,15.75,43,11.5014756804218,11.5286516521888,1
32,1,15.75,43,11.5286516521888,11.7071860738802,1
32,1,15.75,43,11.7071860738802,11.9125291444049,1
32,1,15.75,43,11.9125291444049,12.2505203468077,1
32,1,15.75,43,12.2505203468077,12.7657313772069,1
32,1,15.75,43,12.7657313772069,12.8912114870798,1
32,1,15.75,43,12.8912114870798,13.2510008572511,1
32,1,15.75,43,13.2510008572511,13.7136723244878,1
32,1,15.75,43,13.7136723244878,13.7992160022146,1
32,1,15.75,43,13.7992160022146,14.0494813218631,1
32,1,15.75,43,14.0494813218631,14.0730385018059,1
32,1,15.75,43,14.0730385018059,14.4198946855197,1
32,1,15.75,43,14.4198946855197,14.6870633253042,1
32,1,15.75,43,14.6870633253042,14.688328286942,1
32,1,15.75,43,14.688328286942,14.7320272671013,1
32,1,15.75,43,14.7320272671013,15.1450193629358,1
32,1,15.75,43,15.1450193629358,15.1673448685928,1
32,1,15.75,43,15.1673448685928,15.1946050913894,1
32,1,15.75,43,15.1946050913894,15.3380548693503,1
32,1,15.75,43,15.3380548693503,15.3717190062466,1
32,1,15.75,43,15.3717190062466,15.4366737048974,1
32,1,15.75,43,15.4366737048974,15.4797205451638,1
32,1,15.75,43,15.4797205451638,15.6113470731382,1
32,1,15.75,43,15.6113470731382,15.6434046236771,1
32,1,15.75,43,15.6434046236771,15.75,0
33,1,10.75,13,0,3.98876358462569,1
33,1,10.75,13,3.98876358462569,4.02479345717636,1
33,1,10.75,13,4.02479345717636,4.92055377409276,1
33,1,10.75,13,4.92055377409276,6.60118678099681,1
33,1,10.75,13,6.60118678099681,7.16344308946242,1
33,1,10.75,13,7.16344308946242,8.14774233311911,1
33,1,10.75,13,8.14774233311911,9.35191755055289,1
33,1,10.75,13,9.35191755055289,9.81505172330476,1
33,1,10.75,13,9.81505172330476,10.1865501060907,1
33,1,10.75,13,10.1865501060907,10.3226773175508,1
33,1,10.75,13,10.3226773175508,10.5463569984232,1
33,1,10.75,13,10.5463569984232,10.5991186213429,1
33,1,10.75,13,10.5991186213429,10.6310295417082,1
33,1,10.75,13,10.6310295417082,10.75,0
34,1,14.75,4,0,2.19129191132206,1
34,1,14.75,4,2.19129191132206,4.36609106612858,1
34,1,14.75,4,4.36609106612858,5.55793147063432,1
34,1,14.75,4,5.55793147063432,13.3357683341284,1
34,1,14.75,4,13.3357683341284,14.75,0
35,1,12.75,29,0,2.21497432868225,1
35,1,12.75,29,2.21497432868225,2.47660320689998,1
35,1,12.75,29,2.47660320689998,4.1571163071975,1
35,1,12.75,29,4.1571163071975,5.20057562525716,1
35,1,12.75,29,5.20057562525716,5.59103070931866,1
35,1,12.75,29,5.59103070931866,6.08734652682015,1
35,1,12.75,29,6.08734652682015,6.12967745841958,1
35,1,12.75,29,6.12967745841958,6.28242852284043,1
35,1,12.75,29,6.28242852284043,6.52349489827808,1
35,1,12.75,29,6.52349489827808,6.78786705563264,1
35,1,12.75,29,6.78786705563264,7.32689585945536,1
35,1,12.75,29,7.32689585945536,7.43661416909532,1
35,1,12.75,29,7.43661416909532,7.66706966133101,1
35,1,12.75,29,7.66706966133101,8.74473391597604,1
35,1,12.75,29,8.74473391597604,9.2642859819772,1
35,1,12.75,29,9.2642859819772,9.43789001840244,1
35,1,12.75,29,9.43789001840244,9.50839349352591,1
35,1,12.75,29,9.50839349352591,10.4958779077259,1
35,1,12.75,29,10.4958779077259,10.9794191361199,1
35,1,12.75,29,10.9794191361199,11.1432717011247,1
35,1,12.75,29,11.1432717011247,11.1696365156808,1
35,1,12.75,29,11.1696365156808,11.3447741278206,1
35,1,12.75,29,11.3447741278206,11.382569047888,1
35,1,12.75,29,11.382569047888,11.4554505173739,1
35,1,12.75,29,11.4554505173739,11.6225282399003,1
35,1,12.75,29,11.6225282399003,11.8742791918428,1
35,1,12.75,29,11.8742791918428,11.9125445061716,1
35,1,12.75,29,11.9125445061716,12.2775825749272,1
35,1,12.75,29,12.2775825749272,12.6190819799636,1
35,1,12.75,29,12.6190819799636,12.75,0
36,1,11.75,1,0,0.145730523612796,1
36,1,11.75,1,0.145730523612796,11.75,0
37,1,8.75,1,0,1.81741375169313,1
37,1,8.75,1,1.81741375169313,8.75,0
38,1,10.75,17,0,4.16108406550708,1
38,1,10.75,17,4.16108406550708,4.38645084967157,1
38,1,10.75,17,4.38645084967157,5.22570072224953,1
38,1,10.75,17,5.22570072224953,5.56016555724498,1
38,1,10.75,17,5.56016555724498,6.72435651165469,1
38,1,10.75,17,6.72435651165469,6.99494569452713,1
38,1,10.75,17,6.99494569452713,7.32108237200495,1
38,1,10.75,17,7.32108237200495,7.61460479268891,1
38,1,10.75,17,7.61460479268891,9.14648914793234,1
38,1,10.75,17,9.14648914793234,9.51031883860913,1
38,1,10.75,17,9.51031883860913,9.75096840372991,1
38,1,10.75,17,9.75096840372991,10.0282503840232,1
38,1,10.75,17,10.0282503840232,10.5518279732403,1
38,1,10.75,17,10.5518279732403,10.5721895110936,1
38,1,10.75,17,10.5721895110936,10.6581359981898,1
38,1,10.75,17,10.6581359981898,10.7141155751207,1
38,1,10.75,17,10.7141155751207,10.7244261334351,1
38,1,10.75,17,10.7244261334351,10.75,0
39,1,10.75,2,0,1.48895432350556,1
39,1,10.75,2,1.48895432350556,7.01991858694253,1
39,1,10.75,2,7.01991858694253,10.75,0
40,1,15.75,29,0,4.67342398758358,1
40,1,15.75,29,4.67342398758358,5.61069761583908,1
40,1,15.75,29,5.61069761583908,7.09426919391946,1
40,1,15.75,29,7.09426919391946,7.82523304569985,1
40,1,15.75,29,7.82523304569985,7.87128959310742,1
40,1,15.75,29,7.87128959310742,7.92759275963008,1
40,1,15.75,29,7.92759275963008,9.20606302030085,1
40,1,15.75,29,9.20606302030085,9.38738796712718,1
40,1,15.75,29,9.38738796712718,9.53474072368508,1
40,1,15.75,29,9.53474072368508,9.62293288951689,1
40,1,15.75,29,9.62293288951689,9.74617498848733,1
40,1,15.75,29,9.74617498848733,9.99863426189478,1
40,1,15.75,29,9.99863426189478,10.6182031219375,1
40,1,15.75,29,10.6182031219375,10.8849090696423,1
40,1,15.75,29,10.8849090696423,11.8394823465973,1
40,1,15.75,29,11.8394823465973,11.9613827911469,1
40,1,15.75,29,11.9613827911469,12.0872271885743,1
40,1,15.75,29,12.0872271885743,12.0899233991135,1
40,1,15.75,29,12.0899233991135,12.4020183930925,1
40,1,15.75,29,12.4020183930925,13.2530100570442,1
40,1,15.75,29,13.2530100570442,13.5198529371933,1
40,1,15.75,29,13.5198529371933,13.5956562379213,1
40,1,15.75,29,13.5956562379213,13.608244654801,1
40,1,15.75,29,13.608244654801,14.4465363742164,1
40,1,15.75,29,14.4465363742164,14.5850436319585,1
40,1,15.75,29,14.5850436319585,14.6463210235414,1
40,1,15.75,29,14.6463210235414,14.9509473917299,1
40,1,15.75,29,14.9509473917299,15.1982761344461,1
40,1,15.75,29,15.1982761344461,15.5271248822422,1
40,1,15.75,29,15.5271248822422,15.75,0
41,1,12.75,6,0,0.00870274079510748,1
41,1,12.75,6,0.00870274079510748,0.404018836512122,1
41,1,12.75,6,0.404018836512122,2.17789242028868,1
41,1,12.75,6,2.17789242028868,2.81121513480548,1
41,1,12.75,6,2.81121513480548,6.21375504996446,1
41,1,12.75,6,6.21375504996446,10.5763577997994,1
41,1,12.75,6,10.5763577997994,12.75,0
42,1,19.75,35,0,7.83446946810738,1
42,1,19.75,35,7.83446946810738,8.80172194191456,1
42,1,19.75,35,8.80172194191456,8.99983988249204,1
42,1,19.75,35,8.99983988249204,9.06621283794099,1
42,1,19.75,35,9.06621283794099,9.22224511579415,1
42,1,19.75,35,9.22224511579415,11.0844532207467,1
42,1,19.75,35,11.0844532207467,11.2443331163765,1
42,1,19.75,35,11.2443331163765,11.2805849633987,1
42,1,19.75,35,11.2805849633987,11.6445930329287,1
42,1,19.75,35,11.6445930329287,12.6634898762373,1
42,1,19.75,35,12.6634898762373,13.6009152787984,1
42,1,19.75,35,13.6009152787984,13.7661357671729,1
42,1,19.75,35,13.7661357671729,13.7831824447855,1
42,1,19.75,35,13.7831824447855,14.0593317848137,1
42,1,19.75,35,14.0593317848137,14.105101034215,1
42,1,19.75,35,14.105101034215,15.6760769395556,1
42,1,19.75,35,15.6760769395556,15.7676574124025,1
42,1,19.75,35,15.7676574124025,15.8590441032384,1
42,1,19.75,35,15.8590441032384,15.895340026286,1
42,1,19.75,35,15.895340026286,16.4494417770471,1
42,1,19.75,35,16.4494417770471,16.5430874066454,1
42,1,19.75,35,16.5430874066454,16.6880758859879,1
42,1,19.75,35,16.6880758859879,16.861608245861,1
42,1,19.75,35,16.861608245861,17.3409089929883,1
42,1,19.75,35,17.3409089929883,17.5189080085494,1
42,1,19.75,35,17.5189080085494,17.6737802146303,1
42,1,19.75,35,17.6737802146303,17.8112667011824,1
42,1,19.75,35,17.8112667011824,17.8686996658069,1
42,1,19.75,35,17.8686996658069,18.384143653371,1
42,1,19.75,35,18.384143653371,18.3923305740667,1
42,1,19.75,35,18.3923305740667,18.4116646091714,1
42,1,19.75,35,18.4116646091714,18.6434005719296,1
42,1,19.75,35,18.6434005719296,19.1109017550104,1
42,1,19.75,35,19.1109017550104,19.3927448879528,1
42,1,19.75,35,19.3927448879528,19.4379002023976,1
42,1,19.75,35,19.4379002023976,19.75,0
43,1,17.75,2,0,0.000185002333127549,1
43,1,17.75,2,0.000185002333127549,4.17523571820946,1
43,1,17.75,2,4.17523571820946,17.75,0
44,1,14.75,3,0,10.6460796714892,1
44,1,14.75,3,10.6460796714892,11.3776410054409,1
44,1,14.75,3,11.3776410054409,11.7093283187661,1
44,1,14.75,3,11.7093283187661,14.75,0
45,1,19.75,2,0,0.508350393254328,1
45,1,19.75,2,0.508350393254328,10.1407326734644,1
45,1,19.75,2,10.1407326734644,19.75,0
46,1,16.75,4,0,0.00577028660855646,1
46,1,16.75,4,0.00577028660855646,0.557126472325578,1
46,1,16.75,4,0.557126472325578,2.98465853721567,1
46,1,16.75,4,2.98465853721567,10.4865189267699,1
46,1,16.75,4,10.4865189267699,16.75,0
47,1,10.75,1,0,8.07169326783727,1
47,1,10.75,1,8.07169326783727,10.75,0
48,1,20.75,4,0,0.0338739480161314,1
48,1,20.75,4,0.0338739480161314,1.26513931116817,1
48,1,20.75,4,1.26513931116817,5.99922584222176,1
48,1,20.75,4,5.99922584222176,13.2011824702373,1
48,1,20.75,4,13.2011824702373,20.75,0
49,1,11.75,0,0,11.75,0
50,1,19.75,0,0,19.75,0
51,1,8.75,4,0,0.113161857275561,1
51,1,8.75,4,0.113161857275561,1.78832771047968,1
51,1,8.75,4,1.78832771047968,3.25552705990565,1
51,1,8.75,4,3.25552705990565,5.08197028206715,1
51,1,8.75,4,5.08197028206715,8.75,0
52,1,13.75,2,0,0.139957866518705,1
52,1,13.75,2,0.139957866518705,0.282386499963608,1
52,1,13.75,2,0.282386499963608,13.75,0
53,1,15.75,39,0,3.85302750999837,1
53,1,15.75,39,3.85302750999837,4.37487097469877,1
53,1,15.75,39,4.37487097469877,5.67608114771709,1
53,1,15.75,39,5.67608114771709,7.83747822740068,1
53,1,15.75,39,7.83747822740068,8.08594454080196,1
53,1,15.75,39,8.08594454080196,8.19037909479588,1
53,1,15.75,39,8.19037909479588,9.04737725841112,1
53,1,15.75,39,9.04737725841112,9.17987852907284,1
53,1,15.75,39,9.17987852907284,9.31181086700169,1
53,1,15.75,39,9.31181086700169,9.81206314336963,1
53,1,15.75,39,9.81206314336963,9.9659313140988,1
53,1,15.75,39,9.9659313140988,10.0935662049284,1
53,1,15.75,39,10.0935662049284,10.2800927090994,1
53,1,15.75,39,10.2800927090994,10.6033257453968,1
53,1,15.75,39,10.6033257453968,10.6407899292853,1
53,1,15.75,39,10.6407899292853,10.7128696439276,1
53,1,15.75,39,10.7128696439276,10.7627816173246,1
53,1,15.75,39,10.7627816173246,11.3216082341144,1
53,1,15.75,39,11.3216082341144,11.7962423752932,1
53,1,15.75,39,11.7962423752932,12.2286749183639,1
53,1,15.75,39,12.2286749183639,12.3775450965667,1
53,1,15.75,39,12.3775450965667,12.6207056611913,1
53,1,15.75,39,12.6207056611913,12.8897842206395,1
53,1,15.75,39,12.8897842206395,13.6116193156602,1
53,1,15.75,39,13.6116193156602,13.6184521873744,1
53,1,15.75,39,13.6184521873744,13.6961235123535,1
53,1,15.75,39,13.6961235123535,13.8069396787356,1
53,1,15.75,39,13.8069396787356,13.9420107041751,1
53,1,15.75,39,13.9420107041751,13.9648248595668,1
53,1,15.75,39,13.9648248595668,13.9719177293572,1
53,1,15.75,39,13.9719177293572,14.4448212203169,1
53,1,15.75,39,14.4448212203169,14.5285089409566,1
53,1,15.75,39,14.5285089409566,14.6322417330344,1
53,1,15.75,39,14.6322417330344,14.7062734382054,1
53,1,15.75,39,14.7062734382054,15.2384049607651,1
53,1,15.75,39,15.2384049607651,15.2398935260198,1
53,1,15.75,39,15.2398935260198,15.3277701572782,1
53,1,15.75,39,15.3277701572782,15.335030387933,1
53,1,15.75,39,15.335030387933,15.4827877651182,1
53,1,15.75,39,15.4827877651182,15.75,0
54,1,12.75,22,0,1.7861973388461,1
54,1,12.75,22,1.7861973388461,2.72222206910706,1
54,1,12.75,22,2.72222206910706,3.73473094394937,1
54,1,12.75,22,3.73473094394937,4.44783907868527,1
54,1,12.75,22,4.44783907868527,5.88018855545842,1
54,1,12.75,22,5.88018855545842,6.32724028086328,1
54,1,12.75,22,6.32724028086328,7.02474556143645,1
54,1,12.75,22,7.02474556143645,8.09108140528866,1
54,1,12.75,22,8.09108140528866,8.54810198862509,1
54,1,12.75,22,8.54810198862509,8.73430059336577,1
54,1,12.75,22,8.73430059336577,9.10007385402903,1
54,1,12.75,22,9.10007385402903,9.49048238601004,1
54,1,12.75,22,9.49048238601004,9.51393736758231,1
54,1,12.75,22,9.51393736758231,10.5819396600739,1
54,1,12.75,22,10.5819396600739,11.2536008004614,1
54,1,12.75,22,11.2536008004614,11.3333847853864,1
54,1,12.75,22,11.3333847853864,11.3893516146081,1
54,1,12.75,22,11.3893516146081,11.6977604315051,1
54,1,12.75,22,11.6977604315051,12.5090883398223,1
54,1,12.75,22,12.5090883398223,12.5858729516888,1
54,1,12.75,22,12.5858729516888,12.6224469673248,1
54,1,12.75,22,12.6224469673248,12.6635536155002,1
54,1,12.75,22,12.6635536155002,12.75,0
55,1,14.75,29,0,2.54691351092378,1
55,1,14.75,29,2.54691351092378,4.55590068391275,1
55,1,14.75,29,4.55590068391275,5.29009888876669,1
55,1,14.75,29,5.29009888876669,6.499783245508,1
55,1,14.75,29,6.499783245508,7.45809275979194,1
55,1,14.75,29,7.45809275979194,7.70650681247624,1
55,1,14.75,29,7.70650681247624,8.54998095222899,1
55,1,14.75,29,8.54998095222899,8.72935451623528,1
55,1,14.75,29,8.72935451623528,9.15284936444108,1
55,1,14.75,29,9.15284936444108,9.56501139166408,1
55,1,14.75,29,9.56501139166408,9.92245362579041,1
55,1,14.75,29,9.92245362579041,10.0778726245375,1
55,1,14.75,29,10.0778726245375,10.1905431701344,1
55,1,14.75,29,10.1905431701344,10.2145673959904,1
55,1,14.75,29,10.2145673959904,10.3644425260089,1
55,1,14.75,29,10.3644425260089,10.8200767409629,1
55,1,14.75,29,10.8200767409629,11.4562487465917,1
55,1,14.75,29,11.4562487465917,11.5013341407491,1
55,1,14.75,29,11.5013341407491,11.7672590653305,1
55,1,14.75,29,11.7672590653305,12.2937068976426,1
55,1,14.75,29,12.2937068976426,12.2991094483654,1
55,1,14.75,29,12.2991094483654,13.1516350002518,1
55,1,14.75,29,13.1516350002518,13.2117597084847,1
55,1,14.75,29,13.2117597084847,13.5572463548465,1
55,1,14.75,29,13.5572463548465,13.6509037606191,1
55,1,14.75,29,13.6509037606191,13.6520212784916,1
55,1,14.75,29,13.6520212784916,14.5558126991721,1
55,1,14.75,29,14.5558126991721,14.627640262002,1
55,1,14.75,29,14.627640262002,14.6990827006936,1
55,1,14.75,29,14.6990827006936,14.75,0
56,1,15.75,30,0,1.98331559835856,1
56,1,15.75,30,1.98331559835856,5.16203852905362,1
56,1,15.75,30,5.16203852905362,6.61679348523182,1
56,1,15.75,30,6.61679348523182,7.08604015706178,1
56,1,15.75,30,7.08604015706178,7.5636902538909,1
56,1,15.75,30,7.5636902538909,8.08244541679409,1
56,1,15.75,30,8.08244541679409,8.27438124720035,1
56,1,15.75,30,8.27438124720035,8.61178518091433,1
56,1,15.75,30,8.61178518091433,8.71070140384298,1
56,1,15.75,30,8.71070140384298,9.0804637980083,1
56,1,15.75,30,9.0804637980083,9.87571158530302,1
56,1,15.75,30,9.87571158530302,10.1027293606711,1
56,1,15.75,30,10.1027293606711,10.1973417838175,1
56,1,15.75,30,10.1973417838175,10.7228727954562,1
56,1,15.75,30,10.7228727954562,10.9437937089327,1
56,1,15.75,30,10.9437937089327,11.195102245077,1
56,1,15.75,30,11.195102245077,11.662367528696,1
56,1,15.75,30,11.662367528696,12.2370607584501,1
56,1,15.75,30,12.2370607584501,12.3291921940631,1
56,1,15.75,30,12.3291921940631,12.6273439222013,1
56,1,15.75,30,12.6273439222013,12.7102574692715,1
56,1,15.75,30,12.7102574692715,13.0033983392166,1
56,1,15.75,30,13.0033983392166,13.3477508912261,1
56,1,15.75,30,13.3477508912261,13.5130467873789,1
56,1,15.75,30,13.5130467873789,13.6214015572287,1
56,1,15.75,30,13.6214015572287,13.9086751638139,1
56,1,15.75,30,13.9086751638139,14.5897359407658,1
56,1,15.75,30,14.5897359407658,14.8097154664757,1
56,1,15.75,30,14.8097154664757,14.8303547350433,1
56,1,15.75,30,14.8303547350433,15.036419256808,1
56,1,15.75,30,15.036419256808,15.75,0
57,1,14.75,2,0,1.02609788122514,1
57,1,14.75,2,1.02609788122514,11.0232837958477,1
57,1,14.75,2,11.0232837958477,14.75,0
58,1,18.75,6,0,0.00413049604081842,1
58,1,18.75,6,0.00413049604081842,0.0415265480238317,1
58,1,18.75,6,0.0415265480238317,0.053496654084386,1
58,1,18.75,6,0.053496654084386,0.380434016204324,1
58,1,18.75,6,0.380434016204324,6.11038879934008,1
58,1,18.75,6,6.11038879934008,9.96533877855487,1
58,1,18.75,6,9.96533877855487,18.75,0
59,1,19.75,0,0,19.75,0
60,1,16.75,34,0,5.73780882940232,1
60,1,16.75,34,5.73780882940232,6.1261093183775,1
60,1,16.75,34,6.1261093183775,6.43018016214107,1
60,1,16.75,34,6.43018016214107,7.00472432576481,1
60,1,16.75,34,7.00472432576481,7.43838574116492,1
60,1,16.75,34,7.43838574116492,7.59625773415824,1
60,1,16.75,34,7.59625773415824,7.72797372616886,1
60,1,16.75,34,7.72797372616886,8.52185303674274,1
60,1,16.75,34,8.52185303674274,9.38552770956162,1
60,1,16.75,34,9.38552770956162,9.64732697633539,1
60,1,16.75,34,9.64732697633539,10.0040057181852,1
60,1,16.75,34,10.0040057181852,10.659259668664,1
60,1,16.75,34,10.659259668664,10.7252657503072,1
60,1,16.75,34,10.7252657503072,12.1948602071367,1
60,1,16.75,34,12.1948602071367,12.4952230013798,1
60,1,16.75,34,12.4952230013798,12.4996057948293,1
60,1,16.75,34,12.4996057948293,12.7256882900342,1
60,1,16.75,34,12.7256882900342,12.9181557980086,1
60,1,16.75,34,12.9181557980086,12.9623520444761,1
60,1,16.75,34,12.9623520444761,13.3099463765552,1
60,1,16.75,34,13.3099463765552,13.5777719592834,1
60,1,16.75,34,13.5777719592834,13.6696088496214,1
60,1,16.75,34,13.6696088496214,14.1731423162284,1
60,1,16.75,34,14.1731423162284,14.1966793731436,1
60,1,16.75,34,14.1966793731436,14.3992739491592,1
60,1,16.75,34,14.3992739491592,14.5624756517245,1
60,1,16.75,34,14.5624756517245,14.7651180011127,1
60,1,16.75,34,14.7651180011127,15.0558009987943,1
60,1,16.75,34,15.0558009987943,15.3792732701881,1
60,1,16.75,34,15.3792732701881,15.8345122763665,1
60,1,16.75,34,15.8345122763665,15.9864019876115,1
60,1,16.75,34,15.9864019876115,16.0632977522531,1
60,1,16.75,34,16.0632977522531,16.3135713818833,1
60,1,16.75,34,16.3135713818833,16.4169239373075,1
60,1,16.75,34,16.4169239373075,16.75,0
61,1,20.75,0,0,20.75,0
62,1,9.75,2,0,0.256403816165382,1
62,1,9.75,2,0.256403816165382,0.35916542365049,1
62,1,9.75,2,0.35916542365049,9.75,0
63,1,8.75,10,0,2.44883276960956,1
63,1,8.75,10,2.44883276960956,4.19021157230119,1
63,1,8.75,10,4.19021157230119,4.24044879291081,1
63,1,8.75,10,4.24044879291081,4.4105545311846,1
63,1,8.75,10,4.4105545311846,6.10658131028763,1
63,1,8.75,10,6.10658131028763,8.11874676368258,1
63,1,8.75,10,8.11874676368258,8.22733075491498,1
63,1,8.75,10,8.22733075491498,8.35028807742573,1
63,1,8.75,10,8.35028807742573,8.57141503710062,1
63,1,8.75,10,8.57141503710062,8.73788093253797,1
63,1,8.75,10,8.73788093253797,8.75,0
64,1,10.75,2,0,0.58250250233702,1
64,1,10.75,2,0.58250250233702,10.7055589430774,1
64,1,10.75,2,10.7055589430774,10.75,0
65,1,15.75,2,0,5.31752994781415,1
65,1,15.75,2,5.31752994781415,12.0213492983057,1
65,1,15.75,2,12.0213492983057,15.75,0
66,1,14.75,29,0,4.2445527940068,1
66,1,14.75,29,4.2445527940068,4.80075641826212,1
66,1,14.75,29,4.80075641826212,5.23536282097137,1
66,1,14.75,29,5.23536282097137,5.35295236416161,1
66,1,14.75,29,5.35295236416161,5.71141378431906,1
66,1,14.75,29,5.71141378431906,6.96189089940443,1
66,1,14.75,29,6.96189089940443,7.41169607644376,1
66,1,14.75,29,7.41169607644376,7.45735480547959,1
66,1,14.75,29,7.45735480547959,7.87084324119213,1
66,1,14.75,29,7.87084324119213,7.94097257796918,1
66,1,14.75,29,7.94097257796918,8.25266465172505,1
66,1,14.75,29,8.25266465172505,9.36244920114406,1
66,1,14.75,29,9.36244920114406,9.39435136950523,1
66,1,14.75,29,9.39435136950523,9.87139392203404,1
66,1,14.75,29,9.87139392203404,10.2661839685951,1
66,1,14.75,29,10.2661839685951,10.3249145453787,1
66,1,14.75,29,10.3249145453787,10.3849779415857,1
66,1,14.75,29,10.3849779415857,10.4420049399877,1
66,1,14.75,29,10.4420049399877,10.9411875741336,1
66,1,14.75,29,10.9411875741336,12.0669975994406,1
66,1,14.75,29,12.0669975994406,12.9284301971127,1
66,1,14.75,29,12.9284301971127,12.9333656409174,1
66,1,14.75,29,12.9333656409174,12.9923408139028,1
66,1,14.75,29,12.9923408139028,13.4618179132635,1
66,1,14.75,29,13.4618179132635,13.6555361186267,1
66,1,14.75,29,13.6555361186267,13.774046793128,1
66,1,14.75,29,13.774046793128,13.7975658055151,1
66,1,14.75,29,13.7975658055151,13.8494330306581,1
66,1,14.75,29,13.8494330306581,13.9948180901871,1
66,1,14.75,29,13.9948180901871,14.75,0
67,1,15.75,1,0,0.669849828294178,1
67,1,15.75,1,0.669849828294178,15.75,0
68,1,10.75,16,0,2.62918678051425,1
68,1,10.75,16,2.62918678051425,3.60448022458271,1
68,1,10.75,16,3.60448022458271,5.37377252439926,1
68,1,10.75,16,5.37377252439926,6.06072106587733,1
68,1,10.75,16,6.06072106587733,6.75129534430613,1
68,1,10.75,16,6.75129534430613,6.77802276826931,1
68,1,10.75,16,6.77802276826931,7.23708551557403,1
68,1,10.75,16,7.23708551557403,7.35425712459244,1
68,1,10.75,16,7.35425712459244,7.71454089924371,1
68,1,10.75,16,7.71454089924371,8.01243742198789,1
68,1,10.75,16,8.01243742198789,8.66307648355255,1
68,1,10.75,16,8.66307648355255,8.66370921474773,1
68,1,10.75,16,8.66370921474773,8.80183577859026,1
68,1,10.75,16,8.80183577859026,9.52232386466205,1
68,1,10.75,16,9.52232386466205,9.95118509921346,1
68,1,10.75,16,9.95118509921346,10.0148825658884,1
68,1,10.75,16,10.0148825658884,10.75,0
69,1,14.75,0,0,14.75,0
70,1,13.75,13,0,4.30605481255077,1
70,1,13.75,13,4.30605481255077,5.37422160708317,1
70,1,13.75,13,5.37422160708317,6.72249763280204,1
70,1,13.75,13,6.72249763280204,7.91674144362616,1
70,1,13.75,13,7.91674144362616,10.3317167519971,1
70,1,13.75,13,10.3317167519971,10.7502519192665,1
70,1,13.75,13,10.7502519192665,10.8857142514258,1
70,1,13.75,13,10.8857142514258,11.3326107836534,1
70,1,13.75,13,11.3326107836534,11.7916692862762,1
70,1,13.75,13,11.7916692862762,12.5481687935994,1
70,1,13.75,13,12.5481687935994,12.8027326082048,1
70,1,13.75,13,12.8027326082048,13.2266149152159,1
70,1,13.75,13,13.2266149152159,13.5319440425495,1
70,1,13.75,13,13.5319440425495,13.75,0
71,1,10.75,3,0,1.27769274857171,1
71,1,10.75,3,1.27769274857171,3.80060286636959,1
71,1,10.75,3,3.80060286636959,4.99728552332889,1
71,1,10.75,3,4.99728552332889,10.75,0
72,1,11.75,3,0,0.127246942863185,1
72,1,11.75,3,0.127246942863185,0.342747521072706,1
72,1,11.75,3,0.342747521072706,1.61110918385416,1
72,1,11.75,3,1.61110918385416,11.75,0
73,1,10.75,2,0,0.00805305121829031,1
73,1,10.75,2,0.00805305121829031,9.46657379992664,1
73,1,10.75,2,9.46657379992664,10.75,0
74,1,20.75,3,0,0.0173725000941248,1
74,1,20.75,3,0.0173725000941248,0.391848712249966,1
74,1,20.75,3,0.391848712249966,12.566851349445,1
74,1,20.75,3,12.566851349445,20.75,0
75,1,15.75,42,0,2.95372380779526,1
75,1,15.75,42,2.95372380779526,3.11827451922659,1
75,1,15.75,42,3.11827451922659,3.36204071104941,1
75,1,15.75,42,3.36204071104941,5.26545191624304,1
75,1,15.75,42,5.26545191624304,6.48713900796057,1
75,1,15.75,42,6.48713900796057,6.55663154491088,1
75,1,15.75,42,6.55663154491088,6.63210143888013,1
75,1,15.75,42,6.63210143888013,6.83863671177783,1
75,1,15.75,42,6.83863671177783,7.12677823450912,1
75,1,15.75,42,7.12677823450912,7.50420241742909,1
75,1,15.75,42,7.50420241742909,8.2665592899896,1
75,1,15.75,42,8.2665592899896,8.33378680035887,1
75,1,15.75,42,8.33378680035887,8.65639200034531,1
75,1,15.75,42,8.65639200034531,8.726154782216,1
75,1,15.75,42,8.726154782216,8.97306190881104,1
75,1,15.75,42,8.97306190881104,9.05341478922916,1
75,1,15.75,42,9.05341478922916,9.69953708800533,1
75,1,15.75,42,9.69953708800533,9.77177764115953,1
75,1,15.75,42,9.77177764115953,10.3472934269025,1
75,1,15.75,42,10.3472934269025,10.585555037979,1
75,1,15.75,42,10.585555037979,10.702160820421,1
75,1,15.75,42,10.702160820421,11.8945122710843,1
75,1,15.75,42,11.8945122710843,12.220157299464,1
75,1,15.75,42,12.220157299464,12.3159113755444,1
75,1,15.75,42,12.3159113755444,12.3629671953335,1
75,1,15.75,42,12.3629671953335,12.3932231639761,1
75,1,15.75,42,12.3932231639761,12.5398342135964,1
75,1,15.75,42,12.5398342135964,12.5526888915467,1
75,1,15.75,42,12.5526888915467,12.6266663590259,1
75,1,15.75,42,12.6266663590259,13.7245985914661,1
75,1,15.75,42,13.7245985914661,13.9354481666824,1
75,1,15.75,42,13.9354481666824,14.0349410031515,1
75,1,15.75,42,14.0349410031515,14.156898165483,1
75,1,15.75,42,14.156898165483,14.2270698302853,1
75,1,15.75,42,14.2270698302853,14.24019131515,1
75,1,15.75,42,14.24019131515,14.2995319892697,1
75,1,15.75,42,14.2995319892697,14.6168604778712,1
75,1,15.75,42,14.6168604778712,14.974917193027,1
75,1,15.75,42,14.974917193027,14.9879158989803,1
75,1,15.75,42,14.9879158989803,15.1170839596004,1
75,1,15.75,42,15.1170839596004,15.1851547380037,1
75,1,15.75,42,15.1851547380037,15.3593606133625,1
75,1,15.75,42,15.3593606133625,15.75,0
76,1,16.75,42,0,2.20668388390741,1
76,1,16.75,42,2.20668388390741,4.78451694257282,1
76,1,16.75,42,4.78451694257282,6.26904762907772,1
76,1,16.75,42,6.26904762907772,6.93666022134846,1
76,1,16.75,42,6.93666022134846,7.78913924394374,1
76,1,16.75,42,7.78913924394374,8.02759506244834,1
76,1,16.75,42,8.02759506244834,8.8695583318385,1
76,1,16.75,42,8.8695583318385,9.48987187390138,1
76,1,16.75,42,9.48987187390138,10.0652338024139,1
76,1,16.75,42,10.0652338024139,10.8178468682186,1
76,1,16.75,42,10.8178468682186,11.1348617057245,1
76,1,16.75,42,11.1348617057245,11.3659268237803,1
76,1,16.75,42,11.3659268237803,11.4988163974065,1
76,1,16.75,42,11.4988163974065,11.7126626360886,1
76,1,16.75,42,11.7126626360886,12.0991776913855,1
76,1,16.75,42,12.0991776913855,12.7305517519546,1
76,1,16.75,42,12.7305517519546,12.7326728274278,1
76,1,16.75,42,12.7326728274278,12.8067798521493,1
76,1,16.75,42,12.8067798521493,12.8829017864297,1
76,1,16.75,42,12.8829017864297,13.2833391222721,1
76,1,16.75,42,13.2833391222721,13.5492574153715,1
76,1,16.75,42,13.5492574153715,13.6038978372179,1
76,1,16.75,42,13.6038978372179,13.778795138355,1
76,1,16.75,42,13.778795138355,13.9554545212932,1
76,1,16.75,42,13.9554545212932,14.0618800869626,1
76,1,16.75,42,14.0618800869626,14.1224147825756,1
76,1,16.75,42,14.1224147825756,14.1345622197592,1
76,1,16.75,42,14.1345622197592,14.1356390662088,1
76,1,16.75,42,14.1356390662088,14.1412244717983,1
76,1,16.75,42,14.1412244717983,14.3655480815145,1
76,1,16.75,42,14.3655480815145,14.3994196037942,1
76,1,16.75,42,14.3994196037942,14.5407288801834,1
76,1,16.75,42,14.5407288801834,14.6738983057501,1
76,1,16.75,42,14.6738983057501,14.7268534750012,1
76,1,16.75,42,14.7268534750012,14.9817963566294,1
76,1,16.75,42,14.9817963566294,15.1266688481297,1
76,1,16.75,42,15.1266688481297,15.3381490780092,1
76,1,16.75,42,15.3381490780092,15.3923909551259,1
76,1,16.75,42,15.3923909551259,15.4860641088488,1
76,1,16.75,42,15.4860641088488,15.9521610381008,1
76,1,16.75,42,15.9521610381008,16.4851206199871,1
76,1,16.75,42,16.4851206199871,16.5516541577583,1
76,1,16.75,42,16.5516541577583,16.75,0
77,1,9.75,0,0,9.75,0
78,1,14.75,22,0,5.57010052056877,1
78,1,14.75,22,5.57010052056877,6.56343906903379,1
78,1,14.75,22,6.56343906903379,6.65363395755668,1
78,1,14.75,22,6.65363395755668,7.16234396182998,1
78,1,14.75,22,7.16234396182998,7.20350804883879,1
78,1,14.75,22,7.20350804883879,7.25339802008381,1
78,1,14.75,22,7.25339802008381,7.33492007674642,1
78,1,14.75,22,7.33492007674642,7.41797701875007,1
78,1,14.75,22,7.41797701875007,9.54336213574003,1
78,1,14.75,22,9.54336213574003,9.87065972021291,1
78,1,14.75,22,9.87065972021291,10.4334583923684,1
78,1,14.75,22,10.4334583923684,10.9512281102263,1
78,1,14.75,22,10.9512281102263,11.1893275872851,1
78,1,14.75,22,11.1893275872851,11.3433731520084,1
78,1,14.75,22,11.3433731520084,12.6007428620668,1
78,1,14.75,22,12.6007428620668,13.1334463397255,1
78,1,14.75,22,13.1334463397255,13.3479333387891,1
78,1,14.75,22,13.3479333387891,13.6255343970566,1
78,1,14.75,22,13.6255343970566,13.8851696102997,1
78,1,14.75,22,13.8851696102997,14.0782598824635,1
78,1,14.75,22,14.0782598824635,14.3558309967319,1
78,1,14.75,22,14.3558309967319,14.4969116768112,1
78,1,14.75,22,14.4969116768112,14.75,0
79,1,14.75,34,0,1.65561349202339,1
79,1,14.75,34,1.65561349202339,2.54135711413353,1
79,1,14.75,34,2.54135711413353,5.951657868589,1
79,1,14.75,34,5.951657868589,6.60270262187469,1
79,1,14.75,34,6.60270262187469,6.62215040346416,1
79,1,14.75,34,6.62215040346416,6.68042606613648,1
79,1,14.75,34,6.68042606613648,7.85435962328865,1
79,1,14.75,34,7.85435962328865,8.22447837050584,1
79,1,14.75,34,8.22447837050584,8.25617363453735,1
79,1,14.75,34,8.25617363453735,8.69936479497494,1
79,1,14.75,34,8.69936479497494,9.72727624828774,1
79,1,14.75,34,9.72727624828774,9.75865751395946,1
79,1,14.75,34,9.75865751395946,10.1549658420161,1
79,1,14.75,34,10.1549658420161,10.2574488816333,1
79,1,14.75,34,10.2574488816333,10.3273326588304,1
79,1,14.75,34,10.3273326588304,10.6241159445008,1
79,1,14.75,34,10.6241159445008,10.6367708118384,1
79,1,14.75,34,10.6367708118384,10.754149384884,1
79,1,14.75,34,10.754149384884,11.2112856711008,1
79,1,14.75,34,11.2112856711008,11.894286901245,1
79,1,14.75,34,11.894286901245,11.9266993791399,1
79,1,14.75,34,11.9266993791399,11.9456320196945,1
79,1,14.75,34,11.9456320196945,12.1306461492377,1
79,1,14.75,34,12.1306461492377,12.3256900340606,1
79,1,14.75,34,12.3256900340606,12.9405999508687,1
79,1,14.75,34,12.9405999508687,12.9670220512721,1
79,1,14.75,34,12.9670220512721,13.0799146300727,1
79,1,14.75,34,13.0799146300727,13.2532483268002,1
79,1,14.75,34,13.2532483268002,13.3387014901835,1
79,1,14.75,34,13.3387014901835,13.3944229057954,1
79,1,14.75,34,13.3944229057954,13.441303897558,1
79,1,14.75,34,13.441303897558,13.5592551903545,1
79,1,14.75,34,13.5592551903545,13.8026848972214,1
79,1,14.75,34,13.8026848972214,14.0686030985081,1
79,1,14.75,34,14.0686030985081,14.75,0
80,1,11.75,32,0,1.72334083636027,1
80,1,11.75,32,1.72334083636027,3.26029931155501,1
80,1,11.75,32,3.26029931155501,4.76283738673458,1
80,1,11.75,32,4.76283738673458,5.87822472276041,1
80,1,11.75,32,5.87822472276041,6.05721927137589,1
80,1,11.75,32,6.05721927137589,6.49445055219397,1
80,1,11.75,32,6.49445055219397,6.5516759090639,1
80,1,11.75,32,6.5516759090639,6.5633810692691,1
80,1,11.75,32,6.5633810692691,7.08381770018451,1
80,1,11.75,32,7.08381770018451,7.21261436194913,1
80,1,11.75,32,7.21261436194913,7.64863584180757,1
80,1,11.75,32,7.64863584180757,7.75457726597228,1
80,1,11.75,32,7.75457726597228,7.81029174153819,1
80,1,11.75,32,7.81029174153819,8.4462765570363,1
80,1,11.75,32,8.4462765570363,8.52929907594764,1
80,1,11.75,32,8.52929907594764,8.83430253574547,1
80,1,11.75,32,8.83430253574547,8.89621655617937,1
80,1,11.75,32,8.89621655617937,9.19170965097725,1
80,1,11.75,32,9.19170965097725,9.41786180927239,1
80,1,11.75,32,9.41786180927239,9.80680220721904,1
80,1,11.75,32,9.80680220721904,10.4238899814706,1
80,1,11.75,32,10.4238899814706,10.4538572854285,1
80,1,11.75,32,10.4538572854285,10.6776247359402,1
80,1,11.75,32,10.6776247359402,10.7192687629764,1
80,1,11.75,32,10.7192687629764,10.8843958985123,1
80,1,11.75,32,10.8843958985123,11.1196022165095,1
80,1,11.75,32,11.1196022165095,11.2441150035648,1
80,1,11.75,32,11.2441150035648,11.4193567397932,1
80,1,11.75,32,11.4193567397932,11.5044036618802,1
80,1,11.75,32,11.5044036618802,11.5185351501499,1
80,1,11.75,32,11.5185351501499,11.5633399734677,1
80,1,11.75,32,11.5633399734677,11.721692735615,1
80,1,11.75,32,11.721692735615,11.75,0
81,1,20.75,77,0,3.49403522495683,1
81,1,20.75,77,3.49403522495683,3.72833811242414,1
81,1,20.75,77,3.72833811242414,4.84942075645918,1
81,1,20.75,77,4.84942075645918,6.81787381606846,1
81,1,20.75,77,6.81787381606846,7.06254714953206,1
81,1,20.75,77,7.06254714953206,7.97189849407471,1
81,1,20.75,77,7.97189849407471,8.15336553328173,1
81,1,20.75,77,8.15336553328173,8.50797731369774,1
81,1,20.75,77,8.50797731369774,8.63407340189764,1
81,1,20.75,77,8.63407340189764,9.30063985760677,1
81,1,20.75,77,9.30063985760677,9.4262448458821,1
81,1,20.75,77,9.4262448458821,9.44998329439618,1
81,1,20.75,77,9.44998329439618,9.56852856554428,1
81,1,20.75,77,9.56852856554428,9.90179311861527,1
81,1,20.75,77,9.90179311861527,9.93210423728462,1
81,1,20.75,77,9.93210423728462,10.0071022666179,1
81,1,20.75,77,10.0071022666179,10.0606857086933,1
81,1,20.75,77,10.0606857086933,10.8793293304536,1
81,1,20.75,77,10.8793293304536,11.4319176049013,1
81,1,20.75,77,11.4319176049013,11.5813430688514,1
81,1,20.75,77,11.5813430688514,11.7595125357622,1
81,1,20.75,77,11.7595125357622,11.8249656199179,1
81,1,20.75,77,11.8249656199179,11.855855301381,1
81,1,20.75,77,11.855855301381,12.2346032507751,1
81,1,20.75,77,12.2346032507751,12.6025494142192,1
81,1,20.75,77,12.6025494142192,12.6527795281042,1
81,1,20.75,77,12.6527795281042,12.8606653147386,1
81,1,20.75,77,12.8606653147386,12.8965304977283,1
81,1,20.75,77,12.8965304977283,12.9166487325918,1
81,1,20.75,77,12.9166487325918,12.9179967382718,1
81,1,20.75,77,12.9179967382718,13.5987509567728,1
81,1,20.75,77,13.5987509567728,13.8488141021056,1
81,1,20.75,77,13.8488141021056,13.9850191676911,1
81,1,20.75,77,13.9850191676911,14.3982039672224,1
81,1,20.75,77,14.3982039672224,14.9258566641143,1
81,1,20.75,77,14.9258566641143,15.1374201521679,1
81,1,20.75,77,15.1374201521679,15.2017731320713,1
81,1,20.75,77,15.2017731320713,15.2802430453127,1
81,1,20.75,77,15.2802430453127,15.4907154636973,1
81,1,20.75,77,15.4907154636973,16.5562128589447,1
81,1,20.75,77,16.5562128589447,16.7159354161777,1
81,1,20.75,77,16.7159354161777,16.8162242471801,1
81,1,20.75,77,16.8162242471801,16.8523544718203,1
81,1,20.75,77,16.8523544718203,16.8668768827085,1
81,1,20.75,77,16.8668768827085,16.9359786092237,1
81,1,20.75,77,16.9359786092237,17.0578421090915,1
81,1,20.75,77,17.0578421090915,17.3144979374294,1
81,1,20.75,77,17.3144979374294,17.3921258987412,1
81,1,20.75,77,17.3921258987412,17.7455627028642,1
81,1,20.75,77,17.7455627028642,17.754240785848,1
81,1,20.75,77,17.754240785848,17.8002722029872,1
81,1,20.75,77,17.8002722029872,17.9570693197035,1
81,1,20.75,77,17.9570693197035,18.0404571306614,1
81,1,20.75,77,18.0404571306614,18.4421568625575,1
81,1,20.75,77,18.4421568625575,18.4467393784427,1
81,1,20.75,77,18.4467393784427,18.5457657755381,1
81,1,20.75,77,18.5457657755381,18.7449586383119,1
81,1,20.75,77,18.7449586383119,18.8454835579891,1
81,1,20.75,77,18.8454835579891,18.9719332065006,1
81,1,20.75,77,18.9719332065006,19.0090889755786,1
81,1,20.75,77,19.0090889755786,19.0161534750095,1
81,1,20.75,77,19.0161534750095,19.0531956094584,1
81,1,20.75,77,19.0531956094584,19.2146865699937,1
81,1,20.75,77,19.2146865699937,19.3569317975223,1
81,1,20.75,77,19.3569317975223,19.432165700678,1
81,1,20.75,77,19.432165700678,19.5562590023661,1
81,1,20.75,77,19.5562590023661,19.5746835794682,1
81,1,20.75,77,19.5746835794682,19.6136447958094,1
81,1,20.75,77,19.6136447958094,19.7969241151843,1
81,1,20.75,77,19.7969241151843,19.856107519103,1
81,1,20.75,77,19.856107519103,20.2589256705094,1
81,1,20.75,77,20.2589256705094,20.3133117535054,1
81,1,20.75,77,20.3133117535054,20.3853769942506,1
81,1,20.75,77,20.3853769942506,20.4678110196328,1
81,1,20.75,77,20.4678110196328,20.5690518484118,1
81,1,20.75,77,20.5690518484118,20.6467610218565,1
81,1,20.75,77,20.6467610218565,20.703647075831,1
81,1,20.75,77,20.703647075831,20.75,0
82,1,19.75,5,0,0.254015482096697,1
82,1,19.75,5,0.254015482096697,3.62432003466825,1
82,1,19.75,5,3.62432003466825,4.98664680509501,1
82,1,19.75,5,4.98664680509501,10.3628337257484,1
82,1,19.75,5,10.3628337257484,13.9161349251265,1
82,1,19.75,5,13.9161349251265,19.75,0
83,1,17.75,62,0,3.66605059202952,1
83,1,17.75,62,3.66605059202952,4.42228592819068,1
83,1,17.75,62,4.42228592819068,4.96170810197519,1
83,1,17.75,62,4.96170810197519,5.04924409766098,1
83,1,17.75,62,5.04924409766098,5.16241282816656,1
83,1,17.75,62,5.16241282816656,6.33650156961182,1
83,1,17.75,62,6.33650156961182,6.33939688570876,1
83,1,17.75,62,6.33939688570876,8.30064858472486,1
83,1,17.75,62,8.30064858472486,8.54275364138439,1
83,1,17.75,62,8.54275364138439,8.54682339880034,1
83,1,17.75,62,8.54682339880034,8.67009883188745,1
83,1,17.75,62,8.67009883188745,8.91473535750537,1
83,1,17.75,62,8.91473535750537,9.18990615303456,1
83,1,17.75,62,9.18990615303456,9.22687884517827,1
83,1,17.75,62,9.22687884517827,9.431585776669,1
83,1,17.75,62,9.431585776669,9.44902165591586,1
83,1,17.75,62,9.44902165591586,9.56083436469509,1
83,1,17.75,62,9.56083436469509,9.64538342435075,1
83,1,17.75,62,9.64538342435075,9.66516326663051,1
83,1,17.75,62,9.66516326663051,9.98503538339323,1
83,1,17.75,62,9.98503538339323,10.4158011115649,1
83,1,17.75,62,10.4158011115649,10.4581706606634,1
83,1,17.75,62,10.4581706606634,10.4885859961311,1
83,1,17.75,62,10.4885859961311,10.4958665943093,1
83,1,17.75,62,10.4958665943093,10.9219496539929,1
83,1,17.75,62,10.9219496539929,10.9831027994948,1
83,1,17.75,62,10.9831027994948,11.085064187449,1
83,1,17.75,62,11.085064187449,11.4253974546226,1
83,1,17.75,62,11.4253974546226,11.6837195948273,1
83,1,17.75,62,11.6837195948273,11.8621963572021,1
83,1,17.75,62,11.8621963572021,12.0200952210798,1
83,1,17.75,62,12.0200952210798,12.3183982494921,1
83,1,17.75,62,12.3183982494921,12.5749907484475,1
83,1,17.75,62,12.5749907484475,13.4776873991273,1
83,1,17.75,62,13.4776873991273,13.6387476849408,1
83,1,17.75,62,13.6387476849408,13.838104204386,1
83,1,17.75,62,13.838104204386,14.0214832706069,1
83,1,17.75,62,14.0214832706069,14.3212205723174,1
83,1,17.75,62,14.3212205723174,14.4224711550945,1
83,1,17.75,62,14.4224711550945,14.9530784569896,1
83,1,17.75,62,14.9530784569896,15.0124483369077,1
83,1,17.75,62,15.0124483369077,15.0919223985516,1
83,1,17.75,62,15.0919223985516,15.0921425474531,1
83,1,17.75,62,15.0921425474531,15.1911957100151,1
83,1,17.75,62,15.1911957100151,15.8478409647529,1
83,1,17.75,62,15.8478409647529,15.8843515910917,1
83,1,17.75,62,15.8843515910917,15.9588107756631,1
83,1,17.75,62,15.9588107756631,15.9918031255371,1
83,1,17.75,62,15.9918031255371,16.2262687865295,1
83,1,17.75,62,16.2262687865295,16.2876050146655,1
83,1,17.75,62,16.2876050146655,16.3168632977411,1
83,1,17.75,62,16.3168632977411,16.3622838898987,1
83,1,17.75,62,16.3622838898987,16.4805664738003,1
83,1,17.75,62,16.4805664738003,16.8259927677295,1
83,1,17.75,62,16.8259927677295,16.8906935067789,1
83,1,17.75,62,16.8906935067789,17.0019428603868,1
83,1,17.75,62,17.0019428603868,17.1015113333496,1
83,1,17.75,62,17.1015113333496,17.1296986144299,1
83,1,17.75,62,17.1296986144299,17.224857918274,1
83,1,17.75,62,17.224857918274,17.3140966118871,1
83,1,17.75,62,17.3140966118871,17.3970202463599,1
83,1,17.75,62,17.3970202463599,17.5728002659175,1
83,1,17.75,62,17.5728002659175,17.75,0
84,1,9.75,11,0,4.24505250780582,1
84,1,9.75,11,4.24505250780582,4.28064287729279,1
84,1,9.75,11,4.28064287729279,4.69199086756354,1
84,1,9.75,11,4.69199086756354,5.83486916739666,1
84,1,9.75,11,5.83486916739666,5.85988593261839,1
84,1,9.75,11,5.85988593261839,6.30642420660944,1
84,1,9.75,11,6.30642420660944,6.86854428101321,1
84,1,9.75,11,6.86854428101321,8.186366965749,1
84,1,9.75,11,8.186366965749,8.55739237997708,1
84,1,9.75,11,8.55739237997708,8.98741632888588,1
84,1,9.75,11,8.98741632888588,9.31493089003471,1
84,1,9.75,11,9.31493089003471,9.75,0
85,1,14.75,30,0,3.87058166660279,1
85,1,14.75,30,3.87058166660279,4.18221546022306,1
85,1,14.75,30,4.18221546022306,5.42723979085909,1
85,1,14.75,30,5.42723979085909,5.88068218988428,1
85,1,14.75,30,5.88068218988428,6.19181255125585,1
85,1,14.75,30,6.19181255125585,6.74951651612892,1
85,1,14.75,30,6.74951651612892,7.04821454648442,1
85,1,14.75,30,7.04821454648442,9.16124623686558,1
85,1,14.75,30,9.16124623686558,9.57742699257471,1
85,1,14.75,30,9.57742699257471,9.61065580512296,1
85,1,14.75,30,9.61065580512296,9.91852955747703,1
85,1,14.75,30,9.91852955747703,10.6763072332613,1
85,1,14.75,30,10.6763072332613,10.7894166353963,1
85,1,14.75,30,10.7894166353963,10.9013991556284,1
85,1,14.75,30,10.9013991556284,11.0114116570481,1
85,1,14.75,30,11.0114116570481,11.6455114727983,1
85,1,14.75,30,11.6455114727983,11.660437548203,1
85,1,14.75,30,11.660437548203,11.7104814778923,1
85,1,14.75,30,11.7104814778923,11.8430822536718,1
85,1,14.75,30,11.8430822536718,12.7893954738613,1
85,1,14.75,30,12.7893954738613,12.8785232894708,1
85,1,14.75,30,12.8785232894708,12.9712913490544,1
85,1,14.75,30,12.9712913490544,13.4413840191339,1
85,1,14.75,30,13.4413840191339,13.6468512310715,1
85,1,14.75,30,13.6468512310715,13.708863405901,1
85,1,14.75,30,13.708863405901,13.9123632719452,1
85,1,14.75,30,13.9123632719452,14.1991521812496,1
85,1,14.75,30,14.1991521812496,14.2595997837109,1
85,1,14.75,30,14.2595997837109,14.669868194999,1
85,1,14.75,30,14.669868194999,14.6978350322423,1
85,1,14.75,30,14.6978350322423,14.75,0
86,1,10.75,5,0,0.029203925529941,1
86,1,10.75,5,0.029203925529941,2.58766954328336,1
86,1,10.75,5,2.58766954328336,3.25737732556089,1
86,1,10.75,5,3.25737732556089,5.09255390042762,1
86,1,10.75,5,5.09255390042762,9.50956227462991,1
86,1,10.75,5,9.50956227462991,10.75,0
87,1,13.75,1,0,0.0825094690810634,1
87,1,13.75,1,0.0825094690810634,13.75,0
88,1,8.75,2,0,1.33165412743075,1
88,1,8.75,2,1.33165412743075,1.99553620979403,1
88,1,8.75,2,1.99553620979403,8.75,0
89,1,8.75,5,0,4.14663302102279,1
89,1,8.75,5,4.14663302102279,5.49517313541233,1
89,1,8.75,5,5.49517313541233,6.05341234897519,1
89,1,8.75,5,6.05341234897519,7.31078786922444,1
89,1,8.75,5,7.31078786922444,7.62826308671493,1
89,1,8.75,5,7.62826308671493,8.75,0
90,1,11.75,3,0,0.337855880069652,1
90,1,11.75,3,0.337855880069652,5.57165278347766,1
90,1,11.75,3,5.57165278347766,9.70552531620446,1
90,1,11.75,3,9.70552531620446,11.75,0
91,1,14.75,5,0,0.0560173504679994,1
91,1,14.75,5,0.0560173504679994,0.155659064525221,1
91,1,14.75,5,0.155659064525221,0.160336402729089,1
91,1,14.75,5,0.160336402729089,1.95017187024206,1
91,1,14.75,5,1.95017187024206,10.9459043933484,1
91,1,14.75,5,10.9459043933484,14.75,0
92,1,13.75,1,0,7.2344811221076,1
92,1,13.75,1,7.2344811221076,13.75,0
93,1,10.75,16,0,2.88999807356129,1
93,1,10.75,16,2.88999807356129,3.34828516025184,1
93,1,10.75,16,3.34828516025184,3.61443463598789,1
93,1,10.75,16,3.61443463598789,4.15313657001808,1
93,1,10.75,16,4.15313657001808,6.870293654237,1
93,1,10.75,16,6.870293654237,7.33331878360929,1
93,1,10.75,16,7.33331878360929,8.12912857391593,1
93,1,10.75,16,8.12912857391593,8.52340198060667,1
93,1,10.75,16,8.52340198060667,8.63853679359203,1
93,1,10.75,16,8.63853679359203,9.40816596376006,1
93,1,10.75,16,9.40816596376006,9.52544573498957,1
93,1,10.75,16,9.52544573498957,9.78113777004308,1
93,1,10.75,16,9.78113777004308,9.83315181296204,1
93,1,10.75,16,9.83315181296204,9.99320482752826,1
93,1,10.75,16,9.99320482752826,10.3323364421706,1
93,1,10.75,16,10.3323364421706,10.6758152163678,1
93,1,10.75,16,10.6758152163678,10.75,0
94,1,12.75,0,0,12.75,0
95,1,11.75,3,0,0.26773806912932,1
95,1,11.75,3,0.26773806912932,0.447139386127909,1
95,1,11.75,3,0.447139386127909,7.89833735732057,1
95,1,11.75,3,7.89833735732057,11.75,0
96,1,11.75,3,0,0.0277126548426222,1
96,1,11.75,3,0.0277126548426222,1.9469177694889,1
96,1,11.75,3,1.9469177694889,3.88965547017638,1
96,1,11.75,3,3.88965547017638,11.75,0
97,1,18.75,1,0,6.22775755686973,1
97,1,18.75,1,6.22775755686973,18.75,0
98,1,19.75,64,0,4.02876718652249,1
98,1,19.75,64,4.02876718652249,4.40478702453,1
98,1,19.75,64,4.40478702453,5.63663847709283,1
98,1,19.75,64,5.63663847709283,5.93350122937141,1
98,1,19.75,64,5.93350122937141,6.13598452922715,1
98,1,19.75,64,6.13598452922715,6.64718312642854,1
98,1,19.75,64,6.64718312642854,6.88265196623562,1
98,1,19.75,64,6.88265196623562,7.00738331249677,1
98,1,19.75,64,7.00738331249677,7.52893276307396,1
98,1,19.75,64,7.52893276307396,7.85955688912389,1
98,1,19.75,64,7.85955688912389,7.98468538608761,1
98,1,19.75,64,7.98468538608761,8.27273851735786,1
98,1,19.75,64,8.27273851735786,8.6745280892444,1
98,1,19.75,64,8.6745280892444,9.25696204683808,1
98,1,19.75,64,9.25696204683808,9.67574058756484,1
98,1,19.75,64,9.67574058756484,9.75916580517886,1
98,1,19.75,64,9.75916580517886,10.4334691167817,1
98,1,19.75,64,10.4334691167817,10.7946886384363,1
98,1,19.75,64,10.7946886384363,11.0249654983474,1
98,1,19.75,64,11.0249654983474,11.0283755023531,1
98,1,19.75,64,11.0283755023531,11.0747596515418,1
98,1,19.75,64,11.0747596515418,11.0958826333714,1
98,1,19.75,64,11.0958826333714,11.4913546492325,1
98,1,19.75,64,11.4913546492325,11.6513942723283,1
98,1,19.75,64,11.6513942723283,11.7921623407189,1
98,1,19.75,64,11.7921623407189,11.9784003607902,1
98,1,19.75,64,11.9784003607902,12.0614540391377,1
98,1,19.75,64,12.0614540391377,13.3183611619822,1
98,1,19.75,64,13.3183611619822,13.5168888747285,1
98,1,19.75,64,13.5168888747285,13.5264692251176,1
98,1,19.75,64,13.5264692251176,13.7472273888957,1
98,1,19.75,64,13.7472273888957,14.1381132009194,1
98,1,19.75,64,14.1381132009194,14.19382591071,1
98,1,19.75,64,14.19382591071,14.1992424689392,1
98,1,19.75,64,14.1992424689392,14.8757544636943,1
98,1,19.75,64,14.8757544636943,14.8781523813619,1
98,1,19.75,64,14.8781523813619,15.0213516869305,1
98,1,19.75,64,15.0213516869305,15.2832643620193,1
98,1,19.75,64,15.2832643620193,15.6422454508313,1
98,1,19.75,64,15.6422454508313,15.6564888348656,1
98,1,19.75,64,15.6564888348656,15.8140282871012,1
98,1,19.75,64,15.8140282871012,16.5940908114257,1
98,1,19.75,64,16.5940908114257,16.6593969164097,1
98,1,19.75,64,16.6593969164097,16.8161032576579,1
98,1,19.75,64,16.8161032576579,17.2080909966089,1
98,1,19.75,64,17.2080909966089,17.34471305573,1
98,1,19.75,64,17.34471305573,17.4337213766298,1
98,1,19.75,64,17.4337213766298,17.6223978620145,1
98,1,19.75,64,17.6223978620145,18.0878508553063,1
98,1,19.75,64,18.0878508553063,18.2741736345009,1
98,1,19.75,64,18.2741736345009,18.3835138051809,1
98,1,19.75,64,18.3835138051809,18.6912834152918,1
98,1,19.75,64,18.6912834152918,18.8716987022919,1
98,1,19.75,64,18.8716987022919,18.8754315852383,1
98,1,19.75,64,18.8754315852383,19.2357510902542,1
98,1,19.75,64,19.2357510902542,19.2401543485468,1
98,1,19.75,64,19.2401543485468,19.2849276415634,1
98,1,19.75,64,19.2849276415634,19.3557005853255,1
98,1,19.75,64,19.3557005853255,19.4384432924746,1
98,1,19.75,64,19.4384432924746,19.4486045540367,1
98,1,19.75,64,19.4486045540367,19.5016332662286,1
98,1,19.75,64,19.5016332662286,19.6134346476475,1
98,1,19.75,64,19.6134346476475,19.6162116681152,1
98,1,19.75,64,19.6162116681152,19.7417920033716,1
98,1,19.75,64,19.7417920033716,19.75,0
99,1,14.75,27,0,4.59739145018871,1
99,1,14.75,27,4.59739145018871,6.86412216405292,1
99,1,14.75,27,6.86412216405292,6.97080736056477,1
99,1,14.75,27,6.97080736056477,7.19578968508406,1
99,1,14.75,27,7.19578968508406,7.80094374186005,1
99,1,14.75,27,7.80094374186005,8.95546283094693,1
99,1,14.75,27,8.95546283094693,9.82612885460703,1
99,1,14.75,27,9.82612885460703,10.044922828941,1
99,1,14.75,27,10.044922828941,10.6801636633239,1
99,1,14.75,27,10.6801636633239,10.7492691947772,1
99,1,14.75,27,10.7492691947772,11.0615826939971,1
99,1,14.75,27,11.0615826939971,11.1817314309686,1
99,1,14.75,27,11.1817314309686,11.3023154670546,1
99,1,14.75,27,11.3023154670546,11.4210042885214,1
99,1,14.75,27,11.4210042885214,11.5421942656781,1
99,1,14.75,27,11.5421942656781,11.8585289528908,1
99,1,14.75,27,11.8585289528908,11.9117201932778,1
99,1,14.75,27,11.9117201932778,11.969031009716,1
99,1,14.75,27,11.969031009716,12.0610332233739,1
99,1,14.75,27,12.0610332233739,12.1118589505011,1
99,1,14.75,27,12.1118589505011,12.9698817642975,1
99,1,14.75,27,12.9698817642975,13.1881281339551,1
99,1,14.75,27,13.1881281339551,13.1966343047557,1
99,1,14.75,27,13.1966343047557,13.6065253328916,1
99,1,14.75,27,13.6065253328916,13.7483464405331,1
99,1,14.75,27,13.7483464405331,14.1252080641849,1
99,1,14.75,27,14.1252080641849,14.4072323237778,1
99,1,14.75,27,14.4072323237778,14.75,0
100,1,14.75,2,0,3.83427649359639,1
100,1,14.75,2,3.83427649359639,8.76906504278132,1
100,1,14.75,2,8.76906504278132,14.75,0
101,1,12.75,4,0,0.133858278444871,1
101,1,12.75,4,0.133858278444871,0.45575139294975,1
101,1,12.75,4,0.45575139294975,2.55878877179427,1
101,1,12.75,4,2.55878877179427,8.07630468935921,1
101,1,12.75,4,8.07630468935921,12.75,0
102,1,12.75,1,0,0.103051426317748,1
102,1,12.75,1,0.103051426317748,12.75,0
103,1,13.75,4,0,0.00584414770350391,1
103,1,13.75,4,0.00584414770350391,4.0004329165664,1
103,1,13.75,4,4.0004329165664,4.6058297624975,1
103,1,13.75,4,4.6058297624975,6.51918415242486,1
103,1,13.75,4,6.51918415242486,13.75,0
104,1,12.75,5,0,0.606241839468097,1
104,1,12.75,5,0.606241839468097,1.49019541862452,1
104,1,12.75,5,1.49019541862452,1.7157162203771,1
104,1,12.75,5,1.7157162203771,1.89972378250054,1
104,1,12.75,5,1.89972378250054,11.2602613213084,1
104,1,12.75,5,11.2602613213084,12.75,0
105,1,19.75,2,0,4.43934240973753,1
105,1,19.75,2,4.43934240973753,9.59792731473935,1
105,1,19.75,2,9.59792731473935,19.75,0
106,1,8.75,2,0,0.458422359754331,1
106,1,8.75,2,0.458422359754331,2.80834561904529,1
106,1,8.75,2,2.80834561904529,8.75,0
107,1,14.75,0,0,14.75,0
108,1,16.75,4,0,0.0212587582098513,1
108,1,16.75,4,0.0212587582098513,3.59394158700376,1
108,1,16.75,4,3.59394158700376,3.88540793867753,1
108,1,16.75,4,3.88540793867753,5.16782586729219,1
108,1,16.75,4,5.16782586729219,16.75,0
109,1,11.75,25,0,1.72228683341392,1
109,1,11.75,25,1.72228683341392,2.38926043525628,1
109,1,11.75,25,2.38926043525628,3.7516721084359,1
109,1,11.75,25,3.7516721084359,4.05958150615628,1
109,1,11.75,25,4.05958150615628,4.22500770901224,1
109,1,11.75,25,4.22500770901224,5.69078658155651,1
109,1,11.75,25,5.69078658155651,7.10716799147343,1
109,1,11.75,25,7.10716799147343,8.89838885868127,1
109,1,11.75,25,8.89838885868127,9.4540619729002,1
109,1,11.75,25,9.4540619729002,9.45804404570855,1
109,1,11.75,25,9.45804404570855,9.54855600532091,1
109,1,11.75,25,9.54855600532091,10.0381370793797,1
109,1,11.75,25,10.0381370793797,10.0679275838927,1
109,1,11.75,25,10.0679275838927,10.1592300732518,1
109,1,11.75,25,10.1592300732518,10.3116087940965,1
109,1,11.75,25,10.3116087940965,10.5188512001245,1
109,1,11.75,25,10.5188512001245,10.5754594553357,1
109,1,11.75,25,10.5754594553357,10.6116605581531,1
109,1,11.75,25,10.6116605581531,10.6748335381287,1
109,1,11.75,25,10.6748335381287,10.8419353643386,1
109,1,11.75,25,10.8419353643386,10.9933496666212,1
109,1,11.75,25,10.9933496666212,11.1282287078738,1
109,1,11.75,25,11.1282287078738,11.2216506559647,1
109,1,11.75,25,11.2216506559647,11.5143802514189,1
109,1,11.75,25,11.5143802514189,11.5335384499694,1
109,1,11.75,25,11.5335384499694,11.75,0
110,1,17.75,5,0,0.000367485576812281,1
110,1,17.75,5,0.000367485576812281,0.00683079948187449,1
110,1,17.75,5,0.00683079948187449,1.25379106931659,1
110,1,17.75,5,1.25379106931659,14.0953496057618,1
110,1,17.75,5,14.0953496057618,16.2064855095942,1
110,1,17.75,5,16.2064855095942,17.75,0
111,1,8.75,0,0,8.75,0
112,1,12.75,3,0,0.00541151695999818,1
112,1,12.75,3,0.00541151695999818,7.74354635838728,1
112,1,12.75,3,7.74354635838728,8.31511631369758,1
112,1,12.75,3,8.31511631369758,12.75,0
113,1,8.75,5,0,1.48831923281858,1
113,1,8.75,5,1.48831923281858,2.63336136818268,1
113,1,8.75,5,2.63336136818268,3.83066142987412,1
113,1,8.75,5,3.83066142987412,6.62667583986426,1
113,1,8.75,5,6.62667583986426,8.32623987550143,1
113,1,8.75,5,8.32623987550143,8.75,0
114,1,8.75,2,0,3.61461872463118,1
114,1,8.75,2,3.61461872463118,3.72490630176429,1
114,1,8.75,2,3.72490630176429,8.75,0
115,1,12.75,35,0,3.12443721490608,1
115,1,12.75,35,3.12443721490608,3.39867200525411,1
115,1,12.75,35,3.39867200525411,4.92406376321422,1
115,1,12.75,35,4.92406376321422,5.12024346197423,1
115,1,12.75,35,5.12024346197423,6.30124711008452,1
115,1,12.75,35,6.30124711008452,6.68398671418704,1
115,1,12.75,35,6.68398671418704,7.77842561370663,1
115,1,12.75,35,7.77842561370663,7.9377166115547,1
115,1,12.75,35,7.9377166115547,8.46091709177433,1
115,1,12.75,35,8.46091709177433,8.47675962926889,1
115,1,12.75,35,8.47675962926889,8.92932956683831,1
115,1,12.75,35,8.92932956683831,9.05531084413941,1
115,1,12.75,35,9.05531084413941,9.0816946101087,1
115,1,12.75,35,9.0816946101087,9.22533758801973,1
115,1,12.75,35,9.22533758801973,9.31552265900891,1
115,1,12.75,35,9.31552265900891,9.41780517698338,1
115,1,12.75,35,9.41780517698338,9.43323405301208,1
115,1,12.75,35,9.43323405301208,9.52008471028266,1
115,1,12.75,35,9.52008471028266,9.55420121609503,1
115,1,12.75,35,9.55420121609503,9.56139423947059,1
115,1,12.75,35,9.56139423947059,9.75361664348068,1
115,1,12.75,35,9.75361664348068,9.78541031958806,1
115,1,12.75,35,9.78541031958806,9.81266859445343,1
115,1,12.75,35,9.81266859445343,9.91380044325232,1
115,1,12.75,35,9.91380044325232,10.4622624723622,1
115,1,12.75,35,10.4622624723622,10.5063522653056,1
115,1,12.75,35,10.5063522653056,10.6221700486765,1
115,1,12.75,35,10.6221700486765,10.9445990000383,1
115,1,12.75,35,10.9445990000383,11.0013948864592,1
115,1,12.75,35,11.0013948864592,11.1487109429263,1
115,1,12.75,35,11.1487109429263,11.5432879649882,1
115,1,12.75,35,11.5432879649882,11.8592711738724,1
115,1,12.75,35,11.8592711738724,12.0578218748478,1
115,1,12.75,35,12.0578218748478,12.5532411096951,1
115,1,12.75,35,12.5532411096951,12.7429091796623,1
115,1,12.75,35,12.7429091796623,12.75,0
116,1,8.75,2,0,0.516478059936005,1
116,1,8.75,2,0.516478059936005,2.21353926283687,1
116,1,8.75,2,2.21353926283687,8.75,0
117,1,16.75,1,0,2.8212645775114,1
117,1,16.75,1,2.8212645775114,16.75,0
118,1,14.75,1,0,1.58885235814826,1
118,1,14.75,1,1.58885235814826,14.75,0
119,1,15.75,0,0,15.75,0
120,1,11.75,2,0,9.79323880409526,1
120,1,11.75,2,9.79323880409526,11.2964287024763,1
120,1,11.75,2,11.2964287024763,11.75,0
121,1,11.75,15,0,3.37747513419663,1
121,1,11.75,15,3.37747513419663,5.80204327685308,1
121,1,11.75,15,5.80204327685308,6.83907665515954,1
121,1,11.75,15,6.83907665515954,7.67972639772083,1
121,1,11.75,15,7.67972639772083,7.83216825064902,1
121,1,11.75,15,7.83216825064902,8.8458490796642,1
121,1,11.75,15,8.8458490796642,9.155396798037,1
121,1,11.75,15,9.155396798037,9.16918901013724,1
121,1,11.75,15,9.16918901013724,9.76752466632281,1
121,1,11.75,15,9.76752466632281,10.2556114006992,1
121,1,11.75,15,10.2556114006992,10.3192416238315,1
121,1,11.75,15,10.3192416238315,10.6528842959633,1
121,1,11.75,15,10.6528842959633,10.8871777330201,1
121,1,11.75,15,10.8871777330201,11.0823549041074,1
121,1,11.75,15,11.0823549041074,11.5739793603895,1
121,1,11.75,15,11.5739793603895,11.75,0
122,1,16.75,1,0,6.71928244841441,1
122,1,16.75,1,6.71928244841441,16.75,0
123,1,17.75,36,0,4.44242235967485,1
123,1,17.75,36,4.44242235967485,6.88740498206583,1
123,1,17.75,36,6.88740498206583,7.23579825810593,1
123,1,17.75,36,7.23579825810593,8.36627513807316,1
123,1,17.75,36,8.36627513807316,8.40557856427497,1
123,1,17.75,36,8.40557856427497,9.24785785407065,1
123,1,17.75,36,9.24785785407065,9.53601270344904,1
123,1,17.75,36,9.53601270344904,10.5286287164953,1
123,1,17.75,36,10.5286287164953,10.7469987961105,1
123,1,17.75,36,10.7469987961105,11.4111737070111,1
123,1,17.75,36,11.4111737070111,11.9803598144593,1
123,1,17.75,36,11.9803598144593,12.485264182195,1
123,1,17.75,36,12.485264182195,12.9669125157293,1
123,1,17.75,36,12.9669125157293,12.9918378422539,1
123,1,17.75,36,12.9918378422539,13.1262509242912,1
123,1,17.75,36,13.1262509242912,14.1029503860517,1
123,1,17.75,36,14.1029503860517,14.1203234093178,1
123,1,17.75,36,14.1203234093178,14.2115320045918,1
123,1,17.75,36,14.2115320045918,14.7795183112984,1
123,1,17.75,36,14.7795183112984,15.6543892407672,1
123,1,17.75,36,15.6543892407672,15.6884119192815,1
123,1,17.75,36,15.6884119192815,15.8401401996909,1
123,1,17.75,36,15.8401401996909,16.0248081450248,1
123,1,17.75,36,16.0248081450248,16.0883320612164,1
123,1,17.75,36,16.0883320612164,16.4958335172477,1
123,1,17.75,36,16.4958335172477,16.5220525619133,1
123,1,17.75,36,16.5220525619133,16.5455570660251,1
123,1,17.75,36,16.5455570660251,16.546304453546,1
123,1,17.75,36,16.546304453546,16.5928861671669,1
123,1,17.75,36,16.5928861671669,16.6561948548955,1
123,1,17.75,36,16.6561948548955,16.9191852262603,1
123,1,17.75,36,16.9191852262603,17.1090767322156,1
123,1,17.75,36,17.1090767322156,17.2949447585139,1
123,1,17.75,36,17.2949447585139,17.3133855963611,1
123,1,17.75,36,17.3133855963611,17.5562921273713,1
123,1,17.75,36,17.5562921273713,17.6053020872986,1
123,1,17.75,36,17.6053020872986,17.75,0
124,1,14.75,22,0,3.45335328981676,1
124,1,14.75,22,3.45335328981676,4.35159573780389,1
124,1,14.75,22,4.35159573780389,5.95278416040541,1
124,1,14.75,22,5.95278416040541,6.1951216953376,1
124,1,14.75,22,6.1951216953376,6.53250440812669,1
124,1,14.75,22,6.53250440812669,9.21674026128585,1
124,1,14.75,22,9.21674026128585,9.55253180996688,1
124,1,14.75,22,9.55253180996688,10.0394631962774,1
124,1,14.75,22,10.0394631962774,10.2630132495557,1
124,1,14.75,22,10.2630132495557,10.5198556670694,1
124,1,14.75,22,10.5198556670694,11.6813136368926,1
124,1,14.75,22,11.6813136368926,11.6983414936523,1
124,1,14.75,22,11.6983414936523,11.9031031483208,1
124,1,14.75,22,11.9031031483208,11.9356756195782,1
124,1,14.75,22,11.9356756195782,11.9618387770235,1
124,1,14.75,22,11.9618387770235,12.7579818096635,1
124,1,14.75,22,12.7579818096635,12.7771724467896,1
124,1,14.75,22,12.7771724467896,13.1263764450978,1
124,1,14.75,22,13.1263764450978,13.3051996759329,1
124,1,14.75,22,13.3051996759329,14.3164419989087,1
124,1,14.75,22,14.3164419989087,14.3736711779545,1
124,1,14.75,22,14.3736711779545,14.5401460045621,1
124,1,14.75,22,14.5401460045621,14.75,0
125,1,10.75,1,0,2.92522318197944,1
125,1,10.75,1,2.92522318197944,10.75,0
126,1,14.75,4,0,5.01001441119011,1
126,1,14.75,4,5.01001441119011,7.50243299605979,1
126,1,14.75,4,7.50243299605979,8.68660799411022,1
126,1,14.75,4,8.68660799411022,13.5529068925054,1
126,1,14.75,4,13.5529068925054,14.75,0
127,1,15.75,2,0,0.00714330310245141,1
127,1,15.75,2,0.00714330310245141,7.38370510023929,1
127,1,15.75,2,7.38370510023929,15.75,0
128,1,15.75,4,0,1.02783284758545,1
128,1,15.75,4,1.02783284758545,4.08040528159205,1
128,1,15.75,4,4.08040528159205,5.20348143844839,1
128,1,15.75,4,5.20348143844839,12.0329069592274,1
128,1,15.75,4,12.0329069592274,15.75,0
129,1,16.75,9,0,0.000259649869314618,1
129,1,16.75,9,0.000259649869314618,0.00358970185154759,1
129,1,16.75,9,0.00358970185154759,0.420880151638158,1
129,1,16.75,9,0.420880151638158,1.50186346797127,1
129,1,16.75,9,1.50186346797127,2.54427079978532,1
129,1,16.75,9,2.54427079978532,6.30463070836242,1
129,1,16.75,9,6.30463070836242,10.3750518493278,1
129,1,16.75,9,10.3750518493278,11.2823898631208,1
129,1,16.75,9,11.2823898631208,12.6805597907893,1
129,1,16.75,9,12.6805597907893,16.75,0
130,1,13.75,24,0,1.76934728262698,1
130,1,13.75,24,1.76934728262698,3.87297734225071,1
130,1,13.75,24,3.87297734225071,3.95505007162015,1
130,1,13.75,24,3.95505007162015,5.20441980299246,1
130,1,13.75,24,5.20441980299246,7.27006287314692,1
130,1,13.75,24,7.27006287314692,7.28483276626438,1
130,1,13.75,24,7.28483276626438,7.38722786152091,1
130,1,13.75,24,7.38722786152091,7.73069710061558,1
130,1,13.75,24,7.73069710061558,8.3416893563272,1
130,1,13.75,24,8.3416893563272,8.67959123718098,1
130,1,13.75,24,8.67959123718098,9.89271475559379,1
130,1,13.75,24,9.89271475559379,10.1343422421217,1
130,1,13.75,24,10.1343422421217,10.1792438635332,1
130,1,13.75,24,10.1792438635332,10.4196355494661,1
130,1,13.75,24,10.4196355494661,10.4643266081963,1
130,1,13.75,24,10.4643266081963,10.54400149781,1
130,1,13.75,24,10.54400149781,11.2165482412804,1
130,1,13.75,24,11.2165482412804,12.4006632109001,1
130,1,13.75,24,12.4006632109001,12.4230301518127,1
130,1,13.75,24,12.4230301518127,12.8755341239627,1
130,1,13.75,24,12.8755341239627,13.0470217557306,1
130,1,13.75,24,13.0470217557306,13.1949343548521,1
130,1,13.75,24,13.1949343548521,13.282439063819,1
130,1,13.75,24,13.282439063819,13.4722343895068,1
130,1,13.75,24,13.4722343895068,13.75,0
131,1,15.75,4,0,0.497754989957681,1
131,1,15.75,4,0.497754989957681,0.921713503534987,1
131,1,15.75,4,0.921713503534987,8.19752205574021,1
131,1,15.75,4,8.19752205574021,11.3930800887613,1
131,1,15.75,4,11.3930800887613,15.75,0
132,1,14.75,5,0,0.837930162560666,1
132,1,14.75,5,0.837930162560666,2.61931152837289,1
132,1,14.75,5,2.61931152837289,7.86983209997883,1
132,1,14.75,5,7.86983209997883,12.3821921597344,1
132,1,14.75,5,12.3821921597344,13.4174495359718,1
132,1,14.75,5,13.4174495359718,14.75,0
133,1,19.75,68,0,4.46654747529537,1
133,1,19.75,68,4.46654747529537,6.07097873029124,1
133,1,19.75,68,6.07097873029124,6.3399005583144,1
133,1,19.75,68,6.3399005583144,6.50019715434849,1
133,1,19.75,68,6.50019715434849,7.45936548957618,1
133,1,19.75,68,7.45936548957618,7.4897487829488,1
133,1,19.75,68,7.4897487829488,7.50926083980526,1
133,1,19.75,68,7.50926083980526,7.54239686665877,1
133,1,19.75,68,7.54239686665877,7.69236456268746,1
133,1,19.75,68,7.69236456268746,7.76535946576534,1
133,1,19.75,68,7.76535946576534,7.95647408725019,1
133,1,19.75,68,7.95647408725019,8.48896950827132,1
133,1,19.75,68,8.48896950827132,9.0931495600524,1
133,1,19.75,68,9.0931495600524,9.12798638993022,1
133,1,19.75,68,9.12798638993022,9.24032842793271,1
133,1,19.75,68,9.24032842793271,9.35589606751661,1
133,1,19.75,68,9.35589606751661,9.94437218001698,1
133,1,19.75,68,9.94437218001698,10.1362566313153,1
133,1,19.75,68,10.1362566313153,10.2910083016727,1
133,1,19.75,68,10.2910083016727,10.4271048792536,1
133,1,19.75,68,10.4271048792536,11.2456575979659,1
133,1,19.75,68,11.2456575979659,11.2854512466474,1
133,1,19.75,68,11.2854512466474,11.458445669582,1
133,1,19.75,68,11.458445669582,11.6478493423555,1
133,1,19.75,68,11.6478493423555,11.6729150695401,1
133,1,19.75,68,11.6729150695401,11.7487669673992,1
133,1,19.75,68,11.7487669673992,12.24888227025,1
133,1,19.75,68,12.24888227025,12.2863200872994,1
133,1,19.75,68,12.2863200872994,12.3778503983128,1
133,1,19.75,68,12.3778503983128,12.4320688690791,1
133,1,19.75,68,12.4320688690791,12.4417826475053,1
133,1,19.75,68,12.4417826475053,12.4640016687827,1
133,1,19.75,68,12.4640016687827,12.8689581290001,1
133,1,19.75,68,12.8689581290001,13.0550312102221,1
133,1,19.75,68,13.0550312102221,13.1947942688694,1
133,1,19.75,68,13.1947942688694,13.6213068341574,1
133,1,19.75,68,13.6213068341574,14.1444719066694,1
133,1,19.75,68,14.1444719066694,14.2779303576118,1
133,1,19.75,68,14.2779303576118,14.3290264318005,1
133,1,19.75,68,14.3290264318005,14.380372983642,1
133,1,19.75,68,14.380372983642,14.5133180032673,1
133,1,19.75,68,14.5133180032673,15.8653478294753,1
133,1,19.75,68,15.8653478294753,16.5800584821679,1
133,1,19.75,68,16.5800584821679,16.9074007454914,1
133,1,19.75,68,16.9074007454914,17.2079769902491,1
133,1,19.75,68,17.2079769902491,17.263182516079,1
133,1,19.75,68,17.263182516079,17.3165256756651,1
133,1,19.75,68,17.3165256756651,17.3790330910591,1
133,1,19.75,68,17.3790330910591,17.554372843026,1
133,1,19.75,68,17.554372843026,17.9400900635224,1
133,1,19.75,68,17.9400900635224,18.1282192130875,1
133,1,19.75,68,18.1282192130875,18.1497449413673,1
133,1,19.75,68,18.1497449413673,18.1556775005799,1
133,1,19.75,68,18.1556775005799,18.1867995709039,1
133,1,19.75,68,18.1867995709039,18.211317145869,1
133,1,19.75,68,18.211317145869,18.3479019547398,1
133,1,19.75,68,18.3479019547398,18.4237381704493,1
133,1,19.75,68,18.4237381704493,18.5970449545162,1
133,1,19.75,68,18.5970449545162,18.6849492440491,1
133,1,19.75,68,18.6849492440491,18.8453373142266,1
133,1,19.75,68,18.8453373142266,19.0397836321329,1
133,1,19.75,68,19.0397836321329,19.0507012426281,1
133,1,19.75,68,19.0507012426281,19.2654010137276,1
133,1,19.75,68,19.2654010137276,19.2888256593895,1
133,1,19.75,68,19.2888256593895,19.4361654376158,1
133,1,19.75,68,19.4361654376158,19.5360534197485,1
133,1,19.75,68,19.5360534197485,19.5650983564577,1
133,1,19.75,68,19.5650983564577,19.595194043344,1
133,1,19.75,68,19.595194043344,19.75,0
134,1,17.75,2,0,0.561021560950207,1
134,1,17.75,2,0.561021560950207,1.42860982896574,1
134,1,17.75,2,1.42860982896574,17.75,0
135,1,13.75,3,0,0.0319986846915712,1
135,1,13.75,3,0.0319986846915712,0.977124212678085,1
135,1,13.75,3,0.977124212678085,1.31455971789223,1
135,1,13.75,3,1.31455971789223,13.75,0
136,1,11.75,2,0,2.12135136420993,1
136,1,11.75,2,2.12135136420993,9.53519860212783,1
136,1,11.75,2,9.53519860212783,11.75,0
137,1,11.75,17,0,4.31014576332456,1
137,1,11.75,17,4.31014576332456,5.2271547388512,1
137,1,11.75,17,5.2271547388512,5.40298988663271,1
137,1,11.75,17,5.40298988663271,5.91388201115185,1
137,1,11.75,17,5.91388201115185,6.31803569754083,1
137,1,11.75,17,6.31803569754083,7.06437133723733,1
137,1,11.75,17,7.06437133723733,7.16161521866654,1
137,1,11.75,17,7.16161521866654,8.09773344236438,1
137,1,11.75,17,8.09773344236438,8.11121427014382,1
137,1,11.75,17,8.11121427014382,9.3409728475655,1
137,1,11.75,17,9.3409728475655,9.42509131104982,1
137,1,11.75,17,9.42509131104982,9.962328383448,1
137,1,11.75,17,9.962328383448,9.97551882550193,1
137,1,11.75,17,9.97551882550193,9.98726496607162,1
137,1,11.75,17,9.98726496607162,10.0582874572008,1
137,1,11.75,17,10.0582874572008,10.7619012168506,1
137,1,11.75,17,10.7619012168506,11.5587171982354,1
137,1,11.75,17,11.5587171982354,11.75,0
138,1,17.75,4,0,0.107070871392972,1
138,1,17.75,4,0.107070871392972,2.71343360152371,1
138,1,17.75,4,2.71343360152371,4.41830470946555,1
138,1,17.75,4,4.41830470946555,17.3340752240401,1
138,1,17.75,4,17.3340752240401,17.75,0
139,1,13.75,33,0,1.8970670652063,1
139,1,13.75,33,1.8970670652063,5.21841026755111,1
139,1,13.75,33,5.21841026755111,5.65656086835948,1
139,1,13.75,33,5.65656086835948,5.89085391378028,1
139,1,13.75,33,5.89085391378028,6.01803044791621,1
139,1,13.75,33,6.01803044791621,6.20070568149774,1
139,1,13.75,33,6.20070568149774,7.2569594091641,1
139,1,13.75,33,7.2569594091641,7.97324221299184,1
139,1,13.75,33,7.97324221299184,8.51158600170958,1
139,1,13.75,33,8.51158600170958,9.10653880443612,1
139,1,13.75,33,9.10653880443612,9.2009197296878,1
139,1,13.75,33,9.2009197296878,9.4179881016477,1
139,1,13.75,33,9.4179881016477,9.5308474247039,1
139,1,13.75,33,9.5308474247039,9.67724731503551,1
139,1,13.75,33,9.67724731503551,10.0092810471928,1
139,1,13.75,33,10.0092810471928,10.499277581955,1
139,1,13.75,33,10.499277581955,10.6112613883762,1
139,1,13.75,33,10.6112613883762,10.8547590111291,1
139,1,13.75,33,10.8547590111291,11.0365794452704,1
139,1,13.75,33,11.0365794452704,11.3517480850711,1
139,1,13.75,33,11.3517480850711,11.6723460281453,1
139,1,13.75,33,11.6723460281453,11.7059379898362,1
139,1,13.75,33,11.7059379898362,12.068834955788,1
139,1,13.75,33,12.068834955788,12.0969778545331,1
139,1,13.75,33,12.0969778545331,12.1531380848549,1
139,1,13.75,33,12.1531380848549,12.5548467239094,1
139,1,13.75,33,12.5548467239094,12.6087000752336,1
139,1,13.75,33,12.6087000752336,12.7021715422195,1
139,1,13.75,33,12.7021715422195,12.7639746088427,1
139,1,13.75,33,12.7639746088427,12.8185321891895,1
139,1,13.75,33,12.8185321891895,12.9394217387498,1
139,1,13.75,33,12.9394217387498,13.0582858368339,1
139,1,13.75,33,13.0582858368339,13.3227765034741,1
139,1,13.75,33,13.3227765034741,13.75,0
140,1,16.75,1,0,0.577609363300991,1
140,1,16.75,1,0.577609363300991,16.75,0
141,1,14.75,29,0,3.74728947452153,1
141,1,14.75,29,3.74728947452153,4.11761489547579,1
141,1,14.75,29,4.11761489547579,4.75880701794783,1
141,1,14.75,29,4.75880701794783,4.86834844980966,1
141,1,14.75,29,4.86834844980966,5.10385272893626,1
141,1,14.75,29,5.10385272893626,5.24139817338949,1
141,1,14.75,29,5.24139817338949,5.76461918664471,1
141,1,14.75,29,5.76461918664471,6.27082736565086,1
141,1,14.75,29,6.27082736565086,6.80066441703531,1
141,1,14.75,29,6.80066441703531,8.30030727040374,1
141,1,14.75,29,8.30030727040374,8.7268884482619,1
141,1,14.75,29,8.7268884482619,8.90693581448422,1
141,1,14.75,29,8.90693581448422,9.15448797545536,1
141,1,14.75,29,9.15448797545536,9.50300657505087,1
141,1,14.75,29,9.50300657505087,9.65312736182293,1
141,1,14.75,29,9.65312736182293,9.86171954830908,1
141,1,14.75,29,9.86171954830908,9.92945914445219,1
141,1,14.75,29,9.92945914445219,11.3933246576842,1
141,1,14.75,29,11.3933246576842,11.4050867562341,1
141,1,14.75,29,11.4050867562341,12.0409679279974,1
141,1,14.75,29,12.0409679279974,13.1839481600244,1
141,1,14.75,29,13.1839481600244,13.4235388711886,1
141,1,14.75,29,13.4235388711886,13.442989648943,1
141,1,14.75,29,13.442989648943,13.5990600410373,1
141,1,14.75,29,13.5990600410373,13.6117337465753,1
141,1,14.75,29,13.6117337465753,13.920374044435,1
141,1,14.75,29,13.920374044435,14.519343485347,1
141,1,14.75,29,14.519343485347,14.666224482845,1
141,1,14.75,29,14.666224482845,14.6848232657664,1
141,1,14.75,29,14.6848232657664,14.75,0
142,1,8.75,0,0,8.75,0
143,1,19.75,2,0,1.83015408514539,1
143,1,19.75,2,1.83015408514539,17.8430787041111,1
143,1,19.75,2,17.8430787041111,19.75,0
144,1,12.75,23,0,1.64804517865486,1
144,1,12.75,23,1.64804517865486,6.34681669313303,1
144,1,12.75,23,6.34681669313303,6.9897351096899,1
144,1,12.75,23,6.9897351096899,7.32780424381321,1
144,1,12.75,23,7.32780424381321,7.49491706711042,1
144,1,12.75,23,7.49491706711042,7.69392239105861,1
144,1,12.75,23,7.69392239105861,7.72992199570304,1
144,1,12.75,23,7.72992199570304,8.15797143295287,1
144,1,12.75,23,8.15797143295287,8.53231955221716,1
144,1,12.75,23,8.53231955221716,8.86901232478214,1
144,1,12.75,23,8.86901232478214,8.92141737694294,1
144,1,12.75,23,8.92141737694294,8.93203239734571,1
144,1,12.75,23,8.93203239734571,9.00317379447239,1
144,1,12.75,23,9.00317379447239,10.862959078319,1
144,1,12.75,23,10.862959078319,11.23904343076,1
144,1,12.75,23,11.23904343076,11.3383573468318,1
144,1,12.75,23,11.3383573468318,11.4283893153482,1
144,1,12.75,23,11.4283893153482,11.6338576423627,1
144,1,12.75,23,11.6338576423627,11.6890635418593,1
144,1,12.75,23,11.6890635418593,11.8295999849547,1
144,1,12.75,23,11.8295999849547,12.2303782664315,1
144,1,12.75,23,12.2303782664315,12.2915515236327,1
144,1,12.75,23,12.2915515236327,12.6301061206043,1
144,1,12.75,23,12.6301061206043,12.75,0
145,1,11.75,3,0,0.133718041040759,1
145,1,11.75,3,0.133718041040759,0.543266320510277,1
145,1,11.75,3,0.543266320510277,2.07751221366879,1
145,1,11.75,3,2.07751221366879,11.75,0
146,1,17.75,34,0,4.01105330539742,1
146,1,17.75,34,4.01105330539742,4.41628824976135,1
146,1,17.75,34,4.41628824976135,7.53244601719437,1
146,1,17.75,34,7.53244601719437,8.09206407968914,1
146,1,17.75,34,8.09206407968914,10.6900360233327,1
146,1,17.75,34,10.6900360233327,10.792025913301,1
146,1,17.75,34,10.792025913301,11.376917647457,1
146,1,17.75,34,11.376917647457,11.4237816107465,1
146,1,17.75,34,11.4237816107465,11.6806990069941,1
146,1,17.75,34,11.6806990069941,12.0771847519707,1
146,1,17.75,34,12.0771847519707,12.648524169676,1
146,1,17.75,34,12.648524169676,12.7660819910674,1
146,1,17.75,34,12.7660819910674,13.0063746122917,1
146,1,17.75,34,13.0063746122917,13.7215131731494,1
146,1,17.75,34,13.7215131731494,13.773581148122,1
146,1,17.75,34,13.773581148122,13.9906232633324,1
146,1,17.75,34,13.9906232633324,14.1216505065253,1
146,1,17.75,34,14.1216505065253,14.3914147426545,1
146,1,17.75,34,14.3914147426545,14.5863049286561,1
146,1,17.75,34,14.5863049286561,14.9774836231275,1
146,1,17.75,34,14.9774836231275,15.0880308737938,1
146,1,17.75,34,15.0880308737938,15.4617668860724,1
146,1,17.75,34,15.4617668860724,15.5364129476443,1
146,1,17.75,34,15.5364129476443,15.5690090311159,1
146,1,17.75,34,15.5690090311159,15.6388571637318,1
146,1,17.75,34,15.6388571637318,15.7022825637738,1
146,1,17.75,34,15.7022825637738,16.2622428927558,1
146,1,17.75,34,16.2622428927558,16.8059049905425,1
146,1,17.75,34,16.8059049905425,16.8315002113211,1
146,1,17.75,34,16.8315002113211,16.8541978203217,1
146,1,17.75,34,16.8541978203217,17.0575650378648,1
146,1,17.75,34,17.0575650378648,17.4176989842832,1
146,1,17.75,34,17.4176989842832,17.4481865291089,1
146,1,17.75,34,17.4481865291089,17.660767682412,1
146,1,17.75,34,17.660767682412,17.75,0
147,1,19.75,1,0,7.66325103250409,1
147,1,19.75,1,7.66325103250409,19.75,0
148,1,19.75,22,0,0.892472575553821,1
148,1,19.75,22,0.892472575553821,4.5666092749777,1
148,1,19.75,22,4.5666092749777,5.36036187024875,1
148,1,19.75,22,5.36036187024875,9.1834717060323,1
148,1,19.75,22,9.1834717060323,9.20539235784778,1
148,1,19.75,22,9.20539235784778,9.65508940065707,1
148,1,19.75,22,9.65508940065707,9.67450222426414,1
148,1,19.75,22,9.67450222426414,9.80762976273633,1
148,1,19.75,22,9.80762976273633,10.2677279626066,1
148,1,19.75,22,10.2677279626066,11.2877415015078,1
148,1,19.75,22,11.2877415015078,12.3300623374332,1
148,1,19.75,22,12.3300623374332,13.4074331524606,1
148,1,19.75,22,13.4074331524606,13.530185012859,1
148,1,19.75,22,13.530185012859,14.4013975146215,1
148,1,19.75,22,14.4013975146215,15.1609378435229,1
148,1,19.75,22,15.1609378435229,16.6544617080716,1
148,1,19.75,22,16.6544617080716,17.6933076834019,1
148,1,19.75,22,17.6933076834019,17.7480065643941,1
148,1,19.75,22,17.7480065643941,17.9722073702531,1
148,1,19.75,22,17.9722073702531,18.9510067234681,1
148,1,19.75,22,18.9510067234681,19.5339283628766,1
148,1,19.75,22,19.5339283628766,19.5723580618712,1
148,1,19.75,22,19.5723580618712,19.75,0
149,1,18.75,54,0,1.27605042161221,1
149,1,18.75,54,1.27605042161221,5.75489749695971,1
149,1,18.75,54,5.75489749695971,6.84531510025215,1
149,1,18.75,54,6.84531510025215,7.14781703187609,1
149,1,18.75,54,7.14781703187609,7.15636054920611,1
149,1,18.75,54,7.15636054920611,7.17187729831304,1
149,1,18.75,54,7.17187729831304,7.8724768599188,1
149,1,18.75,54,7.8724768599188,7.95149414068117,1
149,1,18.75,54,7.95149414068117,8.07369913952037,1
149,1,18.75,54,8.07369913952037,8.19979362220658,1
149,1,18.75,54,8.19979362220658,8.717223658889,1
149,1,18.75,54,8.717223658889,9.82252277848781,1
149,1,18.75,54,9.82252277848781,9.97335086260411,1
149,1,18.75,54,9.97335086260411,10.871302200066,1
149,1,18.75,54,10.871302200066,10.971048106277,1
149,1,18.75,54,10.971048106277,10.9823294824174,1
149,1,18.75,54,10.9823294824174,11.5715416410158,1
149,1,18.75,54,11.5715416410158,11.7905609579683,1
149,1,18.75,54,11.7905609579683,12.3601516499065,1
149,1,18.75,54,12.3601516499065,12.4264325311824,1
149,1,18.75,54,12.4264325311824,12.6601467842514,1
149,1,18.75,54,12.6601467842514,12.7017761984976,1
149,1,18.75,54,12.7017761984976,12.726419640658,1
149,1,18.75,54,12.726419640658,12.8637310205359,1
149,1,18.75,54,12.8637310205359,13.555434183915,1
149,1,18.75,54,13.555434183915,13.5764455661286,1
149,1,18.75,54,13.5764455661286,13.7388979133398,1
149,1,18.75,54,13.7388979133398,14.3942716736551,1
149,1,18.75,54,14.3942716736551,14.5012382232875,1
149,1,18.75,54,14.5012382232875,14.6266026414637,1
149,1,18.75,54,14.6266026414637,14.7322367791663,1
149,1,18.75,54,14.7322367791663,14.9417750388828,1
149,1,18.75,54,14.9417750388828,15.3997492471329,1
149,1,18.75,54,15.3997492471329,15.6745721311286,1
149,1,18.75,54,15.6745721311286,15.7109542490389,1
149,1,18.75,54,15.7109542490389,15.9164100843431,1
149,1,18.75,54,15.9164100843431,16.3052478408945,1
149,1,18.75,54,16.3052478408945,16.5947942704974,1
149,1,18.75,54,16.5947942704974,16.6107858198484,1
149,1,18.75,54,16.6107858198484,16.811167392697,1
149,1,18.75,54,16.811167392697,17.0215343269676,1
149,1,18.75,54,17.0215343269676,17.2172495294487,1
149,1,18.75,54,17.2172495294487,17.4493423258697,1
149,1,18.75,54,17.4493423258697,17.6441865526887,1
149,1,18.75,54,17.6441865526887,17.6992418456099,1
149,1,18.75,54,17.6992418456099,17.7364767974702,1
149,1,18.75,54,17.7364767974702,17.7460476229193,1
149,1,18.75,54,17.7460476229193,17.9504305602274,1
149,1,18.75,54,17.9504305602274,17.9723655547662,1
149,1,18.75,54,17.9723655547662,18.00227403168,1
149,1,18.75,54,18.00227403168,18.1238224338238,1
149,1,18.75,54,18.1238224338238,18.3470394886546,1
149,1,18.75,54,18.3470394886546,18.5186910952981,1
149,1,18.75,54,18.5186910952981,18.5251632863899,1
149,1,18.75,54,18.5251632863899,18.75,0
150,1,18.75,56,0,4.55594166217791,1
150,1,18.75,56,4.55594166217791,6.20835531915756,1
150,1,18.75,56,6.20835531915756,6.26603083030037,1
150,1,18.75,56,6.26603083030037,6.33697828570848,1
150,1,18.75,56,6.33697828570848,7.18822007037485,1
150,1,18.75,56,7.18822007037485,8.36470094543208,1
150,1,18.75,56,8.36470094543208,8.76416719259056,1
150,1,18.75,56,8.76416719259056,9.45788439723636,1
150,1,18.75,56,9.45788439723636,9.53547240194131,1
150,1,18.75,56,9.53547240194131,9.55309879804341,1
150,1,18.75,56,9.55309879804341,10.481528494609,1
150,1,18.75,56,10.481528494609,10.4882806708705,1
150,1,18.75,56,10.4882806708705,10.6060673463907,1
150,1,18.75,56,10.6060673463907,10.8313029322535,1
150,1,18.75,56,10.8313029322535,10.9933385101487,1
150,1,18.75,56,10.9933385101487,11.535710759294,1
150,1,18.75,56,11.535710759294,11.5478996032729,1
150,1,18.75,56,11.5478996032729,11.6612853393924,1
150,1,18.75,56,11.6612853393924,11.7892492568396,1
150,1,18.75,56,11.7892492568396,12.0070168803917,1
150,1,18.75,56,12.0070168803917,12.0795980616532,1
150,1,18.75,56,12.0795980616532,13.5979356403566,1
150,1,18.75,56,13.5979356403566,13.8559177473292,1
150,1,18.75,56,13.8559177473292,13.9115737705895,1
150,1,18.75,56,13.9115737705895,14.1978159452014,1
150,1,18.75,56,14.1978159452014,14.5155456711823,1
150,1,18.75,56,14.5155456711823,14.545227711765,1
150,1,18.75,56,14.545227711765,14.6348130626214,1
150,1,18.75,56,14.6348130626214,14.7623559674013,1
150,1,18.75,56,14.7623559674013,15.0432617546066,1
150,1,18.75,56,15.0432617546066,15.108765845542,1
150,1,18.75,56,15.108765845542,15.3746159981913,1
150,1,18.75,56,15.3746159981913,15.6435032727464,1
150,1,18.75,56,15.6435032727464,15.7248154811966,1
150,1,18.75,56,15.7248154811966,15.9237566981025,1
150,1,18.75,56,15.9237566981025,15.9741568997711,1
150,1,18.75,56,15.9741568997711,16.1607357887988,1
150,1,18.75,56,16.1607357887988,16.1733069849819,1
150,1,18.75,56,16.1733069849819,16.2173595301043,1
150,1,18.75,56,16.2173595301043,16.2485570965538,1
150,1,18.75,56,16.2485570965538,16.3265935337075,1
150,1,18.75,56,16.3265935337075,16.4921612246841,1
150,1,18.75,56,16.4921612246841,17.0992784189226,1
150,1,18.75,56,17.0992784189226,17.2183692994139,1
150,1,18.75,56,17.2183692994139,17.3675296884381,1
150,1,18.75,56,17.3675296884381,17.6497418564341,1
150,1,18.75,56,17.6497418564341,17.6903484689783,1
150,1,18.75,56,17.6903484689783,17.8768514418354,1
150,1,18.75,56,17.8768514418354,17.8822333587303,1
150,1,18.75,56,17.8822333587303,18.0138739182999,1
150,1,18.75,56,18.0138739182999,18.0341385820417,1
150,1,18.75,56,18.0341385820417,18.2373665048786,1
150,1,18.75,56,18.2373665048786,18.4884466919415,1
150,1,18.75,56,18.4884466919415,18.579562076354,1
150,1,18.75,56,18.579562076354,18.6647740970079,1
150,1,18.75,56,18.6647740970079,18.6784064901326,1
150,1,18.75,56,18.6784064901326,18.75,0
151,1,12.75,2,0,0.167296940224501,1
151,1,12.75,2,0.167296940224501,3.24901595342092,1
151,1,12.75,2,3.24901595342092,12.75,0
152,1,16.75,6,0,0.762935904411963,1
152,1,16.75,6,0.762935904411963,1.89948471622538,1
152,1,16.75,6,1.89948471622538,2.57903620313651,1
152,1,16.75,6,2.57903620313651,7.17995760569374,1
152,1,16.75,6,7.17995760569374,16.5389661507866,1
152,1,16.75,6,16.5389661507866,16.7137160178247,1
152,1,16.75,6,16.7137160178247,16.75,0
153,1,18.75,2,0,6.28710705754944,1
153,1,18.75,2,6.28710705754944,12.6731446933156,1
153,1,18.75,2,12.6731446933156,18.75,0
154,1,8.75,3,0,0.137628117284873,1
154,1,8.75,3,0.137628117284873,4.30518157682048,1
154,1,8.75,3,4.30518157682048,4.45815053339578,1
154,1,8.75,3,4.45815053339578,8.75,0
155,1,14.75,2,0,8.90690687713926,1
155,1,14.75,2,8.90690687713926,9.67728706761523,1
155,1,14.75,2,9.67728706761523,14.75,0
156,1,8.75,1,0,0.818877307170956,1
156,1,8.75,1,0.818877307170956,8.75,0
157,1,8.75,9,0,0.699821073321322,1
157,1,8.75,9,0.699821073321322,4.82925375071745,1
157,1,8.75,9,4.82925375071745,5.09600358436603,1
157,1,8.75,9,5.09600358436603,5.53092855580658,1
157,1,8.75,9,5.53092855580658,5.57578721066381,1
157,1,8.75,9,5.57578721066381,5.611819464289,1
157,1,8.75,9,5.611819464289,6.58406663870935,1
157,1,8.75,9,6.58406663870935,7.21170354155922,1
157,1,8.75,9,7.21170354155922,8.7040107705157,1
157,1,8.75,9,8.7040107705157,8.75,0
158,1,16.75,1,0,13.4087236765325,1
158,1,16.75,1,13.4087236765325,16.75,0
159,1,15.75,40,0,3.21742548994912,1
159,1,15.75,40,3.21742548994912,3.23900978744555,1
159,1,15.75,40,3.23900978744555,3.84618780206371,1
159,1,15.75,40,3.84618780206371,4.57546558830797,1
159,1,15.75,40,4.57546558830797,5.06084240292708,1
159,1,15.75,40,5.06084240292708,6.34942043375169,1
159,1,15.75,40,6.34942043375169,6.48429610751265,1
159,1,15.75,40,6.48429610751265,6.68529501042069,1
159,1,15.75,40,6.68529501042069,7.00748710777687,1
159,1,15.75,40,7.00748710777687,7.07909671642953,1
159,1,15.75,40,7.07909671642953,7.89177988349749,1
159,1,15.75,40,7.89177988349749,8.05522225185046,1
159,1,15.75,40,8.05522225185046,8.26855848193298,1
159,1,15.75,40,8.26855848193298,8.39266679456829,1
159,1,15.75,40,8.39266679456829,8.85097559327406,1
159,1,15.75,40,8.85097559327406,9.16430719478994,1
159,1,15.75,40,9.16430719478994,9.78483318382135,1
159,1,15.75,40,9.78483318382135,10.4907120742174,1
159,1,15.75,40,10.4907120742174,10.5651897792422,1
159,1,15.75,40,10.5651897792422,10.6641676636046,1
159,1,15.75,40,10.6641676636046,11.3311951848171,1
159,1,15.75,40,11.3311951848171,11.4872303955769,1
159,1,15.75,40,11.4872303955769,11.67929745457,1
159,1,15.75,40,11.67929745457,12.1014925924027,1
159,1,15.75,40,12.1014925924027,12.7496001747869,1
159,1,15.75,40,12.7496001747869,12.8259053016351,1
159,1,15.75,40,12.8259053016351,12.9003589897334,1
159,1,15.75,40,12.9003589897334,13.0732865044602,1
159,1,15.75,40,13.0732865044602,13.2012797083108,1
159,1,15.75,40,13.2012797083108,13.3929921486466,1
159,1,15.75,40,13.3929921486466,13.4724256231451,1
159,1,15.75,40,13.4724256231451,13.6541172473399,1
159,1,15.75,40,13.6541172473399,14.6038996671648,1
159,1,15.75,40,14.6038996671648,14.7157241066989,1
159,1,15.75,40,14.7157241066989,14.7692154305967,1
159,1,15.75,40,14.7692154305967,14.8119961383526,1
159,1,15.75,40,14.8119961383526,15.0344702137721,1
159,1,15.75,40,15.0344702137721,15.1246425022233,1
159,1,15.75,40,15.1246425022233,15.6298185817608,1
159,1,15.75,40,15.6298185817608,15.7062254952915,1
159,1,15.75,40,15.7062254952915,15.75,0
160,1,12.75,24,0,4.73728834670874,1
160,1,12.75,24,4.73728834670874,5.3222899413234,1
160,1,12.75,24,5.3222899413234,6.15148364915031,1
160,1,12.75,24,6.15148364915031,6.39659189849473,1
160,1,12.75,24,6.39659189849473,7.79164971670514,1
160,1,12.75,24,7.79164971670514,7.99317887246225,1
160,1,12.75,24,7.99317887246225,8.18316811152737,1
160,1,12.75,24,8.18316811152737,8.29509199444605,1
160,1,12.75,24,8.29509199444605,8.43170455356222,1
160,1,12.75,24,8.43170455356222,8.46887625725197,1
160,1,12.75,24,8.46887625725197,9.22484520241098,1
160,1,12.75,24,9.22484520241098,9.34389247926758,1
160,1,12.75,24,9.34389247926758,9.75480431557615,1
160,1,12.75,24,9.75480431557615,9.81375929582172,1
160,1,12.75,24,9.81375929582172,10.0191390666962,1
160,1,12.75,24,10.0191390666962,10.0718037356555,1
160,1,12.75,24,10.0718037356555,10.2431505367352,1
160,1,12.75,24,10.2431505367352,10.6779669527157,1
160,1,12.75,24,10.6779669527157,11.5031123638653,1
160,1,12.75,24,11.5031123638653,11.6074717173936,1
160,1,12.75,24,11.6074717173936,12.361086220368,1
160,1,12.75,24,12.361086220368,12.3826649477649,1
160,1,12.75,24,12.3826649477649,12.5171825766507,1
160,1,12.75,24,12.5171825766507,12.5194347227144,1
160,1,12.75,24,12.5194347227144,12.75,0
161,1,11.75,0,0,11.75,0
162,1,18.75,81,0,3.15944063072241,1
162,1,18.75,81,3.15944063072241,5.11052737266097,1
162,1,18.75,81,5.11052737266097,5.18862370949747,1
162,1,18.75,81,5.18862370949747,5.22045582511726,1
162,1,18.75,81,5.22045582511726,5.38468231177682,1
162,1,18.75,81,5.38468231177682,5.49716482355517,1
162,1,18.75,81,5.49716482355517,6.15335042321901,1
162,1,18.75,81,6.15335042321901,6.40107068650906,1
162,1,18.75,81,6.40107068650906,6.76345166365035,1
162,1,18.75,81,6.76345166365035,7.27841972794095,1
162,1,18.75,81,7.27841972794095,7.35905037965156,1
162,1,18.75,81,7.35905037965156,7.66564878465515,1
162,1,18.75,81,7.66564878465515,8.0641394660079,1
162,1,18.75,81,8.0641394660079,8.32151485410416,1
162,1,18.75,81,8.32151485410416,8.46935878582929,1
162,1,18.75,81,8.46935878582929,8.52027289054125,1
162,1,18.75,81,8.52027289054125,9.0750260331354,1
162,1,18.75,81,9.0750260331354,9.64819063031948,1
162,1,18.75,81,9.64819063031948,9.85276690483245,1
162,1,18.75,81,9.85276690483245,9.90291433770976,1
162,1,18.75,81,9.90291433770976,9.91191552224805,1
162,1,18.75,81,9.91191552224805,10.1847621638124,1
162,1,18.75,81,10.1847621638124,10.8355589201151,1
162,1,18.75,81,10.8355589201151,11.0670128464315,1
162,1,18.75,81,11.0670128464315,11.2017762735082,1
162,1,18.75,81,11.2017762735082,11.380460642873,1
162,1,18.75,81,11.380460642873,11.5264311074376,1
162,1,18.75,81,11.5264311074376,12.1726391799814,1
162,1,18.75,81,12.1726391799814,12.3262254616597,1
162,1,18.75,81,12.3262254616597,12.419649294656,1
162,1,18.75,81,12.419649294656,12.6189000640169,1
162,1,18.75,81,12.6189000640169,13.0774403371789,1
162,1,18.75,81,13.0774403371789,13.1342433696155,1
162,1,18.75,81,13.1342433696155,13.1715287201325,1
162,1,18.75,81,13.1715287201325,13.3506285056921,1
162,1,18.75,81,13.3506285056921,13.6440940988139,1
162,1,18.75,81,13.6440940988139,13.6687769989544,1
162,1,18.75,81,13.6687769989544,13.7121079677905,1
162,1,18.75,81,13.7121079677905,13.7208838034141,1
162,1,18.75,81,13.7208838034141,14.0355576554953,1
162,1,18.75,81,14.0355576554953,14.0992371475482,1
162,1,18.75,81,14.0992371475482,14.4301453755488,1
162,1,18.75,81,14.4301453755488,14.4349383885198,1
162,1,18.75,81,14.4349383885198,14.612947891478,1
162,1,18.75,81,14.612947891478,14.7157909003568,1
162,1,18.75,81,14.7157909003568,14.7510319931394,1
162,1,18.75,81,14.7510319931394,14.8204551588453,1
162,1,18.75,81,14.8204551588453,14.9207065990407,1
162,1,18.75,81,14.9207065990407,15.0392978648828,1
162,1,18.75,81,15.0392978648828,15.1962461327663,1
162,1,18.75,81,15.1962461327663,15.3029990853228,1
162,1,18.75,81,15.3029990853228,15.4224906976426,1
162,1,18.75,81,15.4224906976426,15.4393410074672,1
162,1,18.75,81,15.4393410074672,15.4678719066423,1
162,1,18.75,81,15.4678719066423,15.4812448286163,1
162,1,18.75,81,15.4812448286163,15.6188160717483,1
162,1,18.75,81,15.6188160717483,15.7823196471005,1
162,1,18.75,81,15.7823196471005,15.9463958578905,1
162,1,18.75,81,15.9463958578905,16.3087220023239,1
162,1,18.75,81,16.3087220023239,16.3429649524067,1
162,1,18.75,81,16.3429649524067,16.3444941335824,1
162,1,18.75,81,16.3444941335824,16.5187303870417,1
162,1,18.75,81,16.5187303870417,16.5304695062857,1
162,1,18.75,81,16.5304695062857,16.5854875677671,1
162,1,18.75,81,16.5854875677671,16.7239495689788,1
162,1,18.75,81,16.7239495689788,16.8679254134475,1
162,1,18.75,81,16.8679254134475,17.163557419185,1
162,1,18.75,81,17.163557419185,17.2517796836554,1
162,1,18.75,81,17.2517796836554,17.328356675748,1
162,1,18.75,81,17.328356675748,17.550970813713,1
162,1,18.75,81,17.550970813713,17.6096756083613,1
162,1,18.75,81,17.6096756083613,17.6224959857132,1
162,1,18.75,81,17.6224959857132,17.6301355722155,1
162,1,18.75,81,17.6301355722155,17.6442754924825,1
162,1,18.75,81,17.6442754924825,17.6806843838501,1
162,1,18.75,81,17.6806843838501,17.8851696233326,1
162,1,18.75,81,17.8851696233326,17.9595894191962,1
162,1,18.75,81,17.9595894191962,18.2580379777323,1
162,1,18.75,81,18.2580379777323,18.2763972557897,1
162,1,18.75,81,18.2763972557897,18.403745414659,1
162,1,18.75,81,18.403745414659,18.6403052271986,1
162,1,18.75,81,18.6403052271986,18.75,0
163,1,18.75,92,0,2.27737238807951,1
163,1,18.75,92,2.27737238807951,5.71680435487396,1
163,1,18.75,92,5.71680435487396,6.54560833780495,1
163,1,18.75,92,6.54560833780495,7.66543773737029,1
163,1,18.75,92,7.66543773737029,7.90602364143403,1
163,1,18.75,92,7.90602364143403,8.69899103236698,1
163,1,18.75,92,8.69899103236698,8.7124134398583,1
163,1,18.75,92,8.7124134398583,8.92218619657567,1
163,1,18.75,92,8.92218619657567,8.99681366339221,1
163,1,18.75,92,8.99681366339221,9.38858339783826,1
163,1,18.75,92,9.38858339783826,9.45583656599222,1
163,1,18.75,92,9.45583656599222,10.0157363361517,1
163,1,18.75,92,10.0157363361517,10.1828574899354,1
163,1,18.75,92,10.1828574899354,10.2446009090776,1
163,1,18.75,92,10.2446009090776,10.2855673327238,1
163,1,18.75,92,10.2855673327238,10.5775620991493,1
163,1,18.75,92,10.5775620991493,10.7048731180442,1
163,1,18.75,92,10.7048731180442,10.8994119045008,1
163,1,18.75,92,10.8994119045008,11.2759697890077,1
163,1,18.75,92,11.2759697890077,11.3177330578905,1
163,1,18.75,92,11.3177330578905,11.4960897808821,1
163,1,18.75,92,11.4960897808821,11.6435975914722,1
163,1,18.75,92,11.6435975914722,11.6538284715144,1
163,1,18.75,92,11.6538284715144,11.6680100565124,1
163,1,18.75,92,11.6680100565124,11.7979946431773,1
163,1,18.75,92,11.7979946431773,11.9672504795269,1
163,1,18.75,92,11.9672504795269,12.0231672779614,1
163,1,18.75,92,12.0231672779614,12.1716677781856,1
163,1,18.75,92,12.1716677781856,12.2740980626625,1
163,1,18.75,92,12.2740980626625,12.315414748092,1
163,1,18.75,92,12.315414748092,12.3537346936027,1
163,1,18.75,92,12.3537346936027,12.4268590890484,1
163,1,18.75,92,12.4268590890484,12.5417742804273,1
163,1,18.75,92,12.5417742804273,12.6921737201032,1
163,1,18.75,92,12.6921737201032,13.0602587512864,1
163,1,18.75,92,13.0602587512864,13.0649004049105,1
163,1,18.75,92,13.0649004049105,13.0662803402851,1
163,1,18.75,92,13.0662803402851,13.0663870460452,1
163,1,18.75,92,13.0663870460452,13.3026206127301,1
163,1,18.75,92,13.3026206127301,13.3988988783884,1
163,1,18.75,92,13.3988988783884,13.4486066566943,1
163,1,18.75,92,13.4486066566943,13.5441059592232,1
163,1,18.75,92,13.5441059592232,13.9295997519633,1
163,1,18.75,92,13.9295997519633,13.9418420651592,1
163,1,18.75,92,13.9418420651592,13.9735932620385,1
163,1,18.75,92,13.9735932620385,13.9901130957556,1
163,1,18.75,92,13.9901130957556,14.1266665524856,1
163,1,18.75,92,14.1266665524856,14.1952720471708,1
163,1,18.75,92,14.1952720471708,14.2308768897993,1
163,1,18.75,92,14.2308768897993,14.3274837726357,1
163,1,18.75,92,14.3274837726357,14.3704553662128,1
163,1,18.75,92,14.3704553662128,14.4742812087323,1
163,1,18.75,92,14.4742812087323,14.6043200573339,1
163,1,18.75,92,14.6043200573339,14.9405278630691,1
163,1,18.75,92,14.9405278630691,15.0475413840601,1
163,1,18.75,92,15.0475413840601,15.0648355581688,1
163,1,18.75,92,15.0648355581688,15.0962823719066,1
163,1,18.75,92,15.0962823719066,15.124494512664,1
163,1,18.75,92,15.124494512664,15.1774389370225,1
163,1,18.75,92,15.1774389370225,15.2111091860035,1
163,1,18.75,92,15.2111091860035,15.3886069581718,1
163,1,18.75,92,15.3886069581718,15.4753844660855,1
163,1,18.75,92,15.4753844660855,15.533310838399,1
163,1,18.75,92,15.533310838399,15.534636818076,1
163,1,18.75,92,15.534636818076,15.7149497655944,1
163,1,18.75,92,15.7149497655944,15.8905174338412,1
163,1,18.75,92,15.8905174338412,15.998091501811,1
163,1,18.75,92,15.998091501811,16.1369808808263,1
163,1,18.75,92,16.1369808808263,16.1774577506899,1
163,1,18.75,92,16.1774577506899,16.3346614747617,1
163,1,18.75,92,16.3346614747617,16.4261929384213,1
163,1,18.75,92,16.4261929384213,16.5894732103167,1
163,1,18.75,92,16.5894732103167,16.5900643327588,1
163,1,18.75,92,16.5900643327588,16.8445647798294,1
163,1,18.75,92,16.8445647798294,16.8948221016,1
163,1,18.75,92,16.8948221016,17.3312503652799,1
163,1,18.75,92,17.3312503652799,17.6566312369994,1
163,1,18.75,92,17.6566312369994,17.7830054377492,1
163,1,18.75,92,17.7830054377492,17.9506188292474,1
163,1,18.75,92,17.9506188292474,17.956201535907,1
163,1,18.75,92,17.956201535907,17.9708607204728,1
163,1,18.75,92,17.9708607204728,17.9730080822336,1
163,1,18.75,92,17.9730080822336,17.9979445760267,1
163,1,18.75,92,17.9979445760267,18.0023800598698,1
163,1,18.75,92,18.0023800598698,18.0624140791097,1
163,1,18.75,92,18.0624140791097,18.2071422067516,1
163,1,18.75,92,18.2071422067516,18.2169985215625,1
163,1,18.75,92,18.2169985215625,18.2378497403,1
163,1,18.75,92,18.2378497403,18.2776564822164,1
163,1,18.75,92,18.2776564822164,18.284206046301,1
163,1,18.75,92,18.284206046301,18.3611396438122,1
163,1,18.75,92,18.3611396438122,18.7365838323093,1
163,1,18.75,92,18.7365838323093,18.75,0
164,1,10.75,0,0,10.75,0
165,1,14.75,1,0,4.74291787553667,1
165,1,14.75,1,4.74291787553667,14.75,0
166,1,17.75,2,0,0.0119693626780906,1
166,1,17.75,2,0.0119693626780906,0.313676424354238,1
166,1,17.75,2,0.313676424354238,17.75,0
167,1,11.75,14,0,3.4393937678655,1
167,1,11.75,14,3.4393937678655,4.11186532456813,1
167,1,11.75,14,4.11186532456813,5.69112571538821,1
167,1,11.75,14,5.69112571538821,5.83730997023824,1
167,1,11.75,14,5.83730997023824,6.75930402587887,1
167,1,11.75,14,6.75930402587887,7.3590901236629,1
167,1,11.75,14,7.3590901236629,7.97826344428749,1
167,1,11.75,14,7.97826344428749,8.06434368989913,1
167,1,11.75,14,8.06434368989913,8.36448599123899,1
167,1,11.75,14,8.36448599123899,9.57435748555668,1
167,1,11.75,14,9.57435748555668,9.70471650592621,1
167,1,11.75,14,9.70471650592621,10.1367802716588,1
167,1,11.75,14,10.1367802716588,10.1982033874976,1
167,1,11.75,14,10.1982033874976,10.656853131062,1
167,1,11.75,14,10.656853131062,11.75,0
168,1,10.75,0,0,10.75,0
169,1,17.75,4,0,0.0980386266977432,1
169,1,17.75,4,0.0980386266977432,2.37413604537241,1
169,1,17.75,4,2.37413604537241,4.26292772501715,1
169,1,17.75,4,4.26292772501715,11.0789541263305,1
169,1,17.75,4,11.0789541263305,17.75,0
170,1,15.75,46,0,1.72855766435158,1
170,1,15.75,46,1.72855766435158,5.92804820625873,1
170,1,15.75,46,5.92804820625873,6.48053266086405,1
170,1,15.75,46,6.48053266086405,7.62524799302678,1
170,1,15.75,46,7.62524799302678,7.68017761532341,1
170,1,15.75,46,7.68017761532341,8.13093048508096,1
170,1,15.75,46,8.13093048508096,8.45447379249022,1
170,1,15.75,46,8.45447379249022,9.08987829760484,1
170,1,15.75,46,9.08987829760484,9.44444266888743,1
170,1,15.75,46,9.44444266888743,9.55768575869833,1
170,1,15.75,46,9.55768575869833,9.66550484553642,1
170,1,15.75,46,9.66550484553642,10.0044804445972,1
170,1,15.75,46,10.0044804445972,10.0735031338138,1
170,1,15.75,46,10.0735031338138,10.1178827027527,1
170,1,15.75,46,10.1178827027527,10.419856357206,1
170,1,15.75,46,10.419856357206,10.5538109977682,1
170,1,15.75,46,10.5538109977682,10.7738477710257,1
170,1,15.75,46,10.7738477710257,11.2212807960043,1
170,1,15.75,46,11.2212807960043,11.4577049617179,1
170,1,15.75,46,11.4577049617179,11.4584131744054,1
170,1,15.75,46,11.4584131744054,11.5769716389124,1
170,1,15.75,46,11.5769716389124,11.726724833359,1
170,1,15.75,46,11.726724833359,11.9305996432712,1
170,1,15.75,46,11.9305996432712,11.9796865862134,1
170,1,15.75,46,11.9796865862134,12.5423724976013,1
170,1,15.75,46,12.5423724976013,12.5832662631449,1
170,1,15.75,46,12.5832662631449,12.6183281910385,1
170,1,15.75,46,12.6183281910385,12.8277721188485,1
170,1,15.75,46,12.8277721188485,12.9681312225678,1
170,1,15.75,46,12.9681312225678,13.4291550774456,1
170,1,15.75,46,13.4291550774456,13.4497460970833,1
170,1,15.75,46,13.4497460970833,13.6609166870026,1
170,1,15.75,46,13.6609166870026,13.680425769508,1
170,1,15.75,46,13.680425769508,13.7378109920797,1
170,1,15.75,46,13.7378109920797,13.8758514234958,1
170,1,15.75,46,13.8758514234958,14.0302512856308,1
170,1,15.75,46,14.0302512856308,14.1247510470918,1
170,1,15.75,46,14.1247510470918,14.186190825396,1
170,1,15.75,46,14.186190825396,14.2659460012592,1
170,1,15.75,46,14.2659460012592,14.587974986687,1
170,1,15.75,46,14.587974986687,14.8212773367013,1
170,1,15.75,46,14.8212773367013,15.2087994579548,1
170,1,15.75,46,15.2087994579548,15.444682717558,1
170,1,15.75,46,15.444682717558,15.637040887408,1
170,1,15.75,46,15.637040887408,15.6535959922037,1
170,1,15.75,46,15.6535959922037,15.6633997758945,1
170,1,15.75,46,15.6633997758945,15.75,0
171,1,17.75,0,0,17.75,0
172,1,18.75,60,0,5.05410077698403,1
172,1,18.75,60,5.05410077698403,5.67442094494975,1
172,1,18.75,60,5.67442094494975,6.20080694048787,1
172,1,18.75,60,6.20080694048787,6.56320922336575,1
172,1,18.75,60,6.56320922336575,6.61163373164539,1
172,1,18.75,60,6.61163373164539,6.66425674016317,1
172,1,18.75,60,6.66425674016317,7.85814736256682,1
172,1,18.75,60,7.85814736256682,8.3110303115008,1
172,1,18.75,60,8.3110303115008,8.87790875926876,1
172,1,18.75,60,8.87790875926876,9.20713667745358,1
172,1,18.75,60,9.20713667745358,9.42851222153701,1
172,1,18.75,60,9.42851222153701,9.43116178498247,1
172,1,18.75,60,9.43116178498247,9.61479542512041,1
172,1,18.75,60,9.61479542512041,9.69161249417896,1
172,1,18.75,60,9.69161249417896,10.1452190425421,1
172,1,18.75,60,10.1452190425421,10.4941891000408,1
172,1,18.75,60,10.4941891000408,10.5171446708327,1
172,1,18.75,60,10.5171446708327,10.7770004642708,1
172,1,18.75,60,10.7770004642708,10.9766797328697,1
172,1,18.75,60,10.9766797328697,11.1926907306096,1
172,1,18.75,60,11.1926907306096,11.5221560966195,1
172,1,18.75,60,11.5221560966195,11.5536679976184,1
172,1,18.75,60,11.5536679976184,11.6219316056076,1
172,1,18.75,60,11.6219316056076,11.655489114313,1
172,1,18.75,60,11.655489114313,12.157658526397,1
172,1,18.75,60,12.157658526397,12.3916189063583,1
172,1,18.75,60,12.3916189063583,12.451513729656,1
172,1,18.75,60,12.451513729656,12.5618437584114,1
172,1,18.75,60,12.5618437584114,12.6584766187524,1
172,1,18.75,60,12.6584766187524,12.8451278659876,1
172,1,18.75,60,12.8451278659876,13.338741716289,1
172,1,18.75,60,13.338741716289,13.4572262603518,1
172,1,18.75,60,13.4572262603518,13.8905886489696,1
172,1,18.75,60,13.8905886489696,14.2262432669053,1
172,1,18.75,60,14.2262432669053,14.2475030546425,1
172,1,18.75,60,14.2475030546425,14.2550238220536,1
172,1,18.75,60,14.2550238220536,14.3248608282373,1
172,1,18.75,60,14.3248608282373,14.3329826117726,1
172,1,18.75,60,14.3329826117726,14.871853638513,1
172,1,18.75,60,14.871853638513,15.0849013264648,1
172,1,18.75,60,15.0849013264648,15.3852056419744,1
172,1,18.75,60,15.3852056419744,15.4008079330032,1
172,1,18.75,60,15.4008079330032,15.4805958381756,1
172,1,18.75,60,15.4805958381756,15.5670594577177,1
172,1,18.75,60,15.5670594577177,15.9204251142293,1
172,1,18.75,60,15.9204251142293,16.2822276668922,1
172,1,18.75,60,16.2822276668922,16.5754436771599,1
172,1,18.75,60,16.5754436771599,16.6352783833326,1
172,1,18.75,60,16.6352783833326,16.6989082915813,1
172,1,18.75,60,16.6989082915813,16.7243927300505,1
172,1,18.75,60,16.7243927300505,16.8674604543742,1
172,1,18.75,60,16.8674604543742,17.350932451351,1
172,1,18.75,60,17.350932451351,17.3675914383577,1
172,1,18.75,60,17.3675914383577,17.5508971698208,1
172,1,18.75,60,17.5508971698208,17.7435271527154,1
172,1,18.75,60,17.7435271527154,17.8369513604162,1
172,1,18.75,60,17.8369513604162,18.0452927376713,1
172,1,18.75,60,18.0452927376713,18.166595774529,1
172,1,18.75,60,18.166595774529,18.3639642748387,1
172,1,18.75,60,18.3639642748387,18.376128236655,1
172,1,18.75,60,18.376128236655,18.75,0
173,1,17.75,1,0,6.61260140857096,1
173,1,17.75,1,6.61260140857096,17.75,0
174,1,10.75,2,0,3.31899760481093,1
174,1,10.75,2,3.31899760481093,5.03089390676569,1
174,1,10.75,2,5.03089390676569,10.75,0
175,1,13.75,2,0,6.4593542736964,1
175,1,13.75,2,6.4593542736964,7.11080065394507,1
175,1,13.75,2,7.11080065394507,13.75,0
176,1,16.75,3,0,0.372559618873955,1
176,1,16.75,3,0.372559618873955,4.75882497110213,1
176,1,16.75,3,4.75882497110213,5.22678654397943,1
176,1,16.75,3,5.22678654397943,16.75,0
177,1,14.75,1,0,9.68198879610392,1
177,1,14.75,1,9.68198879610392,14.75,0
178,1,14.75,1,0,2.65047665041837,1
178,1,14.75,1,2.65047665041837,14.75,0
179,1,13.75,3,0,4.82121359290501,1
179,1,13.75,3,4.82121359290501,7.07229935756587,1
179,1,13.75,3,7.07229935756587,13.3511362888208,1
179,1,13.75,3,13.3511362888208,13.75,0
180,1,11.75,3,0,0.124665141738808,1
180,1,11.75,3,0.124665141738808,0.497524637217492,1
180,1,11.75,3,0.497524637217492,2.10016669142182,1
180,1,11.75,3,2.10016669142182,11.75,0
181,1,20.75,43,0,1.96096005441226,1
181,1,20.75,43,1.96096005441226,5.19666216793601,1
181,1,20.75,43,5.19666216793601,5.74316373954932,1
181,1,20.75,43,5.74316373954932,6.09826566716482,1
181,1,20.75,43,6.09826566716482,7.73679716368168,1
181,1,20.75,43,7.73679716368168,7.76388115966913,1
181,1,20.75,43,7.76388115966913,8.11549351290912,1
181,1,20.75,43,8.11549351290912,9.71795065660996,1
181,1,20.75,43,9.71795065660996,10.798973556538,1
181,1,20.75,43,10.798973556538,11.1862805786219,1
181,1,20.75,43,11.1862805786219,11.3342274807251,1
181,1,20.75,43,11.3342274807251,11.6822576198001,1
181,1,20.75,43,11.6822576198001,13.3952496567893,1
181,1,20.75,43,13.3952496567893,13.6578203066752,1
181,1,20.75,43,13.6578203066752,13.6847397040297,1
181,1,20.75,43,13.6847397040297,13.7888885512237,1
181,1,20.75,43,13.7888885512237,14.7025652262774,1
181,1,20.75,43,14.7025652262774,15.1852158116291,1
181,1,20.75,43,15.1852158116291,15.2173985901384,1
181,1,20.75,43,15.2173985901384,15.5863547861615,1
181,1,20.75,43,15.5863547861615,15.9594548815517,1
181,1,20.75,43,15.9594548815517,16.3027236944026,1
181,1,20.75,43,16.3027236944026,16.4495741705911,1
181,1,20.75,43,16.4495741705911,16.8134116249819,1
181,1,20.75,43,16.8134116249819,16.8848535609387,1
181,1,20.75,43,16.8848535609387,16.911917658279,1
181,1,20.75,43,16.911917658279,16.9293067626398,1
181,1,20.75,43,16.9293067626398,16.9852316983237,1
181,1,20.75,43,16.9852316983237,17.4305407710347,1
181,1,20.75,43,17.4305407710347,17.6276145323655,1
181,1,20.75,43,17.6276145323655,17.8487347444514,1
181,1,20.75,43,17.8487347444514,18.0218751374232,1
181,1,20.75,43,18.0218751374232,18.0706406974549,1
181,1,20.75,43,18.0706406974549,18.0865403749796,1
181,1,20.75,43,18.0865403749796,18.3046912730292,1
181,1,20.75,43,18.3046912730292,18.4318762655801,1
181,1,20.75,43,18.4318762655801,18.7704588440021,1
181,1,20.75,43,18.7704588440021,19.1279379802915,1
181,1,20.75,43,19.1279379802915,19.8816065807517,1
181,1,20.75,43,19.8816065807517,19.8852101898731,1
181,1,20.75,43,19.8852101898731,20.101445390745,1
181,1,20.75,43,20.101445390745,20.3189968865786,1
181,1,20.75,43,20.3189968865786,20.6436772639355,1
181,1,20.75,43,20.6436772639355,20.75,0
182,1,16.75,66,0,2.57807009270908,1
182,1,16.75,66,2.57807009270908,3.25772543717218,1
182,1,16.75,66,3.25772543717218,3.59097778760305,1
182,1,16.75,66,3.59097778760305,4.40527378760062,1
182,1,16.75,66,4.40527378760062,4.6698255157605,1
182,1,16.75,66,4.6698255157605,5.0697635086508,1
182,1,16.75,66,5.0697635086508,5.82390097234876,1
182,1,16.75,66,5.82390097234876,6.02378951754942,1
182,1,16.75,66,6.02378951754942,6.20940764009583,1
182,1,16.75,66,6.20940764009583,7.25519127126891,1
182,1,16.75,66,7.25519127126891,7.30140929467214,1
182,1,16.75,66,7.30140929467214,8.27145083397489,1
182,1,16.75,66,8.27145083397489,8.82362321077686,1
182,1,16.75,66,8.82362321077686,8.94018712705978,1
182,1,16.75,66,8.94018712705978,9.24818500671384,1
182,1,16.75,66,9.24818500671384,9.310491119055,1
182,1,16.75,66,9.310491119055,9.45853457116097,1
182,1,16.75,66,9.45853457116097,10.6433739277277,1
182,1,16.75,66,10.6433739277277,10.8742373932478,1
182,1,16.75,66,10.8742373932478,11.1672011916125,1
182,1,16.75,66,11.1672011916125,11.2066705395712,1
182,1,16.75,66,11.2066705395712,11.3444322686463,1
182,1,16.75,66,11.3444322686463,11.4360031006084,1
182,1,16.75,66,11.4360031006084,11.5621700713181,1
182,1,16.75,66,11.5621700713181,11.6135114767776,1
182,1,16.75,66,11.6135114767776,11.6303625665553,1
182,1,16.75,66,11.6303625665553,12.1061909093604,1
182,1,16.75,66,12.1061909093604,12.2610678835155,1
182,1,16.75,66,12.2610678835155,12.3852952597181,1
182,1,16.75,66,12.3852952597181,12.4811547659904,1
182,1,16.75,66,12.4811547659904,12.8095607728308,1
182,1,16.75,66,12.8095607728308,12.8630200325864,1
182,1,16.75,66,12.8630200325864,12.9656449490611,1
182,1,16.75,66,12.9656449490611,13.5517042945501,1
182,1,16.75,66,13.5517042945501,13.5709816141119,1
182,1,16.75,66,13.5709816141119,13.8374351761922,1
182,1,16.75,66,13.8374351761922,13.9698409166457,1
182,1,16.75,66,13.9698409166457,14.3210327436946,1
182,1,16.75,66,14.3210327436946,14.3520124886394,1
182,1,16.75,66,14.3520124886394,14.3782749634502,1
182,1,16.75,66,14.3782749634502,14.4016038920624,1
182,1,16.75,66,14.4016038920624,14.4915188279832,1
182,1,16.75,66,14.4915188279832,14.6697637482522,1
182,1,16.75,66,14.6697637482522,14.7410536704061,1
182,1,16.75,66,14.7410536704061,14.8199605784701,1
182,1,16.75,66,14.8199605784701,14.8209681395583,1
182,1,16.75,66,14.8209681395583,14.835892356549,1
182,1,16.75,66,14.835892356549,14.9059511426018,1
182,1,16.75,66,14.9059511426018,15.2574874269191,1
182,1,16.75,66,15.2574874269191,15.2980835535859,1
182,1,16.75,66,15.2980835535859,15.4431900373415,1
182,1,16.75,66,15.4431900373415,15.6273087256849,1
182,1,16.75,66,15.6273087256849,15.8074535909761,1
182,1,16.75,66,15.8074535909761,15.9671808790369,1
182,1,16.75,66,15.9671808790369,16.0100248006512,1
182,1,16.75,66,16.0100248006512,16.0720704841424,1
182,1,16.75,66,16.0720704841424,16.1070297748774,1
182,1,16.75,66,16.1070297748774,16.3073844589286,1
182,1,16.75,66,16.3073844589286,16.3095255896628,1
182,1,16.75,66,16.3095255896628,16.4009989852388,1
182,1,16.75,66,16.4009989852388,16.4301230837441,1
182,1,16.75,66,16.4301230837441,16.4484812281982,1
182,1,16.75,66,16.4484812281982,16.5113907918035,1
182,1,16.75,66,16.5113907918035,16.5183917938464,1
182,1,16.75,66,16.5183917938464,16.7227995809975,1
182,1,16.75,66,16.7227995809975,16.7267178917977,1
182,1,16.75,66,16.7267178917977,16.75,0
183,1,17.75,60,0,3.7673161700336,1
183,1,17.75,60,3.7673161700336,3.89208495576712,1
183,1,17.75,60,3.89208495576712,4.02786355587747,1
183,1,17.75,60,4.02786355587747,4.19429199278383,1
183,1,17.75,60,4.19429199278383,4.22489226615929,1
183,1,17.75,60,4.22489226615929,4.92927027924166,1
183,1,17.75,60,4.92927027924166,5.22154867845412,1
183,1,17.75,60,5.22154867845412,5.2918509852771,1
183,1,17.75,60,5.2918509852771,5.3602316584115,1
183,1,17.75,60,5.3602316584115,6.03949290115453,1
183,1,17.75,60,6.03949290115453,7.44752168991163,1
183,1,17.75,60,7.44752168991163,7.49303328790263,1
183,1,17.75,60,7.49303328790263,8.39117020920112,1
183,1,17.75,60,8.39117020920112,9.03907774363825,1
183,1,17.75,60,9.03907774363825,9.10894924691555,1
183,1,17.75,60,9.10894924691555,10.058882361838,1
183,1,17.75,60,10.058882361838,10.0634208698911,1
183,1,17.75,60,10.0634208698911,10.3443215165094,1
183,1,17.75,60,10.3443215165094,10.5566737108907,1
183,1,17.75,60,10.5566737108907,10.800980345418,1
183,1,17.75,60,10.800980345418,10.817080955986,1
183,1,17.75,60,10.817080955986,10.84786830628,1
183,1,17.75,60,10.84786830628,11.1553779358038,1
183,1,17.75,60,11.1553779358038,11.5858811223006,1
183,1,17.75,60,11.5858811223006,11.8052316804817,1
183,1,17.75,60,11.8052316804817,11.9600956219254,1
183,1,17.75,60,11.9600956219254,12.0842208018258,1
183,1,17.75,60,12.0842208018258,12.963222384935,1
183,1,17.75,60,12.963222384935,13.1741543005746,1
183,1,17.75,60,13.1741543005746,13.4965257913462,1
183,1,17.75,60,13.4965257913462,13.7146168651695,1
183,1,17.75,60,13.7146168651695,13.7360170907418,1
183,1,17.75,60,13.7360170907418,13.8237354882314,1
183,1,17.75,60,13.8237354882314,13.8621986877431,1
183,1,17.75,60,13.8621986877431,13.8691388429133,1
183,1,17.75,60,13.8691388429133,13.8876310855107,1
183,1,17.75,60,13.8876310855107,13.9746930739918,1
183,1,17.75,60,13.9746930739918,14.0351118840769,1
183,1,17.75,60,14.0351118840769,14.1335402181372,1
183,1,17.75,60,14.1335402181372,14.6402695473387,1
183,1,17.75,60,14.6402695473387,14.7344820139454,1
183,1,17.75,60,14.7344820139454,14.7889726697848,1
183,1,17.75,60,14.7889726697848,14.8185491820096,1
183,1,17.75,60,14.8185491820096,14.9012729952402,1
183,1,17.75,60,14.9012729952402,15.1195429454311,1
183,1,17.75,60,15.1195429454311,15.2076344518299,1
183,1,17.75,60,15.2076344518299,15.3755895741203,1
183,1,17.75,60,15.3755895741203,15.8719076576342,1
183,1,17.75,60,15.8719076576342,16.1023277654254,1
183,1,17.75,60,16.1023277654254,16.1398184642923,1
183,1,17.75,60,16.1398184642923,16.4418511339749,1
183,1,17.75,60,16.4418511339749,16.5717908124974,1
183,1,17.75,60,16.5717908124974,16.914376281631,1
183,1,17.75,60,16.914376281631,16.9317486929044,1
183,1,17.75,60,16.9317486929044,17.0474297069773,1
183,1,17.75,60,17.0474297069773,17.0570243361693,1
183,1,17.75,60,17.0570243361693,17.1638024836069,1
183,1,17.75,60,17.1638024836069,17.1985885425374,1
183,1,17.75,60,17.1985885425374,17.2205403670654,1
183,1,17.75,60,17.2205403670654,17.6028598133308,1
183,1,17.75,60,17.6028598133308,17.75,0
184,1,19.75,89,0,2.64864603966606,1
184,1,19.75,89,2.64864603966606,4.19856576406667,1
184,1,19.75,89,4.19856576406667,6.21923763642473,1
184,1,19.75,89,6.21923763642473,6.36639490979379,1
184,1,19.75,89,6.36639490979379,6.41988755541175,1
184,1,19.75,89,6.41988755541175,6.92165361935164,1
184,1,19.75,89,6.92165361935164,6.98547038208975,1
184,1,19.75,89,6.98547038208975,8.26278765780883,1
184,1,19.75,89,8.26278765780883,8.36601230621478,1
184,1,19.75,89,8.36601230621478,8.73732929424517,1
184,1,19.75,89,8.73732929424517,8.76411730559028,1
184,1,19.75,89,8.76411730559028,8.76766475103414,1
184,1,19.75,89,8.76766475103414,8.83326030690449,1
184,1,19.75,89,8.83326030690449,9.37366081485158,1
184,1,19.75,89,9.37366081485158,9.57256350294189,1
184,1,19.75,89,9.57256350294189,9.60286355798874,1
184,1,19.75,89,9.60286355798874,9.64252953051813,1
184,1,19.75,89,9.64252953051813,9.76519230414467,1
184,1,19.75,89,9.76519230414467,10.0336395888932,1
184,1,19.75,89,10.0336395888932,10.1328354227547,1
184,1,19.75,89,10.1328354227547,10.2980798155301,1
184,1,19.75,89,10.2980798155301,10.3007114589796,1
184,1,19.75,89,10.3007114589796,10.5607948099896,1
184,1,19.75,89,10.5607948099896,10.7145315797244,1
184,1,19.75,89,10.7145315797244,10.740937910767,1
184,1,19.75,89,10.740937910767,11.2957520182184,1
184,1,19.75,89,11.2957520182184,11.3380558096564,1
184,1,19.75,89,11.3380558096564,11.3507862307686,1
184,1,19.75,89,11.3507862307686,11.6683128817142,1
184,1,19.75,89,11.6683128817142,11.7852475921461,1
184,1,19.75,89,11.7852475921461,12.0077056695722,1
184,1,19.75,89,12.0077056695722,12.0774038421026,1
184,1,19.75,89,12.0774038421026,12.4288557085916,1
184,1,19.75,89,12.4288557085916,12.70338441302,1
184,1,19.75,89,12.70338441302,12.8050719221793,1
184,1,19.75,89,12.8050719221793,12.8574860627688,1
184,1,19.75,89,12.8574860627688,12.9763158091376,1
184,1,19.75,89,12.9763158091376,12.9962400588043,1
184,1,19.75,89,12.9962400588043,13.1269860055156,1
184,1,19.75,89,13.1269860055156,13.1881430386745,1
184,1,19.75,89,13.1881430386745,13.2350166966758,1
184,1,19.75,89,13.2350166966758,13.6884313756387,1
184,1,19.75,89,13.6884313756387,14.0837784586349,1
184,1,19.75,89,14.0837784586349,14.1162893942103,1
184,1,19.75,89,14.1162893942103,14.1501731528328,1
184,1,19.75,89,14.1501731528328,14.7628396670429,1
184,1,19.75,89,14.7628396670429,14.890854720763,1
184,1,19.75,89,14.890854720763,15.0687640830272,1
184,1,19.75,89,15.0687640830272,15.4700287381727,1
184,1,19.75,89,15.4700287381727,15.5322055895622,1
184,1,19.75,89,15.5322055895622,15.6831299122746,1
184,1,19.75,89,15.6831299122746,15.8269747080312,1
184,1,19.75,89,15.8269747080312,15.8419933227583,1
184,1,19.75,89,15.8419933227583,15.9072793618376,1
184,1,19.75,89,15.9072793618376,15.9124789953916,1
184,1,19.75,89,15.9124789953916,16.0431860913215,1
184,1,19.75,89,16.0431860913215,16.3670510111059,1
184,1,19.75,89,16.3670510111059,16.5143931977965,1
184,1,19.75,89,16.5143931977965,16.5642012505926,1
184,1,19.75,89,16.5642012505926,16.6507073136444,1
184,1,19.75,89,16.6507073136444,17.152124788509,1
184,1,19.75,89,17.152124788509,17.5611346878958,1
184,1,19.75,89,17.5611346878958,17.6623228153685,1
184,1,19.75,89,17.6623228153685,17.7507277910254,1
184,1,19.75,89,17.7507277910254,17.7953705351319,1
184,1,19.75,89,17.7953705351319,17.8062552506877,1
184,1,19.75,89,17.8062552506877,17.8614556878983,1
184,1,19.75,89,17.8614556878983,17.9722824965317,1
184,1,19.75,89,17.9722824965317,18.045956278673,1
184,1,19.75,89,18.045956278673,18.0473415875053,1
184,1,19.75,89,18.0473415875053,18.1058297723789,1
184,1,19.75,89,18.1058297723789,18.2940752591604,1
184,1,19.75,89,18.2940752591604,18.3411531363068,1
184,1,19.75,89,18.3411531363068,18.3651474704025,1
184,1,19.75,89,18.3651474704025,18.3922921792059,1
184,1,19.75,89,18.3922921792059,18.6105950115868,1
184,1,19.75,89,18.6105950115868,18.7957069178945,1
184,1,19.75,89,18.7957069178945,18.8066890475338,1
184,1,19.75,89,18.8066890475338,18.9691697177309,1
184,1,19.75,89,18.9691697177309,18.9880329723037,1
184,1,19.75,89,18.9880329723037,19.1282909703617,1
184,1,19.75,89,19.1282909703617,19.1320649905367,1
184,1,19.75,89,19.1320649905367,19.1696411094562,1
184,1,19.75,89,19.1696411094562,19.2727419651326,1
184,1,19.75,89,19.2727419651326,19.319169776724,1
184,1,19.75,89,19.319169776724,19.4710203436763,1
184,1,19.75,89,19.4710203436763,19.5374326902233,1
184,1,19.75,89,19.5374326902233,19.6646191119971,1
184,1,19.75,89,19.6646191119971,19.7444402243324,1
184,1,19.75,89,19.7444402243324,19.75,0
185,1,15.75,41,0,5.531761440507,1
185,1,15.75,41,5.531761440507,5.5678183275163,1
185,1,15.75,41,5.5678183275163,6.47385327674283,1
185,1,15.75,41,6.47385327674283,6.98400665195106,1
185,1,15.75,41,6.98400665195106,8.64280805671036,1
185,1,15.75,41,8.64280805671036,8.66729707361294,1
185,1,15.75,41,8.66729707361294,8.82487266599919,1
185,1,15.75,41,8.82487266599919,8.86945762653153,1
185,1,15.75,41,8.86945762653153,9.18975283570526,1
185,1,15.75,41,9.18975283570526,9.29736818975111,1
185,1,15.75,41,9.29736818975111,9.39058774340879,1
185,1,15.75,41,9.39058774340879,9.5642959272631,1
185,1,15.75,41,9.5642959272631,9.8753086028449,1
185,1,15.75,41,9.8753086028449,10.0624722183404,1
185,1,15.75,41,10.0624722183404,10.5735379448296,1
185,1,15.75,41,10.5735379448296,10.6472852248701,1
185,1,15.75,41,10.6472852248701,11.1093150743213,1
185,1,15.75,41,11.1093150743213,11.2732181046832,1
185,1,15.75,41,11.2732181046832,11.5224617479508,1
185,1,15.75,41,11.5224617479508,11.8787196259848,1
185,1,15.75,41,11.8787196259848,11.9820719427584,1
185,1,15.75,41,11.9820719427584,12.4632345495115,1
185,1,15.75,41,12.4632345495115,12.9734153380517,1
185,1,15.75,41,12.9734153380517,13.0026079384086,1
185,1,15.75,41,13.0026079384086,13.2494793783697,1
185,1,15.75,41,13.2494793783697,13.2919440011866,1
185,1,15.75,41,13.2919440011866,13.4968844151429,1
185,1,15.75,41,13.4968844151429,13.5805175920173,1
185,1,15.75,41,13.5805175920173,13.632800513334,1
185,1,15.75,41,13.632800513334,13.9607068369398,1
185,1,15.75,41,13.9607068369398,14.0853149468083,1
185,1,15.75,41,14.0853149468083,14.3019289627456,1
185,1,15.75,41,14.3019289627456,14.4861222480438,1
185,1,15.75,41,14.4861222480438,14.7578171567718,1
185,1,15.75,41,14.7578171567718,14.7960594992196,1
185,1,15.75,41,14.7960594992196,14.8952886161123,1
185,1,15.75,41,14.8952886161123,14.9861570138347,1
185,1,15.75,41,14.9861570138347,15.0015985545842,1
185,1,15.75,41,15.0015985545842,15.0838410518413,1
185,1,15.75,41,15.0838410518413,15.4667556731152,1
185,1,15.75,41,15.4667556731152,15.5581417657186,1
185,1,15.75,41,15.5581417657186,15.75,0
186,1,15.75,3,0,2.76540082593587,1
186,1,15.75,3,2.76540082593587,6.05214782558187,1
186,1,15.75,3,6.05214782558187,9.34059105781239,1
186,1,15.75,3,9.34059105781239,15.75,0
187,1,11.75,16,0,6.08034148689222,1
187,1,11.75,16,6.08034148689222,7.0606451813943,1
187,1,11.75,16,7.0606451813943,7.76712678294991,1
187,1,11.75,16,7.76712678294991,8.10474858076363,1
187,1,11.75,16,8.10474858076363,8.18836564433214,1
187,1,11.75,16,8.18836564433214,8.31369671416193,1
187,1,11.75,16,8.31369671416193,9.06989121700253,1
187,1,11.75,16,9.06989121700253,9.93146370446019,1
187,1,11.75,16,9.93146370446019,10.2615238867394,1
187,1,11.75,16,10.2615238867394,10.3464986839792,1
187,1,11.75,16,10.3464986839792,10.6201319350018,1
187,1,11.75,16,10.6201319350018,10.6703490791706,1
187,1,11.75,16,10.6703490791706,10.8049403971415,1
187,1,11.75,16,10.8049403971415,10.9760105953976,1
187,1,11.75,16,10.9760105953976,11.024170413294,1
187,1,11.75,16,11.024170413294,11.5839235186566,1
187,1,11.75,16,11.5839235186566,11.75,0
188,1,10.75,2,0,8.87607531372771,1
188,1,10.75,2,8.87607531372771,10.0427631062389,1
188,1,10.75,2,10.0427631062389,10.75,0
189,1,13.75,46,0,4.08006990589835,1
189,1,13.75,46,4.08006990589835,5.68458180492451,1
189,1,13.75,46,5.68458180492451,6.04816766600482,1
189,1,13.75,46,6.04816766600482,6.33625271702895,1
189,1,13.75,46,6.33625271702895,6.37293789936584,1
189,1,13.75,46,6.37293789936584,6.42641430374256,1
189,1,13.75,46,6.42641430374256,6.88656980726268,1
189,1,13.75,46,6.88656980726268,7.19968644614895,1
189,1,13.75,46,7.19968644614895,7.32128965950656,1
189,1,13.75,46,7.32128965950656,7.95150454705091,1
189,1,13.75,46,7.95150454705091,8.12307193738621,1
189,1,13.75,46,8.12307193738621,8.15101481799319,1
189,1,13.75,46,8.15101481799319,8.46904446859066,1
189,1,13.75,46,8.46904446859066,8.58210396494676,1
189,1,13.75,46,8.58210396494676,8.77801505222054,1
189,1,13.75,46,8.77801505222054,8.8196260090898,1
189,1,13.75,46,8.8196260090898,9.09880489979311,1
189,1,13.75,46,9.09880489979311,9.1428113858266,1
189,1,13.75,46,9.1428113858266,9.57375295875427,1
189,1,13.75,46,9.57375295875427,9.91975110390779,1
189,1,13.75,46,9.91975110390779,10.1661417513078,1
189,1,13.75,46,10.1661417513078,10.1691961874453,1
189,1,13.75,46,10.1691961874453,10.2544544089265,1
189,1,13.75,46,10.2544544089265,10.2945055183676,1
189,1,13.75,46,10.2945055183676,10.3255530388975,1
189,1,13.75,46,10.3255530388975,10.5260649169736,1
189,1,13.75,46,10.5260649169736,10.5391620261192,1
189,1,13.75,46,10.5391620261192,10.8616160901237,1
189,1,13.75,46,10.8616160901237,10.954987389594,1
189,1,13.75,46,10.954987389594,11.0841299079813,1
189,1,13.75,46,11.0841299079813,11.5294289290244,1
189,1,13.75,46,11.5294289290244,11.5481164603624,1
189,1,13.75,46,11.5481164603624,11.6604336969591,1
189,1,13.75,46,11.6604336969591,11.7133102320107,1
189,1,13.75,46,11.7133102320107,12.0098618555097,1
189,1,13.75,46,12.0098618555097,12.13580661826,1
189,1,13.75,46,12.13580661826,12.1446193390406,1
189,1,13.75,46,12.1446193390406,12.2579130048986,1
189,1,13.75,46,12.2579130048986,12.2756864613761,1
189,1,13.75,46,12.2756864613761,12.2945482123472,1
189,1,13.75,46,12.2945482123472,12.4462709423766,1
189,1,13.75,46,12.4462709423766,12.8559427689946,1
189,1,13.75,46,12.8559427689946,12.9008528193476,1
189,1,13.75,46,12.9008528193476,13.1413375860761,1
189,1,13.75,46,13.1413375860761,13.4722560924913,1
189,1,13.75,46,13.4722560924913,13.4974185259856,1
189,1,13.75,46,13.4974185259856,13.75,0
190,1,17.75,4,0,0.0038117415432056,1
190,1,17.75,4,0.0038117415432056,3.01273246829036,1
190,1,17.75,4,3.01273246829036,10.601296979894,1
190,1,17.75,4,10.601296979894,15.9031536293285,1
190,1,17.75,4,15.9031536293285,17.75,0
191,1,15.75,76,0,2.94152527869382,1
191,1,15.75,76,2.94152527869382,3.85254899568093,1
191,1,15.75,76,3.85254899568093,4.38623500473095,1
191,1,15.75,76,4.38623500473095,5.78258408218056,1
191,1,15.75,76,5.78258408218056,6.11751129155046,1
191,1,15.75,76,6.11751129155046,6.19897461742862,1
191,1,15.75,76,6.19897461742862,6.54758162860091,1
191,1,15.75,76,6.54758162860091,6.729168829932,1
191,1,15.75,76,6.729168829932,7.18051482825636,1
191,1,15.75,76,7.18051482825636,7.36684016352132,1
191,1,15.75,76,7.36684016352132,7.9522322886357,1
191,1,15.75,76,7.9522322886357,7.96129190342375,1
191,1,15.75,76,7.96129190342375,7.9821397411626,1
191,1,15.75,76,7.9821397411626,8.29283498464096,1
191,1,15.75,76,8.29283498464096,8.63544052097683,1
191,1,15.75,76,8.63544052097683,8.780535475333,1
191,1,15.75,76,8.780535475333,8.93572544509787,1
191,1,15.75,76,8.93572544509787,9.09940677228074,1
191,1,15.75,76,9.09940677228074,9.26418720139748,1
191,1,15.75,76,9.26418720139748,9.29657112508745,1
191,1,15.75,76,9.29657112508745,9.51204553470732,1
191,1,15.75,76,9.51204553470732,9.52460090319008,1
191,1,15.75,76,9.52460090319008,9.82352422094573,1
191,1,15.75,76,9.82352422094573,10.4589044212949,1
191,1,15.75,76,10.4589044212949,10.4624301271755,1
191,1,15.75,76,10.4624301271755,10.4899038228531,1
191,1,15.75,76,10.4899038228531,10.7864140387741,1
191,1,15.75,76,10.7864140387741,11.0836953390297,1
191,1,15.75,76,11.0836953390297,11.2677160671964,1
191,1,15.75,76,11.2677160671964,11.3285395825356,1
191,1,15.75,76,11.3285395825356,11.4151001555567,1
191,1,15.75,76,11.4151001555567,11.4339885040612,1
191,1,15.75,76,11.4339885040612,11.602360964863,1
191,1,15.75,76,11.602360964863,11.6071327014671,1
191,1,15.75,76,11.6071327014671,11.7692110060145,1
191,1,15.75,76,11.7692110060145,11.8920096139443,1
191,1,15.75,76,11.8920096139443,12.005323571917,1
191,1,15.75,76,12.005323571917,12.0666811966653,1
191,1,15.75,76,12.0666811966653,12.1458376826829,1
191,1,15.75,76,12.1458376826829,12.2099417316135,1
191,1,15.75,76,12.2099417316135,12.3296248743968,1
191,1,15.75,76,12.3296248743968,12.7081192033561,1
191,1,15.75,76,12.7081192033561,12.709238091111,1
191,1,15.75,76,12.709238091111,12.8144012853983,1
191,1,15.75,76,12.8144012853983,12.9771425802358,1
191,1,15.75,76,12.9771425802358,13.0001552609998,1
191,1,15.75,76,13.0001552609998,13.1210737053439,1
191,1,15.75,76,13.1210737053439,13.1775287496725,1
191,1,15.75,76,13.1775287496725,13.2421903115159,1
191,1,15.75,76,13.2421903115159,13.4256785508844,1
191,1,15.75,76,13.4256785508844,13.4677128737303,1
191,1,15.75,76,13.4677128737303,13.5386558733761,1
191,1,15.75,76,13.5386558733761,13.5448210739394,1
191,1,15.75,76,13.5448210739394,13.7702752808635,1
191,1,15.75,76,13.7702752808635,13.8982060513969,1
191,1,15.75,76,13.8982060513969,14.2123849727423,1
191,1,15.75,76,14.2123849727423,14.7488000183569,1
191,1,15.75,76,14.7488000183569,14.7708047020103,1
191,1,15.75,76,14.7708047020103,14.8261778143054,1
191,1,15.75,76,14.8261778143054,15.0180927261135,1
191,1,15.75,76,15.0180927261135,15.1378173911757,1
191,1,15.75,76,15.1378173911757,15.1482656620319,1
191,1,15.75,76,15.1482656620319,15.1892783746191,1
191,1,15.75,76,15.1892783746191,15.2517817597879,1
191,1,15.75,76,15.2517817597879,15.2732637180738,1
191,1,15.75,76,15.2732637180738,15.292570012996,1
191,1,15.75,76,15.292570012996,15.3897580122305,1
191,1,15.75,76,15.3897580122305,15.3973942171824,1
191,1,15.75,76,15.3973942171824,15.4110134600194,1
191,1,15.75,76,15.4110134600194,15.4242402722883,1
191,1,15.75,76,15.4242402722883,15.4323848352065,1
191,1,15.75,76,15.4323848352065,15.5208004360523,1
191,1,15.75,76,15.5208004360523,15.5622943303194,1
191,1,15.75,76,15.5622943303194,15.6413026726096,1
191,1,15.75,76,15.6413026726096,15.6445397147814,1
191,1,15.75,76,15.6445397147814,15.7058114486082,1
191,1,15.75,76,15.7058114486082,15.75,0
192,1,14.75,6,0,4.811404804593,1
192,1,14.75,6,4.811404804593,5.73975938474798,1
192,1,14.75,6,5.73975938474798,7.72475985061975,1
192,1,14.75,6,7.72475985061975,10.3238995914912,1
192,1,14.75,6,10.3238995914912,14.4624194140796,1
192,1,14.75,6,14.4624194140796,14.6031477727603,1
192,1,14.75,6,14.6031477727603,14.75,0
193,1,12.75,33,0,2.34096606602181,1
193,1,12.75,33,2.34096606602181,3.35996813725434,1
193,1,12.75,33,3.35996813725434,4.41204174381384,1
193,1,12.75,33,4.41204174381384,4.77484009606399,1
193,1,12.75,33,4.77484009606399,5.60418240022456,1
193,1,12.75,33,5.60418240022456,5.93013502962354,1
193,1,12.75,33,5.93013502962354,6.23095095947679,1
193,1,12.75,33,6.23095095947679,6.59283306497695,1
193,1,12.75,33,6.59283306497695,6.68957786690434,1
193,1,12.75,33,6.68957786690434,6.86633133276067,1
193,1,12.75,33,6.86633133276067,7.02663844904287,1
193,1,12.75,33,7.02663844904287,8.13814851872319,1
193,1,12.75,33,8.13814851872319,8.47977564334679,1
193,1,12.75,33,8.47977564334679,9.25979231640287,1
193,1,12.75,33,9.25979231640287,9.36752462969341,1
193,1,12.75,33,9.36752462969341,9.86412274420301,1
193,1,12.75,33,9.86412274420301,9.88963336364393,1
193,1,12.75,33,9.88963336364393,10.2236950996118,1
193,1,12.75,33,10.2236950996118,10.2572291359271,1
193,1,12.75,33,10.2572291359271,10.3466228462089,1
193,1,12.75,33,10.3466228462089,10.46821031262,1
193,1,12.75,33,10.46821031262,10.5264308933953,1
193,1,12.75,33,10.5264308933953,10.9561301671476,1
193,1,12.75,33,10.9561301671476,11.5924282579634,1
193,1,12.75,33,11.5924282579634,11.8183895758848,1
193,1,12.75,33,11.8183895758848,11.8873302246043,1
193,1,12.75,33,11.8873302246043,12.0654137431922,1
193,1,12.75,33,12.0654137431922,12.3151983426517,1
193,1,12.75,33,12.3151983426517,12.3687876883103,1
193,1,12.75,33,12.3687876883103,12.4783248127624,1
193,1,12.75,33,12.4783248127624,12.5081939570754,1
193,1,12.75,33,12.5081939570754,12.5901224742652,1
193,1,12.75,33,12.5901224742652,12.626091380557,1
193,1,12.75,33,12.626091380557,12.75,0
194,1,9.75,4,0,5.03623256039144,1
194,1,9.75,4,5.03623256039144,8.51986122593869,1
194,1,9.75,4,8.51986122593869,8.76618660116474,1
194,1,9.75,4,8.76618660116474,9.06040322994102,1
194,1,9.75,4,9.06040322994102,9.75,0
195,1,14.75,28,0,2.56751829317608,1
195,1,14.75,28,2.56751829317608,4.15550814217592,1
195,1,14.75,28,4.15550814217592,5.23366013250966,1
195,1,14.75,28,5.23366013250966,6.20496338396609,1
195,1,14.75,28,6.20496338396609,6.40040556694035,1
195,1,14.75,28,6.40040556694035,6.72963591236005,1
195,1,14.75,28,6.72963591236005,6.80178904506632,1
195,1,14.75,28,6.80178904506632,6.80444505215294,1
195,1,14.75,28,6.80444505215294,7.55617110808135,1
195,1,14.75,28,7.55617110808135,7.78402611930139,1
195,1,14.75,28,7.78402611930139,7.89669960925189,1
195,1,14.75,28,7.89669960925189,7.9346486069122,1
195,1,14.75,28,7.9346486069122,9.75431954215611,1
195,1,14.75,28,9.75431954215611,10.0628417733433,1
195,1,14.75,28,10.0628417733433,10.2592492247104,1
195,1,14.75,28,10.2592492247104,10.4314826370863,1
195,1,14.75,28,10.4314826370863,10.7862147560895,1
195,1,14.75,28,10.7862147560895,11.0646832776903,1
195,1,14.75,28,11.0646832776903,11.1114238079433,1
195,1,14.75,28,11.1114238079433,11.1978411065067,1
195,1,14.75,28,11.1978411065067,11.432645671884,1
195,1,14.75,28,11.432645671884,12.0182049696471,1
195,1,14.75,28,12.0182049696471,12.4074988640487,1
195,1,14.75,28,12.4074988640487,12.6390315911619,1
195,1,14.75,28,12.6390315911619,12.8004536000131,1
195,1,14.75,28,12.8004536000131,13.1775807026367,1
195,1,14.75,28,13.1775807026367,13.585476105069,1
195,1,14.75,28,13.585476105069,13.8987801454532,1
195,1,14.75,28,13.8987801454532,14.75,0
196,1,18.75,84,0,3.19126947218795,1
196,1,18.75,84,3.19126947218795,3.20299395979915,1
196,1,18.75,84,3.20299395979915,3.42087511129364,1
196,1,18.75,84,3.42087511129364,4.74778649674252,1
196,1,18.75,84,4.74778649674252,6.86593979263655,1
196,1,18.75,84,6.86593979263655,7.59543404701106,1
196,1,18.75,84,7.59543404701106,8.29078528873517,1
196,1,18.75,84,8.29078528873517,8.52885688611432,1
196,1,18.75,84,8.52885688611432,8.5818474690539,1
196,1,18.75,84,8.5818474690539,8.75264423232363,1
196,1,18.75,84,8.75264423232363,8.89176589702172,1
196,1,18.75,84,8.89176589702172,9.03690121834574,1
196,1,18.75,84,9.03690121834574,9.4979477507654,1
196,1,18.75,84,9.4979477507654,9.78040769525764,1
196,1,18.75,84,9.78040769525764,10.0206033336719,1
196,1,18.75,84,10.0206033336719,10.3176419006198,1
196,1,18.75,84,10.3176419006198,10.437799774554,1
196,1,18.75,84,10.437799774554,10.5533973006989,1
196,1,18.75,84,10.5533973006989,10.581348529743,1
196,1,18.75,84,10.581348529743,10.6071264653933,1
196,1,18.75,84,10.6071264653933,10.649867631539,1
196,1,18.75,84,10.649867631539,10.879214034443,1
196,1,18.75,84,10.879214034443,11.0564773910723,1
196,1,18.75,84,11.0564773910723,11.2103482349775,1
196,1,18.75,84,11.2103482349775,11.2707234639902,1
196,1,18.75,84,11.2707234639902,11.4749366794436,1
196,1,18.75,84,11.4749366794436,11.5358651113939,1
196,1,18.75,84,11.5358651113939,11.6449682681512,1
196,1,18.75,84,11.6449682681512,11.6520511182814,1
196,1,18.75,84,11.6520511182814,11.6578454407021,1
196,1,18.75,84,11.6578454407021,11.8253797632775,1
196,1,18.75,84,11.8253797632775,11.9193901110329,1
196,1,18.75,84,11.9193901110329,12.0733994295329,1
196,1,18.75,84,12.0733994295329,12.7032920326895,1
196,1,18.75,84,12.7032920326895,12.7743205571796,1
196,1,18.75,84,12.7743205571796,12.9228607368121,1
196,1,18.75,84,12.9228607368121,13.0637617762796,1
196,1,18.75,84,13.0637617762796,13.0827854693924,1
196,1,18.75,84,13.0827854693924,13.1483158057619,1
196,1,18.75,84,13.1483158057619,13.5197849399085,1
196,1,18.75,84,13.5197849399085,13.8203272321593,1
196,1,18.75,84,13.8203272321593,13.8481473271803,1
196,1,18.75,84,13.8481473271803,14.4824129123285,1
196,1,18.75,84,14.4824129123285,14.531815964726,1
196,1,18.75,84,14.531815964726,14.6456388291313,1
196,1,18.75,84,14.6456388291313,14.6651728110871,1
196,1,18.75,84,14.6651728110871,14.8553423194209,1
196,1,18.75,84,14.8553423194209,14.8652179187307,1
196,1,18.75,84,14.8652179187307,15.0451594275609,1
196,1,18.75,84,15.0451594275609,15.1766584219074,1
196,1,18.75,84,15.1766584219074,15.2560937062582,1
196,1,18.75,84,15.2560937062582,15.2773640413558,1
196,1,18.75,84,15.2773640413558,15.2823261649154,1
196,1,18.75,84,15.2823261649154,15.3332445027066,1
196,1,18.75,84,15.3332445027066,15.3664699263297,1
196,1,18.75,84,15.3664699263297,15.7840261540277,1
196,1,18.75,84,15.7840261540277,15.8696052728139,1
196,1,18.75,84,15.8696052728139,15.9061649730746,1
196,1,18.75,84,15.9061649730746,15.9368042978643,1
196,1,18.75,84,15.9368042978643,16.1905331490301,1
196,1,18.75,84,16.1905331490301,16.2442760750927,1
196,1,18.75,84,16.2442760750927,16.2539036392082,1
196,1,18.75,84,16.2539036392082,16.3721689661967,1
196,1,18.75,84,16.3721689661967,16.6363852162832,1
196,1,18.75,84,16.6363852162832,16.6983331723258,1
196,1,18.75,84,16.6983331723258,16.8468800334131,1
196,1,18.75,84,16.8468800334131,17.0100363690053,1
196,1,18.75,84,17.0100363690053,17.1167992408313,1
196,1,18.75,84,17.1167992408313,17.176338443324,1
196,1,18.75,84,17.176338443324,17.2616819066508,1
196,1,18.75,84,17.2616819066508,17.363992555285,1
196,1,18.75,84,17.363992555285,17.3658980208305,1
196,1,18.75,84,17.3658980208305,17.4248683662228,1
196,1,18.75,84,17.4248683662228,17.5321650937273,1
196,1,18.75,84,17.5321650937273,17.5906900921225,1
196,1,18.75,84,17.5906900921225,17.7297824135831,1
196,1,18.75,84,17.7297824135831,18.0206880115439,1
196,1,18.75,84,18.0206880115439,18.2161492386334,1
196,1,18.75,84,18.2161492386334,18.2505875995168,1
196,1,18.75,84,18.2505875995168,18.2746201199781,1
196,1,18.75,84,18.2746201199781,18.4058690641261,1
196,1,18.75,84,18.4058690641261,18.5781269313301,1
196,1,18.75,84,18.5781269313301,18.7085675753513,1
196,1,18.75,84,18.7085675753513,18.7265605729328,1
196,1,18.75,84,18.7265605729328,18.75,0
197,1,9.75,3,0,0.260790765605914,1
197,1,9.75,3,0.260790765605914,1.1578580041698,1
197,1,9.75,3,1.1578580041698,2.20005944356894,1
197,1,9.75,3,2.20005944356894,9.75,0
198,1,9.75,8,0,0.0896884592704655,1
198,1,9.75,8,0.0896884592704655,0.169024417005183,1
198,1,9.75,8,0.169024417005183,0.61071364545112,1
198,1,9.75,8,0.61071364545112,0.793406909780462,1
198,1,9.75,8,0.793406909780462,1.45835423356602,1
198,1,9.75,8,1.45835423356602,2.26045770077779,1
198,1,9.75,8,2.26045770077779,3.57928321036518,1
198,1,9.75,8,3.57928321036518,7.46721192095648,1
198,1,9.75,8,7.46721192095648,9.75,0
199,1,16.75,1,0,0.00111992558174394,1
199,1,16.75,1,0.00111992558174394,16.75,0
200,1,14.75,1,0,14.2597803184874,1
200,1,14.75,1,14.2597803184874,14.75,0
201,1,14.75,4,0,3.74902564731931,1
201,1,14.75,4,3.74902564731931,7.58637874709583,1
201,1,14.75,4,7.58637874709583,8.02155184336086,1
201,1,14.75,4,8.02155184336086,14.6978937684303,1
201,1,14.75,4,14.6978937684303,14.75,0
202,1,14.75,3,0,0.0773461109027485,1
202,1,14.75,3,0.0773461109027485,2.0569104708605,1
202,1,14.75,3,2.0569104708605,3.49801924942787,1
202,1,14.75,3,3.49801924942787,14.75,0
203,1,15.75,56,0,4.37560756829447,1
203,1,15.75,56,4.37560756829447,5.17915133556876,1
203,1,15.75,56,5.17915133556876,5.23818391322641,1
203,1,15.75,56,5.23818391322641,6.26468501511701,1
203,1,15.75,56,6.26468501511701,7.55647374463599,1
203,1,15.75,56,7.55647374463599,7.82286295476215,1
203,1,15.75,56,7.82286295476215,7.95787470491545,1
203,1,15.75,56,7.95787470491545,7.99488813213432,1
203,1,15.75,56,7.99488813213432,8.23349241344985,1
203,1,15.75,56,8.23349241344985,8.72034647048043,1
203,1,15.75,56,8.72034647048043,9.07059159499364,1
203,1,15.75,56,9.07059159499364,9.25329073241348,1
203,1,15.75,56,9.25329073241348,9.32844783044278,1
203,1,15.75,56,9.32844783044278,9.51386608742258,1
203,1,15.75,56,9.51386608742258,9.51947950370537,1
203,1,15.75,56,9.51947950370537,9.67142347602494,1
203,1,15.75,56,9.67142347602494,9.75781487858203,1
203,1,15.75,56,9.75781487858203,9.75869431778874,1
203,1,15.75,56,9.75869431778874,10.1914684097527,1
203,1,15.75,56,10.1914684097527,10.2786319000309,1
203,1,15.75,56,10.2786319000309,10.286880880732,1
203,1,15.75,56,10.286880880732,10.308751917922,1
203,1,15.75,56,10.308751917922,10.4215496259633,1
203,1,15.75,56,10.4215496259633,10.6521950073305,1
203,1,15.75,56,10.6521950073305,10.9325373301734,1
203,1,15.75,56,10.9325373301734,11.0787983104114,1
203,1,15.75,56,11.0787983104114,11.2728296312652,1
203,1,15.75,56,11.2728296312652,11.7986706713459,1
203,1,15.75,56,11.7986706713459,12.0676449170829,1
203,1,15.75,56,12.0676449170829,12.1533522274134,1
203,1,15.75,56,12.1533522274134,12.2284362298686,1
203,1,15.75,56,12.2284362298686,12.4217178243561,1
203,1,15.75,56,12.4217178243561,12.597095088149,1
203,1,15.75,56,12.597095088149,12.7368362986612,1
203,1,15.75,56,12.7368362986612,12.8041629967335,1
203,1,15.75,56,12.8041629967335,13.0738535013095,1
203,1,15.75,56,13.0738535013095,13.1990249302085,1
203,1,15.75,56,13.1990249302085,13.3683747911997,1
203,1,15.75,56,13.3683747911997,13.3738936239698,1
203,1,15.75,56,13.3738936239698,13.6812748665771,1
203,1,15.75,56,13.6812748665771,13.8759410210032,1
203,1,15.75,56,13.8759410210032,14.2881445325375,1
203,1,15.75,56,14.2881445325375,14.4022040612069,1
203,1,15.75,56,14.4022040612069,14.4825808453624,1
203,1,15.75,56,14.4825808453624,14.5427462842704,1
203,1,15.75,56,14.5427462842704,14.6350659154421,1
203,1,15.75,56,14.6350659154421,14.643830246784,1
203,1,15.75,56,14.643830246784,14.7084122614691,1
203,1,15.75,56,14.7084122614691,15.0554553432434,1
203,1,15.75,56,15.0554553432434,15.086571199917,1
203,1,15.75,56,15.086571199917,15.1091973113511,1
203,1,15.75,56,15.1091973113511,15.1525545919407,1
203,1,15.75,56,15.1525545919407,15.3508564780652,1
203,1,15.75,56,15.3508564780652,15.4194239859978,1
203,1,15.75,56,15.4194239859978,15.4721654649763,1
203,1,15.75,56,15.4721654649763,15.7141087315914,1
203,1,15.75,56,15.7141087315914,15.75,0
204,1,12.75,2,0,3.0819496007234,1
204,1,12.75,2,3.0819496007234,11.5215475457583,1
204,1,12.75,2,11.5215475457583,12.75,0
205,1,13.75,28,0,4.01705863752222,1
205,1,13.75,28,4.01705863752222,6.55251547664752,1
205,1,13.75,28,6.55251547664752,7.64445480521171,1
205,1,13.75,28,7.64445480521171,7.68971765416846,1
205,1,13.75,28,7.68971765416846,8.12147063799859,1
205,1,13.75,28,8.12147063799859,8.45616121883646,1
205,1,13.75,28,8.45616121883646,8.60878654966029,1
205,1,13.75,28,8.60878654966029,9.53020281569522,1
205,1,13.75,28,9.53020281569522,9.66122373303683,1
205,1,13.75,28,9.66122373303683,9.92161188638513,1
205,1,13.75,28,9.92161188638513,10.0194569364987,1
205,1,13.75,28,10.0194569364987,10.3383409199435,1
205,1,13.75,28,10.3383409199435,10.4789729319408,1
205,1,13.75,28,10.4789729319408,10.599592186833,1
205,1,13.75,28,10.599592186833,11.1237008819554,1
205,1,13.75,28,11.1237008819554,11.1286819697593,1
205,1,13.75,28,11.1286819697593,11.2786988662947,1
205,1,13.75,28,11.2786988662947,11.7229740267451,1
205,1,13.75,28,11.7229740267451,11.9976990454231,1
205,1,13.75,28,11.9976990454231,12.1647558840016,1
205,1,13.75,28,12.1647558840016,12.266759751466,1
205,1,13.75,28,12.266759751466,12.3794383191249,1
205,1,13.75,28,12.3794383191249,12.4923171196183,1
205,1,13.75,28,12.4923171196183,12.9612857900899,1
205,1,13.75,28,12.9612857900899,13.2767983628312,1
205,1,13.75,28,13.2767983628312,13.3175572020039,1
205,1,13.75,28,13.3175572020039,13.5803467013275,1
205,1,13.75,28,13.5803467013275,13.7495490968856,1
205,1,13.75,28,13.7495490968856,13.75,0
206,1,17.75,3,0,0.255962559024613,1
206,1,17.75,3,0.255962559024613,1.64946178799042,1
206,1,17.75,3,1.64946178799042,1.95034023451086,1
206,1,17.75,3,1.95034023451086,17.75,0
207,1,10.75,22,0,2.98299650075585,1
207,1,10.75,22,2.98299650075585,3.41510676919757,1
207,1,10.75,22,3.41510676919757,4.67595211117072,1
207,1,10.75,22,4.67595211117072,6.01499953664505,1
207,1,10.75,22,6.01499953664505,6.36302105676032,1
207,1,10.75,22,6.36302105676032,6.45556091791398,1
207,1,10.75,22,6.45556091791398,6.57009848487323,1
207,1,10.75,22,6.57009848487323,6.75415143857901,1
207,1,10.75,22,6.75415143857901,7.35517176172703,1
207,1,10.75,22,7.35517176172703,7.40412283107805,1
207,1,10.75,22,7.40412283107805,7.65028960737385,1
207,1,10.75,22,7.65028960737385,7.89931400312274,1
207,1,10.75,22,7.89931400312274,8.27395412624723,1
207,1,10.75,22,8.27395412624723,8.62185290175737,1
207,1,10.75,22,8.62185290175737,8.99652710869228,1
207,1,10.75,22,8.99652710869228,9.03879406124435,1
207,1,10.75,22,9.03879406124435,9.10769159914746,1
207,1,10.75,22,9.10769159914746,9.39891713249543,1
207,1,10.75,22,9.39891713249543,9.570396603963,1
207,1,10.75,22,9.570396603963,9.70322025882504,1
207,1,10.75,22,9.70322025882504,10.7048552099015,1
207,1,10.75,22,10.7048552099015,10.7452298915743,1
207,1,10.75,22,10.7452298915743,10.75,0
208,1,15.75,1,0,13.6534871992899,1
208,1,15.75,1,13.6534871992899,15.75,0
209,1,17.75,20,0,4.93090452979064,1
209,1,17.75,20,4.93090452979064,4.99453422380407,1
209,1,17.75,20,4.99453422380407,6.28074941059788,1
209,1,17.75,20,6.28074941059788,6.70093748947262,1
209,1,17.75,20,6.70093748947262,8.50804728555665,1
209,1,17.75,20,8.50804728555665,8.64253859136641,1
209,1,17.75,20,8.64253859136641,9.1468285353761,1
209,1,17.75,20,9.1468285353761,9.26961709970262,1
209,1,17.75,20,9.26961709970262,10.7860462189958,1
209,1,17.75,20,10.7860462189958,12.7582055867745,1
209,1,17.75,20,12.7582055867745,14.464133447908,1
209,1,17.75,20,14.464133447908,14.5336413283345,1
209,1,17.75,20,14.5336413283345,14.7329548622998,1
209,1,17.75,20,14.7329548622998,14.8388864033813,1
209,1,17.75,20,14.8388864033813,15.2487625482357,1
209,1,17.75,20,15.2487625482357,16.3712428869648,1
209,1,17.75,20,16.3712428869648,17.0149667884088,1
209,1,17.75,20,17.0149667884088,17.0195424343083,1
209,1,17.75,20,17.0195424343083,17.6186474150019,1
209,1,17.75,20,17.6186474150019,17.7342899567383,1
209,1,17.75,20,17.7342899567383,17.75,0
210,1,8.75,0,0,8.75,0
211,1,20.75,78,0,2.67823091393415,1
211,1,20.75,78,2.67823091393415,3.70001043736567,1
211,1,20.75,78,3.70001043736567,4.34353762981141,1
211,1,20.75,78,4.34353762981141,4.44814789484788,1
211,1,20.75,78,4.44814789484788,5.12542507757102,1
211,1,20.75,78,5.12542507757102,6.72224614340397,1
211,1,20.75,78,6.72224614340397,6.90236390784739,1
211,1,20.75,78,6.90236390784739,7.11708822276959,1
211,1,20.75,78,7.11708822276959,7.2408698131904,1
211,1,20.75,78,7.2408698131904,7.3262018590901,1
211,1,20.75,78,7.3262018590901,7.37628473669429,1
211,1,20.75,78,7.37628473669429,7.95964194264148,1
211,1,20.75,78,7.95964194264148,8.12458595792526,1
211,1,20.75,78,8.12458595792526,8.57201245288192,1
211,1,20.75,78,8.57201245288192,9.10212426652151,1
211,1,20.75,78,9.10212426652151,9.69845036788988,1
211,1,20.75,78,9.69845036788988,9.75212352656847,1
211,1,20.75,78,9.75212352656847,10.0741005349196,1
211,1,20.75,78,10.0741005349196,10.4390017622056,1
211,1,20.75,78,10.4390017622056,11.0623398645198,1
211,1,20.75,78,11.0623398645198,11.4023834402883,1
211,1,20.75,78,11.4023834402883,12.5158088459457,1
211,1,20.75,78,12.5158088459457,12.7338746394138,1
211,1,20.75,78,12.7338746394138,12.8867655719972,1
211,1,20.75,78,12.8867655719972,13.3970772078327,1
211,1,20.75,78,13.3970772078327,13.6139783929511,1
211,1,20.75,78,13.6139783929511,13.6761737931514,1
211,1,20.75,78,13.6761737931514,13.9468715460124,1
211,1,20.75,78,13.9468715460124,14.3489897619437,1
211,1,20.75,78,14.3489897619437,14.442431189202,1
211,1,20.75,78,14.442431189202,14.5549051167227,1
211,1,20.75,78,14.5549051167227,14.8176637808029,1
211,1,20.75,78,14.8176637808029,14.8458352022447,1
211,1,20.75,78,14.8458352022447,14.9433932359223,1
211,1,20.75,78,14.9433932359223,14.9585303914156,1
211,1,20.75,78,14.9585303914156,15.0183132409061,1
211,1,20.75,78,15.0183132409061,15.7334972491691,1
211,1,20.75,78,15.7334972491691,15.8225776438659,1
211,1,20.75,78,15.8225776438659,15.9580054835178,1
211,1,20.75,78,15.9580054835178,16.0751556590623,1
211,1,20.75,78,16.0751556590623,16.1080767920998,1
211,1,20.75,78,16.1080767920998,16.2404330315461,1
211,1,20.75,78,16.2404330315461,16.7581200980866,1
211,1,20.75,78,16.7581200980866,16.7617420919909,1
211,1,20.75,78,16.7617420919909,16.8228189662043,1
211,1,20.75,78,16.8228189662043,16.8906163882227,1
211,1,20.75,78,16.8906163882227,16.9768426850994,1
211,1,20.75,78,16.9768426850994,17.1844188004909,1
211,1,20.75,78,17.1844188004909,17.28413109831,1
211,1,20.75,78,17.28413109831,17.7332657588421,1
211,1,20.75,78,17.7332657588421,17.8744811643128,1
211,1,20.75,78,17.8744811643128,18.0246480453909,1
211,1,20.75,78,18.0246480453909,18.0547884019011,1
211,1,20.75,78,18.0547884019011,18.1290692508307,1
211,1,20.75,78,18.1290692508307,18.248391152542,1
211,1,20.75,78,18.248391152542,18.4618251702829,1
211,1,20.75,78,18.4618251702829,18.5325911512421,1
211,1,20.75,78,18.5325911512421,18.5563261332292,1
211,1,20.75,78,18.5563261332292,18.9350930548454,1
211,1,20.75,78,18.9350930548454,18.9850339190502,1
211,1,20.75,78,18.9850339190502,19.0066485419107,1
211,1,20.75,78,19.0066485419107,19.063001596639,1
211,1,20.75,78,19.063001596639,19.0643605484521,1
211,1,20.75,78,19.0643605484521,19.0865913173525,1
211,1,20.75,78,19.0865913173525,19.2735841694352,1
211,1,20.75,78,19.2735841694352,19.3305103883696,1
211,1,20.75,78,19.3305103883696,19.3873638816441,1
211,1,20.75,78,19.3873638816441,19.4074421856447,1
211,1,20.75,78,19.4074421856447,19.4491782522246,1
211,1,20.75,78,19.4491782522246,19.6425945393658,1
211,1,20.75,78,19.6425945393658,19.8886967619368,1
211,1,20.75,78,19.8886967619368,19.9600212809385,1
211,1,20.75,78,19.9600212809385,20.2175388795408,1
211,1,20.75,78,20.2175388795408,20.3033728573087,1
211,1,20.75,78,20.3033728573087,20.3081843956269,1
211,1,20.75,78,20.3081843956269,20.3377005381144,1
211,1,20.75,78,20.3377005381144,20.4664658791473,1
211,1,20.75,78,20.4664658791473,20.7489297992785,1
211,1,20.75,78,20.7489297992785,20.75,0
212,1,11.75,1,0,5.60800437418734,1
212,1,11.75,1,5.60800437418734,11.75,0
213,1,8.75,2,0,0.0506350453017346,1
213,1,8.75,2,0.0506350453017346,0.242048661662163,1
213,1,8.75,2,0.242048661662163,8.75,0
214,1,9.75,3,0,4.17241047399005,1
214,1,9.75,3,4.17241047399005,6.6238250672321,1
214,1,9.75,3,6.6238250672321,8.46954127988394,1
214,1,9.75,3,8.46954127988394,9.75,0
215,1,14.75,37,0,3.63780472976863,1
215,1,14.75,37,3.63780472976863,5.43963183566175,1
215,1,14.75,37,5.43963183566175,5.6193820439752,1
215,1,14.75,37,5.6193820439752,6.32840209349417,1
215,1,14.75,37,6.32840209349417,6.43030134423216,1
215,1,14.75,37,6.43030134423216,6.67417584194311,1
215,1,14.75,37,6.67417584194311,7.44267525306893,1
215,1,14.75,37,7.44267525306893,7.5003673580758,1
215,1,14.75,37,7.5003673580758,7.6324677597542,1
215,1,14.75,37,7.6324677597542,8.09693109663923,1
215,1,14.75,37,8.09693109663923,8.15963038137838,1
215,1,14.75,37,8.15963038137838,9.07277066803418,1
215,1,14.75,37,9.07277066803418,9.76700720978785,1
215,1,14.75,37,9.76700720978785,9.90268126495878,1
215,1,14.75,37,9.90268126495878,9.91960947585484,1
215,1,14.75,37,9.91960947585484,10.0038717398095,1
215,1,14.75,37,10.0038717398095,10.2778062588633,1
215,1,14.75,37,10.2778062588633,11.0954355958096,1
215,1,14.75,37,11.0954355958096,11.3580044457741,1
215,1,14.75,37,11.3580044457741,11.9970801517675,1
215,1,14.75,37,11.9970801517675,12.2520076177598,1
215,1,14.75,37,12.2520076177598,12.4727676379816,1
215,1,14.75,37,12.4727676379816,12.6310493047725,1
215,1,14.75,37,12.6310493047725,12.6618700592994,1
215,1,14.75,37,12.6618700592994,12.7424217895227,1
215,1,14.75,37,12.7424217895227,12.8589284491249,1
215,1,14.75,37,12.8589284491249,12.8765523258815,1
215,1,14.75,37,12.8765523258815,12.9370063938412,1
215,1,14.75,37,12.9370063938412,13.0350254300776,1
215,1,14.75,37,13.0350254300776,13.0860610797073,1
215,1,14.75,37,13.0860610797073,13.2476646233861,1
215,1,14.75,37,13.2476646233861,13.4456074433497,1
215,1,14.75,37,13.4456074433497,13.6361378403445,1
215,1,14.75,37,13.6361378403445,13.7437518563949,1
215,1,14.75,37,13.7437518563949,13.9095182191911,1
215,1,14.75,37,13.9095182191911,14.3324806100465,1
215,1,14.75,37,14.3324806100465,14.6248374682346,1
215,1,14.75,37,14.6248374682346,14.75,0
216,1,14.75,0,0,14.75,0
217,1,13.75,1,0,5.47109686000683,1
217,1,13.75,1,5.47109686000683,13.75,0
218,1,14.75,23,0,3.85295893286214,1
218,1,14.75,23,3.85295893286214,4.03882731158302,1
218,1,14.75,23,4.03882731158302,6.64314361441894,1
218,1,14.75,23,6.64314361441894,7.88792340394697,1
218,1,14.75,23,7.88792340394697,8.42140609488582,1
218,1,14.75,23,8.42140609488582,9.33514627713479,1
218,1,14.75,23,9.33514627713479,9.87967974515159,1
218,1,14.75,23,9.87967974515159,10.2030179676742,1
218,1,14.75,23,10.2030179676742,10.4278649230627,1
218,1,14.75,23,10.4278649230627,10.5542415177635,1
218,1,14.75,23,10.5542415177635,11.2500174422845,1
218,1,14.75,23,11.2500174422845,11.5957000558752,1
218,1,14.75,23,11.5957000558752,12.5713348124002,1
218,1,14.75,23,12.5713348124002,13.0070555385582,1
218,1,14.75,23,13.0070555385582,13.1684902447905,1
218,1,14.75,23,13.1684902447905,13.1738624915755,1
218,1,14.75,23,13.1738624915755,13.4296718466044,1
218,1,14.75,23,13.4296718466044,13.5699286770785,1
218,1,14.75,23,13.5699286770785,13.7740756489778,1
218,1,14.75,23,13.7740756489778,14.0169335131565,1
218,1,14.75,23,14.0169335131565,14.1692619986001,1
218,1,14.75,23,14.1692619986001,14.383213679058,1
218,1,14.75,23,14.383213679058,14.6636350707102,1
218,1,14.75,23,14.6636350707102,14.75,0
219,1,18.75,3,0,0.72739959898318,1
219,1,18.75,3,0.72739959898318,1.96262011793211,1
219,1,18.75,3,1.96262011793211,2.37927187055049,1
219,1,18.75,3,2.37927187055049,18.75,0
220,1,8.75,1,0,5.19384970695169,1
220,1,8.75,1,5.19384970695169,8.75,0
221,1,11.75,22,0,1.68996399209344,1
221,1,11.75,22,1.68996399209344,3.81614703586784,1
221,1,11.75,22,3.81614703586784,5.47984887500466,1
221,1,11.75,22,5.47984887500466,6.87587655046783,1
221,1,11.75,22,6.87587655046783,7.00098514747993,1
221,1,11.75,22,7.00098514747993,7.83340057904181,1
221,1,11.75,22,7.83340057904181,8.20533292843794,1
221,1,11.75,22,8.20533292843794,8.444036096043,1
221,1,11.75,22,8.444036096043,8.73736030046705,1
221,1,11.75,22,8.73736030046705,8.99961160179572,1
221,1,11.75,22,8.99961160179572,9.44648602496988,1
221,1,11.75,22,9.44648602496988,9.46517710354415,1
221,1,11.75,22,9.46517710354415,9.54724545752245,1
221,1,11.75,22,9.54724545752245,9.70716556669596,1
221,1,11.75,22,9.70716556669596,9.71213225987957,1
221,1,11.75,22,9.71213225987957,10.088068116437,1
221,1,11.75,22,10.088068116437,10.187113763,1
221,1,11.75,22,10.187113763,10.6660231522008,1
221,1,11.75,22,10.6660231522008,11.0682597953762,1
221,1,11.75,22,11.0682597953762,11.1790395305895,1
221,1,11.75,22,11.1790395305895,11.4856386356862,1
221,1,11.75,22,11.4856386356862,11.5581055830021,1
221,1,11.75,22,11.5581055830021,11.75,0
222,1,8.75,4,0,0.0190341147245006,1
222,1,8.75,4,0.0190341147245006,0.224915301190816,1
222,1,8.75,4,0.224915301190816,1.46024287137243,1
222,1,8.75,4,1.46024287137243,5.78610130096428,1
222,1,8.75,4,5.78610130096428,8.75,0
223,1,14.75,2,0,3.55211749505137,1
223,1,14.75,2,3.55211749505137,3.82702712555937,1
223,1,14.75,2,3.82702712555937,14.75,0
224,1,15.75,70,0,0.69074454652748,1
224,1,15.75,70,0.69074454652748,4.36256646051229,1
224,1,15.75,70,4.36256646051229,4.36414531809253,1
224,1,15.75,70,4.36414531809253,4.55059812996811,1
224,1,15.75,70,4.55059812996811,4.61997354257841,1
224,1,15.75,70,4.61997354257841,5.38646364036152,1
224,1,15.75,70,5.38646364036152,5.65252746899969,1
224,1,15.75,70,5.65252746899969,5.70913546645164,1
224,1,15.75,70,5.70913546645164,6.45483867442348,1
224,1,15.75,70,6.45483867442348,6.99246835629717,1
224,1,15.75,70,6.99246835629717,7.47793224934356,1
224,1,15.75,70,7.47793224934356,7.80601289057468,1
224,1,15.75,70,7.80601289057468,8.22889829287633,1
224,1,15.75,70,8.22889829287633,8.35858931009817,1
224,1,15.75,70,8.35858931009817,8.37711045109144,1
224,1,15.75,70,8.37711045109144,8.38294448905313,1
224,1,15.75,70,8.38294448905313,8.43229366450415,1
224,1,15.75,70,8.43229366450415,8.66913677453748,1
224,1,15.75,70,8.66913677453748,8.67316229778299,1
224,1,15.75,70,8.67316229778299,8.78808164635268,1
224,1,15.75,70,8.78808164635268,8.91203285897541,1
224,1,15.75,70,8.91203285897541,8.94912095650854,1
224,1,15.75,70,8.94912095650854,9.04385751113449,1
224,1,15.75,70,9.04385751113449,9.32924143449565,1
224,1,15.75,70,9.32924143449565,9.36419277363255,1
224,1,15.75,70,9.36419277363255,9.43934195436407,1
224,1,15.75,70,9.43934195436407,9.73097362875356,1
224,1,15.75,70,9.73097362875356,10.1688742299304,1
224,1,15.75,70,10.1688742299304,10.4729539384925,1
224,1,15.75,70,10.4729539384925,10.8267665358228,1
224,1,15.75,70,10.8267665358228,10.8869648983426,1
224,1,15.75,70,10.8869648983426,10.8985995049187,1
224,1,15.75,70,10.8985995049187,11.869679174642,1
224,1,15.75,70,11.869679174642,11.9706873372609,1
224,1,15.75,70,11.9706873372609,12.1109122676243,1
224,1,15.75,70,12.1109122676243,12.221997588746,1
224,1,15.75,70,12.221997588746,12.6002664646158,1
224,1,15.75,70,12.6002664646158,12.7728997410181,1
224,1,15.75,70,12.7728997410181,13.1544490352441,1
224,1,15.75,70,13.1544490352441,13.2372314096088,1
224,1,15.75,70,13.2372314096088,13.3430554253667,1
224,1,15.75,70,13.3430554253667,13.370276306591,1
224,1,15.75,70,13.370276306591,13.3961577393281,1
224,1,15.75,70,13.3961577393281,13.4011760868793,1
224,1,15.75,70,13.4011760868793,13.4179054347163,1
224,1,15.75,70,13.4179054347163,13.4531617970806,1
224,1,15.75,70,13.4531617970806,13.7102510872201,1
224,1,15.75,70,13.7102510872201,13.9998152994828,1
224,1,15.75,70,13.9998152994828,14.0132941082782,1
224,1,15.75,70,14.0132941082782,14.0291214490499,1
224,1,15.75,70,14.0291214490499,14.1729723484056,1
224,1,15.75,70,14.1729723484056,14.1943301288396,1
224,1,15.75,70,14.1943301288396,14.4055800728591,1
224,1,15.75,70,14.4055800728591,14.4449853845971,1
224,1,15.75,70,14.4449853845971,14.5133889245641,1
224,1,15.75,70,14.5133889245641,14.5489224011017,1
224,1,15.75,70,14.5489224011017,14.7281715713634,1
224,1,15.75,70,14.7281715713634,14.7341088365357,1
224,1,15.75,70,14.7341088365357,14.764377515272,1
224,1,15.75,70,14.764377515272,14.7682529220211,1
224,1,15.75,70,14.7682529220211,14.780510240331,1
224,1,15.75,70,14.780510240331,14.8556371128188,1
224,1,15.75,70,14.8556371128188,14.8844352480404,1
224,1,15.75,70,14.8844352480404,14.9685774865735,1
224,1,15.75,70,14.9685774865735,14.975383737444,1
224,1,15.75,70,14.975383737444,14.9772588462938,1
224,1,15.75,70,14.9772588462938,15.3684053848171,1
224,1,15.75,70,15.3684053848171,15.4698508728444,1
224,1,15.75,70,15.4698508728444,15.6441020647602,1
224,1,15.75,70,15.6441020647602,15.7000561332806,1
224,1,15.75,70,15.7000561332806,15.75,0
225,1,13.75,0,0,13.75,0
226,1,14.75,0,0,14.75,0
227,1,16.75,0,0,16.75,0
228,1,20.75,2,0,2.49103800891641,1
228,1,20.75,2,2.49103800891641,6.07095152792302,1
228,1,20.75,2,6.07095152792302,20.75,0
229,1,18.75,5,0,0.0214388354961627,1
229,1,18.75,5,0.0214388354961627,0.0603239426017883,1
229,1,18.75,5,0.0603239426017883,3.62366569083534,1
229,1,18.75,5,3.62366569083534,7.18677195811632,1
229,1,18.75,5,7.18677195811632,18.1509777336248,1
229,1,18.75,5,18.1509777336248,18.75,0
230,1,13.75,1,0,2.19771551766043,1
230,1,13.75,1,2.19771551766043,13.75,0
231,1,14.75,5,0,0.165189737740843,1
231,1,14.75,5,0.165189737740843,0.577287154774356,1
231,1,14.75,5,0.577287154774356,1.78875103327043,1
231,1,14.75,5,1.78875103327043,2.31636351984326,1
231,1,14.75,5,2.31636351984326,6.9722019894866,1
231,1,14.75,5,6.9722019894866,14.75,0
232,1,10.75,23,0,1.7433353581111,1
232,1,10.75,23,1.7433353581111,1.92770423554686,1
232,1,10.75,23,1.92770423554686,2.43376113378346,1
232,1,10.75,23,2.43376113378346,4.26264708324846,1
232,1,10.75,23,4.26264708324846,4.66647020698634,1
232,1,10.75,23,4.66647020698634,4.80705038479363,1
232,1,10.75,23,4.80705038479363,5.06577239256424,1
232,1,10.75,23,5.06577239256424,5.23317275234157,1
232,1,10.75,23,5.23317275234157,5.45224802638538,1
232,1,10.75,23,5.45224802638538,5.59780617914631,1
232,1,10.75,23,5.59780617914631,6.56813407937094,1
232,1,10.75,23,6.56813407937094,7.09728001990612,1
232,1,10.75,23,7.09728001990612,7.52465095438805,1
232,1,10.75,23,7.52465095438805,7.61095628595073,1
232,1,10.75,23,7.61095628595073,8.12487513464513,1
232,1,10.75,23,8.12487513464513,8.97428190790616,1
232,1,10.75,23,8.97428190790616,9.54058254377411,1
232,1,10.75,23,9.54058254377411,9.57832130693764,1
232,1,10.75,23,9.57832130693764,9.6621959025852,1
232,1,10.75,23,9.6621959025852,9.78425183059266,1
232,1,10.75,23,9.78425183059266,9.83833660565829,1
232,1,10.75,23,9.83833660565829,10.104805951689,1
232,1,10.75,23,10.104805951689,10.571129131246,1
232,1,10.75,23,10.571129131246,10.75,0
233,1,11.75,9,0,3.86501845419608,1
233,1,11.75,9,3.86501845419608,4.87319478462238,1
233,1,11.75,9,4.87319478462238,5.23230602028995,1
233,1,11.75,9,5.23230602028995,5.85610039601231,1
233,1,11.75,9,5.85610039601231,6.73811503652717,1
233,1,11.75,9,6.73811503652717,8.38146383376655,1
233,1,11.75,9,8.38146383376655,9.44768801003268,1
233,1,11.75,9,9.44768801003268,11.1410297156149,1
233,1,11.75,9,11.1410297156149,11.5049194804445,1
233,1,11.75,9,11.5049194804445,11.75,0
234,1,13.75,0,0,13.75,0
235,1,17.75,2,0,3.66011798869664,1
235,1,17.75,2,3.66011798869664,9.90180456081887,1
235,1,17.75,2,9.90180456081887,17.75,0
236,1,18.75,4,0,0.61415089787641,1
236,1,18.75,4,0.61415089787641,1.58886606411296,1
236,1,18.75,4,1.58886606411296,4.22454529886783,1
236,1,18.75,4,4.22454529886783,13.2946048130812,1
236,1,18.75,4,13.2946048130812,18.75,0
237,1,18.75,6,0,1.8485396727173,1
237,1,18.75,6,1.8485396727173,2.02324380297312,1
237,1,18.75,6,2.02324380297312,3.08999478784322,1
237,1,18.75,6,3.08999478784322,3.83401871791796,1
237,1,18.75,6,3.83401871791796,8.05636663983906,1
237,1,18.75,6,8.05636663983906,17.1470047433147,1
237,1,18.75,6,17.1470047433147,18.75,0
238,1,10.75,0,0,10.75,0
239,1,16.75,25,0,4.5030028068353,1
239,1,16.75,25,4.5030028068353,5.37918757139322,1
239,1,16.75,25,5.37918757139322,5.64548997754154,1
239,1,16.75,25,5.64548997754154,6.58375823386865,1
239,1,16.75,25,6.58375823386865,6.59899448271305,1
239,1,16.75,25,6.59899448271305,7.48620370839117,1
239,1,16.75,25,7.48620370839117,8.35972294591275,1
239,1,16.75,25,8.35972294591275,8.4571587318879,1
239,1,16.75,25,8.4571587318879,9.19494948273633,1
239,1,16.75,25,9.19494948273633,9.63903636891686,1
239,1,16.75,25,9.63903636891686,9.8289482598334,1
239,1,16.75,25,9.8289482598334,10.6213131941407,1
239,1,16.75,25,10.6213131941407,10.6871631060788,1
239,1,16.75,25,10.6871631060788,11.3265941686153,1
239,1,16.75,25,11.3265941686153,11.9449649074919,1
239,1,16.75,25,11.9449649074919,12.4198932487537,1
239,1,16.75,25,12.4198932487537,13.9936436794391,1
239,1,16.75,25,13.9936436794391,14.3913533405559,1
239,1,16.75,25,14.3913533405559,14.4540660296319,1
239,1,16.75,25,14.4540660296319,15.0128859146374,1
239,1,16.75,25,15.0128859146374,15.0227350220838,1
239,1,16.75,25,15.0227350220838,15.2891776901822,1
239,1,16.75,25,15.2891776901822,15.7398739029628,1
239,1,16.75,25,15.7398739029628,16.1790895153437,1
239,1,16.75,25,16.1790895153437,16.2451590979505,1
239,1,16.75,25,16.2451590979505,16.75,0
240,1,9.75,14,0,3.99975505765076,1
240,1,9.75,14,3.99975505765076,4.73524421937811,1
240,1,9.75,14,4.73524421937811,6.52121025715034,1
240,1,9.75,14,6.52121025715034,6.54151988866099,1
240,1,9.75,14,6.54151988866099,6.6983724327331,1
240,1,9.75,14,6.6983724327331,7.15605559462188,1
240,1,9.75,14,7.15605559462188,7.20893722531573,1
240,1,9.75,14,7.20893722531573,7.68161791542657,1
240,1,9.75,14,7.68161791542657,7.70810927536475,1
240,1,9.75,14,7.70810927536475,8.3463975380886,1
240,1,9.75,14,8.3463975380886,8.45507487071506,1
240,1,9.75,14,8.45507487071506,8.73217274784538,1
240,1,9.75,14,8.73217274784538,9.37066491694468,1
240,1,9.75,14,9.37066491694468,9.51129785226634,1
240,1,9.75,14,9.51129785226634,9.75,0
241,1,10.75,4,0,0.190971046066675,1
241,1,10.75,4,0.190971046066675,0.727045572133514,1
241,1,10.75,4,0.727045572133514,2.25891804426764,1
241,1,10.75,4,2.25891804426764,8.28782110642697,1
241,1,10.75,4,8.28782110642697,10.75,0
242,1,13.75,17,0,7.22398988157687,1
242,1,13.75,17,7.22398988157687,7.75540335245819,1
242,1,13.75,17,7.75540335245819,8.30493204105164,1
242,1,13.75,17,8.30493204105164,8.312875897678,1
242,1,13.75,17,8.312875897678,8.80622839123388,1
242,1,13.75,17,8.80622839123388,9.33723915288336,1
242,1,13.75,17,9.33723915288336,9.37875198863724,1
242,1,13.75,17,9.37875198863724,10.2285920767414,1
242,1,13.75,17,10.2285920767414,10.3645716453656,1
242,1,13.75,17,10.3645716453656,10.3801205857942,1
242,1,13.75,17,10.3801205857942,10.5978800312439,1
242,1,13.75,17,10.5978800312439,10.8071646191872,1
242,1,13.75,17,10.8071646191872,11.2816399976286,1
242,1,13.75,17,11.2816399976286,11.6559124989962,1
242,1,13.75,17,11.6559124989962,11.8991097189996,1
242,1,13.75,17,11.8991097189996,12.1102332849658,1
242,1,13.75,17,12.1102332849658,13.6408728928338,1
242,1,13.75,17,13.6408728928338,13.75,0
243,1,15.75,30,0,3.55671182986621,1
243,1,15.75,30,3.55671182986621,4.40056459637829,1
243,1,15.75,30,4.40056459637829,4.47747874233533,1
243,1,15.75,30,4.47747874233533,4.54021493384813,1
243,1,15.75,30,4.54021493384813,4.79946130638471,1
243,1,15.75,30,4.79946130638471,5.17384119656059,1
243,1,15.75,30,5.17384119656059,5.93150116526683,1
243,1,15.75,30,5.93150116526683,6.36137732857935,1
243,1,15.75,30,6.36137732857935,7.85776197606113,1
243,1,15.75,30,7.85776197606113,8.84700633696598,1
243,1,15.75,30,8.84700633696598,8.94004603115828,1
243,1,15.75,30,8.94004603115828,9.95050989269718,1
243,1,15.75,30,9.95050989269718,10.21203183862,1
243,1,15.75,30,10.21203183862,10.4139917464388,1
243,1,15.75,30,10.4139917464388,10.5935450278743,1
243,1,15.75,30,10.5935450278743,10.7222297037722,1
243,1,15.75,30,10.7222297037722,10.92746649555,1
243,1,15.75,30,10.92746649555,11.8780509765385,1
243,1,15.75,30,11.8780509765385,12.5782536160105,1
243,1,15.75,30,12.5782536160105,12.9968087755035,1
243,1,15.75,30,12.9968087755035,13.2459768996698,1
243,1,15.75,30,13.2459768996698,13.6423227882172,1
243,1,15.75,30,13.6423227882172,13.780605932725,1
243,1,15.75,30,13.780605932725,13.9863868267877,1
243,1,15.75,30,13.9863868267877,14.9992514812901,1
243,1,15.75,30,14.9992514812901,15.0572467885314,1
243,1,15.75,30,15.0572467885314,15.1991004150119,1
243,1,15.75,30,15.1991004150119,15.492852974236,1
243,1,15.75,30,15.492852974236,15.4948523019776,1
243,1,15.75,30,15.4948523019776,15.5878874530939,1
243,1,15.75,30,15.5878874530939,15.75,0
244,1,14.75,0,0,14.75,0
245,1,11.75,0,0,11.75,0
246,1,11.75,0,0,11.75,0
247,1,11.75,28,0,3.00423400679489,1
247,1,11.75,28,3.00423400679489,3.5078083389111,1
247,1,11.75,28,3.5078083389111,3.62770866855636,1
247,1,11.75,28,3.62770866855636,4.68843372830556,1
247,1,11.75,28,4.68843372830556,4.92219899027881,1
247,1,11.75,28,4.92219899027881,5.16286489268937,1
247,1,11.75,28,5.16286489268937,5.72338457297959,1
247,1,11.75,28,5.72338457297959,6.94349110927926,1
247,1,11.75,28,6.94349110927926,7.23100743793323,1
247,1,11.75,28,7.23100743793323,7.24590359075178,1
247,1,11.75,28,7.24590359075178,8.17847249499596,1
247,1,11.75,28,8.17847249499596,8.35883001296273,1
247,1,11.75,28,8.35883001296273,8.61824468423699,1
247,1,11.75,28,8.61824468423699,8.75186250512583,1
247,1,11.75,28,8.75186250512583,9.30009179491639,1
247,1,11.75,28,9.30009179491639,9.62339767547414,1
247,1,11.75,28,9.62339767547414,10.5829406251918,1
247,1,11.75,28,10.5829406251918,10.6224559344532,1
247,1,11.75,28,10.6224559344532,10.7307885626397,1
247,1,11.75,28,10.7307885626397,10.7721307920998,1
247,1,11.75,28,10.7721307920998,10.948234603788,1
247,1,11.75,28,10.948234603788,11.0597810546161,1
247,1,11.75,28,11.0597810546161,11.3706168341997,1
247,1,11.75,28,11.3706168341997,11.4319684342815,1
247,1,11.75,28,11.4319684342815,11.4532541698529,1
247,1,11.75,28,11.4532541698529,11.4941940988085,1
247,1,11.75,28,11.4941940988085,11.5721441354293,1
247,1,11.75,28,11.5721441354293,11.6942765269102,1
247,1,11.75,28,11.6942765269102,11.75,0
248,1,10.75,12,0,3.12635303772158,1
248,1,10.75,12,3.12635303772158,3.46496000552206,1
248,1,10.75,12,3.46496000552206,5.69044149288547,1
248,1,10.75,12,5.69044149288547,7.16623872611101,1
248,1,10.75,12,7.16623872611101,7.43542466143066,1
248,1,10.75,12,7.43542466143066,8.64219542890668,1
248,1,10.75,12,8.64219542890668,9.19052579609224,1
248,1,10.75,12,9.19052579609224,9.30883225493176,1
248,1,10.75,12,9.30883225493176,9.70303984178289,1
248,1,10.75,12,9.70303984178289,10.1441307624504,1
248,1,10.75,12,10.1441307624504,10.2805368090477,1
248,1,10.75,12,10.2805368090477,10.6466797576166,1
248,1,10.75,12,10.6466797576166,10.75,0
249,1,17.75,33,0,2.76706414723757,1
249,1,17.75,33,2.76706414723757,3.55791194013549,1
249,1,17.75,33,3.55791194013549,5.42511587229482,1
249,1,17.75,33,5.42511587229482,7.84060799530948,1
249,1,17.75,33,7.84060799530948,8.89088657175039,1
249,1,17.75,33,8.89088657175039,9.01943311048279,1
249,1,17.75,33,9.01943311048279,9.57851815356633,1
249,1,17.75,33,9.57851815356633,10.2628344959708,1
249,1,17.75,33,10.2628344959708,10.5962275236207,1
249,1,17.75,33,10.5962275236207,11.2061007799764,1
249,1,17.75,33,11.2061007799764,11.4738932751293,1
249,1,17.75,33,11.4738932751293,11.5343549775556,1
249,1,17.75,33,11.5343549775556,11.6510837817388,1
249,1,17.75,33,11.6510837817388,12.0444508266209,1
249,1,17.75,33,12.0444508266209,12.0717837944209,1
249,1,17.75,33,12.0717837944209,12.5174146403765,1
249,1,17.75,33,12.5174146403765,12.9370387239841,1
249,1,17.75,33,12.9370387239841,13.2365604495503,1
249,1,17.75,33,13.2365604495503,13.6624276160083,1
249,1,17.75,33,13.6624276160083,13.9289789261066,1
249,1,17.75,33,13.9289789261066,14.0903295293526,1
249,1,17.75,33,14.0903295293526,14.5605384876009,1
249,1,17.75,33,14.5605384876009,15.0375247628775,1
249,1,17.75,33,15.0375247628775,15.6768170950242,1
249,1,17.75,33,15.6768170950242,15.9869343884196,1
249,1,17.75,33,15.9869343884196,16.6051304963652,1
249,1,17.75,33,16.6051304963652,16.8355846376515,1
249,1,17.75,33,16.8355846376515,16.8670393059444,1
249,1,17.75,33,16.8670393059444,17.0271733399238,1
249,1,17.75,33,17.0271733399238,17.0282220859283,1
249,1,17.75,33,17.0282220859283,17.1757654973929,1
249,1,17.75,33,17.1757654973929,17.3547628742805,1
249,1,17.75,33,17.3547628742805,17.3597756898747,1
249,1,17.75,33,17.3597756898747,17.75,0
250,1,14.75,3,0,9.68328749365468,1
250,1,14.75,3,9.68328749365468,11.1351732517924,1
250,1,14.75,3,11.1351732517924,14.7036474082007,1
250,1,14.75,3,14.7036474082007,14.75,0
251,1,17.75,6,0,0.0104938842376123,1
251,1,17.75,6,0.0104938842376123,1.07481338460289,1
251,1,17.75,6,1.07481338460289,2.42030855163922,1
251,1,17.75,6,2.42030855163922,4.03056970818078,1
251,1,17.75,6,4.03056970818078,5.89218707351255,1
251,1,17.75,6,5.89218707351255,6.10735776311573,1
251,1,17.75,6,6.10735776311573,17.75,0
252,1,16.75,3,0,0.188021793781409,1
252,1,16.75,3,0.188021793781409,7.2480845191768,1
252,1,16.75,3,7.2480845191768,11.5013012689152,1
252,1,16.75,3,11.5013012689152,16.75,0
253,1,16.75,35,0,1.82893166232269,1
253,1,16.75,35,1.82893166232269,4.90272812433084,1
253,1,16.75,35,4.90272812433084,4.91147097454733,1
253,1,16.75,35,4.91147097454733,5.35864645061505,1
253,1,16.75,35,5.35864645061505,8.54831715482004,1
253,1,16.75,35,8.54831715482004,9.64836202338944,1
253,1,16.75,35,9.64836202338944,9.92215773688857,1
253,1,16.75,35,9.92215773688857,10.0696874145145,1
253,1,16.75,35,10.0696874145145,10.4500034522573,1
253,1,16.75,35,10.4500034522573,10.8944900770617,1
253,1,16.75,35,10.8944900770617,11.4483626936019,1
253,1,16.75,35,11.4483626936019,11.7177910803902,1
253,1,16.75,35,11.7177910803902,12.4393401531138,1
253,1,16.75,35,12.4393401531138,12.9301719830767,1
253,1,16.75,35,12.9301719830767,12.9427243317455,1
253,1,16.75,35,12.9427243317455,12.9950336069546,1
253,1,16.75,35,12.9950336069546,13.0405887130967,1
253,1,16.75,35,13.0405887130967,13.0892179070201,1
253,1,16.75,35,13.0892179070201,13.250039787465,1
253,1,16.75,35,13.250039787465,13.3222006448638,1
253,1,16.75,35,13.3222006448638,13.7318913249897,1
253,1,16.75,35,13.7318913249897,13.7490968212129,1
253,1,16.75,35,13.7490968212129,13.8683565546432,1
253,1,16.75,35,13.8683565546432,14.8297654993444,1
253,1,16.75,35,14.8297654993444,14.9674483008017,1
253,1,16.75,35,14.9674483008017,14.9896184145636,1
253,1,16.75,35,14.9896184145636,15.0427874503288,1
253,1,16.75,35,15.0427874503288,15.1088774087079,1
253,1,16.75,35,15.1088774087079,15.322676685013,1
253,1,16.75,35,15.322676685013,15.4375687748331,1
253,1,16.75,35,15.4375687748331,15.4790403260197,1
253,1,16.75,35,15.4790403260197,15.7012439824177,1
253,1,16.75,35,15.7012439824177,16.1666820264431,1
253,1,16.75,35,16.1666820264431,16.5539284760901,1
253,1,16.75,35,16.5539284760901,16.7445519570179,1
253,1,16.75,35,16.7445519570179,16.75,0
254,1,12.75,64,0,1.3803379155698,1
254,1,12.75,64,1.3803379155698,2.32052309641106,1
254,1,12.75,64,2.32052309641106,2.89238762947184,1
254,1,12.75,64,2.89238762947184,3.46502390619035,1
254,1,12.75,64,3.46502390619035,3.56360459915089,1
254,1,12.75,64,3.56360459915089,4.20617432023194,1
254,1,12.75,64,4.20617432023194,4.70215980206805,1
254,1,12.75,64,4.70215980206805,5.92186494327476,1
254,1,12.75,64,5.92186494327476,5.98231279545278,1
254,1,12.75,64,5.98231279545278,6.38639878954211,1
254,1,12.75,64,6.38639878954211,6.53665684450579,1
254,1,12.75,64,6.53665684450579,6.54150122908723,1
254,1,12.75,64,6.54150122908723,6.54696518639295,1
254,1,12.75,64,6.54696518639295,6.55872585168584,1
254,1,12.75,64,6.55872585168584,6.59708859700624,1
254,1,12.75,64,6.59708859700624,6.89272540794986,1
254,1,12.75,64,6.89272540794986,7.29794382221653,1
254,1,12.75,64,7.29794382221653,7.44568645993194,1
254,1,12.75,64,7.44568645993194,7.67069583360042,1
254,1,12.75,64,7.67069583360042,7.69726486151447,1
254,1,12.75,64,7.69726486151447,7.73909975879871,1
254,1,12.75,64,7.73909975879871,7.88012330691303,1
254,1,12.75,64,7.88012330691303,7.97245178522819,1
254,1,12.75,64,7.97245178522819,7.99116924003139,1
254,1,12.75,64,7.99116924003139,8.03855415285637,1
254,1,12.75,64,8.03855415285637,8.17329429148713,1
254,1,12.75,64,8.17329429148713,8.19072867720844,1
254,1,12.75,64,8.19072867720844,8.30302950726716,1
254,1,12.75,64,8.30302950726716,8.38039603896494,1
254,1,12.75,64,8.38039603896494,8.38833830888712,1
254,1,12.75,64,8.38833830888712,8.40890194095877,1
254,1,12.75,64,8.40890194095877,8.57025287955194,1
254,1,12.75,64,8.57025287955194,8.75889445149787,1
254,1,12.75,64,8.75889445149787,8.81261217294494,1
254,1,12.75,64,8.81261217294494,8.90626885405942,1
254,1,12.75,64,8.90626885405942,8.96348656977525,1
254,1,12.75,64,8.96348656977525,9.03942068517935,1
254,1,12.75,64,9.03942068517935,9.11098590072818,1
254,1,12.75,64,9.11098590072818,9.18411474122181,1
254,1,12.75,64,9.18411474122181,9.47487318534258,1
254,1,12.75,64,9.47487318534258,9.50689992442449,1
254,1,12.75,64,9.50689992442449,10.0030710426022,1
254,1,12.75,64,10.0030710426022,10.0700431816006,1
254,1,12.75,64,10.0700431816006,10.1412056646204,1
254,1,12.75,64,10.1412056646204,10.3072872856132,1
254,1,12.75,64,10.3072872856132,10.5343211037697,1
254,1,12.75,64,10.5343211037697,10.6289169904947,1
254,1,12.75,64,10.6289169904947,10.6936762503016,1
254,1,12.75,64,10.6936762503016,10.7599505255298,1
254,1,12.75,64,10.7599505255298,10.9794144330612,1
254,1,12.75,64,10.9794144330612,10.9933236162456,1
254,1,12.75,64,10.9933236162456,11.1397849294448,1
254,1,12.75,64,11.1397849294448,11.2196726201466,1
254,1,12.75,64,11.2196726201466,11.4874545348441,1
254,1,12.75,64,11.4874545348441,11.7411270543022,1
254,1,12.75,64,11.7411270543022,11.7606113998361,1
254,1,12.75,64,11.7606113998361,11.8408144428203,1
254,1,12.75,64,11.8408144428203,12.0805910929766,1
254,1,12.75,64,12.0805910929766,12.149992665706,1
254,1,12.75,64,12.149992665706,12.229939971504,1
254,1,12.75,64,12.229939971504,12.2539231918047,1
254,1,12.75,64,12.2539231918047,12.3378971421363,1
254,1,12.75,64,12.3378971421363,12.3641079750438,1
254,1,12.75,64,12.3641079750438,12.6678744761676,1
254,1,12.75,64,12.6678744761676,12.75,0
255,1,8.75,0,0,8.75,0
256,1,13.75,35,0,2.45752996785926,1
256,1,13.75,35,2.45752996785926,2.64125213820677,1
256,1,13.75,35,2.64125213820677,2.87975740981001,1
256,1,13.75,35,2.87975740981001,3.10516229983439,1
256,1,13.75,35,3.10516229983439,4.55586100019407,1
256,1,13.75,35,4.55586100019407,5.26609014364049,1
256,1,13.75,35,5.26609014364049,5.3038017629401,1
256,1,13.75,35,5.3038017629401,5.6763988811041,1
256,1,13.75,35,5.6763988811041,5.95259887278082,1
256,1,13.75,35,5.95259887278082,6.21571429645458,1
256,1,13.75,35,6.21571429645458,7.04931745984342,1
256,1,13.75,35,7.04931745984342,7.97897451359416,1
256,1,13.75,35,7.97897451359416,8.48217407735415,1
256,1,13.75,35,8.48217407735415,8.49913278807147,1
256,1,13.75,35,8.49913278807147,8.90224271097419,1
256,1,13.75,35,8.90224271097419,9.11868417784532,1
256,1,13.75,35,9.11868417784532,9.33831383688881,1
256,1,13.75,35,9.33831383688881,9.35697574477142,1
256,1,13.75,35,9.35697574477142,9.51718462706101,1
256,1,13.75,35,9.51718462706101,10.0753530817285,1
256,1,13.75,35,10.0753530817285,10.1021848022101,1
256,1,13.75,35,10.1021848022101,10.4147398684437,1
256,1,13.75,35,10.4147398684437,10.7855584400009,1
256,1,13.75,35,10.7855584400009,11.1994393117426,1
256,1,13.75,35,11.1994393117426,11.6202284758805,1
256,1,13.75,35,11.6202284758805,11.9449224923486,1
256,1,13.75,35,11.9449224923486,12.0216069310943,1
256,1,13.75,35,12.0216069310943,12.3288156470949,1
256,1,13.75,35,12.3288156470949,12.4087885279891,1
256,1,13.75,35,12.4087885279891,12.5712501797264,1
256,1,13.75,35,12.5712501797264,12.8567155148048,1
256,1,13.75,35,12.8567155148048,12.9592602953589,1
256,1,13.75,35,12.9592602953589,13.070611525134,1
256,1,13.75,35,13.070611525134,13.2711716496517,1
256,1,13.75,35,13.2711716496517,13.735231026044,1
256,1,13.75,35,13.735231026044,13.75,0
257,1,13.75,3,0,0.204339012954833,1
257,1,13.75,3,0.204339012954833,9.04602566576512,1
257,1,13.75,3,9.04602566576512,13.478166249708,1
257,1,13.75,3,13.478166249708,13.75,0
258,1,18.75,2,0,3.9713751077318,1
258,1,18.75,2,3.9713751077318,7.48327501768328,1
258,1,18.75,2,7.48327501768328,18.75,0
259,1,9.75,14,0,1.19737945553172,1
259,1,9.75,14,1.19737945553172,2.94865029528819,1
259,1,9.75,14,2.94865029528819,3.33828267817394,1
259,1,9.75,14,3.33828267817394,3.77837691919649,1
259,1,9.75,14,3.77837691919649,4.37157548057439,1
259,1,9.75,14,4.37157548057439,5.05644663959452,1
259,1,9.75,14,5.05644663959452,6.33686077919177,1
259,1,9.75,14,6.33686077919177,6.67873888419235,1
259,1,9.75,14,6.67873888419235,7.37868629743824,1
259,1,9.75,14,7.37868629743824,7.74755674819497,1
259,1,9.75,14,7.74755674819497,8.10999979043897,1
259,1,9.75,14,8.10999979043897,8.66262464372788,1
259,1,9.75,14,8.66262464372788,9.33850225350013,1
259,1,9.75,14,9.33850225350013,9.37492770259426,1
259,1,9.75,14,9.37492770259426,9.75,0
260,1,20.75,59,0,5.20588805622773,1
260,1,20.75,59,5.20588805622773,5.93202253130317,1
260,1,20.75,59,5.93202253130317,6.19143449510945,1
260,1,20.75,59,6.19143449510945,7.31122473609114,1
260,1,20.75,59,7.31122473609114,10.6581280601007,1
260,1,20.75,59,10.6581280601007,10.732498774508,1
260,1,20.75,59,10.732498774508,10.7493103713154,1
260,1,20.75,59,10.7493103713154,10.8763953018291,1
260,1,20.75,59,10.8763953018291,11.7702587636324,1
260,1,20.75,59,11.7702587636324,11.9298854347797,1
260,1,20.75,59,11.9298854347797,12.0282795558016,1
260,1,20.75,59,12.0282795558016,12.3906924148381,1
260,1,20.75,59,12.3906924148381,12.757944004161,1
260,1,20.75,59,12.757944004161,12.9855640800307,1
260,1,20.75,59,12.9855640800307,13.0315456367571,1
260,1,20.75,59,13.0315456367571,13.101323484314,1
260,1,20.75,59,13.101323484314,13.2817693669164,1
260,1,20.75,59,13.2817693669164,13.554350526648,1
260,1,20.75,59,13.554350526648,13.8594462509547,1
260,1,20.75,59,13.8594462509547,13.9801890717509,1
260,1,20.75,59,13.9801890717509,14.2234949327774,1
260,1,20.75,59,14.2234949327774,14.2283271309402,1
260,1,20.75,59,14.2283271309402,14.6102554693843,1
260,1,20.75,59,14.6102554693843,14.7612198929411,1
260,1,20.75,59,14.7612198929411,14.8652257732911,1
260,1,20.75,59,14.8652257732911,14.8912384009059,1
260,1,20.75,59,14.8912384009059,14.9513717232508,1
260,1,20.75,59,14.9513717232508,15.1958425898786,1
260,1,20.75,59,15.1958425898786,15.2234879796748,1
260,1,20.75,59,15.2234879796748,15.3179995558192,1
260,1,20.75,59,15.3179995558192,15.6567820219965,1
260,1,20.75,59,15.6567820219965,15.8998579130478,1
260,1,20.75,59,15.8998579130478,15.9159692465841,1
260,1,20.75,59,15.9159692465841,16.022312606206,1
260,1,20.75,59,16.022312606206,16.3166998240125,1
260,1,20.75,59,16.3166998240125,16.4881171835082,1
260,1,20.75,59,16.4881171835082,16.5594694273112,1
260,1,20.75,59,16.5594694273112,17.2080056668096,1
260,1,20.75,59,17.2080056668096,17.4167194828262,1
260,1,20.75,59,17.4167194828262,17.4194067757635,1
260,1,20.75,59,17.4194067757635,17.4195404191053,1
260,1,20.75,59,17.4195404191053,17.6236129022702,1
260,1,20.75,59,17.6236129022702,17.7443419427051,1
260,1,20.75,59,17.7443419427051,17.9225219490432,1
260,1,20.75,59,17.9225219490432,17.9538307933481,1
260,1,20.75,59,17.9538307933481,18.0125775464362,1
260,1,20.75,59,18.0125775464362,18.4798535131935,1
260,1,20.75,59,18.4798535131935,18.7211700059798,1
260,1,20.75,59,18.7211700059798,18.9126906881264,1
260,1,20.75,59,18.9126906881264,18.9411480318089,1
260,1,20.75,59,18.9411480318089,19.1202256632113,1
260,1,20.75,59,19.1202256632113,19.4745227423764,1
260,1,20.75,59,19.4745227423764,19.7528620770131,1
260,1,20.75,59,19.7528620770131,19.7684622639856,1
260,1,20.75,59,19.7684622639856,20.0022283585258,1
260,1,20.75,59,20.0022283585258,20.191824674747,1
260,1,20.75,59,20.191824674747,20.3704767496411,1
260,1,20.75,59,20.3704767496411,20.4191648405644,1
260,1,20.75,59,20.4191648405644,20.5315535121991,1
260,1,20.75,59,20.5315535121991,20.75,0
261,1,9.75,2,0,1.34413116145875,1
261,1,9.75,2,1.34413116145875,4.54808693459432,1
261,1,9.75,2,4.54808693459432,9.75,0
262,1,15.75,34,0,4.88113657805763,1
262,1,15.75,34,4.88113657805763,6.10201405876635,1
262,1,15.75,34,6.10201405876635,7.17699608876175,1
262,1,15.75,34,7.17699608876175,7.60892109511103,1
262,1,15.75,34,7.60892109511103,9.11596212138522,1
262,1,15.75,34,9.11596212138522,9.19506103662629,1
262,1,15.75,34,9.19506103662629,9.20437790369364,1
262,1,15.75,34,9.20437790369364,9.52206841941012,1
262,1,15.75,34,9.52206841941012,10.0849815824758,1
262,1,15.75,34,10.0849815824758,10.2108222239614,1
262,1,15.75,34,10.2108222239614,10.535918329754,1
262,1,15.75,34,10.535918329754,10.810057146331,1
262,1,15.75,34,10.810057146331,10.897891395299,1
262,1,15.75,34,10.897891395299,11.0180605525096,1
262,1,15.75,34,11.0180605525096,11.1948304785646,1
262,1,15.75,34,11.1948304785646,11.4315741166764,1
262,1,15.75,34,11.4315741166764,12.1540555750183,1
262,1,15.75,34,12.1540555750183,12.8826220324763,1
262,1,15.75,34,12.8826220324763,12.966745675538,1
262,1,15.75,34,12.966745675538,13.0711366405953,1
262,1,15.75,34,13.0711366405953,13.1881664875146,1
262,1,15.75,34,13.1881664875146,13.4762696133351,1
262,1,15.75,34,13.4762696133351,13.4859150447049,1
262,1,15.75,34,13.4859150447049,13.5973556409634,1
262,1,15.75,34,13.5973556409634,14.2051593709674,1
262,1,15.75,34,14.2051593709674,14.3796125596923,1
262,1,15.75,34,14.3796125596923,14.4644622851589,1
262,1,15.75,34,14.4644622851589,14.6550623119809,1
262,1,15.75,34,14.6550623119809,14.6731351092703,1
262,1,15.75,34,14.6731351092703,14.676258028955,1
262,1,15.75,34,14.676258028955,14.7566117871674,1
262,1,15.75,34,14.7566117871674,15.3112188450842,1
262,1,15.75,34,15.3112188450842,15.4218199017956,1
262,1,15.75,34,15.4218199017956,15.6031269039899,1
262,1,15.75,34,15.6031269039899,15.75,0
263,1,16.75,27,0,5.06469764979333,1
263,1,16.75,27,5.06469764979333,8.04552829961077,1
263,1,16.75,27,8.04552829961077,8.11371969692486,1
263,1,16.75,27,8.11371969692486,8.54592752345933,1
263,1,16.75,27,8.54592752345933,9.16472986192965,1
263,1,16.75,27,9.16472986192965,9.88093308599609,1
263,1,16.75,27,9.88093308599609,10.1050855985194,1
263,1,16.75,27,10.1050855985194,10.6311602141776,1
263,1,16.75,27,10.6311602141776,10.662994657022,1
263,1,16.75,27,10.662994657022,10.8587409441149,1
263,1,16.75,27,10.8587409441149,10.9364162001577,1
263,1,16.75,27,10.9364162001577,11.114175964226,1
263,1,16.75,27,11.114175964226,12.0942955646185,1
263,1,16.75,27,12.0942955646185,12.1081104644118,1
263,1,16.75,27,12.1081104644118,12.7821289353148,1
263,1,16.75,27,12.7821289353148,12.9092829452018,1
263,1,16.75,27,12.9092829452018,13.3539170259325,1
263,1,16.75,27,13.3539170259325,13.3541223676878,1
263,1,16.75,27,13.3541223676878,13.6775979282187,1
263,1,16.75,27,13.6775979282187,13.9734614813167,1
263,1,16.75,27,13.9734614813167,14.0065417841754,1
263,1,16.75,27,14.0065417841754,14.3728737791713,1
263,1,16.75,27,14.3728737791713,14.503199036852,1
263,1,16.75,27,14.503199036852,15.0031814027218,1
263,1,16.75,27,15.0031814027218,15.1962095808046,1
263,1,16.75,27,15.1962095808046,15.8805836706912,1
263,1,16.75,27,15.8805836706912,16.4252821420262,1
263,1,16.75,27,16.4252821420262,16.75,0
264,1,12.75,1,0,5.27861144285999,1
264,1,12.75,1,5.27861144285999,12.75,0
265,1,11.75,1,0,1.12073842009961,1
265,1,11.75,1,1.12073842009961,11.75,0
266,1,11.75,1,0,0.0305086323787205,1
266,1,11.75,1,0.0305086323787205,11.75,0
267,1,17.75,1,0,4.1872142154399,1
267,1,17.75,1,4.1872142154399,17.75,0
268,1,14.75,0,0,14.75,0
269,1,15.75,18,0,5.12744180284444,1
269,1,15.75,18,5.12744180284444,5.77922489851152,1
269,1,15.75,18,5.77922489851152,8.87956857257655,1
269,1,15.75,18,8.87956857257655,9.88136455408499,1
269,1,15.75,18,9.88136455408499,10.2887704301448,1
269,1,15.75,18,10.2887704301448,10.5984761623255,1
269,1,15.75,18,10.5984761623255,11.356772285482,1
269,1,15.75,18,11.356772285482,11.448259136111,1
269,1,15.75,18,11.448259136111,11.9440162930588,1
269,1,15.75,18,11.9440162930588,12.5254505716295,1
269,1,15.75,18,12.5254505716295,12.8859586089273,1
269,1,15.75,18,12.8859586089273,13.2759360165591,1
269,1,15.75,18,13.2759360165591,13.4662842341111,1
269,1,15.75,18,13.4662842341111,13.642618194436,1
269,1,15.75,18,13.642618194436,14.4012330347157,1
269,1,15.75,18,14.4012330347157,14.5406696844062,1
269,1,15.75,18,14.5406696844062,14.5653930270632,1
269,1,15.75,18,14.5653930270632,15.1691641249623,1
269,1,15.75,18,15.1691641249623,15.75,0
270,1,16.75,3,0,0.55973124252967,1
270,1,16.75,3,0.55973124252967,6.01386428059544,1
270,1,16.75,3,6.01386428059544,9.24680843547019,1
270,1,16.75,3,9.24680843547019,16.75,0
271,1,10.75,11,0,5.94226196522201,1
271,1,10.75,11,5.94226196522201,6.71135059052161,1
271,1,10.75,11,6.71135059052161,6.75895072992248,1
271,1,10.75,11,6.75895072992248,7.82532233940403,1
271,1,10.75,11,7.82532233940403,8.34822819718458,1
271,1,10.75,11,8.34822819718458,8.38623199789557,1
271,1,10.75,11,8.38623199789557,8.54683105363317,1
271,1,10.75,11,8.54683105363317,8.68440220516876,1
271,1,10.75,11,8.68440220516876,8.86833601097295,1
271,1,10.75,11,8.86833601097295,8.89731410277633,1
271,1,10.75,11,8.89731410277633,10.2243343626631,1
271,1,10.75,11,10.2243343626631,10.75,0
272,1,13.75,23,0,3.1872076299139,1
272,1,13.75,23,3.1872076299139,3.91383587261479,1
272,1,13.75,23,3.91383587261479,6.24953781642035,1
272,1,13.75,23,6.24953781642035,6.57523303090634,1
272,1,13.75,23,6.57523303090634,6.82846722218523,1
272,1,13.75,23,6.82846722218523,7.48995911270034,1
272,1,13.75,23,7.48995911270034,7.73291406918739,1
272,1,13.75,23,7.73291406918739,8.25213746682246,1
272,1,13.75,23,8.25213746682246,8.45518696622096,1
272,1,13.75,23,8.45518696622096,9.37415937992532,1
272,1,13.75,23,9.37415937992532,10.1339842642216,1
272,1,13.75,23,10.1339842642216,10.2013974608474,1
272,1,13.75,23,10.2013974608474,10.3779035822709,1
272,1,13.75,23,10.3779035822709,10.7114189510897,1
272,1,13.75,23,10.7114189510897,10.9876517340236,1
272,1,13.75,23,10.9876517340236,11.8980164604155,1
272,1,13.75,23,11.8980164604155,11.9520600374781,1
272,1,13.75,23,11.9520600374781,12.3703989695701,1
272,1,13.75,23,12.3703989695701,12.5637233966665,1
272,1,13.75,23,12.5637233966665,12.8375580814393,1
272,1,13.75,23,12.8375580814393,13.06596321206,1
272,1,13.75,23,13.06596321206,13.5481576071438,1
272,1,13.75,23,13.5481576071438,13.5958206702978,1
272,1,13.75,23,13.5958206702978,13.75,0
273,1,12.75,0,0,12.75,0
274,1,13.75,26,0,0.810870985632582,1
274,1,13.75,26,0.810870985632582,1.26630303621377,1
274,1,13.75,26,1.26630303621377,3.11931524236888,1
274,1,13.75,26,3.11931524236888,4.24796838058792,1
274,1,13.75,26,4.24796838058792,4.70620141826461,1
274,1,13.75,26,4.70620141826461,5.92222419113158,1
274,1,13.75,26,5.92222419113158,6.48578760676149,1
274,1,13.75,26,6.48578760676149,7.34433156005642,1
274,1,13.75,26,7.34433156005642,7.68177738001518,1
274,1,13.75,26,7.68177738001518,7.85148088812467,1
274,1,13.75,26,7.85148088812467,8.14626954298508,1
274,1,13.75,26,8.14626954298508,8.59580863615085,1
274,1,13.75,26,8.59580863615085,8.72727042256826,1
274,1,13.75,26,8.72727042256826,9.37041741847771,1
274,1,13.75,26,9.37041741847771,10.1102569002599,1
274,1,13.75,26,10.1102569002599,11.0555718642298,1
274,1,13.75,26,11.0555718642298,11.3475818886547,1
274,1,13.75,26,11.3475818886547,11.9090064704387,1
274,1,13.75,26,11.9090064704387,12.2812545761745,1
274,1,13.75,26,12.2812545761745,12.5377972920653,1
274,1,13.75,26,12.5377972920653,12.5600551096487,1
274,1,13.75,26,12.5600551096487,12.5958243755768,1
274,1,13.75,26,12.5958243755768,13.1446786661699,1
274,1,13.75,26,13.1446786661699,13.2201822858684,1
274,1,13.75,26,13.2201822858684,13.2771093662679,1
274,1,13.75,26,13.2771093662679,13.3976034253546,1
274,1,13.75,26,13.3976034253546,13.75,0
275,1,13.75,2,0,0.62538084562586,1
275,1,13.75,2,0.62538084562586,0.672010713729196,1
275,1,13.75,2,0.672010713729196,13.75,0
276,1,12.75,2,0,0.821516191772131,1
276,1,12.75,2,0.821516191772131,8.34518509856817,1
276,1,12.75,2,8.34518509856817,12.75,0
277,1,11.75,4,0,0.23344187355208,1
277,1,11.75,4,0.23344187355208,0.456922149412256,1
277,1,11.75,4,0.456922149412256,0.634902367690947,1
277,1,11.75,4,0.634902367690947,10.6450798726747,1
277,1,11.75,4,10.6450798726747,11.75,0
278,1,20.75,93,0,1.30931655945425,1
278,1,20.75,93,1.30931655945425,2.69792749709215,1
278,1,20.75,93,2.69792749709215,4.52418983031381,1
278,1,20.75,93,4.52418983031381,5.60816417971881,1
278,1,20.75,93,5.60816417971881,6.24637780510969,1
278,1,20.75,93,6.24637780510969,6.57406506344488,1
278,1,20.75,93,6.57406506344488,7.78223305729804,1
278,1,20.75,93,7.78223305729804,7.88300433167798,1
278,1,20.75,93,7.88300433167798,8.3860027972679,1
278,1,20.75,93,8.3860027972679,8.70681601583795,1
278,1,20.75,93,8.70681601583795,9.2440187652899,1
278,1,20.75,93,9.2440187652899,9.30522545138707,1
278,1,20.75,93,9.30522545138707,10.3248748321641,1
278,1,20.75,93,10.3248748321641,10.327021181334,1
278,1,20.75,93,10.327021181334,10.4421658920111,1
278,1,20.75,93,10.4421658920111,10.7316207639188,1
278,1,20.75,93,10.7316207639188,10.7612413868895,1
278,1,20.75,93,10.7612413868895,10.9176719257415,1
278,1,20.75,93,10.9176719257415,10.934067460038,1
278,1,20.75,93,10.934067460038,11.0018229125449,1
278,1,20.75,93,11.0018229125449,11.5145083240446,1
278,1,20.75,93,11.5145083240446,11.9562708655037,1
278,1,20.75,93,11.9562708655037,12.042376508625,1
278,1,20.75,93,12.042376508625,12.4151806320552,1
278,1,20.75,93,12.4151806320552,12.6362164628276,1
278,1,20.75,93,12.6362164628276,12.6368526534947,1
278,1,20.75,93,12.6368526534947,12.7725518023285,1
278,1,20.75,93,12.7725518023285,13.3315180597027,1
278,1,20.75,93,13.3315180597027,13.3421225990514,1
278,1,20.75,93,13.3421225990514,13.916878576698,1
278,1,20.75,93,13.916878576698,13.9692343401618,1
278,1,20.75,93,13.9692343401618,14.9212588139055,1
278,1,20.75,93,14.9212588139055,14.9845887255193,1
278,1,20.75,93,14.9845887255193,15.0145646377087,1
278,1,20.75,93,15.0145646377087,15.1435827676675,1
278,1,20.75,93,15.1435827676675,15.4404468035562,1
278,1,20.75,93,15.4404468035562,15.4948490038529,1
278,1,20.75,93,15.4948490038529,15.5149650238322,1
278,1,20.75,93,15.5149650238322,15.6314845415486,1
278,1,20.75,93,15.6314845415486,15.8668560183495,1
278,1,20.75,93,15.8668560183495,15.968159770641,1
278,1,20.75,93,15.968159770641,15.9847119224117,1
278,1,20.75,93,15.9847119224117,15.993692080468,1
278,1,20.75,93,15.993692080468,16.0125931633539,1
278,1,20.75,93,16.0125931633539,16.0335041822703,1
278,1,20.75,93,16.0335041822703,16.0743412939782,1
278,1,20.75,93,16.0743412939782,16.1648148005893,1
278,1,20.75,93,16.1648148005893,16.2839280140015,1
278,1,20.75,93,16.2839280140015,16.3175426084091,1
278,1,20.75,93,16.3175426084091,16.34355841873,1
278,1,20.75,93,16.34355841873,16.4369933280424,1
278,1,20.75,93,16.4369933280424,16.5906774119633,1
278,1,20.75,93,16.5906774119633,16.8270787430164,1
278,1,20.75,93,16.8270787430164,16.9285421400084,1
278,1,20.75,93,16.9285421400084,16.9472599690581,1
278,1,20.75,93,16.9472599690581,16.9822537740121,1
278,1,20.75,93,16.9822537740121,17.0105089787025,1
278,1,20.75,93,17.0105089787025,17.0199217819248,1
278,1,20.75,93,17.0199217819248,17.2821937550756,1
278,1,20.75,93,17.2821937550756,17.4123571497918,1
278,1,20.75,93,17.4123571497918,17.7498502889979,1
278,1,20.75,93,17.7498502889979,17.8312355359316,1
278,1,20.75,93,17.8312355359316,17.8588225750067,1
278,1,20.75,93,17.8588225750067,17.8687646394163,1
278,1,20.75,93,17.8687646394163,17.9346093913616,1
278,1,20.75,93,17.9346093913616,18.0159341257056,1
278,1,20.75,93,18.0159341257056,18.025727366036,1
278,1,20.75,93,18.025727366036,18.0464555965904,1
278,1,20.75,93,18.0464555965904,18.1441715383807,1
278,1,20.75,93,18.1441715383807,18.1723967240466,1
278,1,20.75,93,18.1723967240466,18.2120184371857,1
278,1,20.75,93,18.2120184371857,18.5001866714495,1
278,1,20.75,93,18.5001866714495,18.5172235972366,1
278,1,20.75,93,18.5172235972366,18.5382783544428,1
278,1,20.75,93,18.5382783544428,18.5705025257908,1
278,1,20.75,93,18.5705025257908,18.5771002035069,1
278,1,20.75,93,18.5771002035069,18.6620679510497,1
278,1,20.75,93,18.6620679510497,19.0686633368005,1
278,1,20.75,93,19.0686633368005,19.0945803650914,1
278,1,20.75,93,19.0945803650914,19.3753692111459,1
278,1,20.75,93,19.3753692111459,19.3928761698925,1
278,1,20.75,93,19.3928761698925,19.4104134191721,1
278,1,20.75,93,19.4104134191721,19.4963728054095,1
278,1,20.75,93,19.4963728054095,19.5209679366138,1
278,1,20.75,93,19.5209679366138,19.5238893207943,1
278,1,20.75,93,19.5238893207943,19.6367268518564,1
278,1,20.75,93,19.6367268518564,19.6506032485058,1
278,1,20.75,93,19.6506032485058,19.6520309646124,1
278,1,20.75,93,19.6520309646124,19.7582214289449,1
278,1,20.75,93,19.7582214289449,19.8399795204829,1
278,1,20.75,93,19.8399795204829,19.9433240632317,1
278,1,20.75,93,19.9433240632317,20.3376371427428,1
278,1,20.75,93,20.3376371427428,20.3972700323888,1
278,1,20.75,93,20.3972700323888,20.75,0
279,1,18.75,131,0,2.4546650435354,1
279,1,18.75,131,2.4546650435354,2.77699421448696,1
279,1,18.75,131,2.77699421448696,3.4143378409688,1
279,1,18.75,131,3.4143378409688,3.62401977746223,1
279,1,18.75,131,3.62401977746223,3.93917671762743,1
279,1,18.75,131,3.93917671762743,5.43383501125083,1
279,1,18.75,131,5.43383501125083,5.57064534729978,1
279,1,18.75,131,5.57064534729978,6.00061865962852,1
279,1,18.75,131,6.00061865962852,6.0637295501083,1
279,1,18.75,131,6.0637295501083,6.12231560938208,1
279,1,18.75,131,6.12231560938208,6.24650908765083,1
279,1,18.75,131,6.24650908765083,6.77744590714125,1
279,1,18.75,131,6.77744590714125,6.99561930984097,1
279,1,18.75,131,6.99561930984097,7.18087861923354,1
279,1,18.75,131,7.18087861923354,7.27124695334032,1
279,1,18.75,131,7.27124695334032,7.33681541672722,1
279,1,18.75,131,7.33681541672722,7.65314000992345,1
279,1,18.75,131,7.65314000992345,8.22150152863533,1
279,1,18.75,131,8.22150152863533,8.63381126188042,1
279,1,18.75,131,8.63381126188042,8.8617966137542,1
279,1,18.75,131,8.8617966137542,9.13540777186006,1
279,1,18.75,131,9.13540777186006,9.43903717289891,1
279,1,18.75,131,9.43903717289891,9.66789381592882,1
279,1,18.75,131,9.66789381592882,9.7008375168382,1
279,1,18.75,131,9.7008375168382,9.82439197387773,1
279,1,18.75,131,9.82439197387773,9.90779256517239,1
279,1,18.75,131,9.90779256517239,10.0484058356993,1
279,1,18.75,131,10.0484058356993,10.1624071568503,1
279,1,18.75,131,10.1624071568503,10.1646254576942,1
279,1,18.75,131,10.1646254576942,10.3417231251809,1
279,1,18.75,131,10.3417231251809,10.417335520388,1
279,1,18.75,131,10.417335520388,10.6132441703628,1
279,1,18.75,131,10.6132441703628,10.8477934274359,1
279,1,18.75,131,10.8477934274359,11.0417060585392,1
279,1,18.75,131,11.0417060585392,11.3669056336226,1
279,1,18.75,131,11.3669056336226,11.4470098411083,1
279,1,18.75,131,11.4470098411083,11.4474611273113,1
279,1,18.75,131,11.4474611273113,11.4623881775552,1
279,1,18.75,131,11.4623881775552,11.5123709966331,1
279,1,18.75,131,11.5123709966331,11.9518855153843,1
279,1,18.75,131,11.9518855153843,12.1373053088099,1
279,1,18.75,131,12.1373053088099,12.2847246355434,1
279,1,18.75,131,12.2847246355434,12.2929766147029,1
279,1,18.75,131,12.2929766147029,12.4241046970223,1
279,1,18.75,131,12.4241046970223,12.509267057005,1
279,1,18.75,131,12.509267057005,12.6073260527578,1
279,1,18.75,131,12.6073260527578,12.9147326797616,1
279,1,18.75,131,12.9147326797616,12.934727653033,1
279,1,18.75,131,12.934727653033,13.0765366110959,1
279,1,18.75,131,13.0765366110959,13.2118406491551,1
279,1,18.75,131,13.2118406491551,13.2448731827149,1
279,1,18.75,131,13.2448731827149,13.388176456515,1
279,1,18.75,131,13.388176456515,13.4099685339391,1
279,1,18.75,131,13.4099685339391,13.4811273109254,1
279,1,18.75,131,13.4811273109254,13.5299452370197,1
279,1,18.75,131,13.5299452370197,13.776707346041,1
279,1,18.75,131,13.776707346041,14.0986418584415,1
279,1,18.75,131,14.0986418584415,14.1771326882301,1
279,1,18.75,131,14.1771326882301,14.2240284790486,1
279,1,18.75,131,14.2240284790486,14.3623283309493,1
279,1,18.75,131,14.3623283309493,14.3751463953835,1
279,1,18.75,131,14.3751463953835,14.4450151803849,1
279,1,18.75,131,14.4450151803849,14.4836954796129,1
279,1,18.75,131,14.4836954796129,14.6299920275546,1
279,1,18.75,131,14.6299920275546,14.7331838429087,1
279,1,18.75,131,14.7331838429087,14.7814726631686,1
279,1,18.75,131,14.7814726631686,14.8610680401962,1
279,1,18.75,131,14.8610680401962,14.95491254149,1
279,1,18.75,131,14.95491254149,15.0070002456038,1
279,1,18.75,131,15.0070002456038,15.2510150350617,1
279,1,18.75,131,15.2510150350617,15.3273330120057,1
279,1,18.75,131,15.3273330120057,15.3440436650992,1
279,1,18.75,131,15.3440436650992,15.354641564144,1
279,1,18.75,131,15.354641564144,15.4295615791195,1
279,1,18.75,131,15.4295615791195,15.5115088469396,1
279,1,18.75,131,15.5115088469396,15.5144302985821,1
279,1,18.75,131,15.5144302985821,15.5284970385836,1
279,1,18.75,131,15.5284970385836,15.5468538291713,1
279,1,18.75,131,15.5468538291713,15.6140708424736,1
279,1,18.75,131,15.6140708424736,15.6177905248773,1
279,1,18.75,131,15.6177905248773,15.6701932845034,1
279,1,18.75,131,15.6701932845034,15.6978820780633,1
279,1,18.75,131,15.6978820780633,15.9466795995452,1
279,1,18.75,131,15.9466795995452,16.0440076471182,1
279,1,18.75,131,16.0440076471182,16.1451500698318,1
279,1,18.75,131,16.1451500698318,16.1652402720382,1
279,1,18.75,131,16.1652402720382,16.3394089920628,1
279,1,18.75,131,16.3394089920628,16.3532689937302,1
279,1,18.75,131,16.3532689937302,16.3628340883435,1
279,1,18.75,131,16.3628340883435,16.5759539952139,1
279,1,18.75,131,16.5759539952139,16.6181862728425,1
279,1,18.75,131,16.6181862728425,16.6334632832921,1
279,1,18.75,131,16.6334632832921,16.6871264562913,1
279,1,18.75,131,16.6871264562913,16.743529253178,1
279,1,18.75,131,16.743529253178,16.758129862868,1
279,1,18.75,131,16.758129862868,16.7902670477368,1
279,1,18.75,131,16.7902670477368,17.0229999396421,1
279,1,18.75,131,17.0229999396421,17.0502065753453,1
279,1,18.75,131,17.0502065753453,17.0737153657581,1
279,1,18.75,131,17.0737153657581,17.0973031012598,1
279,1,18.75,131,17.0973031012598,17.1292743534484,1
279,1,18.75,131,17.1292743534484,17.1466889128211,1
279,1,18.75,131,17.1466889128211,17.1655416058107,1
279,1,18.75,131,17.1655416058107,17.2458103932199,1
279,1,18.75,131,17.2458103932199,17.2806513158963,1
279,1,18.75,131,17.2806513158963,17.3301939468603,1
279,1,18.75,131,17.3301939468603,17.3884978171051,1
279,1,18.75,131,17.3884978171051,17.4703670582948,1
279,1,18.75,131,17.4703670582948,17.5978313080633,1
279,1,18.75,131,17.5978313080633,17.6173811421295,1
279,1,18.75,131,17.6173811421295,17.6364491608008,1
279,1,18.75,131,17.6364491608008,17.6642828522473,1
279,1,18.75,131,17.6642828522473,17.7137728726295,1
279,1,18.75,131,17.7137728726295,17.7788269684601,1
279,1,18.75,131,17.7788269684601,17.7884536755918,1
279,1,18.75,131,17.7884536755918,17.7907558944238,1
279,1,18.75,131,17.7907558944238,17.8107365230301,1
279,1,18.75,131,17.8107365230301,17.8743187591675,1
279,1,18.75,131,17.8743187591675,17.9826720371746,1
279,1,18.75,131,17.9826720371746,18.0531966504822,1
279,1,18.75,131,18.0531966504822,18.0656193887831,1
279,1,18.75,131,18.0656193887831,18.235268718475,1
279,1,18.75,131,18.235268718475,18.2510526449409,1
279,1,18.75,131,18.2510526449409,18.2539348064103,1
279,1,18.75,131,18.2539348064103,18.2756175867501,1
279,1,18.75,131,18.2756175867501,18.364246741373,1
279,1,18.75,131,18.364246741373,18.4497431177929,1
279,1,18.75,131,18.4497431177929,18.4595841420856,1
279,1,18.75,131,18.4595841420856,18.6598317383635,1
279,1,18.75,131,18.6598317383635,18.6622351412092,1
279,1,18.75,131,18.6622351412092,18.7367443440935,1
279,1,18.75,131,18.7367443440935,18.75,0
280,1,8.75,1,0,4.92848515412524,1
280,1,8.75,1,4.92848515412524,8.75,0
281,1,9.75,3,0,0.791198456035816,1
281,1,9.75,3,0.791198456035816,1.65094393501114,1
281,1,9.75,3,1.65094393501114,7.13736573429206,1
281,1,9.75,3,7.13736573429206,9.75,0
282,1,13.75,2,0,0.0112017759058388,1
282,1,13.75,2,0.0112017759058388,13.0968221436876,1
282,1,13.75,2,13.0968221436876,13.75,0
283,1,18.75,2,0,0.303739291671562,1
283,1,18.75,2,0.303739291671562,15.6603679786247,1
283,1,18.75,2,15.6603679786247,18.75,0
284,1,16.75,46,0,5.2330288683765,1
284,1,16.75,46,5.2330288683765,5.37595196833222,1
284,1,16.75,46,5.37595196833222,5.53147710926888,1
284,1,16.75,46,5.53147710926888,6.32700407461843,1
284,1,16.75,46,6.32700407461843,6.41843051837754,1
284,1,16.75,46,6.41843051837754,6.58585785026447,1
284,1,16.75,46,6.58585785026447,6.67487136608017,1
284,1,16.75,46,6.67487136608017,6.92461223741818,1
284,1,16.75,46,6.92461223741818,7.04464036990115,1
284,1,16.75,46,7.04464036990115,7.16659603617929,1
284,1,16.75,46,7.16659603617929,7.20714166478418,1
284,1,16.75,46,7.20714166478418,8.13915992327334,1
284,1,16.75,46,8.13915992327334,8.45408876591329,1
284,1,16.75,46,8.45408876591329,9.26379352546692,1
284,1,16.75,46,9.26379352546692,9.86484942232918,1
284,1,16.75,46,9.86484942232918,9.90029273787726,1
284,1,16.75,46,9.90029273787726,10.9741726091408,1
284,1,16.75,46,10.9741726091408,11.1406261425908,1
284,1,16.75,46,11.1406261425908,11.1960678989375,1
284,1,16.75,46,11.1960678989375,11.3331032335196,1
284,1,16.75,46,11.3331032335196,11.7296789497303,1
284,1,16.75,46,11.7296789497303,11.7481725890455,1
284,1,16.75,46,11.7481725890455,11.842953114568,1
284,1,16.75,46,11.842953114568,11.8594034985181,1
284,1,16.75,46,11.8594034985181,12.4338417242522,1
284,1,16.75,46,12.4338417242522,12.5031008548208,1
284,1,16.75,46,12.5031008548208,12.642899099636,1
284,1,16.75,46,12.642899099636,12.6970777599686,1
284,1,16.75,46,12.6970777599686,12.9143353650939,1
284,1,16.75,46,12.9143353650939,13.0681696775935,1
284,1,16.75,46,13.0681696775935,13.2649198071795,1
284,1,16.75,46,13.2649198071795,13.3040398007929,1
284,1,16.75,46,13.3040398007929,13.3474682976174,1
284,1,16.75,46,13.3474682976174,14.0839087394819,1
284,1,16.75,46,14.0839087394819,14.6101526271903,1
284,1,16.75,46,14.6101526271903,14.7553008792254,1
284,1,16.75,46,14.7553008792254,14.993017989634,1
284,1,16.75,46,14.993017989634,15.0158553693123,1
284,1,16.75,46,15.0158553693123,15.4016368419434,1
284,1,16.75,46,15.4016368419434,15.4808788923093,1
284,1,16.75,46,15.4808788923093,15.8270441585204,1
284,1,16.75,46,15.8270441585204,16.1859415071652,1
284,1,16.75,46,16.1859415071652,16.3717493822792,1
284,1,16.75,46,16.3717493822792,16.5404950006583,1
284,1,16.75,46,16.5404950006583,16.5741135906303,1
284,1,16.75,46,16.5741135906303,16.6584559688521,1
284,1,16.75,46,16.6584559688521,16.75,0
285,1,9.75,11,0,2.97289162488358,1
285,1,9.75,11,2.97289162488358,4.59006032375018,1
285,1,9.75,11,4.59006032375018,5.04758984446101,1
285,1,9.75,11,5.04758984446101,7.51853858701003,1
285,1,9.75,11,7.51853858701003,8.18153103637598,1
285,1,9.75,11,8.18153103637598,8.3831324198301,1
285,1,9.75,11,8.3831324198301,8.42509973823102,1
285,1,9.75,11,8.42509973823102,8.64572587554912,1
285,1,9.75,11,8.64572587554912,8.76362008611074,1
285,1,9.75,11,8.76362008611074,9.12826016343592,1
285,1,9.75,11,9.12826016343592,9.50944866119208,1
285,1,9.75,11,9.50944866119208,9.75,0
286,1,8.75,11,0,2.98118139711476,1
286,1,8.75,11,2.98118139711476,3.38958933373974,1
286,1,8.75,11,3.38958933373974,3.77990639246095,1
286,1,8.75,11,3.77990639246095,3.79752868637072,1
286,1,8.75,11,3.79752868637072,5.37528630761457,1
286,1,8.75,11,5.37528630761457,6.67587190886751,1
286,1,8.75,11,6.67587190886751,6.73646746511841,1
286,1,8.75,11,6.73646746511841,6.77003091226625,1
286,1,8.75,11,6.77003091226625,7.46184718950168,1
286,1,8.75,11,7.46184718950168,8.12014446538455,1
286,1,8.75,11,8.12014446538455,8.30982275831353,1
286,1,8.75,11,8.30982275831353,8.75,0
287,1,8.75,2,0,0.477742033631174,1
287,1,8.75,2,0.477742033631174,7.3540116301093,1
287,1,8.75,2,7.3540116301093,8.75,0
288,1,16.75,36,0,4.61755610907644,1
288,1,16.75,36,4.61755610907644,5.36276868199639,1
288,1,16.75,36,5.36276868199639,6.53592422758005,1
288,1,16.75,36,6.53592422758005,7.80448579266919,1
288,1,16.75,36,7.80448579266919,8.18592045930891,1
288,1,16.75,36,8.18592045930891,8.24440901496586,1
288,1,16.75,36,8.24440901496586,9.08292166872213,1
288,1,16.75,36,9.08292166872213,9.15985650989087,1
288,1,16.75,36,9.15985650989087,9.44471535476655,1
288,1,16.75,36,9.44471535476655,9.87588048846237,1
288,1,16.75,36,9.87588048846237,10.1324478674608,1
288,1,16.75,36,10.1324478674608,10.7697641736128,1
288,1,16.75,36,10.7697641736128,11.2473650059428,1
288,1,16.75,36,11.2473650059428,11.7249712720333,1
288,1,16.75,36,11.7249712720333,12.6289353958835,1
288,1,16.75,36,12.6289353958835,13.1149006803661,1
288,1,16.75,36,13.1149006803661,13.1211903379336,1
288,1,16.75,36,13.1211903379336,13.4746608244619,1
288,1,16.75,36,13.4746608244619,13.5742055541739,1
288,1,16.75,36,13.5742055541739,13.8890934575592,1
288,1,16.75,36,13.8890934575592,14.0005576083381,1
288,1,16.75,36,14.0005576083381,14.1191165405788,1
288,1,16.75,36,14.1191165405788,14.1677601584023,1
288,1,16.75,36,14.1677601584023,14.446326114158,1
288,1,16.75,36,14.446326114158,14.8829060699743,1
288,1,16.75,36,14.8829060699743,14.9447853423699,1
288,1,16.75,36,14.9447853423699,15.124147819356,1
288,1,16.75,36,15.124147819356,15.2993899224814,1
288,1,16.75,36,15.2993899224814,15.3431152821925,1
288,1,16.75,36,15.3431152821925,15.7837528773054,1
288,1,16.75,36,15.7837528773054,16.0469973049567,1
288,1,16.75,36,16.0469973049567,16.1331222165045,1
288,1,16.75,36,16.1331222165045,16.1503904904908,1
288,1,16.75,36,16.1503904904908,16.3078894362727,1
288,1,16.75,36,16.3078894362727,16.4401373566526,1
288,1,16.75,36,16.4401373566526,16.4534623680422,1
288,1,16.75,36,16.4534623680422,16.75,0
289,1,13.75,2,0,0.116400168436599,1
289,1,13.75,2,0.116400168436599,6.39952312903471,1
289,1,13.75,2,6.39952312903471,13.75,0
290,1,16.75,39,0,3.17804907001329,1
290,1,16.75,39,3.17804907001329,3.24887254128003,1
290,1,16.75,39,3.24887254128003,3.82386237667271,1
290,1,16.75,39,3.82386237667271,4.89822774821212,1
290,1,16.75,39,4.89822774821212,5.34168128826302,1
290,1,16.75,39,5.34168128826302,5.6997661146391,1
290,1,16.75,39,5.6997661146391,6.48741526862954,1
290,1,16.75,39,6.48741526862954,6.58366007467488,1
290,1,16.75,39,6.58366007467488,7.84173207066688,1
290,1,16.75,39,7.84173207066688,8.14373356628006,1
290,1,16.75,39,8.14373356628006,8.62086487968673,1
290,1,16.75,39,8.62086487968673,8.8945822380167,1
290,1,16.75,39,8.8945822380167,9.59701291135037,1
290,1,16.75,39,9.59701291135037,9.96698725991978,1
290,1,16.75,39,9.96698725991978,10.0719257140455,1
290,1,16.75,39,10.0719257140455,10.3317479541418,1
290,1,16.75,39,10.3317479541418,11.2001288273592,1
290,1,16.75,39,11.2001288273592,11.2494474364243,1
290,1,16.75,39,11.2494474364243,11.4905812529201,1
290,1,16.75,39,11.4905812529201,11.8830735108186,1
290,1,16.75,39,11.8830735108186,11.8989566980204,1
290,1,16.75,39,11.8989566980204,12.3261796172199,1
290,1,16.75,39,12.3261796172199,12.4166559742672,1
290,1,16.75,39,12.4166559742672,13.1516404433109,1
290,1,16.75,39,13.1516404433109,13.1527087197841,1
290,1,16.75,39,13.1527087197841,13.2415140079142,1
290,1,16.75,39,13.2415140079142,13.4274083617364,1
290,1,16.75,39,13.4274083617364,13.7838142527636,1
290,1,16.75,39,13.7838142527636,13.8659074923525,1
290,1,16.75,39,13.8659074923525,14.5920800634111,1
290,1,16.75,39,14.5920800634111,14.8197773692227,1
290,1,16.75,39,14.8197773692227,15.2797205095067,1
290,1,16.75,39,15.2797205095067,15.7017035650111,1
290,1,16.75,39,15.7017035650111,16.1446149068454,1
290,1,16.75,39,16.1446149068454,16.4148097181355,1
290,1,16.75,39,16.4148097181355,16.4393567845746,1
290,1,16.75,39,16.4393567845746,16.4609891081757,1
290,1,16.75,39,16.4609891081757,16.499787287971,1
290,1,16.75,39,16.499787287971,16.6697487969791,1
290,1,16.75,39,16.6697487969791,16.75,0
291,1,8.75,1,0,1.13309404993885,1
291,1,8.75,1,1.13309404993885,8.75,0
292,1,11.75,23,0,2.27388815015336,1
292,1,11.75,23,2.27388815015336,3.34680816461752,1
292,1,11.75,23,3.34680816461752,4.220575939812,1
292,1,11.75,23,4.220575939812,4.98261500325863,1
292,1,11.75,23,4.98261500325863,6.41585152790787,1
292,1,11.75,23,6.41585152790787,6.92328581139996,1
292,1,11.75,23,6.92328581139996,6.92350660040711,1
292,1,11.75,23,6.92350660040711,6.97387584230775,1
292,1,11.75,23,6.97387584230775,7.01127688380566,1
292,1,11.75,23,7.01127688380566,7.8724761505698,1
292,1,11.75,23,7.8724761505698,8.39084336860722,1
292,1,11.75,23,8.39084336860722,8.39216977475985,1
292,1,11.75,23,8.39216977475985,8.4253997157157,1
292,1,11.75,23,8.4253997157157,8.7049176384928,1
292,1,11.75,23,8.7049176384928,8.77869735146345,1
292,1,11.75,23,8.77869735146345,8.86774977108434,1
292,1,11.75,23,8.86774977108434,9.4518577731981,1
292,1,11.75,23,9.4518577731981,9.56538187583134,1
292,1,11.75,23,9.56538187583134,9.60377907795274,1
292,1,11.75,23,9.60377907795274,9.75458543539682,1
292,1,11.75,23,9.75458543539682,9.92641238478903,1
292,1,11.75,23,9.92641238478903,10.5144337126182,1
292,1,11.75,23,10.5144337126182,10.5889068323227,1
292,1,11.75,23,10.5889068323227,11.75,0
293,1,8.75,3,0,4.16284031971023,1
293,1,8.75,3,4.16284031971023,5.85032294112731,1
293,1,8.75,3,5.85032294112731,8.71173306442537,1
293,1,8.75,3,8.71173306442537,8.75,0
294,1,8.75,1,0,0.519359822432548,1
294,1,8.75,1,0.519359822432548,8.75,0
295,1,15.75,1,0,3.09378295299501,1
295,1,15.75,1,3.09378295299501,15.75,0
296,1,14.75,1,0,3.48913499998669,1
296,1,14.75,1,3.48913499998669,14.75,0
297,1,12.75,1,0,7.1227410873668,1
297,1,12.75,1,7.1227410873668,12.75,0
298,1,12.75,2,0,0.440095670821819,1
298,1,12.75,2,0.440095670821819,2.00356433790246,1
298,1,12.75,2,2.00356433790246,12.75,0
299,1,18.75,1,0,0.00671489697391227,1
299,1,18.75,1,0.00671489697391227,18.75,0
300,1,17.75,58,0,2.1523279558222,1
300,1,17.75,58,2.1523279558222,4.2457522663626,1
300,1,17.75,58,4.2457522663626,6.06055207951588,1
300,1,17.75,58,6.06055207951588,6.40995748334256,1
300,1,17.75,58,6.40995748334256,7.70585458139817,1
300,1,17.75,58,7.70585458139817,8.05834523763913,1
300,1,17.75,58,8.05834523763913,8.56764850543573,1
300,1,17.75,58,8.56764850543573,9.09624721828546,1
300,1,17.75,58,9.09624721828546,9.14871701842668,1
300,1,17.75,58,9.14871701842668,9.61899934897738,1
300,1,17.75,58,9.61899934897738,9.62486133900283,1
300,1,17.75,58,9.62486133900283,10.2279660526039,1
300,1,17.75,58,10.2279660526039,10.2598839405479,1
300,1,17.75,58,10.2598839405479,10.3328002175719,1
300,1,17.75,58,10.3328002175719,10.4250987594323,1
300,1,17.75,58,10.4250987594323,10.5668958565241,1
300,1,17.75,58,10.5668958565241,10.645502724643,1
300,1,17.75,58,10.645502724643,10.8862678828613,1
300,1,17.75,58,10.8862678828613,11.4062562113583,1
300,1,17.75,58,11.4062562113583,11.4167202064581,1
300,1,17.75,58,11.4167202064581,11.7926811575052,1
300,1,17.75,58,11.7926811575052,11.8927707026315,1
300,1,17.75,58,11.8927707026315,11.9504235914443,1
300,1,17.75,58,11.9504235914443,11.9520545571783,1
300,1,17.75,58,11.9520545571783,12.2503602194772,1
300,1,17.75,58,12.2503602194772,12.2678257732755,1
300,1,17.75,58,12.2678257732755,12.5593583555347,1
300,1,17.75,58,12.5593583555347,12.6351646090893,1
300,1,17.75,58,12.6351646090893,12.7215737782206,1
300,1,17.75,58,12.7215737782206,12.8175426758022,1
300,1,17.75,58,12.8175426758022,13.2766751092133,1
300,1,17.75,58,13.2766751092133,13.2881355864652,1
300,1,17.75,58,13.2881355864652,13.2923548913945,1
300,1,17.75,58,13.2923548913945,13.4539294203755,1
300,1,17.75,58,13.4539294203755,13.9298825140458,1
300,1,17.75,58,13.9298825140458,14.1008857701814,1
300,1,17.75,58,14.1008857701814,14.1173180352392,1
300,1,17.75,58,14.1173180352392,14.1811851486289,1
300,1,17.75,58,14.1811851486289,14.8779027655839,1
300,1,17.75,58,14.8779027655839,14.9498794896686,1
300,1,17.75,58,14.9498794896686,15.1112212512672,1
300,1,17.75,58,15.1112212512672,15.5960889169733,1
300,1,17.75,58,15.5960889169733,15.6251299723241,1
300,1,17.75,58,15.6251299723241,15.779444828736,1
300,1,17.75,58,15.779444828736,15.8034132163992,1
300,1,17.75,58,15.8034132163992,15.8070243120907,1
300,1,17.75,58,15.8070243120907,16.0766835220962,1
300,1,17.75,58,16.0766835220962,16.1710933519959,1
300,1,17.75,58,16.1710933519959,16.2704416955904,1
300,1,17.75,58,16.2704416955904,16.4131991223977,1
300,1,17.75,58,16.4131991223977,16.5756839427557,1
300,1,17.75,58,16.5756839427557,16.7395819833646,1
300,1,17.75,58,16.7395819833646,16.8202729974616,1
300,1,17.75,58,16.8202729974616,16.8261666448467,1
300,1,17.75,58,16.8261666448467,16.8323293743132,1
300,1,17.75,58,16.8323293743132,17.1316090235399,1
300,1,17.75,58,17.1316090235399,17.4533648697506,1
300,1,17.75,58,17.4533648697506,17.7142495028099,1
300,1,17.75,58,17.7142495028099,17.75,0
301,0,14.75,12,0,3.5050226415887,1
301,0,14.75,12,3.5050226415887,5.73620623775815,1
301,0,14.75,12,5.73620623775815,7.33347684316019,1
301,0,14.75,12,7.33347684316019,7.70231124152065,1
301,0,14.75,12,7.70231124152065,9.79296686847328,1
301,0,14.75,12,9.79296686847328,10.5020748198475,1
301,0,14.75,12,10.5020748198475,11.5841823170846,1
301,0,14.75,12,11.5841823170846,12.5342651939289,1
301,0,14.75,12,12.5342651939289,12.8111778177788,1
301,0,14.75,12,12.8111778177788,12.984320297951,1
301,0,14.75,12,12.984320297951,13.2843632818766,1
301,0,14.75,12,13.2843632818766,14.0885968697998,1
301,0,14.75,12,14.0885968697998,14.75,0
302,0,13.75,2,0,7.30430367379229,1
302,0,13.75,2,7.30430367379229,13.0995069453344,1
302,0,13.75,2,13.0995069453344,13.75,0
303,0,11.75,24,0,3.79938952443853,1
303,0,11.75,24,3.79938952443853,4.0920333694234,1
303,0,11.75,24,4.0920333694234,4.42259007703657,1
303,0,11.75,24,4.42259007703657,5.08927198547149,1
303,0,11.75,24,5.08927198547149,5.36699446311397,1
303,0,11.75,24,5.36699446311397,5.90324772558893,1
303,0,11.75,24,5.90324772558893,7.24588295940045,1
303,0,11.75,24,7.24588295940045,7.43207784577677,1
303,0,11.75,24,7.43207784577677,7.51067292800638,1
303,0,11.75,24,7.51067292800638,7.66028591754687,1
303,0,11.75,24,7.66028591754687,7.79847542625745,1
303,0,11.75,24,7.79847542625745,8.32741167187853,1
303,0,11.75,24,8.32741167187853,8.35404692152685,1
303,0,11.75,24,8.35404692152685,8.40989914773327,1
303,0,11.75,24,8.40989914773327,8.52636127540672,1
303,0,11.75,24,8.52636127540672,9.21730022667122,1
303,0,11.75,24,9.21730022667122,9.41052255232508,1
303,0,11.75,24,9.41052255232508,9.61654854541615,1
303,0,11.75,24,9.61654854541615,9.86010360609713,1
303,0,11.75,24,9.86010360609713,10.3595738392603,1
303,0,11.75,24,10.3595738392603,10.5881354060292,1
303,0,11.75,24,10.5881354060292,11.0944404075858,1
303,0,11.75,24,11.0944404075858,11.1110755304654,1
303,0,11.75,24,11.1110755304654,11.2883274886306,1
303,0,11.75,24,11.2883274886306,11.75,0
304,0,14.75,0,0,14.75,0
305,0,13.75,24,0,4.9777416804361,1
305,0,13.75,24,4.9777416804361,5.83310130288647,1
305,0,13.75,24,5.83310130288647,5.99611289289391,1
305,0,13.75,24,5.99611289289391,6.48355988580254,1
305,0,13.75,24,6.48355988580254,6.97926373244206,1
305,0,13.75,24,6.97926373244206,7.14040710889278,1
305,0,13.75,24,7.14040710889278,7.6457523121416,1
305,0,13.75,24,7.6457523121416,8.77297397623576,1
305,0,13.75,24,8.77297397623576,8.94029623111114,1
305,0,13.75,24,8.94029623111114,9.09053272710215,1
305,0,13.75,24,9.09053272710215,9.13239269062173,1
305,0,13.75,24,9.13239269062173,9.14131534104028,1
305,0,13.75,24,9.14131534104028,9.999161398772,1
305,0,13.75,24,9.999161398772,10.3167081701332,1
305,0,13.75,24,10.3167081701332,10.422363859911,1
305,0,13.75,24,10.422363859911,11.6195838487853,1
305,0,13.75,24,11.6195838487853,12.1815650371256,1
305,0,13.75,24,12.1815650371256,12.4232432121932,1
305,0,13.75,24,12.4232432121932,12.5619095747431,1
305,0,13.75,24,12.5619095747431,13.1860296742558,1
305,0,13.75,24,13.1860296742558,13.2334643849893,1
305,0,13.75,24,13.2334643849893,13.3801018617494,1
305,0,13.75,24,13.3801018617494,13.3841778036938,1
305,0,13.75,24,13.3841778036938,13.718184822736,1
305,0,13.75,24,13.718184822736,13.75,0
306,0,10.75,14,0,5.45638325121035,1
306,0,10.75,14,5.45638325121035,5.74401456468114,1
306,0,10.75,14,5.74401456468114,5.8032558631625,1
306,0,10.75,14,5.8032558631625,7.60575611491758,1
306,0,10.75,14,7.60575611491758,7.84909784321022,1
306,0,10.75,14,7.84909784321022,8.28540132419174,1
306,0,10.75,14,8.28540132419174,8.49955400155212,1
306,0,10.75,14,8.49955400155212,8.70367534672168,1
306,0,10.75,14,8.70367534672168,8.90572074629678,1
306,0,10.75,14,8.90572074629678,9.39681732315054,1
306,0,10.75,14,9.39681732315054,9.4585770733346,1
306,0,10.75,14,9.4585770733346,9.93703624160705,1
306,0,10.75,14,9.93703624160705,10.5028313336672,1
306,0,10.75,14,10.5028313336672,10.6410273147216,1
306,0,10.75,14,10.6410273147216,10.75,0
307,0,11.75,12,0,3.14768361156303,1
307,0,11.75,12,3.14768361156303,5.90603341304892,1
307,0,11.75,12,5.90603341304892,6.26580889443452,1
307,0,11.75,12,6.26580889443452,6.32444213258606,1
307,0,11.75,12,6.32444213258606,7.51412816075478,1
307,0,11.75,12,7.51412816075478,7.54314872454314,1
307,0,11.75,12,7.54314872454314,8.91636178963491,1
307,0,11.75,12,8.91636178963491,9.31806606379856,1
307,0,11.75,12,9.31806606379856,9.70250593177383,1
307,0,11.75,12,9.70250593177383,9.83071837836766,1
307,0,11.75,12,9.83071837836766,10.9686074441135,1
307,0,11.75,12,10.9686074441135,11.4656996326049,1
307,0,11.75,12,11.4656996326049,11.75,0
308,0,11.75,2,0,1.51663457701167,1
308,0,11.75,2,1.51663457701167,8.29991003827713,1
308,0,11.75,2,8.29991003827713,11.75,0
309,0,16.75,3,0,0.798448625170324,1
309,0,16.75,3,0.798448625170324,2.58024942289571,1
309,0,16.75,3,2.58024942289571,3.89772293858805,1
309,0,16.75,3,3.89772293858805,16.75,0
310,0,16.75,1,0,14.3905743894265,1
310,0,16.75,1,14.3905743894265,16.75,0
311,0,8.75,2,0,1.26500196794994,1
311,0,8.75,2,1.26500196794994,4.48608187554798,1
311,0,8.75,2,4.48608187554798,8.75,0
312,0,17.75,1,0,13.7996737425164,1
312,0,17.75,1,13.7996737425164,17.75,0
313,0,16.75,2,0,0.0660745814147275,1
313,0,16.75,2,0.0660745814147275,13.9663391966054,1
313,0,16.75,2,13.9663391966054,16.75,0
314,0,18.75,45,0,3.11296569011687,1
314,0,18.75,45,3.11296569011687,5.19834647044097,1
314,0,18.75,45,5.19834647044097,7.00450929483115,1
314,0,18.75,45,7.00450929483115,7.4013856970171,1
314,0,18.75,45,7.4013856970171,8.19254452624257,1
314,0,18.75,45,8.19254452624257,8.75091003944268,1
314,0,18.75,45,8.75091003944268,9.02958251668278,1
314,0,18.75,45,9.02958251668278,9.72476448246056,1
314,0,18.75,45,9.72476448246056,10.1385364524322,1
314,0,18.75,45,10.1385364524322,10.2640676565007,1
314,0,18.75,45,10.2640676565007,10.795628719746,1
314,0,18.75,45,10.795628719746,10.9847466646249,1
314,0,18.75,45,10.9847466646249,11.4251861404271,1
314,0,18.75,45,11.4251861404271,11.4272782221377,1
314,0,18.75,45,11.4272782221377,11.5024859255181,1
314,0,18.75,45,11.5024859255181,11.7171966457777,1
314,0,18.75,45,11.7171966457777,11.8369645983505,1
314,0,18.75,45,11.8369645983505,12.0609702631783,1
314,0,18.75,45,12.0609702631783,12.2393945486108,1
314,0,18.75,45,12.2393945486108,12.3522427966275,1
314,0,18.75,45,12.3522427966275,12.4712617702301,1
314,0,18.75,45,12.4712617702301,12.4918239099965,1
314,0,18.75,45,12.4918239099965,12.6403087195565,1
314,0,18.75,45,12.6403087195565,12.9694227854303,1
314,0,18.75,45,12.9694227854303,13.1564431209317,1
314,0,18.75,45,13.1564431209317,13.3796621394279,1
314,0,18.75,45,13.3796621394279,13.9305092433142,1
314,0,18.75,45,13.9305092433142,14.3020436386726,1
314,0,18.75,45,14.3020436386726,14.7351400088819,1
314,0,18.75,45,14.7351400088819,15.0045636719361,1
314,0,18.75,45,15.0045636719361,15.0211664821794,1
314,0,18.75,45,15.0211664821794,15.1140826662975,1
314,0,18.75,45,15.1140826662975,15.3022989605518,1
314,0,18.75,45,15.3022989605518,15.3975700057075,1
314,0,18.75,45,15.3975700057075,15.4551713310661,1
314,0,18.75,45,15.4551713310661,15.6424646452719,1
314,0,18.75,45,15.6424646452719,15.9633694184482,1
314,0,18.75,45,15.9633694184482,16.3517541355652,1
314,0,18.75,45,16.3517541355652,16.6434753437384,1
314,0,18.75,45,16.6434753437384,16.8381450767526,1
314,0,18.75,45,16.8381450767526,17.2797610671784,1
314,0,18.75,45,17.2797610671784,17.655397049401,1
314,0,18.75,45,17.655397049401,17.6649751270125,1
314,0,18.75,45,17.6649751270125,17.7570667773915,1
314,0,18.75,45,17.7570667773915,18.0262465397253,1
314,0,18.75,45,18.0262465397253,18.75,0
315,0,8.75,11,0,3.17591863974645,1
315,0,8.75,11,3.17591863974645,4.55375222522846,1
315,0,8.75,11,4.55375222522846,5.02231036284811,1
315,0,8.75,11,5.02231036284811,5.14741146839426,1
315,0,8.75,11,5.14741146839426,5.96944065571666,1
315,0,8.75,11,5.96944065571666,6.26036105537299,1
315,0,8.75,11,6.26036105537299,6.80635798548912,1
315,0,8.75,11,6.80635798548912,7.63539596344179,1
315,0,8.75,11,7.63539596344179,7.87484301011229,1
315,0,8.75,11,7.87484301011229,8.32135894845843,1
315,0,8.75,11,8.32135894845843,8.52782399044222,1
315,0,8.75,11,8.52782399044222,8.75,0
316,0,11.75,11,0,3.46130901132628,1
316,0,11.75,11,3.46130901132628,6.3150976461221,1
316,0,11.75,11,6.3150976461221,7.83704768266682,1
316,0,11.75,11,7.83704768266682,8.24629223680788,1
316,0,11.75,11,8.24629223680788,9.71687796724035,1
316,0,11.75,11,9.71687796724035,9.79528426764365,1
316,0,11.75,11,9.79528426764365,10.2407692199679,1
316,0,11.75,11,10.2407692199679,10.6105511826577,1
316,0,11.75,11,10.6105511826577,11.0664953887879,1
316,0,11.75,11,11.0664953887879,11.4813083283573,1
316,0,11.75,11,11.4813083283573,11.6102764721007,1
316,0,11.75,11,11.6102764721007,11.75,0
317,0,14.75,1,0,2.56320858152729,1
317,0,14.75,1,2.56320858152729,14.75,0
318,0,10.75,3,0,1.65118333391629,1
318,0,10.75,3,1.65118333391629,2.42421298997897,1
318,0,10.75,3,2.42421298997897,9.82381941017326,1
318,0,10.75,3,9.82381941017326,10.75,0
319,0,13.75,2,0,4.53312434500097,1
319,0,13.75,2,4.53312434500097,4.67698781828392,1
319,0,13.75,2,4.67698781828392,13.75,0
320,0,15.75,39,0,4.25893959519429,1
320,0,15.75,39,4.25893959519429,4.49731657893816,1
320,0,15.75,39,4.49731657893816,6.78226636396116,1
320,0,15.75,39,6.78226636396116,8.50031652624823,1
320,0,15.75,39,8.50031652624823,8.89025140348162,1
320,0,15.75,39,8.89025140348162,9.2553726107699,1
320,0,15.75,39,9.2553726107699,9.30431473903105,1
320,0,15.75,39,9.30431473903105,9.30645719174034,1
320,0,15.75,39,9.30645719174034,9.48382224751093,1
320,0,15.75,39,9.48382224751093,9.63374445220009,1
320,0,15.75,39,9.63374445220009,9.70075285557132,1
320,0,15.75,39,9.70075285557132,9.72305368628714,1
320,0,15.75,39,9.72305368628714,9.82829621582479,1
320,0,15.75,39,9.82829621582479,10.0739188715035,1
320,0,15.75,39,10.0739188715035,10.2049467748526,1
320,0,15.75,39,10.2049467748526,10.695081782382,1
320,0,15.75,39,10.695081782382,11.021447806977,1
320,0,15.75,39,11.021447806977,11.0855408535144,1
320,0,15.75,39,11.0855408535144,11.8187162312139,1
320,0,15.75,39,11.8187162312139,12.2689975005108,1
320,0,15.75,39,12.2689975005108,12.2733622399545,1
320,0,15.75,39,12.2733622399545,12.4024231741516,1
320,0,15.75,39,12.4024231741516,12.6927264288617,1
320,0,15.75,39,12.6927264288617,12.7550423844387,1
320,0,15.75,39,12.7550423844387,13.4630806847492,1
320,0,15.75,39,13.4630806847492,13.8277421861939,1
320,0,15.75,39,13.8277421861939,14.1409053183667,1
320,0,15.75,39,14.1409053183667,14.4001930636793,1
320,0,15.75,39,14.4001930636793,14.4858028708911,1
320,0,15.75,39,14.4858028708911,14.8007867937068,1
320,0,15.75,39,14.8007867937068,14.8820041266652,1
320,0,15.75,39,14.8820041266652,14.9994447992967,1
320,0,15.75,39,14.9994447992967,15.0987664514005,1
320,0,15.75,39,15.0987664514005,15.1700738399154,1
320,0,15.75,39,15.1700738399154,15.2066580088714,1
320,0,15.75,39,15.2066580088714,15.371488360805,1
320,0,15.75,39,15.371488360805,15.5395971367954,1
320,0,15.75,39,15.5395971367954,15.6116158809306,1
320,0,15.75,39,15.6116158809306,15.6281484344296,1
320,0,15.75,39,15.6281484344296,15.75,0
321,0,12.75,3,0,1.42100447026603,1
321,0,12.75,3,1.42100447026603,1.57952638907393,1
321,0,12.75,3,1.57952638907393,7.14675912312038,1
321,0,12.75,3,7.14675912312038,12.75,0
322,0,17.75,34,0,5.49564048387257,1
322,0,17.75,34,5.49564048387257,6.73536588300798,1
322,0,17.75,34,6.73536588300798,7.30609563867507,1
322,0,17.75,34,7.30609563867507,7.85239035079455,1
322,0,17.75,34,7.85239035079455,8.48426360197479,1
322,0,17.75,34,8.48426360197479,8.72907398908224,1
322,0,17.75,34,8.72907398908224,9.26323468466641,1
322,0,17.75,34,9.26323468466641,9.57858386180624,1
322,0,17.75,34,9.57858386180624,9.83318465986257,1
322,0,17.75,34,9.83318465986257,10.7351613689916,1
322,0,17.75,34,10.7351613689916,11.1699138916757,1
322,0,17.75,34,11.1699138916757,11.2093618943196,1
322,0,17.75,34,11.2093618943196,11.4657323193581,1
322,0,17.75,34,11.4657323193581,11.5720153755471,1
322,0,17.75,34,11.5720153755471,12.4755791321162,1
322,0,17.75,34,12.4755791321162,12.5653095519127,1
322,0,17.75,34,12.5653095519127,12.8172274406053,1
322,0,17.75,34,12.8172274406053,12.8259680587685,1
322,0,17.75,34,12.8259680587685,13.1997801759484,1
322,0,17.75,34,13.1997801759484,13.6315291559415,1
322,0,17.75,34,13.6315291559415,14.1896722432337,1
322,0,17.75,34,14.1896722432337,14.9733650196026,1
322,0,17.75,34,14.9733650196026,15.0388556988925,1
322,0,17.75,34,15.0388556988925,15.0443654422075,1
322,0,17.75,34,15.0443654422075,15.6235522765091,1
322,0,17.75,34,15.6235522765091,15.9049093466663,1
322,0,17.75,34,15.9049093466663,15.9331766021173,1
322,0,17.75,34,15.9331766021173,16.3976690231204,1
322,0,17.75,34,16.3976690231204,16.6185314517376,1
322,0,17.75,34,16.6185314517376,16.9566317475931,1
322,0,17.75,34,16.9566317475931,17.1580155493514,1
322,0,17.75,34,17.1580155493514,17.2450763169615,1
322,0,17.75,34,17.2450763169615,17.4551039354103,1
322,0,17.75,34,17.4551039354103,17.4855558649563,1
322,0,17.75,34,17.4855558649563,17.75,0
323,0,17.75,64,0,1.32712603283546,1
323,0,17.75,64,1.32712603283546,3.98905130021815,1
323,0,17.75,64,3.98905130021815,4.65825200391143,1
323,0,17.75,64,4.65825200391143,5.76151468889745,1
323,0,17.75,64,5.76151468889745,6.1455617347789,1
323,0,17.75,64,6.1455617347789,6.87220653037592,1
323,0,17.75,64,6.87220653037592,7.4765267162036,1
323,0,17.75,64,7.4765267162036,7.77218316952253,1
323,0,17.75,64,7.77218316952253,8.47440202676065,1
323,0,17.75,64,8.47440202676065,9.03237441535809,1
323,0,17.75,64,9.03237441535809,9.35071061375796,1
323,0,17.75,64,9.35071061375796,10.6726239028853,1
323,0,17.75,64,10.6726239028853,10.904557840012,1
323,0,17.75,64,10.904557840012,11.0458891218076,1
323,0,17.75,64,11.0458891218076,11.9140859207816,1
323,0,17.75,64,11.9140859207816,12.3117555983765,1
323,0,17.75,64,12.3117555983765,13.0181300011599,1
323,0,17.75,64,13.0181300011599,13.1662147234323,1
323,0,17.75,64,13.1662147234323,13.215740917378,1
323,0,17.75,64,13.215740917378,13.6819704896317,1
323,0,17.75,64,13.6819704896317,13.7621828234774,1
323,0,17.75,64,13.7621828234774,13.8650846011922,1
323,0,17.75,64,13.8650846011922,13.8650992578272,1
323,0,17.75,64,13.8650992578272,13.9756062752163,1
323,0,17.75,64,13.9756062752163,14.2231268653894,1
323,0,17.75,64,14.2231268653894,14.25796129231,1
323,0,17.75,64,14.25796129231,14.2817205936753,1
323,0,17.75,64,14.2817205936753,14.4645755229065,1
323,0,17.75,64,14.4645755229065,14.7449868592999,1
323,0,17.75,64,14.7449868592999,14.8404750541535,1
323,0,17.75,64,14.8404750541535,14.8943433474586,1
323,0,17.75,64,14.8943433474586,14.941826832998,1
323,0,17.75,64,14.941826832998,15.01068580831,1
323,0,17.75,64,15.01068580831,15.091817258409,1
323,0,17.75,64,15.091817258409,15.1060634402799,1
323,0,17.75,64,15.1060634402799,15.2021828466809,1
323,0,17.75,64,15.2021828466809,15.2053032621785,1
323,0,17.75,64,15.2053032621785,15.2958125710714,1
323,0,17.75,64,15.2958125710714,15.410106137887,1
323,0,17.75,64,15.410106137887,15.7878212082041,1
323,0,17.75,64,15.7878212082041,16.0873158962349,1
323,0,17.75,64,16.0873158962349,16.2145359019496,1
323,0,17.75,64,16.2145359019496,16.2487693797914,1
323,0,17.75,64,16.2487693797914,16.263555383017,1
323,0,17.75,64,16.263555383017,16.4005935498522,1
323,0,17.75,64,16.4005935498522,16.4284902901002,1
323,0,17.75,64,16.4284902901002,16.4444690286968,1
323,0,17.75,64,16.4444690286968,16.4653803837121,1
323,0,17.75,64,16.4653803837121,16.5492097209402,1
323,0,17.75,64,16.5492097209402,16.5906302747105,1
323,0,17.75,64,16.5906302747105,16.6012864163568,1
323,0,17.75,64,16.6012864163568,16.6804830177993,1
323,0,17.75,64,16.6804830177993,17.0259652261588,1
323,0,17.75,64,17.0259652261588,17.1270898827281,1
323,0,17.75,64,17.1270898827281,17.1730994730081,1
323,0,17.75,64,17.1730994730081,17.3589746747241,1
323,0,17.75,64,17.3589746747241,17.4413526778357,1
323,0,17.75,64,17.4413526778357,17.4515247833913,1
323,0,17.75,64,17.4515247833913,17.473629490564,1
323,0,17.75,64,17.473629490564,17.5124505327482,1
323,0,17.75,64,17.5124505327482,17.5710405915714,1
323,0,17.75,64,17.5710405915714,17.6766423380361,1
323,0,17.75,64,17.6766423380361,17.7211068296164,1
323,0,17.75,64,17.7211068296164,17.7307015692793,1
323,0,17.75,64,17.7307015692793,17.75,0
324,0,18.75,4,0,0.0370570785583262,1
324,0,18.75,4,0.0370570785583262,1.66580663808909,1
324,0,18.75,4,1.66580663808909,3.48465621207646,1
324,0,18.75,4,3.48465621207646,4.16074819549577,1
324,0,18.75,4,4.16074819549577,18.75,0
325,0,16.75,4,0,0.217958846356547,1
325,0,16.75,4,0.217958846356547,2.0978985073103,1
325,0,16.75,4,2.0978985073103,2.76683572181247,1
325,0,16.75,4,2.76683572181247,9.43715176982292,1
325,0,16.75,4,9.43715176982292,16.75,0
326,0,14.75,0,0,14.75,0
327,0,8.75,0,0,8.75,0
328,0,11.75,2,0,0.0732347957878403,1
328,0,11.75,2,0.0732347957878403,6.19464834829711,1
328,0,11.75,2,6.19464834829711,11.75,0
329,0,14.75,0,0,14.75,0
330,0,14.75,2,0,2.43374271540609,1
330,0,14.75,2,2.43374271540609,11.4393092947825,1
330,0,14.75,2,11.4393092947825,14.75,0
331,0,16.75,31,0,3.98080171197828,1
331,0,16.75,31,3.98080171197828,3.9951274655328,1
331,0,16.75,31,3.9951274655328,4.05594453291822,1
331,0,16.75,31,4.05594453291822,4.28613837529615,1
331,0,16.75,31,4.28613837529615,4.75336268619824,1
331,0,16.75,31,4.75336268619824,5.50032160973791,1
331,0,16.75,31,5.50032160973791,5.60277004834339,1
331,0,16.75,31,5.60277004834339,6.32609503700028,1
331,0,16.75,31,6.32609503700028,6.37714964586401,1
331,0,16.75,31,6.37714964586401,8.72795266208764,1
331,0,16.75,31,8.72795266208764,10.1159081253708,1
331,0,16.75,31,10.1159081253708,10.5233076580739,1
331,0,16.75,31,10.5233076580739,10.8371432515191,1
331,0,16.75,31,10.8371432515191,10.939516557187,1
331,0,16.75,31,10.939516557187,11.5795877991071,1
331,0,16.75,31,11.5795877991071,11.6761248302699,1
331,0,16.75,31,11.6761248302699,12.44759256316,1
331,0,16.75,31,12.44759256316,12.5900882640025,1
331,0,16.75,31,12.5900882640025,12.8871667976237,1
331,0,16.75,31,12.8871667976237,13.6459922914306,1
331,0,16.75,31,13.6459922914306,14.0829012764463,1
331,0,16.75,31,14.0829012764463,14.2014942494888,1
331,0,16.75,31,14.2014942494888,14.245642229169,1
331,0,16.75,31,14.245642229169,14.4863257822741,1
331,0,16.75,31,14.4863257822741,14.9451898111571,1
331,0,16.75,31,14.9451898111571,15.3461345702249,1
331,0,16.75,31,15.3461345702249,15.7954814848706,1
331,0,16.75,31,15.7954814848706,16.0083053582753,1
331,0,16.75,31,16.0083053582753,16.1088800711347,1
331,0,16.75,31,16.1088800711347,16.2574190081543,1
331,0,16.75,31,16.2574190081543,16.7090173999941,1
331,0,16.75,31,16.7090173999941,16.75,0
332,0,8.75,2,0,0.110330593263807,1
332,0,8.75,2,0.110330593263807,5.00959890520305,1
332,0,8.75,2,5.00959890520305,8.75,0
333,0,9.75,1,0,8.53345553215505,1
333,0,9.75,1,8.53345553215505,9.75,0
334,0,11.75,21,0,1.04325527215468,1
334,0,11.75,21,1.04325527215468,1.87363451965783,1
334,0,11.75,21,1.87363451965783,3.85321282676223,1
334,0,11.75,21,3.85321282676223,4.7862891270712,1
334,0,11.75,21,4.7862891270712,5.65955261307358,1
334,0,11.75,21,5.65955261307358,7.3701285697801,1
334,0,11.75,21,7.3701285697801,7.94679592329904,1
334,0,11.75,21,7.94679592329904,8.09269033159145,1
334,0,11.75,21,8.09269033159145,8.09917787458572,1
334,0,11.75,21,8.09917787458572,8.27909819876162,1
334,0,11.75,21,8.27909819876162,8.36936993160434,1
334,0,11.75,21,8.36936993160434,8.48258450410421,1
334,0,11.75,21,8.48258450410421,8.49190964460404,1
334,0,11.75,21,8.49190964460404,8.52086730114338,1
334,0,11.75,21,8.52086730114338,8.9204608415297,1
334,0,11.75,21,8.9204608415297,9.09894674692392,1
334,0,11.75,21,9.09894674692392,9.71046798076977,1
334,0,11.75,21,9.71046798076977,10.0444737583026,1
334,0,11.75,21,10.0444737583026,10.5041330760297,1
334,0,11.75,21,10.5041330760297,10.9231821410187,1
334,0,11.75,21,10.9231821410187,11.1638680364693,1
334,0,11.75,21,11.1638680364693,11.75,0
335,0,12.75,0,0,12.75,0
336,0,9.75,2,0,0.0564403972912518,1
336,0,9.75,2,0.0564403972912518,1.68091830793285,1
336,0,9.75,2,1.68091830793285,9.75,0
337,0,15.75,0,0,15.75,0
338,0,19.75,6,0,3.52338394729385,1
338,0,19.75,6,3.52338394729385,4.4925343277615,1
338,0,19.75,6,4.4925343277615,4.58936191405825,1
338,0,19.75,6,4.58936191405825,7.62508649489695,1
338,0,19.75,6,7.62508649489695,8.46393090521635,1
338,0,19.75,6,8.46393090521635,13.8115666413798,1
338,0,19.75,6,13.8115666413798,19.75,0
339,0,17.75,2,0,1.46397856050781,1
339,0,17.75,2,1.46397856050781,4.15307908201584,1
339,0,17.75,2,4.15307908201584,17.75,0
340,0,13.75,28,0,2.18455140937292,1
340,0,13.75,28,2.18455140937292,3.32797130009142,1
340,0,13.75,28,3.32797130009142,3.76333288086009,1
340,0,13.75,28,3.76333288086009,4.2228707096321,1
340,0,13.75,28,4.2228707096321,4.53675159269838,1
340,0,13.75,28,4.53675159269838,4.89663486914287,1
340,0,13.75,28,4.89663486914287,6.26514456962366,1
340,0,13.75,28,6.26514456962366,6.33769408236662,1
340,0,13.75,28,6.33769408236662,6.69689814631728,1
340,0,13.75,28,6.69689814631728,7.28658060900548,1
340,0,13.75,28,7.28658060900548,7.76338089405204,1
340,0,13.75,28,7.76338089405204,7.81140991412043,1
340,0,13.75,28,7.81140991412043,8.10873013961052,1
340,0,13.75,28,8.10873013961052,8.57823159150539,1
340,0,13.75,28,8.57823159150539,9.0971497834949,1
340,0,13.75,28,9.0971497834949,9.71333222680052,1
340,0,13.75,28,9.71333222680052,9.76165276090665,1
340,0,13.75,28,9.76165276090665,10.029298143903,1
340,0,13.75,28,10.029298143903,10.550824390842,1
340,0,13.75,28,10.550824390842,10.5694637411005,1
340,0,13.75,28,10.5694637411005,11.0117416467016,1
340,0,13.75,28,11.0117416467016,11.1501930566387,1
340,0,13.75,28,11.1501930566387,11.3130455885991,1
340,0,13.75,28,11.3130455885991,11.4268519794926,1
340,0,13.75,28,11.4268519794926,11.9412861050346,1
340,0,13.75,28,11.9412861050346,12.0790900036763,1
340,0,13.75,28,12.0790900036763,12.2363595263228,1
340,0,13.75,28,12.2363595263228,13.5975624165603,1
340,0,13.75,28,13.5975624165603,13.75,0
341,0,13.75,17,0,8.20294708392554,1
341,0,13.75,17,8.20294708392554,8.76928912091169,1
341,0,13.75,17,8.76928912091169,10.0621821169089,1
341,0,13.75,17,10.0621821169089,10.1607642981388,1
341,0,13.75,17,10.1607642981388,11.0718223409668,1
341,0,13.75,17,11.0718223409668,11.7705269344602,1
341,0,13.75,17,11.7705269344602,11.7860408727648,1
341,0,13.75,17,11.7860408727648,11.8020105433318,1
341,0,13.75,17,11.8020105433318,12.2387485054148,1
341,0,13.75,17,12.2387485054148,12.3563970222948,1
341,0,13.75,17,12.3563970222948,12.5538865938688,1
341,0,13.75,17,12.5538865938688,12.9707873646701,1
341,0,13.75,17,12.9707873646701,13.3314330938348,1
341,0,13.75,17,13.3314330938348,13.3353842774542,1
341,0,13.75,17,13.3353842774542,13.5834818860679,1
341,0,13.75,17,13.5834818860679,13.643467169974,1
341,0,13.75,17,13.643467169974,13.6676291361041,1
341,0,13.75,17,13.6676291361041,13.75,0
342,0,14.75,4,0,0.47866249278529,1
342,0,14.75,4,0.47866249278529,0.588223672385328,1
342,0,14.75,4,0.588223672385328,6.23538966169354,1
342,0,14.75,4,6.23538966169354,6.42443476663421,1
342,0,14.75,4,6.42443476663421,14.75,0
343,0,9.75,2,0,2.81414585895319,1
343,0,9.75,2,2.81414585895319,6.03693922849302,1
343,0,9.75,2,6.03693922849302,9.75,0
344,0,18.75,61,0,1.03715580592689,1
344,0,18.75,61,1.03715580592689,2.34205859801537,1
344,0,18.75,61,2.34205859801537,4.94911711849069,1
344,0,18.75,61,4.94911711849069,5.61519233389126,1
344,0,18.75,61,5.61519233389126,6.39890316071158,1
344,0,18.75,61,6.39890316071158,6.87257425087485,1
344,0,18.75,61,6.87257425087485,7.65771459227515,1
344,0,18.75,61,7.65771459227515,7.82957421686459,1
344,0,18.75,61,7.82957421686459,8.61898986450062,1
344,0,18.75,61,8.61898986450062,9.25204657188631,1
344,0,18.75,61,9.25204657188631,9.35085259423083,1
344,0,18.75,61,9.35085259423083,9.96610037168355,1
344,0,18.75,61,9.96610037168355,9.97703572189408,1
344,0,18.75,61,9.97703572189408,10.3261607519486,1
344,0,18.75,61,10.3261607519486,10.6653028208481,1
344,0,18.75,61,10.6653028208481,11.1989580924,1
344,0,18.75,61,11.1989580924,11.2359700818127,1
344,0,18.75,61,11.2359700818127,12.1061063252904,1
344,0,18.75,61,12.1061063252904,12.2807552182778,1
344,0,18.75,61,12.2807552182778,12.790069301165,1
344,0,18.75,61,12.790069301165,13.2264909610817,1
344,0,18.75,61,13.2264909610817,13.2851331663737,1
344,0,18.75,61,13.2851331663737,13.8386466162157,1
344,0,18.75,61,13.8386466162157,13.8761064527671,1
344,0,18.75,61,13.8761064527671,13.8887389911309,1
344,0,18.75,61,13.8887389911309,13.9081731435881,1
344,0,18.75,61,13.9081731435881,13.9587662987966,1
344,0,18.75,61,13.9587662987966,13.982037059717,1
344,0,18.75,61,13.982037059717,15.3365818972822,1
344,0,18.75,61,15.3365818972822,15.374541780415,1
344,0,18.75,61,15.374541780415,15.4422862302295,1
344,0,18.75,61,15.4422862302295,15.5019292605915,1
344,0,18.75,61,15.5019292605915,15.578456670341,1
344,0,18.75,61,15.578456670341,15.7387516244282,1
344,0,18.75,61,15.7387516244282,15.7552514068744,1
344,0,18.75,61,15.7552514068744,16.0008028461891,1
344,0,18.75,61,16.0008028461891,16.2806539341973,1
344,0,18.75,61,16.2806539341973,16.3278097173565,1
344,0,18.75,61,16.3278097173565,16.3750479834287,1
344,0,18.75,61,16.3750479834287,16.4435062184359,1
344,0,18.75,61,16.4435062184359,16.5364585905048,1
344,0,18.75,61,16.5364585905048,16.5909193650719,1
344,0,18.75,61,16.5909193650719,17.1814793367007,1
344,0,18.75,61,17.1814793367007,17.227613338266,1
344,0,18.75,61,17.227613338266,17.3135229511377,1
344,0,18.75,61,17.3135229511377,17.3202429396154,1
344,0,18.75,61,17.3202429396154,17.3487100677342,1
344,0,18.75,61,17.3487100677342,17.4691036707047,1
344,0,18.75,61,17.4691036707047,17.529770473501,1
344,0,18.75,61,17.529770473501,17.9531559916762,1
344,0,18.75,61,17.9531559916762,18.0660543171459,1
344,0,18.75,61,18.0660543171459,18.0989859714527,1
344,0,18.75,61,18.0989859714527,18.3106724352445,1
344,0,18.75,61,18.3106724352445,18.35880624725,1
344,0,18.75,61,18.35880624725,18.4099813923608,1
344,0,18.75,61,18.4099813923608,18.5920803756048,1
344,0,18.75,61,18.5920803756048,18.6371082767785,1
344,0,18.75,61,18.6371082767785,18.6495625513725,1
344,0,18.75,61,18.6495625513725,18.6567848918788,1
344,0,18.75,61,18.6567848918788,18.6753134668044,1
344,0,18.75,61,18.6753134668044,18.676855916881,1
344,0,18.75,61,18.676855916881,18.75,0
345,0,15.75,5,0,1.62873597737515,1
345,0,15.75,5,1.62873597737515,3.67860681253572,1
345,0,15.75,5,3.67860681253572,5.16541017277444,1
345,0,15.75,5,5.16541017277444,11.3742362024013,1
345,0,15.75,5,11.3742362024013,15.6619087169214,1
345,0,15.75,5,15.6619087169214,15.75,0
346,0,18.75,53,0,3.70048588897229,1
346,0,18.75,53,3.70048588897229,5.12070771948792,1
346,0,18.75,53,5.12070771948792,5.28125924046127,1
346,0,18.75,53,5.28125924046127,6.97017549264855,1
346,0,18.75,53,6.97017549264855,7.36019156170066,1
346,0,18.75,53,7.36019156170066,7.37614243983418,1
346,0,18.75,53,7.37614243983418,7.40266804679025,1
346,0,18.75,53,7.40266804679025,7.86934401141138,1
346,0,18.75,53,7.86934401141138,8.18529304890056,1
346,0,18.75,53,8.18529304890056,8.65729145857025,1
346,0,18.75,53,8.65729145857025,9.05672794453042,1
346,0,18.75,53,9.05672794453042,9.48148141024333,1
346,0,18.75,53,9.48148141024333,9.61897404778271,1
346,0,18.75,53,9.61897404778271,9.63119023174205,1
346,0,18.75,53,9.63119023174205,10.225916394236,1
346,0,18.75,53,10.225916394236,10.4303908835579,1
346,0,18.75,53,10.4303908835579,10.541653606895,1
346,0,18.75,53,10.541653606895,10.5944360709502,1
346,0,18.75,53,10.5944360709502,10.6890430017778,1
346,0,18.75,53,10.6890430017778,10.9800440767161,1
346,0,18.75,53,10.9800440767161,11.161043894525,1
346,0,18.75,53,11.161043894525,11.4025321037253,1
346,0,18.75,53,11.4025321037253,11.7132006899805,1
346,0,18.75,53,11.7132006899805,11.8498898586158,1
346,0,18.75,53,11.8498898586158,12.0913843435927,1
346,0,18.75,53,12.0913843435927,12.3285783397462,1
346,0,18.75,53,12.3285783397462,12.4476976725297,1
346,0,18.75,53,12.4476976725297,12.6552862460063,1
346,0,18.75,53,12.6552862460063,12.8340793198665,1
346,0,18.75,53,12.8340793198665,13.1148450627721,1
346,0,18.75,53,13.1148450627721,14.5272441416287,1
346,0,18.75,53,14.5272441416287,14.7157309187488,1
346,0,18.75,53,14.7157309187488,14.7981210641847,1
346,0,18.75,53,14.7981210641847,14.9215229580243,1
346,0,18.75,53,14.9215229580243,15.0943746020426,1
346,0,18.75,53,15.0943746020426,15.5395533043306,1
346,0,18.75,53,15.5395533043306,15.5460688903127,1
346,0,18.75,53,15.5460688903127,15.766452511138,1
346,0,18.75,53,15.766452511138,15.8144459214475,1
346,0,18.75,53,15.8144459214475,16.3297026139346,1
346,0,18.75,53,16.3297026139346,16.3799975303124,1
346,0,18.75,53,16.3799975303124,16.6927177460635,1
346,0,18.75,53,16.6927177460635,16.891201977299,1
346,0,18.75,53,16.891201977299,16.8925748544392,1
346,0,18.75,53,16.8925748544392,17.0186200213995,1
346,0,18.75,53,17.0186200213995,17.1010191964261,1
346,0,18.75,53,17.1010191964261,17.1333081325887,1
346,0,18.75,53,17.1333081325887,17.5529167029371,1
346,0,18.75,53,17.5529167029371,17.9436594782842,1
346,0,18.75,53,17.9436594782842,17.9517657647154,1
346,0,18.75,53,17.9517657647154,17.967731103466,1
346,0,18.75,53,17.967731103466,18.0977475987408,1
346,0,18.75,53,18.0977475987408,18.7286614187466,1
346,0,18.75,53,18.7286614187466,18.75,0
347,0,18.75,2,0,1.7701559050988,1
347,0,18.75,2,1.7701559050988,10.9150305401791,1
347,0,18.75,2,10.9150305401791,18.75,0
348,0,16.75,1,0,14.5486544527006,1
348,0,16.75,1,14.5486544527006,16.75,0
349,0,11.75,0,0,11.75,0
350,0,19.75,0,0,19.75,0
351,0,18.75,42,0,6.72064542109797,1
351,0,18.75,42,6.72064542109797,7.20794628733601,1
351,0,18.75,42,7.20794628733601,7.24114693534303,1
351,0,18.75,42,7.24114693534303,7.42197126080583,1
351,0,18.75,42,7.42197126080583,8.54822042850574,1
351,0,18.75,42,8.54822042850574,8.62832276948225,1
351,0,18.75,42,8.62832276948225,9.29572456322495,1
351,0,18.75,42,9.29572456322495,9.59689923110064,1
351,0,18.75,42,9.59689923110064,10.8296911531406,1
351,0,18.75,42,10.8296911531406,11.0911652894718,1
351,0,18.75,42,11.0911652894718,11.2155179425316,1
351,0,18.75,42,11.2155179425316,11.3062954781643,1
351,0,18.75,42,11.3062954781643,11.9041553378834,1
351,0,18.75,42,11.9041553378834,12.2225921436316,1
351,0,18.75,42,12.2225921436316,12.4093959375812,1
351,0,18.75,42,12.4093959375812,12.5908983995645,1
351,0,18.75,42,12.5908983995645,12.9972413882497,1
351,0,18.75,42,12.9972413882497,13.477857117113,1
351,0,18.75,42,13.477857117113,13.5190483537932,1
351,0,18.75,42,13.5190483537932,13.7151824395963,1
351,0,18.75,42,13.7151824395963,13.9381166288345,1
351,0,18.75,42,13.9381166288345,14.2419715183544,1
351,0,18.75,42,14.2419715183544,14.2843001152942,1
351,0,18.75,42,14.2843001152942,14.6339865138826,1
351,0,18.75,42,14.6339865138826,14.8203028226312,1
351,0,18.75,42,14.8203028226312,14.9106162540843,1
351,0,18.75,42,14.9106162540843,14.9750435861611,1
351,0,18.75,42,14.9750435861611,15.0656036278233,1
351,0,18.75,42,15.0656036278233,15.3537429860042,1
351,0,18.75,42,15.3537429860042,15.5164938202205,1
351,0,18.75,42,15.5164938202205,15.547398097184,1
351,0,18.75,42,15.547398097184,15.968786828558,1
351,0,18.75,42,15.968786828558,16.0604023403438,1
351,0,18.75,42,16.0604023403438,16.5576633777197,1
351,0,18.75,42,16.5576633777197,16.9759170932449,1
351,0,18.75,42,16.9759170932449,17.1296808653251,1
351,0,18.75,42,17.1296808653251,17.2053152711758,1
351,0,18.75,42,17.2053152711758,17.2491330710783,1
351,0,18.75,42,17.2491330710783,18.0118564991858,1
351,0,18.75,42,18.0118564991858,18.114078153651,1
351,0,18.75,42,18.114078153651,18.3826153806828,1
351,0,18.75,42,18.3826153806828,18.6798734712181,1
351,0,18.75,42,18.6798734712181,18.75,0
352,0,18.75,5,0,0.387775463101336,1
352,0,18.75,5,0.387775463101336,3.6447075464686,1
352,0,18.75,5,3.6447075464686,4.86537446643863,1
352,0,18.75,5,4.86537446643863,11.2732881185685,1
352,0,18.75,5,11.2732881185685,15.200078574629,1
352,0,18.75,5,15.200078574629,18.75,0
353,0,8.75,9,0,1.50842870005098,1
353,0,8.75,9,1.50842870005098,3.48007429656329,1
353,0,8.75,9,3.48007429656329,3.77998452141181,1
353,0,8.75,9,3.77998452141181,5.02632119699946,1
353,0,8.75,9,5.02632119699946,5.05742266138305,1
353,0,8.75,9,5.05742266138305,7.01561750921254,1
353,0,8.75,9,7.01561750921254,7.08211795862258,1
353,0,8.75,9,7.08211795862258,8.58170195387737,1
353,0,8.75,9,8.58170195387737,8.69996128481417,1
353,0,8.75,9,8.69996128481417,8.75,0
354,0,16.75,33,0,5.05546589628875,1
354,0,16.75,33,5.05546589628875,5.6953192674977,1
354,0,16.75,33,5.6953192674977,6.98969498703251,1
354,0,16.75,33,6.98969498703251,7.90239567860267,1
354,0,16.75,33,7.90239567860267,9.64199332639175,1
354,0,16.75,33,9.64199332639175,10.0957731130899,1
354,0,16.75,33,10.0957731130899,10.1683331363593,1
354,0,16.75,33,10.1683331363593,10.2693052586051,1
354,0,16.75,33,10.2693052586051,10.4501159711114,1
354,0,16.75,33,10.4501159711114,10.4664660426075,1
354,0,16.75,33,10.4664660426075,10.7838400668058,1
354,0,16.75,33,10.7838400668058,10.8180779292368,1
354,0,16.75,33,10.8180779292368,11.4365398586003,1
354,0,16.75,33,11.4365398586003,11.6108900673961,1
354,0,16.75,33,11.6108900673961,11.7700157867373,1
354,0,16.75,33,11.7700157867373,12.2854717230984,1
354,0,16.75,33,12.2854717230984,12.6777376418258,1
354,0,16.75,33,12.6777376418258,13.6515798765879,1
354,0,16.75,33,13.6515798765879,13.7330375844013,1
354,0,16.75,33,13.7330375844013,14.1237891175969,1
354,0,16.75,33,14.1237891175969,14.2041658419931,1
354,0,16.75,33,14.2041658419931,14.3121623609296,1
354,0,16.75,33,14.3121623609296,14.866857833482,1
354,0,16.75,33,14.866857833482,15.0439103270945,1
354,0,16.75,33,15.0439103270945,15.1798215913114,1
354,0,16.75,33,15.1798215913114,15.4217624312658,1
354,0,16.75,33,15.4217624312658,15.6990656558277,1
354,0,16.75,33,15.6990656558277,15.802190498961,1
354,0,16.75,33,15.802190498961,15.817124461402,1
354,0,16.75,33,15.817124461402,16.2099857389657,1
354,0,16.75,33,16.2099857389657,16.3239124093595,1
354,0,16.75,33,16.3239124093595,16.5009475066608,1
354,0,16.75,33,16.5009475066608,16.5277216212765,1
354,0,16.75,33,16.5277216212765,16.75,0
355,0,11.75,0,0,11.75,0
356,0,16.75,28,0,6.52717155681453,1
356,0,16.75,28,6.52717155681453,6.5988102414869,1
356,0,16.75,28,6.5988102414869,7.34436431142456,1
356,0,16.75,28,7.34436431142456,7.92944956052606,1
356,0,16.75,28,7.92944956052606,9.17892903848119,1
356,0,16.75,28,9.17892903848119,9.81528009292458,1
356,0,16.75,28,9.81528009292458,10.1985505294354,1
356,0,16.75,28,10.1985505294354,10.2706599180148,1
356,0,16.75,28,10.2706599180148,11.5907186030846,1
356,0,16.75,28,11.5907186030846,11.8843081343619,1
356,0,16.75,28,11.8843081343619,11.8975423548791,1
356,0,16.75,28,11.8975423548791,12.7187785452582,1
356,0,16.75,28,12.7187785452582,12.9491218445413,1
356,0,16.75,28,12.9491218445413,13.0070358639658,1
356,0,16.75,28,13.0070358639658,13.8818020045449,1
356,0,16.75,28,13.8818020045449,14.1809334737344,1
356,0,16.75,28,14.1809334737344,14.2063792473729,1
356,0,16.75,28,14.2063792473729,14.2505952111847,1
356,0,16.75,28,14.2505952111847,14.5959959272977,1
356,0,16.75,28,14.5959959272977,14.9475556653584,1
356,0,16.75,28,14.9475556653584,15.3127211652287,1
356,0,16.75,28,15.3127211652287,15.4007753732847,1
356,0,16.75,28,15.4007753732847,15.4819492656317,1
356,0,16.75,28,15.4819492656317,15.5111421953976,1
356,0,16.75,28,15.5111421953976,15.6322769550666,1
356,0,16.75,28,15.6322769550666,15.9046925006677,1
356,0,16.75,28,15.9046925006677,16.290675640271,1
356,0,16.75,28,16.290675640271,16.4663362218917,1
356,0,16.75,28,16.4663362218917,16.75,0
357,0,14.75,2,0,5.40729293021363,1
357,0,14.75,2,5.40729293021363,13.0219831429121,1
357,0,14.75,2,13.0219831429121,14.75,0
358,0,16.75,23,0,3.35462230313983,1
358,0,16.75,23,3.35462230313983,4.76456695345221,1
358,0,16.75,23,4.76456695345221,6.01819920571841,1
358,0,16.75,23,6.01819920571841,7.24161195135396,1
358,0,16.75,23,7.24161195135396,9.2010061346361,1
358,0,16.75,23,9.2010061346361,11.8697896891489,1
358,0,16.75,23,11.8697896891489,12.7145906242332,1
358,0,16.75,23,12.7145906242332,13.0300225448594,1
358,0,16.75,23,13.0300225448594,13.3972093321678,1
358,0,16.75,23,13.3972093321678,13.7069930010446,1
358,0,16.75,23,13.7069930010446,14.1273111914863,1
358,0,16.75,23,14.1273111914863,14.3680263464497,1
358,0,16.75,23,14.3680263464497,14.7246598715546,1
358,0,16.75,23,14.7246598715546,14.9039507305639,1
358,0,16.75,23,14.9039507305639,15.0356002675787,1
358,0,16.75,23,15.0356002675787,15.1534958758837,1
358,0,16.75,23,15.1534958758837,15.6218310048965,1
358,0,16.75,23,15.6218310048965,15.8237732231645,1
358,0,16.75,23,15.8237732231645,15.8941172589006,1
358,0,16.75,23,15.8941172589006,15.9325646337876,1
358,0,16.75,23,15.9325646337876,16.1501990015867,1
358,0,16.75,23,16.1501990015867,16.4350741199165,1
358,0,16.75,23,16.4350741199165,16.7318346722833,1
358,0,16.75,23,16.7318346722833,16.75,0
359,0,14.75,2,0,3.04233283624733,1
359,0,14.75,2,3.04233283624733,7.2118420678369,1
359,0,14.75,2,7.2118420678369,14.75,0
360,0,13.75,1,0,10.1182076641231,1
360,0,13.75,1,10.1182076641231,13.75,0
361,0,12.75,0,0,12.75,0
362,0,19.75,2,0,0.576512098180782,1
362,0,19.75,2,0.576512098180782,3.58538666002678,1
362,0,19.75,2,3.58538666002678,19.75,0
363,0,18.75,1,0,10.4422797365195,1
363,0,18.75,1,10.4422797365195,18.75,0
364,0,10.75,12,0,4.07164292144925,1
364,0,10.75,12,4.07164292144925,4.82406561168991,1
364,0,10.75,12,4.82406561168991,5.2831882413813,1
364,0,10.75,12,5.2831882413813,6.49518390098051,1
364,0,10.75,12,6.49518390098051,7.86846209714429,1
364,0,10.75,12,7.86846209714429,8.30611408427185,1
364,0,10.75,12,8.30611408427185,8.695610106195,1
364,0,10.75,12,8.695610106195,9.00091541858922,1
364,0,10.75,12,9.00091541858922,9.43059935334033,1
364,0,10.75,12,9.43059935334033,9.73459421532057,1
364,0,10.75,12,9.73459421532057,10.2025360950247,1
364,0,10.75,12,10.2025360950247,10.5370764139073,1
364,0,10.75,12,10.5370764139073,10.75,0
365,0,8.75,3,0,0.181486254174534,1
365,0,8.75,3,0.181486254174534,0.764147698639274,1
365,0,8.75,3,0.764147698639274,7.09246998650587,1
365,0,8.75,3,7.09246998650587,8.75,0
366,0,14.75,2,0,7.5929769624976,1
366,0,14.75,2,7.5929769624976,8.9597479943004,1
366,0,14.75,2,8.9597479943004,14.75,0
367,0,19.75,2,0,12.4649330750917,1
367,0,19.75,2,12.4649330750917,18.8349840347903,1
367,0,19.75,2,18.8349840347903,19.75,0
368,0,14.75,1,0,0.542243872354577,1
368,0,14.75,1,0.542243872354577,14.75,0
369,0,14.75,2,0,7.8638348417641,1
369,0,14.75,2,7.8638348417641,9.40574898266701,1
369,0,14.75,2,9.40574898266701,14.75,0
370,0,14.75,17,0,3.81934151833526,1
370,0,14.75,17,3.81934151833526,4.0454173252498,1
370,0,14.75,17,4.0454173252498,5.05867174518418,1
370,0,14.75,17,5.05867174518418,7.56023510453453,1
370,0,14.75,17,7.56023510453453,9.51461252101659,1
370,0,14.75,17,9.51461252101659,9.57052028493878,1
370,0,14.75,17,9.57052028493878,9.65443217046237,1
370,0,14.75,17,9.65443217046237,11.1370615102498,1
370,0,14.75,17,11.1370615102498,11.6948176994414,1
370,0,14.75,17,11.6948176994414,12.7876212702117,1
370,0,14.75,17,12.7876212702117,13.0210917133225,1
370,0,14.75,17,13.0210917133225,13.2521624165749,1
370,0,14.75,17,13.2521624165749,13.2780218159542,1
370,0,14.75,17,13.2780218159542,13.5198939598288,1
370,0,14.75,17,13.5198939598288,13.557716421525,1
370,0,14.75,17,13.557716421525,14.4498274332033,1
370,0,14.75,17,14.4498274332033,14.4725127485629,1
370,0,14.75,17,14.4725127485629,14.75,0
371,0,13.75,21,0,3.72851996662685,1
371,0,13.75,21,3.72851996662685,5.16513802151113,1
371,0,13.75,21,5.16513802151113,6.7273560275644,1
371,0,13.75,21,6.7273560275644,7.48905547362006,1
371,0,13.75,21,7.48905547362006,7.61563863604214,1
371,0,13.75,21,7.61563863604214,7.66036519740465,1
371,0,13.75,21,7.66036519740465,7.88715715549335,1
371,0,13.75,21,7.88715715549335,8.08524163413689,1
371,0,13.75,21,8.08524163413689,9.59696595639515,1
371,0,13.75,21,9.59696595639515,10.6793339405888,1
371,0,13.75,21,10.6793339405888,10.7522842459024,1
371,0,13.75,21,10.7522842459024,11.3970142100114,1
371,0,13.75,21,11.3970142100114,11.9336623330491,1
371,0,13.75,21,11.9336623330491,11.9575334694629,1
371,0,13.75,21,11.9575334694629,12.0797317148077,1
371,0,13.75,21,12.0797317148077,12.1427237178306,1
371,0,13.75,21,12.1427237178306,12.1895710025803,1
371,0,13.75,21,12.1895710025803,12.5269541709417,1
371,0,13.75,21,12.5269541709417,13.1978826541388,1
371,0,13.75,21,13.1978826541388,13.3935079186635,1
371,0,13.75,21,13.3935079186635,13.4289012444528,1
371,0,13.75,21,13.4289012444528,13.75,0
372,0,11.75,26,0,2.0732688841848,1
372,0,11.75,26,2.0732688841848,3.82209845690673,1
372,0,11.75,26,3.82209845690673,5.87651028578494,1
372,0,11.75,26,5.87651028578494,6.12722031554165,1
372,0,11.75,26,6.12722031554165,6.43850923253598,1
372,0,11.75,26,6.43850923253598,7.71910155562118,1
372,0,11.75,26,7.71910155562118,7.90694035260826,1
372,0,11.75,26,7.90694035260826,8.13472899335584,1
372,0,11.75,26,8.13472899335584,8.1474098915086,1
372,0,11.75,26,8.1474098915086,8.198222259242,1
372,0,11.75,26,8.198222259242,8.62383062338568,1
372,0,11.75,26,8.62383062338568,9.33431186596618,1
372,0,11.75,26,9.33431186596618,9.41562853586329,1
372,0,11.75,26,9.41562853586329,9.72761622040556,1
372,0,11.75,26,9.72761622040556,9.77642284249861,1
372,0,11.75,26,9.77642284249861,9.81601068916158,1
372,0,11.75,26,9.81601068916158,9.82209353549162,1
372,0,11.75,26,9.82209353549162,9.90971064333223,1
372,0,11.75,26,9.90971064333223,10.0349211332309,1
372,0,11.75,26,10.0349211332309,10.2969748443326,1
372,0,11.75,26,10.2969748443326,10.4619341323315,1
372,0,11.75,26,10.4619341323315,10.5304441048628,1
372,0,11.75,26,10.5304441048628,10.7199568486392,1
372,0,11.75,26,10.7199568486392,11.324010338959,1
372,0,11.75,26,11.324010338959,11.3814554634965,1
372,0,11.75,26,11.3814554634965,11.5212888737225,1
372,0,11.75,26,11.5212888737225,11.75,0
373,0,10.75,16,0,2.9494014027498,1
373,0,10.75,16,2.9494014027498,4.46564982249203,1
373,0,10.75,16,4.46564982249203,4.54567431334355,1
373,0,10.75,16,4.54567431334355,4.97110117171396,1
373,0,10.75,16,4.97110117171396,5.87657882224487,1
373,0,10.75,16,5.87657882224487,7.82552166556279,1
373,0,10.75,16,7.82552166556279,8.22860558570414,1
373,0,10.75,16,8.22860558570414,8.49968212812294,1
373,0,10.75,16,8.49968212812294,9.2636340835879,1
373,0,10.75,16,9.2636340835879,9.71746721628105,1
373,0,10.75,16,9.71746721628105,10.2776390154888,1
373,0,10.75,16,10.2776390154888,10.4104623975724,1
373,0,10.75,16,10.4104623975724,10.4111312834241,1
373,0,10.75,16,10.4111312834241,10.4789982936848,1
373,0,10.75,16,10.4789982936848,10.503292417571,1
373,0,10.75,16,10.503292417571,10.5999664211884,1
373,0,10.75,16,10.5999664211884,10.75,0
374,0,10.75,0,0,10.75,0
375,0,16.75,3,0,7.48586785326541,1
375,0,16.75,3,7.48586785326541,12.1597316926921,1
375,0,16.75,3,12.1597316926921,15.9214460969688,1
375,0,16.75,3,15.9214460969688,16.75,0
376,0,15.75,43,0,1.79220158922681,1
376,0,15.75,43,1.79220158922681,4.60030675309851,1
376,0,15.75,43,4.60030675309851,5.75605940201497,1
376,0,15.75,43,5.75605940201497,6.20144889565224,1
376,0,15.75,43,6.20144889565224,7.13135893058381,1
376,0,15.75,43,7.13135893058381,7.62646225105998,1
376,0,15.75,43,7.62646225105998,7.77627782224041,1
376,0,15.75,43,7.77627782224041,8.43611003808891,1
376,0,15.75,43,8.43611003808891,8.47372031742332,1
376,0,15.75,43,8.47372031742332,9.03308137150257,1
376,0,15.75,43,9.03308137150257,9.06575050727903,1
376,0,15.75,43,9.06575050727903,9.24580215296917,1
376,0,15.75,43,9.24580215296917,9.44232995243842,1
376,0,15.75,43,9.44232995243842,10.3565071333984,1
376,0,15.75,43,10.3565071333984,10.4608566996237,1
376,0,15.75,43,10.4608566996237,10.6345393015229,1
376,0,15.75,43,10.6345393015229,10.6440194716232,1
376,0,15.75,43,10.6440194716232,10.650253724155,1
376,0,15.75,43,10.650253724155,11.065560164971,1
376,0,15.75,43,11.065560164971,11.3437241128826,1
376,0,15.75,43,11.3437241128826,11.5462374873844,1
376,0,15.75,43,11.5462374873844,11.8103641396211,1
376,0,15.75,43,11.8103641396211,11.8405365730594,1
376,0,15.75,43,11.8405365730594,12.054804467756,1
376,0,15.75,43,12.054804467756,12.2035854477754,1
376,0,15.75,43,12.2035854477754,12.5974955335646,1
376,0,15.75,43,12.5974955335646,12.7557755969095,1
376,0,15.75,43,12.7557755969095,12.8500264953454,1
376,0,15.75,43,12.8500264953454,12.9329411982012,1
376,0,15.75,43,12.9329411982012,13.0786560849914,1
376,0,15.75,43,13.0786560849914,13.0841527572559,1
376,0,15.75,43,13.0841527572559,13.168361672453,1
376,0,15.75,43,13.168361672453,13.2184505441908,1
376,0,15.75,43,13.2184505441908,13.4691898810845,1
376,0,15.75,43,13.4691898810845,13.6469322550738,1
376,0,15.75,43,13.6469322550738,13.6585229378835,1
376,0,15.75,43,13.6585229378835,13.6595031192813,1
376,0,15.75,43,13.6595031192813,13.9011404918469,1
376,0,15.75,43,13.9011404918469,14.2385250114356,1
376,0,15.75,43,14.2385250114356,14.29354348328,1
376,0,15.75,43,14.29354348328,14.4729277309866,1
376,0,15.75,43,14.4729277309866,14.7574310903543,1
376,0,15.75,43,14.7574310903543,14.9377939304337,1
376,0,15.75,43,14.9377939304337,15.75,0
377,0,13.75,28,0,3.606942338808,1
377,0,13.75,28,3.606942338808,6.17716108436999,1
377,0,13.75,28,6.17716108436999,6.37571618796206,1
377,0,13.75,28,6.37571618796206,7.49314501404724,1
377,0,13.75,28,7.49314501404724,7.54296625301532,1
377,0,13.75,28,7.54296625301532,7.67753358841659,1
377,0,13.75,28,7.67753358841659,8.02946139359379,1
377,0,13.75,28,8.02946139359379,8.16653442842838,1
377,0,13.75,28,8.16653442842838,8.34313499154002,1
377,0,13.75,28,8.34313499154002,8.86574818954641,1
377,0,13.75,28,8.86574818954641,9.70913978246287,1
377,0,13.75,28,9.70913978246287,9.81000268488828,1
377,0,13.75,28,9.81000268488828,9.81790550988933,1
377,0,13.75,28,9.81790550988933,10.0957583199659,1
377,0,13.75,28,10.0957583199659,10.2734583003365,1
377,0,13.75,28,10.2734583003365,10.9116687830772,1
377,0,13.75,28,10.9116687830772,10.9491803106697,1
377,0,13.75,28,10.9491803106697,11.4654765429433,1
377,0,13.75,28,11.4654765429433,11.5079020522964,1
377,0,13.75,28,11.5079020522964,11.5127073005047,1
377,0,13.75,28,11.5127073005047,11.5332485734524,1
377,0,13.75,28,11.5332485734524,11.6826819584483,1
377,0,13.75,28,11.6826819584483,11.6986762924272,1
377,0,13.75,28,11.6986762924272,12.3524214335948,1
377,0,13.75,28,12.3524214335948,13.4405831293491,1
377,0,13.75,28,13.4405831293491,13.5012170421963,1
377,0,13.75,28,13.5012170421963,13.5450927953011,1
377,0,13.75,28,13.5450927953011,13.5949572960448,1
377,0,13.75,28,13.5949572960448,13.75,0
378,0,11.75,1,0,0.325031992956327,1
378,0,11.75,1,0.325031992956327,11.75,0
379,0,18.75,1,0,1.07167858479701,1
379,0,18.75,1,1.07167858479701,18.75,0
380,0,10.75,2,0,0.0185522246797423,1
380,0,10.75,2,0.0185522246797423,3.8949709214563,1
380,0,10.75,2,3.8949709214563,10.75,0
381,0,12.75,24,0,1.23132833389613,1
381,0,12.75,24,1.23132833389613,2.63352124291762,1
381,0,12.75,24,2.63352124291762,2.71292335066449,1
381,0,12.75,24,2.71292335066449,4.38364215380805,1
381,0,12.75,24,4.38364215380805,4.55461071479913,1
381,0,12.75,24,4.55461071479913,4.58405341932563,1
381,0,12.75,24,4.58405341932563,6.17874272411646,1
381,0,12.75,24,6.17874272411646,8.28431231416972,1
381,0,12.75,24,8.28431231416972,8.39938014909834,1
381,0,12.75,24,8.39938014909834,8.49438345211201,1
381,0,12.75,24,8.49438345211201,10.1590671138267,1
381,0,12.75,24,10.1590671138267,10.1831283966977,1
381,0,12.75,24,10.1831283966977,10.4113655877888,1
381,0,12.75,24,10.4113655877888,10.5286233870015,1
381,0,12.75,24,10.5286233870015,10.655744048712,1
381,0,12.75,24,10.655744048712,10.660093011785,1
381,0,12.75,24,10.660093011785,10.9019110428698,1
381,0,12.75,24,10.9019110428698,11.3116800115621,1
381,0,12.75,24,11.3116800115621,11.4438524003068,1
381,0,12.75,24,11.4438524003068,11.7551160950232,1
381,0,12.75,24,11.7551160950232,11.8022492222067,1
381,0,12.75,24,11.8022492222067,12.5927521445187,1
381,0,12.75,24,12.5927521445187,12.6665251696185,1
381,0,12.75,24,12.6665251696185,12.6756100207924,1
381,0,12.75,24,12.6756100207924,12.75,0
382,0,13.75,23,0,2.85296932634538,1
382,0,13.75,23,2.85296932634538,3.05658949309789,1
382,0,13.75,23,3.05658949309789,3.4398817977279,1
382,0,13.75,23,3.4398817977279,3.49702394044117,1
382,0,13.75,23,3.49702394044117,4.21851118543263,1
382,0,13.75,23,4.21851118543263,5.47901380612753,1
382,0,13.75,23,5.47901380612753,6.77755731255149,1
382,0,13.75,23,6.77755731255149,7.64141594356466,1
382,0,13.75,23,7.64141594356466,9.17915383022275,1
382,0,13.75,23,9.17915383022275,9.25524550937905,1
382,0,13.75,23,9.25524550937905,9.76364713686714,1
382,0,13.75,23,9.76364713686714,10.072867457194,1
382,0,13.75,23,10.072867457194,10.1819346393777,1
382,0,13.75,23,10.1819346393777,10.4265220633676,1
382,0,13.75,23,10.4265220633676,10.4804969735845,1
382,0,13.75,23,10.4804969735845,10.7422493727372,1
382,0,13.75,23,10.7422493727372,10.9951326805703,1
382,0,13.75,23,10.9951326805703,11.6470626584744,1
382,0,13.75,23,11.6470626584744,11.6734448059355,1
382,0,13.75,23,11.6734448059355,12.4263079482394,1
382,0,13.75,23,12.4263079482394,12.5562616116246,1
382,0,13.75,23,12.5562616116246,12.7208098627502,1
382,0,13.75,23,12.7208098627502,13.2387190613302,1
382,0,13.75,23,13.2387190613302,13.75,0
383,0,17.75,23,0,4.57042505004879,1
383,0,17.75,23,4.57042505004879,6.87265330816965,1
383,0,17.75,23,6.87265330816965,7.58182842574335,1
383,0,17.75,23,7.58182842574335,7.78616198675986,1
383,0,17.75,23,7.78616198675986,9.13152476519005,1
383,0,17.75,23,9.13152476519005,10.4554355659224,1
383,0,17.75,23,10.4554355659224,10.6949900198937,1
383,0,17.75,23,10.6949900198937,12.1094648397055,1
383,0,17.75,23,12.1094648397055,12.4086572795917,1
383,0,17.75,23,12.4086572795917,13.0198238675902,1
383,0,17.75,23,13.0198238675902,13.2547134822821,1
383,0,17.75,23,13.2547134822821,13.6113807102995,1
383,0,17.75,23,13.6113807102995,13.776145515554,1
383,0,17.75,23,13.776145515554,14.5898691941105,1
383,0,17.75,23,14.5898691941105,15.0685317431477,1
383,0,17.75,23,15.0685317431477,15.339512109112,1
383,0,17.75,23,15.339512109112,15.5181917908439,1
383,0,17.75,23,15.5181917908439,15.7193657795611,1
383,0,17.75,23,15.7193657795611,16.0685356752241,1
383,0,17.75,23,16.0685356752241,16.2124064031752,1
383,0,17.75,23,16.2124064031752,16.4331222199997,1
383,0,17.75,23,16.4331222199997,16.8571110435912,1
383,0,17.75,23,16.8571110435912,17.1662749606381,1
383,0,17.75,23,17.1662749606381,17.75,0
384,0,19.75,3,0,0.284516627304409,1
384,0,19.75,3,0.284516627304409,11.0466825672667,1
384,0,19.75,3,11.0466825672667,12.4401130381932,1
384,0,19.75,3,12.4401130381932,19.75,0
385,0,8.75,1,0,1.7235040167992,1
385,0,8.75,1,1.7235040167992,8.75,0
386,0,9.75,7,0,4.01759759132938,1
386,0,9.75,7,4.01759759132938,4.91935497312138,1
386,0,9.75,7,4.91935497312138,6.30629890608911,1
386,0,9.75,7,6.30629890608911,6.63497864557847,1
386,0,9.75,7,6.63497864557847,6.96971608021429,1
386,0,9.75,7,6.96971608021429,8.30901975170036,1
386,0,9.75,7,8.30901975170036,9.3042483457265,1
386,0,9.75,7,9.3042483457265,9.75,0
387,0,13.75,2,0,3.24719853467614,1
387,0,13.75,2,3.24719853467614,4.07525934620151,1
387,0,13.75,2,4.07525934620151,13.75,0
388,0,16.75,0,0,16.75,0
389,0,12.75,11,0,5.22445145906974,1
389,0,12.75,11,5.22445145906974,5.60319238398911,1
389,0,12.75,11,5.60319238398911,6.38856264700836,1
389,0,12.75,11,6.38856264700836,6.96695806187601,1
389,0,12.75,11,6.96695806187601,7.41831824384427,1
389,0,12.75,11,7.41831824384427,7.77129877248215,1
389,0,12.75,11,7.77129877248215,8.98984475022204,1
389,0,12.75,11,8.98984475022204,9.1899208536215,1
389,0,12.75,11,9.1899208536215,9.69423251195525,1
389,0,12.75,11,9.69423251195525,10.9323496146745,1
389,0,12.75,11,10.9323496146745,11.7864792576252,1
389,0,12.75,11,11.7864792576252,12.75,0
390,0,14.75,27,0,4.23764545123946,1
390,0,14.75,27,4.23764545123946,4.60478473593716,1
390,0,14.75,27,4.60478473593716,5.39483689747519,1
390,0,14.75,27,5.39483689747519,7.41385348861514,1
390,0,14.75,27,7.41385348861514,8.56442562636116,1
390,0,14.75,27,8.56442562636116,9.60726891495552,1
390,0,14.75,27,9.60726891495552,9.88224206585863,1
390,0,14.75,27,9.88224206585863,10.1838446260041,1
390,0,14.75,27,10.1838446260041,10.4192945451641,1
390,0,14.75,27,10.4192945451641,10.7166390277721,1
390,0,14.75,27,10.7166390277721,10.8197706917576,1
390,0,14.75,27,10.8197706917576,11.182214335902,1
390,0,14.75,27,11.182214335902,11.3880915176884,1
390,0,14.75,27,11.3880915176884,12.2973917275508,1
390,0,14.75,27,12.2973917275508,12.596903594386,1
390,0,14.75,27,12.596903594386,12.8464944221062,1
390,0,14.75,27,12.8464944221062,13.0915826607348,1
390,0,14.75,27,13.0915826607348,13.2943956680019,1
390,0,14.75,27,13.2943956680019,13.4083591581631,1
390,0,14.75,27,13.4083591581631,13.6063124745491,1
390,0,14.75,27,13.6063124745491,13.6323017584169,1
390,0,14.75,27,13.6323017584169,13.6915340654269,1
390,0,14.75,27,13.6915340654269,13.7169694109386,1
390,0,14.75,27,13.7169694109386,14.2681410489638,1
390,0,14.75,27,14.2681410489638,14.3345645195621,1
390,0,14.75,27,14.3345645195621,14.3638345388339,1
390,0,14.75,27,14.3638345388339,14.5548719156183,1
390,0,14.75,27,14.5548719156183,14.75,0
391,0,11.75,15,0,1.47273507796594,1
391,0,11.75,15,1.47273507796594,5.04659978391437,1
391,0,11.75,15,5.04659978391437,5.13791142450909,1
391,0,11.75,15,5.13791142450909,6.4873531126999,1
391,0,11.75,15,6.4873531126999,6.77679969062036,1
391,0,11.75,15,6.77679969062036,6.81585557181594,1
391,0,11.75,15,6.81585557181594,6.81664872546513,1
391,0,11.75,15,6.81664872546513,7.08942329917018,1
391,0,11.75,15,7.08942329917018,7.29542072984373,1
391,0,11.75,15,7.29542072984373,9.5243458276349,1
391,0,11.75,15,9.5243458276349,9.56099516536668,1
391,0,11.75,15,9.56099516536668,10.8208334511604,1
391,0,11.75,15,10.8208334511604,11.0231410484702,1
391,0,11.75,15,11.0231410484702,11.0686195680405,1
391,0,11.75,15,11.0686195680405,11.197924247164,1
391,0,11.75,15,11.197924247164,11.75,0
392,0,19.75,31,0,4.26957746516967,1
392,0,19.75,31,4.26957746516967,4.68608127542686,1
392,0,19.75,31,4.68608127542686,4.8484301808269,1
392,0,19.75,31,4.8484301808269,6.62123814889174,1
392,0,19.75,31,6.62123814889174,7.52258426602401,1
392,0,19.75,31,7.52258426602401,7.53026823596126,1
392,0,19.75,31,7.53026823596126,7.73485538691339,1
392,0,19.75,31,7.73485538691339,8.04351626909125,1
392,0,19.75,31,8.04351626909125,8.91474963648431,1
392,0,19.75,31,8.91474963648431,9.26320988508666,1
392,0,19.75,31,9.26320988508666,10.0950425546696,1
392,0,19.75,31,10.0950425546696,10.1790646170951,1
392,0,19.75,31,10.1790646170951,10.2723620411062,1
392,0,19.75,31,10.2723620411062,10.4609042691116,1
392,0,19.75,31,10.4609042691116,12.8106267980459,1
392,0,19.75,31,12.8106267980459,13.0264366716665,1
392,0,19.75,31,13.0264366716665,13.9556168796912,1
392,0,19.75,31,13.9556168796912,14.8810361202975,1
392,0,19.75,31,14.8810361202975,15.2649990452437,1
392,0,19.75,31,15.2649990452437,15.9717093691884,1
392,0,19.75,31,15.9717093691884,16.8337412094119,1
392,0,19.75,31,16.8337412094119,17.1410927145025,1
392,0,19.75,31,17.1410927145025,17.2076431449583,1
392,0,19.75,31,17.2076431449583,17.4676499802274,1
392,0,19.75,31,17.4676499802274,17.6486610815193,1
392,0,19.75,31,17.6486610815193,17.8701344067071,1
392,0,19.75,31,17.8701344067071,18.4599978783904,1
392,0,19.75,31,18.4599978783904,18.5539087568217,1
392,0,19.75,31,18.5539087568217,19.3173745974064,1
392,0,19.75,31,19.3173745974064,19.5967465286369,1
392,0,19.75,31,19.5967465286369,19.6541026686811,1
392,0,19.75,31,19.6541026686811,19.75,0
393,0,20.75,0,0,20.75,0
394,0,9.75,0,0,9.75,0
395,0,13.75,2,0,3.71740221981398,1
395,0,13.75,2,3.71740221981398,6.49108259520472,1
395,0,13.75,2,6.49108259520472,13.75,0
396,0,12.75,30,0,4.15885503447438,1
396,0,12.75,30,4.15885503447438,4.33808193852878,1
396,0,12.75,30,4.33808193852878,4.78280020827367,1
396,0,12.75,30,4.78280020827367,6.05313000927393,1
396,0,12.75,30,6.05313000927393,7.09277709770492,1
396,0,12.75,30,7.09277709770492,7.44507247610562,1
396,0,12.75,30,7.44507247610562,7.66894758488635,1
396,0,12.75,30,7.66894758488635,7.77856390969396,1
396,0,12.75,30,7.77856390969396,7.91815078451481,1
396,0,12.75,30,7.91815078451481,8.0924905017331,1
396,0,12.75,30,8.0924905017331,8.53600809678405,1
396,0,12.75,30,8.53600809678405,8.92130404883216,1
396,0,12.75,30,8.92130404883216,9.14335048528628,1
396,0,12.75,30,9.14335048528628,9.41439912009155,1
396,0,12.75,30,9.41439912009155,9.48392525614349,1
396,0,12.75,30,9.48392525614349,9.4906844425623,1
396,0,12.75,30,9.4906844425623,9.59837400342909,1
396,0,12.75,30,9.59837400342909,9.68156609376728,1
396,0,12.75,30,9.68156609376728,9.71016769486759,1
396,0,12.75,30,9.71016769486759,9.73086574629153,1
396,0,12.75,30,9.73086574629153,10.3129416910465,1
396,0,12.75,30,10.3129416910465,10.5094938974399,1
396,0,12.75,30,10.5094938974399,10.9006609672748,1
396,0,12.75,30,10.9006609672748,11.1157002542968,1
396,0,12.75,30,11.1157002542968,11.1860889151736,1
396,0,12.75,30,11.1860889151736,11.3043973105527,1
396,0,12.75,30,11.3043973105527,11.5107467903636,1
396,0,12.75,30,11.5107467903636,11.9775402111688,1
396,0,12.75,30,11.9775402111688,12.463671279871,1
396,0,12.75,30,12.463671279871,12.5685654953556,1
396,0,12.75,30,12.5685654953556,12.75,0
397,0,13.75,3,0,0.402948992716036,1
397,0,13.75,3,0.402948992716036,1.30755907822136,1
397,0,13.75,3,1.30755907822136,5.71214165905787,1
397,0,13.75,3,5.71214165905787,13.75,0
398,0,17.75,47,0,3.53662604598386,1
398,0,17.75,47,3.53662604598386,4.11755972814682,1
398,0,17.75,47,4.11755972814682,4.43064795185128,1
398,0,17.75,47,4.43064795185128,4.45294216212065,1
398,0,17.75,47,4.45294216212065,4.57980344837037,1
398,0,17.75,47,4.57980344837037,6.36740636557706,1
398,0,17.75,47,6.36740636557706,6.80226216804732,1
398,0,17.75,47,6.80226216804732,7.9847338569391,1
398,0,17.75,47,7.9847338569391,8.04713433269269,1
398,0,17.75,47,8.04713433269269,8.71478587543141,1
398,0,17.75,47,8.71478587543141,8.82757338779052,1
398,0,17.75,47,8.82757338779052,8.84539942765664,1
398,0,17.75,47,8.84539942765664,9.29993137820932,1
398,0,17.75,47,9.29993137820932,9.42717640675723,1
398,0,17.75,47,9.42717640675723,9.7383007613288,1
398,0,17.75,47,9.7383007613288,10.7270677673799,1
398,0,17.75,47,10.7270677673799,11.1009133310644,1
398,0,17.75,47,11.1009133310644,11.5466884386605,1
398,0,17.75,47,11.5466884386605,12.007138008203,1
398,0,17.75,47,12.007138008203,12.0183740112145,1
398,0,17.75,47,12.0183740112145,12.0418323965195,1
398,0,17.75,47,12.0418323965195,12.1501208951493,1
398,0,17.75,47,12.1501208951493,13.6129188494247,1
398,0,17.75,47,13.6129188494247,13.6605987675587,1
398,0,17.75,47,13.6605987675587,13.6669909795255,1
398,0,17.75,47,13.6669909795255,13.874074333924,1
398,0,17.75,47,13.874074333924,13.9020877123208,1
398,0,17.75,47,13.9020877123208,14.2319475023448,1
398,0,17.75,47,14.2319475023448,14.5463262508667,1
398,0,17.75,47,14.5463262508667,14.6298363458193,1
398,0,17.75,47,14.6298363458193,14.7387843725821,1
398,0,17.75,47,14.7387843725821,14.7435660199706,1
398,0,17.75,47,14.7435660199706,14.958104946548,1
398,0,17.75,47,14.958104946548,15.104565862309,1
398,0,17.75,47,15.104565862309,15.2242338228379,1
398,0,17.75,47,15.2242338228379,15.365900494427,1
398,0,17.75,47,15.365900494427,15.47918509141,1
398,0,17.75,47,15.47918509141,15.7897133274651,1
398,0,17.75,47,15.7897133274651,15.9539866098958,1
398,0,17.75,47,15.9539866098958,16.6255418894805,1
398,0,17.75,47,16.6255418894805,16.6526186240339,1
398,0,17.75,47,16.6526186240339,16.8896065936752,1
398,0,17.75,47,16.8896065936752,17.6807988076584,1
398,0,17.75,47,17.6807988076584,17.7203476153844,1
398,0,17.75,47,17.7203476153844,17.7220326784156,1
398,0,17.75,47,17.7220326784156,17.724070057823,1
398,0,17.75,47,17.724070057823,17.7462194397348,1
398,0,17.75,47,17.7462194397348,17.75,0
399,0,7.75,7,0,4.61548137603318,1
399,0,7.75,7,4.61548137603318,5.06524289462472,1
399,0,7.75,7,5.06524289462472,5.59279043937044,1
399,0,7.75,7,5.59279043937044,6.52896288360365,1
399,0,7.75,7,6.52896288360365,7.01707717881806,1
399,0,7.75,7,7.01707717881806,7.66194197043398,1
399,0,7.75,7,7.66194197043398,7.73193681869675,1
399,0,7.75,7,7.73193681869675,7.75,0
400,0,15.75,1,0,13.5427226020026,1
400,0,15.75,1,13.5427226020026,15.75,0
401,0,11.75,1,0,0.280794332998781,1
401,0,11.75,1,0.280794332998781,11.75,0
402,0,19.75,3,0,1.31598532280198,1
402,0,19.75,3,1.31598532280198,19.1028227981051,1
402,0,19.75,3,19.1028227981051,19.4426149610719,1
402,0,19.75,3,19.4426149610719,19.75,0
403,0,17.75,1,0,2.70433807656322,1
403,0,17.75,1,2.70433807656322,17.75,0
404,0,9.75,5,0,6.26119862804202,1
404,0,9.75,5,6.26119862804202,8.20811159891281,1
404,0,9.75,5,8.20811159891281,8.44393124213163,1
404,0,9.75,5,8.44393124213163,8.54460250045784,1
404,0,9.75,5,8.54460250045784,9.32915405736168,1
404,0,9.75,5,9.32915405736168,9.75,0
405,0,12.75,2,0,0.363947095403662,1
405,0,12.75,2,0.363947095403662,4.74319514668591,1
405,0,12.75,2,4.74319514668591,12.75,0
406,0,15.75,16,0,6.26475623417928,1
406,0,15.75,16,6.26475623417928,7.50004191525662,1
406,0,15.75,16,7.50004191525662,9.84821386818193,1
406,0,15.75,16,9.84821386818193,10.1834118201217,1
406,0,15.75,16,10.1834118201217,10.4725569811883,1
406,0,15.75,16,10.4725569811883,10.9014455641194,1
406,0,15.75,16,10.9014455641194,11.2226919432967,1
406,0,15.75,16,11.2226919432967,11.280751212156,1
406,0,15.75,16,11.280751212156,11.5596738671564,1
406,0,15.75,16,11.5596738671564,11.7432707081846,1
406,0,15.75,16,11.7432707081846,11.9187288458461,1
406,0,15.75,16,11.9187288458461,12.5242063568348,1
406,0,15.75,16,12.5242063568348,13.277228764234,1
406,0,15.75,16,13.277228764234,13.534088342274,1
406,0,15.75,16,13.534088342274,14.6056007502517,1
406,0,15.75,16,14.6056007502517,14.8063837153958,1
406,0,15.75,16,14.8063837153958,15.75,0
407,0,15.75,4,0,0.0366804660588201,1
407,0,15.75,4,0.0366804660588201,1.50176920102359,1
407,0,15.75,4,1.50176920102359,3.41952096472446,1
407,0,15.75,4,3.41952096472446,8.5616614475246,1
407,0,15.75,4,8.5616614475246,15.75,0
408,0,11.75,0,0,11.75,0
409,0,11.75,2,0,0.744003282208538,1
409,0,11.75,2,0.744003282208538,2.70617499571638,1
409,0,11.75,2,2.70617499571638,11.75,0
410,0,15.75,2,0,0.0101534110472101,1
410,0,15.75,2,0.0101534110472101,0.0222988172321386,1
410,0,15.75,2,0.0222988172321386,15.75,0
411,0,10.75,0,0,10.75,0
412,0,11.75,2,0,0.847648527121358,1
412,0,11.75,2,0.847648527121358,3.39745889323775,1
412,0,11.75,2,3.39745889323775,11.75,0
413,0,9.75,6,0,4.00596195707653,1
413,0,9.75,6,4.00596195707653,5.43904584100163,1
413,0,9.75,6,5.43904584100163,5.8877290657898,1
413,0,9.75,6,5.8877290657898,8.17499919844463,1
413,0,9.75,6,8.17499919844463,9.57678409774657,1
413,0,9.75,6,9.57678409774657,9.57905946679535,1
413,0,9.75,6,9.57905946679535,9.75,0
414,0,15.75,1,0,2.43534284887037,1
414,0,15.75,1,2.43534284887037,15.75,0
415,0,15.75,49,0,0.59002203579776,1
415,0,15.75,49,0.59002203579776,1.02105378984314,1
415,0,15.75,49,1.02105378984314,2.92939780674734,1
415,0,15.75,49,2.92939780674734,3.65859360169067,1
415,0,15.75,49,3.65859360169067,3.76651539155529,1
415,0,15.75,49,3.76651539155529,5.47557548017096,1
415,0,15.75,49,5.47557548017096,5.59731799909278,1
415,0,15.75,49,5.59731799909278,5.80779918850021,1
415,0,15.75,49,5.80779918850021,6.57072740335198,1
415,0,15.75,49,6.57072740335198,6.59449306640526,1
415,0,15.75,49,6.59449306640526,7.11284471887577,1
415,0,15.75,49,7.11284471887577,7.36089761721277,1
415,0,15.75,49,7.36089761721277,7.46253178112153,1
415,0,15.75,49,7.46253178112153,7.83132046992554,1
415,0,15.75,49,7.83132046992554,8.08420775779369,1
415,0,15.75,49,8.08420775779369,8.80190361662097,1
415,0,15.75,49,8.80190361662097,8.9058414058337,1
415,0,15.75,49,8.9058414058337,9.23991633431697,1
415,0,15.75,49,9.23991633431697,9.27600710475172,1
415,0,15.75,49,9.27600710475172,9.37297357888778,1
415,0,15.75,49,9.37297357888778,10.241918852931,1
415,0,15.75,49,10.241918852931,10.3360167275082,1
415,0,15.75,49,10.3360167275082,10.462636123659,1
415,0,15.75,49,10.462636123659,10.4675307836979,1
415,0,15.75,49,10.4675307836979,11.0624613865419,1
415,0,15.75,49,11.0624613865419,11.4816884509841,1
415,0,15.75,49,11.4816884509841,11.7061100253775,1
415,0,15.75,49,11.7061100253775,12.1366488608905,1
415,0,15.75,49,12.1366488608905,12.5238924328382,1
415,0,15.75,49,12.5238924328382,12.5827372500065,1
415,0,15.75,49,12.5827372500065,12.6224452042131,1
415,0,15.75,49,12.6224452042131,12.789658752163,1
415,0,15.75,49,12.789658752163,13.0893445555321,1
415,0,15.75,49,13.0893445555321,13.4210666985278,1
415,0,15.75,49,13.4210666985278,13.4430668050465,1
415,0,15.75,49,13.4430668050465,13.5836660972237,1
415,0,15.75,49,13.5836660972237,13.6847878560263,1
415,0,15.75,49,13.6847878560263,13.7013878945217,1
415,0,15.75,49,13.7013878945217,14.0585090265217,1
415,0,15.75,49,14.0585090265217,14.1283495367555,1
415,0,15.75,49,14.1283495367555,14.1486228560874,1
415,0,15.75,49,14.1486228560874,14.3307414364633,1
415,0,15.75,49,14.3307414364633,14.4360656409831,1
415,0,15.75,49,14.4360656409831,14.5844361409144,1
415,0,15.75,49,14.5844361409144,14.8722951571449,1
415,0,15.75,49,14.8722951571449,15.2696146409796,1
415,0,15.75,49,15.2696146409796,15.3203247495725,1
415,0,15.75,49,15.3203247495725,15.4024413773633,1
415,0,15.75,49,15.4024413773633,15.6653284739609,1
415,0,15.75,49,15.6653284739609,15.75,0
416,0,10.75,2,0,0.0181681229886797,1
416,0,10.75,2,0.0181681229886797,4.64339833288124,1
416,0,10.75,2,4.64339833288124,10.75,0
417,0,11.75,4,0,3.16528038404377,1
417,0,11.75,4,3.16528038404377,6.60193219206084,1
417,0,11.75,4,6.60193219206084,11.0195979723886,1
417,0,11.75,4,11.0195979723886,11.3986610708486,1
417,0,11.75,4,11.3986610708486,11.75,0
418,0,18.75,1,0,7.54939125940779,1
418,0,18.75,1,7.54939125940779,18.75,0
419,0,16.75,1,0,0.0194980532405584,1
419,0,16.75,1,0.0194980532405584,16.75,0
420,0,8.75,3,0,0.246772680654415,1
420,0,8.75,3,0.246772680654415,0.668904421154314,1
420,0,8.75,3,0.668904421154314,8.32344729787853,1
420,0,8.75,3,8.32344729787853,8.75,0
421,0,7.75,4,0,1.81602915091402,1
421,0,7.75,4,1.81602915091402,6.68360544579193,1
421,0,7.75,4,6.68360544579193,6.86829328837755,1
421,0,7.75,4,6.86829328837755,7.60227061899225,1
421,0,7.75,4,7.60227061899225,7.75,0
422,0,13.75,1,0,12.8432296106572,1
422,0,13.75,1,12.8432296106572,13.75,0
423,0,14.75,18,0,5.93345423370779,1
423,0,14.75,18,5.93345423370779,5.94808624244584,1
423,0,14.75,18,5.94808624244584,6.36354927218902,1
423,0,14.75,18,6.36354927218902,7.29941362079982,1
423,0,14.75,18,7.29941362079982,7.48578884903917,1
423,0,14.75,18,7.48578884903917,8.59211003018197,1
423,0,14.75,18,8.59211003018197,9.3209598289556,1
423,0,14.75,18,9.3209598289556,9.64833744026995,1
423,0,14.75,18,9.64833744026995,9.64944366414643,1
423,0,14.75,18,9.64944366414643,9.7494533454382,1
423,0,14.75,18,9.7494533454382,10.1197253308155,1
423,0,14.75,18,10.1197253308155,10.3383106952664,1
423,0,14.75,18,10.3383106952664,11.2176169892831,1
423,0,14.75,18,11.2176169892831,13.5327404927452,1
423,0,14.75,18,13.5327404927452,13.96661933643,1
423,0,14.75,18,13.96661933643,14.0013340195778,1
423,0,14.75,18,14.0013340195778,14.0186665316392,1
423,0,14.75,18,14.0186665316392,14.4588749337781,1
423,0,14.75,18,14.4588749337781,14.75,0
424,0,12.75,19,0,3.18639146234241,1
424,0,12.75,19,3.18639146234241,8.81941211532911,1
424,0,12.75,19,8.81941211532911,9.48608842740249,1
424,0,12.75,19,9.48608842740249,9.48870690679345,1
424,0,12.75,19,9.48870690679345,10.0413842207088,1
424,0,12.75,19,10.0413842207088,10.4184318026179,1
424,0,12.75,19,10.4184318026179,10.5430810099219,1
424,0,12.75,19,10.5430810099219,10.7869714053233,1
424,0,12.75,19,10.7869714053233,10.8072414493638,1
424,0,12.75,19,10.8072414493638,11.0832063592392,1
424,0,12.75,19,11.0832063592392,11.3242786807184,1
424,0,12.75,19,11.3242786807184,11.550742084489,1
424,0,12.75,19,11.550742084489,11.7850351914265,1
424,0,12.75,19,11.7850351914265,11.8138604479745,1
424,0,12.75,19,11.8138604479745,12.0460013768941,1
424,0,12.75,19,12.0460013768941,12.2850584294623,1
424,0,12.75,19,12.2850584294623,12.2854511153182,1
424,0,12.75,19,12.2854511153182,12.3328613105854,1
424,0,12.75,19,12.3328613105854,12.5542783131402,1
424,0,12.75,19,12.5542783131402,12.75,0
425,0,13.75,30,0,0.52762385269353,1
425,0,13.75,30,0.52762385269353,4.1456088186354,1
425,0,13.75,30,4.1456088186354,5.48315942876863,1
425,0,13.75,30,5.48315942876863,6.84800216200318,1
425,0,13.75,30,6.84800216200318,6.93210015159806,1
425,0,13.75,30,6.93210015159806,7.42339798044853,1
425,0,13.75,30,7.42339798044853,7.51494175473693,1
425,0,13.75,30,7.51494175473693,7.53865256196497,1
425,0,13.75,30,7.53865256196497,8.7502319143691,1
425,0,13.75,30,8.7502319143691,8.78839460989328,1
425,0,13.75,30,8.78839460989328,9.98277253993379,1
425,0,13.75,30,9.98277253993379,9.9862994945678,1
425,0,13.75,30,9.9862994945678,10.2850454954921,1
425,0,13.75,30,10.2850454954921,10.5576264734435,1
425,0,13.75,30,10.5576264734435,11.0095644112079,1
425,0,13.75,30,11.0095644112079,11.1159027055865,1
425,0,13.75,30,11.1159027055865,11.2748874942219,1
425,0,13.75,30,11.2748874942219,11.3162562566667,1
425,0,13.75,30,11.3162562566667,11.4277504779741,1
425,0,13.75,30,11.4277504779741,11.460405276711,1
425,0,13.75,30,11.460405276711,11.4955672769658,1
425,0,13.75,30,11.4955672769658,11.4965021659151,1
425,0,13.75,30,11.4965021659151,12.1923627249702,1
425,0,13.75,30,12.1923627249702,12.2256873948627,1
425,0,13.75,30,12.2256873948627,12.2559413047172,1
425,0,13.75,30,12.2559413047172,12.3275400438187,1
425,0,13.75,30,12.3275400438187,12.3741469485642,1
425,0,13.75,30,12.3741469485642,12.5943456075038,1
425,0,13.75,30,12.5943456075038,12.6898221524053,1
425,0,13.75,30,12.6898221524053,13.2668994469132,1
425,0,13.75,30,13.2668994469132,13.75,0
426,0,12.75,1,0,7.25452118089258,1
426,0,12.75,1,7.25452118089258,12.75,0
427,0,13.75,2,0,1.81852061778965,1
427,0,13.75,2,1.81852061778965,11.7096518209026,1
427,0,13.75,2,11.7096518209026,13.75,0
428,0,11.75,57,0,2.84603616182195,1
428,0,11.75,57,2.84603616182195,3.02966451015178,1
428,0,11.75,57,3.02966451015178,3.37835870361989,1
428,0,11.75,57,3.37835870361989,3.48284682511922,1
428,0,11.75,57,3.48284682511922,3.54409081452751,1
428,0,11.75,57,3.54409081452751,4.15205771387072,1
428,0,11.75,57,4.15205771387072,4.45438938987131,1
428,0,11.75,57,4.45438938987131,4.4572005376973,1
428,0,11.75,57,4.4572005376973,4.56054930226796,1
428,0,11.75,57,4.56054930226796,4.58318369105945,1
428,0,11.75,57,4.58318369105945,5.70574320851663,1
428,0,11.75,57,5.70574320851663,5.77546723670851,1
428,0,11.75,57,5.77546723670851,5.86327927549989,1
428,0,11.75,57,5.86327927549989,6.54708911530983,1
428,0,11.75,57,6.54708911530983,6.60718207993796,1
428,0,11.75,57,6.60718207993796,6.94926683918644,1
428,0,11.75,57,6.94926683918644,7.00826302186112,1
428,0,11.75,57,7.00826302186112,7.17348609750479,1
428,0,11.75,57,7.17348609750479,7.30139070724332,1
428,0,11.75,57,7.30139070724332,7.56581409391072,1
428,0,11.75,57,7.56581409391072,7.58318027516311,1
428,0,11.75,57,7.58318027516311,7.82986217689915,1
428,0,11.75,57,7.82986217689915,7.83631813088487,1
428,0,11.75,57,7.83631813088487,7.84229865193305,1
428,0,11.75,57,7.84229865193305,7.87382480297953,1
428,0,11.75,57,7.87382480297953,7.95879379207101,1
428,0,11.75,57,7.95879379207101,8.20015045805667,1
428,0,11.75,57,8.20015045805667,8.3610254742986,1
428,0,11.75,57,8.3610254742986,8.40388139367277,1
428,0,11.75,57,8.40388139367277,8.58762571904467,1
428,0,11.75,57,8.58762571904467,8.67548767685293,1
428,0,11.75,57,8.67548767685293,8.8207892369999,1
428,0,11.75,57,8.8207892369999,8.83903905462322,1
428,0,11.75,57,8.83903905462322,8.8597047464029,1
428,0,11.75,57,8.8597047464029,9.04577057926329,1
428,0,11.75,57,9.04577057926329,9.11482646003831,1
428,0,11.75,57,9.11482646003831,9.14421316923332,1
428,0,11.75,57,9.14421316923332,9.20142903516054,1
428,0,11.75,57,9.20142903516054,9.32685720766726,1
428,0,11.75,57,9.32685720766726,9.5300232085997,1
428,0,11.75,57,9.5300232085997,9.67162019615455,1
428,0,11.75,57,9.67162019615455,9.86305296180377,1
428,0,11.75,57,9.86305296180377,10.0259344668891,1
428,0,11.75,57,10.0259344668891,10.3423138420729,1
428,0,11.75,57,10.3423138420729,10.3822719321894,1
428,0,11.75,57,10.3822719321894,10.4551999651918,1
428,0,11.75,57,10.4551999651918,10.9108327726007,1
428,0,11.75,57,10.9108327726007,10.9238492268287,1
428,0,11.75,57,10.9238492268287,10.9416970445917,1
428,0,11.75,57,10.9416970445917,11.0827961290878,1
428,0,11.75,57,11.0827961290878,11.1359217072045,1
428,0,11.75,57,11.1359217072045,11.2902950628501,1
428,0,11.75,57,11.2902950628501,11.4205029052464,1
428,0,11.75,57,11.4205029052464,11.5772094967786,1
428,0,11.75,57,11.5772094967786,11.6245798603051,1
428,0,11.75,57,11.6245798603051,11.651375031143,1
428,0,11.75,57,11.651375031143,11.6976871771325,1
428,0,11.75,57,11.6976871771325,11.75,0
429,0,11.75,2,0,0.0186268500734582,1
429,0,11.75,2,0.0186268500734582,7.54562788672233,1
429,0,11.75,2,7.54562788672233,11.75,0
430,0,10.75,0,0,10.75,0
431,0,12.75,12,0,3.62786571332277,1
431,0,12.75,12,3.62786571332277,4.53800634715501,1
431,0,12.75,12,4.53800634715501,5.70986356567951,1
431,0,12.75,12,5.70986356567951,6.78068369730667,1
431,0,12.75,12,6.78068369730667,7.11599392675145,1
431,0,12.75,12,7.11599392675145,7.71683522617573,1
431,0,12.75,12,7.71683522617573,9.07136560321641,1
431,0,12.75,12,9.07136560321641,10.1717057430404,1
431,0,12.75,12,10.1717057430404,11.0502094550572,1
431,0,12.75,12,11.0502094550572,11.8023191775672,1
431,0,12.75,12,11.8023191775672,12.1052646748808,1
431,0,12.75,12,12.1052646748808,12.4641049936304,1
431,0,12.75,12,12.4641049936304,12.75,0
432,0,17.75,3,0,0.502666607172895,1
432,0,17.75,3,0.502666607172895,10.436135204036,1
432,0,17.75,3,10.436135204036,16.4273524324009,1
432,0,17.75,3,16.4273524324009,17.75,0
433,0,8.75,3,0,0.172869723528806,1
433,0,8.75,3,0.172869723528806,6.37494921592019,1
433,0,8.75,3,6.37494921592019,8.5390823452998,1
433,0,8.75,3,8.5390823452998,8.75,0
434,0,17.75,4,0,1.50240988519881,1
434,0,17.75,4,1.50240988519881,3.89436901160633,1
434,0,17.75,4,3.89436901160633,6.57854817309553,1
434,0,17.75,4,6.57854817309553,8.81759731462529,1
434,0,17.75,4,8.81759731462529,17.75,0
435,0,8.75,2,0,1.94135114952533,1
435,0,8.75,2,1.94135114952533,2.63725573797858,1
435,0,8.75,2,2.63725573797858,8.75,0
436,0,8.75,2,0,2.11053461364351,1
436,0,8.75,2,2.11053461364351,7.59411804518005,1
436,0,8.75,2,7.59411804518005,8.75,0
437,0,10.75,2,0,0.587963527790753,1
437,0,10.75,2,0.587963527790753,1.92558070899018,1
437,0,10.75,2,1.92558070899018,10.75,0
438,0,14.75,2,0,7.12013308023706,1
438,0,14.75,2,7.12013308023706,13.6821927686499,1
438,0,14.75,2,13.6821927686499,14.75,0
439,0,14.75,3,0,0.736577075323986,1
439,0,14.75,3,0.736577075323986,4.0421365112567,1
439,0,14.75,3,4.0421365112567,8.30455777076861,1
439,0,14.75,3,8.30455777076861,14.75,0
440,0,13.75,2,0,2.4853293000471,1
440,0,13.75,2,2.4853293000471,8.95646031086244,1
440,0,13.75,2,8.95646031086244,13.75,0
441,0,12.75,1,0,0.518048813163869,1
441,0,12.75,1,0.518048813163869,12.75,0
442,0,10.75,2,0,5.57866170727321,1
442,0,10.75,2,5.57866170727321,7.12924274299591,1
442,0,10.75,2,7.12924274299591,10.75,0
443,0,9.75,0,0,9.75,0
444,0,15.75,19,0,6.10795577992218,1
444,0,15.75,19,6.10795577992218,7.2192884030853,1
444,0,15.75,19,7.2192884030853,7.34570840474756,1
444,0,15.75,19,7.34570840474756,8.81995573235962,1
444,0,15.75,19,8.81995573235962,8.96984698889737,1
444,0,15.75,19,8.96984698889737,10.1022481061343,1
444,0,15.75,19,10.1022481061343,10.6618135532441,1
444,0,15.75,19,10.6618135532441,10.9833824345198,1
444,0,15.75,19,10.9833824345198,11.4705394890557,1
444,0,15.75,19,11.4705394890557,11.8889186138036,1
444,0,15.75,19,11.8889186138036,12.777982447282,1
444,0,15.75,19,12.777982447282,13.5100028008725,1
444,0,15.75,19,13.5100028008725,13.5374602190776,1
444,0,15.75,19,13.5374602190776,14.0973544959466,1
444,0,15.75,19,14.0973544959466,14.9648693029836,1
444,0,15.75,19,14.9648693029836,15.3643639417086,1
444,0,15.75,19,15.3643639417086,15.6192280248477,1
444,0,15.75,19,15.6192280248477,15.6378295102473,1
444,0,15.75,19,15.6378295102473,15.6675632787125,1
444,0,15.75,19,15.6675632787125,15.75,0
445,0,11.75,24,0,3.23117101099907,1
445,0,11.75,24,3.23117101099907,4.14676386096883,1
445,0,11.75,24,4.14676386096883,4.90770029157627,1
445,0,11.75,24,4.90770029157627,5.17921845683855,1
445,0,11.75,24,5.17921845683855,5.49636473966599,1
445,0,11.75,24,5.49636473966599,5.57648592783495,1
445,0,11.75,24,5.57648592783495,6.6912132120201,1
445,0,11.75,24,6.6912132120201,6.96602477921591,1
445,0,11.75,24,6.96602477921591,7.17256952338205,1
445,0,11.75,24,7.17256952338205,8.07578958517874,1
445,0,11.75,24,8.07578958517874,9.20827319910344,1
445,0,11.75,24,9.20827319910344,9.59123230498316,1
445,0,11.75,24,9.59123230498316,9.65574432086282,1
445,0,11.75,24,9.65574432086282,9.79516695144885,1
445,0,11.75,24,9.79516695144885,10.0498904374863,1
445,0,11.75,24,10.0498904374863,10.0654250755463,1
445,0,11.75,24,10.0654250755463,10.1054804495092,1
445,0,11.75,24,10.1054804495092,10.9387521820124,1
445,0,11.75,24,10.9387521820124,11.0202083666746,1
445,0,11.75,24,11.0202083666746,11.0289427012254,1
445,0,11.75,24,11.0289427012254,11.1616241081069,1
445,0,11.75,24,11.1616241081069,11.4117088958086,1
445,0,11.75,24,11.4117088958086,11.4832215084138,1
445,0,11.75,24,11.4832215084138,11.6021641819913,1
445,0,11.75,24,11.6021641819913,11.75,0
446,0,11.75,2,0,0.196788302410189,1
446,0,11.75,2,0.196788302410189,0.270278345088332,1
446,0,11.75,2,0.270278345088332,11.75,0
447,0,7.75,1,0,7.19620320664817,1
447,0,7.75,1,7.19620320664817,7.75,0
448,0,9.75,1,0,3.22553254419761,1
448,0,9.75,1,3.22553254419761,9.75,0
449,0,15.75,24,0,5.99311513964281,1
449,0,15.75,24,5.99311513964281,6.19396099330619,1
449,0,15.75,24,6.19396099330619,6.26552251655708,1
449,0,15.75,24,6.26552251655708,7.67332199564179,1
449,0,15.75,24,7.67332199564179,8.57823940064974,1
449,0,15.75,24,8.57823940064974,8.5971429949264,1
449,0,15.75,24,8.5971429949264,8.87379162871829,1
449,0,15.75,24,8.87379162871829,9.7590228460635,1
449,0,15.75,24,9.7590228460635,10.3373409261342,1
449,0,15.75,24,10.3373409261342,10.3667058176269,1
449,0,15.75,24,10.3667058176269,10.7369071280201,1
449,0,15.75,24,10.7369071280201,11.5283471884397,1
449,0,15.75,24,11.5283471884397,12.152138549769,1
449,0,15.75,24,12.152138549769,13.1939839950189,1
449,0,15.75,24,13.1939839950189,13.4319935672086,1
449,0,15.75,24,13.4319935672086,13.6309322208641,1
449,0,15.75,24,13.6309322208641,14.4915664599567,1
449,0,15.75,24,14.4915664599567,14.7776484042782,1
449,0,15.75,24,14.7776484042782,14.8077437224239,1
449,0,15.75,24,14.8077437224239,14.8080257019245,1
449,0,15.75,24,14.8080257019245,15.2103805222368,1
449,0,15.75,24,15.2103805222368,15.4231581671265,1
449,0,15.75,24,15.4231581671265,15.4404789447654,1
449,0,15.75,24,15.4404789447654,15.631140377153,1
449,0,15.75,24,15.631140377153,15.75,0
450,0,10.75,2,0,1.81200089849602,1
450,0,10.75,2,1.81200089849602,6.87134261824117,1
450,0,10.75,2,6.87134261824117,10.75,0
451,0,13.75,11,0,5.84383602003981,1
451,0,13.75,11,5.84383602003981,7.41097981801625,1
451,0,13.75,11,7.41097981801625,8.26878037035086,1
451,0,13.75,11,8.26878037035086,9.53554827521953,1
451,0,13.75,11,9.53554827521953,10.4422526398333,1
451,0,13.75,11,10.4422526398333,11.2610033140257,1
451,0,13.75,11,11.2610033140257,11.274613179408,1
451,0,13.75,11,11.274613179408,11.5616010199719,1
451,0,13.75,11,11.5616010199719,12.57569415492,1
451,0,13.75,11,12.57569415492,12.9506548843464,1
451,0,13.75,11,12.9506548843464,13.7322314620694,1
451,0,13.75,11,13.7322314620694,13.75,0
452,0,15.75,1,0,1.19906810111929,1
452,0,15.75,1,1.19906810111929,15.75,0
453,0,13.75,1,0,9.06636472066616,1
453,0,13.75,1,9.06636472066616,13.75,0
454,0,9.75,4,0,7.35366907565566,1
454,0,9.75,4,7.35366907565566,7.81003164652307,1
454,0,9.75,4,7.81003164652307,7.85143248605141,1
454,0,9.75,4,7.85143248605141,8.7357655987871,1
454,0,9.75,4,8.7357655987871,9.75,0
455,0,13.75,21,0,2.65513393100705,1
455,0,13.75,21,2.65513393100705,4.5199885103889,1
455,0,13.75,21,4.5199885103889,6.08168901743818,1
455,0,13.75,21,6.08168901743818,6.46737764811587,1
455,0,13.75,21,6.46737764811587,6.57039640119657,1
455,0,13.75,21,6.57039640119657,8.44449906922678,1
455,0,13.75,21,8.44449906922678,8.60012459622707,1
455,0,13.75,21,8.60012459622707,8.77505475317864,1
455,0,13.75,21,8.77505475317864,9.19527085428986,1
455,0,13.75,21,9.19527085428986,9.51649074604852,1
455,0,13.75,21,9.51649074604852,9.73779057546264,1
455,0,13.75,21,9.73779057546264,10.6535958342515,1
455,0,13.75,21,10.6535958342515,11.1011233523384,1
455,0,13.75,21,11.1011233523384,11.5502478551854,1
455,0,13.75,21,11.5502478551854,12.206217154433,1
455,0,13.75,21,12.206217154433,12.2106298702553,1
455,0,13.75,21,12.2106298702553,12.2768932599117,1
455,0,13.75,21,12.2768932599117,12.6081948719567,1
455,0,13.75,21,12.6081948719567,12.6377525233129,1
455,0,13.75,21,12.6377525233129,12.9837722427675,1
455,0,13.75,21,12.9837722427675,13.0933850460851,1
455,0,13.75,21,13.0933850460851,13.75,0
456,0,14.75,2,0,0.254777242508042,1
456,0,14.75,2,0.254777242508042,2.78474904944072,1
456,0,14.75,2,2.78474904944072,14.75,0
457,0,17.75,1,0,2.23037760815292,1
457,0,17.75,1,2.23037760815292,17.75,0
458,0,9.75,0,0,9.75,0
459,0,11.75,2,0,5.88320909609339,1
459,0,11.75,2,5.88320909609339,10.9542770663705,1
459,0,11.75,2,10.9542770663705,11.75,0
460,0,12.75,1,0,0.463976128777016,1
460,0,12.75,1,0.463976128777016,12.75,0
461,0,13.75,22,0,5.15232485785732,1
461,0,13.75,22,5.15232485785732,5.77022640328535,1
461,0,13.75,22,5.77022640328535,6.16492149298851,1
461,0,13.75,22,6.16492149298851,6.18425050270702,1
461,0,13.75,22,6.18425050270702,8.22383759162018,1
461,0,13.75,22,8.22383759162018,8.64905307143463,1
461,0,13.75,22,8.64905307143463,8.80408397582653,1
461,0,13.75,22,8.80408397582653,9.21074203332333,1
461,0,13.75,22,9.21074203332333,9.93407837636087,1
461,0,13.75,22,9.93407837636087,10.1658397456648,1
461,0,13.75,22,10.1658397456648,10.1692904857128,1
461,0,13.75,22,10.1692904857128,10.223685187993,1
461,0,13.75,22,10.223685187993,10.3306132816931,1
461,0,13.75,22,10.3306132816931,11.4702673188343,1
461,0,13.75,22,11.4702673188343,11.8610665620723,1
461,0,13.75,22,11.8610665620723,12.0431899526597,1
461,0,13.75,22,12.0431899526597,12.1220074579841,1
461,0,13.75,22,12.1220074579841,12.6504961204304,1
461,0,13.75,22,12.6504961204304,12.7759392235893,1
461,0,13.75,22,12.7759392235893,12.9815261114631,1
461,0,13.75,22,12.9815261114631,12.9967546758521,1
461,0,13.75,22,12.9967546758521,13.1508703515201,1
461,0,13.75,22,13.1508703515201,13.75,0
462,0,12.75,0,0,12.75,0
463,0,10.75,3,0,6.06341599205732,1
463,0,10.75,3,6.06341599205732,6.54721627690129,1
463,0,10.75,3,6.54721627690129,7.58971469739577,1
463,0,10.75,3,7.58971469739577,10.75,0
464,0,17.75,30,0,6.10201396563501,1
464,0,17.75,30,6.10201396563501,7.17349277259542,1
464,0,17.75,30,7.17349277259542,7.376809656845,1
464,0,17.75,30,7.376809656845,8.17980952932888,1
464,0,17.75,30,8.17980952932888,8.61134780302543,1
464,0,17.75,30,8.61134780302543,8.9957474359649,1
464,0,17.75,30,8.9957474359649,10.1413332094873,1
464,0,17.75,30,10.1413332094873,11.626811366571,1
464,0,17.75,30,11.626811366571,12.4828729468398,1
464,0,17.75,30,12.4828729468398,13.021987687074,1
464,0,17.75,30,13.021987687074,13.2316927028078,1
464,0,17.75,30,13.2316927028078,14.1664268094996,1
464,0,17.75,30,14.1664268094996,14.1716406433602,1
464,0,17.75,30,14.1716406433602,14.3665640056476,1
464,0,17.75,30,14.3665640056476,14.4761881997103,1
464,0,17.75,30,14.4761881997103,14.9755671538818,1
464,0,17.75,30,14.9755671538818,15.038265716798,1
464,0,17.75,30,15.038265716798,15.3835587253037,1
464,0,17.75,30,15.3835587253037,15.782693081812,1
464,0,17.75,30,15.782693081812,16.2122123990401,1
464,0,17.75,30,16.2122123990401,16.5560562261715,1
464,0,17.75,30,16.5560562261715,16.9093209194347,1
464,0,17.75,30,16.9093209194347,17.0581584982438,1
464,0,17.75,30,17.0581584982438,17.0592423981034,1
464,0,17.75,30,17.0592423981034,17.070356418404,1
464,0,17.75,30,17.070356418404,17.1522177642619,1
464,0,17.75,30,17.1522177642619,17.1928314447722,1
464,0,17.75,30,17.1928314447722,17.2529433672721,1
464,0,17.75,30,17.2529433672721,17.2721377404051,1
464,0,17.75,30,17.2721377404051,17.383556949523,1
464,0,17.75,30,17.383556949523,17.75,0
465,0,11.75,21,0,3.09740620729549,1
465,0,11.75,21,3.09740620729549,3.99406451179474,1
465,0,11.75,21,3.99406451179474,4.29489174627631,1
465,0,11.75,21,4.29489174627631,6.00007889544524,1
465,0,11.75,21,6.00007889544524,6.66384170919066,1
465,0,11.75,21,6.66384170919066,7.84313718560621,1
465,0,11.75,21,7.84313718560621,8.10762963974855,1
465,0,11.75,21,8.10762963974855,8.23242107431216,1
465,0,11.75,21,8.23242107431216,8.36902282679092,1
465,0,11.75,21,8.36902282679092,8.60238144696299,1
465,0,11.75,21,8.60238144696299,8.60796990692235,1
465,0,11.75,21,8.60796990692235,9.12823435162009,1
465,0,11.75,21,9.12823435162009,9.18235832405437,1
465,0,11.75,21,9.18235832405437,9.60483352601019,1
465,0,11.75,21,9.60483352601019,10.0624881698647,1
465,0,11.75,21,10.0624881698647,10.1986043670943,1
465,0,11.75,21,10.1986043670943,10.2437854100181,1
465,0,11.75,21,10.2437854100181,10.4029936195423,1
465,0,11.75,21,10.4029936195423,10.4654010563063,1
465,0,11.75,21,10.4654010563063,10.5684411887469,1
465,0,11.75,21,10.5684411887469,11.516566552156,1
465,0,11.75,21,11.516566552156,11.75,0
466,0,12.75,0,0,12.75,0
467,0,12.75,16,0,4.51679648975379,1
467,0,12.75,16,4.51679648975379,5.39564384918207,1
467,0,12.75,16,5.39564384918207,5.92313522062101,1
467,0,12.75,16,5.92313522062101,6.09024653997114,1
467,0,12.75,16,6.09024653997114,6.24118597317505,1
467,0,12.75,16,6.24118597317505,7.28265003244621,1
467,0,12.75,16,7.28265003244621,7.95577096311404,1
467,0,12.75,16,7.95577096311404,8.19072171256316,1
467,0,12.75,16,8.19072171256316,8.27500066136779,1
467,0,12.75,16,8.27500066136779,8.79408023433856,1
467,0,12.75,16,8.79408023433856,9.10029655029173,1
467,0,12.75,16,9.10029655029173,9.80271753125124,1
467,0,12.75,16,9.80271753125124,9.97616840665647,1
467,0,12.75,16,9.97616840665647,10.9572232577997,1
467,0,12.75,16,10.9572232577997,10.9666097032575,1
467,0,12.75,16,10.9666097032575,11.7729173188176,1
467,0,12.75,16,11.7729173188176,12.75,0
468,0,11.75,13,0,4.61221450460378,1
468,0,11.75,13,4.61221450460378,4.97860365659917,1
468,0,11.75,13,4.97860365659917,5.07158944137325,1
468,0,11.75,13,5.07158944137325,7.19766473524473,1
468,0,11.75,13,7.19766473524473,7.70990670768269,1
468,0,11.75,13,7.70990670768269,7.79831409791239,1
468,0,11.75,13,7.79831409791239,8.49186178285377,1
468,0,11.75,13,8.49186178285377,9.9315641136183,1
468,0,11.75,13,9.9315641136183,10.3856807303155,1
468,0,11.75,13,10.3856807303155,11.4005461384935,1
468,0,11.75,13,11.4005461384935,11.5124919335622,1
468,0,11.75,13,11.5124919335622,11.5970920258632,1
468,0,11.75,13,11.5970920258632,11.7115338860182,1
468,0,11.75,13,11.7115338860182,11.75,0
469,0,9.75,1,0,1.02888252892936,1
469,0,9.75,1,1.02888252892936,9.75,0
470,0,20.75,52,0,3.11138408018099,1
470,0,20.75,52,3.11138408018099,6.71044094157395,1
470,0,20.75,52,6.71044094157395,7.31022686115214,1
470,0,20.75,52,7.31022686115214,8.82288399504685,1
470,0,20.75,52,8.82288399504685,9.70089900808076,1
470,0,20.75,52,9.70089900808076,9.74637710910803,1
470,0,20.75,52,9.74637710910803,11.2090667086692,1
470,0,20.75,52,11.2090667086692,11.8426579948025,1
470,0,20.75,52,11.8426579948025,12.3582373779104,1
470,0,20.75,52,12.3582373779104,12.9436050988856,1
470,0,20.75,52,12.9436050988856,13.3376190080904,1
470,0,20.75,52,13.3376190080904,13.3558945990317,1
470,0,20.75,52,13.3558945990317,13.8733092695606,1
470,0,20.75,52,13.8733092695606,14.6760399858409,1
470,0,20.75,52,14.6760399858409,14.8366632296578,1
470,0,20.75,52,14.8366632296578,14.8528033446169,1
470,0,20.75,52,14.8528033446169,15.0182716031538,1
470,0,20.75,52,15.0182716031538,15.0710406666157,1
470,0,20.75,52,15.0710406666157,15.2848115169755,1
470,0,20.75,52,15.2848115169755,15.4911013110897,1
470,0,20.75,52,15.4911013110897,15.5406810324357,1
470,0,20.75,52,15.5406810324357,15.8913474964185,1
470,0,20.75,52,15.8913474964185,15.9051267552497,1
470,0,20.75,52,15.9051267552497,16.1371872885616,1
470,0,20.75,52,16.1371872885616,16.2713803962181,1
470,0,20.75,52,16.2713803962181,16.8620307515508,1
470,0,20.75,52,16.8620307515508,17.1283156669915,1
470,0,20.75,52,17.1283156669915,17.1880494025294,1
470,0,20.75,52,17.1880494025294,17.2755537848722,1
470,0,20.75,52,17.2755537848722,17.3522961940837,1
470,0,20.75,52,17.3522961940837,17.7861238903945,1
470,0,20.75,52,17.7861238903945,18.1965996489516,1
470,0,20.75,52,18.1965996489516,18.2906725964676,1
470,0,20.75,52,18.2906725964676,18.3389281516881,1
470,0,20.75,52,18.3389281516881,18.3935639946016,1
470,0,20.75,52,18.3935639946016,18.4357755506129,1
470,0,20.75,52,18.4357755506129,18.4400056925941,1
470,0,20.75,52,18.4400056925941,18.6019378211593,1
470,0,20.75,52,18.6019378211593,18.7223638997002,1
470,0,20.75,52,18.7223638997002,18.7278565776341,1
470,0,20.75,52,18.7278565776341,18.7844358035108,1
470,0,20.75,52,18.7844358035108,19.496675755359,1
470,0,20.75,52,19.496675755359,19.613503653979,1
470,0,20.75,52,19.613503653979,19.6679069201857,1
470,0,20.75,52,19.6679069201857,19.8191892368407,1
470,0,20.75,52,19.8191892368407,19.9599214850174,1
470,0,20.75,52,19.9599214850174,20.0016482408013,1
470,0,20.75,52,20.0016482408013,20.224755593883,1
470,0,20.75,52,20.224755593883,20.3667490799469,1
470,0,20.75,52,20.3667490799469,20.376029538998,1
470,0,20.75,52,20.376029538998,20.379752300239,1
470,0,20.75,52,20.379752300239,20.6409623713957,1
470,0,20.75,52,20.6409623713957,20.75,0
471,0,16.75,39,0,4.3621827579674,1
471,0,16.75,39,4.3621827579674,4.74099976227715,1
471,0,16.75,39,4.74099976227715,5.28675685461598,1
471,0,16.75,39,5.28675685461598,6.06757143299548,1
471,0,16.75,39,6.06757143299548,9.25966912532131,1
471,0,16.75,39,9.25966912532131,9.85372838123415,1
471,0,16.75,39,9.85372838123415,9.85965480392906,1
471,0,16.75,39,9.85965480392906,9.9865385076078,1
471,0,16.75,39,9.9865385076078,10.3848647800059,1
471,0,16.75,39,10.3848647800059,10.6434434193008,1
471,0,16.75,39,10.6434434193008,10.6490501726129,1
471,0,16.75,39,10.6490501726129,11.0764626806027,1
471,0,16.75,39,11.0764626806027,11.1986061228402,1
471,0,16.75,39,11.1986061228402,11.5170397792492,1
471,0,16.75,39,11.5170397792492,12.3884532400345,1
471,0,16.75,39,12.3884532400345,12.5724385052378,1
471,0,16.75,39,12.5724385052378,12.5925020528236,1
471,0,16.75,39,12.5925020528236,12.662639139456,1
471,0,16.75,39,12.662639139456,13.1163014162342,1
471,0,16.75,39,13.1163014162342,13.3735041103532,1
471,0,16.75,39,13.3735041103532,13.4563891798544,1
471,0,16.75,39,13.4563891798544,13.5475716713355,1
471,0,16.75,39,13.5475716713355,13.565730309191,1
471,0,16.75,39,13.565730309191,13.5687256161277,1
471,0,16.75,39,13.5687256161277,13.9855880194035,1
471,0,16.75,39,13.9855880194035,14.118830518496,1
471,0,16.75,39,14.118830518496,14.4337134256987,1
471,0,16.75,39,14.4337134256987,14.4560077771669,1
471,0,16.75,39,14.4560077771669,14.4996238336739,1
471,0,16.75,39,14.4996238336739,14.9108778370478,1
471,0,16.75,39,14.9108778370478,15.08503941625,1
471,0,16.75,39,15.08503941625,15.13760556548,1
471,0,16.75,39,15.13760556548,15.1807607916647,1
471,0,16.75,39,15.1807607916647,15.7078788045431,1
471,0,16.75,39,15.7078788045431,15.8726863072175,1
471,0,16.75,39,15.8726863072175,16.1248629393983,1
471,0,16.75,39,16.1248629393983,16.38191249149,1
471,0,16.75,39,16.38191249149,16.4187656862981,1
471,0,16.75,39,16.4187656862981,16.6900077174075,1
471,0,16.75,39,16.6900077174075,16.75,0
472,0,11.75,1,0,0.0770601154718104,1
472,0,11.75,1,0.0770601154718104,11.75,0
473,0,11.75,1,0,2.98166359513248,1
473,0,11.75,1,2.98166359513248,11.75,0
474,0,12.75,12,0,6.05613761397954,1
474,0,12.75,12,6.05613761397954,6.19151654364291,1
474,0,12.75,12,6.19151654364291,7.93033377172298,1
474,0,12.75,12,7.93033377172298,9.66495504814445,1
474,0,12.75,12,9.66495504814445,9.72056976046577,1
474,0,12.75,12,9.72056976046577,9.76042556707683,1
474,0,12.75,12,9.76042556707683,10.1564904116735,1
474,0,12.75,12,10.1564904116735,11.0424359047077,1
474,0,12.75,12,11.0424359047077,11.1082336461406,1
474,0,12.75,12,11.1082336461406,12.003079271293,1
474,0,12.75,12,12.003079271293,12.2512919992557,1
474,0,12.75,12,12.2512919992557,12.6275518085289,1
474,0,12.75,12,12.6275518085289,12.75,0
475,0,20.75,2,0,0.0518721298991026,1
475,0,20.75,2,0.0518721298991026,0.506644892038428,1
475,0,20.75,2,0.506644892038428,20.75,0
476,0,7.75,3,0,4.44829994802911,1
476,0,7.75,3,4.44829994802911,6.63491759767829,1
476,0,7.75,3,6.63491759767829,6.93075206542569,1
476,0,7.75,3,6.93075206542569,7.75,0
477,0,15.75,24,0,1.32000048772187,1
477,0,15.75,24,1.32000048772187,7.15490326422783,1
477,0,15.75,24,7.15490326422783,8.13933068028915,1
477,0,15.75,24,8.13933068028915,8.81574263513105,1
477,0,15.75,24,8.81574263513105,8.95240146710261,1
477,0,15.75,24,8.95240146710261,9.45620742531438,1
477,0,15.75,24,9.45620742531438,10.0984702435379,1
477,0,15.75,24,10.0984702435379,10.147184529571,1
477,0,15.75,24,10.147184529571,10.377901448158,1
477,0,15.75,24,10.377901448158,12.6418758510934,1
477,0,15.75,24,12.6418758510934,13.3378623470897,1
477,0,15.75,24,13.3378623470897,13.6110236111421,1
477,0,15.75,24,13.6110236111421,13.8647932438075,1
477,0,15.75,24,13.8647932438075,14.1398707410401,1
477,0,15.75,24,14.1398707410401,14.1990389876736,1
477,0,15.75,24,14.1990389876736,14.44157416086,1
477,0,15.75,24,14.44157416086,14.5157463974554,1
477,0,15.75,24,14.5157463974554,15.0830492301388,1
477,0,15.75,24,15.0830492301388,15.2289927132389,1
477,0,15.75,24,15.2289927132389,15.2756688517792,1
477,0,15.75,24,15.2756688517792,15.3987508333573,1
477,0,15.75,24,15.3987508333573,15.4266186101868,1
477,0,15.75,24,15.4266186101868,15.6521000089523,1
477,0,15.75,24,15.6521000089523,15.7370216116069,1
477,0,15.75,24,15.7370216116069,15.75,0
478,0,14.75,0,0,14.75,0
479,0,10.75,1,0,0.489490428484258,1
479,0,10.75,1,0.489490428484258,10.75,0
480,0,11.75,2,0,6.28693699195889,1
480,0,11.75,2,6.28693699195889,10.6391053887984,1
480,0,11.75,2,10.6391053887984,11.75,0
481,0,19.75,2,0,16.8920301965288,1
481,0,19.75,2,16.8920301965288,18.3320198241921,1
481,0,19.75,2,18.3320198241921,19.75,0
482,0,15.75,51,0,2.56052676703447,1
482,0,15.75,51,2.56052676703447,3.76257415929702,1
482,0,15.75,51,3.76257415929702,4.15107692578339,1
482,0,15.75,51,4.15107692578339,4.90006656506102,1
482,0,15.75,51,4.90006656506102,6.65830774581906,1
482,0,15.75,51,6.65830774581906,6.87699556020085,1
482,0,15.75,51,6.87699556020085,7.03513286181404,1
482,0,15.75,51,7.03513286181404,7.12379105397897,1
482,0,15.75,51,7.12379105397897,7.18808620073757,1
482,0,15.75,51,7.18808620073757,8.29088990996407,1
482,0,15.75,51,8.29088990996407,8.32784066767656,1
482,0,15.75,51,8.32784066767656,8.56125668606232,1
482,0,15.75,51,8.56125668606232,8.85476106108055,1
482,0,15.75,51,8.85476106108055,9.11389705017866,1
482,0,15.75,51,9.11389705017866,9.11748513471196,1
482,0,15.75,51,9.11748513471196,9.33599092168097,1
482,0,15.75,51,9.33599092168097,9.51497163645116,1
482,0,15.75,51,9.51497163645116,9.98087767102643,1
482,0,15.75,51,9.98087767102643,10.2931217531286,1
482,0,15.75,51,10.2931217531286,10.5990621042109,1
482,0,15.75,51,10.5990621042109,10.7909801601876,1
482,0,15.75,51,10.7909801601876,10.8568803942887,1
482,0,15.75,51,10.8568803942887,11.0504407829413,1
482,0,15.75,51,11.0504407829413,11.1669186485876,1
482,0,15.75,51,11.1669186485876,11.1695943906409,1
482,0,15.75,51,11.1695943906409,11.5178848546156,1
482,0,15.75,51,11.5178848546156,11.9613863882084,1
482,0,15.75,51,11.9613863882084,12.0522839028696,1
482,0,15.75,51,12.0522839028696,12.0523988586869,1
482,0,15.75,51,12.0523988586869,12.0934072903716,1
482,0,15.75,51,12.0934072903716,12.8660981406363,1
482,0,15.75,51,12.8660981406363,12.9086512123189,1
482,0,15.75,51,12.9086512123189,12.9440313914361,1
482,0,15.75,51,12.9440313914361,13.5782692996637,1
482,0,15.75,51,13.5782692996637,13.9978359667404,1
482,0,15.75,51,13.9978359667404,14.1815119270982,1
482,0,15.75,51,14.1815119270982,14.1894795942356,1
482,0,15.75,51,14.1894795942356,14.2064520611354,1
482,0,15.75,51,14.2064520611354,14.295941703451,1
482,0,15.75,51,14.295941703451,14.4314600065979,1
482,0,15.75,51,14.4314600065979,14.5219354620891,1
482,0,15.75,51,14.5219354620891,14.5381540429678,1
482,0,15.75,51,14.5381540429678,14.8018062938822,1
482,0,15.75,51,14.8018062938822,15.009343867764,1
482,0,15.75,51,15.009343867764,15.0201603531593,1
482,0,15.75,51,15.0201603531593,15.1250140165254,1
482,0,15.75,51,15.1250140165254,15.1918371471933,1
482,0,15.75,51,15.1918371471933,15.3789343389427,1
482,0,15.75,51,15.3789343389427,15.4349834934964,1
482,0,15.75,51,15.4349834934964,15.4906124073521,1
482,0,15.75,51,15.4906124073521,15.7432615288584,1
482,0,15.75,51,15.7432615288584,15.75,0
483,0,15.75,18,0,3.32611462219927,1
483,0,15.75,18,3.32611462219927,5.78366459204119,1
483,0,15.75,18,5.78366459204119,7.91190363948377,1
483,0,15.75,18,7.91190363948377,8.62503853630488,1
483,0,15.75,18,8.62503853630488,8.83668632931635,1
483,0,15.75,18,8.83668632931635,8.95528033906343,1
483,0,15.75,18,8.95528033906343,10.3835063029307,1
483,0,15.75,18,10.3835063029307,10.8083153443163,1
483,0,15.75,18,10.8083153443163,11.0178394471762,1
483,0,15.75,18,11.0178394471762,11.1335269979759,1
483,0,15.75,18,11.1335269979759,11.6926989330903,1
483,0,15.75,18,11.6926989330903,11.780177792158,1
483,0,15.75,18,11.780177792158,12.3840117156963,1
483,0,15.75,18,12.3840117156963,12.8505346632589,1
483,0,15.75,18,12.8505346632589,13.2604600146846,1
483,0,15.75,18,13.2604600146846,14.3659988878323,1
483,0,15.75,18,14.3659988878323,14.6521319755714,1
483,0,15.75,18,14.6521319755714,15.3076731731234,1
483,0,15.75,18,15.3076731731234,15.75,0
484,0,19.75,5,0,0.286732528576873,1
484,0,19.75,5,0.286732528576873,6.46335887434408,1
484,0,19.75,5,6.46335887434408,9.29721239906569,1
484,0,19.75,5,9.29721239906569,10.6754710938597,1
484,0,19.75,5,10.6754710938597,10.7807763065099,1
484,0,19.75,5,10.7807763065099,19.75,0
485,0,19.75,2,0,6.40455156734088,1
485,0,19.75,2,6.40455156734088,8.78809638227275,1
485,0,19.75,2,8.78809638227275,19.75,0
486,0,17.75,0,0,17.75,0
487,0,8.75,1,0,2.88938710590582,1
487,0,8.75,1,2.88938710590582,8.75,0
488,0,9.75,6,0,5.03984789851736,1
488,0,9.75,6,5.03984789851736,6.35525470715138,1
488,0,9.75,6,6.35525470715138,6.92228375292543,1
488,0,9.75,6,6.92228375292543,8.04618264567241,1
488,0,9.75,6,8.04618264567241,8.46917834053914,1
488,0,9.75,6,8.46917834053914,8.57382321220142,1
488,0,9.75,6,8.57382321220142,9.75,0
489,0,20.75,2,0,5.00630339894527,1
489,0,20.75,2,5.00630339894527,7.62389949066538,1
489,0,20.75,2,7.62389949066538,20.75,0
490,0,10.75,2,0,2.38278468000018,1
490,0,10.75,2,2.38278468000018,9.84022971803474,1
490,0,10.75,2,9.84022971803474,10.75,0
491,0,14.75,22,0,4.33295427104836,1
491,0,14.75,22,4.33295427104836,4.68551184144746,1
491,0,14.75,22,4.68551184144746,6.76521559590198,1
491,0,14.75,22,6.76521559590198,7.96328564274902,1
491,0,14.75,22,7.96328564274902,8.06199831585879,1
491,0,14.75,22,8.06199831585879,9.02054579314587,1
491,0,14.75,22,9.02054579314587,9.3865035674716,1
491,0,14.75,22,9.3865035674716,9.45178128863404,1
491,0,14.75,22,9.45178128863404,10.2006657698835,1
491,0,14.75,22,10.2006657698835,10.4246418106443,1
491,0,14.75,22,10.4246418106443,10.6855971528573,1
491,0,14.75,22,10.6855971528573,10.7209463771677,1
491,0,14.75,22,10.7209463771677,11.1891748242637,1
491,0,14.75,22,11.1891748242637,11.7387522701594,1
491,0,14.75,22,11.7387522701594,13.1360903682754,1
491,0,14.75,22,13.1360903682754,13.1516678179557,1
491,0,14.75,22,13.1516678179557,13.7490801195619,1
491,0,14.75,22,13.7490801195619,14.0334578887338,1
491,0,14.75,22,14.0334578887338,14.1501004049475,1
491,0,14.75,22,14.1501004049475,14.4898426738444,1
491,0,14.75,22,14.4898426738444,14.4985208941055,1
491,0,14.75,22,14.4985208941055,14.5622047226765,1
491,0,14.75,22,14.5622047226765,14.75,0
492,0,12.75,25,0,2.00155419930653,1
492,0,12.75,25,2.00155419930653,2.58413993673482,1
492,0,12.75,25,2.58413993673482,2.97105254173509,1
492,0,12.75,25,2.97105254173509,3.09468167179198,1
492,0,12.75,25,3.09468167179198,5.40257645926565,1
492,0,12.75,25,5.40257645926565,6.05575204028942,1
492,0,12.75,25,6.05575204028942,7.21984352439437,1
492,0,12.75,25,7.21984352439437,7.51992644402212,1
492,0,12.75,25,7.51992644402212,7.64066154112089,1
492,0,12.75,25,7.64066154112089,7.76925345188224,1
492,0,12.75,25,7.76925345188224,8.5295323670978,1
492,0,12.75,25,8.5295323670978,8.68515080890928,1
492,0,12.75,25,8.68515080890928,8.80470979937041,1
492,0,12.75,25,8.80470979937041,10.2947014908386,1
492,0,12.75,25,10.2947014908386,10.5689140817014,1
492,0,12.75,25,10.5689140817014,10.804307122639,1
492,0,12.75,25,10.804307122639,11.4063952175556,1
492,0,12.75,25,11.4063952175556,11.4583075801531,1
492,0,12.75,25,11.4583075801531,11.9021366981393,1
492,0,12.75,25,11.9021366981393,11.983505174905,1
492,0,12.75,25,11.983505174905,12.0488172450045,1
492,0,12.75,25,12.0488172450045,12.1218669178388,1
492,0,12.75,25,12.1218669178388,12.2085909306671,1
492,0,12.75,25,12.2085909306671,12.2805051679834,1
492,0,12.75,25,12.2805051679834,12.2992366302887,1
492,0,12.75,25,12.2992366302887,12.75,0
493,0,12.75,1,0,5.33442271482298,1
493,0,12.75,1,5.33442271482298,12.75,0
494,0,7.75,1,0,4.63711792997955,1
494,0,7.75,1,4.63711792997955,7.75,0
495,0,13.75,1,0,2.2509252185565,1
495,0,13.75,1,2.2509252185565,13.75,0
496,0,11.75,17,0,3.65024672534138,1
496,0,11.75,17,3.65024672534138,4.56127781561911,1
496,0,11.75,17,4.56127781561911,5.35717290707924,1
496,0,11.75,17,5.35717290707924,5.73959427497059,1
496,0,11.75,17,5.73959427497059,7.32955744570389,1
496,0,11.75,17,7.32955744570389,8.31430950679159,1
496,0,11.75,17,8.31430950679159,8.5403485920674,1
496,0,11.75,17,8.5403485920674,9.08741096450175,1
496,0,11.75,17,9.08741096450175,9.61213033692082,1
496,0,11.75,17,9.61213033692082,10.0398364809291,1
496,0,11.75,17,10.0398364809291,10.405570696632,1
496,0,11.75,17,10.405570696632,10.7934440631974,1
496,0,11.75,17,10.7934440631974,11.1091035555446,1
496,0,11.75,17,11.1091035555446,11.2169123440416,1
496,0,11.75,17,11.2169123440416,11.5358554610935,1
496,0,11.75,17,11.5358554610935,11.5604013842816,1
496,0,11.75,17,11.5604013842816,11.6207653516176,1
496,0,11.75,17,11.6207653516176,11.75,0
497,0,11.75,2,0,0.00292609279589983,1
497,0,11.75,2,0.00292609279589983,5.63921134280498,1
497,0,11.75,2,5.63921134280498,11.75,0
498,0,19.75,59,0,2.15235392822184,1
498,0,19.75,59,2.15235392822184,3.57411545548048,1
498,0,19.75,59,3.57411545548048,4.24230190887419,1
498,0,19.75,59,4.24230190887419,5.24690933663295,1
498,0,19.75,59,5.24690933663295,6.80861292671131,1
498,0,19.75,59,6.80861292671131,6.89092210642662,1
498,0,19.75,59,6.89092210642662,7.17941083642457,1
498,0,19.75,59,7.17941083642457,7.53337668105116,1
498,0,19.75,59,7.53337668105116,7.99663560740138,1
498,0,19.75,59,7.99663560740138,8.17247287696965,1
498,0,19.75,59,8.17247287696965,9.2710733914833,1
498,0,19.75,59,9.2710733914833,9.42053747242244,1
498,0,19.75,59,9.42053747242244,9.82560239429916,1
498,0,19.75,59,9.82560239429916,9.86085298805411,1
498,0,19.75,59,9.86085298805411,10.0959916887452,1
498,0,19.75,59,10.0959916887452,10.3364102862556,1
498,0,19.75,59,10.3364102862556,10.4761921723004,1
498,0,19.75,59,10.4761921723004,10.6085203820723,1
498,0,19.75,59,10.6085203820723,10.8124605836905,1
498,0,19.75,59,10.8124605836905,11.0377354015918,1
498,0,19.75,59,11.0377354015918,11.2389903135868,1
498,0,19.75,59,11.2389903135868,11.2926133363218,1
498,0,19.75,59,11.2926133363218,11.7639025615674,1
498,0,19.75,59,11.7639025615674,11.950641903651,1
498,0,19.75,59,11.950641903651,12.4594609278847,1
498,0,19.75,59,12.4594609278847,12.4821260523808,1
498,0,19.75,59,12.4821260523808,12.9483764144913,1
498,0,19.75,59,12.9483764144913,13.0022586833704,1
498,0,19.75,59,13.0022586833704,13.143189545313,1
498,0,19.75,59,13.143189545313,13.4104405464081,1
498,0,19.75,59,13.4104405464081,13.5747405348061,1
498,0,19.75,59,13.5747405348061,13.6015406486088,1
498,0,19.75,59,13.6015406486088,13.6539826024689,1
498,0,19.75,59,13.6539826024689,13.8564426474375,1
498,0,19.75,59,13.8564426474375,14.0654998342431,1
498,0,19.75,59,14.0654998342431,14.0801236117925,1
498,0,19.75,59,14.0801236117925,14.4550645144028,1
498,0,19.75,59,14.4550645144028,15.2262451521777,1
498,0,19.75,59,15.2262451521777,15.2439668843251,1
498,0,19.75,59,15.2439668843251,15.2585717156448,1
498,0,19.75,59,15.2585717156448,15.2603023481398,1
498,0,19.75,59,15.2603023481398,15.287007640231,1
498,0,19.75,59,15.287007640231,15.486736689082,1
498,0,19.75,59,15.486736689082,16.5482749060968,1
498,0,19.75,59,16.5482749060968,16.708630979176,1
498,0,19.75,59,16.708630979176,17.5287215532439,1
498,0,19.75,59,17.5287215532439,17.8549568900738,1
498,0,19.75,59,17.8549568900738,18.1115070494115,1
498,0,19.75,59,18.1115070494115,18.6834286027822,1
498,0,19.75,59,18.6834286027822,18.6927420317482,1
498,0,19.75,59,18.6927420317482,18.7288165723895,1
498,0,19.75,59,18.7288165723895,18.8225102475663,1
498,0,19.75,59,18.8225102475663,18.8827984926604,1
498,0,19.75,59,18.8827984926604,19.0046463631989,1
498,0,19.75,59,19.0046463631989,19.2061730624627,1
498,0,19.75,59,19.2061730624627,19.3251734862132,1
498,0,19.75,59,19.3251734862132,19.7014659226998,1
498,0,19.75,59,19.7014659226998,19.7236323919896,1
498,0,19.75,59,19.7236323919896,19.7464298917547,1
498,0,19.75,59,19.7464298917547,19.75,0
499,0,15.75,35,0,3.64244660982421,1
499,0,15.75,35,3.64244660982421,3.82617614911474,1
499,0,15.75,35,3.82617614911474,4.67908362480469,1
499,0,15.75,35,4.67908362480469,5.66528965238744,1
499,0,15.75,35,5.66528965238744,6.48476655439079,1
499,0,15.75,35,6.48476655439079,7.27686096143337,1
499,0,15.75,35,7.27686096143337,7.64990687023122,1
499,0,15.75,35,7.64990687023122,7.79524427001375,1
499,0,15.75,35,7.79524427001375,7.87040390552413,1
499,0,15.75,35,7.87040390552413,8.23608756366915,1
499,0,15.75,35,8.23608756366915,8.42285091034362,1
499,0,15.75,35,8.42285091034362,8.8124895274134,1
499,0,15.75,35,8.8124895274134,8.97729923789852,1
499,0,15.75,35,8.97729923789852,9.02140274466546,1
499,0,15.75,35,9.02140274466546,9.17864584684198,1
499,0,15.75,35,9.17864584684198,9.61396549540074,1
499,0,15.75,35,9.61396549540074,9.99581541334588,1
499,0,15.75,35,9.99581541334588,10.2108593415035,1
499,0,15.75,35,10.2108593415035,10.5216734901783,1
499,0,15.75,35,10.5216734901783,11.5013030816248,1
499,0,15.75,35,11.5013030816248,12.6679811173007,1
499,0,15.75,35,12.6679811173007,12.7757997176573,1
499,0,15.75,35,12.7757997176573,12.8012453006393,1
499,0,15.75,35,12.8012453006393,12.8727595670218,1
499,0,15.75,35,12.8727595670218,13.4708485311557,1
499,0,15.75,35,13.4708485311557,13.4751636223348,1
499,0,15.75,35,13.4751636223348,13.5019276154305,1
499,0,15.75,35,13.5019276154305,13.6440779646052,1
499,0,15.75,35,13.6440779646052,13.8116868523932,1
499,0,15.75,35,13.8116868523932,14.4016006600579,1
499,0,15.75,35,14.4016006600579,14.5904788569781,1
499,0,15.75,35,14.5904788569781,14.8078111331341,1
499,0,15.75,35,14.8078111331341,15.4915536144484,1
499,0,15.75,35,15.4915536144484,15.4966503859237,1
499,0,15.75,35,15.4966503859237,15.5734064447255,1
499,0,15.75,35,15.5734064447255,15.75,0
500,0,11.75,0,0,11.75,0
501,0,8.75,3,0,0.350654858112777,1
501,0,8.75,3,0.350654858112777,0.4665058814479,1
501,0,8.75,3,0.4665058814479,1.73914129899366,1
501,0,8.75,3,1.73914129899366,8.75,0
502,0,9.75,11,0,3.39742810739948,1
502,0,9.75,11,3.39742810739948,3.94410437620505,1
502,0,9.75,11,3.94410437620505,3.9459656088041,1
502,0,9.75,11,3.9459656088041,5.56153453548381,1
502,0,9.75,11,5.56153453548381,6.19339827337073,1
502,0,9.75,11,6.19339827337073,7.15209982522468,1
502,0,9.75,11,7.15209982522468,8.01936951294535,1
502,0,9.75,11,8.01936951294535,8.71894135115447,1
502,0,9.75,11,8.71894135115447,9.23221479340443,1
502,0,9.75,11,9.23221479340443,9.41133797136761,1
502,0,9.75,11,9.41133797136761,9.6869167319197,1
502,0,9.75,11,9.6869167319197,9.75,0
503,0,11.75,1,0,0.332147108725621,1
503,0,11.75,1,0.332147108725621,11.75,0
504,0,11.75,2,0,1.21225776264586,1
504,0,11.75,2,1.21225776264586,1.7447454356917,1
504,0,11.75,2,1.7447454356917,11.75,0
505,0,13.75,3,0,1.55572010499635,1
505,0,13.75,3,1.55572010499635,6.33875019660336,1
505,0,13.75,3,6.33875019660336,11.6012570143942,1
505,0,13.75,3,11.6012570143942,13.75,0
506,0,10.75,3,0,4.03075990988057,1
506,0,10.75,3,4.03075990988057,4.62724480755517,1
506,0,10.75,3,4.62724480755517,4.7715163909504,1
506,0,10.75,3,4.7715163909504,10.75,0
507,0,17.75,1,0,0.0310218259980216,1
507,0,17.75,1,0.0310218259980216,17.75,0
508,0,9.75,11,0,5.48160025913723,1
508,0,9.75,11,5.48160025913723,6.03409863547326,1
508,0,9.75,11,6.03409863547326,6.81935724394121,1
508,0,9.75,11,6.81935724394121,7.55715508163628,1
508,0,9.75,11,7.55715508163628,7.62784613253583,1
508,0,9.75,11,7.62784613253583,7.9502298340133,1
508,0,9.75,11,7.9502298340133,8.06989464741492,1
508,0,9.75,11,8.06989464741492,8.1994290863417,1
508,0,9.75,11,8.1994290863417,8.58023080908516,1
508,0,9.75,11,8.58023080908516,9.08876317457941,1
508,0,9.75,11,9.08876317457941,9.21641187841326,1
508,0,9.75,11,9.21641187841326,9.75,0
509,0,8.75,2,0,1.16477159681813,1
509,0,8.75,2,1.16477159681813,5.08397614403218,1
509,0,8.75,2,5.08397614403218,8.75,0
510,0,12.75,0,0,12.75,0
511,0,13.75,1,0,3.01296976671991,1
511,0,13.75,1,3.01296976671991,13.75,0
512,0,12.75,2,0,0.0987404269294957,1
512,0,12.75,2,0.0987404269294957,10.8952786597954,1
512,0,12.75,2,10.8952786597954,12.75,0
513,0,19.75,0,0,19.75,0
514,0,9.75,17,0,3.22454741096607,1
514,0,9.75,17,3.22454741096607,3.49167018255925,1
514,0,9.75,17,3.49167018255925,4.56589292704019,1
514,0,9.75,17,4.56589292704019,5.66469235136441,1
514,0,9.75,17,5.66469235136441,6.01553297803742,1
514,0,9.75,17,6.01553297803742,7.60408814273434,1
514,0,9.75,17,7.60408814273434,8.12351630295369,1
514,0,9.75,17,8.12351630295369,8.21489716647322,1
514,0,9.75,17,8.21489716647322,8.41086780682804,1
514,0,9.75,17,8.41086780682804,8.89231330409502,1
514,0,9.75,17,8.89231330409502,8.98083389235867,1
514,0,9.75,17,8.98083389235867,9.08387360398193,1
514,0,9.75,17,9.08387360398193,9.43119396532058,1
514,0,9.75,17,9.43119396532058,9.47524770350709,1
514,0,9.75,17,9.47524770350709,9.57222472434176,1
514,0,9.75,17,9.57222472434176,9.59603687549832,1
514,0,9.75,17,9.59603687549832,9.69489631923667,1
514,0,9.75,17,9.69489631923667,9.75,0
515,0,10.75,14,0,5.32236924514538,1
515,0,10.75,14,5.32236924514538,6.13417623431042,1
515,0,10.75,14,6.13417623431042,6.54779239638651,1
515,0,10.75,14,6.54779239638651,7.17964554381259,1
515,0,10.75,14,7.17964554381259,8.00925215762605,1
515,0,10.75,14,8.00925215762605,8.43002670762949,1
515,0,10.75,14,8.43002670762949,8.51647704698766,1
515,0,10.75,14,8.51647704698766,8.58244997268248,1
515,0,10.75,14,8.58244997268248,9.31272992201758,1
515,0,10.75,14,9.31272992201758,9.3634127493054,1
515,0,10.75,14,9.3634127493054,9.51444424225815,1
515,0,10.75,14,9.51444424225815,10.1274377002981,1
515,0,10.75,14,10.1274377002981,10.2498172667923,1
515,0,10.75,14,10.2498172667923,10.6680147885259,1
515,0,10.75,14,10.6680147885259,10.75,0
516,0,14.75,21,0,2.79430594900022,1
516,0,14.75,21,2.79430594900022,5.03080974707487,1
516,0,14.75,21,5.03080974707487,5.25915895043607,1
516,0,14.75,21,5.25915895043607,5.78103371643853,1
516,0,14.75,21,5.78103371643853,5.9477672245118,1
516,0,14.75,21,5.9477672245118,8.98709017522803,1
516,0,14.75,21,8.98709017522803,9.1740221779486,1
516,0,14.75,21,9.1740221779486,9.55296775949393,1
516,0,14.75,21,9.55296775949393,9.94477862616094,1
516,0,14.75,21,9.94477862616094,10.3975737054507,1
516,0,14.75,21,10.3975737054507,10.5331245916485,1
516,0,14.75,21,10.5331245916485,10.9346182761992,1
516,0,14.75,21,10.9346182761992,11.6890469752365,1
516,0,14.75,21,11.6890469752365,11.7612502512324,1
516,0,14.75,21,11.7612502512324,11.8637483164688,1
516,0,14.75,21,11.8637483164688,12.1800913382953,1
516,0,14.75,21,12.1800913382953,12.7324699500643,1
516,0,14.75,21,12.7324699500643,13.03438184369,1
516,0,14.75,21,13.03438184369,13.4675751715834,1
516,0,14.75,21,13.4675751715834,14.4858846435452,1
516,0,14.75,21,14.4858846435452,14.565723509969,1
516,0,14.75,21,14.565723509969,14.75,0
517,0,10.75,9,0,5.19060704917197,1
517,0,10.75,9,5.19060704917197,5.22507915674418,1
517,0,10.75,9,5.22507915674418,6.23434113523731,1
517,0,10.75,9,6.23434113523731,6.53306231570419,1
517,0,10.75,9,6.53306231570419,7.85739859928358,1
517,0,10.75,9,7.85739859928358,8.42040423042015,1
517,0,10.75,9,8.42040423042015,9.33583609393524,1
517,0,10.75,9,9.33583609393524,9.41861526045972,1
517,0,10.75,9,9.41861526045972,10.3063678334054,1
517,0,10.75,9,10.3063678334054,10.75,0
518,0,14.75,34,0,2.31727761999648,1
518,0,14.75,34,2.31727761999648,2.83838126862233,1
518,0,14.75,34,2.83838126862233,3.41754037612313,1
518,0,14.75,34,3.41754037612313,6.02297229200397,1
518,0,14.75,34,6.02297229200397,6.11364012513966,1
518,0,14.75,34,6.11364012513966,7.03778742604507,1
518,0,14.75,34,7.03778742604507,7.49226827112216,1
518,0,14.75,34,7.49226827112216,8.13429831840682,1
518,0,14.75,34,8.13429831840682,9.01935105873295,1
518,0,14.75,34,9.01935105873295,9.61550480581408,1
518,0,14.75,34,9.61550480581408,9.7801492670222,1
518,0,14.75,34,9.7801492670222,9.8257618153316,1
518,0,14.75,34,9.8257618153316,10.2651241661038,1
518,0,14.75,34,10.2651241661038,10.7676681316179,1
518,0,14.75,34,10.7676681316179,11.1613420921803,1
518,0,14.75,34,11.1613420921803,11.1845590803982,1
518,0,14.75,34,11.1845590803982,11.4662700785621,1
518,0,14.75,34,11.4662700785621,11.7065362456601,1
518,0,14.75,34,11.7065362456601,12.1064413770999,1
518,0,14.75,34,12.1064413770999,12.2736514930683,1
518,0,14.75,34,12.2736514930683,12.4163073260081,1
518,0,14.75,34,12.4163073260081,12.5859810635434,1
518,0,14.75,34,12.5859810635434,12.6302722360395,1
518,0,14.75,34,12.6302722360395,12.8289861777103,1
518,0,14.75,34,12.8289861777103,13.206151142832,1
518,0,14.75,34,13.206151142832,13.4632645737778,1
518,0,14.75,34,13.4632645737778,13.6048261752244,1
518,0,14.75,34,13.6048261752244,13.8234396125659,1
518,0,14.75,34,13.8234396125659,13.8593145565562,1
518,0,14.75,34,13.8593145565562,14.1967458392863,1
518,0,14.75,34,14.1967458392863,14.3450311643682,1
518,0,14.75,34,14.3450311643682,14.3534694629825,1
518,0,14.75,34,14.3534694629825,14.3989192209258,1
518,0,14.75,34,14.3989192209258,14.6590228781316,1
518,0,14.75,34,14.6590228781316,14.75,0
519,0,9.75,10,0,2.30634397433299,1
519,0,9.75,10,2.30634397433299,2.91575733798489,1
519,0,9.75,10,2.91575733798489,4.5426037372551,1
519,0,9.75,10,4.5426037372551,4.84355195775877,1
519,0,9.75,10,4.84355195775877,7.45085665301379,1
519,0,9.75,10,7.45085665301379,8.20753904040172,1
519,0,9.75,10,8.20753904040172,8.8985595929897,1
519,0,9.75,10,8.8985595929897,9.28592125714377,1
519,0,9.75,10,9.28592125714377,9.44874345503893,1
519,0,9.75,10,9.44874345503893,9.51842369582315,1
519,0,9.75,10,9.51842369582315,9.75,0
520,0,7.75,1,0,0.0986225867328595,1
520,0,7.75,1,0.0986225867328595,7.75,0
521,0,14.75,1,0,1.40098190961093,1
521,0,14.75,1,1.40098190961093,14.75,0
522,0,17.75,4,0,3.44931454292694,1
522,0,17.75,4,3.44931454292694,6.79723279848306,1
522,0,17.75,4,6.79723279848306,9.33695628001582,1
522,0,17.75,4,9.33695628001582,10.6525755802167,1
522,0,17.75,4,10.6525755802167,17.75,0
523,0,12.75,44,0,1.00500457192567,1
523,0,12.75,44,1.00500457192567,4.62881994103537,1
523,0,12.75,44,4.62881994103537,4.79240503579165,1
523,0,12.75,44,4.79240503579165,5.29656388333784,1
523,0,12.75,44,5.29656388333784,5.94473596932736,1
523,0,12.75,44,5.94473596932736,6.05070486747313,1
523,0,12.75,44,6.05070486747313,6.24392475173522,1
523,0,12.75,44,6.24392475173522,7.25105743819021,1
523,0,12.75,44,7.25105743819021,7.43454878750716,1
523,0,12.75,44,7.43454878750716,7.53933294670132,1
523,0,12.75,44,7.53933294670132,7.82747417467443,1
523,0,12.75,44,7.82747417467443,7.99715078947973,1
523,0,12.75,44,7.99715078947973,8.12454007916326,1
523,0,12.75,44,8.12454007916326,8.27189700023326,1
523,0,12.75,44,8.27189700023326,8.31759351760025,1
523,0,12.75,44,8.31759351760025,8.47044080397464,1
523,0,12.75,44,8.47044080397464,9.0351270177786,1
523,0,12.75,44,9.0351270177786,9.20732016019502,1
523,0,12.75,44,9.20732016019502,9.2862062136293,1
523,0,12.75,44,9.2862062136293,9.37876907867048,1
523,0,12.75,44,9.37876907867048,9.60008129764619,1
523,0,12.75,44,9.60008129764619,9.65682720828639,1
523,0,12.75,44,9.65682720828639,9.79110855884656,1
523,0,12.75,44,9.79110855884656,9.84426053760363,1
523,0,12.75,44,9.84426053760363,9.92904166146917,1
523,0,12.75,44,9.92904166146917,10.0106430822058,1
523,0,12.75,44,10.0106430822058,10.0697715416316,1
523,0,12.75,44,10.0697715416316,10.2983358564586,1
523,0,12.75,44,10.2983358564586,10.3091610113096,1
523,0,12.75,44,10.3091610113096,10.5234288849779,1
523,0,12.75,44,10.5234288849779,10.8583635618015,1
523,0,12.75,44,10.8583635618015,10.8696487890605,1
523,0,12.75,44,10.8696487890605,10.9477695331323,1
523,0,12.75,44,10.9477695331323,11.4999232706533,1
523,0,12.75,44,11.4999232706533,11.5922887578195,1
523,0,12.75,44,11.5922887578195,11.5980025184995,1
523,0,12.75,44,11.5980025184995,11.6968154138609,1
523,0,12.75,44,11.6968154138609,11.830295983429,1
523,0,12.75,44,11.830295983429,12.1138466359532,1
523,0,12.75,44,12.1138466359532,12.3110622637847,1
523,0,12.75,44,12.3110622637847,12.3172204437514,1
523,0,12.75,44,12.3172204437514,12.4413301716967,1
523,0,12.75,44,12.4413301716967,12.5877928940509,1
523,0,12.75,44,12.5877928940509,12.7233562971953,1
523,0,12.75,44,12.7233562971953,12.75,0
524,0,16.75,4,0,4.09538751523729,1
524,0,16.75,4,4.09538751523729,4.1606219182277,1
524,0,16.75,4,4.1606219182277,6.69933439970048,1
524,0,16.75,4,6.69933439970048,10.760006195042,1
524,0,16.75,4,10.760006195042,16.75,0
525,0,12.75,0,0,12.75,0
526,0,16.75,24,0,6.55809812622699,1
526,0,16.75,24,6.55809812622699,7.98023347484355,1
526,0,16.75,24,7.98023347484355,8.32477461107399,1
526,0,16.75,24,8.32477461107399,8.61622786711527,1
526,0,16.75,24,8.61622786711527,8.6194906517733,1
526,0,16.75,24,8.6194906517733,8.72146244053736,1
526,0,16.75,24,8.72146244053736,9.45717670538137,1
526,0,16.75,24,9.45717670538137,9.88497357289203,1
526,0,16.75,24,9.88497357289203,10.5311073078228,1
526,0,16.75,24,10.5311073078228,10.972322717761,1
526,0,16.75,24,10.972322717761,11.6864874826285,1
526,0,16.75,24,11.6864874826285,12.8294939106453,1
526,0,16.75,24,12.8294939106453,13.0689097495064,1
526,0,16.75,24,13.0689097495064,13.9095420000171,1
526,0,16.75,24,13.9095420000171,14.3538707903428,1
526,0,16.75,24,14.3538707903428,14.5719270181018,1
526,0,16.75,24,14.5719270181018,14.8654329030492,1
526,0,16.75,24,14.8654329030492,14.8784078829962,1
526,0,16.75,24,14.8784078829962,15.3999626714517,1
526,0,16.75,24,15.3999626714517,15.4540037913819,1
526,0,16.75,24,15.4540037913819,15.6658786459657,1
526,0,16.75,24,15.6658786459657,15.745044176576,1
526,0,16.75,24,15.745044176576,15.7645509370257,1
526,0,16.75,24,15.7645509370257,16.7175840542003,1
526,0,16.75,24,16.7175840542003,16.75,0
527,0,19.75,66,0,5.9241585417218,1
527,0,19.75,66,5.9241585417218,6.22852846173505,1
527,0,19.75,66,6.22852846173505,7.56965481296968,1
527,0,19.75,66,7.56965481296968,7.91672197548509,1
527,0,19.75,66,7.91672197548509,8.62705107293041,1
527,0,19.75,66,8.62705107293041,8.65387534561885,1
527,0,19.75,66,8.65387534561885,9.37897142408806,1
527,0,19.75,66,9.37897142408806,9.55907462349484,1
527,0,19.75,66,9.55907462349484,9.56644203664155,1
527,0,19.75,66,9.56644203664155,9.58092225812846,1
527,0,19.75,66,9.58092225812846,9.69068255546069,1
527,0,19.75,66,9.69068255546069,9.71735370818526,1
527,0,19.75,66,9.71735370818526,9.75490135590029,1
527,0,19.75,66,9.75490135590029,10.2595698226452,1
527,0,19.75,66,10.2595698226452,10.4407702589531,1
527,0,19.75,66,10.4407702589531,11.0031952954902,1
527,0,19.75,66,11.0031952954902,11.3314038048876,1
527,0,19.75,66,11.3314038048876,11.7529012130538,1
527,0,19.75,66,11.7529012130538,11.8090151929308,1
527,0,19.75,66,11.8090151929308,11.9131320946776,1
527,0,19.75,66,11.9131320946776,11.9968728617939,1
527,0,19.75,66,11.9968728617939,12.3904250781874,1
527,0,19.75,66,12.3904250781874,12.4119973537905,1
527,0,19.75,66,12.4119973537905,12.7990234792898,1
527,0,19.75,66,12.7990234792898,12.834824656183,1
527,0,19.75,66,12.834824656183,12.8922356161689,1
527,0,19.75,66,12.8922356161689,12.9566854385613,1
527,0,19.75,66,12.9566854385613,13.6718926737044,1
527,0,19.75,66,13.6718926737044,14.0790127689306,1
527,0,19.75,66,14.0790127689306,14.1081197642849,1
527,0,19.75,66,14.1081197642849,14.1393148383693,1
527,0,19.75,66,14.1393148383693,14.3374857941163,1
527,0,19.75,66,14.3374857941163,14.727297046503,1
527,0,19.75,66,14.727297046503,14.7349131500785,1
527,0,19.75,66,14.7349131500785,14.8299467226974,1
527,0,19.75,66,14.8299467226974,14.8363717411916,1
527,0,19.75,66,14.8363717411916,15.4500220612387,1
527,0,19.75,66,15.4500220612387,15.5500905989057,1
527,0,19.75,66,15.5500905989057,15.6991744680888,1
527,0,19.75,66,15.6991744680888,15.7059636389687,1
527,0,19.75,66,15.7059636389687,15.9672744350186,1
527,0,19.75,66,15.9672744350186,16.0773975832452,1
527,0,19.75,66,16.0773975832452,16.3895259063235,1
527,0,19.75,66,16.3895259063235,16.5650504312373,1
527,0,19.75,66,16.5650504312373,16.6430143676495,1
527,0,19.75,66,16.6430143676495,16.7089591730164,1
527,0,19.75,66,16.7089591730164,16.7486861559836,1
527,0,19.75,66,16.7486861559836,16.8378101670473,1
527,0,19.75,66,16.8378101670473,17.0330490001116,1
527,0,19.75,66,17.0330490001116,17.2192537295327,1
527,0,19.75,66,17.2192537295327,17.2527883154338,1
527,0,19.75,66,17.2527883154338,17.4255990526201,1
527,0,19.75,66,17.4255990526201,17.48200705945,1
527,0,19.75,66,17.48200705945,17.5228720837066,1
527,0,19.75,66,17.5228720837066,17.5888606044128,1
527,0,19.75,66,17.5888606044128,17.6803766827882,1
527,0,19.75,66,17.6803766827882,17.795957229136,1
527,0,19.75,66,17.795957229136,17.8707334311286,1
527,0,19.75,66,17.8707334311286,18.3230158913776,1
527,0,19.75,66,18.3230158913776,18.7374091150271,1
527,0,19.75,66,18.7374091150271,18.9204486868278,1
527,0,19.75,66,18.9204486868278,19.0480228442798,1
527,0,19.75,66,19.0480228442798,19.0671404863207,1
527,0,19.75,66,19.0671404863207,19.408148175044,1
527,0,19.75,66,19.408148175044,19.4187007152988,1
527,0,19.75,66,19.4187007152988,19.4698512777421,1
527,0,19.75,66,19.4698512777421,19.75,0
528,0,10.75,1,0,10.7324135569842,1
528,0,10.75,1,10.7324135569842,10.75,0
529,0,14.75,1,0,7.7596274808335,1
529,0,14.75,1,7.7596274808335,14.75,0
530,0,16.75,1,0,4.99253303017047,1
530,0,16.75,1,4.99253303017047,16.75,0
531,0,9.75,0,0,9.75,0
532,0,17.75,2,0,0.225395936314403,1
532,0,17.75,2,0.225395936314403,0.727169225172209,1
532,0,17.75,2,0.727169225172209,17.75,0
533,0,9.75,0,0,9.75,0
534,0,15.75,0,0,15.75,0
535,0,16.75,30,0,3.22254791297647,1
535,0,16.75,30,3.22254791297647,4.28644894736718,1
535,0,16.75,30,4.28644894736718,6.25889803626631,1
535,0,16.75,30,6.25889803626631,7.70915819769861,1
535,0,16.75,30,7.70915819769861,8.57977615264238,1
535,0,16.75,30,8.57977615264238,8.64876597946295,1
535,0,16.75,30,8.64876597946295,8.88086821550791,1
535,0,16.75,30,8.88086821550791,8.98094082062161,1
535,0,16.75,30,8.98094082062161,9.55462697894337,1
535,0,16.75,30,9.55462697894337,9.70382677099887,1
535,0,16.75,30,9.70382677099887,9.7412909132149,1
535,0,16.75,30,9.7412909132149,11.2410189437104,1
535,0,16.75,30,11.2410189437104,11.7157414523926,1
535,0,16.75,30,11.7157414523926,11.7669930636696,1
535,0,16.75,30,11.7669930636696,11.9425509053214,1
535,0,16.75,30,11.9425509053214,12.5162192526176,1
535,0,16.75,30,12.5162192526176,12.6474893308485,1
535,0,16.75,30,12.6474893308485,13.1032096640913,1
535,0,16.75,30,13.1032096640913,13.3313577365859,1
535,0,16.75,30,13.3313577365859,13.5938592764366,1
535,0,16.75,30,13.5938592764366,14.0064405563538,1
535,0,16.75,30,14.0064405563538,14.2183892078665,1
535,0,16.75,30,14.2183892078665,14.5261126072806,1
535,0,16.75,30,14.5261126072806,14.8232654129721,1
535,0,16.75,30,14.8232654129721,14.9497600225776,1
535,0,16.75,30,14.9497600225776,15.2371268947078,1
535,0,16.75,30,15.2371268947078,16.3760628197137,1
535,0,16.75,30,16.3760628197137,16.4019057424023,1
535,0,16.75,30,16.4019057424023,16.5235826382827,1
535,0,16.75,30,16.5235826382827,16.6584944184761,1
535,0,16.75,30,16.6584944184761,16.75,0
536,0,13.75,12,0,4.31078590530825,1
536,0,13.75,12,4.31078590530825,4.52644231428497,1
536,0,13.75,12,4.52644231428497,4.53929092487346,1
536,0,13.75,12,4.53929092487346,7.07948522243053,1
536,0,13.75,12,7.07948522243053,7.56546825159853,1
536,0,13.75,12,7.56546825159853,8.56476955062585,1
536,0,13.75,12,8.56476955062585,12.1111773539821,1
536,0,13.75,12,12.1111773539821,12.9401717401427,1
536,0,13.75,12,12.9401717401427,13.4033173171569,1
536,0,13.75,12,13.4033173171569,13.4070058278854,1
536,0,13.75,12,13.4070058278854,13.4106489522839,1
536,0,13.75,12,13.4106489522839,13.5541624671395,1
536,0,13.75,12,13.5541624671395,13.75,0
537,0,11.75,2,0,1.0449560987914,1
537,0,11.75,2,1.0449560987914,3.79728487548111,1
537,0,11.75,2,3.79728487548111,11.75,0
538,0,11.75,1,0,0.524264568366672,1
538,0,11.75,1,0.524264568366672,11.75,0
539,0,11.75,12,0,4.49182286447363,1
539,0,11.75,12,4.49182286447363,5.98501075628404,1
539,0,11.75,12,5.98501075628404,9.18239228715049,1
539,0,11.75,12,9.18239228715049,9.50238670342325,1
539,0,11.75,12,9.50238670342325,10.1595285897297,1
539,0,11.75,12,10.1595285897297,10.2837970429151,1
539,0,11.75,12,10.2837970429151,10.4373113092131,1
539,0,11.75,12,10.4373113092131,11.2689681036624,1
539,0,11.75,12,11.2689681036624,11.3490405712978,1
539,0,11.75,12,11.3490405712978,11.4570889699458,1
539,0,11.75,12,11.4570889699458,11.5339230918858,1
539,0,11.75,12,11.5339230918858,11.7044538851233,1
539,0,11.75,12,11.7044538851233,11.75,0
540,0,16.75,3,0,3.01126066794801,1
540,0,16.75,3,3.01126066794801,10.3427722667033,1
540,0,16.75,3,10.3427722667033,12.3087320275625,1
540,0,16.75,3,12.3087320275625,16.75,0
541,0,15.75,2,0,1.43138777946969,1
541,0,15.75,2,1.43138777946969,13.7670076116342,1
541,0,15.75,2,13.7670076116342,15.75,0
542,0,17.75,3,0,0.510100701055702,1
542,0,17.75,3,0.510100701055702,4.0104021721188,1
542,0,17.75,3,4.0104021721188,5.14491810182285,1
542,0,17.75,3,5.14491810182285,17.75,0
543,0,19.75,0,0,19.75,0
544,0,11.75,1,0,8.37421513595658,1
544,0,11.75,1,8.37421513595658,11.75,0
545,0,8.75,10,0,6.00485954312772,1
545,0,8.75,10,6.00485954312772,6.65842957475179,1
545,0,8.75,10,6.65842957475179,6.69418688452434,1
545,0,8.75,10,6.69418688452434,6.80682496083918,1
545,0,8.75,10,6.80682496083918,7.34031764894966,1
545,0,8.75,10,7.34031764894966,7.36400151003062,1
545,0,8.75,10,7.36400151003062,7.69889756262053,1
545,0,8.75,10,7.69889756262053,8.22843175043489,1
545,0,8.75,10,8.22843175043489,8.42542291847373,1
545,0,8.75,10,8.42542291847373,8.47795030953059,1
545,0,8.75,10,8.47795030953059,8.75,0
546,0,15.75,1,0,7.09007898202068,1
546,0,15.75,1,7.09007898202068,15.75,0
547,0,15.75,1,0,0.139060080526681,1
547,0,15.75,1,0.139060080526681,15.75,0
548,0,19.75,1,0,0.0352848452289796,1
548,0,19.75,1,0.0352848452289796,19.75,0
549,0,15.75,28,0,1.2922389826699,1
549,0,15.75,28,1.2922389826699,5.95624862902408,1
549,0,15.75,28,5.95624862902408,7.56375255915994,1
549,0,15.75,28,7.56375255915994,8.1907495031459,1
549,0,15.75,28,8.1907495031459,8.46685132033941,1
549,0,15.75,28,8.46685132033941,9.23841951032653,1
549,0,15.75,28,9.23841951032653,9.97305549631371,1
549,0,15.75,28,9.97305549631371,10.4022662196712,1
549,0,15.75,28,10.4022662196712,10.6444950997926,1
549,0,15.75,28,10.6444950997926,10.8762361063737,1
549,0,15.75,28,10.8762361063737,11.1070114424508,1
549,0,15.75,28,11.1070114424508,11.2034375958685,1
549,0,15.75,28,11.2034375958685,11.3275244247924,1
549,0,15.75,28,11.3275244247924,11.6705228731687,1
549,0,15.75,28,11.6705228731687,11.873536376854,1
549,0,15.75,28,11.873536376854,11.8958204214248,1
549,0,15.75,28,11.8958204214248,12.7013446040434,1
549,0,15.75,28,12.7013446040434,12.7675064503579,1
549,0,15.75,28,12.7675064503579,12.8648804285978,1
549,0,15.75,28,12.8648804285978,13.6585344316433,1
549,0,15.75,28,13.6585344316433,13.8091541182618,1
549,0,15.75,28,13.8091541182618,14.2728687844388,1
549,0,15.75,28,14.2728687844388,14.4538721852681,1
549,0,15.75,28,14.4538721852681,14.5294882795135,1
549,0,15.75,28,14.5294882795135,15.1576289786822,1
549,0,15.75,28,15.1576289786822,15.4876632861123,1
549,0,15.75,28,15.4876632861123,15.6155729309758,1
549,0,15.75,28,15.6155729309758,15.706730361125,1
549,0,15.75,28,15.706730361125,15.75,0
550,0,12.75,20,0,5.56267707630189,1
550,0,12.75,20,5.56267707630189,6.57996656088333,1
550,0,12.75,20,6.57996656088333,6.78119653374388,1
550,0,12.75,20,6.78119653374388,6.91023771558285,1
550,0,12.75,20,6.91023771558285,6.99039240251506,1
550,0,12.75,20,6.99039240251506,7.40419211716025,1
550,0,12.75,20,7.40419211716025,8.4811523395764,1
550,0,12.75,20,8.4811523395764,8.95223683069121,1
550,0,12.75,20,8.95223683069121,9.27609220976693,1
550,0,12.75,20,9.27609220976693,10.2196640715289,1
550,0,12.75,20,10.2196640715289,10.4838674021235,1
550,0,12.75,20,10.4838674021235,10.6128285134668,1
550,0,12.75,20,10.6128285134668,10.8052383610896,1
550,0,12.75,20,10.8052383610896,11.4981676424667,1
550,0,12.75,20,11.4981676424667,11.6604183959422,1
550,0,12.75,20,11.6604183959422,11.7397747575186,1
550,0,12.75,20,11.7397747575186,11.8554224246124,1
550,0,12.75,20,11.8554224246124,12.2718421270918,1
550,0,12.75,20,12.2718421270918,12.2751070455163,1
550,0,12.75,20,12.2751070455163,12.6003928755003,1
550,0,12.75,20,12.6003928755003,12.75,0
551,0,17.75,1,0,1.1309596727642,1
551,0,17.75,1,1.1309596727642,17.75,0
552,0,7.75,6,0,3.31262594194161,1
552,0,7.75,6,3.31262594194161,3.96637909393017,1
552,0,7.75,6,3.96637909393017,4.81107383689391,1
552,0,7.75,6,4.81107383689391,5.58591763834047,1
552,0,7.75,6,5.58591763834047,5.66274021230129,1
552,0,7.75,6,5.66274021230129,6.71498730933917,1
552,0,7.75,6,6.71498730933917,7.75,0
553,0,12.75,24,0,2.21546982923617,1
553,0,12.75,24,2.21546982923617,4.81761280719666,1
553,0,12.75,24,4.81761280719666,5.98437725350323,1
553,0,12.75,24,5.98437725350323,6.53253375497263,1
553,0,12.75,24,6.53253375497263,6.76016218966819,1
553,0,12.75,24,6.76016218966819,6.92275752334268,1
553,0,12.75,24,6.92275752334268,7.10838906368758,1
553,0,12.75,24,7.10838906368758,7.58109819515641,1
553,0,12.75,24,7.58109819515641,7.6812699248394,1
553,0,12.75,24,7.6812699248394,7.96556995580812,1
553,0,12.75,24,7.96556995580812,7.97145353460031,1
553,0,12.75,24,7.97145353460031,8.06333003171212,1
553,0,12.75,24,8.06333003171212,8.32131058868289,1
553,0,12.75,24,8.32131058868289,8.52768396023919,1
553,0,12.75,24,8.52768396023919,8.60254609155126,1
553,0,12.75,24,8.60254609155126,8.8016316286301,1
553,0,12.75,24,8.8016316286301,9.58707944678727,1
553,0,12.75,24,9.58707944678727,9.74611190107293,1
553,0,12.75,24,9.74611190107293,10.5232708784541,1
553,0,12.75,24,10.5232708784541,11.1222184050267,1
553,0,12.75,24,11.1222184050267,11.264708609753,1
553,0,12.75,24,11.264708609753,11.6823116884709,1
553,0,12.75,24,11.6823116884709,11.8494868818286,1
553,0,12.75,24,11.8494868818286,12.3503091198253,1
553,0,12.75,24,12.3503091198253,12.75,0
554,0,16.75,39,0,4.3080559032872,1
554,0,16.75,39,4.3080559032872,4.69878696047918,1
554,0,16.75,39,4.69878696047918,5.0344840957986,1
554,0,16.75,39,5.0344840957986,6.30250881939764,1
554,0,16.75,39,6.30250881939764,6.42010013338237,1
554,0,16.75,39,6.42010013338237,6.62818905634024,1
554,0,16.75,39,6.62818905634024,7.52142392810351,1
554,0,16.75,39,7.52142392810351,9.36187858698022,1
554,0,16.75,39,9.36187858698022,9.37390164085694,1
554,0,16.75,39,9.37390164085694,9.45746177022842,1
554,0,16.75,39,9.45746177022842,9.89314666322413,1
554,0,16.75,39,9.89314666322413,9.95618153426039,1
554,0,16.75,39,9.95618153426039,10.1713310474267,1
554,0,16.75,39,10.1713310474267,10.3378071551952,1
554,0,16.75,39,10.3378071551952,10.4041931713168,1
554,0,16.75,39,10.4041931713168,10.8208459953677,1
554,0,16.75,39,10.8208459953677,11.0027307883849,1
554,0,16.75,39,11.0027307883849,11.3418828110675,1
554,0,16.75,39,11.3418828110675,11.5656838352883,1
554,0,16.75,39,11.5656838352883,12.0897923564729,1
554,0,16.75,39,12.0897923564729,12.3324669644017,1
554,0,16.75,39,12.3324669644017,12.5644122105163,1
554,0,16.75,39,12.5644122105163,13.1069936805703,1
554,0,16.75,39,13.1069936805703,13.5751312493861,1
554,0,16.75,39,13.5751312493861,13.6303721174155,1
554,0,16.75,39,13.6303721174155,13.7175578203829,1
554,0,16.75,39,13.7175578203829,13.8528365641279,1
554,0,16.75,39,13.8528365641279,14.0629583694291,1
554,0,16.75,39,14.0629583694291,14.3004543224824,1
554,0,16.75,39,14.3004543224824,14.5390596983699,1
554,0,16.75,39,14.5390596983699,14.5749390051233,1
554,0,16.75,39,14.5749390051233,15.1180399411821,1
554,0,16.75,39,15.1180399411821,15.3070624269967,1
554,0,16.75,39,15.3070624269967,15.9408025774419,1
554,0,16.75,39,15.9408025774419,16.0235732033861,1
554,0,16.75,39,16.0235732033861,16.1303315984506,1
554,0,16.75,39,16.1303315984506,16.2132979130455,1
554,0,16.75,39,16.2132979130455,16.430425277124,1
554,0,16.75,39,16.430425277124,16.4497459208647,1
554,0,16.75,39,16.4497459208647,16.75,0
555,0,13.75,21,0,3.71339786262273,1
555,0,13.75,21,3.71339786262273,5.54739052333682,1
555,0,13.75,21,5.54739052333682,6.02605252820885,1
555,0,13.75,21,6.02605252820885,7.84263566406176,1
555,0,13.75,21,7.84263566406176,7.85530014484735,1
555,0,13.75,21,7.85530014484735,8.19640687687432,1
555,0,13.75,21,8.19640687687432,8.78125632080273,1
555,0,13.75,21,8.78125632080273,9.48309686793149,1
555,0,13.75,21,9.48309686793149,9.87568292836382,1
555,0,13.75,21,9.87568292836382,10.140779815525,1
555,0,13.75,21,10.140779815525,11.7678496816863,1
555,0,13.75,21,11.7678496816863,11.837841330228,1
555,0,13.75,21,11.837841330228,11.9560420610409,1
555,0,13.75,21,11.9560420610409,12.3340686782387,1
555,0,13.75,21,12.3340686782387,12.4485497100858,1
555,0,13.75,21,12.4485497100858,13.0544802461213,1
555,0,13.75,21,13.0544802461213,13.312955243609,1
555,0,13.75,21,13.312955243609,13.3368450077104,1
555,0,13.75,21,13.3368450077104,13.4447600760628,1
555,0,13.75,21,13.4447600760628,13.5893342823524,1
555,0,13.75,21,13.5893342823524,13.6627334651875,1
555,0,13.75,21,13.6627334651875,13.75,0
556,0,17.75,7,0,0.353960139368975,1
556,0,17.75,7,0.353960139368975,4.37078062883729,1
556,0,17.75,7,4.37078062883729,4.41241459036192,1
556,0,17.75,7,4.41241459036192,6.41128244116157,1
556,0,17.75,7,6.41128244116157,6.91500246019372,1
556,0,17.75,7,6.91500246019372,9.09869231956812,1
556,0,17.75,7,9.09869231956812,16.6020833102047,1
556,0,17.75,7,16.6020833102047,17.75,0
557,0,15.75,39,0,3.09148786285436,1
557,0,15.75,39,3.09148786285436,4.72319556568289,1
557,0,15.75,39,4.72319556568289,4.88260125861625,1
557,0,15.75,39,4.88260125861625,5.59047387921455,1
557,0,15.75,39,5.59047387921455,5.81882800945644,1
557,0,15.75,39,5.81882800945644,6.35795164389128,1
557,0,15.75,39,6.35795164389128,6.39238381390116,1
557,0,15.75,39,6.39238381390116,6.70936339867254,1
557,0,15.75,39,6.70936339867254,7.75570230881301,1
557,0,15.75,39,7.75570230881301,7.86737283924487,1
557,0,15.75,39,7.86737283924487,8.41653691680222,1
557,0,15.75,39,8.41653691680222,8.49634815401679,1
557,0,15.75,39,8.49634815401679,8.5381879326308,1
557,0,15.75,39,8.5381879326308,9.78760807232198,1
557,0,15.75,39,9.78760807232198,9.90252525496259,1
557,0,15.75,39,9.90252525496259,10.4823735195791,1
557,0,15.75,39,10.4823735195791,10.596577239513,1
557,0,15.75,39,10.596577239513,10.8969406515432,1
557,0,15.75,39,10.8969406515432,11.1963096600139,1
557,0,15.75,39,11.1963096600139,11.5692966832991,1
557,0,15.75,39,11.5692966832991,11.7332767876543,1
557,0,15.75,39,11.7332767876543,12.4847177174986,1
557,0,15.75,39,12.4847177174986,12.9874391914577,1
557,0,15.75,39,12.9874391914577,13.660462845696,1
557,0,15.75,39,13.660462845696,13.747551144354,1
557,0,15.75,39,13.747551144354,13.7919499584608,1
557,0,15.75,39,13.7919499584608,13.9346217954248,1
557,0,15.75,39,13.9346217954248,14.078387192068,1
557,0,15.75,39,14.078387192068,14.1119836259016,1
557,0,15.75,39,14.1119836259016,14.2142517179328,1
557,0,15.75,39,14.2142517179328,14.2881594103747,1
557,0,15.75,39,14.2881594103747,14.7183214394252,1
557,0,15.75,39,14.7183214394252,14.7574191337915,1
557,0,15.75,39,14.7574191337915,14.8689794615602,1
557,0,15.75,39,14.8689794615602,14.9780221314952,1
557,0,15.75,39,14.9780221314952,15.0955840781812,1
557,0,15.75,39,15.0955840781812,15.1296081471333,1
557,0,15.75,39,15.1296081471333,15.2466051650772,1
557,0,15.75,39,15.2466051650772,15.6960796869834,1
557,0,15.75,39,15.6960796869834,15.75,0
558,0,12.75,7,0,0.119914554791329,1
558,0,12.75,7,0.119914554791329,0.188910713929416,1
558,0,12.75,7,0.188910713929416,0.756673143148745,1
558,0,12.75,7,0.756673143148745,4.31016635021711,1
558,0,12.75,7,4.31016635021711,4.95299002513003,1
558,0,12.75,7,4.95299002513003,6.92060053178054,1
558,0,12.75,7,6.92060053178054,9.10625577517565,1
558,0,12.75,7,9.10625577517565,12.75,0
559,0,8.75,4,0,2.17147191389254,1
559,0,8.75,4,2.17147191389254,3.88863408163693,1
559,0,8.75,4,3.88863408163693,6.63081352654655,1
559,0,8.75,4,6.63081352654655,7.31487689570891,1
559,0,8.75,4,7.31487689570891,8.75,0
560,0,9.75,2,0,2.0798862868765,1
560,0,9.75,2,2.0798862868765,2.97495110590478,1
560,0,9.75,2,2.97495110590478,9.75,0
561,0,18.75,2,0,0.0288102154774428,1
561,0,18.75,2,0.0288102154774428,17.1025337986597,1
561,0,18.75,2,17.1025337986597,18.75,0
562,0,15.75,4,0,6.10007827327893e-05,1
562,0,15.75,4,6.10007827327893e-05,0.741639574599674,1
562,0,15.75,4,0.741639574599674,12.129154053271,1
562,0,15.75,4,12.129154053271,12.469382392224,1
562,0,15.75,4,12.469382392224,15.75,0
563,0,18.75,2,0,2.28230805007406,1
563,0,18.75,2,2.28230805007406,4.80957758809639,1
563,0,18.75,2,4.80957758809639,18.75,0
564,0,15.75,3,0,0.114102316882033,1
564,0,15.75,3,0.114102316882033,0.899866932300084,1
564,0,15.75,3,0.899866932300084,14.4590205690079,1
564,0,15.75,3,14.4590205690079,15.75,0
565,0,15.75,28,0,4.83006589010114,1
565,0,15.75,28,4.83006589010114,5.06126474957832,1
565,0,15.75,28,5.06126474957832,7.32388601029161,1
565,0,15.75,28,7.32388601029161,7.62705544694992,1
565,0,15.75,28,7.62705544694992,7.73318753212933,1
565,0,15.75,28,7.73318753212933,8.07416060037818,1
565,0,15.75,28,8.07416060037818,9.16896667420296,1
565,0,15.75,28,9.16896667420296,10.4119254492489,1
565,0,15.75,28,10.4119254492489,10.5023152182972,1
565,0,15.75,28,10.5023152182972,10.6893407417092,1
565,0,15.75,28,10.6893407417092,11.7780251298258,1
565,0,15.75,28,11.7780251298258,11.906471280664,1
565,0,15.75,28,11.906471280664,11.9347555667593,1
565,0,15.75,28,11.9347555667593,12.2179819777208,1
565,0,15.75,28,12.2179819777208,12.6573540578392,1
565,0,15.75,28,12.6573540578392,12.8625033346271,1
565,0,15.75,28,12.8625033346271,13.1486846756924,1
565,0,15.75,28,13.1486846756924,13.208062685888,1
565,0,15.75,28,13.208062685888,13.5365196037093,1
565,0,15.75,28,13.5365196037093,13.616547495386,1
565,0,15.75,28,13.616547495386,13.7677995105035,1
565,0,15.75,28,13.7677995105035,14.0321607872047,1
565,0,15.75,28,14.0321607872047,14.1302068492985,1
565,0,15.75,28,14.1302068492985,14.9797888542473,1
565,0,15.75,28,14.9797888542473,15.2803079613732,1
565,0,15.75,28,15.2803079613732,15.3306584645018,1
565,0,15.75,28,15.3306584645018,15.5966310588197,1
565,0,15.75,28,15.5966310588197,15.6272749724275,1
565,0,15.75,28,15.6272749724275,15.75,0
566,0,15.75,1,0,1.91409799230911,1
566,0,15.75,1,1.91409799230911,15.75,0
567,0,15.75,27,0,1.96571151791834,1
567,0,15.75,27,1.96571151791834,3.75546292572137,1
567,0,15.75,27,3.75546292572137,3.85275426255706,1
567,0,15.75,27,3.85275426255706,5.48135838481835,1
567,0,15.75,27,5.48135838481835,7.10613750871914,1
567,0,15.75,27,7.10613750871914,8.20900972993734,1
567,0,15.75,27,8.20900972993734,8.42149253341345,1
567,0,15.75,27,8.42149253341345,8.42375368861659,1
567,0,15.75,27,8.42375368861659,8.52138612910186,1
567,0,15.75,27,8.52138612910186,9.09992299946035,1
567,0,15.75,27,9.09992299946035,9.97575205847859,1
567,0,15.75,27,9.97575205847859,10.5862909298874,1
567,0,15.75,27,10.5862909298874,11.5002636598596,1
567,0,15.75,27,11.5002636598596,12.1274426512663,1
567,0,15.75,27,12.1274426512663,12.1820279269756,1
567,0,15.75,27,12.1820279269756,12.4700640892384,1
567,0,15.75,27,12.4700640892384,12.5120387876807,1
567,0,15.75,27,12.5120387876807,12.8298385999429,1
567,0,15.75,27,12.8298385999429,12.934900308881,1
567,0,15.75,27,12.934900308881,13.1835100264658,1
567,0,15.75,27,13.1835100264658,13.749057374645,1
567,0,15.75,27,13.749057374645,14.271474475208,1
567,0,15.75,27,14.271474475208,14.382989673614,1
567,0,15.75,27,14.382989673614,14.4763333539966,1
567,0,15.75,27,14.4763333539966,14.609277411039,1
567,0,15.75,27,14.609277411039,15.1180864388135,1
567,0,15.75,27,15.1180864388135,15.6091406367148,1
567,0,15.75,27,15.6091406367148,15.75,0
568,0,12.75,28,0,2.93181375202023,1
568,0,12.75,28,2.93181375202023,3.4976633803719,1
568,0,12.75,28,3.4976633803719,4.32962610580825,1
568,0,12.75,28,4.32962610580825,4.68332343758924,1
568,0,12.75,28,4.68332343758924,5.0990266426886,1
568,0,12.75,28,5.0990266426886,5.56017342362605,1
568,0,12.75,28,5.56017342362605,6.23624455753493,1
568,0,12.75,28,6.23624455753493,6.99256923928919,1
568,0,12.75,28,6.99256923928919,7.08765713076101,1
568,0,12.75,28,7.08765713076101,7.1890427357249,1
568,0,12.75,28,7.1890427357249,7.8829488425878,1
568,0,12.75,28,7.8829488425878,8.0723518421026,1
568,0,12.75,28,8.0723518421026,8.71604132422007,1
568,0,12.75,28,8.71604132422007,9.07408627093137,1
568,0,12.75,28,9.07408627093137,9.18306532732275,1
568,0,12.75,28,9.18306532732275,9.19537200181676,1
568,0,12.75,28,9.19537200181676,9.59136465683184,1
568,0,12.75,28,9.59136465683184,9.60960469542147,1
568,0,12.75,28,9.60960469542147,9.63904251119884,1
568,0,12.75,28,9.63904251119884,9.75852338592685,1
568,0,12.75,28,9.75852338592685,10.7798946883926,1
568,0,12.75,28,10.7798946883926,10.8148978965666,1
568,0,12.75,28,10.8148978965666,11.2631710736412,1
568,0,12.75,28,11.2631710736412,11.5710628568976,1
568,0,12.75,28,11.5710628568976,12.1346154606329,1
568,0,12.75,28,12.1346154606329,12.2883781970311,1
568,0,12.75,28,12.2883781970311,12.382196845367,1
568,0,12.75,28,12.382196845367,12.4181470622546,1
568,0,12.75,28,12.4181470622546,12.75,0
569,0,15.75,4,0,9.78201423294045,1
569,0,15.75,4,9.78201423294045,12.7303723529949,1
569,0,15.75,4,12.7303723529949,14.0400990581853,1
569,0,15.75,4,14.0400990581853,14.4940573485097,1
569,0,15.75,4,14.4940573485097,15.75,0
570,0,14.75,32,0,3.44001303964879,1
570,0,14.75,32,3.44001303964879,3.57638064879148,1
570,0,14.75,32,3.57638064879148,4.38234524050512,1
570,0,14.75,32,4.38234524050512,6.68795138004912,1
570,0,14.75,32,6.68795138004912,7.30898282712091,1
570,0,14.75,32,7.30898282712091,7.52227552899966,1
570,0,14.75,32,7.52227552899966,7.85379931357899,1
570,0,14.75,32,7.85379931357899,9.50993849636067,1
570,0,14.75,32,9.50993849636067,9.55907605298241,1
570,0,14.75,32,9.55907605298241,9.78477236731973,1
570,0,14.75,32,9.78477236731973,10.2284060834917,1
570,0,14.75,32,10.2284060834917,10.2946707003989,1
570,0,14.75,32,10.2946707003989,10.6085574900373,1
570,0,14.75,32,10.6085574900373,10.9859640887153,1
570,0,14.75,32,10.9859640887153,11.0411512517578,1
570,0,14.75,32,11.0411512517578,11.3959437073369,1
570,0,14.75,32,11.3959437073369,11.6490796215937,1
570,0,14.75,32,11.6490796215937,11.8342763309636,1
570,0,14.75,32,11.8342763309636,11.8618990656169,1
570,0,14.75,32,11.8618990656169,12.0175303404178,1
570,0,14.75,32,12.0175303404178,12.3323151361077,1
570,0,14.75,32,12.3323151361077,12.5235872771211,1
570,0,14.75,32,12.5235872771211,12.6756296230656,1
570,0,14.75,32,12.6756296230656,12.6876948627772,1
570,0,14.75,32,12.6876948627772,13.5311462560497,1
570,0,14.75,32,13.5311462560497,13.5401375508633,1
570,0,14.75,32,13.5401375508633,13.5832681983979,1
570,0,14.75,32,13.5832681983979,13.8546969658609,1
570,0,14.75,32,13.8546969658609,14.1295775331897,1
570,0,14.75,32,14.1295775331897,14.278453045324,1
570,0,14.75,32,14.278453045324,14.4249531393724,1
570,0,14.75,32,14.4249531393724,14.568472814827,1
570,0,14.75,32,14.568472814827,14.75,0
571,0,11.75,10,0,4.03036826579416,1
571,0,11.75,10,4.03036826579416,6.57565922761398,1
571,0,11.75,10,6.57565922761398,6.76995485937956,1
571,0,11.75,10,6.76995485937956,7.25714196612579,1
571,0,11.75,10,7.25714196612579,8.66192103678727,1
571,0,11.75,10,8.66192103678727,9.19902319480676,1
571,0,11.75,10,9.19902319480676,9.31835608975102,1
571,0,11.75,10,9.31835608975102,10.5985082657237,1
571,0,11.75,10,10.5985082657237,11.4105492702802,1
571,0,11.75,10,11.4105492702802,11.5559140602156,1
571,0,11.75,10,11.5559140602156,11.75,0
572,0,17.75,0,0,17.75,0
573,0,10.75,10,0,2.29644935927765,1
573,0,10.75,10,2.29644935927765,3.72593784791069,1
573,0,10.75,10,3.72593784791069,3.91550311595915,1
573,0,10.75,10,3.91550311595915,4.83537211242333,1
573,0,10.75,10,4.83537211242333,6.79389825376637,1
573,0,10.75,10,6.79389825376637,7.03924538172392,1
573,0,10.75,10,7.03924538172392,8.39940227630194,1
573,0,10.75,10,8.39940227630194,8.79188008814472,1
573,0,10.75,10,8.79188008814472,9.36689872162824,1
573,0,10.75,10,9.36689872162824,9.66028261824224,1
573,0,10.75,10,9.66028261824224,10.75,0
574,0,8.75,9,0,1.14760835173864,1
574,0,8.75,9,1.14760835173864,4.29409438382426,1
574,0,8.75,9,4.29409438382426,5.44664080743355,1
574,0,8.75,9,5.44664080743355,6.45226034462662,1
574,0,8.75,9,6.45226034462662,6.57866034957027,1
574,0,8.75,9,6.57866034957027,7.06070823287047,1
574,0,8.75,9,7.06070823287047,7.73928885440475,1
574,0,8.75,9,7.73928885440475,8.15310103146395,1
574,0,8.75,9,8.15310103146395,8.30854041969707,1
574,0,8.75,9,8.30854041969707,8.75,0
575,0,9.75,0,0,9.75,0
576,0,19.75,1,0,2.95209665893976,1
576,0,19.75,1,2.95209665893976,19.75,0
577,0,10.75,8,0,4.32974566878523,1
577,0,10.75,8,4.32974566878523,5.83772881626074,1
577,0,10.75,8,5.83772881626074,5.95728706811075,1
577,0,10.75,8,5.95728706811075,7.75757280772718,1
577,0,10.75,8,7.75757280772718,8.43160517842035,1
577,0,10.75,8,8.43160517842035,8.82925148091014,1
577,0,10.75,8,8.82925148091014,9.48014460812082,1
577,0,10.75,8,9.48014460812082,10.741870269866,1
577,0,10.75,8,10.741870269866,10.75,0
578,0,13.75,15,0,5.24008304696074,1
578,0,13.75,15,5.24008304696074,6.9884176352967,1
578,0,13.75,15,6.9884176352967,7.64214609185593,1
578,0,13.75,15,7.64214609185593,8.21304101182957,1
578,0,13.75,15,8.21304101182957,8.82766448431042,1
578,0,13.75,15,8.82766448431042,9.35461365384984,1
578,0,13.75,15,9.35461365384984,9.56710206786866,1
578,0,13.75,15,9.56710206786866,10.1789010948642,1
578,0,13.75,15,10.1789010948642,11.4744202734197,1
578,0,13.75,15,11.4744202734197,11.4871968096113,1
578,0,13.75,15,11.4871968096113,11.7011537758957,1
578,0,13.75,15,11.7011537758957,11.7853527262805,1
578,0,13.75,15,11.7853527262805,12.3853998774728,1
578,0,13.75,15,12.3853998774728,13.3096056776188,1
578,0,13.75,15,13.3096056776188,13.6537953350921,1
578,0,13.75,15,13.6537953350921,13.75,0
579,0,10.75,0,0,10.75,0
580,0,9.75,8,0,4.41102944438386,1
580,0,9.75,8,4.41102944438386,7.32723265411114,1
580,0,9.75,8,7.32723265411114,7.64754767155769,1
580,0,9.75,8,7.64754767155769,8.19741766051564,1
580,0,9.75,8,8.19741766051564,9.20151047754853,1
580,0,9.75,8,9.20151047754853,9.33308498293878,1
580,0,9.75,8,9.33308498293878,9.40107764701085,1
580,0,9.75,8,9.40107764701085,9.6134679114256,1
580,0,9.75,8,9.6134679114256,9.75,0
581,0,9.75,1,0,3.35341275011129,1
581,0,9.75,1,3.35341275011129,9.75,0
582,0,9.75,6,0,5.1377731345827,1
582,0,9.75,6,5.1377731345827,5.92634372775114,1
582,0,9.75,6,5.92634372775114,7.29816215892977,1
582,0,9.75,6,7.29816215892977,8.17987002607525,1
582,0,9.75,6,8.17987002607525,8.43510333204897,1
582,0,9.75,6,8.43510333204897,8.87881665618215,1
582,0,9.75,6,8.87881665618215,9.75,0
583,0,15.75,4,0,0.333086502437613,1
583,0,15.75,4,0.333086502437613,0.525727381806221,1
583,0,15.75,4,0.525727381806221,0.581023767619305,1
583,0,15.75,4,0.581023767619305,14.0324735952824,1
583,0,15.75,4,14.0324735952824,15.75,0
584,0,12.75,1,0,4.8146306089121,1
584,0,12.75,1,4.8146306089121,12.75,0
585,0,10.75,1,0,0.333261370616312,1
585,0,10.75,1,0.333261370616312,10.75,0
586,0,12.75,22,0,1.39334957919675,1
586,0,12.75,22,1.39334957919675,4.49154955467298,1
586,0,12.75,22,4.49154955467298,4.74167632058063,1
586,0,12.75,22,4.74167632058063,4.97399437142773,1
586,0,12.75,22,4.97399437142773,5.21195427568225,1
586,0,12.75,22,5.21195427568225,5.66144057935321,1
586,0,12.75,22,5.66144057935321,6.59839423349415,1
586,0,12.75,22,6.59839423349415,6.63505045868986,1
586,0,12.75,22,6.63505045868986,7.32127110726811,1
586,0,12.75,22,7.32127110726811,8.36899362552205,1
586,0,12.75,22,8.36899362552205,8.4780164915501,1
586,0,12.75,22,8.4780164915501,9.05568742092749,1
586,0,12.75,22,9.05568742092749,9.15845525562132,1
586,0,12.75,22,9.15845525562132,9.45387450669888,1
586,0,12.75,22,9.45387450669888,10.1570182175614,1
586,0,12.75,22,10.1570182175614,11.3382318451817,1
586,0,12.75,22,11.3382318451817,11.5047964534365,1
586,0,12.75,22,11.5047964534365,12.1125473110849,1
586,0,12.75,22,12.1125473110849,12.1844934832774,1
586,0,12.75,22,12.1844934832774,12.2029267055167,1
586,0,12.75,22,12.2029267055167,12.2537066119018,1
586,0,12.75,22,12.2537066119018,12.502395381381,1
586,0,12.75,22,12.502395381381,12.75,0
587,0,8.75,6,0,2.60718526982349,1
587,0,8.75,6,2.60718526982349,6.79509223989604,1
587,0,8.75,6,6.79509223989604,7.055103197438,1
587,0,8.75,6,7.055103197438,7.42290375561721,1
587,0,8.75,6,7.42290375561721,7.49093023311607,1
587,0,8.75,6,7.49093023311607,7.87747073955418,1
587,0,8.75,6,7.87747073955418,8.75,0
588,0,10.75,7,0,5.53361327681044,1
588,0,10.75,7,5.53361327681044,6.76209153932808,1
588,0,10.75,7,6.76209153932808,8.01932635184433,1
588,0,10.75,7,8.01932635184433,9.0550806225035,1
588,0,10.75,7,9.0550806225035,10.0613826318094,1
588,0,10.75,7,10.0613826318094,10.345063508201,1
588,0,10.75,7,10.345063508201,10.4560538322702,1
588,0,10.75,7,10.4560538322702,10.75,0
589,0,16.75,3,0,2.71831142453095,1
589,0,16.75,3,2.71831142453095,13.1297271459569,1
589,0,16.75,3,13.1297271459569,15.7282241724929,1
589,0,16.75,3,15.7282241724929,16.75,0
590,0,11.75,1,0,2.16267874548231,1
590,0,11.75,1,2.16267874548231,11.75,0
591,0,17.75,0,0,17.75,0
592,0,20.75,69,0,3.31638309632297,1
592,0,20.75,69,3.31638309632297,3.51006406142668,1
592,0,20.75,69,3.51006406142668,4.17570155082859,1
592,0,20.75,69,4.17570155082859,4.64211723575692,1
592,0,20.75,69,4.64211723575692,7.6026402372548,1
592,0,20.75,69,7.6026402372548,7.88220599891903,1
592,0,20.75,69,7.88220599891903,8.25119505403429,1
592,0,20.75,69,8.25119505403429,8.43032549338585,1
592,0,20.75,69,8.43032549338585,8.44017478168183,1
592,0,20.75,69,8.44017478168183,8.71799256768815,1
592,0,20.75,69,8.71799256768815,9.14543881595111,1
592,0,20.75,69,9.14543881595111,9.29754410301943,1
592,0,20.75,69,9.29754410301943,9.65112641982454,1
592,0,20.75,69,9.65112641982454,9.90117816643415,1
592,0,20.75,69,9.90117816643415,9.9139085604342,1
592,0,20.75,69,9.9139085604342,10.0923631113071,1
592,0,20.75,69,10.0923631113071,10.3445871610846,1
592,0,20.75,69,10.3445871610846,10.3495821079608,1
592,0,20.75,69,10.3495821079608,10.5625998616984,1
592,0,20.75,69,10.5625998616984,11.0324480731487,1
592,0,20.75,69,11.0324480731487,11.4558100463457,1
592,0,20.75,69,11.4558100463457,11.6063419529982,1
592,0,20.75,69,11.6063419529982,12.0210738003473,1
592,0,20.75,69,12.0210738003473,12.4234146399727,1
592,0,20.75,69,12.4234146399727,12.5748726270052,1
592,0,20.75,69,12.5748726270052,13.3926891829802,1
592,0,20.75,69,13.3926891829802,13.638406953492,1
592,0,20.75,69,13.638406953492,13.9128647835213,1
592,0,20.75,69,13.9128647835213,14.278023463774,1
592,0,20.75,69,14.278023463774,15.1900310391328,1
592,0,20.75,69,15.1900310391328,15.2399207891253,1
592,0,20.75,69,15.2399207891253,15.2981140380427,1
592,0,20.75,69,15.2981140380427,15.4507060417809,1
592,0,20.75,69,15.4507060417809,15.6117592467985,1
592,0,20.75,69,15.6117592467985,16.0563579929188,1
592,0,20.75,69,16.0563579929188,16.0799995854705,1
592,0,20.75,69,16.0799995854705,16.3004033472673,1
592,0,20.75,69,16.3004033472673,16.3852284332807,1
592,0,20.75,69,16.3852284332807,16.5005519664348,1
592,0,20.75,69,16.5005519664348,16.5128263912665,1
592,0,20.75,69,16.5128263912665,16.6172242320817,1
592,0,20.75,69,16.6172242320817,16.9131255404603,1
592,0,20.75,69,16.9131255404603,16.9813168240013,1
592,0,20.75,69,16.9813168240013,17.0379598191056,1
592,0,20.75,69,17.0379598191056,17.1750600709685,1
592,0,20.75,69,17.1750600709685,17.2385151886727,1
592,0,20.75,69,17.2385151886727,17.2940356501812,1
592,0,20.75,69,17.2940356501812,17.4858726527214,1
592,0,20.75,69,17.4858726527214,17.5895476244445,1
592,0,20.75,69,17.5895476244445,17.8347662683446,1
592,0,20.75,69,17.8347662683446,18.198768737176,1
592,0,20.75,69,18.198768737176,18.3335490434329,1
592,0,20.75,69,18.3335490434329,18.4733448284589,1
592,0,20.75,69,18.4733448284589,18.7303106744353,1
592,0,20.75,69,18.7303106744353,19.07365525713,1
592,0,20.75,69,19.07365525713,19.0966487690845,1
592,0,20.75,69,19.0966487690845,19.0974074345578,1
592,0,20.75,69,19.0974074345578,19.124361722201,1
592,0,20.75,69,19.124361722201,19.2889679616172,1
592,0,20.75,69,19.2889679616172,19.6579327359487,1
592,0,20.75,69,19.6579327359487,19.7504483424078,1
592,0,20.75,69,19.7504483424078,19.7558408944544,1
592,0,20.75,69,19.7558408944544,19.7791942111082,1
592,0,20.75,69,19.7791942111082,19.8965321457813,1
592,0,20.75,69,19.8965321457813,20.0637739503384,1
592,0,20.75,69,20.0637739503384,20.286246809621,1
592,0,20.75,69,20.286246809621,20.5986439049207,1
592,0,20.75,69,20.5986439049207,20.6695483587929,1
592,0,20.75,69,20.6695483587929,20.7378001874045,1
592,0,20.75,69,20.7378001874045,20.75,0
593,0,7.75,7,0,5.16830330049184,1
593,0,7.75,7,5.16830330049184,5.23261821530978,1
593,0,7.75,7,5.23261821530978,5.32805658984547,1
593,0,7.75,7,5.32805658984547,5.85560303528088,1
593,0,7.75,7,5.85560303528088,6.25093884272426,1
593,0,7.75,7,6.25093884272426,6.40761070493052,1
593,0,7.75,7,6.40761070493052,6.52131092336311,1
593,0,7.75,7,6.52131092336311,7.75,0
594,0,10.75,0,0,10.75,0
595,0,16.75,2,0,1.16751931611536,1
595,0,16.75,2,1.16751931611536,4.26834444098814,1
595,0,16.75,2,4.26834444098814,16.75,0
596,0,14.75,22,0,4.93972422154209,1
596,0,14.75,22,4.93972422154209,6.08445584469054,1
596,0,14.75,22,6.08445584469054,6.61710387815498,1
596,0,14.75,22,6.61710387815498,7.40199957082163,1
596,0,14.75,22,7.40199957082163,7.89026929208982,1
596,0,14.75,22,7.89026929208982,7.93752397362361,1
596,0,14.75,22,7.93752397362361,8.406110513714,1
596,0,14.75,22,8.406110513714,8.64677526220439,1
596,0,14.75,22,8.64677526220439,9.07269504251618,1
596,0,14.75,22,9.07269504251618,9.4466527060888,1
596,0,14.75,22,9.4466527060888,10.2014368272126,1
596,0,14.75,22,10.2014368272126,11.1796121174072,1
596,0,14.75,22,11.1796121174072,11.9979998463745,1
596,0,14.75,22,11.9979998463745,12.5265663978081,1
596,0,14.75,22,12.5265663978081,12.808401633671,1
596,0,14.75,22,12.808401633671,13.4537175075154,1
596,0,14.75,22,13.4537175075154,13.6580290488743,1
596,0,14.75,22,13.6580290488743,13.7203525918102,1
596,0,14.75,22,13.7203525918102,13.9133656302156,1
596,0,14.75,22,13.9133656302156,14.2380587465904,1
596,0,14.75,22,14.2380587465904,14.3145233037709,1
596,0,14.75,22,14.3145233037709,14.6977118568679,1
596,0,14.75,22,14.6977118568679,14.75,0
597,0,13.75,24,0,2.95507747673965,1
597,0,13.75,24,2.95507747673965,4.69131595400419,1
597,0,13.75,24,4.69131595400419,5.76573577222031,1
597,0,13.75,24,5.76573577222031,6.29582398904199,1
597,0,13.75,24,6.29582398904199,6.65360545175493,1
597,0,13.75,24,6.65360545175493,7.07637939519076,1
597,0,13.75,24,7.07637939519076,7.08056247946617,1
597,0,13.75,24,7.08056247946617,7.2977095593364,1
597,0,13.75,24,7.2977095593364,7.42817506936676,1
597,0,13.75,24,7.42817506936676,8.27181997790852,1
597,0,13.75,24,8.27181997790852,8.99294400329816,1
597,0,13.75,24,8.99294400329816,9.5477473817071,1
597,0,13.75,24,9.5477473817071,9.54956936634161,1
597,0,13.75,24,9.54956936634161,9.61842940289413,1
597,0,13.75,24,9.61842940289413,10.2647668454466,1
597,0,13.75,24,10.2647668454466,10.273403683519,1
597,0,13.75,24,10.273403683519,10.4409809699473,1
597,0,13.75,24,10.4409809699473,10.8243763615403,1
597,0,13.75,24,10.8243763615403,11.5284762316407,1
597,0,13.75,24,11.5284762316407,12.3252858826788,1
597,0,13.75,24,12.3252858826788,12.3923339248321,1
597,0,13.75,24,12.3923339248321,12.4893219216906,1
597,0,13.75,24,12.4893219216906,12.9908172490371,1
597,0,13.75,24,12.9908172490371,13.4528205823068,1
597,0,13.75,24,13.4528205823068,13.75,0
598,0,17.75,1,0,2.88615423538285,1
598,0,17.75,1,2.88615423538285,17.75,0
599,0,13.75,30,0,2.23268074790212,1
599,0,13.75,30,2.23268074790212,3.72054702038697,1
599,0,13.75,30,3.72054702038697,3.8609099285904,1
599,0,13.75,30,3.8609099285904,6.460475869249,1
599,0,13.75,30,6.460475869249,6.73720449091715,1
599,0,13.75,30,6.73720449091715,7.43339538165758,1
599,0,13.75,30,7.43339538165758,7.63424868893046,1
599,0,13.75,30,7.63424868893046,7.75469951535841,1
599,0,13.75,30,7.75469951535841,7.81092125210492,1
599,0,13.75,30,7.81092125210492,7.95273739908308,1
599,0,13.75,30,7.95273739908308,8.07121334372258,1
599,0,13.75,30,8.07121334372258,8.50825212984709,1
599,0,13.75,30,8.50825212984709,8.51040181224475,1
599,0,13.75,30,8.51040181224475,8.63836284233941,1
599,0,13.75,30,8.63836284233941,10.3998872231736,1
599,0,13.75,30,10.3998872231736,10.4460052927632,1
599,0,13.75,30,10.4460052927632,10.6965955179898,1
599,0,13.75,30,10.6965955179898,10.7111947561137,1
599,0,13.75,30,10.7111947561137,11.206795103334,1
599,0,13.75,30,11.206795103334,11.2314640542193,1
599,0,13.75,30,11.2314640542193,11.5505604140339,1
599,0,13.75,30,11.5505604140339,11.5966130386797,1
599,0,13.75,30,11.5966130386797,11.6927108859383,1
599,0,13.75,30,11.6927108859383,12.0417105608963,1
599,0,13.75,30,12.0417105608963,12.068097733007,1
599,0,13.75,30,12.068097733007,12.104934285412,1
599,0,13.75,30,12.104934285412,12.1365483356233,1
599,0,13.75,30,12.1365483356233,12.9409663913638,1
599,0,13.75,30,12.9409663913638,13.3947730883315,1
599,0,13.75,30,13.3947730883315,13.7273581250137,1
599,0,13.75,30,13.7273581250137,13.75,0
600,0,15.75,2,0,0.213076205902435,1
600,0,15.75,2,0.213076205902435,11.8797040842624,1
600,0,15.75,2,11.8797040842624,15.75,0
