"id","xi","Tei","n.rec","start","stop","status"
1,1,17.75,4,0,8.15968469459284,1
1,1,17.75,4,8.15968469459284,11.3941538730054,1
1,1,17.75,4,11.3941538730054,15.5356704035248,1
1,1,17.75,4,15.5356704035248,16.0962273769355,1
1,1,17.75,4,16.0962273769355,17.75,0
2,1,11.75,8,0,0.551175481275202,1
2,1,11.75,8,0.551175481275202,3.01267812697402,1
2,1,11.75,8,3.01267812697402,4.80107922321401,1
2,1,11.75,8,4.80107922321401,5.88642152198488,1
2,1,11.75,8,5.88642152198488,6.94117874366529,1
2,1,11.75,8,6.94117874366529,7.37973620219118,1
2,1,11.75,8,7.37973620219118,9.32663620289979,1
2,1,11.75,8,9.32663620289979,9.38447796256258,1
2,1,11.75,8,9.38447796256258,11.75,0
3,1,11.75,3,0,1.50128530658925,1
3,1,11.75,3,1.50128530658925,2.0234229681236,1
3,1,11.75,3,2.0234229681236,7.30993181575345,1
3,1,11.75,3,7.30993181575345,11.75,0
4,1,17.75,6,0,1.89521503633608,1
4,1,17.75,6,1.89521503633608,7.30177336763028,1
4,1,17.75,6,7.30177336763028,12.1253189403434,1
4,1,17.75,6,12.1253189403434,14.5146573544187,1
4,1,17.75,6,14.5146573544187,16.6846528708013,1
4,1,17.75,6,16.6846528708013,17.5079373550817,1
4,1,17.75,6,17.5079373550817,17.75,0
5,1,9.75,2,0,1.77053088156034,1
5,1,9.75,2,1.77053088156034,4.21756850723494,1
5,1,9.75,2,4.21756850723494,9.75,0
6,1,17.75,2,0,5.70623764105225,1
6,1,17.75,2,5.70623764105225,6.34868827678839,1
6,1,17.75,2,6.34868827678839,17.75,0
7,1,17.75,5,0,0.588306872916971,1
7,1,17.75,5,0.588306872916971,0.69108465403042,1
7,1,17.75,5,0.69108465403042,7.97838240864488,1
7,1,17.75,5,7.97838240864488,15.1620962323825,1
7,1,17.75,5,15.1620962323825,15.342435645482,1
7,1,17.75,5,15.342435645482,17.75,0
8,1,18.75,8,0,2.37834328878542,1
8,1,18.75,8,2.37834328878542,3.76248966833998,1
8,1,18.75,8,3.76248966833998,7.10243200793211,1
8,1,18.75,8,7.10243200793211,7.50458192628807,1
8,1,18.75,8,7.50458192628807,8.40361572437459,1
8,1,18.75,8,8.40361572437459,10.190665770814,1
8,1,18.75,8,10.190665770814,13.1254841807258,1
8,1,18.75,8,13.1254841807258,13.8091248485328,1
8,1,18.75,8,13.8091248485328,18.75,0
9,1,15.75,0,0,15.75,0
10,1,13.75,3,0,0.402818250895924,1
10,1,13.75,3,0.402818250895924,3.78180483148638,1
10,1,13.75,3,3.78180483148638,13.2548431310043,1
10,1,13.75,3,13.2548431310043,13.75,0
11,1,12.75,5,0,1.69699786806487,1
11,1,12.75,5,1.69699786806487,2.13167363565947,1
11,1,12.75,5,2.13167363565947,7.07471204285747,1
11,1,12.75,5,7.07471204285747,10.3910089920328,1
11,1,12.75,5,10.3910089920328,12.5189960847142,1
11,1,12.75,5,12.5189960847142,12.75,0
12,1,20.75,4,0,0.0841213477476182,1
12,1,20.75,4,0.0841213477476182,1.13079157896348,1
12,1,20.75,4,1.13079157896348,16.5848527665586,1
12,1,20.75,4,16.5848527665586,18.1696696388712,1
12,1,20.75,4,18.1696696388712,20.75,0
13,1,10.75,1,0,8.10935438818961,1
13,1,10.75,1,8.10935438818961,10.75,0
14,1,18.75,4,0,5.86875149379244,1
14,1,18.75,4,5.86875149379244,7.09309857775616,1
14,1,18.75,4,7.09309857775616,9.41004780858166,1
14,1,18.75,4,9.41004780858166,18.4871842287877,1
14,1,18.75,4,18.4871842287877,18.75,0
15,1,15.75,4,0,3.71257660410444,1
15,1,15.75,4,3.71257660410444,11.9996383129391,1
15,1,15.75,4,11.9996383129391,12.3826912886311,1
15,1,15.75,4,12.3826912886311,15.717681187524,1
15,1,15.75,4,15.717681187524,15.75,0
16,1,10.75,2,0,1.72153520393431,1
16,1,10.75,2,1.72153520393431,9.74521684012854,1
16,1,10.75,2,9.74521684012854,10.75,0
17,1,20.75,3,0,0.945969190155697,1
17,1,20.75,3,0.945969190155697,4.75968873471889,1
17,1,20.75,3,4.75968873471889,11.0159321325255,1
17,1,20.75,3,11.0159321325255,20.75,0
18,1,15.75,3,0,7.02594017276656,1
18,1,15.75,3,7.02594017276656,12.5397553609423,1
18,1,15.75,3,12.5397553609423,14.7879107449751,1
18,1,15.75,3,14.7879107449751,15.75,0
19,1,11.75,4,0,4.81211217987417,1
19,1,11.75,4,4.81211217987417,7.85891737565783,1
19,1,11.75,4,7.85891737565783,8.57304724795071,1
19,1,11.75,4,8.57304724795071,9.67086947875395,1
19,1,11.75,4,9.67086947875395,11.75,0
20,1,13.75,5,0,2.17127752142075,1
20,1,13.75,5,2.17127752142075,3.05050058538664,1
20,1,13.75,5,3.05050058538664,9.01478506605645,1
20,1,13.75,5,9.01478506605645,10.3808231709331,1
20,1,13.75,5,10.3808231709331,11.4718677962271,1
20,1,13.75,5,11.4718677962271,13.75,0
21,1,14.75,3,0,2.27004310628506,1
21,1,14.75,3,2.27004310628506,10.8163691764071,1
21,1,14.75,3,10.8163691764071,11.0644654707056,1
21,1,14.75,3,11.0644654707056,14.75,0
22,1,14.75,1,0,9.5363309129541,1
22,1,14.75,1,9.5363309129541,14.75,0
23,1,14.75,3,0,3.90437266418912,1
23,1,14.75,3,3.90437266418912,9.24386437527,1
23,1,14.75,3,9.24386437527,13.3516114361079,1
23,1,14.75,3,13.3516114361079,14.75,0
24,1,15.75,0,0,15.75,0
25,1,9.75,2,0,8.01347136436604,1
25,1,9.75,2,8.01347136436604,9.7268775136967,1
25,1,9.75,2,9.7268775136967,9.75,0
26,1,15.75,7,0,0.820398351494727,1
26,1,15.75,7,0.820398351494727,4.37510021781607,1
26,1,15.75,7,4.37510021781607,7.56440643481259,1
26,1,15.75,7,7.56440643481259,15.0962882172405,1
26,1,15.75,7,15.0962882172405,15.3732085645845,1
26,1,15.75,7,15.3732085645845,15.4985251975934,1
26,1,15.75,7,15.4985251975934,15.6169773862426,1
26,1,15.75,7,15.6169773862426,15.75,0
27,1,13.75,7,0,0.113637285885789,1
27,1,13.75,7,0.113637285885789,0.715583924766938,1
27,1,13.75,7,0.715583924766938,5.11243484391044,1
27,1,13.75,7,5.11243484391044,6.38908869658621,1
27,1,13.75,7,6.38908869658621,8.91182124240928,1
27,1,13.75,7,8.91182124240928,9.44335479517863,1
27,1,13.75,7,9.44335479517863,13.1233087196361,1
27,1,13.75,7,13.1233087196361,13.75,0
28,1,19.75,5,0,4.47764328099688,1
28,1,19.75,5,4.47764328099688,8.06157864391563,1
28,1,19.75,5,8.06157864391563,8.3560202850478,1
28,1,19.75,5,8.3560202850478,12.6472396139204,1
28,1,19.75,5,12.6472396139204,15.4351305872736,1
28,1,19.75,5,15.4351305872736,19.75,0
29,1,13.75,5,0,9.80828656369664,1
29,1,13.75,5,9.80828656369664,10.2653236367432,1
29,1,13.75,5,10.2653236367432,10.5335132997587,1
29,1,13.75,5,10.5335132997587,11.493694165116,1
29,1,13.75,5,11.493694165116,11.8325811450163,1
29,1,13.75,5,11.8325811450163,13.75,0
30,1,8.75,3,0,1.37793242467995,1
30,1,8.75,3,1.37793242467995,2.13834404839876,1
30,1,8.75,3,2.13834404839876,4.79627984879817,1
30,1,8.75,3,4.79627984879817,8.75,0
31,1,20.75,0,0,20.75,0
32,1,15.75,8,0,3.81528912623751,1
32,1,15.75,8,3.81528912623751,4.6434997577434,1
32,1,15.75,8,4.6434997577434,5.66190945306691,1
32,1,15.75,8,5.66190945306691,5.92066557596725,1
32,1,15.75,8,5.92066557596725,6.51382608562678,1
32,1,15.75,8,6.51382608562678,6.67874614622956,1
32,1,15.75,8,6.67874614622956,10.7209199155301,1
32,1,15.75,8,10.7209199155301,14.5003277479363,1
32,1,15.75,8,14.5003277479363,15.75,0
33,1,10.75,4,0,4.06041919550734,1
33,1,10.75,4,4.06041919550734,4.41711493705532,1
33,1,10.75,4,4.41711493705532,6.35055810774452,1
33,1,10.75,4,6.35055810774452,6.69892172063023,1
33,1,10.75,4,6.69892172063023,10.75,0
34,1,14.75,3,0,6.77424202985284,1
34,1,14.75,3,6.77424202985284,7.84414315430446,1
34,1,14.75,3,7.84414315430446,10.4820020865313,1
34,1,14.75,3,10.4820020865313,14.75,0
35,1,12.75,3,0,1.29134331568723,1
35,1,12.75,3,1.29134331568723,5.45756599995946,1
35,1,12.75,3,5.45756599995946,12.0073005710106,1
35,1,12.75,3,12.0073005710106,12.75,0
36,1,11.75,1,0,0.599506141383451,1
36,1,11.75,1,0.599506141383451,11.75,0
37,1,8.75,8,0,0.382573010690533,1
37,1,8.75,8,0.382573010690533,0.724425583015451,1
37,1,8.75,8,0.724425583015451,1.23960918102656,1
37,1,8.75,8,1.23960918102656,3.21999188605682,1
37,1,8.75,8,3.21999188605682,3.71536378658617,1
37,1,8.75,8,3.71536378658617,3.98737363846562,1
37,1,8.75,8,3.98737363846562,4.80610598489347,1
37,1,8.75,8,4.80610598489347,5.4700042259906,1
37,1,8.75,8,5.4700042259906,8.75,0
38,1,10.75,3,0,0.68534207320346,1
38,1,10.75,3,0.68534207320346,7.58606747265065,1
38,1,10.75,3,7.58606747265065,7.74048288754684,1
38,1,10.75,3,7.74048288754684,10.75,0
39,1,10.75,8,0,0.778791599547044,1
39,1,10.75,8,0.778791599547044,1.19793171300193,1
39,1,10.75,8,1.19793171300193,1.25569462757806,1
39,1,10.75,8,1.25569462757806,2.21106024733303,1
39,1,10.75,8,2.21106024733303,3.36665443259881,1
39,1,10.75,8,3.36665443259881,6.92174225868747,1
39,1,10.75,8,6.92174225868747,8.87720984425346,1
39,1,10.75,8,8.87720984425346,10.2149464181747,1
39,1,10.75,8,10.2149464181747,10.75,0
40,1,15.75,5,0,0.698869280958571,1
40,1,15.75,5,0.698869280958571,1.10345422678442,1
40,1,15.75,5,1.10345422678442,4.38346235059924,1
40,1,15.75,5,4.38346235059924,7.46799858382015,1
40,1,15.75,5,7.46799858382015,15.3850025377131,1
40,1,15.75,5,15.3850025377131,15.75,0
41,1,12.75,4,0,6.64522353413926,1
41,1,12.75,4,6.64522353413926,9.60063505485743,1
41,1,12.75,4,9.60063505485743,10.7722439668593,1
41,1,12.75,4,10.7722439668593,11.3069393901911,1
41,1,12.75,4,11.3069393901911,12.75,0
42,1,19.75,3,0,0.00588263314780833,1
42,1,19.75,3,0.00588263314780833,10.1184066871838,1
42,1,19.75,3,10.1184066871838,16.8779786544391,1
42,1,19.75,3,16.8779786544391,19.75,0
43,1,17.75,8,0,2.06948095318979,1
43,1,17.75,8,2.06948095318979,2.948568056974,1
43,1,17.75,8,2.948568056974,3.54360803826198,1
43,1,17.75,8,3.54360803826198,4.5266236581531,1
43,1,17.75,8,4.5266236581531,6.70059368874177,1
43,1,17.75,8,6.70059368874177,9.81907725142511,1
43,1,17.75,8,9.81907725142511,10.1309390796477,1
43,1,17.75,8,10.1309390796477,10.8280165676754,1
43,1,17.75,8,10.8280165676754,17.75,0
44,1,14.75,4,0,8.53341217693512,1
44,1,14.75,4,8.53341217693512,9.20190790108265,1
44,1,14.75,4,9.20190790108265,10.7268002497805,1
44,1,14.75,4,10.7268002497805,14.0614654651917,1
44,1,14.75,4,14.0614654651917,14.75,0
45,1,19.75,8,0,3.22323066252575,1
45,1,19.75,8,3.22323066252575,4.32379960341258,1
45,1,19.75,8,4.32379960341258,4.5735855738365,1
45,1,19.75,8,4.5735855738365,5.19270383058437,1
45,1,19.75,8,5.19270383058437,7.42773336287373,1
45,1,19.75,8,7.42773336287373,15.301848258986,1
45,1,19.75,8,15.301848258986,16.2861881281789,1
45,1,19.75,8,16.2861881281789,16.781259130792,1
45,1,19.75,8,16.781259130792,19.75,0
46,1,16.75,9,0,0.942357161595762,1
46,1,16.75,9,0.942357161595762,2.35677719409146,1
46,1,16.75,9,2.35677719409146,3.42577992783544,1
46,1,16.75,9,3.42577992783544,4.33316408345259,1
46,1,16.75,9,4.33316408345259,7.62116563729115,1
46,1,16.75,9,7.62116563729115,12.5788238632023,1
46,1,16.75,9,12.5788238632023,14.9884591908439,1
46,1,16.75,9,14.9884591908439,15.0301598406576,1
46,1,16.75,9,15.0301598406576,15.8282743078616,1
46,1,16.75,9,15.8282743078616,16.75,0
47,1,10.75,3,0,7.11255860027589,1
47,1,10.75,3,7.11255860027589,9.61385686642612,1
47,1,10.75,3,9.61385686642612,9.63636597076144,1
47,1,10.75,3,9.63636597076144,10.75,0
48,1,20.75,2,0,4.40269597936678,1
48,1,20.75,2,4.40269597936678,14.4383606073357,1
48,1,20.75,2,14.4383606073357,20.75,0
49,1,11.75,4,0,3.19412838909021,1
49,1,11.75,4,3.19412838909021,3.55624704922579,1
49,1,11.75,4,3.55624704922579,4.556506136775,1
49,1,11.75,4,4.556506136775,7.03573116138641,1
49,1,11.75,4,7.03573116138641,11.75,0
50,1,19.75,1,0,6.20242917760135,1
50,1,19.75,1,6.20242917760135,19.75,0
51,1,8.75,1,0,2.47771817676382,1
51,1,8.75,1,2.47771817676382,8.75,0
52,1,13.75,7,0,3.7232909085886,1
52,1,13.75,7,3.7232909085886,4.37265213358889,1
52,1,13.75,7,4.37265213358889,5.10912833701155,1
52,1,13.75,7,5.10912833701155,5.15211373446561,1
52,1,13.75,7,5.15211373446561,11.7026050479802,1
52,1,13.75,7,11.7026050479802,11.7131273292393,1
52,1,13.75,7,11.7131273292393,11.8260867610176,1
52,1,13.75,7,11.8260867610176,13.75,0
53,1,15.75,2,0,4.99846461668339,1
53,1,15.75,2,4.99846461668339,10.3047503617496,1
53,1,15.75,2,10.3047503617496,15.75,0
54,1,12.75,4,0,8.88779904061677,1
54,1,12.75,4,8.88779904061677,9.77143526670693,1
54,1,12.75,4,9.77143526670693,10.2203093389052,1
54,1,12.75,4,10.2203093389052,12.5241437958736,1
54,1,12.75,4,12.5241437958736,12.75,0
55,1,14.75,1,0,8.68149692286874,1
55,1,14.75,1,8.68149692286874,14.75,0
56,1,15.75,1,0,13.789797618387,1
56,1,15.75,1,13.789797618387,15.75,0
57,1,14.75,3,0,7.48333904751474,1
57,1,14.75,3,7.48333904751474,8.6524887135867,1
57,1,14.75,3,8.6524887135867,14.0568319308722,1
57,1,14.75,3,14.0568319308722,14.75,0
58,1,18.75,7,0,0.162424883491667,1
58,1,18.75,7,0.162424883491667,5.0639100956756,1
58,1,18.75,7,5.0639100956756,6.93290631858491,1
58,1,18.75,7,6.93290631858491,7.93711366002041,1
58,1,18.75,7,7.93711366002041,11.217358292831,1
58,1,18.75,7,11.217358292831,16.6800457565563,1
58,1,18.75,7,16.6800457565563,18.5986245450973,1
58,1,18.75,7,18.5986245450973,18.75,0
59,1,19.75,5,0,3.62857225617696,1
59,1,19.75,5,3.62857225617696,4.24926455881229,1
59,1,19.75,5,4.24926455881229,8.45427978303361,1
59,1,19.75,5,8.45427978303361,10.3792577235139,1
59,1,19.75,5,10.3792577235139,17.8197573297206,1
59,1,19.75,5,17.8197573297206,19.75,0
60,1,16.75,9,0,0.164469430586228,1
60,1,16.75,9,0.164469430586228,0.611421287558202,1
60,1,16.75,9,0.611421287558202,2.80322741307463,1
60,1,16.75,9,2.80322741307463,3.58083140866941,1
60,1,16.75,9,3.58083140866941,8.58090741271531,1
60,1,16.75,9,8.58090741271531,8.97798033646771,1
60,1,16.75,9,8.97798033646771,9.86667646575664,1
60,1,16.75,9,9.86667646575664,10.0302915849774,1
60,1,16.75,9,10.0302915849774,15.5567227323051,1
60,1,16.75,9,15.5567227323051,16.75,0
61,1,20.75,9,0,0.516551724775169,1
61,1,20.75,9,0.516551724775169,1.57064127667559,1
61,1,20.75,9,1.57064127667559,3.75076808858463,1
61,1,20.75,9,3.75076808858463,3.90370796629559,1
61,1,20.75,9,3.90370796629559,6.33849661758205,1
61,1,20.75,9,6.33849661758205,7.94201363304071,1
61,1,20.75,9,7.94201363304071,12.9414019289153,1
61,1,20.75,9,12.9414019289153,17.7272283861578,1
61,1,20.75,9,17.7272283861578,18.0390184722788,1
61,1,20.75,9,18.0390184722788,20.75,0
62,1,9.75,1,0,8.98469359846371,1
62,1,9.75,1,8.98469359846371,9.75,0
63,1,8.75,1,0,7.355456570534,1
63,1,8.75,1,7.355456570534,8.75,0
64,1,10.75,1,0,0.900150951676511,1
64,1,10.75,1,0.900150951676511,10.75,0
65,1,15.75,3,0,2.08738295720635,1
65,1,15.75,3,2.08738295720635,5.81589183059928,1
65,1,15.75,3,5.81589183059928,7.46502416996808,1
65,1,15.75,3,7.46502416996808,15.75,0
66,1,14.75,1,0,8.49845979781679,1
66,1,14.75,1,8.49845979781679,14.75,0
67,1,15.75,1,0,11.5827024553692,1
67,1,15.75,1,11.5827024553692,15.75,0
68,1,10.75,1,0,6.51046090110441,1
68,1,10.75,1,6.51046090110441,10.75,0
69,1,14.75,1,0,6.39246435064613,1
69,1,14.75,1,6.39246435064613,14.75,0
70,1,13.75,1,0,3.58632239464831,1
70,1,13.75,1,3.58632239464831,13.75,0
71,1,10.75,3,0,1.40065172753776,1
71,1,10.75,3,1.40065172753776,6.73459727885354,1
71,1,10.75,3,6.73459727885354,9.30030537705662,1
71,1,10.75,3,9.30030537705662,10.75,0
72,1,11.75,3,0,7.91656905042154,1
72,1,11.75,3,7.91656905042154,7.95543474201185,1
72,1,11.75,3,7.95543474201185,8.5427333383008,1
72,1,11.75,3,8.5427333383008,11.75,0
73,1,10.75,3,0,3.39711343821706,1
73,1,10.75,3,3.39711343821706,3.46071382934431,1
73,1,10.75,3,3.46071382934431,8.26933885041655,1
73,1,10.75,3,8.26933885041655,10.75,0
74,1,20.75,7,0,5.84572008976049,1
74,1,20.75,7,5.84572008976049,6.71712686898397,1
74,1,20.75,7,6.71712686898397,7.45280333638824,1
74,1,20.75,7,7.45280333638824,8.46247552441066,1
74,1,20.75,7,8.46247552441066,12.7654865685454,1
74,1,20.75,7,12.7654865685454,18.4144800385754,1
74,1,20.75,7,18.4144800385754,19.6912937703586,1
74,1,20.75,7,19.6912937703586,20.75,0
75,1,15.75,2,0,10.7916868509824,1
75,1,15.75,2,10.7916868509824,10.9649218548686,1
75,1,15.75,2,10.9649218548686,15.75,0
76,1,16.75,2,0,9.09671204817111,1
76,1,16.75,2,9.09671204817111,11.783228788431,1
76,1,16.75,2,11.783228788431,16.75,0
77,1,9.75,3,0,5.37073765531771,1
77,1,9.75,3,5.37073765531771,6.87932762546552,1
77,1,9.75,3,6.87932762546552,7.43462594361324,1
77,1,9.75,3,7.43462594361324,9.75,0
78,1,14.75,5,0,5.36034411105998,1
78,1,14.75,5,5.36034411105998,7.2033024846794,1
78,1,14.75,5,7.2033024846794,7.36767912128414,1
78,1,14.75,5,7.36767912128414,11.0732246408031,1
78,1,14.75,5,11.0732246408031,11.5285341693715,1
78,1,14.75,5,11.5285341693715,14.75,0
79,1,14.75,7,0,0.424901222549786,1
79,1,14.75,7,0.424901222549786,0.828407433952554,1
79,1,14.75,7,0.828407433952554,1.17445063185321,1
79,1,14.75,7,1.17445063185321,4.3917264673883,1
79,1,14.75,7,4.3917264673883,5.24014968714188,1
79,1,14.75,7,5.24014968714188,8.90449702425087,1
79,1,14.75,7,8.90449702425087,14.0798272446788,1
79,1,14.75,7,14.0798272446788,14.75,0
80,1,11.75,2,0,1.88637314458165,1
80,1,11.75,2,1.88637314458165,3.55431369907083,1
80,1,11.75,2,3.55431369907083,11.75,0
81,1,20.75,6,0,0.76028346346417,1
81,1,20.75,6,0.76028346346417,7.44888476694976,1
81,1,20.75,6,7.44888476694976,11.1886957231726,1
81,1,20.75,6,11.1886957231726,11.8825843023954,1
81,1,20.75,6,11.8825843023954,15.2857551036832,1
81,1,20.75,6,15.2857551036832,18.7254756913085,1
81,1,20.75,6,18.7254756913085,20.75,0
82,1,19.75,0,0,19.75,0
83,1,17.75,2,0,4.37647000792114,1
83,1,17.75,2,4.37647000792114,6.13588578703365,1
83,1,17.75,2,6.13588578703365,17.75,0
84,1,9.75,0,0,9.75,0
85,1,14.75,3,0,2.65681834543398,1
85,1,14.75,3,2.65681834543398,5.37069913154666,1
85,1,14.75,3,5.37069913154666,12.4865016706037,1
85,1,14.75,3,12.4865016706037,14.75,0
86,1,10.75,7,0,2.92132382696001,1
86,1,10.75,7,2.92132382696001,4.37146442259235,1
86,1,10.75,7,4.37146442259235,4.53719776119546,1
86,1,10.75,7,4.53719776119546,5.76643407746079,1
86,1,10.75,7,5.76643407746079,5.85739952708767,1
86,1,10.75,7,5.85739952708767,6.6549150476614,1
86,1,10.75,7,6.6549150476614,10.210618716262,1
86,1,10.75,7,10.210618716262,10.75,0
87,1,13.75,2,0,1.96040563930895,1
87,1,13.75,2,1.96040563930895,5.60162098708629,1
87,1,13.75,2,5.60162098708629,13.75,0
88,1,8.75,1,0,1.89809294582532,1
88,1,8.75,1,1.89809294582532,8.75,0
89,1,8.75,0,0,8.75,0
90,1,11.75,2,0,2.80614541291867,1
90,1,11.75,2,2.80614541291867,5.72914697712286,1
90,1,11.75,2,5.72914697712286,11.75,0
91,1,14.75,1,0,4.25245175905385,1
91,1,14.75,1,4.25245175905385,14.75,0
92,1,13.75,3,0,4.55788298307306,1
92,1,13.75,3,4.55788298307306,4.66348409740317,1
92,1,13.75,3,4.66348409740317,6.76480116535027,1
92,1,13.75,3,6.76480116535027,13.75,0
93,1,10.75,5,0,0.744961371293901,1
93,1,10.75,5,0.744961371293901,4.94748027027832,1
93,1,10.75,5,4.94748027027832,6.47454700474795,1
93,1,10.75,5,6.47454700474795,10.0108130408595,1
93,1,10.75,5,10.0108130408595,10.5711570338031,1
93,1,10.75,5,10.5711570338031,10.75,0
94,1,12.75,6,0,0.0395348386997745,1
94,1,12.75,6,0.0395348386997745,2.41194137099063,1
94,1,12.75,6,2.41194137099063,4.65570530084368,1
94,1,12.75,6,4.65570530084368,7.16825032931872,1
94,1,12.75,6,7.16825032931872,7.78723748456295,1
94,1,12.75,6,7.78723748456295,12.6410365547086,1
94,1,12.75,6,12.6410365547086,12.75,0
95,1,11.75,4,0,0.695308159702699,1
95,1,11.75,4,0.695308159702699,2.29793851445238,1
95,1,11.75,4,2.29793851445238,7.89068860796766,1
95,1,11.75,4,7.89068860796766,8.17991890250867,1
95,1,11.75,4,8.17991890250867,11.75,0
96,1,11.75,3,0,2.8371816780811,1
96,1,11.75,3,2.8371816780811,3.74356310221315,1
96,1,11.75,3,3.74356310221315,9.1539422372305,1
96,1,11.75,3,9.1539422372305,11.75,0
97,1,18.75,2,0,6.21985271113752,1
97,1,18.75,2,6.21985271113752,18.2834102020817,1
97,1,18.75,2,18.2834102020817,18.75,0
98,1,19.75,6,0,1.95482268585106,1
98,1,19.75,6,1.95482268585106,3.42536077283066,1
98,1,19.75,6,3.42536077283066,7.26118671726138,1
98,1,19.75,6,7.26118671726138,14.9693285613456,1
98,1,19.75,6,14.9693285613456,17.8323551972226,1
98,1,19.75,6,17.8323551972226,18.6602715120557,1
98,1,19.75,6,18.6602715120557,19.75,0
99,1,14.75,4,0,4.4391222957677,1
99,1,14.75,4,4.4391222957677,5.19980114808131,1
99,1,14.75,4,5.19980114808131,6.03795247941173,1
99,1,14.75,4,6.03795247941173,7.23496607231326,1
99,1,14.75,4,7.23496607231326,14.75,0
100,1,14.75,3,0,5.75379481146091,1
100,1,14.75,3,5.75379481146091,7.27050192987933,1
100,1,14.75,3,7.27050192987933,8.31139901651612,1
100,1,14.75,3,8.31139901651612,14.75,0
101,1,12.75,2,0,3.40948145293109,1
101,1,12.75,2,3.40948145293109,9.05871949675106,1
101,1,12.75,2,9.05871949675106,12.75,0
102,1,12.75,2,0,5.2501816493895,1
102,1,12.75,2,5.2501816493895,7.87069193449406,1
102,1,12.75,2,7.87069193449406,12.75,0
103,1,13.75,9,0,5.47921163310046,1
103,1,13.75,9,5.47921163310046,5.47997642737334,1
103,1,13.75,9,5.47997642737334,5.94555871174239,1
103,1,13.75,9,5.94555871174239,6.20446333312,1
103,1,13.75,9,6.20446333312,6.80762357465542,1
103,1,13.75,9,6.80762357465542,7.28714918684313,1
103,1,13.75,9,7.28714918684313,7.97151524636847,1
103,1,13.75,9,7.97151524636847,9.35899752057876,1
103,1,13.75,9,9.35899752057876,9.83151809644969,1
103,1,13.75,9,9.83151809644969,13.75,0
104,1,12.75,0,0,12.75,0
105,1,19.75,10,0,5.19602560596105,1
105,1,19.75,10,5.19602560596105,6.41684888527427,1
105,1,19.75,10,6.41684888527427,6.73663868618303,1
105,1,19.75,10,6.73663868618303,7.65632415731317,1
105,1,19.75,10,7.65632415731317,9.00010175503573,1
105,1,19.75,10,9.00010175503573,13.7867709137695,1
105,1,19.75,10,13.7867709137695,16.4541527841355,1
105,1,19.75,10,16.4541527841355,17.4834680616284,1
105,1,19.75,10,17.4834680616284,17.7477484314087,1
105,1,19.75,10,17.7477484314087,17.9299150526852,1
105,1,19.75,10,17.9299150526852,19.75,0
106,1,8.75,0,0,8.75,0
107,1,14.75,3,0,2.24202504466081,1
107,1,14.75,3,2.24202504466081,3.89556518267617,1
107,1,14.75,3,3.89556518267617,6.11384848118181,1
107,1,14.75,3,6.11384848118181,14.75,0
108,1,16.75,3,0,5.9380358992587,1
108,1,16.75,3,5.9380358992587,14.7624989379376,1
108,1,16.75,3,14.7624989379376,15.9981303476678,1
108,1,16.75,3,15.9981303476678,16.75,0
109,1,11.75,0,0,11.75,0
110,1,17.75,4,0,3.0740663628475,1
110,1,17.75,4,3.0740663628475,11.5906049872957,1
110,1,17.75,4,11.5906049872957,12.9782684410522,1
110,1,17.75,4,12.9782684410522,15.8375200033308,1
110,1,17.75,4,15.8375200033308,17.75,0
111,1,8.75,4,0,3.37782456237666,1
111,1,8.75,4,3.37782456237666,5.47667743207788,1
111,1,8.75,4,5.47667743207788,6.55277988647253,1
111,1,8.75,4,6.55277988647253,6.70312558188549,1
111,1,8.75,4,6.70312558188549,8.75,0
112,1,12.75,3,0,2.84533378667277,1
112,1,12.75,3,2.84533378667277,4.02179953898128,1
112,1,12.75,3,4.02179953898128,7.50019220733896,1
112,1,12.75,3,7.50019220733896,12.75,0
113,1,8.75,1,0,1.47197975464774,1
113,1,8.75,1,1.47197975464774,8.75,0
114,1,8.75,7,0,0.076792099715668,1
114,1,8.75,7,0.076792099715668,0.590952644919106,1
114,1,8.75,7,0.590952644919106,1.45147630111916,1
114,1,8.75,7,1.45147630111916,4.97911863223932,1
114,1,8.75,7,4.97911863223932,6.44922239315521,1
114,1,8.75,7,6.44922239315521,7.14512622065488,1
114,1,8.75,7,7.14512622065488,8.63427168099143,1
114,1,8.75,7,8.63427168099143,8.75,0
115,1,12.75,4,0,1.56321306466522,1
115,1,12.75,4,1.56321306466522,4.13824845166355,1
115,1,12.75,4,4.13824845166355,5.54887099187832,1
115,1,12.75,4,5.54887099187832,12.340487176857,1
115,1,12.75,4,12.340487176857,12.75,0
116,1,8.75,2,0,4.84890867075875,1
116,1,8.75,2,4.84890867075875,4.87651296547297,1
116,1,8.75,2,4.87651296547297,8.75,0
117,1,16.75,3,0,5.95516760835787,1
117,1,16.75,3,5.95516760835787,10.1320539095969,1
117,1,16.75,3,10.1320539095969,13.99666371831,1
117,1,16.75,3,13.99666371831,16.75,0
118,1,14.75,1,0,3.74006329215509,1
118,1,14.75,1,3.74006329215509,14.75,0
119,1,15.75,2,0,1.56751020594088,1
119,1,15.75,2,1.56751020594088,1.76880259571324,1
119,1,15.75,2,1.76880259571324,15.75,0
120,1,11.75,6,0,0.486532831944293,1
120,1,11.75,6,0.486532831944293,2.81810293661842,1
120,1,11.75,6,2.81810293661842,5.84868401042816,1
120,1,11.75,6,5.84868401042816,7.98768865906075,1
120,1,11.75,6,7.98768865906075,10.4765483449858,1
120,1,11.75,6,10.4765483449858,10.5014746662968,1
120,1,11.75,6,10.5014746662968,11.75,0
121,1,11.75,3,0,6.60070403357046,1
121,1,11.75,3,6.60070403357046,8.1866326728607,1
121,1,11.75,3,8.1866326728607,10.1973974012879,1
121,1,11.75,3,10.1973974012879,11.75,0
122,1,16.75,8,0,0.965156260426569,1
122,1,16.75,8,0.965156260426569,3.70652991192063,1
122,1,16.75,8,3.70652991192063,7.22521400885351,1
122,1,16.75,8,7.22521400885351,8.32910892802046,1
122,1,16.75,8,8.32910892802046,9.23260067980311,1
122,1,16.75,8,9.23260067980311,11.9161289600116,1
122,1,16.75,8,11.9161289600116,15.2328073181168,1
122,1,16.75,8,15.2328073181168,16.3844174015532,1
122,1,16.75,8,16.3844174015532,16.75,0
123,1,17.75,2,0,5.38236927820583,1
123,1,17.75,2,5.38236927820583,15.7223771193343,1
123,1,17.75,2,15.7223771193343,17.75,0
124,1,14.75,2,0,2.00227004221855,1
124,1,14.75,2,2.00227004221855,9.75716172707716,1
124,1,14.75,2,9.75716172707716,14.75,0
125,1,10.75,0,0,10.75,0
126,1,14.75,3,0,4.10972509479372,1
126,1,14.75,3,4.10972509479372,8.6051521595414,1
126,1,14.75,3,8.6051521595414,9.19665068090192,1
126,1,14.75,3,9.19665068090192,14.75,0
127,1,15.75,4,0,3.06212105292838,1
127,1,15.75,4,3.06212105292838,3.13481728032062,1
127,1,15.75,4,3.13481728032062,3.68789246726193,1
127,1,15.75,4,3.68789246726193,7.39736592791502,1
127,1,15.75,4,7.39736592791502,15.75,0
128,1,15.75,4,0,0.5705582543238,1
128,1,15.75,4,0.5705582543238,1.65519723374727,1
128,1,15.75,4,1.65519723374727,5.46606639392638,1
128,1,15.75,4,5.46606639392638,7.94073753799469,1
128,1,15.75,4,7.94073753799469,15.75,0
129,1,16.75,13,0,2.72730051987509,1
129,1,16.75,13,2.72730051987509,3.06912874264619,1
129,1,16.75,13,3.06912874264619,3.34831640588535,1
129,1,16.75,13,3.34831640588535,4.47865835943023,1
129,1,16.75,13,4.47865835943023,6.76597514805399,1
129,1,16.75,13,6.76597514805399,7.7363308880918,1
129,1,16.75,13,7.7363308880918,8.68443397603587,1
129,1,16.75,13,8.68443397603587,9.24959955602685,1
129,1,16.75,13,9.24959955602685,10.4848748933638,1
129,1,16.75,13,10.4848748933638,12.7000761207815,1
129,1,16.75,13,12.7000761207815,14.2450413683121,1
129,1,16.75,13,14.2450413683121,15.4593224262364,1
129,1,16.75,13,15.4593224262364,16.5925722825656,1
129,1,16.75,13,16.5925722825656,16.75,0
130,1,13.75,1,0,5.1246094252909,1
130,1,13.75,1,5.1246094252909,13.75,0
131,1,15.75,5,0,1.56209536141044,1
131,1,15.75,5,1.56209536141044,8.47902860384064,1
131,1,15.75,5,8.47902860384064,9.15887309041811,1
131,1,15.75,5,9.15887309041811,11.4536200501865,1
131,1,15.75,5,11.4536200501865,14.188518185438,1
131,1,15.75,5,14.188518185438,15.75,0
132,1,14.75,2,0,2.89047243162786,1
132,1,14.75,2,2.89047243162786,5.07026154250407,1
132,1,14.75,2,5.07026154250407,14.75,0
133,1,19.75,3,0,1.57555873996172,1
133,1,19.75,3,1.57555873996172,8.19636328664004,1
133,1,19.75,3,8.19636328664004,8.53354487314696,1
133,1,19.75,3,8.53354487314696,19.75,0
134,1,17.75,10,0,0.241686317329027,1
134,1,17.75,10,0.241686317329027,2.77510156324253,1
134,1,17.75,10,2.77510156324253,5.00812583807548,1
134,1,17.75,10,5.00812583807548,7.00420063841715,1
134,1,17.75,10,7.00420063841715,7.30937151745368,1
134,1,17.75,10,7.30937151745368,11.810323476095,1
134,1,17.75,10,11.810323476095,11.9026565945633,1
134,1,17.75,10,11.9026565945633,12.0091888189701,1
134,1,17.75,10,12.0091888189701,12.1849968468035,1
134,1,17.75,10,12.1849968468035,13.7894339130662,1
134,1,17.75,10,13.7894339130662,17.75,0
135,1,13.75,0,0,13.75,0
136,1,11.75,9,0,3.8364438103228,1
136,1,11.75,9,3.8364438103228,4.31125040120545,1
136,1,11.75,9,4.31125040120545,5.39007879197834,1
136,1,11.75,9,5.39007879197834,6.21369339524085,1
136,1,11.75,9,6.21369339524085,7.61948129892799,1
136,1,11.75,9,7.61948129892799,8.2535411997455,1
136,1,11.75,9,8.2535411997455,9.25492024564751,1
136,1,11.75,9,9.25492024564751,10.3521837874906,1
136,1,11.75,9,10.3521837874906,10.8789370260333,1
136,1,11.75,9,10.8789370260333,11.75,0
137,1,11.75,1,0,2.79034050374094,1
137,1,11.75,1,2.79034050374094,11.75,0
138,1,17.75,11,0,0.0847852221061997,1
138,1,17.75,11,0.0847852221061997,2.72624014318918,1
138,1,17.75,11,2.72624014318918,2.81279509031196,1
138,1,17.75,11,2.81279509031196,5.74515620587321,1
138,1,17.75,11,5.74515620587321,8.97517968092561,1
138,1,17.75,11,8.97517968092561,9.73641150942602,1
138,1,17.75,11,9.73641150942602,10.7859401096064,1
138,1,17.75,11,10.7859401096064,11.7707714533219,1
138,1,17.75,11,11.7707714533219,12.1695461738662,1
138,1,17.75,11,12.1695461738662,14.9404214609677,1
138,1,17.75,11,14.9404214609677,16.4508014640034,1
138,1,17.75,11,16.4508014640034,17.75,0
139,1,13.75,5,0,2.43144463934342,1
139,1,13.75,5,2.43144463934342,6.57689656516118,1
139,1,13.75,5,6.57689656516118,7.10907127277635,1
139,1,13.75,5,7.10907127277635,8.90318760506745,1
139,1,13.75,5,8.90318760506745,10.7817519009471,1
139,1,13.75,5,10.7817519009471,13.75,0
140,1,16.75,1,0,8.37454049955912,1
140,1,16.75,1,8.37454049955912,16.75,0
141,1,14.75,4,0,1.9329633010453,1
141,1,14.75,4,1.9329633010453,10.0204685582658,1
141,1,14.75,4,10.0204685582658,12.0216859082735,1
141,1,14.75,4,12.0216859082735,12.7129999728496,1
141,1,14.75,4,12.7129999728496,14.75,0
142,1,8.75,1,0,3.97623429287491,1
142,1,8.75,1,3.97623429287491,8.75,0
143,1,19.75,2,0,19.2788458851487,1
143,1,19.75,2,19.2788458851487,19.7208958500427,1
143,1,19.75,2,19.7208958500427,19.75,0
144,1,12.75,2,0,2.94374235971215,1
144,1,12.75,2,2.94374235971215,3.19971082366377,1
144,1,12.75,2,3.19971082366377,12.75,0
145,1,11.75,0,0,11.75,0
146,1,17.75,4,0,1.71542375255637,1
146,1,17.75,4,1.71542375255637,7.58386851907686,1
146,1,17.75,4,7.58386851907686,8.98659084128672,1
146,1,17.75,4,8.98659084128672,9.39333502124933,1
146,1,17.75,4,9.39333502124933,17.75,0
147,1,19.75,2,0,6.65993827345613,1
147,1,19.75,2,6.65993827345613,17.3403431618327,1
147,1,19.75,2,17.3403431618327,19.75,0
148,1,19.75,10,0,1.23256099852561,1
148,1,19.75,10,1.23256099852561,7.15801655998723,1
148,1,19.75,10,7.15801655998723,7.43953299742144,1
148,1,19.75,10,7.43953299742144,7.67342878766672,1
148,1,19.75,10,7.67342878766672,10.1892837721474,1
148,1,19.75,10,10.1892837721474,11.9623549439862,1
148,1,19.75,10,11.9623549439862,14.4217769017082,1
148,1,19.75,10,14.4217769017082,15.9102267609503,1
148,1,19.75,10,15.9102267609503,16.5984938862573,1
148,1,19.75,10,16.5984938862573,17.560925438435,1
148,1,19.75,10,17.560925438435,19.75,0
149,1,18.75,6,0,2.01377842957905,1
149,1,18.75,6,2.01377842957905,5.32564320796457,1
149,1,18.75,6,5.32564320796457,9.13366269960444,1
149,1,18.75,6,9.13366269960444,9.92488295545922,1
149,1,18.75,6,9.92488295545922,10.8712481778377,1
149,1,18.75,6,10.8712481778377,11.8614535183162,1
149,1,18.75,6,11.8614535183162,18.75,0
150,1,18.75,2,0,2.37042290059824,1
150,1,18.75,2,2.37042290059824,17.0412008144474,1
150,1,18.75,2,17.0412008144474,18.75,0
151,1,12.75,1,0,2.51391899704774,1
151,1,12.75,1,2.51391899704774,12.75,0
152,1,16.75,0,0,16.75,0
153,1,18.75,2,0,5.11182203127262,1
153,1,18.75,2,5.11182203127262,7.56042283782377,1
153,1,18.75,2,7.56042283782377,18.75,0
154,1,8.75,0,0,8.75,0
155,1,14.75,5,0,0.290434008238646,1
155,1,14.75,5,0.290434008238646,3.01256025723812,1
155,1,14.75,5,3.01256025723812,4.12295438970402,1
155,1,14.75,5,4.12295438970402,6.85077248187437,1
155,1,14.75,5,6.85077248187437,14.6793228269392,1
155,1,14.75,5,14.6793228269392,14.75,0
156,1,8.75,0,0,8.75,0
157,1,8.75,0,0,8.75,0
158,1,16.75,4,0,2.92255541138148,1
158,1,16.75,4,2.92255541138148,6.4187535419213,1
158,1,16.75,4,6.4187535419213,10.11019595978,1
158,1,16.75,4,10.11019595978,14.9872421352962,1
158,1,16.75,4,14.9872421352962,16.75,0
159,1,15.75,2,0,11.5562539808256,1
159,1,15.75,2,11.5562539808256,13.9000921284847,1
159,1,15.75,2,13.9000921284847,15.75,0
160,1,12.75,3,0,2.27332542013157,1
160,1,12.75,3,2.27332542013157,3.45476611944156,1
160,1,12.75,3,3.45476611944156,7.33185446238315,1
160,1,12.75,3,7.33185446238315,12.75,0
161,1,11.75,0,0,11.75,0
162,1,18.75,3,0,7.75821038105151,1
162,1,18.75,3,7.75821038105151,13.4889949988893,1
162,1,18.75,3,13.4889949988893,15.8803063786523,1
162,1,18.75,3,15.8803063786523,18.75,0
163,1,18.75,3,0,5.06676290162103,1
163,1,18.75,3,5.06676290162103,15.2629628214362,1
163,1,18.75,3,15.2629628214362,15.7543637413864,1
163,1,18.75,3,15.7543637413864,18.75,0
164,1,10.75,1,0,7.4031718711094,1
164,1,10.75,1,7.4031718711094,10.75,0
165,1,14.75,6,0,0.00971175014497822,1
165,1,14.75,6,0.00971175014497822,1.23045357890429,1
165,1,14.75,6,1.23045357890429,1.24202365542636,1
165,1,14.75,6,1.24202365542636,4.92964448288517,1
165,1,14.75,6,4.92964448288517,11.6609631800335,1
165,1,14.75,6,11.6609631800335,13.4219771897567,1
165,1,14.75,6,13.4219771897567,14.75,0
166,1,17.75,4,0,0.110775645992741,1
166,1,17.75,4,0.110775645992741,11.7041011846609,1
166,1,17.75,4,11.7041011846609,11.716304651377,1
166,1,17.75,4,11.716304651377,14.4360128241112,1
166,1,17.75,4,14.4360128241112,17.75,0
167,1,11.75,5,0,0.355382729802449,1
167,1,11.75,5,0.355382729802449,0.948177375600712,1
167,1,11.75,5,0.948177375600712,2.85688375584346,1
167,1,11.75,5,2.85688375584346,9.47156692546776,1
167,1,11.75,5,9.47156692546776,10.5582036311544,1
167,1,11.75,5,10.5582036311544,11.75,0
168,1,10.75,3,0,5.07638111754785,1
168,1,10.75,3,5.07638111754785,7.50932362659923,1
168,1,10.75,3,7.50932362659923,7.85568662501308,1
168,1,10.75,3,7.85568662501308,10.75,0
169,1,17.75,0,0,17.75,0
170,1,15.75,2,0,3.74029852495418,1
170,1,15.75,2,3.74029852495418,9.03552448361046,1
170,1,15.75,2,9.03552448361046,15.75,0
171,1,17.75,5,0,4.81294010735841,1
171,1,17.75,5,4.81294010735841,7.87290672961695,1
171,1,17.75,5,7.87290672961695,9.95438056468659,1
171,1,17.75,5,9.95438056468659,15.9212491326165,1
171,1,17.75,5,15.9212491326165,15.9323853360067,1
171,1,17.75,5,15.9323853360067,17.75,0
172,1,18.75,3,0,0.912651539242157,1
172,1,18.75,3,0.912651539242157,2.79351738788106,1
172,1,18.75,3,2.79351738788106,7.39006220161465,1
172,1,18.75,3,7.39006220161465,18.75,0
173,1,17.75,3,0,6.01448699444047,1
173,1,17.75,3,6.01448699444047,6.55770405763211,1
173,1,17.75,3,6.55770405763211,10.8529681082165,1
173,1,17.75,3,10.8529681082165,17.75,0
174,1,10.75,4,0,2.4386044390708,1
174,1,10.75,4,2.4386044390708,3.4551080170263,1
174,1,10.75,4,3.4551080170263,6.94770348387922,1
174,1,10.75,4,6.94770348387922,9.56169744567196,1
174,1,10.75,4,9.56169744567196,10.75,0
175,1,13.75,3,0,5.4922018088335,1
175,1,13.75,3,5.4922018088335,12.9096503366853,1
175,1,13.75,3,12.9096503366853,13.5929221557923,1
175,1,13.75,3,13.5929221557923,13.75,0
176,1,16.75,5,0,3.19683371723116,1
176,1,16.75,5,3.19683371723116,3.38279157352186,1
176,1,16.75,5,3.38279157352186,5.24847414663505,1
176,1,16.75,5,5.24847414663505,12.4296323795121,1
176,1,16.75,5,12.4296323795121,15.7399394843423,1
176,1,16.75,5,15.7399394843423,16.75,0
177,1,14.75,1,0,2.41864484436276,1
177,1,14.75,1,2.41864484436276,14.75,0
178,1,14.75,1,0,0.00512637709443956,1
178,1,14.75,1,0.00512637709443956,14.75,0
179,1,13.75,4,0,3.28642081749299,1
179,1,13.75,4,3.28642081749299,9.88153367012807,1
179,1,13.75,4,9.88153367012807,11.2511472690381,1
179,1,13.75,4,11.2511472690381,12.2062042427883,1
179,1,13.75,4,12.2062042427883,13.75,0
180,1,11.75,0,0,11.75,0
181,1,20.75,2,0,0.712590406562015,1
181,1,20.75,2,0.712590406562015,10.5304946574441,1
181,1,20.75,2,10.5304946574441,20.75,0
182,1,16.75,0,0,16.75,0
183,1,17.75,7,0,2.16575683231916,1
183,1,17.75,7,2.16575683231916,2.99396950811477,1
183,1,17.75,7,2.99396950811477,8.13843374657356,1
183,1,17.75,7,8.13843374657356,11.5957313349609,1
183,1,17.75,7,11.5957313349609,11.6690883914755,1
183,1,17.75,7,11.6690883914755,14.3832635983436,1
183,1,17.75,7,14.3832635983436,14.8992200809584,1
183,1,17.75,7,14.8992200809584,17.75,0
184,1,19.75,14,0,0.147625834276688,1
184,1,19.75,14,0.147625834276688,1.15305538302627,1
184,1,19.75,14,1.15305538302627,1.30028909965289,1
184,1,19.75,14,1.30028909965289,1.81401861552765,1
184,1,19.75,14,1.81401861552765,6.67078864966943,1
184,1,19.75,14,6.67078864966943,6.89431715194457,1
184,1,19.75,14,6.89431715194457,7.51463973124362,1
184,1,19.75,14,7.51463973124362,8.11810075297146,1
184,1,19.75,14,8.11810075297146,10.446722894776,1
184,1,19.75,14,10.446722894776,11.3854749486197,1
184,1,19.75,14,11.3854749486197,14.3337234454715,1
184,1,19.75,14,14.3337234454715,17.2533132777301,1
184,1,19.75,14,17.2533132777301,18.3867853086714,1
184,1,19.75,14,18.3867853086714,18.8788046166747,1
184,1,19.75,14,18.8788046166747,19.75,0
185,1,15.75,10,0,1.20255520426535,1
185,1,15.75,10,1.20255520426535,1.59512793118633,1
185,1,15.75,10,1.59512793118633,2.43229160831594,1
185,1,15.75,10,2.43229160831594,6.10223870879467,1
185,1,15.75,10,6.10223870879467,6.44783698140603,1
185,1,15.75,10,6.44783698140603,6.48489719525856,1
185,1,15.75,10,6.48489719525856,9.41097596111461,1
185,1,15.75,10,9.41097596111461,10.7261825734093,1
185,1,15.75,10,10.7261825734093,11.8473120395114,1
185,1,15.75,10,11.8473120395114,12.3172207853163,1
185,1,15.75,10,12.3172207853163,15.75,0
186,1,15.75,6,0,0.427330615825359,1
186,1,15.75,6,0.427330615825359,1.9088107843417,1
186,1,15.75,6,1.9088107843417,9.66608310124698,1
186,1,15.75,6,9.66608310124698,11.4488196743803,1
186,1,15.75,6,11.4488196743803,12.9604693363467,1
186,1,15.75,6,12.9604693363467,13.7669544907591,1
186,1,15.75,6,13.7669544907591,15.75,0
187,1,11.75,5,0,0.933798965330814,1
187,1,11.75,5,0.933798965330814,4.845858805848,1
187,1,11.75,5,4.845858805848,6.69698660030048,1
187,1,11.75,5,6.69698660030048,8.07479541860125,1
187,1,11.75,5,8.07479541860125,10.5495636835397,1
187,1,11.75,5,10.5495636835397,11.75,0
188,1,10.75,3,0,0.396178120700112,1
188,1,10.75,3,0.396178120700112,2.51434620123204,1
188,1,10.75,3,2.51434620123204,9.64332501340601,1
188,1,10.75,3,9.64332501340601,10.75,0
189,1,13.75,1,0,6.91106061496305,1
189,1,13.75,1,6.91106061496305,13.75,0
190,1,17.75,7,0,4.51181092959284,1
190,1,17.75,7,4.51181092959284,4.95696295417686,1
190,1,17.75,7,4.95696295417686,6.06429837041608,1
190,1,17.75,7,6.06429837041608,10.3256883391713,1
190,1,17.75,7,10.3256883391713,12.3631973609511,1
190,1,17.75,7,12.3631973609511,14.7596042170739,1
190,1,17.75,7,14.7596042170739,16.0114939621494,1
190,1,17.75,7,16.0114939621494,17.75,0
191,1,15.75,4,0,0.799417822846949,1
191,1,15.75,4,0.799417822846949,5.27569433303459,1
191,1,15.75,4,5.27569433303459,10.3151457483231,1
191,1,15.75,4,10.3151457483231,13.2908261129722,1
191,1,15.75,4,13.2908261129722,15.75,0
192,1,14.75,4,0,3.00698746936288,1
192,1,14.75,4,3.00698746936288,7.64443532612198,1
192,1,14.75,4,7.64443532612198,10.918910845842,1
192,1,14.75,4,10.918910845842,12.2044756249689,1
192,1,14.75,4,12.2044756249689,14.75,0
193,1,12.75,5,0,0.662259653083494,1
193,1,12.75,5,0.662259653083494,0.742564030384982,1
193,1,12.75,5,0.742564030384982,1.01406265296738,1
193,1,12.75,5,1.01406265296738,6.84305678040134,1
193,1,12.75,5,6.84305678040134,12.0880852477768,1
193,1,12.75,5,12.0880852477768,12.75,0
194,1,9.75,2,0,3.88514360074203,1
194,1,9.75,2,3.88514360074203,4.32803166535215,1
194,1,9.75,2,4.32803166535215,9.75,0
195,1,14.75,1,0,2.67297014404611,1
195,1,14.75,1,2.67297014404611,14.75,0
196,1,18.75,8,0,1.04454041044089,1
196,1,18.75,8,1.04454041044089,3.23087962506963,1
196,1,18.75,8,3.23087962506963,10.2355662621243,1
196,1,18.75,8,10.2355662621243,10.4020294656071,1
196,1,18.75,8,10.4020294656071,10.877650996757,1
196,1,18.75,8,10.877650996757,11.2894194123662,1
196,1,18.75,8,11.2894194123662,15.8378465009864,1
196,1,18.75,8,15.8378465009864,16.43746318685,1
196,1,18.75,8,16.43746318685,18.75,0
197,1,9.75,1,0,5.98301417011382,1
197,1,9.75,1,5.98301417011382,9.75,0
198,1,9.75,3,0,1.98206167133433,1
198,1,9.75,3,1.98206167133433,2.36836156298564,1
198,1,9.75,3,2.36836156298564,4.33789452768303,1
198,1,9.75,3,4.33789452768303,9.75,0
199,1,16.75,5,0,0.12188030411274,1
199,1,16.75,5,0.12188030411274,0.267623958941247,1
199,1,16.75,5,0.267623958941247,3.58604582247235,1
199,1,16.75,5,3.58604582247235,6.62403509027305,1
199,1,16.75,5,6.62403509027305,11.1641548342079,1
199,1,16.75,5,11.1641548342079,16.75,0
200,1,14.75,4,0,0.736609578375668,1
200,1,14.75,4,0.736609578375668,2.10610221729876,1
200,1,14.75,4,2.10610221729876,9.41216770000543,1
200,1,14.75,4,9.41216770000543,10.5597761969243,1
200,1,14.75,4,10.5597761969243,14.75,0
201,1,14.75,7,0,2.91612430918168,1
201,1,14.75,7,2.91612430918168,5.19844694852251,1
201,1,14.75,7,5.19844694852251,5.65372719699412,1
201,1,14.75,7,5.65372719699412,8.23330680889404,1
201,1,14.75,7,8.23330680889404,10.2878237063028,1
201,1,14.75,7,10.2878237063028,11.8881298470869,1
201,1,14.75,7,11.8881298470869,12.6064231627344,1
201,1,14.75,7,12.6064231627344,14.75,0
202,1,14.75,8,0,1.53595793764465,1
202,1,14.75,8,1.53595793764465,2.62162834988099,1
202,1,14.75,8,2.62162834988099,5.26973375617288,1
202,1,14.75,8,5.26973375617288,6.89997910446115,1
202,1,14.75,8,6.89997910446115,9.27978030382466,1
202,1,14.75,8,9.27978030382466,11.3964704193781,1
202,1,14.75,8,11.3964704193781,11.4154936092715,1
202,1,14.75,8,11.4154936092715,14.2710725977487,1
202,1,14.75,8,14.2710725977487,14.75,0
203,1,15.75,1,0,8.04423558758156,1
203,1,15.75,1,8.04423558758156,15.75,0
204,1,12.75,2,0,5.08665312942126,1
204,1,12.75,2,5.08665312942126,11.420064954,1
204,1,12.75,2,11.420064954,12.75,0
205,1,13.75,6,0,3.1776921048099,1
205,1,13.75,6,3.1776921048099,4.59215273685316,1
205,1,13.75,6,4.59215273685316,7.04792542017087,1
205,1,13.75,6,7.04792542017087,9.19802025216288,1
205,1,13.75,6,9.19802025216288,9.24705575312362,1
205,1,13.75,6,9.24705575312362,11.9521106294423,1
205,1,13.75,6,11.9521106294423,13.75,0
206,1,17.75,12,0,5.25014861515947,1
206,1,17.75,12,5.25014861515947,6.00384855253154,1
206,1,17.75,12,6.00384855253154,7.0818513475215,1
206,1,17.75,12,7.0818513475215,8.6264856400752,1
206,1,17.75,12,8.6264856400752,11.303395706538,1
206,1,17.75,12,11.303395706538,12.4125188442509,1
206,1,17.75,12,12.4125188442509,12.4361059063607,1
206,1,17.75,12,12.4361059063607,13.3956260358353,1
206,1,17.75,12,13.3956260358353,13.8335190559784,1
206,1,17.75,12,13.8335190559784,14.2751537622526,1
206,1,17.75,12,14.2751537622526,15.318049796768,1
206,1,17.75,12,15.318049796768,16.7983609913202,1
206,1,17.75,12,16.7983609913202,17.75,0
207,1,10.75,1,0,2.61810583239337,1
207,1,10.75,1,2.61810583239337,10.75,0
208,1,15.75,5,0,2.15162831982738,1
208,1,15.75,5,2.15162831982738,2.22580656396796,1
208,1,15.75,5,2.22580656396796,8.21086081446595,1
208,1,15.75,5,8.21086081446595,10.8719284865364,1
208,1,15.75,5,10.8719284865364,14.39192319511,1
208,1,15.75,5,14.39192319511,15.75,0
209,1,17.75,3,0,5.8985168408556,1
209,1,17.75,3,5.8985168408556,6.22476444091286,1
209,1,17.75,3,6.22476444091286,6.65545807200295,1
209,1,17.75,3,6.65545807200295,17.75,0
210,1,8.75,3,0,0.518867579596072,1
210,1,8.75,3,0.518867579596072,1.21691352353394,1
210,1,8.75,3,1.21691352353394,2.94459891731587,1
210,1,8.75,3,2.94459891731587,8.75,0
211,1,20.75,7,0,0.700402301630646,1
211,1,20.75,7,0.700402301630646,1.56867871927774,1
211,1,20.75,7,1.56867871927774,7.64358783936175,1
211,1,20.75,7,7.64358783936175,8.27316075320933,1
211,1,20.75,7,8.27316075320933,14.0303284912085,1
211,1,20.75,7,14.0303284912085,14.4431140793654,1
211,1,20.75,7,14.4431140793654,18.2852612263201,1
211,1,20.75,7,18.2852612263201,20.75,0
212,1,11.75,1,0,1.15368974988278,1
212,1,11.75,1,1.15368974988278,11.75,0
213,1,8.75,0,0,8.75,0
214,1,9.75,6,0,0.556851796654559,1
214,1,9.75,6,0.556851796654559,2.62573802297823,1
214,1,9.75,6,2.62573802297823,4.6147793939029,1
214,1,9.75,6,4.6147793939029,5.36980743365397,1
214,1,9.75,6,5.36980743365397,7.06576399106457,1
214,1,9.75,6,7.06576399106457,7.45939583210342,1
214,1,9.75,6,7.45939583210342,9.75,0
215,1,14.75,0,0,14.75,0
216,1,14.75,5,0,2.08201003416324,1
216,1,14.75,5,2.08201003416324,4.88369387219735,1
216,1,14.75,5,4.88369387219735,6.24734799037726,1
216,1,14.75,5,6.24734799037726,7.69705973153679,1
216,1,14.75,5,7.69705973153679,9.33291712666642,1
216,1,14.75,5,9.33291712666642,14.75,0
217,1,13.75,2,0,7.98568315636427,1
217,1,13.75,2,7.98568315636427,8.21599911947491,1
217,1,13.75,2,8.21599911947491,13.75,0
218,1,14.75,0,0,14.75,0
219,1,18.75,5,0,3.94247027659165,1
219,1,18.75,5,3.94247027659165,6.2194274868475,1
219,1,18.75,5,6.2194274868475,6.91838604098736,1
219,1,18.75,5,6.91838604098736,10.8348599341496,1
219,1,18.75,5,10.8348599341496,18.6695031360811,1
219,1,18.75,5,18.6695031360811,18.75,0
220,1,8.75,3,0,1.31259341053981,1
220,1,8.75,3,1.31259341053981,2.9334816007879,1
220,1,8.75,3,2.9334816007879,5.87827164744769,1
220,1,8.75,3,5.87827164744769,8.75,0
221,1,11.75,0,0,11.75,0
222,1,8.75,1,0,5.49326758884644,1
222,1,8.75,1,5.49326758884644,8.75,0
223,1,14.75,6,0,5.62568608460443,1
223,1,14.75,6,5.62568608460443,9.23466456332674,1
223,1,14.75,6,9.23466456332674,9.51148557186726,1
223,1,14.75,6,9.51148557186726,13.0758975489484,1
223,1,14.75,6,13.0758975489484,14.175766882126,1
223,1,14.75,6,14.175766882126,14.2221904136686,1
223,1,14.75,6,14.2221904136686,14.75,0
224,1,15.75,1,0,14.2652826492284,1
224,1,15.75,1,14.2652826492284,15.75,0
225,1,13.75,2,0,1.8979387981445,1
225,1,13.75,2,1.8979387981445,8.30905703372176,1
225,1,13.75,2,8.30905703372176,13.75,0
226,1,14.75,4,0,5.46280847179137,1
226,1,14.75,4,5.46280847179137,8.9791593454729,1
226,1,14.75,4,8.9791593454729,12.8640011471784,1
226,1,14.75,4,12.8640011471784,14.4021747898707,1
226,1,14.75,4,14.4021747898707,14.75,0
227,1,16.75,3,0,8.5200006705382,1
227,1,16.75,3,8.5200006705382,9.11492481849241,1
227,1,16.75,3,9.11492481849241,15.8010779767132,1
227,1,16.75,3,15.8010779767132,16.75,0
228,1,20.75,2,0,1.58037387917719,1
228,1,20.75,2,1.58037387917719,17.5713280262574,1
228,1,20.75,2,17.5713280262574,20.75,0
229,1,18.75,4,0,4.09215301632451,1
229,1,18.75,4,4.09215301632451,4.43318470124444,1
229,1,18.75,4,4.43318470124444,8.17270538297338,1
229,1,18.75,4,8.17270538297338,18.5026231762854,1
229,1,18.75,4,18.5026231762854,18.75,0
230,1,13.75,1,0,12.077200050805,1
230,1,13.75,1,12.077200050805,13.75,0
231,1,14.75,3,0,0.475974554430908,1
231,1,14.75,3,0.475974554430908,5.2568122070128,1
231,1,14.75,3,5.2568122070128,8.39161973564646,1
231,1,14.75,3,8.39161973564646,14.75,0
232,1,10.75,2,0,0.25905807466023,1
232,1,10.75,2,0.25905807466023,9.70745542761568,1
232,1,10.75,2,9.70745542761568,10.75,0
233,1,11.75,8,0,0.710027834718188,1
233,1,11.75,8,0.710027834718188,1.11864064476609,1
233,1,11.75,8,1.11864064476609,3.1783403522019,1
233,1,11.75,8,3.1783403522019,3.68353415558495,1
233,1,11.75,8,3.68353415558495,7.04518938930685,1
233,1,11.75,8,7.04518938930685,10.601848609288,1
233,1,11.75,8,10.601848609288,10.9288151159515,1
233,1,11.75,8,10.9288151159515,11.3116439400555,1
233,1,11.75,8,11.3116439400555,11.75,0
234,1,13.75,3,0,1.08818812617559,1
234,1,13.75,3,1.08818812617559,4.58578458162849,1
234,1,13.75,3,4.58578458162849,11.5868427167522,1
234,1,13.75,3,11.5868427167522,13.75,0
235,1,17.75,7,0,6.69200107810913,1
235,1,17.75,7,6.69200107810913,7.79444857831925,1
235,1,17.75,7,7.79444857831925,9.19167074905807,1
235,1,17.75,7,9.19167074905807,13.7702696454201,1
235,1,17.75,7,13.7702696454201,14.4735101285315,1
235,1,17.75,7,14.4735101285315,16.1001539186155,1
235,1,17.75,7,16.1001539186155,16.1175028907695,1
235,1,17.75,7,16.1175028907695,17.75,0
236,1,18.75,8,0,8.31211749433837,1
236,1,18.75,8,8.31211749433837,9.8788192717139,1
236,1,18.75,8,9.8788192717139,11.0276798509472,1
236,1,18.75,8,11.0276798509472,14.237523133174,1
236,1,18.75,8,14.237523133174,14.5069407304237,1
236,1,18.75,8,14.5069407304237,15.4865930530227,1
236,1,18.75,8,15.4865930530227,18.0322226567201,1
236,1,18.75,8,18.0322226567201,18.7337470034195,1
236,1,18.75,8,18.7337470034195,18.75,0
237,1,18.75,2,0,12.3064591199195,1
237,1,18.75,2,12.3064591199195,16.7934867273773,1
237,1,18.75,2,16.7934867273773,18.75,0
238,1,10.75,8,0,0.432582475212489,1
238,1,10.75,8,0.432582475212489,2.80111377538257,1
238,1,10.75,8,2.80111377538257,4.15716430517357,1
238,1,10.75,8,4.15716430517357,4.81020412247154,1
238,1,10.75,8,4.81020412247154,5.48120266360169,1
238,1,10.75,8,5.48120266360169,6.61272633746047,1
238,1,10.75,8,6.61272633746047,6.82233325564335,1
238,1,10.75,8,6.82233325564335,9.36641219471741,1
238,1,10.75,8,9.36641219471741,10.75,0
239,1,16.75,3,0,0.924423333577821,1
239,1,16.75,3,0.924423333577821,5.92781356627573,1
239,1,16.75,3,5.92781356627573,11.7714844378206,1
239,1,16.75,3,11.7714844378206,16.75,0
240,1,9.75,8,0,1.2318136322889,1
240,1,9.75,8,1.2318136322889,1.31685920646754,1
240,1,9.75,8,1.31685920646754,1.5318692646812,1
240,1,9.75,8,1.5318692646812,1.88737034320985,1
240,1,9.75,8,1.88737034320985,2.20021491644957,1
240,1,9.75,8,2.20021491644957,5.98415013991674,1
240,1,9.75,8,5.98415013991674,8.59760841381071,1
240,1,9.75,8,8.59760841381071,9.67059153489518,1
240,1,9.75,8,9.67059153489518,9.75,0
241,1,10.75,1,0,9.00222747604273,1
241,1,10.75,1,9.00222747604273,10.75,0
242,1,13.75,2,0,4.71216588302872,1
242,1,13.75,2,4.71216588302872,11.0635371906327,1
242,1,13.75,2,11.0635371906327,13.75,0
243,1,15.75,2,0,3.40634102618164,1
243,1,15.75,2,3.40634102618164,4.80451590472684,1
243,1,15.75,2,4.80451590472684,15.75,0
244,1,14.75,9,0,0.301283261732361,1
244,1,14.75,9,0.301283261732361,3.81787385827721,1
244,1,14.75,9,3.81787385827721,5.03231554771727,1
244,1,14.75,9,5.03231554771727,5.19793293544359,1
244,1,14.75,9,5.19793293544359,5.72989528658344,1
244,1,14.75,9,5.72989528658344,6.76121517638984,1
244,1,14.75,9,6.76121517638984,10.7575427278667,1
244,1,14.75,9,10.7575427278667,11.4485980545741,1
244,1,14.75,9,11.4485980545741,12.668114712049,1
244,1,14.75,9,12.668114712049,14.75,0
245,1,11.75,4,0,0.910431428679458,1
245,1,11.75,4,0.910431428679458,1.91757065688366,1
245,1,11.75,4,1.91757065688366,5.27713672582883,1
245,1,11.75,4,5.27713672582883,10.6531592081342,1
245,1,11.75,4,10.6531592081342,11.75,0
246,1,11.75,2,0,4.24406774128208,1
246,1,11.75,2,4.24406774128208,7.46523436377554,1
246,1,11.75,2,7.46523436377554,11.75,0
247,1,11.75,12,0,0.098238753458231,1
247,1,11.75,12,0.098238753458231,1.74234722923562,1
247,1,11.75,12,1.74234722923562,2.38845979191455,1
247,1,11.75,12,2.38845979191455,3.75958271769289,1
247,1,11.75,12,3.75958271769289,3.90233622927686,1
247,1,11.75,12,3.90233622927686,4.40016905210525,1
247,1,11.75,12,4.40016905210525,4.7605167011947,1
247,1,11.75,12,4.7605167011947,5.82567558821498,1
247,1,11.75,12,5.82567558821498,6.0632689164552,1
247,1,11.75,12,6.0632689164552,6.28248162140793,1
247,1,11.75,12,6.28248162140793,6.78992693360961,1
247,1,11.75,12,6.78992693360961,10.4140539334578,1
247,1,11.75,12,10.4140539334578,11.75,0
248,1,10.75,1,0,10.0561130224217,1
248,1,10.75,1,10.0561130224217,10.75,0
249,1,17.75,7,0,0.492352045751869,1
249,1,17.75,7,0.492352045751869,2.51976907448285,1
249,1,17.75,7,2.51976907448285,3.08303292307832,1
249,1,17.75,7,3.08303292307832,3.65268813971487,1
249,1,17.75,7,3.65268813971487,7.60961533324354,1
249,1,17.75,7,7.60961533324354,10.5647674511645,1
249,1,17.75,7,10.5647674511645,12.0875997741125,1
249,1,17.75,7,12.0875997741125,17.75,0
250,1,14.75,3,0,5.23671765724825,1
250,1,14.75,3,5.23671765724825,12.3785289720246,1
250,1,14.75,3,12.3785289720246,14.1307130789522,1
250,1,14.75,3,14.1307130789522,14.75,0
251,1,17.75,0,0,17.75,0
252,1,16.75,7,0,9.16189079846847,1
252,1,16.75,7,9.16189079846847,11.1763425879189,1
252,1,16.75,7,11.1763425879189,11.6982214042042,1
252,1,16.75,7,11.6982214042042,14.4181304906282,1
252,1,16.75,7,14.4181304906282,15.6110136368271,1
252,1,16.75,7,15.6110136368271,15.7031736119625,1
252,1,16.75,7,15.7031736119625,16.3557958733471,1
252,1,16.75,7,16.3557958733471,16.75,0
253,1,16.75,2,0,1.66201476806826,1
253,1,16.75,2,1.66201476806826,4.40603282546724,1
253,1,16.75,2,4.40603282546724,16.75,0
254,1,12.75,1,0,0.0366397143166602,1
254,1,12.75,1,0.0366397143166602,12.75,0
255,1,8.75,3,0,2.36846378761482,1
255,1,8.75,3,2.36846378761482,2.72097351238111,1
255,1,8.75,3,2.72097351238111,6.98330781184888,1
255,1,8.75,3,6.98330781184888,8.75,0
256,1,13.75,4,0,2.96748154065126,1
256,1,13.75,4,2.96748154065126,7.27109252420791,1
256,1,13.75,4,7.27109252420791,10.2954423316346,1
256,1,13.75,4,10.2954423316346,10.6489806859987,1
256,1,13.75,4,10.6489806859987,13.75,0
257,1,13.75,5,0,2.54398341393728,1
257,1,13.75,5,2.54398341393728,3.80287194172198,1
257,1,13.75,5,3.80287194172198,7.23806912155514,1
257,1,13.75,5,7.23806912155514,7.57710129080727,1
257,1,13.75,5,7.57710129080727,11.6202349233721,1
257,1,13.75,5,11.6202349233721,13.75,0
258,1,18.75,5,0,9.17190625044468,1
258,1,18.75,5,9.17190625044468,9.47342357873233,1
258,1,18.75,5,9.47342357873233,12.7511659503972,1
258,1,18.75,5,12.7511659503972,16.2641966694321,1
258,1,18.75,5,16.2641966694321,18.7353712301835,1
258,1,18.75,5,18.7353712301835,18.75,0
259,1,9.75,1,0,3.92495366451254,1
259,1,9.75,1,3.92495366451254,9.75,0
260,1,20.75,9,0,0.395151212536946,1
260,1,20.75,9,0.395151212536946,0.653039928189836,1
260,1,20.75,9,0.653039928189836,3.36310676768515,1
260,1,20.75,9,3.36310676768515,8.43278152912278,1
260,1,20.75,9,8.43278152912278,10.4517538016214,1
260,1,20.75,9,10.4517538016214,13.1586720644637,1
260,1,20.75,9,13.1586720644637,17.7829621179963,1
260,1,20.75,9,17.7829621179963,18.4714973594139,1
260,1,20.75,9,18.4714973594139,19.0269052543173,1
260,1,20.75,9,19.0269052543173,20.75,0
261,1,9.75,1,0,4.00424617804494,1
261,1,9.75,1,4.00424617804494,9.75,0
262,1,15.75,3,0,0.324306704328338,1
262,1,15.75,3,0.324306704328338,8.62364723720779,1
262,1,15.75,3,8.62364723720779,15.2444859249482,1
262,1,15.75,3,15.2444859249482,15.75,0
263,1,16.75,2,0,10.897437936835,1
263,1,16.75,2,10.897437936835,15.1542290884171,1
263,1,16.75,2,15.1542290884171,16.75,0
264,1,12.75,12,0,2.34777481710972,1
264,1,12.75,12,2.34777481710972,4.98425655216801,1
264,1,12.75,12,4.98425655216801,5.90692705205224,1
264,1,12.75,12,5.90692705205224,6.60533822305983,1
264,1,12.75,12,6.60533822305983,6.81407806560912,1
264,1,12.75,12,6.81407806560912,7.35472495729843,1
264,1,12.75,12,7.35472495729843,8.11688379797859,1
264,1,12.75,12,8.11688379797859,9.61637674404012,1
264,1,12.75,12,9.61637674404012,9.78460666949434,1
264,1,12.75,12,9.78460666949434,9.94446443760845,1
264,1,12.75,12,9.94446443760845,12.2432510139504,1
264,1,12.75,12,12.2432510139504,12.4748321048857,1
264,1,12.75,12,12.4748321048857,12.75,0
265,1,11.75,4,0,0.111898947198683,1
265,1,11.75,4,0.111898947198683,6.31704303572879,1
265,1,11.75,4,6.31704303572879,7.76319924772127,1
265,1,11.75,4,7.76319924772127,10.310717907974,1
265,1,11.75,4,10.310717907974,11.75,0
266,1,11.75,1,0,7.54309091886916,1
266,1,11.75,1,7.54309091886916,11.75,0
267,1,17.75,2,0,8.30568049929619,1
267,1,17.75,2,8.30568049929619,14.6498855697919,1
267,1,17.75,2,14.6498855697919,17.75,0
268,1,14.75,7,0,0.250148822946443,1
268,1,14.75,7,0.250148822946443,4.83731328745748,1
268,1,14.75,7,4.83731328745748,5.10839634897488,1
268,1,14.75,7,5.10839634897488,8.04464548346012,1
268,1,14.75,7,8.04464548346012,11.2205572861632,1
268,1,14.75,7,11.2205572861632,12.903771113743,1
268,1,14.75,7,12.903771113743,13.0213540521006,1
268,1,14.75,7,13.0213540521006,14.75,0
269,1,15.75,2,0,0.539692581001191,1
269,1,15.75,2,0.539692581001191,12.3796770349178,1
269,1,15.75,2,12.3796770349178,15.75,0
270,1,16.75,7,0,8.72210340700702,1
270,1,16.75,7,8.72210340700702,10.0898167311976,1
270,1,16.75,7,10.0898167311976,11.0535020802687,1
270,1,16.75,7,11.0535020802687,12.2976323430299,1
270,1,16.75,7,12.2976323430299,12.6477839011699,1
270,1,16.75,7,12.6477839011699,14.5864186832192,1
270,1,16.75,7,14.5864186832192,15.8618501141356,1
270,1,16.75,7,15.8618501141356,16.75,0
271,1,10.75,4,0,3.71062308096622,1
271,1,10.75,4,3.71062308096622,4.38184185676812,1
271,1,10.75,4,4.38184185676812,4.9258887132928,1
271,1,10.75,4,4.9258887132928,9.32734592990324,1
271,1,10.75,4,9.32734592990324,10.75,0
272,1,13.75,3,0,10.5835055406884,1
272,1,13.75,3,10.5835055406884,10.8422606747026,1
272,1,13.75,3,10.8422606747026,13.3748571186528,1
272,1,13.75,3,13.3748571186528,13.75,0
273,1,12.75,8,0,0.40345133224607,1
273,1,12.75,8,0.40345133224607,4.16781577760001,1
273,1,12.75,8,4.16781577760001,4.96073490167629,1
273,1,12.75,8,4.96073490167629,7.99838187822584,1
273,1,12.75,8,7.99838187822584,9.69917030236634,1
273,1,12.75,8,9.69917030236634,10.1641867822472,1
273,1,12.75,8,10.1641867822472,10.5422334832845,1
273,1,12.75,8,10.5422334832845,12.2109494428153,1
273,1,12.75,8,12.2109494428153,12.75,0
274,1,13.75,7,0,1.12642957827493,1
274,1,13.75,7,1.12642957827493,1.35814919690537,1
274,1,13.75,7,1.35814919690537,6.85394200766251,1
274,1,13.75,7,6.85394200766251,7.2223015828231,1
274,1,13.75,7,7.2223015828231,7.28702570771378,1
274,1,13.75,7,7.28702570771378,7.55200319589031,1
274,1,13.75,7,7.55200319589031,11.2131312155746,1
274,1,13.75,7,11.2131312155746,13.75,0
275,1,13.75,5,0,2.597413376801,1
275,1,13.75,5,2.597413376801,6.14714948296211,1
275,1,13.75,5,6.14714948296211,8.64726397235982,1
275,1,13.75,5,8.64726397235982,9.03463550648725,1
275,1,13.75,5,9.03463550648725,11.7128733028038,1
275,1,13.75,5,11.7128733028038,13.75,0
276,1,12.75,18,0,1.46900723293434,1
276,1,12.75,18,1.46900723293434,2.12599120676704,1
276,1,12.75,18,2.12599120676704,2.79677409445476,1
276,1,12.75,18,2.79677409445476,3.19669757870356,1
276,1,12.75,18,3.19669757870356,3.45506261831443,1
276,1,12.75,18,3.45506261831443,4.94955566606755,1
276,1,12.75,18,4.94955566606755,6.18638869365998,1
276,1,12.75,18,6.18638869365998,7.12033133007524,1
276,1,12.75,18,7.12033133007524,7.37491773844844,1
276,1,12.75,18,7.37491773844844,8.22331198663984,1
276,1,12.75,18,8.22331198663984,8.72800343817623,1
276,1,12.75,18,8.72800343817623,9.01868495409794,1
276,1,12.75,18,9.01868495409794,10.251481858148,1
276,1,12.75,18,10.251481858148,10.4441959761177,1
276,1,12.75,18,10.4441959761177,11.0506869969943,1
276,1,12.75,18,11.0506869969943,12.1189354063657,1
276,1,12.75,18,12.1189354063657,12.2445256409414,1
276,1,12.75,18,12.2445256409414,12.7412841653028,1
276,1,12.75,18,12.7412841653028,12.75,0
277,1,11.75,3,0,1.51695573578571,1
277,1,11.75,3,1.51695573578571,5.94638234797926,1
277,1,11.75,3,5.94638234797926,8.13419872790984,1
277,1,11.75,3,8.13419872790984,11.75,0
278,1,20.75,4,0,2.61246195364034,1
278,1,20.75,4,2.61246195364034,5.45986458584342,1
278,1,20.75,4,5.45986458584342,8.21141100396482,1
278,1,20.75,4,8.21141100396482,13.1634785390019,1
278,1,20.75,4,13.1634785390019,20.75,0
279,1,18.75,10,0,1.59795164678316,1
279,1,18.75,10,1.59795164678316,6.47712492579064,1
279,1,18.75,10,6.47712492579064,7.1325490703651,1
279,1,18.75,10,7.1325490703651,12.4748009357362,1
279,1,18.75,10,12.4748009357362,15.1379651621695,1
279,1,18.75,10,15.1379651621695,15.3689997502939,1
279,1,18.75,10,15.3689997502939,16.2310817951247,1
279,1,18.75,10,16.2310817951247,17.3539453496326,1
279,1,18.75,10,17.3539453496326,17.8683948079317,1
279,1,18.75,10,17.8683948079317,18.5454802295142,1
279,1,18.75,10,18.5454802295142,18.75,0
280,1,8.75,3,0,0.291595009958491,1
280,1,8.75,3,0.291595009958491,1.77455721851756,1
280,1,8.75,3,1.77455721851756,8.23037400929773,1
280,1,8.75,3,8.23037400929773,8.75,0
281,1,9.75,2,0,6.98463672951685,1
281,1,9.75,2,6.98463672951685,9.26885678471239,1
281,1,9.75,2,9.26885678471239,9.75,0
282,1,13.75,5,0,8.94426282831355,1
282,1,13.75,5,8.94426282831355,8.97040838261802,1
282,1,13.75,5,8.97040838261802,13.3061689815337,1
282,1,13.75,5,13.3061689815337,13.3676709209856,1
282,1,13.75,5,13.3676709209856,13.420637700364,1
282,1,13.75,5,13.420637700364,13.75,0
283,1,18.75,11,0,0.705465820275221,1
283,1,18.75,11,0.705465820275221,4.07080633267773,1
283,1,18.75,11,4.07080633267773,4.87605410501423,1
283,1,18.75,11,4.87605410501423,5.70561620078057,1
283,1,18.75,11,5.70561620078057,7.37204547289448,1
283,1,18.75,11,7.37204547289448,10.0209586477314,1
283,1,18.75,11,10.0209586477314,13.9168962258831,1
283,1,18.75,11,13.9168962258831,16.1696016735614,1
283,1,18.75,11,16.1696016735614,16.7477542372761,1
283,1,18.75,11,16.7477542372761,17.6819991799016,1
283,1,18.75,11,17.6819991799016,18.747566231944,1
283,1,18.75,11,18.747566231944,18.75,0
284,1,16.75,2,0,4.621590406224,1
284,1,16.75,2,4.621590406224,15.8957782597534,1
284,1,16.75,2,15.8957782597534,16.75,0
285,1,9.75,0,0,9.75,0
286,1,8.75,6,0,0.758641454027515,1
286,1,8.75,6,0.758641454027515,1.75307210367933,1
286,1,8.75,6,1.75307210367933,4.8460729897521,1
286,1,8.75,6,4.8460729897521,5.18357532324675,1
286,1,8.75,6,5.18357532324675,5.62937297963881,1
286,1,8.75,6,5.62937297963881,6.92801802303562,1
286,1,8.75,6,6.92801802303562,8.75,0
287,1,8.75,3,0,2.03173737504205,1
287,1,8.75,3,2.03173737504205,2.41663131137718,1
287,1,8.75,3,2.41663131137718,6.88765368030321,1
287,1,8.75,3,6.88765368030321,8.75,0
288,1,16.75,3,0,8.61630586727726,1
288,1,16.75,3,8.61630586727726,8.68414958808287,1
288,1,16.75,3,8.68414958808287,15.3298247559037,1
288,1,16.75,3,15.3298247559037,16.75,0
289,1,13.75,2,0,8.69807781421626,1
289,1,13.75,2,8.69807781421626,10.0923714052879,1
289,1,13.75,2,10.0923714052879,13.75,0
290,1,16.75,0,0,16.75,0
291,1,8.75,1,0,1.81394720473221,1
291,1,8.75,1,1.81394720473221,8.75,0
292,1,11.75,2,0,0.406720339107792,1
292,1,11.75,2,0.406720339107792,4.92502335832512,1
292,1,11.75,2,4.92502335832512,11.75,0
293,1,8.75,1,0,3.60763486924297,1
293,1,8.75,1,3.60763486924297,8.75,0
294,1,8.75,1,0,7.79584611190655,1
294,1,8.75,1,7.79584611190655,8.75,0
295,1,15.75,7,0,2.00563289063331,1
295,1,15.75,7,2.00563289063331,3.27723860075926,1
295,1,15.75,7,3.27723860075926,4.9794628830907,1
295,1,15.75,7,4.9794628830907,7.97406031882434,1
295,1,15.75,7,7.97406031882434,11.9608366810605,1
295,1,15.75,7,11.9608366810605,12.6990167154417,1
295,1,15.75,7,12.6990167154417,12.8215384935303,1
295,1,15.75,7,12.8215384935303,15.75,0
296,1,14.75,2,0,8.28361834699551,1
296,1,14.75,2,8.28361834699551,13.0128087396858,1
296,1,14.75,2,13.0128087396858,14.75,0
297,1,12.75,2,0,3.20750527609958,1
297,1,12.75,2,3.20750527609958,5.17577532868254,1
297,1,12.75,2,5.17577532868254,12.75,0
298,1,12.75,1,0,1.08333221791583,1
298,1,12.75,1,1.08333221791583,12.75,0
299,1,18.75,9,0,0.361727467115188,1
299,1,18.75,9,0.361727467115188,0.491024567867196,1
299,1,18.75,9,0.491024567867196,0.878388776732289,1
299,1,18.75,9,0.878388776732289,2.34791464987028,1
299,1,18.75,9,2.34791464987028,6.67821163538862,1
299,1,18.75,9,6.67821163538862,12.1702335604119,1
299,1,18.75,9,12.1702335604119,15.6300750680726,1
299,1,18.75,9,15.6300750680726,15.8045479662267,1
299,1,18.75,9,15.8045479662267,17.8255843623269,1
299,1,18.75,9,17.8255843623269,18.75,0
300,1,17.75,10,0,0.835448799312682,1
300,1,17.75,10,0.835448799312682,3.24566876070255,1
300,1,17.75,10,3.24566876070255,6.23179568361351,1
300,1,17.75,10,6.23179568361351,6.8767072505469,1
300,1,17.75,10,6.8767072505469,8.13304485238511,1
300,1,17.75,10,8.13304485238511,8.52393559838837,1
300,1,17.75,10,8.52393559838837,9.08172572122264,1
300,1,17.75,10,9.08172572122264,11.8808929476326,1
300,1,17.75,10,11.8808929476326,12.2680255749651,1
300,1,17.75,10,12.2680255749651,16.558298998612,1
300,1,17.75,10,16.558298998612,17.75,0
301,0,14.75,4,0,0.869091492755167,1
301,0,14.75,4,0.869091492755167,7.03091088801799,1
301,0,14.75,4,7.03091088801799,7.65452258899618,1
301,0,14.75,4,7.65452258899618,14.5322185416093,1
301,0,14.75,4,14.5322185416093,14.75,0
302,0,13.75,5,0,11.0709311357455,1
302,0,13.75,5,11.0709311357455,11.5682826839638,1
302,0,13.75,5,11.5682826839638,12.212279762186,1
302,0,13.75,5,12.212279762186,12.8918455039964,1
302,0,13.75,5,12.8918455039964,13.6857059856482,1
302,0,13.75,5,13.6857059856482,13.75,0
303,0,11.75,4,0,0.00791244896366015,1
303,0,11.75,4,0.00791244896366015,0.322196708865205,1
303,0,11.75,4,0.322196708865205,7.82925775004265,1
303,0,11.75,4,7.82925775004265,8.83093893993525,1
303,0,11.75,4,8.83093893993525,11.75,0
304,0,14.75,3,0,0.00698089778646361,1
304,0,14.75,3,0.00698089778646361,4.64951062491066,1
304,0,14.75,3,4.64951062491066,9.88366510271348,1
304,0,14.75,3,9.88366510271348,14.75,0
305,0,13.75,1,0,0.0296855270764502,1
305,0,13.75,1,0.0296855270764502,13.75,0
306,0,10.75,10,0,0.208924000326128,1
306,0,10.75,10,0.208924000326128,5.1638207067677,1
306,0,10.75,10,5.1638207067677,6.1033820476959,1
306,0,10.75,10,6.1033820476959,7.44019491923254,1
306,0,10.75,10,7.44019491923254,7.54890417916841,1
306,0,10.75,10,7.54890417916841,8.22526894160077,1
306,0,10.75,10,8.22526894160077,9.1018083439556,1
306,0,10.75,10,9.1018083439556,9.7286141560529,1
306,0,10.75,10,9.7286141560529,10.4799884056995,1
306,0,10.75,10,10.4799884056995,10.4941267378036,1
306,0,10.75,10,10.4941267378036,10.75,0
307,0,11.75,3,0,7.48044209602465,1
307,0,11.75,3,7.48044209602465,7.5929452692859,1
307,0,11.75,3,7.5929452692859,8.32302856846801,1
307,0,11.75,3,8.32302856846801,11.75,0
308,0,11.75,3,0,6.05988197353718,1
308,0,11.75,3,6.05988197353718,7.00801666353461,1
308,0,11.75,3,7.00801666353461,8.9201890826877,1
308,0,11.75,3,8.9201890826877,11.75,0
309,0,16.75,2,0,0.384184658278076,1
309,0,16.75,2,0.384184658278076,1.68361075745905,1
309,0,16.75,2,1.68361075745905,16.75,0
310,0,16.75,5,0,1.74244253695307,1
310,0,16.75,5,1.74244253695307,4.2969687727453,1
310,0,16.75,5,4.2969687727453,4.76573051693124,1
310,0,16.75,5,4.76573051693124,10.2523627527602,1
310,0,16.75,5,10.2523627527602,14.7595961561898,1
310,0,16.75,5,14.7595961561898,16.75,0
311,0,8.75,0,0,8.75,0
312,0,17.75,1,0,2.7484995038775,1
312,0,17.75,1,2.7484995038775,17.75,0
313,0,16.75,2,0,1.3694155422603,1
313,0,16.75,2,1.3694155422603,3.50994351943329,1
313,0,16.75,2,3.50994351943329,16.75,0
314,0,18.75,6,0,0.943711755628429,1
314,0,18.75,6,0.943711755628429,5.08226780711112,1
314,0,18.75,6,5.08226780711112,9.21703390498423,1
314,0,18.75,6,9.21703390498423,11.431760914083,1
314,0,18.75,6,11.431760914083,13.0724831070935,1
314,0,18.75,6,13.0724831070935,13.0908143956676,1
314,0,18.75,6,13.0908143956676,18.75,0
315,0,8.75,0,0,8.75,0
316,0,11.75,4,0,1.92677952391927,1
316,0,11.75,4,1.92677952391927,3.22173290066353,1
316,0,11.75,4,3.22173290066353,5.6556491808997,1
316,0,11.75,4,5.6556491808997,8.17340770990625,1
316,0,11.75,4,8.17340770990625,11.75,0
317,0,14.75,2,0,2.65689769525468,1
317,0,14.75,2,2.65689769525468,11.1056356171876,1
317,0,14.75,2,11.1056356171876,14.75,0
318,0,10.75,1,0,10.2743588168864,1
318,0,10.75,1,10.2743588168864,10.75,0
319,0,13.75,1,0,0.560388323071793,1
319,0,13.75,1,0.560388323071793,13.75,0
320,0,15.75,7,0,1.50194285882341,1
320,0,15.75,7,1.50194285882341,1.51216871390232,1
320,0,15.75,7,1.51216871390232,4.57080008156082,1
320,0,15.75,7,4.57080008156082,4.90948982946374,1
320,0,15.75,7,4.90948982946374,5.31257889626688,1
320,0,15.75,7,5.31257889626688,9.76508065724379,1
320,0,15.75,7,9.76508065724379,12.0636707733495,1
320,0,15.75,7,12.0636707733495,15.75,0
321,0,12.75,4,0,2.12090108711221,1
321,0,12.75,4,2.12090108711221,4.36409156842688,1
321,0,12.75,4,4.36409156842688,5.31078044294712,1
321,0,12.75,4,5.31078044294712,6.62365221248809,1
321,0,12.75,4,6.62365221248809,12.75,0
322,0,17.75,5,0,2.08248411027124,1
322,0,17.75,5,2.08248411027124,7.70045824669445,1
322,0,17.75,5,7.70045824669445,8.70101560446911,1
322,0,17.75,5,8.70101560446911,11.5087150995647,1
322,0,17.75,5,11.5087150995647,12.1786049569788,1
322,0,17.75,5,12.1786049569788,17.75,0
323,0,17.75,0,0,17.75,0
324,0,18.75,1,0,0.657304436973177,1
324,0,18.75,1,0.657304436973177,18.75,0
325,0,16.75,2,0,9.60419848403799,1
325,0,16.75,2,9.60419848403799,15.2520795685495,1
325,0,16.75,2,15.2520795685495,16.75,0
326,0,14.75,4,0,0.392858703200949,1
326,0,14.75,4,0.392858703200949,3.29200034875789,1
326,0,14.75,4,3.29200034875789,11.8004616345769,1
326,0,14.75,4,11.8004616345769,12.8497878214582,1
326,0,14.75,4,12.8497878214582,14.75,0
327,0,8.75,1,0,8.53117931602088,1
327,0,8.75,1,8.53117931602088,8.75,0
328,0,11.75,5,0,1.05900396590717,1
328,0,11.75,5,1.05900396590717,4.6277508030168,1
328,0,11.75,5,4.6277508030168,9.29971062115065,1
328,0,11.75,5,9.29971062115065,11.3216709099728,1
328,0,11.75,5,11.3216709099728,11.4054494935835,1
328,0,11.75,5,11.4054494935835,11.75,0
329,0,14.75,6,0,2.14832360265103,1
329,0,14.75,6,2.14832360265103,4.68663919527815,1
329,0,14.75,6,4.68663919527815,6.03112151726803,1
329,0,14.75,6,6.03112151726803,7.41739581618176,1
329,0,14.75,6,7.41739581618176,11.0796044118841,1
329,0,14.75,6,11.0796044118841,13.7769981181616,1
329,0,14.75,6,13.7769981181616,14.75,0
330,0,14.75,1,0,4.06591748230769,1
330,0,14.75,1,4.06591748230769,14.75,0
331,0,16.75,5,0,2.04598574356056,1
331,0,16.75,5,2.04598574356056,3.14620708790586,1
331,0,16.75,5,3.14620708790586,9.56348306269897,1
331,0,16.75,5,9.56348306269897,12.6087635820854,1
331,0,16.75,5,12.6087635820854,13.43274620754,1
331,0,16.75,5,13.43274620754,16.75,0
332,0,8.75,1,0,4.19603326552407,1
332,0,8.75,1,4.19603326552407,8.75,0
333,0,9.75,3,0,0.492788560189957,1
333,0,9.75,3,0.492788560189957,0.681952699499767,1
333,0,9.75,3,0.681952699499767,5.70862697080098,1
333,0,9.75,3,5.70862697080098,9.75,0
334,0,11.75,1,0,6.91797592621211,1
334,0,11.75,1,6.91797592621211,11.75,0
335,0,12.75,7,0,0.701738697535621,1
335,0,12.75,7,0.701738697535621,2.15535887337546,1
335,0,12.75,7,2.15535887337546,3.82267174025041,1
335,0,12.75,7,3.82267174025041,5.79812443455437,1
335,0,12.75,7,5.79812443455437,9.2387764078558,1
335,0,12.75,7,9.2387764078558,10.4934417678356,1
335,0,12.75,7,10.4934417678356,11.6511372417139,1
335,0,12.75,7,11.6511372417139,12.75,0
336,0,9.75,1,0,0.86302399927614,1
336,0,9.75,1,0.86302399927614,9.75,0
337,0,15.75,1,0,6.4303060942713,1
337,0,15.75,1,6.4303060942713,15.75,0
338,0,19.75,2,0,8.70774868405369,1
338,0,19.75,2,8.70774868405369,14.1165129612272,1
338,0,19.75,2,14.1165129612272,19.75,0
339,0,17.75,1,0,2.22815821668483,1
339,0,17.75,1,2.22815821668483,17.75,0
340,0,13.75,2,0,11.547644636036,1
340,0,13.75,2,11.547644636036,11.8032280230527,1
340,0,13.75,2,11.8032280230527,13.75,0
341,0,13.75,2,0,10.4028217236816,1
341,0,13.75,2,10.4028217236816,13.4003440453417,1
341,0,13.75,2,13.4003440453417,13.75,0
342,0,14.75,6,0,4.07448797209666,1
342,0,14.75,6,4.07448797209666,4.3566148929173,1
342,0,14.75,6,4.3566148929173,7.13427240808077,1
342,0,14.75,6,7.13427240808077,9.82363098968066,1
342,0,14.75,6,9.82363098968066,9.98705416995515,1
342,0,14.75,6,9.98705416995515,10.8572953180263,1
342,0,14.75,6,10.8572953180263,14.75,0
343,0,9.75,1,0,3.3244853297385,1
343,0,9.75,1,3.3244853297385,9.75,0
344,0,18.75,3,0,0.497364624487974,1
344,0,18.75,3,0.497364624487974,1.51370707712528,1
344,0,18.75,3,1.51370707712528,2.15667206067775,1
344,0,18.75,3,2.15667206067775,18.75,0
345,0,15.75,3,0,2.51665069370415,1
345,0,15.75,3,2.51665069370415,5.13321033385024,1
345,0,15.75,3,5.13321033385024,8.98779563189013,1
345,0,15.75,3,8.98779563189013,15.75,0
346,0,18.75,2,0,6.45132618723922,1
346,0,18.75,2,6.45132618723922,15.4798887666482,1
346,0,18.75,2,15.4798887666482,18.75,0
347,0,18.75,5,0,0.401345891195593,1
347,0,18.75,5,0.401345891195593,4.04462681002642,1
347,0,18.75,5,4.04462681002642,8.07089469864396,1
347,0,18.75,5,8.07089469864396,9.59016692376696,1
347,0,18.75,5,9.59016692376696,10.2247589156793,1
347,0,18.75,5,10.2247589156793,18.75,0
348,0,16.75,0,0,16.75,0
349,0,11.75,3,0,0.0631203955625767,1
349,0,11.75,3,0.0631203955625767,4.31572629032684,1
349,0,11.75,3,4.31572629032684,10.2601872378276,1
349,0,11.75,3,10.2601872378276,11.75,0
350,0,19.75,4,0,4.8896032581361,1
350,0,19.75,4,4.8896032581361,5.10714799151976,1
350,0,19.75,4,5.10714799151976,11.9391118675174,1
350,0,19.75,4,11.9391118675174,17.7397174192087,1
350,0,19.75,4,17.7397174192087,19.75,0
351,0,18.75,3,0,0.458532556502354,1
351,0,18.75,3,0.458532556502354,1.78145058872596,1
351,0,18.75,3,1.78145058872596,8.53674898603818,1
351,0,18.75,3,8.53674898603818,18.75,0
352,0,18.75,3,0,0.7901670457514,1
352,0,18.75,3,0.7901670457514,7.62521508155255,1
352,0,18.75,3,7.62521508155255,9.45143740872164,1
352,0,18.75,3,9.45143740872164,18.75,0
353,0,8.75,1,0,5.65304297871355,1
353,0,8.75,1,5.65304297871355,8.75,0
354,0,16.75,1,0,10.0924087813297,1
354,0,16.75,1,10.0924087813297,16.75,0
355,0,11.75,0,0,11.75,0
356,0,16.75,0,0,16.75,0
357,0,14.75,1,0,9.23863653372203,1
357,0,14.75,1,9.23863653372203,14.75,0
358,0,16.75,1,0,6.80606798199972,1
358,0,16.75,1,6.80606798199972,16.75,0
359,0,14.75,1,0,2.45532647279899,1
359,0,14.75,1,2.45532647279899,14.75,0
360,0,13.75,3,0,0.75297609396663,1
360,0,13.75,3,0.75297609396663,5.10047766648799,1
360,0,13.75,3,5.10047766648799,9.30989138274828,1
360,0,13.75,3,9.30989138274828,13.75,0
361,0,12.75,5,0,0.390977176887949,1
361,0,12.75,5,0.390977176887949,1.39449518141192,1
361,0,12.75,5,1.39449518141192,5.21861233989553,1
361,0,12.75,5,5.21861233989553,9.22365245593581,1
361,0,12.75,5,9.22365245593581,11.4816616847084,1
361,0,12.75,5,11.4816616847084,12.75,0
362,0,19.75,9,0,0.334198868499372,1
362,0,19.75,9,0.334198868499372,1.25764637446453,1
362,0,19.75,9,1.25764637446453,7.93063691459157,1
362,0,19.75,9,7.93063691459157,9.00484724092348,1
362,0,19.75,9,9.00484724092348,9.23427786515096,1
362,0,19.75,9,9.23427786515096,9.25959287738135,1
362,0,19.75,9,9.25959287738135,13.6089214405037,1
362,0,19.75,9,13.6089214405037,14.8131982484205,1
362,0,19.75,9,14.8131982484205,15.6946622747724,1
362,0,19.75,9,15.6946622747724,19.75,0
363,0,18.75,3,0,1.71916586301143,1
363,0,18.75,3,1.71916586301143,10.8166452031433,1
363,0,18.75,3,10.8166452031433,18.5655666985454,1
363,0,18.75,3,18.5655666985454,18.75,0
364,0,10.75,1,0,3.48517356083484,1
364,0,10.75,1,3.48517356083484,10.75,0
365,0,8.75,2,0,2.28653785712864,1
365,0,8.75,2,2.28653785712864,3.29274645353272,1
365,0,8.75,2,3.29274645353272,8.75,0
366,0,14.75,3,0,1.76713209686625,1
366,0,14.75,3,1.76713209686625,4.07660236059802,1
366,0,14.75,3,4.07660236059802,13.3952017370397,1
366,0,14.75,3,13.3952017370397,14.75,0
367,0,19.75,7,0,3.7801130450034,1
367,0,19.75,7,3.7801130450034,5.41838937143677,1
367,0,19.75,7,5.41838937143677,6.63188072525888,1
367,0,19.75,7,6.63188072525888,8.16719123896566,1
367,0,19.75,7,8.16719123896566,8.52290469844789,1
367,0,19.75,7,8.52290469844789,8.79635652885318,1
367,0,19.75,7,8.79635652885318,17.9990894304045,1
367,0,19.75,7,17.9990894304045,19.75,0
368,0,14.75,3,0,0.623470532005892,1
368,0,14.75,3,0.623470532005892,1.50416886467169,1
368,0,14.75,3,1.50416886467169,4.31061964258942,1
368,0,14.75,3,4.31061964258942,14.75,0
369,0,14.75,1,0,10.9918666028214,1
369,0,14.75,1,10.9918666028214,14.75,0
370,0,14.75,0,0,14.75,0
371,0,13.75,2,0,4.366615331634,1
371,0,13.75,2,4.366615331634,8.03184490345898,1
371,0,13.75,2,8.03184490345898,13.75,0
372,0,11.75,2,0,5.57958567090704,1
372,0,11.75,2,5.57958567090704,10.7316467223754,1
372,0,11.75,2,10.7316467223754,11.75,0
373,0,10.75,2,0,0.575529840039092,1
373,0,10.75,2,0.575529840039092,8.66223864546354,1
373,0,10.75,2,8.66223864546354,10.75,0
374,0,10.75,5,0,1.8773250831304,1
374,0,10.75,5,1.8773250831304,4.84756894199673,1
374,0,10.75,5,4.84756894199673,5.42278027815022,1
374,0,10.75,5,5.42278027815022,7.40267390031377,1
374,0,10.75,5,7.40267390031377,9.39532715623843,1
374,0,10.75,5,9.39532715623843,10.75,0
375,0,16.75,0,0,16.75,0
376,0,15.75,6,0,0.551932428183929,1
376,0,15.75,6,0.551932428183929,0.705918176704385,1
376,0,15.75,6,0.705918176704385,2.35973613342177,1
376,0,15.75,6,2.35973613342177,5.21489255693664,1
376,0,15.75,6,5.21489255693664,7.08133480504701,1
376,0,15.75,6,7.08133480504701,15.4792062329879,1
376,0,15.75,6,15.4792062329879,15.75,0
377,0,13.75,0,0,13.75,0
378,0,11.75,4,0,3.4433760780976,1
378,0,11.75,4,3.4433760780976,5.37101654647632,1
378,0,11.75,4,5.37101654647632,10.7606996409068,1
378,0,11.75,4,10.7606996409068,11.1155180483972,1
378,0,11.75,4,11.1155180483972,11.75,0
379,0,18.75,5,0,1.96819765683537,1
379,0,18.75,5,1.96819765683537,4.07680210137843,1
379,0,18.75,5,4.07680210137843,9.55026388084445,1
379,0,18.75,5,9.55026388084445,10.2011757243792,1
379,0,18.75,5,10.2011757243792,11.6626063466154,1
379,0,18.75,5,11.6626063466154,18.75,0
380,0,10.75,3,0,4.35968890602311,1
380,0,10.75,3,4.35968890602311,6.05736381847623,1
380,0,10.75,3,6.05736381847623,6.2130553418245,1
380,0,10.75,3,6.2130553418245,10.75,0
381,0,12.75,1,0,4.08454082223327,1
381,0,12.75,1,4.08454082223327,12.75,0
382,0,13.75,1,0,1.81251740115515,1
382,0,13.75,1,1.81251740115515,13.75,0
383,0,17.75,0,0,17.75,0
384,0,19.75,3,0,1.29095340014811,1
384,0,19.75,3,1.29095340014811,2.09802067220695,1
384,0,19.75,3,2.09802067220695,12.5205876385774,1
384,0,19.75,3,12.5205876385774,19.75,0
385,0,8.75,2,0,4.3961623007563,1
385,0,8.75,2,4.3961623007563,7.4794855856123,1
385,0,8.75,2,7.4794855856123,8.75,0
386,0,9.75,6,0,0.304723912702929,1
386,0,9.75,6,0.304723912702929,3.0498708730561,1
386,0,9.75,6,3.0498708730561,3.36484399560316,1
386,0,9.75,6,3.36484399560316,7.43105648482664,1
386,0,9.75,6,7.43105648482664,8.10976948074231,1
386,0,9.75,6,8.10976948074231,8.97143773745044,1
386,0,9.75,6,8.97143773745044,9.75,0
387,0,13.75,7,0,2.70213447613106,1
387,0,13.75,7,2.70213447613106,3.06455883183489,1
387,0,13.75,7,3.06455883183489,4.35984322904541,1
387,0,13.75,7,4.35984322904541,5.19142513130656,1
387,0,13.75,7,5.19142513130656,6.38936259699505,1
387,0,13.75,7,6.38936259699505,7.21471089763533,1
387,0,13.75,7,7.21471089763533,9.30887657340259,1
387,0,13.75,7,9.30887657340259,13.75,0
388,0,16.75,0,0,16.75,0
389,0,12.75,0,0,12.75,0
390,0,14.75,0,0,14.75,0
391,0,11.75,3,0,6.70081599822923,1
391,0,11.75,3,6.70081599822923,7.94154733190748,1
391,0,11.75,3,7.94154733190748,10.5460682172728,1
391,0,11.75,3,10.5460682172728,11.75,0
392,0,19.75,3,0,7.74753532112805,1
392,0,19.75,3,7.74753532112805,8.40639513382941,1
392,0,19.75,3,8.40639513382941,9.73965073521126,1
392,0,19.75,3,9.73965073521126,19.75,0
393,0,20.75,6,0,0.864659560773004,1
393,0,20.75,6,0.864659560773004,3.47514831159961,1
393,0,20.75,6,3.47514831159961,4.5446469580564,1
393,0,20.75,6,4.5446469580564,10.5218015590506,1
393,0,20.75,6,10.5218015590506,14.4873561214826,1
393,0,20.75,6,14.4873561214826,16.205352229753,1
393,0,20.75,6,16.205352229753,20.75,0
394,0,9.75,2,0,3.12066392984318,1
394,0,9.75,2,3.12066392984318,4.85126345107676,1
394,0,9.75,2,4.85126345107676,9.75,0
395,0,13.75,2,0,3.24180720648437,1
395,0,13.75,2,3.24180720648437,8.19882699488322,1
395,0,13.75,2,8.19882699488322,13.75,0
396,0,12.75,1,0,10.135034635038,1
396,0,12.75,1,10.135034635038,12.75,0
397,0,13.75,2,0,6.25582082819735,1
397,0,13.75,2,6.25582082819735,11.7816629115336,1
397,0,13.75,2,11.7816629115336,13.75,0
398,0,17.75,2,0,13.0358114380942,1
398,0,17.75,2,13.0358114380942,14.4349362877873,1
398,0,17.75,2,14.4349362877873,17.75,0
399,0,7.75,1,0,7.33743783169735,1
399,0,7.75,1,7.33743783169735,7.75,0
400,0,15.75,1,0,1.70096824464413,1
400,0,15.75,1,1.70096824464413,15.75,0
401,0,11.75,2,0,2.12730551212396,1
401,0,11.75,2,2.12730551212396,8.49430431388944,1
401,0,11.75,2,8.49430431388944,11.75,0
402,0,19.75,5,0,4.5411861466874,1
402,0,19.75,5,4.5411861466874,8.56791180805625,1
402,0,19.75,5,8.56791180805625,9.49274653191815,1
402,0,19.75,5,9.49274653191815,15.9173267618435,1
402,0,19.75,5,15.9173267618435,16.4456049266334,1
402,0,19.75,5,16.4456049266334,19.75,0
403,0,17.75,5,0,5.9732738200485,1
403,0,17.75,5,5.9732738200485,11.130594653493,1
403,0,17.75,5,11.130594653493,11.1456939862516,1
403,0,17.75,5,11.1456939862516,11.8449723289194,1
403,0,17.75,5,11.8449723289194,12.9685211265358,1
403,0,17.75,5,12.9685211265358,17.75,0
404,0,9.75,0,0,9.75,0
405,0,12.75,4,0,4.58838919112166,1
405,0,12.75,4,4.58838919112166,6.13921971046348,1
405,0,12.75,4,6.13921971046348,7.19614580299173,1
405,0,12.75,4,7.19614580299173,10.6527334227284,1
405,0,12.75,4,10.6527334227284,12.75,0
406,0,15.75,2,0,3.52064843518175,1
406,0,15.75,2,3.52064843518175,4.42027335024429,1
406,0,15.75,2,4.42027335024429,15.75,0
407,0,15.75,7,0,4.52085386704425,1
407,0,15.75,7,4.52085386704425,5.03197361955768,1
407,0,15.75,7,5.03197361955768,6.14675899032279,1
407,0,15.75,7,6.14675899032279,10.9378440779115,1
407,0,15.75,7,10.9378440779115,11.7174471234595,1
407,0,15.75,7,11.7174471234595,12.0747435501216,1
407,0,15.75,7,12.0747435501216,12.5050181080186,1
407,0,15.75,7,12.5050181080186,15.75,0
408,0,11.75,0,0,11.75,0
409,0,11.75,2,0,2.42848266079444,1
409,0,11.75,2,2.42848266079444,11.507775764123,1
409,0,11.75,2,11.507775764123,11.75,0
410,0,15.75,1,0,3.60412091085569,1
410,0,15.75,1,3.60412091085569,15.75,0
411,0,10.75,1,0,0.211342780089112,1
411,0,10.75,1,0.211342780089112,10.75,0
412,0,11.75,5,0,1.34102230272035,1
412,0,11.75,5,1.34102230272035,4.48705593292393,1
412,0,11.75,5,4.48705593292393,8.36077311493393,1
412,0,11.75,5,8.36077311493393,10.6075973258678,1
412,0,11.75,5,10.6075973258678,10.8111709307488,1
412,0,11.75,5,10.8111709307488,11.75,0
413,0,9.75,2,0,1.74503221753841,1
413,0,9.75,2,1.74503221753841,5.09398604780609,1
413,0,9.75,2,5.09398604780609,9.75,0
414,0,15.75,2,0,2.65196416650052,1
414,0,15.75,2,2.65196416650052,4.99837929678063,1
414,0,15.75,2,4.99837929678063,15.75,0
415,0,15.75,5,0,1.62369546440461,1
415,0,15.75,5,1.62369546440461,3.87051898658259,1
415,0,15.75,5,3.87051898658259,8.91708788312185,1
415,0,15.75,5,8.91708788312185,9.82841236398001,1
415,0,15.75,5,9.82841236398001,12.8252615639883,1
415,0,15.75,5,12.8252615639883,15.75,0
416,0,10.75,2,0,2.0584056083391,1
416,0,10.75,2,2.0584056083391,7.85473484721809,1
416,0,10.75,2,7.85473484721809,10.75,0
417,0,11.75,0,0,11.75,0
418,0,18.75,5,0,4.13726296685208,1
418,0,18.75,5,4.13726296685208,4.36309059389552,1
418,0,18.75,5,4.36309059389552,8.50004754158114,1
418,0,18.75,5,8.50004754158114,9.79530824954707,1
418,0,18.75,5,9.79530824954707,13.1486069435097,1
418,0,18.75,5,13.1486069435097,18.75,0
419,0,16.75,5,0,3.66241757826676,1
419,0,16.75,5,3.66241757826676,7.30993011744969,1
419,0,16.75,5,7.30993011744969,11.8007711409842,1
419,0,16.75,5,11.8007711409842,13.9111961160535,1
419,0,16.75,5,13.9111961160535,15.3766040573172,1
419,0,16.75,5,15.3766040573172,16.75,0
420,0,8.75,1,0,5.98119535955888,1
420,0,8.75,1,5.98119535955888,8.75,0
421,0,7.75,1,0,1.23252725999349,1
421,0,7.75,1,1.23252725999349,7.75,0
422,0,13.75,2,0,2.94654959370578,1
422,0,13.75,2,2.94654959370578,4.93092680385054,1
422,0,13.75,2,4.93092680385054,13.75,0
423,0,14.75,9,0,0.0254906104506501,1
423,0,14.75,9,0.0254906104506501,0.040761805005769,1
423,0,14.75,9,0.040761805005769,1.43713531947979,1
423,0,14.75,9,1.43713531947979,2.45072632661437,1
423,0,14.75,9,2.45072632661437,4.97584086830568,1
423,0,14.75,9,4.97584086830568,7.5792610515103,1
423,0,14.75,9,7.5792610515103,8.11343022389897,1
423,0,14.75,9,8.11343022389897,8.49437690654239,1
423,0,14.75,9,8.49437690654239,12.5865800788431,1
423,0,14.75,9,12.5865800788431,14.75,0
424,0,12.75,10,0,1.58348979616912,1
424,0,12.75,10,1.58348979616912,3.70064088583554,1
424,0,12.75,10,3.70064088583554,3.8868120645064,1
424,0,12.75,10,3.8868120645064,4.410558529218,1
424,0,12.75,10,4.410558529218,7.2422226900973,1
424,0,12.75,10,7.2422226900973,7.70118268985668,1
424,0,12.75,10,7.70118268985668,8.61538331494664,1
424,0,12.75,10,8.61538331494664,9.90490059530279,1
424,0,12.75,10,9.90490059530279,10.5806340511348,1
424,0,12.75,10,10.5806340511348,11.1371460391526,1
424,0,12.75,10,11.1371460391526,12.75,0
425,0,13.75,0,0,13.75,0
426,0,12.75,1,0,9.02007434952287,1
426,0,12.75,1,9.02007434952287,12.75,0
427,0,13.75,1,0,2.19762086938864,1
427,0,13.75,1,2.19762086938864,13.75,0
428,0,11.75,2,0,0.298339242125644,1
428,0,11.75,2,0.298339242125644,4.78576322829492,1
428,0,11.75,2,4.78576322829492,11.75,0
429,0,11.75,5,0,0.0506004813569933,1
429,0,11.75,5,0.0506004813569933,1.09245031799524,1
429,0,11.75,5,1.09245031799524,5.51599422145601,1
429,0,11.75,5,5.51599422145601,6.70086608468593,1
429,0,11.75,5,6.70086608468593,10.9792511205644,1
429,0,11.75,5,10.9792511205644,11.75,0
430,0,10.75,5,0,1.48477487253574,1
430,0,10.75,5,1.48477487253574,2.88207888968332,1
430,0,10.75,5,2.88207888968332,6.25200349448297,1
430,0,10.75,5,6.25200349448297,6.69125744423744,1
430,0,10.75,5,6.69125744423744,8.23872012697116,1
430,0,10.75,5,8.23872012697116,10.75,0
431,0,12.75,2,0,0.373708100743628,1
431,0,12.75,2,0.373708100743628,0.562549124197449,1
431,0,12.75,2,0.562549124197449,12.75,0
432,0,17.75,1,0,7.19717636979517,1
432,0,17.75,1,7.19717636979517,17.75,0
433,0,8.75,3,0,1.32812935362857,1
433,0,8.75,3,1.32812935362857,2.01507049700361,1
433,0,8.75,3,2.01507049700361,3.81194820392149,1
433,0,8.75,3,3.81194820392149,8.75,0
434,0,17.75,1,0,5.67585291950389,1
434,0,17.75,1,5.67585291950389,17.75,0
435,0,8.75,0,0,8.75,0
436,0,8.75,1,0,1.08242617063789,1
436,0,8.75,1,1.08242617063789,8.75,0
437,0,10.75,5,0,5.09259460340233,1
437,0,10.75,5,5.09259460340233,6.91580776342577,1
437,0,10.75,5,6.91580776342577,7.2856903664351,1
437,0,10.75,5,7.2856903664351,9.38358457576798,1
437,0,10.75,5,9.38358457576798,10.7019883886393,1
437,0,10.75,5,10.7019883886393,10.75,0
438,0,14.75,0,0,14.75,0
439,0,14.75,2,0,0.742421308311951,1
439,0,14.75,2,0.742421308311951,4.29460482416736,1
439,0,14.75,2,4.29460482416736,14.75,0
440,0,13.75,5,0,1.49017029467666,1
440,0,13.75,5,1.49017029467666,1.75445564311354,1
440,0,13.75,5,1.75445564311354,5.19366460376291,1
440,0,13.75,5,5.19366460376291,6.5768098776821,1
440,0,13.75,5,6.5768098776821,6.89314329069867,1
440,0,13.75,5,6.89314329069867,13.75,0
441,0,12.75,5,0,4.37600748594523,1
441,0,12.75,5,4.37600748594523,4.82472143570639,1
441,0,12.75,5,4.82472143570639,5.28810118824685,1
441,0,12.75,5,5.28810118824685,6.23579342585757,1
441,0,12.75,5,6.23579342585757,9.71826315472171,1
441,0,12.75,5,9.71826315472171,12.75,0
442,0,10.75,1,0,10.2313169138209,1
442,0,10.75,1,10.2313169138209,10.75,0
443,0,9.75,1,0,0.0674779326064342,1
443,0,9.75,1,0.0674779326064342,9.75,0
444,0,15.75,4,0,5.18419728493586,1
444,0,15.75,4,5.18419728493586,7.36920382013782,1
444,0,15.75,4,7.36920382013782,8.42496725432261,1
444,0,15.75,4,8.42496725432261,15.2430917340393,1
444,0,15.75,4,15.2430917340393,15.75,0
445,0,11.75,0,0,11.75,0
446,0,11.75,3,0,2.84543145079104,1
446,0,11.75,3,2.84543145079104,7.95784135761644,1
446,0,11.75,3,7.95784135761644,8.17895551639433,1
446,0,11.75,3,8.17895551639433,11.75,0
447,0,7.75,3,0,1.31692880567493,1
447,0,7.75,3,1.31692880567493,5.02025916172742,1
447,0,7.75,3,5.02025916172742,7.34805346045476,1
447,0,7.75,3,7.34805346045476,7.75,0
448,0,9.75,3,0,2.3588462015537,1
448,0,9.75,3,2.3588462015537,6.231168519883,1
448,0,9.75,3,6.231168519883,9.29892828026471,1
448,0,9.75,3,9.29892828026471,9.75,0
449,0,15.75,1,0,14.5603452920557,1
449,0,15.75,1,14.5603452920557,15.75,0
450,0,10.75,0,0,10.75,0
451,0,13.75,4,0,3.12735710648668,1
451,0,13.75,4,3.12735710648668,6.49841315603862,1
451,0,13.75,4,6.49841315603862,7.90909297790948,1
451,0,13.75,4,7.90909297790948,12.8469035406496,1
451,0,13.75,4,12.8469035406496,13.75,0
452,0,15.75,1,0,14.7695080432306,1
452,0,15.75,1,14.7695080432306,15.75,0
453,0,13.75,1,0,2.14152110116759,1
453,0,13.75,1,2.14152110116759,13.75,0
454,0,9.75,0,0,9.75,0
455,0,13.75,2,0,9.93942693731806,1
455,0,13.75,2,9.93942693731806,12.5583935681101,1
455,0,13.75,2,12.5583935681101,13.75,0
456,0,14.75,2,0,2.62042344528444,1
456,0,14.75,2,2.62042344528444,3.57472129804241,1
456,0,14.75,2,3.57472129804241,14.75,0
457,0,17.75,1,0,8.85622462686333,1
457,0,17.75,1,8.85622462686333,17.75,0
458,0,9.75,0,0,9.75,0
459,0,11.75,1,0,9.96140852104665,1
459,0,11.75,1,9.96140852104665,11.75,0
460,0,12.75,2,0,8.36604650800823,1
460,0,12.75,2,8.36604650800823,11.0532286580959,1
460,0,12.75,2,11.0532286580959,12.75,0
461,0,13.75,4,0,11.7652446647198,1
461,0,13.75,4,11.7652446647198,11.797824278135,1
461,0,13.75,4,11.797824278135,11.9756730590858,1
461,0,13.75,4,11.9756730590858,12.5182568490825,1
461,0,13.75,4,12.5182568490825,13.75,0
462,0,12.75,2,0,0.0904343211533927,1
462,0,12.75,2,0.0904343211533927,6.45082400353792,1
462,0,12.75,2,6.45082400353792,12.75,0
463,0,10.75,1,0,9.86398016521175,1
463,0,10.75,1,9.86398016521175,10.75,0
464,0,17.75,8,0,0.875948382569757,1
464,0,17.75,8,0.875948382569757,3.91839821822536,1
464,0,17.75,8,3.91839821822536,6.15624718914353,1
464,0,17.75,8,6.15624718914353,10.0790598620696,1
464,0,17.75,8,10.0790598620696,10.3986142761835,1
464,0,17.75,8,10.3986142761835,12.8492393561821,1
464,0,17.75,8,12.8492393561821,15.1382446695822,1
464,0,17.75,8,15.1382446695822,16.0879157775793,1
464,0,17.75,8,16.0879157775793,17.75,0
465,0,11.75,5,0,1.30393743846357,1
465,0,11.75,5,1.30393743846357,5.38868138995517,1
465,0,11.75,5,5.38868138995517,5.4741066188395,1
465,0,11.75,5,5.4741066188395,6.13144590167279,1
465,0,11.75,5,6.13144590167279,7.24890489213066,1
465,0,11.75,5,7.24890489213066,11.75,0
466,0,12.75,2,0,2.77489316815284,1
466,0,12.75,2,2.77489316815284,4.34550181829007,1
466,0,12.75,2,4.34550181829007,12.75,0
467,0,12.75,3,0,0.40236456115427,1
467,0,12.75,3,0.40236456115427,5.6147502004727,1
467,0,12.75,3,5.6147502004727,6.9131468731481,1
467,0,12.75,3,6.9131468731481,12.75,0
468,0,11.75,0,0,11.75,0
469,0,9.75,5,0,0.48631147565117,1
469,0,9.75,5,0.48631147565117,2.84622419368144,1
469,0,9.75,5,2.84622419368144,6.02416721646555,1
469,0,9.75,5,6.02416721646555,8.06756088040012,1
469,0,9.75,5,8.06756088040012,8.33806725458943,1
469,0,9.75,5,8.33806725458943,9.75,0
470,0,20.75,9,0,3.84958024128099,1
470,0,20.75,9,3.84958024128099,9.43716177807852,1
470,0,20.75,9,9.43716177807852,10.9214888341716,1
470,0,20.75,9,10.9214888341716,12.6558841633556,1
470,0,20.75,9,12.6558841633556,14.1041474848659,1
470,0,20.75,9,14.1041474848659,15.7825951520245,1
470,0,20.75,9,15.7825951520245,16.1657000959325,1
470,0,20.75,9,16.1657000959325,16.8550024290023,1
470,0,20.75,9,16.8550024290023,19.1685485359471,1
470,0,20.75,9,19.1685485359471,20.75,0
471,0,16.75,4,0,3.35101890010354,1
471,0,16.75,4,3.35101890010354,5.36923023410222,1
471,0,16.75,4,5.36923023410222,12.4119195811797,1
471,0,16.75,4,12.4119195811797,16.7440117108259,1
471,0,16.75,4,16.7440117108259,16.75,0
472,0,11.75,0,0,11.75,0
473,0,11.75,1,0,1.07219798387395,1
473,0,11.75,1,1.07219798387395,11.75,0
474,0,12.75,4,0,4.06915101237402,1
474,0,12.75,4,4.06915101237402,5.17742630210079,1
474,0,12.75,4,5.17742630210079,6.17318177913504,1
474,0,12.75,4,6.17318177913504,8.29135211381165,1
474,0,12.75,4,8.29135211381165,12.75,0
475,0,20.75,5,0,4.48140587887968,1
475,0,20.75,5,4.48140587887968,8.48787550636369,1
475,0,20.75,5,8.48787550636369,9.71507462514136,1
475,0,20.75,5,9.71507462514136,14.5915160491962,1
475,0,20.75,5,14.5915160491962,16.7915223686571,1
475,0,20.75,5,16.7915223686571,20.75,0
476,0,7.75,0,0,7.75,0
477,0,15.75,1,0,4.51215605201154,1
477,0,15.75,1,4.51215605201154,15.75,0
478,0,14.75,1,0,12.8327609186525,1
478,0,14.75,1,12.8327609186525,14.75,0
479,0,10.75,1,0,9.10302661202866,1
479,0,10.75,1,9.10302661202866,10.75,0
480,0,11.75,2,0,2.28106103127884,1
480,0,11.75,2,2.28106103127884,2.43691838924948,1
480,0,11.75,2,2.43691838924948,11.75,0
481,0,19.75,4,0,8.69847449965003,1
481,0,19.75,4,8.69847449965003,11.9281899726154,1
481,0,19.75,4,11.9281899726154,12.3099638572574,1
481,0,19.75,4,12.3099638572574,18.6986484643409,1
481,0,19.75,4,18.6986484643409,19.75,0
482,0,15.75,5,0,0.490927871150571,1
482,0,15.75,5,0.490927871150571,1.52217202413898,1
482,0,15.75,5,1.52217202413898,3.61569650258096,1
482,0,15.75,5,3.61569650258096,8.43476238262761,1
482,0,15.75,5,8.43476238262761,11.8266587694744,1
482,0,15.75,5,11.8266587694744,15.75,0
483,0,15.75,8,0,1.9639508879497,1
483,0,15.75,8,1.9639508879497,4.45301037282397,1
483,0,15.75,8,4.45301037282397,5.42342781740222,1
483,0,15.75,8,5.42342781740222,7.72849084956081,1
483,0,15.75,8,7.72849084956081,9.24869497783411,1
483,0,15.75,8,9.24869497783411,9.56536243892766,1
483,0,15.75,8,9.56536243892766,11.6180999547013,1
483,0,15.75,8,11.6180999547013,14.1168632159678,1
483,0,15.75,8,14.1168632159678,15.75,0
484,0,19.75,4,0,3.23191927678744,1
484,0,19.75,4,3.23191927678744,4.35827708451934,1
484,0,19.75,4,4.35827708451934,14.5485416033184,1
484,0,19.75,4,14.5485416033184,19.0712622656437,1
484,0,19.75,4,19.0712622656437,19.75,0
485,0,19.75,1,0,14.1667379021695,1
485,0,19.75,1,14.1667379021695,19.75,0
486,0,17.75,1,0,12.5307485215237,1
486,0,17.75,1,12.5307485215237,17.75,0
487,0,8.75,2,0,1.15731757313335,1
487,0,8.75,2,1.15731757313335,6.22798168002788,1
487,0,8.75,2,6.22798168002788,8.75,0
488,0,9.75,2,0,1.68597696856802,1
488,0,9.75,2,1.68597696856802,1.9324234390791,1
488,0,9.75,2,1.9324234390791,9.75,0
489,0,20.75,2,0,0.363186224933414,1
489,0,20.75,2,0.363186224933414,6.4336352336297,1
489,0,20.75,2,6.4336352336297,20.75,0
490,0,10.75,3,0,4.44575912759908,1
490,0,10.75,3,4.44575912759908,6.02041321836937,1
490,0,10.75,3,6.02041321836937,7.2473888015075,1
490,0,10.75,3,7.2473888015075,10.75,0
491,0,14.75,7,0,1.72265175346242,1
491,0,14.75,7,1.72265175346242,2.53952252430224,1
491,0,14.75,7,2.53952252430224,3.29509298758296,1
491,0,14.75,7,3.29509298758296,5.79745975358575,1
491,0,14.75,7,5.79745975358575,6.4538361119013,1
491,0,14.75,7,6.4538361119013,7.5256464477691,1
491,0,14.75,7,7.5256464477691,8.40357638165923,1
491,0,14.75,7,8.40357638165923,14.75,0
492,0,12.75,4,0,2.60423685913911,1
492,0,12.75,4,2.60423685913911,3.75185338939212,1
492,0,12.75,4,3.75185338939212,4.79914765340609,1
492,0,12.75,4,4.79914765340609,11.4933706890548,1
492,0,12.75,4,11.4933706890548,12.75,0
493,0,12.75,1,0,2.90381174301874,1
493,0,12.75,1,2.90381174301874,12.75,0
494,0,7.75,2,0,4.59285999543276,1
494,0,7.75,2,4.59285999543276,4.84078197843471,1
494,0,7.75,2,4.84078197843471,7.75,0
495,0,13.75,3,0,0.0881515855887159,1
495,0,13.75,3,0.0881515855887159,1.00018964980881,1
495,0,13.75,3,1.00018964980881,12.4192259386741,1
495,0,13.75,3,12.4192259386741,13.75,0
496,0,11.75,0,0,11.75,0
497,0,11.75,1,0,4.27801335775307,1
497,0,11.75,1,4.27801335775307,11.75,0
498,0,19.75,7,0,3.30340564241495,1
498,0,19.75,7,3.30340564241495,5.07303003505366,1
498,0,19.75,7,5.07303003505366,11.3612371116704,1
498,0,19.75,7,11.3612371116704,12.6302616302597,1
498,0,19.75,7,12.6302616302597,13.4221758227893,1
498,0,19.75,7,13.4221758227893,16.3602516954386,1
498,0,19.75,7,16.3602516954386,18.7074036137975,1
498,0,19.75,7,18.7074036137975,19.75,0
499,0,15.75,1,0,5.27079583799088,1
499,0,15.75,1,5.27079583799088,15.75,0
500,0,11.75,1,0,6.02627151932702,1
500,0,11.75,1,6.02627151932702,11.75,0
501,0,8.75,4,0,1.59017561799127,1
501,0,8.75,4,1.59017561799127,6.76994855682374,1
501,0,8.75,4,6.76994855682374,7.38551555906432,1
501,0,8.75,4,7.38551555906432,8.27839917425611,1
501,0,8.75,4,8.27839917425611,8.75,0
502,0,9.75,2,0,2.87101834138172,1
502,0,9.75,2,2.87101834138172,8.65217227972547,1
502,0,9.75,2,8.65217227972547,9.75,0
503,0,11.75,0,0,11.75,0
504,0,11.75,0,0,11.75,0
505,0,13.75,3,0,3.13059117249,1
505,0,13.75,3,3.13059117249,7.42919252366712,1
505,0,13.75,3,7.42919252366712,7.61968616761844,1
505,0,13.75,3,7.61968616761844,13.75,0
506,0,10.75,0,0,10.75,0
507,0,17.75,2,0,6.01111570890558,1
507,0,17.75,2,6.01111570890558,17.3587102174996,1
507,0,17.75,2,17.3587102174996,17.75,0
508,0,9.75,2,0,3.29083301688183,1
508,0,9.75,2,3.29083301688183,5.88774491769094,1
508,0,9.75,2,5.88774491769094,9.75,0
509,0,8.75,4,0,3.18994181981639,1
509,0,8.75,4,3.18994181981639,4.05307238386818,1
509,0,8.75,4,4.05307238386818,5.5617440806001,1
509,0,8.75,4,5.5617440806001,6.41736355789964,1
509,0,8.75,4,6.41736355789964,8.75,0
510,0,12.75,0,0,12.75,0
511,0,13.75,1,0,3.72051949116779,1
511,0,13.75,1,3.72051949116779,13.75,0
512,0,12.75,1,0,3.36795418525782,1
512,0,12.75,1,3.36795418525782,12.75,0
513,0,19.75,4,0,1.31278945492344,1
513,0,19.75,4,1.31278945492344,10.8938960262313,1
513,0,19.75,4,10.8938960262313,14.5767162230527,1
513,0,19.75,4,14.5767162230527,16.4435155957645,1
513,0,19.75,4,16.4435155957645,19.75,0
514,0,9.75,3,0,2.42909551221709,1
514,0,9.75,3,2.42909551221709,3.72542412240679,1
514,0,9.75,3,3.72542412240679,6.7462572221621,1
514,0,9.75,3,6.7462572221621,9.75,0
515,0,10.75,2,0,0.215970164126731,1
515,0,10.75,2,0.215970164126731,9.26155729768825,1
515,0,10.75,2,9.26155729768825,10.75,0
516,0,14.75,1,0,9.68113502683873,1
516,0,14.75,1,9.68113502683873,14.75,0
517,0,10.75,1,0,5.02222369864846,1
517,0,10.75,1,5.02222369864846,10.75,0
518,0,14.75,10,0,1.00549288115158,1
518,0,14.75,10,1.00549288115158,3.93403207412465,1
518,0,14.75,10,3.93403207412465,5.62875383924503,1
518,0,14.75,10,5.62875383924503,7.08909160784873,1
518,0,14.75,10,7.08909160784873,8.92040065569119,1
518,0,14.75,10,8.92040065569119,11.8358363872131,1
518,0,14.75,10,11.8358363872131,12.2583249870071,1
518,0,14.75,10,12.2583249870071,13.6164891145972,1
518,0,14.75,10,13.6164891145972,13.9824025304062,1
518,0,14.75,10,13.9824025304062,14.7091796730506,1
518,0,14.75,10,14.7091796730506,14.75,0
519,0,9.75,2,0,1.45314823978536,1
519,0,9.75,2,1.45314823978536,4.06747953039786,1
519,0,9.75,2,4.06747953039786,9.75,0
520,0,7.75,3,0,5.34975618530292,1
520,0,7.75,3,5.34975618530292,5.35199335522472,1
520,0,7.75,3,5.35199335522472,7.2713710038468,1
520,0,7.75,3,7.2713710038468,7.75,0
521,0,14.75,7,0,0.896025583404745,1
521,0,14.75,7,0.896025583404745,3.12403959274678,1
521,0,14.75,7,3.12403959274678,3.76160603878782,1
521,0,14.75,7,3.76160603878782,7.75896624282786,1
521,0,14.75,7,7.75896624282786,8.42635210480967,1
521,0,14.75,7,8.42635210480967,9.67804326199311,1
521,0,14.75,7,9.67804326199311,12.670639466318,1
521,0,14.75,7,12.670639466318,14.75,0
522,0,17.75,1,0,14.8140088317136,1
522,0,17.75,1,14.8140088317136,17.75,0
523,0,12.75,2,0,5.05927869044883,1
523,0,12.75,2,5.05927869044883,5.44626541379718,1
523,0,12.75,2,5.44626541379718,12.75,0
524,0,16.75,3,0,2.46420118599806,1
524,0,16.75,3,2.46420118599806,4.04895726082814,1
524,0,16.75,3,4.04895726082814,14.5782520633724,1
524,0,16.75,3,14.5782520633724,16.75,0
525,0,12.75,1,0,7.79998785717016,1
525,0,12.75,1,7.79998785717016,12.75,0
526,0,16.75,9,0,0.987562475007045,1
526,0,16.75,9,0.987562475007045,2.61577322280303,1
526,0,16.75,9,2.61577322280303,5.05079394826872,1
526,0,16.75,9,5.05079394826872,8.36256682468586,1
526,0,16.75,9,8.36256682468586,10.122064007907,1
526,0,16.75,9,10.122064007907,11.6006106483179,1
526,0,16.75,9,11.6006106483179,13.3181141623286,1
526,0,16.75,9,13.3181141623286,13.3332674717354,1
526,0,16.75,9,13.3332674717354,14.2319539794549,1
526,0,16.75,9,14.2319539794549,16.75,0
527,0,19.75,3,0,8.30831367391105,1
527,0,19.75,3,8.30831367391105,13.063011045708,1
527,0,19.75,3,13.063011045708,16.4677050525577,1
527,0,19.75,3,16.4677050525577,19.75,0
528,0,10.75,1,0,9.39092162743072,1
528,0,10.75,1,9.39092162743072,10.75,0
529,0,14.75,5,0,8.53562378600001,1
529,0,14.75,5,8.53562378600001,10.0996105031234,1
529,0,14.75,5,10.0996105031234,11.3923995071091,1
529,0,14.75,5,11.3923995071091,13.4130945149301,1
529,0,14.75,5,13.4130945149301,13.4764376643404,1
529,0,14.75,5,13.4764376643404,14.75,0
530,0,16.75,2,0,2.85363149865905,1
530,0,16.75,2,2.85363149865905,5.02111062649891,1
530,0,16.75,2,5.02111062649891,16.75,0
531,0,9.75,1,0,0.607913174650836,1
531,0,9.75,1,0.607913174650836,9.75,0
532,0,17.75,4,0,3.65275572729942,1
532,0,17.75,4,3.65275572729942,5.71943443016641,1
532,0,17.75,4,5.71943443016641,9.70702021449742,1
532,0,17.75,4,9.70702021449742,12.5444448353288,1
532,0,17.75,4,12.5444448353288,17.75,0
533,0,9.75,0,0,9.75,0
534,0,15.75,0,0,15.75,0
535,0,16.75,7,0,4.68471350429371,1
535,0,16.75,7,4.68471350429371,5.53874761623548,1
535,0,16.75,7,5.53874761623548,10.8126755621149,1
535,0,16.75,7,10.8126755621149,11.2424746375033,1
535,0,16.75,7,11.2424746375033,11.8263975741584,1
535,0,16.75,7,11.8263975741584,11.9036264210305,1
535,0,16.75,7,11.9036264210305,15.2692535767059,1
535,0,16.75,7,15.2692535767059,16.75,0
536,0,13.75,7,0,5.50657610311481,1
536,0,13.75,7,5.50657610311481,5.51110656559483,1
536,0,13.75,7,5.51110656559483,6.53960303820098,1
536,0,13.75,7,6.53960303820098,6.93069213936926,1
536,0,13.75,7,6.93069213936926,8.30250031423826,1
536,0,13.75,7,8.30250031423826,12.0271876043332,1
536,0,13.75,7,12.0271876043332,12.8450219961861,1
536,0,13.75,7,12.8450219961861,13.75,0
537,0,11.75,2,0,0.421728207154659,1
537,0,11.75,2,0.421728207154659,8.09433057491766,1
537,0,11.75,2,8.09433057491766,11.75,0
538,0,11.75,8,0,2.29859025721815,1
538,0,11.75,8,2.29859025721815,6.44568842607129,1
538,0,11.75,8,6.44568842607129,6.57979458469283,1
538,0,11.75,8,6.57979458469283,7.78303698279096,1
538,0,11.75,8,7.78303698279096,8.57638134654071,1
538,0,11.75,8,8.57638134654071,10.2568010169307,1
538,0,11.75,8,10.2568010169307,10.2999454991273,1
538,0,11.75,8,10.2999454991273,11.4232189790162,1
538,0,11.75,8,11.4232189790162,11.75,0
539,0,11.75,8,0,0.461941288379363,1
539,0,11.75,8,0.461941288379363,3.4127397029731,1
539,0,11.75,8,3.4127397029731,4.10300828821631,1
539,0,11.75,8,4.10300828821631,8.39210734205851,1
539,0,11.75,8,8.39210734205851,9.7269014575357,1
539,0,11.75,8,9.7269014575357,10.0654652157857,1
539,0,11.75,8,10.0654652157857,10.4459981736307,1
539,0,11.75,8,10.4459981736307,10.8518159721595,1
539,0,11.75,8,10.8518159721595,11.75,0
540,0,16.75,4,0,4.74388531952239,1
540,0,16.75,4,4.74388531952239,7.55260410994279,1
540,0,16.75,4,7.55260410994279,9.63792257777328,1
540,0,16.75,4,9.63792257777328,9.86524333419218,1
540,0,16.75,4,9.86524333419218,16.75,0
541,0,15.75,5,0,7.90915052230347,1
541,0,15.75,5,7.90915052230347,10.4947519185686,1
541,0,15.75,5,10.4947519185686,10.5622450496815,1
541,0,15.75,5,10.5622450496815,11.1335672713241,1
541,0,15.75,5,11.1335672713241,14.9325540222036,1
541,0,15.75,5,14.9325540222036,15.75,0
542,0,17.75,3,0,2.5231252659207,1
542,0,17.75,3,2.5231252659207,3.61375941324846,1
542,0,17.75,3,3.61375941324846,15.7766588157568,1
542,0,17.75,3,15.7766588157568,17.75,0
543,0,19.75,2,0,8.41095649504135,1
543,0,19.75,2,8.41095649504135,11.147744163175,1
543,0,19.75,2,11.147744163175,19.75,0
544,0,11.75,4,0,1.84750936738289,1
544,0,11.75,4,1.84750936738289,4.3349689056664,1
544,0,11.75,4,4.3349689056664,6.82907001391131,1
544,0,11.75,4,6.82907001391131,9.64816534262898,1
544,0,11.75,4,9.64816534262898,11.75,0
545,0,8.75,0,0,8.75,0
546,0,15.75,3,0,6.27170950819218,1
546,0,15.75,3,6.27170950819218,15.0918226368875,1
546,0,15.75,3,15.0918226368875,15.6478594899856,1
546,0,15.75,3,15.6478594899856,15.75,0
547,0,15.75,6,0,0.205080724130121,1
547,0,15.75,6,0.205080724130121,1.10865516104665,1
547,0,15.75,6,1.10865516104665,1.65498917333028,1
547,0,15.75,6,1.65498917333028,3.33757267321011,1
547,0,15.75,6,3.33757267321011,13.9760295493364,1
547,0,15.75,6,13.9760295493364,15.3393915831217,1
547,0,15.75,6,15.3393915831217,15.75,0
548,0,19.75,2,0,6.99113642880838,1
548,0,19.75,2,6.99113642880838,7.54755412345638,1
548,0,19.75,2,7.54755412345638,19.75,0
549,0,15.75,5,0,7.48763802703195,1
549,0,15.75,5,7.48763802703195,9.65087913816911,1
549,0,15.75,5,9.65087913816911,10.2941723154858,1
549,0,15.75,5,10.2941723154858,14.0329269703292,1
549,0,15.75,5,14.0329269703292,14.258361940427,1
549,0,15.75,5,14.258361940427,15.75,0
550,0,12.75,8,0,3.51284054171115,1
550,0,12.75,8,3.51284054171115,5.38584540215656,1
550,0,12.75,8,5.38584540215656,6.01054420620709,1
550,0,12.75,8,6.01054420620709,7.78654848394098,1
550,0,12.75,8,7.78654848394098,8.15826335709595,1
550,0,12.75,8,8.15826335709595,8.84451803980843,1
550,0,12.75,8,8.84451803980843,10.8439619498186,1
550,0,12.75,8,10.8439619498186,12.0386003679784,1
550,0,12.75,8,12.0386003679784,12.75,0
551,0,17.75,3,0,4.61748266134048,1
551,0,17.75,3,4.61748266134048,12.897022771929,1
551,0,17.75,3,12.897022771929,14.4765172238903,1
551,0,17.75,3,14.4765172238903,17.75,0
552,0,7.75,0,0,7.75,0
553,0,12.75,2,0,0.460196924893162,1
553,0,12.75,2,0.460196924893162,9.29296905977264,1
553,0,12.75,2,9.29296905977264,12.75,0
554,0,16.75,0,0,16.75,0
555,0,13.75,2,0,2.77135080410554,1
555,0,13.75,2,2.77135080410554,11.8060308809115,1
555,0,13.75,2,11.8060308809115,13.75,0
556,0,17.75,5,0,5.03243867358008,1
556,0,17.75,5,5.03243867358008,6.86472176301817,1
556,0,17.75,5,6.86472176301817,7.0576998764137,1
556,0,17.75,5,7.0576998764137,16.553338334149,1
556,0,17.75,5,16.553338334149,17.0234579719696,1
556,0,17.75,5,17.0234579719696,17.75,0
557,0,15.75,2,0,1.40606960562873,1
557,0,15.75,2,1.40606960562873,6.25026582621725,1
557,0,15.75,2,6.25026582621725,15.75,0
558,0,12.75,1,0,11.0477946195987,1
558,0,12.75,1,11.0477946195987,12.75,0
559,0,8.75,1,0,7.31736684436672,1
559,0,8.75,1,7.31736684436672,8.75,0
560,0,9.75,4,0,2.16949711632142,1
560,0,9.75,4,2.16949711632142,2.62907855493628,1
560,0,9.75,4,2.62907855493628,8.84264826197368,1
560,0,9.75,4,8.84264826197368,9.72412027417513,1
560,0,9.75,4,9.72412027417513,9.75,0
561,0,18.75,2,0,1.18113914005292,1
561,0,18.75,2,1.18113914005292,18.2586957049772,1
561,0,18.75,2,18.2586957049772,18.75,0
562,0,15.75,0,0,15.75,0
563,0,18.75,1,0,4.41901687029052,1
563,0,18.75,1,4.41901687029052,18.75,0
564,0,15.75,1,0,14.269820186722,1
564,0,15.75,1,14.269820186722,15.75,0
565,0,15.75,0,0,15.75,0
566,0,15.75,4,0,11.0087978870032,1
566,0,15.75,4,11.0087978870032,13.216210408369,1
566,0,15.75,4,13.216210408369,13.5303471561613,1
566,0,15.75,4,13.5303471561613,15.3427364694464,1
566,0,15.75,4,15.3427364694464,15.75,0
567,0,15.75,2,0,14.0626028413275,1
567,0,15.75,2,14.0626028413275,15.5341492319131,1
567,0,15.75,2,15.5341492319131,15.75,0
568,0,12.75,3,0,0.853978970788913,1
568,0,12.75,3,0.853978970788913,0.855830384516086,1
568,0,12.75,3,0.855830384516086,5.15030664695343,1
568,0,12.75,3,5.15030664695343,12.75,0
569,0,15.75,2,0,2.0321558228909,1
569,0,15.75,2,2.0321558228909,8.4888931408857,1
569,0,15.75,2,8.4888931408857,15.75,0
570,0,14.75,3,0,2.17945413682938,1
570,0,14.75,3,2.17945413682938,3.69102125580659,1
570,0,14.75,3,3.69102125580659,5.39734746635318,1
570,0,14.75,3,5.39734746635318,14.75,0
571,0,11.75,0,0,11.75,0
572,0,17.75,1,0,6.55241580224721,1
572,0,17.75,1,6.55241580224721,17.75,0
573,0,10.75,1,0,0.63949050475659,1
573,0,10.75,1,0.63949050475659,10.75,0
574,0,8.75,0,0,8.75,0
575,0,9.75,5,0,0.369565887524915,1
575,0,9.75,5,0.369565887524915,3.28953477578719,1
575,0,9.75,5,3.28953477578719,4.11851887201957,1
575,0,9.75,5,4.11851887201957,7.36838525113227,1
575,0,9.75,5,7.36838525113227,8.50291453664533,1
575,0,9.75,5,8.50291453664533,9.75,0
576,0,19.75,0,0,19.75,0
577,0,10.75,11,0,2.19071627297136,1
577,0,10.75,11,2.19071627297136,2.88415741440082,1
577,0,10.75,11,2.88415741440082,5.19560779449152,1
577,0,10.75,11,5.19560779449152,5.85411522508374,1
577,0,10.75,11,5.85411522508374,6.33654894913252,1
577,0,10.75,11,6.33654894913252,6.96167518417405,1
577,0,10.75,11,6.96167518417405,7.62009591067253,1
577,0,10.75,11,7.62009591067253,8.52627637109592,1
577,0,10.75,11,8.52627637109592,8.95595358383172,1
577,0,10.75,11,8.95595358383172,9.4420175179109,1
577,0,10.75,11,9.4420175179109,10.1695067292034,1
577,0,10.75,11,10.1695067292034,10.75,0
578,0,13.75,3,0,4.58267284873312,1
578,0,13.75,3,4.58267284873312,6.4337200739747,1
578,0,13.75,3,6.4337200739747,9.85731444987789,1
578,0,13.75,3,9.85731444987789,13.75,0
579,0,10.75,2,0,2.94546243948277,1
579,0,10.75,2,2.94546243948277,4.46987723609736,1
579,0,10.75,2,4.46987723609736,10.75,0
580,0,9.75,0,0,9.75,0
581,0,9.75,2,0,3.77370560974524,1
581,0,9.75,2,3.77370560974524,4.96888513104352,1
581,0,9.75,2,4.96888513104352,9.75,0
582,0,9.75,2,0,5.17681190543313,1
582,0,9.75,2,5.17681190543313,6.06927030225022,1
582,0,9.75,2,6.06927030225022,9.75,0
583,0,15.75,3,0,0.725393331131544,1
583,0,15.75,3,0.725393331131544,3.3458988879304,1
583,0,15.75,3,3.3458988879304,10.311760747537,1
583,0,15.75,3,10.311760747537,15.75,0
584,0,12.75,2,0,4.83471771897444,1
584,0,12.75,2,4.83471771897444,11.4001063441156,1
584,0,12.75,2,11.4001063441156,12.75,0
585,0,10.75,0,0,10.75,0
586,0,12.75,4,0,5.3612087830117,1
586,0,12.75,4,5.3612087830117,8.19848731994045,1
586,0,12.75,4,8.19848731994045,8.22424823963712,1
586,0,12.75,4,8.22424823963712,12.7019781286902,1
586,0,12.75,4,12.7019781286902,12.75,0
587,0,8.75,2,0,6.25857219322483,1
587,0,8.75,2,6.25857219322483,6.42640397553812,1
587,0,8.75,2,6.42640397553812,8.75,0
588,0,10.75,9,0,0.835326356600383,1
588,0,10.75,9,0.835326356600383,1.02544079444138,1
588,0,10.75,9,1.02544079444138,1.32203141643356,1
588,0,10.75,9,1.32203141643356,4.81766860585782,1
588,0,10.75,9,4.81766860585782,6.13558848912779,1
588,0,10.75,9,6.13558848912779,6.61552450219392,1
588,0,10.75,9,6.61552450219392,7.25097155493622,1
588,0,10.75,9,7.25097155493622,8.73645989529857,1
588,0,10.75,9,8.73645989529857,8.95144290399274,1
588,0,10.75,9,8.95144290399274,10.75,0
589,0,16.75,0,0,16.75,0
590,0,11.75,0,0,11.75,0
591,0,17.75,9,0,1.01796822804269,1
591,0,17.75,9,1.01796822804269,3.79202763140573,1
591,0,17.75,9,3.79202763140573,5.27071318475749,1
591,0,17.75,9,5.27071318475749,8.11180235760137,1
591,0,17.75,9,8.11180235760137,10.2216035840474,1
591,0,17.75,9,10.2216035840474,12.8460244756201,1
591,0,17.75,9,12.8460244756201,15.2458410815289,1
591,0,17.75,9,15.2458410815289,17.2249474812787,1
591,0,17.75,9,17.2249474812787,17.5837326198367,1
591,0,17.75,9,17.5837326198367,17.75,0
592,0,20.75,1,0,0.017560824978867,1
592,0,20.75,1,0.017560824978867,20.75,0
593,0,7.75,0,0,7.75,0
594,0,10.75,1,0,3.88235001936285,1
594,0,10.75,1,3.88235001936285,10.75,0
595,0,16.75,1,0,13.1862967877547,1
595,0,16.75,1,13.1862967877547,16.75,0
596,0,14.75,1,0,12.1905144959804,1
596,0,14.75,1,12.1905144959804,14.75,0
597,0,13.75,1,0,12.3301268971286,1
597,0,13.75,1,12.3301268971286,13.75,0
598,0,17.75,5,0,3.23708157434721,1
598,0,17.75,5,3.23708157434721,5.11451866666172,1
598,0,17.75,5,5.11451866666172,10.5685304586484,1
598,0,17.75,5,10.5685304586484,11.2431688387538,1
598,0,17.75,5,11.2431688387538,16.1430811022458,1
598,0,17.75,5,16.1430811022458,17.75,0
599,0,13.75,1,0,1.42450780427286,1
599,0,13.75,1,1.42450780427286,13.75,0
600,0,15.75,7,0,0.31043020557656,1
600,0,15.75,7,0.31043020557656,0.602488262302269,1
600,0,15.75,7,0.602488262302269,1.42302747109955,1
600,0,15.75,7,1.42302747109955,3.15653862298253,1
600,0,15.75,7,3.15653862298253,3.29674459316615,1
600,0,15.75,7,3.29674459316615,3.85383944635304,1
600,0,15.75,7,3.85383944635304,10.6974543525952,1
600,0,15.75,7,10.6974543525952,15.75,0
