"id","xi","Tei","n.rec","start","stop","status"
1,1,17.75,5,0,1.29382169711202,1
1,1,17.75,5,1.29382169711202,1.49463933407291,1
1,1,17.75,5,1.49463933407291,16.421461544084,1
1,1,17.75,5,16.421461544084,16.9864082065124,1
1,1,17.75,5,16.9864082065124,17.2205345347576,1
1,1,17.75,5,17.2205345347576,17.75,0
2,1,11.75,4,0,0.33246448917457,1
2,1,11.75,4,0.33246448917457,0.829522034156817,1
2,1,11.75,4,0.829522034156817,2.13945690156631,1
2,1,11.75,4,2.13945690156631,8.13632109441338,1
2,1,11.75,4,8.13632109441338,11.75,0
3,1,11.75,1,0,8.29594683905446,1
3,1,11.75,1,8.29594683905446,11.75,0
4,1,17.75,47,0,6.04011404189367,1
4,1,17.75,47,6.04011404189367,6.07132255768401,1
4,1,17.75,47,6.07132255768401,6.43112478231392,1
4,1,17.75,47,6.43112478231392,7.237035692554,1
4,1,17.75,47,7.237035692554,7.84731110338979,1
4,1,17.75,47,7.84731110338979,7.85807833782271,1
4,1,17.75,47,7.85807833782271,8.31358380674211,1
4,1,17.75,47,8.31358380674211,8.35749989723184,1
4,1,17.75,47,8.35749989723184,8.81425231065765,1
4,1,17.75,47,8.81425231065765,9.34409417741598,1
4,1,17.75,47,9.34409417741598,9.45250689480383,1
4,1,17.75,47,9.45250689480383,9.58342656636173,1
4,1,17.75,47,9.58342656636173,9.71145631576009,1
4,1,17.75,47,9.71145631576009,9.71668669325394,1
4,1,17.75,47,9.71668669325394,9.72152437862556,1
4,1,17.75,47,9.72152437862556,9.82731130165369,1
4,1,17.75,47,9.82731130165369,10.2461314537554,1
4,1,17.75,47,10.2461314537554,10.5412155259879,1
4,1,17.75,47,10.5412155259879,11.1011562858712,1
4,1,17.75,47,11.1011562858712,11.7961250392391,1
4,1,17.75,47,11.7961250392391,11.8770173186612,1
4,1,17.75,47,11.8770173186612,12.4949989201338,1
4,1,17.75,47,12.4949989201338,12.5225722779151,1
4,1,17.75,47,12.5225722779151,13.1374111496331,1
4,1,17.75,47,13.1374111496331,13.327661740549,1
4,1,17.75,47,13.327661740549,13.5275790583435,1
4,1,17.75,47,13.5275790583435,13.7707633849699,1
4,1,17.75,47,13.7707633849699,13.9521581415285,1
4,1,17.75,47,13.9521581415285,13.9918771105148,1
4,1,17.75,47,13.9918771105148,14.0699890999553,1
4,1,17.75,47,14.0699890999553,14.4309386959588,1
4,1,17.75,47,14.4309386959588,14.5494928590875,1
4,1,17.75,47,14.5494928590875,14.8435580449056,1
4,1,17.75,47,14.8435580449056,14.8460290417542,1
4,1,17.75,47,14.8460290417542,15.7458874287138,1
4,1,17.75,47,15.7458874287138,16.4275918648479,1
4,1,17.75,47,16.4275918648479,16.5429064470709,1
4,1,17.75,47,16.5429064470709,16.6445270633731,1
4,1,17.75,47,16.6445270633731,16.7394671265099,1
4,1,17.75,47,16.7394671265099,16.9780618750856,1
4,1,17.75,47,16.9780618750856,17.1546890819477,1
4,1,17.75,47,17.1546890819477,17.5052348181711,1
4,1,17.75,47,17.5052348181711,17.5137236649314,1
4,1,17.75,47,17.5137236649314,17.5143660279942,1
4,1,17.75,47,17.5143660279942,17.5779630690648,1
4,1,17.75,47,17.5779630690648,17.5811883326146,1
4,1,17.75,47,17.5811883326146,17.7017331093512,1
4,1,17.75,47,17.7017331093512,17.75,0
5,1,9.75,16,0,1.75586598075071,1
5,1,9.75,16,1.75586598075071,3.5647040631708,1
5,1,9.75,16,3.5647040631708,3.61969766605549,1
5,1,9.75,16,3.61969766605549,4.16867751710058,1
5,1,9.75,16,4.16867751710058,5.9755965917113,1
5,1,9.75,16,5.9755965917113,6.40246267283667,1
5,1,9.75,16,6.40246267283667,7.60680730870341,1
5,1,9.75,16,7.60680730870341,7.69517317404806,1
5,1,9.75,16,7.69517317404806,8.30743245806197,1
5,1,9.75,16,8.30743245806197,8.48084927138289,1
5,1,9.75,16,8.48084927138289,8.64614785068648,1
5,1,9.75,16,8.64614785068648,8.72314689273541,1
5,1,9.75,16,8.72314689273541,9.21680193715517,1
5,1,9.75,16,9.21680193715517,9.40983579677654,1
5,1,9.75,16,9.40983579677654,9.51891281612482,1
5,1,9.75,16,9.51891281612482,9.59198714255031,1
5,1,9.75,16,9.59198714255031,9.75,0
6,1,17.75,1,0,2.01353807030238,1
6,1,17.75,1,2.01353807030238,17.75,0
7,1,17.75,3,0,2.50414856224452,1
7,1,17.75,3,2.50414856224452,9.68187116236321,1
7,1,17.75,3,9.68187116236321,16.4642993305937,1
7,1,17.75,3,16.4642993305937,17.75,0
8,1,18.75,0,0,18.75,0
9,1,15.75,0,0,15.75,0
10,1,13.75,1,0,0.0026417576137644,1
10,1,13.75,1,0.0026417576137644,13.75,0
11,1,12.75,0,0,12.75,0
12,1,20.75,3,0,1.19415457370287,1
12,1,20.75,3,1.19415457370287,1.2425371124536,1
12,1,20.75,3,1.2425371124536,6.14067976881276,1
12,1,20.75,3,6.14067976881276,20.75,0
13,1,10.75,1,0,0.285118099279449,1
13,1,10.75,1,0.285118099279449,10.75,0
14,1,18.75,6,0,2.34618851945208,1
14,1,18.75,6,2.34618851945208,3.05822420929192,1
14,1,18.75,6,3.05822420929192,6.09937835521641,1
14,1,18.75,6,6.09937835521641,7.5419874958222,1
14,1,18.75,6,7.5419874958222,9.82988748640598,1
14,1,18.75,6,9.82988748640598,14.4548575745167,1
14,1,18.75,6,14.4548575745167,18.75,0
15,1,15.75,0,0,15.75,0
16,1,10.75,2,0,4.22356894383578,1
16,1,10.75,2,4.22356894383578,6.87743450908581,1
16,1,10.75,2,6.87743450908581,10.75,0
17,1,20.75,0,0,20.75,0
18,1,15.75,2,0,3.31068283261696,1
18,1,15.75,2,3.31068283261696,10.0393261418683,1
18,1,15.75,2,10.0393261418683,15.75,0
19,1,11.75,18,0,0.867934495248499,1
19,1,11.75,18,0.867934495248499,1.66618822816772,1
19,1,11.75,18,1.66618822816772,3.09048105503676,1
19,1,11.75,18,3.09048105503676,6.38515610366691,1
19,1,11.75,18,6.38515610366691,6.46558733749305,1
19,1,11.75,18,6.46558733749305,6.5146773109996,1
19,1,11.75,18,6.5146773109996,6.55153524038776,1
19,1,11.75,18,6.55153524038776,7.08246743493733,1
19,1,11.75,18,7.08246743493733,8.17053562454722,1
19,1,11.75,18,8.17053562454722,8.7470161617645,1
19,1,11.75,18,8.7470161617645,8.81102187042862,1
19,1,11.75,18,8.81102187042862,8.99466765526812,1
19,1,11.75,18,8.99466765526812,9.02837848226209,1
19,1,11.75,18,9.02837848226209,9.84574740695334,1
19,1,11.75,18,9.84574740695334,10.983036984209,1
19,1,11.75,18,10.983036984209,11.5301882400208,1
19,1,11.75,18,11.5301882400208,11.6194899715969,1
19,1,11.75,18,11.6194899715969,11.6619255207189,1
19,1,11.75,18,11.6619255207189,11.75,0
20,1,13.75,2,0,0.0606079659834746,1
20,1,13.75,2,0.0606079659834746,1.98725430854752,1
20,1,13.75,2,1.98725430854752,13.75,0
21,1,14.75,0,0,14.75,0
22,1,14.75,2,0,0.392084030781976,1
22,1,14.75,2,0.392084030781976,1.77686177188369,1
22,1,14.75,2,1.77686177188369,14.75,0
23,1,14.75,10,0,5.49734974741184,1
23,1,14.75,10,5.49734974741184,6.88442075364328,1
23,1,14.75,10,6.88442075364328,7.80414499979145,1
23,1,14.75,10,7.80414499979145,8.79833925631991,1
23,1,14.75,10,8.79833925631991,8.85318307424784,1
23,1,14.75,10,8.85318307424784,9.70395521431458,1
23,1,14.75,10,9.70395521431458,10.1208038256106,1
23,1,14.75,10,10.1208038256106,12.2086300691736,1
23,1,14.75,10,12.2086300691736,13.9944566004923,1
23,1,14.75,10,13.9944566004923,14.1231425785766,1
23,1,14.75,10,14.1231425785766,14.75,0
24,1,15.75,31,0,4.66233720766734,1
24,1,15.75,31,4.66233720766734,5.82865136989313,1
24,1,15.75,31,5.82865136989313,6.16988249412263,1
24,1,15.75,31,6.16988249412263,7.06543636417428,1
24,1,15.75,31,7.06543636417428,7.55947210801405,1
24,1,15.75,31,7.55947210801405,7.61890325265074,1
24,1,15.75,31,7.61890325265074,8.72934256544251,1
24,1,15.75,31,8.72934256544251,8.75108197322362,1
24,1,15.75,31,8.75108197322362,9.95921907617409,1
24,1,15.75,31,9.95921907617409,10.1650764138034,1
24,1,15.75,31,10.1650764138034,10.5005117232795,1
24,1,15.75,31,10.5005117232795,10.6261389074955,1
24,1,15.75,31,10.6261389074955,10.7044329406091,1
24,1,15.75,31,10.7044329406091,10.823010201486,1
24,1,15.75,31,10.823010201486,11.1237043745951,1
24,1,15.75,31,11.1237043745951,11.1740080976475,1
24,1,15.75,31,11.1740080976475,11.5006496235978,1
24,1,15.75,31,11.5006496235978,12.2346538127698,1
24,1,15.75,31,12.2346538127698,13.1688268896766,1
24,1,15.75,31,13.1688268896766,13.2615966687096,1
24,1,15.75,31,13.2615966687096,13.3668434243982,1
24,1,15.75,31,13.3668434243982,13.4278949387413,1
24,1,15.75,31,13.4278949387413,13.4710449792936,1
24,1,15.75,31,13.4710449792936,14.3356380330101,1
24,1,15.75,31,14.3356380330101,14.459652764852,1
24,1,15.75,31,14.459652764852,14.4981097108578,1
24,1,15.75,31,14.4981097108578,14.6188235118021,1
24,1,15.75,31,14.6188235118021,14.7768861937537,1
24,1,15.75,31,14.7768861937537,14.8457713185125,1
24,1,15.75,31,14.8457713185125,15.0965767435863,1
24,1,15.75,31,15.0965767435863,15.1092950127197,1
24,1,15.75,31,15.1092950127197,15.75,0
25,1,9.75,1,0,0.551372279192565,1
25,1,9.75,1,0.551372279192565,9.75,0
26,1,15.75,16,0,4.7475199164246,1
26,1,15.75,16,4.7475199164246,5.71749264841733,1
26,1,15.75,16,5.71749264841733,6.81240808090396,1
26,1,15.75,16,6.81240808090396,8.45648285209957,1
26,1,15.75,16,8.45648285209957,8.59771602943933,1
26,1,15.75,16,8.59771602943933,9.93497435192706,1
26,1,15.75,16,9.93497435192706,10.4742722180242,1
26,1,15.75,16,10.4742722180242,11.26266059683,1
26,1,15.75,16,11.26266059683,11.9705140386546,1
26,1,15.75,16,11.9705140386546,12.2837443192579,1
26,1,15.75,16,12.2837443192579,12.9496266003679,1
26,1,15.75,16,12.9496266003679,13.178473150808,1
26,1,15.75,16,13.178473150808,13.5880612299471,1
26,1,15.75,16,13.5880612299471,14.6300169775737,1
26,1,15.75,16,14.6300169775737,14.7461090575346,1
26,1,15.75,16,14.7461090575346,14.9556120884695,1
26,1,15.75,16,14.9556120884695,15.75,0
27,1,13.75,0,0,13.75,0
28,1,19.75,3,0,2.36241158911446,1
28,1,19.75,3,2.36241158911446,14.7406474899133,1
28,1,19.75,3,14.7406474899133,19.004082305864,1
28,1,19.75,3,19.004082305864,19.75,0
29,1,13.75,10,0,3.75662291769125,1
29,1,13.75,10,3.75662291769125,6.1384588535366,1
29,1,13.75,10,6.1384588535366,6.74328009539114,1
29,1,13.75,10,6.74328009539114,7.73499493851274,1
29,1,13.75,10,7.73499493851274,7.86024185221762,1
29,1,13.75,10,7.86024185221762,10.3585811821064,1
29,1,13.75,10,10.3585811821064,11.6377245633138,1
29,1,13.75,10,11.6377245633138,11.6994317006906,1
29,1,13.75,10,11.6994317006906,11.7141257475075,1
29,1,13.75,10,11.7141257475075,11.7916504799166,1
29,1,13.75,10,11.7916504799166,13.75,0
30,1,8.75,11,0,1.5595712786379,1
30,1,8.75,11,1.5595712786379,3.55408786115285,1
30,1,8.75,11,3.55408786115285,3.66641167378973,1
30,1,8.75,11,3.66641167378973,3.96261394678944,1
30,1,8.75,11,3.96261394678944,5.00466072293064,1
30,1,8.75,11,5.00466072293064,5.00496229751638,1
30,1,8.75,11,5.00496229751638,5.59394603332407,1
30,1,8.75,11,5.59394603332407,6.62886719634653,1
30,1,8.75,11,6.62886719634653,7.78229459278448,1
30,1,8.75,11,7.78229459278448,7.85850899887807,1
30,1,8.75,11,7.85850899887807,7.95165494548675,1
30,1,8.75,11,7.95165494548675,8.75,0
31,1,20.75,2,0,1.69555958867647,1
31,1,20.75,2,1.69555958867647,11.5097607152804,1
31,1,20.75,2,11.5097607152804,20.75,0
32,1,15.75,5,0,0.237433794865181,1
32,1,15.75,5,0.237433794865181,0.417204341509104,1
32,1,15.75,5,0.417204341509104,0.585027399073185,1
32,1,15.75,5,0.585027399073185,2.63348039550656,1
32,1,15.75,5,2.63348039550656,8.01611544247877,1
32,1,15.75,5,8.01611544247877,15.75,0
33,1,10.75,5,0,3.84475964852594,1
33,1,10.75,5,3.84475964852594,7.1471359698025,1
33,1,10.75,5,7.1471359698025,7.31663914634835,1
33,1,10.75,5,7.31663914634835,9.59870509925702,1
33,1,10.75,5,9.59870509925702,10.2605614733395,1
33,1,10.75,5,10.2605614733395,10.75,0
34,1,14.75,1,0,1.45189530662528,1
34,1,14.75,1,1.45189530662528,14.75,0
35,1,12.75,31,0,3.28217792960191,1
35,1,12.75,31,3.28217792960191,3.95761494314136,1
35,1,12.75,31,3.95761494314136,5.9112387879614,1
35,1,12.75,31,5.9112387879614,6.5884052993746,1
35,1,12.75,31,6.5884052993746,8.00451848460494,1
35,1,12.75,31,8.00451848460494,8.49081881143353,1
35,1,12.75,31,8.49081881143353,8.74156455418827,1
35,1,12.75,31,8.74156455418827,8.99791172920444,1
35,1,12.75,31,8.99791172920444,9.10729304518839,1
35,1,12.75,31,9.10729304518839,9.33864559019533,1
35,1,12.75,31,9.33864559019533,9.43935349470366,1
35,1,12.75,31,9.43935349470366,9.56274150766624,1
35,1,12.75,31,9.56274150766624,9.83318048297767,1
35,1,12.75,31,9.83318048297767,10.221819472383,1
35,1,12.75,31,10.221819472383,10.5432426375563,1
35,1,12.75,31,10.5432426375563,10.6877306742226,1
35,1,12.75,31,10.6877306742226,10.7284993020804,1
35,1,12.75,31,10.7284993020804,10.895334968638,1
35,1,12.75,31,10.895334968638,11.040086543721,1
35,1,12.75,31,11.040086543721,11.196455588128,1
35,1,12.75,31,11.196455588128,11.6101557525966,1
35,1,12.75,31,11.6101557525966,11.6688373903404,1
35,1,12.75,31,11.6688373903404,11.7984098713792,1
35,1,12.75,31,11.7984098713792,11.8957763985947,1
35,1,12.75,31,11.8957763985947,11.9372407006146,1
35,1,12.75,31,11.9372407006146,11.9628919028407,1
35,1,12.75,31,11.9628919028407,11.9784864676015,1
35,1,12.75,31,11.9784864676015,12.0705286738726,1
35,1,12.75,31,12.0705286738726,12.4860141240965,1
35,1,12.75,31,12.4860141240965,12.5359551466048,1
35,1,12.75,31,12.5359551466048,12.7039016094039,1
35,1,12.75,31,12.7039016094039,12.75,0
36,1,11.75,3,0,0.00334509175280244,1
36,1,11.75,3,0.00334509175280244,2.70545018584141,1
36,1,11.75,3,2.70545018584141,7.50740366894569,1
36,1,11.75,3,7.50740366894569,11.75,0
37,1,8.75,18,0,1.83135714060941,1
37,1,8.75,18,1.83135714060941,2.53652908130982,1
37,1,8.75,18,2.53652908130982,3.88073282194531,1
37,1,8.75,18,3.88073282194531,4.12003395480671,1
37,1,8.75,18,4.12003395480671,4.3181362518156,1
37,1,8.75,18,4.3181362518156,4.8527437806067,1
37,1,8.75,18,4.8527437806067,5.53721295526688,1
37,1,8.75,18,5.53721295526688,5.8828945297309,1
37,1,8.75,18,5.8828945297309,5.96929413415199,1
37,1,8.75,18,5.96929413415199,6.36890454757867,1
37,1,8.75,18,6.36890454757867,6.53403139476893,1
37,1,8.75,18,6.53403139476893,6.54903871781208,1
37,1,8.75,18,6.54903871781208,6.7387316475497,1
37,1,8.75,18,6.7387316475497,7.23619443682317,1
37,1,8.75,18,7.23619443682317,7.75910930612116,1
37,1,8.75,18,7.75910930612116,7.78310709053093,1
37,1,8.75,18,7.78310709053093,8.02063953520301,1
37,1,8.75,18,8.02063953520301,8.74129170539162,1
37,1,8.75,18,8.74129170539162,8.75,0
38,1,10.75,0,0,10.75,0
39,1,10.75,9,0,6.29065176268917,1
39,1,10.75,9,6.29065176268917,6.61872101061386,1
39,1,10.75,9,6.61872101061386,6.90633584065742,1
39,1,10.75,9,6.90633584065742,7.54719795529531,1
39,1,10.75,9,7.54719795529531,7.68817663895625,1
39,1,10.75,9,7.68817663895625,9.12447672125603,1
39,1,10.75,9,9.12447672125603,9.1552350205829,1
39,1,10.75,9,9.1552350205829,10.0260430294965,1
39,1,10.75,9,10.0260430294965,10.4936076172746,1
39,1,10.75,9,10.4936076172746,10.75,0
40,1,15.75,7,0,0.756929068562879,1
40,1,15.75,7,0.756929068562879,2.20407637133471,1
40,1,15.75,7,2.20407637133471,2.64593216766807,1
40,1,15.75,7,2.64593216766807,3.29454928639719,1
40,1,15.75,7,3.29454928639719,7.64601958060446,1
40,1,15.75,7,7.64601958060446,11.6312243342177,1
40,1,15.75,7,11.6312243342177,12.8002726666684,1
40,1,15.75,7,12.8002726666684,15.75,0
41,1,12.75,0,0,12.75,0
42,1,19.75,1,0,5.22036015086775,1
42,1,19.75,1,5.22036015086775,19.75,0
43,1,17.75,3,0,0.0220505262620236,1
43,1,17.75,3,0.0220505262620236,0.515609717233456,1
43,1,17.75,3,0.515609717233456,0.757943519918742,1
43,1,17.75,3,0.757943519918742,17.75,0
44,1,14.75,4,0,0.411044726432684,1
44,1,14.75,4,0.411044726432684,1.86010418786647,1
44,1,14.75,4,1.86010418786647,6.98184728437277,1
44,1,14.75,4,6.98184728437277,13.0206410334277,1
44,1,14.75,4,13.0206410334277,14.75,0
45,1,19.75,4,0,0.390859789831395,1
45,1,19.75,4,0.390859789831395,0.912166987716844,1
45,1,19.75,4,0.912166987716844,4.45026516876566,1
45,1,19.75,4,4.45026516876566,9.24666575663795,1
45,1,19.75,4,9.24666575663795,19.75,0
46,1,16.75,1,0,5.25736681888056,1
46,1,16.75,1,5.25736681888056,16.75,0
47,1,10.75,0,0,10.75,0
48,1,20.75,6,0,0.189891081703286,1
48,1,20.75,6,0.189891081703286,1.23974236616638,1
48,1,20.75,6,1.23974236616638,1.80562068088001,1
48,1,20.75,6,1.80562068088001,3.39456348306825,1
48,1,20.75,6,3.39456348306825,10.8081208091092,1
48,1,20.75,6,10.8081208091092,12.4947594809763,1
48,1,20.75,6,12.4947594809763,20.75,0
49,1,11.75,3,0,0.139199621852403,1
49,1,11.75,3,0.139199621852403,0.966294189373949,1
49,1,11.75,3,0.966294189373949,5.18229638803453,1
49,1,11.75,3,5.18229638803453,11.75,0
50,1,19.75,2,0,0.298012394801754,1
50,1,19.75,2,0.298012394801754,7.96709532044663,1
50,1,19.75,2,7.96709532044663,19.75,0
51,1,8.75,2,0,0.0771090106820334,1
51,1,8.75,2,0.0771090106820334,0.26808310676478,1
51,1,8.75,2,0.26808310676478,8.75,0
52,1,13.75,31,0,4.31589528872451,1
52,1,13.75,31,4.31589528872451,5.60970415747831,1
52,1,13.75,31,5.60970415747831,5.92696391920894,1
52,1,13.75,31,5.92696391920894,6.59458534486528,1
52,1,13.75,31,6.59458534486528,7.53497820807164,1
52,1,13.75,31,7.53497820807164,7.56985115859464,1
52,1,13.75,31,7.56985115859464,7.72764806106273,1
52,1,13.75,31,7.72764806106273,7.77770346255349,1
52,1,13.75,31,7.77770346255349,8.41421397584932,1
52,1,13.75,31,8.41421397584932,8.52039096233435,1
52,1,13.75,31,8.52039096233435,9.03878171340269,1
52,1,13.75,31,9.03878171340269,9.23196409087175,1
52,1,13.75,31,9.23196409087175,9.50359436680506,1
52,1,13.75,31,9.50359436680506,9.95784128528796,1
52,1,13.75,31,9.95784128528796,10.1496313005761,1
52,1,13.75,31,10.1496313005761,10.6531867333234,1
52,1,13.75,31,10.6531867333234,11.0227488672739,1
52,1,13.75,31,11.0227488672739,11.1755276687129,1
52,1,13.75,31,11.1755276687129,11.2617009792259,1
52,1,13.75,31,11.2617009792259,11.3053384329681,1
52,1,13.75,31,11.3053384329681,11.6707430026979,1
52,1,13.75,31,11.6707430026979,11.8212258802309,1
52,1,13.75,31,11.8212258802309,12.1888814562926,1
52,1,13.75,31,12.1888814562926,12.240357246361,1
52,1,13.75,31,12.240357246361,12.4673029699225,1
52,1,13.75,31,12.4673029699225,12.8307399286851,1
52,1,13.75,31,12.8307399286851,12.9227327017791,1
52,1,13.75,31,12.9227327017791,12.9930416844103,1
52,1,13.75,31,12.9930416844103,13.210274754195,1
52,1,13.75,31,13.210274754195,13.4144757174699,1
52,1,13.75,31,13.4144757174699,13.4695463023575,1
52,1,13.75,31,13.4695463023575,13.75,0
53,1,15.75,2,0,4.89305759131344,1
53,1,15.75,2,4.89305759131344,12.0484185769351,1
53,1,15.75,2,12.0484185769351,15.75,0
54,1,12.75,10,0,6.30318436072823,1
54,1,12.75,10,6.30318436072823,7.37825698588009,1
54,1,12.75,10,7.37825698588009,7.48936345671639,1
54,1,12.75,10,7.48936345671639,8.96769556085385,1
54,1,12.75,10,8.96769556085385,10.8489078065539,1
54,1,12.75,10,10.8489078065539,11.0960066698315,1
54,1,12.75,10,11.0960066698315,11.4274438992443,1
54,1,12.75,10,11.4274438992443,11.4838035429317,1
54,1,12.75,10,11.4838035429317,12.2351793841747,1
54,1,12.75,10,12.2351793841747,12.7006540894848,1
54,1,12.75,10,12.7006540894848,12.75,0
55,1,14.75,15,0,2.74183185008584,1
55,1,14.75,15,2.74183185008584,4.9737169838188,1
55,1,14.75,15,4.9737169838188,6.03393331658048,1
55,1,14.75,15,6.03393331658048,7.05863482476131,1
55,1,14.75,15,7.05863482476131,8.63991130492633,1
55,1,14.75,15,8.63991130492633,9.31432274031497,1
55,1,14.75,15,9.31432274031497,9.32840463850026,1
55,1,14.75,15,9.32840463850026,9.80070402503864,1
55,1,14.75,15,9.80070402503864,9.93281409467394,1
55,1,14.75,15,9.93281409467394,10.6510648775223,1
55,1,14.75,15,10.6510648775223,12.3781090731604,1
55,1,14.75,15,12.3781090731604,12.5679050984358,1
55,1,14.75,15,12.5679050984358,12.7284424595211,1
55,1,14.75,15,12.7284424595211,13.9959620986397,1
55,1,14.75,15,13.9959620986397,14.4275336332627,1
55,1,14.75,15,14.4275336332627,14.75,0
56,1,15.75,0,0,15.75,0
57,1,14.75,38,0,3.12745596719386,1
57,1,14.75,38,3.12745596719386,4.07574122697381,1
57,1,14.75,38,4.07574122697381,5.91763379021333,1
57,1,14.75,38,5.91763379021333,6.64228508597846,1
57,1,14.75,38,6.64228508597846,8.08344330046135,1
57,1,14.75,38,8.08344330046135,8.15995270109564,1
57,1,14.75,38,8.15995270109564,8.16475321260994,1
57,1,14.75,38,8.16475321260994,8.8248970189142,1
57,1,14.75,38,8.8248970189142,8.87569045314181,1
57,1,14.75,38,8.87569045314181,9.17314617329149,1
57,1,14.75,38,9.17314617329149,9.29175533586538,1
57,1,14.75,38,9.29175533586538,9.40070566160122,1
57,1,14.75,38,9.40070566160122,9.60295083211238,1
57,1,14.75,38,9.60295083211238,9.83084217371665,1
57,1,14.75,38,9.83084217371665,9.83487046631613,1
57,1,14.75,38,9.83487046631613,9.87626460432065,1
57,1,14.75,38,9.87626460432065,10.325650779269,1
57,1,14.75,38,10.325650779269,10.3916449416062,1
57,1,14.75,38,10.3916449416062,10.6291843783687,1
57,1,14.75,38,10.6291843783687,10.9188815840428,1
57,1,14.75,38,10.9188815840428,11.6606576233535,1
57,1,14.75,38,11.6606576233535,11.7689863724955,1
57,1,14.75,38,11.7689863724955,11.7814182319419,1
57,1,14.75,38,11.7814182319419,11.9355179246949,1
57,1,14.75,38,11.9355179246949,12.2770669692178,1
57,1,14.75,38,12.2770669692178,12.4513561363052,1
57,1,14.75,38,12.4513561363052,12.5675843418159,1
57,1,14.75,38,12.5675843418159,13.147662478532,1
57,1,14.75,38,13.147662478532,13.2524314189811,1
57,1,14.75,38,13.2524314189811,13.3674560032578,1
57,1,14.75,38,13.3674560032578,13.4576507995635,1
57,1,14.75,38,13.4576507995635,13.8746760873794,1
57,1,14.75,38,13.8746760873794,14.1917585153202,1
57,1,14.75,38,14.1917585153202,14.2636925801313,1
57,1,14.75,38,14.2636925801313,14.4146957392574,1
57,1,14.75,38,14.4146957392574,14.4594566361126,1
57,1,14.75,38,14.4594566361126,14.5395798560279,1
57,1,14.75,38,14.5395798560279,14.5485519709067,1
57,1,14.75,38,14.5485519709067,14.75,0
58,1,18.75,1,0,10.9859877600552,1
58,1,18.75,1,10.9859877600552,18.75,0
59,1,19.75,1,0,11.2437203948019,1
59,1,19.75,1,11.2437203948019,19.75,0
60,1,16.75,20,0,6.92254248936501,1
60,1,16.75,20,6.92254248936501,7.79385602968014,1
60,1,16.75,20,7.79385602968014,8.77999464412741,1
60,1,16.75,20,8.77999464412741,8.92898219304342,1
60,1,16.75,20,8.92898219304342,9.23657667333108,1
60,1,16.75,20,9.23657667333108,9.65706676387101,1
60,1,16.75,20,9.65706676387101,9.97253173397482,1
60,1,16.75,20,9.97253173397482,11.68234457649,1
60,1,16.75,20,11.68234457649,12.0470170091695,1
60,1,16.75,20,12.0470170091695,12.8568104229854,1
60,1,16.75,20,12.8568104229854,13.0578010020397,1
60,1,16.75,20,13.0578010020397,13.2224144070399,1
60,1,16.75,20,13.2224144070399,13.421811714472,1
60,1,16.75,20,13.421811714472,14.4431675574883,1
60,1,16.75,20,14.4431675574883,15.6841585635557,1
60,1,16.75,20,15.6841585635557,15.9243240858021,1
60,1,16.75,20,15.9243240858021,15.9383321780426,1
60,1,16.75,20,15.9383321780426,16.3229405885739,1
60,1,16.75,20,16.3229405885739,16.387727419281,1
60,1,16.75,20,16.387727419281,16.5272376566267,1
60,1,16.75,20,16.5272376566267,16.75,0
61,1,20.75,2,0,5.42482515816218,1
61,1,20.75,2,5.42482515816218,18.8583389693161,1
61,1,20.75,2,18.8583389693161,20.75,0
62,1,9.75,3,0,0.0294123235553549,1
62,1,9.75,3,0.0294123235553549,0.0338806215532669,1
62,1,9.75,3,0.0338806215532669,0.565247816504417,1
62,1,9.75,3,0.565247816504417,9.75,0
63,1,8.75,1,0,0.11855774476178,1
63,1,8.75,1,0.11855774476178,8.75,0
64,1,10.75,1,0,2.96743032456845,1
64,1,10.75,1,2.96743032456845,10.75,0
65,1,15.75,45,0,0.590993299813242,1
65,1,15.75,45,0.590993299813242,3.46168037154556,1
65,1,15.75,45,3.46168037154556,3.93131207246622,1
65,1,15.75,45,3.93131207246622,6.75245536619682,1
65,1,15.75,45,6.75245536619682,6.85622968937491,1
65,1,15.75,45,6.85622968937491,6.93087857648164,1
65,1,15.75,45,6.93087857648164,7.72385643022013,1
65,1,15.75,45,7.72385643022013,8.32091382751246,1
65,1,15.75,45,8.32091382751246,8.37834537527577,1
65,1,15.75,45,8.37834537527577,8.53749213142551,1
65,1,15.75,45,8.53749213142551,8.64902920607981,1
65,1,15.75,45,8.64902920607981,9.52326164180271,1
65,1,15.75,45,9.52326164180271,9.57736040330599,1
65,1,15.75,45,9.57736040330599,9.64688176250865,1
65,1,15.75,45,9.64688176250865,11.0478657228649,1
65,1,15.75,45,11.0478657228649,11.1953130165978,1
65,1,15.75,45,11.1953130165978,11.5724515447932,1
65,1,15.75,45,11.5724515447932,11.6919752186076,1
65,1,15.75,45,11.6919752186076,12.2153620050059,1
65,1,15.75,45,12.2153620050059,12.3797940483222,1
65,1,15.75,45,12.3797940483222,12.4405880429363,1
65,1,15.75,45,12.4405880429363,12.4676158503338,1
65,1,15.75,45,12.4676158503338,12.7333952996383,1
65,1,15.75,45,12.7333952996383,12.780880860843,1
65,1,15.75,45,12.780880860843,12.7866747901911,1
65,1,15.75,45,12.7866747901911,12.7951080921027,1
65,1,15.75,45,12.7951080921027,12.8706195869045,1
65,1,15.75,45,12.8706195869045,12.8770584552602,1
65,1,15.75,45,12.8770584552602,13.1447778627671,1
65,1,15.75,45,13.1447778627671,13.4926126139444,1
65,1,15.75,45,13.4926126139444,13.7138924060206,1
65,1,15.75,45,13.7138924060206,13.9033975074391,1
65,1,15.75,45,13.9033975074391,13.9140481648188,1
65,1,15.75,45,13.9140481648188,14.1283711662129,1
65,1,15.75,45,14.1283711662129,14.2306036340216,1
65,1,15.75,45,14.2306036340216,14.5420068711678,1
65,1,15.75,45,14.5420068711678,14.6477245478745,1
65,1,15.75,45,14.6477245478745,15.0304663855686,1
65,1,15.75,45,15.0304663855686,15.0521143295126,1
65,1,15.75,45,15.0521143295126,15.0777122411549,1
65,1,15.75,45,15.0777122411549,15.4282821280801,1
65,1,15.75,45,15.4282821280801,15.4781830595296,1
65,1,15.75,45,15.4781830595296,15.5434086963801,1
65,1,15.75,45,15.5434086963801,15.59394315176,1
65,1,15.75,45,15.59394315176,15.7228974923513,1
65,1,15.75,45,15.7228974923513,15.75,0
66,1,14.75,36,0,3.89542644620174,1
66,1,14.75,36,3.89542644620174,4.72381333908926,1
66,1,14.75,36,4.72381333908926,5.21104306801593,1
66,1,14.75,36,5.21104306801593,5.74581796778478,1
66,1,14.75,36,5.74581796778478,6.45611607218657,1
66,1,14.75,36,6.45611607218657,7.74625674682325,1
66,1,14.75,36,7.74625674682325,8.26214352194086,1
66,1,14.75,36,8.26214352194086,8.59629984606638,1
66,1,14.75,36,8.59629984606638,8.91347677413528,1
66,1,14.75,36,8.91347677413528,9.16688399710265,1
66,1,14.75,36,9.16688399710265,9.29200623557072,1
66,1,14.75,36,9.29200623557072,9.43626938372891,1
66,1,14.75,36,9.43626938372891,9.91749278419321,1
66,1,14.75,36,9.91749278419321,9.99258401609585,1
66,1,14.75,36,9.99258401609585,10.1175519952437,1
66,1,14.75,36,10.1175519952437,10.5574762142997,1
66,1,14.75,36,10.5574762142997,10.7719278919686,1
66,1,14.75,36,10.7719278919686,10.9153298210634,1
66,1,14.75,36,10.9153298210634,11.4219711343523,1
66,1,14.75,36,11.4219711343523,11.5148193843387,1
66,1,14.75,36,11.5148193843387,12.7329142930671,1
66,1,14.75,36,12.7329142930671,12.9664858620438,1
66,1,14.75,36,12.9664858620438,12.9704903226429,1
66,1,14.75,36,12.9704903226429,13.0987967908151,1
66,1,14.75,36,13.0987967908151,13.6945082217334,1
66,1,14.75,36,13.6945082217334,13.7210814359998,1
66,1,14.75,36,13.7210814359998,13.7420653304607,1
66,1,14.75,36,13.7420653304607,13.858625921374,1
66,1,14.75,36,13.858625921374,13.8814724559129,1
66,1,14.75,36,13.8814724559129,13.9265567647847,1
66,1,14.75,36,13.9265567647847,13.9267407820599,1
66,1,14.75,36,13.9267407820599,14.228434390344,1
66,1,14.75,36,14.228434390344,14.3916702011875,1
66,1,14.75,36,14.3916702011875,14.4025891487604,1
66,1,14.75,36,14.4025891487604,14.4887688716496,1
66,1,14.75,36,14.4887688716496,14.6352203482122,1
66,1,14.75,36,14.6352203482122,14.75,0
67,1,15.75,3,0,4.29604659915356,1
67,1,15.75,3,4.29604659915356,6.79183516972699,1
67,1,15.75,3,6.79183516972699,7.41510904732088,1
67,1,15.75,3,7.41510904732088,15.75,0
68,1,10.75,1,0,3.26084280339914,1
68,1,10.75,1,3.26084280339914,10.75,0
69,1,14.75,2,0,1.95505667842973,1
69,1,14.75,2,1.95505667842973,5.21374760660774,1
69,1,14.75,2,5.21374760660774,14.75,0
70,1,13.75,0,0,13.75,0
71,1,10.75,12,0,4.85878388083562,1
71,1,10.75,12,4.85878388083562,5.64656479177267,1
71,1,10.75,12,5.64656479177267,6.34862091266473,1
71,1,10.75,12,6.34862091266473,6.46969433626721,1
71,1,10.75,12,6.46969433626721,7.00707212041862,1
71,1,10.75,12,7.00707212041862,8.01026946497465,1
71,1,10.75,12,8.01026946497465,8.30625083995142,1
71,1,10.75,12,8.30625083995142,8.41163592526904,1
71,1,10.75,12,8.41163592526904,9.40439096407636,1
71,1,10.75,12,9.40439096407636,9.55096157805635,1
71,1,10.75,12,9.55096157805635,10.3444365345799,1
71,1,10.75,12,10.3444365345799,10.6224817426994,1
71,1,10.75,12,10.6224817426994,10.75,0
72,1,11.75,0,0,11.75,0
73,1,10.75,2,0,0.0227857727967557,1
73,1,10.75,2,0.0227857727967557,6.84662033936434,1
73,1,10.75,2,6.84662033936434,10.75,0
74,1,20.75,6,0,0.198033865323272,1
74,1,20.75,6,0.198033865323272,4.17277078342511,1
74,1,20.75,6,4.17277078342511,4.83776879692214,1
74,1,20.75,6,4.83776879692214,5.7137041612634,1
74,1,20.75,6,5.7137041612634,6.15493531457032,1
74,1,20.75,6,6.15493531457032,6.40857845276409,1
74,1,20.75,6,6.40857845276409,20.75,0
75,1,15.75,2,0,0.102179144499676,1
75,1,15.75,2,0.102179144499676,12.286621034052,1
75,1,15.75,2,12.286621034052,15.75,0
76,1,16.75,3,0,0.93659578242834,1
76,1,16.75,3,0.93659578242834,2.37302392145821,1
76,1,16.75,3,2.37302392145821,8.3301966506719,1
76,1,16.75,3,8.3301966506719,16.75,0
77,1,9.75,3,0,0.00203783887920944,1
77,1,9.75,3,0.00203783887920944,1.46381493270824,1
77,1,9.75,3,1.46381493270824,6.49412002936639,1
77,1,9.75,3,6.49412002936639,9.75,0
78,1,14.75,4,0,2.27171780615945,1
78,1,14.75,4,2.27171780615945,5.64775038662414,1
78,1,14.75,4,5.64775038662414,9.65710932917057,1
78,1,14.75,4,9.65710932917057,9.78743774487991,1
78,1,14.75,4,9.78743774487991,14.75,0
79,1,14.75,35,0,1.02009514444216,1
79,1,14.75,35,1.02009514444216,5.23085196597824,1
79,1,14.75,35,5.23085196597824,5.98415828513285,1
79,1,14.75,35,5.98415828513285,6.81175655044764,1
79,1,14.75,35,6.81175655044764,7.36823236276585,1
79,1,14.75,35,7.36823236276585,7.53691405959111,1
79,1,14.75,35,7.53691405959111,7.64346780894579,1
79,1,14.75,35,7.64346780894579,8.1338997374817,1
79,1,14.75,35,8.1338997374817,8.54122236420618,1
79,1,14.75,35,8.54122236420618,8.88960702249939,1
79,1,14.75,35,8.88960702249939,10.1259062127446,1
79,1,14.75,35,10.1259062127446,10.1474699308396,1
79,1,14.75,35,10.1474699308396,10.4830180048306,1
79,1,14.75,35,10.4830180048306,10.5004286072338,1
79,1,14.75,35,10.5004286072338,10.5197937347659,1
79,1,14.75,35,10.5197937347659,10.5678847587148,1
79,1,14.75,35,10.5678847587148,10.6288456972806,1
79,1,14.75,35,10.6288456972806,10.7943622118634,1
79,1,14.75,35,10.7943622118634,11.122035716135,1
79,1,14.75,35,11.122035716135,11.1401593523523,1
79,1,14.75,35,11.1401593523523,11.4199467885931,1
79,1,14.75,35,11.4199467885931,11.4318673026636,1
79,1,14.75,35,11.4318673026636,11.7277941093293,1
79,1,14.75,35,11.7277941093293,11.885963416426,1
79,1,14.75,35,11.885963416426,12.2508346110867,1
79,1,14.75,35,12.2508346110867,12.3577713931985,1
79,1,14.75,35,12.3577713931985,12.8590620699515,1
79,1,14.75,35,12.8590620699515,13.1065341008199,1
79,1,14.75,35,13.1065341008199,13.1160932708288,1
79,1,14.75,35,13.1160932708288,13.1890786335582,1
79,1,14.75,35,13.1890786335582,13.3454086730204,1
79,1,14.75,35,13.3454086730204,13.3782621226831,1
79,1,14.75,35,13.3782621226831,14.1297776915939,1
79,1,14.75,35,14.1297776915939,14.2442857283446,1
79,1,14.75,35,14.2442857283446,14.3080973013771,1
79,1,14.75,35,14.3080973013771,14.75,0
80,1,11.75,15,0,6.39832493783842,1
80,1,11.75,15,6.39832493783842,6.65644781952732,1
80,1,11.75,15,6.65644781952732,7.99336899718208,1
80,1,11.75,15,7.99336899718208,8.30209543971172,1
80,1,11.75,15,8.30209543971172,8.4116222040489,1
80,1,11.75,15,8.4116222040489,8.75935043216157,1
80,1,11.75,15,8.75935043216157,9.00539213840424,1
80,1,11.75,15,9.00539213840424,9.3452796365271,1
80,1,11.75,15,9.3452796365271,9.97018399672761,1
80,1,11.75,15,9.97018399672761,10.5198643011365,1
80,1,11.75,15,10.5198643011365,10.6392100791883,1
80,1,11.75,15,10.6392100791883,10.7589610133674,1
80,1,11.75,15,10.7589610133674,10.9295276355106,1
80,1,11.75,15,10.9295276355106,11.0783834328583,1
80,1,11.75,15,11.0783834328583,11.5161254632839,1
80,1,11.75,15,11.5161254632839,11.75,0
81,1,20.75,64,0,2.70570929369749,1
81,1,20.75,64,2.70570929369749,3.07378315879654,1
81,1,20.75,64,3.07378315879654,5.07814317001649,1
81,1,20.75,64,5.07814317001649,7.17574351604978,1
81,1,20.75,64,7.17574351604978,8.13735584795566,1
81,1,20.75,64,8.13735584795566,9.07822910997022,1
81,1,20.75,64,9.07822910997022,9.07906359683259,1
81,1,20.75,64,9.07906359683259,9.27986949341755,1
81,1,20.75,64,9.27986949341755,9.61758869685429,1
81,1,20.75,64,9.61758869685429,10.7031114857492,1
81,1,20.75,64,10.7031114857492,11.4570955510285,1
81,1,20.75,64,11.4570955510285,11.7253165472438,1
81,1,20.75,64,11.7253165472438,12.0896811395154,1
81,1,20.75,64,12.0896811395154,12.3059077608453,1
81,1,20.75,64,12.3059077608453,12.4047288484308,1
81,1,20.75,64,12.4047288484308,12.497239518467,1
81,1,20.75,64,12.497239518467,12.5009465528993,1
81,1,20.75,64,12.5009465528993,12.7081501105919,1
81,1,20.75,64,12.7081501105919,12.7397076815952,1
81,1,20.75,64,12.7397076815952,12.802111981713,1
81,1,20.75,64,12.802111981713,12.8469917073628,1
81,1,20.75,64,12.8469917073628,13.8037993003779,1
81,1,20.75,64,13.8037993003779,14.0877137144382,1
81,1,20.75,64,14.0877137144382,14.3574935054558,1
81,1,20.75,64,14.3574935054558,14.3817095700608,1
81,1,20.75,64,14.3817095700608,14.6161109149038,1
81,1,20.75,64,14.6161109149038,14.8625983219622,1
81,1,20.75,64,14.8625983219622,14.9366563172545,1
81,1,20.75,64,14.9366563172545,15.0614521975027,1
81,1,20.75,64,15.0614521975027,15.132928313927,1
81,1,20.75,64,15.132928313927,15.3458891550741,1
81,1,20.75,64,15.3458891550741,15.3732454115262,1
81,1,20.75,64,15.3732454115262,15.6209757179327,1
81,1,20.75,64,15.6209757179327,16.1403139674372,1
81,1,20.75,64,16.1403139674372,16.1410551545708,1
81,1,20.75,64,16.1410551545708,16.1766500733848,1
81,1,20.75,64,16.1766500733848,16.2226476246918,1
81,1,20.75,64,16.2226476246918,16.2993410036958,1
81,1,20.75,64,16.2993410036958,16.4040604531966,1
81,1,20.75,64,16.4040604531966,16.4814240798023,1
81,1,20.75,64,16.4814240798023,16.7493168209767,1
81,1,20.75,64,16.7493168209767,17.0344110823425,1
81,1,20.75,64,17.0344110823425,17.0691948954319,1
81,1,20.75,64,17.0691948954319,17.1203863831393,1
81,1,20.75,64,17.1203863831393,17.1879349233834,1
81,1,20.75,64,17.1879349233834,17.3753906082055,1
81,1,20.75,64,17.3753906082055,17.3897227820917,1
81,1,20.75,64,17.3897227820917,17.6739141319172,1
81,1,20.75,64,17.6739141319172,17.8922489424602,1
81,1,20.75,64,17.8922489424602,18.043852665185,1
81,1,20.75,64,18.043852665185,18.5268208751344,1
81,1,20.75,64,18.5268208751344,18.6662472710283,1
81,1,20.75,64,18.6662472710283,19.2166054974854,1
81,1,20.75,64,19.2166054974854,19.3213032339903,1
81,1,20.75,64,19.3213032339903,19.8129001354781,1
81,1,20.75,64,19.8129001354781,19.8420236177446,1
81,1,20.75,64,19.8420236177446,19.8462886603644,1
81,1,20.75,64,19.8462886603644,20.0031124154865,1
81,1,20.75,64,20.0031124154865,20.1856196105323,1
81,1,20.75,64,20.1856196105323,20.2477343332862,1
81,1,20.75,64,20.2477343332862,20.2774732127531,1
81,1,20.75,64,20.2774732127531,20.3591870196075,1
81,1,20.75,64,20.3591870196075,20.3713324504127,1
81,1,20.75,64,20.3713324504127,20.7223945984122,1
81,1,20.75,64,20.7223945984122,20.75,0
82,1,19.75,69,0,4.28608859387156,1
82,1,19.75,69,4.28608859387156,4.70936926156732,1
82,1,19.75,69,4.70936926156732,5.2684139839396,1
82,1,19.75,69,5.2684139839396,5.41555944116471,1
82,1,19.75,69,5.41555944116471,6.0001918733633,1
82,1,19.75,69,6.0001918733633,6.68918064273872,1
82,1,19.75,69,6.68918064273872,6.76571468905718,1
82,1,19.75,69,6.76571468905718,6.96305871432465,1
82,1,19.75,69,6.96305871432465,7.2879258204903,1
82,1,19.75,69,7.2879258204903,7.5259650290026,1
82,1,19.75,69,7.5259650290026,7.9423905647263,1
82,1,19.75,69,7.9423905647263,7.97534680682317,1
82,1,19.75,69,7.97534680682317,8.96667021588155,1
82,1,19.75,69,8.96667021588155,9.14960664917905,1
82,1,19.75,69,9.14960664917905,9.50717955976557,1
82,1,19.75,69,9.50717955976557,9.63747027458177,1
82,1,19.75,69,9.63747027458177,9.74120231434047,1
82,1,19.75,69,9.74120231434047,9.80536295994966,1
82,1,19.75,69,9.80536295994966,9.95014656185164,1
82,1,19.75,69,9.95014656185164,10.5404960630229,1
82,1,19.75,69,10.5404960630229,10.9964156973708,1
82,1,19.75,69,10.9964156973708,11.0878731723706,1
82,1,19.75,69,11.0878731723706,11.2867961119942,1
82,1,19.75,69,11.2867961119942,11.3223829653991,1
82,1,19.75,69,11.3223829653991,11.6046255596429,1
82,1,19.75,69,11.6046255596429,11.6510111949627,1
82,1,19.75,69,11.6510111949627,12.1871760381279,1
82,1,19.75,69,12.1871760381279,12.7464888269602,1
82,1,19.75,69,12.7464888269602,13.1292605088677,1
82,1,19.75,69,13.1292605088677,13.3139616497863,1
82,1,19.75,69,13.3139616497863,13.9448904430867,1
82,1,19.75,69,13.9448904430867,14.020477692764,1
82,1,19.75,69,14.020477692764,14.4601919459674,1
82,1,19.75,69,14.4601919459674,14.6320863817775,1
82,1,19.75,69,14.6320863817775,14.7421306041097,1
82,1,19.75,69,14.7421306041097,14.9645763010344,1
82,1,19.75,69,14.9645763010344,14.9873468626262,1
82,1,19.75,69,14.9873468626262,15.2988184630773,1
82,1,19.75,69,15.2988184630773,15.3370613371706,1
82,1,19.75,69,15.3370613371706,15.5694741103054,1
82,1,19.75,69,15.5694741103054,15.5886736843457,1
82,1,19.75,69,15.5886736843457,15.60200465751,1
82,1,19.75,69,15.60200465751,16.2458367163904,1
82,1,19.75,69,16.2458367163904,16.285815655265,1
82,1,19.75,69,16.285815655265,16.3056467682632,1
82,1,19.75,69,16.3056467682632,17.0314283848341,1
82,1,19.75,69,17.0314283848341,17.3005350117243,1
82,1,19.75,69,17.3005350117243,17.5762331487262,1
82,1,19.75,69,17.5762331487262,17.6293494214925,1
82,1,19.75,69,17.6293494214925,17.7716773143412,1
82,1,19.75,69,17.7716773143412,18.1257304948013,1
82,1,19.75,69,18.1257304948013,18.2354295261931,1
82,1,19.75,69,18.2354295261931,18.2762758638345,1
82,1,19.75,69,18.2762758638345,18.5333883549876,1
82,1,19.75,69,18.5333883549876,18.5996330626992,1
82,1,19.75,69,18.5996330626992,18.7744142873842,1
82,1,19.75,69,18.7744142873842,18.7944289761079,1
82,1,19.75,69,18.7944289761079,18.8236053282723,1
82,1,19.75,69,18.8236053282723,18.9197352707708,1
82,1,19.75,69,18.9197352707708,19.1761700239311,1
82,1,19.75,69,19.1761700239311,19.2176018519329,1
82,1,19.75,69,19.2176018519329,19.2441268346083,1
82,1,19.75,69,19.2441268346083,19.4589609111136,1
82,1,19.75,69,19.4589609111136,19.5313645174201,1
82,1,19.75,69,19.5313645174201,19.5670869210561,1
82,1,19.75,69,19.5670869210561,19.7011544860612,1
82,1,19.75,69,19.7011544860612,19.7155962858664,1
82,1,19.75,69,19.7155962858664,19.7232501374997,1
82,1,19.75,69,19.7232501374997,19.7448830077045,1
82,1,19.75,69,19.7448830077045,19.75,0
83,1,17.75,97,0,1.47438037668819,1
83,1,17.75,97,1.47438037668819,2.17808227483065,1
83,1,17.75,97,2.17808227483065,3.44076418005376,1
83,1,17.75,97,3.44076418005376,4.94149146546222,1
83,1,17.75,97,4.94149146546222,6.01694170965246,1
83,1,17.75,97,6.01694170965246,6.0656512610655,1
83,1,17.75,97,6.0656512610655,6.35635446286376,1
83,1,17.75,97,6.35635446286376,6.73336532157816,1
83,1,17.75,97,6.73336532157816,7.1912168704698,1
83,1,17.75,97,7.1912168704698,7.39288709830629,1
83,1,17.75,97,7.39288709830629,8.42559706057241,1
83,1,17.75,97,8.42559706057241,8.44821951927184,1
83,1,17.75,97,8.44821951927184,8.80540699319914,1
83,1,17.75,97,8.80540699319914,8.90572634741398,1
83,1,17.75,97,8.90572634741398,8.95291843331681,1
83,1,17.75,97,8.95291843331681,8.9611291474964,1
83,1,17.75,97,8.9611291474964,9.24817249917885,1
83,1,17.75,97,9.24817249917885,9.25185296780898,1
83,1,17.75,97,9.25185296780898,9.678313629046,1
83,1,17.75,97,9.678313629046,10.0687580297524,1
83,1,17.75,97,10.0687580297524,10.1349790114589,1
83,1,17.75,97,10.1349790114589,10.7654600198826,1
83,1,17.75,97,10.7654600198826,10.8133738382252,1
83,1,17.75,97,10.8133738382252,10.8625778941632,1
83,1,17.75,97,10.8625778941632,11.0024048465293,1
83,1,17.75,97,11.0024048465293,11.1088377902647,1
83,1,17.75,97,11.1088377902647,11.312337320056,1
83,1,17.75,97,11.312337320056,11.4288381281309,1
83,1,17.75,97,11.4288381281309,11.4754110621182,1
83,1,17.75,97,11.4754110621182,11.6976922831673,1
83,1,17.75,97,11.6976922831673,11.7154063880576,1
83,1,17.75,97,11.7154063880576,11.9227156651015,1
83,1,17.75,97,11.9227156651015,11.9299733200959,1
83,1,17.75,97,11.9299733200959,12.0224405975057,1
83,1,17.75,97,12.0224405975057,12.1379932528466,1
83,1,17.75,97,12.1379932528466,12.1469084115914,1
83,1,17.75,97,12.1469084115914,12.2480150737021,1
83,1,17.75,97,12.2480150737021,12.2969387705467,1
83,1,17.75,97,12.2969387705467,12.3621134892612,1
83,1,17.75,97,12.3621134892612,12.4558543662982,1
83,1,17.75,97,12.4558543662982,12.4960887065322,1
83,1,17.75,97,12.4960887065322,12.6118546247922,1
83,1,17.75,97,12.6118546247922,12.7165663028435,1
83,1,17.75,97,12.7165663028435,12.8921041668978,1
83,1,17.75,97,12.8921041668978,12.9278986632692,1
83,1,17.75,97,12.9278986632692,13.1004429729981,1
83,1,17.75,97,13.1004429729981,13.101186833378,1
83,1,17.75,97,13.101186833378,13.2190951361968,1
83,1,17.75,97,13.2190951361968,13.2221756967908,1
83,1,17.75,97,13.2221756967908,13.3022108736053,1
83,1,17.75,97,13.3022108736053,13.4293516491177,1
83,1,17.75,97,13.4293516491177,13.6688378338826,1
83,1,17.75,97,13.6688378338826,13.7288835984821,1
83,1,17.75,97,13.7288835984821,13.8281318023377,1
83,1,17.75,97,13.8281318023377,13.855148057551,1
83,1,17.75,97,13.855148057551,13.8821093461794,1
83,1,17.75,97,13.8821093461794,14.0883120669583,1
83,1,17.75,97,14.0883120669583,14.1597709148616,1
83,1,17.75,97,14.1597709148616,14.2173966984815,1
83,1,17.75,97,14.2173966984815,14.2998882904842,1
83,1,17.75,97,14.2998882904842,14.3203680365265,1
83,1,17.75,97,14.3203680365265,14.4199617169842,1
83,1,17.75,97,14.4199617169842,14.4769145629087,1
83,1,17.75,97,14.4769145629087,14.5483969598567,1
83,1,17.75,97,14.5483969598567,14.7453570139369,1
83,1,17.75,97,14.7453570139369,14.8634491518038,1
83,1,17.75,97,14.8634491518038,15.117567878912,1
83,1,17.75,97,15.117567878912,15.1385493209156,1
83,1,17.75,97,15.1385493209156,15.4063645794416,1
83,1,17.75,97,15.4063645794416,15.4234573853307,1
83,1,17.75,97,15.4234573853307,15.5085818292932,1
83,1,17.75,97,15.5085818292932,15.513530252444,1
83,1,17.75,97,15.513530252444,15.5178695022295,1
83,1,17.75,97,15.5178695022295,15.5896995300776,1
83,1,17.75,97,15.5896995300776,15.8504473279377,1
83,1,17.75,97,15.8504473279377,15.9590048057754,1
83,1,17.75,97,15.9590048057754,15.9658003287502,1
83,1,17.75,97,15.9658003287502,16.0853709456178,1
83,1,17.75,97,16.0853709456178,16.2740142538197,1
83,1,17.75,97,16.2740142538197,16.2789675487542,1
83,1,17.75,97,16.2789675487542,16.4796462893607,1
83,1,17.75,97,16.4796462893607,16.5122134913333,1
83,1,17.75,97,16.5122134913333,16.5364378593261,1
83,1,17.75,97,16.5364378593261,16.700227702101,1
83,1,17.75,97,16.700227702101,16.7632338702539,1
83,1,17.75,97,16.7632338702539,16.8496250489482,1
83,1,17.75,97,16.8496250489482,16.8907925228055,1
83,1,17.75,97,16.8907925228055,16.9215893747843,1
83,1,17.75,97,16.9215893747843,16.978200175424,1
83,1,17.75,97,16.978200175424,17.0927542925325,1
83,1,17.75,97,17.0927542925325,17.2086772119167,1
83,1,17.75,97,17.2086772119167,17.3297404964345,1
83,1,17.75,97,17.3297404964345,17.4236892128777,1
83,1,17.75,97,17.4236892128777,17.4706432023623,1
83,1,17.75,97,17.4706432023623,17.5542672857412,1
83,1,17.75,97,17.5542672857412,17.6563215509994,1
83,1,17.75,97,17.6563215509994,17.7200820880253,1
83,1,17.75,97,17.7200820880253,17.75,0
84,1,9.75,3,0,0.136227413744584,1
84,1,9.75,3,0.136227413744584,0.310453573229725,1
84,1,9.75,3,0.310453573229725,9.54425296065316,1
84,1,9.75,3,9.54425296065316,9.75,0
85,1,14.75,1,0,14.7178620123182,1
85,1,14.75,1,14.7178620123182,14.75,0
86,1,10.75,2,0,1.85106858258674,1
86,1,10.75,2,1.85106858258674,4.86325197123498,1
86,1,10.75,2,4.86325197123498,10.75,0
87,1,13.75,25,0,4.22634778894016,1
87,1,13.75,25,4.22634778894016,5.4735013151989,1
87,1,13.75,25,5.4735013151989,5.85555288345392,1
87,1,13.75,25,5.85555288345392,6.68729870713657,1
87,1,13.75,25,6.68729870713657,7.74670635498517,1
87,1,13.75,25,7.74670635498517,7.83103263848705,1
87,1,13.75,25,7.83103263848705,8.93506257337275,1
87,1,13.75,25,8.93506257337275,9.1317119425559,1
87,1,13.75,25,9.1317119425559,9.29818792866999,1
87,1,13.75,25,9.29818792866999,9.32898033645303,1
87,1,13.75,25,9.32898033645303,9.46855663012706,1
87,1,13.75,25,9.46855663012706,9.56063053678153,1
87,1,13.75,25,9.56063053678153,9.63018364324063,1
87,1,13.75,25,9.63018364324063,9.92865591606657,1
87,1,13.75,25,9.92865591606657,10.4184173740734,1
87,1,13.75,25,10.4184173740734,10.7914741330398,1
87,1,13.75,25,10.7914741330398,10.8842042195756,1
87,1,13.75,25,10.8842042195756,10.9188908465537,1
87,1,13.75,25,10.9188908465537,11.0009796282015,1
87,1,13.75,25,11.0009796282015,11.2043931263673,1
87,1,13.75,25,11.2043931263673,12.1125201427977,1
87,1,13.75,25,12.1125201427977,12.2315955413059,1
87,1,13.75,25,12.2315955413059,12.535315919684,1
87,1,13.75,25,12.535315919684,13.004053982809,1
87,1,13.75,25,13.004053982809,13.3589159150482,1
87,1,13.75,25,13.3589159150482,13.75,0
88,1,8.75,3,0,0.00727683961499487,1
88,1,8.75,3,0.00727683961499487,1.56727464358347,1
88,1,8.75,3,1.56727464358347,5.40833012588629,1
88,1,8.75,3,5.40833012588629,8.75,0
89,1,8.75,10,0,4.47444061499999,1
89,1,8.75,10,4.47444061499999,5.37216431277765,1
89,1,8.75,10,5.37216431277765,6.00839980279558,1
89,1,8.75,10,6.00839980279558,7.0926069691229,1
89,1,8.75,10,7.0926069691229,7.12284830176322,1
89,1,8.75,10,7.12284830176322,7.26298632165102,1
89,1,8.75,10,7.26298632165102,7.85291659713591,1
89,1,8.75,10,7.85291659713591,7.96481371402655,1
89,1,8.75,10,7.96481371402655,8.12823288736041,1
89,1,8.75,10,8.12823288736041,8.54494368460517,1
89,1,8.75,10,8.54494368460517,8.75,0
90,1,11.75,3,0,1.90137377812667,1
90,1,11.75,3,1.90137377812667,6.83450105391794,1
90,1,11.75,3,6.83450105391794,7.65581542566081,1
90,1,11.75,3,7.65581542566081,11.75,0
91,1,14.75,5,0,0.0830837901390571,1
91,1,14.75,5,0.0830837901390571,0.418062776873094,1
91,1,14.75,5,0.418062776873094,3.25563535686079,1
91,1,14.75,5,3.25563535686079,5.96336805071862,1
91,1,14.75,5,5.96336805071862,14.3198905900415,1
91,1,14.75,5,14.3198905900415,14.75,0
92,1,13.75,28,0,5.46572685584241,1
92,1,13.75,28,5.46572685584241,6.04373712145501,1
92,1,13.75,28,6.04373712145501,6.06249280507119,1
92,1,13.75,28,6.06249280507119,6.29048288166643,1
92,1,13.75,28,6.29048288166643,6.51534295540072,1
92,1,13.75,28,6.51534295540072,6.73502783572893,1
92,1,13.75,28,6.73502783572893,7.79489126863454,1
92,1,13.75,28,7.79489126863454,8.82861887581292,1
92,1,13.75,28,8.82861887581292,9.07125735198586,1
92,1,13.75,28,9.07125735198586,9.14060314369241,1
92,1,13.75,28,9.14060314369241,9.48917915779756,1
92,1,13.75,28,9.48917915779756,9.52693133540306,1
92,1,13.75,28,9.52693133540306,9.62440658198293,1
92,1,13.75,28,9.62440658198293,9.88793648990382,1
92,1,13.75,28,9.88793648990382,9.93639554882753,1
92,1,13.75,28,9.93639554882753,10.0952378333511,1
92,1,13.75,28,10.0952378333511,10.4192133471713,1
92,1,13.75,28,10.4192133471713,10.6563806672327,1
92,1,13.75,28,10.6563806672327,11.1835461341653,1
92,1,13.75,28,11.1835461341653,11.4404822656185,1
92,1,13.75,28,11.4404822656185,11.4416616779391,1
92,1,13.75,28,11.4416616779391,11.7075581707382,1
92,1,13.75,28,11.7075581707382,11.7116680554135,1
92,1,13.75,28,11.7116680554135,12.014539415125,1
92,1,13.75,28,12.014539415125,12.0714370781214,1
92,1,13.75,28,12.0714370781214,12.0964478670644,1
92,1,13.75,28,12.0964478670644,12.665836966783,1
92,1,13.75,28,12.665836966783,13.3942264409366,1
92,1,13.75,28,13.3942264409366,13.75,0
93,1,10.75,12,0,3.58053267022784,1
93,1,10.75,12,3.58053267022784,5.49404569681153,1
93,1,10.75,12,5.49404569681153,6.03050503471592,1
93,1,10.75,12,6.03050503471592,7.82455922217709,1
93,1,10.75,12,7.82455922217709,8.50430610590071,1
93,1,10.75,12,8.50430610590071,9.22269574199734,1
93,1,10.75,12,9.22269574199734,9.41836760626339,1
93,1,10.75,12,9.41836760626339,9.46446950201705,1
93,1,10.75,12,9.46446950201705,9.59442651924725,1
93,1,10.75,12,9.59442651924725,9.84357373371594,1
93,1,10.75,12,9.84357373371594,10.5119983193423,1
93,1,10.75,12,10.5119983193423,10.7145821636547,1
93,1,10.75,12,10.7145821636547,10.75,0
94,1,12.75,19,0,2.52132239784359,1
94,1,12.75,19,2.52132239784359,6.64752181764725,1
94,1,12.75,19,6.64752181764725,7.78370989622371,1
94,1,12.75,19,7.78370989622371,7.80747727358107,1
94,1,12.75,19,7.80747727358107,7.99277305966879,1
94,1,12.75,19,7.99277305966879,8.69019283387012,1
94,1,12.75,19,8.69019283387012,9.65531049827057,1
94,1,12.75,19,9.65531049827057,9.82556186651978,1
94,1,12.75,19,9.82556186651978,9.86324217353648,1
94,1,12.75,19,9.86324217353648,10.1827233866547,1
94,1,12.75,19,10.1827233866547,10.3156784576454,1
94,1,12.75,19,10.3156784576454,10.4145961652103,1
94,1,12.75,19,10.4145961652103,10.7351885144922,1
94,1,12.75,19,10.7351885144922,11.0259866166622,1
94,1,12.75,19,11.0259866166622,11.2698623454129,1
94,1,12.75,19,11.2698623454129,11.3400966299279,1
94,1,12.75,19,11.3400966299279,11.3597600439105,1
94,1,12.75,19,11.3597600439105,11.970441894513,1
94,1,12.75,19,11.970441894513,12.6868917731929,1
94,1,12.75,19,12.6868917731929,12.75,0
95,1,11.75,1,0,3.94462390981027,1
95,1,11.75,1,3.94462390981027,11.75,0
96,1,11.75,13,0,3.98833258656394,1
96,1,11.75,13,3.98833258656394,6.33875158981589,1
96,1,11.75,13,6.33875158981589,7.00238397406927,1
96,1,11.75,13,7.00238397406927,8.08022440523697,1
96,1,11.75,13,8.08022440523697,8.84350059174117,1
96,1,11.75,13,8.84350059174117,8.84602427037861,1
96,1,11.75,13,8.84602427037861,10.107633504622,1
96,1,11.75,13,10.107633504622,10.3062926518561,1
96,1,11.75,13,10.3062926518561,10.4248778391906,1
96,1,11.75,13,10.4248778391906,10.7562662417511,1
96,1,11.75,13,10.7562662417511,10.9501511770878,1
96,1,11.75,13,10.9501511770878,11.222072318902,1
96,1,11.75,13,11.222072318902,11.2751150322341,1
96,1,11.75,13,11.2751150322341,11.75,0
97,1,18.75,2,0,9.89935296689397,1
97,1,18.75,2,9.89935296689397,15.0878578183939,1
97,1,18.75,2,15.0878578183939,18.75,0
98,1,19.75,3,0,0.00312957976845308,1
98,1,19.75,3,0.00312957976845308,0.354211494286128,1
98,1,19.75,3,0.354211494286128,4.71827565742597,1
98,1,19.75,3,4.71827565742597,19.75,0
99,1,14.75,2,0,4.04035299092978,1
99,1,14.75,2,4.04035299092978,7.56099078245046,1
99,1,14.75,2,7.56099078245046,14.75,0
100,1,14.75,1,0,0.0447054783567514,1
100,1,14.75,1,0.0447054783567514,14.75,0
101,1,12.75,6,0,0.840972166827136,1
101,1,12.75,6,0.840972166827136,1.61643101659434,1
101,1,12.75,6,1.61643101659434,2.49234923043992,1
101,1,12.75,6,2.49234923043992,3.32582759385642,1
101,1,12.75,6,3.32582759385642,4.72173516633273,1
101,1,12.75,6,4.72173516633273,9.54972136356014,1
101,1,12.75,6,9.54972136356014,12.75,0
102,1,12.75,6,0,0.686607982071027,1
102,1,12.75,6,0.686607982071027,2.08283994590137,1
102,1,12.75,6,2.08283994590137,2.15663705071796,1
102,1,12.75,6,2.15663705071796,3.35308823618171,1
102,1,12.75,6,3.35308823618171,11.7647567473705,1
102,1,12.75,6,11.7647567473705,12.4513602974944,1
102,1,12.75,6,12.4513602974944,12.75,0
103,1,13.75,1,0,2.92225438457895,1
103,1,13.75,1,2.92225438457895,13.75,0
104,1,12.75,1,0,8.39432281010221,1
104,1,12.75,1,8.39432281010221,12.75,0
105,1,19.75,5,0,2.60624779039737,1
105,1,19.75,5,2.60624779039737,6.34134805109399,1
105,1,19.75,5,6.34134805109399,11.1655092046405,1
105,1,19.75,5,11.1655092046405,18.2222909470823,1
105,1,19.75,5,18.2222909470823,19.5468743527458,1
105,1,19.75,5,19.5468743527458,19.75,0
106,1,8.75,9,0,1.66869895811813,1
106,1,8.75,9,1.66869895811813,2.95396054478178,1
106,1,8.75,9,2.95396054478178,5.07745249963632,1
106,1,8.75,9,5.07745249963632,6.27092494243211,1
106,1,8.75,9,6.27092494243211,7.11333026229375,1
106,1,8.75,9,7.11333026229375,7.78340325012965,1
106,1,8.75,9,7.78340325012965,7.80618453887543,1
106,1,8.75,9,7.80618453887543,7.91971414804022,1
106,1,8.75,9,7.91971414804022,8.0916580962882,1
106,1,8.75,9,8.0916580962882,8.75,0
107,1,14.75,32,0,4.81573386699419,1
107,1,14.75,32,4.81573386699419,5.19865816137766,1
107,1,14.75,32,5.19865816137766,6.16399722930357,1
107,1,14.75,32,6.16399722930357,6.75427342892254,1
107,1,14.75,32,6.75427342892254,6.80500283813354,1
107,1,14.75,32,6.80500283813354,7.56844454249284,1
107,1,14.75,32,7.56844454249284,8.26655856583876,1
107,1,14.75,32,8.26655856583876,9.01808433355086,1
107,1,14.75,32,9.01808433355086,9.59630050239448,1
107,1,14.75,32,9.59630050239448,9.98050774139134,1
107,1,14.75,32,9.98050774139134,10.7306410503138,1
107,1,14.75,32,10.7306410503138,10.787287453333,1
107,1,14.75,32,10.787287453333,11.0981312831774,1
107,1,14.75,32,11.0981312831774,11.1863655122756,1
107,1,14.75,32,11.1863655122756,11.3542303015672,1
107,1,14.75,32,11.3542303015672,11.4449106664672,1
107,1,14.75,32,11.4449106664672,11.613623337354,1
107,1,14.75,32,11.613623337354,11.8774683062814,1
107,1,14.75,32,11.8774683062814,12.0087894922302,1
107,1,14.75,32,12.0087894922302,12.0152228255381,1
107,1,14.75,32,12.0152228255381,12.4791118853216,1
107,1,14.75,32,12.4791118853216,12.5127226841399,1
107,1,14.75,32,12.5127226841399,12.5967159775427,1
107,1,14.75,32,12.5967159775427,12.7144465414179,1
107,1,14.75,32,12.7144465414179,13.3404037764267,1
107,1,14.75,32,13.3404037764267,13.5454063299328,1
107,1,14.75,32,13.5454063299328,13.6764029089426,1
107,1,14.75,32,13.6764029089426,13.8828497699839,1
107,1,14.75,32,13.8828497699839,13.9886702005447,1
107,1,14.75,32,13.9886702005447,14.3832467086194,1
107,1,14.75,32,14.3832467086194,14.5504399094181,1
107,1,14.75,32,14.5504399094181,14.7287206813614,1
107,1,14.75,32,14.7287206813614,14.75,0
108,1,16.75,4,0,0.14650829614459,1
108,1,16.75,4,0.14650829614459,0.219171117577064,1
108,1,16.75,4,0.219171117577064,1.31069711240073,1
108,1,16.75,4,1.31069711240073,7.28530355072289,1
108,1,16.75,4,7.28530355072289,16.75,0
109,1,11.75,14,0,3.43101828250089,1
109,1,11.75,14,3.43101828250089,5.19984047836737,1
109,1,11.75,14,5.19984047836737,6.03169442105548,1
109,1,11.75,14,6.03169442105548,6.72222609703513,1
109,1,11.75,14,6.72222609703513,7.21408657744224,1
109,1,11.75,14,7.21408657744224,8.86470085179864,1
109,1,11.75,14,8.86470085179864,10.2507304854104,1
109,1,11.75,14,10.2507304854104,10.4543034567258,1
109,1,11.75,14,10.4543034567258,10.6310365806898,1
109,1,11.75,14,10.6310365806898,11.0095684261938,1
109,1,11.75,14,11.0095684261938,11.0157904092185,1
109,1,11.75,14,11.0157904092185,11.0606482573482,1
109,1,11.75,14,11.0606482573482,11.1773420251534,1
109,1,11.75,14,11.1773420251534,11.5565727300913,1
109,1,11.75,14,11.5565727300913,11.75,0
110,1,17.75,1,0,3.78740017645799,1
110,1,17.75,1,3.78740017645799,17.75,0
111,1,8.75,2,0,1.59361954048256,1
111,1,8.75,2,1.59361954048256,5.65304467903594,1
111,1,8.75,2,5.65304467903594,8.75,0
112,1,12.75,5,0,4.12028788789862,1
112,1,12.75,5,4.12028788789862,4.45943378810759,1
112,1,12.75,5,4.45943378810759,7.64590416999617,1
112,1,12.75,5,7.64590416999617,11.4684769017655,1
112,1,12.75,5,11.4684769017655,11.8227664417634,1
112,1,12.75,5,11.8227664417634,12.75,0
113,1,8.75,2,0,2.7883376899584,1
113,1,8.75,2,2.7883376899584,6.32559381039369,1
113,1,8.75,2,6.32559381039369,8.75,0
114,1,8.75,1,0,4.69934619264732,1
114,1,8.75,1,4.69934619264732,8.75,0
115,1,12.75,31,0,2.022920804486,1
115,1,12.75,31,2.022920804486,3.36180738283736,1
115,1,12.75,31,3.36180738283736,3.45272229365843,1
115,1,12.75,31,3.45272229365843,4.97231626141704,1
115,1,12.75,31,4.97231626141704,5.66269813452928,1
115,1,12.75,31,5.66269813452928,6.47826046348023,1
115,1,12.75,31,6.47826046348023,6.66397678457339,1
115,1,12.75,31,6.66397678457339,6.9772622682871,1
115,1,12.75,31,6.9772622682871,7.22794263907579,1
115,1,12.75,31,7.22794263907579,7.40314806378166,1
115,1,12.75,31,7.40314806378166,7.65033587032994,1
115,1,12.75,31,7.65033587032994,8.25903609496068,1
115,1,12.75,31,8.25903609496068,8.38408939639302,1
115,1,12.75,31,8.38408939639302,8.51406546437682,1
115,1,12.75,31,8.51406546437682,9.13520546735168,1
115,1,12.75,31,9.13520546735168,9.43710023037149,1
115,1,12.75,31,9.43710023037149,9.61281110436042,1
115,1,12.75,31,9.61281110436042,10.1075774702609,1
115,1,12.75,31,10.1075774702609,10.4701730917306,1
115,1,12.75,31,10.4701730917306,10.7953531333454,1
115,1,12.75,31,10.7953531333454,10.8918160406511,1
115,1,12.75,31,10.8918160406511,11.2938063516985,1
115,1,12.75,31,11.2938063516985,11.3339514507165,1
115,1,12.75,31,11.3339514507165,11.4116214955419,1
115,1,12.75,31,11.4116214955419,11.9125848462925,1
115,1,12.75,31,11.9125848462925,11.9178294074236,1
115,1,12.75,31,11.9178294074236,12.4221853837089,1
115,1,12.75,31,12.4221853837089,12.5108503054945,1
115,1,12.75,31,12.5108503054945,12.6025213787881,1
115,1,12.75,31,12.6025213787881,12.6441867725304,1
115,1,12.75,31,12.6441867725304,12.6643504947083,1
115,1,12.75,31,12.6643504947083,12.75,0
116,1,8.75,11,0,3.03885027119612,1
116,1,8.75,11,3.03885027119612,3.24591377618228,1
116,1,8.75,11,3.24591377618228,4.19222370066687,1
116,1,8.75,11,4.19222370066687,4.42062831262525,1
116,1,8.75,11,4.42062831262525,6.50101128665753,1
116,1,8.75,11,6.50101128665753,6.68476253168344,1
116,1,8.75,11,6.68476253168344,6.70352406876122,1
116,1,8.75,11,6.70352406876122,7.40365497363216,1
116,1,8.75,11,7.40365497363216,7.54536199845735,1
116,1,8.75,11,7.54536199845735,7.7949372708158,1
116,1,8.75,11,7.7949372708158,8.31995919264597,1
116,1,8.75,11,8.31995919264597,8.75,0
117,1,16.75,2,0,4.78313551007688,1
117,1,16.75,2,4.78313551007688,13.8730516626396,1
117,1,16.75,2,13.8730516626396,16.75,0
118,1,14.75,1,0,9.20309216677889,1
118,1,14.75,1,9.20309216677889,14.75,0
119,1,15.75,2,0,9.37184439572803,1
119,1,15.75,2,9.37184439572803,13.3616841007035,1
119,1,15.75,2,13.3616841007035,15.75,0
120,1,11.75,1,0,8.28562102282455,1
120,1,11.75,1,8.28562102282455,11.75,0
121,1,11.75,4,0,2.73490344892352,1
121,1,11.75,4,2.73490344892352,5.83517721620626,1
121,1,11.75,4,5.83517721620626,10.0742377906048,1
121,1,11.75,4,10.0742377906048,11.6939626668764,1
121,1,11.75,4,11.6939626668764,11.75,0
122,1,16.75,33,0,2.46224608155286,1
122,1,16.75,33,2.46224608155286,4.2069146330084,1
122,1,16.75,33,4.2069146330084,5.47921769978701,1
122,1,16.75,33,5.47921769978701,5.81639197579222,1
122,1,16.75,33,5.81639197579222,6.27400328054717,1
122,1,16.75,33,6.27400328054717,6.93869963274631,1
122,1,16.75,33,6.93869963274631,7.51592249632649,1
122,1,16.75,33,7.51592249632649,7.85307518642539,1
122,1,16.75,33,7.85307518642539,8.11080365058698,1
122,1,16.75,33,8.11080365058698,8.29440197491558,1
122,1,16.75,33,8.29440197491558,8.53624547070255,1
122,1,16.75,33,8.53624547070255,8.80496915779072,1
122,1,16.75,33,8.80496915779072,8.86321161486107,1
122,1,16.75,33,8.86321161486107,8.9338716453598,1
122,1,16.75,33,8.9338716453598,9.70482602701102,1
122,1,16.75,33,9.70482602701102,9.76613389908629,1
122,1,16.75,33,9.76613389908629,10.2553413686836,1
122,1,16.75,33,10.2553413686836,11.1534508753351,1
122,1,16.75,33,11.1534508753351,11.5579121082855,1
122,1,16.75,33,11.5579121082855,11.9738523184418,1
122,1,16.75,33,11.9738523184418,12.7674126793126,1
122,1,16.75,33,12.7674126793126,13.1088914249303,1
122,1,16.75,33,13.1088914249303,13.1797801106269,1
122,1,16.75,33,13.1797801106269,13.3322069837521,1
122,1,16.75,33,13.3322069837521,13.7687168393566,1
122,1,16.75,33,13.7687168393566,14.6829481070426,1
122,1,16.75,33,14.6829481070426,15.4119822430148,1
122,1,16.75,33,15.4119822430148,15.8781310960949,1
122,1,16.75,33,15.8781310960949,16.1914594010643,1
122,1,16.75,33,16.1914594010643,16.2063769677286,1
122,1,16.75,33,16.2063769677286,16.4194250079393,1
122,1,16.75,33,16.4194250079393,16.5183287439333,1
122,1,16.75,33,16.5183287439333,16.6753462521078,1
122,1,16.75,33,16.6753462521078,16.75,0
123,1,17.75,1,0,11.8411615871931,1
123,1,17.75,1,11.8411615871931,17.75,0
124,1,14.75,1,0,0.156183105965065,1
124,1,14.75,1,0.156183105965065,14.75,0
125,1,10.75,13,0,1.29522002137417,1
125,1,10.75,13,1.29522002137417,2.00261734741689,1
125,1,10.75,13,2.00261734741689,4.97167235224387,1
125,1,10.75,13,4.97167235224387,7.08794612155089,1
125,1,10.75,13,7.08794612155089,7.66637200424333,1
125,1,10.75,13,7.66637200424333,7.95384619332537,1
125,1,10.75,13,7.95384619332537,8.75509470946395,1
125,1,10.75,13,8.75509470946395,8.83757175853198,1
125,1,10.75,13,8.83757175853198,9.35554080812043,1
125,1,10.75,13,9.35554080812043,9.43943964892309,1
125,1,10.75,13,9.43943964892309,9.89608397259964,1
125,1,10.75,13,9.89608397259964,9.96648506661532,1
125,1,10.75,13,9.96648506661532,9.98249883948785,1
125,1,10.75,13,9.98249883948785,10.75,0
126,1,14.75,72,0,1.82401306128227,1
126,1,14.75,72,1.82401306128227,2.12262668105588,1
126,1,14.75,72,2.12262668105588,3.28773051342237,1
126,1,14.75,72,3.28773051342237,3.32574557405404,1
126,1,14.75,72,3.32574557405404,4.59930358435336,1
126,1,14.75,72,4.59930358435336,4.78840492890696,1
126,1,14.75,72,4.78840492890696,5.75203159397939,1
126,1,14.75,72,5.75203159397939,6.15882698853513,1
126,1,14.75,72,6.15882698853513,6.27780028890809,1
126,1,14.75,72,6.27780028890809,6.70364190041584,1
126,1,14.75,72,6.70364190041584,6.73658347559343,1
126,1,14.75,72,6.73658347559343,6.9877342176083,1
126,1,14.75,72,6.9877342176083,7.52677764091858,1
126,1,14.75,72,7.52677764091858,7.53860562315564,1
126,1,14.75,72,7.53860562315564,7.59217641826548,1
126,1,14.75,72,7.59217641826548,7.85889112166527,1
126,1,14.75,72,7.85889112166527,8.27132887755794,1
126,1,14.75,72,8.27132887755794,8.36903121678516,1
126,1,14.75,72,8.36903121678516,8.38238686298451,1
126,1,14.75,72,8.38238686298451,8.54020320826667,1
126,1,14.75,72,8.54020320826667,8.9061375480348,1
126,1,14.75,72,8.9061375480348,9.03097370527506,1
126,1,14.75,72,9.03097370527506,9.10287773771055,1
126,1,14.75,72,9.10287773771055,9.31639423738917,1
126,1,14.75,72,9.31639423738917,9.41347843722365,1
126,1,14.75,72,9.41347843722365,9.57460149398719,1
126,1,14.75,72,9.57460149398719,9.60353900420983,1
126,1,14.75,72,9.60353900420983,9.68391220303805,1
126,1,14.75,72,9.68391220303805,9.75202031284176,1
126,1,14.75,72,9.75202031284176,9.99439766761561,1
126,1,14.75,72,9.99439766761561,10.1618202547022,1
126,1,14.75,72,10.1618202547022,10.4494983123502,1
126,1,14.75,72,10.4494983123502,10.552060692072,1
126,1,14.75,72,10.552060692072,10.5907063395862,1
126,1,14.75,72,10.5907063395862,10.710430974584,1
126,1,14.75,72,10.710430974584,10.9399832724774,1
126,1,14.75,72,10.9399832724774,10.9955878602665,1
126,1,14.75,72,10.9955878602665,11.2100027558567,1
126,1,14.75,72,11.2100027558567,11.2440235683294,1
126,1,14.75,72,11.2440235683294,11.2649529964245,1
126,1,14.75,72,11.2649529964245,11.288845853626,1
126,1,14.75,72,11.288845853626,11.3221439649638,1
126,1,14.75,72,11.3221439649638,11.5184803322011,1
126,1,14.75,72,11.5184803322011,11.5908090381637,1
126,1,14.75,72,11.5908090381637,11.6043975577828,1
126,1,14.75,72,11.6043975577828,11.6964209485834,1
126,1,14.75,72,11.6964209485834,12.0819592135841,1
126,1,14.75,72,12.0819592135841,12.6153606104323,1
126,1,14.75,72,12.6153606104323,12.6570704417733,1
126,1,14.75,72,12.6570704417733,12.719758388531,1
126,1,14.75,72,12.719758388531,12.8332620847708,1
126,1,14.75,72,12.8332620847708,12.8828784849573,1
126,1,14.75,72,12.8828784849573,12.9343630311975,1
126,1,14.75,72,12.9343630311975,12.9754834472995,1
126,1,14.75,72,12.9754834472995,13.0646913399522,1
126,1,14.75,72,13.0646913399522,13.3135356069079,1
126,1,14.75,72,13.3135356069079,13.5088732193401,1
126,1,14.75,72,13.5088732193401,13.7120820078188,1
126,1,14.75,72,13.7120820078188,13.9630733321984,1
126,1,14.75,72,13.9630733321984,13.9730007165986,1
126,1,14.75,72,13.9730007165986,13.985936842005,1
126,1,14.75,72,13.985936842005,14.037074018089,1
126,1,14.75,72,14.037074018089,14.1282379419762,1
126,1,14.75,72,14.1282379419762,14.1826015269231,1
126,1,14.75,72,14.1826015269231,14.3340232520361,1
126,1,14.75,72,14.3340232520361,14.3946159107557,1
126,1,14.75,72,14.3946159107557,14.4293348436441,1
126,1,14.75,72,14.4293348436441,14.5272357652705,1
126,1,14.75,72,14.5272357652705,14.5947420123281,1
126,1,14.75,72,14.5947420123281,14.5952341525883,1
126,1,14.75,72,14.5952341525883,14.5964481570896,1
126,1,14.75,72,14.5964481570896,14.7466029655029,1
126,1,14.75,72,14.7466029655029,14.75,0
127,1,15.75,1,0,3.66236436437553,1
127,1,15.75,1,3.66236436437553,15.75,0
128,1,15.75,0,0,15.75,0
129,1,16.75,48,0,2.95421975371008,1
129,1,16.75,48,2.95421975371008,4.02298401972194,1
129,1,16.75,48,4.02298401972194,4.8835831819631,1
129,1,16.75,48,4.8835831819631,7.59865802561541,1
129,1,16.75,48,7.59865802561541,8.16647864917351,1
129,1,16.75,48,8.16647864917351,9.43271218480619,1
129,1,16.75,48,9.43271218480619,9.84981810044168,1
129,1,16.75,48,9.84981810044168,10.1601358009065,1
129,1,16.75,48,10.1601358009065,11.1727041198801,1
129,1,16.75,48,11.1727041198801,11.9346541636323,1
129,1,16.75,48,11.9346541636323,11.9714142863139,1
129,1,16.75,48,11.9714142863139,12.0813330859807,1
129,1,16.75,48,12.0813330859807,12.2563297369564,1
129,1,16.75,48,12.2563297369564,12.4441477889709,1
129,1,16.75,48,12.4441477889709,12.4556909098847,1
129,1,16.75,48,12.4556909098847,12.928361487786,1
129,1,16.75,48,12.928361487786,12.9970221093262,1
129,1,16.75,48,12.9970221093262,13.0063605323709,1
129,1,16.75,48,13.0063605323709,13.0956519233716,1
129,1,16.75,48,13.0956519233716,13.2653862663937,1
129,1,16.75,48,13.2653862663937,13.2681314691076,1
129,1,16.75,48,13.2681314691076,13.3481205335872,1
129,1,16.75,48,13.3481205335872,13.4515827973968,1
129,1,16.75,48,13.4515827973968,13.4626413586041,1
129,1,16.75,48,13.4626413586041,13.5913948945413,1
129,1,16.75,48,13.5913948945413,13.7285379737135,1
129,1,16.75,48,13.7285379737135,13.9505623696229,1
129,1,16.75,48,13.9505623696229,13.9908684758606,1
129,1,16.75,48,13.9908684758606,14.0781442575586,1
129,1,16.75,48,14.0781442575586,14.3387041466285,1
129,1,16.75,48,14.3387041466285,14.4261363934521,1
129,1,16.75,48,14.4261363934521,14.516863937557,1
129,1,16.75,48,14.516863937557,14.5695424973654,1
129,1,16.75,48,14.5695424973654,14.6285118737155,1
129,1,16.75,48,14.6285118737155,14.6490445135624,1
129,1,16.75,48,14.6490445135624,14.6648813324241,1
129,1,16.75,48,14.6648813324241,15.2120641216336,1
129,1,16.75,48,15.2120641216336,15.4825934897928,1
129,1,16.75,48,15.4825934897928,15.4968043818005,1
129,1,16.75,48,15.4968043818005,15.4976863866981,1
129,1,16.75,48,15.4976863866981,15.5318708246502,1
129,1,16.75,48,15.5318708246502,15.6787262070239,1
129,1,16.75,48,15.6787262070239,15.788589791863,1
129,1,16.75,48,15.788589791863,16.3795038776298,1
129,1,16.75,48,16.3795038776298,16.473666975973,1
129,1,16.75,48,16.473666975973,16.4867256155209,1
129,1,16.75,48,16.4867256155209,16.5049620219668,1
129,1,16.75,48,16.5049620219668,16.5277289105293,1
129,1,16.75,48,16.5277289105293,16.75,0
130,1,13.75,3,0,3.07976084684125,1
130,1,13.75,3,3.07976084684125,4.40122573586306,1
130,1,13.75,3,4.40122573586306,11.3465642532822,1
130,1,13.75,3,11.3465642532822,13.75,0
131,1,15.75,40,0,1.83477488613608,1
131,1,15.75,40,1.83477488613608,2.54925262726586,1
131,1,15.75,40,2.54925262726586,2.95680803372186,1
131,1,15.75,40,2.95680803372186,3.7310920182197,1
131,1,15.75,40,3.7310920182197,6.3011843741084,1
131,1,15.75,40,6.3011843741084,6.31414089721457,1
131,1,15.75,40,6.31414089721457,6.38617571358432,1
131,1,15.75,40,6.38617571358432,6.8623166165904,1
131,1,15.75,40,6.8623166165904,8.25800851143188,1
131,1,15.75,40,8.25800851143188,9.1003806040225,1
131,1,15.75,40,9.1003806040225,9.14126463086636,1
131,1,15.75,40,9.14126463086636,9.53775784947467,1
131,1,15.75,40,9.53775784947467,9.6463768247156,1
131,1,15.75,40,9.6463768247156,10.1507666143511,1
131,1,15.75,40,10.1507666143511,10.3958255519879,1
131,1,15.75,40,10.3958255519879,10.5157971019446,1
131,1,15.75,40,10.5157971019446,10.8755369393941,1
131,1,15.75,40,10.8755369393941,10.9232800228418,1
131,1,15.75,40,10.9232800228418,11.0335341062072,1
131,1,15.75,40,11.0335341062072,11.1235620084271,1
131,1,15.75,40,11.1235620084271,11.8200417785161,1
131,1,15.75,40,11.8200417785161,11.9631334950876,1
131,1,15.75,40,11.9631334950876,12.2091355342221,1
131,1,15.75,40,12.2091355342221,12.3627437058507,1
131,1,15.75,40,12.3627437058507,12.8052980507689,1
131,1,15.75,40,12.8052980507689,12.8115263126824,1
131,1,15.75,40,12.8115263126824,12.8342133251411,1
131,1,15.75,40,12.8342133251411,12.8939001499619,1
131,1,15.75,40,12.8939001499619,13.1760739042222,1
131,1,15.75,40,13.1760739042222,13.2499302395245,1
131,1,15.75,40,13.2499302395245,13.3741107274337,1
131,1,15.75,40,13.3741107274337,13.9375304301543,1
131,1,15.75,40,13.9375304301543,13.9439522772355,1
131,1,15.75,40,13.9439522772355,14.0648842069508,1
131,1,15.75,40,14.0648842069508,14.2911958939371,1
131,1,15.75,40,14.2911958939371,14.2961640279045,1
131,1,15.75,40,14.2961640279045,14.412327026705,1
131,1,15.75,40,14.412327026705,14.9434129057118,1
131,1,15.75,40,14.9434129057118,15.0673222583158,1
131,1,15.75,40,15.0673222583158,15.101933263267,1
131,1,15.75,40,15.101933263267,15.75,0
132,1,14.75,1,0,10.301867311649,1
132,1,14.75,1,10.301867311649,14.75,0
133,1,19.75,3,0,2.32401735027288,1
133,1,19.75,3,2.32401735027288,17.2097543045188,1
133,1,19.75,3,17.2097543045188,18.8794776132164,1
133,1,19.75,3,18.8794776132164,19.75,0
134,1,17.75,54,0,3.87603409580963,1
134,1,17.75,54,3.87603409580963,4.16017154077484,1
134,1,17.75,54,4.16017154077484,4.46921925907965,1
134,1,17.75,54,4.46921925907965,4.63036249017809,1
134,1,17.75,54,4.63036249017809,5.11877772098359,1
134,1,17.75,54,5.11877772098359,7.58135844633032,1
134,1,17.75,54,7.58135844633032,7.86368423919072,1
134,1,17.75,54,7.86368423919072,8.20774596206164,1
134,1,17.75,54,8.20774596206164,8.78258737041026,1
134,1,17.75,54,8.78258737041026,8.93267897776362,1
134,1,17.75,54,8.93267897776362,8.97745709112159,1
134,1,17.75,54,8.97745709112159,9.27151464551034,1
134,1,17.75,54,9.27151464551034,10.0239216950036,1
134,1,17.75,54,10.0239216950036,10.2645625414748,1
134,1,17.75,54,10.2645625414748,10.4208834568894,1
134,1,17.75,54,10.4208834568894,11.0470847993943,1
134,1,17.75,54,11.0470847993943,11.3586219579008,1
134,1,17.75,54,11.3586219579008,11.5723890029045,1
134,1,17.75,54,11.5723890029045,11.7716187073091,1
134,1,17.75,54,11.7716187073091,12.2043239290074,1
134,1,17.75,54,12.2043239290074,12.6028284657173,1
134,1,17.75,54,12.6028284657173,12.7832651970559,1
134,1,17.75,54,12.7832651970559,13.0527676552867,1
134,1,17.75,54,13.0527676552867,13.2060429623092,1
134,1,17.75,54,13.2060429623092,13.3214814562753,1
134,1,17.75,54,13.3214814562753,13.8006194639092,1
134,1,17.75,54,13.8006194639092,14.0041625106453,1
134,1,17.75,54,14.0041625106453,14.0912972826175,1
134,1,17.75,54,14.0912972826175,14.2159390246653,1
134,1,17.75,54,14.2159390246653,14.4295918943639,1
134,1,17.75,54,14.4295918943639,14.8017487020767,1
134,1,17.75,54,14.8017487020767,14.9878340607951,1
134,1,17.75,54,14.9878340607951,15.0319314408897,1
134,1,17.75,54,15.0319314408897,15.158140633214,1
134,1,17.75,54,15.158140633214,15.2866667386582,1
134,1,17.75,54,15.2866667386582,15.5656019596411,1
134,1,17.75,54,15.5656019596411,15.6048986534464,1
134,1,17.75,54,15.6048986534464,15.7040839678408,1
134,1,17.75,54,15.7040839678408,15.7472320508633,1
134,1,17.75,54,15.7472320508633,15.7508655286079,1
134,1,17.75,54,15.7508655286079,15.811997895711,1
134,1,17.75,54,15.811997895711,15.8665812452247,1
134,1,17.75,54,15.8665812452247,15.970379033078,1
134,1,17.75,54,15.970379033078,15.9878717585629,1
134,1,17.75,54,15.9878717585629,16.4446770543547,1
134,1,17.75,54,16.4446770543547,16.5466970909424,1
134,1,17.75,54,16.5466970909424,16.657608372372,1
134,1,17.75,54,16.657608372372,16.7247799768053,1
134,1,17.75,54,16.7247799768053,16.9473936375516,1
134,1,17.75,54,16.9473936375516,17.139389243908,1
134,1,17.75,54,17.139389243908,17.2671215651689,1
134,1,17.75,54,17.2671215651689,17.4316161944655,1
134,1,17.75,54,17.4316161944655,17.4533517183712,1
134,1,17.75,54,17.4533517183712,17.571595201181,1
134,1,17.75,54,17.571595201181,17.75,0
135,1,13.75,4,0,1.82220482735764,1
135,1,13.75,4,1.82220482735764,2.36497755369794,1
135,1,13.75,4,2.36497755369794,3.89027723385534,1
135,1,13.75,4,3.89027723385534,13.6767393427835,1
135,1,13.75,4,13.6767393427835,13.75,0
136,1,11.75,1,0,0.288784848645531,1
136,1,11.75,1,0.288784848645531,11.75,0
137,1,11.75,1,0,5.28829121342068,1
137,1,11.75,1,5.28829121342068,11.75,0
138,1,17.75,3,0,2.44716483059342,1
138,1,17.75,3,2.44716483059342,3.76274506479915,1
138,1,17.75,3,3.76274506479915,11.4813334051221,1
138,1,17.75,3,11.4813334051221,17.75,0
139,1,13.75,23,0,1.2822363808018,1
139,1,13.75,23,1.2822363808018,5.00469520785454,1
139,1,13.75,23,5.00469520785454,6.1607344952055,1
139,1,13.75,23,6.1607344952055,6.68919845607954,1
139,1,13.75,23,6.68919845607954,6.95232103426024,1
139,1,13.75,23,6.95232103426024,7.06414581612591,1
139,1,13.75,23,7.06414581612591,7.45349053954263,1
139,1,13.75,23,7.45349053954263,7.80191092680377,1
139,1,13.75,23,7.80191092680377,7.84484601700549,1
139,1,13.75,23,7.84484601700549,8.4212653413079,1
139,1,13.75,23,8.4212653413079,8.51329910146278,1
139,1,13.75,23,8.51329910146278,8.68355386797081,1
139,1,13.75,23,8.68355386797081,9.45548106587055,1
139,1,13.75,23,9.45548106587055,9.58090761559172,1
139,1,13.75,23,9.58090761559172,10.4697444645884,1
139,1,13.75,23,10.4697444645884,11.1819806266533,1
139,1,13.75,23,11.1819806266533,11.6987602272098,1
139,1,13.75,23,11.6987602272098,11.9504921354516,1
139,1,13.75,23,11.9504921354516,12.4914108366508,1
139,1,13.75,23,12.4914108366508,13.33005381231,1
139,1,13.75,23,13.33005381231,13.5508567361233,1
139,1,13.75,23,13.5508567361233,13.6281313450634,1
139,1,13.75,23,13.6281313450634,13.699948770712,1
139,1,13.75,23,13.699948770712,13.75,0
140,1,16.75,1,0,7.39755530997333,1
140,1,16.75,1,7.39755530997333,16.75,0
141,1,14.75,30,0,2.37085566486166,1
141,1,14.75,30,2.37085566486166,2.89429750253166,1
141,1,14.75,30,2.89429750253166,4.93140902514667,1
141,1,14.75,30,4.93140902514667,4.97776912224858,1
141,1,14.75,30,4.97776912224858,5.39841651618115,1
141,1,14.75,30,5.39841651618115,6.36493524523066,1
141,1,14.75,30,6.36493524523066,6.52000947683577,1
141,1,14.75,30,6.52000947683577,7.77210597934684,1
141,1,14.75,30,7.77210597934684,8.28813580500307,1
141,1,14.75,30,8.28813580500307,8.60133798770499,1
141,1,14.75,30,8.60133798770499,9.34885840903971,1
141,1,14.75,30,9.34885840903971,10.8001261125389,1
141,1,14.75,30,10.8001261125389,10.9511851089413,1
141,1,14.75,30,10.9511851089413,11.4285216145075,1
141,1,14.75,30,11.4285216145075,11.5770480084263,1
141,1,14.75,30,11.5770480084263,11.6028213274762,1
141,1,14.75,30,11.6028213274762,12.1988091392676,1
141,1,14.75,30,12.1988091392676,12.3640377556398,1
141,1,14.75,30,12.3640377556398,12.8100882084232,1
141,1,14.75,30,12.8100882084232,13.2988989590058,1
141,1,14.75,30,13.2988989590058,13.426251082106,1
141,1,14.75,30,13.426251082106,13.4763987623483,1
141,1,14.75,30,13.4763987623483,13.5002962774066,1
141,1,14.75,30,13.5002962774066,13.6933271416983,1
141,1,14.75,30,13.6933271416983,13.987664211815,1
141,1,14.75,30,13.987664211815,14.2565884191509,1
141,1,14.75,30,14.2565884191509,14.3087013920137,1
141,1,14.75,30,14.3087013920137,14.3724449032793,1
141,1,14.75,30,14.3724449032793,14.387926439278,1
141,1,14.75,30,14.387926439278,14.575888925817,1
141,1,14.75,30,14.575888925817,14.75,0
142,1,8.75,2,0,0.00687993070693938,1
142,1,8.75,2,0.00687993070693938,8.60532745850979,1
142,1,8.75,2,8.60532745850979,8.75,0
143,1,19.75,5,0,0.0263121351159521,1
143,1,19.75,5,0.0263121351159521,0.283964022620167,1
143,1,19.75,5,0.283964022620167,2.52096088215444,1
143,1,19.75,5,2.52096088215444,7.08313982327062,1
143,1,19.75,5,7.08313982327062,18.2102228483748,1
143,1,19.75,5,18.2102228483748,19.75,0
144,1,12.75,2,0,4.00735429769771,1
144,1,12.75,2,4.00735429769771,5.86349881196411,1
144,1,12.75,2,5.86349881196411,12.75,0
145,1,11.75,2,0,1.59807979654373,1
145,1,11.75,2,1.59807979654373,9.58634295715436,1
145,1,11.75,2,9.58634295715436,11.75,0
146,1,17.75,38,0,3.23296732035982,1
146,1,17.75,38,3.23296732035982,4.32176620027372,1
146,1,17.75,38,4.32176620027372,5.37902652578695,1
146,1,17.75,38,5.37902652578695,7.17105350012308,1
146,1,17.75,38,7.17105350012308,9.241756069302,1
146,1,17.75,38,9.241756069302,9.38464813382553,1
146,1,17.75,38,9.38464813382553,9.48673378222576,1
146,1,17.75,38,9.48673378222576,9.80911772306534,1
146,1,17.75,38,9.80911772306534,10.0799381195072,1
146,1,17.75,38,10.0799381195072,10.0819195684295,1
146,1,17.75,38,10.0819195684295,11.4558259499655,1
146,1,17.75,38,11.4558259499655,11.6523187684232,1
146,1,17.75,38,11.6523187684232,12.1059105070096,1
146,1,17.75,38,12.1059105070096,12.1882146385983,1
146,1,17.75,38,12.1882146385983,12.3783522948992,1
146,1,17.75,38,12.3783522948992,12.623567944248,1
146,1,17.75,38,12.623567944248,12.9207352420132,1
146,1,17.75,38,12.9207352420132,13.5362208396868,1
146,1,17.75,38,13.5362208396868,13.5953535226992,1
146,1,17.75,38,13.5953535226992,13.661776310673,1
146,1,17.75,38,13.661776310673,13.9889764965053,1
146,1,17.75,38,13.9889764965053,14.0583210911005,1
146,1,17.75,38,14.0583210911005,14.1031063044685,1
146,1,17.75,38,14.1031063044685,14.4519245254156,1
146,1,17.75,38,14.4519245254156,15.0202618281204,1
146,1,17.75,38,15.0202618281204,15.0788871739801,1
146,1,17.75,38,15.0788871739801,15.8528862287214,1
146,1,17.75,38,15.8528862287214,15.8981227451122,1
146,1,17.75,38,15.8981227451122,15.9012163387049,1
146,1,17.75,38,15.9012163387049,16.3576457024766,1
146,1,17.75,38,16.3576457024766,16.3951406871411,1
146,1,17.75,38,16.3951406871411,16.4146169605258,1
146,1,17.75,38,16.4146169605258,16.4418945642992,1
146,1,17.75,38,16.4418945642992,16.9784355227938,1
146,1,17.75,38,16.9784355227938,17.043590576944,1
146,1,17.75,38,17.043590576944,17.136093139745,1
146,1,17.75,38,17.136093139745,17.2064997991822,1
146,1,17.75,38,17.2064997991822,17.6567444047021,1
146,1,17.75,38,17.6567444047021,17.75,0
147,1,19.75,2,0,2.98258505213943e-06,1
147,1,19.75,2,2.98258505213943e-06,7.1422444321448,1
147,1,19.75,2,7.1422444321448,19.75,0
148,1,19.75,94,0,0.956559346981196,1
148,1,19.75,94,0.956559346981196,4.50721068778888,1
148,1,19.75,94,4.50721068778888,5.25414432171296,1
148,1,19.75,94,5.25414432171296,5.88543451554044,1
148,1,19.75,94,5.88543451554044,6.04890416230827,1
148,1,19.75,94,6.04890416230827,7.62071774229054,1
148,1,19.75,94,7.62071774229054,7.88734836588297,1
148,1,19.75,94,7.88734836588297,7.94991493409329,1
148,1,19.75,94,7.94991493409329,7.97781884403719,1
148,1,19.75,94,7.97781884403719,8.12192084004345,1
148,1,19.75,94,8.12192084004345,8.51824739864332,1
148,1,19.75,94,8.51824739864332,8.93025764509755,1
148,1,19.75,94,8.93025764509755,9.06702036597779,1
148,1,19.75,94,9.06702036597779,9.07236713330635,1
148,1,19.75,94,9.07236713330635,9.21220645549445,1
148,1,19.75,94,9.21220645549445,9.45818227514046,1
148,1,19.75,94,9.45818227514046,9.56202208748021,1
148,1,19.75,94,9.56202208748021,9.64605176414573,1
148,1,19.75,94,9.64605176414573,9.80139208960564,1
148,1,19.75,94,9.80139208960564,9.96606714505836,1
148,1,19.75,94,9.96606714505836,10.1064851674649,1
148,1,19.75,94,10.1064851674649,10.2092427924392,1
148,1,19.75,94,10.2092427924392,10.254358097946,1
148,1,19.75,94,10.254358097946,10.6315417148022,1
148,1,19.75,94,10.6315417148022,10.8316507182202,1
148,1,19.75,94,10.8316507182202,11.6333503860459,1
148,1,19.75,94,11.6333503860459,11.6467050852815,1
148,1,19.75,94,11.6467050852815,11.7277963939227,1
148,1,19.75,94,11.7277963939227,11.7817784673695,1
148,1,19.75,94,11.7817784673695,12.070957469482,1
148,1,19.75,94,12.070957469482,12.0819034889847,1
148,1,19.75,94,12.0819034889847,12.2084804039313,1
148,1,19.75,94,12.2084804039313,12.689317489099,1
148,1,19.75,94,12.689317489099,12.8830440213687,1
148,1,19.75,94,12.8830440213687,12.9103979650421,1
148,1,19.75,94,12.9103979650421,12.9660966376615,1
148,1,19.75,94,12.9660966376615,13.033279171451,1
148,1,19.75,94,13.033279171451,13.1430075302887,1
148,1,19.75,94,13.1430075302887,13.1780607344195,1
148,1,19.75,94,13.1780607344195,13.2596765379138,1
148,1,19.75,94,13.2596765379138,13.8463310900187,1
148,1,19.75,94,13.8463310900187,13.9403066664578,1
148,1,19.75,94,13.9403066664578,14.0782208840142,1
148,1,19.75,94,14.0782208840142,14.106344893511,1
148,1,19.75,94,14.106344893511,14.1926864297562,1
148,1,19.75,94,14.1926864297562,14.4623571063386,1
148,1,19.75,94,14.4623571063386,14.6302926354798,1
148,1,19.75,94,14.6302926354798,14.6417438681943,1
148,1,19.75,94,14.6417438681943,14.7041947040116,1
148,1,19.75,94,14.7041947040116,14.7784370953456,1
148,1,19.75,94,14.7784370953456,15.1566895260937,1
148,1,19.75,94,15.1566895260937,15.2066287120079,1
148,1,19.75,94,15.2066287120079,15.2401879061836,1
148,1,19.75,94,15.2401879061836,15.2692204918218,1
148,1,19.75,94,15.2692204918218,15.275978403195,1
148,1,19.75,94,15.275978403195,15.4887568335786,1
148,1,19.75,94,15.4887568335786,15.5213044820188,1
148,1,19.75,94,15.5213044820188,15.5249121577126,1
148,1,19.75,94,15.5249121577126,15.6124730165571,1
148,1,19.75,94,15.6124730165571,15.6705924882264,1
148,1,19.75,94,15.6705924882264,15.6865946416361,1
148,1,19.75,94,15.6865946416361,15.6971118769813,1
148,1,19.75,94,15.6971118769813,15.8515018727218,1
148,1,19.75,94,15.8515018727218,15.9230830324587,1
148,1,19.75,94,15.9230830324587,16.2063476785973,1
148,1,19.75,94,16.2063476785973,16.2188495798663,1
148,1,19.75,94,16.2188495798663,16.3744285569058,1
148,1,19.75,94,16.3744285569058,16.5491614943325,1
148,1,19.75,94,16.5491614943325,16.5506895377812,1
148,1,19.75,94,16.5506895377812,16.7774962864033,1
148,1,19.75,94,16.7774962864033,17.0268791170417,1
148,1,19.75,94,17.0268791170417,17.16359089221,1
148,1,19.75,94,17.16359089221,17.2702395648881,1
148,1,19.75,94,17.2702395648881,17.3080592403081,1
148,1,19.75,94,17.3080592403081,17.3982026166335,1
148,1,19.75,94,17.3982026166335,17.9254336098645,1
148,1,19.75,94,17.9254336098645,17.9322889736051,1
148,1,19.75,94,17.9322889736051,18.0553534884306,1
148,1,19.75,94,18.0553534884306,18.5626858633231,1
148,1,19.75,94,18.5626858633231,18.631575480816,1
148,1,19.75,94,18.631575480816,18.8727702332441,1
148,1,19.75,94,18.8727702332441,18.9477058939834,1
148,1,19.75,94,18.9477058939834,18.9900060143784,1
148,1,19.75,94,18.9900060143784,19.0897960207188,1
148,1,19.75,94,19.0897960207188,19.1024594721649,1
148,1,19.75,94,19.1024594721649,19.1165624271103,1
148,1,19.75,94,19.1165624271103,19.1320637539255,1
148,1,19.75,94,19.1320637539255,19.1475100663163,1
148,1,19.75,94,19.1475100663163,19.2317952655582,1
148,1,19.75,94,19.2317952655582,19.3235733768746,1
148,1,19.75,94,19.3235733768746,19.377477015959,1
148,1,19.75,94,19.377477015959,19.3844507801902,1
148,1,19.75,94,19.3844507801902,19.3899392281845,1
148,1,19.75,94,19.3899392281845,19.7303303578684,1
148,1,19.75,94,19.7303303578684,19.75,0
149,1,18.75,1,0,1.64470757737798,1
149,1,18.75,1,1.64470757737798,18.75,0
150,1,18.75,58,0,4.77575855964281,1
150,1,18.75,58,4.77575855964281,5.59289626247706,1
150,1,18.75,58,5.59289626247706,6.85171444858851,1
150,1,18.75,58,6.85171444858851,7.7470737325594,1
150,1,18.75,58,7.7470737325594,7.97034051699458,1
150,1,18.75,58,7.97034051699458,8.98066001095916,1
150,1,18.75,58,8.98066001095916,9.86208095261056,1
150,1,18.75,58,9.86208095261056,10.0619512227689,1
150,1,18.75,58,10.0619512227689,10.2054357548927,1
150,1,18.75,58,10.2054357548927,10.4830032704499,1
150,1,18.75,58,10.4830032704499,10.6257009036048,1
150,1,18.75,58,10.6257009036048,10.832663976034,1
150,1,18.75,58,10.832663976034,11.0492491479566,1
150,1,18.75,58,11.0492491479566,11.3944044488846,1
150,1,18.75,58,11.3944044488846,11.5930616964876,1
150,1,18.75,58,11.5930616964876,11.5976639976757,1
150,1,18.75,58,11.5976639976757,11.698761567723,1
150,1,18.75,58,11.698761567723,11.762625785492,1
150,1,18.75,58,11.762625785492,12.1109782994975,1
150,1,18.75,58,12.1109782994975,12.1397493037707,1
150,1,18.75,58,12.1397493037707,12.1737473218749,1
150,1,18.75,58,12.1737473218749,12.3404122988874,1
150,1,18.75,58,12.3404122988874,12.3814700038801,1
150,1,18.75,58,12.3814700038801,12.4991465619316,1
150,1,18.75,58,12.4991465619316,13.2179984868868,1
150,1,18.75,58,13.2179984868868,13.5897767728931,1
150,1,18.75,58,13.5897767728931,13.7783220252336,1
150,1,18.75,58,13.7783220252336,13.962939875373,1
150,1,18.75,58,13.962939875373,14.5084328046883,1
150,1,18.75,58,14.5084328046883,14.7777017456875,1
150,1,18.75,58,14.7777017456875,14.7883386103063,1
150,1,18.75,58,14.7883386103063,15.286557758891,1
150,1,18.75,58,15.286557758891,15.3359687677022,1
150,1,18.75,58,15.3359687677022,15.5888528872018,1
150,1,18.75,58,15.5888528872018,15.6340662674122,1
150,1,18.75,58,15.6340662674122,15.6599412039661,1
150,1,18.75,58,15.6599412039661,15.6884603768049,1
150,1,18.75,58,15.6884603768049,15.7376052257034,1
150,1,18.75,58,15.7376052257034,15.7841365610362,1
150,1,18.75,58,15.7841365610362,15.848047455938,1
150,1,18.75,58,15.848047455938,16.0344407570787,1
150,1,18.75,58,16.0344407570787,16.0556928382471,1
150,1,18.75,58,16.0556928382471,16.1873735999744,1
150,1,18.75,58,16.1873735999744,16.1895775200702,1
150,1,18.75,58,16.1895775200702,16.5270339960293,1
150,1,18.75,58,16.5270339960293,16.6484638644413,1
150,1,18.75,58,16.6484638644413,16.9177899312738,1
150,1,18.75,58,16.9177899312738,17.0016169652825,1
150,1,18.75,58,17.0016169652825,17.3114074601268,1
150,1,18.75,58,17.3114074601268,17.3646734378449,1
150,1,18.75,58,17.3646734378449,17.6093664257932,1
150,1,18.75,58,17.6093664257932,18.0587673291181,1
150,1,18.75,58,18.0587673291181,18.1133829243594,1
150,1,18.75,58,18.1133829243594,18.1315410517888,1
150,1,18.75,58,18.1315410517888,18.2216248930824,1
150,1,18.75,58,18.2216248930824,18.2431502491587,1
150,1,18.75,58,18.2431502491587,18.4038486532386,1
150,1,18.75,58,18.4038486532386,18.6107923165065,1
150,1,18.75,58,18.6107923165065,18.75,0
151,1,12.75,0,0,12.75,0
152,1,16.75,41,0,4.62466883518961,1
152,1,16.75,41,4.62466883518961,6.61240043417323,1
152,1,16.75,41,6.61240043417323,7.98935635227702,1
152,1,16.75,41,7.98935635227702,8.5282057549577,1
152,1,16.75,41,8.5282057549577,8.78483610986538,1
152,1,16.75,41,8.78483610986538,9.13852642964818,1
152,1,16.75,41,9.13852642964818,9.72637176126775,1
152,1,16.75,41,9.72637176126775,9.90855348929356,1
152,1,16.75,41,9.90855348929356,10.9479837251778,1
152,1,16.75,41,10.9479837251778,11.2576582013225,1
152,1,16.75,41,11.2576582013225,11.3200556780081,1
152,1,16.75,41,11.3200556780081,11.5218712763757,1
152,1,16.75,41,11.5218712763757,11.9482247371981,1
152,1,16.75,41,11.9482247371981,12.0204720400847,1
152,1,16.75,41,12.0204720400847,12.1578016579478,1
152,1,16.75,41,12.1578016579478,12.3293210722715,1
152,1,16.75,41,12.3293210722715,12.5443040155926,1
152,1,16.75,41,12.5443040155926,12.7417878228377,1
152,1,16.75,41,12.7417878228377,13.025541905672,1
152,1,16.75,41,13.025541905672,13.0304842814232,1
152,1,16.75,41,13.0304842814232,13.1122742386692,1
152,1,16.75,41,13.1122742386692,13.1269548402012,1
152,1,16.75,41,13.1269548402012,13.3406567628672,1
152,1,16.75,41,13.3406567628672,13.3771150496467,1
152,1,16.75,41,13.3771150496467,13.4937613769828,1
152,1,16.75,41,13.4937613769828,13.8470614241152,1
152,1,16.75,41,13.8470614241152,14.4607331595775,1
152,1,16.75,41,14.4607331595775,14.7420495544799,1
152,1,16.75,41,14.7420495544799,15.0221567586305,1
152,1,16.75,41,15.0221567586305,15.0636030391037,1
152,1,16.75,41,15.0636030391037,15.1408707882553,1
152,1,16.75,41,15.1408707882553,15.2729643121143,1
152,1,16.75,41,15.2729643121143,15.3977985855951,1
152,1,16.75,41,15.3977985855951,15.4204251787561,1
152,1,16.75,41,15.4204251787561,15.8383190884384,1
152,1,16.75,41,15.8383190884384,15.8416219799337,1
152,1,16.75,41,15.8416219799337,15.9757253929719,1
152,1,16.75,41,15.9757253929719,16.2229618291781,1
152,1,16.75,41,16.2229618291781,16.5022368571557,1
152,1,16.75,41,16.5022368571557,16.5248236753304,1
152,1,16.75,41,16.5248236753304,16.5322619363074,1
152,1,16.75,41,16.5322619363074,16.75,0
153,1,18.75,1,0,6.58929934359893,1
153,1,18.75,1,6.58929934359893,18.75,0
154,1,8.75,6,0,0.00528054237395371,1
154,1,8.75,6,0.00528054237395371,0.0136997616147202,1
154,1,8.75,6,0.0136997616147202,0.329983614952583,1
154,1,8.75,6,0.329983614952583,1.37770537160955,1
154,1,8.75,6,1.37770537160955,1.75124417779815,1
154,1,8.75,6,1.75124417779815,3.32472056481809,1
154,1,8.75,6,3.32472056481809,8.75,0
155,1,14.75,1,0,0.194295518700037,1
155,1,14.75,1,0.194295518700037,14.75,0
156,1,8.75,0,0,8.75,0
157,1,8.75,7,0,4.91137300939949,1
157,1,8.75,7,4.91137300939949,6.48359951592728,1
157,1,8.75,7,6.48359951592728,6.77012951475365,1
157,1,8.75,7,6.77012951475365,6.93799027919132,1
157,1,8.75,7,6.93799027919132,7.67964076382952,1
157,1,8.75,7,7.67964076382952,8.44319232287307,1
157,1,8.75,7,8.44319232287307,8.5073803201576,1
157,1,8.75,7,8.5073803201576,8.75,0
158,1,16.75,1,0,10.1927772353301,1
158,1,16.75,1,10.1927772353301,16.75,0
159,1,15.75,0,0,15.75,0
160,1,12.75,2,0,1.68806889799745,1
160,1,12.75,2,1.68806889799745,3.87280819099615,1
160,1,12.75,2,3.87280819099615,12.75,0
161,1,11.75,1,0,0.713877186367035,1
161,1,11.75,1,0.713877186367035,11.75,0
162,1,18.75,39,0,4.21262041468245,1
162,1,18.75,39,4.21262041468245,5.81732937524092,1
162,1,18.75,39,5.81732937524092,7.88714131734006,1
162,1,18.75,39,7.88714131734006,10.0996144840573,1
162,1,18.75,39,10.0996144840573,10.8408600375435,1
162,1,18.75,39,10.8408600375435,11.0628993012942,1
162,1,18.75,39,11.0628993012942,11.086789905183,1
162,1,18.75,39,11.086789905183,11.5462716296492,1
162,1,18.75,39,11.5462716296492,12.3408836469337,1
162,1,18.75,39,12.3408836469337,12.3499793612341,1
162,1,18.75,39,12.3499793612341,12.9028322490642,1
162,1,18.75,39,12.9028322490642,13.732411568224,1
162,1,18.75,39,13.732411568224,13.751562504321,1
162,1,18.75,39,13.751562504321,13.8819787561725,1
162,1,18.75,39,13.8819787561725,13.9683441300941,1
162,1,18.75,39,13.9683441300941,14.1072740695559,1
162,1,18.75,39,14.1072740695559,14.3846596977884,1
162,1,18.75,39,14.3846596977884,14.9766087042338,1
162,1,18.75,39,14.9766087042338,15.1731757941761,1
162,1,18.75,39,15.1731757941761,15.2947492793095,1
162,1,18.75,39,15.2947492793095,15.5874920155153,1
162,1,18.75,39,15.5874920155153,15.8334601510003,1
162,1,18.75,39,15.8334601510003,15.8555687886912,1
162,1,18.75,39,15.8555687886912,16.4027245848277,1
162,1,18.75,39,16.4027245848277,16.5146434191942,1
162,1,18.75,39,16.5146434191942,16.5268123786309,1
162,1,18.75,39,16.5268123786309,16.6455160847843,1
162,1,18.75,39,16.6455160847843,16.7384782641669,1
162,1,18.75,39,16.7384782641669,17.2220431269062,1
162,1,18.75,39,17.2220431269062,17.3427950314481,1
162,1,18.75,39,17.3427950314481,17.5419773781872,1
162,1,18.75,39,17.5419773781872,17.8882707156623,1
162,1,18.75,39,17.8882707156623,18.410412352161,1
162,1,18.75,39,18.410412352161,18.4303795010221,1
162,1,18.75,39,18.4303795010221,18.4780689556181,1
162,1,18.75,39,18.4780689556181,18.4931030945923,1
162,1,18.75,39,18.4931030945923,18.6101311312706,1
162,1,18.75,39,18.6101311312706,18.6498728576543,1
162,1,18.75,39,18.6498728576543,18.7255193054899,1
162,1,18.75,39,18.7255193054899,18.75,0
163,1,18.75,4,0,2.84048154138537,1
163,1,18.75,4,2.84048154138537,3.187674459329,1
163,1,18.75,4,3.187674459329,5.26186236640938,1
163,1,18.75,4,5.26186236640938,16.555444622108,1
163,1,18.75,4,16.555444622108,18.75,0
164,1,10.75,4,0,0.438456092745912,1
164,1,10.75,4,0.438456092745912,0.809835391632039,1
164,1,10.75,4,0.809835391632039,5.01149972553421,1
164,1,10.75,4,5.01149972553421,9.46243233052909,1
164,1,10.75,4,9.46243233052909,10.75,0
165,1,14.75,4,0,3.70940079435959,1
165,1,14.75,4,3.70940079435959,6.13347409433335,1
165,1,14.75,4,6.13347409433335,6.85823736848584,1
165,1,14.75,4,6.85823736848584,12.3150077794598,1
165,1,14.75,4,12.3150077794598,14.75,0
166,1,17.75,1,0,1.54132046451142,1
166,1,17.75,1,1.54132046451142,17.75,0
167,1,11.75,1,0,1.87517987545113,1
167,1,11.75,1,1.87517987545113,11.75,0
168,1,10.75,3,0,0.298872729796535,1
168,1,10.75,3,0.298872729796535,0.44735576479382,1
168,1,10.75,3,0.44735576479382,5.43802767145909,1
168,1,10.75,3,5.43802767145909,10.75,0
169,1,17.75,69,0,3.32774190394789,1
169,1,17.75,69,3.32774190394789,4.66070620028753,1
169,1,17.75,69,4.66070620028753,6.38267557222362,1
169,1,17.75,69,6.38267557222362,6.62665994821462,1
169,1,17.75,69,6.62665994821462,7.55810244468814,1
169,1,17.75,69,7.55810244468814,7.88161422154444,1
169,1,17.75,69,7.88161422154444,8.05631701317197,1
169,1,17.75,69,8.05631701317197,8.8169664177067,1
169,1,17.75,69,8.8169664177067,8.99925777216076,1
169,1,17.75,69,8.99925777216076,9.69546687899921,1
169,1,17.75,69,9.69546687899921,9.72774546055425,1
169,1,17.75,69,9.72774546055425,9.84229342058173,1
169,1,17.75,69,9.84229342058173,9.94904061524874,1
169,1,17.75,69,9.94904061524874,10.3569024803896,1
169,1,17.75,69,10.3569024803896,10.4562841814016,1
169,1,17.75,69,10.4562841814016,10.8085971445611,1
169,1,17.75,69,10.8085971445611,11.2088517173711,1
169,1,17.75,69,11.2088517173711,11.2738989616272,1
169,1,17.75,69,11.2738989616272,11.3300909724368,1
169,1,17.75,69,11.3300909724368,11.807830810281,1
169,1,17.75,69,11.807830810281,11.8626862736185,1
169,1,17.75,69,11.8626862736185,11.9028377046033,1
169,1,17.75,69,11.9028377046033,11.9733777091904,1
169,1,17.75,69,11.9733777091904,12.629331073907,1
169,1,17.75,69,12.629331073907,12.6914532348974,1
169,1,17.75,69,12.6914532348974,12.7764656485388,1
169,1,17.75,69,12.7764656485388,13.0399729696707,1
169,1,17.75,69,13.0399729696707,13.201858621947,1
169,1,17.75,69,13.201858621947,13.7246632571356,1
169,1,17.75,69,13.7246632571356,13.7464709773958,1
169,1,17.75,69,13.7464709773958,13.8447344517193,1
169,1,17.75,69,13.8447344517193,14.1465659789666,1
169,1,17.75,69,14.1465659789666,14.2595070930331,1
169,1,17.75,69,14.2595070930331,14.2608701314115,1
169,1,17.75,69,14.2608701314115,14.3454382676727,1
169,1,17.75,69,14.3454382676727,14.4340582334954,1
169,1,17.75,69,14.4340582334954,14.6344853290761,1
169,1,17.75,69,14.6344853290761,14.7718680555643,1
169,1,17.75,69,14.7718680555643,14.9359948839634,1
169,1,17.75,69,14.9359948839634,15.0673990580034,1
169,1,17.75,69,15.0673990580034,15.0761719505518,1
169,1,17.75,69,15.0761719505518,15.1421070506431,1
169,1,17.75,69,15.1421070506431,15.3989907992925,1
169,1,17.75,69,15.3989907992925,15.5026797985869,1
169,1,17.75,69,15.5026797985869,15.5047925954926,1
169,1,17.75,69,15.5047925954926,15.5858345753055,1
169,1,17.75,69,15.5858345753055,15.9268771526516,1
169,1,17.75,69,15.9268771526516,16.0119771521382,1
169,1,17.75,69,16.0119771521382,16.0318368322321,1
169,1,17.75,69,16.0318368322321,16.1570761881141,1
169,1,17.75,69,16.1570761881141,16.2627936520557,1
169,1,17.75,69,16.2627936520557,16.2645815899899,1
169,1,17.75,69,16.2645815899899,16.387914966592,1
169,1,17.75,69,16.387914966592,16.4878722929717,1
169,1,17.75,69,16.4878722929717,16.6020622715392,1
169,1,17.75,69,16.6020622715392,16.7422898309479,1
169,1,17.75,69,16.7422898309479,16.8408451057757,1
169,1,17.75,69,16.8408451057757,16.9292934995043,1
169,1,17.75,69,16.9292934995043,16.9848204160239,1
169,1,17.75,69,16.9848204160239,17.0077339189597,1
169,1,17.75,69,17.0077339189597,17.0144862126832,1
169,1,17.75,69,17.0144862126832,17.0939656739693,1
169,1,17.75,69,17.0939656739693,17.2049154663319,1
169,1,17.75,69,17.2049154663319,17.2639728528762,1
169,1,17.75,69,17.2639728528762,17.282324047566,1
169,1,17.75,69,17.282324047566,17.3638202373737,1
169,1,17.75,69,17.3638202373737,17.4775368904724,1
169,1,17.75,69,17.4775368904724,17.636350074541,1
169,1,17.75,69,17.636350074541,17.7222616537511,1
169,1,17.75,69,17.7222616537511,17.75,0
170,1,15.75,104,0,3.78400291400423,1
170,1,15.75,104,3.78400291400423,4.14592311706335,1
170,1,15.75,104,4.14592311706335,4.41518747208439,1
170,1,15.75,104,4.41518747208439,4.86389940365412,1
170,1,15.75,104,4.86389940365412,5.09726495668037,1
170,1,15.75,104,5.09726495668037,5.31784750664174,1
170,1,15.75,104,5.31784750664174,5.94462547884834,1
170,1,15.75,104,5.94462547884834,6.00689700398044,1
170,1,15.75,104,6.00689700398044,6.34341473018811,1
170,1,15.75,104,6.34341473018811,6.35382180494861,1
170,1,15.75,104,6.35382180494861,6.69487187025391,1
170,1,15.75,104,6.69487187025391,6.79296496895941,1
170,1,15.75,104,6.79296496895941,6.89597585138366,1
170,1,15.75,104,6.89597585138366,6.93838346649538,1
170,1,15.75,104,6.93838346649538,6.99986742643805,1
170,1,15.75,104,6.99986742643805,7.28879874594999,1
170,1,15.75,104,7.28879874594999,7.35396870730579,1
170,1,15.75,104,7.35396870730579,7.41928694217473,1
170,1,15.75,104,7.41928694217473,7.47667303923201,1
170,1,15.75,104,7.47667303923201,8.33121319073176,1
170,1,15.75,104,8.33121319073176,8.36994143635663,1
170,1,15.75,104,8.36994143635663,8.40239722743786,1
170,1,15.75,104,8.40239722743786,8.42525909263596,1
170,1,15.75,104,8.42525909263596,8.48596283432718,1
170,1,15.75,104,8.48596283432718,8.50248423279725,1
170,1,15.75,104,8.50248423279725,8.72266199675781,1
170,1,15.75,104,8.72266199675781,8.94658181836626,1
170,1,15.75,104,8.94658181836626,8.99917033142283,1
170,1,15.75,104,8.99917033142283,9.30267424843092,1
170,1,15.75,104,9.30267424843092,9.40208062063919,1
170,1,15.75,104,9.40208062063919,9.66121013597632,1
170,1,15.75,104,9.66121013597632,9.8649368003064,1
170,1,15.75,104,9.8649368003064,10.2020422202886,1
170,1,15.75,104,10.2020422202886,10.3391809157547,1
170,1,15.75,104,10.3391809157547,10.3882669029136,1
170,1,15.75,104,10.3882669029136,10.4472714000634,1
170,1,15.75,104,10.4472714000634,10.4580452736128,1
170,1,15.75,104,10.4580452736128,10.4991959167897,1
170,1,15.75,104,10.4991959167897,10.770182113259,1
170,1,15.75,104,10.770182113259,10.9371940724971,1
170,1,15.75,104,10.9371940724971,10.9397110432402,1
170,1,15.75,104,10.9397110432402,11.0119814447987,1
170,1,15.75,104,11.0119814447987,11.0664045626062,1
170,1,15.75,104,11.0664045626062,11.2839059795538,1
170,1,15.75,104,11.2839059795538,11.3505543675574,1
170,1,15.75,104,11.3505543675574,11.5551337495278,1
170,1,15.75,104,11.5551337495278,11.594006701595,1
170,1,15.75,104,11.594006701595,11.6753610900024,1
170,1,15.75,104,11.6753610900024,11.7793310580419,1
170,1,15.75,104,11.7793310580419,11.8172535133484,1
170,1,15.75,104,11.8172535133484,11.8405418523104,1
170,1,15.75,104,11.8405418523104,11.8411012371332,1
170,1,15.75,104,11.8411012371332,11.8843552837969,1
170,1,15.75,104,11.8843552837969,11.9223020596528,1
170,1,15.75,104,11.9223020596528,11.9780231058665,1
170,1,15.75,104,11.9780231058665,12.0237682052575,1
170,1,15.75,104,12.0237682052575,12.2014141318423,1
170,1,15.75,104,12.2014141318423,12.2390894015055,1
170,1,15.75,104,12.2390894015055,12.2944283534458,1
170,1,15.75,104,12.2944283534458,12.3760142480696,1
170,1,15.75,104,12.3760142480696,12.475542975302,1
170,1,15.75,104,12.475542975302,12.5935054423204,1
170,1,15.75,104,12.5935054423204,12.7227843780198,1
170,1,15.75,104,12.7227843780198,12.7287959089844,1
170,1,15.75,104,12.7287959089844,12.8253572510242,1
170,1,15.75,104,12.8253572510242,12.8883937006852,1
170,1,15.75,104,12.8883937006852,12.911517101833,1
170,1,15.75,104,12.911517101833,12.9211757332467,1
170,1,15.75,104,12.9211757332467,13.1115166718694,1
170,1,15.75,104,13.1115166718694,13.3965688824713,1
170,1,15.75,104,13.3965688824713,13.6163832599919,1
170,1,15.75,104,13.6163832599919,13.6271254973991,1
170,1,15.75,104,13.6271254973991,13.661268951095,1
170,1,15.75,104,13.661268951095,13.6925921439968,1
170,1,15.75,104,13.6925921439968,13.7056168370044,1
170,1,15.75,104,13.7056168370044,13.7140610165494,1
170,1,15.75,104,13.7140610165494,13.7482287851788,1
170,1,15.75,104,13.7482287851788,13.7955000864133,1
170,1,15.75,104,13.7955000864133,13.8581612061474,1
170,1,15.75,104,13.8581612061474,13.9773405045017,1
170,1,15.75,104,13.9773405045017,14.1350709187811,1
170,1,15.75,104,14.1350709187811,14.2882099972241,1
170,1,15.75,104,14.2882099972241,14.2972589551282,1
170,1,15.75,104,14.2972589551282,14.3176540712608,1
170,1,15.75,104,14.3176540712608,14.3500624880214,1
170,1,15.75,104,14.3500624880214,14.3765374082287,1
170,1,15.75,104,14.3765374082287,14.3806769464286,1
170,1,15.75,104,14.3806769464286,14.4448688788323,1
170,1,15.75,104,14.4448688788323,14.4712078835949,1
170,1,15.75,104,14.4712078835949,14.5556459078837,1
170,1,15.75,104,14.5556459078837,14.556581267282,1
170,1,15.75,104,14.556581267282,14.6091941756007,1
170,1,15.75,104,14.6091941756007,14.6521315995799,1
170,1,15.75,104,14.6521315995799,14.6586804496815,1
170,1,15.75,104,14.6586804496815,14.7896221170112,1
170,1,15.75,104,14.7896221170112,14.8777020389549,1
170,1,15.75,104,14.8777020389549,14.9035490420975,1
170,1,15.75,104,14.9035490420975,15.067863399108,1
170,1,15.75,104,15.067863399108,15.2944673151103,1
170,1,15.75,104,15.2944673151103,15.3085759396504,1
170,1,15.75,104,15.3085759396504,15.5679759304939,1
170,1,15.75,104,15.5679759304939,15.6265658975155,1
170,1,15.75,104,15.6265658975155,15.6391587772421,1
170,1,15.75,104,15.6391587772421,15.6974753003438,1
170,1,15.75,104,15.6974753003438,15.75,0
171,1,17.75,5,0,1.01981196656657,1
171,1,17.75,5,1.01981196656657,1.32225268796922,1
171,1,17.75,5,1.32225268796922,7.53300168851709,1
171,1,17.75,5,7.53300168851709,8.24357869035971,1
171,1,17.75,5,8.24357869035971,14.0110455111001,1
171,1,17.75,5,14.0110455111001,17.75,0
172,1,18.75,2,0,1.54204296223424e-09,1
172,1,18.75,2,1.54204296223424e-09,0.130844276237492,1
172,1,18.75,2,0.130844276237492,18.75,0
173,1,17.75,64,0,1.53108024257642,1
173,1,17.75,64,1.53108024257642,4.79337473345585,1
173,1,17.75,64,4.79337473345585,5.09783784968873,1
173,1,17.75,64,5.09783784968873,5.92271953273701,1
173,1,17.75,64,5.92271953273701,6.25659422779547,1
173,1,17.75,64,6.25659422779547,6.89694784873175,1
173,1,17.75,64,6.89694784873175,7.35438161230418,1
173,1,17.75,64,7.35438161230418,7.55669250726374,1
173,1,17.75,64,7.55669250726374,7.7071463735857,1
173,1,17.75,64,7.7071463735857,8.44270530350494,1
173,1,17.75,64,8.44270530350494,8.8346518717547,1
173,1,17.75,64,8.8346518717547,8.944694042496,1
173,1,17.75,64,8.944694042496,8.95965329427173,1
173,1,17.75,64,8.95965329427173,9.12959906402906,1
173,1,17.75,64,9.12959906402906,9.53710892930812,1
173,1,17.75,64,9.53710892930812,9.6027404023968,1
173,1,17.75,64,9.6027404023968,9.97852887067297,1
173,1,17.75,64,9.97852887067297,10.0587291465604,1
173,1,17.75,64,10.0587291465604,10.5716547607013,1
173,1,17.75,64,10.5716547607013,10.7597287805497,1
173,1,17.75,64,10.7597287805497,10.7621983457677,1
173,1,17.75,64,10.7621983457677,10.9631338098961,1
173,1,17.75,64,10.9631338098961,10.9938407142626,1
173,1,17.75,64,10.9938407142626,11.2112520240476,1
173,1,17.75,64,11.2112520240476,11.7959306284355,1
173,1,17.75,64,11.7959306284355,12.3172516914901,1
173,1,17.75,64,12.3172516914901,12.6608682612487,1
173,1,17.75,64,12.6608682612487,12.833664665681,1
173,1,17.75,64,12.833664665681,13.0357254026304,1
173,1,17.75,64,13.0357254026304,13.085405272374,1
173,1,17.75,64,13.085405272374,13.2542260558144,1
173,1,17.75,64,13.2542260558144,13.3658143558319,1
173,1,17.75,64,13.3658143558319,13.5194272352308,1
173,1,17.75,64,13.5194272352308,13.6136062052919,1
173,1,17.75,64,13.6136062052919,14.2768729885561,1
173,1,17.75,64,14.2768729885561,14.3749628474103,1
173,1,17.75,64,14.3749628474103,14.4304587529537,1
173,1,17.75,64,14.4304587529537,14.5073992932801,1
173,1,17.75,64,14.5073992932801,14.6883169709578,1
173,1,17.75,64,14.6883169709578,14.7458133039678,1
173,1,17.75,64,14.7458133039678,14.8037878633958,1
173,1,17.75,64,14.8037878633958,14.9046524018087,1
173,1,17.75,64,14.9046524018087,15.3442851103975,1
173,1,17.75,64,15.3442851103975,15.3496905280204,1
173,1,17.75,64,15.3496905280204,15.4596747599628,1
173,1,17.75,64,15.4596747599628,15.786467341525,1
173,1,17.75,64,15.786467341525,16.026570396787,1
173,1,17.75,64,16.026570396787,16.0835938518989,1
173,1,17.75,64,16.0835938518989,16.0921595276399,1
173,1,17.75,64,16.0921595276399,16.1666770235932,1
173,1,17.75,64,16.1666770235932,16.2174589331085,1
173,1,17.75,64,16.2174589331085,16.2710923706365,1
173,1,17.75,64,16.2710923706365,16.3212306544051,1
173,1,17.75,64,16.3212306544051,16.3410077512752,1
173,1,17.75,64,16.3410077512752,16.4016085697959,1
173,1,17.75,64,16.4016085697959,16.4654349151439,1
173,1,17.75,64,16.4654349151439,16.5754268127731,1
173,1,17.75,64,16.5754268127731,16.6057030628038,1
173,1,17.75,64,16.6057030628038,16.6845582642028,1
173,1,17.75,64,16.6845582642028,16.9753535328229,1
173,1,17.75,64,16.9753535328229,17.017523116384,1
173,1,17.75,64,17.017523116384,17.2584998939319,1
173,1,17.75,64,17.2584998939319,17.4245776296655,1
173,1,17.75,64,17.4245776296655,17.6631113888298,1
173,1,17.75,64,17.6631113888298,17.75,0
174,1,10.75,4,0,0.0962169354171151,1
174,1,10.75,4,0.0962169354171151,4.40561144822764,1
174,1,10.75,4,4.40561144822764,6.7244816916005,1
174,1,10.75,4,6.7244816916005,7.81480639007763,1
174,1,10.75,4,7.81480639007763,10.75,0
175,1,13.75,5,0,0.665570416059735,1
175,1,13.75,5,0.665570416059735,1.4421129890623,1
175,1,13.75,5,1.4421129890623,8.1800185748622,1
175,1,13.75,5,8.1800185748622,9.06270248024016,1
175,1,13.75,5,9.06270248024016,10.092966016608,1
175,1,13.75,5,10.092966016608,13.75,0
176,1,16.75,3,0,1.63783542346243,1
176,1,16.75,3,1.63783542346243,9.5573055548678,1
176,1,16.75,3,9.5573055548678,16.338564637856,1
176,1,16.75,3,16.338564637856,16.75,0
177,1,14.75,5,0,0.0026525893326031,1
177,1,14.75,5,0.0026525893326031,0.379511349725085,1
177,1,14.75,5,0.379511349725085,0.823109743672584,1
177,1,14.75,5,0.823109743672584,3.12275147040819,1
177,1,14.75,5,3.12275147040819,4.34105123694995,1
177,1,14.75,5,4.34105123694995,14.75,0
178,1,14.75,50,0,5.4094371489081,1
178,1,14.75,50,5.4094371489081,7.12036245023094,1
178,1,14.75,50,7.12036245023094,7.57010739527804,1
178,1,14.75,50,7.57010739527804,7.66076429981823,1
178,1,14.75,50,7.66076429981823,7.68797749370883,1
178,1,14.75,50,7.68797749370883,7.71311269777906,1
178,1,14.75,50,7.71311269777906,7.99526598660211,1
178,1,14.75,50,7.99526598660211,8.27569452575425,1
178,1,14.75,50,8.27569452575425,8.35323821994027,1
178,1,14.75,50,8.35323821994027,8.67567332001096,1
178,1,14.75,50,8.67567332001096,8.91357817339024,1
178,1,14.75,50,8.91357817339024,9.11600422409636,1
178,1,14.75,50,9.11600422409636,9.32917369720379,1
178,1,14.75,50,9.32917369720379,9.48004041349416,1
178,1,14.75,50,9.48004041349416,9.51717369815847,1
178,1,14.75,50,9.51717369815847,9.62836713142063,1
178,1,14.75,50,9.62836713142063,10.0269680893677,1
178,1,14.75,50,10.0269680893677,10.1244577532597,1
178,1,14.75,50,10.1244577532597,10.8569925702061,1
178,1,14.75,50,10.8569925702061,10.9197588373548,1
178,1,14.75,50,10.9197588373548,11.1115708973438,1
178,1,14.75,50,11.1115708973438,11.1980985742774,1
178,1,14.75,50,11.1980985742774,11.2419337438664,1
178,1,14.75,50,11.2419337438664,11.7786849673054,1
178,1,14.75,50,11.7786849673054,11.7875139567492,1
178,1,14.75,50,11.7875139567492,12.0950599391156,1
178,1,14.75,50,12.0950599391156,12.202437379712,1
178,1,14.75,50,12.202437379712,12.2164807507641,1
178,1,14.75,50,12.2164807507641,12.7288749346676,1
178,1,14.75,50,12.7288749346676,12.8022968343219,1
178,1,14.75,50,12.8022968343219,12.9580239131644,1
178,1,14.75,50,12.9580239131644,13.0849465946885,1
178,1,14.75,50,13.0849465946885,13.2042382138957,1
178,1,14.75,50,13.2042382138957,13.2471894763141,1
178,1,14.75,50,13.2471894763141,13.2636102674064,1
178,1,14.75,50,13.2636102674064,13.4524611284264,1
178,1,14.75,50,13.4524611284264,13.4926594001427,1
178,1,14.75,50,13.4926594001427,13.5243816043542,1
178,1,14.75,50,13.5243816043542,13.5516770689049,1
178,1,14.75,50,13.5516770689049,13.6481089432858,1
178,1,14.75,50,13.6481089432858,13.8061891701726,1
178,1,14.75,50,13.8061891701726,13.9004051872458,1
178,1,14.75,50,13.9004051872458,13.9788648216975,1
178,1,14.75,50,13.9788648216975,14.0372412638591,1
178,1,14.75,50,14.0372412638591,14.0464806912507,1
178,1,14.75,50,14.0464806912507,14.1437006922272,1
178,1,14.75,50,14.1437006922272,14.2159955609484,1
178,1,14.75,50,14.2159955609484,14.2695142004323,1
178,1,14.75,50,14.2695142004323,14.4213412237676,1
178,1,14.75,50,14.4213412237676,14.5433160151707,1
178,1,14.75,50,14.5433160151707,14.75,0
179,1,13.75,2,0,6.88599824504271,1
179,1,13.75,2,6.88599824504271,7.06648456131877,1
179,1,13.75,2,7.06648456131877,13.75,0
180,1,11.75,0,0,11.75,0
181,1,20.75,4,0,4.09703788788061,1
181,1,20.75,4,4.09703788788061,4.15280575522186,1
181,1,20.75,4,4.15280575522186,9.29461296749214,1
181,1,20.75,4,9.29461296749214,11.621047020479,1
181,1,20.75,4,11.621047020479,20.75,0
182,1,16.75,27,0,3.05500914118678,1
182,1,16.75,27,3.05500914118678,5.57235599925656,1
182,1,16.75,27,5.57235599925656,6.48525066395353,1
182,1,16.75,27,6.48525066395353,7.86184906858716,1
182,1,16.75,27,7.86184906858716,8.40808588090112,1
182,1,16.75,27,8.40808588090112,8.58022506198115,1
182,1,16.75,27,8.58022506198115,9.95370881642124,1
182,1,16.75,27,9.95370881642124,10.457253278871,1
182,1,16.75,27,10.457253278871,10.9288455536421,1
182,1,16.75,27,10.9288455536421,11.4165443078622,1
182,1,16.75,27,11.4165443078622,12.1185835244444,1
182,1,16.75,27,12.1185835244444,12.2825903697651,1
182,1,16.75,27,12.2825903697651,12.6679368319182,1
182,1,16.75,27,12.6679368319182,12.9893064096406,1
182,1,16.75,27,12.9893064096406,13.2222089054704,1
182,1,16.75,27,13.2222089054704,14.1654479249988,1
182,1,16.75,27,14.1654479249988,15.0320757238575,1
182,1,16.75,27,15.0320757238575,15.1483559664228,1
182,1,16.75,27,15.1483559664228,15.17191197373,1
182,1,16.75,27,15.17191197373,15.7676601162999,1
182,1,16.75,27,15.7676601162999,16.0653660395591,1
182,1,16.75,27,16.0653660395591,16.3657295049158,1
182,1,16.75,27,16.3657295049158,16.529380341502,1
182,1,16.75,27,16.529380341502,16.5601000916727,1
182,1,16.75,27,16.5601000916727,16.5659064209505,1
182,1,16.75,27,16.5659064209505,16.6250516509914,1
182,1,16.75,27,16.6250516509914,16.6801582854259,1
182,1,16.75,27,16.6801582854259,16.75,0
183,1,17.75,80,0,2.1281558831813,1
183,1,17.75,80,2.1281558831813,4.05187415788086,1
183,1,17.75,80,4.05187415788086,4.37958077497339,1
183,1,17.75,80,4.37958077497339,4.76762959088246,1
183,1,17.75,80,4.76762959088246,4.83255576080258,1
183,1,17.75,80,4.83255576080258,5.68023294549182,1
183,1,17.75,80,5.68023294549182,5.90658715391038,1
183,1,17.75,80,5.90658715391038,6.40662427495062,1
183,1,17.75,80,6.40662427495062,6.69331509452295,1
183,1,17.75,80,6.69331509452295,7.2090177652741,1
183,1,17.75,80,7.2090177652741,7.41665054472955,1
183,1,17.75,80,7.41665054472955,8.26696832106444,1
183,1,17.75,80,8.26696832106444,8.54918695981048,1
183,1,17.75,80,8.54918695981048,8.62145953772958,1
183,1,17.75,80,8.62145953772958,8.71711564395914,1
183,1,17.75,80,8.71711564395914,9.093818136529,1
183,1,17.75,80,9.093818136529,9.13574388698272,1
183,1,17.75,80,9.13574388698272,9.19780459575733,1
183,1,17.75,80,9.19780459575733,9.41031016429707,1
183,1,17.75,80,9.41031016429707,9.44342006637529,1
183,1,17.75,80,9.44342006637529,9.85186798891372,1
183,1,17.75,80,9.85186798891372,9.85896735890571,1
183,1,17.75,80,9.85896735890571,10.0294367355459,1
183,1,17.75,80,10.0294367355459,10.1900291018206,1
183,1,17.75,80,10.1900291018206,10.2388266115802,1
183,1,17.75,80,10.2388266115802,10.4664812313379,1
183,1,17.75,80,10.4664812313379,10.5509520886861,1
183,1,17.75,80,10.5509520886861,10.9987581684725,1
183,1,17.75,80,10.9987581684725,11.3446169479078,1
183,1,17.75,80,11.3446169479078,11.6321322900237,1
183,1,17.75,80,11.6321322900237,11.6870906008377,1
183,1,17.75,80,11.6870906008377,11.8732998186074,1
183,1,17.75,80,11.8732998186074,11.9213472008512,1
183,1,17.75,80,11.9213472008512,11.9460905618129,1
183,1,17.75,80,11.9460905618129,11.9506165516638,1
183,1,17.75,80,11.9506165516638,12.1145711704735,1
183,1,17.75,80,12.1145711704735,12.3769651240631,1
183,1,17.75,80,12.3769651240631,12.4398370343733,1
183,1,17.75,80,12.4398370343733,12.5441690931349,1
183,1,17.75,80,12.5441690931349,12.6078881150726,1
183,1,17.75,80,12.6078881150726,12.6220794120731,1
183,1,17.75,80,12.6220794120731,12.9566868907501,1
183,1,17.75,80,12.9566868907501,13.3158240840624,1
183,1,17.75,80,13.3158240840624,13.4673426292492,1
183,1,17.75,80,13.4673426292492,13.4761877538417,1
183,1,17.75,80,13.4761877538417,13.8233812453132,1
183,1,17.75,80,13.8233812453132,13.9124793352842,1
183,1,17.75,80,13.9124793352842,13.9862423390529,1
183,1,17.75,80,13.9862423390529,14.0314374537427,1
183,1,17.75,80,14.0314374537427,14.2496411056254,1
183,1,17.75,80,14.2496411056254,14.2583843533125,1
183,1,17.75,80,14.2583843533125,14.3239560458165,1
183,1,17.75,80,14.3239560458165,14.3809283678708,1
183,1,17.75,80,14.3809283678708,14.3815195230658,1
183,1,17.75,80,14.3815195230658,14.4535231772333,1
183,1,17.75,80,14.4535231772333,14.4983759183559,1
183,1,17.75,80,14.4983759183559,14.5997089656477,1
183,1,17.75,80,14.5997089656477,14.6883481083962,1
183,1,17.75,80,14.6883481083962,14.6893201137006,1
183,1,17.75,80,14.6893201137006,14.9279506537688,1
183,1,17.75,80,14.9279506537688,15.0163891818357,1
183,1,17.75,80,15.0163891818357,15.4044542335237,1
183,1,17.75,80,15.4044542335237,15.5544796847891,1
183,1,17.75,80,15.5544796847891,15.7047205771269,1
183,1,17.75,80,15.7047205771269,15.9439380213603,1
183,1,17.75,80,15.9439380213603,15.9869984256209,1
183,1,17.75,80,15.9869984256209,16.1489938606084,1
183,1,17.75,80,16.1489938606084,16.1856953014371,1
183,1,17.75,80,16.1856953014371,16.2245156113081,1
183,1,17.75,80,16.2245156113081,16.2340379153795,1
183,1,17.75,80,16.2340379153795,16.3357065637694,1
183,1,17.75,80,16.3357065637694,16.5437143062299,1
183,1,17.75,80,16.5437143062299,16.6000685162652,1
183,1,17.75,80,16.6000685162652,16.6743195305512,1
183,1,17.75,80,16.6743195305512,16.7476385490366,1
183,1,17.75,80,16.7476385490366,17.2012059326318,1
183,1,17.75,80,17.2012059326318,17.2769079872569,1
183,1,17.75,80,17.2769079872569,17.5043774128769,1
183,1,17.75,80,17.5043774128769,17.5227050599784,1
183,1,17.75,80,17.5227050599784,17.5684220191481,1
183,1,17.75,80,17.5684220191481,17.75,0
184,1,19.75,4,0,4.35354886183251,1
184,1,19.75,4,4.35354886183251,6.55647654384066,1
184,1,19.75,4,6.55647654384066,8.51434729805459,1
184,1,19.75,4,8.51434729805459,10.8637642010251,1
184,1,19.75,4,10.8637642010251,19.75,0
185,1,15.75,0,0,15.75,0
186,1,15.75,47,0,1.40388204427903,1
186,1,15.75,47,1.40388204427903,2.97451644089653,1
186,1,15.75,47,2.97451644089653,3.84638329600617,1
186,1,15.75,47,3.84638329600617,4.35133293423479,1
186,1,15.75,47,4.35133293423479,4.58226964722177,1
186,1,15.75,47,4.58226964722177,5.58237113997075,1
186,1,15.75,47,5.58237113997075,6.12454098928445,1
186,1,15.75,47,6.12454098928445,6.96803617356846,1
186,1,15.75,47,6.96803617356846,7.7895624623571,1
186,1,15.75,47,7.7895624623571,7.79681729804793,1
186,1,15.75,47,7.79681729804793,7.83694477754453,1
186,1,15.75,47,7.83694477754453,8.72899196205495,1
186,1,15.75,47,8.72899196205495,8.96392699935161,1
186,1,15.75,47,8.96392699935161,9.31273467519988,1
186,1,15.75,47,9.31273467519988,10.2732919710565,1
186,1,15.75,47,10.2732919710565,10.2928502582185,1
186,1,15.75,47,10.2928502582185,10.6291823052115,1
186,1,15.75,47,10.6291823052115,10.7512212033877,1
186,1,15.75,47,10.7512212033877,10.7802439637097,1
186,1,15.75,47,10.7802439637097,10.8998342076796,1
186,1,15.75,47,10.8998342076796,11.0840817948116,1
186,1,15.75,47,11.0840817948116,11.2733867318784,1
186,1,15.75,47,11.2733867318784,11.3233273814214,1
186,1,15.75,47,11.3233273814214,11.8060592363889,1
186,1,15.75,47,11.8060592363889,12.055414537296,1
186,1,15.75,47,12.055414537296,12.4453142264895,1
186,1,15.75,47,12.4453142264895,13.2695974541691,1
186,1,15.75,47,13.2695974541691,13.435188433362,1
186,1,15.75,47,13.435188433362,13.7742290022404,1
186,1,15.75,47,13.7742290022404,13.8240265058208,1
186,1,15.75,47,13.8240265058208,13.9155370402063,1
186,1,15.75,47,13.9155370402063,13.989271745455,1
186,1,15.75,47,13.989271745455,14.0573828455435,1
186,1,15.75,47,14.0573828455435,14.367742587471,1
186,1,15.75,47,14.367742587471,14.4148378592906,1
186,1,15.75,47,14.4148378592906,14.4452922588656,1
186,1,15.75,47,14.4452922588656,14.5762538363733,1
186,1,15.75,47,14.5762538363733,14.7216791888878,1
186,1,15.75,47,14.7216791888878,14.7288920649823,1
186,1,15.75,47,14.7288920649823,14.9952867319212,1
186,1,15.75,47,14.9952867319212,15.2021037507831,1
186,1,15.75,47,15.2021037507831,15.3469113649208,1
186,1,15.75,47,15.3469113649208,15.4431309619882,1
186,1,15.75,47,15.4431309619882,15.4976177810617,1
186,1,15.75,47,15.4976177810617,15.5882407784741,1
186,1,15.75,47,15.5882407784741,15.7005327070728,1
186,1,15.75,47,15.7005327070728,15.7160739531263,1
186,1,15.75,47,15.7160739531263,15.75,0
187,1,11.75,1,0,5.68127178635668,1
187,1,11.75,1,5.68127178635668,11.75,0
188,1,10.75,10,0,2.35275120910865,1
188,1,10.75,10,2.35275120910865,2.37257108210178,1
188,1,10.75,10,2.37257108210178,5.8965247036069,1
188,1,10.75,10,5.8965247036069,7.11355143984557,1
188,1,10.75,10,7.11355143984557,7.85969873487547,1
188,1,10.75,10,7.85969873487547,9.96631466692511,1
188,1,10.75,10,9.96631466692511,10.1567107118522,1
188,1,10.75,10,10.1567107118522,10.1713098724895,1
188,1,10.75,10,10.1713098724895,10.6835738268602,1
188,1,10.75,10,10.6835738268602,10.6845744649455,1
188,1,10.75,10,10.6845744649455,10.75,0
189,1,13.75,1,0,3.10081497373872,1
189,1,13.75,1,3.10081497373872,13.75,0
190,1,17.75,2,0,8.15321586120823,1
190,1,17.75,2,8.15321586120823,10.0334443847619,1
190,1,17.75,2,10.0334443847619,17.75,0
191,1,15.75,2,0,7.32550037504332,1
191,1,15.75,2,7.32550037504332,12.366376773943,1
191,1,15.75,2,12.366376773943,15.75,0
192,1,14.75,50,0,2.51618573726576,1
192,1,14.75,50,2.51618573726576,3.86931152957985,1
192,1,14.75,50,3.86931152957985,4.93894433853932,1
192,1,14.75,50,4.93894433853932,5.35336818351477,1
192,1,14.75,50,5.35336818351477,6.22500399751697,1
192,1,14.75,50,6.22500399751697,6.40926256784265,1
192,1,14.75,50,6.40926256784265,6.45182397468907,1
192,1,14.75,50,6.45182397468907,6.49310998338164,1
192,1,14.75,50,6.49310998338164,7.14116987652192,1
192,1,14.75,50,7.14116987652192,7.34089475857171,1
192,1,14.75,50,7.34089475857171,8.30578666188889,1
192,1,14.75,50,8.30578666188889,8.3064403386781,1
192,1,14.75,50,8.3064403386781,8.6609096828303,1
192,1,14.75,50,8.6609096828303,8.71264158737717,1
192,1,14.75,50,8.71264158737717,8.94303690664891,1
192,1,14.75,50,8.94303690664891,9.18428657169497,1
192,1,14.75,50,9.18428657169497,9.40383014437601,1
192,1,14.75,50,9.40383014437601,9.49011184379225,1
192,1,14.75,50,9.49011184379225,9.58139792960244,1
192,1,14.75,50,9.58139792960244,9.65706458877695,1
192,1,14.75,50,9.65706458877695,9.77595143172439,1
192,1,14.75,50,9.77595143172439,9.87383264820067,1
192,1,14.75,50,9.87383264820067,10.0244078783256,1
192,1,14.75,50,10.0244078783256,10.1193142065174,1
192,1,14.75,50,10.1193142065174,10.2368051103038,1
192,1,14.75,50,10.2368051103038,10.4832234362424,1
192,1,14.75,50,10.4832234362424,10.5506023891968,1
192,1,14.75,50,10.5506023891968,10.5823475517558,1
192,1,14.75,50,10.5823475517558,10.5991560982981,1
192,1,14.75,50,10.5991560982981,11.1949428352032,1
192,1,14.75,50,11.1949428352032,11.1975348956165,1
192,1,14.75,50,11.1975348956165,11.288645543072,1
192,1,14.75,50,11.288645543072,11.5188658470378,1
192,1,14.75,50,11.5188658470378,11.5574588451851,1
192,1,14.75,50,11.5574588451851,11.7234966066895,1
192,1,14.75,50,11.7234966066895,12.1620782794684,1
192,1,14.75,50,12.1620782794684,12.3858902372202,1
192,1,14.75,50,12.3858902372202,12.4127085025366,1
192,1,14.75,50,12.4127085025366,12.9002887696591,1
192,1,14.75,50,12.9002887696591,13.2268323173707,1
192,1,14.75,50,13.2268323173707,13.4602695137191,1
192,1,14.75,50,13.4602695137191,13.5714648635954,1
192,1,14.75,50,13.5714648635954,13.6349266776408,1
192,1,14.75,50,13.6349266776408,13.70431880335,1
192,1,14.75,50,13.70431880335,13.9115369490952,1
192,1,14.75,50,13.9115369490952,13.9741247501558,1
192,1,14.75,50,13.9741247501558,14.0870294489544,1
192,1,14.75,50,14.0870294489544,14.180124167991,1
192,1,14.75,50,14.180124167991,14.2810748619349,1
192,1,14.75,50,14.2810748619349,14.3738522296813,1
192,1,14.75,50,14.3738522296813,14.75,0
193,1,12.75,3,0,0.412835971153304,1
193,1,12.75,3,0.412835971153304,2.38537702702379,1
193,1,12.75,3,2.38537702702379,9.893042146113,1
193,1,12.75,3,9.893042146113,12.75,0
194,1,9.75,7,0,5.23707191208825,1
194,1,9.75,7,5.23707191208825,6.26367556734527,1
194,1,9.75,7,6.26367556734527,6.81325560913328,1
194,1,9.75,7,6.81325560913328,7.24485666894164,1
194,1,9.75,7,7.24485666894164,8.50124561240616,1
194,1,9.75,7,8.50124561240616,8.91990229686221,1
194,1,9.75,7,8.91990229686221,9.70653094836647,1
194,1,9.75,7,9.70653094836647,9.75,0
195,1,14.75,24,0,3.30351181641779,1
195,1,14.75,24,3.30351181641779,4.17468521602417,1
195,1,14.75,24,4.17468521602417,7.32018029750878,1
195,1,14.75,24,7.32018029750878,7.39705409266546,1
195,1,14.75,24,7.39705409266546,8.25678044777687,1
195,1,14.75,24,8.25678044777687,8.87692575480887,1
195,1,14.75,24,8.87692575480887,8.89046782804449,1
195,1,14.75,24,8.89046782804449,9.2044662458581,1
195,1,14.75,24,9.2044662458581,9.36357261432942,1
195,1,14.75,24,9.36357261432942,9.92710305143698,1
195,1,14.75,24,9.92710305143698,10.9786181057707,1
195,1,14.75,24,10.9786181057707,11.1884185726421,1
195,1,14.75,24,11.1884185726421,11.3984043950175,1
195,1,14.75,24,11.3984043950175,11.9823168533087,1
195,1,14.75,24,11.9823168533087,12.3584034118133,1
195,1,14.75,24,12.3584034118133,12.4010947701453,1
195,1,14.75,24,12.4010947701453,12.8968058783379,1
195,1,14.75,24,12.8968058783379,13.1744985224738,1
195,1,14.75,24,13.1744985224738,13.4573008973758,1
195,1,14.75,24,13.4573008973758,13.5745935229633,1
195,1,14.75,24,13.5745935229633,13.6042082640628,1
195,1,14.75,24,13.6042082640628,13.8230405115787,1
195,1,14.75,24,13.8230405115787,14.577735121465,1
195,1,14.75,24,14.577735121465,14.5858878480964,1
195,1,14.75,24,14.5858878480964,14.75,0
196,1,18.75,2,0,2.44026777872625,1
196,1,18.75,2,2.44026777872625,5.27987466969528,1
196,1,18.75,2,5.27987466969528,18.75,0
197,1,9.75,8,0,4.25410184135751,1
197,1,9.75,8,4.25410184135751,5.89386339871965,1
197,1,9.75,8,5.89386339871965,6.46064937237269,1
197,1,9.75,8,6.46064937237269,7.14448144288716,1
197,1,9.75,8,7.14448144288716,7.50980137277252,1
197,1,9.75,8,7.50980137277252,8.38830163202405,1
197,1,9.75,8,8.38830163202405,8.6793549968705,1
197,1,9.75,8,8.6793549968705,9.46799652658015,1
197,1,9.75,8,9.46799652658015,9.75,0
198,1,9.75,0,0,9.75,0
199,1,16.75,68,0,1.56371903468371,1
199,1,16.75,68,1.56371903468371,4.17430895921679,1
199,1,16.75,68,4.17430895921679,5.4397425808542,1
199,1,16.75,68,5.4397425808542,5.47453126702587,1
199,1,16.75,68,5.47453126702587,5.66948691674524,1
199,1,16.75,68,5.66948691674524,5.9132638653641,1
199,1,16.75,68,5.9132638653641,6.04459654693173,1
199,1,16.75,68,6.04459654693173,6.33568918982619,1
199,1,16.75,68,6.33568918982619,6.4514244860568,1
199,1,16.75,68,6.4514244860568,6.65232445681749,1
199,1,16.75,68,6.65232445681749,6.75388153401748,1
199,1,16.75,68,6.75388153401748,7.36896477052905,1
199,1,16.75,68,7.36896477052905,7.51591288970777,1
199,1,16.75,68,7.51591288970777,8.3396087793501,1
199,1,16.75,68,8.3396087793501,8.56139658485598,1
199,1,16.75,68,8.56139658485598,8.66287534331402,1
199,1,16.75,68,8.66287534331402,8.98318514745215,1
199,1,16.75,68,8.98318514745215,9.01083049575754,1
199,1,16.75,68,9.01083049575754,9.30016264085251,1
199,1,16.75,68,9.30016264085251,9.40759472197097,1
199,1,16.75,68,9.40759472197097,9.47504641032426,1
199,1,16.75,68,9.47504641032426,9.4824412084658,1
199,1,16.75,68,9.4824412084658,9.57879740678847,1
199,1,16.75,68,9.57879740678847,9.78588369782577,1
199,1,16.75,68,9.78588369782577,9.79724667850946,1
199,1,16.75,68,9.79724667850946,10.0482513474339,1
199,1,16.75,68,10.0482513474339,10.1367536065362,1
199,1,16.75,68,10.1367536065362,10.4649114441861,1
199,1,16.75,68,10.4649114441861,10.512144861187,1
199,1,16.75,68,10.512144861187,10.6102407283406,1
199,1,16.75,68,10.6102407283406,10.9952746933008,1
199,1,16.75,68,10.9952746933008,11.6297968139484,1
199,1,16.75,68,11.6297968139484,11.8112126129212,1
199,1,16.75,68,11.8112126129212,11.9077201651135,1
199,1,16.75,68,11.9077201651135,11.9581735699745,1
199,1,16.75,68,11.9581735699745,11.999088021101,1
199,1,16.75,68,11.999088021101,12.1188469790227,1
199,1,16.75,68,12.1188469790227,12.1447792177362,1
199,1,16.75,68,12.1447792177362,12.4837312347695,1
199,1,16.75,68,12.4837312347695,12.6023515035692,1
199,1,16.75,68,12.6023515035692,13.1671316429987,1
199,1,16.75,68,13.1671316429987,13.5380418377897,1
199,1,16.75,68,13.5380418377897,13.5549515068567,1
199,1,16.75,68,13.5549515068567,13.5836817421206,1
199,1,16.75,68,13.5836817421206,13.6100501211385,1
199,1,16.75,68,13.6100501211385,13.6319838636654,1
199,1,16.75,68,13.6319838636654,13.6817102425238,1
199,1,16.75,68,13.6817102425238,13.7026986964334,1
199,1,16.75,68,13.7026986964334,13.9624554910261,1
199,1,16.75,68,13.9624554910261,13.9816479538798,1
199,1,16.75,68,13.9816479538798,14.0198953360456,1
199,1,16.75,68,14.0198953360456,14.0458965868555,1
199,1,16.75,68,14.0458965868555,14.0754593645717,1
199,1,16.75,68,14.0754593645717,14.2270596806725,1
199,1,16.75,68,14.2270596806725,14.3040969422395,1
199,1,16.75,68,14.3040969422395,15.8361122442198,1
199,1,16.75,68,15.8361122442198,15.8553128401126,1
199,1,16.75,68,15.8553128401126,15.8928269765183,1
199,1,16.75,68,15.8928269765183,15.9760220331007,1
199,1,16.75,68,15.9760220331007,16.1540159246,1
199,1,16.75,68,16.1540159246,16.180734164123,1
199,1,16.75,68,16.180734164123,16.2236554936016,1
199,1,16.75,68,16.2236554936016,16.2372132629127,1
199,1,16.75,68,16.2372132629127,16.2674725280154,1
199,1,16.75,68,16.2674725280154,16.6402831036112,1
199,1,16.75,68,16.6402831036112,16.649178881859,1
199,1,16.75,68,16.649178881859,16.7076805056905,1
199,1,16.75,68,16.7076805056905,16.7141304678443,1
199,1,16.75,68,16.7141304678443,16.75,0
200,1,14.75,1,0,7.53137097409698,1
200,1,14.75,1,7.53137097409698,14.75,0
201,1,14.75,1,0,14.6883712083578,1
201,1,14.75,1,14.6883712083578,14.75,0
202,1,14.75,1,0,9.95242655254135,1
202,1,14.75,1,9.95242655254135,14.75,0
203,1,15.75,1,0,6.00242269139389,1
203,1,15.75,1,6.00242269139389,15.75,0
204,1,12.75,4,0,1.17029447332666,1
204,1,12.75,4,1.17029447332666,1.82164910335903,1
204,1,12.75,4,1.82164910335903,6.47521773427076,1
204,1,12.75,4,6.47521773427076,9.17453637162069,1
204,1,12.75,4,9.17453637162069,12.75,0
205,1,13.75,0,0,13.75,0
206,1,17.75,50,0,1.98755458807797,1
206,1,17.75,50,1.98755458807797,2.15533056572889,1
206,1,17.75,50,2.15533056572889,4.83532683212425,1
206,1,17.75,50,4.83532683212425,5.83848611919057,1
206,1,17.75,50,5.83848611919057,6.46170966720851,1
206,1,17.75,50,6.46170966720851,7.07338100618425,1
206,1,17.75,50,7.07338100618425,7.23445700221189,1
206,1,17.75,50,7.23445700221189,7.27379280163846,1
206,1,17.75,50,7.27379280163846,7.79778353554736,1
206,1,17.75,50,7.79778353554736,8.24589487421249,1
206,1,17.75,50,8.24589487421249,8.31789421642893,1
206,1,17.75,50,8.31789421642893,9.81884118792712,1
206,1,17.75,50,9.81884118792712,9.97869527470541,1
206,1,17.75,50,9.97869527470541,9.98863436360419,1
206,1,17.75,50,9.98863436360419,10.3243820014704,1
206,1,17.75,50,10.3243820014704,10.3831086234893,1
206,1,17.75,50,10.3831086234893,10.413793040684,1
206,1,17.75,50,10.413793040684,10.4854034845653,1
206,1,17.75,50,10.4854034845653,10.9668434595948,1
206,1,17.75,50,10.9668434595948,11.1227755701591,1
206,1,17.75,50,11.1227755701591,11.2745877678967,1
206,1,17.75,50,11.2745877678967,11.3025216866952,1
206,1,17.75,50,11.3025216866952,11.4560330992528,1
206,1,17.75,50,11.4560330992528,12.034282614704,1
206,1,17.75,50,12.034282614704,12.6033714520743,1
206,1,17.75,50,12.6033714520743,13.2467130302481,1
206,1,17.75,50,13.2467130302481,13.2809577594039,1
206,1,17.75,50,13.2809577594039,13.6664176086451,1
206,1,17.75,50,13.6664176086451,13.8889934990279,1
206,1,17.75,50,13.8889934990279,13.9345341824469,1
206,1,17.75,50,13.9345341824469,14.0595413953668,1
206,1,17.75,50,14.0595413953668,14.0869246384362,1
206,1,17.75,50,14.0869246384362,14.1712593175245,1
206,1,17.75,50,14.1712593175245,14.4917460398095,1
206,1,17.75,50,14.4917460398095,14.9843583483722,1
206,1,17.75,50,14.9843583483722,15.0684175048061,1
206,1,17.75,50,15.0684175048061,15.3390064289703,1
206,1,17.75,50,15.3390064289703,15.567600911026,1
206,1,17.75,50,15.567600911026,15.697292661532,1
206,1,17.75,50,15.697292661532,16.005078408351,1
206,1,17.75,50,16.005078408351,16.1882528321169,1
206,1,17.75,50,16.1882528321169,16.2894335425699,1
206,1,17.75,50,16.2894335425699,16.3291253546239,1
206,1,17.75,50,16.3291253546239,16.5120667030996,1
206,1,17.75,50,16.5120667030996,16.7820290636774,1
206,1,17.75,50,16.7820290636774,17.0522951710614,1
206,1,17.75,50,17.0522951710614,17.1896465057492,1
206,1,17.75,50,17.1896465057492,17.3901365938843,1
206,1,17.75,50,17.3901365938843,17.4464419826882,1
206,1,17.75,50,17.4464419826882,17.6541962135453,1
206,1,17.75,50,17.6541962135453,17.75,0
207,1,10.75,3,0,2.95975467214967,1
207,1,10.75,3,2.95975467214967,3.78141601572374,1
207,1,10.75,3,3.78141601572374,10.075144436379,1
207,1,10.75,3,10.075144436379,10.75,0
208,1,15.75,62,0,1.60779829260093,1
208,1,15.75,62,1.60779829260093,2.21839008322003,1
208,1,15.75,62,2.21839008322003,3.71212757284912,1
208,1,15.75,62,3.71212757284912,4.23953119405712,1
208,1,15.75,62,4.23953119405712,4.34289208974529,1
208,1,15.75,62,4.34289208974529,4.74791975550108,1
208,1,15.75,62,4.74791975550108,4.95428963691546,1
208,1,15.75,62,4.95428963691546,5.39213149447565,1
208,1,15.75,62,5.39213149447565,5.68978371329893,1
208,1,15.75,62,5.68978371329893,6.39951368259328,1
208,1,15.75,62,6.39951368259328,6.55336445893171,1
208,1,15.75,62,6.55336445893171,7.26232793034507,1
208,1,15.75,62,7.26232793034507,7.5292662251796,1
208,1,15.75,62,7.5292662251796,7.85990353908815,1
208,1,15.75,62,7.85990353908815,7.87174946803846,1
208,1,15.75,62,7.87174946803846,7.99778885215627,1
208,1,15.75,62,7.99778885215627,8.14861688178467,1
208,1,15.75,62,8.14861688178467,8.29107907195543,1
208,1,15.75,62,8.29107907195543,8.55214853308555,1
208,1,15.75,62,8.55214853308555,8.69668177984263,1
208,1,15.75,62,8.69668177984263,8.71074237016029,1
208,1,15.75,62,8.71074237016029,9.24355650421077,1
208,1,15.75,62,9.24355650421077,9.48807020522681,1
208,1,15.75,62,9.48807020522681,9.71315496002582,1
208,1,15.75,62,9.71315496002582,9.71570389468774,1
208,1,15.75,62,9.71570389468774,10.2159647041044,1
208,1,15.75,62,10.2159647041044,10.3212473754743,1
208,1,15.75,62,10.3212473754743,10.4775466597313,1
208,1,15.75,62,10.4775466597313,11.3195691085499,1
208,1,15.75,62,11.3195691085499,11.5831820966332,1
208,1,15.75,62,11.5831820966332,11.6162101631352,1
208,1,15.75,62,11.6162101631352,11.639555649982,1
208,1,15.75,62,11.639555649982,11.6753659760666,1
208,1,15.75,62,11.6753659760666,11.7350518832941,1
208,1,15.75,62,11.7350518832941,11.8444025259723,1
208,1,15.75,62,11.8444025259723,11.9000228852085,1
208,1,15.75,62,11.9000228852085,12.0186572183629,1
208,1,15.75,62,12.0186572183629,12.3465241903006,1
208,1,15.75,62,12.3465241903006,12.4078007817287,1
208,1,15.75,62,12.4078007817287,12.4761868813496,1
208,1,15.75,62,12.4761868813496,12.6942286935513,1
208,1,15.75,62,12.6942286935513,12.8735765477304,1
208,1,15.75,62,12.8735765477304,12.9236831041267,1
208,1,15.75,62,12.9236831041267,13.0011847892679,1
208,1,15.75,62,13.0011847892679,13.0833338015566,1
208,1,15.75,62,13.0833338015566,13.4716582549587,1
208,1,15.75,62,13.4716582549587,14.0265935711588,1
208,1,15.75,62,14.0265935711588,14.0434030560926,1
208,1,15.75,62,14.0434030560926,14.0463248820918,1
208,1,15.75,62,14.0463248820918,14.0638949976902,1
208,1,15.75,62,14.0638949976902,14.114010014894,1
208,1,15.75,62,14.114010014894,14.1453431499741,1
208,1,15.75,62,14.1453431499741,14.2259080681532,1
208,1,15.75,62,14.2259080681532,14.3124743170042,1
208,1,15.75,62,14.3124743170042,14.3772664721564,1
208,1,15.75,62,14.3772664721564,14.6582003422476,1
208,1,15.75,62,14.6582003422476,14.9192053677727,1
208,1,15.75,62,14.9192053677727,15.0820056166459,1
208,1,15.75,62,15.0820056166459,15.1210729046526,1
208,1,15.75,62,15.1210729046526,15.1995667204588,1
208,1,15.75,62,15.1995667204588,15.5705482662272,1
208,1,15.75,62,15.5705482662272,15.6669563084194,1
208,1,15.75,62,15.6669563084194,15.75,0
209,1,17.75,2,0,1.81740800844667,1
209,1,17.75,2,1.81740800844667,14.8324835127801,1
209,1,17.75,2,14.8324835127801,17.75,0
210,1,8.75,1,0,0.391807544838519,1
210,1,8.75,1,0.391807544838519,8.75,0
211,1,20.75,2,0,7.20889414042238,1
211,1,20.75,2,7.20889414042238,13.4786475680669,1
211,1,20.75,2,13.4786475680669,20.75,0
212,1,11.75,2,0,0.656447906443,1
212,1,11.75,2,0.656447906443,1.42587921077598,1
212,1,11.75,2,1.42587921077598,11.75,0
213,1,8.75,1,0,0.00454987110634467,1
213,1,8.75,1,0.00454987110634467,8.75,0
214,1,9.75,2,0,1.4184114959765,1
214,1,9.75,2,1.4184114959765,1.55805322366495,1
214,1,9.75,2,1.55805322366495,9.75,0
215,1,14.75,0,0,14.75,0
216,1,14.75,0,0,14.75,0
217,1,13.75,3,0,0.139133478259245,1
217,1,13.75,3,0.139133478259245,5.84297918382738,1
217,1,13.75,3,5.84297918382738,10.0703783251983,1
217,1,13.75,3,10.0703783251983,13.75,0
218,1,14.75,2,0,2.27462609710286,1
218,1,14.75,2,2.27462609710286,9.59009348300261,1
218,1,14.75,2,9.59009348300261,14.75,0
219,1,18.75,110,0,3.13604849219152,1
219,1,18.75,110,3.13604849219152,4.54705658084826,1
219,1,18.75,110,4.54705658084826,4.58271335045904,1
219,1,18.75,110,4.58271335045904,4.90895012351822,1
219,1,18.75,110,4.90895012351822,5.59409413727284,1
219,1,18.75,110,5.59409413727284,6.56062861755686,1
219,1,18.75,110,6.56062861755686,6.91838072955839,1
219,1,18.75,110,6.91838072955839,7.2137953007969,1
219,1,18.75,110,7.2137953007969,7.46272136667146,1
219,1,18.75,110,7.46272136667146,8.37013266570845,1
219,1,18.75,110,8.37013266570845,8.69859589771436,1
219,1,18.75,110,8.69859589771436,8.76214750940057,1
219,1,18.75,110,8.76214750940057,9.16211389005962,1
219,1,18.75,110,9.16211389005962,9.33361897426557,1
219,1,18.75,110,9.33361897426557,9.60665393545234,1
219,1,18.75,110,9.60665393545234,9.74740278360263,1
219,1,18.75,110,9.74740278360263,9.84455670254315,1
219,1,18.75,110,9.84455670254315,10.0853076316418,1
219,1,18.75,110,10.0853076316418,10.3608375615901,1
219,1,18.75,110,10.3608375615901,10.8895335587731,1
219,1,18.75,110,10.8895335587731,10.9684400181253,1
219,1,18.75,110,10.9684400181253,11.0800830263365,1
219,1,18.75,110,11.0800830263365,11.1396058658756,1
219,1,18.75,110,11.1396058658756,11.2158479510899,1
219,1,18.75,110,11.2158479510899,11.2172393301572,1
219,1,18.75,110,11.2172393301572,11.2947038389811,1
219,1,18.75,110,11.2947038389811,11.4630620766705,1
219,1,18.75,110,11.4630620766705,11.4873538521371,1
219,1,18.75,110,11.4873538521371,11.5913601619083,1
219,1,18.75,110,11.5913601619083,11.6842070575926,1
219,1,18.75,110,11.6842070575926,11.8141877015968,1
219,1,18.75,110,11.8141877015968,11.8983675798,1
219,1,18.75,110,11.8983675798,11.9548241126627,1
219,1,18.75,110,11.9548241126627,11.9678617464403,1
219,1,18.75,110,11.9678617464403,11.9679382974733,1
219,1,18.75,110,11.9679382974733,11.9681069400095,1
219,1,18.75,110,11.9681069400095,12.0976070253236,1
219,1,18.75,110,12.0976070253236,12.1467473172014,1
219,1,18.75,110,12.1467473172014,12.3686951501454,1
219,1,18.75,110,12.3686951501454,12.4580758498677,1
219,1,18.75,110,12.4580758498677,12.512057166432,1
219,1,18.75,110,12.512057166432,12.6817507264292,1
219,1,18.75,110,12.6817507264292,12.6963594706004,1
219,1,18.75,110,12.6963594706004,12.7381981632001,1
219,1,18.75,110,12.7381981632001,13.0255945972853,1
219,1,18.75,110,13.0255945972853,13.0592695933015,1
219,1,18.75,110,13.0592695933015,13.1107306239911,1
219,1,18.75,110,13.1107306239911,13.169003764174,1
219,1,18.75,110,13.169003764174,13.7068466108654,1
219,1,18.75,110,13.7068466108654,13.7248244327363,1
219,1,18.75,110,13.7248244327363,13.8412792454631,1
219,1,18.75,110,13.8412792454631,13.8491999351458,1
219,1,18.75,110,13.8491999351458,13.97185735042,1
219,1,18.75,110,13.97185735042,13.9773198510599,1
219,1,18.75,110,13.9773198510599,14.0768597372459,1
219,1,18.75,110,14.0768597372459,14.0923838326712,1
219,1,18.75,110,14.0923838326712,14.1923594957508,1
219,1,18.75,110,14.1923594957508,14.2045077633791,1
219,1,18.75,110,14.2045077633791,14.3550238891701,1
219,1,18.75,110,14.3550238891701,14.4174732982957,1
219,1,18.75,110,14.4174732982957,14.5462068613033,1
219,1,18.75,110,14.5462068613033,14.5544401019222,1
219,1,18.75,110,14.5544401019222,14.6251578782698,1
219,1,18.75,110,14.6251578782698,14.6736005895759,1
219,1,18.75,110,14.6736005895759,14.6754221247856,1
219,1,18.75,110,14.6754221247856,14.7843350261207,1
219,1,18.75,110,14.7843350261207,14.9277437227405,1
219,1,18.75,110,14.9277437227405,14.9516227687482,1
219,1,18.75,110,14.9516227687482,14.9933092480767,1
219,1,18.75,110,14.9933092480767,15.3992770961807,1
219,1,18.75,110,15.3992770961807,15.4276334447869,1
219,1,18.75,110,15.4276334447869,15.9456833133271,1
219,1,18.75,110,15.9456833133271,16.0824138196423,1
219,1,18.75,110,16.0824138196423,16.1061387900261,1
219,1,18.75,110,16.1061387900261,16.120058576298,1
219,1,18.75,110,16.120058576298,16.2680850386908,1
219,1,18.75,110,16.2680850386908,16.356828896747,1
219,1,18.75,110,16.356828896747,16.3968829730761,1
219,1,18.75,110,16.3968829730761,16.4216026682476,1
219,1,18.75,110,16.4216026682476,16.5270945146308,1
219,1,18.75,110,16.5270945146308,16.5747303646674,1
219,1,18.75,110,16.5747303646674,16.7350279693567,1
219,1,18.75,110,16.7350279693567,16.8308418992571,1
219,1,18.75,110,16.8308418992571,16.8591867281251,1
219,1,18.75,110,16.8591867281251,16.8859958036982,1
219,1,18.75,110,16.8859958036982,16.9930865428094,1
219,1,18.75,110,16.9930865428094,17.0221757456914,1
219,1,18.75,110,17.0221757456914,17.1097274953989,1
219,1,18.75,110,17.1097274953989,17.2395782907755,1
219,1,18.75,110,17.2395782907755,17.26747875178,1
219,1,18.75,110,17.26747875178,17.3223273954984,1
219,1,18.75,110,17.3223273954984,17.4334203712437,1
219,1,18.75,110,17.4334203712437,17.5799446920912,1
219,1,18.75,110,17.5799446920912,17.6938851855619,1
219,1,18.75,110,17.6938851855619,17.7336788683533,1
219,1,18.75,110,17.7336788683533,17.7848800910558,1
219,1,18.75,110,17.7848800910558,17.8064438479805,1
219,1,18.75,110,17.8064438479805,17.9762858839023,1
219,1,18.75,110,17.9762858839023,18.0650538144042,1
219,1,18.75,110,18.0650538144042,18.1964557226239,1
219,1,18.75,110,18.1964557226239,18.2191487828515,1
219,1,18.75,110,18.2191487828515,18.4490924300688,1
219,1,18.75,110,18.4490924300688,18.4550131033133,1
219,1,18.75,110,18.4550131033133,18.4988608747881,1
219,1,18.75,110,18.4988608747881,18.5815266778356,1
219,1,18.75,110,18.5815266778356,18.5997317801202,1
219,1,18.75,110,18.5997317801202,18.6356637705873,1
219,1,18.75,110,18.6356637705873,18.6527258296011,1
219,1,18.75,110,18.6527258296011,18.6792761376489,1
219,1,18.75,110,18.6792761376489,18.7394472019576,1
219,1,18.75,110,18.7394472019576,18.75,0
220,1,8.75,1,0,0.00974144103953041,1
220,1,8.75,1,0.00974144103953041,8.75,0
221,1,11.75,0,0,11.75,0
222,1,8.75,4,0,0.0498909111376209,1
222,1,8.75,4,0.0498909111376209,0.369890174475202,1
222,1,8.75,4,0.369890174475202,1.11745082685471,1
222,1,8.75,4,1.11745082685471,2.4620626898689,1
222,1,8.75,4,2.4620626898689,8.75,0
223,1,14.75,0,0,14.75,0
224,1,15.75,4,0,0.452137042243257,1
224,1,15.75,4,0.452137042243257,1.18033630960649,1
224,1,15.75,4,1.18033630960649,1.69292260434567,1
224,1,15.75,4,1.69292260434567,5.49062347610999,1
224,1,15.75,4,5.49062347610999,15.75,0
225,1,13.75,1,0,0.632576662193495,1
225,1,13.75,1,0.632576662193495,13.75,0
226,1,14.75,0,0,14.75,0
227,1,16.75,4,0,0.808011586970408,1
227,1,16.75,4,0.808011586970408,1.5535276944103,1
227,1,16.75,4,1.5535276944103,3.23654029758246,1
227,1,16.75,4,3.23654029758246,13.7760437522177,1
227,1,16.75,4,13.7760437522177,16.75,0
228,1,20.75,5,0,0.0124334313500807,1
228,1,20.75,5,0.0124334313500807,0.225404817728783,1
228,1,20.75,5,0.225404817728783,0.349427941241581,1
228,1,20.75,5,0.349427941241581,9.37926055327899,1
228,1,20.75,5,9.37926055327899,9.99928999862948,1
228,1,20.75,5,9.99928999862948,20.75,0
229,1,18.75,0,0,18.75,0
230,1,13.75,37,0,4.14223820107033,1
230,1,13.75,37,4.14223820107033,5.42955633548014,1
230,1,13.75,37,5.42955633548014,6.28411255399663,1
230,1,13.75,37,6.28411255399663,7.00543681479051,1
230,1,13.75,37,7.00543681479051,8.70415353878126,1
230,1,13.75,37,8.70415353878126,8.8079614153116,1
230,1,13.75,37,8.8079614153116,9.08350464356866,1
230,1,13.75,37,9.08350464356866,9.15413336799839,1
230,1,13.75,37,9.15413336799839,9.37939173456745,1
230,1,13.75,37,9.37939173456745,9.65593322465527,1
230,1,13.75,37,9.65593322465527,9.75081264257538,1
230,1,13.75,37,9.75081264257538,9.88072251098044,1
230,1,13.75,37,9.88072251098044,10.1068893739646,1
230,1,13.75,37,10.1068893739646,10.3883022947163,1
230,1,13.75,37,10.3883022947163,10.4832210757806,1
230,1,13.75,37,10.4832210757806,10.890826400937,1
230,1,13.75,37,10.890826400937,11.0376096561641,1
230,1,13.75,37,11.0376096561641,11.1304823186725,1
230,1,13.75,37,11.1304823186725,11.1952198617472,1
230,1,13.75,37,11.1952198617472,11.3271895079652,1
230,1,13.75,37,11.3271895079652,11.3620359280434,1
230,1,13.75,37,11.3620359280434,11.4271600377665,1
230,1,13.75,37,11.4271600377665,11.546498640158,1
230,1,13.75,37,11.546498640158,11.7788800084871,1
230,1,13.75,37,11.7788800084871,11.8855298451339,1
230,1,13.75,37,11.8855298451339,11.9109673160481,1
230,1,13.75,37,11.9109673160481,11.9311250784877,1
230,1,13.75,37,11.9311250784877,12.2871942630522,1
230,1,13.75,37,12.2871942630522,12.4554380756616,1
230,1,13.75,37,12.4554380756616,12.6431828840727,1
230,1,13.75,37,12.6431828840727,12.8537371518192,1
230,1,13.75,37,12.8537371518192,12.9173546126998,1
230,1,13.75,37,12.9173546126998,12.9895400738357,1
230,1,13.75,37,12.9895400738357,13.0881582889841,1
230,1,13.75,37,13.0881582889841,13.0973172569076,1
230,1,13.75,37,13.0973172569076,13.2784992462402,1
230,1,13.75,37,13.2784992462402,13.6866260074256,1
230,1,13.75,37,13.6866260074256,13.75,0
231,1,14.75,0,0,14.75,0
232,1,10.75,3,0,0.119308512936878,1
232,1,10.75,3,0.119308512936878,0.196989609975687,1
232,1,10.75,3,0.196989609975687,0.578697240343701,1
232,1,10.75,3,0.578697240343701,10.75,0
233,1,11.75,16,0,2.42387969125425,1
233,1,11.75,16,2.42387969125425,4.6831486062444,1
233,1,11.75,16,4.6831486062444,4.99248379613239,1
233,1,11.75,16,4.99248379613239,5.01640499952262,1
233,1,11.75,16,5.01640499952262,5.42464469809085,1
233,1,11.75,16,5.42464469809085,5.68317356423692,1
233,1,11.75,16,5.68317356423692,6.10752172384836,1
233,1,11.75,16,6.10752172384836,8.71043406009769,1
233,1,11.75,16,8.71043406009769,8.89697378098949,1
233,1,11.75,16,8.89697378098949,9.2659242648887,1
233,1,11.75,16,9.2659242648887,9.5510259844613,1
233,1,11.75,16,9.5510259844613,9.95528593085512,1
233,1,11.75,16,9.95528593085512,10.3901400275572,1
233,1,11.75,16,10.3901400275572,10.5728637293543,1
233,1,11.75,16,10.5728637293543,10.938752270946,1
233,1,11.75,16,10.938752270946,11.1741772697146,1
233,1,11.75,16,11.1741772697146,11.75,0
234,1,13.75,3,0,1.42727429099275,1
234,1,13.75,3,1.42727429099275,3.66504581150119,1
234,1,13.75,3,3.66504581150119,5.37406102491979,1
234,1,13.75,3,5.37406102491979,13.75,0
235,1,17.75,1,0,2.7051174882277,1
235,1,17.75,1,2.7051174882277,17.75,0
236,1,18.75,90,0,2.31229461063676,1
236,1,18.75,90,2.31229461063676,6.03371576201294,1
236,1,18.75,90,6.03371576201294,6.32783838018317,1
236,1,18.75,90,6.32783838018317,6.58513710313923,1
236,1,18.75,90,6.58513710313923,6.80409222725001,1
236,1,18.75,90,6.80409222725001,7.67917280253046,1
236,1,18.75,90,7.67917280253046,7.74096522540213,1
236,1,18.75,90,7.74096522540213,8.35112804772049,1
236,1,18.75,90,8.35112804772049,8.51471390085179,1
236,1,18.75,90,8.51471390085179,8.63678893405263,1
236,1,18.75,90,8.63678893405263,8.63811026688506,1
236,1,18.75,90,8.63811026688506,9.31649566902278,1
236,1,18.75,90,9.31649566902278,9.58677546663794,1
236,1,18.75,90,9.58677546663794,9.72189384893476,1
236,1,18.75,90,9.72189384893476,9.73357653986104,1
236,1,18.75,90,9.73357653986104,10.0610648134593,1
236,1,18.75,90,10.0610648134593,10.1648079621452,1
236,1,18.75,90,10.1648079621452,10.2174382579618,1
236,1,18.75,90,10.2174382579618,10.3759560139693,1
236,1,18.75,90,10.3759560139693,10.6758944540971,1
236,1,18.75,90,10.6758944540971,10.8253161339374,1
236,1,18.75,90,10.8253161339374,10.9894965192042,1
236,1,18.75,90,10.9894965192042,11.1122713760591,1
236,1,18.75,90,11.1122713760591,11.2332264157308,1
236,1,18.75,90,11.2332264157308,11.2535179832041,1
236,1,18.75,90,11.2535179832041,11.4983676343448,1
236,1,18.75,90,11.4983676343448,11.5739567891753,1
236,1,18.75,90,11.5739567891753,11.6074062907761,1
236,1,18.75,90,11.6074062907761,11.6128454115147,1
236,1,18.75,90,11.6128454115147,11.645115982786,1
236,1,18.75,90,11.645115982786,11.7541631055619,1
236,1,18.75,90,11.7541631055619,11.9525015912908,1
236,1,18.75,90,11.9525015912908,12.4851998662503,1
236,1,18.75,90,12.4851998662503,12.641596345109,1
236,1,18.75,90,12.641596345109,13.0469622157417,1
236,1,18.75,90,13.0469622157417,13.1920514480946,1
236,1,18.75,90,13.1920514480946,13.250334617128,1
236,1,18.75,90,13.250334617128,13.6468768796132,1
236,1,18.75,90,13.6468768796132,13.7017085833892,1
236,1,18.75,90,13.7017085833892,13.7621307805017,1
236,1,18.75,90,13.7621307805017,13.8297010907388,1
236,1,18.75,90,13.8297010907388,13.8580071670381,1
236,1,18.75,90,13.8580071670381,13.9963896961719,1
236,1,18.75,90,13.9963896961719,14.0944921562691,1
236,1,18.75,90,14.0944921562691,14.1982110536113,1
236,1,18.75,90,14.1982110536113,14.303805958346,1
236,1,18.75,90,14.303805958346,14.3325203025856,1
236,1,18.75,90,14.3325203025856,14.5275001827306,1
236,1,18.75,90,14.5275001827306,14.5624935460591,1
236,1,18.75,90,14.5624935460591,14.6013574490558,1
236,1,18.75,90,14.6013574490558,14.6108544450144,1
236,1,18.75,90,14.6108544450144,14.7267702923482,1
236,1,18.75,90,14.7267702923482,15.1482958881821,1
236,1,18.75,90,15.1482958881821,15.1853067286683,1
236,1,18.75,90,15.1853067286683,15.2179919256434,1
236,1,18.75,90,15.2179919256434,15.3303272741229,1
236,1,18.75,90,15.3303272741229,15.3921102547177,1
236,1,18.75,90,15.3921102547177,15.4122027980842,1
236,1,18.75,90,15.4122027980842,15.4666874114548,1
236,1,18.75,90,15.4666874114548,15.5536311396651,1
236,1,18.75,90,15.5536311396651,15.7265361119143,1
236,1,18.75,90,15.7265361119143,15.7497374268233,1
236,1,18.75,90,15.7497374268233,15.7564105580123,1
236,1,18.75,90,15.7564105580123,15.7591994689052,1
236,1,18.75,90,15.7591994689052,15.8823181007968,1
236,1,18.75,90,15.8823181007968,15.9479280605771,1
236,1,18.75,90,15.9479280605771,15.9740117094875,1
236,1,18.75,90,15.9740117094875,15.9835075419464,1
236,1,18.75,90,15.9835075419464,16.0721873677733,1
236,1,18.75,90,16.0721873677733,16.1075225795438,1
236,1,18.75,90,16.1075225795438,16.3825198313659,1
236,1,18.75,90,16.3825198313659,16.4049177383364,1
236,1,18.75,90,16.4049177383364,16.4078865931642,1
236,1,18.75,90,16.4078865931642,16.5280601422842,1
236,1,18.75,90,16.5280601422842,16.535889289605,1
236,1,18.75,90,16.535889289605,16.6332728106929,1
236,1,18.75,90,16.6332728106929,17.0286747287646,1
236,1,18.75,90,17.0286747287646,17.1981430019949,1
236,1,18.75,90,17.1981430019949,17.2896726955054,1
236,1,18.75,90,17.2896726955054,17.6410838557515,1
236,1,18.75,90,17.6410838557515,17.6842421319906,1
236,1,18.75,90,17.6842421319906,17.891662549179,1
236,1,18.75,90,17.891662549179,17.9712766111396,1
236,1,18.75,90,17.9712766111396,18.3093781711522,1
236,1,18.75,90,18.3093781711522,18.3334959872297,1
236,1,18.75,90,18.3334959872297,18.3370492017425,1
236,1,18.75,90,18.3370492017425,18.3383620628474,1
236,1,18.75,90,18.3383620628474,18.5269364641393,1
236,1,18.75,90,18.5269364641393,18.6211481952449,1
236,1,18.75,90,18.6211481952449,18.7480657925561,1
236,1,18.75,90,18.7480657925561,18.75,0
237,1,18.75,2,0,1.5969323590756,1
237,1,18.75,2,1.5969323590756,7.8598627649039,1
237,1,18.75,2,7.8598627649039,18.75,0
238,1,10.75,15,0,2.01880623587225,1
238,1,10.75,15,2.01880623587225,2.58510795533812,1
238,1,10.75,15,2.58510795533812,3.943200432315,1
238,1,10.75,15,3.943200432315,4.00522639203931,1
238,1,10.75,15,4.00522639203931,5.46845289604748,1
238,1,10.75,15,5.46845289604748,5.51858531837222,1
238,1,10.75,15,5.51858531837222,6.28802441846741,1
238,1,10.75,15,6.28802441846741,6.9238359010418,1
238,1,10.75,15,6.9238359010418,7.44149190999232,1
238,1,10.75,15,7.44149190999232,8.56635013668933,1
238,1,10.75,15,8.56635013668933,8.92264166825103,1
238,1,10.75,15,8.92264166825103,9.19989313264184,1
238,1,10.75,15,9.19989313264184,9.76724364637461,1
238,1,10.75,15,9.76724364637461,10.4216543281905,1
238,1,10.75,15,10.4216543281905,10.531570754524,1
238,1,10.75,15,10.531570754524,10.75,0
239,1,16.75,47,0,2.82898757353763,1
239,1,16.75,47,2.82898757353763,3.20295449938253,1
239,1,16.75,47,3.20295449938253,5.83045794873673,1
239,1,16.75,47,5.83045794873673,5.94735111515431,1
239,1,16.75,47,5.94735111515431,5.94825091073224,1
239,1,16.75,47,5.94825091073224,6.41328947186172,1
239,1,16.75,47,6.41328947186172,6.64137488454065,1
239,1,16.75,47,6.64137488454065,6.88439607782575,1
239,1,16.75,47,6.88439607782575,7.10009982129266,1
239,1,16.75,47,7.10009982129266,8.45141638217203,1
239,1,16.75,47,8.45141638217203,8.69555869753013,1
239,1,16.75,47,8.69555869753013,8.81174933970868,1
239,1,16.75,47,8.81174933970868,8.92451689017367,1
239,1,16.75,47,8.92451689017367,9.06809041864019,1
239,1,16.75,47,9.06809041864019,9.15462022997986,1
239,1,16.75,47,9.15462022997986,9.31645838217662,1
239,1,16.75,47,9.31645838217662,9.59241122881138,1
239,1,16.75,47,9.59241122881138,10.7864440629446,1
239,1,16.75,47,10.7864440629446,11.0117388189941,1
239,1,16.75,47,11.0117388189941,11.0835845920365,1
239,1,16.75,47,11.0835845920365,11.1872333463651,1
239,1,16.75,47,11.1872333463651,11.7730719831237,1
239,1,16.75,47,11.7730719831237,11.9266762102215,1
239,1,16.75,47,11.9266762102215,12.1922354528341,1
239,1,16.75,47,12.1922354528341,12.6840379703436,1
239,1,16.75,47,12.6840379703436,12.7749884596604,1
239,1,16.75,47,12.7749884596604,12.9652748081723,1
239,1,16.75,47,12.9652748081723,13.1544075403803,1
239,1,16.75,47,13.1544075403803,13.2437089454862,1
239,1,16.75,47,13.2437089454862,13.512280689663,1
239,1,16.75,47,13.512280689663,13.5725046026784,1
239,1,16.75,47,13.5725046026784,13.599996566574,1
239,1,16.75,47,13.599996566574,13.9489503826355,1
239,1,16.75,47,13.9489503826355,14.016764039241,1
239,1,16.75,47,14.016764039241,14.4545780195599,1
239,1,16.75,47,14.4545780195599,14.6244042806788,1
239,1,16.75,47,14.6244042806788,14.8040482735074,1
239,1,16.75,47,14.8040482735074,15.0306165248279,1
239,1,16.75,47,15.0306165248279,15.5747220203123,1
239,1,16.75,47,15.5747220203123,15.5841539190159,1
239,1,16.75,47,15.5841539190159,15.6758897421193,1
239,1,16.75,47,15.6758897421193,15.7659676332053,1
239,1,16.75,47,15.7659676332053,15.7738043123788,1
239,1,16.75,47,15.7738043123788,15.9707604782739,1
239,1,16.75,47,15.9707604782739,16.1442182973157,1
239,1,16.75,47,16.1442182973157,16.4504687786987,1
239,1,16.75,47,16.4504687786987,16.7003085698268,1
239,1,16.75,47,16.7003085698268,16.75,0
240,1,9.75,1,0,2.27745881005757,1
240,1,9.75,1,2.27745881005757,9.75,0
241,1,10.75,2,0,1.44157242813709,1
241,1,10.75,2,1.44157242813709,9.24786641521727,1
241,1,10.75,2,9.24786641521727,10.75,0
242,1,13.75,10,0,1.1882563617447,1
242,1,13.75,10,1.1882563617447,5.85677252017015,1
242,1,13.75,10,5.85677252017015,8.8038641820826,1
242,1,13.75,10,8.8038641820826,10.8030966251946,1
242,1,13.75,10,10.8030966251946,11.8977958843375,1
242,1,13.75,10,11.8977958843375,11.9158578150655,1
242,1,13.75,10,11.9158578150655,12.0698032200793,1
242,1,13.75,10,12.0698032200793,13.2959215764859,1
242,1,13.75,10,13.2959215764859,13.4959495238597,1
242,1,13.75,10,13.4959495238597,13.7471517049651,1
242,1,13.75,10,13.7471517049651,13.75,0
243,1,15.75,4,0,0.0421382534716665,1
243,1,15.75,4,0.0421382534716665,8.29225659551499,1
243,1,15.75,4,8.29225659551499,8.42915490876538,1
243,1,15.75,4,8.42915490876538,13.1213406327354,1
243,1,15.75,4,13.1213406327354,15.75,0
244,1,14.75,1,0,12.5253154010637,1
244,1,14.75,1,12.5253154010637,14.75,0
245,1,11.75,25,0,3.5788110064249,1
245,1,11.75,25,3.5788110064249,3.99413336088307,1
245,1,11.75,25,3.99413336088307,5.32375704778558,1
245,1,11.75,25,5.32375704778558,6.19610221358658,1
245,1,11.75,25,6.19610221358658,6.26200987127593,1
245,1,11.75,25,6.26200987127593,6.64610744828013,1
245,1,11.75,25,6.64610744828013,7.12806027931966,1
245,1,11.75,25,7.12806027931966,7.85448009935874,1
245,1,11.75,25,7.85448009935874,8.10649551430408,1
245,1,11.75,25,8.10649551430408,8.18516111094131,1
245,1,11.75,25,8.18516111094131,8.35623701505887,1
245,1,11.75,25,8.35623701505887,8.37004503972107,1
245,1,11.75,25,8.37004503972107,8.51080880944175,1
245,1,11.75,25,8.51080880944175,8.5283285047608,1
245,1,11.75,25,8.5283285047608,8.56307812423425,1
245,1,11.75,25,8.56307812423425,8.58185132711397,1
245,1,11.75,25,8.58185132711397,8.58849571651266,1
245,1,11.75,25,8.58849571651266,8.63889758789349,1
245,1,11.75,25,8.63889758789349,9.49920807485875,1
245,1,11.75,25,9.49920807485875,10.0475240752209,1
245,1,11.75,25,10.0475240752209,10.4910141394257,1
245,1,11.75,25,10.4910141394257,10.7519181462333,1
245,1,11.75,25,10.7519181462333,11.1727967653023,1
245,1,11.75,25,11.1727967653023,11.6290677504735,1
245,1,11.75,25,11.6290677504735,11.7400616299605,1
245,1,11.75,25,11.7400616299605,11.75,0
246,1,11.75,2,0,1.28057018161986,1
246,1,11.75,2,1.28057018161986,9.01135258814026,1
246,1,11.75,2,9.01135258814026,11.75,0
247,1,11.75,29,0,0.763109477341753,1
247,1,11.75,29,0.763109477341753,5.32748282638514,1
247,1,11.75,29,5.32748282638514,5.44044833084568,1
247,1,11.75,29,5.44044833084568,5.65244292354765,1
247,1,11.75,29,5.65244292354765,6.1097175293469,1
247,1,11.75,29,6.1097175293469,6.33358363782365,1
247,1,11.75,29,6.33358363782365,6.65650370595783,1
247,1,11.75,29,6.65650370595783,6.667152806395,1
247,1,11.75,29,6.667152806395,7.52725005543071,1
247,1,11.75,29,7.52725005543071,7.598166685789,1
247,1,11.75,29,7.598166685789,7.82597383511403,1
247,1,11.75,29,7.82597383511403,8.3948435049987,1
247,1,11.75,29,8.3948435049987,8.50171884460944,1
247,1,11.75,29,8.50171884460944,8.59703430008306,1
247,1,11.75,29,8.59703430008306,8.80446005926201,1
247,1,11.75,29,8.80446005926201,9.10692275498019,1
247,1,11.75,29,9.10692275498019,9.59397608194321,1
247,1,11.75,29,9.59397608194321,9.60238216787092,1
247,1,11.75,29,9.60238216787092,9.67527263856486,1
247,1,11.75,29,9.67527263856486,10.0864127907898,1
247,1,11.75,29,10.0864127907898,10.2303702901307,1
247,1,11.75,29,10.2303702901307,10.5739301356781,1
247,1,11.75,29,10.5739301356781,10.6441169866786,1
247,1,11.75,29,10.6441169866786,10.7392476053813,1
247,1,11.75,29,10.7392476053813,10.8464555412621,1
247,1,11.75,29,10.8464555412621,11.1140375401517,1
247,1,11.75,29,11.1140375401517,11.2254754790298,1
247,1,11.75,29,11.2254754790298,11.2880433383325,1
247,1,11.75,29,11.2880433383325,11.7169208092411,1
247,1,11.75,29,11.7169208092411,11.75,0
248,1,10.75,0,0,10.75,0
249,1,17.75,45,0,0.600534132374005,1
249,1,17.75,45,0.600534132374005,1.62196541595885,1
249,1,17.75,45,1.62196541595885,3.94515620775657,1
249,1,17.75,45,3.94515620775657,5.00222840062127,1
249,1,17.75,45,5.00222840062127,5.81271597993533,1
249,1,17.75,45,5.81271597993533,6.3882921461228,1
249,1,17.75,45,6.3882921461228,6.64759819174973,1
249,1,17.75,45,6.64759819174973,7.60199234288423,1
249,1,17.75,45,7.60199234288423,7.958879880649,1
249,1,17.75,45,7.958879880649,10.5107982602455,1
249,1,17.75,45,10.5107982602455,10.7141628859162,1
249,1,17.75,45,10.7141628859162,10.9141459004568,1
249,1,17.75,45,10.9141459004568,11.4445720871144,1
249,1,17.75,45,11.4445720871144,11.7494883666345,1
249,1,17.75,45,11.7494883666345,11.7544562650482,1
249,1,17.75,45,11.7544562650482,11.8545579389096,1
249,1,17.75,45,11.8545579389096,12.0687127650076,1
249,1,17.75,45,12.0687127650076,12.5725930796069,1
249,1,17.75,45,12.5725930796069,12.7907446445954,1
249,1,17.75,45,12.7907446445954,13.5699767586702,1
249,1,17.75,45,13.5699767586702,13.6736347073091,1
249,1,17.75,45,13.6736347073091,13.9359089572761,1
249,1,17.75,45,13.9359089572761,13.9673142130962,1
249,1,17.75,45,13.9673142130962,14.0938589312372,1
249,1,17.75,45,14.0938589312372,14.1175291362811,1
249,1,17.75,45,14.1175291362811,14.137371718952,1
249,1,17.75,45,14.137371718952,14.4197377657505,1
249,1,17.75,45,14.4197377657505,14.429145646198,1
249,1,17.75,45,14.429145646198,14.7617428705876,1
249,1,17.75,45,14.7617428705876,14.7714401956283,1
249,1,17.75,45,14.7714401956283,15.1852736870868,1
249,1,17.75,45,15.1852736870868,15.2566540227618,1
249,1,17.75,45,15.2566540227618,15.2688356963311,1
249,1,17.75,45,15.2688356963311,15.3615129558301,1
249,1,17.75,45,15.3615129558301,15.3902001793282,1
249,1,17.75,45,15.3902001793282,15.5437959986002,1
249,1,17.75,45,15.5437959986002,15.7636014482548,1
249,1,17.75,45,15.7636014482548,15.8705204861949,1
249,1,17.75,45,15.8705204861949,16.1438120698907,1
249,1,17.75,45,16.1438120698907,16.1465799093926,1
249,1,17.75,45,16.1465799093926,16.4534456026686,1
249,1,17.75,45,16.4534456026686,16.9884794840844,1
249,1,17.75,45,16.9884794840844,17.0105545176658,1
249,1,17.75,45,17.0105545176658,17.1788624464704,1
249,1,17.75,45,17.1788624464704,17.7147211080448,1
249,1,17.75,45,17.7147211080448,17.75,0
250,1,14.75,2,0,4.6141068375088,1
250,1,14.75,2,4.6141068375088,7.01763850869041,1
250,1,14.75,2,7.01763850869041,14.75,0
251,1,17.75,2,0,3.77769078704764,1
251,1,17.75,2,3.77769078704764,14.5257704377063,1
251,1,17.75,2,14.5257704377063,17.75,0
252,1,16.75,2,0,9.21627296439198,1
252,1,16.75,2,9.21627296439198,9.88319915508623,1
252,1,16.75,2,9.88319915508623,16.75,0
253,1,16.75,0,0,16.75,0
254,1,12.75,2,0,0.165900787924322,1
254,1,12.75,2,0.165900787924322,9.37546085893058,1
254,1,12.75,2,9.37546085893058,12.75,0
255,1,8.75,3,0,0.11711493981965,1
255,1,8.75,3,0.11711493981965,1.24129245743886,1
255,1,8.75,3,1.24129245743886,8.73050877109198,1
255,1,8.75,3,8.73050877109198,8.75,0
256,1,13.75,4,0,2.35635210388391,1
256,1,13.75,4,2.35635210388391,5.78707629799407,1
256,1,13.75,4,5.78707629799407,9.74073844501227,1
256,1,13.75,4,9.74073844501227,12.8007012405732,1
256,1,13.75,4,12.8007012405732,13.75,0
257,1,13.75,26,0,2.24012675562336,1
257,1,13.75,26,2.24012675562336,4.42415143759578,1
257,1,13.75,26,4.42415143759578,4.66246515012001,1
257,1,13.75,26,4.66246515012001,5.01865862472292,1
257,1,13.75,26,5.01865862472292,5.55124456795757,1
257,1,13.75,26,5.55124456795757,5.84770848308234,1
257,1,13.75,26,5.84770848308234,5.97029714791159,1
257,1,13.75,26,5.97029714791159,6.06040917954145,1
257,1,13.75,26,6.06040917954145,6.22450068115728,1
257,1,13.75,26,6.22450068115728,6.43358624835707,1
257,1,13.75,26,6.43358624835707,6.68358150563562,1
257,1,13.75,26,6.68358150563562,6.90330999084873,1
257,1,13.75,26,6.90330999084873,7.73077487443567,1
257,1,13.75,26,7.73077487443567,7.90283480947656,1
257,1,13.75,26,7.90283480947656,7.97360873099192,1
257,1,13.75,26,7.97360873099192,8.11194419699482,1
257,1,13.75,26,8.11194419699482,8.54949377305628,1
257,1,13.75,26,8.54949377305628,8.55826106851123,1
257,1,13.75,26,8.55826106851123,8.66165141730824,1
257,1,13.75,26,8.66165141730824,10.2537382094516,1
257,1,13.75,26,10.2537382094516,10.8624336228975,1
257,1,13.75,26,10.8624336228975,11.0162466883736,1
257,1,13.75,26,11.0162466883736,11.1881410570463,1
257,1,13.75,26,11.1881410570463,11.4813703828581,1
257,1,13.75,26,11.4813703828581,12.2076067642854,1
257,1,13.75,26,12.2076067642854,13.5294779227961,1
257,1,13.75,26,13.5294779227961,13.75,0
258,1,18.75,2,0,6.95272666419779,1
258,1,18.75,2,6.95272666419779,12.6982307789828,1
258,1,18.75,2,12.6982307789828,18.75,0
259,1,9.75,8,0,3.12746689496238,1
259,1,9.75,8,3.12746689496238,3.64386482169995,1
259,1,9.75,8,3.64386482169995,4.21939005236831,1
259,1,9.75,8,4.21939005236831,5.72785644580189,1
259,1,9.75,8,5.72785644580189,9.00718663309273,1
259,1,9.75,8,9.00718663309273,9.44312824856315,1
259,1,9.75,8,9.44312824856315,9.44913019907126,1
259,1,9.75,8,9.44913019907126,9.45566025554871,1
259,1,9.75,8,9.45566025554871,9.75,0
260,1,20.75,1,0,15.3624905311907,1
260,1,20.75,1,15.3624905311907,20.75,0
261,1,9.75,5,0,3.38043811957987,1
261,1,9.75,5,3.38043811957987,3.83934706692136,1
261,1,9.75,5,3.83934706692136,4.77829708366033,1
261,1,9.75,5,4.77829708366033,7.03265909494173,1
261,1,9.75,5,7.03265909494173,7.16893606644578,1
261,1,9.75,5,7.16893606644578,9.75,0
262,1,15.75,16,0,2.02688330265984,1
262,1,15.75,16,2.02688330265984,5.23360621665637,1
262,1,15.75,16,5.23360621665637,6.03951175669875,1
262,1,15.75,16,6.03951175669875,8.92947541394283,1
262,1,15.75,16,8.92947541394283,10.1470723080873,1
262,1,15.75,16,10.1470723080873,10.9519964198612,1
262,1,15.75,16,10.9519964198612,11.1663920329602,1
262,1,15.75,16,11.1663920329602,11.983445749355,1
262,1,15.75,16,11.983445749355,13.4984880885493,1
262,1,15.75,16,13.4984880885493,14.0251980565048,1
262,1,15.75,16,14.0251980565048,14.3993186960492,1
262,1,15.75,16,14.3993186960492,14.6118989920409,1
262,1,15.75,16,14.6118989920409,14.9414216388045,1
262,1,15.75,16,14.9414216388045,15.0229483641567,1
262,1,15.75,16,15.0229483641567,15.1589586040181,1
262,1,15.75,16,15.1589586040181,15.6371067912522,1
262,1,15.75,16,15.6371067912522,15.75,0
263,1,16.75,1,0,6.61750993819904,1
263,1,16.75,1,6.61750993819904,16.75,0
264,1,12.75,3,0,1.26941164936277,1
264,1,12.75,3,1.26941164936277,5.2867320874735,1
264,1,12.75,3,5.2867320874735,10.5253037847661,1
264,1,12.75,3,10.5253037847661,12.75,0
265,1,11.75,3,0,1.87616166007516,1
265,1,11.75,3,1.87616166007516,2.6540930901358,1
265,1,11.75,3,2.6540930901358,5.42089784569119,1
265,1,11.75,3,5.42089784569119,11.75,0
266,1,11.75,17,0,2.81832270580394,1
266,1,11.75,17,2.81832270580394,5.1431414334092,1
266,1,11.75,17,5.1431414334092,5.41154001572713,1
266,1,11.75,17,5.41154001572713,5.64901754248653,1
266,1,11.75,17,5.64901754248653,6.02494056363702,1
266,1,11.75,17,6.02494056363702,6.23670105452464,1
266,1,11.75,17,6.23670105452464,7.04466800762379,1
266,1,11.75,17,7.04466800762379,7.40486651523141,1
266,1,11.75,17,7.40486651523141,7.96578820807144,1
266,1,11.75,17,7.96578820807144,9.24034878156287,1
266,1,11.75,17,9.24034878156287,9.56518842237647,1
266,1,11.75,17,9.56518842237647,9.67676614859807,1
266,1,11.75,17,9.67676614859807,9.98222358623945,1
266,1,11.75,17,9.98222358623945,10.4081059301937,1
266,1,11.75,17,10.4081059301937,11.1724391933605,1
266,1,11.75,17,11.1724391933605,11.3630789158859,1
266,1,11.75,17,11.3630789158859,11.4763135565952,1
266,1,11.75,17,11.4763135565952,11.75,0
267,1,17.75,46,0,3.61364317301049,1
267,1,17.75,46,3.61364317301049,4.25612569632128,1
267,1,17.75,46,4.25612569632128,6.01394186768526,1
267,1,17.75,46,6.01394186768526,7.2204805521792,1
267,1,17.75,46,7.2204805521792,7.94077159312941,1
267,1,17.75,46,7.94077159312941,8.34768733099619,1
267,1,17.75,46,8.34768733099619,9.54871120718684,1
267,1,17.75,46,9.54871120718684,9.95197565374021,1
267,1,17.75,46,9.95197565374021,10.6278400298797,1
267,1,17.75,46,10.6278400298797,10.8371806926781,1
267,1,17.75,46,10.8371806926781,10.9171688518579,1
267,1,17.75,46,10.9171688518579,11.2142373432908,1
267,1,17.75,46,11.2142373432908,11.2259967148736,1
267,1,17.75,46,11.2259967148736,11.3698519786005,1
267,1,17.75,46,11.3698519786005,11.5248769485851,1
267,1,17.75,46,11.5248769485851,11.8158529231783,1
267,1,17.75,46,11.8158529231783,11.8796273876934,1
267,1,17.75,46,11.8796273876934,12.1630884199608,1
267,1,17.75,46,12.1630884199608,12.2094651925482,1
267,1,17.75,46,12.2094651925482,12.3526335510495,1
267,1,17.75,46,12.3526335510495,12.4631079895314,1
267,1,17.75,46,12.4631079895314,12.9883453870322,1
267,1,17.75,46,12.9883453870322,13.0337341677415,1
267,1,17.75,46,13.0337341677415,13.408607212846,1
267,1,17.75,46,13.408607212846,13.7960453411096,1
267,1,17.75,46,13.7960453411096,13.8799697267433,1
267,1,17.75,46,13.8799697267433,14.1491732269731,1
267,1,17.75,46,14.1491732269731,14.5576120078158,1
267,1,17.75,46,14.5576120078158,14.7145864712765,1
267,1,17.75,46,14.7145864712765,14.8568337515454,1
267,1,17.75,46,14.8568337515454,15.0187177758418,1
267,1,17.75,46,15.0187177758418,15.3575505497097,1
267,1,17.75,46,15.3575505497097,15.3743478369215,1
267,1,17.75,46,15.3743478369215,15.8745252473249,1
267,1,17.75,46,15.8745252473249,16.0496562335688,1
267,1,17.75,46,16.0496562335688,16.6983191736985,1
267,1,17.75,46,16.6983191736985,16.9411956482348,1
267,1,17.75,46,16.9411956482348,17.0110033259183,1
267,1,17.75,46,17.0110033259183,17.1491446021647,1
267,1,17.75,46,17.1491446021647,17.3534463436277,1
267,1,17.75,46,17.3534463436277,17.4306778703413,1
267,1,17.75,46,17.4306778703413,17.4906064976695,1
267,1,17.75,46,17.4906064976695,17.5557603932396,1
267,1,17.75,46,17.5557603932396,17.6000070567834,1
267,1,17.75,46,17.6000070567834,17.7100133208219,1
267,1,17.75,46,17.7100133208219,17.7255240557329,1
267,1,17.75,46,17.7255240557329,17.75,0
268,1,14.75,2,0,0.00710819559211777,1
268,1,14.75,2,0.00710819559211777,10.187912200473,1
268,1,14.75,2,10.187912200473,14.75,0
269,1,15.75,1,0,6.82824302838941,1
269,1,15.75,1,6.82824302838941,15.75,0
270,1,16.75,44,0,3.46847515711853,1
270,1,16.75,44,3.46847515711853,6.13056663765074,1
270,1,16.75,44,6.13056663765074,6.73208759010793,1
270,1,16.75,44,6.73208759010793,6.86898215373088,1
270,1,16.75,44,6.86898215373088,6.94319645135623,1
270,1,16.75,44,6.94319645135623,7.16106113809606,1
270,1,16.75,44,7.16106113809606,7.30509175396232,1
270,1,16.75,44,7.30509175396232,7.30867797282582,1
270,1,16.75,44,7.30867797282582,7.3536940920939,1
270,1,16.75,44,7.3536940920939,8.25739816733227,1
270,1,16.75,44,8.25739816733227,8.29350564135125,1
270,1,16.75,44,8.29350564135125,8.69738585102899,1
270,1,16.75,44,8.69738585102899,9.25531735296686,1
270,1,16.75,44,9.25531735296686,9.94384533589088,1
270,1,16.75,44,9.94384533589088,9.99084247684278,1
270,1,16.75,44,9.99084247684278,10.7234250685408,1
270,1,16.75,44,10.7234250685408,11.296462925692,1
270,1,16.75,44,11.296462925692,11.4535286949998,1
270,1,16.75,44,11.4535286949998,11.6055850320985,1
270,1,16.75,44,11.6055850320985,12.1681268789022,1
270,1,16.75,44,12.1681268789022,12.6441367270673,1
270,1,16.75,44,12.6441367270673,12.737218833044,1
270,1,16.75,44,12.737218833044,12.7553691617241,1
270,1,16.75,44,12.7553691617241,13.2211089225355,1
270,1,16.75,44,13.2211089225355,13.3118186815136,1
270,1,16.75,44,13.3118186815136,13.3366600624271,1
270,1,16.75,44,13.3366600624271,13.7540627995362,1
270,1,16.75,44,13.7540627995362,13.8492446245104,1
270,1,16.75,44,13.8492446245104,14.034813717266,1
270,1,16.75,44,14.034813717266,14.4620771463276,1
270,1,16.75,44,14.4620771463276,15.0231075484634,1
270,1,16.75,44,15.0231075484634,15.1690925952675,1
270,1,16.75,44,15.1690925952675,15.445938206271,1
270,1,16.75,44,15.445938206271,15.5256390538746,1
270,1,16.75,44,15.5256390538746,15.5658159700485,1
270,1,16.75,44,15.5658159700485,15.6813614521656,1
270,1,16.75,44,15.6813614521656,16.012538514134,1
270,1,16.75,44,16.012538514134,16.1105926692048,1
270,1,16.75,44,16.1105926692048,16.183956511456,1
270,1,16.75,44,16.183956511456,16.1887024313153,1
270,1,16.75,44,16.1887024313153,16.2729440107044,1
270,1,16.75,44,16.2729440107044,16.4140015848151,1
270,1,16.75,44,16.4140015848151,16.5988166247755,1
270,1,16.75,44,16.5988166247755,16.6189115371378,1
270,1,16.75,44,16.6189115371378,16.75,0
271,1,10.75,9,0,2.48718160283804,1
271,1,10.75,9,2.48718160283804,5.04275813314593,1
271,1,10.75,9,5.04275813314593,6.36516106339221,1
271,1,10.75,9,6.36516106339221,7.17630245611235,1
271,1,10.75,9,7.17630245611235,7.80981602896435,1
271,1,10.75,9,7.80981602896435,10.072429538346,1
271,1,10.75,9,10.072429538346,10.1487697567829,1
271,1,10.75,9,10.1487697567829,10.5467522953238,1
271,1,10.75,9,10.5467522953238,10.7379228636929,1
271,1,10.75,9,10.7379228636929,10.75,0
272,1,13.75,3,0,2.75874367598021,1
272,1,13.75,3,2.75874367598021,4.57526854640485,1
272,1,13.75,3,4.57526854640485,8.31310558869924,1
272,1,13.75,3,8.31310558869924,13.75,0
273,1,12.75,1,0,0.249697858958396,1
273,1,12.75,1,0.249697858958396,12.75,0
274,1,13.75,1,0,9.32357219746175,1
274,1,13.75,1,9.32357219746175,13.75,0
275,1,13.75,36,0,2.14687716388745,1
275,1,13.75,36,2.14687716388745,4.16020449868187,1
275,1,13.75,36,4.16020449868187,5.46826760155017,1
275,1,13.75,36,5.46826760155017,6.15021966947713,1
275,1,13.75,36,6.15021966947713,6.21520503130177,1
275,1,13.75,36,6.21520503130177,6.71512210851677,1
275,1,13.75,36,6.71512210851677,7.85991090834343,1
275,1,13.75,36,7.85991090834343,8.08074815800326,1
275,1,13.75,36,8.08074815800326,8.41060863576265,1
275,1,13.75,36,8.41060863576265,8.54751388042898,1
275,1,13.75,36,8.54751388042898,9.27118882517817,1
275,1,13.75,36,9.27118882517817,9.29305142880568,1
275,1,13.75,36,9.29305142880568,9.35649866074958,1
275,1,13.75,36,9.35649866074958,9.53138365732911,1
275,1,13.75,36,9.53138365732911,9.9682643713578,1
275,1,13.75,36,9.9682643713578,10.2626347546541,1
275,1,13.75,36,10.2626347546541,10.3034406809077,1
275,1,13.75,36,10.3034406809077,10.3255967855183,1
275,1,13.75,36,10.3255967855183,10.3494739441712,1
275,1,13.75,36,10.3494739441712,10.3546499492213,1
275,1,13.75,36,10.3546499492213,10.3660479542182,1
275,1,13.75,36,10.3660479542182,10.3954022538697,1
275,1,13.75,36,10.3954022538697,10.56471342017,1
275,1,13.75,36,10.56471342017,11.3402510008296,1
275,1,13.75,36,11.3402510008296,11.4196417027258,1
275,1,13.75,36,11.4196417027258,11.531427479695,1
275,1,13.75,36,11.531427479695,12.0983956145382,1
275,1,13.75,36,12.0983956145382,12.1282829441305,1
275,1,13.75,36,12.1282829441305,12.2748385231838,1
275,1,13.75,36,12.2748385231838,12.5743425412826,1
275,1,13.75,36,12.5743425412826,13.0041742379539,1
275,1,13.75,36,13.0041742379539,13.2467815252847,1
275,1,13.75,36,13.2467815252847,13.2995652994216,1
275,1,13.75,36,13.2995652994216,13.3253801293435,1
275,1,13.75,36,13.3253801293435,13.4108544664359,1
275,1,13.75,36,13.4108544664359,13.6233461794054,1
275,1,13.75,36,13.6233461794054,13.75,0
276,1,12.75,1,0,0.121885609754802,1
276,1,12.75,1,0.121885609754802,12.75,0
277,1,11.75,37,0,2.69828070712009,1
277,1,11.75,37,2.69828070712009,2.7134208278157,1
277,1,11.75,37,2.7134208278157,3.79173838915839,1
277,1,11.75,37,3.79173838915839,5.60113381090969,1
277,1,11.75,37,5.60113381090969,5.63578460282637,1
277,1,11.75,37,5.63578460282637,5.80582815202012,1
277,1,11.75,37,5.80582815202012,6.27316745365097,1
277,1,11.75,37,6.27316745365097,6.39817854710112,1
277,1,11.75,37,6.39817854710112,6.88052261381201,1
277,1,11.75,37,6.88052261381201,8.1888721351974,1
277,1,11.75,37,8.1888721351974,8.20717921734341,1
277,1,11.75,37,8.20717921734341,8.32789096397311,1
277,1,11.75,37,8.32789096397311,8.4914176905127,1
277,1,11.75,37,8.4914176905127,8.52527098592758,1
277,1,11.75,37,8.52527098592758,8.70123480960388,1
277,1,11.75,37,8.70123480960388,8.70523969047181,1
277,1,11.75,37,8.70523969047181,8.72001242789848,1
277,1,11.75,37,8.72001242789848,8.72460706465534,1
277,1,11.75,37,8.72460706465534,8.84527261193553,1
277,1,11.75,37,8.84527261193553,8.93845165736855,1
277,1,11.75,37,8.93845165736855,8.97632768879822,1
277,1,11.75,37,8.97632768879822,9.01841353295552,1
277,1,11.75,37,9.01841353295552,9.04768724681267,1
277,1,11.75,37,9.04768724681267,9.28594122870951,1
277,1,11.75,37,9.28594122870951,9.43364294129936,1
277,1,11.75,37,9.43364294129936,9.8841424285325,1
277,1,11.75,37,9.8841424285325,10.2196833126769,1
277,1,11.75,37,10.2196833126769,10.4042926872848,1
277,1,11.75,37,10.4042926872848,10.8611086263689,1
277,1,11.75,37,10.8611086263689,11.0620069987055,1
277,1,11.75,37,11.0620069987055,11.0875479551362,1
277,1,11.75,37,11.0875479551362,11.1061705010527,1
277,1,11.75,37,11.1061705010527,11.1120047082084,1
277,1,11.75,37,11.1120047082084,11.2927639590863,1
277,1,11.75,37,11.2927639590863,11.4433539193582,1
277,1,11.75,37,11.4433539193582,11.4574523892872,1
277,1,11.75,37,11.4574523892872,11.5222986306573,1
277,1,11.75,37,11.5222986306573,11.75,0
278,1,20.75,2,0,8.48443130892409,1
278,1,20.75,2,8.48443130892409,12.9255072457977,1
278,1,20.75,2,12.9255072457977,20.75,0
279,1,18.75,63,0,3.04382537163867,1
279,1,18.75,63,3.04382537163867,3.94169445883165,1
279,1,18.75,63,3.94169445883165,5.61632398711694,1
279,1,18.75,63,5.61632398711694,5.7169919118024,1
279,1,18.75,63,5.7169919118024,6.25781778919785,1
279,1,18.75,63,6.25781778919785,6.88980333085437,1
279,1,18.75,63,6.88980333085437,7.11126861118567,1
279,1,18.75,63,7.11126861118567,7.32571297669989,1
279,1,18.75,63,7.32571297669989,7.78650752149819,1
279,1,18.75,63,7.78650752149819,9.01935734018759,1
279,1,18.75,63,9.01935734018759,9.04236657026177,1
279,1,18.75,63,9.04236657026177,9.04520643344775,1
279,1,18.75,63,9.04520643344775,9.18477801850973,1
279,1,18.75,63,9.18477801850973,9.32893228432756,1
279,1,18.75,63,9.32893228432756,10.1288221142207,1
279,1,18.75,63,10.1288221142207,10.4051279131702,1
279,1,18.75,63,10.4051279131702,10.6569317708544,1
279,1,18.75,63,10.6569317708544,11.3541902504169,1
279,1,18.75,63,11.3541902504169,12.9751099667694,1
279,1,18.75,63,12.9751099667694,13.1020206191852,1
279,1,18.75,63,13.1020206191852,13.4556632453143,1
279,1,18.75,63,13.4556632453143,13.8028315505414,1
279,1,18.75,63,13.8028315505414,13.8847911421229,1
279,1,18.75,63,13.8847911421229,13.9333602855567,1
279,1,18.75,63,13.9333602855567,13.9955241821213,1
279,1,18.75,63,13.9955241821213,14.1175657513959,1
279,1,18.75,63,14.1175657513959,14.3054250445387,1
279,1,18.75,63,14.3054250445387,14.3883130983568,1
279,1,18.75,63,14.3883130983568,14.6111208850578,1
279,1,18.75,63,14.6111208850578,14.9280884998037,1
279,1,18.75,63,14.9280884998037,14.9401575366011,1
279,1,18.75,63,14.9401575366011,14.9718729086046,1
279,1,18.75,63,14.9718729086046,14.9820022947686,1
279,1,18.75,63,14.9820022947686,15.0285494202423,1
279,1,18.75,63,15.0285494202423,15.0415738671503,1
279,1,18.75,63,15.0415738671503,15.072028498011,1
279,1,18.75,63,15.072028498011,15.1325931228927,1
279,1,18.75,63,15.1325931228927,15.3049062133859,1
279,1,18.75,63,15.3049062133859,15.5659172887753,1
279,1,18.75,63,15.5659172887753,15.8046986160284,1
279,1,18.75,63,15.8046986160284,15.8929513565177,1
279,1,18.75,63,15.8929513565177,15.9225730458095,1
279,1,18.75,63,15.9225730458095,16.1530193089695,1
279,1,18.75,63,16.1530193089695,16.2077645110878,1
279,1,18.75,63,16.2077645110878,16.3073351918438,1
279,1,18.75,63,16.3073351918438,16.4846639708946,1
279,1,18.75,63,16.4846639708946,16.5494135125429,1
279,1,18.75,63,16.5494135125429,16.7302541842522,1
279,1,18.75,63,16.7302541842522,17.2178341134151,1
279,1,18.75,63,17.2178341134151,17.2750438472309,1
279,1,18.75,63,17.2750438472309,17.3682130366546,1
279,1,18.75,63,17.3682130366546,17.395232824573,1
279,1,18.75,63,17.395232824573,17.4214450426978,1
279,1,18.75,63,17.4214450426978,17.4269464056048,1
279,1,18.75,63,17.4269464056048,17.8070281497262,1
279,1,18.75,63,17.8070281497262,17.8912333880746,1
279,1,18.75,63,17.8912333880746,17.923003430324,1
279,1,18.75,63,17.923003430324,17.9305842973774,1
279,1,18.75,63,17.9305842973774,18.0666265907007,1
279,1,18.75,63,18.0666265907007,18.3069062687721,1
279,1,18.75,63,18.3069062687721,18.3150973644329,1
279,1,18.75,63,18.3150973644329,18.4043810119161,1
279,1,18.75,63,18.4043810119161,18.6790122863698,1
279,1,18.75,63,18.6790122863698,18.75,0
280,1,8.75,0,0,8.75,0
281,1,9.75,7,0,0.050693849274986,1
281,1,9.75,7,0.050693849274986,0.14223676365895,1
281,1,9.75,7,0.14223676365895,0.248092406644915,1
281,1,9.75,7,0.248092406644915,0.989522498547827,1
281,1,9.75,7,0.989522498547827,1.26030143822437,1
281,1,9.75,7,1.26030143822437,1.98210344001972,1
281,1,9.75,7,1.98210344001972,7.90849461901088,1
281,1,9.75,7,7.90849461901088,9.75,0
282,1,13.75,25,0,4.11907703797407,1
282,1,13.75,25,4.11907703797407,4.1526299257103,1
282,1,13.75,25,4.1526299257103,5.68778663394998,1
282,1,13.75,25,5.68778663394998,6.0143213411737,1
282,1,13.75,25,6.0143213411737,6.28561952462776,1
282,1,13.75,25,6.28561952462776,6.41256740500014,1
282,1,13.75,25,6.41256740500014,6.51958907337749,1
282,1,13.75,25,6.51958907337749,6.69317036982706,1
282,1,13.75,25,6.69317036982706,7.81269142096889,1
282,1,13.75,25,7.81269142096889,8.27123306258964,1
282,1,13.75,25,8.27123306258964,8.93432660099786,1
282,1,13.75,25,8.93432660099786,9.09678294947287,1
282,1,13.75,25,9.09678294947287,9.2287551433523,1
282,1,13.75,25,9.2287551433523,9.82157113829213,1
282,1,13.75,25,9.82157113829213,10.5312170132815,1
282,1,13.75,25,10.5312170132815,10.9494693312595,1
282,1,13.75,25,10.9494693312595,11.2362520832789,1
282,1,13.75,25,11.2362520832789,11.479821219025,1
282,1,13.75,25,11.479821219025,11.5733122114541,1
282,1,13.75,25,11.5733122114541,12.0971608214317,1
282,1,13.75,25,12.0971608214317,12.5502706746942,1
282,1,13.75,25,12.5502706746942,12.6563945307754,1
282,1,13.75,25,12.6563945307754,12.8477155912916,1
282,1,13.75,25,12.8477155912916,13.3767176373935,1
282,1,13.75,25,13.3767176373935,13.4262544573992,1
282,1,13.75,25,13.4262544573992,13.75,0
283,1,18.75,2,0,1.52056905781556,1
283,1,18.75,2,1.52056905781556,14.3347379630353,1
283,1,18.75,2,14.3347379630353,18.75,0
284,1,16.75,48,0,3.66380589995537,1
284,1,16.75,48,3.66380589995537,3.75110924169391,1
284,1,16.75,48,3.75110924169391,4.86353197970609,1
284,1,16.75,48,4.86353197970609,5.15039233840415,1
284,1,16.75,48,5.15039233840415,5.75417224510463,1
284,1,16.75,48,5.75417224510463,6.17291998851993,1
284,1,16.75,48,6.17291998851993,6.50460273446064,1
284,1,16.75,48,6.50460273446064,6.67062803620441,1
284,1,16.75,48,6.67062803620441,6.69045582229043,1
284,1,16.75,48,6.69045582229043,7.81974115563612,1
284,1,16.75,48,7.81974115563612,7.90801432662213,1
284,1,16.75,48,7.90801432662213,8.46049444921646,1
284,1,16.75,48,8.46049444921646,8.65041716293955,1
284,1,16.75,48,8.65041716293955,9.28113618206393,1
284,1,16.75,48,9.28113618206393,9.66083752745762,1
284,1,16.75,48,9.66083752745762,9.80841340218825,1
284,1,16.75,48,9.80841340218825,9.9717781519942,1
284,1,16.75,48,9.9717781519942,10.0874089027386,1
284,1,16.75,48,10.0874089027386,10.2582488101145,1
284,1,16.75,48,10.2582488101145,10.8018729064757,1
284,1,16.75,48,10.8018729064757,11.2271847404605,1
284,1,16.75,48,11.2271847404605,11.6528878874849,1
284,1,16.75,48,11.6528878874849,11.66245904985,1
284,1,16.75,48,11.66245904985,11.7908229602516,1
284,1,16.75,48,11.7908229602516,11.8801904706331,1
284,1,16.75,48,11.8801904706331,12.1183889843922,1
284,1,16.75,48,12.1183889843922,12.4018008360933,1
284,1,16.75,48,12.4018008360933,12.6984301721399,1
284,1,16.75,48,12.6984301721399,12.9431573212723,1
284,1,16.75,48,12.9431573212723,12.9505747011104,1
284,1,16.75,48,12.9505747011104,13.068252324154,1
284,1,16.75,48,13.068252324154,13.1828933333744,1
284,1,16.75,48,13.1828933333744,13.2621074911643,1
284,1,16.75,48,13.2621074911643,13.6604716485174,1
284,1,16.75,48,13.6604716485174,13.8033128521195,1
284,1,16.75,48,13.8033128521195,13.9629113969442,1
284,1,16.75,48,13.9629113969442,14.6504972271452,1
284,1,16.75,48,14.6504972271452,14.8359899533254,1
284,1,16.75,48,14.8359899533254,14.9064990688762,1
284,1,16.75,48,14.9064990688762,14.9492554503264,1
284,1,16.75,48,14.9492554503264,15.2029030858317,1
284,1,16.75,48,15.2029030858317,15.4085641683158,1
284,1,16.75,48,15.4085641683158,15.5331064337328,1
284,1,16.75,48,15.5331064337328,15.6400395118228,1
284,1,16.75,48,15.6400395118228,16.2364422619118,1
284,1,16.75,48,16.2364422619118,16.3352519472015,1
284,1,16.75,48,16.3352519472015,16.3825248295112,1
284,1,16.75,48,16.3825248295112,16.6549787410794,1
284,1,16.75,48,16.6549787410794,16.75,0
285,1,9.75,2,0,0.0555030068627842,1
285,1,9.75,2,0.0555030068627842,4.28251998164025,1
285,1,9.75,2,4.28251998164025,9.75,0
286,1,8.75,2,0,0.0100277759602073,1
286,1,8.75,2,0.0100277759602073,4.31400126299006,1
286,1,8.75,2,4.31400126299006,8.75,0
287,1,8.75,1,0,2.32429965092313,1
287,1,8.75,1,2.32429965092313,8.75,0
288,1,16.75,42,0,3.66366818327116,1
288,1,16.75,42,3.66366818327116,5.81314563450564,1
288,1,16.75,42,5.81314563450564,7.06751233422536,1
288,1,16.75,42,7.06751233422536,7.16422765418742,1
288,1,16.75,42,7.16422765418742,8.30015171746472,1
288,1,16.75,42,8.30015171746472,9.69361470953734,1
288,1,16.75,42,9.69361470953734,10.3316988176579,1
288,1,16.75,42,10.3316988176579,10.5642220584222,1
288,1,16.75,42,10.5642220584222,10.6092784450962,1
288,1,16.75,42,10.6092784450962,11.2483039814605,1
288,1,16.75,42,11.2483039814605,11.255050571614,1
288,1,16.75,42,11.255050571614,11.530223910563,1
288,1,16.75,42,11.530223910563,11.9484164128764,1
288,1,16.75,42,11.9484164128764,11.9875981692618,1
288,1,16.75,42,11.9875981692618,11.997865246642,1
288,1,16.75,42,11.997865246642,12.0599290257505,1
288,1,16.75,42,12.0599290257505,12.0709271150883,1
288,1,16.75,42,12.0709271150883,12.1023390701447,1
288,1,16.75,42,12.1023390701447,12.2513039531403,1
288,1,16.75,42,12.2513039531403,12.4365251434815,1
288,1,16.75,42,12.4365251434815,12.6166856812008,1
288,1,16.75,42,12.6166856812008,13.8119890997598,1
288,1,16.75,42,13.8119890997598,13.8672718627768,1
288,1,16.75,42,13.8672718627768,13.8970911817029,1
288,1,16.75,42,13.8970911817029,14.0085157337939,1
288,1,16.75,42,14.0085157337939,14.3529373068523,1
288,1,16.75,42,14.3529373068523,14.5958260824115,1
288,1,16.75,42,14.5958260824115,14.6185517001181,1
288,1,16.75,42,14.6185517001181,14.6923456456744,1
288,1,16.75,42,14.6923456456744,14.7665289243112,1
288,1,16.75,42,14.7665289243112,14.7751752893462,1
288,1,16.75,42,14.7751752893462,14.856699989328,1
288,1,16.75,42,14.856699989328,14.8602593040376,1
288,1,16.75,42,14.8602593040376,14.8900309166559,1
288,1,16.75,42,14.8900309166559,15.0299083533076,1
288,1,16.75,42,15.0299083533076,15.2127384856256,1
288,1,16.75,42,15.2127384856256,15.6333954540299,1
288,1,16.75,42,15.6333954540299,15.7021046040995,1
288,1,16.75,42,15.7021046040995,16.028213774692,1
288,1,16.75,42,16.028213774692,16.367616040743,1
288,1,16.75,42,16.367616040743,16.4493684961306,1
288,1,16.75,42,16.4493684961306,16.5454985739194,1
288,1,16.75,42,16.5454985739194,16.75,0
289,1,13.75,19,0,4.48692557790269,1
289,1,13.75,19,4.48692557790269,5.15101619580492,1
289,1,13.75,19,5.15101619580492,5.31600839723972,1
289,1,13.75,19,5.31600839723972,5.36456125788488,1
289,1,13.75,19,5.36456125788488,5.53209572721382,1
289,1,13.75,19,5.53209572721382,5.71570541859488,1
289,1,13.75,19,5.71570541859488,6.34342814706581,1
289,1,13.75,19,6.34342814706581,8.50392221346725,1
289,1,13.75,19,8.50392221346725,8.65367307686137,1
289,1,13.75,19,8.65367307686137,9.61419773096648,1
289,1,13.75,19,9.61419773096648,10.5901439435294,1
289,1,13.75,19,10.5901439435294,10.7544244370426,1
289,1,13.75,19,10.7544244370426,10.9381759700079,1
289,1,13.75,19,10.9381759700079,11.2960574681224,1
289,1,13.75,19,11.2960574681224,11.3037162503273,1
289,1,13.75,19,11.3037162503273,12.2572448144026,1
289,1,13.75,19,12.2572448144026,12.4383123061109,1
289,1,13.75,19,12.4383123061109,12.5640324721672,1
289,1,13.75,19,12.5640324721672,12.8404535233533,1
289,1,13.75,19,12.8404535233533,13.75,0
290,1,16.75,45,0,5.0802822806225,1
290,1,16.75,45,5.0802822806225,5.43497678960304,1
290,1,16.75,45,5.43497678960304,5.43601637656321,1
290,1,16.75,45,5.43601637656321,5.43656728096629,1
290,1,16.75,45,5.43656728096629,5.8775909545293,1
290,1,16.75,45,5.8775909545293,6.6546215385122,1
290,1,16.75,45,6.6546215385122,7.65218649159048,1
290,1,16.75,45,7.65218649159048,7.82362167992268,1
290,1,16.75,45,7.82362167992268,8.07623115069965,1
290,1,16.75,45,8.07623115069965,8.26130358732706,1
290,1,16.75,45,8.26130358732706,8.27866373345289,1
290,1,16.75,45,8.27866373345289,8.51163536932958,1
290,1,16.75,45,8.51163536932958,9.49584739800034,1
290,1,16.75,45,9.49584739800034,9.93479725784756,1
290,1,16.75,45,9.93479725784756,10.0951277592849,1
290,1,16.75,45,10.0951277592849,10.3487441521452,1
290,1,16.75,45,10.3487441521452,10.6286015747314,1
290,1,16.75,45,10.6286015747314,10.8690240743804,1
290,1,16.75,45,10.8690240743804,11.9231226862646,1
290,1,16.75,45,11.9231226862646,12.0827990874366,1
290,1,16.75,45,12.0827990874366,12.1208709654992,1
290,1,16.75,45,12.1208709654992,12.2624202195589,1
290,1,16.75,45,12.2624202195589,13.2842647072724,1
290,1,16.75,45,13.2842647072724,13.5118147553436,1
290,1,16.75,45,13.5118147553436,13.686191370962,1
290,1,16.75,45,13.686191370962,13.9241230610885,1
290,1,16.75,45,13.9241230610885,13.9578562844523,1
290,1,16.75,45,13.9578562844523,14.1267678876143,1
290,1,16.75,45,14.1267678876143,14.4139745451511,1
290,1,16.75,45,14.4139745451511,14.6305003926748,1
290,1,16.75,45,14.6305003926748,15.0052281665457,1
290,1,16.75,45,15.0052281665457,15.0494516920141,1
290,1,16.75,45,15.0494516920141,15.0580986953533,1
290,1,16.75,45,15.0580986953533,15.4582043491122,1
290,1,16.75,45,15.4582043491122,15.511126332012,1
290,1,16.75,45,15.511126332012,15.8226799509995,1
290,1,16.75,45,15.8226799509995,15.8629080749314,1
290,1,16.75,45,15.8629080749314,15.9057388347606,1
290,1,16.75,45,15.9057388347606,16.0755417704801,1
290,1,16.75,45,16.0755417704801,16.1753684823673,1
290,1,16.75,45,16.1753684823673,16.2863453603424,1
290,1,16.75,45,16.2863453603424,16.3110080397289,1
290,1,16.75,45,16.3110080397289,16.3226937936018,1
290,1,16.75,45,16.3226937936018,16.5144888523122,1
290,1,16.75,45,16.5144888523122,16.5787601510607,1
290,1,16.75,45,16.5787601510607,16.75,0
291,1,8.75,14,0,2.50351665933664,1
291,1,8.75,14,2.50351665933664,3.35111919970704,1
291,1,8.75,14,3.35111919970704,3.58649580823017,1
291,1,8.75,14,3.58649580823017,5.21392256472639,1
291,1,8.75,14,5.21392256472639,5.2668385300005,1
291,1,8.75,14,5.2668385300005,5.52343186004387,1
291,1,8.75,14,5.52343186004387,5.626545403581,1
291,1,8.75,14,5.626545403581,6.67148709273763,1
291,1,8.75,14,6.67148709273763,6.80204448659125,1
291,1,8.75,14,6.80204448659125,7.15026500677533,1
291,1,8.75,14,7.15026500677533,7.18775854101561,1
291,1,8.75,14,7.18775854101561,7.56198908480407,1
291,1,8.75,14,7.56198908480407,7.77499297575868,1
291,1,8.75,14,7.77499297575868,8.2868738462409,1
291,1,8.75,14,8.2868738462409,8.75,0
292,1,11.75,2,0,2.50826312081409,1
292,1,11.75,2,2.50826312081409,2.91304166900261,1
292,1,11.75,2,2.91304166900261,11.75,0
293,1,8.75,2,0,0.926504718556766,1
293,1,8.75,2,0.926504718556766,0.929532747589089,1
293,1,8.75,2,0.929532747589089,8.75,0
294,1,8.75,2,0,4.3245689501254,1
294,1,8.75,2,4.3245689501254,5.67148248933919,1
294,1,8.75,2,5.67148248933919,8.75,0
295,1,15.75,2,0,0.345542011481542,1
295,1,15.75,2,0.345542011481542,1.29460226069698,1
295,1,15.75,2,1.29460226069698,15.75,0
296,1,14.75,0,0,14.75,0
297,1,12.75,22,0,3.82690269815005,1
297,1,12.75,22,3.82690269815005,4.12705677504373,1
297,1,12.75,22,4.12705677504373,4.7899376941964,1
297,1,12.75,22,4.7899376941964,5.61004299252477,1
297,1,12.75,22,5.61004299252477,6.42064015317524,1
297,1,12.75,22,6.42064015317524,7.82415328683325,1
297,1,12.75,22,7.82415328683325,9.12636731693081,1
297,1,12.75,22,9.12636731693081,9.33297988547079,1
297,1,12.75,22,9.33297988547079,9.33433932664291,1
297,1,12.75,22,9.33433932664291,9.75437962583205,1
297,1,12.75,22,9.75437962583205,9.89245306623711,1
297,1,12.75,22,9.89245306623711,10.5181362326353,1
297,1,12.75,22,10.5181362326353,10.5417479202525,1
297,1,12.75,22,10.5417479202525,10.5523030238288,1
297,1,12.75,22,10.5523030238288,10.5526915796826,1
297,1,12.75,22,10.5526915796826,11.1686204263068,1
297,1,12.75,22,11.1686204263068,11.3075188103122,1
297,1,12.75,22,11.3075188103122,11.3265535543455,1
297,1,12.75,22,11.3265535543455,11.7210022105971,1
297,1,12.75,22,11.7210022105971,12.0994772855359,1
297,1,12.75,22,12.0994772855359,12.2153736446091,1
297,1,12.75,22,12.2153736446091,12.2996360666128,1
297,1,12.75,22,12.2996360666128,12.75,0
298,1,12.75,2,0,1.41674798676869,1
298,1,12.75,2,1.41674798676869,12.0229884484196,1
298,1,12.75,2,12.0229884484196,12.75,0
299,1,18.75,4,0,9.07134749672902,1
299,1,18.75,4,9.07134749672902,13.7007834471624,1
299,1,18.75,4,13.7007834471624,15.4201620325307,1
299,1,18.75,4,15.4201620325307,17.8046596134612,1
299,1,18.75,4,17.8046596134612,18.75,0
300,1,17.75,2,0,4.62138113021871,1
300,1,17.75,2,4.62138113021871,9.72697823514657,1
300,1,17.75,2,9.72697823514657,17.75,0
301,0,14.75,31,0,3.02406533239917,1
301,0,14.75,31,3.02406533239917,3.86973619795834,1
301,0,14.75,31,3.86973619795834,5.11957622916541,1
301,0,14.75,31,5.11957622916541,6.47544247360027,1
301,0,14.75,31,6.47544247360027,6.70505753263864,1
301,0,14.75,31,6.70505753263864,7.65353087075245,1
301,0,14.75,31,7.65353087075245,7.81727037828595,1
301,0,14.75,31,7.81727037828595,8.08606980885971,1
301,0,14.75,31,8.08606980885971,8.11927294096655,1
301,0,14.75,31,8.11927294096655,8.39997332506981,1
301,0,14.75,31,8.39997332506981,8.61449036531739,1
301,0,14.75,31,8.61449036531739,8.74791610624722,1
301,0,14.75,31,8.74791610624722,9.15838426158308,1
301,0,14.75,31,9.15838426158308,9.35073406109959,1
301,0,14.75,31,9.35073406109959,9.57961017468091,1
301,0,14.75,31,9.57961017468091,9.95077277357329,1
301,0,14.75,31,9.95077277357329,9.95622141393096,1
301,0,14.75,31,9.95622141393096,10.3738049701644,1
301,0,14.75,31,10.3738049701644,10.5356329282671,1
301,0,14.75,31,10.5356329282671,10.6873148898252,1
301,0,14.75,31,10.6873148898252,10.9867769223203,1
301,0,14.75,31,10.9867769223203,11.068108039747,1
301,0,14.75,31,11.068108039747,11.9104914769736,1
301,0,14.75,31,11.9104914769736,12.9948927035848,1
301,0,14.75,31,12.9948927035848,13.3796846633631,1
301,0,14.75,31,13.3796846633631,13.4236341547723,1
301,0,14.75,31,13.4236341547723,13.6046679388181,1
301,0,14.75,31,13.6046679388181,13.8836931818475,1
301,0,14.75,31,13.8836931818475,14.1978109756768,1
301,0,14.75,31,14.1978109756768,14.4742786749837,1
301,0,14.75,31,14.4742786749837,14.6718803129411,1
301,0,14.75,31,14.6718803129411,14.75,0
302,0,13.75,1,0,10.0334631900445,1
302,0,13.75,1,10.0334631900445,13.75,0
303,0,11.75,1,0,7.06726706264784,1
303,0,11.75,1,7.06726706264784,11.75,0
304,0,14.75,1,0,0.47673472487816,1
304,0,14.75,1,0.47673472487816,14.75,0
305,0,13.75,0,0,13.75,0
306,0,10.75,0,0,10.75,0
307,0,11.75,0,0,11.75,0
308,0,11.75,14,0,1.94159071256943,1
308,0,11.75,14,1.94159071256943,3.08549510590504,1
308,0,11.75,14,3.08549510590504,5.92570989514944,1
308,0,11.75,14,5.92570989514944,6.34154082728356,1
308,0,11.75,14,6.34154082728356,7.98657100109843,1
308,0,11.75,14,7.98657100109843,8.37429395647599,1
308,0,11.75,14,8.37429395647599,8.51441302676406,1
308,0,11.75,14,8.51441302676406,8.73001137780927,1
308,0,11.75,14,8.73001137780927,8.80828042531928,1
308,0,11.75,14,8.80828042531928,9.60130061653601,1
308,0,11.75,14,9.60130061653601,10.0982746633885,1
308,0,11.75,14,10.0982746633885,10.3840524932651,1
308,0,11.75,14,10.3840524932651,11.5487528932206,1
308,0,11.75,14,11.5487528932206,11.6180677767744,1
308,0,11.75,14,11.6180677767744,11.75,0
309,0,16.75,3,0,3.28071789346818,1
309,0,16.75,3,3.28071789346818,5.15347311170791,1
309,0,16.75,3,5.15347311170791,6.4983510980505,1
309,0,16.75,3,6.4983510980505,16.75,0
310,0,16.75,3,0,0.179253399861208,1
310,0,16.75,3,0.179253399861208,10.8794346692214,1
310,0,16.75,3,10.8794346692214,16.6159779843022,1
310,0,16.75,3,16.6159779843022,16.75,0
311,0,8.75,6,0,1.85561684095683,1
311,0,8.75,6,1.85561684095683,2.25978524145267,1
311,0,8.75,6,2.25978524145267,3.31216415451865,1
311,0,8.75,6,3.31216415451865,4.36625851484139,1
311,0,8.75,6,4.36625851484139,5.95479750118299,1
311,0,8.75,6,5.95479750118299,7.84203047117022,1
311,0,8.75,6,7.84203047117022,8.75,0
312,0,17.75,37,0,2.69106926846132,1
312,0,17.75,37,2.69106926846132,3.04729705913707,1
312,0,17.75,37,3.04729705913707,6.26113012681183,1
312,0,17.75,37,6.26113012681183,6.26247098756053,1
312,0,17.75,37,6.26247098756053,7.88327352928341,1
312,0,17.75,37,7.88327352928341,9.35795693019624,1
312,0,17.75,37,9.35795693019624,9.42733778646216,1
312,0,17.75,37,9.42733778646216,9.87570991707184,1
312,0,17.75,37,9.87570991707184,10.31957270623,1
312,0,17.75,37,10.31957270623,10.4293893554895,1
312,0,17.75,37,10.4293893554895,10.4631389463539,1
312,0,17.75,37,10.4631389463539,11.8725746284318,1
312,0,17.75,37,11.8725746284318,12.2802460520399,1
312,0,17.75,37,12.2802460520399,12.379933722945,1
312,0,17.75,37,12.379933722945,12.4894303891528,1
312,0,17.75,37,12.4894303891528,12.5493107007277,1
312,0,17.75,37,12.5493107007277,12.6781115226178,1
312,0,17.75,37,12.6781115226178,12.9661911471143,1
312,0,17.75,37,12.9661911471143,13.1459313485365,1
312,0,17.75,37,13.1459313485365,13.4230677523958,1
312,0,17.75,37,13.4230677523958,14.2635379135493,1
312,0,17.75,37,14.2635379135493,14.3607074873294,1
312,0,17.75,37,14.3607074873294,14.5711457420265,1
312,0,17.75,37,14.5711457420265,14.6634775410382,1
312,0,17.75,37,14.6634775410382,15.260905875543,1
312,0,17.75,37,15.260905875543,15.2885151252428,1
312,0,17.75,37,15.2885151252428,15.3583514928564,1
312,0,17.75,37,15.3583514928564,15.4612563923206,1
312,0,17.75,37,15.4612563923206,15.7128031995005,1
312,0,17.75,37,15.7128031995005,15.8086525877332,1
312,0,17.75,37,15.8086525877332,15.9589355410148,1
312,0,17.75,37,15.9589355410148,15.9939099825015,1
312,0,17.75,37,15.9939099825015,16.2057421088641,1
312,0,17.75,37,16.2057421088641,16.2076374236063,1
312,0,17.75,37,16.2076374236063,16.4659017609814,1
312,0,17.75,37,16.4659017609814,16.8947220710283,1
312,0,17.75,37,16.8947220710283,16.9950290100799,1
312,0,17.75,37,16.9950290100799,17.75,0
313,0,16.75,11,0,7.19886350817025,1
313,0,16.75,11,7.19886350817025,8.29043203076521,1
313,0,16.75,11,8.29043203076521,8.83217837377106,1
313,0,16.75,11,8.83217837377106,9.11300567747286,1
313,0,16.75,11,9.11300567747286,9.17184233429478,1
313,0,16.75,11,9.17184233429478,9.19367752105568,1
313,0,16.75,11,9.19367752105568,9.73430012030217,1
313,0,16.75,11,9.73430012030217,11.1214522763847,1
313,0,16.75,11,11.1214522763847,13.8040660935675,1
313,0,16.75,11,13.8040660935675,14.8463555178286,1
313,0,16.75,11,14.8463555178286,15.0702357215211,1
313,0,16.75,11,15.0702357215211,16.75,0
314,0,18.75,1,0,9.34412737756723,1
314,0,18.75,1,9.34412737756723,18.75,0
315,0,8.75,4,0,2.01237003291453,1
315,0,8.75,4,2.01237003291453,7.83924163790033,1
315,0,8.75,4,7.83924163790033,8.00337749387237,1
315,0,8.75,4,8.00337749387237,8.4657604417858,1
315,0,8.75,4,8.4657604417858,8.75,0
316,0,11.75,8,0,4.9074564945156,1
316,0,11.75,8,4.9074564945156,6.33284230202519,1
316,0,11.75,8,6.33284230202519,6.55472115920473,1
316,0,11.75,8,6.55472115920473,6.85838804860157,1
316,0,11.75,8,6.85838804860157,10.0396685665759,1
316,0,11.75,8,10.0396685665759,10.8580386870492,1
316,0,11.75,8,10.8580386870492,11.4485168974995,1
316,0,11.75,8,11.4485168974995,11.5830264821914,1
316,0,11.75,8,11.5830264821914,11.75,0
317,0,14.75,1,0,0.491502924886783,1
317,0,14.75,1,0.491502924886783,14.75,0
318,0,10.75,7,0,6.41002892046304,1
318,0,10.75,7,6.41002892046304,6.47443348388322,1
318,0,10.75,7,6.47443348388322,8.2617896492098,1
318,0,10.75,7,8.2617896492098,8.4325743969845,1
318,0,10.75,7,8.4325743969845,9.58580747557648,1
318,0,10.75,7,9.58580747557648,9.662422431004,1
318,0,10.75,7,9.662422431004,10.0770787090732,1
318,0,10.75,7,10.0770787090732,10.75,0
319,0,13.75,31,0,3.85863191235552,1
319,0,13.75,31,3.85863191235552,5.97098911918316,1
319,0,13.75,31,5.97098911918316,7.64252209428094,1
319,0,13.75,31,7.64252209428094,7.69472371278229,1
319,0,13.75,31,7.69472371278229,7.92909778764861,1
319,0,13.75,31,7.92909778764861,8.46638757783748,1
319,0,13.75,31,8.46638757783748,8.53258811173554,1
319,0,13.75,31,8.53258811173554,8.59367923372739,1
319,0,13.75,31,8.59367923372739,8.75463693832725,1
319,0,13.75,31,8.75463693832725,8.88844064653585,1
319,0,13.75,31,8.88844064653585,9.18422245357221,1
319,0,13.75,31,9.18422245357221,9.67075566949709,1
319,0,13.75,31,9.67075566949709,9.99162738112784,1
319,0,13.75,31,9.99162738112784,10.0663786169258,1
319,0,13.75,31,10.0663786169258,10.5631752058469,1
319,0,13.75,31,10.5631752058469,10.6314315532588,1
319,0,13.75,31,10.6314315532588,11.0161429211157,1
319,0,13.75,31,11.0161429211157,11.0393327455936,1
319,0,13.75,31,11.0393327455936,11.2619299558939,1
319,0,13.75,31,11.2619299558939,11.4087558597333,1
319,0,13.75,31,11.4087558597333,11.8333972009116,1
319,0,13.75,31,11.8333972009116,11.9154538261557,1
319,0,13.75,31,11.9154538261557,11.9965346068092,1
319,0,13.75,31,11.9965346068092,12.2269014641909,1
319,0,13.75,31,12.2269014641909,12.6042848595646,1
319,0,13.75,31,12.6042848595646,12.7332619361802,1
319,0,13.75,31,12.7332619361802,12.8205872467065,1
319,0,13.75,31,12.8205872467065,12.8666010834349,1
319,0,13.75,31,12.8666010834349,12.9510043541596,1
319,0,13.75,31,12.9510043541596,13.4575452106175,1
319,0,13.75,31,13.4575452106175,13.4915450778098,1
319,0,13.75,31,13.4915450778098,13.75,0
320,0,15.75,1,0,9.57263439392315,1
320,0,15.75,1,9.57263439392315,15.75,0
321,0,12.75,1,0,0.919588621706756,1
321,0,12.75,1,0.919588621706756,12.75,0
322,0,17.75,3,0,0.731799431945388,1
322,0,17.75,3,0.731799431945388,10.5145603473849,1
322,0,17.75,3,10.5145603473849,10.7062180838807,1
322,0,17.75,3,10.7062180838807,17.75,0
323,0,17.75,68,0,4.47422555772886,1
323,0,17.75,68,4.47422555772886,4.69848431333258,1
323,0,17.75,68,4.69848431333258,5.20401777176246,1
323,0,17.75,68,5.20401777176246,5.46719065113223,1
323,0,17.75,68,5.46719065113223,5.72682613192604,1
323,0,17.75,68,5.72682613192604,6.04229183731268,1
323,0,17.75,68,6.04229183731268,7.01613753474074,1
323,0,17.75,68,7.01613753474074,7.19791296920796,1
323,0,17.75,68,7.19791296920796,7.41430656168523,1
323,0,17.75,68,7.41430656168523,7.68150290260458,1
323,0,17.75,68,7.68150290260458,8.07948343407203,1
323,0,17.75,68,8.07948343407203,9.04147688898784,1
323,0,17.75,68,9.04147688898784,9.19775532841838,1
323,0,17.75,68,9.19775532841838,9.38946013094343,1
323,0,17.75,68,9.38946013094343,9.39553401602509,1
323,0,17.75,68,9.39553401602509,9.59117172736045,1
323,0,17.75,68,9.59117172736045,10.0139082402673,1
323,0,17.75,68,10.0139082402673,10.377651286539,1
323,0,17.75,68,10.377651286539,10.4345488953159,1
323,0,17.75,68,10.4345488953159,10.5009288115808,1
323,0,17.75,68,10.5009288115808,10.657001309039,1
323,0,17.75,68,10.657001309039,11.2334627905729,1
323,0,17.75,68,11.2334627905729,11.241197990831,1
323,0,17.75,68,11.241197990831,11.4144019504728,1
323,0,17.75,68,11.4144019504728,11.5423099418823,1
323,0,17.75,68,11.5423099418823,11.557599101072,1
323,0,17.75,68,11.557599101072,11.6227301013928,1
323,0,17.75,68,11.6227301013928,11.7633863809363,1
323,0,17.75,68,11.7633863809363,11.8510559852663,1
323,0,17.75,68,11.8510559852663,12.5476727459602,1
323,0,17.75,68,12.5476727459602,12.7202124961278,1
323,0,17.75,68,12.7202124961278,12.9252438008669,1
323,0,17.75,68,12.9252438008669,12.9340357128355,1
323,0,17.75,68,12.9340357128355,13.1501231501311,1
323,0,17.75,68,13.1501231501311,13.3216187344003,1
323,0,17.75,68,13.3216187344003,13.4445605736721,1
323,0,17.75,68,13.4445605736721,13.6983753614555,1
323,0,17.75,68,13.6983753614555,13.7975337896866,1
323,0,17.75,68,13.7975337896866,13.8245646395979,1
323,0,17.75,68,13.8245646395979,14.0922320220641,1
323,0,17.75,68,14.0922320220641,14.1022510076582,1
323,0,17.75,68,14.1022510076582,14.1405375150032,1
323,0,17.75,68,14.1405375150032,14.4031261350219,1
323,0,17.75,68,14.4031261350219,14.7416646512124,1
323,0,17.75,68,14.7416646512124,15.11368498893,1
323,0,17.75,68,15.11368498893,15.1392288347846,1
323,0,17.75,68,15.1392288347846,15.2731941214152,1
323,0,17.75,68,15.2731941214152,15.3442155784899,1
323,0,17.75,68,15.3442155784899,15.4797691857021,1
323,0,17.75,68,15.4797691857021,15.5823100593973,1
323,0,17.75,68,15.5823100593973,15.6167985261611,1
323,0,17.75,68,15.6167985261611,15.6302290809623,1
323,0,17.75,68,15.6302290809623,15.8488982453766,1
323,0,17.75,68,15.8488982453766,15.9380508905786,1
323,0,17.75,68,15.9380508905786,16.116174466105,1
323,0,17.75,68,16.116174466105,16.2125624800164,1
323,0,17.75,68,16.2125624800164,16.3433054936648,1
323,0,17.75,68,16.3433054936648,16.5600942669678,1
323,0,17.75,68,16.5600942669678,16.8853605972851,1
323,0,17.75,68,16.8853605972851,17.074246946312,1
323,0,17.75,68,17.074246946312,17.0807499893126,1
323,0,17.75,68,17.0807499893126,17.1543629314707,1
323,0,17.75,68,17.1543629314707,17.2187425459899,1
323,0,17.75,68,17.2187425459899,17.4439221528557,1
323,0,17.75,68,17.4439221528557,17.455697593008,1
323,0,17.75,68,17.455697593008,17.481075404898,1
323,0,17.75,68,17.481075404898,17.5257274862902,1
323,0,17.75,68,17.5257274862902,17.7432288365975,1
323,0,17.75,68,17.7432288365975,17.75,0
324,0,18.75,2,0,5.36928109455689,1
324,0,18.75,2,5.36928109455689,6.88295250043401,1
324,0,18.75,2,6.88295250043401,18.75,0
325,0,16.75,3,0,0.00610489200911105,1
325,0,16.75,3,0.00610489200911105,6.86376372275457,1
325,0,16.75,3,6.86376372275457,14.9247388547689,1
325,0,16.75,3,14.9247388547689,16.75,0
326,0,14.75,1,0,11.7290430529711,1
326,0,14.75,1,11.7290430529711,14.75,0
327,0,8.75,0,0,8.75,0
328,0,11.75,16,0,4.20024833059606,1
328,0,11.75,16,4.20024833059606,5.98927693787848,1
328,0,11.75,16,5.98927693787848,6.68431167089249,1
328,0,11.75,16,6.68431167089249,7.08763665119538,1
328,0,11.75,16,7.08763665119538,7.49214168281563,1
328,0,11.75,16,7.49214168281563,7.73468790739302,1
328,0,11.75,16,7.73468790739302,8.42597373832156,1
328,0,11.75,16,8.42597373832156,8.60365381910253,1
328,0,11.75,16,8.60365381910253,9.6970854425194,1
328,0,11.75,16,9.6970854425194,10.2730330421797,1
328,0,11.75,16,10.2730330421797,10.364731618575,1
328,0,11.75,16,10.364731618575,10.5822706955049,1
328,0,11.75,16,10.5822706955049,10.6550230700199,1
328,0,11.75,16,10.6550230700199,10.936754423895,1
328,0,11.75,16,10.936754423895,11.0179124752493,1
328,0,11.75,16,11.0179124752493,11.7474443898007,1
328,0,11.75,16,11.7474443898007,11.75,0
329,0,14.75,28,0,4.77830105948471,1
329,0,14.75,28,4.77830105948471,5.61239511157631,1
329,0,14.75,28,5.61239511157631,5.73740973157205,1
329,0,14.75,28,5.73740973157205,5.74705564885087,1
329,0,14.75,28,5.74705564885087,5.77507405434565,1
329,0,14.75,28,5.77507405434565,6.52169301010142,1
329,0,14.75,28,6.52169301010142,8.33322850601617,1
329,0,14.75,28,8.33322850601617,8.61327639632619,1
329,0,14.75,28,8.61327639632619,8.85871101858992,1
329,0,14.75,28,8.85871101858992,9.35854339473421,1
329,0,14.75,28,9.35854339473421,9.79139051820073,1
329,0,14.75,28,9.79139051820073,10.0795551799809,1
329,0,14.75,28,10.0795551799809,10.1306847302689,1
329,0,14.75,28,10.1306847302689,10.2405651919966,1
329,0,14.75,28,10.2405651919966,10.9530623904633,1
329,0,14.75,28,10.9530623904633,11.1011331989937,1
329,0,14.75,28,11.1011331989937,11.514132030628,1
329,0,14.75,28,11.514132030628,11.9717853608676,1
329,0,14.75,28,11.9717853608676,11.9829568351913,1
329,0,14.75,28,11.9829568351913,12.3616532916693,1
329,0,14.75,28,12.3616532916693,12.4346962088698,1
329,0,14.75,28,12.4346962088698,12.5293940349557,1
329,0,14.75,28,12.5293940349557,13.0114980369808,1
329,0,14.75,28,13.0114980369808,13.653912350802,1
329,0,14.75,28,13.653912350802,13.7572893113129,1
329,0,14.75,28,13.7572893113129,14.2385292977678,1
329,0,14.75,28,14.2385292977678,14.4274800546378,1
329,0,14.75,28,14.4274800546378,14.5037248221596,1
329,0,14.75,28,14.5037248221596,14.75,0
330,0,14.75,25,0,3.44744864939068,1
330,0,14.75,25,3.44744864939068,5.50519119937463,1
330,0,14.75,25,5.50519119937463,6.33987824500296,1
330,0,14.75,25,6.33987824500296,7.12892463351545,1
330,0,14.75,25,7.12892463351545,7.44408349595078,1
330,0,14.75,25,7.44408349595078,7.70206392892795,1
330,0,14.75,25,7.70206392892795,8.80869590342654,1
330,0,14.75,25,8.80869590342654,9.21850262363076,1
330,0,14.75,25,9.21850262363076,9.5058447678125,1
330,0,14.75,25,9.5058447678125,9.86314666185146,1
330,0,14.75,25,9.86314666185146,11.3380797288245,1
330,0,14.75,25,11.3380797288245,11.8125011791062,1
330,0,14.75,25,11.8125011791062,11.9062468160046,1
330,0,14.75,25,11.9062468160046,11.9151521851154,1
330,0,14.75,25,11.9151521851154,12.2983325823445,1
330,0,14.75,25,12.2983325823445,12.3323854216242,1
330,0,14.75,25,12.3323854216242,12.6536089452629,1
330,0,14.75,25,12.6536089452629,12.9305138564454,1
330,0,14.75,25,12.9305138564454,13.1455828535959,1
330,0,14.75,25,13.1455828535959,13.5573903695549,1
330,0,14.75,25,13.5573903695549,13.6126138216127,1
330,0,14.75,25,13.6126138216127,13.7085776327751,1
330,0,14.75,25,13.7085776327751,13.8522355287562,1
330,0,14.75,25,13.8522355287562,13.9041066057392,1
330,0,14.75,25,13.9041066057392,14.2564851587772,1
330,0,14.75,25,14.2564851587772,14.75,0
331,0,16.75,34,0,3.47787339611088,1
331,0,16.75,34,3.47787339611088,3.51709876235258,1
331,0,16.75,34,3.51709876235258,6.96074047961715,1
331,0,16.75,34,6.96074047961715,9.46099677483031,1
331,0,16.75,34,9.46099677483031,9.62690653101143,1
331,0,16.75,34,9.62690653101143,10.1099392593029,1
331,0,16.75,34,10.1099392593029,10.514073503317,1
331,0,16.75,34,10.514073503317,10.5446518273422,1
331,0,16.75,34,10.5446518273422,10.8820016395201,1
331,0,16.75,34,10.8820016395201,12.1339361862051,1
331,0,16.75,34,12.1339361862051,12.2448131241286,1
331,0,16.75,34,12.2448131241286,12.3548198746467,1
331,0,16.75,34,12.3548198746467,12.5055787357726,1
331,0,16.75,34,12.5055787357726,12.542335668021,1
331,0,16.75,34,12.542335668021,12.8562791815654,1
331,0,16.75,34,12.8562791815654,13.0763566844328,1
331,0,16.75,34,13.0763566844328,13.4081575596392,1
331,0,16.75,34,13.4081575596392,13.6257716921989,1
331,0,16.75,34,13.6257716921989,14.1690490971378,1
331,0,16.75,34,14.1690490971378,14.2569082159399,1
331,0,16.75,34,14.2569082159399,14.8043527691739,1
331,0,16.75,34,14.8043527691739,14.8120497381771,1
331,0,16.75,34,14.8120497381771,14.9803433445978,1
331,0,16.75,34,14.9803433445978,15.5451070415754,1
331,0,16.75,34,15.5451070415754,15.6628633063959,1
331,0,16.75,34,15.6628633063959,15.6993533909695,1
331,0,16.75,34,15.6993533909695,15.7159841957911,1
331,0,16.75,34,15.7159841957911,16.2806668256308,1
331,0,16.75,34,16.2806668256308,16.3463176616156,1
331,0,16.75,34,16.3463176616156,16.4207933060548,1
331,0,16.75,34,16.4207933060548,16.4685944320378,1
331,0,16.75,34,16.4685944320378,16.486421117158,1
331,0,16.75,34,16.486421117158,16.4876907915784,1
331,0,16.75,34,16.4876907915784,16.631203788526,1
331,0,16.75,34,16.631203788526,16.75,0
332,0,8.75,6,0,6.29853083777177,1
332,0,8.75,6,6.29853083777177,6.66516869344342,1
332,0,8.75,6,6.66516869344342,6.83766875786969,1
332,0,8.75,6,6.83766875786969,6.91016553558408,1
332,0,8.75,6,6.91016553558408,7.87323052040881,1
332,0,8.75,6,7.87323052040881,8.18089843628391,1
332,0,8.75,6,8.18089843628391,8.75,0
333,0,9.75,0,0,9.75,0
334,0,11.75,0,0,11.75,0
335,0,12.75,39,0,0.848558724587071,1
335,0,12.75,39,0.848558724587071,1.62227020117258,1
335,0,12.75,39,1.62227020117258,2.33966357836359,1
335,0,12.75,39,2.33966357836359,3.2629240858486,1
335,0,12.75,39,3.2629240858486,3.5199271317858,1
335,0,12.75,39,3.5199271317858,5.24063111900028,1
335,0,12.75,39,5.24063111900028,5.26721764259678,1
335,0,12.75,39,5.26721764259678,6.4172900279556,1
335,0,12.75,39,6.4172900279556,6.53229116404434,1
335,0,12.75,39,6.53229116404434,6.54482328067708,1
335,0,12.75,39,6.54482328067708,6.55110016061873,1
335,0,12.75,39,6.55110016061873,6.78938252467548,1
335,0,12.75,39,6.78938252467548,6.94482511364005,1
335,0,12.75,39,6.94482511364005,6.95537402944712,1
335,0,12.75,39,6.95537402944712,7.51377915414972,1
335,0,12.75,39,7.51377915414972,8.26069296331687,1
335,0,12.75,39,8.26069296331687,8.54698216419172,1
335,0,12.75,39,8.54698216419172,8.74921222558299,1
335,0,12.75,39,8.74921222558299,8.75423891490876,1
335,0,12.75,39,8.75423891490876,9.20102703375665,1
335,0,12.75,39,9.20102703375665,9.64618821227938,1
335,0,12.75,39,9.64618821227938,9.89730709605587,1
335,0,12.75,39,9.89730709605587,10.1740517206206,1
335,0,12.75,39,10.1740517206206,10.4233123938298,1
335,0,12.75,39,10.4233123938298,10.4615337041168,1
335,0,12.75,39,10.4615337041168,10.4755218953904,1
335,0,12.75,39,10.4755218953904,10.5798643666434,1
335,0,12.75,39,10.5798643666434,10.7881467945764,1
335,0,12.75,39,10.7881467945764,11.1593068822722,1
335,0,12.75,39,11.1593068822722,11.1949269674043,1
335,0,12.75,39,11.1949269674043,11.2073026417536,1
335,0,12.75,39,11.2073026417536,11.6085314090121,1
335,0,12.75,39,11.6085314090121,11.6178042987974,1
335,0,12.75,39,11.6178042987974,11.7800318380624,1
335,0,12.75,39,11.7800318380624,12.0408403903909,1
335,0,12.75,39,12.0408403903909,12.1674909411749,1
335,0,12.75,39,12.1674909411749,12.2781554484961,1
335,0,12.75,39,12.2781554484961,12.4474444012009,1
335,0,12.75,39,12.4474444012009,12.479677943033,1
335,0,12.75,39,12.479677943033,12.75,0
336,0,9.75,3,0,6.88565916521339,1
336,0,9.75,3,6.88565916521339,9.01455075806108,1
336,0,9.75,3,9.01455075806108,9.50356712683372,1
336,0,9.75,3,9.50356712683372,9.75,0
337,0,15.75,2,0,1.15953074164792,1
337,0,15.75,2,1.15953074164792,5.68104557705723,1
337,0,15.75,2,5.68104557705723,15.75,0
338,0,19.75,2,0,2.51696257340549,1
338,0,19.75,2,2.51696257340549,6.20419712953943,1
338,0,19.75,2,6.20419712953943,19.75,0
339,0,17.75,45,0,5.06610653675316,1
339,0,17.75,45,5.06610653675316,6.13293774800705,1
339,0,17.75,45,6.13293774800705,6.43293747464607,1
339,0,17.75,45,6.43293747464607,6.57408980750629,1
339,0,17.75,45,6.57408980750629,6.66724260060997,1
339,0,17.75,45,6.66724260060997,6.70354823122168,1
339,0,17.75,45,6.70354823122168,6.96545068143553,1
339,0,17.75,45,6.96545068143553,7.59869120031127,1
339,0,17.75,45,7.59869120031127,9.94481673969949,1
339,0,17.75,45,9.94481673969949,10.3839049029463,1
339,0,17.75,45,10.3839049029463,10.5257226983129,1
339,0,17.75,45,10.5257226983129,10.8300849831607,1
339,0,17.75,45,10.8300849831607,11.0531540049802,1
339,0,17.75,45,11.0531540049802,11.0843148814079,1
339,0,17.75,45,11.0843148814079,11.0894553478483,1
339,0,17.75,45,11.0894553478483,11.1713154733956,1
339,0,17.75,45,11.1713154733956,11.7846951882008,1
339,0,17.75,45,11.7846951882008,11.8900363405113,1
339,0,17.75,45,11.8900363405113,12.1232770002663,1
339,0,17.75,45,12.1232770002663,12.5240360804363,1
339,0,17.75,45,12.5240360804363,12.8696883448957,1
339,0,17.75,45,12.8696883448957,13.5657267758211,1
339,0,17.75,45,13.5657267758211,13.6395770094802,1
339,0,17.75,45,13.6395770094802,13.6908826974179,1
339,0,17.75,45,13.6908826974179,13.7505680839274,1
339,0,17.75,45,13.7505680839274,13.8446167135994,1
339,0,17.75,45,13.8446167135994,14.0073716658161,1
339,0,17.75,45,14.0073716658161,14.0354341540272,1
339,0,17.75,45,14.0354341540272,14.4040676320369,1
339,0,17.75,45,14.4040676320369,15.0533594941081,1
339,0,17.75,45,15.0533594941081,15.1468132659434,1
339,0,17.75,45,15.1468132659434,15.4983980027634,1
339,0,17.75,45,15.4983980027634,15.5820619874282,1
339,0,17.75,45,15.5820619874282,15.7375570727839,1
339,0,17.75,45,15.7375570727839,15.8934303218894,1
339,0,17.75,45,15.8934303218894,16.213157385249,1
339,0,17.75,45,16.213157385249,16.2893237544351,1
339,0,17.75,45,16.2893237544351,16.4919856747028,1
339,0,17.75,45,16.4919856747028,16.6208692661488,1
339,0,17.75,45,16.6208692661488,16.8938442740769,1
339,0,17.75,45,16.8938442740769,17.0326628561724,1
339,0,17.75,45,17.0326628561724,17.2906496700331,1
339,0,17.75,45,17.2906496700331,17.5384498097072,1
339,0,17.75,45,17.5384498097072,17.726912362196,1
339,0,17.75,45,17.726912362196,17.7273006935396,1
339,0,17.75,45,17.7273006935396,17.75,0
340,0,13.75,15,0,3.18073057440316,1
340,0,13.75,15,3.18073057440316,5.54511312839437,1
340,0,13.75,15,5.54511312839437,6.55787503857542,1
340,0,13.75,15,6.55787503857542,6.55790394093443,1
340,0,13.75,15,6.55790394093443,9.53532415936026,1
340,0,13.75,15,9.53532415936026,9.57468984895022,1
340,0,13.75,15,9.57468984895022,9.61910642891976,1
340,0,13.75,15,9.61910642891976,11.3353941691987,1
340,0,13.75,15,11.3353941691987,11.4957729359531,1
340,0,13.75,15,11.4957729359531,12.4864580150158,1
340,0,13.75,15,12.4864580150158,12.6902178310827,1
340,0,13.75,15,12.6902178310827,13.261509507365,1
340,0,13.75,15,13.261509507365,13.283987761299,1
340,0,13.75,15,13.283987761299,13.4368851527394,1
340,0,13.75,15,13.4368851527394,13.605159688697,1
340,0,13.75,15,13.605159688697,13.75,0
341,0,13.75,18,0,4.58255837667085,1
341,0,13.75,18,4.58255837667085,5.57187452464106,1
341,0,13.75,18,5.57187452464106,5.99655536968919,1
341,0,13.75,18,5.99655536968919,7.7399172145078,1
341,0,13.75,18,7.7399172145078,8.55275734391828,1
341,0,13.75,18,8.55275734391828,8.88050184944587,1
341,0,13.75,18,8.88050184944587,9.08874677214426,1
341,0,13.75,18,9.08874677214426,9.6625802261577,1
341,0,13.75,18,9.6625802261577,10.7079867849555,1
341,0,13.75,18,10.7079867849555,10.9352318458341,1
341,0,13.75,18,10.9352318458341,11.1438272724899,1
341,0,13.75,18,11.1438272724899,11.2244187274449,1
341,0,13.75,18,11.2244187274449,12.4071527609799,1
341,0,13.75,18,12.4071527609799,12.9419899685828,1
341,0,13.75,18,12.9419899685828,13.0518469198217,1
341,0,13.75,18,13.0518469198217,13.2424330449925,1
341,0,13.75,18,13.2424330449925,13.4295961048066,1
341,0,13.75,18,13.4295961048066,13.5723734730121,1
341,0,13.75,18,13.5723734730121,13.75,0
342,0,14.75,1,0,5.95190393317504,1
342,0,14.75,1,5.95190393317504,14.75,0
343,0,9.75,6,0,3.70506390382183,1
343,0,9.75,6,3.70506390382183,4.29270205727019,1
343,0,9.75,6,4.29270205727019,5.27287639555027,1
343,0,9.75,6,5.27287639555027,6.05493895482375,1
343,0,9.75,6,6.05493895482375,7.42646672449867,1
343,0,9.75,6,7.42646672449867,9.61067396195978,1
343,0,9.75,6,9.61067396195978,9.75,0
344,0,18.75,50,0,4.14841481289643,1
344,0,18.75,50,4.14841481289643,4.59539974948686,1
344,0,18.75,50,4.59539974948686,6.25897982559448,1
344,0,18.75,50,6.25897982559448,6.43372801798904,1
344,0,18.75,50,6.43372801798904,6.60497133105383,1
344,0,18.75,50,6.60497133105383,6.79311520726823,1
344,0,18.75,50,6.79311520726823,6.84643175600109,1
344,0,18.75,50,6.84643175600109,7.12388385534395,1
344,0,18.75,50,7.12388385534395,7.45538789117712,1
344,0,18.75,50,7.45538789117712,7.69660784927379,1
344,0,18.75,50,7.69660784927379,8.01819870730245,1
344,0,18.75,50,8.01819870730245,8.16998018034258,1
344,0,18.75,50,8.16998018034258,9.06981949868664,1
344,0,18.75,50,9.06981949868664,10.0830841803537,1
344,0,18.75,50,10.0830841803537,10.2364394963273,1
344,0,18.75,50,10.2364394963273,11.7533649946658,1
344,0,18.75,50,11.7533649946658,11.8234499636705,1
344,0,18.75,50,11.8234499636705,11.8317067117051,1
344,0,18.75,50,11.8317067117051,12.0874009038654,1
344,0,18.75,50,12.0874009038654,12.1142943346396,1
344,0,18.75,50,12.1142943346396,12.2399604141962,1
344,0,18.75,50,12.2399604141962,12.2808564389085,1
344,0,18.75,50,12.2808564389085,12.5493501807148,1
344,0,18.75,50,12.5493501807148,12.621056873888,1
344,0,18.75,50,12.621056873888,12.6549047696351,1
344,0,18.75,50,12.6549047696351,12.732445675589,1
344,0,18.75,50,12.732445675589,13.0421405340017,1
344,0,18.75,50,13.0421405340017,13.0975946704546,1
344,0,18.75,50,13.0975946704546,13.2199322487769,1
344,0,18.75,50,13.2199322487769,13.4241113623129,1
344,0,18.75,50,13.4241113623129,13.7067610248667,1
344,0,18.75,50,13.7067610248667,13.7228271758514,1
344,0,18.75,50,13.7228271758514,14.5392357744685,1
344,0,18.75,50,14.5392357744685,14.5440223540688,1
344,0,18.75,50,14.5440223540688,15.0225410464016,1
344,0,18.75,50,15.0225410464016,15.1631846858633,1
344,0,18.75,50,15.1631846858633,15.9070275832981,1
344,0,18.75,50,15.9070275832981,15.9092492417528,1
344,0,18.75,50,15.9092492417528,16.2057329746279,1
344,0,18.75,50,16.2057329746279,16.2115800574202,1
344,0,18.75,50,16.2115800574202,16.4727498178062,1
344,0,18.75,50,16.4727498178062,16.5856834230492,1
344,0,18.75,50,16.5856834230492,16.8984672644709,1
344,0,18.75,50,16.8984672644709,17.0278150997083,1
344,0,18.75,50,17.0278150997083,17.6969051542493,1
344,0,18.75,50,17.6969051542493,17.8075639504209,1
344,0,18.75,50,17.8075639504209,17.9977700655892,1
344,0,18.75,50,17.9977700655892,18.1804095041777,1
344,0,18.75,50,18.1804095041777,18.4709672054086,1
344,0,18.75,50,18.4709672054086,18.6420350601185,1
344,0,18.75,50,18.6420350601185,18.75,0
345,0,15.75,1,0,6.08934822379009,1
345,0,15.75,1,6.08934822379009,15.75,0
346,0,18.75,0,0,18.75,0
347,0,18.75,1,0,1.37856283146415,1
347,0,18.75,1,1.37856283146415,18.75,0
348,0,16.75,19,0,2.78526181983271,1
348,0,16.75,19,2.78526181983271,3.59613397921487,1
348,0,16.75,19,3.59613397921487,6.27996896129055,1
348,0,16.75,19,6.27996896129055,8.21389404769534,1
348,0,16.75,19,8.21389404769534,8.26550408112691,1
348,0,16.75,19,8.26550408112691,8.93958521732567,1
348,0,16.75,19,8.93958521732567,11.6240583966916,1
348,0,16.75,19,11.6240583966916,11.8738181519529,1
348,0,16.75,19,11.8738181519529,12.0220447654677,1
348,0,16.75,19,12.0220447654677,12.2110023264079,1
348,0,16.75,19,12.2110023264079,12.3947264463545,1
348,0,16.75,19,12.3947264463545,13.1539909491622,1
348,0,16.75,19,13.1539909491622,13.2011016921938,1
348,0,16.75,19,13.2011016921938,13.3792183705528,1
348,0,16.75,19,13.3792183705528,14.2915188981776,1
348,0,16.75,19,14.2915188981776,15.2776310406683,1
348,0,16.75,19,15.2776310406683,15.8656052742973,1
348,0,16.75,19,15.8656052742973,15.8861551775229,1
348,0,16.75,19,15.8861551775229,16.0306892856627,1
348,0,16.75,19,16.0306892856627,16.75,0
349,0,11.75,11,0,5.02054817604338,1
349,0,11.75,11,5.02054817604338,5.88140068688891,1
349,0,11.75,11,5.88140068688891,6.3233426621059,1
349,0,11.75,11,6.3233426621059,6.56173971297737,1
349,0,11.75,11,6.56173971297737,6.89913507296628,1
349,0,11.75,11,6.89913507296628,7.07675355378903,1
349,0,11.75,11,7.07675355378903,7.38234032703646,1
349,0,11.75,11,7.38234032703646,8.8236850570483,1
349,0,11.75,11,8.8236850570483,10.7986599603121,1
349,0,11.75,11,10.7986599603121,11.0192087270784,1
349,0,11.75,11,11.0192087270784,11.0583894258759,1
349,0,11.75,11,11.0583894258759,11.75,0
350,0,19.75,68,0,2.98247838878181,1
350,0,19.75,68,2.98247838878181,6.43345582828654,1
350,0,19.75,68,6.43345582828654,6.5215558814302,1
350,0,19.75,68,6.5215558814302,7.04959069286225,1
350,0,19.75,68,7.04959069286225,7.14831269303364,1
350,0,19.75,68,7.14831269303364,8.06163565611005,1
350,0,19.75,68,8.06163565611005,8.42613106904585,1
350,0,19.75,68,8.42613106904585,8.45880469827355,1
350,0,19.75,68,8.45880469827355,8.61542304345523,1
350,0,19.75,68,8.61542304345523,9.30148155554774,1
350,0,19.75,68,9.30148155554774,9.69244738466908,1
350,0,19.75,68,9.69244738466908,9.80157551937059,1
350,0,19.75,68,9.80157551937059,10.5313916560651,1
350,0,19.75,68,10.5313916560651,10.6035298659387,1
350,0,19.75,68,10.6035298659387,10.6978745068953,1
350,0,19.75,68,10.6978745068953,11.1277746873433,1
350,0,19.75,68,11.1277746873433,11.2297520446824,1
350,0,19.75,68,11.2297520446824,11.3921722105595,1
350,0,19.75,68,11.3921722105595,11.5019743674481,1
350,0,19.75,68,11.5019743674481,11.664985459611,1
350,0,19.75,68,11.664985459611,11.8966802608762,1
350,0,19.75,68,11.8966802608762,11.9775749592717,1
350,0,19.75,68,11.9775749592717,12.2128017407127,1
350,0,19.75,68,12.2128017407127,12.2719755020719,1
350,0,19.75,68,12.2719755020719,12.3354539499245,1
350,0,19.75,68,12.3354539499245,12.5018085074282,1
350,0,19.75,68,12.5018085074282,12.8326661615993,1
350,0,19.75,68,12.8326661615993,12.9887132708218,1
350,0,19.75,68,12.9887132708218,13.1340295311338,1
350,0,19.75,68,13.1340295311338,13.3983642328406,1
350,0,19.75,68,13.3983642328406,13.4809618728963,1
350,0,19.75,68,13.4809618728963,13.8854956489384,1
350,0,19.75,68,13.8854956489384,14.0987353723733,1
350,0,19.75,68,14.0987353723733,14.2108447405248,1
350,0,19.75,68,14.2108447405248,14.3207377500102,1
350,0,19.75,68,14.3207377500102,14.3262768565206,1
350,0,19.75,68,14.3262768565206,14.8297296125425,1
350,0,19.75,68,14.8297296125425,14.8488170862661,1
350,0,19.75,68,14.8488170862661,14.8498278286672,1
350,0,19.75,68,14.8498278286672,14.8703720521743,1
350,0,19.75,68,14.8703720521743,15.1777343075181,1
350,0,19.75,68,15.1777343075181,15.2429403221373,1
350,0,19.75,68,15.2429403221373,15.2483332508989,1
350,0,19.75,68,15.2483332508989,15.8296176510561,1
350,0,19.75,68,15.8296176510561,15.9179622838721,1
350,0,19.75,68,15.9179622838721,16.0785683233883,1
350,0,19.75,68,16.0785683233883,16.2658832382176,1
350,0,19.75,68,16.2658832382176,16.3087787119322,1
350,0,19.75,68,16.3087787119322,16.5115381298548,1
350,0,19.75,68,16.5115381298548,16.8617986960631,1
350,0,19.75,68,16.8617986960631,16.8641615327928,1
350,0,19.75,68,16.8641615327928,16.8646451666716,1
350,0,19.75,68,16.8646451666716,16.8920259508263,1
350,0,19.75,68,16.8920259508263,16.9187364596715,1
350,0,19.75,68,16.9187364596715,17.1827703607206,1
350,0,19.75,68,17.1827703607206,17.3667308305686,1
350,0,19.75,68,17.3667308305686,17.3947352514299,1
350,0,19.75,68,17.3947352514299,17.7316312750429,1
350,0,19.75,68,17.7316312750429,17.7531464308069,1
350,0,19.75,68,17.7531464308069,17.7872340666574,1
350,0,19.75,68,17.7872340666574,17.8159347164608,1
350,0,19.75,68,17.8159347164608,17.8857237232777,1
350,0,19.75,68,17.8857237232777,18.4415660913633,1
350,0,19.75,68,18.4415660913633,18.490136322243,1
350,0,19.75,68,18.490136322243,18.7581044420535,1
350,0,19.75,68,18.7581044420535,18.924817099572,1
350,0,19.75,68,18.924817099572,19.356286350628,1
350,0,19.75,68,19.356286350628,19.4548943056301,1
350,0,19.75,68,19.4548943056301,19.75,0
351,0,18.75,1,0,6.2915115197595,1
351,0,18.75,1,6.2915115197595,18.75,0
352,0,18.75,38,0,3.37579512700454,1
352,0,18.75,38,3.37579512700454,3.97088714127453,1
352,0,18.75,38,3.97088714127453,5.93107206085297,1
352,0,18.75,38,5.93107206085297,7.25020929862431,1
352,0,18.75,38,7.25020929862431,7.72027857566423,1
352,0,18.75,38,7.72027857566423,7.75612186329862,1
352,0,18.75,38,7.75612186329862,8.27195866988178,1
352,0,18.75,38,8.27195866988178,9.69781579335705,1
352,0,18.75,38,9.69781579335705,10.1828712948856,1
352,0,18.75,38,10.1828712948856,10.3718760604471,1
352,0,18.75,38,10.3718760604471,10.846335189099,1
352,0,18.75,38,10.846335189099,10.9470393814082,1
352,0,18.75,38,10.9470393814082,11.2133888050824,1
352,0,18.75,38,11.2133888050824,11.5326504881104,1
352,0,18.75,38,11.5326504881104,11.8302515028895,1
352,0,18.75,38,11.8302515028895,12.3679099402272,1
352,0,18.75,38,12.3679099402272,12.7392364435844,1
352,0,18.75,38,12.7392364435844,13.0517407941022,1
352,0,18.75,38,13.0517407941022,13.053534630401,1
352,0,18.75,38,13.053534630401,13.4112134827019,1
352,0,18.75,38,13.4112134827019,13.4463875252236,1
352,0,18.75,38,13.4463875252236,13.7029930160048,1
352,0,18.75,38,13.7029930160048,14.3596706431276,1
352,0,18.75,38,14.3596706431276,14.4533628674587,1
352,0,18.75,38,14.4533628674587,14.4667207567237,1
352,0,18.75,38,14.4667207567237,14.703551908655,1
352,0,18.75,38,14.703551908655,14.7378690792857,1
352,0,18.75,38,14.7378690792857,15.1175471017921,1
352,0,18.75,38,15.1175471017921,15.3156174829968,1
352,0,18.75,38,15.3156174829968,16.163730398298,1
352,0,18.75,38,16.163730398298,16.735117472156,1
352,0,18.75,38,16.735117472156,16.9134056450512,1
352,0,18.75,38,16.9134056450512,17.155523046372,1
352,0,18.75,38,17.155523046372,17.2404627512035,1
352,0,18.75,38,17.2404627512035,17.3557322569254,1
352,0,18.75,38,17.3557322569254,18.06204473543,1
352,0,18.75,38,18.06204473543,18.3411218621715,1
352,0,18.75,38,18.3411218621715,18.3613885690299,1
352,0,18.75,38,18.3613885690299,18.75,0
353,0,8.75,3,0,3.76154745112151,1
353,0,8.75,3,3.76154745112151,5.72965053156883,1
353,0,8.75,3,5.72965053156883,7.1682310858858,1
353,0,8.75,3,7.1682310858858,8.75,0
354,0,16.75,39,0,4.18989273502896,1
354,0,16.75,39,4.18989273502896,4.94305975844224,1
354,0,16.75,39,4.94305975844224,5.76831811528755,1
354,0,16.75,39,5.76831811528755,5.87768979127071,1
354,0,16.75,39,5.87768979127071,6.10215427327207,1
354,0,16.75,39,6.10215427327207,7.12745327273968,1
354,0,16.75,39,7.12745327273968,7.36645234016401,1
354,0,16.75,39,7.36645234016401,8.15024239631376,1
354,0,16.75,39,8.15024239631376,8.23755757964356,1
354,0,16.75,39,8.23755757964356,9.44944200242887,1
354,0,16.75,39,9.44944200242887,9.94334716311363,1
354,0,16.75,39,9.94334716311363,10.3466853496985,1
354,0,16.75,39,10.3466853496985,10.436742641958,1
354,0,16.75,39,10.436742641958,10.5953025749189,1
354,0,16.75,39,10.5953025749189,10.9050715737955,1
354,0,16.75,39,10.9050715737955,10.9473219213863,1
354,0,16.75,39,10.9473219213863,11.24554540495,1
354,0,16.75,39,11.24554540495,11.2999918731725,1
354,0,16.75,39,11.2999918731725,12.2182435826861,1
354,0,16.75,39,12.2182435826861,12.2468016661758,1
354,0,16.75,39,12.2468016661758,12.3521184363308,1
354,0,16.75,39,12.3521184363308,12.3551367574922,1
354,0,16.75,39,12.3551367574922,12.5394269575061,1
354,0,16.75,39,12.5394269575061,12.6342090351046,1
354,0,16.75,39,12.6342090351046,13.0561943644124,1
354,0,16.75,39,13.0561943644124,13.1862900160283,1
354,0,16.75,39,13.1862900160283,13.8726930959871,1
354,0,16.75,39,13.8726930959871,14.103988729376,1
354,0,16.75,39,14.103988729376,14.7277003367315,1
354,0,16.75,39,14.7277003367315,14.75020345753,1
354,0,16.75,39,14.75020345753,14.8405474579093,1
354,0,16.75,39,14.8405474579093,14.9572964266619,1
354,0,16.75,39,14.9572964266619,15.2157136917615,1
354,0,16.75,39,15.2157136917615,15.3113174360799,1
354,0,16.75,39,15.3113174360799,15.9901021869317,1
354,0,16.75,39,15.9901021869317,16.1571251799317,1
354,0,16.75,39,16.1571251799317,16.2637110230208,1
354,0,16.75,39,16.2637110230208,16.3288306370479,1
354,0,16.75,39,16.3288306370479,16.4852833906602,1
354,0,16.75,39,16.4852833906602,16.75,0
355,0,11.75,0,0,11.75,0
356,0,16.75,30,0,5.29889526384963,1
356,0,16.75,30,5.29889526384963,5.9051940391853,1
356,0,16.75,30,5.9051940391853,5.9286264766511,1
356,0,16.75,30,5.9286264766511,5.93758719764536,1
356,0,16.75,30,5.93758719764536,5.96502356473733,1
356,0,16.75,30,5.96502356473733,8.93930034820242,1
356,0,16.75,30,8.93930034820242,9.37410172644865,1
356,0,16.75,30,9.37410172644865,10.9534984404524,1
356,0,16.75,30,10.9534984404524,13.272133804518,1
356,0,16.75,30,13.272133804518,13.6035786435337,1
356,0,16.75,30,13.6035786435337,13.7072702210983,1
356,0,16.75,30,13.7072702210983,13.8563057712358,1
356,0,16.75,30,13.8563057712358,14.3316961814488,1
356,0,16.75,30,14.3316961814488,14.5564806360403,1
356,0,16.75,30,14.5564806360403,14.5882255629889,1
356,0,16.75,30,14.5882255629889,14.8651760428415,1
356,0,16.75,30,14.8651760428415,14.8921803809204,1
356,0,16.75,30,14.8921803809204,14.9855771310371,1
356,0,16.75,30,14.9855771310371,15.0124015239896,1
356,0,16.75,30,15.0124015239896,15.2619378143882,1
356,0,16.75,30,15.2619378143882,15.3273675478002,1
356,0,16.75,30,15.3273675478002,15.4864434790769,1
356,0,16.75,30,15.4864434790769,15.6465330740789,1
356,0,16.75,30,15.6465330740789,15.9571597665854,1
356,0,16.75,30,15.9571597665854,16.2670325674194,1
356,0,16.75,30,16.2670325674194,16.361012454304,1
356,0,16.75,30,16.361012454304,16.5597726684823,1
356,0,16.75,30,16.5597726684823,16.5609210198318,1
356,0,16.75,30,16.5609210198318,16.6067598350787,1
356,0,16.75,30,16.6067598350787,16.6726162030841,1
356,0,16.75,30,16.6726162030841,16.75,0
357,0,14.75,0,0,14.75,0
358,0,16.75,2,0,11.4824465213494,1
358,0,16.75,2,11.4824465213494,14.1368205354877,1
358,0,16.75,2,14.1368205354877,16.75,0
359,0,14.75,0,0,14.75,0
360,0,13.75,64,0,2.74322207784436,1
360,0,13.75,64,2.74322207784436,5.1615692761527,1
360,0,13.75,64,5.1615692761527,5.37804628409841,1
360,0,13.75,64,5.37804628409841,6.25804419586032,1
360,0,13.75,64,6.25804419586032,6.26017175816196,1
360,0,13.75,64,6.26017175816196,6.37873310498104,1
360,0,13.75,64,6.37873310498104,6.46025374520772,1
360,0,13.75,64,6.46025374520772,6.80496209934988,1
360,0,13.75,64,6.80496209934988,7.00196997276396,1
360,0,13.75,64,7.00196997276396,7.54674995984447,1
360,0,13.75,64,7.54674995984447,7.88380777778756,1
360,0,13.75,64,7.88380777778756,7.99138067563043,1
360,0,13.75,64,7.99138067563043,8.11235148766648,1
360,0,13.75,64,8.11235148766648,8.12773912450622,1
360,0,13.75,64,8.12773912450622,8.71641432804011,1
360,0,13.75,64,8.71641432804011,8.72413492306334,1
360,0,13.75,64,8.72413492306334,8.81352798300087,1
360,0,13.75,64,8.81352798300087,9.10657248024884,1
360,0,13.75,64,9.10657248024884,9.57009832004861,1
360,0,13.75,64,9.57009832004861,9.61962931581552,1
360,0,13.75,64,9.61962931581552,9.67999725544937,1
360,0,13.75,64,9.67999725544937,9.6900243132694,1
360,0,13.75,64,9.6900243132694,9.73068663155586,1
360,0,13.75,64,9.73068663155586,10.0419733272187,1
360,0,13.75,64,10.0419733272187,10.1336537126762,1
360,0,13.75,64,10.1336537126762,10.3325131102284,1
360,0,13.75,64,10.3325131102284,10.4455895812742,1
360,0,13.75,64,10.4455895812742,10.6519645627537,1
360,0,13.75,64,10.6519645627537,10.666044564724,1
360,0,13.75,64,10.666044564724,10.7940627797446,1
360,0,13.75,64,10.7940627797446,10.8216399792327,1
360,0,13.75,64,10.8216399792327,10.9417512714842,1
360,0,13.75,64,10.9417512714842,11.0506182086099,1
360,0,13.75,64,11.0506182086099,11.0996507940383,1
360,0,13.75,64,11.0996507940383,11.2651361119763,1
360,0,13.75,64,11.2651361119763,11.2720702467237,1
360,0,13.75,64,11.2720702467237,11.3635841123664,1
360,0,13.75,64,11.3635841123664,11.4259279716616,1
360,0,13.75,64,11.4259279716616,11.6622060087066,1
360,0,13.75,64,11.6622060087066,11.7179161286816,1
360,0,13.75,64,11.7179161286816,11.8662011468823,1
360,0,13.75,64,11.8662011468823,11.9540529890758,1
360,0,13.75,64,11.9540529890758,12.2210151231757,1
360,0,13.75,64,12.2210151231757,12.4757673825548,1
360,0,13.75,64,12.4757673825548,12.5463765179437,1
360,0,13.75,64,12.5463765179437,12.572462872658,1
360,0,13.75,64,12.572462872658,12.7910050057208,1
360,0,13.75,64,12.7910050057208,12.9950938685261,1
360,0,13.75,64,12.9950938685261,13.0294715998349,1
360,0,13.75,64,13.0294715998349,13.0399764392279,1
360,0,13.75,64,13.0399764392279,13.076848000708,1
360,0,13.75,64,13.076848000708,13.098273455142,1
360,0,13.75,64,13.098273455142,13.1564195321527,1
360,0,13.75,64,13.1564195321527,13.2561090545349,1
360,0,13.75,64,13.2561090545349,13.2660251789301,1
360,0,13.75,64,13.2660251789301,13.3271838047889,1
360,0,13.75,64,13.3271838047889,13.4033870189067,1
360,0,13.75,64,13.4033870189067,13.4267782657065,1
360,0,13.75,64,13.4267782657065,13.4816955415058,1
360,0,13.75,64,13.4816955415058,13.4868040909895,1
360,0,13.75,64,13.4868040909895,13.5883706129298,1
360,0,13.75,64,13.5883706129298,13.5924326783235,1
360,0,13.75,64,13.5924326783235,13.726870476403,1
360,0,13.75,64,13.726870476403,13.731064639271,1
360,0,13.75,64,13.731064639271,13.75,0
361,0,12.75,0,0,12.75,0
362,0,19.75,43,0,4.3181697975859,1
362,0,19.75,43,4.3181697975859,4.98338298073695,1
362,0,19.75,43,4.98338298073695,5.37623307182725,1
362,0,19.75,43,5.37623307182725,6.38822609811637,1
362,0,19.75,43,6.38822609811637,6.49087316125448,1
362,0,19.75,43,6.49087316125448,7.00283170520954,1
362,0,19.75,43,7.00283170520954,8.26747647594188,1
362,0,19.75,43,8.26747647594188,8.50415948096271,1
362,0,19.75,43,8.50415948096271,8.70681680780294,1
362,0,19.75,43,8.70681680780294,9.07912097784323,1
362,0,19.75,43,9.07912097784323,9.78695584966934,1
362,0,19.75,43,9.78695584966934,10.1424882897804,1
362,0,19.75,43,10.1424882897804,10.7436332596026,1
362,0,19.75,43,10.7436332596026,10.8795907381561,1
362,0,19.75,43,10.8795907381561,11.2461974539613,1
362,0,19.75,43,11.2461974539613,12.7401244824825,1
362,0,19.75,43,12.7401244824825,12.975438084104,1
362,0,19.75,43,12.975438084104,13.465350711339,1
362,0,19.75,43,13.465350711339,13.8365661655276,1
362,0,19.75,43,13.8365661655276,14.1995204587979,1
362,0,19.75,43,14.1995204587979,14.8713501274276,1
362,0,19.75,43,14.8713501274276,15.1980003504876,1
362,0,19.75,43,15.1980003504876,15.3085143664834,1
362,0,19.75,43,15.3085143664834,15.4848884921094,1
362,0,19.75,43,15.4848884921094,16.2349791287735,1
362,0,19.75,43,16.2349791287735,16.7304700819257,1
362,0,19.75,43,16.7304700819257,16.9397374457656,1
362,0,19.75,43,16.9397374457656,17.129076576259,1
362,0,19.75,43,17.129076576259,18.0355475395217,1
362,0,19.75,43,18.0355475395217,18.1004804329772,1
362,0,19.75,43,18.1004804329772,18.2509877947917,1
362,0,19.75,43,18.2509877947917,18.3110646933747,1
362,0,19.75,43,18.3110646933747,18.3629830552693,1
362,0,19.75,43,18.3629830552693,18.513578247069,1
362,0,19.75,43,18.513578247069,18.5948105668726,1
362,0,19.75,43,18.5948105668726,18.6023808490098,1
362,0,19.75,43,18.6023808490098,18.7820968604131,1
362,0,19.75,43,18.7820968604131,18.8767551280964,1
362,0,19.75,43,18.8767551280964,18.9643424643061,1
362,0,19.75,43,18.9643424643061,19.1754405958146,1
362,0,19.75,43,19.1754405958146,19.2619518778873,1
362,0,19.75,43,19.2619518778873,19.5762307208147,1
362,0,19.75,43,19.5762307208147,19.7304125563925,1
362,0,19.75,43,19.7304125563925,19.75,0
363,0,18.75,63,0,2.74312481992281,1
363,0,18.75,63,2.74312481992281,3.33998060797542,1
363,0,18.75,63,3.33998060797542,3.67549923667283,1
363,0,18.75,63,3.67549923667283,3.76715007524521,1
363,0,18.75,63,3.76715007524521,5.84413688721752,1
363,0,18.75,63,5.84413688721752,6.99722669348479,1
363,0,18.75,63,6.99722669348479,7.68246759204166,1
363,0,18.75,63,7.68246759204166,8.63994312151065,1
363,0,18.75,63,8.63994312151065,8.64499598831817,1
363,0,18.75,63,8.64499598831817,8.74102726336412,1
363,0,18.75,63,8.74102726336412,8.88359144101827,1
363,0,18.75,63,8.88359144101827,9.88816315744949,1
363,0,18.75,63,9.88816315744949,10.3679725589738,1
363,0,18.75,63,10.3679725589738,10.4499711939892,1
363,0,18.75,63,10.4499711939892,10.7228376999969,1
363,0,18.75,63,10.7228376999969,10.7679934063568,1
363,0,18.75,63,10.7679934063568,11.2078549422496,1
363,0,18.75,63,11.2078549422496,11.4850980621673,1
363,0,18.75,63,11.4850980621673,11.8015652011389,1
363,0,18.75,63,11.8015652011389,12.3001536636113,1
363,0,18.75,63,12.3001536636113,12.306789455328,1
363,0,18.75,63,12.306789455328,12.3154297822533,1
363,0,18.75,63,12.3154297822533,12.5297549992953,1
363,0,18.75,63,12.5297549992953,12.6134991608655,1
363,0,18.75,63,12.6134991608655,12.6639319344877,1
363,0,18.75,63,12.6639319344877,12.8126974028954,1
363,0,18.75,63,12.8126974028954,12.8143211905931,1
363,0,18.75,63,12.8143211905931,12.8290946029401,1
363,0,18.75,63,12.8290946029401,13.468508102149,1
363,0,18.75,63,13.468508102149,13.6198937621536,1
363,0,18.75,63,13.6198937621536,14.5083813379922,1
363,0,18.75,63,14.5083813379922,14.6449114618438,1
363,0,18.75,63,14.6449114618438,14.7235538598153,1
363,0,18.75,63,14.7235538598153,14.7688049663157,1
363,0,18.75,63,14.7688049663157,14.8805139957941,1
363,0,18.75,63,14.8805139957941,14.9124161380801,1
363,0,18.75,63,14.9124161380801,15.0223768643765,1
363,0,18.75,63,15.0223768643765,15.0908313841279,1
363,0,18.75,63,15.0908313841279,15.2003464299422,1
363,0,18.75,63,15.2003464299422,15.637515976827,1
363,0,18.75,63,15.637515976827,16.0127126698989,1
363,0,18.75,63,16.0127126698989,16.1632152151388,1
363,0,18.75,63,16.1632152151388,16.4161540224588,1
363,0,18.75,63,16.4161540224588,16.5658153735432,1
363,0,18.75,63,16.5658153735432,16.6630022062647,1
363,0,18.75,63,16.6630022062647,17.072088775673,1
363,0,18.75,63,17.072088775673,17.0727359534374,1
363,0,18.75,63,17.0727359534374,17.1058628967589,1
363,0,18.75,63,17.1058628967589,17.1793701685546,1
363,0,18.75,63,17.1793701685546,17.2181621983163,1
363,0,18.75,63,17.2181621983163,17.2305269254404,1
363,0,18.75,63,17.2305269254404,17.2510199016966,1
363,0,18.75,63,17.2510199016966,17.2977693714332,1
363,0,18.75,63,17.2977693714332,17.7208634618833,1
363,0,18.75,63,17.7208634618833,17.7750518792161,1
363,0,18.75,63,17.7750518792161,17.7871404200323,1
363,0,18.75,63,17.7871404200323,17.8223430236581,1
363,0,18.75,63,17.8223430236581,17.8256369724313,1
363,0,18.75,63,17.8256369724313,17.8572272802307,1
363,0,18.75,63,17.8572272802307,17.9226994462421,1
363,0,18.75,63,17.9226994462421,18.273933640298,1
363,0,18.75,63,18.273933640298,18.3664147914811,1
363,0,18.75,63,18.3664147914811,18.532278267701,1
363,0,18.75,63,18.532278267701,18.75,0
364,0,10.75,14,0,4.79711105717448,1
364,0,10.75,14,4.79711105717448,5.61594455838667,1
364,0,10.75,14,5.61594455838667,6.04838401588266,1
364,0,10.75,14,6.04838401588266,6.0684477746799,1
364,0,10.75,14,6.0684477746799,6.79935452269168,1
364,0,10.75,14,6.79935452269168,7.53272655455404,1
364,0,10.75,14,7.53272655455404,7.74510310925215,1
364,0,10.75,14,7.74510310925215,8.2247129448132,1
364,0,10.75,14,8.2247129448132,8.82536620913255,1
364,0,10.75,14,8.82536620913255,8.85701107496985,1
364,0,10.75,14,8.85701107496985,9.06480493612948,1
364,0,10.75,14,9.06480493612948,9.36032098534519,1
364,0,10.75,14,9.36032098534519,9.65883239055631,1
364,0,10.75,14,9.65883239055631,9.82974044324632,1
364,0,10.75,14,9.82974044324632,10.75,0
365,0,8.75,9,0,3.96109295236411,1
365,0,8.75,9,3.96109295236411,6.21565331059018,1
365,0,8.75,9,6.21565331059018,6.53557590424535,1
365,0,8.75,9,6.53557590424535,6.66819678320984,1
365,0,8.75,9,6.66819678320984,6.91307007231872,1
365,0,8.75,9,6.91307007231872,7.35493928441335,1
365,0,8.75,9,7.35493928441335,7.86329314042248,1
365,0,8.75,9,7.86329314042248,7.88787935701989,1
365,0,8.75,9,7.88787935701989,8.66587491994891,1
365,0,8.75,9,8.66587491994891,8.75,0
366,0,14.75,34,0,2.56459975090069,1
366,0,14.75,34,2.56459975090069,3.48971644459402,1
366,0,14.75,34,3.48971644459402,3.5127610764187,1
366,0,14.75,34,3.5127610764187,5.76174697894214,1
366,0,14.75,34,5.76174697894214,5.7813939408879,1
366,0,14.75,34,5.7813939408879,7.28232782305202,1
366,0,14.75,34,7.28232782305202,7.32881593847393,1
366,0,14.75,34,7.32881593847393,7.9235844824485,1
366,0,14.75,34,7.9235844824485,8.20698197711546,1
366,0,14.75,34,8.20698197711546,8.72069651521682,1
366,0,14.75,34,8.72069651521682,10.3315602551835,1
366,0,14.75,34,10.3315602551835,10.5781209493124,1
366,0,14.75,34,10.5781209493124,10.8618684898419,1
366,0,14.75,34,10.8618684898419,11.3724634246146,1
366,0,14.75,34,11.3724634246146,11.7607227742268,1
366,0,14.75,34,11.7607227742268,11.8208935175172,1
366,0,14.75,34,11.8208935175172,11.8514915676862,1
366,0,14.75,34,11.8514915676862,11.9222548420525,1
366,0,14.75,34,11.9222548420525,11.9255605231392,1
366,0,14.75,34,11.9255605231392,12.0557064964159,1
366,0,14.75,34,12.0557064964159,12.1812521905768,1
366,0,14.75,34,12.1812521905768,12.247844794299,1
366,0,14.75,34,12.247844794299,12.2588947672929,1
366,0,14.75,34,12.2588947672929,12.6429451427806,1
366,0,14.75,34,12.6429451427806,12.7665652647236,1
366,0,14.75,34,12.7665652647236,12.796499666255,1
366,0,14.75,34,12.796499666255,13.043463363118,1
366,0,14.75,34,13.043463363118,13.1578991069807,1
366,0,14.75,34,13.1578991069807,13.1714411571361,1
366,0,14.75,34,13.1714411571361,13.1925049727383,1
366,0,14.75,34,13.1925049727383,13.2565606929482,1
366,0,14.75,34,13.2565606929482,13.3412388568328,1
366,0,14.75,34,13.3412388568328,13.9884191028624,1
366,0,14.75,34,13.9884191028624,14.7220905301407,1
366,0,14.75,34,14.7220905301407,14.75,0
367,0,19.75,35,0,4.13417452349951,1
367,0,19.75,35,4.13417452349951,6.85486971336452,1
367,0,19.75,35,6.85486971336452,7.14056910927393,1
367,0,19.75,35,7.14056910927393,7.81516737192919,1
367,0,19.75,35,7.81516737192919,8.56134515018078,1
367,0,19.75,35,8.56134515018078,9.178208518404,1
367,0,19.75,35,9.178208518404,9.20811384439096,1
367,0,19.75,35,9.20811384439096,9.75344145835135,1
367,0,19.75,35,9.75344145835135,9.75622732741467,1
367,0,19.75,35,9.75622732741467,10.8404090180607,1
367,0,19.75,35,10.8404090180607,10.9406328313345,1
367,0,19.75,35,10.9406328313345,11.9238961923102,1
367,0,19.75,35,11.9238961923102,11.986579555327,1
367,0,19.75,35,11.986579555327,12.1080178912314,1
367,0,19.75,35,12.1080178912314,12.7585008020912,1
367,0,19.75,35,12.7585008020912,13.3383226125696,1
367,0,19.75,35,13.3383226125696,13.4386332407799,1
367,0,19.75,35,13.4386332407799,13.6557860993032,1
367,0,19.75,35,13.6557860993032,13.8714967488631,1
367,0,19.75,35,13.8714967488631,13.9011455418151,1
367,0,19.75,35,13.9011455418151,14.5606651439381,1
367,0,19.75,35,14.5606651439381,14.7742284418304,1
367,0,19.75,35,14.7742284418304,14.7890333934942,1
367,0,19.75,35,14.7890333934942,14.9877821012683,1
367,0,19.75,35,14.9877821012683,15.2065362199703,1
367,0,19.75,35,15.2065362199703,15.4034561749379,1
367,0,19.75,35,15.4034561749379,15.5958806972977,1
367,0,19.75,35,15.5958806972977,15.8019351764197,1
367,0,19.75,35,15.8019351764197,15.9609538880562,1
367,0,19.75,35,15.9609538880562,16.3458562167467,1
367,0,19.75,35,16.3458562167467,17.0404208796054,1
367,0,19.75,35,17.0404208796054,18.3489039093033,1
367,0,19.75,35,18.3489039093033,19.6232701533703,1
367,0,19.75,35,19.6232701533703,19.7351776932554,1
367,0,19.75,35,19.7351776932554,19.7405947141616,1
367,0,19.75,35,19.7405947141616,19.75,0
368,0,14.75,30,0,3.3101723762283,1
368,0,14.75,30,3.3101723762283,5.38400125958632,1
368,0,14.75,30,5.38400125958632,6.00835518756465,1
368,0,14.75,30,6.00835518756465,6.37894891136583,1
368,0,14.75,30,6.37894891136583,7.05437902862947,1
368,0,14.75,30,7.05437902862947,7.15776101223324,1
368,0,14.75,30,7.15776101223324,7.55224629966367,1
368,0,14.75,30,7.55224629966367,7.69620037981664,1
368,0,14.75,30,7.69620037981664,8.03872973001578,1
368,0,14.75,30,8.03872973001578,8.13837085402651,1
368,0,14.75,30,8.13837085402651,8.34345475087554,1
368,0,14.75,30,8.34345475087554,9.25271050144482,1
368,0,14.75,30,9.25271050144482,9.27892940147269,1
368,0,14.75,30,9.27892940147269,9.8912632961174,1
368,0,14.75,30,9.8912632961174,10.1558486059411,1
368,0,14.75,30,10.1558486059411,10.2110019128309,1
368,0,14.75,30,10.2110019128309,10.29477130709,1
368,0,14.75,30,10.29477130709,11.7990327008845,1
368,0,14.75,30,11.7990327008845,11.7994213249268,1
368,0,14.75,30,11.7994213249268,12.1217454528994,1
368,0,14.75,30,12.1217454528994,12.3135704587225,1
368,0,14.75,30,12.3135704587225,12.5632780406065,1
368,0,14.75,30,12.5632780406065,12.8347195958349,1
368,0,14.75,30,12.8347195958349,13.1109781583646,1
368,0,14.75,30,13.1109781583646,13.1246615198779,1
368,0,14.75,30,13.1246615198779,13.1673601827342,1
368,0,14.75,30,13.1673601827342,13.2155597111584,1
368,0,14.75,30,13.2155597111584,13.6245793301559,1
368,0,14.75,30,13.6245793301559,14.6231219365252,1
368,0,14.75,30,14.6231219365252,14.7380849475366,1
368,0,14.75,30,14.7380849475366,14.75,0
369,0,14.75,1,0,0.0155536538664617,1
369,0,14.75,1,0.0155536538664617,14.75,0
370,0,14.75,28,0,3.28662063611539,1
370,0,14.75,28,3.28662063611539,3.5034981349969,1
370,0,14.75,28,3.5034981349969,5.38048664871238,1
370,0,14.75,28,5.38048664871238,7.70084792525314,1
370,0,14.75,28,7.70084792525314,7.90996768676428,1
370,0,14.75,28,7.90996768676428,9.0700719849245,1
370,0,14.75,28,9.0700719849245,9.1315909017906,1
370,0,14.75,28,9.1315909017906,9.21643998861727,1
370,0,14.75,28,9.21643998861727,9.25625606110941,1
370,0,14.75,28,9.25625606110941,9.25955182696137,1
370,0,14.75,28,9.25955182696137,9.73935110827598,1
370,0,14.75,28,9.73935110827598,10.4869823085156,1
370,0,14.75,28,10.4869823085156,10.5304530864493,1
370,0,14.75,28,10.5304530864493,10.558202586602,1
370,0,14.75,28,10.558202586602,10.8502639753744,1
370,0,14.75,28,10.8502639753744,11.081267325757,1
370,0,14.75,28,11.081267325757,11.3472742928939,1
370,0,14.75,28,11.3472742928939,11.8521395087079,1
370,0,14.75,28,11.8521395087079,11.8659842165697,1
370,0,14.75,28,11.8659842165697,12.3214004933067,1
370,0,14.75,28,12.3214004933067,12.5077902577229,1
370,0,14.75,28,12.5077902577229,12.6031106346876,1
370,0,14.75,28,12.6031106346876,12.9938599356645,1
370,0,14.75,28,12.9938599356645,13.6093023365639,1
370,0,14.75,28,13.6093023365639,13.6493263948713,1
370,0,14.75,28,13.6493263948713,13.8119478847155,1
370,0,14.75,28,13.8119478847155,13.8235939137174,1
370,0,14.75,28,13.8235939137174,14.3698394912262,1
370,0,14.75,28,14.3698394912262,14.75,0
371,0,13.75,0,0,13.75,0
372,0,11.75,1,0,3.36331718274885,1
372,0,11.75,1,3.36331718274885,11.75,0
373,0,10.75,1,0,4.68556042451991,1
373,0,10.75,1,4.68556042451991,10.75,0
374,0,10.75,10,0,2.11407248023126,1
374,0,10.75,10,2.11407248023126,4.67351665036953,1
374,0,10.75,10,4.67351665036953,4.87897705573523,1
374,0,10.75,10,4.87897705573523,5.68795526100649,1
374,0,10.75,10,5.68795526100649,5.76460186417833,1
374,0,10.75,10,5.76460186417833,8.09958306637691,1
374,0,10.75,10,8.09958306637691,8.44421475054592,1
374,0,10.75,10,8.44421475054592,9.66622307298401,1
374,0,10.75,10,9.66622307298401,9.97012210955047,1
374,0,10.75,10,9.97012210955047,10.448159064619,1
374,0,10.75,10,10.448159064619,10.75,0
375,0,16.75,11,0,4.83476393415779,1
375,0,16.75,11,4.83476393415779,6.15489425313562,1
375,0,16.75,11,6.15489425313562,8.49191001305163,1
375,0,16.75,11,8.49191001305163,8.6890716549281,1
375,0,16.75,11,8.6890716549281,9.72600223384382,1
375,0,16.75,11,9.72600223384382,11.2062641316036,1
375,0,16.75,11,11.2062641316036,11.3186209416578,1
375,0,16.75,11,11.3186209416578,12.0019568540856,1
375,0,16.75,11,12.0019568540856,12.4765525651043,1
375,0,16.75,11,12.4765525651043,14.3564187168357,1
375,0,16.75,11,14.3564187168357,15.2766649164287,1
375,0,16.75,11,15.2766649164287,16.75,0
376,0,15.75,13,0,5.82226473257389,1
376,0,15.75,13,5.82226473257389,5.83047492407326,1
376,0,15.75,13,5.83047492407326,7.4713357561056,1
376,0,15.75,13,7.4713357561056,7.48830709948882,1
376,0,15.75,13,7.48830709948882,8.11729617393765,1
376,0,15.75,13,8.11729617393765,9.69420809726589,1
376,0,15.75,13,9.69420809726589,12.07581250075,1
376,0,15.75,13,12.07581250075,12.7338417697414,1
376,0,15.75,13,12.7338417697414,13.7365092201251,1
376,0,15.75,13,13.7365092201251,14.277877111998,1
376,0,15.75,13,14.277877111998,14.4264410977141,1
376,0,15.75,13,14.4264410977141,15.1552103971157,1
376,0,15.75,13,15.1552103971157,15.6754417118037,1
376,0,15.75,13,15.6754417118037,15.75,0
377,0,13.75,4,0,0.00526947913920477,1
377,0,13.75,4,0.00526947913920477,0.286475037846,1
377,0,13.75,4,0.286475037846,3.44895285697856,1
377,0,13.75,4,3.44895285697856,5.64989142975064,1
377,0,13.75,4,5.64989142975064,13.75,0
378,0,11.75,1,0,4.55094003245082,1
378,0,11.75,1,4.55094003245082,11.75,0
379,0,18.75,1,0,0.225863990620217,1
379,0,18.75,1,0.225863990620217,18.75,0
380,0,10.75,0,0,10.75,0
381,0,12.75,22,0,2.51552922254731,1
381,0,12.75,22,2.51552922254731,3.73934405830644,1
381,0,12.75,22,3.73934405830644,5.9942382694706,1
381,0,12.75,22,5.9942382694706,6.28389868156446,1
381,0,12.75,22,6.28389868156446,6.31477335587024,1
381,0,12.75,22,6.31477335587024,7.00020233787931,1
381,0,12.75,22,7.00020233787931,7.32317915030277,1
381,0,12.75,22,7.32317915030277,8.41208493791076,1
381,0,12.75,22,8.41208493791076,8.49340429610451,1
381,0,12.75,22,8.49340429610451,8.75278807988629,1
381,0,12.75,22,8.75278807988629,9.06681627717169,1
381,0,12.75,22,9.06681627717169,9.56041942355664,1
381,0,12.75,22,9.56041942355664,9.57067065282371,1
381,0,12.75,22,9.57067065282371,9.64726759071378,1
381,0,12.75,22,9.64726759071378,9.65716597957577,1
381,0,12.75,22,9.65716597957577,10.4083634582818,1
381,0,12.75,22,10.4083634582818,10.8514150458732,1
381,0,12.75,22,10.8514150458732,11.6467844707664,1
381,0,12.75,22,11.6467844707664,11.8726126650837,1
381,0,12.75,22,11.8726126650837,12.1086510157574,1
381,0,12.75,22,12.1086510157574,12.3482248788966,1
381,0,12.75,22,12.3482248788966,12.5742991659634,1
381,0,12.75,22,12.5742991659634,12.75,0
382,0,13.75,3,0,4.57032081889502,1
382,0,13.75,3,4.57032081889502,6.23307026632378,1
382,0,13.75,3,6.23307026632378,12.2789555241535,1
382,0,13.75,3,12.2789555241535,13.75,0
383,0,17.75,50,0,5.96283689885441,1
383,0,17.75,50,5.96283689885441,8.69888963820001,1
383,0,17.75,50,8.69888963820001,9.58553758999639,1
383,0,17.75,50,9.58553758999639,9.87307126151928,1
383,0,17.75,50,9.87307126151928,10.2101126783956,1
383,0,17.75,50,10.2101126783956,10.3033708712927,1
383,0,17.75,50,10.3033708712927,10.3600956205564,1
383,0,17.75,50,10.3600956205564,10.4613327390587,1
383,0,17.75,50,10.4613327390587,10.5620166752293,1
383,0,17.75,50,10.5620166752293,10.5867597792863,1
383,0,17.75,50,10.5867597792863,10.5869247696769,1
383,0,17.75,50,10.5869247696769,10.6820081173889,1
383,0,17.75,50,10.6820081173889,11.0317295325681,1
383,0,17.75,50,11.0317295325681,11.0634432083609,1
383,0,17.75,50,11.0634432083609,11.6156935217753,1
383,0,17.75,50,11.6156935217753,11.7639625504108,1
383,0,17.75,50,11.7639625504108,11.94370862498,1
383,0,17.75,50,11.94370862498,12.0367026818176,1
383,0,17.75,50,12.0367026818176,12.0558959767069,1
383,0,17.75,50,12.0558959767069,12.741579733613,1
383,0,17.75,50,12.741579733613,12.9250308562667,1
383,0,17.75,50,12.9250308562667,13.2978679938098,1
383,0,17.75,50,13.2978679938098,13.6517343789053,1
383,0,17.75,50,13.6517343789053,13.7153087910007,1
383,0,17.75,50,13.7153087910007,13.9639076602426,1
383,0,17.75,50,13.9639076602426,13.9722530509193,1
383,0,17.75,50,13.9722530509193,14.0183872676931,1
383,0,17.75,50,14.0183872676931,14.4247021354439,1
383,0,17.75,50,14.4247021354439,14.5385080962674,1
383,0,17.75,50,14.5385080962674,14.6354072902044,1
383,0,17.75,50,14.6354072902044,14.8465540674832,1
383,0,17.75,50,14.8465540674832,15.1446391864179,1
383,0,17.75,50,15.1446391864179,15.1881538017401,1
383,0,17.75,50,15.1881538017401,15.2506787266615,1
383,0,17.75,50,15.2506787266615,15.2707441391147,1
383,0,17.75,50,15.2707441391147,15.4533128778321,1
383,0,17.75,50,15.4533128778321,15.5818776163408,1
383,0,17.75,50,15.5818776163408,16.0594807303903,1
383,0,17.75,50,16.0594807303903,16.1778255791989,1
383,0,17.75,50,16.1778255791989,16.2823209620463,1
383,0,17.75,50,16.2823209620463,16.3602462951095,1
383,0,17.75,50,16.3602462951095,16.5915421545838,1
383,0,17.75,50,16.5915421545838,16.7105060047267,1
383,0,17.75,50,16.7105060047267,16.7212967464593,1
383,0,17.75,50,16.7212967464593,16.8250521371082,1
383,0,17.75,50,16.8250521371082,16.8361316968347,1
383,0,17.75,50,16.8361316968347,16.9532517753529,1
383,0,17.75,50,16.9532517753529,17.4083433472348,1
383,0,17.75,50,17.4083433472348,17.4484630820173,1
383,0,17.75,50,17.4484630820173,17.563809133416,1
383,0,17.75,50,17.563809133416,17.75,0
384,0,19.75,73,0,4.10684690274944,1
384,0,19.75,73,4.10684690274944,4.43770311325987,1
384,0,19.75,73,4.43770311325987,5.48167082601566,1
384,0,19.75,73,5.48167082601566,6.06830990758665,1
384,0,19.75,73,6.06830990758665,6.50922900942223,1
384,0,19.75,73,6.50922900942223,7.29806236797364,1
384,0,19.75,73,7.29806236797364,7.40365564478313,1
384,0,19.75,73,7.40365564478313,8.17646127011708,1
384,0,19.75,73,8.17646127011708,9.01994553641969,1
384,0,19.75,73,9.01994553641969,10.4892468558229,1
384,0,19.75,73,10.4892468558229,10.5072092855628,1
384,0,19.75,73,10.5072092855628,10.6989733004826,1
384,0,19.75,73,10.6989733004826,10.7768011886857,1
384,0,19.75,73,10.7768011886857,10.9179076640796,1
384,0,19.75,73,10.9179076640796,11.1124210068458,1
384,0,19.75,73,11.1124210068458,11.5661803708807,1
384,0,19.75,73,11.5661803708807,11.6108003589017,1
384,0,19.75,73,11.6108003589017,11.7034506789185,1
384,0,19.75,73,11.7034506789185,12.1392341845227,1
384,0,19.75,73,12.1392341845227,12.5283858606282,1
384,0,19.75,73,12.5283858606282,12.7158752710166,1
384,0,19.75,73,12.7158752710166,13.0675861399362,1
384,0,19.75,73,13.0675861399362,13.0803660045618,1
384,0,19.75,73,13.0803660045618,13.2700315587716,1
384,0,19.75,73,13.2700315587716,13.3200681253597,1
384,0,19.75,73,13.3200681253597,14.2843251487359,1
384,0,19.75,73,14.2843251487359,14.3599758836128,1
384,0,19.75,73,14.3599758836128,14.4173616736367,1
384,0,19.75,73,14.4173616736367,15.122011028233,1
384,0,19.75,73,15.122011028233,15.1970504710127,1
384,0,19.75,73,15.1970504710127,15.1974011116183,1
384,0,19.75,73,15.1974011116183,15.2120915580278,1
384,0,19.75,73,15.2120915580278,15.2589999736525,1
384,0,19.75,73,15.2589999736525,15.3580352300606,1
384,0,19.75,73,15.3580352300606,15.5143871615212,1
384,0,19.75,73,15.5143871615212,15.8569712331953,1
384,0,19.75,73,15.8569712331953,16.301538897384,1
384,0,19.75,73,16.301538897384,16.3174081059744,1
384,0,19.75,73,16.3174081059744,16.4638273111434,1
384,0,19.75,73,16.4638273111434,16.5059157840812,1
384,0,19.75,73,16.5059157840812,16.519238420803,1
384,0,19.75,73,16.519238420803,16.6166594079735,1
384,0,19.75,73,16.6166594079735,16.7417926097779,1
384,0,19.75,73,16.7417926097779,16.842294100632,1
384,0,19.75,73,16.842294100632,17.050611014458,1
384,0,19.75,73,17.050611014458,17.0661244102538,1
384,0,19.75,73,17.0661244102538,17.2299781553474,1
384,0,19.75,73,17.2299781553474,17.2328439196741,1
384,0,19.75,73,17.2328439196741,17.5399751587432,1
384,0,19.75,73,17.5399751587432,17.6820681279258,1
384,0,19.75,73,17.6820681279258,17.8352687697667,1
384,0,19.75,73,17.8352687697667,17.9024643587558,1
384,0,19.75,73,17.9024643587558,17.9445612946237,1
384,0,19.75,73,17.9445612946237,17.9739829133423,1
384,0,19.75,73,17.9739829133423,17.9936664798428,1
384,0,19.75,73,17.9936664798428,18.1185035349377,1
384,0,19.75,73,18.1185035349377,18.2009981049998,1
384,0,19.75,73,18.2009981049998,18.3202002254482,1
384,0,19.75,73,18.3202002254482,18.3414292829596,1
384,0,19.75,73,18.3414292829596,18.3988314529396,1
384,0,19.75,73,18.3988314529396,18.7315553815155,1
384,0,19.75,73,18.7315553815155,18.7812707752128,1
384,0,19.75,73,18.7812707752128,18.78696674449,1
384,0,19.75,73,18.78696674449,18.8150162109992,1
384,0,19.75,73,18.8150162109992,18.9687574734391,1
384,0,19.75,73,18.9687574734391,19.0196436260096,1
384,0,19.75,73,19.0196436260096,19.0487109207899,1
384,0,19.75,73,19.0487109207899,19.1302762605357,1
384,0,19.75,73,19.1302762605357,19.1581976252772,1
384,0,19.75,73,19.1581976252772,19.4767604651687,1
384,0,19.75,73,19.4767604651687,19.4941149461302,1
384,0,19.75,73,19.4941149461302,19.6864575967829,1
384,0,19.75,73,19.6864575967829,19.7206673135804,1
384,0,19.75,73,19.7206673135804,19.75,0
385,0,8.75,4,0,2.95858479252243,1
385,0,8.75,4,2.95858479252243,7.98716123892765,1
385,0,8.75,4,7.98716123892765,8.2396607540695,1
385,0,8.75,4,8.2396607540695,8.24900384400556,1
385,0,8.75,4,8.24900384400556,8.75,0
386,0,9.75,1,0,0.0443394099421515,1
386,0,9.75,1,0.0443394099421515,9.75,0
387,0,13.75,27,0,0.897022460542995,1
387,0,13.75,27,0.897022460542995,2.66563197841746,1
387,0,13.75,27,2.66563197841746,3.14442055787327,1
387,0,13.75,27,3.14442055787327,3.40358731667533,1
387,0,13.75,27,3.40358731667533,4.04859575037255,1
387,0,13.75,27,4.04859575037255,4.33290969867147,1
387,0,13.75,27,4.33290969867147,4.39370475639554,1
387,0,13.75,27,4.39370475639554,5.15464532937986,1
387,0,13.75,27,5.15464532937986,5.26363595111832,1
387,0,13.75,27,5.26363595111832,5.87529790761279,1
387,0,13.75,27,5.87529790761279,5.97832628238498,1
387,0,13.75,27,5.97832628238498,7.19726567728108,1
387,0,13.75,27,7.19726567728108,7.70071289558375,1
387,0,13.75,27,7.70071289558375,7.99856642545403,1
387,0,13.75,27,7.99856642545403,8.19956407872814,1
387,0,13.75,27,8.19956407872814,9.55015929487612,1
387,0,13.75,27,9.55015929487612,10.107067757623,1
387,0,13.75,27,10.107067757623,10.4168077012003,1
387,0,13.75,27,10.4168077012003,10.6333822323034,1
387,0,13.75,27,10.6333822323034,10.9570298720101,1
387,0,13.75,27,10.9570298720101,12.1800219536647,1
387,0,13.75,27,12.1800219536647,12.2491719130231,1
387,0,13.75,27,12.2491719130231,12.7569831586873,1
387,0,13.75,27,12.7569831586873,13.4447261045033,1
387,0,13.75,27,13.4447261045033,13.5200942069612,1
387,0,13.75,27,13.5200942069612,13.6165291972815,1
387,0,13.75,27,13.6165291972815,13.7339012633329,1
387,0,13.75,27,13.7339012633329,13.75,0
388,0,16.75,3,0,7.99787210250619,1
388,0,16.75,3,7.99787210250619,9.10804705661829,1
388,0,16.75,3,9.10804705661829,10.3836892558229,1
388,0,16.75,3,10.3836892558229,16.75,0
389,0,12.75,1,0,3.35072297408135,1
389,0,12.75,1,3.35072297408135,12.75,0
390,0,14.75,3,0,0.146385262037908,1
390,0,14.75,3,0.146385262037908,1.49381254116175,1
390,0,14.75,3,1.49381254116175,5.53673199971373,1
390,0,14.75,3,5.53673199971373,14.75,0
391,0,11.75,13,0,3.97704038939084,1
391,0,11.75,13,3.97704038939084,4.86555642718384,1
391,0,11.75,13,4.86555642718384,5.99344113393197,1
391,0,11.75,13,5.99344113393197,8.10887555802664,1
391,0,11.75,13,8.10887555802664,8.15998800716984,1
391,0,11.75,13,8.15998800716984,8.21933327634972,1
391,0,11.75,13,8.21933327634972,9.0664896925448,1
391,0,11.75,13,9.0664896925448,9.355068496673,1
391,0,11.75,13,9.355068496673,9.41117181974427,1
391,0,11.75,13,9.41117181974427,9.4173784946346,1
391,0,11.75,13,9.4173784946346,9.92072190535835,1
391,0,11.75,13,9.92072190535835,11.3362073039791,1
391,0,11.75,13,11.3362073039791,11.4192167513551,1
391,0,11.75,13,11.4192167513551,11.75,0
392,0,19.75,2,0,2.33559604041305,1
392,0,19.75,2,2.33559604041305,8.60534959933928,1
392,0,19.75,2,8.60534959933928,19.75,0
393,0,20.75,1,0,0.0569259787704645,1
393,0,20.75,1,0.0569259787704645,20.75,0
394,0,9.75,3,0,1.19903099538243,1
394,0,9.75,3,1.19903099538243,5.5812270702342,1
394,0,9.75,3,5.5812270702342,6.32269306560045,1
394,0,9.75,3,6.32269306560045,9.75,0
395,0,13.75,35,0,2.35270163882687,1
395,0,13.75,35,2.35270163882687,5.82328310734167,1
395,0,13.75,35,5.82328310734167,7.00469722515588,1
395,0,13.75,35,7.00469722515588,7.86246232378187,1
395,0,13.75,35,7.86246232378187,8.36350792170235,1
395,0,13.75,35,8.36350792170235,8.59937175523003,1
395,0,13.75,35,8.59937175523003,9.09091966740682,1
395,0,13.75,35,9.09091966740682,9.89899494563176,1
395,0,13.75,35,9.89899494563176,10.0363324130535,1
395,0,13.75,35,10.0363324130535,10.0787555077342,1
395,0,13.75,35,10.0787555077342,10.1001068550086,1
395,0,13.75,35,10.1001068550086,10.2323805879462,1
395,0,13.75,35,10.2323805879462,10.767715378695,1
395,0,13.75,35,10.767715378695,10.8091200668666,1
395,0,13.75,35,10.8091200668666,10.9845717709931,1
395,0,13.75,35,10.9845717709931,11.0662862314892,1
395,0,13.75,35,11.0662862314892,11.2358062684445,1
395,0,13.75,35,11.2358062684445,11.2777317452352,1
395,0,13.75,35,11.2777317452352,11.733844642089,1
395,0,13.75,35,11.733844642089,11.8794364977508,1
395,0,13.75,35,11.8794364977508,11.9572429088604,1
395,0,13.75,35,11.9572429088604,12.0013529565142,1
395,0,13.75,35,12.0013529565142,12.067473346193,1
395,0,13.75,35,12.067473346193,12.3230242265241,1
395,0,13.75,35,12.3230242265241,12.3457730786274,1
395,0,13.75,35,12.3457730786274,12.3644191539034,1
395,0,13.75,35,12.3644191539034,12.4827822575543,1
395,0,13.75,35,12.4827822575543,12.7083938522459,1
395,0,13.75,35,12.7083938522459,12.7708406937103,1
395,0,13.75,35,12.7708406937103,13.1260599912253,1
395,0,13.75,35,13.1260599912253,13.3011996821699,1
395,0,13.75,35,13.3011996821699,13.3118873364647,1
395,0,13.75,35,13.3118873364647,13.3719336207889,1
395,0,13.75,35,13.3719336207889,13.4992359056893,1
395,0,13.75,35,13.4992359056893,13.5962319955614,1
395,0,13.75,35,13.5962319955614,13.75,0
396,0,12.75,25,0,2.46379461368884,1
396,0,12.75,25,2.46379461368884,2.63655273857368,1
396,0,12.75,25,2.63655273857368,2.94083889227118,1
396,0,12.75,25,2.94083889227118,5.26474169923165,1
396,0,12.75,25,5.26474169923165,5.37706189410437,1
396,0,12.75,25,5.37706189410437,5.8049326020815,1
396,0,12.75,25,5.8049326020815,6.10569011607842,1
396,0,12.75,25,6.10569011607842,6.12187701030655,1
396,0,12.75,25,6.12187701030655,7.3357950545891,1
396,0,12.75,25,7.3357950545891,7.72524282957927,1
396,0,12.75,25,7.72524282957927,7.84342688421672,1
396,0,12.75,25,7.84342688421672,7.93085793068898,1
396,0,12.75,25,7.93085793068898,8.04143840036103,1
396,0,12.75,25,8.04143840036103,9.12834301444652,1
396,0,12.75,25,9.12834301444652,9.58022688143273,1
396,0,12.75,25,9.58022688143273,9.61148852492072,1
396,0,12.75,25,9.61148852492072,9.64857347889545,1
396,0,12.75,25,9.64857347889545,9.90561738148712,1
396,0,12.75,25,9.90561738148712,10.8649094878567,1
396,0,12.75,25,10.8649094878567,11.1847432584676,1
396,0,12.75,25,11.1847432584676,11.3064414514541,1
396,0,12.75,25,11.3064414514541,11.4100970664274,1
396,0,12.75,25,11.4100970664274,12.0986711793504,1
396,0,12.75,25,12.0986711793504,12.5966082316121,1
396,0,12.75,25,12.5966082316121,12.7207371419052,1
396,0,12.75,25,12.7207371419052,12.75,0
397,0,13.75,2,0,6.09531928267912,1
397,0,13.75,2,6.09531928267912,7.63661131919107,1
397,0,13.75,2,7.63661131919107,13.75,0
398,0,17.75,2,0,4.25301618128632,1
398,0,17.75,2,4.25301618128632,4.90593661129569,1
398,0,17.75,2,4.90593661129569,17.75,0
399,0,7.75,2,0,0.141912810157949,1
399,0,7.75,2,0.141912810157949,0.420640903406482,1
399,0,7.75,2,0.420640903406482,7.75,0
400,0,15.75,32,0,2.64613408801548,1
400,0,15.75,32,2.64613408801548,5.16056347463813,1
400,0,15.75,32,5.16056347463813,5.1620222763664,1
400,0,15.75,32,5.1620222763664,5.42698015623519,1
400,0,15.75,32,5.42698015623519,7.23815543881551,1
400,0,15.75,32,7.23815543881551,8.15673522810675,1
400,0,15.75,32,8.15673522810675,9.14546938215045,1
400,0,15.75,32,9.14546938215045,9.29885722183168,1
400,0,15.75,32,9.29885722183168,9.49968333865475,1
400,0,15.75,32,9.49968333865475,9.86512950609895,1
400,0,15.75,32,9.86512950609895,10.0039602583755,1
400,0,15.75,32,10.0039602583755,10.6640144090611,1
400,0,15.75,32,10.6640144090611,10.7021745164791,1
400,0,15.75,32,10.7021745164791,11.0340117165392,1
400,0,15.75,32,11.0340117165392,11.1511905302952,1
400,0,15.75,32,11.1511905302952,11.2339384269812,1
400,0,15.75,32,11.2339384269812,11.6142526169346,1
400,0,15.75,32,11.6142526169346,11.8540837975593,1
400,0,15.75,32,11.8540837975593,12.4628833139644,1
400,0,15.75,32,12.4628833139644,12.6937165437743,1
400,0,15.75,32,12.6937165437743,13.2595387646384,1
400,0,15.75,32,13.2595387646384,13.3434772359818,1
400,0,15.75,32,13.3434772359818,13.8693912425606,1
400,0,15.75,32,13.8693912425606,14.2480969598095,1
400,0,15.75,32,14.2480969598095,14.6051192748184,1
400,0,15.75,32,14.6051192748184,14.6873000334681,1
400,0,15.75,32,14.6873000334681,14.7175459099487,1
400,0,15.75,32,14.7175459099487,15.1072509639307,1
400,0,15.75,32,15.1072509639307,15.3537173081677,1
400,0,15.75,32,15.3537173081677,15.5179699091719,1
400,0,15.75,32,15.5179699091719,15.5375195076727,1
400,0,15.75,32,15.5375195076727,15.7084028408718,1
400,0,15.75,32,15.7084028408718,15.75,0
401,0,11.75,3,0,1.60142470230273,1
401,0,11.75,3,1.60142470230273,2.80453577637116,1
401,0,11.75,3,2.80453577637116,3.80647814412887,1
401,0,11.75,3,3.80647814412887,11.75,0
402,0,19.75,2,0,0.811373815799388,1
402,0,19.75,2,0.811373815799388,7.16891654497427,1
402,0,19.75,2,7.16891654497427,19.75,0
403,0,17.75,58,0,1.27276182819218,1
403,0,17.75,58,1.27276182819218,3.05434897088253,1
403,0,17.75,58,3.05434897088253,3.69194596237304,1
403,0,17.75,58,3.69194596237304,4.16615922056632,1
403,0,17.75,58,4.16615922056632,4.21120656923808,1
403,0,17.75,58,4.21120656923808,5.47632461094277,1
403,0,17.75,58,5.47632461094277,7.00985871764802,1
403,0,17.75,58,7.00985871764802,7.22373761293088,1
403,0,17.75,58,7.22373761293088,8.01540970375334,1
403,0,17.75,58,8.01540970375334,8.09433864342436,1
403,0,17.75,58,8.09433864342436,8.38868112611376,1
403,0,17.75,58,8.38868112611376,9.14998654185648,1
403,0,17.75,58,9.14998654185648,10.0208198393296,1
403,0,17.75,58,10.0208198393296,10.1906762806442,1
403,0,17.75,58,10.1906762806442,10.456325244064,1
403,0,17.75,58,10.456325244064,10.8339327430399,1
403,0,17.75,58,10.8339327430399,11.0032260958182,1
403,0,17.75,58,11.0032260958182,11.5242216400625,1
403,0,17.75,58,11.5242216400625,11.8065373710435,1
403,0,17.75,58,11.8065373710435,12.0239249790575,1
403,0,17.75,58,12.0239249790575,12.2531977507781,1
403,0,17.75,58,12.2531977507781,12.3775312929598,1
403,0,17.75,58,12.3775312929598,12.6360597543696,1
403,0,17.75,58,12.6360597543696,12.6420726118058,1
403,0,17.75,58,12.6420726118058,12.9612880041031,1
403,0,17.75,58,12.9612880041031,13.0431006636063,1
403,0,17.75,58,13.0431006636063,13.178118166238,1
403,0,17.75,58,13.178118166238,13.3473158199085,1
403,0,17.75,58,13.3473158199085,13.4411561817113,1
403,0,17.75,58,13.4411561817113,13.4482194808531,1
403,0,17.75,58,13.4482194808531,13.5502128011495,1
403,0,17.75,58,13.5502128011495,13.6361061101249,1
403,0,17.75,58,13.6361061101249,13.7889102947284,1
403,0,17.75,58,13.7889102947284,13.8357052631535,1
403,0,17.75,58,13.8357052631535,14.0425496396511,1
403,0,17.75,58,14.0425496396511,14.2047233049534,1
403,0,17.75,58,14.2047233049534,14.3657357120378,1
403,0,17.75,58,14.3657357120378,14.6295075503159,1
403,0,17.75,58,14.6295075503159,15.0841315588355,1
403,0,17.75,58,15.0841315588355,15.148815416185,1
403,0,17.75,58,15.148815416185,15.4522805966199,1
403,0,17.75,58,15.4522805966199,15.556301617857,1
403,0,17.75,58,15.556301617857,15.846705457491,1
403,0,17.75,58,15.846705457491,15.9098176652472,1
403,0,17.75,58,15.9098176652472,15.9332145247922,1
403,0,17.75,58,15.9332145247922,16.316178574041,1
403,0,17.75,58,16.316178574041,16.3545099872554,1
403,0,17.75,58,16.3545099872554,16.4404316898294,1
403,0,17.75,58,16.4404316898294,16.5918931214169,1
403,0,17.75,58,16.5918931214169,16.7307773387242,1
403,0,17.75,58,16.7307773387242,16.793703351555,1
403,0,17.75,58,16.793703351555,16.991753353459,1
403,0,17.75,58,16.991753353459,17.0046910762243,1
403,0,17.75,58,17.0046910762243,17.1746124033652,1
403,0,17.75,58,17.1746124033652,17.3070500059603,1
403,0,17.75,58,17.3070500059603,17.3896737841978,1
403,0,17.75,58,17.3896737841978,17.4022597503113,1
403,0,17.75,58,17.4022597503113,17.5165813418276,1
403,0,17.75,58,17.5165813418276,17.75,0
404,0,9.75,9,0,5.30625745972968,1
404,0,9.75,9,5.30625745972968,5.91947653019735,1
404,0,9.75,9,5.91947653019735,7.17027860312583,1
404,0,9.75,9,7.17027860312583,7.1744305065603,1
404,0,9.75,9,7.1744305065603,7.22371114603025,1
404,0,9.75,9,7.22371114603025,7.74889231901577,1
404,0,9.75,9,7.74889231901577,7.80353292473568,1
404,0,9.75,9,7.80353292473568,8.04585818957136,1
404,0,9.75,9,8.04585818957136,8.6035367308893,1
404,0,9.75,9,8.6035367308893,9.75,0
405,0,12.75,2,0,5.85962761811716,1
405,0,12.75,2,5.85962761811716,9.99488917448563,1
405,0,12.75,2,9.99488917448563,12.75,0
406,0,15.75,4,0,0.216897692389925,1
406,0,15.75,4,0.216897692389925,0.470585627111881,1
406,0,15.75,4,0.470585627111881,5.09591688520664,1
406,0,15.75,4,5.09591688520664,10.6063835156113,1
406,0,15.75,4,10.6063835156113,15.75,0
407,0,15.75,34,0,3.25906984449313,1
407,0,15.75,34,3.25906984449313,5.62034769668601,1
407,0,15.75,34,5.62034769668601,5.78247872917207,1
407,0,15.75,34,5.78247872917207,6.89818461650169,1
407,0,15.75,34,6.89818461650169,7.20880756762064,1
407,0,15.75,34,7.20880756762064,7.26612942166516,1
407,0,15.75,34,7.26612942166516,7.72102080492643,1
407,0,15.75,34,7.72102080492643,7.87614357525163,1
407,0,15.75,34,7.87614357525163,8.80029755640639,1
407,0,15.75,34,8.80029755640639,9.24867906536979,1
407,0,15.75,34,9.24867906536979,9.86499172398558,1
407,0,15.75,34,9.86499172398558,10.1203420739544,1
407,0,15.75,34,10.1203420739544,10.7214829158534,1
407,0,15.75,34,10.7214829158534,11.1968145109763,1
407,0,15.75,34,11.1968145109763,11.2927703711584,1
407,0,15.75,34,11.2927703711584,11.3361434611892,1
407,0,15.75,34,11.3361434611892,11.4063611460099,1
407,0,15.75,34,11.4063611460099,12.2591691442301,1
407,0,15.75,34,12.2591691442301,12.3830001959564,1
407,0,15.75,34,12.3830001959564,12.4027007935442,1
407,0,15.75,34,12.4027007935442,12.6493340001471,1
407,0,15.75,34,12.6493340001471,13.071920616938,1
407,0,15.75,34,13.071920616938,13.116070831198,1
407,0,15.75,34,13.116070831198,13.6894642756595,1
407,0,15.75,34,13.6894642756595,13.9787744879564,1
407,0,15.75,34,13.9787744879564,14.032687281483,1
407,0,15.75,34,14.032687281483,14.4580066426092,1
407,0,15.75,34,14.4580066426092,14.5934726584706,1
407,0,15.75,34,14.5934726584706,14.6735759493806,1
407,0,15.75,34,14.6735759493806,14.7504740491919,1
407,0,15.75,34,14.7504740491919,15.1186568608215,1
407,0,15.75,34,15.1186568608215,15.614511477727,1
407,0,15.75,34,15.614511477727,15.653541159364,1
407,0,15.75,34,15.653541159364,15.7467425885015,1
407,0,15.75,34,15.7467425885015,15.75,0
408,0,11.75,20,0,2.5791143723561,1
408,0,11.75,20,2.5791143723561,6.50378130573326,1
408,0,11.75,20,6.50378130573326,6.66147355181077,1
408,0,11.75,20,6.66147355181077,7.4101693416751,1
408,0,11.75,20,7.4101693416751,7.83127526251797,1
408,0,11.75,20,7.83127526251797,8.14663600389733,1
408,0,11.75,20,8.14663600389733,8.69340638707579,1
408,0,11.75,20,8.69340638707579,8.78269586296658,1
408,0,11.75,20,8.78269586296658,9.43547291814103,1
408,0,11.75,20,9.43547291814103,9.62669283062058,1
408,0,11.75,20,9.62669283062058,9.70422897681742,1
408,0,11.75,20,9.70422897681742,9.83281849783021,1
408,0,11.75,20,9.83281849783021,10.0288897840153,1
408,0,11.75,20,10.0288897840153,10.4914927488782,1
408,0,11.75,20,10.4914927488782,10.8120862546442,1
408,0,11.75,20,10.8120862546442,10.8614134014484,1
408,0,11.75,20,10.8614134014484,11.1200011278316,1
408,0,11.75,20,11.1200011278316,11.2133727074333,1
408,0,11.75,20,11.2133727074333,11.2332062719644,1
408,0,11.75,20,11.2332062719644,11.7095232803211,1
408,0,11.75,20,11.7095232803211,11.75,0
409,0,11.75,19,0,2.32682152641218,1
409,0,11.75,19,2.32682152641218,2.76450882687538,1
409,0,11.75,19,2.76450882687538,5.55860642352378,1
409,0,11.75,19,5.55860642352378,6.42258873410823,1
409,0,11.75,19,6.42258873410823,8.11672228498275,1
409,0,11.75,19,8.11672228498275,8.15938953628734,1
409,0,11.75,19,8.15938953628734,8.16734048034375,1
409,0,11.75,19,8.16734048034375,8.20457201180082,1
409,0,11.75,19,8.20457201180082,8.63909420552661,1
409,0,11.75,19,8.63909420552661,9.35697483058197,1
409,0,11.75,19,9.35697483058197,9.64100028017023,1
409,0,11.75,19,9.64100028017023,9.78144044361865,1
409,0,11.75,19,9.78144044361865,9.88436194436701,1
409,0,11.75,19,9.88436194436701,10.0315251481966,1
409,0,11.75,19,10.0315251481966,10.0616595596912,1
409,0,11.75,19,10.0616595596912,10.4799138871854,1
409,0,11.75,19,10.4799138871854,10.6285309240805,1
409,0,11.75,19,10.6285309240805,11.2475503437754,1
409,0,11.75,19,11.2475503437754,11.7261193051766,1
409,0,11.75,19,11.7261193051766,11.75,0
410,0,15.75,4,0,0.213909134157613,1
410,0,15.75,4,0.213909134157613,0.540762947392863,1
410,0,15.75,4,0.540762947392863,5.79376500027995,1
410,0,15.75,4,5.79376500027995,13.6631005190844,1
410,0,15.75,4,13.6631005190844,15.75,0
411,0,10.75,2,0,0.000344377489682861,1
411,0,10.75,2,0.000344377489682861,5.1752884815582,1
411,0,10.75,2,5.1752884815582,10.75,0
412,0,11.75,18,0,3.45567299583909,1
412,0,11.75,18,3.45567299583909,3.8530157722654,1
412,0,11.75,18,3.8530157722654,5.36937758575521,1
412,0,11.75,18,5.36937758575521,5.68625053769664,1
412,0,11.75,18,5.68625053769664,6.53505865664625,1
412,0,11.75,18,6.53505865664625,6.75348631491087,1
412,0,11.75,18,6.75348631491087,7.55836755897761,1
412,0,11.75,18,7.55836755897761,8.43029785323262,1
412,0,11.75,18,8.43029785323262,8.48265115691015,1
412,0,11.75,18,8.48265115691015,8.6717580851867,1
412,0,11.75,18,8.6717580851867,8.68628997432439,1
412,0,11.75,18,8.68628997432439,10.4505860627954,1
412,0,11.75,18,10.4505860627954,11.0481293295856,1
412,0,11.75,18,11.0481293295856,11.1655211349808,1
412,0,11.75,18,11.1655211349808,11.4425557774107,1
412,0,11.75,18,11.4425557774107,11.5162362493313,1
412,0,11.75,18,11.5162362493313,11.6025773666077,1
412,0,11.75,18,11.6025773666077,11.6590168695957,1
412,0,11.75,18,11.6590168695957,11.75,0
413,0,9.75,2,0,2.35444726481396,1
413,0,9.75,2,2.35444726481396,3.76385435694578,1
413,0,9.75,2,3.76385435694578,9.75,0
414,0,15.75,29,0,3.33875681061482,1
414,0,15.75,29,3.33875681061482,5.38170659485633,1
414,0,15.75,29,5.38170659485633,5.57158849953119,1
414,0,15.75,29,5.57158849953119,6.66192821458641,1
414,0,15.75,29,6.66192821458641,6.90440728358219,1
414,0,15.75,29,6.90440728358219,8.41268495571125,1
414,0,15.75,29,8.41268495571125,8.89195726535865,1
414,0,15.75,29,8.89195726535865,9.07667166776209,1
414,0,15.75,29,9.07667166776209,9.83616731631729,1
414,0,15.75,29,9.83616731631729,10.216515056569,1
414,0,15.75,29,10.216515056569,10.3084210321489,1
414,0,15.75,29,10.3084210321489,10.3891203981431,1
414,0,15.75,29,10.3891203981431,10.7270045160956,1
414,0,15.75,29,10.7270045160956,10.7555027265029,1
414,0,15.75,29,10.7555027265029,10.8213622650666,1
414,0,15.75,29,10.8213622650666,10.891072404221,1
414,0,15.75,29,10.891072404221,11.8514531273471,1
414,0,15.75,29,11.8514531273471,12.3255002200078,1
414,0,15.75,29,12.3255002200078,12.8649975859371,1
414,0,15.75,29,12.8649975859371,13.0167652765654,1
414,0,15.75,29,13.0167652765654,13.3388058879302,1
414,0,15.75,29,13.3388058879302,13.3729302070363,1
414,0,15.75,29,13.3729302070363,13.8231154488889,1
414,0,15.75,29,13.8231154488889,13.8460098110112,1
414,0,15.75,29,13.8460098110112,13.9243462822933,1
414,0,15.75,29,13.9243462822933,14.4521181558606,1
414,0,15.75,29,14.4521181558606,14.6576170992184,1
414,0,15.75,29,14.6576170992184,15.1757006226298,1
414,0,15.75,29,15.1757006226298,15.4463849419829,1
414,0,15.75,29,15.4463849419829,15.75,0
415,0,15.75,0,0,15.75,0
416,0,10.75,0,0,10.75,0
417,0,11.75,18,0,2.9465324762273,1
417,0,11.75,18,2.9465324762273,3.80862077059275,1
417,0,11.75,18,3.80862077059275,4.9497274591168,1
417,0,11.75,18,4.9497274591168,5.98761863682604,1
417,0,11.75,18,5.98761863682604,6.24368495497291,1
417,0,11.75,18,6.24368495497291,7.03258314426729,1
417,0,11.75,18,7.03258314426729,7.39010281294645,1
417,0,11.75,18,7.39010281294645,8.13047960710677,1
417,0,11.75,18,8.13047960710677,8.60628679406078,1
417,0,11.75,18,8.60628679406078,8.66539117160977,1
417,0,11.75,18,8.66539117160977,8.95217138564454,1
417,0,11.75,18,8.95217138564454,9.33731435627805,1
417,0,11.75,18,9.33731435627805,9.37096105747402,1
417,0,11.75,18,9.37096105747402,9.64516943415819,1
417,0,11.75,18,9.64516943415819,9.68250420370267,1
417,0,11.75,18,9.68250420370267,10.1273839137937,1
417,0,11.75,18,10.1273839137937,10.1393493864111,1
417,0,11.75,18,10.1393493864111,11.0753164865222,1
417,0,11.75,18,11.0753164865222,11.75,0
418,0,18.75,72,0,1.57192923524144,1
418,0,18.75,72,1.57192923524144,1.62451758415745,1
418,0,18.75,72,1.62451758415745,3.73693351270921,1
418,0,18.75,72,3.73693351270921,3.85022623913108,1
418,0,18.75,72,3.85022623913108,6.16732815219745,1
418,0,18.75,72,6.16732815219745,7.13128690822579,1
418,0,18.75,72,7.13128690822579,7.84058328570214,1
418,0,18.75,72,7.84058328570214,8.03142196889605,1
418,0,18.75,72,8.03142196889605,8.09512629099234,1
418,0,18.75,72,8.09512629099234,9.13145638852489,1
418,0,18.75,72,9.13145638852489,9.24477505902265,1
418,0,18.75,72,9.24477505902265,9.29882598062773,1
418,0,18.75,72,9.29882598062773,9.49098618417475,1
418,0,18.75,72,9.49098618417475,9.93174893627197,1
418,0,18.75,72,9.93174893627197,10.8783875803944,1
418,0,18.75,72,10.8783875803944,10.9536586244992,1
418,0,18.75,72,10.9536586244992,11.0523697461608,1
418,0,18.75,72,11.0523697461608,11.2050521667954,1
418,0,18.75,72,11.2050521667954,11.2615198334479,1
418,0,18.75,72,11.2615198334479,11.3555413688457,1
418,0,18.75,72,11.3555413688457,11.4613600864448,1
418,0,18.75,72,11.4613600864448,11.8260409853739,1
418,0,18.75,72,11.8260409853739,11.9501311586266,1
418,0,18.75,72,11.9501311586266,12.2487906682281,1
418,0,18.75,72,12.2487906682281,12.5956035868026,1
418,0,18.75,72,12.5956035868026,12.6202325168175,1
418,0,18.75,72,12.6202325168175,12.6487264741966,1
418,0,18.75,72,12.6487264741966,12.7314459695663,1
418,0,18.75,72,12.7314459695663,13.0173124549318,1
418,0,18.75,72,13.0173124549318,13.0515469903864,1
418,0,18.75,72,13.0515469903864,13.089392588266,1
418,0,18.75,72,13.089392588266,13.2774926335933,1
418,0,18.75,72,13.2774926335933,13.3287620947927,1
418,0,18.75,72,13.3287620947927,13.7699891542116,1
418,0,18.75,72,13.7699891542116,13.8222410686378,1
418,0,18.75,72,13.8222410686378,13.9920172473899,1
418,0,18.75,72,13.9920172473899,14.1602334465428,1
418,0,18.75,72,14.1602334465428,14.2543591992787,1
418,0,18.75,72,14.2543591992787,14.9315058049432,1
418,0,18.75,72,14.9315058049432,15.1643754208192,1
418,0,18.75,72,15.1643754208192,15.3554878035423,1
418,0,18.75,72,15.3554878035423,15.5236304716926,1
418,0,18.75,72,15.5236304716926,15.5303466804322,1
418,0,18.75,72,15.5303466804322,15.5863212132805,1
418,0,18.75,72,15.5863212132805,15.6146348923618,1
418,0,18.75,72,15.6146348923618,15.7436822188009,1
418,0,18.75,72,15.7436822188009,15.8839364110387,1
418,0,18.75,72,15.8839364110387,15.9049558450268,1
418,0,18.75,72,15.9049558450268,15.9938926355994,1
418,0,18.75,72,15.9938926355994,16.1671606717335,1
418,0,18.75,72,16.1671606717335,16.3708154414306,1
418,0,18.75,72,16.3708154414306,16.468043082261,1
418,0,18.75,72,16.468043082261,16.8186648973324,1
418,0,18.75,72,16.8186648973324,17.1997511355904,1
418,0,18.75,72,17.1997511355904,17.3108993657699,1
418,0,18.75,72,17.3108993657699,17.3586139602374,1
418,0,18.75,72,17.3586139602374,17.4645998802834,1
418,0,18.75,72,17.4645998802834,17.4783188912112,1
418,0,18.75,72,17.4783188912112,17.5167151554428,1
418,0,18.75,72,17.5167151554428,17.5948331416571,1
418,0,18.75,72,17.5948331416571,17.6506992726907,1
418,0,18.75,72,17.6506992726907,17.6880360220048,1
418,0,18.75,72,17.6880360220048,17.7171266024167,1
418,0,18.75,72,17.7171266024167,17.7721429219036,1
418,0,18.75,72,17.7721429219036,17.8699605896591,1
418,0,18.75,72,17.8699605896591,18.1565923469903,1
418,0,18.75,72,18.1565923469903,18.188825678525,1
418,0,18.75,72,18.188825678525,18.3773695388291,1
418,0,18.75,72,18.3773695388291,18.6208696661319,1
418,0,18.75,72,18.6208696661319,18.6258762924091,1
418,0,18.75,72,18.6258762924091,18.6492496918083,1
418,0,18.75,72,18.6492496918083,18.7438460268549,1
418,0,18.75,72,18.7438460268549,18.75,0
419,0,16.75,2,0,2.66529829353222,1
419,0,16.75,2,2.66529829353222,5.80081314386472,1
419,0,16.75,2,5.80081314386472,16.75,0
420,0,8.75,1,0,1.17176364441069,1
420,0,8.75,1,1.17176364441069,8.75,0
421,0,7.75,0,0,7.75,0
422,0,13.75,4,0,1.1296871352482,1
422,0,13.75,4,1.1296871352482,1.74544141111084,1
422,0,13.75,4,1.74544141111084,4.65771584699728,1
422,0,13.75,4,4.65771584699728,12.885799967138,1
422,0,13.75,4,12.885799967138,13.75,0
423,0,14.75,29,0,3.7724477087403,1
423,0,14.75,29,3.7724477087403,4.92301424105669,1
423,0,14.75,29,4.92301424105669,6.27157829380496,1
423,0,14.75,29,6.27157829380496,6.47073718622517,1
423,0,14.75,29,6.47073718622517,7.48408320411149,1
423,0,14.75,29,7.48408320411149,8.13104872258285,1
423,0,14.75,29,8.13104872258285,9.61006542863431,1
423,0,14.75,29,9.61006542863431,9.9140102351819,1
423,0,14.75,29,9.9140102351819,10.6889120025618,1
423,0,14.75,29,10.6889120025618,10.6919166316644,1
423,0,14.75,29,10.6919166316644,11.0033621789106,1
423,0,14.75,29,11.0033621789106,11.6710569616941,1
423,0,14.75,29,11.6710569616941,12.0659056832198,1
423,0,14.75,29,12.0659056832198,12.2602170100801,1
423,0,14.75,29,12.2602170100801,12.4859468899152,1
423,0,14.75,29,12.4859468899152,12.72985678117,1
423,0,14.75,29,12.72985678117,12.8758008589163,1
423,0,14.75,29,12.8758008589163,12.880845131146,1
423,0,14.75,29,12.880845131146,12.9631430861725,1
423,0,14.75,29,12.9631430861725,13.2948562758767,1
423,0,14.75,29,13.2948562758767,13.978409305752,1
423,0,14.75,29,13.978409305752,14.0483543801353,1
423,0,14.75,29,14.0483543801353,14.0496579801824,1
423,0,14.75,29,14.0496579801824,14.3192020642795,1
423,0,14.75,29,14.3192020642795,14.4355754801403,1
423,0,14.75,29,14.4355754801403,14.5467285869481,1
423,0,14.75,29,14.5467285869481,14.5924208426937,1
423,0,14.75,29,14.5924208426937,14.6238363350086,1
423,0,14.75,29,14.6238363350086,14.6499819532055,1
423,0,14.75,29,14.6499819532055,14.75,0
424,0,12.75,21,0,1.4510609461202,1
424,0,12.75,21,1.4510609461202,5.24692531845913,1
424,0,12.75,21,5.24692531845913,5.54965850165997,1
424,0,12.75,21,5.54965850165997,7.31765074620367,1
424,0,12.75,21,7.31765074620367,7.8022148999396,1
424,0,12.75,21,7.8022148999396,7.85938421388305,1
424,0,12.75,21,7.85938421388305,7.98239595881197,1
424,0,12.75,21,7.98239595881197,8.57721868968878,1
424,0,12.75,21,8.57721868968878,8.68236228582459,1
424,0,12.75,21,8.68236228582459,10.1011777829409,1
424,0,12.75,21,10.1011777829409,10.1324010274264,1
424,0,12.75,21,10.1324010274264,10.2520769742066,1
424,0,12.75,21,10.2520769742066,10.6065334698834,1
424,0,12.75,21,10.6065334698834,10.6935510704447,1
424,0,12.75,21,10.6935510704447,11.4351786742876,1
424,0,12.75,21,11.4351786742876,11.4819663461655,1
424,0,12.75,21,11.4819663461655,11.809227304389,1
424,0,12.75,21,11.809227304389,12.1823082011635,1
424,0,12.75,21,12.1823082011635,12.4611563364042,1
424,0,12.75,21,12.4611563364042,12.6130072378563,1
424,0,12.75,21,12.6130072378563,12.7407007883029,1
424,0,12.75,21,12.7407007883029,12.75,0
425,0,13.75,2,0,0.00300779204760004,1
425,0,13.75,2,0.00300779204760004,10.6124932117579,1
425,0,13.75,2,10.6124932117579,13.75,0
426,0,12.75,16,0,4.69587682354411,1
426,0,12.75,16,4.69587682354411,5.58444224938214,1
426,0,12.75,16,5.58444224938214,5.74172566449819,1
426,0,12.75,16,5.74172566449819,6.19676209342266,1
426,0,12.75,16,6.19676209342266,7.11193748985872,1
426,0,12.75,16,7.11193748985872,8.7855485922184,1
426,0,12.75,16,8.7855485922184,9.48895163948214,1
426,0,12.75,16,9.48895163948214,9.6219720107863,1
426,0,12.75,16,9.6219720107863,9.66917814698699,1
426,0,12.75,16,9.66917814698699,10.4223434174006,1
426,0,12.75,16,10.4223434174006,10.7104367577344,1
426,0,12.75,16,10.7104367577344,10.9641587855008,1
426,0,12.75,16,10.9641587855008,11.2972293804416,1
426,0,12.75,16,11.2972293804416,12.2155817710126,1
426,0,12.75,16,12.2155817710126,12.3411605600741,1
426,0,12.75,16,12.3411605600741,12.3554499398548,1
426,0,12.75,16,12.3554499398548,12.75,0
427,0,13.75,5,0,1.94396277061433,1
427,0,13.75,5,1.94396277061433,2.5682375710857,1
427,0,13.75,5,2.5682375710857,10.1994997687482,1
427,0,13.75,5,10.1994997687482,11.7298736397803,1
427,0,13.75,5,11.7298736397803,13.6609896796388,1
427,0,13.75,5,13.6609896796388,13.75,0
428,0,11.75,9,0,3.71077939144932,1
428,0,11.75,9,3.71077939144932,4.73910909112727,1
428,0,11.75,9,4.73910909112727,5.22967029038386,1
428,0,11.75,9,5.22967029038386,5.32502084712389,1
428,0,11.75,9,5.32502084712389,5.37795339336135,1
428,0,11.75,9,5.37795339336135,5.59881030735056,1
428,0,11.75,9,5.59881030735056,7.42387827341566,1
428,0,11.75,9,7.42387827341566,8.31186369393177,1
428,0,11.75,9,8.31186369393177,11.1972471525478,1
428,0,11.75,9,11.1972471525478,11.75,0
429,0,11.75,1,0,6.05675237358508,1
429,0,11.75,1,6.05675237358508,11.75,0
430,0,10.75,0,0,10.75,0
431,0,12.75,1,0,10.3956190942475,1
431,0,12.75,1,10.3956190942475,12.75,0
432,0,17.75,34,0,1.0476872587237,1
432,0,17.75,34,1.0476872587237,2.48857745921859,1
432,0,17.75,34,2.48857745921859,3.74475571930485,1
432,0,17.75,34,3.74475571930485,4.25917634495331,1
432,0,17.75,34,4.25917634495331,4.52459090406688,1
432,0,17.75,34,4.52459090406688,5.54301467888157,1
432,0,17.75,34,5.54301467888157,6.72926654852603,1
432,0,17.75,34,6.72926654852603,7.45788520317043,1
432,0,17.75,34,7.45788520317043,7.62058328175166,1
432,0,17.75,34,7.62058328175166,8.19220668703777,1
432,0,17.75,34,8.19220668703777,8.58575856465963,1
432,0,17.75,34,8.58575856465963,9.58230481314481,1
432,0,17.75,34,9.58230481314481,9.78686143358197,1
432,0,17.75,34,9.78686143358197,10.1779723715949,1
432,0,17.75,34,10.1779723715949,10.2009715418854,1
432,0,17.75,34,10.2009715418854,10.9743221981356,1
432,0,17.75,34,10.9743221981356,12.3611838851693,1
432,0,17.75,34,12.3611838851693,13.7933985276942,1
432,0,17.75,34,13.7933985276942,13.9917681786217,1
432,0,17.75,34,13.9917681786217,14.0936419616477,1
432,0,17.75,34,14.0936419616477,14.5898304027419,1
432,0,17.75,34,14.5898304027419,14.9499739640345,1
432,0,17.75,34,14.9499739640345,15.4876643011946,1
432,0,17.75,34,15.4876643011946,15.9472194320357,1
432,0,17.75,34,15.9472194320357,16.0451766462929,1
432,0,17.75,34,16.0451766462929,16.1545616434928,1
432,0,17.75,34,16.1545616434928,16.3641700133052,1
432,0,17.75,34,16.3641700133052,16.6899117811911,1
432,0,17.75,34,16.6899117811911,16.7581700991758,1
432,0,17.75,34,16.7581700991758,16.7765344184994,1
432,0,17.75,34,16.7765344184994,16.9285100593339,1
432,0,17.75,34,16.9285100593339,17.4208986207321,1
432,0,17.75,34,17.4208986207321,17.6685361337198,1
432,0,17.75,34,17.6685361337198,17.7494819574751,1
432,0,17.75,34,17.7494819574751,17.75,0
433,0,8.75,8,0,3.07906986417369,1
433,0,8.75,8,3.07906986417369,3.36441487703723,1
433,0,8.75,8,3.36441487703723,4.32250267756576,1
433,0,8.75,8,4.32250267756576,4.62554180063591,1
433,0,8.75,8,4.62554180063591,5.65515028299927,1
433,0,8.75,8,5.65515028299927,6.43190049608557,1
433,0,8.75,8,6.43190049608557,6.60320045831089,1
433,0,8.75,8,6.60320045831089,7.05462565477586,1
433,0,8.75,8,7.05462565477586,8.75,0
434,0,17.75,21,0,2.39920479393737,1
434,0,17.75,21,2.39920479393737,5.73428513313008,1
434,0,17.75,21,5.73428513313008,6.19754018475596,1
434,0,17.75,21,6.19754018475596,8.82095423408141,1
434,0,17.75,21,8.82095423408141,9.33787673875893,1
434,0,17.75,21,9.33787673875893,9.49351384742238,1
434,0,17.75,21,9.49351384742238,10.3235666158582,1
434,0,17.75,21,10.3235666158582,10.5861582749345,1
434,0,17.75,21,10.5861582749345,13.0495391194797,1
434,0,17.75,21,13.0495391194797,13.1843668812766,1
434,0,17.75,21,13.1843668812766,13.1952498465174,1
434,0,17.75,21,13.1952498465174,13.9996046060844,1
434,0,17.75,21,13.9996046060844,14.9492435592494,1
434,0,17.75,21,14.9492435592494,15.6336701478527,1
434,0,17.75,21,15.6336701478527,15.7941047850339,1
434,0,17.75,21,15.7941047850339,16.1153749150346,1
434,0,17.75,21,16.1153749150346,16.5897831174517,1
434,0,17.75,21,16.5897831174517,17.264578793057,1
434,0,17.75,21,17.264578793057,17.3163319383949,1
434,0,17.75,21,17.3163319383949,17.3285491667356,1
434,0,17.75,21,17.3285491667356,17.6698662087146,1
434,0,17.75,21,17.6698662087146,17.75,0
435,0,8.75,0,0,8.75,0
436,0,8.75,0,0,8.75,0
437,0,10.75,9,0,3.16424603854045,1
437,0,10.75,9,3.16424603854045,5.01756416933553,1
437,0,10.75,9,5.01756416933553,6.21942154939699,1
437,0,10.75,9,6.21942154939699,6.90073662567951,1
437,0,10.75,9,6.90073662567951,7.18167135970904,1
437,0,10.75,9,7.18167135970904,8.06590087286782,1
437,0,10.75,9,8.06590087286782,8.23326459465823,1
437,0,10.75,9,8.23326459465823,9.76276069195425,1
437,0,10.75,9,9.76276069195425,10.5560330904819,1
437,0,10.75,9,10.5560330904819,10.75,0
438,0,14.75,2,0,14.1407626685947,1
438,0,14.75,2,14.1407626685947,14.3839659779872,1
438,0,14.75,2,14.3839659779872,14.75,0
439,0,14.75,3,0,0.0404484537744326,1
439,0,14.75,3,0.0404484537744326,0.120869910925364,1
439,0,14.75,3,0.120869910925364,0.96177979445417,1
439,0,14.75,3,0.96177979445417,14.75,0
440,0,13.75,2,0,0.210579380435254,1
440,0,13.75,2,0.210579380435254,4.5833827710331,1
440,0,13.75,2,4.5833827710331,13.75,0
441,0,12.75,2,0,0.897367685440756,1
441,0,12.75,2,0.897367685440756,3.60957178735314,1
441,0,12.75,2,3.60957178735314,12.75,0
442,0,10.75,0,0,10.75,0
443,0,9.75,9,0,3.05786406761194,1
443,0,9.75,9,3.05786406761194,4.3847861203092,1
443,0,9.75,9,4.3847861203092,4.46698331604849,1
443,0,9.75,9,4.46698331604849,6.31618322923779,1
443,0,9.75,9,6.31618322923779,6.3410669157793,1
443,0,9.75,9,6.3410669157793,6.36171943879822,1
443,0,9.75,9,6.36171943879822,6.36511677183117,1
443,0,9.75,9,6.36511677183117,9.09755208766849,1
443,0,9.75,9,9.09755208766849,9.12368958585071,1
443,0,9.75,9,9.12368958585071,9.75,0
444,0,15.75,26,0,2.27522307838843,1
444,0,15.75,26,2.27522307838843,3.30834436797253,1
444,0,15.75,26,3.30834436797253,7.08545496423223,1
444,0,15.75,26,7.08545496423223,7.76147254064461,1
444,0,15.75,26,7.76147254064461,8.43388833812609,1
444,0,15.75,26,8.43388833812609,9.63434678747818,1
444,0,15.75,26,9.63434678747818,9.81025322365707,1
444,0,15.75,26,9.81025322365707,9.82412281275281,1
444,0,15.75,26,9.82412281275281,10.2496016161934,1
444,0,15.75,26,10.2496016161934,10.8152169523604,1
444,0,15.75,26,10.8152169523604,10.9527037155582,1
444,0,15.75,26,10.9527037155582,12.3490585584117,1
444,0,15.75,26,12.3490585584117,12.4090731974537,1
444,0,15.75,26,12.4090731974537,12.8213774708755,1
444,0,15.75,26,12.8213774708755,12.855366880522,1
444,0,15.75,26,12.855366880522,13.0946715748015,1
444,0,15.75,26,13.0946715748015,13.9032133134874,1
444,0,15.75,26,13.9032133134874,14.0842745070067,1
444,0,15.75,26,14.0842745070067,14.4185011464543,1
444,0,15.75,26,14.4185011464543,14.6303712901147,1
444,0,15.75,26,14.6303712901147,14.6758122884846,1
444,0,15.75,26,14.6758122884846,14.7231339268551,1
444,0,15.75,26,14.7231339268551,14.8669036357093,1
444,0,15.75,26,14.8669036357093,14.8778950595226,1
444,0,15.75,26,14.8778950595226,15.0891436144898,1
444,0,15.75,26,15.0891436144898,15.559338682669,1
444,0,15.75,26,15.559338682669,15.75,0
445,0,11.75,16,0,3.0345329001276,1
445,0,11.75,16,3.0345329001276,6.63470654305202,1
445,0,11.75,16,6.63470654305202,6.95859670645073,1
445,0,11.75,16,6.95859670645073,7.03817986433057,1
445,0,11.75,16,7.03817986433057,8.4935379961197,1
445,0,11.75,16,8.4935379961197,8.70743215420816,1
445,0,11.75,16,8.70743215420816,9.51902091739568,1
445,0,11.75,16,9.51902091739568,9.61257309877684,1
445,0,11.75,16,9.61257309877684,9.66632818285992,1
445,0,11.75,16,9.66632818285992,9.96500611968168,1
445,0,11.75,16,9.96500611968168,10.5460172858297,1
445,0,11.75,16,10.5460172858297,10.7444221147904,1
445,0,11.75,16,10.7444221147904,10.8243744830346,1
445,0,11.75,16,10.8243744830346,11.0126955072617,1
445,0,11.75,16,11.0126955072617,11.3379359272826,1
445,0,11.75,16,11.3379359272826,11.6314740172287,1
445,0,11.75,16,11.6314740172287,11.75,0
446,0,11.75,3,0,0.261678616687796,1
446,0,11.75,3,0.261678616687796,3.79489782390632,1
446,0,11.75,3,3.79489782390632,6.28556198014745,1
446,0,11.75,3,6.28556198014745,11.75,0
447,0,7.75,1,0,0.468317351478155,1
447,0,7.75,1,0.468317351478155,7.75,0
448,0,9.75,1,0,0.116481188754648,1
448,0,9.75,1,0.116481188754648,9.75,0
449,0,15.75,1,0,11.9666652649344,1
449,0,15.75,1,11.9666652649344,15.75,0
450,0,10.75,0,0,10.75,0
451,0,13.75,3,0,0.172584184952592,1
451,0,13.75,3,0.172584184952592,2.68289433568819,1
451,0,13.75,3,2.68289433568819,11.0920648673995,1
451,0,13.75,3,11.0920648673995,13.75,0
452,0,15.75,4,0,3.16833596001539,1
452,0,15.75,4,3.16833596001539,3.2149474804327,1
452,0,15.75,4,3.2149474804327,4.18203595215754,1
452,0,15.75,4,4.18203595215754,12.5124578831565,1
452,0,15.75,4,12.5124578831565,15.75,0
453,0,13.75,0,0,13.75,0
454,0,9.75,2,0,0.525439235428314,1
454,0,9.75,2,0.525439235428314,9.66185668966873,1
454,0,9.75,2,9.66185668966873,9.75,0
455,0,13.75,4,0,0.239206546859751,1
455,0,13.75,4,0.239206546859751,0.48201187757655,1
455,0,13.75,4,0.48201187757655,3.41754353890951,1
455,0,13.75,4,3.41754353890951,8.59092417914452,1
455,0,13.75,4,8.59092417914452,13.75,0
456,0,14.75,0,0,14.75,0
457,0,17.75,31,0,3.74774374092323,1
457,0,17.75,31,3.74774374092323,4.91364272048834,1
457,0,17.75,31,4.91364272048834,4.93527665353776,1
457,0,17.75,31,4.93527665353776,6.83260277505481,1
457,0,17.75,31,6.83260277505481,6.86814413845163,1
457,0,17.75,31,6.86814413845163,7.86849222644625,1
457,0,17.75,31,7.86849222644625,8.34554383834812,1
457,0,17.75,31,8.34554383834812,9.14643877268879,1
457,0,17.75,31,9.14643877268879,9.53679095423824,1
457,0,17.75,31,9.53679095423824,11.090382498504,1
457,0,17.75,31,11.090382498504,11.9997924262924,1
457,0,17.75,31,11.9997924262924,12.6898480873881,1
457,0,17.75,31,12.6898480873881,12.9489186311537,1
457,0,17.75,31,12.9489186311537,13.0572945165112,1
457,0,17.75,31,13.0572945165112,13.3172111723421,1
457,0,17.75,31,13.3172111723421,13.4041142906138,1
457,0,17.75,31,13.4041142906138,13.7150104904152,1
457,0,17.75,31,13.7150104904152,13.8959470351163,1
457,0,17.75,31,13.8959470351163,14.1629832633371,1
457,0,17.75,31,14.1629832633371,14.3110568868966,1
457,0,17.75,31,14.3110568868966,14.6295242237648,1
457,0,17.75,31,14.6295242237648,14.8122694573411,1
457,0,17.75,31,14.8122694573411,14.8774691289838,1
457,0,17.75,31,14.8774691289838,15.3255805483511,1
457,0,17.75,31,15.3255805483511,15.3313373154183,1
457,0,17.75,31,15.3313373154183,16.5782428262067,1
457,0,17.75,31,16.5782428262067,16.611644341505,1
457,0,17.75,31,16.611644341505,16.6721800504719,1
457,0,17.75,31,16.6721800504719,16.82350748548,1
457,0,17.75,31,16.82350748548,16.8721283836958,1
457,0,17.75,31,16.8721283836958,17.0821448393394,1
457,0,17.75,31,17.0821448393394,17.75,0
458,0,9.75,2,0,0.00771157935842086,1
458,0,9.75,2,0.00771157935842086,3.97143398600655,1
458,0,9.75,2,3.97143398600655,9.75,0
459,0,11.75,9,0,3.03670833248047,1
459,0,11.75,9,3.03670833248047,6.55861521527253,1
459,0,11.75,9,6.55861521527253,6.72109300087661,1
459,0,11.75,9,6.72109300087661,7.36996237619677,1
459,0,11.75,9,7.36996237619677,7.58438505942332,1
459,0,11.75,9,7.58438505942332,7.93226610040482,1
459,0,11.75,9,7.93226610040482,10.3609088256611,1
459,0,11.75,9,10.3609088256611,10.6386007529582,1
459,0,11.75,9,10.6386007529582,11.3273153423526,1
459,0,11.75,9,11.3273153423526,11.75,0
460,0,12.75,1,0,0.25884638563117,1
460,0,12.75,1,0.25884638563117,12.75,0
461,0,13.75,2,0,0.918344015963987,1
461,0,13.75,2,0.918344015963987,6.63731091757829,1
461,0,13.75,2,6.63731091757829,13.75,0
462,0,12.75,0,0,12.75,0
463,0,10.75,10,0,3.73226194419532,1
463,0,10.75,10,3.73226194419532,4.75360198530075,1
463,0,10.75,10,4.75360198530075,5.11382836088478,1
463,0,10.75,10,5.11382836088478,5.58860512960665,1
463,0,10.75,10,5.58860512960665,5.79830015221601,1
463,0,10.75,10,5.79830015221601,8.65391503645709,1
463,0,10.75,10,8.65391503645709,9.4089147640472,1
463,0,10.75,10,9.4089147640472,9.58739477283831,1
463,0,10.75,10,9.58739477283831,10.444331771702,1
463,0,10.75,10,10.444331771702,10.5730778700692,1
463,0,10.75,10,10.5730778700692,10.75,0
464,0,17.75,0,0,17.75,0
465,0,11.75,21,0,2.55116304222832,1
465,0,11.75,21,2.55116304222832,2.78437357075012,1
465,0,11.75,21,2.78437357075012,3.4156980665977,1
465,0,11.75,21,3.4156980665977,5.24847139239236,1
465,0,11.75,21,5.24847139239236,5.79690472552513,1
465,0,11.75,21,5.79690472552513,6.26032530057361,1
465,0,11.75,21,6.26032530057361,7.78979602214159,1
465,0,11.75,21,7.78979602214159,8.01596363586753,1
465,0,11.75,21,8.01596363586753,8.34446302848059,1
465,0,11.75,21,8.34446302848059,8.69529275899589,1
465,0,11.75,21,8.69529275899589,8.9904814973662,1
465,0,11.75,21,8.9904814973662,9.02732808966175,1
465,0,11.75,21,9.02732808966175,9.25950736417333,1
465,0,11.75,21,9.25950736417333,9.79186917903458,1
465,0,11.75,21,9.79186917903458,10.0146679128187,1
465,0,11.75,21,10.0146679128187,10.0671722011536,1
465,0,11.75,21,10.0671722011536,10.5205103495585,1
465,0,11.75,21,10.5205103495585,10.8882717803502,1
465,0,11.75,21,10.8882717803502,11.262938039034,1
465,0,11.75,21,11.262938039034,11.2652793896642,1
465,0,11.75,21,11.2652793896642,11.667436959262,1
465,0,11.75,21,11.667436959262,11.75,0
466,0,12.75,20,0,3.82681977670068,1
466,0,12.75,20,3.82681977670068,4.25864043831643,1
466,0,12.75,20,4.25864043831643,4.38075441732902,1
466,0,12.75,20,4.38075441732902,5.06979853890031,1
466,0,12.75,20,5.06979853890031,5.34183610405073,1
466,0,12.75,20,5.34183610405073,6.70112705892303,1
466,0,12.75,20,6.70112705892303,7.30810675722223,1
466,0,12.75,20,7.30810675722223,8.41573362639506,1
466,0,12.75,20,8.41573362639506,9.89287937597261,1
466,0,12.75,20,9.89287937597261,10.1504810787484,1
466,0,12.75,20,10.1504810787484,10.6639659177145,1
466,0,12.75,20,10.6639659177145,10.7672008443254,1
466,0,12.75,20,10.7672008443254,11.3201343563512,1
466,0,12.75,20,11.3201343563512,11.4713906156264,1
466,0,12.75,20,11.4713906156264,12.0781391088366,1
466,0,12.75,20,12.0781391088366,12.1484682056534,1
466,0,12.75,20,12.1484682056534,12.1561156438968,1
466,0,12.75,20,12.1561156438968,12.3097631346839,1
466,0,12.75,20,12.3097631346839,12.3710724929016,1
466,0,12.75,20,12.3710724929016,12.5933680658974,1
466,0,12.75,20,12.5933680658974,12.75,0
467,0,12.75,12,0,3.55419966414532,1
467,0,12.75,12,3.55419966414532,5.56354273332039,1
467,0,12.75,12,5.56354273332039,6.04722759633525,1
467,0,12.75,12,6.04722759633525,6.29613477916821,1
467,0,12.75,12,6.29613477916821,7.92191860627172,1
467,0,12.75,12,7.92191860627172,8.52371821355925,1
467,0,12.75,12,8.52371821355925,8.81030361087159,1
467,0,12.75,12,8.81030361087159,9.33886821811942,1
467,0,12.75,12,9.33886821811942,9.62365826443357,1
467,0,12.75,12,9.62365826443357,11.3176521861648,1
467,0,12.75,12,11.3176521861648,11.6754758690452,1
467,0,12.75,12,11.6754758690452,12.455029035229,1
467,0,12.75,12,12.455029035229,12.75,0
468,0,11.75,0,0,11.75,0
469,0,9.75,12,0,2.64355798995508,1
469,0,9.75,12,2.64355798995508,5.21271148029204,1
469,0,9.75,12,5.21271148029204,5.58565212251672,1
469,0,9.75,12,5.58565212251672,6.72003772701139,1
469,0,9.75,12,6.72003772701139,7.48736947246647,1
469,0,9.75,12,7.48736947246647,7.88367753333465,1
469,0,9.75,12,7.88367753333465,8.32165886631477,1
469,0,9.75,12,8.32165886631477,8.469964961377,1
469,0,9.75,12,8.469964961377,8.88081809751683,1
469,0,9.75,12,8.88081809751683,9.10226703443233,1
469,0,9.75,12,9.10226703443233,9.15897920686671,1
469,0,9.75,12,9.15897920686671,9.51110798621085,1
469,0,9.75,12,9.51110798621085,9.75,0
470,0,20.75,82,0,4.59769429847732,1
470,0,20.75,82,4.59769429847732,5.20814304722538,1
470,0,20.75,82,5.20814304722538,5.5255832725417,1
470,0,20.75,82,5.5255832725417,5.54954672801383,1
470,0,20.75,82,5.54954672801383,6.08252363063219,1
470,0,20.75,82,6.08252363063219,6.28746345709692,1
470,0,20.75,82,6.28746345709692,6.74323059666848,1
470,0,20.75,82,6.74323059666848,8.13305400071387,1
470,0,20.75,82,8.13305400071387,8.76936058399628,1
470,0,20.75,82,8.76936058399628,9.44427916661119,1
470,0,20.75,82,9.44427916661119,9.714801470481,1
470,0,20.75,82,9.714801470481,10.4323511076917,1
470,0,20.75,82,10.4323511076917,10.534957923895,1
470,0,20.75,82,10.534957923895,10.6187438978341,1
470,0,20.75,82,10.6187438978341,11.4615376192261,1
470,0,20.75,82,11.4615376192261,11.7559966927985,1
470,0,20.75,82,11.7559966927985,11.8248242535208,1
470,0,20.75,82,11.8248242535208,12.1353880027079,1
470,0,20.75,82,12.1353880027079,12.8329098624451,1
470,0,20.75,82,12.8329098624451,13.0724982715654,1
470,0,20.75,82,13.0724982715654,13.4269430436378,1
470,0,20.75,82,13.4269430436378,13.5801083094259,1
470,0,20.75,82,13.5801083094259,13.7542414598175,1
470,0,20.75,82,13.7542414598175,14.5813787542996,1
470,0,20.75,82,14.5813787542996,14.6389824372358,1
470,0,20.75,82,14.6389824372358,14.6422245382139,1
470,0,20.75,82,14.6422245382139,14.6751400632768,1
470,0,20.75,82,14.6751400632768,14.9544723355678,1
470,0,20.75,82,14.9544723355678,15.0154352116924,1
470,0,20.75,82,15.0154352116924,15.1240298162157,1
470,0,20.75,82,15.1240298162157,15.4131272035672,1
470,0,20.75,82,15.4131272035672,15.5425379674945,1
470,0,20.75,82,15.5425379674945,15.6460994191962,1
470,0,20.75,82,15.6460994191962,15.7897781442457,1
470,0,20.75,82,15.7897781442457,15.8936002329919,1
470,0,20.75,82,15.8936002329919,15.9263512164722,1
470,0,20.75,82,15.9263512164722,15.9605368038225,1
470,0,20.75,82,15.9605368038225,16.3263015258316,1
470,0,20.75,82,16.3263015258316,16.4715403683321,1
470,0,20.75,82,16.4715403683321,16.5101914139435,1
470,0,20.75,82,16.5101914139435,16.5651646146543,1
470,0,20.75,82,16.5651646146543,16.6815055298902,1
470,0,20.75,82,16.6815055298902,17.0832182780655,1
470,0,20.75,82,17.0832182780655,17.2266832063602,1
470,0,20.75,82,17.2266832063602,17.2631942101657,1
470,0,20.75,82,17.2631942101657,17.459329768692,1
470,0,20.75,82,17.459329768692,17.855344502744,1
470,0,20.75,82,17.855344502744,17.8716395132912,1
470,0,20.75,82,17.8716395132912,18.2246624190735,1
470,0,20.75,82,18.2246624190735,18.2709798245649,1
470,0,20.75,82,18.2709798245649,18.3678836673719,1
470,0,20.75,82,18.3678836673719,18.4411462300573,1
470,0,20.75,82,18.4411462300573,18.442481077682,1
470,0,20.75,82,18.442481077682,18.6009448572077,1
470,0,20.75,82,18.6009448572077,18.7134219198879,1
470,0,20.75,82,18.7134219198879,18.7558224190476,1
470,0,20.75,82,18.7558224190476,18.7852941897987,1
470,0,20.75,82,18.7852941897987,18.8073543338568,1
470,0,20.75,82,18.8073543338568,18.8114364291433,1
470,0,20.75,82,18.8114364291433,19.1573423429098,1
470,0,20.75,82,19.1573423429098,19.1785953344775,1
470,0,20.75,82,19.1785953344775,19.2073381681602,1
470,0,20.75,82,19.2073381681602,19.4906740986064,1
470,0,20.75,82,19.4906740986064,19.5349707277428,1
470,0,20.75,82,19.5349707277428,19.5571964037313,1
470,0,20.75,82,19.5571964037313,19.7163200579222,1
470,0,20.75,82,19.7163200579222,19.7470285182371,1
470,0,20.75,82,19.7470285182371,19.7844595920567,1
470,0,20.75,82,19.7844595920567,19.8207828853129,1
470,0,20.75,82,19.8207828853129,19.8518442693051,1
470,0,20.75,82,19.8518442693051,20.0267001537047,1
470,0,20.75,82,20.0267001537047,20.0838906927681,1
470,0,20.75,82,20.0838906927681,20.1321772005446,1
470,0,20.75,82,20.1321772005446,20.1492698560686,1
470,0,20.75,82,20.1492698560686,20.2867615159485,1
470,0,20.75,82,20.2867615159485,20.3068480767553,1
470,0,20.75,82,20.3068480767553,20.32928171674,1
470,0,20.75,82,20.32928171674,20.4934052812376,1
470,0,20.75,82,20.4934052812376,20.4936830176945,1
470,0,20.75,82,20.4936830176945,20.4984396620651,1
470,0,20.75,82,20.4984396620651,20.6307211364038,1
470,0,20.75,82,20.6307211364038,20.7132872265835,1
470,0,20.75,82,20.7132872265835,20.75,0
471,0,16.75,31,0,3.62214705236828,1
471,0,16.75,31,3.62214705236828,3.82381498082233,1
471,0,16.75,31,3.82381498082233,4.21194578181252,1
471,0,16.75,31,4.21194578181252,8.28421893672461,1
471,0,16.75,31,8.28421893672461,8.38360233010121,1
471,0,16.75,31,8.38360233010121,8.67519362773782,1
471,0,16.75,31,8.67519362773782,9.22228889706034,1
471,0,16.75,31,9.22228889706034,9.59052959784648,1
471,0,16.75,31,9.59052959784648,10.7771156962491,1
471,0,16.75,31,10.7771156962491,11.0189430164313,1
471,0,16.75,31,11.0189430164313,11.4925321584197,1
471,0,16.75,31,11.4925321584197,12.0149222978451,1
471,0,16.75,31,12.0149222978451,12.0926635953076,1
471,0,16.75,31,12.0926635953076,12.2367477596954,1
471,0,16.75,31,12.2367477596954,12.2699592311551,1
471,0,16.75,31,12.2699592311551,12.5148274550228,1
471,0,16.75,31,12.5148274550228,12.8496731521811,1
471,0,16.75,31,12.8496731521811,13.7202061177228,1
471,0,16.75,31,13.7202061177228,13.8180578874477,1
471,0,16.75,31,13.8180578874477,14.2508992885753,1
471,0,16.75,31,14.2508992885753,14.2614756094042,1
471,0,16.75,31,14.2614756094042,14.3762892380499,1
471,0,16.75,31,14.3762892380499,14.5742266694396,1
471,0,16.75,31,14.5742266694396,14.8915190361113,1
471,0,16.75,31,14.8915190361113,15.0615845171339,1
471,0,16.75,31,15.0615845171339,15.1666216628033,1
471,0,16.75,31,15.1666216628033,15.2981647455531,1
471,0,16.75,31,15.2981647455531,15.4694371684574,1
471,0,16.75,31,15.4694371684574,16.0176365648203,1
471,0,16.75,31,16.0176365648203,16.1908443565494,1
471,0,16.75,31,16.1908443565494,16.6665547221211,1
471,0,16.75,31,16.6665547221211,16.75,0
472,0,11.75,22,0,4.15656338070755,1
472,0,11.75,22,4.15656338070755,4.95661919929072,1
472,0,11.75,22,4.95661919929072,5.88684085116966,1
472,0,11.75,22,5.88684085116966,6.44548157692323,1
472,0,11.75,22,6.44548157692323,6.44759364674051,1
472,0,11.75,22,6.44759364674051,6.90002818736578,1
472,0,11.75,22,6.90002818736578,7.01365121227515,1
472,0,11.75,22,7.01365121227515,7.36859065693158,1
472,0,11.75,22,7.36859065693158,8.19098447336068,1
472,0,11.75,22,8.19098447336068,8.38727737192091,1
472,0,11.75,22,8.38727737192091,8.57265603718588,1
472,0,11.75,22,8.57265603718588,8.88260271829621,1
472,0,11.75,22,8.88260271829621,10.0611230638744,1
472,0,11.75,22,10.0611230638744,10.25809844568,1
472,0,11.75,22,10.25809844568,10.485981438974,1
472,0,11.75,22,10.485981438974,10.4897963153122,1
472,0,11.75,22,10.4897963153122,10.5904576807072,1
472,0,11.75,22,10.5904576807072,10.6793187862537,1
472,0,11.75,22,10.6793187862537,10.8607951213204,1
472,0,11.75,22,10.8607951213204,11.441745069313,1
472,0,11.75,22,11.441745069313,11.5118357497637,1
472,0,11.75,22,11.5118357497637,11.7299990066297,1
472,0,11.75,22,11.7299990066297,11.75,0
473,0,11.75,2,0,1.04033268447565,1
473,0,11.75,2,1.04033268447565,2.80918100507536,1
473,0,11.75,2,2.80918100507536,11.75,0
474,0,12.75,15,0,4.56243397807861,1
474,0,12.75,15,4.56243397807861,6.37644530594506,1
474,0,12.75,15,6.37644530594506,7.20588422241709,1
474,0,12.75,15,7.20588422241709,7.84893536190981,1
474,0,12.75,15,7.84893536190981,7.90907456138086,1
474,0,12.75,15,7.90907456138086,8.51923430809891,1
474,0,12.75,15,8.51923430809891,8.92900776880554,1
474,0,12.75,15,8.92900776880554,9.00054350383286,1
474,0,12.75,15,9.00054350383286,9.32781260478063,1
474,0,12.75,15,9.32781260478063,9.94132597307312,1
474,0,12.75,15,9.94132597307312,10.9241752255362,1
474,0,12.75,15,10.9241752255362,11.2386441960327,1
474,0,12.75,15,11.2386441960327,12.1777002510712,1
474,0,12.75,15,12.1777002510712,12.7054363765875,1
474,0,12.75,15,12.7054363765875,12.7488376032653,1
474,0,12.75,15,12.7488376032653,12.75,0
475,0,20.75,5,0,0.0893482594871668,1
475,0,20.75,5,0.0893482594871668,0.113976293653761,1
475,0,20.75,5,0.113976293653761,5.90595355891525,1
475,0,20.75,5,5.90595355891525,9.2810502998625,1
475,0,20.75,5,9.2810502998625,12.2008517369515,1
475,0,20.75,5,12.2008517369515,20.75,0
476,0,7.75,2,0,0.452546666953413,1
476,0,7.75,2,0.452546666953413,1.0226350547222,1
476,0,7.75,2,1.0226350547222,7.75,0
477,0,15.75,0,0,15.75,0
478,0,14.75,25,0,0.608048653683301,1
478,0,14.75,25,0.608048653683301,3.04714584571018,1
478,0,14.75,25,3.04714584571018,4.10235383143268,1
478,0,14.75,25,4.10235383143268,5.70767490523816,1
478,0,14.75,25,5.70767490523816,5.98154376732181,1
478,0,14.75,25,5.98154376732181,7.00890268275514,1
478,0,14.75,25,7.00890268275514,9.20328106433993,1
478,0,14.75,25,9.20328106433993,10.2713756148312,1
478,0,14.75,25,10.2713756148312,11.1681648516315,1
478,0,14.75,25,11.1681648516315,11.6891668753674,1
478,0,14.75,25,11.6891668753674,11.6984854934907,1
478,0,14.75,25,11.6984854934907,11.8807550856651,1
478,0,14.75,25,11.8807550856651,11.9964267570914,1
478,0,14.75,25,11.9964267570914,12.2804601643684,1
478,0,14.75,25,12.2804601643684,12.760731345937,1
478,0,14.75,25,12.760731345937,12.8937801051229,1
478,0,14.75,25,12.8937801051229,12.926759835465,1
478,0,14.75,25,12.926759835465,13.125640154447,1
478,0,14.75,25,13.125640154447,13.1283901287539,1
478,0,14.75,25,13.1283901287539,13.3881891303044,1
478,0,14.75,25,13.3881891303044,13.6150576288767,1
478,0,14.75,25,13.6150576288767,13.6345962920624,1
478,0,14.75,25,13.6345962920624,13.8066426811628,1
478,0,14.75,25,13.8066426811628,13.8405942569908,1
478,0,14.75,25,13.8405942569908,14.3491907968587,1
478,0,14.75,25,14.3491907968587,14.75,0
479,0,10.75,0,0,10.75,0
480,0,11.75,4,0,4.52004153253738,1
480,0,11.75,4,4.52004153253738,10.736803732896,1
480,0,11.75,4,10.736803732896,10.9603310385501,1
480,0,11.75,4,10.9603310385501,11.4060182841158,1
480,0,11.75,4,11.4060182841158,11.75,0
481,0,19.75,2,0,2.94832075019275,1
481,0,19.75,2,2.94832075019275,3.51551472012424,1
481,0,19.75,2,3.51551472012424,19.75,0
482,0,15.75,2,0,3.29706859981199,1
482,0,15.75,2,3.29706859981199,4.38966734829493,1
482,0,15.75,2,4.38966734829493,15.75,0
483,0,15.75,30,0,2.3898351310467,1
483,0,15.75,30,2.3898351310467,4.60908843595744,1
483,0,15.75,30,4.60908843595744,5.13790759954078,1
483,0,15.75,30,5.13790759954078,5.26899134707223,1
483,0,15.75,30,5.26899134707223,7.15628260407528,1
483,0,15.75,30,7.15628260407528,7.23847724650167,1
483,0,15.75,30,7.23847724650167,7.6419563274274,1
483,0,15.75,30,7.6419563274274,8.97377910792554,1
483,0,15.75,30,8.97377910792554,9.16435296351933,1
483,0,15.75,30,9.16435296351933,9.38321470563042,1
483,0,15.75,30,9.38321470563042,9.63068770707822,1
483,0,15.75,30,9.63068770707822,10.2698786451299,1
483,0,15.75,30,10.2698786451299,10.9362559432374,1
483,0,15.75,30,10.9362559432374,11.6413398329878,1
483,0,15.75,30,11.6413398329878,11.7523064141911,1
483,0,15.75,30,11.7523064141911,12.4214584596917,1
483,0,15.75,30,12.4214584596917,12.4777584052685,1
483,0,15.75,30,12.4777584052685,13.4924147977738,1
483,0,15.75,30,13.4924147977738,13.7228999804698,1
483,0,15.75,30,13.7228999804698,13.7916976576484,1
483,0,15.75,30,13.7916976576484,14.0008833936524,1
483,0,15.75,30,14.0008833936524,14.2365639448179,1
483,0,15.75,30,14.2365639448179,14.6934989346222,1
483,0,15.75,30,14.6934989346222,14.6998221306931,1
483,0,15.75,30,14.6998221306931,14.7971094437014,1
483,0,15.75,30,14.7971094437014,15.0024106062373,1
483,0,15.75,30,15.0024106062373,15.0618082099316,1
483,0,15.75,30,15.0618082099316,15.550197610939,1
483,0,15.75,30,15.550197610939,15.5963467531397,1
483,0,15.75,30,15.5963467531397,15.6479508977232,1
483,0,15.75,30,15.6479508977232,15.75,0
484,0,19.75,3,0,3.16768029177875,1
484,0,19.75,3,3.16768029177875,6.70654144798993,1
484,0,19.75,3,6.70654144798993,6.92933469580792,1
484,0,19.75,3,6.92933469580792,19.75,0
485,0,19.75,22,0,11.1431509914667,1
485,0,19.75,22,11.1431509914667,11.3320852416634,1
485,0,19.75,22,11.3320852416634,11.4627192618641,1
485,0,19.75,22,11.4627192618641,12.0647174374304,1
485,0,19.75,22,12.0647174374304,13.0766519409549,1
485,0,19.75,22,13.0766519409549,13.1045153964809,1
485,0,19.75,22,13.1045153964809,13.2239940382167,1
485,0,19.75,22,13.2239940382167,14.932064543618,1
485,0,19.75,22,14.932064543618,15.2284954031088,1
485,0,19.75,22,15.2284954031088,15.4296129497175,1
485,0,19.75,22,15.4296129497175,16.106272521051,1
485,0,19.75,22,16.106272521051,16.1578395478932,1
485,0,19.75,22,16.1578395478932,16.4450750381085,1
485,0,19.75,22,16.4450750381085,16.4713363350241,1
485,0,19.75,22,16.4713363350241,16.5133556508418,1
485,0,19.75,22,16.5133556508418,16.671984437307,1
485,0,19.75,22,16.671984437307,17.7578202161345,1
485,0,19.75,22,17.7578202161345,17.854835370536,1
485,0,19.75,22,17.854835370536,19.010997720079,1
485,0,19.75,22,19.010997720079,19.0597826996436,1
485,0,19.75,22,19.0597826996436,19.260198482006,1
485,0,19.75,22,19.260198482006,19.447103432027,1
485,0,19.75,22,19.447103432027,19.75,0
486,0,17.75,0,0,17.75,0
487,0,8.75,1,0,0.405016917775534,1
487,0,8.75,1,0.405016917775534,8.75,0
488,0,9.75,2,0,1.81416088639941,1
488,0,9.75,2,1.81416088639941,8.7223456652816,1
488,0,9.75,2,8.7223456652816,9.75,0
489,0,20.75,1,0,5.32750208396313,1
489,0,20.75,1,5.32750208396313,20.75,0
490,0,10.75,19,0,2.18416932445807,1
490,0,10.75,19,2.18416932445807,3.58856382018733,1
490,0,10.75,19,3.58856382018733,3.65620036219793,1
490,0,10.75,19,3.65620036219793,3.97855329100837,1
490,0,10.75,19,3.97855329100837,5.04994995704013,1
490,0,10.75,19,5.04994995704013,6.36473711729192,1
490,0,10.75,19,6.36473711729192,7.27901114557779,1
490,0,10.75,19,7.27901114557779,7.96369320277258,1
490,0,10.75,19,7.96369320277258,8.06228583981044,1
490,0,10.75,19,8.06228583981044,8.35294335830632,1
490,0,10.75,19,8.35294335830632,8.48998090355618,1
490,0,10.75,19,8.48998090355618,8.59372078902541,1
490,0,10.75,19,8.59372078902541,8.77396763291969,1
490,0,10.75,19,8.77396763291969,8.87619356758495,1
490,0,10.75,19,8.87619356758495,9.42114671471855,1
490,0,10.75,19,9.42114671471855,9.68399663629735,1
490,0,10.75,19,9.68399663629735,9.79752578340013,1
490,0,10.75,19,9.79752578340013,10.2370323573723,1
490,0,10.75,19,10.2370323573723,10.346900492184,1
490,0,10.75,19,10.346900492184,10.75,0
491,0,14.75,0,0,14.75,0
492,0,12.75,4,0,0.414782531071314,1
492,0,12.75,4,0.414782531071314,1.54511752414423,1
492,0,12.75,4,1.54511752414423,10.9833486596157,1
492,0,12.75,4,10.9833486596157,12.1781881228332,1
492,0,12.75,4,12.1781881228332,12.75,0
493,0,12.75,27,0,1.82113184988582,1
493,0,12.75,27,1.82113184988582,3.02456797161391,1
493,0,12.75,27,3.02456797161391,4.44726903571418,1
493,0,12.75,27,4.44726903571418,4.64221840215982,1
493,0,12.75,27,4.64221840215982,5.41697170282802,1
493,0,12.75,27,5.41697170282802,6.34403049000929,1
493,0,12.75,27,6.34403049000929,7.12973322147345,1
493,0,12.75,27,7.12973322147345,7.40236477074314,1
493,0,12.75,27,7.40236477074314,7.42284863026404,1
493,0,12.75,27,7.42284863026404,7.67178644704988,1
493,0,12.75,27,7.67178644704988,8.49718702441275,1
493,0,12.75,27,8.49718702441275,8.55355594269354,1
493,0,12.75,27,8.55355594269354,8.65638767263095,1
493,0,12.75,27,8.65638767263095,9.1208911122823,1
493,0,12.75,27,9.1208911122823,9.22664958777035,1
493,0,12.75,27,9.22664958777035,9.89559575594424,1
493,0,12.75,27,9.89559575594424,10.2951928224312,1
493,0,12.75,27,10.2951928224312,10.3133917261118,1
493,0,12.75,27,10.3133917261118,10.3358635361647,1
493,0,12.75,27,10.3358635361647,10.5395089325012,1
493,0,12.75,27,10.5395089325012,10.6277990549415,1
493,0,12.75,27,10.6277990549415,10.6988594709155,1
493,0,12.75,27,10.6988594709155,11.5238225199174,1
493,0,12.75,27,11.5238225199174,11.6851204716996,1
493,0,12.75,27,11.6851204716996,11.9212246855437,1
493,0,12.75,27,11.9212246855437,12.001912597436,1
493,0,12.75,27,12.001912597436,12.3970091206862,1
493,0,12.75,27,12.3970091206862,12.75,0
494,0,7.75,3,0,6.60129278953059,1
494,0,7.75,3,6.60129278953059,7.63202727086626,1
494,0,7.75,3,7.63202727086626,7.72956732419224,1
494,0,7.75,3,7.72956732419224,7.75,0
495,0,13.75,28,0,2.97589008266169,1
495,0,13.75,28,2.97589008266169,4.95066259250089,1
495,0,13.75,28,4.95066259250089,7.14839816582145,1
495,0,13.75,28,7.14839816582145,7.18838450196619,1
495,0,13.75,28,7.18838450196619,8.90809050301476,1
495,0,13.75,28,8.90809050301476,8.96500913479183,1
495,0,13.75,28,8.96500913479183,9.06944861064338,1
495,0,13.75,28,9.06944861064338,9.7787507947069,1
495,0,13.75,28,9.7787507947069,10.1027058988454,1
495,0,13.75,28,10.1027058988454,10.1372707774955,1
495,0,13.75,28,10.1372707774955,10.1388146292681,1
495,0,13.75,28,10.1388146292681,10.6690895048701,1
495,0,13.75,28,10.6690895048701,10.8561887068631,1
495,0,13.75,28,10.8561887068631,10.9183379247609,1
495,0,13.75,28,10.9183379247609,11.7357581075359,1
495,0,13.75,28,11.7357581075359,11.9088913932629,1
495,0,13.75,28,11.9088913932629,11.9828041617145,1
495,0,13.75,28,11.9828041617145,12.0672884825646,1
495,0,13.75,28,12.0672884825646,12.2061292020971,1
495,0,13.75,28,12.2061292020971,12.2235934537002,1
495,0,13.75,28,12.2235934537002,12.4446310251727,1
495,0,13.75,28,12.4446310251727,12.468931187426,1
495,0,13.75,28,12.468931187426,12.7734872974103,1
495,0,13.75,28,12.7734872974103,12.9483362764597,1
495,0,13.75,28,12.9483362764597,13.1652301708963,1
495,0,13.75,28,13.1652301708963,13.3466718152492,1
495,0,13.75,28,13.3466718152492,13.5577038037307,1
495,0,13.75,28,13.5577038037307,13.7047483666586,1
495,0,13.75,28,13.7047483666586,13.75,0
496,0,11.75,0,0,11.75,0
497,0,11.75,0,0,11.75,0
498,0,19.75,1,0,4.26299269353666,1
498,0,19.75,1,4.26299269353666,19.75,0
499,0,15.75,2,0,6.81952832621438,1
499,0,15.75,2,6.81952832621438,13.6490640806575,1
499,0,15.75,2,13.6490640806575,15.75,0
500,0,11.75,24,0,2.39403442665881,1
500,0,11.75,24,2.39403442665881,2.89723794137654,1
500,0,11.75,24,2.89723794137654,4.67593795408783,1
500,0,11.75,24,4.67593795408783,6.75032268807985,1
500,0,11.75,24,6.75032268807985,6.95738393869089,1
500,0,11.75,24,6.95738393869089,7.13866213720398,1
500,0,11.75,24,7.13866213720398,7.17626218719532,1
500,0,11.75,24,7.17626218719532,7.71095465182819,1
500,0,11.75,24,7.71095465182819,7.73702736159944,1
500,0,11.75,24,7.73702736159944,8.46309811980462,1
500,0,11.75,24,8.46309811980462,8.71971886626519,1
500,0,11.75,24,8.71971886626519,8.73843112499751,1
500,0,11.75,24,8.73843112499751,9.48832056916607,1
500,0,11.75,24,9.48832056916607,9.6276649426215,1
500,0,11.75,24,9.6276649426215,9.76456284000436,1
500,0,11.75,24,9.76456284000436,9.77578411801563,1
500,0,11.75,24,9.77578411801563,9.81618468726926,1
500,0,11.75,24,9.81618468726926,10.06182500019,1
500,0,11.75,24,10.06182500019,10.8067841716409,1
500,0,11.75,24,10.8067841716409,10.8507617531682,1
500,0,11.75,24,10.8507617531682,10.8562775832141,1
500,0,11.75,24,10.8562775832141,10.9152312666694,1
500,0,11.75,24,10.9152312666694,10.986886821566,1
500,0,11.75,24,10.986886821566,11.3769173465699,1
500,0,11.75,24,11.3769173465699,11.75,0
501,0,8.75,1,0,4.10684920111345,1
501,0,8.75,1,4.10684920111345,8.75,0
502,0,9.75,12,0,4.00164253958924,1
502,0,9.75,12,4.00164253958924,4.01017100782628,1
502,0,9.75,12,4.01017100782628,4.13252322014364,1
502,0,9.75,12,4.13252322014364,5.55003800048144,1
502,0,9.75,12,5.55003800048144,7.66030750617176,1
502,0,9.75,12,7.66030750617176,7.67950078004284,1
502,0,9.75,12,7.67950078004284,7.7872280226665,1
502,0,9.75,12,7.7872280226665,7.91557819520047,1
502,0,9.75,12,7.91557819520047,8.47339719451721,1
502,0,9.75,12,8.47339719451721,9.08963147018997,1
502,0,9.75,12,9.08963147018997,9.43957370120312,1
502,0,9.75,12,9.43957370120312,9.50281726997352,1
502,0,9.75,12,9.50281726997352,9.75,0
503,0,11.75,2,0,0.814379351047743,1
503,0,11.75,2,0.814379351047743,10.8352225635726,1
503,0,11.75,2,10.8352225635726,11.75,0
504,0,11.75,2,0,0.0108694388334746,1
504,0,11.75,2,0.0108694388334746,1.25108000259864,1
504,0,11.75,2,1.25108000259864,11.75,0
505,0,13.75,1,0,10.6631482223773,1
505,0,13.75,1,10.6631482223773,13.75,0
506,0,10.75,0,0,10.75,0
507,0,17.75,2,0,0.99204887436644,1
507,0,17.75,2,0.99204887436644,11.6240694713283,1
507,0,17.75,2,11.6240694713283,17.75,0
508,0,9.75,0,0,9.75,0
509,0,8.75,0,0,8.75,0
510,0,12.75,17,0,1.78390338506544,1
510,0,12.75,17,1.78390338506544,5.10376476004282,1
510,0,12.75,17,5.10376476004282,5.58893351160974,1
510,0,12.75,17,5.58893351160974,6.08896908038289,1
510,0,12.75,17,6.08896908038289,6.50271785875101,1
510,0,12.75,17,6.50271785875101,8.50542277988304,1
510,0,12.75,17,8.50542277988304,8.89540627698851,1
510,0,12.75,17,8.89540627698851,9.4372452773179,1
510,0,12.75,17,9.4372452773179,9.84571419663503,1
510,0,12.75,17,9.84571419663503,10.1211767148988,1
510,0,12.75,17,10.1211767148988,10.8587518633188,1
510,0,12.75,17,10.8587518633188,10.9372195590471,1
510,0,12.75,17,10.9372195590471,11.0878343535032,1
510,0,12.75,17,11.0878343535032,12.0198418874839,1
510,0,12.75,17,12.0198418874839,12.0824715386049,1
510,0,12.75,17,12.0824715386049,12.504845815508,1
510,0,12.75,17,12.504845815508,12.7363009526675,1
510,0,12.75,17,12.7363009526675,12.75,0
511,0,13.75,20,0,2.17555019799273,1
511,0,13.75,20,2.17555019799273,5.95161706662953,1
511,0,13.75,20,5.95161706662953,6.5038419872898,1
511,0,13.75,20,6.5038419872898,9.70467512686205,1
511,0,13.75,20,9.70467512686205,10.3044510237665,1
511,0,13.75,20,10.3044510237665,10.370545449436,1
511,0,13.75,20,10.370545449436,10.4046915105655,1
511,0,13.75,20,10.4046915105655,10.543318904846,1
511,0,13.75,20,10.543318904846,10.5520504103289,1
511,0,13.75,20,10.5520504103289,11.3902735754889,1
511,0,13.75,20,11.3902735754889,11.4366889063377,1
511,0,13.75,20,11.4366889063377,11.4849735071681,1
511,0,13.75,20,11.4849735071681,12.172603982898,1
511,0,13.75,20,12.172603982898,12.2026631161469,1
511,0,13.75,20,12.2026631161469,12.2429485610482,1
511,0,13.75,20,12.2429485610482,12.3944334796879,1
511,0,13.75,20,12.3944334796879,12.5852811042981,1
511,0,13.75,20,12.5852811042981,12.5974002726929,1
511,0,13.75,20,12.5974002726929,12.861252212187,1
511,0,13.75,20,12.861252212187,13.4904382984716,1
511,0,13.75,20,13.4904382984716,13.75,0
512,0,12.75,22,0,4.43165618454119,1
512,0,12.75,22,4.43165618454119,5.05199430213875,1
512,0,12.75,22,5.05199430213875,5.77411255048953,1
512,0,12.75,22,5.77411255048953,6.36266193614252,1
512,0,12.75,22,6.36266193614252,7.05856226420059,1
512,0,12.75,22,7.05856226420059,7.33060942402169,1
512,0,12.75,22,7.33060942402169,8.34928279216326,1
512,0,12.75,22,8.34928279216326,8.58838665027148,1
512,0,12.75,22,8.58838665027148,8.61578066678589,1
512,0,12.75,22,8.61578066678589,8.73006908010344,1
512,0,12.75,22,8.73006908010344,9.08027600255334,1
512,0,12.75,22,9.08027600255334,9.54155404290356,1
512,0,12.75,22,9.54155404290356,9.54252206602336,1
512,0,12.75,22,9.54252206602336,9.7051140659572,1
512,0,12.75,22,9.7051140659572,10.7057700160984,1
512,0,12.75,22,10.7057700160984,11.0168664192186,1
512,0,12.75,22,11.0168664192186,11.0472270804868,1
512,0,12.75,22,11.0472270804868,11.10354164192,1
512,0,12.75,22,11.10354164192,11.4502801328374,1
512,0,12.75,22,11.4502801328374,12.0828049262223,1
512,0,12.75,22,12.0828049262223,12.1482714158143,1
512,0,12.75,22,12.1482714158143,12.2144824274312,1
512,0,12.75,22,12.2144824274312,12.75,0
513,0,19.75,42,0,3.07569609441653,1
513,0,19.75,42,3.07569609441653,5.72513113354542,1
513,0,19.75,42,5.72513113354542,8.20670064846804,1
513,0,19.75,42,8.20670064846804,8.37760575288212,1
513,0,19.75,42,8.37760575288212,8.4628170661553,1
513,0,19.75,42,8.4628170661553,9.06465694458958,1
513,0,19.75,42,9.06465694458958,9.24887443820674,1
513,0,19.75,42,9.24887443820674,9.7779937334943,1
513,0,19.75,42,9.7779937334943,10.0845870979,1
513,0,19.75,42,10.0845870979,10.2426484376274,1
513,0,19.75,42,10.2426484376274,10.380408228585,1
513,0,19.75,42,10.380408228585,11.1197765940345,1
513,0,19.75,42,11.1197765940345,11.5010969015651,1
513,0,19.75,42,11.5010969015651,13.7713824617566,1
513,0,19.75,42,13.7713824617566,14.4119191209113,1
513,0,19.75,42,14.4119191209113,14.7586943170603,1
513,0,19.75,42,14.7586943170603,15.3817401377554,1
513,0,19.75,42,15.3817401377554,15.7443080549423,1
513,0,19.75,42,15.7443080549423,15.979295345546,1
513,0,19.75,42,15.979295345546,16.0340856185457,1
513,0,19.75,42,16.0340856185457,16.1160518456123,1
513,0,19.75,42,16.1160518456123,16.1798962210804,1
513,0,19.75,42,16.1798962210804,16.2203562253052,1
513,0,19.75,42,16.2203562253052,16.4260365184656,1
513,0,19.75,42,16.4260365184656,16.5011382016908,1
513,0,19.75,42,16.5011382016908,16.5783225229328,1
513,0,19.75,42,16.5783225229328,16.8219530644716,1
513,0,19.75,42,16.8219530644716,16.8525921044634,1
513,0,19.75,42,16.8525921044634,16.9186486564163,1
513,0,19.75,42,16.9186486564163,17.2146044578607,1
513,0,19.75,42,17.2146044578607,17.2309818098861,1
513,0,19.75,42,17.2309818098861,17.4978468249043,1
513,0,19.75,42,17.4978468249043,17.5359803497017,1
513,0,19.75,42,17.5359803497017,17.7775568796943,1
513,0,19.75,42,17.7775568796943,17.8927161110275,1
513,0,19.75,42,17.8927161110275,17.9411095756038,1
513,0,19.75,42,17.9411095756038,17.9742611982493,1
513,0,19.75,42,17.9742611982493,18.0457317844285,1
513,0,19.75,42,18.0457317844285,18.3547113200531,1
513,0,19.75,42,18.3547113200531,18.5204123908165,1
513,0,19.75,42,18.5204123908165,18.7221311656075,1
513,0,19.75,42,18.7221311656075,19.1819445717049,1
513,0,19.75,42,19.1819445717049,19.75,0
514,0,9.75,1,0,0.00673230025056019,1
514,0,9.75,1,0.00673230025056019,9.75,0
515,0,10.75,0,0,10.75,0
516,0,14.75,30,0,1.25099213209366,1
516,0,14.75,30,1.25099213209366,2.24148635435132,1
516,0,14.75,30,2.24148635435132,3.24861297385292,1
516,0,14.75,30,3.24861297385292,4.5315144775022,1
516,0,14.75,30,4.5315144775022,5.42443833018207,1
516,0,14.75,30,5.42443833018207,6.89424966740008,1
516,0,14.75,30,6.89424966740008,8.27738520163042,1
516,0,14.75,30,8.27738520163042,8.31373874613121,1
516,0,14.75,30,8.31373874613121,8.86066858607761,1
516,0,14.75,30,8.86066858607761,8.90283336133048,1
516,0,14.75,30,8.90283336133048,9.10841544575929,1
516,0,14.75,30,9.10841544575929,9.17436147816439,1
516,0,14.75,30,9.17436147816439,9.75923433106455,1
516,0,14.75,30,9.75923433106455,10.3261441487434,1
516,0,14.75,30,10.3261441487434,10.4581030703698,1
516,0,14.75,30,10.4581030703698,10.7631469447666,1
516,0,14.75,30,10.7631469447666,11.235460286928,1
516,0,14.75,30,11.235460286928,11.4306642923871,1
516,0,14.75,30,11.4306642923871,11.4411330885351,1
516,0,14.75,30,11.4411330885351,11.4794388754473,1
516,0,14.75,30,11.4794388754473,11.5854982611775,1
516,0,14.75,30,11.5854982611775,11.7529034989314,1
516,0,14.75,30,11.7529034989314,12.0270137401822,1
516,0,14.75,30,12.0270137401822,12.6153134078923,1
516,0,14.75,30,12.6153134078923,12.7092764477913,1
516,0,14.75,30,12.7092764477913,12.8849797109227,1
516,0,14.75,30,12.8849797109227,13.3283225210221,1
516,0,14.75,30,13.3283225210221,14.0289847776218,1
516,0,14.75,30,14.0289847776218,14.1318459707164,1
516,0,14.75,30,14.1318459707164,14.6734938341815,1
516,0,14.75,30,14.6734938341815,14.75,0
517,0,10.75,16,0,3.41335132733339,1
517,0,10.75,16,3.41335132733339,4.31494282331116,1
517,0,10.75,16,4.31494282331116,5.47200004934968,1
517,0,10.75,16,5.47200004934968,5.55805815007907,1
517,0,10.75,16,5.55805815007907,6.84786476830029,1
517,0,10.75,16,6.84786476830029,7.47607340870396,1
517,0,10.75,16,7.47607340870396,8.34421081625845,1
517,0,10.75,16,8.34421081625845,8.92386538491684,1
517,0,10.75,16,8.92386538491684,9.3350062038165,1
517,0,10.75,16,9.3350062038165,9.55564345094876,1
517,0,10.75,16,9.55564345094876,9.82820916186877,1
517,0,10.75,16,9.82820916186877,9.99526383222517,1
517,0,10.75,16,9.99526383222517,10.3106995266876,1
517,0,10.75,16,10.3106995266876,10.5099501452309,1
517,0,10.75,16,10.5099501452309,10.5666981234497,1
517,0,10.75,16,10.5666981234497,10.61182072514,1
517,0,10.75,16,10.61182072514,10.75,0
518,0,14.75,1,0,1.20170429703851,1
518,0,14.75,1,1.20170429703851,14.75,0
519,0,9.75,7,0,3.62531040518603,1
519,0,9.75,7,3.62531040518603,4.80622248821936,1
519,0,9.75,7,4.80622248821936,7.51957048276578,1
519,0,9.75,7,7.51957048276578,8.00554402330179,1
519,0,9.75,7,8.00554402330179,8.96220461497091,1
519,0,9.75,7,8.96220461497091,9.27133351546663,1
519,0,9.75,7,9.27133351546663,9.36664094406665,1
519,0,9.75,7,9.36664094406665,9.75,0
520,0,7.75,1,0,2.71903636967788,1
520,0,7.75,1,2.71903636967788,7.75,0
521,0,14.75,1,0,11.7151780590013,1
521,0,14.75,1,11.7151780590013,14.75,0
522,0,17.75,1,0,16.8515048676171,1
522,0,17.75,1,16.8515048676171,17.75,0
523,0,12.75,0,0,12.75,0
524,0,16.75,48,0,2.67758890673833,1
524,0,16.75,48,2.67758890673833,2.7502581780578,1
524,0,16.75,48,2.7502581780578,2.79923784165266,1
524,0,16.75,48,2.79923784165266,2.84080864734965,1
524,0,16.75,48,2.84080864734965,4.14938264321997,1
524,0,16.75,48,4.14938264321997,4.47493557711573,1
524,0,16.75,48,4.47493557711573,6.34051924404779,1
524,0,16.75,48,6.34051924404779,6.8031691877784,1
524,0,16.75,48,6.8031691877784,7.28357974034417,1
524,0,16.75,48,7.28357974034417,7.57894067524196,1
524,0,16.75,48,7.57894067524196,8.76906983257768,1
524,0,16.75,48,8.76906983257768,10.3105162528981,1
524,0,16.75,48,10.3105162528981,10.4800165476933,1
524,0,16.75,48,10.4800165476933,10.6558917177454,1
524,0,16.75,48,10.6558917177454,10.8064961126998,1
524,0,16.75,48,10.8064961126998,10.8476707181844,1
524,0,16.75,48,10.8476707181844,11.2655208289337,1
524,0,16.75,48,11.2655208289337,11.3778616129033,1
524,0,16.75,48,11.3778616129033,11.4214213707066,1
524,0,16.75,48,11.4214213707066,11.5286792065521,1
524,0,16.75,48,11.5286792065521,12.0624340664391,1
524,0,16.75,48,12.0624340664391,12.4327742723203,1
524,0,16.75,48,12.4327742723203,12.4561281438542,1
524,0,16.75,48,12.4561281438542,13.1991931705654,1
524,0,16.75,48,13.1991931705654,13.5673515161577,1
524,0,16.75,48,13.5673515161577,13.854544170137,1
524,0,16.75,48,13.854544170137,14.183137902676,1
524,0,16.75,48,14.183137902676,14.1915575194465,1
524,0,16.75,48,14.1915575194465,14.4542694997493,1
524,0,16.75,48,14.4542694997493,14.6444819145404,1
524,0,16.75,48,14.6444819145404,15.1169699814836,1
524,0,16.75,48,15.1169699814836,15.4786591909455,1
524,0,16.75,48,15.4786591909455,15.5265538780363,1
524,0,16.75,48,15.5265538780363,15.7725405712566,1
524,0,16.75,48,15.7725405712566,15.9864525255626,1
524,0,16.75,48,15.9864525255626,16.0441044918821,1
524,0,16.75,48,16.0441044918821,16.0661580363351,1
524,0,16.75,48,16.0661580363351,16.1262244911225,1
524,0,16.75,48,16.1262244911225,16.1633203119001,1
524,0,16.75,48,16.1633203119001,16.2107243337959,1
524,0,16.75,48,16.2107243337959,16.2232450534327,1
524,0,16.75,48,16.2232450534327,16.3893309535518,1
524,0,16.75,48,16.3893309535518,16.4865140128253,1
524,0,16.75,48,16.4865140128253,16.5357937806311,1
524,0,16.75,48,16.5357937806311,16.56331671065,1
524,0,16.75,48,16.56331671065,16.5749933637026,1
524,0,16.75,48,16.5749933637026,16.6570427812503,1
524,0,16.75,48,16.6570427812503,16.7490081596457,1
524,0,16.75,48,16.7490081596457,16.75,0
525,0,12.75,7,0,8.62093005545698,1
525,0,12.75,7,8.62093005545698,9.17292866260579,1
525,0,12.75,7,9.17292866260579,9.35887223434538,1
525,0,12.75,7,9.35887223434538,9.60261785778852,1
525,0,12.75,7,9.60261785778852,10.1057105838847,1
525,0,12.75,7,10.1057105838847,11.4115322119838,1
525,0,12.75,7,11.4115322119838,12.4424104885118,1
525,0,12.75,7,12.4424104885118,12.75,0
526,0,16.75,72,0,2.58391616622522,1
526,0,16.75,72,2.58391616622522,3.84816369887083,1
526,0,16.75,72,3.84816369887083,4.65400340997913,1
526,0,16.75,72,4.65400340997913,5.10279060955208,1
526,0,16.75,72,5.10279060955208,5.62548157459159,1
526,0,16.75,72,5.62548157459159,6.08383129692772,1
526,0,16.75,72,6.08383129692772,6.29502410095889,1
526,0,16.75,72,6.29502410095889,6.79121333918274,1
526,0,16.75,72,6.79121333918274,7.06140923382011,1
526,0,16.75,72,7.06140923382011,7.5863609449869,1
526,0,16.75,72,7.5863609449869,7.74529885868182,1
526,0,16.75,72,7.74529885868182,8.16028736393515,1
526,0,16.75,72,8.16028736393515,8.24406646960591,1
526,0,16.75,72,8.24406646960591,8.52249777352421,1
526,0,16.75,72,8.52249777352421,8.54188258880037,1
526,0,16.75,72,8.54188258880037,8.79009883818321,1
526,0,16.75,72,8.79009883818321,8.87427930247235,1
526,0,16.75,72,8.87427930247235,9.15466432395186,1
526,0,16.75,72,9.15466432395186,9.38356326009597,1
526,0,16.75,72,9.38356326009597,9.65233834338547,1
526,0,16.75,72,9.65233834338547,9.72244726427643,1
526,0,16.75,72,9.72244726427643,9.7730917489821,1
526,0,16.75,72,9.7730917489821,9.78968922640021,1
526,0,16.75,72,9.78968922640021,9.81792889371292,1
526,0,16.75,72,9.81792889371292,10.3957938210801,1
526,0,16.75,72,10.3957938210801,10.781291856137,1
526,0,16.75,72,10.781291856137,10.7948752223405,1
526,0,16.75,72,10.7948752223405,10.8061183612975,1
526,0,16.75,72,10.8061183612975,11.2120262064571,1
526,0,16.75,72,11.2120262064571,11.2889713156515,1
526,0,16.75,72,11.2889713156515,11.4822312942011,1
526,0,16.75,72,11.4822312942011,11.6501246880477,1
526,0,16.75,72,11.6501246880477,11.7065569595549,1
526,0,16.75,72,11.7065569595549,11.9185671888609,1
526,0,16.75,72,11.9185671888609,11.9879529551584,1
526,0,16.75,72,11.9879529551584,12.1041799489302,1
526,0,16.75,72,12.1041799489302,12.2471428684085,1
526,0,16.75,72,12.2471428684085,12.2901142627798,1
526,0,16.75,72,12.2901142627798,13.0804739708214,1
526,0,16.75,72,13.0804739708214,13.1671413926262,1
526,0,16.75,72,13.1671413926262,13.4038990402453,1
526,0,16.75,72,13.4038990402453,13.4114119863978,1
526,0,16.75,72,13.4114119863978,13.498126801185,1
526,0,16.75,72,13.498126801185,13.5152349037322,1
526,0,16.75,72,13.5152349037322,13.5726021112943,1
526,0,16.75,72,13.5726021112943,13.8583489849272,1
526,0,16.75,72,13.8583489849272,13.9124816893311,1
526,0,16.75,72,13.9124816893311,13.915826199705,1
526,0,16.75,72,13.915826199705,13.9370175963356,1
526,0,16.75,72,13.9370175963356,14.0159148661144,1
526,0,16.75,72,14.0159148661144,14.2925500864523,1
526,0,16.75,72,14.2925500864523,14.296592925357,1
526,0,16.75,72,14.296592925357,14.3423643225988,1
526,0,16.75,72,14.3423643225988,14.5015574415752,1
526,0,16.75,72,14.5015574415752,14.7465638896286,1
526,0,16.75,72,14.7465638896286,14.8425954219407,1
526,0,16.75,72,14.8425954219407,15.0161709411634,1
526,0,16.75,72,15.0161709411634,15.1699553602176,1
526,0,16.75,72,15.1699553602176,15.2531358208519,1
526,0,16.75,72,15.2531358208519,15.2907460454292,1
526,0,16.75,72,15.2907460454292,15.3106248768186,1
526,0,16.75,72,15.3106248768186,15.5122426911916,1
526,0,16.75,72,15.5122426911916,15.5857607602333,1
526,0,16.75,72,15.5857607602333,15.6011910217107,1
526,0,16.75,72,15.6011910217107,15.6544289731562,1
526,0,16.75,72,15.6544289731562,15.8286527051084,1
526,0,16.75,72,15.8286527051084,15.8836759250312,1
526,0,16.75,72,15.8836759250312,16.0080019629392,1
526,0,16.75,72,16.0080019629392,16.1509149218818,1
526,0,16.75,72,16.1509149218818,16.2238666351081,1
526,0,16.75,72,16.2238666351081,16.3583691244671,1
526,0,16.75,72,16.3583691244671,16.5971671517287,1
526,0,16.75,72,16.5971671517287,16.75,0
527,0,19.75,3,0,6.83708680031076,1
527,0,19.75,3,6.83708680031076,7.33833159286505,1
527,0,19.75,3,7.33833159286505,9.55393790446236,1
527,0,19.75,3,9.55393790446236,19.75,0
528,0,10.75,3,0,0.0138351278065849,1
528,0,10.75,3,0.0138351278065849,0.313441505297996,1
528,0,10.75,3,0.313441505297996,8.72678106845721,1
528,0,10.75,3,8.72678106845721,10.75,0
529,0,14.75,3,0,0.00919445317456015,1
529,0,14.75,3,0.00919445317456015,0.0901585787405004,1
529,0,14.75,3,0.0901585787405004,1.49171124190373,1
529,0,14.75,3,1.49171124190373,14.75,0
530,0,16.75,4,0,6.95074812080358,1
530,0,16.75,4,6.95074812080358,7.07635202341343,1
530,0,16.75,4,7.07635202341343,9.53237236550248,1
530,0,16.75,4,9.53237236550248,15.5044112896865,1
530,0,16.75,4,15.5044112896865,16.75,0
531,0,9.75,2,0,0.0238919021813773,1
531,0,9.75,2,0.0238919021813773,7.81885038883504,1
531,0,9.75,2,7.81885038883504,9.75,0
532,0,17.75,2,0,0.325324016413248,1
532,0,17.75,2,0.325324016413248,8.01575889382159,1
532,0,17.75,2,8.01575889382159,17.75,0
533,0,9.75,1,0,2.55309581171568,1
533,0,9.75,1,2.55309581171568,9.75,0
534,0,15.75,2,0,5.46467116412112,1
534,0,15.75,2,5.46467116412112,12.9059760352603,1
534,0,15.75,2,12.9059760352603,15.75,0
535,0,16.75,45,0,7.63922399265681,1
535,0,16.75,45,7.63922399265681,8.4029182697158,1
535,0,16.75,45,8.4029182697158,8.89520831554422,1
535,0,16.75,45,8.89520831554422,10.1742163942131,1
535,0,16.75,45,10.1742163942131,10.7632190615488,1
535,0,16.75,45,10.7632190615488,11.1086996376375,1
535,0,16.75,45,11.1086996376375,11.4152467732246,1
535,0,16.75,45,11.4152467732246,11.4926375477302,1
535,0,16.75,45,11.4926375477302,11.6225632105588,1
535,0,16.75,45,11.6225632105588,11.8007003502124,1
535,0,16.75,45,11.8007003502124,12.4439587528077,1
535,0,16.75,45,12.4439587528077,12.8700378933999,1
535,0,16.75,45,12.8700378933999,12.9610234411914,1
535,0,16.75,45,12.9610234411914,13.1657259807613,1
535,0,16.75,45,13.1657259807613,13.3250704307364,1
535,0,16.75,45,13.3250704307364,13.3754962149018,1
535,0,16.75,45,13.3754962149018,13.4201839244921,1
535,0,16.75,45,13.4201839244921,13.5642145772885,1
535,0,16.75,45,13.5642145772885,13.5674356268821,1
535,0,16.75,45,13.5674356268821,13.5690163418911,1
535,0,16.75,45,13.5690163418911,13.573480159062,1
535,0,16.75,45,13.573480159062,13.6638260913518,1
535,0,16.75,45,13.6638260913518,14.020846599543,1
535,0,16.75,45,14.020846599543,14.0515276017981,1
535,0,16.75,45,14.0515276017981,14.0886857068115,1
535,0,16.75,45,14.0886857068115,14.3005221992896,1
535,0,16.75,45,14.3005221992896,14.366491854249,1
535,0,16.75,45,14.366491854249,14.4310539304673,1
535,0,16.75,45,14.4310539304673,14.6520054893744,1
535,0,16.75,45,14.6520054893744,15.1632576868918,1
535,0,16.75,45,15.1632576868918,15.1951301901025,1
535,0,16.75,45,15.1951301901025,15.2636077891648,1
535,0,16.75,45,15.2636077891648,15.4226588459836,1
535,0,16.75,45,15.4226588459836,15.5170939477132,1
535,0,16.75,45,15.5170939477132,15.7176811510827,1
535,0,16.75,45,15.7176811510827,15.7474985994512,1
535,0,16.75,45,15.7474985994512,15.8868065805085,1
535,0,16.75,45,15.8868065805085,16.0184822168973,1
535,0,16.75,45,16.0184822168973,16.0969918355688,1
535,0,16.75,45,16.0969918355688,16.1081022661215,1
535,0,16.75,45,16.1081022661215,16.3093530092717,1
535,0,16.75,45,16.3093530092717,16.3105871581894,1
535,0,16.75,45,16.3105871581894,16.4040958353997,1
535,0,16.75,45,16.4040958353997,16.4229709406351,1
535,0,16.75,45,16.4229709406351,16.5831041847305,1
535,0,16.75,45,16.5831041847305,16.75,0
536,0,13.75,0,0,13.75,0
537,0,11.75,0,0,11.75,0
538,0,11.75,0,0,11.75,0
539,0,11.75,22,0,3.68580625824644,1
539,0,11.75,22,3.68580625824644,4.29695403844055,1
539,0,11.75,22,4.29695403844055,6.5531045298173,1
539,0,11.75,22,6.5531045298173,7.12549424610803,1
539,0,11.75,22,7.12549424610803,7.48461085671505,1
539,0,11.75,22,7.48461085671505,8.39421685840792,1
539,0,11.75,22,8.39421685840792,8.41383668210453,1
539,0,11.75,22,8.41383668210453,8.87156442741492,1
539,0,11.75,22,8.87156442741492,8.8969013357775,1
539,0,11.75,22,8.8969013357775,9.36937901829446,1
539,0,11.75,22,9.36937901829446,9.70031806635927,1
539,0,11.75,22,9.70031806635927,9.72263711529857,1
539,0,11.75,22,9.72263711529857,9.96568830887907,1
539,0,11.75,22,9.96568830887907,10.1260434493488,1
539,0,11.75,22,10.1260434493488,10.1566223626363,1
539,0,11.75,22,10.1566223626363,10.5591066197682,1
539,0,11.75,22,10.5591066197682,10.7867252911403,1
539,0,11.75,22,10.7867252911403,10.8466246571958,1
539,0,11.75,22,10.8466246571958,10.8873603490694,1
539,0,11.75,22,10.8873603490694,11.0288641974983,1
539,0,11.75,22,11.0288641974983,11.1165208612039,1
539,0,11.75,22,11.1165208612039,11.4454533624875,1
539,0,11.75,22,11.4454533624875,11.75,0
540,0,16.75,2,0,3.68639777366979,1
540,0,16.75,2,3.68639777366979,11.0711827933423,1
540,0,16.75,2,11.0711827933423,16.75,0
541,0,15.75,4,0,0.69666148652375,1
541,0,15.75,4,0.69666148652375,0.900121063172293,1
541,0,15.75,4,0.900121063172293,1.86120318480474,1
541,0,15.75,4,1.86120318480474,12.3172082301201,1
541,0,15.75,4,12.3172082301201,15.75,0
542,0,17.75,3,0,1.12119771601061,1
542,0,17.75,3,1.12119771601061,3.47423167188733,1
542,0,17.75,3,3.47423167188733,5.11352117070129,1
542,0,17.75,3,5.11352117070129,17.75,0
543,0,19.75,1,0,7.93637648190103,1
543,0,19.75,1,7.93637648190103,19.75,0
544,0,11.75,0,0,11.75,0
545,0,8.75,1,0,3.9744054039065,1
545,0,8.75,1,3.9744054039065,8.75,0
546,0,15.75,0,0,15.75,0
547,0,15.75,0,0,15.75,0
548,0,19.75,18,0,3.99011666046769,1
548,0,19.75,18,3.99011666046769,5.32472275556043,1
548,0,19.75,18,5.32472275556043,10.0335671736202,1
548,0,19.75,18,10.0335671736202,10.7373906484032,1
548,0,19.75,18,10.7373906484032,11.493712823608,1
548,0,19.75,18,11.493712823608,12.0162020126024,1
548,0,19.75,18,12.0162020126024,13.7414084044369,1
548,0,19.75,18,13.7414084044369,14.379339405352,1
548,0,19.75,18,14.379339405352,16.6041102350541,1
548,0,19.75,18,16.6041102350541,17.0034174260948,1
548,0,19.75,18,17.0034174260948,17.2940882166305,1
548,0,19.75,18,17.2940882166305,17.5155027215388,1
548,0,19.75,18,17.5155027215388,17.8409837247067,1
548,0,19.75,18,17.8409837247067,18.136235421723,1
548,0,19.75,18,18.136235421723,18.260858658615,1
548,0,19.75,18,18.260858658615,18.3174917272533,1
548,0,19.75,18,18.3174917272533,18.5689840929168,1
548,0,19.75,18,18.5689840929168,19.6216695182098,1
548,0,19.75,18,19.6216695182098,19.75,0
549,0,15.75,6,0,0.397540337924832,1
549,0,15.75,6,0.397540337924832,4.73774709731286,1
549,0,15.75,6,4.73774709731286,10.4040854132621,1
549,0,15.75,6,10.4040854132621,10.9956076857087,1
549,0,15.75,6,10.9956076857087,12.1308543229449,1
549,0,15.75,6,12.1308543229449,12.3325732052242,1
549,0,15.75,6,12.3325732052242,15.75,0
550,0,12.75,19,0,4.20172634637948,1
550,0,12.75,19,4.20172634637948,4.88442520502402,1
550,0,12.75,19,4.88442520502402,6.16400905660175,1
550,0,12.75,19,6.16400905660175,6.56182958272953,1
550,0,12.75,19,6.56182958272953,6.74931428580282,1
550,0,12.75,19,6.74931428580282,6.97136501497614,1
550,0,12.75,19,6.97136501497614,7.62472012915938,1
550,0,12.75,19,7.62472012915938,8.73797838965687,1
550,0,12.75,19,8.73797838965687,9.23550424117903,1
550,0,12.75,19,9.23550424117903,9.89564764862335,1
550,0,12.75,19,9.89564764862335,10.1768558031725,1
550,0,12.75,19,10.1768558031725,10.6154120021239,1
550,0,12.75,19,10.6154120021239,10.645071627757,1
550,0,12.75,19,10.645071627757,11.7183214889853,1
550,0,12.75,19,11.7183214889853,11.9557399555,1
550,0,12.75,19,11.9557399555,12.0426879498596,1
550,0,12.75,19,12.0426879498596,12.2732051037994,1
550,0,12.75,19,12.2732051037994,12.3654538658173,1
550,0,12.75,19,12.3654538658173,12.4255534390096,1
550,0,12.75,19,12.4255534390096,12.75,0
551,0,17.75,17,0,4.37437557200955,1
551,0,17.75,17,4.37437557200955,4.46571266044581,1
551,0,17.75,17,4.46571266044581,7.1444136706885,1
551,0,17.75,17,7.1444136706885,7.32371104294125,1
551,0,17.75,17,7.32371104294125,9.60311385939614,1
551,0,17.75,17,9.60311385939614,10.3359100459508,1
551,0,17.75,17,10.3359100459508,12.0908457953315,1
551,0,17.75,17,12.0908457953315,12.3574623479946,1
551,0,17.75,17,12.3574623479946,13.6398985393112,1
551,0,17.75,17,13.6398985393112,14.0741798337582,1
551,0,17.75,17,14.0741798337582,14.4017790603959,1
551,0,17.75,17,14.4017790603959,14.5467466856153,1
551,0,17.75,17,14.5467466856153,15.0790320540533,1
551,0,17.75,17,15.0790320540533,16.9955335777352,1
551,0,17.75,17,16.9955335777352,17.2952006956947,1
551,0,17.75,17,17.2952006956947,17.3928511223698,1
551,0,17.75,17,17.3928511223698,17.7196699337253,1
551,0,17.75,17,17.7196699337253,17.75,0
552,0,7.75,1,0,0.163708427271511,1
552,0,7.75,1,0.163708427271511,7.75,0
553,0,12.75,19,0,3.13260773024283,1
553,0,12.75,19,3.13260773024283,3.34373482145841,1
553,0,12.75,19,3.34373482145841,4.86000307572551,1
553,0,12.75,19,4.86000307572551,6.84932271910458,1
553,0,12.75,19,6.84932271910458,7.10749025544558,1
553,0,12.75,19,7.10749025544558,7.39076014320674,1
553,0,12.75,19,7.39076014320674,7.78244029102551,1
553,0,12.75,19,7.78244029102551,8.19283947785942,1
553,0,12.75,19,8.19283947785942,8.78096233453684,1
553,0,12.75,19,8.78096233453684,8.8520900806015,1
553,0,12.75,19,8.8520900806015,9.40159919595776,1
553,0,12.75,19,9.40159919595776,9.69526843311392,1
553,0,12.75,19,9.69526843311392,10.7821743952071,1
553,0,12.75,19,10.7821743952071,10.8623742241847,1
553,0,12.75,19,10.8623742241847,11.629883200095,1
553,0,12.75,19,11.629883200095,11.9119012559766,1
553,0,12.75,19,11.9119012559766,12.2111193781542,1
553,0,12.75,19,12.2111193781542,12.6041965061797,1
553,0,12.75,19,12.6041965061797,12.7499407870961,1
553,0,12.75,19,12.7499407870961,12.75,0
554,0,16.75,1,0,13.4448194062903,1
554,0,16.75,1,13.4448194062903,16.75,0
555,0,13.75,20,0,1.92857946553869,1
555,0,13.75,20,1.92857946553869,4.75206696236466,1
555,0,13.75,20,4.75206696236466,6.33377633006322,1
555,0,13.75,20,6.33377633006322,7.30536779709933,1
555,0,13.75,20,7.30536779709933,7.87799465866804,1
555,0,13.75,20,7.87799465866804,8.23375493187894,1
555,0,13.75,20,8.23375493187894,8.31195220540533,1
555,0,13.75,20,8.31195220540533,9.22160497396922,1
555,0,13.75,20,9.22160497396922,9.31058375375552,1
555,0,13.75,20,9.31058375375552,9.44699955114364,1
555,0,13.75,20,9.44699955114364,9.45811861659129,1
555,0,13.75,20,9.45811861659129,9.63689826219859,1
555,0,13.75,20,9.63689826219859,10.6084134496115,1
555,0,13.75,20,10.6084134496115,10.6768636532244,1
555,0,13.75,20,10.6768636532244,10.7528580778685,1
555,0,13.75,20,10.7528580778685,11.2796412013057,1
555,0,13.75,20,11.2796412013057,12.4565967583223,1
555,0,13.75,20,12.4565967583223,12.5316128552985,1
555,0,13.75,20,12.5316128552985,13.1522351982136,1
555,0,13.75,20,13.1522351982136,13.6340380406718,1
555,0,13.75,20,13.6340380406718,13.75,0
556,0,17.75,1,0,0.327862837353582,1
556,0,17.75,1,0.327862837353582,17.75,0
557,0,15.75,2,0,4.09488656335577,1
557,0,15.75,2,4.09488656335577,13.9034639498572,1
557,0,15.75,2,13.9034639498572,15.75,0
558,0,12.75,16,0,4.60095929875718,1
558,0,12.75,16,4.60095929875718,4.80603230426986,1
558,0,12.75,16,4.80603230426986,5.67350113499923,1
558,0,12.75,16,5.67350113499923,6.49633196882977,1
558,0,12.75,16,6.49633196882977,7.66549008414716,1
558,0,12.75,16,7.66549008414716,7.75389257603056,1
558,0,12.75,16,7.75389257603056,8.68759731584237,1
558,0,12.75,16,8.68759731584237,9.26896933890665,1
558,0,12.75,16,9.26896933890665,10.8339765837244,1
558,0,12.75,16,10.8339765837244,10.9388988113616,1
558,0,12.75,16,10.9388988113616,11.4642645272915,1
558,0,12.75,16,11.4642645272915,11.6074089731158,1
558,0,12.75,16,11.6074089731158,11.9336663730594,1
558,0,12.75,16,11.9336663730594,12.0333987237769,1
558,0,12.75,16,12.0333987237769,12.0574861477093,1
558,0,12.75,16,12.0574861477093,12.5390796894498,1
558,0,12.75,16,12.5390796894498,12.75,0
559,0,8.75,8,0,0.273856076967952,1
559,0,8.75,8,0.273856076967952,3.73341128521624,1
559,0,8.75,8,3.73341128521624,4.51319975276836,1
559,0,8.75,8,4.51319975276836,6.22982962373879,1
559,0,8.75,8,6.22982962373879,6.23408607145315,1
559,0,8.75,8,6.23408607145315,7.14939076899817,1
559,0,8.75,8,7.14939076899817,8.14564855592509,1
559,0,8.75,8,8.14564855592509,8.66813023596629,1
559,0,8.75,8,8.66813023596629,8.75,0
560,0,9.75,7,0,3.3903718141381,1
560,0,9.75,7,3.3903718141381,4.8900568633233,1
560,0,9.75,7,4.8900568633233,5.70616901120244,1
560,0,9.75,7,5.70616901120244,5.87672459125892,1
560,0,9.75,7,5.87672459125892,7.06031942423719,1
560,0,9.75,7,7.06031942423719,9.14949086529251,1
560,0,9.75,7,9.14949086529251,9.54119794342278,1
560,0,9.75,7,9.54119794342278,9.75,0
561,0,18.75,55,0,3.26375558391829,1
561,0,18.75,55,3.26375558391829,3.75122568037621,1
561,0,18.75,55,3.75122568037621,3.78865193976672,1
561,0,18.75,55,3.78865193976672,4.87922766525588,1
561,0,18.75,55,4.87922766525588,6.17357848958394,1
561,0,18.75,55,6.17357848958394,6.72918265293315,1
561,0,18.75,55,6.72918265293315,7.21965640141346,1
561,0,18.75,55,7.21965640141346,7.74057319162856,1
561,0,18.75,55,7.74057319162856,7.8581712533306,1
561,0,18.75,55,7.8581712533306,8.63749296961203,1
561,0,18.75,55,8.63749296961203,8.87470995688948,1
561,0,18.75,55,8.87470995688948,9.14336407478562,1
561,0,18.75,55,9.14336407478562,9.57905200018406,1
561,0,18.75,55,9.57905200018406,9.61341802234663,1
561,0,18.75,55,9.61341802234663,9.79938992944249,1
561,0,18.75,55,9.79938992944249,10.45458357599,1
561,0,18.75,55,10.45458357599,10.4991622951909,1
561,0,18.75,55,10.4991622951909,10.9493867649127,1
561,0,18.75,55,10.9493867649127,10.9587418912362,1
561,0,18.75,55,10.9587418912362,11.1440597212641,1
561,0,18.75,55,11.1440597212641,11.2431849690935,1
561,0,18.75,55,11.2431849690935,11.4758882038668,1
561,0,18.75,55,11.4758882038668,12.1930582332119,1
561,0,18.75,55,12.1930582332119,12.4807874855718,1
561,0,18.75,55,12.4807874855718,12.5021314746303,1
561,0,18.75,55,12.5021314746303,12.7172040328971,1
561,0,18.75,55,12.7172040328971,12.8472536136931,1
561,0,18.75,55,12.8472536136931,13.1465126292623,1
561,0,18.75,55,13.1465126292623,13.6421793332313,1
561,0,18.75,55,13.6421793332313,13.6714751364067,1
561,0,18.75,55,13.6714751364067,13.7541656926995,1
561,0,18.75,55,13.7541656926995,14.3192198857238,1
561,0,18.75,55,14.3192198857238,14.5152382218827,1
561,0,18.75,55,14.5152382218827,14.561341541031,1
561,0,18.75,55,14.561341541031,14.9276712654344,1
561,0,18.75,55,14.9276712654344,15.9615743407427,1
561,0,18.75,55,15.9615743407427,16.0079233032165,1
561,0,18.75,55,16.0079233032165,16.1252657069963,1
561,0,18.75,55,16.1252657069963,16.383332558606,1
561,0,18.75,55,16.383332558606,16.6410099635625,1
561,0,18.75,55,16.6410099635625,16.7291345727499,1
561,0,18.75,55,16.7291345727499,16.7571783512932,1
561,0,18.75,55,16.7571783512932,16.8624193998228,1
561,0,18.75,55,16.8624193998228,17.2131239882851,1
561,0,18.75,55,17.2131239882851,17.4527975522064,1
561,0,18.75,55,17.4527975522064,17.6966721300188,1
561,0,18.75,55,17.6966721300188,17.7378870780398,1
561,0,18.75,55,17.7378870780398,17.7408944944243,1
561,0,18.75,55,17.7408944944243,18.0250920923453,1
561,0,18.75,55,18.0250920923453,18.1038590651612,1
561,0,18.75,55,18.1038590651612,18.1802710879018,1
561,0,18.75,55,18.1802710879018,18.2398425301234,1
561,0,18.75,55,18.2398425301234,18.4908358598116,1
561,0,18.75,55,18.4908358598116,18.5420523226022,1
561,0,18.75,55,18.5420523226022,18.6952869565881,1
561,0,18.75,55,18.6952869565881,18.75,0
562,0,15.75,2,0,0.375917337387429,1
562,0,15.75,2,0.375917337387429,12.7419045700523,1
562,0,15.75,2,12.7419045700523,15.75,0
563,0,18.75,2,0,1.3342975841727,1
563,0,18.75,2,1.3342975841727,10.4519143975271,1
563,0,18.75,2,10.4519143975271,18.75,0
564,0,15.75,4,0,0.327742909466133,1
564,0,15.75,4,0.327742909466133,0.410935229247309,1
564,0,15.75,4,0.410935229247309,2.36005650114085,1
564,0,15.75,4,2.36005650114085,4.19058988124653,1
564,0,15.75,4,4.19058988124653,15.75,0
565,0,15.75,0,0,15.75,0
566,0,15.75,0,0,15.75,0
567,0,15.75,40,0,1.69049546384032,1
567,0,15.75,40,1.69049546384032,4.07664373891011,1
567,0,15.75,40,4.07664373891011,5.35247070375276,1
567,0,15.75,40,5.35247070375276,5.76034118136142,1
567,0,15.75,40,5.76034118136142,6.1551435406826,1
567,0,15.75,40,6.1551435406826,7.40884641351685,1
567,0,15.75,40,7.40884641351685,7.44428479800971,1
567,0,15.75,40,7.44428479800971,8.41438931901363,1
567,0,15.75,40,8.41438931901363,8.98144409315704,1
567,0,15.75,40,8.98144409315704,9.36653549243014,1
567,0,15.75,40,9.36653549243014,10.2263295716254,1
567,0,15.75,40,10.2263295716254,10.721183663794,1
567,0,15.75,40,10.721183663794,10.7732343996753,1
567,0,15.75,40,10.7732343996753,10.9973351310465,1
567,0,15.75,40,10.9973351310465,11.7408694468926,1
567,0,15.75,40,11.7408694468926,11.8632085623335,1
567,0,15.75,40,11.8632085623335,12.1204781442478,1
567,0,15.75,40,12.1204781442478,12.3047985682209,1
567,0,15.75,40,12.3047985682209,12.3797899121934,1
567,0,15.75,40,12.3797899121934,12.38435995441,1
567,0,15.75,40,12.38435995441,12.976312117796,1
567,0,15.75,40,12.976312117796,13.2751207240731,1
567,0,15.75,40,13.2751207240731,13.2871823054937,1
567,0,15.75,40,13.2871823054937,13.4942820069319,1
567,0,15.75,40,13.4942820069319,13.6460334414416,1
567,0,15.75,40,13.6460334414416,13.7637357941398,1
567,0,15.75,40,13.7637357941398,13.7742179453267,1
567,0,15.75,40,13.7742179453267,14.074234181643,1
567,0,15.75,40,14.074234181643,14.1294957691414,1
567,0,15.75,40,14.1294957691414,14.1478737487638,1
567,0,15.75,40,14.1478737487638,14.5228294572587,1
567,0,15.75,40,14.5228294572587,14.5751760465668,1
567,0,15.75,40,14.5751760465668,14.5822157022971,1
567,0,15.75,40,14.5822157022971,14.590352043831,1
567,0,15.75,40,14.590352043831,14.7096798512194,1
567,0,15.75,40,14.7096798512194,14.761122830443,1
567,0,15.75,40,14.761122830443,14.9940493920555,1
567,0,15.75,40,14.9940493920555,15.2076174205206,1
567,0,15.75,40,15.2076174205206,15.4069676067215,1
567,0,15.75,40,15.4069676067215,15.6856659015844,1
567,0,15.75,40,15.6856659015844,15.75,0
568,0,12.75,1,0,1.44064687473584,1
568,0,12.75,1,1.44064687473584,12.75,0
569,0,15.75,33,0,5.27162938600023,1
569,0,15.75,33,5.27162938600023,6.76430663221095,1
569,0,15.75,33,6.76430663221095,6.76552239502305,1
569,0,15.75,33,6.76552239502305,7.96354208440089,1
569,0,15.75,33,7.96354208440089,8.77813452545141,1
569,0,15.75,33,8.77813452545141,8.94668831132598,1
569,0,15.75,33,8.94668831132598,9.19043481649049,1
569,0,15.75,33,9.19043481649049,9.91727616168309,1
569,0,15.75,33,9.91727616168309,10.1507788331957,1
569,0,15.75,33,10.1507788331957,10.7094798262789,1
569,0,15.75,33,10.7094798262789,11.0528995235173,1
569,0,15.75,33,11.0528995235173,11.1002891594546,1
569,0,15.75,33,11.1002891594546,11.1854149155909,1
569,0,15.75,33,11.1854149155909,11.5113604443162,1
569,0,15.75,33,11.5113604443162,11.7921530261322,1
569,0,15.75,33,11.7921530261322,11.9393071809902,1
569,0,15.75,33,11.9393071809902,12.0610762908399,1
569,0,15.75,33,12.0610762908399,12.126144787804,1
569,0,15.75,33,12.126144787804,12.2426403095984,1
569,0,15.75,33,12.2426403095984,12.3741975487164,1
569,0,15.75,33,12.3741975487164,12.478860546445,1
569,0,15.75,33,12.478860546445,12.6539878527438,1
569,0,15.75,33,12.6539878527438,13.9145853725492,1
569,0,15.75,33,13.9145853725492,13.9251383170837,1
569,0,15.75,33,13.9251383170837,14.3613713188742,1
569,0,15.75,33,14.3613713188742,14.792935165202,1
569,0,15.75,33,14.792935165202,14.803804525337,1
569,0,15.75,33,14.803804525337,15.1501093086585,1
569,0,15.75,33,15.1501093086585,15.1792434220227,1
569,0,15.75,33,15.1792434220227,15.1834139293962,1
569,0,15.75,33,15.1834139293962,15.2940356980033,1
569,0,15.75,33,15.2940356980033,15.3247222795142,1
569,0,15.75,33,15.3247222795142,15.5042368075618,1
569,0,15.75,33,15.5042368075618,15.75,0
570,0,14.75,1,0,0.0149584172447113,1
570,0,14.75,1,0.0149584172447113,14.75,0
571,0,11.75,0,0,11.75,0
572,0,17.75,0,0,17.75,0
573,0,10.75,5,0,4.27746230373487,1
573,0,10.75,5,4.27746230373487,6.80951708760025,1
573,0,10.75,5,6.80951708760025,7.53269214927691,1
573,0,10.75,5,7.53269214927691,8.65801548350374,1
573,0,10.75,5,8.65801548350374,9.26901508537362,1
573,0,10.75,5,9.26901508537362,10.75,0
574,0,8.75,13,0,0.832078693891064,1
574,0,8.75,13,0.832078693891064,4.42759732533884,1
574,0,8.75,13,4.42759732533884,5.34849744703445,1
574,0,8.75,13,5.34849744703445,5.46281051364948,1
574,0,8.75,13,5.46281051364948,5.75668943421927,1
574,0,8.75,13,5.75668943421927,6.20314725338235,1
574,0,8.75,13,6.20314725338235,7.27418377044114,1
574,0,8.75,13,7.27418377044114,7.31136229949079,1
574,0,8.75,13,7.31136229949079,7.48573361794345,1
574,0,8.75,13,7.48573361794345,7.59956568208315,1
574,0,8.75,13,7.59956568208315,8.28987029073105,1
574,0,8.75,13,8.28987029073105,8.31696942362078,1
574,0,8.75,13,8.31696942362078,8.66466433977373,1
574,0,8.75,13,8.66466433977373,8.75,0
575,0,9.75,4,0,0.190396945436824,1
575,0,9.75,4,0.190396945436824,0.287319393704352,1
575,0,9.75,4,0.287319393704352,0.479403835013339,1
575,0,9.75,4,0.479403835013339,7.81291471235795,1
575,0,9.75,4,7.81291471235795,9.75,0
576,0,19.75,1,0,13.9541505032826,1
576,0,19.75,1,13.9541505032826,19.75,0
577,0,10.75,2,0,1.67272592361695,1
577,0,10.75,2,1.67272592361695,5.39922554862791,1
577,0,10.75,2,5.39922554862791,10.75,0
578,0,13.75,3,0,1.03243251787844,1
578,0,13.75,3,1.03243251787844,1.04297909982445,1
578,0,13.75,3,1.04297909982445,3.1859589069149,1
578,0,13.75,3,3.1859589069149,13.75,0
579,0,10.75,1,0,3.62210396764408,1
579,0,10.75,1,3.62210396764408,10.75,0
580,0,9.75,1,0,9.29784601261947,1
580,0,9.75,1,9.29784601261947,9.75,0
581,0,9.75,1,0,2.91407919647344,1
581,0,9.75,1,2.91407919647344,9.75,0
582,0,9.75,9,0,4.20817063354417,1
582,0,9.75,9,4.20817063354417,5.86761505293419,1
582,0,9.75,9,5.86761505293419,6.55132154887836,1
582,0,9.75,9,6.55132154887836,6.60708909506593,1
582,0,9.75,9,6.60708909506593,7.44080874911049,1
582,0,9.75,9,7.44080874911049,8.05658983234519,1
582,0,9.75,9,8.05658983234519,8.58755715543343,1
582,0,9.75,9,8.58755715543343,8.61780965553362,1
582,0,9.75,9,8.61780965553362,8.8351977305205,1
582,0,9.75,9,8.8351977305205,9.75,0
583,0,15.75,2,0,1.39506007539198,1
583,0,15.75,2,1.39506007539198,9.70966950739229,1
583,0,15.75,2,9.70966950739229,15.75,0
584,0,12.75,0,0,12.75,0
585,0,10.75,13,0,3.53711336765881,1
585,0,10.75,13,3.53711336765881,3.73085205595397,1
585,0,10.75,13,3.73085205595397,4.12497621153431,1
585,0,10.75,13,4.12497621153431,6.09095636309756,1
585,0,10.75,13,6.09095636309756,6.24991719858548,1
585,0,10.75,13,6.24991719858548,7.59964777057422,1
585,0,10.75,13,7.59964777057422,8.91385800276871,1
585,0,10.75,13,8.91385800276871,8.96445355384655,1
585,0,10.75,13,8.96445355384655,9.4750034834813,1
585,0,10.75,13,9.4750034834813,9.79377962226569,1
585,0,10.75,13,9.79377962226569,10.1219381980756,1
585,0,10.75,13,10.1219381980756,10.3191858638973,1
585,0,10.75,13,10.3191858638973,10.4459257965577,1
585,0,10.75,13,10.4459257965577,10.75,0
586,0,12.75,0,0,12.75,0
587,0,8.75,0,0,8.75,0
588,0,10.75,0,0,10.75,0
589,0,16.75,1,0,2.29831142715362,1
589,0,16.75,1,2.29831142715362,16.75,0
590,0,11.75,22,0,3.28874853215806,1
590,0,11.75,22,3.28874853215806,4.08993794617706,1
590,0,11.75,22,4.08993794617706,4.18135090255707,1
590,0,11.75,22,4.18135090255707,5.20452929458721,1
590,0,11.75,22,5.20452929458721,5.77025208258143,1
590,0,11.75,22,5.77025208258143,7.1988778215555,1
590,0,11.75,22,7.1988778215555,7.22470854275036,1
590,0,11.75,22,7.22470854275036,7.46338221375823,1
590,0,11.75,22,7.46338221375823,7.58510747404065,1
590,0,11.75,22,7.58510747404065,8.4309586762332,1
590,0,11.75,22,8.4309586762332,8.55476090399804,1
590,0,11.75,22,8.55476090399804,8.86350785085276,1
590,0,11.75,22,8.86350785085276,8.96269314564953,1
590,0,11.75,22,8.96269314564953,9.27998594061402,1
590,0,11.75,22,9.27998594061402,9.44214090280176,1
590,0,11.75,22,9.44214090280176,9.54635407742347,1
590,0,11.75,22,9.54635407742347,9.8114173311988,1
590,0,11.75,22,9.8114173311988,10.7237530893027,1
590,0,11.75,22,10.7237530893027,10.9339303418319,1
590,0,11.75,22,10.9339303418319,10.9591912185626,1
590,0,11.75,22,10.9591912185626,11.4428337956473,1
590,0,11.75,22,11.4428337956473,11.5640732240861,1
590,0,11.75,22,11.5640732240861,11.75,0
591,0,17.75,0,0,17.75,0
592,0,20.75,61,0,1.30897950483406,1
592,0,20.75,61,1.30897950483406,4.11655135484557,1
592,0,20.75,61,4.11655135484557,5.44347596050873,1
592,0,20.75,61,5.44347596050873,5.81991217173107,1
592,0,20.75,61,5.81991217173107,8.40954193523657,1
592,0,20.75,61,8.40954193523657,8.51778124416298,1
592,0,20.75,61,8.51778124416298,8.80033298901142,1
592,0,20.75,61,8.80033298901142,9.27302441865647,1
592,0,20.75,61,9.27302441865647,9.82078195483645,1
592,0,20.75,61,9.82078195483645,10.4108520023111,1
592,0,20.75,61,10.4108520023111,10.4826408387374,1
592,0,20.75,61,10.4826408387374,10.6578678182512,1
592,0,20.75,61,10.6578678182512,11.4883684878332,1
592,0,20.75,61,11.4883684878332,12.3116906010778,1
592,0,20.75,61,12.3116906010778,12.3788662197396,1
592,0,20.75,61,12.3788662197396,12.6352147452498,1
592,0,20.75,61,12.6352147452498,12.6616709907584,1
592,0,20.75,61,12.6616709907584,12.8108060441488,1
592,0,20.75,61,12.8108060441488,12.8318001707323,1
592,0,20.75,61,12.8318001707323,13.5101635366882,1
592,0,20.75,61,13.5101635366882,13.9443810219863,1
592,0,20.75,61,13.9443810219863,14.0399189462981,1
592,0,20.75,61,14.0399189462981,14.3613901067314,1
592,0,20.75,61,14.3613901067314,14.8299252234791,1
592,0,20.75,61,14.8299252234791,14.882222793227,1
592,0,20.75,61,14.882222793227,14.8942515329269,1
592,0,20.75,61,14.8942515329269,15.3911260088387,1
592,0,20.75,61,15.3911260088387,15.870675721248,1
592,0,20.75,61,15.870675721248,15.9474613175376,1
592,0,20.75,61,15.9474613175376,15.9499825656219,1
592,0,20.75,61,15.9499825656219,16.4690156969832,1
592,0,20.75,61,16.4690156969832,16.5110807809365,1
592,0,20.75,61,16.5110807809365,16.608398042011,1
592,0,20.75,61,16.608398042011,16.9255426492629,1
592,0,20.75,61,16.9255426492629,16.9259340292309,1
592,0,20.75,61,16.9259340292309,17.1687995952794,1
592,0,20.75,61,17.1687995952794,17.5088368687649,1
592,0,20.75,61,17.5088368687649,17.5199362808461,1
592,0,20.75,61,17.5199362808461,17.7818056401693,1
592,0,20.75,61,17.7818056401693,17.8827000293725,1
592,0,20.75,61,17.8827000293725,17.9747482068619,1
592,0,20.75,61,17.9747482068619,18.0228171407893,1
592,0,20.75,61,18.0228171407893,18.0938123649527,1
592,0,20.75,61,18.0938123649527,18.1431896468507,1
592,0,20.75,61,18.1431896468507,18.1765801327483,1
592,0,20.75,61,18.1765801327483,18.1833503502316,1
592,0,20.75,61,18.1833503502316,18.3789758544504,1
592,0,20.75,61,18.3789758544504,18.4666575819869,1
592,0,20.75,61,18.4666575819869,18.5681524738032,1
592,0,20.75,61,18.5681524738032,18.6734584654034,1
592,0,20.75,61,18.6734584654034,18.8224741021855,1
592,0,20.75,61,18.8224741021855,18.8255094392628,1
592,0,20.75,61,18.8255094392628,18.8614340529868,1
592,0,20.75,61,18.8614340529868,18.9379126843418,1
592,0,20.75,61,18.9379126843418,19.0882463638678,1
592,0,20.75,61,19.0882463638678,19.2375310832318,1
592,0,20.75,61,19.2375310832318,19.3644247019898,1
592,0,20.75,61,19.3644247019898,20.270257889675,1
592,0,20.75,61,20.270257889675,20.4720818869152,1
592,0,20.75,61,20.4720818869152,20.5254957826399,1
592,0,20.75,61,20.5254957826399,20.7296718123442,1
592,0,20.75,61,20.7296718123442,20.75,0
593,0,7.75,5,0,0.182013005255696,1
593,0,7.75,5,0.182013005255696,3.76986712718824,1
593,0,7.75,5,3.76986712718824,5.09941545170295,1
593,0,7.75,5,5.09941545170295,5.63718043608827,1
593,0,7.75,5,5.63718043608827,7.55001506158002,1
593,0,7.75,5,7.55001506158002,7.75,0
594,0,10.75,0,0,10.75,0
595,0,16.75,1,0,10.9098158995339,1
595,0,16.75,1,10.9098158995339,16.75,0
596,0,14.75,38,0,5.75508562374225,1
596,0,14.75,38,5.75508562374225,5.82050287033613,1
596,0,14.75,38,5.82050287033613,5.88732118532383,1
596,0,14.75,38,5.88732118532383,6.339534712052,1
596,0,14.75,38,6.339534712052,6.42401423776374,1
596,0,14.75,38,6.42401423776374,6.59784265946404,1
596,0,14.75,38,6.59784265946404,7.44070374830703,1
596,0,14.75,38,7.44070374830703,7.63058836112546,1
596,0,14.75,38,7.63058836112546,8.69835742697045,1
596,0,14.75,38,8.69835742697045,8.71748686164764,1
596,0,14.75,38,8.71748686164764,9.1717867070304,1
596,0,14.75,38,9.1717867070304,10.028010258589,1
596,0,14.75,38,10.028010258589,10.3430257020056,1
596,0,14.75,38,10.3430257020056,10.4675770447087,1
596,0,14.75,38,10.4675770447087,10.8128406899632,1
596,0,14.75,38,10.8128406899632,10.9104246631198,1
596,0,14.75,38,10.9104246631198,11.0911444888575,1
596,0,14.75,38,11.0911444888575,11.414466650586,1
596,0,14.75,38,11.414466650586,11.4346873816835,1
596,0,14.75,38,11.4346873816835,11.558836799233,1
596,0,14.75,38,11.558836799233,11.5657368678844,1
596,0,14.75,38,11.5657368678844,12.381940668555,1
596,0,14.75,38,12.381940668555,12.4572381399196,1
596,0,14.75,38,12.4572381399196,12.8027643616157,1
596,0,14.75,38,12.8027643616157,12.9171251911728,1
596,0,14.75,38,12.9171251911728,13.2694221350813,1
596,0,14.75,38,13.2694221350813,13.5351797449533,1
596,0,14.75,38,13.5351797449533,13.570470568574,1
596,0,14.75,38,13.570470568574,13.5884304995951,1
596,0,14.75,38,13.5884304995951,13.7177335473145,1
596,0,14.75,38,13.7177335473145,13.7785919969578,1
596,0,14.75,38,13.7785919969578,14.522375899979,1
596,0,14.75,38,14.522375899979,14.552476228459,1
596,0,14.75,38,14.552476228459,14.5691919936473,1
596,0,14.75,38,14.5691919936473,14.5779607366047,1
596,0,14.75,38,14.5779607366047,14.6038294487276,1
596,0,14.75,38,14.6038294487276,14.6167183616543,1
596,0,14.75,38,14.6167183616543,14.708342352989,1
596,0,14.75,38,14.708342352989,14.75,0
597,0,13.75,1,0,4.22746208716301,1
597,0,13.75,1,4.22746208716301,13.75,0
598,0,17.75,39,0,2.54683427005049,1
598,0,17.75,39,2.54683427005049,4.3007561868142,1
598,0,17.75,39,4.3007561868142,7.06165381496422,1
598,0,17.75,39,7.06165381496422,7.12963727807148,1
598,0,17.75,39,7.12963727807148,7.31804631336461,1
598,0,17.75,39,7.31804631336461,8.11692683389063,1
598,0,17.75,39,8.11692683389063,9.86690920567924,1
598,0,17.75,39,9.86690920567924,10.5608946843783,1
598,0,17.75,39,10.5608946843783,11.1756321604806,1
598,0,17.75,39,11.1756321604806,11.3557756885977,1
598,0,17.75,39,11.3557756885977,11.5025248383421,1
598,0,17.75,39,11.5025248383421,12.1200604705081,1
598,0,17.75,39,12.1200604705081,12.2743124718807,1
598,0,17.75,39,12.2743124718807,13.3649380549943,1
598,0,17.75,39,13.3649380549943,13.4828157001989,1
598,0,17.75,39,13.4828157001989,13.9033815644373,1
598,0,17.75,39,13.9033815644373,13.9176119243736,1
598,0,17.75,39,13.9176119243736,14.2623476793876,1
598,0,17.75,39,14.2623476793876,14.7515299695215,1
598,0,17.75,39,14.7515299695215,14.8037283317309,1
598,0,17.75,39,14.8037283317309,14.9727043225604,1
598,0,17.75,39,14.9727043225604,15.023752767738,1
598,0,17.75,39,15.023752767738,15.1545400991576,1
598,0,17.75,39,15.1545400991576,15.2283578532803,1
598,0,17.75,39,15.2283578532803,15.5021375126357,1
598,0,17.75,39,15.5021375126357,15.5564540480273,1
598,0,17.75,39,15.5564540480273,15.9223511564831,1
598,0,17.75,39,15.9223511564831,15.9850457078219,1
598,0,17.75,39,15.9850457078219,16.0263074537021,1
598,0,17.75,39,16.0263074537021,16.0367807225761,1
598,0,17.75,39,16.0367807225761,16.1173398570241,1
598,0,17.75,39,16.1173398570241,16.1465227563044,1
598,0,17.75,39,16.1465227563044,16.1662155894508,1
598,0,17.75,39,16.1662155894508,16.316286551287,1
598,0,17.75,39,16.316286551287,16.7784176108846,1
598,0,17.75,39,16.7784176108846,16.8647828261328,1
598,0,17.75,39,16.8647828261328,17.4000957529171,1
598,0,17.75,39,17.4000957529171,17.5621966177951,1
598,0,17.75,39,17.5621966177951,17.6173504950602,1
598,0,17.75,39,17.6173504950602,17.75,0
599,0,13.75,2,0,1.97458720070475,1
599,0,13.75,2,1.97458720070475,6.18277557825584,1
599,0,13.75,2,6.18277557825584,13.75,0
600,0,15.75,2,0,0.616866814557103,1
600,0,15.75,2,0.616866814557103,14.9854311228645,1
600,0,15.75,2,14.9854311228645,15.75,0
