"id","xi","Tei","n.rec","start","stop","status"
1,1,17.75,89,0,4.79751623937881,1
1,1,17.75,89,4.79751623937881,5.31441142026367,1
1,1,17.75,89,5.31441142026367,5.97831301183591,1
1,1,17.75,89,5.97831301183591,6.19607372067643,1
1,1,17.75,89,6.19607372067643,6.92942680671597,1
1,1,17.75,89,6.92942680671597,7.71227578145729,1
1,1,17.75,89,7.71227578145729,7.72583204800732,1
1,1,17.75,89,7.72583204800732,7.94535855479556,1
1,1,17.75,89,7.94535855479556,8.06903538468696,1
1,1,17.75,89,8.06903538468696,8.23563077983503,1
1,1,17.75,89,8.23563077983503,8.24097780938016,1
1,1,17.75,89,8.24097780938016,8.24113591507849,1
1,1,17.75,89,8.24113591507849,8.28954951762237,1
1,1,17.75,89,8.28954951762237,8.32924699397367,1
1,1,17.75,89,8.32924699397367,8.3677836478078,1
1,1,17.75,89,8.3677836478078,8.47928467460488,1
1,1,17.75,89,8.47928467460488,8.62789588643661,1
1,1,17.75,89,8.62789588643661,8.76090507382873,1
1,1,17.75,89,8.76090507382873,9.06326989148742,1
1,1,17.75,89,9.06326989148742,9.11803230499195,1
1,1,17.75,89,9.11803230499195,9.4737455026132,1
1,1,17.75,89,9.4737455026132,9.49822836623057,1
1,1,17.75,89,9.49822836623057,9.75992699557913,1
1,1,17.75,89,9.75992699557913,9.82579333678007,1
1,1,17.75,89,9.82579333678007,9.87661471037767,1
1,1,17.75,89,9.87661471037767,10.5896384470567,1
1,1,17.75,89,10.5896384470567,10.6215720679701,1
1,1,17.75,89,10.6215720679701,10.6857435955175,1
1,1,17.75,89,10.6857435955175,11.0684344311123,1
1,1,17.75,89,11.0684344311123,11.2500485094726,1
1,1,17.75,89,11.2500485094726,11.6629820740332,1
1,1,17.75,89,11.6629820740332,11.7096736561615,1
1,1,17.75,89,11.7096736561615,12.0350773754766,1
1,1,17.75,89,12.0350773754766,12.1407127801147,1
1,1,17.75,89,12.1407127801147,12.1718866332015,1
1,1,17.75,89,12.1718866332015,12.2860163112821,1
1,1,17.75,89,12.2860163112821,12.4181759303602,1
1,1,17.75,89,12.4181759303602,12.5210407853983,1
1,1,17.75,89,12.5210407853983,12.7674290013818,1
1,1,17.75,89,12.7674290013818,12.8165649545833,1
1,1,17.75,89,12.8165649545833,12.9795192123727,1
1,1,17.75,89,12.9795192123727,13.0534551697707,1
1,1,17.75,89,13.0534551697707,13.1258378664052,1
1,1,17.75,89,13.1258378664052,13.2040222939315,1
1,1,17.75,89,13.2040222939315,13.2426067493691,1
1,1,17.75,89,13.2426067493691,13.3281221869955,1
1,1,17.75,89,13.3281221869955,13.4768001785296,1
1,1,17.75,89,13.4768001785296,13.4798504056355,1
1,1,17.75,89,13.4798504056355,13.5299434183656,1
1,1,17.75,89,13.5299434183656,13.7318750098167,1
1,1,17.75,89,13.7318750098167,14.028001570682,1
1,1,17.75,89,14.028001570682,14.1024884673206,1
1,1,17.75,89,14.1024884673206,14.1456202989774,1
1,1,17.75,89,14.1456202989774,14.2597468616416,1
1,1,17.75,89,14.2597468616416,14.2662072210064,1
1,1,17.75,89,14.2662072210064,14.3686177994781,1
1,1,17.75,89,14.3686177994781,14.3766846965729,1
1,1,17.75,89,14.3766846965729,14.489607268589,1
1,1,17.75,89,14.489607268589,14.8326486953842,1
1,1,17.75,89,14.8326486953842,14.8652148922043,1
1,1,17.75,89,14.8652148922043,14.9012365654151,1
1,1,17.75,89,14.9012365654151,15.071428650979,1
1,1,17.75,89,15.071428650979,15.1117223660574,1
1,1,17.75,89,15.1117223660574,15.1710212064733,1
1,1,17.75,89,15.1710212064733,15.1954671983907,1
1,1,17.75,89,15.1954671983907,15.205715076316,1
1,1,17.75,89,15.205715076316,15.3337072863294,1
1,1,17.75,89,15.3337072863294,15.6768824980365,1
1,1,17.75,89,15.6768824980365,15.7081561720785,1
1,1,17.75,89,15.7081561720785,15.8864669557169,1
1,1,17.75,89,15.8864669557169,15.891537002888,1
1,1,17.75,89,15.891537002888,16.0532328913465,1
1,1,17.75,89,16.0532328913465,16.2009639718662,1
1,1,17.75,89,16.2009639718662,16.3206184497099,1
1,1,17.75,89,16.3206184497099,16.3616412902138,1
1,1,17.75,89,16.3616412902138,16.5087504008874,1
1,1,17.75,89,16.5087504008874,16.5927461985862,1
1,1,17.75,89,16.5927461985862,16.7433504400489,1
1,1,17.75,89,16.7433504400489,16.7496168458212,1
1,1,17.75,89,16.7496168458212,16.9952012999985,1
1,1,17.75,89,16.9952012999985,17.0876632915293,1
1,1,17.75,89,17.0876632915293,17.1540395434942,1
1,1,17.75,89,17.1540395434942,17.39791202179,1
1,1,17.75,89,17.39791202179,17.4028490557868,1
1,1,17.75,89,17.4028490557868,17.4445418692839,1
1,1,17.75,89,17.4445418692839,17.5433635911706,1
1,1,17.75,89,17.5433635911706,17.6634538216423,1
1,1,17.75,89,17.6634538216423,17.6964955197295,1
1,1,17.75,89,17.6964955197295,17.7115340362778,1
1,1,17.75,89,17.7115340362778,17.75,0
2,1,11.75,25,0,0.881250215676804,1
2,1,11.75,25,0.881250215676804,2.60160765837032,1
2,1,11.75,25,2.60160765837032,2.9305406733432,1
2,1,11.75,25,2.9305406733432,3.72568378951306,1
2,1,11.75,25,3.72568378951306,4.08271565709435,1
2,1,11.75,25,4.08271565709435,5.36626682603289,1
2,1,11.75,25,5.36626682603289,6.17008973609998,1
2,1,11.75,25,6.17008973609998,6.27230278912118,1
2,1,11.75,25,6.27230278912118,6.51601155334574,1
2,1,11.75,25,6.51601155334574,6.84212146703362,1
2,1,11.75,25,6.84212146703362,7.12154434677236,1
2,1,11.75,25,7.12154434677236,8.14799938507232,1
2,1,11.75,25,8.14799938507232,8.53133895511343,1
2,1,11.75,25,8.53133895511343,8.96974087951455,1
2,1,11.75,25,8.96974087951455,9.31110047492668,1
2,1,11.75,25,9.31110047492668,9.57628529927488,1
2,1,11.75,25,9.57628529927488,10.1206405430856,1
2,1,11.75,25,10.1206405430856,10.1520488667699,1
2,1,11.75,25,10.1520488667699,10.1677848460592,1
2,1,11.75,25,10.1677848460592,10.6908886318349,1
2,1,11.75,25,10.6908886318349,11.132191343242,1
2,1,11.75,25,11.132191343242,11.3562875545576,1
2,1,11.75,25,11.3562875545576,11.3585727328921,1
2,1,11.75,25,11.3585727328921,11.4772531272844,1
2,1,11.75,25,11.4772531272844,11.5173996938676,1
2,1,11.75,25,11.5173996938676,11.75,0
3,1,11.75,16,0,1.28866844295117,1
3,1,11.75,16,1.28866844295117,3.65697736732418,1
3,1,11.75,16,3.65697736732418,4.40973795313644,1
3,1,11.75,16,4.40973795313644,4.44987968633914,1
3,1,11.75,16,4.44987968633914,5.09407547473087,1
3,1,11.75,16,5.09407547473087,5.61886646997726,1
3,1,11.75,16,5.61886646997726,5.93955214173325,1
3,1,11.75,16,5.93955214173325,7.28153504551287,1
3,1,11.75,16,7.28153504551287,7.60120400450762,1
3,1,11.75,16,7.60120400450762,7.83407383837277,1
3,1,11.75,16,7.83407383837277,7.95759185610181,1
3,1,11.75,16,7.95759185610181,8.4305415521457,1
3,1,11.75,16,8.4305415521457,10.0120764927916,1
3,1,11.75,16,10.0120764927916,10.391294507826,1
3,1,11.75,16,10.391294507826,11.2744132369517,1
3,1,11.75,16,11.2744132369517,11.3540950190227,1
3,1,11.75,16,11.3540950190227,11.75,0
4,1,17.75,0,0,17.75,0
5,1,9.75,9,0,4.5633442412193,1
5,1,9.75,9,4.5633442412193,5.01054330591758,1
5,1,9.75,9,5.01054330591758,5.0942077586319,1
5,1,9.75,9,5.0942077586319,6.18774403146944,1
5,1,9.75,9,6.18774403146944,6.38858207906476,1
5,1,9.75,9,6.38858207906476,6.84141474876113,1
5,1,9.75,9,6.84141474876113,7.14400098718494,1
5,1,9.75,9,7.14400098718494,7.30191093597383,1
5,1,9.75,9,7.30191093597383,9.33008665547341,1
5,1,9.75,9,9.33008665547341,9.75,0
6,1,17.75,3,0,0.0168230772093135,1
6,1,17.75,3,0.0168230772093135,1.1859661471262,1
6,1,17.75,3,1.1859661471262,13.0041746042706,1
6,1,17.75,3,13.0041746042706,17.75,0
7,1,17.75,37,0,5.1004286610689,1
7,1,17.75,37,5.1004286610689,5.44109455015189,1
7,1,17.75,37,5.44109455015189,6.71174032933352,1
7,1,17.75,37,6.71174032933352,7.26833179415358,1
7,1,17.75,37,7.26833179415358,7.74016611083564,1
7,1,17.75,37,7.74016611083564,7.78960815797103,1
7,1,17.75,37,7.78960815797103,8.30133070862769,1
7,1,17.75,37,8.30133070862769,9.16887872164178,1
7,1,17.75,37,9.16887872164178,9.90174115243652,1
7,1,17.75,37,9.90174115243652,10.4777891361968,1
7,1,17.75,37,10.4777891361968,10.7922930445059,1
7,1,17.75,37,10.7922930445059,11.0077378869461,1
7,1,17.75,37,11.0077378869461,11.4244680475714,1
7,1,17.75,37,11.4244680475714,11.466745537441,1
7,1,17.75,37,11.466745537441,11.6688945941943,1
7,1,17.75,37,11.6688945941943,12.6758039288934,1
7,1,17.75,37,12.6758039288934,13.1937910437456,1
7,1,17.75,37,13.1937910437456,13.2384166095872,1
7,1,17.75,37,13.2384166095872,13.928965678099,1
7,1,17.75,37,13.928965678099,14.5395403844445,1
7,1,17.75,37,14.5395403844445,14.7519015797576,1
7,1,17.75,37,14.7519015797576,14.9357189416018,1
7,1,17.75,37,14.9357189416018,15.060502879006,1
7,1,17.75,37,15.060502879006,15.1797717686677,1
7,1,17.75,37,15.1797717686677,15.4942402892227,1
7,1,17.75,37,15.4942402892227,16.3553621187735,1
7,1,17.75,37,16.3553621187735,16.3696623643489,1
7,1,17.75,37,16.3696623643489,16.4577976050068,1
7,1,17.75,37,16.4577976050068,16.6622926785485,1
7,1,17.75,37,16.6622926785485,16.7493321813099,1
7,1,17.75,37,16.7493321813099,16.9321100687738,1
7,1,17.75,37,16.9321100687738,17.1211656904639,1
7,1,17.75,37,17.1211656904639,17.3851136754453,1
7,1,17.75,37,17.3851136754453,17.4877409671239,1
7,1,17.75,37,17.4877409671239,17.6600433290666,1
7,1,17.75,37,17.6600433290666,17.7233360720227,1
7,1,17.75,37,17.7233360720227,17.7294071153705,1
7,1,17.75,37,17.7294071153705,17.75,0
8,1,18.75,1,0,7.02520526487799,1
8,1,18.75,1,7.02520526487799,18.75,0
9,1,15.75,3,0,0.866964693454384,1
9,1,15.75,3,0.866964693454384,2.806824125107,1
9,1,15.75,3,2.806824125107,6.03703473601591,1
9,1,15.75,3,6.03703473601591,15.75,0
10,1,13.75,25,0,4.21421089338497,1
10,1,13.75,25,4.21421089338497,6.2540903500954,1
10,1,13.75,25,6.2540903500954,7.70068997737809,1
10,1,13.75,25,7.70068997737809,7.73004853170027,1
10,1,13.75,25,7.73004853170027,8.64891983132554,1
10,1,13.75,25,8.64891983132554,8.84684717514938,1
10,1,13.75,25,8.84684717514938,8.88067497624739,1
10,1,13.75,25,8.88067497624739,9.03145614963895,1
10,1,13.75,25,9.03145614963895,9.21517057192117,1
10,1,13.75,25,9.21517057192117,9.8784380189002,1
10,1,13.75,25,9.8784380189002,10.263199555714,1
10,1,13.75,25,10.263199555714,10.4392644082593,1
10,1,13.75,25,10.4392644082593,10.6184350892912,1
10,1,13.75,25,10.6184350892912,11.1024075157981,1
10,1,13.75,25,11.1024075157981,11.6761219623154,1
10,1,13.75,25,11.6761219623154,11.7749676410213,1
10,1,13.75,25,11.7749676410213,11.7754497864252,1
10,1,13.75,25,11.7754497864252,12.0401252001656,1
10,1,13.75,25,12.0401252001656,12.1193101072256,1
10,1,13.75,25,12.1193101072256,12.3083651728312,1
10,1,13.75,25,12.3083651728312,12.7166255262225,1
10,1,13.75,25,12.7166255262225,12.9705969540007,1
10,1,13.75,25,12.9705969540007,13.1188351876833,1
10,1,13.75,25,13.1188351876833,13.4118772114426,1
10,1,13.75,25,13.4118772114426,13.5249816281515,1
10,1,13.75,25,13.5249816281515,13.75,0
11,1,12.75,1,0,6.89661653926572,1
11,1,12.75,1,6.89661653926572,12.75,0
12,1,20.75,1,0,11.4987428471157,1
12,1,20.75,1,11.4987428471157,20.75,0
13,1,10.75,1,0,9.30673352288478,1
13,1,10.75,1,9.30673352288478,10.75,0
14,1,18.75,2,0,2.21381822608489,1
14,1,18.75,2,2.21381822608489,17.5003425991583,1
14,1,18.75,2,17.5003425991583,18.75,0
15,1,15.75,2,0,6.4868613308712,1
15,1,15.75,2,6.4868613308712,11.437824817168,1
15,1,15.75,2,11.437824817168,15.75,0
16,1,10.75,2,0,0.00668770551750666,1
16,1,10.75,2,0.00668770551750666,0.258769578315014,1
16,1,10.75,2,0.258769578315014,10.75,0
17,1,20.75,1,0,4.72528540677834,1
17,1,20.75,1,4.72528540677834,20.75,0
18,1,15.75,33,0,2.58137574727362,1
18,1,15.75,33,2.58137574727362,3.36551103595879,1
18,1,15.75,33,3.36551103595879,3.55664781828928,1
18,1,15.75,33,3.55664781828928,6.96584011418068,1
18,1,15.75,33,6.96584011418068,7.35925073096158,1
18,1,15.75,33,7.35925073096158,8.1792593286949,1
18,1,15.75,33,8.1792593286949,8.62214478549232,1
18,1,15.75,33,8.62214478549232,9.94906958627486,1
18,1,15.75,33,9.94906958627486,10.061901204575,1
18,1,15.75,33,10.061901204575,10.2266020096482,1
18,1,15.75,33,10.2266020096482,10.808270635905,1
18,1,15.75,33,10.808270635905,11.4193548882615,1
18,1,15.75,33,11.4193548882615,11.5467181290463,1
18,1,15.75,33,11.5467181290463,12.1225355862073,1
18,1,15.75,33,12.1225355862073,12.2213023665589,1
18,1,15.75,33,12.2213023665589,12.4250007143606,1
18,1,15.75,33,12.4250007143606,12.6550752113965,1
18,1,15.75,33,12.6550752113965,12.9915930304786,1
18,1,15.75,33,12.9915930304786,13.1792481327413,1
18,1,15.75,33,13.1792481327413,13.3413883687299,1
18,1,15.75,33,13.3413883687299,13.4562587879623,1
18,1,15.75,33,13.4562587879623,13.6326279157355,1
18,1,15.75,33,13.6326279157355,13.7932072528963,1
18,1,15.75,33,13.7932072528963,13.9882544017684,1
18,1,15.75,33,13.9882544017684,14.1991685086168,1
18,1,15.75,33,14.1991685086168,14.3385901863479,1
18,1,15.75,33,14.3385901863479,14.3798354568731,1
18,1,15.75,33,14.3798354568731,14.505759297143,1
18,1,15.75,33,14.505759297143,14.6577955639431,1
18,1,15.75,33,14.6577955639431,14.6805556803465,1
18,1,15.75,33,14.6805556803465,15.1449258509694,1
18,1,15.75,33,15.1449258509694,15.2176888698646,1
18,1,15.75,33,15.2176888698646,15.7321151889331,1
18,1,15.75,33,15.7321151889331,15.75,0
19,1,11.75,2,0,0.00531208721217692,1
19,1,11.75,2,0.00531208721217692,1.54996205640885,1
19,1,11.75,2,1.54996205640885,11.75,0
20,1,13.75,2,0,2.62736859622454,1
20,1,13.75,2,2.62736859622454,6.6650539757667,1
20,1,13.75,2,6.6650539757667,13.75,0
21,1,14.75,1,0,10.6487120605729,1
21,1,14.75,1,10.6487120605729,14.75,0
22,1,14.75,3,0,1.23132745221569,1
22,1,14.75,3,1.23132745221569,10.139658514404,1
22,1,14.75,3,10.139658514404,12.1730688468477,1
22,1,14.75,3,12.1730688468477,14.75,0
23,1,14.75,2,0,0.349614282444796,1
23,1,14.75,2,0.349614282444796,5.2866160331759,1
23,1,14.75,2,5.2866160331759,14.75,0
24,1,15.75,32,0,2.99527641083979,1
24,1,15.75,32,2.99527641083979,4.10589372371071,1
24,1,15.75,32,4.10589372371071,4.48598610340772,1
24,1,15.75,32,4.48598610340772,6.08339307729729,1
24,1,15.75,32,6.08339307729729,6.76043506381675,1
24,1,15.75,32,6.76043506381675,7.23123649644865,1
24,1,15.75,32,7.23123649644865,7.25429338260397,1
24,1,15.75,32,7.25429338260397,7.55285279599022,1
24,1,15.75,32,7.55285279599022,9.63009007226556,1
24,1,15.75,32,9.63009007226556,9.74380675640223,1
24,1,15.75,32,9.74380675640223,10.0683701208062,1
24,1,15.75,32,10.0683701208062,10.1613937276945,1
24,1,15.75,32,10.1613937276945,10.2517562523799,1
24,1,15.75,32,10.2517562523799,10.4082103012772,1
24,1,15.75,32,10.4082103012772,10.7764210315202,1
24,1,15.75,32,10.7764210315202,11.0529909058274,1
24,1,15.75,32,11.0529909058274,11.5225173085648,1
24,1,15.75,32,11.5225173085648,12.0028606903666,1
24,1,15.75,32,12.0028606903666,12.0391250886006,1
24,1,15.75,32,12.0391250886006,12.6606172214811,1
24,1,15.75,32,12.6606172214811,13.0463768387477,1
24,1,15.75,32,13.0463768387477,13.4368177488289,1
24,1,15.75,32,13.4368177488289,13.479081580868,1
24,1,15.75,32,13.479081580868,13.6565322334077,1
24,1,15.75,32,13.6565322334077,14.156401811762,1
24,1,15.75,32,14.156401811762,15.2084884757932,1
24,1,15.75,32,15.2084884757932,15.3679195484797,1
24,1,15.75,32,15.3679195484797,15.3701028530124,1
24,1,15.75,32,15.3701028530124,15.5505039807122,1
24,1,15.75,32,15.5505039807122,15.6103291064695,1
24,1,15.75,32,15.6103291064695,15.7256814453022,1
24,1,15.75,32,15.7256814453022,15.72929199587,1
24,1,15.75,32,15.72929199587,15.75,0
25,1,9.75,2,0,0.191415905538304,1
25,1,9.75,2,0.191415905538304,1.26557353811721,1
25,1,9.75,2,1.26557353811721,9.75,0
26,1,15.75,20,0,3.92841544416155,1
26,1,15.75,20,3.92841544416155,7.18516801339375,1
26,1,15.75,20,7.18516801339375,8.27164693406337,1
26,1,15.75,20,8.27164693406337,8.33472306676335,1
26,1,15.75,20,8.33472306676335,9.12043046556504,1
26,1,15.75,20,9.12043046556504,9.25114143520746,1
26,1,15.75,20,9.25114143520746,10.012110403241,1
26,1,15.75,20,10.012110403241,10.6206109695551,1
26,1,15.75,20,10.6206109695551,12.0840977234121,1
26,1,15.75,20,12.0840977234121,12.5282405352105,1
26,1,15.75,20,12.5282405352105,12.9299608662042,1
26,1,15.75,20,12.9299608662042,13.5800289240364,1
26,1,15.75,20,13.5800289240364,13.6193716023063,1
26,1,15.75,20,13.6193716023063,13.6683055313497,1
26,1,15.75,20,13.6683055313497,14.6375754748993,1
26,1,15.75,20,14.6375754748993,14.8869541410703,1
26,1,15.75,20,14.8869541410703,15.0032853243133,1
26,1,15.75,20,15.0032853243133,15.0679085635286,1
26,1,15.75,20,15.0679085635286,15.0680947227566,1
26,1,15.75,20,15.0680947227566,15.7498047773739,1
26,1,15.75,20,15.7498047773739,15.75,0
27,1,13.75,1,0,13.0086125118116,1
27,1,13.75,1,13.0086125118116,13.75,0
28,1,19.75,72,0,3.2958744196843,1
28,1,19.75,72,3.2958744196843,4.72112835757595,1
28,1,19.75,72,4.72112835757595,5.99377898718223,1
28,1,19.75,72,5.99377898718223,6.6590685577212,1
28,1,19.75,72,6.6590685577212,8.37282315197679,1
28,1,19.75,72,8.37282315197679,8.66283190140228,1
28,1,19.75,72,8.66283190140228,8.66512431603528,1
28,1,19.75,72,8.66512431603528,8.6978444812651,1
28,1,19.75,72,8.6978444812651,9.08348890502018,1
28,1,19.75,72,9.08348890502018,9.43252928609216,1
28,1,19.75,72,9.43252928609216,9.58375990366397,1
28,1,19.75,72,9.58375990366397,9.63727535130581,1
28,1,19.75,72,9.63727535130581,9.8884583264871,1
28,1,19.75,72,9.8884583264871,10.254274910429,1
28,1,19.75,72,10.254274910429,10.5167229393525,1
28,1,19.75,72,10.5167229393525,10.7627136620457,1
28,1,19.75,72,10.7627136620457,10.8610728931054,1
28,1,19.75,72,10.8610728931054,10.9936691449794,1
28,1,19.75,72,10.9936691449794,11.16001560027,1
28,1,19.75,72,11.16001560027,11.224451962197,1
28,1,19.75,72,11.224451962197,11.5500672075137,1
28,1,19.75,72,11.5500672075137,11.6074821029267,1
28,1,19.75,72,11.6074821029267,11.7598805878448,1
28,1,19.75,72,11.7598805878448,11.7832625786072,1
28,1,19.75,72,11.7832625786072,11.8365444475077,1
28,1,19.75,72,11.8365444475077,12.7894853921099,1
28,1,19.75,72,12.7894853921099,12.7977879674048,1
28,1,19.75,72,12.7977879674048,13.210989248475,1
28,1,19.75,72,13.210989248475,13.4798747403348,1
28,1,19.75,72,13.4798747403348,13.5183090980572,1
28,1,19.75,72,13.5183090980572,13.6384384753941,1
28,1,19.75,72,13.6384384753941,14.1449974346221,1
28,1,19.75,72,14.1449974346221,14.1846655694343,1
28,1,19.75,72,14.1846655694343,14.2281802010109,1
28,1,19.75,72,14.2281802010109,14.2712532948259,1
28,1,19.75,72,14.2712532948259,14.2948586221128,1
28,1,19.75,72,14.2948586221128,14.3673483270197,1
28,1,19.75,72,14.3673483270197,14.4944755390666,1
28,1,19.75,72,14.4944755390666,15.6491234852392,1
28,1,19.75,72,15.6491234852392,15.710821981008,1
28,1,19.75,72,15.710821981008,15.7183838084787,1
28,1,19.75,72,15.7183838084787,15.7736993032089,1
28,1,19.75,72,15.7736993032089,16.6475696850235,1
28,1,19.75,72,16.6475696850235,16.7073361117439,1
28,1,19.75,72,16.7073361117439,16.815764644535,1
28,1,19.75,72,16.815764644535,16.8675547922775,1
28,1,19.75,72,16.8675547922775,16.9807267063692,1
28,1,19.75,72,16.9807267063692,17.1122472366492,1
28,1,19.75,72,17.1122472366492,17.1724713404802,1
28,1,19.75,72,17.1724713404802,17.2291446683641,1
28,1,19.75,72,17.2291446683641,17.3706817151805,1
28,1,19.75,72,17.3706817151805,17.7722665782592,1
28,1,19.75,72,17.7722665782592,17.8721490532865,1
28,1,19.75,72,17.8721490532865,17.9973991085077,1
28,1,19.75,72,17.9973991085077,18.1655814593278,1
28,1,19.75,72,18.1655814593278,18.2386857404635,1
28,1,19.75,72,18.2386857404635,18.3722952442911,1
28,1,19.75,72,18.3722952442911,18.45312875932,1
28,1,19.75,72,18.45312875932,18.5168504787224,1
28,1,19.75,72,18.5168504787224,18.5221942293988,1
28,1,19.75,72,18.5221942293988,18.5379512248185,1
28,1,19.75,72,18.5379512248185,18.5771676455452,1
28,1,19.75,72,18.5771676455452,18.7757768645122,1
28,1,19.75,72,18.7757768645122,18.8863883793136,1
28,1,19.75,72,18.8863883793136,18.9849919894491,1
28,1,19.75,72,18.9849919894491,19.1478704354598,1
28,1,19.75,72,19.1478704354598,19.400207541149,1
28,1,19.75,72,19.400207541149,19.4328657979913,1
28,1,19.75,72,19.4328657979913,19.445368428257,1
28,1,19.75,72,19.445368428257,19.4675802226404,1
28,1,19.75,72,19.4675802226404,19.5009076567688,1
28,1,19.75,72,19.5009076567688,19.6268966723775,1
28,1,19.75,72,19.6268966723775,19.75,0
29,1,13.75,23,0,1.15128685594873,1
29,1,13.75,23,1.15128685594873,3.2746823322218,1
29,1,13.75,23,3.2746823322218,4.20949778128614,1
29,1,13.75,23,4.20949778128614,5.24784241082402,1
29,1,13.75,23,5.24784241082402,5.51336949157877,1
29,1,13.75,23,5.51336949157877,6.04611371917566,1
29,1,13.75,23,6.04611371917566,7.0354253371759,1
29,1,13.75,23,7.0354253371759,7.44951352816759,1
29,1,13.75,23,7.44951352816759,7.56712050394284,1
29,1,13.75,23,7.56712050394284,8.32907398923105,1
29,1,13.75,23,8.32907398923105,8.39187588114803,1
29,1,13.75,23,8.39187588114803,8.96832123033582,1
29,1,13.75,23,8.96832123033582,9.28082609436499,1
29,1,13.75,23,9.28082609436499,9.42632424345683,1
29,1,13.75,23,9.42632424345683,9.50415380071965,1
29,1,13.75,23,9.50415380071965,10.0336761849457,1
29,1,13.75,23,10.0336761849457,11.1212690936292,1
29,1,13.75,23,11.1212690936292,12.1042255697746,1
29,1,13.75,23,12.1042255697746,12.6776945734429,1
29,1,13.75,23,12.6776945734429,13.1590315954365,1
29,1,13.75,23,13.1590315954365,13.3266390689625,1
29,1,13.75,23,13.3266390689625,13.3658955024203,1
29,1,13.75,23,13.3658955024203,13.4508633510768,1
29,1,13.75,23,13.4508633510768,13.75,0
30,1,8.75,1,0,4.13292139607196,1
30,1,8.75,1,4.13292139607196,8.75,0
31,1,20.75,2,0,2.49933908491744,1
31,1,20.75,2,2.49933908491744,5.96732144561317,1
31,1,20.75,2,5.96732144561317,20.75,0
32,1,15.75,4,0,0.0981101973898667,1
32,1,15.75,4,0.0981101973898667,2.65846324530427,1
32,1,15.75,4,2.65846324530427,6.46513225909284,1
32,1,15.75,4,6.46513225909284,6.94331384114416,1
32,1,15.75,4,6.94331384114416,15.75,0
33,1,10.75,14,0,2.37297250387854,1
33,1,10.75,14,2.37297250387854,3.94693665536763,1
33,1,10.75,14,3.94693665536763,4.90427706369773,1
33,1,10.75,14,4.90427706369773,5.54509197102769,1
33,1,10.75,14,5.54509197102769,6.08326103996007,1
33,1,10.75,14,6.08326103996007,6.58015455493975,1
33,1,10.75,14,6.58015455493975,6.97650454373829,1
33,1,10.75,14,6.97650454373829,7.14176790094537,1
33,1,10.75,14,7.14176790094537,7.19346392366427,1
33,1,10.75,14,7.19346392366427,7.42401707830599,1
33,1,10.75,14,7.42401707830599,7.52050271811076,1
33,1,10.75,14,7.52050271811076,8.14384450383051,1
33,1,10.75,14,8.14384450383051,9.48204862497832,1
33,1,10.75,14,9.48204862497832,9.55790176047726,1
33,1,10.75,14,9.55790176047726,10.75,0
34,1,14.75,0,0,14.75,0
35,1,12.75,21,0,4.48827670482882,1
35,1,12.75,21,4.48827670482882,5.3473033521763,1
35,1,12.75,21,5.3473033521763,7.34674736680243,1
35,1,12.75,21,7.34674736680243,7.68365495805816,1
35,1,12.75,21,7.68365495805816,8.64875716969128,1
35,1,12.75,21,8.64875716969128,8.75744146283888,1
35,1,12.75,21,8.75744146283888,9.10699336232778,1
35,1,12.75,21,9.10699336232778,9.51347036916763,1
35,1,12.75,21,9.51347036916763,9.7967481148965,1
35,1,12.75,21,9.7967481148965,9.85365941107598,1
35,1,12.75,21,9.85365941107598,10.628440862066,1
35,1,12.75,21,10.628440862066,10.8838248526364,1
35,1,12.75,21,10.8838248526364,11.2036497067478,1
35,1,12.75,21,11.2036497067478,11.517096821593,1
35,1,12.75,21,11.517096821593,11.5945932958596,1
35,1,12.75,21,11.5945932958596,11.64765192357,1
35,1,12.75,21,11.64765192357,11.6536673297319,1
35,1,12.75,21,11.6536673297319,11.8536408028387,1
35,1,12.75,21,11.8536408028387,12.2145611070494,1
35,1,12.75,21,12.2145611070494,12.3247090541614,1
35,1,12.75,21,12.3247090541614,12.6942804743016,1
35,1,12.75,21,12.6942804743016,12.75,0
36,1,11.75,0,0,11.75,0
37,1,8.75,8,0,1.51178996689035,1
37,1,8.75,8,1.51178996689035,5.39657940755047,1
37,1,8.75,8,5.39657940755047,6.18258250486277,1
37,1,8.75,8,6.18258250486277,6.29074250863012,1
37,1,8.75,8,6.29074250863012,6.66724709087625,1
37,1,8.75,8,6.66724709087625,7.25685147159205,1
37,1,8.75,8,7.25685147159205,7.83219850132454,1
37,1,8.75,8,7.83219850132454,8.71878390206122,1
37,1,8.75,8,8.71878390206122,8.75,0
38,1,10.75,18,0,3.75100197270344,1
38,1,10.75,18,3.75100197270344,3.84351549693203,1
38,1,10.75,18,3.84351549693203,3.85257532299187,1
38,1,10.75,18,3.85257532299187,4.67272783932912,1
38,1,10.75,18,4.67272783932912,4.89454439600189,1
38,1,10.75,18,4.89454439600189,5.27096567021975,1
38,1,10.75,18,5.27096567021975,5.71421754864565,1
38,1,10.75,18,5.71421754864565,5.87661477643325,1
38,1,10.75,18,5.87661477643325,6.41363220186045,1
38,1,10.75,18,6.41363220186045,7.33073544634618,1
38,1,10.75,18,7.33073544634618,8.5703128051118,1
38,1,10.75,18,8.5703128051118,8.69354313229162,1
38,1,10.75,18,8.69354313229162,9.14984697438054,1
38,1,10.75,18,9.14984697438054,9.21337658640053,1
38,1,10.75,18,9.21337658640053,10.2940069651641,1
38,1,10.75,18,10.2940069651641,10.4426217326,1
38,1,10.75,18,10.4426217326,10.7070974245274,1
38,1,10.75,18,10.7070974245274,10.7207812291148,1
38,1,10.75,18,10.7207812291148,10.75,0
39,1,10.75,17,0,0.734757921541754,1
39,1,10.75,17,0.734757921541754,1.26414079739127,1
39,1,10.75,17,1.26414079739127,5.55134250516281,1
39,1,10.75,17,5.55134250516281,5.69250716623262,1
39,1,10.75,17,5.69250716623262,6.91842206610805,1
39,1,10.75,17,6.91842206610805,7.28241588362935,1
39,1,10.75,17,7.28241588362935,7.45456999073562,1
39,1,10.75,17,7.45456999073562,7.74832850165145,1
39,1,10.75,17,7.74832850165145,7.90844764885244,1
39,1,10.75,17,7.90844764885244,7.9724174634202,1
39,1,10.75,17,7.9724174634202,8.85069380892701,1
39,1,10.75,17,8.85069380892701,9.1202844594183,1
39,1,10.75,17,9.1202844594183,9.30048717485468,1
39,1,10.75,17,9.30048717485468,9.76466628649437,1
39,1,10.75,17,9.76466628649437,9.78844166592369,1
39,1,10.75,17,9.78844166592369,9.9231330351738,1
39,1,10.75,17,9.9231330351738,10.1434296501806,1
39,1,10.75,17,10.1434296501806,10.75,0
40,1,15.75,56,0,2.36836449365839,1
40,1,15.75,56,2.36836449365839,4.21663148522236,1
40,1,15.75,56,4.21663148522236,4.85273704827901,1
40,1,15.75,56,4.85273704827901,5.64074692111993,1
40,1,15.75,56,5.64074692111993,6.46877481254518,1
40,1,15.75,56,6.46877481254518,6.96150991412075,1
40,1,15.75,56,6.96150991412075,7.68389113154567,1
40,1,15.75,56,7.68389113154567,7.73169311254133,1
40,1,15.75,56,7.73169311254133,7.819175352674,1
40,1,15.75,56,7.819175352674,8.2835187393691,1
40,1,15.75,56,8.2835187393691,8.58253984356547,1
40,1,15.75,56,8.58253984356547,8.77036191366977,1
40,1,15.75,56,8.77036191366977,8.80523967943207,1
40,1,15.75,56,8.80523967943207,9.17123064191244,1
40,1,15.75,56,9.17123064191244,9.75836290056,1
40,1,15.75,56,9.75836290056,9.7867279577978,1
40,1,15.75,56,9.7867279577978,9.94107536927295,1
40,1,15.75,56,9.94107536927295,10.2820257015782,1
40,1,15.75,56,10.2820257015782,10.3108108762627,1
40,1,15.75,56,10.3108108762627,10.32897061328,1
40,1,15.75,56,10.32897061328,10.4442022465027,1
40,1,15.75,56,10.4442022465027,10.6282668474286,1
40,1,15.75,56,10.6282668474286,10.6558777416989,1
40,1,15.75,56,10.6558777416989,10.9727909880314,1
40,1,15.75,56,10.9727909880314,11.7294627582277,1
40,1,15.75,56,11.7294627582277,11.8230337303636,1
40,1,15.75,56,11.8230337303636,11.9796091774124,1
40,1,15.75,56,11.9796091774124,12.0286212403247,1
40,1,15.75,56,12.0286212403247,12.0476700671746,1
40,1,15.75,56,12.0476700671746,12.2708360307871,1
40,1,15.75,56,12.2708360307871,12.2922177006236,1
40,1,15.75,56,12.2922177006236,12.4296445601168,1
40,1,15.75,56,12.4296445601168,12.5037622877727,1
40,1,15.75,56,12.5037622877727,13.0806512958036,1
40,1,15.75,56,13.0806512958036,13.1818619230594,1
40,1,15.75,56,13.1818619230594,13.2663570791124,1
40,1,15.75,56,13.2663570791124,13.2759908791113,1
40,1,15.75,56,13.2759908791113,13.2975210350374,1
40,1,15.75,56,13.2975210350374,13.3239162242191,1
40,1,15.75,56,13.3239162242191,13.3847699565254,1
40,1,15.75,56,13.3847699565254,13.4880038953052,1
40,1,15.75,56,13.4880038953052,13.5512967133664,1
40,1,15.75,56,13.5512967133664,13.569512936726,1
40,1,15.75,56,13.569512936726,14.3569935504197,1
40,1,15.75,56,14.3569935504197,14.4445950959263,1
40,1,15.75,56,14.4445950959263,14.56400377015,1
40,1,15.75,56,14.56400377015,14.610666851629,1
40,1,15.75,56,14.610666851629,14.7147914886312,1
40,1,15.75,56,14.7147914886312,14.797124929727,1
40,1,15.75,56,14.797124929727,15.0810890156141,1
40,1,15.75,56,15.0810890156141,15.0979369536298,1
40,1,15.75,56,15.0979369536298,15.4159151997965,1
40,1,15.75,56,15.4159151997965,15.4568912158738,1
40,1,15.75,56,15.4568912158738,15.5884427562953,1
40,1,15.75,56,15.5884427562953,15.6119180530601,1
40,1,15.75,56,15.6119180530601,15.7291780485001,1
40,1,15.75,56,15.7291780485001,15.75,0
41,1,12.75,1,0,5.76185215601673,1
41,1,12.75,1,5.76185215601673,12.75,0
42,1,19.75,2,0,4.08126107462249,1
42,1,19.75,2,4.08126107462249,19.1860364892624,1
42,1,19.75,2,19.1860364892624,19.75,0
43,1,17.75,3,0,1.10670386719909,1
43,1,17.75,3,1.10670386719909,3.73918637480639,1
43,1,17.75,3,3.73918637480639,5.19968233059049,1
43,1,17.75,3,5.19968233059049,17.75,0
44,1,14.75,0,0,14.75,0
45,1,19.75,4,0,2.07772065756389,1
45,1,19.75,4,2.07772065756389,2.11427985348511,1
45,1,19.75,4,2.11427985348511,3.92070645023761,1
45,1,19.75,4,3.92070645023761,6.01019427190587,1
45,1,19.75,4,6.01019427190587,19.75,0
46,1,16.75,40,0,6.05451682910468,1
46,1,16.75,40,6.05451682910468,6.17468274267614,1
46,1,16.75,40,6.17468274267614,8.21451553023628,1
46,1,16.75,40,8.21451553023628,8.34984387275391,1
46,1,16.75,40,8.34984387275391,8.36191671226511,1
46,1,16.75,40,8.36191671226511,9.42521304701747,1
46,1,16.75,40,9.42521304701747,9.65167789702288,1
46,1,16.75,40,9.65167789702288,9.68127658756874,1
46,1,16.75,40,9.68127658756874,9.81549887031662,1
46,1,16.75,40,9.81549887031662,9.96011700960048,1
46,1,16.75,40,9.96011700960048,9.97849102852542,1
46,1,16.75,40,9.97849102852542,10.5023999039434,1
46,1,16.75,40,10.5023999039434,11.2747005808513,1
46,1,16.75,40,11.2747005808513,11.677429652683,1
46,1,16.75,40,11.677429652683,11.8579024496008,1
46,1,16.75,40,11.8579024496008,11.9932295812488,1
46,1,16.75,40,11.9932295812488,12.1280777929701,1
46,1,16.75,40,12.1280777929701,12.3885047205995,1
46,1,16.75,40,12.3885047205995,12.4314164163113,1
46,1,16.75,40,12.4314164163113,13.734833009958,1
46,1,16.75,40,13.734833009958,13.7533308389553,1
46,1,16.75,40,13.7533308389553,14.0698471758035,1
46,1,16.75,40,14.0698471758035,14.1807813980661,1
46,1,16.75,40,14.1807813980661,14.2523482063441,1
46,1,16.75,40,14.2523482063441,14.2963762356656,1
46,1,16.75,40,14.2963762356656,14.5558792808478,1
46,1,16.75,40,14.5558792808478,14.6525878629623,1
46,1,16.75,40,14.6525878629623,14.8355529779327,1
46,1,16.75,40,14.8355529779327,14.901246504677,1
46,1,16.75,40,14.901246504677,15.0122054891125,1
46,1,16.75,40,15.0122054891125,15.1937678712937,1
46,1,16.75,40,15.1937678712937,15.2619288249222,1
46,1,16.75,40,15.2619288249222,15.4144264774393,1
46,1,16.75,40,15.4144264774393,15.529377707069,1
46,1,16.75,40,15.529377707069,15.5753418126108,1
46,1,16.75,40,15.5753418126108,15.7238118881086,1
46,1,16.75,40,15.7238118881086,15.9364333823334,1
46,1,16.75,40,15.9364333823334,16.045134228889,1
46,1,16.75,40,16.045134228889,16.1151748467689,1
46,1,16.75,40,16.1151748467689,16.6566518876013,1
46,1,16.75,40,16.6566518876013,16.75,0
47,1,10.75,13,0,4.4474357937855,1
47,1,10.75,13,4.4474357937855,4.51235560576477,1
47,1,10.75,13,4.51235560576477,5.41427216430531,1
47,1,10.75,13,5.41427216430531,7.38014164753804,1
47,1,10.75,13,7.38014164753804,7.77612557932657,1
47,1,10.75,13,7.77612557932657,7.80297221564648,1
47,1,10.75,13,7.80297221564648,8.1988495691432,1
47,1,10.75,13,8.1988495691432,8.74721843749275,1
47,1,10.75,13,8.74721843749275,9.04385096917808,1
47,1,10.75,13,9.04385096917808,9.26008697139092,1
47,1,10.75,13,9.26008697139092,9.70562740282876,1
47,1,10.75,13,9.70562740282876,9.74137287575449,1
47,1,10.75,13,9.74137287575449,10.6692158001003,1
47,1,10.75,13,10.6692158001003,10.75,0
48,1,20.75,0,0,20.75,0
49,1,11.75,23,0,3.42439297597078,1
49,1,11.75,23,3.42439297597078,3.45668553829573,1
49,1,11.75,23,3.45668553829573,5.57145046209754,1
49,1,11.75,23,5.57145046209754,5.91693325026946,1
49,1,11.75,23,5.91693325026946,7.12959352220186,1
49,1,11.75,23,7.12959352220186,7.352624970681,1
49,1,11.75,23,7.352624970681,7.35472261977554,1
49,1,11.75,23,7.35472261977554,7.72658684805312,1
49,1,11.75,23,7.72658684805312,8.23634271096089,1
49,1,11.75,23,8.23634271096089,8.37748764808408,1
49,1,11.75,23,8.37748764808408,8.67208390006165,1
49,1,11.75,23,8.67208390006165,9.33354555886943,1
49,1,11.75,23,9.33354555886943,9.50065176807284,1
49,1,11.75,23,9.50065176807284,9.9739456915885,1
49,1,11.75,23,9.9739456915885,10.1051953096254,1
49,1,11.75,23,10.1051953096254,10.1435376235573,1
49,1,11.75,23,10.1435376235573,10.1897236443782,1
49,1,11.75,23,10.1897236443782,10.2902597200893,1
49,1,11.75,23,10.2902597200893,10.2971167787977,1
49,1,11.75,23,10.2971167787977,10.4384329902959,1
49,1,11.75,23,10.4384329902959,10.9107337363845,1
49,1,11.75,23,10.9107337363845,10.9304911728393,1
49,1,11.75,23,10.9304911728393,11.4139835229623,1
49,1,11.75,23,11.4139835229623,11.75,0
50,1,19.75,3,0,5.13995263663963,1
50,1,19.75,3,5.13995263663963,5.41796496921209,1
50,1,19.75,3,5.41796496921209,7.93232608152418,1
50,1,19.75,3,7.93232608152418,19.75,0
51,1,8.75,6,0,1.68677217614444,1
51,1,8.75,6,1.68677217614444,5.93782952432734,1
51,1,8.75,6,5.93782952432734,6.14487671618014,1
51,1,8.75,6,6.14487671618014,6.64012083593564,1
51,1,8.75,6,6.64012083593564,7.89206020997395,1
51,1,8.75,6,7.89206020997395,7.93762805670501,1
51,1,8.75,6,7.93762805670501,8.75,0
52,1,13.75,3,0,0.395890398060146,1
52,1,13.75,3,0.395890398060146,2.23113792603305,1
52,1,13.75,3,2.23113792603305,6.77791496708767,1
52,1,13.75,3,6.77791496708767,13.75,0
53,1,15.75,2,0,3.68468151696334,1
53,1,15.75,2,3.68468151696334,5.99660747148211,1
53,1,15.75,2,5.99660747148211,15.75,0
54,1,12.75,40,0,1.87161809547868,1
54,1,12.75,40,1.87161809547868,5.36600638498231,1
54,1,12.75,40,5.36600638498231,5.76468403136207,1
54,1,12.75,40,5.76468403136207,5.93840728513335,1
54,1,12.75,40,5.93840728513335,6.24408807638414,1
54,1,12.75,40,6.24408807638414,6.32629514164038,1
54,1,12.75,40,6.32629514164038,6.75440282191766,1
54,1,12.75,40,6.75440282191766,6.87653305120183,1
54,1,12.75,40,6.87653305120183,7.25232993006378,1
54,1,12.75,40,7.25232993006378,7.75792903647187,1
54,1,12.75,40,7.75792903647187,7.95483297988949,1
54,1,12.75,40,7.95483297988949,8.02596127920308,1
54,1,12.75,40,8.02596127920308,8.11833556330739,1
54,1,12.75,40,8.11833556330739,8.36588884832605,1
54,1,12.75,40,8.36588884832605,8.46622109440563,1
54,1,12.75,40,8.46622109440563,8.75017603918876,1
54,1,12.75,40,8.75017603918876,8.98279908987265,1
54,1,12.75,40,8.98279908987265,9.00148765110852,1
54,1,12.75,40,9.00148765110852,9.10531928918151,1
54,1,12.75,40,9.10531928918151,9.42479406033135,1
54,1,12.75,40,9.42479406033135,9.61147854671067,1
54,1,12.75,40,9.61147854671067,9.69754295255751,1
54,1,12.75,40,9.69754295255751,9.78962544657172,1
54,1,12.75,40,9.78962544657172,9.96142008477843,1
54,1,12.75,40,9.96142008477843,10.177269598694,1
54,1,12.75,40,10.177269598694,10.4268618103988,1
54,1,12.75,40,10.4268618103988,10.5487970457011,1
54,1,12.75,40,10.5487970457011,10.6054332821005,1
54,1,12.75,40,10.6054332821005,10.648684331727,1
54,1,12.75,40,10.648684331727,10.6501233240903,1
54,1,12.75,40,10.6501233240903,10.8277836055379,1
54,1,12.75,40,10.8277836055379,11.0555810816126,1
54,1,12.75,40,11.0555810816126,11.1400801758964,1
54,1,12.75,40,11.1400801758964,11.6438616129301,1
54,1,12.75,40,11.6438616129301,11.7809174601796,1
54,1,12.75,40,11.7809174601796,12.0049003733662,1
54,1,12.75,40,12.0049003733662,12.2185856059687,1
54,1,12.75,40,12.2185856059687,12.6659593242806,1
54,1,12.75,40,12.6659593242806,12.6880190262591,1
54,1,12.75,40,12.6880190262591,12.7352431979028,1
54,1,12.75,40,12.7352431979028,12.75,0
55,1,14.75,4,0,0.02475563587588,1
55,1,14.75,4,0.02475563587588,1.2264132532141,1
55,1,14.75,4,1.2264132532141,4.95711902545083,1
55,1,14.75,4,4.95711902545083,13.8904888814135,1
55,1,14.75,4,13.8904888814135,14.75,0
56,1,15.75,4,0,0.137423060454446,1
56,1,15.75,4,0.137423060454446,0.205001259969893,1
56,1,15.75,4,0.205001259969893,1.57764665409528,1
56,1,15.75,4,1.57764665409528,1.80545255661458,1
56,1,15.75,4,1.80545255661458,15.75,0
57,1,14.75,2,0,2.40158641655748,1
57,1,14.75,2,2.40158641655748,11.6687225720503,1
57,1,14.75,2,11.6687225720503,14.75,0
58,1,18.75,1,0,0.488032762246715,1
58,1,18.75,1,0.488032762246715,18.75,0
59,1,19.75,55,0,5.24036067526257,1
59,1,19.75,55,5.24036067526257,7.09479411196526,1
59,1,19.75,55,7.09479411196526,7.31738337740123,1
59,1,19.75,55,7.31738337740123,8.03398419287628,1
59,1,19.75,55,8.03398419287628,8.63147823809161,1
59,1,19.75,55,8.63147823809161,9.80241089225223,1
59,1,19.75,55,9.80241089225223,10.4753334920804,1
59,1,19.75,55,10.4753334920804,10.8912637105701,1
59,1,19.75,55,10.8912637105701,12.5387214796107,1
59,1,19.75,55,12.5387214796107,12.8458039810215,1
59,1,19.75,55,12.8458039810215,12.9036690311368,1
59,1,19.75,55,12.9036690311368,13.4093497219169,1
59,1,19.75,55,13.4093497219169,13.5668478222725,1
59,1,19.75,55,13.5668478222725,13.7303267848626,1
59,1,19.75,55,13.7303267848626,14.0262336612373,1
59,1,19.75,55,14.0262336612373,14.1819894021675,1
59,1,19.75,55,14.1819894021675,14.4706510477119,1
59,1,19.75,55,14.4706510477119,14.7823723341046,1
59,1,19.75,55,14.7823723341046,14.8694738866598,1
59,1,19.75,55,14.8694738866598,15.1015018926878,1
59,1,19.75,55,15.1015018926878,15.5983914049767,1
59,1,19.75,55,15.5983914049767,15.8592866215858,1
59,1,19.75,55,15.8592866215858,15.9119670720218,1
59,1,19.75,55,15.9119670720218,15.9442877357488,1
59,1,19.75,55,15.9442877357488,16.1834968653475,1
59,1,19.75,55,16.1834968653475,16.193419745712,1
59,1,19.75,55,16.193419745712,16.1958847022866,1
59,1,19.75,55,16.1958847022866,16.2680239112367,1
59,1,19.75,55,16.2680239112367,16.3722526513069,1
59,1,19.75,55,16.3722526513069,16.4674316945952,1
59,1,19.75,55,16.4674316945952,16.6306903148892,1
59,1,19.75,55,16.6306903148892,17.2187450331187,1
59,1,19.75,55,17.2187450331187,17.265529614075,1
59,1,19.75,55,17.265529614075,17.4801287474116,1
59,1,19.75,55,17.4801287474116,17.6205694009486,1
59,1,19.75,55,17.6205694009486,17.7294604028277,1
59,1,19.75,55,17.7294604028277,17.7669704018975,1
59,1,19.75,55,17.7669704018975,17.776928229212,1
59,1,19.75,55,17.776928229212,17.8228616295131,1
59,1,19.75,55,17.8228616295131,17.8789940792843,1
59,1,19.75,55,17.8789940792843,17.984921922674,1
59,1,19.75,55,17.984921922674,18.2330346610959,1
59,1,19.75,55,18.2330346610959,18.3553199376734,1
59,1,19.75,55,18.3553199376734,18.4042962068379,1
59,1,19.75,55,18.4042962068379,18.5143956091365,1
59,1,19.75,55,18.5143956091365,18.6564984712667,1
59,1,19.75,55,18.6564984712667,18.787151415426,1
59,1,19.75,55,18.787151415426,18.8236943572898,1
59,1,19.75,55,18.8236943572898,19.0727190636248,1
59,1,19.75,55,19.0727190636248,19.19466767371,1
59,1,19.75,55,19.19466767371,19.2755346735529,1
59,1,19.75,55,19.2755346735529,19.2907830969616,1
59,1,19.75,55,19.2907830969616,19.4405840695923,1
59,1,19.75,55,19.4405840695923,19.4594056858131,1
59,1,19.75,55,19.4594056858131,19.4658372993777,1
59,1,19.75,55,19.4658372993777,19.75,0
60,1,16.75,20,0,4.32011738521423,1
60,1,16.75,20,4.32011738521423,4.46829763813697,1
60,1,16.75,20,4.46829763813697,5.16874529485642,1
60,1,16.75,20,5.16874529485642,8.08049263557039,1
60,1,16.75,20,8.08049263557039,9.29278790909555,1
60,1,16.75,20,9.29278790909555,9.68579546162698,1
60,1,16.75,20,9.68579546162698,9.8796230705126,1
60,1,16.75,20,9.8796230705126,10.4289274176433,1
60,1,16.75,20,10.4289274176433,10.9971569026639,1
60,1,16.75,20,10.9971569026639,11.5636765695389,1
60,1,16.75,20,11.5636765695389,11.6531805821258,1
60,1,16.75,20,11.6531805821258,12.5561153903728,1
60,1,16.75,20,12.5561153903728,13.8386327271287,1
60,1,16.75,20,13.8386327271287,14.8156951436345,1
60,1,16.75,20,14.8156951436345,16.0889032194973,1
60,1,16.75,20,16.0889032194973,16.1036008949097,1
60,1,16.75,20,16.1036008949097,16.1822783912643,1
60,1,16.75,20,16.1822783912643,16.3450055065171,1
60,1,16.75,20,16.3450055065171,16.5056811727087,1
60,1,16.75,20,16.5056811727087,16.6925709157124,1
60,1,16.75,20,16.6925709157124,16.75,0
61,1,20.75,87,0,3.89849531419237,1
61,1,20.75,87,3.89849531419237,5.87923438232716,1
61,1,20.75,87,5.87923438232716,7.05328894402079,1
61,1,20.75,87,7.05328894402079,7.13947647964926,1
61,1,20.75,87,7.13947647964926,7.49948747363313,1
61,1,20.75,87,7.49948747363313,7.74682986321277,1
61,1,20.75,87,7.74682986321277,8.00069918271327,1
61,1,20.75,87,8.00069918271327,8.73507370868212,1
61,1,20.75,87,8.73507370868212,9.03075535620043,1
61,1,20.75,87,9.03075535620043,9.19824707472717,1
61,1,20.75,87,9.19824707472717,9.25966770887092,1
61,1,20.75,87,9.25966770887092,9.29996285012839,1
61,1,20.75,87,9.29996285012839,9.53774026196643,1
61,1,20.75,87,9.53774026196643,9.62002069433633,1
61,1,20.75,87,9.62002069433633,9.74965898110869,1
61,1,20.75,87,9.74965898110869,10.2057665980052,1
61,1,20.75,87,10.2057665980052,10.3613186069641,1
61,1,20.75,87,10.3613186069641,10.4914129255612,1
61,1,20.75,87,10.4914129255612,10.5353338076779,1
61,1,20.75,87,10.5353338076779,10.8033299773848,1
61,1,20.75,87,10.8033299773848,10.8900582680954,1
61,1,20.75,87,10.8900582680954,11.3038037579716,1
61,1,20.75,87,11.3038037579716,11.3678464751978,1
61,1,20.75,87,11.3678464751978,11.6407271284783,1
61,1,20.75,87,11.6407271284783,11.8136207472644,1
61,1,20.75,87,11.8136207472644,12.157631198332,1
61,1,20.75,87,12.157631198332,12.194892490879,1
61,1,20.75,87,12.194892490879,12.3179729237036,1
61,1,20.75,87,12.3179729237036,12.4750399504818,1
61,1,20.75,87,12.4750399504818,12.5239641327599,1
61,1,20.75,87,12.5239641327599,12.607866631856,1
61,1,20.75,87,12.607866631856,12.6577213398427,1
61,1,20.75,87,12.6577213398427,12.7593849729428,1
61,1,20.75,87,12.7593849729428,12.8638210638733,1
61,1,20.75,87,12.8638210638733,13.0531889303732,1
61,1,20.75,87,13.0531889303732,13.3979339023163,1
61,1,20.75,87,13.3979339023163,13.793920892714,1
61,1,20.75,87,13.793920892714,14.1465792153027,1
61,1,20.75,87,14.1465792153027,14.225511535986,1
61,1,20.75,87,14.225511535986,14.5861854769893,1
61,1,20.75,87,14.5861854769893,14.6793871572217,1
61,1,20.75,87,14.6793871572217,14.9968147963065,1
61,1,20.75,87,14.9968147963065,15.3200223559925,1
61,1,20.75,87,15.3200223559925,15.3634410776879,1
61,1,20.75,87,15.3634410776879,15.8072560939656,1
61,1,20.75,87,15.8072560939656,15.8077366591664,1
61,1,20.75,87,15.8077366591664,15.9571016711941,1
61,1,20.75,87,15.9571016711941,16.3429279655217,1
61,1,20.75,87,16.3429279655217,16.3965119709119,1
61,1,20.75,87,16.3965119709119,16.6365411804223,1
61,1,20.75,87,16.6365411804223,16.9165083452938,1
61,1,20.75,87,16.9165083452938,17.1264203284165,1
61,1,20.75,87,17.1264203284165,17.2927964164215,1
61,1,20.75,87,17.2927964164215,17.4752280204063,1
61,1,20.75,87,17.4752280204063,17.7092044139918,1
61,1,20.75,87,17.7092044139918,17.7553615143938,1
61,1,20.75,87,17.7553615143938,18.0076366883274,1
61,1,20.75,87,18.0076366883274,18.012008038535,1
61,1,20.75,87,18.012008038535,18.095276549071,1
61,1,20.75,87,18.095276549071,18.2238196566486,1
61,1,20.75,87,18.2238196566486,18.5283461899479,1
61,1,20.75,87,18.5283461899479,18.7379349273998,1
61,1,20.75,87,18.7379349273998,18.7442818081114,1
61,1,20.75,87,18.7442818081114,18.7831131545964,1
61,1,20.75,87,18.7831131545964,18.9148589982556,1
61,1,20.75,87,18.9148589982556,18.9748585375658,1
61,1,20.75,87,18.9748585375658,18.9835804762844,1
61,1,20.75,87,18.9835804762844,19.0116793319009,1
61,1,20.75,87,19.0116793319009,19.0623209271699,1
61,1,20.75,87,19.0623209271699,19.1335535518643,1
61,1,20.75,87,19.1335535518643,19.547022997529,1
61,1,20.75,87,19.547022997529,19.6500102999264,1
61,1,20.75,87,19.6500102999264,19.6759881866071,1
61,1,20.75,87,19.6759881866071,19.7631828166131,1
61,1,20.75,87,19.7631828166131,19.7769418398126,1
61,1,20.75,87,19.7769418398126,19.8212494298191,1
61,1,20.75,87,19.8212494298191,19.8619432956788,1
61,1,20.75,87,19.8619432956788,20.0722085249419,1
61,1,20.75,87,20.0722085249419,20.1421956231362,1
61,1,20.75,87,20.1421956231362,20.3172912319993,1
61,1,20.75,87,20.3172912319993,20.3554208626534,1
61,1,20.75,87,20.3554208626534,20.4442787787548,1
61,1,20.75,87,20.4442787787548,20.4749358413149,1
61,1,20.75,87,20.4749358413149,20.4921058009494,1
61,1,20.75,87,20.4921058009494,20.5298882796874,1
61,1,20.75,87,20.5298882796874,20.5323175803321,1
61,1,20.75,87,20.5323175803321,20.7095091965216,1
61,1,20.75,87,20.7095091965216,20.75,0
62,1,9.75,11,0,3.15607889037386,1
62,1,9.75,11,3.15607889037386,4.70246695686737,1
62,1,9.75,11,4.70246695686737,5.1881600476822,1
62,1,9.75,11,5.1881600476822,5.48919236366232,1
62,1,9.75,11,5.48919236366232,6.61546531843151,1
62,1,9.75,11,6.61546531843151,6.82007759110511,1
62,1,9.75,11,6.82007759110511,6.83722107991811,1
62,1,9.75,11,6.83722107991811,7.69545383060502,1
62,1,9.75,11,7.69545383060502,7.70522343363296,1
62,1,9.75,11,7.70522343363296,8.54681800912294,1
62,1,9.75,11,8.54681800912294,8.73853480463846,1
62,1,9.75,11,8.73853480463846,9.75,0
63,1,8.75,12,0,5.22655407928681,1
63,1,8.75,12,5.22655407928681,5.81974424596227,1
63,1,8.75,12,5.81974424596227,6.55128301411331,1
63,1,8.75,12,6.55128301411331,6.77709609717863,1
63,1,8.75,12,6.77709609717863,7.04929077243327,1
63,1,8.75,12,7.04929077243327,7.12575986105472,1
63,1,8.75,12,7.12575986105472,7.1781064077708,1
63,1,8.75,12,7.1781064077708,7.52170885441198,1
63,1,8.75,12,7.52170885441198,7.84881580542821,1
63,1,8.75,12,7.84881580542821,7.87759048960946,1
63,1,8.75,12,7.87759048960946,8.32850316165046,1
63,1,8.75,12,8.32850316165046,8.43286834079616,1
63,1,8.75,12,8.43286834079616,8.75,0
64,1,10.75,1,0,8.75138625880794,1
64,1,10.75,1,8.75138625880794,10.75,0
65,1,15.75,2,0,2.48738757348081,1
65,1,15.75,2,2.48738757348081,13.5568212214509,1
65,1,15.75,2,13.5568212214509,15.75,0
66,1,14.75,0,0,14.75,0
67,1,15.75,28,0,4.64070095977826,1
67,1,15.75,28,4.64070095977826,6.19481163450982,1
67,1,15.75,28,6.19481163450982,6.39710029106011,1
67,1,15.75,28,6.39710029106011,6.5593829436895,1
67,1,15.75,28,6.5593829436895,8.63538029100622,1
67,1,15.75,28,8.63538029100622,8.64328195140012,1
67,1,15.75,28,8.64328195140012,8.94266586242746,1
67,1,15.75,28,8.94266586242746,9.29293210032311,1
67,1,15.75,28,9.29293210032311,9.56909809705892,1
67,1,15.75,28,9.56909809705892,9.79277323641542,1
67,1,15.75,28,9.79277323641542,9.80316368661826,1
67,1,15.75,28,9.80316368661826,10.303956559769,1
67,1,15.75,28,10.303956559769,11.1337743409268,1
67,1,15.75,28,11.1337743409268,11.2683733967144,1
67,1,15.75,28,11.2683733967144,11.2702794478129,1
67,1,15.75,28,11.2702794478129,12.3563620046089,1
67,1,15.75,28,12.3563620046089,12.8914152749306,1
67,1,15.75,28,12.8914152749306,13.0014080325651,1
67,1,15.75,28,13.0014080325651,13.3352905960655,1
67,1,15.75,28,13.3352905960655,13.3966311264495,1
67,1,15.75,28,13.3966311264495,13.5501383042038,1
67,1,15.75,28,13.5501383042038,13.7218664934898,1
67,1,15.75,28,13.7218664934898,14.9833445091192,1
67,1,15.75,28,14.9833445091192,14.9913847598232,1
67,1,15.75,28,14.9913847598232,15.091810100854,1
67,1,15.75,28,15.091810100854,15.5065723270965,1
67,1,15.75,28,15.5065723270965,15.5131279503248,1
67,1,15.75,28,15.5131279503248,15.5754315409139,1
67,1,15.75,28,15.5754315409139,15.75,0
68,1,10.75,3,0,0.423977730357491,1
68,1,10.75,3,0.423977730357491,1.24363870896933,1
68,1,10.75,3,1.24363870896933,1.57173074477623,1
68,1,10.75,3,1.57173074477623,10.75,0
69,1,14.75,31,0,2.38167244743029,1
69,1,14.75,31,2.38167244743029,5.58600707986456,1
69,1,14.75,31,5.58600707986456,6.15327607581952,1
69,1,14.75,31,6.15327607581952,7.76592564259722,1
69,1,14.75,31,7.76592564259722,8.42607388509974,1
69,1,14.75,31,8.42607388509974,9.00636014783752,1
69,1,14.75,31,9.00636014783752,9.22621609495671,1
69,1,14.75,31,9.22621609495671,9.53037897062762,1
69,1,14.75,31,9.53037897062762,9.77211021956741,1
69,1,14.75,31,9.77211021956741,9.87216358386058,1
69,1,14.75,31,9.87216358386058,10.1021686990213,1
69,1,14.75,31,10.1021686990213,10.4543514157641,1
69,1,14.75,31,10.4543514157641,10.6534529361711,1
69,1,14.75,31,10.6534529361711,10.9858269631553,1
69,1,14.75,31,10.9858269631553,11.0203486145701,1
69,1,14.75,31,11.0203486145701,11.2432438157653,1
69,1,14.75,31,11.2432438157653,11.5187504519965,1
69,1,14.75,31,11.5187504519965,11.852013189468,1
69,1,14.75,31,11.852013189468,11.8569362001089,1
69,1,14.75,31,11.8569362001089,12.122571455613,1
69,1,14.75,31,12.122571455613,12.3163157187961,1
69,1,14.75,31,12.3163157187961,12.316976493942,1
69,1,14.75,31,12.316976493942,12.7173855712248,1
69,1,14.75,31,12.7173855712248,12.8968386838748,1
69,1,14.75,31,12.8968386838748,13.309222816286,1
69,1,14.75,31,13.309222816286,13.6213058104242,1
69,1,14.75,31,13.6213058104242,14.2100061652138,1
69,1,14.75,31,14.2100061652138,14.2353060300018,1
69,1,14.75,31,14.2353060300018,14.2637086218325,1
69,1,14.75,31,14.2637086218325,14.3117122683809,1
69,1,14.75,31,14.3117122683809,14.5187869170153,1
69,1,14.75,31,14.5187869170153,14.75,0
70,1,13.75,16,0,6.43072277623187,1
70,1,13.75,16,6.43072277623187,8.37295886941883,1
70,1,13.75,16,8.37295886941883,8.45608884828162,1
70,1,13.75,16,8.45608884828162,8.71752783731263,1
70,1,13.75,16,8.71752783731263,9.3410833295832,1
70,1,13.75,16,9.3410833295832,9.80843180414843,1
70,1,13.75,16,9.80843180414843,9.80912474695597,1
70,1,13.75,16,9.80912474695597,10.2311124614827,1
70,1,13.75,16,10.2311124614827,10.5182197759263,1
70,1,13.75,16,10.5182197759263,11.066669913581,1
70,1,13.75,16,11.066669913581,11.9126375875374,1
70,1,13.75,16,11.9126375875374,12.2319841226669,1
70,1,13.75,16,12.2319841226669,12.6504270219545,1
70,1,13.75,16,12.6504270219545,12.6816350794917,1
70,1,13.75,16,12.6816350794917,12.7525986069296,1
70,1,13.75,16,12.7525986069296,12.9322258246199,1
70,1,13.75,16,12.9322258246199,13.75,0
71,1,10.75,13,0,2.12945737137339,1
71,1,10.75,13,2.12945737137339,3.60388256031321,1
71,1,10.75,13,3.60388256031321,4.42652042309938,1
71,1,10.75,13,4.42652042309938,4.68824722931395,1
71,1,10.75,13,4.68824722931395,5.1657190109157,1
71,1,10.75,13,5.1657190109157,6.25989112100693,1
71,1,10.75,13,6.25989112100693,6.86471169455297,1
71,1,10.75,13,6.86471169455297,7.32221191873798,1
71,1,10.75,13,7.32221191873798,7.39928584215005,1
71,1,10.75,13,7.39928584215005,7.41367792361213,1
71,1,10.75,13,7.41367792361213,7.68080394974821,1
71,1,10.75,13,7.68080394974821,9.87581465539243,1
71,1,10.75,13,9.87581465539243,10.3352989485967,1
71,1,10.75,13,10.3352989485967,10.75,0
72,1,11.75,13,0,4.46382147850705,1
72,1,11.75,13,4.46382147850705,5.81089149121101,1
72,1,11.75,13,5.81089149121101,6.04179499202988,1
72,1,11.75,13,6.04179499202988,6.85668928642839,1
72,1,11.75,13,6.85668928642839,7.18910007712134,1
72,1,11.75,13,7.18910007712134,7.59414405498246,1
72,1,11.75,13,7.59414405498246,8.70625220638908,1
72,1,11.75,13,8.70625220638908,8.8856465109181,1
72,1,11.75,13,8.8856465109181,10.2167951086332,1
72,1,11.75,13,10.2167951086332,10.8488896484542,1
72,1,11.75,13,10.8488896484542,11.0341179368774,1
72,1,11.75,13,11.0341179368774,11.1291964190589,1
72,1,11.75,13,11.1291964190589,11.2496050443251,1
72,1,11.75,13,11.2496050443251,11.75,0
73,1,10.75,0,0,10.75,0
74,1,20.75,1,0,6.53151090125906,1
74,1,20.75,1,6.53151090125906,20.75,0
75,1,15.75,3,0,2.54593486658277,1
75,1,15.75,3,2.54593486658277,6.04600062990276,1
75,1,15.75,3,6.04600062990276,6.34751228615657,1
75,1,15.75,3,6.34751228615657,15.75,0
76,1,16.75,2,0,1.24168746879265,1
76,1,16.75,2,1.24168746879265,15.949096657246,1
76,1,16.75,2,15.949096657246,16.75,0
77,1,9.75,0,0,9.75,0
78,1,14.75,3,0,0.9544936379019,1
78,1,14.75,3,0.9544936379019,3.08400940589217,1
78,1,14.75,3,3.08400940589217,6.92345454198741,1
78,1,14.75,3,6.92345454198741,14.75,0
79,1,14.75,0,0,14.75,0
80,1,11.75,2,0,0.863919827594895,1
80,1,11.75,2,0.863919827594895,0.987222005094471,1
80,1,11.75,2,0.987222005094471,11.75,0
81,1,20.75,3,0,0.301044907651403,1
81,1,20.75,3,0.301044907651403,0.599332225423944,1
81,1,20.75,3,0.599332225423944,8.43806659875626,1
81,1,20.75,3,8.43806659875626,20.75,0
82,1,19.75,5,0,1.93952424201044,1
82,1,19.75,5,1.93952424201044,14.3015034102163,1
82,1,19.75,5,14.3015034102163,14.5917747463379,1
82,1,19.75,5,14.5917747463379,15.2096705028971,1
82,1,19.75,5,15.2096705028971,18.717578459619,1
82,1,19.75,5,18.717578459619,19.75,0
83,1,17.75,2,0,1.39341071256249,1
83,1,17.75,2,1.39341071256249,1.43762261378591,1
83,1,17.75,2,1.43762261378591,17.75,0
84,1,9.75,11,0,4.1810946963953,1
84,1,9.75,11,4.1810946963953,4.50511294605797,1
84,1,9.75,11,4.50511294605797,5.04459136121453,1
84,1,9.75,11,5.04459136121453,6.00567068561869,1
84,1,9.75,11,6.00567068561869,6.03388232733267,1
84,1,9.75,11,6.03388232733267,7.74702854526156,1
84,1,9.75,11,7.74702854526156,8.46686598276268,1
84,1,9.75,11,8.46686598276268,8.53905800452314,1
84,1,9.75,11,8.53905800452314,9.06278964047273,1
84,1,9.75,11,9.06278964047273,9.23935335548733,1
84,1,9.75,11,9.23935335548733,9.40520814681739,1
84,1,9.75,11,9.40520814681739,9.75,0
85,1,14.75,2,0,1.20062107369668,1
85,1,14.75,2,1.20062107369668,4.02467445279798,1
85,1,14.75,2,4.02467445279798,14.75,0
86,1,10.75,4,0,0.0256901252705393,1
86,1,10.75,4,0.0256901252705393,0.209224214069042,1
86,1,10.75,4,0.209224214069042,6.51197301156709,1
86,1,10.75,4,6.51197301156709,6.74502816314456,1
86,1,10.75,4,6.74502816314456,10.75,0
87,1,13.75,1,0,4.20237721538413,1
87,1,13.75,1,4.20237721538413,13.75,0
88,1,8.75,2,0,0.604112767231888,1
88,1,8.75,2,0.604112767231888,6.01342467659983,1
88,1,8.75,2,6.01342467659983,8.75,0
89,1,8.75,0,0,8.75,0
90,1,11.75,3,0,0.335059215996034,1
90,1,11.75,3,0.335059215996034,6.96667453448306,1
90,1,11.75,3,6.96667453448306,10.6343659811322,1
90,1,11.75,3,10.6343659811322,11.75,0
91,1,14.75,1,0,0.623206423258428,1
91,1,14.75,1,0.623206423258428,14.75,0
92,1,13.75,20,0,5.317426466468,1
92,1,13.75,20,5.317426466468,7.26809460204012,1
92,1,13.75,20,7.26809460204012,7.27949125582922,1
92,1,13.75,20,7.27949125582922,8.01917501120078,1
92,1,13.75,20,8.01917501120078,9.17816353717492,1
92,1,13.75,20,9.17816353717492,9.40874534118658,1
92,1,13.75,20,9.40874534118658,9.57437767916193,1
92,1,13.75,20,9.57437767916193,10.1608783886144,1
92,1,13.75,20,10.1608783886144,10.1847348950577,1
92,1,13.75,20,10.1847348950577,11.1362793938115,1
92,1,13.75,20,11.1362793938115,11.1442781423163,1
92,1,13.75,20,11.1442781423163,11.3127491863625,1
92,1,13.75,20,11.3127491863625,12.0859247922427,1
92,1,13.75,20,12.0859247922427,12.6356603261202,1
92,1,13.75,20,12.6356603261202,12.8355979204571,1
92,1,13.75,20,12.8355979204571,13.0112638829731,1
92,1,13.75,20,13.0112638829731,13.0814069035938,1
92,1,13.75,20,13.0814069035938,13.2166600522717,1
92,1,13.75,20,13.2166600522717,13.6161682828005,1
92,1,13.75,20,13.6161682828005,13.6645501902075,1
92,1,13.75,20,13.6645501902075,13.75,0
93,1,10.75,20,0,4.11155425742946,1
93,1,10.75,20,4.11155425742946,5.51280150794953,1
93,1,10.75,20,5.51280150794953,5.68835865639295,1
93,1,10.75,20,5.68835865639295,5.73619796471168,1
93,1,10.75,20,5.73619796471168,6.58446098560651,1
93,1,10.75,20,6.58446098560651,6.73240348926848,1
93,1,10.75,20,6.73240348926848,6.8570219504769,1
93,1,10.75,20,6.8570219504769,7.72207824516361,1
93,1,10.75,20,7.72207824516361,7.76783709639377,1
93,1,10.75,20,7.76783709639377,8.41215265247521,1
93,1,10.75,20,8.41215265247521,8.45516154892005,1
93,1,10.75,20,8.45516154892005,8.49300746171325,1
93,1,10.75,20,8.49300746171325,8.50028384878235,1
93,1,10.75,20,8.50028384878235,9.02092545682501,1
93,1,10.75,20,9.02092545682501,9.27693960368812,1
93,1,10.75,20,9.27693960368812,9.51768044885113,1
93,1,10.75,20,9.51768044885113,9.55896382303519,1
93,1,10.75,20,9.55896382303519,9.82076908697699,1
93,1,10.75,20,9.82076908697699,10.1373620514441,1
93,1,10.75,20,10.1373620514441,10.374392528127,1
93,1,10.75,20,10.374392528127,10.75,0
94,1,12.75,1,0,5.94764030247826,1
94,1,12.75,1,5.94764030247826,12.75,0
95,1,11.75,2,0,3.37700668299658,1
95,1,11.75,2,3.37700668299658,10.2336979110108,1
95,1,11.75,2,10.2336979110108,11.75,0
96,1,11.75,2,0,0.640827140360906,1
96,1,11.75,2,0.640827140360906,1.52075314672986,1
96,1,11.75,2,1.52075314672986,11.75,0
97,1,18.75,57,0,2.74335526004307,1
97,1,18.75,57,2.74335526004307,3.88044911579309,1
97,1,18.75,57,3.88044911579309,5.1812599153637,1
97,1,18.75,57,5.1812599153637,6.43220330066093,1
97,1,18.75,57,6.43220330066093,7.06928656515792,1
97,1,18.75,57,7.06928656515792,7.1194643784483,1
97,1,18.75,57,7.1194643784483,7.42216900832183,1
97,1,18.75,57,7.42216900832183,8.08978982567041,1
97,1,18.75,57,8.08978982567041,8.32537654456387,1
97,1,18.75,57,8.32537654456387,9.16364903059521,1
97,1,18.75,57,9.16364903059521,9.48214996973378,1
97,1,18.75,57,9.48214996973378,9.67687028987298,1
97,1,18.75,57,9.67687028987298,10.0372637042155,1
97,1,18.75,57,10.0372637042155,10.1549588882098,1
97,1,18.75,57,10.1549588882098,10.4159381144227,1
97,1,18.75,57,10.4159381144227,10.8756788849199,1
97,1,18.75,57,10.8756788849199,11.1928348691888,1
97,1,18.75,57,11.1928348691888,11.9075366812253,1
97,1,18.75,57,11.9075366812253,11.944551955131,1
97,1,18.75,57,11.944551955131,12.0440273720615,1
97,1,18.75,57,12.0440273720615,12.1589309771407,1
97,1,18.75,57,12.1589309771407,12.1599829935328,1
97,1,18.75,57,12.1599829935328,12.3011568153107,1
97,1,18.75,57,12.3011568153107,12.5526088853405,1
97,1,18.75,57,12.5526088853405,12.5962531792991,1
97,1,18.75,57,12.5962531792991,13.0318205624871,1
97,1,18.75,57,13.0318205624871,13.0451807297642,1
97,1,18.75,57,13.0451807297642,13.1657904128799,1
97,1,18.75,57,13.1657904128799,13.2816963127832,1
97,1,18.75,57,13.2816963127832,13.4356987694844,1
97,1,18.75,57,13.4356987694844,13.631715787876,1
97,1,18.75,57,13.631715787876,13.6957082757104,1
97,1,18.75,57,13.6957082757104,13.7026148796611,1
97,1,18.75,57,13.7026148796611,13.7385390045797,1
97,1,18.75,57,13.7385390045797,13.9973391457143,1
97,1,18.75,57,13.9973391457143,14.0924804550746,1
97,1,18.75,57,14.0924804550746,14.2369207514342,1
97,1,18.75,57,14.2369207514342,14.4761126254126,1
97,1,18.75,57,14.4761126254126,15.1434843633882,1
97,1,18.75,57,15.1434843633882,15.4342932560823,1
97,1,18.75,57,15.4342932560823,15.4532924431227,1
97,1,18.75,57,15.4532924431227,15.4750717063771,1
97,1,18.75,57,15.4750717063771,15.723660463409,1
97,1,18.75,57,15.723660463409,15.8950751533609,1
97,1,18.75,57,15.8950751533609,16.7604225964874,1
97,1,18.75,57,16.7604225964874,16.9672123214056,1
97,1,18.75,57,16.9672123214056,17.3722778298764,1
97,1,18.75,57,17.3722778298764,17.4143380999001,1
97,1,18.75,57,17.4143380999001,17.4456183373437,1
97,1,18.75,57,17.4456183373437,17.4890078619506,1
97,1,18.75,57,17.4890078619506,17.5924062030724,1
97,1,18.75,57,17.5924062030724,17.6693966477805,1
97,1,18.75,57,17.6693966477805,17.7058119802715,1
97,1,18.75,57,17.7058119802715,18.1407049830332,1
97,1,18.75,57,18.1407049830332,18.3225184780307,1
97,1,18.75,57,18.3225184780307,18.4561715670368,1
97,1,18.75,57,18.4561715670368,18.6795138996685,1
97,1,18.75,57,18.6795138996685,18.75,0
98,1,19.75,2,0,0.0472718783438923,1
98,1,19.75,2,0.0472718783438923,19.3132727056518,1
98,1,19.75,2,19.3132727056518,19.75,0
99,1,14.75,1,0,1.00967173861057,1
99,1,14.75,1,1.00967173861057,14.75,0
100,1,14.75,5,0,0.0225409961857795,1
100,1,14.75,5,0.0225409961857795,0.0918501242570328,1
100,1,14.75,5,0.0918501242570328,0.11583443320038,1
100,1,14.75,5,0.11583443320038,0.272765573809686,1
100,1,14.75,5,0.272765573809686,11.2873090744984,1
100,1,14.75,5,11.2873090744984,14.75,0
101,1,12.75,10,0,2.81815536244039,1
101,1,12.75,10,2.81815536244039,6.51140093682167,1
101,1,12.75,10,6.51140093682167,7.13605720911589,1
101,1,12.75,10,7.13605720911589,7.37695834401953,1
101,1,12.75,10,7.37695834401953,8.81511048289471,1
101,1,12.75,10,8.81511048289471,9.33913675446103,1
101,1,12.75,10,9.33913675446103,10.9810786665279,1
101,1,12.75,10,10.9810786665279,11.6286007820163,1
101,1,12.75,10,11.6286007820163,12.3860194489456,1
101,1,12.75,10,12.3860194489456,12.6697675663279,1
101,1,12.75,10,12.6697675663279,12.75,0
102,1,12.75,0,0,12.75,0
103,1,13.75,3,0,1.90269745497549,1
103,1,13.75,3,1.90269745497549,6.6635250016737,1
103,1,13.75,3,6.6635250016737,7.40254399997866,1
103,1,13.75,3,7.40254399997866,13.75,0
104,1,12.75,2,0,1.64508861561321,1
104,1,12.75,2,1.64508861561321,1.90221459177579,1
104,1,12.75,2,1.90221459177579,12.75,0
105,1,19.75,80,0,3.24822154549508,1
105,1,19.75,80,3.24822154549508,6.39744638812102,1
105,1,19.75,80,6.39744638812102,6.54996482239605,1
105,1,19.75,80,6.54996482239605,7.13231423703788,1
105,1,19.75,80,7.13231423703788,7.91608619130308,1
105,1,19.75,80,7.91608619130308,8.10021550469406,1
105,1,19.75,80,8.10021550469406,8.29241795949356,1
105,1,19.75,80,8.29241795949356,8.41540766176784,1
105,1,19.75,80,8.41540766176784,9.0866078883789,1
105,1,19.75,80,9.0866078883789,9.90492565643882,1
105,1,19.75,80,9.90492565643882,10.3923331286074,1
105,1,19.75,80,10.3923331286074,10.4186720640927,1
105,1,19.75,80,10.4186720640927,10.7049042456496,1
105,1,19.75,80,10.7049042456496,10.8733101751674,1
105,1,19.75,80,10.8733101751674,10.9398003369172,1
105,1,19.75,80,10.9398003369172,11.1131356175035,1
105,1,19.75,80,11.1131356175035,11.2268003012202,1
105,1,19.75,80,11.2268003012202,11.3688918391865,1
105,1,19.75,80,11.3688918391865,11.5905134190146,1
105,1,19.75,80,11.5905134190146,11.8347996527921,1
105,1,19.75,80,11.8347996527921,11.9899419804641,1
105,1,19.75,80,11.9899419804641,12.1565403168244,1
105,1,19.75,80,12.1565403168244,12.3956038292545,1
105,1,19.75,80,12.3956038292545,12.6142897614157,1
105,1,19.75,80,12.6142897614157,12.8390475925716,1
105,1,19.75,80,12.8390475925716,13.4371374923576,1
105,1,19.75,80,13.4371374923576,13.4475882051327,1
105,1,19.75,80,13.4475882051327,13.7114797149275,1
105,1,19.75,80,13.7114797149275,13.7377157536323,1
105,1,19.75,80,13.7377157536323,13.9312453023941,1
105,1,19.75,80,13.9312453023941,13.9584252957097,1
105,1,19.75,80,13.9584252957097,14.1997299241476,1
105,1,19.75,80,14.1997299241476,14.2347580273381,1
105,1,19.75,80,14.2347580273381,14.7749097320266,1
105,1,19.75,80,14.7749097320266,14.7851931937574,1
105,1,19.75,80,14.7851931937574,15.0855229084199,1
105,1,19.75,80,15.0855229084199,15.2955839333937,1
105,1,19.75,80,15.2955839333937,15.6573876564255,1
105,1,19.75,80,15.6573876564255,15.7206230012672,1
105,1,19.75,80,15.7206230012672,15.7874534054867,1
105,1,19.75,80,15.7874534054867,15.950853897053,1
105,1,19.75,80,15.950853897053,16.2046646617927,1
105,1,19.75,80,16.2046646617927,16.3139864708337,1
105,1,19.75,80,16.3139864708337,16.4254538922284,1
105,1,19.75,80,16.4254538922284,16.4534005520129,1
105,1,19.75,80,16.4534005520129,16.5412695188528,1
105,1,19.75,80,16.5412695188528,16.5815553078742,1
105,1,19.75,80,16.5815553078742,16.6073532268543,1
105,1,19.75,80,16.6073532268543,16.6861073751587,1
105,1,19.75,80,16.6861073751587,16.6996730932796,1
105,1,19.75,80,16.6996730932796,16.7784977290913,1
105,1,19.75,80,16.7784977290913,16.8332634755235,1
105,1,19.75,80,16.8332634755235,17.0783302006161,1
105,1,19.75,80,17.0783302006161,17.0987829008427,1
105,1,19.75,80,17.0987829008427,17.2659448504618,1
105,1,19.75,80,17.2659448504618,17.4924578928764,1
105,1,19.75,80,17.4924578928764,17.5244464967801,1
105,1,19.75,80,17.5244464967801,17.5434626522095,1
105,1,19.75,80,17.5434626522095,17.5859476680697,1
105,1,19.75,80,17.5859476680697,17.5938530236198,1
105,1,19.75,80,17.5938530236198,17.7034731546839,1
105,1,19.75,80,17.7034731546839,17.8162142716355,1
105,1,19.75,80,17.8162142716355,17.8708005262966,1
105,1,19.75,80,17.8708005262966,18.2475880755207,1
105,1,19.75,80,18.2475880755207,18.2954529939289,1
105,1,19.75,80,18.2954529939289,18.295679238947,1
105,1,19.75,80,18.295679238947,18.4660989134556,1
105,1,19.75,80,18.4660989134556,18.501298002566,1
105,1,19.75,80,18.501298002566,18.5644814838196,1
105,1,19.75,80,18.5644814838196,18.7546395880618,1
105,1,19.75,80,18.7546395880618,18.8571603239665,1
105,1,19.75,80,18.8571603239665,18.8718154941726,1
105,1,19.75,80,18.8718154941726,18.8787044013749,1
105,1,19.75,80,18.8787044013749,19.0122624889313,1
105,1,19.75,80,19.0122624889313,19.3139010687646,1
105,1,19.75,80,19.3139010687646,19.3811947221381,1
105,1,19.75,80,19.3811947221381,19.5086701587815,1
105,1,19.75,80,19.5086701587815,19.5222660633532,1
105,1,19.75,80,19.5222660633532,19.5669258700421,1
105,1,19.75,80,19.5669258700421,19.5867046391613,1
105,1,19.75,80,19.5867046391613,19.75,0
106,1,8.75,2,0,2.20207024538612,1
106,1,8.75,2,2.20207024538612,2.78080477269834,1
106,1,8.75,2,2.78080477269834,8.75,0
107,1,14.75,1,0,1.13759033397601,1
107,1,14.75,1,1.13759033397601,14.75,0
108,1,16.75,2,0,0.000296519599202363,1
108,1,16.75,2,0.000296519599202363,4.82603731267212,1
108,1,16.75,2,4.82603731267212,16.75,0
109,1,11.75,0,0,11.75,0
110,1,17.75,16,0,7.30566736697772,1
110,1,17.75,16,7.30566736697772,8.73273461734023,1
110,1,17.75,16,8.73273461734023,10.4841221827078,1
110,1,17.75,16,10.4841221827078,10.6539413119744,1
110,1,17.75,16,10.6539413119744,11.6248317314604,1
110,1,17.75,16,11.6248317314604,12.0592793729065,1
110,1,17.75,16,12.0592793729065,12.4966356590506,1
110,1,17.75,16,12.4966356590506,13.42325947492,1
110,1,17.75,16,13.42325947492,14.1388826819052,1
110,1,17.75,16,14.1388826819052,14.2686257889094,1
110,1,17.75,16,14.2686257889094,15.7683721066338,1
110,1,17.75,16,15.7683721066338,16.3637167170198,1
110,1,17.75,16,16.3637167170198,16.554614883579,1
110,1,17.75,16,16.554614883579,16.7732213307338,1
110,1,17.75,16,16.7732213307338,17.5978114467073,1
110,1,17.75,16,17.5978114467073,17.7274434187516,1
110,1,17.75,16,17.7274434187516,17.75,0
111,1,8.75,1,0,2.12666363033752,1
111,1,8.75,1,2.12666363033752,8.75,0
112,1,12.75,54,0,3.36051121686118,1
112,1,12.75,54,3.36051121686118,4.09894272084074,1
112,1,12.75,54,4.09894272084074,4.64621449809713,1
112,1,12.75,54,4.64621449809713,4.81942032121499,1
112,1,12.75,54,4.81942032121499,5.19357736998384,1
112,1,12.75,54,5.19357736998384,5.60609267916671,1
112,1,12.75,54,5.60609267916671,6.66387491924637,1
112,1,12.75,54,6.66387491924637,6.78854865359197,1
112,1,12.75,54,6.78854865359197,6.84385453011026,1
112,1,12.75,54,6.84385453011026,7.02192287293825,1
112,1,12.75,54,7.02192287293825,7.98625892195318,1
112,1,12.75,54,7.98625892195318,8.08241203422282,1
112,1,12.75,54,8.08241203422282,8.132843832648,1
112,1,12.75,54,8.132843832648,8.19638077480672,1
112,1,12.75,54,8.19638077480672,8.37987654739623,1
112,1,12.75,54,8.37987654739623,8.73609511966552,1
112,1,12.75,54,8.73609511966552,8.79128831443124,1
112,1,12.75,54,8.79128831443124,8.8357651834479,1
112,1,12.75,54,8.8357651834479,8.9118475992949,1
112,1,12.75,54,8.9118475992949,8.99903846861393,1
112,1,12.75,54,8.99903846861393,9.09827462323236,1
112,1,12.75,54,9.09827462323236,9.23852845219851,1
112,1,12.75,54,9.23852845219851,9.44574883451227,1
112,1,12.75,54,9.44574883451227,9.70447230863415,1
112,1,12.75,54,9.70447230863415,9.77859892066557,1
112,1,12.75,54,9.77859892066557,9.78745196493363,1
112,1,12.75,54,9.78745196493363,9.91905940521399,1
112,1,12.75,54,9.91905940521399,9.972083687849,1
112,1,12.75,54,9.972083687849,9.99445530424408,1
112,1,12.75,54,9.99445530424408,10.1020292899341,1
112,1,12.75,54,10.1020292899341,10.1747597279111,1
112,1,12.75,54,10.1747597279111,10.4174894520072,1
112,1,12.75,54,10.4174894520072,10.4480649391475,1
112,1,12.75,54,10.4480649391475,10.6626089803834,1
112,1,12.75,54,10.6626089803834,10.7363378122949,1
112,1,12.75,54,10.7363378122949,10.7529117923687,1
112,1,12.75,54,10.7529117923687,10.9531668743334,1
112,1,12.75,54,10.9531668743334,10.9682000501514,1
112,1,12.75,54,10.9682000501514,11.0985058103458,1
112,1,12.75,54,11.0985058103458,11.3212117041149,1
112,1,12.75,54,11.3212117041149,11.3291154219242,1
112,1,12.75,54,11.3291154219242,11.3369381149725,1
112,1,12.75,54,11.3369381149725,11.5267836654936,1
112,1,12.75,54,11.5267836654936,11.7703171681321,1
112,1,12.75,54,11.7703171681321,11.8649323595655,1
112,1,12.75,54,11.8649323595655,12.0792793625274,1
112,1,12.75,54,12.0792793625274,12.1212359604006,1
112,1,12.75,54,12.1212359604006,12.1466167804935,1
112,1,12.75,54,12.1466167804935,12.1757163938358,1
112,1,12.75,54,12.1757163938358,12.2292690591404,1
112,1,12.75,54,12.2292690591404,12.2786707237578,1
112,1,12.75,54,12.2786707237578,12.359240897512,1
112,1,12.75,54,12.359240897512,12.4930288521612,1
112,1,12.75,54,12.4930288521612,12.6219777847748,1
112,1,12.75,54,12.6219777847748,12.75,0
113,1,8.75,10,0,3.11599630786515,1
113,1,8.75,10,3.11599630786515,3.91913583763792,1
113,1,8.75,10,3.91913583763792,4.77967395435968,1
113,1,8.75,10,4.77967395435968,5.75653257572714,1
113,1,8.75,10,5.75653257572714,6.35329984053138,1
113,1,8.75,10,6.35329984053138,6.50020101787848,1
113,1,8.75,10,6.50020101787848,7.27375874925448,1
113,1,8.75,10,7.27375874925448,7.83640545274541,1
113,1,8.75,10,7.83640545274541,7.83916996837264,1
113,1,8.75,10,7.83916996837264,8.71160532453515,1
113,1,8.75,10,8.71160532453515,8.75,0
114,1,8.75,2,0,0.0903565268945679,1
114,1,8.75,2,0.0903565268945679,6.22110432743576,1
114,1,8.75,2,6.22110432743576,8.75,0
115,1,12.75,17,0,5.63996957914669,1
115,1,12.75,17,5.63996957914669,6.58570437532063,1
115,1,12.75,17,6.58570437532063,6.86237093467769,1
115,1,12.75,17,6.86237093467769,7.58689152951868,1
115,1,12.75,17,7.58689152951868,7.74429246882378,1
115,1,12.75,17,7.74429246882378,7.8221982162875,1
115,1,12.75,17,7.8221982162875,8.4413563468617,1
115,1,12.75,17,8.4413563468617,8.87739367685716,1
115,1,12.75,17,8.87739367685716,9.38264695014473,1
115,1,12.75,17,9.38264695014473,10.3187541499869,1
115,1,12.75,17,10.3187541499869,12.1660593214437,1
115,1,12.75,17,12.1660593214437,12.172571991428,1
115,1,12.75,17,12.172571991428,12.3519993990125,1
115,1,12.75,17,12.3519993990125,12.5137346625054,1
115,1,12.75,17,12.5137346625054,12.689547962136,1
115,1,12.75,17,12.689547962136,12.7171689610457,1
115,1,12.75,17,12.7171689610457,12.7277454046082,1
115,1,12.75,17,12.7277454046082,12.75,0
116,1,8.75,1,0,4.12653304605654,1
116,1,8.75,1,4.12653304605654,8.75,0
117,1,16.75,44,0,2.78207943291912,1
117,1,16.75,44,2.78207943291912,4.45513959724754,1
117,1,16.75,44,4.45513959724754,5.36255614760157,1
117,1,16.75,44,5.36255614760157,6.03083973740583,1
117,1,16.75,44,6.03083973740583,6.87928513000528,1
117,1,16.75,44,6.87928513000528,7.77729645927925,1
117,1,16.75,44,7.77729645927925,7.78231297814207,1
117,1,16.75,44,7.78231297814207,8.54193741406171,1
117,1,16.75,44,8.54193741406171,8.99939475142455,1
117,1,16.75,44,8.99939475142455,9.16595586842496,1
117,1,16.75,44,9.16595586842496,9.35721927876909,1
117,1,16.75,44,9.35721927876909,9.36176631450117,1
117,1,16.75,44,9.36176631450117,9.59302534347788,1
117,1,16.75,44,9.59302534347788,10.1822434533381,1
117,1,16.75,44,10.1822434533381,10.4565687343967,1
117,1,16.75,44,10.4565687343967,10.7339894233932,1
117,1,16.75,44,10.7339894233932,10.9782992326049,1
117,1,16.75,44,10.9782992326049,10.995322705186,1
117,1,16.75,44,10.995322705186,11.6689306929168,1
117,1,16.75,44,11.6689306929168,12.4314375133327,1
117,1,16.75,44,12.4314375133327,12.4925417089577,1
117,1,16.75,44,12.4925417089577,12.8738228653926,1
117,1,16.75,44,12.8738228653926,13.1573560566287,1
117,1,16.75,44,13.1573560566287,13.4716155912678,1
117,1,16.75,44,13.4716155912678,13.4887630746059,1
117,1,16.75,44,13.4887630746059,13.6767797893118,1
117,1,16.75,44,13.6767797893118,13.6865284866204,1
117,1,16.75,44,13.6865284866204,13.7040525389388,1
117,1,16.75,44,13.7040525389388,14.0836224777888,1
117,1,16.75,44,14.0836224777888,14.3797979310115,1
117,1,16.75,44,14.3797979310115,14.4242542867056,1
117,1,16.75,44,14.4242542867056,14.4410799234558,1
117,1,16.75,44,14.4410799234558,14.5014727004152,1
117,1,16.75,44,14.5014727004152,15.0557663684085,1
117,1,16.75,44,15.0557663684085,15.1632801357592,1
117,1,16.75,44,15.1632801357592,15.3109068145286,1
117,1,16.75,44,15.3109068145286,15.6387990484619,1
117,1,16.75,44,15.6387990484619,15.7037504060314,1
117,1,16.75,44,15.7037504060314,16.0063300349939,1
117,1,16.75,44,16.0063300349939,16.0227908290635,1
117,1,16.75,44,16.0227908290635,16.0701267916472,1
117,1,16.75,44,16.0701267916472,16.1018459312974,1
117,1,16.75,44,16.1018459312974,16.2512853948365,1
117,1,16.75,44,16.2512853948365,16.5813727654958,1
117,1,16.75,44,16.5813727654958,16.75,0
118,1,14.75,1,0,0.0108860078944625,1
118,1,14.75,1,0.0108860078944625,14.75,0
119,1,15.75,0,0,15.75,0
120,1,11.75,0,0,11.75,0
121,1,11.75,23,0,2.928986174807,1
121,1,11.75,23,2.928986174807,4.33992206887235,1
121,1,11.75,23,4.33992206887235,4.34613400238609,1
121,1,11.75,23,4.34613400238609,4.46099440070037,1
121,1,11.75,23,4.46099440070037,6.8150242866616,1
121,1,11.75,23,6.8150242866616,6.84980122861861,1
121,1,11.75,23,6.84980122861861,6.88414536282086,1
121,1,11.75,23,6.88414536282086,7.09408078183939,1
121,1,11.75,23,7.09408078183939,7.22094550103469,1
121,1,11.75,23,7.22094550103469,7.56641569798632,1
121,1,11.75,23,7.56641569798632,7.93038750786868,1
121,1,11.75,23,7.93038750786868,8.94144353483606,1
121,1,11.75,23,8.94144353483606,9.35735794974997,1
121,1,11.75,23,9.35735794974997,9.47778566617306,1
121,1,11.75,23,9.47778566617306,9.51962573009166,1
121,1,11.75,23,9.51962573009166,9.92463035084726,1
121,1,11.75,23,9.92463035084726,10.1152165800899,1
121,1,11.75,23,10.1152165800899,10.5877891463672,1
121,1,11.75,23,10.5877891463672,10.6749018030489,1
121,1,11.75,23,10.6749018030489,10.867257524076,1
121,1,11.75,23,10.867257524076,11.0271402194561,1
121,1,11.75,23,11.0271402194561,11.2551419385925,1
121,1,11.75,23,11.2551419385925,11.7049482764572,1
121,1,11.75,23,11.7049482764572,11.75,0
122,1,16.75,52,0,1.82384338123422,1
122,1,16.75,52,1.82384338123422,3.93494248899919,1
122,1,16.75,52,3.93494248899919,4.35205904527591,1
122,1,16.75,52,4.35205904527591,5.32509122055682,1
122,1,16.75,52,5.32509122055682,6.10296054386576,1
122,1,16.75,52,6.10296054386576,6.74931970752903,1
122,1,16.75,52,6.74931970752903,8.1340371935635,1
122,1,16.75,52,8.1340371935635,8.40332722667718,1
122,1,16.75,52,8.40332722667718,8.55347875093057,1
122,1,16.75,52,8.55347875093057,8.61598981130337,1
122,1,16.75,52,8.61598981130337,8.73140515255861,1
122,1,16.75,52,8.73140515255861,9.08293237279321,1
122,1,16.75,52,9.08293237279321,9.73657516382884,1
122,1,16.75,52,9.73657516382884,10.2337977138221,1
122,1,16.75,52,10.2337977138221,10.5205068902928,1
122,1,16.75,52,10.5205068902928,10.6188148159961,1
122,1,16.75,52,10.6188148159961,10.7852018941187,1
122,1,16.75,52,10.7852018941187,11.1563600125982,1
122,1,16.75,52,11.1563600125982,11.1709702591983,1
122,1,16.75,52,11.1709702591983,11.5530877933118,1
122,1,16.75,52,11.5530877933118,11.7575983291323,1
122,1,16.75,52,11.7575983291323,11.94250326441,1
122,1,16.75,52,11.94250326441,12.6274482347959,1
122,1,16.75,52,12.6274482347959,12.8215993342391,1
122,1,16.75,52,12.8215993342391,12.8761264233796,1
122,1,16.75,52,12.8761264233796,13.0780882727882,1
122,1,16.75,52,13.0780882727882,13.1233552752835,1
122,1,16.75,52,13.1233552752835,13.1911756614608,1
122,1,16.75,52,13.1911756614608,13.2653436873701,1
122,1,16.75,52,13.2653436873701,13.4113590878693,1
122,1,16.75,52,13.4113590878693,13.4231899914182,1
122,1,16.75,52,13.4231899914182,13.7102287313474,1
122,1,16.75,52,13.7102287313474,13.8312991288101,1
122,1,16.75,52,13.8312991288101,14.3189419249728,1
122,1,16.75,52,14.3189419249728,14.4559093209642,1
122,1,16.75,52,14.4559093209642,14.8061669097101,1
122,1,16.75,52,14.8061669097101,14.9525964011475,1
122,1,16.75,52,14.9525964011475,15.0417055960118,1
122,1,16.75,52,15.0417055960118,15.0545347428197,1
122,1,16.75,52,15.0545347428197,15.1400857246542,1
122,1,16.75,52,15.1400857246542,15.1723370738723,1
122,1,16.75,52,15.1723370738723,15.259329942524,1
122,1,16.75,52,15.259329942524,15.2772210302105,1
122,1,16.75,52,15.2772210302105,15.599766504777,1
122,1,16.75,52,15.599766504777,15.6638016845161,1
122,1,16.75,52,15.6638016845161,15.8453475669091,1
122,1,16.75,52,15.8453475669091,15.8975861007529,1
122,1,16.75,52,15.8975861007529,15.9699495341641,1
122,1,16.75,52,15.9699495341641,16.0882637140793,1
122,1,16.75,52,16.0882637140793,16.1219194170383,1
122,1,16.75,52,16.1219194170383,16.4507952201252,1
122,1,16.75,52,16.4507952201252,16.5006993242012,1
122,1,16.75,52,16.5006993242012,16.75,0
123,1,17.75,1,0,4.98778905044537,1
123,1,17.75,1,4.98778905044537,17.75,0
124,1,14.75,43,0,3.97622630971985,1
124,1,14.75,43,3.97622630971985,4.10797484014639,1
124,1,14.75,43,4.10797484014639,4.29751617805791,1
124,1,14.75,43,4.29751617805791,4.53782413427311,1
124,1,14.75,43,4.53782413427311,4.90372951101148,1
124,1,14.75,43,4.90372951101148,5.19612313378579,1
124,1,14.75,43,5.19612313378579,6.08617915969951,1
124,1,14.75,43,6.08617915969951,6.52593570887393,1
124,1,14.75,43,6.52593570887393,6.62700772676152,1
124,1,14.75,43,6.62700772676152,7.1164288644136,1
124,1,14.75,43,7.1164288644136,7.27445286616872,1
124,1,14.75,43,7.27445286616872,8.14807482401148,1
124,1,14.75,43,8.14807482401148,8.60032254777267,1
124,1,14.75,43,8.60032254777267,8.9792986997786,1
124,1,14.75,43,8.9792986997786,9.1339029178128,1
124,1,14.75,43,9.1339029178128,9.30516493578198,1
124,1,14.75,43,9.30516493578198,9.47876957624056,1
124,1,14.75,43,9.47876957624056,9.51884646533619,1
124,1,14.75,43,9.51884646533619,9.53795484893806,1
124,1,14.75,43,9.53795484893806,10.4759816048722,1
124,1,14.75,43,10.4759816048722,11.0520090108739,1
124,1,14.75,43,11.0520090108739,11.0550399102593,1
124,1,14.75,43,11.0550399102593,11.161173248099,1
124,1,14.75,43,11.161173248099,11.206261797315,1
124,1,14.75,43,11.206261797315,11.5472013809164,1
124,1,14.75,43,11.5472013809164,11.55048797509,1
124,1,14.75,43,11.55048797509,11.9790934357507,1
124,1,14.75,43,11.9790934357507,12.1547288915952,1
124,1,14.75,43,12.1547288915952,12.3807324326205,1
124,1,14.75,43,12.3807324326205,12.5982584238323,1
124,1,14.75,43,12.5982584238323,12.7040630587386,1
124,1,14.75,43,12.7040630587386,12.7928432288139,1
124,1,14.75,43,12.7928432288139,12.80887172273,1
124,1,14.75,43,12.80887172273,12.9600735168328,1
124,1,14.75,43,12.9600735168328,13.0534473474952,1
124,1,14.75,43,13.0534473474952,13.07946504105,1
124,1,14.75,43,13.07946504105,13.1342138730393,1
124,1,14.75,43,13.1342138730393,13.5178056176832,1
124,1,14.75,43,13.5178056176832,13.7201205062249,1
124,1,14.75,43,13.7201205062249,13.9280308099618,1
124,1,14.75,43,13.9280308099618,14.1268185612164,1
124,1,14.75,43,14.1268185612164,14.1417096628683,1
124,1,14.75,43,14.1417096628683,14.3855336388492,1
124,1,14.75,43,14.3855336388492,14.75,0
125,1,10.75,5,0,0.107604864964812,1
125,1,10.75,5,0.107604864964812,0.322756836899539,1
125,1,10.75,5,0.322756836899539,3.39263220434513,1
125,1,10.75,5,3.39263220434513,3.54497626456456,1
125,1,10.75,5,3.54497626456456,3.58363453061851,1
125,1,10.75,5,3.58363453061851,10.75,0
126,1,14.75,16,0,3.62611288026302,1
126,1,14.75,16,3.62611288026302,4.99145487505969,1
126,1,14.75,16,4.99145487505969,8.82041740003955,1
126,1,14.75,16,8.82041740003955,9.27067364657474,1
126,1,14.75,16,9.27067364657474,10.5031952405874,1
126,1,14.75,16,10.5031952405874,11.1156396029907,1
126,1,14.75,16,11.1156396029907,11.4449059875574,1
126,1,14.75,16,11.4449059875574,12.6948917832561,1
126,1,14.75,16,12.6948917832561,12.6968482127108,1
126,1,14.75,16,12.6968482127108,13.0394044395261,1
126,1,14.75,16,13.0394044395261,13.3719879584508,1
126,1,14.75,16,13.3719879584508,13.7981695517935,1
126,1,14.75,16,13.7981695517935,14.2337337868989,1
126,1,14.75,16,14.2337337868989,14.4510468505937,1
126,1,14.75,16,14.4510468505937,14.4822450433335,1
126,1,14.75,16,14.4822450433335,14.7185817777098,1
126,1,14.75,16,14.7185817777098,14.75,0
127,1,15.75,2,0,4.9402144614185,1
127,1,15.75,2,4.9402144614185,6.5098706098155,1
127,1,15.75,2,6.5098706098155,15.75,0
128,1,15.75,1,0,1.75180983722815,1
128,1,15.75,1,1.75180983722815,15.75,0
129,1,16.75,60,0,1.17287671107166,1
129,1,16.75,60,1.17287671107166,3.62230734001669,1
129,1,16.75,60,3.62230734001669,3.73010522460334,1
129,1,16.75,60,3.73010522460334,4.4618901034189,1
129,1,16.75,60,4.4618901034189,6.6977960988803,1
129,1,16.75,60,6.6977960988803,7.23802512125305,1
129,1,16.75,60,7.23802512125305,7.45935330369619,1
129,1,16.75,60,7.45935330369619,7.55264399561798,1
129,1,16.75,60,7.55264399561798,8.31421734768668,1
129,1,16.75,60,8.31421734768668,9.31645643040808,1
129,1,16.75,60,9.31645643040808,9.74323536115908,1
129,1,16.75,60,9.74323536115908,10.2910102290203,1
129,1,16.75,60,10.2910102290203,10.386439080333,1
129,1,16.75,60,10.386439080333,10.4535800541321,1
129,1,16.75,60,10.4535800541321,10.5020123385926,1
129,1,16.75,60,10.5020123385926,10.5753656470989,1
129,1,16.75,60,10.5753656470989,10.9487410615531,1
129,1,16.75,60,10.9487410615531,11.3433759716925,1
129,1,16.75,60,11.3433759716925,11.4494860907437,1
129,1,16.75,60,11.4494860907437,11.5018898821585,1
129,1,16.75,60,11.5018898821585,12.0328848727606,1
129,1,16.75,60,12.0328848727606,12.1102716849834,1
129,1,16.75,60,12.1102716849834,12.1370393614825,1
129,1,16.75,60,12.1370393614825,12.2821883496828,1
129,1,16.75,60,12.2821883496828,12.3162001664354,1
129,1,16.75,60,12.3162001664354,12.3993533797093,1
129,1,16.75,60,12.3993533797093,12.4432294159983,1
129,1,16.75,60,12.4432294159983,12.4512369845782,1
129,1,16.75,60,12.4512369845782,12.6528363578582,1
129,1,16.75,60,12.6528363578582,12.7890523248612,1
129,1,16.75,60,12.7890523248612,13.3071593092372,1
129,1,16.75,60,13.3071593092372,13.4898711194031,1
129,1,16.75,60,13.4898711194031,13.6262340687278,1
129,1,16.75,60,13.6262340687278,13.6512718395979,1
129,1,16.75,60,13.6512718395979,13.7605818880182,1
129,1,16.75,60,13.7605818880182,13.9857989846326,1
129,1,16.75,60,13.9857989846326,14.0639855936002,1
129,1,16.75,60,14.0639855936002,14.1739533913611,1
129,1,16.75,60,14.1739533913611,14.522087525414,1
129,1,16.75,60,14.522087525414,14.6340960364052,1
129,1,16.75,60,14.6340960364052,14.7578292165373,1
129,1,16.75,60,14.7578292165373,14.9507047794187,1
129,1,16.75,60,14.9507047794187,15.1212960498072,1
129,1,16.75,60,15.1212960498072,15.1822877800548,1
129,1,16.75,60,15.1822877800548,15.2277197151628,1
129,1,16.75,60,15.2277197151628,15.3640008626793,1
129,1,16.75,60,15.3640008626793,15.3891212909338,1
129,1,16.75,60,15.3891212909338,15.4655596816418,1
129,1,16.75,60,15.4655596816418,15.4716474624424,1
129,1,16.75,60,15.4716474624424,15.9034751452662,1
129,1,16.75,60,15.9034751452662,15.9152694081804,1
129,1,16.75,60,15.9152694081804,15.9780175731003,1
129,1,16.75,60,15.9780175731003,16.0805390856344,1
129,1,16.75,60,16.0805390856344,16.1406752835279,1
129,1,16.75,60,16.1406752835279,16.2445337040407,1
129,1,16.75,60,16.2445337040407,16.3003044274928,1
129,1,16.75,60,16.3003044274928,16.4694322609251,1
129,1,16.75,60,16.4694322609251,16.5568636078025,1
129,1,16.75,60,16.5568636078025,16.5932495619115,1
129,1,16.75,60,16.5932495619115,16.7099431756689,1
129,1,16.75,60,16.7099431756689,16.75,0
130,1,13.75,1,0,2.14452306257708,1
130,1,13.75,1,2.14452306257708,13.75,0
131,1,15.75,50,0,3.84006438845603,1
131,1,15.75,50,3.84006438845603,4.54394164471101,1
131,1,15.75,50,4.54394164471101,4.65671646492148,1
131,1,15.75,50,4.65671646492148,4.73063377869052,1
131,1,15.75,50,4.73063377869052,5.23445021832074,1
131,1,15.75,50,5.23445021832074,5.39203344453988,1
131,1,15.75,50,5.39203344453988,5.63255946360429,1
131,1,15.75,50,5.63255946360429,5.66736776206994,1
131,1,15.75,50,5.66736776206994,6.23243762679256,1
131,1,15.75,50,6.23243762679256,6.38566852247318,1
131,1,15.75,50,6.38566852247318,6.61831104422497,1
131,1,15.75,50,6.61831104422497,6.62977721816532,1
131,1,15.75,50,6.62977721816532,6.93753798785023,1
131,1,15.75,50,6.93753798785023,7.12613031691309,1
131,1,15.75,50,7.12613031691309,7.42723550141441,1
131,1,15.75,50,7.42723550141441,8.08960518619136,1
131,1,15.75,50,8.08960518619136,8.11613306561418,1
131,1,15.75,50,8.11613306561418,8.17452531372436,1
131,1,15.75,50,8.17452531372436,8.62522523921425,1
131,1,15.75,50,8.62522523921425,8.69732184820435,1
131,1,15.75,50,8.69732184820435,9.16007066675335,1
131,1,15.75,50,9.16007066675335,9.17601540001984,1
131,1,15.75,50,9.17601540001984,9.39542122487807,1
131,1,15.75,50,9.39542122487807,9.65670793955703,1
131,1,15.75,50,9.65670793955703,9.8071240033469,1
131,1,15.75,50,9.8071240033469,9.97059686529111,1
131,1,15.75,50,9.97059686529111,10.1750135572219,1
131,1,15.75,50,10.1750135572219,10.3583319859854,1
131,1,15.75,50,10.3583319859854,10.3888204657132,1
131,1,15.75,50,10.3888204657132,10.4138588601615,1
131,1,15.75,50,10.4138588601615,10.4530999702407,1
131,1,15.75,50,10.4530999702407,10.862416837128,1
131,1,15.75,50,10.862416837128,11.082216923953,1
131,1,15.75,50,11.082216923953,11.4682804340442,1
131,1,15.75,50,11.4682804340442,11.8453073485222,1
131,1,15.75,50,11.8453073485222,11.9667475640206,1
131,1,15.75,50,11.9667475640206,12.4829509909697,1
131,1,15.75,50,12.4829509909697,12.7747901183828,1
131,1,15.75,50,12.7747901183828,12.9594345062044,1
131,1,15.75,50,12.9594345062044,13.4046050203301,1
131,1,15.75,50,13.4046050203301,13.5817543501818,1
131,1,15.75,50,13.5817543501818,13.9237808910181,1
131,1,15.75,50,13.9237808910181,13.9424700399232,1
131,1,15.75,50,13.9424700399232,14.1261926190927,1
131,1,15.75,50,14.1261926190927,14.4650379120975,1
131,1,15.75,50,14.4650379120975,14.838113288014,1
131,1,15.75,50,14.838113288014,15.111622544427,1
131,1,15.75,50,15.111622544427,15.2310711285981,1
131,1,15.75,50,15.2310711285981,15.4392480965511,1
131,1,15.75,50,15.4392480965511,15.5739667771361,1
131,1,15.75,50,15.5739667771361,15.75,0
132,1,14.75,0,0,14.75,0
133,1,19.75,52,0,4.12736547841277,1
133,1,19.75,52,4.12736547841277,5.25272356568889,1
133,1,19.75,52,5.25272356568889,6.11931137654389,1
133,1,19.75,52,6.11931137654389,6.81163462224069,1
133,1,19.75,52,6.81163462224069,7.23305184231589,1
133,1,19.75,52,7.23305184231589,7.97786916074741,1
133,1,19.75,52,7.97786916074741,8.31959592154947,1
133,1,19.75,52,8.31959592154947,8.65556772048854,1
133,1,19.75,52,8.65556772048854,8.99402030527763,1
133,1,19.75,52,8.99402030527763,9.37353829226376,1
133,1,19.75,52,9.37353829226376,10.378822588287,1
133,1,19.75,52,10.378822588287,11.0955880721667,1
133,1,19.75,52,11.0955880721667,11.1129586904773,1
133,1,19.75,52,11.1129586904773,11.1566435597839,1
133,1,19.75,52,11.1566435597839,11.5473328517862,1
133,1,19.75,52,11.5473328517862,11.8781159509823,1
133,1,19.75,52,11.8781159509823,12.8341525684105,1
133,1,19.75,52,12.8341525684105,12.8826482741763,1
133,1,19.75,52,12.8826482741763,12.9156152171656,1
133,1,19.75,52,12.9156152171656,13.3088130429049,1
133,1,19.75,52,13.3088130429049,13.3458298544573,1
133,1,19.75,52,13.3458298544573,13.4612351105183,1
133,1,19.75,52,13.4612351105183,13.5029017461274,1
133,1,19.75,52,13.5029017461274,13.7105365749416,1
133,1,19.75,52,13.7105365749416,14.3845304217671,1
133,1,19.75,52,14.3845304217671,14.6648748247588,1
133,1,19.75,52,14.6648748247588,15.1930101734608,1
133,1,19.75,52,15.1930101734608,15.544738022391,1
133,1,19.75,52,15.544738022391,15.6216460297291,1
133,1,19.75,52,15.6216460297291,15.8435367612175,1
133,1,19.75,52,15.8435367612175,16.0788698670126,1
133,1,19.75,52,16.0788698670126,16.171133167063,1
133,1,19.75,52,16.171133167063,16.4687401698869,1
133,1,19.75,52,16.4687401698869,16.5526098731465,1
133,1,19.75,52,16.5526098731465,16.5657359940036,1
133,1,19.75,52,16.5657359940036,17.2870225000118,1
133,1,19.75,52,17.2870225000118,17.5343360755384,1
133,1,19.75,52,17.5343360755384,17.6246897655963,1
133,1,19.75,52,17.6246897655963,17.6374776006969,1
133,1,19.75,52,17.6374776006969,17.6402035757609,1
133,1,19.75,52,17.6402035757609,17.8954793967096,1
133,1,19.75,52,17.8954793967096,18.2614492837014,1
133,1,19.75,52,18.2614492837014,18.6701723101537,1
133,1,19.75,52,18.6701723101537,18.6781628881534,1
133,1,19.75,52,18.6781628881534,18.7686582994732,1
133,1,19.75,52,18.7686582994732,18.7925932502721,1
133,1,19.75,52,18.7925932502721,18.9056719244727,1
133,1,19.75,52,18.9056719244727,19.3077444974711,1
133,1,19.75,52,19.3077444974711,19.3390077572689,1
133,1,19.75,52,19.3390077572689,19.3534047995228,1
133,1,19.75,52,19.3534047995228,19.4817060593896,1
133,1,19.75,52,19.4817060593896,19.5104678041498,1
133,1,19.75,52,19.5104678041498,19.75,0
134,1,17.75,2,0,4.47600965627862,1
134,1,17.75,2,4.47600965627862,12.3242392095904,1
134,1,17.75,2,12.3242392095904,17.75,0
135,1,13.75,15,0,0.383829059835927,1
135,1,13.75,15,0.383829059835927,4.85594766543113,1
135,1,13.75,15,4.85594766543113,5.57865309755418,1
135,1,13.75,15,5.57865309755418,5.60407000779395,1
135,1,13.75,15,5.60407000779395,7.62754720513553,1
135,1,13.75,15,7.62754720513553,7.95766321753592,1
135,1,13.75,15,7.95766321753592,9.64625656262682,1
135,1,13.75,15,9.64625656262682,10.5457878183655,1
135,1,13.75,15,10.5457878183655,11.3811521301856,1
135,1,13.75,15,11.3811521301856,11.6648854943382,1
135,1,13.75,15,11.6648854943382,12.0450895259611,1
135,1,13.75,15,12.0450895259611,12.3316284041518,1
135,1,13.75,15,12.3316284041518,12.5067363466463,1
135,1,13.75,15,12.5067363466463,12.5620484527634,1
135,1,13.75,15,12.5620484527634,13.493075227443,1
135,1,13.75,15,13.493075227443,13.75,0
136,1,11.75,26,0,4.65433574037455,1
136,1,11.75,26,4.65433574037455,4.77955565359945,1
136,1,11.75,26,4.77955565359945,4.9739303028837,1
136,1,11.75,26,4.9739303028837,5.53347012364833,1
136,1,11.75,26,5.53347012364833,6.29948667214198,1
136,1,11.75,26,6.29948667214198,6.92923904284053,1
136,1,11.75,26,6.92923904284053,6.94979899479191,1
136,1,11.75,26,6.94979899479191,7.08736293683541,1
136,1,11.75,26,7.08736293683541,7.26693751557036,1
136,1,11.75,26,7.26693751557036,7.76018524196402,1
136,1,11.75,26,7.76018524196402,7.98063305802861,1
136,1,11.75,26,7.98063305802861,7.99581875958429,1
136,1,11.75,26,7.99581875958429,8.41320172228104,1
136,1,11.75,26,8.41320172228104,8.44346350662412,1
136,1,11.75,26,8.44346350662412,8.52023113445507,1
136,1,11.75,26,8.52023113445507,8.80847738414735,1
136,1,11.75,26,8.80847738414735,9.53674501419244,1
136,1,11.75,26,9.53674501419244,9.549249402216,1
136,1,11.75,26,9.549249402216,9.83562989157275,1
136,1,11.75,26,9.83562989157275,9.94659819771915,1
136,1,11.75,26,9.94659819771915,10.0197171334977,1
136,1,11.75,26,10.0197171334977,10.1173972838835,1
136,1,11.75,26,10.1173972838835,10.1595781193421,1
136,1,11.75,26,10.1595781193421,10.5226558006272,1
136,1,11.75,26,10.5226558006272,10.7959268040085,1
136,1,11.75,26,10.7959268040085,11.1681742745062,1
136,1,11.75,26,11.1681742745062,11.75,0
137,1,11.75,1,0,2.30641038943436,1
137,1,11.75,1,2.30641038943436,11.75,0
138,1,17.75,26,0,7.21492298030318,1
138,1,17.75,26,7.21492298030318,8.10200465288559,1
138,1,17.75,26,8.10200465288559,8.13612933691452,1
138,1,17.75,26,8.13612933691452,8.4486115096558,1
138,1,17.75,26,8.4486115096558,9.07347155605664,1
138,1,17.75,26,9.07347155605664,9.31403956749671,1
138,1,17.75,26,9.31403956749671,10.2915066576583,1
138,1,17.75,26,10.2915066576583,10.8954141135435,1
138,1,17.75,26,10.8954141135435,11.6628747655056,1
138,1,17.75,26,11.6628747655056,12.1671130142219,1
138,1,17.75,26,12.1671130142219,12.4237448145321,1
138,1,17.75,26,12.4237448145321,13.6263182156997,1
138,1,17.75,26,13.6263182156997,13.9882901595738,1
138,1,17.75,26,13.9882901595738,14.5313843865807,1
138,1,17.75,26,14.5313843865807,14.8522532024301,1
138,1,17.75,26,14.8522532024301,15.4289939391827,1
138,1,17.75,26,15.4289939391827,15.6843456177282,1
138,1,17.75,26,15.6843456177282,15.9199644999742,1
138,1,17.75,26,15.9199644999742,16.2229137562602,1
138,1,17.75,26,16.2229137562602,16.3603601973633,1
138,1,17.75,26,16.3603601973633,16.6593248731549,1
138,1,17.75,26,16.6593248731549,16.8218832742908,1
138,1,17.75,26,16.8218832742908,16.944789070918,1
138,1,17.75,26,16.944789070918,16.9466320006837,1
138,1,17.75,26,16.9466320006837,17.0744202095422,1
138,1,17.75,26,17.0744202095422,17.2661463695914,1
138,1,17.75,26,17.2661463695914,17.75,0
139,1,13.75,1,0,9.32949515615915,1
139,1,13.75,1,9.32949515615915,13.75,0
140,1,16.75,1,0,10.4196621661659,1
140,1,16.75,1,10.4196621661659,16.75,0
141,1,14.75,4,0,0.385029675155819,1
141,1,14.75,4,0.385029675155819,1.82814031178196,1
141,1,14.75,4,1.82814031178196,7.01419615757081,1
141,1,14.75,4,7.01419615757081,9.56541154505317,1
141,1,14.75,4,9.56541154505317,14.75,0
142,1,8.75,1,0,3.19252422405903,1
142,1,8.75,1,3.19252422405903,8.75,0
143,1,19.75,74,0,2.02735277581325,1
143,1,19.75,74,2.02735277581325,3.52816405509567,1
143,1,19.75,74,3.52816405509567,6.25207842458016,1
143,1,19.75,74,6.25207842458016,6.34979637378945,1
143,1,19.75,74,6.34979637378945,6.43234538282904,1
143,1,19.75,74,6.43234538282904,6.69016333462649,1
143,1,19.75,74,6.69016333462649,7.50108258211976,1
143,1,19.75,74,7.50108258211976,8.05029102233958,1
143,1,19.75,74,8.05029102233958,8.30256920812574,1
143,1,19.75,74,8.30256920812574,8.58646648745072,1
143,1,19.75,74,8.58646648745072,8.91523210145949,1
143,1,19.75,74,8.91523210145949,9.22775670489557,1
143,1,19.75,74,9.22775670489557,9.27072521246681,1
143,1,19.75,74,9.27072521246681,10.1452989370983,1
143,1,19.75,74,10.1452989370983,10.6272321218347,1
143,1,19.75,74,10.6272321218347,10.7416253241362,1
143,1,19.75,74,10.7416253241362,10.9363043676135,1
143,1,19.75,74,10.9363043676135,11.012066678742,1
143,1,19.75,74,11.012066678742,11.3898296578507,1
143,1,19.75,74,11.3898296578507,11.8201964505678,1
143,1,19.75,74,11.8201964505678,12.0388623264805,1
143,1,19.75,74,12.0388623264805,12.1897614102162,1
143,1,19.75,74,12.1897614102162,12.6334454760747,1
143,1,19.75,74,12.6334454760747,12.6365561198523,1
143,1,19.75,74,12.6365561198523,12.9516546724214,1
143,1,19.75,74,12.9516546724214,13.030493517846,1
143,1,19.75,74,13.030493517846,13.1989113584503,1
143,1,19.75,74,13.1989113584503,13.3382666537577,1
143,1,19.75,74,13.3382666537577,13.7004227094055,1
143,1,19.75,74,13.7004227094055,13.7018905695875,1
143,1,19.75,74,13.7018905695875,14.1705920557008,1
143,1,19.75,74,14.1705920557008,14.3091347591132,1
143,1,19.75,74,14.3091347591132,14.4417364746648,1
143,1,19.75,74,14.4417364746648,14.6340091975683,1
143,1,19.75,74,14.6340091975683,14.9196674970067,1
143,1,19.75,74,14.9196674970067,15.4074185720357,1
143,1,19.75,74,15.4074185720357,15.4995733298842,1
143,1,19.75,74,15.4995733298842,15.8063963642689,1
143,1,19.75,74,15.8063963642689,15.9445864607028,1
143,1,19.75,74,15.9445864607028,16.1019193315173,1
143,1,19.75,74,16.1019193315173,16.1755777702808,1
143,1,19.75,74,16.1755777702808,16.2091662664485,1
143,1,19.75,74,16.2091662664485,16.2322923358949,1
143,1,19.75,74,16.2322923358949,16.3378548630312,1
143,1,19.75,74,16.3378548630312,16.4445049568202,1
143,1,19.75,74,16.4445049568202,16.483935526977,1
143,1,19.75,74,16.483935526977,16.5310508596307,1
143,1,19.75,74,16.5310508596307,16.8438459548416,1
143,1,19.75,74,16.8438459548416,16.9081865954635,1
143,1,19.75,74,16.9081865954635,17.1615195644169,1
143,1,19.75,74,17.1615195644169,17.239236489754,1
143,1,19.75,74,17.239236489754,17.2879215334728,1
143,1,19.75,74,17.2879215334728,17.2930626085544,1
143,1,19.75,74,17.2930626085544,17.442525778395,1
143,1,19.75,74,17.442525778395,17.5571945351537,1
143,1,19.75,74,17.5571945351537,17.5974703853227,1
143,1,19.75,74,17.5974703853227,17.605885323569,1
143,1,19.75,74,17.605885323569,17.6837758168127,1
143,1,19.75,74,17.6837758168127,17.7302753583607,1
143,1,19.75,74,17.7302753583607,18.3131694751919,1
143,1,19.75,74,18.3131694751919,18.5429319589915,1
143,1,19.75,74,18.5429319589915,18.6850116759436,1
143,1,19.75,74,18.6850116759436,18.687539722905,1
143,1,19.75,74,18.687539722905,18.77381601594,1
143,1,19.75,74,18.77381601594,18.8620850974511,1
143,1,19.75,74,18.8620850974511,18.9454426806149,1
143,1,19.75,74,18.9454426806149,19.1462141084645,1
143,1,19.75,74,19.1462141084645,19.1892478204478,1
143,1,19.75,74,19.1892478204478,19.2891051798068,1
143,1,19.75,74,19.2891051798068,19.3144398399649,1
143,1,19.75,74,19.3144398399649,19.5228884776417,1
143,1,19.75,74,19.5228884776417,19.543848361733,1
143,1,19.75,74,19.543848361733,19.5803662245843,1
143,1,19.75,74,19.5803662245843,19.684968819494,1
143,1,19.75,74,19.684968819494,19.75,0
144,1,12.75,0,0,12.75,0
145,1,11.75,2,0,0.10472890244393,1
145,1,11.75,2,0.10472890244393,6.92722235255322,1
145,1,11.75,2,6.92722235255322,11.75,0
146,1,17.75,1,0,3.54417743070666,1
146,1,17.75,1,3.54417743070666,17.75,0
147,1,19.75,2,0,5.60175471756884,1
147,1,19.75,2,5.60175471756884,15.0287839201874,1
147,1,19.75,2,15.0287839201874,19.75,0
148,1,19.75,2,0,1.22692219820219,1
148,1,19.75,2,1.22692219820219,6.03463835482597,1
148,1,19.75,2,6.03463835482597,19.75,0
149,1,18.75,68,0,2.94605506738894,1
149,1,18.75,68,2.94605506738894,4.25774292689704,1
149,1,18.75,68,4.25774292689704,4.61659495185552,1
149,1,18.75,68,4.61659495185552,5.31696579056378,1
149,1,18.75,68,5.31696579056378,5.58381221898157,1
149,1,18.75,68,5.58381221898157,7.0736004123549,1
149,1,18.75,68,7.0736004123549,8.31339660562676,1
149,1,18.75,68,8.31339660562676,8.53433195640385,1
149,1,18.75,68,8.53433195640385,8.62565048569343,1
149,1,18.75,68,8.62565048569343,8.66451010494044,1
149,1,18.75,68,8.66451010494044,8.90751654825304,1
149,1,18.75,68,8.90751654825304,9.29415213434531,1
149,1,18.75,68,9.29415213434531,9.38983185586936,1
149,1,18.75,68,9.38983185586936,9.52450213960405,1
149,1,18.75,68,9.52450213960405,9.61916047101542,1
149,1,18.75,68,9.61916047101542,9.96178002699137,1
149,1,18.75,68,9.96178002699137,9.99887684526867,1
149,1,18.75,68,9.99887684526867,10.4634609606388,1
149,1,18.75,68,10.4634609606388,10.535791358486,1
149,1,18.75,68,10.535791358486,10.5573636529253,1
149,1,18.75,68,10.5573636529253,10.6076561357167,1
149,1,18.75,68,10.6076561357167,10.6667890632883,1
149,1,18.75,68,10.6667890632883,11.1635629502199,1
149,1,18.75,68,11.1635629502199,11.1987156583906,1
149,1,18.75,68,11.1987156583906,11.4619843919318,1
149,1,18.75,68,11.4619843919318,11.4983959858262,1
149,1,18.75,68,11.4983959858262,11.6306182788283,1
149,1,18.75,68,11.6306182788283,11.9348332891929,1
149,1,18.75,68,11.9348332891929,12.0171207285604,1
149,1,18.75,68,12.0171207285604,12.2716732908391,1
149,1,18.75,68,12.2716732908391,13.0213097455376,1
149,1,18.75,68,13.0213097455376,13.1670698073235,1
149,1,18.75,68,13.1670698073235,13.3294349651434,1
149,1,18.75,68,13.3294349651434,13.5351318197591,1
149,1,18.75,68,13.5351318197591,13.6107325195474,1
149,1,18.75,68,13.6107325195474,13.8302481734307,1
149,1,18.75,68,13.8302481734307,14.2492135285022,1
149,1,18.75,68,14.2492135285022,14.3228986756121,1
149,1,18.75,68,14.3228986756121,14.5907790626577,1
149,1,18.75,68,14.5907790626577,14.607027942573,1
149,1,18.75,68,14.607027942573,14.8114770568176,1
149,1,18.75,68,14.8114770568176,14.8269217900296,1
149,1,18.75,68,14.8269217900296,14.8785271808907,1
149,1,18.75,68,14.8785271808907,15.1054301572678,1
149,1,18.75,68,15.1054301572678,15.2560039228538,1
149,1,18.75,68,15.2560039228538,15.2777436544303,1
149,1,18.75,68,15.2777436544303,15.4771751901088,1
149,1,18.75,68,15.4771751901088,15.6210332461195,1
149,1,18.75,68,15.6210332461195,15.68980437629,1
149,1,18.75,68,15.68980437629,15.6912641902275,1
149,1,18.75,68,15.6912641902275,15.8815638458862,1
149,1,18.75,68,15.8815638458862,15.8876460155817,1
149,1,18.75,68,15.8876460155817,15.9013502137116,1
149,1,18.75,68,15.9013502137116,15.9047792809572,1
149,1,18.75,68,15.9047792809572,15.9113043329699,1
149,1,18.75,68,15.9113043329699,16.0832070870272,1
149,1,18.75,68,16.0832070870272,16.2613294614058,1
149,1,18.75,68,16.2613294614058,16.2883105955688,1
149,1,18.75,68,16.2883105955688,16.4326253975197,1
149,1,18.75,68,16.4326253975197,16.5211425585571,1
149,1,18.75,68,16.5211425585571,16.5973206250066,1
149,1,18.75,68,16.5973206250066,16.9525636263724,1
149,1,18.75,68,16.9525636263724,17.3538098394167,1
149,1,18.75,68,17.3538098394167,18.1389732106841,1
149,1,18.75,68,18.1389732106841,18.1922408655218,1
149,1,18.75,68,18.1922408655218,18.2721141418188,1
149,1,18.75,68,18.2721141418188,18.3335279257886,1
149,1,18.75,68,18.3335279257886,18.6229601510405,1
149,1,18.75,68,18.6229601510405,18.75,0
150,1,18.75,3,0,0.316647051039401,1
150,1,18.75,3,0.316647051039401,5.34712021543278,1
150,1,18.75,3,5.34712021543278,10.960984362017,1
150,1,18.75,3,10.960984362017,18.75,0
151,1,12.75,9,0,3.16701316449968,1
151,1,12.75,9,3.16701316449968,5.67913043355918,1
151,1,12.75,9,5.67913043355918,6.84749851879477,1
151,1,12.75,9,6.84749851879477,8.54654729541953,1
151,1,12.75,9,8.54654729541953,8.66393344781423,1
151,1,12.75,9,8.66393344781423,10.1747486645122,1
151,1,12.75,9,10.1747486645122,10.65262816924,1
151,1,12.75,9,10.65262816924,11.7134122863658,1
151,1,12.75,9,11.7134122863658,11.9967190539253,1
151,1,12.75,9,11.9967190539253,12.75,0
152,1,16.75,57,0,1.49615124182682,1
152,1,16.75,57,1.49615124182682,5.56751202007974,1
152,1,16.75,57,5.56751202007974,5.71168779060623,1
152,1,16.75,57,5.71168779060623,6.49877682247214,1
152,1,16.75,57,6.49877682247214,6.86044402835464,1
152,1,16.75,57,6.86044402835464,7.14326677477581,1
152,1,16.75,57,7.14326677477581,7.48148465238185,1
152,1,16.75,57,7.48148465238185,7.49759931496967,1
152,1,16.75,57,7.49759931496967,7.81312079338611,1
152,1,16.75,57,7.81312079338611,7.8745917770266,1
152,1,16.75,57,7.8745917770266,8.31840656313849,1
152,1,16.75,57,8.31840656313849,8.93739522123695,1
152,1,16.75,57,8.93739522123695,9.17085868014442,1
152,1,16.75,57,9.17085868014442,9.47223996589368,1
152,1,16.75,57,9.47223996589368,9.92818036011626,1
152,1,16.75,57,9.92818036011626,10.0294787886439,1
152,1,16.75,57,10.0294787886439,10.8922518523577,1
152,1,16.75,57,10.8922518523577,11.1317157243416,1
152,1,16.75,57,11.1317157243416,11.2680342631386,1
152,1,16.75,57,11.2680342631386,11.5868436441313,1
152,1,16.75,57,11.5868436441313,11.8038591455133,1
152,1,16.75,57,11.8038591455133,12.1773313943771,1
152,1,16.75,57,12.1773313943771,12.6193298471757,1
152,1,16.75,57,12.6193298471757,12.7299861160667,1
152,1,16.75,57,12.7299861160667,12.8505672612266,1
152,1,16.75,57,12.8505672612266,12.9967663244251,1
152,1,16.75,57,12.9967663244251,13.0849894505618,1
152,1,16.75,57,13.0849894505618,13.1191813020928,1
152,1,16.75,57,13.1191813020928,13.1306480416796,1
152,1,16.75,57,13.1306480416796,13.1607893958368,1
152,1,16.75,57,13.1607893958368,13.2413165834217,1
152,1,16.75,57,13.2413165834217,13.2937523302379,1
152,1,16.75,57,13.2937523302379,13.4451516047711,1
152,1,16.75,57,13.4451516047711,13.746110662188,1
152,1,16.75,57,13.746110662188,13.8125382821152,1
152,1,16.75,57,13.8125382821152,14.2076243425455,1
152,1,16.75,57,14.2076243425455,14.2312462361703,1
152,1,16.75,57,14.2312462361703,14.2458678757523,1
152,1,16.75,57,14.2458678757523,14.2808920957587,1
152,1,16.75,57,14.2808920957587,14.4253988720605,1
152,1,16.75,57,14.4253988720605,14.4640882962253,1
152,1,16.75,57,14.4640882962253,14.4874640902035,1
152,1,16.75,57,14.4874640902035,14.4985088874439,1
152,1,16.75,57,14.4985088874439,14.5252996496779,1
152,1,16.75,57,14.5252996496779,14.5790732460783,1
152,1,16.75,57,14.5790732460783,14.7503798379959,1
152,1,16.75,57,14.7503798379959,15.2788395644804,1
152,1,16.75,57,15.2788395644804,15.2922596588876,1
152,1,16.75,57,15.2922596588876,15.5375316503822,1
152,1,16.75,57,15.5375316503822,15.6143493440102,1
152,1,16.75,57,15.6143493440102,15.7310173644552,1
152,1,16.75,57,15.7310173644552,16.0754030039283,1
152,1,16.75,57,16.0754030039283,16.0756275089806,1
152,1,16.75,57,16.0756275089806,16.090779326487,1
152,1,16.75,57,16.090779326487,16.2294745678931,1
152,1,16.75,57,16.2294745678931,16.2840891941802,1
152,1,16.75,57,16.2840891941802,16.4534615893112,1
152,1,16.75,57,16.4534615893112,16.75,0
153,1,18.75,3,0,1.86070453555526,1
153,1,18.75,3,1.86070453555526,4.33044623989514,1
153,1,18.75,3,4.33044623989514,5.19372018468628,1
153,1,18.75,3,5.19372018468628,18.75,0
154,1,8.75,13,0,2.92915010512993,1
154,1,8.75,13,2.92915010512993,3.45286002890216,1
154,1,8.75,13,3.45286002890216,4.12147116034612,1
154,1,8.75,13,4.12147116034612,5.27286768586804,1
154,1,8.75,13,5.27286768586804,5.83333774181263,1
154,1,8.75,13,5.83333774181263,6.432838756277,1
154,1,8.75,13,6.432838756277,7.2157416010477,1
154,1,8.75,13,7.2157416010477,7.273313761604,1
154,1,8.75,13,7.273313761604,7.39559207430482,1
154,1,8.75,13,7.39559207430482,7.45858323841625,1
154,1,8.75,13,7.45858323841625,7.51237773446612,1
154,1,8.75,13,7.51237773446612,7.52952385166811,1
154,1,8.75,13,7.52952385166811,8.49126824392128,1
154,1,8.75,13,8.49126824392128,8.75,0
155,1,14.75,4,0,0.0777914755190068,1
155,1,14.75,4,0.0777914755190068,0.125889844259821,1
155,1,14.75,4,0.125889844259821,0.640671861590176,1
155,1,14.75,4,0.640671861590176,1.2871829261344,1
155,1,14.75,4,1.2871829261344,14.75,0
156,1,8.75,1,0,7.20585569221045,1
156,1,8.75,1,7.20585569221045,8.75,0
157,1,8.75,2,0,6.24323804029569,1
157,1,8.75,2,6.24323804029569,6.41640326978417,1
157,1,8.75,2,6.41640326978417,8.75,0
158,1,16.75,26,0,3.8121533608233,1
158,1,16.75,26,3.8121533608233,5.5987805764173,1
158,1,16.75,26,5.5987805764173,8.2790586550747,1
158,1,16.75,26,8.2790586550747,9.41375153112196,1
158,1,16.75,26,9.41375153112196,9.81388447634698,1
158,1,16.75,26,9.81388447634698,10.466127107835,1
158,1,16.75,26,10.466127107835,10.7725424789708,1
158,1,16.75,26,10.7725424789708,10.8132400350401,1
158,1,16.75,26,10.8132400350401,11.5546629408043,1
158,1,16.75,26,11.5546629408043,11.7298190734669,1
158,1,16.75,26,11.7298190734669,11.9969026354342,1
158,1,16.75,26,11.9969026354342,12.034414429657,1
158,1,16.75,26,12.034414429657,12.2949639702523,1
158,1,16.75,26,12.2949639702523,12.6828577813624,1
158,1,16.75,26,12.6828577813624,12.9216318999299,1
158,1,16.75,26,12.9216318999299,12.9570406721082,1
158,1,16.75,26,12.9570406721082,14.3408097871726,1
158,1,16.75,26,14.3408097871726,15.2944526526946,1
158,1,16.75,26,15.2944526526946,15.6277478245019,1
158,1,16.75,26,15.6277478245019,15.7888793957846,1
158,1,16.75,26,15.7888793957846,15.841972940344,1
158,1,16.75,26,15.841972940344,16.0251680494191,1
158,1,16.75,26,16.0251680494191,16.0544229097607,1
158,1,16.75,26,16.0544229097607,16.1274293200393,1
158,1,16.75,26,16.1274293200393,16.4259041684879,1
158,1,16.75,26,16.4259041684879,16.7453736384618,1
158,1,16.75,26,16.7453736384618,16.75,0
159,1,15.75,28,0,1.73861362977586,1
159,1,15.75,28,1.73861362977586,4.546280916264,1
159,1,15.75,28,4.546280916264,6.2755902049633,1
159,1,15.75,28,6.2755902049633,6.92998544187384,1
159,1,15.75,28,6.92998544187384,7.04513235960614,1
159,1,15.75,28,7.04513235960614,7.16464716274942,1
159,1,15.75,28,7.16464716274942,7.36011364023876,1
159,1,15.75,28,7.36011364023876,9.53422232584385,1
159,1,15.75,28,9.53422232584385,9.91311589936407,1
159,1,15.75,28,9.91311589936407,9.97271602267579,1
159,1,15.75,28,9.97271602267579,11.291019438707,1
159,1,15.75,28,11.291019438707,11.6656866967356,1
159,1,15.75,28,11.6656866967356,11.7120342803965,1
159,1,15.75,28,11.7120342803965,11.8513737351817,1
159,1,15.75,28,11.8513737351817,12.0496878291354,1
159,1,15.75,28,12.0496878291354,12.3433439137636,1
159,1,15.75,28,12.3433439137636,12.3813433237472,1
159,1,15.75,28,12.3813433237472,13.5520379682531,1
159,1,15.75,28,13.5520379682531,13.6356642323211,1
159,1,15.75,28,13.6356642323211,13.9648153634903,1
159,1,15.75,28,13.9648153634903,14.5425116822347,1
159,1,15.75,28,14.5425116822347,14.6775587619384,1
159,1,15.75,28,14.6775587619384,14.7039964279225,1
159,1,15.75,28,14.7039964279225,14.7043235410217,1
159,1,15.75,28,14.7043235410217,14.95502894852,1
159,1,15.75,28,14.95502894852,15.0871832499208,1
159,1,15.75,28,15.0871832499208,15.3864276212108,1
159,1,15.75,28,15.3864276212108,15.5224690826049,1
159,1,15.75,28,15.5224690826049,15.75,0
160,1,12.75,11,0,7.00952267952417,1
160,1,12.75,11,7.00952267952417,7.65415402511363,1
160,1,12.75,11,7.65415402511363,8.56689187128879,1
160,1,12.75,11,8.56689187128879,8.75038659732646,1
160,1,12.75,11,8.75038659732646,8.82149049719789,1
160,1,12.75,11,8.82149049719789,9.86290161794504,1
160,1,12.75,11,9.86290161794504,10.6669092426325,1
160,1,12.75,11,10.6669092426325,10.8298712123458,1
160,1,12.75,11,10.8298712123458,11.6628273731139,1
160,1,12.75,11,11.6628273731139,12.0221986646633,1
160,1,12.75,11,12.0221986646633,12.1675167110415,1
160,1,12.75,11,12.1675167110415,12.75,0
161,1,11.75,27,0,1.95288285911925,1
161,1,11.75,27,1.95288285911925,2.35136212382725,1
161,1,11.75,27,2.35136212382725,2.59787380102335,1
161,1,11.75,27,2.59787380102335,2.82090641467441,1
161,1,11.75,27,2.82090641467441,3.41754212769573,1
161,1,11.75,27,3.41754212769573,5.98302632399867,1
161,1,11.75,27,5.98302632399867,6.65621567388674,1
161,1,11.75,27,6.65621567388674,7.05862965490722,1
161,1,11.75,27,7.05862965490722,7.44673639642203,1
161,1,11.75,27,7.44673639642203,7.82898670135527,1
161,1,11.75,27,7.82898670135527,7.97204533566957,1
161,1,11.75,27,7.97204533566957,8.15883478064325,1
161,1,11.75,27,8.15883478064325,9.1662557449357,1
161,1,11.75,27,9.1662557449357,9.34031054931096,1
161,1,11.75,27,9.34031054931096,9.46878408355918,1
161,1,11.75,27,9.46878408355918,9.58167315252658,1
161,1,11.75,27,9.58167315252658,9.72828561875237,1
161,1,11.75,27,9.72828561875237,10.0007911761425,1
161,1,11.75,27,10.0007911761425,10.0888055962669,1
161,1,11.75,27,10.0888055962669,10.1440955183506,1
161,1,11.75,27,10.1440955183506,10.4802396601357,1
161,1,11.75,27,10.4802396601357,10.5613165825841,1
161,1,11.75,27,10.5613165825841,10.8909998559963,1
161,1,11.75,27,10.8909998559963,11.1113166912091,1
161,1,11.75,27,11.1113166912091,11.1757364315999,1
161,1,11.75,27,11.1757364315999,11.4123669032168,1
161,1,11.75,27,11.4123669032168,11.5783824371346,1
161,1,11.75,27,11.5783824371346,11.75,0
162,1,18.75,3,0,6.80936355627294,1
162,1,18.75,3,6.80936355627294,7.84821259741043,1
162,1,18.75,3,7.84821259741043,11.2687971968668,1
162,1,18.75,3,11.2687971968668,18.75,0
163,1,18.75,2,0,0.521321068077238,1
163,1,18.75,2,0.521321068077238,4.14853294827348,1
163,1,18.75,2,4.14853294827348,18.75,0
164,1,10.75,1,0,6.88240826588848,1
164,1,10.75,1,6.88240826588848,10.75,0
165,1,14.75,24,0,1.70264195364928,1
165,1,14.75,24,1.70264195364928,3.97623948090868,1
165,1,14.75,24,3.97623948090868,5.11522510394543,1
165,1,14.75,24,5.11522510394543,7.38450038222133,1
165,1,14.75,24,7.38450038222133,7.80928530861483,1
165,1,14.75,24,7.80928530861483,7.84205198493208,1
165,1,14.75,24,7.84205198493208,8.08737155302519,1
165,1,14.75,24,8.08737155302519,9.22514010432995,1
165,1,14.75,24,9.22514010432995,9.24186107054455,1
165,1,14.75,24,9.24186107054455,10.3754956849774,1
165,1,14.75,24,10.3754956849774,11.041277461762,1
165,1,14.75,24,11.041277461762,11.2566117217135,1
165,1,14.75,24,11.2566117217135,11.6941324707473,1
165,1,14.75,24,11.6941324707473,11.8269512835535,1
165,1,14.75,24,11.8269512835535,12.0240010814885,1
165,1,14.75,24,12.0240010814885,12.6558511035951,1
165,1,14.75,24,12.6558511035951,12.8275616603988,1
165,1,14.75,24,12.8275616603988,12.8548451985422,1
165,1,14.75,24,12.8548451985422,12.9968005559869,1
165,1,14.75,24,12.9968005559869,13.2514485158897,1
165,1,14.75,24,13.2514485158897,13.8755976330142,1
165,1,14.75,24,13.8755976330142,14.4828672260623,1
165,1,14.75,24,14.4828672260623,14.6187390385768,1
165,1,14.75,24,14.6187390385768,14.7031560556177,1
165,1,14.75,24,14.7031560556177,14.75,0
166,1,17.75,3,0,3.38131524030911,1
166,1,17.75,3,3.38131524030911,11.8498800969555,1
166,1,17.75,3,11.8498800969555,15.6525561037772,1
166,1,17.75,3,15.6525561037772,17.75,0
167,1,11.75,0,0,11.75,0
168,1,10.75,0,0,10.75,0
169,1,17.75,53,0,1.68604581317433,1
169,1,17.75,53,1.68604581317433,2.84172504505783,1
169,1,17.75,53,2.84172504505783,4.65466030112166,1
169,1,17.75,53,4.65466030112166,5.17452748772699,1
169,1,17.75,53,5.17452748772699,5.30520241662849,1
169,1,17.75,53,5.30520241662849,5.55949627546757,1
169,1,17.75,53,5.55949627546757,7.5826696001572,1
169,1,17.75,53,7.5826696001572,7.99314068941708,1
169,1,17.75,53,7.99314068941708,8.84603892929685,1
169,1,17.75,53,8.84603892929685,9.02200274623715,1
169,1,17.75,53,9.02200274623715,9.13649908902947,1
169,1,17.75,53,9.13649908902947,9.74616262898323,1
169,1,17.75,53,9.74616262898323,9.9871008116691,1
169,1,17.75,53,9.9871008116691,10.0582416236362,1
169,1,17.75,53,10.0582416236362,10.2204890516665,1
169,1,17.75,53,10.2204890516665,10.3656548765111,1
169,1,17.75,53,10.3656548765111,10.8583579990966,1
169,1,17.75,53,10.8583579990966,10.9896823605951,1
169,1,17.75,53,10.9896823605951,11.0057320285092,1
169,1,17.75,53,11.0057320285092,11.0310444125282,1
169,1,17.75,53,11.0310444125282,11.8101087943831,1
169,1,17.75,53,11.8101087943831,12.1564323740769,1
169,1,17.75,53,12.1564323740769,12.3648700616477,1
169,1,17.75,53,12.3648700616477,12.391166473857,1
169,1,17.75,53,12.391166473857,12.4694216586101,1
169,1,17.75,53,12.4694216586101,12.593467880081,1
169,1,17.75,53,12.593467880081,13.0032988328755,1
169,1,17.75,53,13.0032988328755,13.0776966298613,1
169,1,17.75,53,13.0776966298613,13.1562418657629,1
169,1,17.75,53,13.1562418657629,13.1930756576846,1
169,1,17.75,53,13.1930756576846,13.1989615919551,1
169,1,17.75,53,13.1989615919551,13.2390391291255,1
169,1,17.75,53,13.2390391291255,13.4537160523118,1
169,1,17.75,53,13.4537160523118,13.5190127611834,1
169,1,17.75,53,13.5190127611834,13.7449019234663,1
169,1,17.75,53,13.7449019234663,13.8756944489998,1
169,1,17.75,53,13.8756944489998,13.8813874797503,1
169,1,17.75,53,13.8813874797503,14.8713109596313,1
169,1,17.75,53,14.8713109596313,14.9457050058534,1
169,1,17.75,53,14.9457050058534,15.0791595251718,1
169,1,17.75,53,15.0791595251718,15.1741091237072,1
169,1,17.75,53,15.1741091237072,15.4690268404186,1
169,1,17.75,53,15.4690268404186,15.6151116281995,1
169,1,17.75,53,15.6151116281995,15.7248021054363,1
169,1,17.75,53,15.7248021054363,15.7841805540681,1
169,1,17.75,53,15.7841805540681,15.7856701892545,1
169,1,17.75,53,15.7856701892545,15.879493774493,1
169,1,17.75,53,15.879493774493,16.7016797804115,1
169,1,17.75,53,16.7016797804115,16.7847394101954,1
169,1,17.75,53,16.7847394101954,16.8245299890415,1
169,1,17.75,53,16.8245299890415,16.855950039616,1
169,1,17.75,53,16.855950039616,17.0741366623072,1
169,1,17.75,53,17.0741366623072,17.6958136708183,1
169,1,17.75,53,17.6958136708183,17.75,0
170,1,15.75,4,0,0.326198718464805,1
170,1,15.75,4,0.326198718464805,1.31569908504763,1
170,1,15.75,4,1.31569908504763,1.72495309069009,1
170,1,15.75,4,1.72495309069009,2.23498900494843,1
170,1,15.75,4,2.23498900494843,15.75,0
171,1,17.75,3,0,0.628393446062367,1
171,1,17.75,3,0.628393446062367,4.64261873677013,1
171,1,17.75,3,4.64261873677013,8.95959237516434,1
171,1,17.75,3,8.95959237516434,17.75,0
172,1,18.75,1,0,0.012015100512051,1
172,1,18.75,1,0.012015100512051,18.75,0
173,1,17.75,36,0,4.07525169976492,1
173,1,17.75,36,4.07525169976492,8.15208310711401,1
173,1,17.75,36,8.15208310711401,9.05048529221777,1
173,1,17.75,36,9.05048529221777,10.4105824546713,1
173,1,17.75,36,10.4105824546713,11.5445337029068,1
173,1,17.75,36,11.5445337029068,11.7624165485626,1
173,1,17.75,36,11.7624165485626,11.8549662929439,1
173,1,17.75,36,11.8549662929439,12.0022321247047,1
173,1,17.75,36,12.0022321247047,12.4358859145875,1
173,1,17.75,36,12.4358859145875,12.6580002250167,1
173,1,17.75,36,12.6580002250167,12.7037700520962,1
173,1,17.75,36,12.7037700520962,12.983485357605,1
173,1,17.75,36,12.983485357605,13.1030107512635,1
173,1,17.75,36,13.1030107512635,13.3033415583004,1
173,1,17.75,36,13.3033415583004,13.3166716041497,1
173,1,17.75,36,13.3166716041497,13.3672940938411,1
173,1,17.75,36,13.3672940938411,13.4130766157965,1
173,1,17.75,36,13.4130766157965,13.5584032914618,1
173,1,17.75,36,13.5584032914618,13.8934930955609,1
173,1,17.75,36,13.8934930955609,14.0474361284059,1
173,1,17.75,36,14.0474361284059,14.1788513640917,1
173,1,17.75,36,14.1788513640917,14.328175923081,1
173,1,17.75,36,14.328175923081,14.6285583119491,1
173,1,17.75,36,14.6285583119491,14.7819038812909,1
173,1,17.75,36,14.7819038812909,14.8877318823763,1
173,1,17.75,36,14.8877318823763,15.0373969994291,1
173,1,17.75,36,15.0373969994291,15.2490534755679,1
173,1,17.75,36,15.2490534755679,15.2829893670564,1
173,1,17.75,36,15.2829893670564,16.6834470353761,1
173,1,17.75,36,16.6834470353761,16.7163610253575,1
173,1,17.75,36,16.7163610253575,16.7460828636188,1
173,1,17.75,36,16.7460828636188,16.8447685205866,1
173,1,17.75,36,16.8447685205866,17.3553872748101,1
173,1,17.75,36,17.3553872748101,17.3742435402685,1
173,1,17.75,36,17.3742435402685,17.3750101316209,1
173,1,17.75,36,17.3750101316209,17.404734157182,1
173,1,17.75,36,17.404734157182,17.75,0
174,1,10.75,12,0,1.32949420759271,1
174,1,10.75,12,1.32949420759271,2.77906445205082,1
174,1,10.75,12,2.77906445205082,4.8785551418052,1
174,1,10.75,12,4.8785551418052,5.72432060310007,1
174,1,10.75,12,5.72432060310007,7.08769089760325,1
174,1,10.75,12,7.08769089760325,7.23313903244988,1
174,1,10.75,12,7.23313903244988,7.57881420558797,1
174,1,10.75,12,7.57881420558797,7.64124462380041,1
174,1,10.75,12,7.64124462380041,9.22161545441035,1
174,1,10.75,12,9.22161545441035,9.51404996559962,1
174,1,10.75,12,9.51404996559962,10.6431598239805,1
174,1,10.75,12,10.6431598239805,10.7236747049651,1
174,1,10.75,12,10.7236747049651,10.75,0
175,1,13.75,1,0,4.45037931968624,1
175,1,13.75,1,4.45037931968624,13.75,0
176,1,16.75,3,0,1.13267238754976,1
176,1,16.75,3,1.13267238754976,11.9941740393263,1
176,1,16.75,3,11.9941740393263,16.57600687407,1
176,1,16.75,3,16.57600687407,16.75,0
177,1,14.75,4,0,0.0615556725974907,1
177,1,14.75,4,0.0615556725974907,4.39314166033634,1
177,1,14.75,4,4.39314166033634,12.6040918366257,1
177,1,14.75,4,12.6040918366257,13.483895716918,1
177,1,14.75,4,13.483895716918,14.75,0
178,1,14.75,0,0,14.75,0
179,1,13.75,47,0,4.84069031707376,1
179,1,13.75,47,4.84069031707376,4.90129728058867,1
179,1,13.75,47,4.90129728058867,5.54175137053457,1
179,1,13.75,47,5.54175137053457,6.43771231330242,1
179,1,13.75,47,6.43771231330242,7.56284393995975,1
179,1,13.75,47,7.56284393995975,7.60653867533568,1
179,1,13.75,47,7.60653867533568,7.84841813117095,1
179,1,13.75,47,7.84841813117095,7.89182292125852,1
179,1,13.75,47,7.89182292125852,8.08399927206113,1
179,1,13.75,47,8.08399927206113,8.16431483409024,1
179,1,13.75,47,8.16431483409024,8.22407707025425,1
179,1,13.75,47,8.22407707025425,8.28270758255234,1
179,1,13.75,47,8.28270758255234,8.40037213382939,1
179,1,13.75,47,8.40037213382939,8.48161423453376,1
179,1,13.75,47,8.48161423453376,8.67846313487107,1
179,1,13.75,47,8.67846313487107,8.72268536500728,1
179,1,13.75,47,8.72268536500728,9.03516090063471,1
179,1,13.75,47,9.03516090063471,9.1725396099942,1
179,1,13.75,47,9.1725396099942,9.28783525535771,1
179,1,13.75,47,9.28783525535771,9.49676191405869,1
179,1,13.75,47,9.49676191405869,9.51699875092048,1
179,1,13.75,47,9.51699875092048,10.6038425075848,1
179,1,13.75,47,10.6038425075848,10.7999585755781,1
179,1,13.75,47,10.7999585755781,10.9307294834626,1
179,1,13.75,47,10.9307294834626,10.9924165192352,1
179,1,13.75,47,10.9924165192352,11.0458623121676,1
179,1,13.75,47,11.0458623121676,11.0649352274367,1
179,1,13.75,47,11.0649352274367,11.3088822351361,1
179,1,13.75,47,11.3088822351361,11.5598088229751,1
179,1,13.75,47,11.5598088229751,11.6520337036148,1
179,1,13.75,47,11.6520337036148,11.6697629671168,1
179,1,13.75,47,11.6697629671168,11.6726986515583,1
179,1,13.75,47,11.6726986515583,11.692877873912,1
179,1,13.75,47,11.692877873912,11.7822367366558,1
179,1,13.75,47,11.7822367366558,11.8410219191293,1
179,1,13.75,47,11.8410219191293,11.9371351230728,1
179,1,13.75,47,11.9371351230728,12.111712302936,1
179,1,13.75,47,12.111712302936,12.1132544677604,1
179,1,13.75,47,12.1132544677604,12.1610424405255,1
179,1,13.75,47,12.1610424405255,12.4442997143917,1
179,1,13.75,47,12.4442997143917,12.8210725543671,1
179,1,13.75,47,12.8210725543671,12.8784123837159,1
179,1,13.75,47,12.8784123837159,12.9201504651801,1
179,1,13.75,47,12.9201504651801,13.3918661621562,1
179,1,13.75,47,13.3918661621562,13.415900490315,1
179,1,13.75,47,13.415900490315,13.6476993096453,1
179,1,13.75,47,13.6476993096453,13.6517004386993,1
179,1,13.75,47,13.6517004386993,13.75,0
180,1,11.75,0,0,11.75,0
181,1,20.75,74,0,0.988066071935698,1
181,1,20.75,74,0.988066071935698,1.84171862888403,1
181,1,20.75,74,1.84171862888403,6.21119055150388,1
181,1,20.75,74,6.21119055150388,6.39209024988329,1
181,1,20.75,74,6.39209024988329,6.50014923600386,1
181,1,20.75,74,6.50014923600386,6.78467947635203,1
181,1,20.75,74,6.78467947635203,7.2922324137335,1
181,1,20.75,74,7.2922324137335,8.03800543253504,1
181,1,20.75,74,8.03800543253504,8.42301198061588,1
181,1,20.75,74,8.42301198061588,8.94199903198379,1
181,1,20.75,74,8.94199903198379,9.26345492735507,1
181,1,20.75,74,9.26345492735507,9.65054599629039,1
181,1,20.75,74,9.65054599629039,9.91984815551651,1
181,1,20.75,74,9.91984815551651,9.98242097817502,1
181,1,20.75,74,9.98242097817502,10.0743186623737,1
181,1,20.75,74,10.0743186623737,10.1843562608462,1
181,1,20.75,74,10.1843562608462,10.9698356001776,1
181,1,20.75,74,10.9698356001776,11.0766583185248,1
181,1,20.75,74,11.0766583185248,11.5318591072626,1
181,1,20.75,74,11.5318591072626,12.0087611042087,1
181,1,20.75,74,12.0087611042087,12.4441974563313,1
181,1,20.75,74,12.4441974563313,12.5538993040799,1
181,1,20.75,74,12.5538993040799,12.611318302582,1
181,1,20.75,74,12.611318302582,12.7082817225243,1
181,1,20.75,74,12.7082817225243,12.7256125778659,1
181,1,20.75,74,12.7256125778659,12.9370416754623,1
181,1,20.75,74,12.9370416754623,13.1463454013284,1
181,1,20.75,74,13.1463454013284,13.6242864374696,1
181,1,20.75,74,13.6242864374696,14.127537032435,1
181,1,20.75,74,14.127537032435,14.1576899815899,1
181,1,20.75,74,14.1576899815899,14.1702607947543,1
181,1,20.75,74,14.1702607947543,14.50654354882,1
181,1,20.75,74,14.50654354882,14.5721007455861,1
181,1,20.75,74,14.5721007455861,14.6572069260441,1
181,1,20.75,74,14.6572069260441,14.7090159751298,1
181,1,20.75,74,14.7090159751298,14.9294020651656,1
181,1,20.75,74,14.9294020651656,15.5115959094275,1
181,1,20.75,74,15.5115959094275,15.6149037014786,1
181,1,20.75,74,15.6149037014786,15.6716715666208,1
181,1,20.75,74,15.6716715666208,15.709683927083,1
181,1,20.75,74,15.709683927083,15.9960884138684,1
181,1,20.75,74,15.9960884138684,16.2482440117332,1
181,1,20.75,74,16.2482440117332,16.5559098079839,1
181,1,20.75,74,16.5559098079839,16.7141029862952,1
181,1,20.75,74,16.7141029862952,16.8820633290678,1
181,1,20.75,74,16.8820633290678,17.1523779245825,1
181,1,20.75,74,17.1523779245825,17.2302292965275,1
181,1,20.75,74,17.2302292965275,17.4180874372495,1
181,1,20.75,74,17.4180874372495,17.4608589246401,1
181,1,20.75,74,17.4608589246401,17.5158811597522,1
181,1,20.75,74,17.5158811597522,17.6428679804073,1
181,1,20.75,74,17.6428679804073,17.896409852661,1
181,1,20.75,74,17.896409852661,18.0855842374205,1
181,1,20.75,74,18.0855842374205,18.2709188412014,1
181,1,20.75,74,18.2709188412014,18.2945254129023,1
181,1,20.75,74,18.2945254129023,18.3741068860578,1
181,1,20.75,74,18.3741068860578,18.6547839687213,1
181,1,20.75,74,18.6547839687213,18.8416148313039,1
181,1,20.75,74,18.8416148313039,18.9982849912214,1
181,1,20.75,74,18.9982849912214,19.0601418136929,1
181,1,20.75,74,19.0601418136929,19.1296537242818,1
181,1,20.75,74,19.1296537242818,19.2561397128888,1
181,1,20.75,74,19.2561397128888,19.499789724903,1
181,1,20.75,74,19.499789724903,19.5597344083136,1
181,1,20.75,74,19.5597344083136,19.729496680285,1
181,1,20.75,74,19.729496680285,19.9761442834655,1
181,1,20.75,74,19.9761442834655,20.0146021340149,1
181,1,20.75,74,20.0146021340149,20.1026627249481,1
181,1,20.75,74,20.1026627249481,20.1192519754951,1
181,1,20.75,74,20.1192519754951,20.4359732163147,1
181,1,20.75,74,20.4359732163147,20.5338467351059,1
181,1,20.75,74,20.5338467351059,20.5492649793024,1
181,1,20.75,74,20.5492649793024,20.5962698727424,1
181,1,20.75,74,20.5962698727424,20.7255954617136,1
181,1,20.75,74,20.7255954617136,20.75,0
182,1,16.75,4,0,0.397041156962587,1
182,1,16.75,4,0.397041156962587,6.77153121299761,1
182,1,16.75,4,6.77153121299761,7.81838022206179,1
182,1,16.75,4,7.81838022206179,13.8653541419777,1
182,1,16.75,4,13.8653541419777,16.75,0
183,1,17.75,1,0,12.015154019016,1
183,1,17.75,1,12.015154019016,17.75,0
184,1,19.75,1,0,8.05423205533927,1
184,1,19.75,1,8.05423205533927,19.75,0
185,1,15.75,2,0,0.206536880551115,1
185,1,15.75,2,0.206536880551115,5.29125354318818,1
185,1,15.75,2,5.29125354318818,15.75,0
186,1,15.75,1,0,9.06060345133758,1
186,1,15.75,1,9.06060345133758,15.75,0
187,1,11.75,2,0,4.92306653182553,1
187,1,11.75,2,4.92306653182553,6.32390637659582,1
187,1,11.75,2,6.32390637659582,11.75,0
188,1,10.75,13,0,1.92535109043472,1
188,1,10.75,13,1.92535109043472,6.17425895981016,1
188,1,10.75,13,6.17425895981016,6.27835121182534,1
188,1,10.75,13,6.27835121182534,6.45831610732734,1
188,1,10.75,13,6.45831610732734,7.18491047369543,1
188,1,10.75,13,7.18491047369543,7.45280266422423,1
188,1,10.75,13,7.45280266422423,7.79703265505502,1
188,1,10.75,13,7.79703265505502,7.95052438129296,1
188,1,10.75,13,7.95052438129296,8.62478113784201,1
188,1,10.75,13,8.62478113784201,8.9298172331062,1
188,1,10.75,13,8.9298172331062,9.6761972251161,1
188,1,10.75,13,9.6761972251161,9.94724027405166,1
188,1,10.75,13,9.94724027405166,10.1908893625006,1
188,1,10.75,13,10.1908893625006,10.75,0
189,1,13.75,2,0,1.26950674720735,1
189,1,13.75,2,1.26950674720735,1.43522330053264,1
189,1,13.75,2,1.43522330053264,13.75,0
190,1,17.75,27,0,7.04500365557372,1
190,1,17.75,27,7.04500365557372,7.97534166758143,1
190,1,17.75,27,7.97534166758143,8.02787509315704,1
190,1,17.75,27,8.02787509315704,8.41562694587787,1
190,1,17.75,27,8.41562694587787,8.76585410960598,1
190,1,17.75,27,8.76585410960598,9.24857431747228,1
190,1,17.75,27,9.24857431747228,10.3823466116469,1
190,1,17.75,27,10.3823466116469,11.0626233874045,1
190,1,17.75,27,11.0626233874045,11.4663533241042,1
190,1,17.75,27,11.4663533241042,11.4724990244452,1
190,1,17.75,27,11.4724990244452,12.3052102251978,1
190,1,17.75,27,12.3052102251978,12.3294759886808,1
190,1,17.75,27,12.3294759886808,12.6187251782079,1
190,1,17.75,27,12.6187251782079,12.9276975343268,1
190,1,17.75,27,12.9276975343268,13.2891881787819,1
190,1,17.75,27,13.2891881787819,13.299490054244,1
190,1,17.75,27,13.299490054244,14.0520685154936,1
190,1,17.75,27,14.0520685154936,14.5873638662117,1
190,1,17.75,27,14.5873638662117,15.201572299973,1
190,1,17.75,27,15.201572299973,15.503250167535,1
190,1,17.75,27,15.503250167535,15.7048222288939,1
190,1,17.75,27,15.7048222288939,16.5331160665466,1
190,1,17.75,27,16.5331160665466,16.8578806145264,1
190,1,17.75,27,16.8578806145264,16.8857849613093,1
190,1,17.75,27,16.8857849613093,17.3494462618088,1
190,1,17.75,27,17.3494462618088,17.3614297353922,1
190,1,17.75,27,17.3614297353922,17.6589370378744,1
190,1,17.75,27,17.6589370378744,17.75,0
191,1,15.75,28,0,3.32992848026442,1
191,1,15.75,28,3.32992848026442,4.05734501844741,1
191,1,15.75,28,4.05734501844741,4.27572700612229,1
191,1,15.75,28,4.27572700612229,4.89556667381036,1
191,1,15.75,28,4.89556667381036,6.04394903037028,1
191,1,15.75,28,6.04394903037028,7.94301045284781,1
191,1,15.75,28,7.94301045284781,9.35389000741716,1
191,1,15.75,28,9.35389000741716,9.51078499465916,1
191,1,15.75,28,9.51078499465916,9.7730244280644,1
191,1,15.75,28,9.7730244280644,10.1056301792661,1
191,1,15.75,28,10.1056301792661,10.8766340343662,1
191,1,15.75,28,10.8766340343662,11.1679648600505,1
191,1,15.75,28,11.1679648600505,11.2453598637147,1
191,1,15.75,28,11.2453598637147,11.6847111056551,1
191,1,15.75,28,11.6847111056551,12.1534947580663,1
191,1,15.75,28,12.1534947580663,12.3605008674748,1
191,1,15.75,28,12.3605008674748,12.4123215205875,1
191,1,15.75,28,12.4123215205875,13.1581371102024,1
191,1,15.75,28,13.1581371102024,13.2207931541698,1
191,1,15.75,28,13.2207931541698,13.2395529736897,1
191,1,15.75,28,13.2395529736897,13.3933105595614,1
191,1,15.75,28,13.3933105595614,14.0154714479618,1
191,1,15.75,28,14.0154714479618,14.4942013842732,1
191,1,15.75,28,14.4942013842732,14.9727673139526,1
191,1,15.75,28,14.9727673139526,15.0793165389317,1
191,1,15.75,28,15.0793165389317,15.170512609197,1
191,1,15.75,28,15.170512609197,15.4935952527713,1
191,1,15.75,28,15.4935952527713,15.6203521498764,1
191,1,15.75,28,15.6203521498764,15.75,0
192,1,14.75,20,0,6.06686856039182,1
192,1,14.75,20,6.06686856039182,6.08737627868097,1
192,1,14.75,20,6.08737627868097,6.29162681629119,1
192,1,14.75,20,6.29162681629119,7.20918715820393,1
192,1,14.75,20,7.20918715820393,7.2717158082855,1
192,1,14.75,20,7.2717158082855,7.46590011769905,1
192,1,14.75,20,7.46590011769905,7.56190956485586,1
192,1,14.75,20,7.56190956485586,8.23527822008216,1
192,1,14.75,20,8.23527822008216,8.52241987839836,1
192,1,14.75,20,8.52241987839836,9.24411420429943,1
192,1,14.75,20,9.24411420429943,9.62878818711871,1
192,1,14.75,20,9.62878818711871,9.85047475044522,1
192,1,14.75,20,9.85047475044522,11.1923073447587,1
192,1,14.75,20,11.1923073447587,11.6940232077182,1
192,1,14.75,20,11.6940232077182,11.7992321983274,1
192,1,14.75,20,11.7992321983274,11.9503060487594,1
192,1,14.75,20,11.9503060487594,12.3233427707073,1
192,1,14.75,20,12.3233427707073,13.2195613081311,1
192,1,14.75,20,13.2195613081311,13.7701329666822,1
192,1,14.75,20,13.7701329666822,13.7709755303567,1
192,1,14.75,20,13.7709755303567,14.75,0
193,1,12.75,0,0,12.75,0
194,1,9.75,5,0,3.48377004043429,1
194,1,9.75,5,3.48377004043429,3.48645173747554,1
194,1,9.75,5,3.48645173747554,3.55678454672857,1
194,1,9.75,5,3.55678454672857,5.47154392096464,1
194,1,9.75,5,5.47154392096464,6.93948059800808,1
194,1,9.75,5,6.93948059800808,9.75,0
195,1,14.75,3,0,0.322248811740544,1
195,1,14.75,3,0.322248811740544,0.357556059014693,1
195,1,14.75,3,0.357556059014693,14.376887244064,1
195,1,14.75,3,14.376887244064,14.75,0
196,1,18.75,2,0,4.19879200681882,1
196,1,18.75,2,4.19879200681882,5.51397544830225,1
196,1,18.75,2,5.51397544830225,18.75,0
197,1,9.75,2,0,0.0335524347313293,1
197,1,9.75,2,0.0335524347313293,0.780133613778989,1
197,1,9.75,2,0.780133613778989,9.75,0
198,1,9.75,6,0,3.96891570075923,1
198,1,9.75,6,3.96891570075923,4.52124174299776,1
198,1,9.75,6,4.52124174299776,5.65502857908018,1
198,1,9.75,6,5.65502857908018,6.57473754366929,1
198,1,9.75,6,6.57473754366929,7.45629659853658,1
198,1,9.75,6,7.45629659853658,8.19565122310025,1
198,1,9.75,6,8.19565122310025,9.75,0
199,1,16.75,42,0,4.25260319702613,1
199,1,16.75,42,4.25260319702613,4.74872020371243,1
199,1,16.75,42,4.74872020371243,7.00096354051127,1
199,1,16.75,42,7.00096354051127,7.1473436388815,1
199,1,16.75,42,7.1473436388815,7.43759044127472,1
199,1,16.75,42,7.43759044127472,7.75952637783876,1
199,1,16.75,42,7.75952637783876,8.08199494892819,1
199,1,16.75,42,8.08199494892819,8.46378433512037,1
199,1,16.75,42,8.46378433512037,9.35516601352206,1
199,1,16.75,42,9.35516601352206,9.97386401792052,1
199,1,16.75,42,9.97386401792052,10.5461011339487,1
199,1,16.75,42,10.5461011339487,10.5716103618797,1
199,1,16.75,42,10.5716103618797,11.0798281336586,1
199,1,16.75,42,11.0798281336586,11.1041246880105,1
199,1,16.75,42,11.1041246880105,11.5644049792673,1
199,1,16.75,42,11.5644049792673,11.851915831884,1
199,1,16.75,42,11.851915831884,12.2642049198311,1
199,1,16.75,42,12.2642049198311,12.4406210647313,1
199,1,16.75,42,12.4406210647313,12.4580799274663,1
199,1,16.75,42,12.4580799274663,13.008617954858,1
199,1,16.75,42,13.008617954858,13.1140363191145,1
199,1,16.75,42,13.1140363191145,13.1619049844002,1
199,1,16.75,42,13.1619049844002,13.2333695748406,1
199,1,16.75,42,13.2333695748406,13.9450447538031,1
199,1,16.75,42,13.9450447538031,13.9743779134799,1
199,1,16.75,42,13.9743779134799,13.9795872708305,1
199,1,16.75,42,13.9795872708305,14.046164088572,1
199,1,16.75,42,14.046164088572,14.1552014324846,1
199,1,16.75,42,14.1552014324846,14.2079441177175,1
199,1,16.75,42,14.2079441177175,14.3371915516914,1
199,1,16.75,42,14.3371915516914,14.6120844677304,1
199,1,16.75,42,14.6120844677304,14.6949048631452,1
199,1,16.75,42,14.6949048631452,14.7681798362356,1
199,1,16.75,42,14.7681798362356,15.6233575202199,1
199,1,16.75,42,15.6233575202199,15.657255187827,1
199,1,16.75,42,15.657255187827,15.7270431315993,1
199,1,16.75,42,15.7270431315993,15.9512529136841,1
199,1,16.75,42,15.9512529136841,16.1608842474386,1
199,1,16.75,42,16.1608842474386,16.2077700907614,1
199,1,16.75,42,16.2077700907614,16.2251193911255,1
199,1,16.75,42,16.2251193911255,16.2394414730915,1
199,1,16.75,42,16.2394414730915,16.2826133104684,1
199,1,16.75,42,16.2826133104684,16.75,0
200,1,14.75,1,0,4.09314354506396,1
200,1,14.75,1,4.09314354506396,14.75,0
201,1,14.75,6,0,1.42031169864284,1
201,1,14.75,6,1.42031169864284,2.25147884372187,1
201,1,14.75,6,2.25147884372187,2.57671454859094,1
201,1,14.75,6,2.57671454859094,3.77787757424799,1
201,1,14.75,6,3.77787757424799,7.83855708548528,1
201,1,14.75,6,7.83855708548528,13.8830754221631,1
201,1,14.75,6,13.8830754221631,14.75,0
202,1,14.75,29,0,2.74213483157266,1
202,1,14.75,29,2.74213483157266,4.33789621580024,1
202,1,14.75,29,4.33789621580024,4.63563275083048,1
202,1,14.75,29,4.63563275083048,4.78456538082306,1
202,1,14.75,29,4.78456538082306,5.5018388131211,1
202,1,14.75,29,5.5018388131211,6.67280782787622,1
202,1,14.75,29,6.67280782787622,6.89288891825151,1
202,1,14.75,29,6.89288891825151,7.89482943052809,1
202,1,14.75,29,7.89482943052809,9.12004130787106,1
202,1,14.75,29,9.12004130787106,10.7261259342424,1
202,1,14.75,29,10.7261259342424,11.7139949791934,1
202,1,14.75,29,11.7139949791934,12.0725004533309,1
202,1,14.75,29,12.0725004533309,12.2218563860797,1
202,1,14.75,29,12.2218563860797,12.2661964395508,1
202,1,14.75,29,12.2661964395508,12.2818483117254,1
202,1,14.75,29,12.2818483117254,12.7857128819314,1
202,1,14.75,29,12.7857128819314,13.1137555985101,1
202,1,14.75,29,13.1137555985101,13.3465472779753,1
202,1,14.75,29,13.3465472779753,13.6701982541302,1
202,1,14.75,29,13.6701982541302,13.7479920916649,1
202,1,14.75,29,13.7479920916649,13.8335286486954,1
202,1,14.75,29,13.8335286486954,13.8393640884528,1
202,1,14.75,29,13.8393640884528,13.9116617525603,1
202,1,14.75,29,13.9116617525603,14.0929210393696,1
202,1,14.75,29,14.0929210393696,14.1902197560627,1
202,1,14.75,29,14.1902197560627,14.3531306393403,1
202,1,14.75,29,14.3531306393403,14.4309386582695,1
202,1,14.75,29,14.4309386582695,14.5564371883541,1
202,1,14.75,29,14.5564371883541,14.6390566513712,1
202,1,14.75,29,14.6390566513712,14.75,0
203,1,15.75,1,0,6.49143377313549,1
203,1,15.75,1,6.49143377313549,15.75,0
204,1,12.75,4,0,2.15716987423363,1
204,1,12.75,4,2.15716987423363,2.24804969351058,1
204,1,12.75,4,2.24804969351058,4.75638680239735,1
204,1,12.75,4,4.75638680239735,6.08530887295037,1
204,1,12.75,4,6.08530887295037,12.75,0
205,1,13.75,23,0,2.85014540843108,1
205,1,13.75,23,2.85014540843108,3.07517995055522,1
205,1,13.75,23,3.07517995055522,4.16517347609669,1
205,1,13.75,23,4.16517347609669,4.20333233496543,1
205,1,13.75,23,4.20333233496543,4.71536033570924,1
205,1,13.75,23,4.71536033570924,6.3362358389761,1
205,1,13.75,23,6.3362358389761,6.7060703464037,1
205,1,13.75,23,6.7060703464037,7.04266654005552,1
205,1,13.75,23,7.04266654005552,7.25691040019705,1
205,1,13.75,23,7.25691040019705,9.66975445500752,1
205,1,13.75,23,9.66975445500752,10.4145154513401,1
205,1,13.75,23,10.4145154513401,10.424067624694,1
205,1,13.75,23,10.424067624694,10.4264899676806,1
205,1,13.75,23,10.4264899676806,10.9887938748252,1
205,1,13.75,23,10.9887938748252,10.9910122687326,1
205,1,13.75,23,10.9910122687326,10.9987684682228,1
205,1,13.75,23,10.9987684682228,11.0447231352454,1
205,1,13.75,23,11.0447231352454,11.369989424903,1
205,1,13.75,23,11.369989424903,11.4551803762094,1
205,1,13.75,23,11.4551803762094,11.6255490665374,1
205,1,13.75,23,11.6255490665374,12.3303728907314,1
205,1,13.75,23,12.3303728907314,12.9870419259707,1
205,1,13.75,23,12.9870419259707,13.0725452630736,1
205,1,13.75,23,13.0725452630736,13.75,0
206,1,17.75,1,0,1.88512698722806,1
206,1,17.75,1,1.88512698722806,17.75,0
207,1,10.75,7,0,4.75079643999629,1
207,1,10.75,7,4.75079643999629,6.19391187754584,1
207,1,10.75,7,6.19391187754584,9.03943887943883,1
207,1,10.75,7,9.03943887943883,9.15263311637456,1
207,1,10.75,7,9.15263311637456,9.53905206692258,1
207,1,10.75,7,9.53905206692258,10.1539825512114,1
207,1,10.75,7,10.1539825512114,10.6004677192062,1
207,1,10.75,7,10.6004677192062,10.75,0
208,1,15.75,3,0,5.10089135055422,1
208,1,15.75,3,5.10089135055422,5.47612061452267,1
208,1,15.75,3,5.47612061452267,12.6428102017371,1
208,1,15.75,3,12.6428102017371,15.75,0
209,1,17.75,39,0,6.65722183099888,1
209,1,17.75,39,6.65722183099888,7.10449307842433,1
209,1,17.75,39,7.10449307842433,7.39369698638429,1
209,1,17.75,39,7.39369698638429,7.51517501409051,1
209,1,17.75,39,7.51517501409051,9.71909813145255,1
209,1,17.75,39,9.71909813145255,10.0588484593989,1
209,1,17.75,39,10.0588484593989,10.105039976346,1
209,1,17.75,39,10.105039976346,10.1298321165897,1
209,1,17.75,39,10.1298321165897,10.521626986582,1
209,1,17.75,39,10.521626986582,11.031860957813,1
209,1,17.75,39,11.031860957813,11.4453729156129,1
209,1,17.75,39,11.4453729156129,11.5435041441942,1
209,1,17.75,39,11.5435041441942,11.8523111600172,1
209,1,17.75,39,11.8523111600172,12.2035567100293,1
209,1,17.75,39,12.2035567100293,12.5579745867339,1
209,1,17.75,39,12.5579745867339,12.6041489555296,1
209,1,17.75,39,12.6041489555296,13.9935684882495,1
209,1,17.75,39,13.9935684882495,14.1680107304669,1
209,1,17.75,39,14.1680107304669,14.2024357972768,1
209,1,17.75,39,14.2024357972768,14.3863217629721,1
209,1,17.75,39,14.3863217629721,15.0118532479079,1
209,1,17.75,39,15.0118532479079,15.1522181770899,1
209,1,17.75,39,15.1522181770899,15.1619101784238,1
209,1,17.75,39,15.1619101784238,15.1648816203911,1
209,1,17.75,39,15.1648816203911,15.1934932729589,1
209,1,17.75,39,15.1934932729589,15.4932306197338,1
209,1,17.75,39,15.4932306197338,15.573477261932,1
209,1,17.75,39,15.573477261932,15.7580546431159,1
209,1,17.75,39,15.7580546431159,15.7635887318575,1
209,1,17.75,39,15.7635887318575,15.7748527674806,1
209,1,17.75,39,15.7748527674806,16.1887264617635,1
209,1,17.75,39,16.1887264617635,16.4124456307633,1
209,1,17.75,39,16.4124456307633,16.5809878006117,1
209,1,17.75,39,16.5809878006117,16.6806206369037,1
209,1,17.75,39,16.6806206369037,17.0483418060361,1
209,1,17.75,39,17.0483418060361,17.572666116025,1
209,1,17.75,39,17.572666116025,17.5938760402112,1
209,1,17.75,39,17.5938760402112,17.6112472743678,1
209,1,17.75,39,17.6112472743678,17.7230243172173,1
209,1,17.75,39,17.7230243172173,17.75,0
210,1,8.75,3,0,0.0572803142558921,1
210,1,8.75,3,0.0572803142558921,0.0696141384681812,1
210,1,8.75,3,0.0696141384681812,3.9364267529322,1
210,1,8.75,3,3.9364267529322,8.75,0
211,1,20.75,3,0,3.9039144083318,1
211,1,20.75,3,3.9039144083318,16.1178526466556,1
211,1,20.75,3,16.1178526466556,18.3164815762515,1
211,1,20.75,3,18.3164815762515,20.75,0
212,1,11.75,1,0,8.67273906416663,1
212,1,11.75,1,8.67273906416663,11.75,0
213,1,8.75,0,0,8.75,0
214,1,9.75,1,0,0.706455505794674,1
214,1,9.75,1,0.706455505794674,9.75,0
215,1,14.75,16,0,5.66377957214831,1
215,1,14.75,16,5.66377957214831,6.85400145495402,1
215,1,14.75,16,6.85400145495402,6.91008905274425,1
215,1,14.75,16,6.91008905274425,6.98806686050076,1
215,1,14.75,16,6.98806686050076,7.38976924147082,1
215,1,14.75,16,7.38976924147082,7.84782382779807,1
215,1,14.75,16,7.84782382779807,7.87407177236779,1
215,1,14.75,16,7.87407177236779,8.63152742222079,1
215,1,14.75,16,8.63152742222079,9.07445244935371,1
215,1,14.75,16,9.07445244935371,9.6482819329721,1
215,1,14.75,16,9.6482819329721,9.99634292245272,1
215,1,14.75,16,9.99634292245272,11.2348733059401,1
215,1,14.75,16,11.2348733059401,12.6368060420536,1
215,1,14.75,16,12.6368060420536,13.2638213567782,1
215,1,14.75,16,13.2638213567782,13.3695930034247,1
215,1,14.75,16,13.3695930034247,13.9369697366043,1
215,1,14.75,16,13.9369697366043,14.75,0
216,1,14.75,62,0,1.62458740660253,1
216,1,14.75,62,1.62458740660253,2.72213621026092,1
216,1,14.75,62,2.72213621026092,4.37173441845177,1
216,1,14.75,62,4.37173441845177,4.4858692300336,1
216,1,14.75,62,4.4858692300336,4.8842725204185,1
216,1,14.75,62,4.8842725204185,5.05970136620043,1
216,1,14.75,62,5.05970136620043,5.89359905881761,1
216,1,14.75,62,5.89359905881761,6.69505800579979,1
216,1,14.75,62,6.69505800579979,6.74645333167934,1
216,1,14.75,62,6.74645333167934,6.95540193009477,1
216,1,14.75,62,6.95540193009477,7.14301179365786,1
216,1,14.75,62,7.14301179365786,7.18799092754918,1
216,1,14.75,62,7.18799092754918,7.57507487274541,1
216,1,14.75,62,7.57507487274541,7.84633079885912,1
216,1,14.75,62,7.84633079885912,8.56059244932609,1
216,1,14.75,62,8.56059244932609,8.58387591856742,1
216,1,14.75,62,8.58387591856742,8.75222621338829,1
216,1,14.75,62,8.75222621338829,9.22545505447138,1
216,1,14.75,62,9.22545505447138,9.40238327990728,1
216,1,14.75,62,9.40238327990728,9.53701600851583,1
216,1,14.75,62,9.53701600851583,9.64542924332769,1
216,1,14.75,62,9.64542924332769,9.72709005228443,1
216,1,14.75,62,9.72709005228443,9.77041497492354,1
216,1,14.75,62,9.77041497492354,9.86353866637024,1
216,1,14.75,62,9.86353866637024,9.86912627967629,1
216,1,14.75,62,9.86912627967629,10.0357984103342,1
216,1,14.75,62,10.0357984103342,10.1149246703903,1
216,1,14.75,62,10.1149246703903,10.2461386478067,1
216,1,14.75,62,10.2461386478067,10.4495481470838,1
216,1,14.75,62,10.4495481470838,10.5728610592549,1
216,1,14.75,62,10.5728610592549,10.8040637764601,1
216,1,14.75,62,10.8040637764601,10.8784500446559,1
216,1,14.75,62,10.8784500446559,10.995972121885,1
216,1,14.75,62,10.995972121885,11.0993698177451,1
216,1,14.75,62,11.0993698177451,11.2124200118114,1
216,1,14.75,62,11.2124200118114,11.3042331157138,1
216,1,14.75,62,11.3042331157138,11.54526781803,1
216,1,14.75,62,11.54526781803,11.5514944142999,1
216,1,14.75,62,11.5514944142999,11.6063726641002,1
216,1,14.75,62,11.6063726641002,11.6940116253465,1
216,1,14.75,62,11.6940116253465,11.7349466328654,1
216,1,14.75,62,11.7349466328654,11.8486763479244,1
216,1,14.75,62,11.8486763479244,12.1510474509469,1
216,1,14.75,62,12.1510474509469,12.2394174365961,1
216,1,14.75,62,12.2394174365961,12.4583471511762,1
216,1,14.75,62,12.4583471511762,12.7699208816891,1
216,1,14.75,62,12.7699208816891,12.8796349021243,1
216,1,14.75,62,12.8796349021243,13.2232583850516,1
216,1,14.75,62,13.2232583850516,13.229743424186,1
216,1,14.75,62,13.229743424186,13.5250934485464,1
216,1,14.75,62,13.5250934485464,13.5765660399514,1
216,1,14.75,62,13.5765660399514,13.6297372279588,1
216,1,14.75,62,13.6297372279588,13.7808434729902,1
216,1,14.75,62,13.7808434729902,14.0190456258379,1
216,1,14.75,62,14.0190456258379,14.1896453712802,1
216,1,14.75,62,14.1896453712802,14.190613120701,1
216,1,14.75,62,14.190613120701,14.2843633189529,1
216,1,14.75,62,14.2843633189529,14.3036184653413,1
216,1,14.75,62,14.3036184653413,14.3057815815544,1
216,1,14.75,62,14.3057815815544,14.528907932745,1
216,1,14.75,62,14.528907932745,14.6853944199784,1
216,1,14.75,62,14.6853944199784,14.7230305723561,1
216,1,14.75,62,14.7230305723561,14.75,0
217,1,13.75,2,0,1.49189039081559,1
217,1,13.75,2,1.49189039081559,6.04847559498921,1
217,1,13.75,2,6.04847559498921,13.75,0
218,1,14.75,2,0,0.257521507909674,1
218,1,14.75,2,0.257521507909674,3.68739606309581,1
218,1,14.75,2,3.68739606309581,14.75,0
219,1,18.75,1,0,17.2369001629503,1
219,1,18.75,1,17.2369001629503,18.75,0
220,1,8.75,2,0,5.81324665951109,1
220,1,8.75,2,5.81324665951109,7.00454456362805,1
220,1,8.75,2,7.00454456362805,8.75,0
221,1,11.75,2,0,4.08485403338968,1
221,1,11.75,2,4.08485403338968,6.91786528391808,1
221,1,11.75,2,6.91786528391808,11.75,0
222,1,8.75,2,0,0.154427344196931,1
222,1,8.75,2,0.154427344196931,0.222896826301166,1
222,1,8.75,2,0.222896826301166,8.75,0
223,1,14.75,33,0,4.43839378523392,1
223,1,14.75,33,4.43839378523392,5.11574408064135,1
223,1,14.75,33,5.11574408064135,6.15955114412395,1
223,1,14.75,33,6.15955114412395,6.62113498451964,1
223,1,14.75,33,6.62113498451964,6.82432147027095,1
223,1,14.75,33,6.82432147027095,6.9848885988148,1
223,1,14.75,33,6.9848885988148,7.50656479461486,1
223,1,14.75,33,7.50656479461486,8.12288946718809,1
223,1,14.75,33,8.12288946718809,8.21159054865998,1
223,1,14.75,33,8.21159054865998,8.43417312582915,1
223,1,14.75,33,8.43417312582915,8.46290260899848,1
223,1,14.75,33,8.46290260899848,9.0146449880507,1
223,1,14.75,33,9.0146449880507,9.05140029767764,1
223,1,14.75,33,9.05140029767764,9.59187533209165,1
223,1,14.75,33,9.59187533209165,10.1610532341935,1
223,1,14.75,33,10.1610532341935,10.1709486744313,1
223,1,14.75,33,10.1709486744313,10.2488149780639,1
223,1,14.75,33,10.2488149780639,10.5070583603148,1
223,1,14.75,33,10.5070583603148,10.5166927028059,1
223,1,14.75,33,10.5166927028059,10.6900612114174,1
223,1,14.75,33,10.6900612114174,11.4517317970468,1
223,1,14.75,33,11.4517317970468,11.8723387657725,1
223,1,14.75,33,11.8723387657725,12.0681265951323,1
223,1,14.75,33,12.0681265951323,12.170427688235,1
223,1,14.75,33,12.170427688235,12.2282754507695,1
223,1,14.75,33,12.2282754507695,12.8186903048529,1
223,1,14.75,33,12.8186903048529,12.8634219280759,1
223,1,14.75,33,12.8634219280759,12.9141627112636,1
223,1,14.75,33,12.9141627112636,13.3179213368026,1
223,1,14.75,33,13.3179213368026,13.669796443475,1
223,1,14.75,33,13.669796443475,14.2195880016737,1
223,1,14.75,33,14.2195880016737,14.2431086785123,1
223,1,14.75,33,14.2431086785123,14.245154428635,1
223,1,14.75,33,14.245154428635,14.75,0
224,1,15.75,1,0,0.709145330790857,1
224,1,15.75,1,0.709145330790857,15.75,0
225,1,13.75,5,0,1.33598282788345,1
225,1,13.75,5,1.33598282788345,2.11900436818541,1
225,1,13.75,5,2.11900436818541,3.39974919093133,1
225,1,13.75,5,3.39974919093133,4.21065584595817,1
225,1,13.75,5,4.21065584595817,5.81584053706554,1
225,1,13.75,5,5.81584053706554,13.75,0
226,1,14.75,4,0,0.0135805242312506,1
226,1,14.75,4,0.0135805242312506,0.0837988892456653,1
226,1,14.75,4,0.0837988892456653,0.8015053714232,1
226,1,14.75,4,0.8015053714232,3.9514161354177,1
226,1,14.75,4,3.9514161354177,14.75,0
227,1,16.75,1,0,5.98946696394264,1
227,1,16.75,1,5.98946696394264,16.75,0
228,1,20.75,144,0,2.95936792179701,1
228,1,20.75,144,2.95936792179701,3.16114748775352,1
228,1,20.75,144,3.16114748775352,4.20846768207474,1
228,1,20.75,144,4.20846768207474,4.92956771206318,1
228,1,20.75,144,4.92956771206318,4.96546285870948,1
228,1,20.75,144,4.96546285870948,5.00861511866171,1
228,1,20.75,144,5.00861511866171,5.52390568011082,1
228,1,20.75,144,5.52390568011082,5.77751850854481,1
228,1,20.75,144,5.77751850854481,5.94087988610539,1
228,1,20.75,144,5.94087988610539,6.48432577763316,1
228,1,20.75,144,6.48432577763316,6.51665201123403,1
228,1,20.75,144,6.51665201123403,6.75838215210056,1
228,1,20.75,144,6.75838215210056,7.10504812087707,1
228,1,20.75,144,7.10504812087707,7.41258210517992,1
228,1,20.75,144,7.41258210517992,8.20855767438712,1
228,1,20.75,144,8.20855767438712,8.54319364083414,1
228,1,20.75,144,8.54319364083414,9.41602058085428,1
228,1,20.75,144,9.41602058085428,9.47544833891629,1
228,1,20.75,144,9.47544833891629,9.9693497212367,1
228,1,20.75,144,9.9693497212367,10.0586106686281,1
228,1,20.75,144,10.0586106686281,10.0708742844739,1
228,1,20.75,144,10.0708742844739,10.4466208415939,1
228,1,20.75,144,10.4466208415939,10.5401172065896,1
228,1,20.75,144,10.5401172065896,10.6950013809322,1
228,1,20.75,144,10.6950013809322,10.812333674305,1
228,1,20.75,144,10.812333674305,10.8308152205246,1
228,1,20.75,144,10.8308152205246,11.0399481506005,1
228,1,20.75,144,11.0399481506005,11.0408564938797,1
228,1,20.75,144,11.0408564938797,11.1589366268594,1
228,1,20.75,144,11.1589366268594,11.3459096890303,1
228,1,20.75,144,11.3459096890303,11.507862726941,1
228,1,20.75,144,11.507862726941,11.6102764638136,1
228,1,20.75,144,11.6102764638136,11.8050888570423,1
228,1,20.75,144,11.8050888570423,12.0628731550702,1
228,1,20.75,144,12.0628731550702,12.1024409036726,1
228,1,20.75,144,12.1024409036726,12.1644341216928,1
228,1,20.75,144,12.1644341216928,12.2536914832602,1
228,1,20.75,144,12.2536914832602,12.3462002467489,1
228,1,20.75,144,12.3462002467489,12.4993914648307,1
228,1,20.75,144,12.4993914648307,12.6711986949945,1
228,1,20.75,144,12.6711986949945,12.7055676887447,1
228,1,20.75,144,12.7055676887447,12.7431184761916,1
228,1,20.75,144,12.7431184761916,13.2041456218811,1
228,1,20.75,144,13.2041456218811,13.3304392537077,1
228,1,20.75,144,13.3304392537077,13.5926317153964,1
228,1,20.75,144,13.5926317153964,13.6118535163619,1
228,1,20.75,144,13.6118535163619,13.6775769938253,1
228,1,20.75,144,13.6775769938253,13.6950324497314,1
228,1,20.75,144,13.6950324497314,13.7726933939409,1
228,1,20.75,144,13.7726933939409,13.8485248534403,1
228,1,20.75,144,13.8485248534403,14.0085891301645,1
228,1,20.75,144,14.0085891301645,14.0975018725086,1
228,1,20.75,144,14.0975018725086,14.1578638602944,1
228,1,20.75,144,14.1578638602944,14.2617103790858,1
228,1,20.75,144,14.2617103790858,14.2720297183525,1
228,1,20.75,144,14.2720297183525,14.4275662649808,1
228,1,20.75,144,14.4275662649808,14.8745174741638,1
228,1,20.75,144,14.8745174741638,14.9872202549981,1
228,1,20.75,144,14.9872202549981,14.9902735273543,1
228,1,20.75,144,14.9902735273543,15.1782563891434,1
228,1,20.75,144,15.1782563891434,15.2272112259086,1
228,1,20.75,144,15.2272112259086,15.2630195005696,1
228,1,20.75,144,15.2630195005696,15.291702481281,1
228,1,20.75,144,15.291702481281,15.4344237070979,1
228,1,20.75,144,15.4344237070979,15.6401535461753,1
228,1,20.75,144,15.6401535461753,15.7394534212616,1
228,1,20.75,144,15.7394534212616,15.827218271311,1
228,1,20.75,144,15.827218271311,16.0436537085645,1
228,1,20.75,144,16.0436537085645,16.0814683497237,1
228,1,20.75,144,16.0814683497237,16.100117091125,1
228,1,20.75,144,16.100117091125,16.1423155768643,1
228,1,20.75,144,16.1423155768643,16.199479173037,1
228,1,20.75,144,16.199479173037,16.3161815764877,1
228,1,20.75,144,16.3161815764877,16.3426622094496,1
228,1,20.75,144,16.3426622094496,16.3731311625679,1
228,1,20.75,144,16.3731311625679,16.4408334073138,1
228,1,20.75,144,16.4408334073138,16.5417162771631,1
228,1,20.75,144,16.5417162771631,16.6050385236662,1
228,1,20.75,144,16.6050385236662,16.8217830837386,1
228,1,20.75,144,16.8217830837386,16.8263874422129,1
228,1,20.75,144,16.8263874422129,16.8953356145539,1
228,1,20.75,144,16.8953356145539,17.2198159708662,1
228,1,20.75,144,17.2198159708662,17.244594192673,1
228,1,20.75,144,17.244594192673,17.2803875580558,1
228,1,20.75,144,17.2803875580558,17.3061244354108,1
228,1,20.75,144,17.3061244354108,17.3198892886303,1
228,1,20.75,144,17.3198892886303,17.3880180140017,1
228,1,20.75,144,17.3880180140017,17.3933835205462,1
228,1,20.75,144,17.3933835205462,17.4885254385941,1
228,1,20.75,144,17.4885254385941,17.5828879505675,1
228,1,20.75,144,17.5828879505675,17.6017769750069,1
228,1,20.75,144,17.6017769750069,17.6267519002147,1
228,1,20.75,144,17.6267519002147,17.6473603780231,1
228,1,20.75,144,17.6473603780231,17.6539424555631,1
228,1,20.75,144,17.6539424555631,17.6971331626646,1
228,1,20.75,144,17.6971331626646,17.7430854841513,1
228,1,20.75,144,17.7430854841513,17.8732672380258,1
228,1,20.75,144,17.8732672380258,18.1129604269384,1
228,1,20.75,144,18.1129604269384,18.1235884816309,1
228,1,20.75,144,18.1235884816309,18.1803974905792,1
228,1,20.75,144,18.1803974905792,18.2150562552403,1
228,1,20.75,144,18.2150562552403,18.2473594139065,1
228,1,20.75,144,18.2473594139065,18.4370425303489,1
228,1,20.75,144,18.4370425303489,18.4406583497325,1
228,1,20.75,144,18.4406583497325,18.4464796260406,1
228,1,20.75,144,18.4464796260406,18.4960168992642,1
228,1,20.75,144,18.4960168992642,18.5287804555734,1
228,1,20.75,144,18.5287804555734,18.5719286540122,1
228,1,20.75,144,18.5719286540122,18.6088229385672,1
228,1,20.75,144,18.6088229385672,18.6736820118827,1
228,1,20.75,144,18.6736820118827,18.8007436437172,1
228,1,20.75,144,18.8007436437172,18.8774418064645,1
228,1,20.75,144,18.8774418064645,18.9076087548448,1
228,1,20.75,144,18.9076087548448,18.9319891708374,1
228,1,20.75,144,18.9319891708374,18.9808265419121,1
228,1,20.75,144,18.9808265419121,18.9826968570514,1
228,1,20.75,144,18.9826968570514,18.9990774272805,1
228,1,20.75,144,18.9990774272805,19.0109513049504,1
228,1,20.75,144,19.0109513049504,19.0345833609156,1
228,1,20.75,144,19.0345833609156,19.1017678797162,1
228,1,20.75,144,19.1017678797162,19.1498533906878,1
228,1,20.75,144,19.1498533906878,19.2314528820838,1
228,1,20.75,144,19.2314528820838,19.3769292227445,1
228,1,20.75,144,19.3769292227445,19.524163222459,1
228,1,20.75,144,19.524163222459,19.6109159708998,1
228,1,20.75,144,19.6109159708998,19.7670935859011,1
228,1,20.75,144,19.7670935859011,19.7859669660624,1
228,1,20.75,144,19.7859669660624,19.839799298331,1
228,1,20.75,144,19.839799298331,19.8729639073404,1
228,1,20.75,144,19.8729639073404,19.8737624521326,1
228,1,20.75,144,19.8737624521326,19.8787900704769,1
228,1,20.75,144,19.8787900704769,19.8982665782641,1
228,1,20.75,144,19.8982665782641,19.9139162821243,1
228,1,20.75,144,19.9139162821243,19.9213776082022,1
228,1,20.75,144,19.9213776082022,19.9668047763812,1
228,1,20.75,144,19.9668047763812,19.9770033653724,1
228,1,20.75,144,19.9770033653724,20.0322157213385,1
228,1,20.75,144,20.0322157213385,20.0462078486485,1
228,1,20.75,144,20.0462078486485,20.0903142249222,1
228,1,20.75,144,20.0903142249222,20.2543503873393,1
228,1,20.75,144,20.2543503873393,20.409098863006,1
228,1,20.75,144,20.409098863006,20.4996869334527,1
228,1,20.75,144,20.4996869334527,20.5505041364635,1
228,1,20.75,144,20.5505041364635,20.7174377597863,1
228,1,20.75,144,20.7174377597863,20.75,0
229,1,18.75,3,0,0.204859689192355,1
229,1,18.75,3,0.204859689192355,1.91210624820384,1
229,1,18.75,3,1.91210624820384,12.0180099222905,1
229,1,18.75,3,12.0180099222905,18.75,0
230,1,13.75,3,0,0.0200998876338703,1
230,1,13.75,3,0.0200998876338703,1.73542909755077,1
230,1,13.75,3,1.73542909755077,2.18130391171169,1
230,1,13.75,3,2.18130391171169,13.75,0
231,1,14.75,22,0,1.83169172548293,1
231,1,14.75,22,1.83169172548293,4.52133953677363,1
231,1,14.75,22,4.52133953677363,5.49516844287318,1
231,1,14.75,22,5.49516844287318,7.27838134108033,1
231,1,14.75,22,7.27838134108033,9.17922454617338,1
231,1,14.75,22,9.17922454617338,9.22771737520929,1
231,1,14.75,22,9.22771737520929,9.58221625721493,1
231,1,14.75,22,9.58221625721493,10.1839003502833,1
231,1,14.75,22,10.1839003502833,10.216671094349,1
231,1,14.75,22,10.216671094349,10.5787666221935,1
231,1,14.75,22,10.5787666221935,10.6592953359553,1
231,1,14.75,22,10.6592953359553,10.861358802661,1
231,1,14.75,22,10.861358802661,11.1209601278858,1
231,1,14.75,22,11.1209601278858,12.18712468729,1
231,1,14.75,22,12.18712468729,12.334531607719,1
231,1,14.75,22,12.334531607719,13.4601708558423,1
231,1,14.75,22,13.4601708558423,13.6623127505613,1
231,1,14.75,22,13.6623127505613,13.9537240870247,1
231,1,14.75,22,13.9537240870247,14.2522149152243,1
231,1,14.75,22,14.2522149152243,14.3070686472176,1
231,1,14.75,22,14.3070686472176,14.4073403584351,1
231,1,14.75,22,14.4073403584351,14.4546474982063,1
231,1,14.75,22,14.4546474982063,14.75,0
232,1,10.75,0,0,10.75,0
233,1,11.75,13,0,5.18605104035838,1
233,1,11.75,13,5.18605104035838,5.78061820973185,1
233,1,11.75,13,5.78061820973185,5.91974280514456,1
233,1,11.75,13,5.91974280514456,7.00332560276156,1
233,1,11.75,13,7.00332560276156,7.65284780347368,1
233,1,11.75,13,7.65284780347368,8.18357258520095,1
233,1,11.75,13,8.18357258520095,9.47964435447207,1
233,1,11.75,13,9.47964435447207,9.53357945226231,1
233,1,11.75,13,9.53357945226231,9.83149817101644,1
233,1,11.75,13,9.83149817101644,9.89747380159985,1
233,1,11.75,13,9.89747380159985,10.0833259529705,1
233,1,11.75,13,10.0833259529705,10.5685024077204,1
233,1,11.75,13,10.5685024077204,11.479999295526,1
233,1,11.75,13,11.479999295526,11.75,0
234,1,13.75,17,0,2.36141947352677,1
234,1,13.75,17,2.36141947352677,3.85508038214088,1
234,1,13.75,17,3.85508038214088,4.86436901524737,1
234,1,13.75,17,4.86436901524737,4.98997635908008,1
234,1,13.75,17,4.98997635908008,8.50749082343525,1
234,1,13.75,17,8.50749082343525,8.6568803412994,1
234,1,13.75,17,8.6568803412994,9.32549720891271,1
234,1,13.75,17,9.32549720891271,10.5433615358305,1
234,1,13.75,17,10.5433615358305,10.8843963551621,1
234,1,13.75,17,10.8843963551621,11.2043207027448,1
234,1,13.75,17,11.2043207027448,11.5262492872818,1
234,1,13.75,17,11.5262492872818,11.79258897088,1
234,1,13.75,17,11.79258897088,11.8971906757971,1
234,1,13.75,17,11.8971906757971,12.5780768773037,1
234,1,13.75,17,12.5780768773037,12.9588953201643,1
234,1,13.75,17,12.9588953201643,13.2942021228876,1
234,1,13.75,17,13.2942021228876,13.5105348635297,1
234,1,13.75,17,13.5105348635297,13.75,0
235,1,17.75,36,0,3.03025694397652,1
235,1,17.75,36,3.03025694397652,4.87393943581833,1
235,1,17.75,36,4.87393943581833,5.83040077180597,1
235,1,17.75,36,5.83040077180597,7.06548880053102,1
235,1,17.75,36,7.06548880053102,7.53315518009132,1
235,1,17.75,36,7.53315518009132,8.31066381732941,1
235,1,17.75,36,8.31066381732941,8.32976310744086,1
235,1,17.75,36,8.32976310744086,9.53566930351547,1
235,1,17.75,36,9.53566930351547,10.6168841307955,1
235,1,17.75,36,10.6168841307955,10.9905227301641,1
235,1,17.75,36,10.9905227301641,11.6575479971109,1
235,1,17.75,36,11.6575479971109,11.8714595600874,1
235,1,17.75,36,11.8714595600874,13.0453111582112,1
235,1,17.75,36,13.0453111582112,13.0983186514553,1
235,1,17.75,36,13.0983186514553,13.451919554121,1
235,1,17.75,36,13.451919554121,13.6191468747637,1
235,1,17.75,36,13.6191468747637,13.9861554373489,1
235,1,17.75,36,13.9861554373489,14.2222243409177,1
235,1,17.75,36,14.2222243409177,14.6160011361711,1
235,1,17.75,36,14.6160011361711,14.9435351683194,1
235,1,17.75,36,14.9435351683194,15.9598167313662,1
235,1,17.75,36,15.9598167313662,15.9891591094744,1
235,1,17.75,36,15.9891591094744,16.2165308491022,1
235,1,17.75,36,16.2165308491022,16.3642031796301,1
235,1,17.75,36,16.3642031796301,16.4455872443931,1
235,1,17.75,36,16.4455872443931,16.5446716848337,1
235,1,17.75,36,16.5446716848337,16.546467535292,1
235,1,17.75,36,16.546467535292,16.5518981029035,1
235,1,17.75,36,16.5518981029035,16.7097783536854,1
235,1,17.75,36,16.7097783536854,16.788444553519,1
235,1,17.75,36,16.788444553519,16.8641733311397,1
235,1,17.75,36,16.8641733311397,16.9777287874128,1
235,1,17.75,36,16.9777287874128,17.0596888390276,1
235,1,17.75,36,17.0596888390276,17.1543439400159,1
235,1,17.75,36,17.1543439400159,17.1829203695735,1
235,1,17.75,36,17.1829203695735,17.438239330798,1
235,1,17.75,36,17.438239330798,17.75,0
236,1,18.75,43,0,3.77517086612544,1
236,1,18.75,43,3.77517086612544,4.53669441712667,1
236,1,18.75,43,4.53669441712667,6.26967036680635,1
236,1,18.75,43,6.26967036680635,6.95333381773479,1
236,1,18.75,43,6.95333381773479,7.40142150032365,1
236,1,18.75,43,7.40142150032365,8.6020503651774,1
236,1,18.75,43,8.6020503651774,9.2125080372561,1
236,1,18.75,43,9.2125080372561,9.24403769047515,1
236,1,18.75,43,9.24403769047515,9.4804728651224,1
236,1,18.75,43,9.4804728651224,9.91785789197788,1
236,1,18.75,43,9.91785789197788,10.2044458048939,1
236,1,18.75,43,10.2044458048939,10.4081235881471,1
236,1,18.75,43,10.4081235881471,10.7300792776064,1
236,1,18.75,43,10.7300792776064,11.0151448447621,1
236,1,18.75,43,11.0151448447621,11.4361427246415,1
236,1,18.75,43,11.4361427246415,11.5867067690431,1
236,1,18.75,43,11.5867067690431,12.5562836911016,1
236,1,18.75,43,12.5562836911016,12.8848436964096,1
236,1,18.75,43,12.8848436964096,12.9684634254126,1
236,1,18.75,43,12.9684634254126,13.9291013076183,1
236,1,18.75,43,13.9291013076183,14.5033001569487,1
236,1,18.75,43,14.5033001569487,15.0762047695954,1
236,1,18.75,43,15.0762047695954,15.5285853958885,1
236,1,18.75,43,15.5285853958885,15.6630056356637,1
236,1,18.75,43,15.6630056356637,15.7362905728304,1
236,1,18.75,43,15.7362905728304,15.7791529862147,1
236,1,18.75,43,15.7791529862147,15.9843401188712,1
236,1,18.75,43,15.9843401188712,16.0418684853462,1
236,1,18.75,43,16.0418684853462,16.1629087923633,1
236,1,18.75,43,16.1629087923633,16.3216817224388,1
236,1,18.75,43,16.3216817224388,16.5114585936262,1
236,1,18.75,43,16.5114585936262,16.535850327608,1
236,1,18.75,43,16.535850327608,16.7073644473064,1
236,1,18.75,43,16.7073644473064,16.9399222783001,1
236,1,18.75,43,16.9399222783001,17.22345212307,1
236,1,18.75,43,17.22345212307,17.5446028542511,1
236,1,18.75,43,17.5446028542511,18.1304367762738,1
236,1,18.75,43,18.1304367762738,18.1498345878745,1
236,1,18.75,43,18.1498345878745,18.2350941534869,1
236,1,18.75,43,18.2350941534869,18.4297427861089,1
236,1,18.75,43,18.4297427861089,18.5803826477477,1
236,1,18.75,43,18.5803826477477,18.5952809988261,1
236,1,18.75,43,18.5952809988261,18.6635530859095,1
236,1,18.75,43,18.6635530859095,18.75,0
237,1,18.75,63,0,3.507780206298,1
237,1,18.75,63,3.507780206298,3.67262412696919,1
237,1,18.75,63,3.67262412696919,7.18828072433683,1
237,1,18.75,63,7.18828072433683,7.98095049431417,1
237,1,18.75,63,7.98095049431417,7.99552095700324,1
237,1,18.75,63,7.99552095700324,8.49709879953141,1
237,1,18.75,63,8.49709879953141,8.75929588757437,1
237,1,18.75,63,8.75929588757437,8.95263717308269,1
237,1,18.75,63,8.95263717308269,9.38553562277443,1
237,1,18.75,63,9.38553562277443,9.59766589463808,1
237,1,18.75,63,9.59766589463808,10.1257582803192,1
237,1,18.75,63,10.1257582803192,10.2555774169145,1
237,1,18.75,63,10.2555774169145,10.4109030033691,1
237,1,18.75,63,10.4109030033691,10.7523505753724,1
237,1,18.75,63,10.7523505753724,11.0128053588913,1
237,1,18.75,63,11.0128053588913,11.1371891732313,1
237,1,18.75,63,11.1371891732313,11.2297160631963,1
237,1,18.75,63,11.2297160631963,11.3560785307448,1
237,1,18.75,63,11.3560785307448,11.5220387232889,1
237,1,18.75,63,11.5220387232889,11.5487537073016,1
237,1,18.75,63,11.5487537073016,11.8379597274555,1
237,1,18.75,63,11.8379597274555,11.8670744879301,1
237,1,18.75,63,11.8670744879301,11.982770526097,1
237,1,18.75,63,11.982770526097,12.0048332242628,1
237,1,18.75,63,12.0048332242628,12.0175633588243,1
237,1,18.75,63,12.0175633588243,12.1553117541124,1
237,1,18.75,63,12.1553117541124,12.4436782430947,1
237,1,18.75,63,12.4436782430947,12.4771293796153,1
237,1,18.75,63,12.4771293796153,12.6116798311568,1
237,1,18.75,63,12.6116798311568,13.5517788498261,1
237,1,18.75,63,13.5517788498261,14.0104927377284,1
237,1,18.75,63,14.0104927377284,14.1476284446573,1
237,1,18.75,63,14.1476284446573,14.7146481478565,1
237,1,18.75,63,14.7146481478565,14.7956173632092,1
237,1,18.75,63,14.7956173632092,15.1198995547685,1
237,1,18.75,63,15.1198995547685,15.3097853484495,1
237,1,18.75,63,15.3097853484495,15.7756650862472,1
237,1,18.75,63,15.7756650862472,15.7863691277155,1
237,1,18.75,63,15.7863691277155,15.8260256822946,1
237,1,18.75,63,15.8260256822946,16.0540776196804,1
237,1,18.75,63,16.0540776196804,16.2178059183137,1
237,1,18.75,63,16.2178059183137,16.2944716303441,1
237,1,18.75,63,16.2944716303441,16.5678747956637,1
237,1,18.75,63,16.5678747956637,16.575648622344,1
237,1,18.75,63,16.575648622344,16.6085046875675,1
237,1,18.75,63,16.6085046875675,16.6244255949654,1
237,1,18.75,63,16.6244255949654,16.9719561577563,1
237,1,18.75,63,16.9719561577563,17.0201974105016,1
237,1,18.75,63,17.0201974105016,17.0568588339943,1
237,1,18.75,63,17.0568588339943,17.1458827913009,1
237,1,18.75,63,17.1458827913009,17.1687545252314,1
237,1,18.75,63,17.1687545252314,17.2285358678747,1
237,1,18.75,63,17.2285358678747,17.4610421292856,1
237,1,18.75,63,17.4610421292856,17.5333199547174,1
237,1,18.75,63,17.5333199547174,17.5848496891436,1
237,1,18.75,63,17.5848496891436,17.6784117435139,1
237,1,18.75,63,17.6784117435139,17.7004323706357,1
237,1,18.75,63,17.7004323706357,17.9765863390162,1
237,1,18.75,63,17.9765863390162,18.0860394514413,1
237,1,18.75,63,18.0860394514413,18.1604246369415,1
237,1,18.75,63,18.1604246369415,18.3882651912051,1
237,1,18.75,63,18.3882651912051,18.6452312084376,1
237,1,18.75,63,18.6452312084376,18.6786075227733,1
237,1,18.75,63,18.6786075227733,18.75,0
238,1,10.75,17,0,1.891646631822,1
238,1,10.75,17,1.891646631822,3.87376078404683,1
238,1,10.75,17,3.87376078404683,5.65356630590968,1
238,1,10.75,17,5.65356630590968,5.98747295388868,1
238,1,10.75,17,5.98747295388868,6.93856786356994,1
238,1,10.75,17,6.93856786356994,7.32630521448438,1
238,1,10.75,17,7.32630521448438,7.35141462280436,1
238,1,10.75,17,7.35141462280436,7.4930338482431,1
238,1,10.75,17,7.4930338482431,7.59760277338555,1
238,1,10.75,17,7.59760277338555,8.9915788569075,1
238,1,10.75,17,8.9915788569075,9.0929399693473,1
238,1,10.75,17,9.0929399693473,9.78788542727802,1
238,1,10.75,17,9.78788542727802,10.139289557137,1
238,1,10.75,17,10.139289557137,10.2144368644123,1
238,1,10.75,17,10.2144368644123,10.4467561968237,1
238,1,10.75,17,10.4467561968237,10.620581415355,1
238,1,10.75,17,10.620581415355,10.6945348995463,1
238,1,10.75,17,10.6945348995463,10.75,0
239,1,16.75,2,0,5.78632075093805,1
239,1,16.75,2,5.78632075093805,6.79309001698167,1
239,1,16.75,2,6.79309001698167,16.75,0
240,1,9.75,17,0,1.70797480336113,1
240,1,9.75,17,1.70797480336113,3.04421485651867,1
240,1,9.75,17,3.04421485651867,3.87282502493377,1
240,1,9.75,17,3.87282502493377,4.97282030710929,1
240,1,9.75,17,4.97282030710929,6.66360943888086,1
240,1,9.75,17,6.66360943888086,7.10014383332616,1
240,1,9.75,17,7.10014383332616,7.18813906019194,1
240,1,9.75,17,7.18813906019194,7.29138299000418,1
240,1,9.75,17,7.29138299000418,7.42197530899189,1
240,1,9.75,17,7.42197530899189,7.6052280239543,1
240,1,9.75,17,7.6052280239543,7.89111196396272,1
240,1,9.75,17,7.89111196396272,8.31494497934112,1
240,1,9.75,17,8.31494497934112,8.58225309553106,1
240,1,9.75,17,8.58225309553106,8.61983989924195,1
240,1,9.75,17,8.61983989924195,9.43570753241415,1
240,1,9.75,17,9.43570753241415,9.53184366119813,1
240,1,9.75,17,9.53184366119813,9.74299263076794,1
240,1,9.75,17,9.74299263076794,9.75,0
241,1,10.75,1,0,0.0506959754080782,1
241,1,10.75,1,0.0506959754080782,10.75,0
242,1,13.75,24,0,2.41986153912849,1
242,1,13.75,24,2.41986153912849,3.73770003584477,1
242,1,13.75,24,3.73770003584477,5.84158949859267,1
242,1,13.75,24,5.84158949859267,6.59999870225043,1
242,1,13.75,24,6.59999870225043,7.91442851615799,1
242,1,13.75,24,7.91442851615799,8.7225702902741,1
242,1,13.75,24,8.7225702902741,8.77704484699156,1
242,1,13.75,24,8.77704484699156,8.83065791328381,1
242,1,13.75,24,8.83065791328381,8.84450881154164,1
242,1,13.75,24,8.84450881154164,9.04593595590913,1
242,1,13.75,24,9.04593595590913,10.3556892296644,1
242,1,13.75,24,10.3556892296644,10.3871812988671,1
242,1,13.75,24,10.3871812988671,10.6011470501906,1
242,1,13.75,24,10.6011470501906,10.6099169990277,1
242,1,13.75,24,10.6099169990277,10.9077020452855,1
242,1,13.75,24,10.9077020452855,11.7248893910535,1
242,1,13.75,24,11.7248893910535,11.7551666146687,1
242,1,13.75,24,11.7551666146687,11.7870995355745,1
242,1,13.75,24,11.7870995355745,11.8359552066065,1
242,1,13.75,24,11.8359552066065,12.5287466478622,1
242,1,13.75,24,12.5287466478622,12.6817383243954,1
242,1,13.75,24,12.6817383243954,13.0594708602978,1
242,1,13.75,24,13.0594708602978,13.6496761995456,1
242,1,13.75,24,13.6496761995456,13.724592278464,1
242,1,13.75,24,13.724592278464,13.75,0
243,1,15.75,5,0,0.103809897445245,1
243,1,15.75,5,0.103809897445245,0.337658878226434,1
243,1,15.75,5,0.337658878226434,0.444502231737514,1
243,1,15.75,5,0.444502231737514,7.74747172243135,1
243,1,15.75,5,7.74747172243135,11.0112482933296,1
243,1,15.75,5,11.0112482933296,15.75,0
244,1,14.75,79,0,0.702073781157354,1
244,1,14.75,79,0.702073781157354,1.7479965611952,1
244,1,14.75,79,1.7479965611952,1.82448557510095,1
244,1,14.75,79,1.82448557510095,2.09951752060247,1
244,1,14.75,79,2.09951752060247,2.26783855137898,1
244,1,14.75,79,2.26783855137898,2.79637058406603,1
244,1,14.75,79,2.79637058406603,2.84384738058644,1
244,1,14.75,79,2.84384738058644,4.08249171733071,1
244,1,14.75,79,4.08249171733071,4.2138115555935,1
244,1,14.75,79,4.2138115555935,4.53451598049588,1
244,1,14.75,79,4.53451598049588,4.92419013626727,1
244,1,14.75,79,4.92419013626727,5.4376398814952,1
244,1,14.75,79,5.4376398814952,5.60739649325309,1
244,1,14.75,79,5.60739649325309,5.90012551745805,1
244,1,14.75,79,5.90012551745805,5.94463424079981,1
244,1,14.75,79,5.94463424079981,6.15689640800367,1
244,1,14.75,79,6.15689640800367,6.18665405635545,1
244,1,14.75,79,6.18665405635545,6.36903262064331,1
244,1,14.75,79,6.36903262064331,6.49957625316981,1
244,1,14.75,79,6.49957625316981,6.51468918585436,1
244,1,14.75,79,6.51468918585436,6.63852525072789,1
244,1,14.75,79,6.63852525072789,6.87082920981693,1
244,1,14.75,79,6.87082920981693,6.89547484091077,1
244,1,14.75,79,6.89547484091077,7.15674745098366,1
244,1,14.75,79,7.15674745098366,7.45517946228421,1
244,1,14.75,79,7.45517946228421,7.46411292172651,1
244,1,14.75,79,7.46411292172651,7.5893559367641,1
244,1,14.75,79,7.5893559367641,7.97191445500106,1
244,1,14.75,79,7.97191445500106,8.04673322506592,1
244,1,14.75,79,8.04673322506592,8.10742149694398,1
244,1,14.75,79,8.10742149694398,8.12842212649569,1
244,1,14.75,79,8.12842212649569,8.27018737179996,1
244,1,14.75,79,8.27018737179996,8.69938423541844,1
244,1,14.75,79,8.69938423541844,8.91122210910437,1
244,1,14.75,79,8.91122210910437,9.09001145891158,1
244,1,14.75,79,9.09001145891158,9.10431999913212,1
244,1,14.75,79,9.10431999913212,9.23829941577342,1
244,1,14.75,79,9.23829941577342,9.30221484802279,1
244,1,14.75,79,9.30221484802279,9.78912774348239,1
244,1,14.75,79,9.78912774348239,9.82382568867745,1
244,1,14.75,79,9.82382568867745,9.83433054502093,1
244,1,14.75,79,9.83433054502093,9.85118228448287,1
244,1,14.75,79,9.85118228448287,9.91879053830163,1
244,1,14.75,79,9.91879053830163,10.0555072195261,1
244,1,14.75,79,10.0555072195261,10.4377391708969,1
244,1,14.75,79,10.4377391708969,10.5327100350726,1
244,1,14.75,79,10.5327100350726,10.6881261037879,1
244,1,14.75,79,10.6881261037879,10.7552510100447,1
244,1,14.75,79,10.7552510100447,10.777907427662,1
244,1,14.75,79,10.777907427662,10.8469051868479,1
244,1,14.75,79,10.8469051868479,10.8875952724381,1
244,1,14.75,79,10.8875952724381,10.9494424698557,1
244,1,14.75,79,10.9494424698557,11.1484610712609,1
244,1,14.75,79,11.1484610712609,11.2362239760873,1
244,1,14.75,79,11.2362239760873,11.6356772765079,1
244,1,14.75,79,11.6356772765079,11.7347125864057,1
244,1,14.75,79,11.7347125864057,11.8354696750249,1
244,1,14.75,79,11.8354696750249,12.1992749725754,1
244,1,14.75,79,12.1992749725754,12.6352861300717,1
244,1,14.75,79,12.6352861300717,12.7544679755437,1
244,1,14.75,79,12.7544679755437,12.7957161799448,1
244,1,14.75,79,12.7957161799448,12.9057972597386,1
244,1,14.75,79,12.9057972597386,13.2509443994201,1
244,1,14.75,79,13.2509443994201,13.2981055908799,1
244,1,14.75,79,13.2981055908799,13.8550823131017,1
244,1,14.75,79,13.8550823131017,13.9425424814649,1
244,1,14.75,79,13.9425424814649,13.9567842337125,1
244,1,14.75,79,13.9567842337125,14.0947019355371,1
244,1,14.75,79,14.0947019355371,14.1094482364681,1
244,1,14.75,79,14.1094482364681,14.3170193945011,1
244,1,14.75,79,14.3170193945011,14.3348524278077,1
244,1,14.75,79,14.3348524278077,14.447685467854,1
244,1,14.75,79,14.447685467854,14.5420649226381,1
244,1,14.75,79,14.5420649226381,14.5512646742606,1
244,1,14.75,79,14.5512646742606,14.5726646583097,1
244,1,14.75,79,14.5726646583097,14.6094480514549,1
244,1,14.75,79,14.6094480514549,14.6476912343081,1
244,1,14.75,79,14.6476912343081,14.6528807478922,1
244,1,14.75,79,14.6528807478922,14.6543127431045,1
244,1,14.75,79,14.6543127431045,14.75,0
245,1,11.75,3,0,0.00512682301362612,1
245,1,11.75,3,0.00512682301362612,0.140935880547679,1
245,1,11.75,3,0.140935880547679,5.27174586477533,1
245,1,11.75,3,5.27174586477533,11.75,0
246,1,11.75,20,0,3.91170789150921,1
246,1,11.75,20,3.91170789150921,3.93234125501511,1
246,1,11.75,20,3.93234125501511,5.47453487535801,1
246,1,11.75,20,5.47453487535801,5.91225285282862,1
246,1,11.75,20,5.91225285282862,6.33349905621066,1
246,1,11.75,20,6.33349905621066,6.83783931306709,1
246,1,11.75,20,6.83783931306709,7.01534737753146,1
246,1,11.75,20,7.01534737753146,7.73840325517117,1
246,1,11.75,20,7.73840325517117,7.88779656263319,1
246,1,11.75,20,7.88779656263319,7.89538480936268,1
246,1,11.75,20,7.89538480936268,8.24913752119184,1
246,1,11.75,20,8.24913752119184,8.58864191674336,1
246,1,11.75,20,8.58864191674336,8.95908940156538,1
246,1,11.75,20,8.95908940156538,9.05414003458625,1
246,1,11.75,20,9.05414003458625,10.032367384085,1
246,1,11.75,20,10.032367384085,10.1323157706815,1
246,1,11.75,20,10.1323157706815,10.3399485019888,1
246,1,11.75,20,10.3399485019888,10.5112151623932,1
246,1,11.75,20,10.5112151623932,10.9665317119284,1
246,1,11.75,20,10.9665317119284,11.6429705273829,1
246,1,11.75,20,11.6429705273829,11.75,0
247,1,11.75,2,0,7.17961658903822,1
247,1,11.75,2,7.17961658903822,9.05930183701739,1
247,1,11.75,2,9.05930183701739,11.75,0
248,1,10.75,11,0,0.94435953128835,1
248,1,10.75,11,0.94435953128835,3.80714337688435,1
248,1,10.75,11,3.80714337688435,4.6096182730372,1
248,1,10.75,11,4.6096182730372,7.28841165439943,1
248,1,10.75,11,7.28841165439943,7.77430422998589,1
248,1,10.75,11,7.77430422998589,7.86235186181644,1
248,1,10.75,11,7.86235186181644,7.86558920471438,1
248,1,10.75,11,7.86558920471438,8.62211208351629,1
248,1,10.75,11,8.62211208351629,9.2154915363164,1
248,1,10.75,11,9.2154915363164,10.0427590559425,1
248,1,10.75,11,10.0427590559425,10.2656185989227,1
248,1,10.75,11,10.2656185989227,10.75,0
249,1,17.75,1,0,0.57481103608355,1
249,1,17.75,1,0.57481103608355,17.75,0
250,1,14.75,2,0,4.23933258350127,1
250,1,14.75,2,4.23933258350127,5.8250348620072,1
250,1,14.75,2,5.8250348620072,14.75,0
251,1,17.75,4,0,5.34198307402066,1
251,1,17.75,4,5.34198307402066,9.3114050858142,1
251,1,17.75,4,9.3114050858142,12.1226438703168,1
251,1,17.75,4,12.1226438703168,15.45915091888,1
251,1,17.75,4,15.45915091888,17.75,0
252,1,16.75,63,0,3.49492684698797,1
252,1,16.75,63,3.49492684698797,3.72655538313396,1
252,1,16.75,63,3.72655538313396,5.92175834093305,1
252,1,16.75,63,5.92175834093305,7.46146647045446,1
252,1,16.75,63,7.46146647045446,7.54374833741369,1
252,1,16.75,63,7.54374833741369,7.58954500624587,1
252,1,16.75,63,7.58954500624587,7.70028785251159,1
252,1,16.75,63,7.70028785251159,7.84186191980347,1
252,1,16.75,63,7.84186191980347,8.0148204388221,1
252,1,16.75,63,8.0148204388221,8.12066577928969,1
252,1,16.75,63,8.12066577928969,8.26528868318666,1
252,1,16.75,63,8.26528868318666,9.07128340974115,1
252,1,16.75,63,9.07128340974115,9.51944946336465,1
252,1,16.75,63,9.51944946336465,9.54419484744212,1
252,1,16.75,63,9.54419484744212,9.7381617422757,1
252,1,16.75,63,9.7381617422757,9.80693267379931,1
252,1,16.75,63,9.80693267379931,9.93681197142089,1
252,1,16.75,63,9.93681197142089,10.2888668691155,1
252,1,16.75,63,10.2888668691155,10.3181685705779,1
252,1,16.75,63,10.3181685705779,10.60617677494,1
252,1,16.75,63,10.60617677494,11.3894526502712,1
252,1,16.75,63,11.3894526502712,11.5751952512406,1
252,1,16.75,63,11.5751952512406,12.0996309459675,1
252,1,16.75,63,12.0996309459675,12.2201232316254,1
252,1,16.75,63,12.2201232316254,12.2617212180002,1
252,1,16.75,63,12.2617212180002,12.4137487452233,1
252,1,16.75,63,12.4137487452233,12.6267205878394,1
252,1,16.75,63,12.6267205878394,12.7005042487641,1
252,1,16.75,63,12.7005042487641,12.803070701591,1
252,1,16.75,63,12.803070701591,12.9524560281913,1
252,1,16.75,63,12.9524560281913,13.2845268438362,1
252,1,16.75,63,13.2845268438362,13.7477361689921,1
252,1,16.75,63,13.7477361689921,13.7782481171443,1
252,1,16.75,63,13.7782481171443,13.8919477631989,1
252,1,16.75,63,13.8919477631989,13.9099723005046,1
252,1,16.75,63,13.9099723005046,14.0370050529923,1
252,1,16.75,63,14.0370050529923,14.0980615297919,1
252,1,16.75,63,14.0980615297919,14.1389751875505,1
252,1,16.75,63,14.1389751875505,14.3206537317883,1
252,1,16.75,63,14.3206537317883,14.445748209099,1
252,1,16.75,63,14.445748209099,14.4576259897265,1
252,1,16.75,63,14.4576259897265,14.4599650130035,1
252,1,16.75,63,14.4599650130035,14.8170440775092,1
252,1,16.75,63,14.8170440775092,14.8174770328179,1
252,1,16.75,63,14.8174770328179,14.9937532462791,1
252,1,16.75,63,14.9937532462791,15.1790808889203,1
252,1,16.75,63,15.1790808889203,15.2471765023903,1
252,1,16.75,63,15.2471765023903,15.2473273940617,1
252,1,16.75,63,15.2473273940617,15.3380038114506,1
252,1,16.75,63,15.3380038114506,15.4632712601546,1
252,1,16.75,63,15.4632712601546,15.4951905945842,1
252,1,16.75,63,15.4951905945842,15.643040246454,1
252,1,16.75,63,15.643040246454,15.8115002444348,1
252,1,16.75,63,15.8115002444348,15.8799259582391,1
252,1,16.75,63,15.8799259582391,15.9189739424764,1
252,1,16.75,63,15.9189739424764,15.9893851465987,1
252,1,16.75,63,15.9893851465987,16.0084139885787,1
252,1,16.75,63,16.0084139885787,16.0901307752021,1
252,1,16.75,63,16.0901307752021,16.40663230533,1
252,1,16.75,63,16.40663230533,16.4212515578244,1
252,1,16.75,63,16.4212515578244,16.4543569541013,1
252,1,16.75,63,16.4543569541013,16.4782690441265,1
252,1,16.75,63,16.4782690441265,16.5545034581949,1
252,1,16.75,63,16.5545034581949,16.75,0
253,1,16.75,55,0,0.81956703101217,1
253,1,16.75,55,0.81956703101217,3.53817357445504,1
253,1,16.75,55,3.53817357445504,3.79733749653922,1
253,1,16.75,55,3.79733749653922,3.99338949098875,1
253,1,16.75,55,3.99338949098875,4.30391105453065,1
253,1,16.75,55,4.30391105453065,4.35877503384218,1
253,1,16.75,55,4.35877503384218,6.34345324122872,1
253,1,16.75,55,6.34345324122872,6.81611002857289,1
253,1,16.75,55,6.81611002857289,7.70702424677005,1
253,1,16.75,55,7.70702424677005,8.69181838009444,1
253,1,16.75,55,8.69181838009444,9.04825118301682,1
253,1,16.75,55,9.04825118301682,9.28825280189132,1
253,1,16.75,55,9.28825280189132,9.82818009209965,1
253,1,16.75,55,9.82818009209965,10.2930922921587,1
253,1,16.75,55,10.2930922921587,10.5227498496422,1
253,1,16.75,55,10.5227498496422,10.9862337355451,1
253,1,16.75,55,10.9862337355451,11.1103733137595,1
253,1,16.75,55,11.1103733137595,11.1911507562031,1
253,1,16.75,55,11.1911507562031,11.2030786062835,1
253,1,16.75,55,11.2030786062835,11.4363313581349,1
253,1,16.75,55,11.4363313581349,11.475140844689,1
253,1,16.75,55,11.475140844689,11.5004369632905,1
253,1,16.75,55,11.5004369632905,11.643797433869,1
253,1,16.75,55,11.643797433869,12.0001958350322,1
253,1,16.75,55,12.0001958350322,12.4492425032558,1
253,1,16.75,55,12.4492425032558,12.7944748785058,1
253,1,16.75,55,12.7944748785058,12.9158535342811,1
253,1,16.75,55,12.9158535342811,12.9880254723629,1
253,1,16.75,55,12.9880254723629,13.0346933944686,1
253,1,16.75,55,13.0346933944686,13.2486245471386,1
253,1,16.75,55,13.2486245471386,13.4533439189679,1
253,1,16.75,55,13.4533439189679,13.5498034691297,1
253,1,16.75,55,13.5498034691297,13.6929186411086,1
253,1,16.75,55,13.6929186411086,13.7268261139992,1
253,1,16.75,55,13.7268261139992,13.8423068254405,1
253,1,16.75,55,13.8423068254405,13.9119062952938,1
253,1,16.75,55,13.9119062952938,14.0548515480098,1
253,1,16.75,55,14.0548515480098,14.0983376469974,1
253,1,16.75,55,14.0983376469974,14.5764867859699,1
253,1,16.75,55,14.5764867859699,14.6477810774996,1
253,1,16.75,55,14.6477810774996,14.842204105803,1
253,1,16.75,55,14.842204105803,14.8667929958584,1
253,1,16.75,55,14.8667929958584,15.3195347439154,1
253,1,16.75,55,15.3195347439154,15.328000638908,1
253,1,16.75,55,15.328000638908,15.4764068464737,1
253,1,16.75,55,15.4764068464737,15.746626774768,1
253,1,16.75,55,15.746626774768,15.9141571712078,1
253,1,16.75,55,15.9141571712078,16.0270904089131,1
253,1,16.75,55,16.0270904089131,16.0443914967738,1
253,1,16.75,55,16.0443914967738,16.2420385062493,1
253,1,16.75,55,16.2420385062493,16.2822494060393,1
253,1,16.75,55,16.2822494060393,16.393632094149,1
253,1,16.75,55,16.393632094149,16.5527151063657,1
253,1,16.75,55,16.5527151063657,16.5975252115597,1
253,1,16.75,55,16.5975252115597,16.7482650106342,1
253,1,16.75,55,16.7482650106342,16.75,0
254,1,12.75,47,0,3.03748079770561,1
254,1,12.75,47,3.03748079770561,3.7808424920956,1
254,1,12.75,47,3.7808424920956,5.51497984479469,1
254,1,12.75,47,5.51497984479469,5.51850907562755,1
254,1,12.75,47,5.51850907562755,5.85867457689588,1
254,1,12.75,47,5.85867457689588,6.0460870173041,1
254,1,12.75,47,6.0460870173041,6.07313384975076,1
254,1,12.75,47,6.07313384975076,6.11884897112771,1
254,1,12.75,47,6.11884897112771,6.6585500046427,1
254,1,12.75,47,6.6585500046427,6.66353466615288,1
254,1,12.75,47,6.66353466615288,6.74671717427778,1
254,1,12.75,47,6.74671717427778,6.84807497389221,1
254,1,12.75,47,6.84807497389221,7.0003428397754,1
254,1,12.75,47,7.0003428397754,7.00403789261557,1
254,1,12.75,47,7.00403789261557,7.03405119526815,1
254,1,12.75,47,7.03405119526815,7.10144916559646,1
254,1,12.75,47,7.10144916559646,7.7152588627145,1
254,1,12.75,47,7.7152588627145,7.84632173257471,1
254,1,12.75,47,7.84632173257471,8.38277507512307,1
254,1,12.75,47,8.38277507512307,8.91130414619234,1
254,1,12.75,47,8.91130414619234,8.98399809972141,1
254,1,12.75,47,8.98399809972141,9.00465831463174,1
254,1,12.75,47,9.00465831463174,9.63180441784342,1
254,1,12.75,47,9.63180441784342,9.77677079892231,1
254,1,12.75,47,9.77677079892231,10.0423498326179,1
254,1,12.75,47,10.0423498326179,10.1219547537893,1
254,1,12.75,47,10.1219547537893,10.1372134259481,1
254,1,12.75,47,10.1372134259481,10.1401524652345,1
254,1,12.75,47,10.1401524652345,10.1472451903878,1
254,1,12.75,47,10.1472451903878,10.2394944943596,1
254,1,12.75,47,10.2394944943596,10.5358297018502,1
254,1,12.75,47,10.5358297018502,10.6068114106578,1
254,1,12.75,47,10.6068114106578,10.8251078718032,1
254,1,12.75,47,10.8251078718032,10.944168785948,1
254,1,12.75,47,10.944168785948,11.0767624173264,1
254,1,12.75,47,11.0767624173264,11.2571561999591,1
254,1,12.75,47,11.2571561999591,11.4910415236398,1
254,1,12.75,47,11.4910415236398,11.495198654317,1
254,1,12.75,47,11.495198654317,11.5596199318082,1
254,1,12.75,47,11.5596199318082,11.6288014648346,1
254,1,12.75,47,11.6288014648346,11.6743123109731,1
254,1,12.75,47,11.6743123109731,11.724653058475,1
254,1,12.75,47,11.724653058475,11.8626670405139,1
254,1,12.75,47,11.8626670405139,12.0988416071733,1
254,1,12.75,47,12.0988416071733,12.2259670816409,1
254,1,12.75,47,12.2259670816409,12.3775536111797,1
254,1,12.75,47,12.3775536111797,12.749280596908,1
254,1,12.75,47,12.749280596908,12.75,0
255,1,8.75,4,0,0.220023399599675,1
255,1,8.75,4,0.220023399599675,1.82184922399482,1
255,1,8.75,4,1.82184922399482,2.01016094412683,1
255,1,8.75,4,2.01016094412683,8.74224726028089,1
255,1,8.75,4,8.74224726028089,8.75,0
256,1,13.75,13,0,2.90111015358291,1
256,1,13.75,13,2.90111015358291,4.71467255786771,1
256,1,13.75,13,4.71467255786771,5.88881895060323,1
256,1,13.75,13,5.88881895060323,6.09123025559396,1
256,1,13.75,13,6.09123025559396,6.75302563434181,1
256,1,13.75,13,6.75302563434181,7.3535517402037,1
256,1,13.75,13,7.3535517402037,7.78811928690854,1
256,1,13.75,13,7.78811928690854,8.59719898404152,1
256,1,13.75,13,8.59719898404152,8.7727695211838,1
256,1,13.75,13,8.7727695211838,9.85474671524839,1
256,1,13.75,13,9.85474671524839,10.083261474324,1
256,1,13.75,13,10.083261474324,10.9675651672807,1
256,1,13.75,13,10.9675651672807,13.6833123303568,1
256,1,13.75,13,13.6833123303568,13.75,0
257,1,13.75,0,0,13.75,0
258,1,18.75,57,0,4.06984317089255,1
258,1,18.75,57,4.06984317089255,5.65755825224739,1
258,1,18.75,57,5.65755825224739,6.55278999374613,1
258,1,18.75,57,6.55278999374613,6.70124285921751,1
258,1,18.75,57,6.70124285921751,7.59821103305666,1
258,1,18.75,57,7.59821103305666,8.23018269835858,1
258,1,18.75,57,8.23018269835858,8.64299046294289,1
258,1,18.75,57,8.64299046294289,8.71747110247269,1
258,1,18.75,57,8.71747110247269,8.75138196894555,1
258,1,18.75,57,8.75138196894555,8.75276456895416,1
258,1,18.75,57,8.75276456895416,9.96079379086839,1
258,1,18.75,57,9.96079379086839,10.0407382911456,1
258,1,18.75,57,10.0407382911456,10.5567676178631,1
258,1,18.75,57,10.5567676178631,10.717519297762,1
258,1,18.75,57,10.717519297762,10.831638643632,1
258,1,18.75,57,10.831638643632,10.8583272920631,1
258,1,18.75,57,10.8583272920631,11.0929919660326,1
258,1,18.75,57,11.0929919660326,11.5416018622644,1
258,1,18.75,57,11.5416018622644,11.7444746870084,1
258,1,18.75,57,11.7444746870084,12.1109504603648,1
258,1,18.75,57,12.1109504603648,12.9396628531997,1
258,1,18.75,57,12.9396628531997,13.0404763980326,1
258,1,18.75,57,13.0404763980326,13.2296261199144,1
258,1,18.75,57,13.2296261199144,13.4707075065587,1
258,1,18.75,57,13.4707075065587,13.6295481929973,1
258,1,18.75,57,13.6295481929973,13.9652964349392,1
258,1,18.75,57,13.9652964349392,14.1211805912237,1
258,1,18.75,57,14.1211805912237,14.1264149335212,1
258,1,18.75,57,14.1264149335212,14.2834649955864,1
258,1,18.75,57,14.2834649955864,14.4041552417975,1
258,1,18.75,57,14.4041552417975,14.7131812922514,1
258,1,18.75,57,14.7131812922514,14.7651290682934,1
258,1,18.75,57,14.7651290682934,14.8278187148774,1
258,1,18.75,57,14.8278187148774,14.8945442965215,1
258,1,18.75,57,14.8945442965215,15.1176762334015,1
258,1,18.75,57,15.1176762334015,15.2376424509513,1
258,1,18.75,57,15.2376424509513,15.2394066516364,1
258,1,18.75,57,15.2394066516364,15.4177802978328,1
258,1,18.75,57,15.4177802978328,15.6751141699002,1
258,1,18.75,57,15.6751141699002,15.9249875230398,1
258,1,18.75,57,15.9249875230398,15.9589878490552,1
258,1,18.75,57,15.9589878490552,16.5582322357009,1
258,1,18.75,57,16.5582322357009,16.930534719745,1
258,1,18.75,57,16.930534719745,16.9481174144694,1
258,1,18.75,57,16.9481174144694,17.1313517504094,1
258,1,18.75,57,17.1313517504094,17.1885795866957,1
258,1,18.75,57,17.1885795866957,17.2362329043016,1
258,1,18.75,57,17.2362329043016,17.618366689679,1
258,1,18.75,57,17.618366689679,17.7633690963896,1
258,1,18.75,57,17.7633690963896,18.121438704349,1
258,1,18.75,57,18.121438704349,18.1752619360553,1
258,1,18.75,57,18.1752619360553,18.2706445746237,1
258,1,18.75,57,18.2706445746237,18.317675510291,1
258,1,18.75,57,18.317675510291,18.5244571992082,1
258,1,18.75,57,18.5244571992082,18.5748109652938,1
258,1,18.75,57,18.5748109652938,18.648291687679,1
258,1,18.75,57,18.648291687679,18.7354364244044,1
258,1,18.75,57,18.7354364244044,18.75,0
259,1,9.75,2,0,3.91719501156613,1
259,1,9.75,2,3.91719501156613,8.59665120107772,1
259,1,9.75,2,8.59665120107772,9.75,0
260,1,20.75,56,0,4.14063895750716,1
260,1,20.75,56,4.14063895750716,4.2286159894971,1
260,1,20.75,56,4.2286159894971,5.24944833648917,1
260,1,20.75,56,5.24944833648917,6.16346778049994,1
260,1,20.75,56,6.16346778049994,6.59462818381949,1
260,1,20.75,56,6.59462818381949,6.80608402090874,1
260,1,20.75,56,6.80608402090874,7.02285156029677,1
260,1,20.75,56,7.02285156029677,7.14640945306366,1
260,1,20.75,56,7.14640945306366,8.42288317461031,1
260,1,20.75,56,8.42288317461031,8.44233436508066,1
260,1,20.75,56,8.44233436508066,8.72059774105542,1
260,1,20.75,56,8.72059774105542,10.8324172308403,1
260,1,20.75,56,10.8324172308403,11.0506773815301,1
260,1,20.75,56,11.0506773815301,11.5136112088416,1
260,1,20.75,56,11.5136112088416,12.1270347550239,1
260,1,20.75,56,12.1270347550239,12.4109982426322,1
260,1,20.75,56,12.4109982426322,12.6663482893305,1
260,1,20.75,56,12.6663482893305,13.0149936818983,1
260,1,20.75,56,13.0149936818983,13.2513187274136,1
260,1,20.75,56,13.2513187274136,13.3641652719768,1
260,1,20.75,56,13.3641652719768,13.5410927836888,1
260,1,20.75,56,13.5410927836888,13.5555213874636,1
260,1,20.75,56,13.5555213874636,13.6759698985467,1
260,1,20.75,56,13.6759698985467,14.0028935155353,1
260,1,20.75,56,14.0028935155353,14.3550888982483,1
260,1,20.75,56,14.3550888982483,14.3560117609268,1
260,1,20.75,56,14.3560117609268,14.4168175982599,1
260,1,20.75,56,14.4168175982599,15.1269058436878,1
260,1,20.75,56,15.1269058436878,15.2274328767792,1
260,1,20.75,56,15.2274328767792,15.6259475174761,1
260,1,20.75,56,15.6259475174761,15.6393259493308,1
260,1,20.75,56,15.6393259493308,15.7313259252076,1
260,1,20.75,56,15.7313259252076,15.835902465102,1
260,1,20.75,56,15.835902465102,16.1116004363427,1
260,1,20.75,56,16.1116004363427,16.1343625468927,1
260,1,20.75,56,16.1343625468927,16.1405000274546,1
260,1,20.75,56,16.1405000274546,16.7624214235146,1
260,1,20.75,56,16.7624214235146,16.9456538311845,1
260,1,20.75,56,16.9456538311845,16.9774347157846,1
260,1,20.75,56,16.9774347157846,17.0359899480341,1
260,1,20.75,56,17.0359899480341,17.2017519326328,1
260,1,20.75,56,17.2017519326328,17.2523893456539,1
260,1,20.75,56,17.2523893456539,17.3381685129121,1
260,1,20.75,56,17.3381685129121,18.0212787700741,1
260,1,20.75,56,18.0212787700741,18.3788901292796,1
260,1,20.75,56,18.3788901292796,18.46714766164,1
260,1,20.75,56,18.46714766164,18.6423746758246,1
260,1,20.75,56,18.6423746758246,19.0354102546952,1
260,1,20.75,56,19.0354102546952,19.6472384952013,1
260,1,20.75,56,19.6472384952013,19.6483126533727,1
260,1,20.75,56,19.6483126533727,19.7130641667215,1
260,1,20.75,56,19.7130641667215,20.2930301315582,1
260,1,20.75,56,20.2930301315582,20.2969392514348,1
260,1,20.75,56,20.2969392514348,20.4066104979401,1
260,1,20.75,56,20.4066104979401,20.4168342742622,1
260,1,20.75,56,20.4168342742622,20.6183972355111,1
260,1,20.75,56,20.6183972355111,20.75,0
261,1,9.75,11,0,4.17511202853998,1
261,1,9.75,11,4.17511202853998,5.75395505509048,1
261,1,9.75,11,5.75395505509048,6.54219240133754,1
261,1,9.75,11,6.54219240133754,6.71143318762586,1
261,1,9.75,11,6.71143318762586,7.23734829402635,1
261,1,9.75,11,7.23734829402635,7.91528017417477,1
261,1,9.75,11,7.91528017417477,8.56389619576322,1
261,1,9.75,11,8.56389619576322,8.68811304535704,1
261,1,9.75,11,8.68811304535704,8.93951382533486,1
261,1,9.75,11,8.93951382533486,9.36703079169149,1
261,1,9.75,11,9.36703079169149,9.6974646205623,1
261,1,9.75,11,9.6974646205623,9.75,0
262,1,15.75,1,0,0.000511117168313348,1
262,1,15.75,1,0.000511117168313348,15.75,0
263,1,16.75,35,0,3.53399495814367,1
263,1,16.75,35,3.53399495814367,4.54141731511356,1
263,1,16.75,35,4.54141731511356,5.29481043724431,1
263,1,16.75,35,5.29481043724431,7.01226280303418,1
263,1,16.75,35,7.01226280303418,8.21048227551205,1
263,1,16.75,35,8.21048227551205,8.49204980578006,1
263,1,16.75,35,8.49204980578006,8.91515177815063,1
263,1,16.75,35,8.91515177815063,9.58198694386992,1
263,1,16.75,35,9.58198694386992,9.78731494192133,1
263,1,16.75,35,9.78731494192133,10.0400160509803,1
263,1,16.75,35,10.0400160509803,10.9089183686738,1
263,1,16.75,35,10.9089183686738,11.6343573099499,1
263,1,16.75,35,11.6343573099499,11.9981853185015,1
263,1,16.75,35,11.9981853185015,12.0071425008183,1
263,1,16.75,35,12.0071425008183,12.2018668324463,1
263,1,16.75,35,12.2018668324463,12.2607811237597,1
263,1,16.75,35,12.2607811237597,12.5931985393713,1
263,1,16.75,35,12.5931985393713,13.0573025118181,1
263,1,16.75,35,13.0573025118181,13.3668822514317,1
263,1,16.75,35,13.3668822514317,13.9362878686506,1
263,1,16.75,35,13.9362878686506,14.0248209184864,1
263,1,16.75,35,14.0248209184864,14.4078170520247,1
263,1,16.75,35,14.4078170520247,14.4750359664237,1
263,1,16.75,35,14.4750359664237,14.624092602473,1
263,1,16.75,35,14.624092602473,14.7561896601201,1
263,1,16.75,35,14.7561896601201,15.1028950648387,1
263,1,16.75,35,15.1028950648387,15.2174919107136,1
263,1,16.75,35,15.2174919107136,15.2655818756769,1
263,1,16.75,35,15.2655818756769,15.7751154083585,1
263,1,16.75,35,15.7751154083585,15.8642295600238,1
263,1,16.75,35,15.8642295600238,16.1616505835353,1
263,1,16.75,35,16.1616505835353,16.1813448038282,1
263,1,16.75,35,16.1813448038282,16.2522334723483,1
263,1,16.75,35,16.2522334723483,16.3403295802096,1
263,1,16.75,35,16.3403295802096,16.4063830031735,1
263,1,16.75,35,16.4063830031735,16.75,0
264,1,12.75,4,0,1.25055545373339,1
264,1,12.75,4,1.25055545373339,4.72995107634393,1
264,1,12.75,4,4.72995107634393,5.7545134050319,1
264,1,12.75,4,5.7545134050319,10.0963314659721,1
264,1,12.75,4,10.0963314659721,12.75,0
265,1,11.75,17,0,4.5740622432463,1
265,1,11.75,17,4.5740622432463,5.12637000667407,1
265,1,11.75,17,5.12637000667407,6.34118734181567,1
265,1,11.75,17,6.34118734181567,7.77731198026959,1
265,1,11.75,17,7.77731198026959,7.80570940213558,1
265,1,11.75,17,7.80570940213558,8.35525734752511,1
265,1,11.75,17,8.35525734752511,8.80062612199113,1
265,1,11.75,17,8.80062612199113,9.51245907804117,1
265,1,11.75,17,9.51245907804117,9.60878247489432,1
265,1,11.75,17,9.60878247489432,9.73899675089488,1
265,1,11.75,17,9.73899675089488,10.1908616013683,1
265,1,11.75,17,10.1908616013683,10.375838042034,1
265,1,11.75,17,10.375838042034,10.3995601504898,1
265,1,11.75,17,10.3995601504898,10.424726890906,1
265,1,11.75,17,10.424726890906,10.6894148008687,1
265,1,11.75,17,10.6894148008687,11.1424791172614,1
265,1,11.75,17,11.1424791172614,11.1966100198394,1
265,1,11.75,17,11.1966100198394,11.75,0
266,1,11.75,1,0,7.21265927291392,1
266,1,11.75,1,7.21265927291392,11.75,0
267,1,17.75,3,0,0.851704112518237,1
267,1,17.75,3,0.851704112518237,0.88595129829464,1
267,1,17.75,3,0.88595129829464,3.05429788609057,1
267,1,17.75,3,3.05429788609057,17.75,0
268,1,14.75,1,0,4.91786380095863,1
268,1,14.75,1,4.91786380095863,14.75,0
269,1,15.75,0,0,15.75,0
270,1,16.75,2,0,3.45086869294694,1
270,1,16.75,2,3.45086869294694,9.91926445817729,1
270,1,16.75,2,9.91926445817729,16.75,0
271,1,10.75,8,0,3.47922308529892,1
271,1,10.75,8,3.47922308529892,5.08097202349195,1
271,1,10.75,8,5.08097202349195,6.71859211563611,1
271,1,10.75,8,6.71859211563611,7.82550142427777,1
271,1,10.75,8,7.82550142427777,8.52983991970002,1
271,1,10.75,8,8.52983991970002,8.75819468124644,1
271,1,10.75,8,8.75819468124644,8.78559941195774,1
271,1,10.75,8,8.78559941195774,9.63921033306402,1
271,1,10.75,8,9.63921033306402,10.75,0
272,1,13.75,24,0,2.4930398821902,1
272,1,13.75,24,2.4930398821902,3.02743475398359,1
272,1,13.75,24,3.02743475398359,6.07845679543251,1
272,1,13.75,24,6.07845679543251,6.88871454231117,1
272,1,13.75,24,6.88871454231117,7.06945431178965,1
272,1,13.75,24,7.06945431178965,7.24753135941397,1
272,1,13.75,24,7.24753135941397,7.35936196386354,1
272,1,13.75,24,7.35936196386354,8.55394316227752,1
272,1,13.75,24,8.55394316227752,9.09058916999121,1
272,1,13.75,24,9.09058916999121,9.15000941037834,1
272,1,13.75,24,9.15000941037834,10.6524765913149,1
272,1,13.75,24,10.6524765913149,11.8925963742923,1
272,1,13.75,24,11.8925963742923,11.9438082119595,1
272,1,13.75,24,11.9438082119595,12.0355871487439,1
272,1,13.75,24,12.0355871487439,12.202211440759,1
272,1,13.75,24,12.202211440759,12.3892897097822,1
272,1,13.75,24,12.3892897097822,12.7882190136443,1
272,1,13.75,24,12.7882190136443,12.8756785606379,1
272,1,13.75,24,12.8756785606379,13.0381959376179,1
272,1,13.75,24,13.0381959376179,13.3436222206542,1
272,1,13.75,24,13.3436222206542,13.3663981838893,1
272,1,13.75,24,13.3663981838893,13.3926618677116,1
272,1,13.75,24,13.3926618677116,13.4323758718034,1
272,1,13.75,24,13.4323758718034,13.5630873289877,1
272,1,13.75,24,13.5630873289877,13.75,0
273,1,12.75,72,0,3.10188001665003,1
273,1,12.75,72,3.10188001665003,3.59743604918845,1
273,1,12.75,72,3.59743604918845,3.80925614866267,1
273,1,12.75,72,3.80925614866267,3.88501178051871,1
273,1,12.75,72,3.88501178051871,3.92096855478337,1
273,1,12.75,72,3.92096855478337,4.24208815933697,1
273,1,12.75,72,4.24208815933697,4.75917731992464,1
273,1,12.75,72,4.75917731992464,5.30466186661449,1
273,1,12.75,72,5.30466186661449,5.39717849945117,1
273,1,12.75,72,5.39717849945117,6.10779016528071,1
273,1,12.75,72,6.10779016528071,6.11389542237036,1
273,1,12.75,72,6.11389542237036,6.34156418260107,1
273,1,12.75,72,6.34156418260107,7.02922757594489,1
273,1,12.75,72,7.02922757594489,7.05837168715101,1
273,1,12.75,72,7.05837168715101,7.48483778145798,1
273,1,12.75,72,7.48483778145798,7.63645521448616,1
273,1,12.75,72,7.63645521448616,7.9009335711203,1
273,1,12.75,72,7.9009335711203,8.03201222422487,1
273,1,12.75,72,8.03201222422487,8.07350743511244,1
273,1,12.75,72,8.07350743511244,8.08380180116558,1
273,1,12.75,72,8.08380180116558,8.16409996054595,1
273,1,12.75,72,8.16409996054595,8.28156742009306,1
273,1,12.75,72,8.28156742009306,8.28847064453667,1
273,1,12.75,72,8.28847064453667,8.34749456234787,1
273,1,12.75,72,8.34749456234787,8.44508090060631,1
273,1,12.75,72,8.44508090060631,8.51738228898354,1
273,1,12.75,72,8.51738228898354,8.57096918129491,1
273,1,12.75,72,8.57096918129491,8.82084916344855,1
273,1,12.75,72,8.82084916344855,9.02831137726359,1
273,1,12.75,72,9.02831137726359,9.07458473023575,1
273,1,12.75,72,9.07458473023575,9.14869078801258,1
273,1,12.75,72,9.14869078801258,9.30120545544919,1
273,1,12.75,72,9.30120545544919,9.35707069541156,1
273,1,12.75,72,9.35707069541156,9.36517160305999,1
273,1,12.75,72,9.36517160305999,9.45515057314227,1
273,1,12.75,72,9.45515057314227,9.6742554992822,1
273,1,12.75,72,9.6742554992822,9.67868789664189,1
273,1,12.75,72,9.67868789664189,9.79481443659797,1
273,1,12.75,72,9.79481443659797,9.8513590446819,1
273,1,12.75,72,9.8513590446819,9.9856646179605,1
273,1,12.75,72,9.9856646179605,10.2552817123634,1
273,1,12.75,72,10.2552817123634,10.3756053622232,1
273,1,12.75,72,10.3756053622232,10.4206629522469,1
273,1,12.75,72,10.4206629522469,10.483017159165,1
273,1,12.75,72,10.483017159165,10.5673821951892,1
273,1,12.75,72,10.5673821951892,10.5845806889403,1
273,1,12.75,72,10.5845806889403,10.7448755004747,1
273,1,12.75,72,10.7448755004747,10.8363345058355,1
273,1,12.75,72,10.8363345058355,10.845063460506,1
273,1,12.75,72,10.845063460506,11.0647986175489,1
273,1,12.75,72,11.0647986175489,11.0663822416448,1
273,1,12.75,72,11.0663822416448,11.2340569742465,1
273,1,12.75,72,11.2340569742465,11.3266005595114,1
273,1,12.75,72,11.3266005595114,11.5044554133008,1
273,1,12.75,72,11.5044554133008,11.6609046009028,1
273,1,12.75,72,11.6609046009028,11.88693899435,1
273,1,12.75,72,11.88693899435,11.9589577566831,1
273,1,12.75,72,11.9589577566831,11.9997663515822,1
273,1,12.75,72,11.9997663515822,12.1273215056883,1
273,1,12.75,72,12.1273215056883,12.1683585924729,1
273,1,12.75,72,12.1683585924729,12.1970084172879,1
273,1,12.75,72,12.1970084172879,12.2951106346106,1
273,1,12.75,72,12.2951106346106,12.3145528351535,1
273,1,12.75,72,12.3145528351535,12.3686606916257,1
273,1,12.75,72,12.3686606916257,12.4124537262609,1
273,1,12.75,72,12.4124537262609,12.4160660618561,1
273,1,12.75,72,12.4160660618561,12.419857460126,1
273,1,12.75,72,12.419857460126,12.4435026466696,1
273,1,12.75,72,12.4435026466696,12.4653512558253,1
273,1,12.75,72,12.4653512558253,12.4809865200248,1
273,1,12.75,72,12.4809865200248,12.5021801006378,1
273,1,12.75,72,12.5021801006378,12.7166804261486,1
273,1,12.75,72,12.7166804261486,12.75,0
274,1,13.75,40,0,4.52772724649194,1
274,1,13.75,40,4.52772724649194,5.85133377090637,1
274,1,13.75,40,5.85133377090637,6.01536123421559,1
274,1,13.75,40,6.01536123421559,6.72275482170522,1
274,1,13.75,40,6.72275482170522,6.89559712135434,1
274,1,13.75,40,6.89559712135434,7.49143770590478,1
274,1,13.75,40,7.49143770590478,7.62189666191719,1
274,1,13.75,40,7.62189666191719,7.90013250870798,1
274,1,13.75,40,7.90013250870798,7.93513307290626,1
274,1,13.75,40,7.93513307290626,8.07553985587466,1
274,1,13.75,40,8.07553985587466,8.3249460605119,1
274,1,13.75,40,8.3249460605119,8.36864877869612,1
274,1,13.75,40,8.36864877869612,8.75224227365933,1
274,1,13.75,40,8.75224227365933,8.99492379637851,1
274,1,13.75,40,8.99492379637851,9.63114804907156,1
274,1,13.75,40,9.63114804907156,10.0380442016597,1
274,1,13.75,40,10.0380442016597,10.2338618476954,1
274,1,13.75,40,10.2338618476954,10.5262453720107,1
274,1,13.75,40,10.5262453720107,10.5413597633247,1
274,1,13.75,40,10.5413597633247,10.7680664987581,1
274,1,13.75,40,10.7680664987581,11.015961015057,1
274,1,13.75,40,11.015961015057,11.3504974227455,1
274,1,13.75,40,11.3504974227455,11.3584646278299,1
274,1,13.75,40,11.3584646278299,11.3686431862267,1
274,1,13.75,40,11.3686431862267,11.555669420469,1
274,1,13.75,40,11.555669420469,11.7339259207804,1
274,1,13.75,40,11.7339259207804,11.7954604764882,1
274,1,13.75,40,11.7954604764882,11.8306951437448,1
274,1,13.75,40,11.8306951437448,12.0559742276381,1
274,1,13.75,40,12.0559742276381,12.4471948331033,1
274,1,13.75,40,12.4471948331033,12.552883369197,1
274,1,13.75,40,12.552883369197,12.6966345722002,1
274,1,13.75,40,12.6966345722002,12.8214930381891,1
274,1,13.75,40,12.8214930381891,12.8397684759997,1
274,1,13.75,40,12.8397684759997,12.9596208957393,1
274,1,13.75,40,12.9596208957393,12.9956110868785,1
274,1,13.75,40,12.9956110868785,13.4284488331069,1
274,1,13.75,40,13.4284488331069,13.4985296169339,1
274,1,13.75,40,13.4985296169339,13.5349751534541,1
274,1,13.75,40,13.5349751534541,13.6244573129174,1
274,1,13.75,40,13.6244573129174,13.75,0
275,1,13.75,5,0,0.0570915186358423,1
275,1,13.75,5,0.0570915186358423,1.67480332641522,1
275,1,13.75,5,1.67480332641522,8.40478251703584,1
275,1,13.75,5,8.40478251703584,8.80978163081568,1
275,1,13.75,5,8.80978163081568,13.2989774697512,1
275,1,13.75,5,13.2989774697512,13.75,0
276,1,12.75,2,0,0.758653195263083,1
276,1,12.75,2,0.758653195263083,12.1867260234883,1
276,1,12.75,2,12.1867260234883,12.75,0
277,1,11.75,2,0,10.1151280927431,1
277,1,11.75,2,10.1151280927431,11.0083985218043,1
277,1,11.75,2,11.0083985218043,11.75,0
278,1,20.75,63,0,2.53134293138126,1
278,1,20.75,63,2.53134293138126,3.30457188574977,1
278,1,20.75,63,3.30457188574977,5.34176710895286,1
278,1,20.75,63,5.34176710895286,5.72042605984666,1
278,1,20.75,63,5.72042605984666,5.88715245413714,1
278,1,20.75,63,5.88715245413714,7.11425938465147,1
278,1,20.75,63,7.11425938465147,7.13008486595396,1
278,1,20.75,63,7.13008486595396,9.28117354282722,1
278,1,20.75,63,9.28117354282722,9.54787834184791,1
278,1,20.75,63,9.54787834184791,10.3195948755414,1
278,1,20.75,63,10.3195948755414,10.3839754847185,1
278,1,20.75,63,10.3839754847185,10.4461171326373,1
278,1,20.75,63,10.4461171326373,10.6298545430157,1
278,1,20.75,63,10.6298545430157,10.8036974569618,1
278,1,20.75,63,10.8036974569618,10.8932067296641,1
278,1,20.75,63,10.8932067296641,11.0310193042894,1
278,1,20.75,63,11.0310193042894,11.121364032758,1
278,1,20.75,63,11.121364032758,11.9748406650636,1
278,1,20.75,63,11.9748406650636,12.1560516961658,1
278,1,20.75,63,12.1560516961658,12.1757721147898,1
278,1,20.75,63,12.1757721147898,12.6849715728027,1
278,1,20.75,63,12.6849715728027,13.3350204946788,1
278,1,20.75,63,13.3350204946788,13.3399322630997,1
278,1,20.75,63,13.3399322630997,13.5638765737314,1
278,1,20.75,63,13.5638765737314,13.6039360555868,1
278,1,20.75,63,13.6039360555868,13.6180626494614,1
278,1,20.75,63,13.6180626494614,14.1393078938114,1
278,1,20.75,63,14.1393078938114,14.509302470138,1
278,1,20.75,63,14.509302470138,14.5858947917928,1
278,1,20.75,63,14.5858947917928,14.8259392841545,1
278,1,20.75,63,14.8259392841545,14.8631259291455,1
278,1,20.75,63,14.8631259291455,14.9976009904724,1
278,1,20.75,63,14.9976009904724,15.0627706866511,1
278,1,20.75,63,15.0627706866511,15.3534199425039,1
278,1,20.75,63,15.3534199425039,15.7292829173636,1
278,1,20.75,63,15.7292829173636,15.9068140900377,1
278,1,20.75,63,15.9068140900377,15.9532716051135,1
278,1,20.75,63,15.9532716051135,16.0243358211484,1
278,1,20.75,63,16.0243358211484,16.226120432225,1
278,1,20.75,63,16.226120432225,16.5609050346682,1
278,1,20.75,63,16.5609050346682,16.6780974501974,1
278,1,20.75,63,16.6780974501974,16.6939673818114,1
278,1,20.75,63,16.6939673818114,16.7310112531965,1
278,1,20.75,63,16.7310112531965,16.8818187364346,1
278,1,20.75,63,16.8818187364346,17.0703227589844,1
278,1,20.75,63,17.0703227589844,17.0752013129674,1
278,1,20.75,63,17.0752013129674,17.3110604115239,1
278,1,20.75,63,17.3110604115239,17.3472684675051,1
278,1,20.75,63,17.3472684675051,17.6795486490949,1
278,1,20.75,63,17.6795486490949,17.6825029408976,1
278,1,20.75,63,17.6825029408976,17.8659518767756,1
278,1,20.75,63,17.8659518767756,18.0313883247115,1
278,1,20.75,63,18.0313883247115,18.0337572238841,1
278,1,20.75,63,18.0337572238841,18.2581938927219,1
278,1,20.75,63,18.2581938927219,18.2753243526037,1
278,1,20.75,63,18.2753243526037,19.0822481538192,1
278,1,20.75,63,19.0822481538192,19.274314074879,1
278,1,20.75,63,19.274314074879,19.5976362929799,1
278,1,20.75,63,19.5976362929799,19.8238277510316,1
278,1,20.75,63,19.8238277510316,19.824842788366,1
278,1,20.75,63,19.824842788366,20.0028671153043,1
278,1,20.75,63,20.0028671153043,20.3174073805985,1
278,1,20.75,63,20.3174073805985,20.6590257735948,1
278,1,20.75,63,20.6590257735948,20.75,0
279,1,18.75,2,0,16.805049792119,1
279,1,18.75,2,16.805049792119,18.1639631540587,1
279,1,18.75,2,18.1639631540587,18.75,0
280,1,8.75,0,0,8.75,0
281,1,9.75,15,0,3.09165185859318,1
281,1,9.75,15,3.09165185859318,4.22756836522654,1
281,1,9.75,15,4.22756836522654,5.3775148852013,1
281,1,9.75,15,5.3775148852013,5.47799447874464,1
281,1,9.75,15,5.47799447874464,5.79754187664083,1
281,1,9.75,15,5.79754187664083,5.83200585241197,1
281,1,9.75,15,5.83200585241197,6.02920373684066,1
281,1,9.75,15,6.02920373684066,6.27359679864375,1
281,1,9.75,15,6.27359679864375,6.82992065804022,1
281,1,9.75,15,6.82992065804022,7.14319696859706,1
281,1,9.75,15,7.14319696859706,8.71607719163817,1
281,1,9.75,15,8.71607719163817,9.10238975134997,1
281,1,9.75,15,9.10238975134997,9.1410468432626,1
281,1,9.75,15,9.1410468432626,9.45312189100628,1
281,1,9.75,15,9.45312189100628,9.45679890668684,1
281,1,9.75,15,9.45679890668684,9.75,0
282,1,13.75,3,0,1.05068407662131,1
282,1,13.75,3,1.05068407662131,2.54662200624926,1
282,1,13.75,3,2.54662200624926,2.81745419263082,1
282,1,13.75,3,2.81745419263082,13.75,0
283,1,18.75,53,0,0.956714171123496,1
283,1,18.75,53,0.956714171123496,5.40177976361831,1
283,1,18.75,53,5.40177976361831,5.49831680009179,1
283,1,18.75,53,5.49831680009179,6.09026710224015,1
283,1,18.75,53,6.09026710224015,6.4219717197334,1
283,1,18.75,53,6.4219717197334,6.5002961763514,1
283,1,18.75,53,6.5002961763514,6.55404150087426,1
283,1,18.75,53,6.55404150087426,7.5362882131498,1
283,1,18.75,53,7.5362882131498,8.37935645408382,1
283,1,18.75,53,8.37935645408382,8.5517819350281,1
283,1,18.75,53,8.5517819350281,8.5907053200974,1
283,1,18.75,53,8.5907053200974,8.66261519445794,1
283,1,18.75,53,8.66261519445794,9.93973403035964,1
283,1,18.75,53,9.93973403035964,10.3809614684336,1
283,1,18.75,53,10.3809614684336,10.4374815087767,1
283,1,18.75,53,10.4374815087767,10.4727275735039,1
283,1,18.75,53,10.4727275735039,10.5175746344758,1
283,1,18.75,53,10.5175746344758,11.0811253893814,1
283,1,18.75,53,11.0811253893814,11.131970670346,1
283,1,18.75,53,11.131970670346,11.1512659389972,1
283,1,18.75,53,11.1512659389972,11.4854915710726,1
283,1,18.75,53,11.4854915710726,11.8399765827057,1
283,1,18.75,53,11.8399765827057,11.9055017425765,1
283,1,18.75,53,11.9055017425765,12.0715492407361,1
283,1,18.75,53,12.0715492407361,12.1426051129169,1
283,1,18.75,53,12.1426051129169,13.1633517808792,1
283,1,18.75,53,13.1633517808792,13.6943684182986,1
283,1,18.75,53,13.6943684182986,13.8756928987162,1
283,1,18.75,53,13.8756928987162,13.9933813069417,1
283,1,18.75,53,13.9933813069417,14.1123465549338,1
283,1,18.75,53,14.1123465549338,14.1473930243706,1
283,1,18.75,53,14.1473930243706,14.4401902240866,1
283,1,18.75,53,14.4401902240866,14.5114647952494,1
283,1,18.75,53,14.5114647952494,14.8265499034413,1
283,1,18.75,53,14.8265499034413,15.0493336868296,1
283,1,18.75,53,15.0493336868296,15.0563669103445,1
283,1,18.75,53,15.0563669103445,15.2059674894001,1
283,1,18.75,53,15.2059674894001,15.6067695194122,1
283,1,18.75,53,15.6067695194122,15.6759461670122,1
283,1,18.75,53,15.6759461670122,15.6912952430807,1
283,1,18.75,53,15.6912952430807,16.1766289382213,1
283,1,18.75,53,16.1766289382213,16.5806520473166,1
283,1,18.75,53,16.5806520473166,16.681091625901,1
283,1,18.75,53,16.681091625901,16.702035336543,1
283,1,18.75,53,16.702035336543,16.7450507550652,1
283,1,18.75,53,16.7450507550652,16.917583056458,1
283,1,18.75,53,16.917583056458,17.2067068383408,1
283,1,18.75,53,17.2067068383408,17.3748347591702,1
283,1,18.75,53,17.3748347591702,17.9255204429193,1
283,1,18.75,53,17.9255204429193,18.0656719480772,1
283,1,18.75,53,18.0656719480772,18.3369248078526,1
283,1,18.75,53,18.3369248078526,18.4966978041918,1
283,1,18.75,53,18.4966978041918,18.584500302839,1
283,1,18.75,53,18.584500302839,18.75,0
284,1,16.75,1,0,1.11934636264388,1
284,1,16.75,1,1.11934636264388,16.75,0
285,1,9.75,1,0,0.0969415234266957,1
285,1,9.75,1,0.0969415234266957,9.75,0
286,1,8.75,2,0,2.19794926343899,1
286,1,8.75,2,2.19794926343899,2.39468407412133,1
286,1,8.75,2,2.39468407412133,8.75,0
287,1,8.75,2,0,0.251106760799431,1
287,1,8.75,2,0.251106760799431,1.47658327875309,1
287,1,8.75,2,1.47658327875309,8.75,0
288,1,16.75,3,0,0.00295074565756635,1
288,1,16.75,3,0.00295074565756635,7.45397731891515,1
288,1,16.75,3,7.45397731891515,8.66148067231309,1
288,1,16.75,3,8.66148067231309,16.75,0
289,1,13.75,34,0,5.23558545631857,1
289,1,13.75,34,5.23558545631857,5.53947367679245,1
289,1,13.75,34,5.53947367679245,6.44231298138352,1
289,1,13.75,34,6.44231298138352,6.49047680701862,1
289,1,13.75,34,6.49047680701862,6.69783253186903,1
289,1,13.75,34,6.69783253186903,8.35573568146943,1
289,1,13.75,34,8.35573568146943,9.50567234435357,1
289,1,13.75,34,9.50567234435357,9.86877563528987,1
289,1,13.75,34,9.86877563528987,10.0196375016109,1
289,1,13.75,34,10.0196375016109,10.0758063380909,1
289,1,13.75,34,10.0758063380909,10.4152581377384,1
289,1,13.75,34,10.4152581377384,10.8154534491526,1
289,1,13.75,34,10.8154534491526,10.8545859721632,1
289,1,13.75,34,10.8545859721632,10.8703832923083,1
289,1,13.75,34,10.8703832923083,11.0615626071824,1
289,1,13.75,34,11.0615626071824,11.7484068735037,1
289,1,13.75,34,11.7484068735037,11.8241609406266,1
289,1,13.75,34,11.8241609406266,11.831620854369,1
289,1,13.75,34,11.831620854369,11.8368598556032,1
289,1,13.75,34,11.8368598556032,12.1264978223121,1
289,1,13.75,34,12.1264978223121,12.2066758550263,1
289,1,13.75,34,12.2066758550263,12.4074949979097,1
289,1,13.75,34,12.4074949979097,12.5493905379456,1
289,1,13.75,34,12.5493905379456,12.6489674169053,1
289,1,13.75,34,12.6489674169053,12.6818208364262,1
289,1,13.75,34,12.6818208364262,12.7443105652051,1
289,1,13.75,34,12.7443105652051,12.9029550718025,1
289,1,13.75,34,12.9029550718025,12.9355845407722,1
289,1,13.75,34,12.9355845407722,13.000751771695,1
289,1,13.75,34,13.000751771695,13.2444764297767,1
289,1,13.75,34,13.2444764297767,13.3768771698926,1
289,1,13.75,34,13.3768771698926,13.4565228015214,1
289,1,13.75,34,13.4565228015214,13.5783635792211,1
289,1,13.75,34,13.5783635792211,13.7313947412371,1
289,1,13.75,34,13.7313947412371,13.75,0
290,1,16.75,5,0,5.73235592834088,1
290,1,16.75,5,5.73235592834088,6.7277527282286,1
290,1,16.75,5,6.7277527282286,6.81128365169945,1
290,1,16.75,5,6.81128365169945,7.87942309241958,1
290,1,16.75,5,7.87942309241958,9.80239041241232,1
290,1,16.75,5,9.80239041241232,16.75,0
291,1,8.75,2,0,0.0422509433100299,1
291,1,8.75,2,0.0422509433100299,7.62995963838072,1
291,1,8.75,2,7.62995963838072,8.75,0
292,1,11.75,44,0,2.93736897678462,1
292,1,11.75,44,2.93736897678462,3.02749001427136,1
292,1,11.75,44,3.02749001427136,3.43626369144688,1
292,1,11.75,44,3.43626369144688,3.77260537558732,1
292,1,11.75,44,3.77260537558732,4.46338634218867,1
292,1,11.75,44,4.46338634218867,5.63154995965785,1
292,1,11.75,44,5.63154995965785,5.94464604300301,1
292,1,11.75,44,5.94464604300301,6.08024097440324,1
292,1,11.75,44,6.08024097440324,6.12271001802323,1
292,1,11.75,44,6.12271001802323,6.20272125131944,1
292,1,11.75,44,6.20272125131944,6.32455454869895,1
292,1,11.75,44,6.32455454869895,6.8578457941877,1
292,1,11.75,44,6.8578457941877,7.05354967828749,1
292,1,11.75,44,7.05354967828749,7.39069531767214,1
292,1,11.75,44,7.39069531767214,7.71652994865567,1
292,1,11.75,44,7.71652994865567,8.49774492470827,1
292,1,11.75,44,8.49774492470827,8.58526195613113,1
292,1,11.75,44,8.58526195613113,8.86262162333053,1
292,1,11.75,44,8.86262162333053,9.0193536247198,1
292,1,11.75,44,9.0193536247198,9.06034724118953,1
292,1,11.75,44,9.06034724118953,9.2638216851537,1
292,1,11.75,44,9.2638216851537,9.35877337705333,1
292,1,11.75,44,9.35877337705333,9.41469605489041,1
292,1,11.75,44,9.41469605489041,9.41839749170627,1
292,1,11.75,44,9.41839749170627,9.4534865513186,1
292,1,11.75,44,9.4534865513186,9.77378114502976,1
292,1,11.75,44,9.77378114502976,9.79173448212226,1
292,1,11.75,44,9.79173448212226,9.90595324816984,1
292,1,11.75,44,9.90595324816984,10.0885614328733,1
292,1,11.75,44,10.0885614328733,10.089173842369,1
292,1,11.75,44,10.089173842369,10.1434215272515,1
292,1,11.75,44,10.1434215272515,10.183372136849,1
292,1,11.75,44,10.183372136849,10.3615269365367,1
292,1,11.75,44,10.3615269365367,10.3934289797746,1
292,1,11.75,44,10.3934289797746,10.5527136440079,1
292,1,11.75,44,10.5527136440079,10.5602387518172,1
292,1,11.75,44,10.5602387518172,10.5880304979037,1
292,1,11.75,44,10.5880304979037,10.6473387878183,1
292,1,11.75,44,10.6473387878183,10.7269605220637,1
292,1,11.75,44,10.7269605220637,10.7383242544625,1
292,1,11.75,44,10.7383242544625,10.8744772991174,1
292,1,11.75,44,10.8744772991174,10.9089777277072,1
292,1,11.75,44,10.9089777277072,11.2659278646589,1
292,1,11.75,44,11.2659278646589,11.2702882393913,1
292,1,11.75,44,11.2702882393913,11.75,0
293,1,8.75,0,0,8.75,0
294,1,8.75,8,0,4.02151041046118,1
294,1,8.75,8,4.02151041046118,5.70911300274701,1
294,1,8.75,8,5.70911300274701,6.40113830824391,1
294,1,8.75,8,6.40113830824391,6.91274745949114,1
294,1,8.75,8,6.91274745949114,7.32093426379177,1
294,1,8.75,8,7.32093426379177,7.4230140067545,1
294,1,8.75,8,7.4230140067545,7.6631995529033,1
294,1,8.75,8,7.6631995529033,8.64621729528549,1
294,1,8.75,8,8.64621729528549,8.75,0
295,1,15.75,22,0,4.62067676672588,1
295,1,15.75,22,4.62067676672588,4.87595696965413,1
295,1,15.75,22,4.87595696965413,5.13114041758686,1
295,1,15.75,22,5.13114041758686,6.35633590351051,1
295,1,15.75,22,6.35633590351051,7.90274845846835,1
295,1,15.75,22,7.90274845846835,9.08170595383997,1
295,1,15.75,22,9.08170595383997,9.1911745927102,1
295,1,15.75,22,9.1911745927102,10.2964936140651,1
295,1,15.75,22,10.2964936140651,10.7178972357481,1
295,1,15.75,22,10.7178972357481,11.1743144625033,1
295,1,15.75,22,11.1743144625033,11.6733517268485,1
295,1,15.75,22,11.6733517268485,11.7305907657618,1
295,1,15.75,22,11.7305907657618,11.8114015369259,1
295,1,15.75,22,11.8114015369259,12.4493238758868,1
295,1,15.75,22,12.4493238758868,12.8670832921554,1
295,1,15.75,22,12.8670832921554,13.1874619057196,1
295,1,15.75,22,13.1874619057196,13.6165277863468,1
295,1,15.75,22,13.6165277863468,13.9821428887052,1
295,1,15.75,22,13.9821428887052,14.7060254125588,1
295,1,15.75,22,14.7060254125588,15.0324279521237,1
295,1,15.75,22,15.0324279521237,15.0767739925263,1
295,1,15.75,22,15.0767739925263,15.6160656555757,1
295,1,15.75,22,15.6160656555757,15.75,0
296,1,14.75,3,0,0.18975534080923,1
296,1,14.75,3,0.18975534080923,2.75764423950149,1
296,1,14.75,3,2.75764423950149,7.7553516003708,1
296,1,14.75,3,7.7553516003708,14.75,0
297,1,12.75,3,0,0.316008793757746,1
297,1,12.75,3,0.316008793757746,2.00438797857226,1
297,1,12.75,3,2.00438797857226,9.31580351430806,1
297,1,12.75,3,9.31580351430806,12.75,0
298,1,12.75,2,0,5.20993345358682,1
298,1,12.75,2,5.20993345358682,7.88941917862596,1
298,1,12.75,2,7.88941917862596,12.75,0
299,1,18.75,25,0,6.11834102890367,1
299,1,18.75,25,6.11834102890367,6.1294177534794,1
299,1,18.75,25,6.1294177534794,6.14207399044818,1
299,1,18.75,25,6.14207399044818,7.21581472434951,1
299,1,18.75,25,7.21581472434951,7.53283163106719,1
299,1,18.75,25,7.53283163106719,8.17604949612713,1
299,1,18.75,25,8.17604949612713,10.0986860591505,1
299,1,18.75,25,10.0986860591505,10.5024945148229,1
299,1,18.75,25,10.5024945148229,11.1627039406868,1
299,1,18.75,25,11.1627039406868,11.3666374355404,1
299,1,18.75,25,11.3666374355404,13.3915205886074,1
299,1,18.75,25,13.3915205886074,13.6733248997306,1
299,1,18.75,25,13.6733248997306,14.7047001210793,1
299,1,18.75,25,14.7047001210793,14.7895871235051,1
299,1,18.75,25,14.7895871235051,14.9058115171008,1
299,1,18.75,25,14.9058115171008,14.9205682453583,1
299,1,18.75,25,14.9205682453583,14.9569081220022,1
299,1,18.75,25,14.9569081220022,15.6837280388512,1
299,1,18.75,25,15.6837280388512,16.6607956280427,1
299,1,18.75,25,16.6607956280427,17.0413890581972,1
299,1,18.75,25,17.0413890581972,17.5358435410663,1
299,1,18.75,25,17.5358435410663,17.8153547459551,1
299,1,18.75,25,17.8153547459551,17.9645929059392,1
299,1,18.75,25,17.9645929059392,17.9809302249513,1
299,1,18.75,25,17.9809302249513,18.0609553328512,1
299,1,18.75,25,18.0609553328512,18.75,0
300,1,17.75,1,0,3.51056702179601,1
300,1,17.75,1,3.51056702179601,17.75,0
301,0,14.75,27,0,3.45253416411094,1
301,0,14.75,27,3.45253416411094,5.02099625883726,1
301,0,14.75,27,5.02099625883726,7.00606028822627,1
301,0,14.75,27,7.00606028822627,7.00939610047395,1
301,0,14.75,27,7.00939610047395,7.5314600872324,1
301,0,14.75,27,7.5314600872324,8.06117887326765,1
301,0,14.75,27,8.06117887326765,8.86610550625736,1
301,0,14.75,27,8.86610550625736,9.02126283349568,1
301,0,14.75,27,9.02126283349568,9.15666242792149,1
301,0,14.75,27,9.15666242792149,9.21273477564205,1
301,0,14.75,27,9.21273477564205,9.64673567901728,1
301,0,14.75,27,9.64673567901728,9.68913452524266,1
301,0,14.75,27,9.68913452524266,10.5068326130969,1
301,0,14.75,27,10.5068326130969,10.6931086708953,1
301,0,14.75,27,10.6931086708953,10.8424551965065,1
301,0,14.75,27,10.8424551965065,10.8835783569263,1
301,0,14.75,27,10.8835783569263,11.0788548189064,1
301,0,14.75,27,11.0788548189064,11.8918266462463,1
301,0,14.75,27,11.8918266462463,12.0309714617792,1
301,0,14.75,27,12.0309714617792,12.1938809203083,1
301,0,14.75,27,12.1938809203083,12.7936240898092,1
301,0,14.75,27,12.7936240898092,12.9473726684208,1
301,0,14.75,27,12.9473726684208,13.1494041722094,1
301,0,14.75,27,13.1494041722094,14.072543773881,1
301,0,14.75,27,14.072543773881,14.1304911201076,1
301,0,14.75,27,14.1304911201076,14.1622190242903,1
301,0,14.75,27,14.1622190242903,14.3225326783904,1
301,0,14.75,27,14.3225326783904,14.75,0
302,0,13.75,8,0,2.77955385654791,1
302,0,13.75,8,2.77955385654791,6.98630977675281,1
302,0,13.75,8,6.98630977675281,9.30106498984369,1
302,0,13.75,8,9.30106498984369,9.92732007802929,1
302,0,13.75,8,9.92732007802929,10.2276664254247,1
302,0,13.75,8,10.2276664254247,11.0483413701041,1
302,0,13.75,8,11.0483413701041,11.0562758448618,1
302,0,13.75,8,11.0562758448618,13.7072171684798,1
302,0,13.75,8,13.7072171684798,13.75,0
303,0,11.75,16,0,3.74359890092149,1
303,0,11.75,16,3.74359890092149,4.85929841456536,1
303,0,11.75,16,4.85929841456536,5.3697089988799,1
303,0,11.75,16,5.3697089988799,5.48489091033155,1
303,0,11.75,16,5.48489091033155,5.83426928420742,1
303,0,11.75,16,5.83426928420742,6.18419791989584,1
303,0,11.75,16,6.18419791989584,6.79612897388841,1
303,0,11.75,16,6.79612897388841,7.28381014276289,1
303,0,11.75,16,7.28381014276289,7.36454941187396,1
303,0,11.75,16,7.36454941187396,7.83991783030339,1
303,0,11.75,16,7.83991783030339,9.10078501931259,1
303,0,11.75,16,9.10078501931259,9.55566248707626,1
303,0,11.75,16,9.55566248707626,10.0969781469389,1
303,0,11.75,16,10.0969781469389,10.7020191579858,1
303,0,11.75,16,10.7020191579858,11.1433247930589,1
303,0,11.75,16,11.1433247930589,11.3779384115482,1
303,0,11.75,16,11.3779384115482,11.75,0
304,0,14.75,1,0,3.15536500732028,1
304,0,14.75,1,3.15536500732028,14.75,0
305,0,13.75,0,0,13.75,0
306,0,10.75,0,0,10.75,0
307,0,11.75,3,0,0.301993587585853,1
307,0,11.75,3,0.301993587585853,0.350310220045683,1
307,0,11.75,3,0.350310220045683,4.80924597715537,1
307,0,11.75,3,4.80924597715537,11.75,0
308,0,11.75,5,0,0.169916137160009,1
308,0,11.75,5,0.169916137160009,1.59959826835393,1
308,0,11.75,5,1.59959826835393,2.49177644481115,1
308,0,11.75,5,2.49177644481115,3.61336286404997,1
308,0,11.75,5,3.61336286404997,9.06848765486763,1
308,0,11.75,5,9.06848765486763,11.75,0
309,0,16.75,51,0,2.75334425064442,1
309,0,16.75,51,2.75334425064442,4.3798383739834,1
309,0,16.75,51,4.3798383739834,5.14561026949414,1
309,0,16.75,51,5.14561026949414,5.17268324442395,1
309,0,16.75,51,5.17268324442395,5.3618462560733,1
309,0,16.75,51,5.3618462560733,5.50665631140716,1
309,0,16.75,51,5.50665631140716,5.82579242458008,1
309,0,16.75,51,5.82579242458008,6.12645713938918,1
309,0,16.75,51,6.12645713938918,6.41880214603319,1
309,0,16.75,51,6.41880214603319,6.64066818320734,1
309,0,16.75,51,6.64066818320734,7.63251691153248,1
309,0,16.75,51,7.63251691153248,7.96799486041277,1
309,0,16.75,51,7.96799486041277,8.74586772886001,1
309,0,16.75,51,8.74586772886001,8.85696573217029,1
309,0,16.75,51,8.85696573217029,9.40957742266227,1
309,0,16.75,51,9.40957742266227,9.85061915464157,1
309,0,16.75,51,9.85061915464157,9.87887240222639,1
309,0,16.75,51,9.87887240222639,9.99902323188287,1
309,0,16.75,51,9.99902323188287,10.1740390228561,1
309,0,16.75,51,10.1740390228561,10.9961491325841,1
309,0,16.75,51,10.9961491325841,11.0022602330047,1
309,0,16.75,51,11.0022602330047,11.3813581398791,1
309,0,16.75,51,11.3813581398791,11.7159763336349,1
309,0,16.75,51,11.7159763336349,12.4871133134993,1
309,0,16.75,51,12.4871133134993,12.5442815442651,1
309,0,16.75,51,12.5442815442651,12.8130479546835,1
309,0,16.75,51,12.8130479546835,12.8231752994417,1
309,0,16.75,51,12.8231752994417,12.8797677752966,1
309,0,16.75,51,12.8797677752966,12.9372123132315,1
309,0,16.75,51,12.9372123132315,13.2076030026464,1
309,0,16.75,51,13.2076030026464,13.2794443111679,1
309,0,16.75,51,13.2794443111679,13.4277315994895,1
309,0,16.75,51,13.4277315994895,13.451694856748,1
309,0,16.75,51,13.451694856748,13.8218132425842,1
309,0,16.75,51,13.8218132425842,14.0197775644033,1
309,0,16.75,51,14.0197775644033,14.0834597181111,1
309,0,16.75,51,14.0834597181111,14.5658715665389,1
309,0,16.75,51,14.5658715665389,14.8636690324559,1
309,0,16.75,51,14.8636690324559,14.8820166189565,1
309,0,16.75,51,14.8820166189565,14.9893691900421,1
309,0,16.75,51,14.9893691900421,15.0268605610532,1
309,0,16.75,51,15.0268605610532,15.1200183157566,1
309,0,16.75,51,15.1200183157566,15.1208293358343,1
309,0,16.75,51,15.1208293358343,15.2035405323051,1
309,0,16.75,51,15.2035405323051,15.5240965847022,1
309,0,16.75,51,15.5240965847022,15.7244567484153,1
309,0,16.75,51,15.7244567484153,15.7576361827536,1
309,0,16.75,51,15.7576361827536,15.8462195744823,1
309,0,16.75,51,15.8462195744823,15.9129764243677,1
309,0,16.75,51,15.9129764243677,16.0670253457154,1
309,0,16.75,51,16.0670253457154,16.330809366494,1
309,0,16.75,51,16.330809366494,16.75,0
310,0,16.75,31,0,2.62717037160435,1
310,0,16.75,31,2.62717037160435,2.81819550684557,1
310,0,16.75,31,2.81819550684557,5.22815649273134,1
310,0,16.75,31,5.22815649273134,5.53231550213117,1
310,0,16.75,31,5.53231550213117,5.79222936386222,1
310,0,16.75,31,5.79222936386222,5.79790762901604,1
310,0,16.75,31,5.79790762901604,6.47154412186439,1
310,0,16.75,31,6.47154412186439,6.75237576748254,1
310,0,16.75,31,6.75237576748254,7.16900541889018,1
310,0,16.75,31,7.16900541889018,7.56284810325318,1
310,0,16.75,31,7.56284810325318,7.93953508130559,1
310,0,16.75,31,7.93953508130559,10.0483829859332,1
310,0,16.75,31,10.0483829859332,10.3989758103737,1
310,0,16.75,31,10.3989758103737,10.4339808937545,1
310,0,16.75,31,10.4339808937545,10.4939390403896,1
310,0,16.75,31,10.4939390403896,10.9139578056578,1
310,0,16.75,31,10.9139578056578,11.5025078063205,1
310,0,16.75,31,11.5025078063205,11.5062166021521,1
310,0,16.75,31,11.5062166021521,12.1649576133406,1
310,0,16.75,31,12.1649576133406,12.4828116788555,1
310,0,16.75,31,12.4828116788555,12.7151283995279,1
310,0,16.75,31,12.7151283995279,13.668512808008,1
310,0,16.75,31,13.668512808008,13.6894636829156,1
310,0,16.75,31,13.6894636829156,13.7983457784152,1
310,0,16.75,31,13.7983457784152,13.8593180354217,1
310,0,16.75,31,13.8593180354217,13.9499605790544,1
310,0,16.75,31,13.9499605790544,13.9756449885763,1
310,0,16.75,31,13.9756449885763,14.0440530854341,1
310,0,16.75,31,14.0440530854341,15.3393133309739,1
310,0,16.75,31,15.3393133309739,16.195012761957,1
310,0,16.75,31,16.195012761957,16.4884311992905,1
310,0,16.75,31,16.4884311992905,16.75,0
311,0,8.75,6,0,5.60857905814581,1
311,0,8.75,6,5.60857905814581,7.10942614758516,1
311,0,8.75,6,7.10942614758516,7.24683781970287,1
311,0,8.75,6,7.24683781970287,8.10895140450699,1
311,0,8.75,6,8.10895140450699,8.23324616529659,1
311,0,8.75,6,8.23324616529659,8.25061517418167,1
311,0,8.75,6,8.25061517418167,8.75,0
312,0,17.75,41,0,2.09163530521714,1
312,0,17.75,41,2.09163530521714,5.67066336119532,1
312,0,17.75,41,5.67066336119532,7.15334040506936,1
312,0,17.75,41,7.15334040506936,7.52529549869892,1
312,0,17.75,41,7.52529549869892,8.20752320180042,1
312,0,17.75,41,8.20752320180042,9.06199449998658,1
312,0,17.75,41,9.06199449998658,9.81199978765975,1
312,0,17.75,41,9.81199978765975,10.6442162052689,1
312,0,17.75,41,10.6442162052689,10.7994487348315,1
312,0,17.75,41,10.7994487348315,10.8550649951031,1
312,0,17.75,41,10.8550649951031,11.3842679358564,1
312,0,17.75,41,11.3842679358564,11.8625351006594,1
312,0,17.75,41,11.8625351006594,11.8885351899725,1
312,0,17.75,41,11.8885351899725,12.7496089937367,1
312,0,17.75,41,12.7496089937367,12.8521251656725,1
312,0,17.75,41,12.8521251656725,12.9601421809284,1
312,0,17.75,41,12.9601421809284,12.9732914571067,1
312,0,17.75,41,12.9732914571067,13.0797576697764,1
312,0,17.75,41,13.0797576697764,13.4204300025591,1
312,0,17.75,41,13.4204300025591,13.7171753223084,1
312,0,17.75,41,13.7171753223084,14.3044980030481,1
312,0,17.75,41,14.3044980030481,14.400028239562,1
312,0,17.75,41,14.400028239562,14.4231458760257,1
312,0,17.75,41,14.4231458760257,14.4544636531238,1
312,0,17.75,41,14.4544636531238,14.6348067165397,1
312,0,17.75,41,14.6348067165397,14.6998903972519,1
312,0,17.75,41,14.6998903972519,15.073487818819,1
312,0,17.75,41,15.073487818819,15.2055241599959,1
312,0,17.75,41,15.2055241599959,15.2637218758345,1
312,0,17.75,41,15.2637218758345,15.4627827820134,1
312,0,17.75,41,15.4627827820134,15.7200014667364,1
312,0,17.75,41,15.7200014667364,15.8473151192918,1
312,0,17.75,41,15.8473151192918,16.0770936895196,1
312,0,17.75,41,16.0770936895196,16.2631706140027,1
312,0,17.75,41,16.2631706140027,16.3051163274547,1
312,0,17.75,41,16.3051163274547,16.6259861870917,1
312,0,17.75,41,16.6259861870917,17.0212929447031,1
312,0,17.75,41,17.0212929447031,17.0645857486385,1
312,0,17.75,41,17.0645857486385,17.1310890736836,1
312,0,17.75,41,17.1310890736836,17.2827398164669,1
312,0,17.75,41,17.2827398164669,17.5361551711934,1
312,0,17.75,41,17.5361551711934,17.75,0
313,0,16.75,2,0,3.00203899126985,1
313,0,16.75,2,3.00203899126985,15.2002929295786,1
313,0,16.75,2,15.2002929295786,16.75,0
314,0,18.75,36,0,3.91514353247729,1
314,0,18.75,36,3.91514353247729,4.11763202378326,1
314,0,18.75,36,4.11763202378326,5.38816824829344,1
314,0,18.75,36,5.38816824829344,8.43393731439617,1
314,0,18.75,36,8.43393731439617,8.99590444708947,1
314,0,18.75,36,8.99590444708947,10.3348615720597,1
314,0,18.75,36,10.3348615720597,10.6058458130952,1
314,0,18.75,36,10.6058458130952,10.6202309512852,1
314,0,18.75,36,10.6202309512852,10.8435129960997,1
314,0,18.75,36,10.8435129960997,11.1613521365906,1
314,0,18.75,36,11.1613521365906,12.1091872060575,1
314,0,18.75,36,12.1091872060575,12.1244243553228,1
314,0,18.75,36,12.1244243553228,12.7139995229255,1
314,0,18.75,36,12.7139995229255,13.5076772263117,1
314,0,18.75,36,13.5076772263117,13.7894739032854,1
314,0,18.75,36,13.7894739032854,13.8324080175988,1
314,0,18.75,36,13.8324080175988,14.0065818972099,1
314,0,18.75,36,14.0065818972099,14.2053267008522,1
314,0,18.75,36,14.2053267008522,14.5269363108202,1
314,0,18.75,36,14.5269363108202,14.5531441196331,1
314,0,18.75,36,14.5531441196331,14.6931636701088,1
314,0,18.75,36,14.6931636701088,14.9814905446824,1
314,0,18.75,36,14.9814905446824,15.5124992630953,1
314,0,18.75,36,15.5124992630953,15.8020795395599,1
314,0,18.75,36,15.8020795395599,16.2271482803364,1
314,0,18.75,36,16.2271482803364,16.8031066608761,1
314,0,18.75,36,16.8031066608761,17.0006832252508,1
314,0,18.75,36,17.0006832252508,17.0150749307613,1
314,0,18.75,36,17.0150749307613,17.9655408873677,1
314,0,18.75,36,17.9655408873677,18.0849727373431,1
314,0,18.75,36,18.0849727373431,18.2236040358008,1
314,0,18.75,36,18.2236040358008,18.4220672816038,1
314,0,18.75,36,18.4220672816038,18.4984908021107,1
314,0,18.75,36,18.4984908021107,18.5146400113921,1
314,0,18.75,36,18.5146400113921,18.6791522612566,1
314,0,18.75,36,18.6791522612566,18.7311229741121,1
314,0,18.75,36,18.7311229741121,18.75,0
315,0,8.75,0,0,8.75,0
316,0,11.75,1,0,1.6813422091639,1
316,0,11.75,1,1.6813422091639,11.75,0
317,0,14.75,1,0,1.94340352699382,1
317,0,14.75,1,1.94340352699382,14.75,0
318,0,10.75,1,0,6.20413605102051,1
318,0,10.75,1,6.20413605102051,10.75,0
319,0,13.75,4,0,0.831932961962778,1
319,0,13.75,4,0.831932961962778,7.50720920336866,1
319,0,13.75,4,7.50720920336866,7.73264730859877,1
319,0,13.75,4,7.73264730859877,7.83031228052828,1
319,0,13.75,4,7.83031228052828,13.75,0
320,0,15.75,1,0,14.5274897785412,1
320,0,15.75,1,14.5274897785412,15.75,0
321,0,12.75,19,0,1.25633422514212,1
321,0,12.75,19,1.25633422514212,4.17598529750423,1
321,0,12.75,19,4.17598529750423,4.24147480075291,1
321,0,12.75,19,4.24147480075291,7.48516540381151,1
321,0,12.75,19,7.48516540381151,7.6994586968791,1
321,0,12.75,19,7.6994586968791,7.93649273866781,1
321,0,12.75,19,7.93649273866781,8.00828436438119,1
321,0,12.75,19,8.00828436438119,9.09924318887751,1
321,0,12.75,19,9.09924318887751,9.1922319788097,1
321,0,12.75,19,9.1922319788097,9.20020278743018,1
321,0,12.75,19,9.20020278743018,9.2112599651868,1
321,0,12.75,19,9.2112599651868,9.9236006737516,1
321,0,12.75,19,9.9236006737516,10.1118592791433,1
321,0,12.75,19,10.1118592791433,10.5133304156756,1
321,0,12.75,19,10.5133304156756,11.7982959203273,1
321,0,12.75,19,11.7982959203273,11.9126688471226,1
321,0,12.75,19,11.9126688471226,12.6001447438676,1
321,0,12.75,19,12.6001447438676,12.6085532671801,1
321,0,12.75,19,12.6085532671801,12.7007712891583,1
321,0,12.75,19,12.7007712891583,12.75,0
322,0,17.75,40,0,3.22112433551139,1
322,0,17.75,40,3.22112433551139,4.94362350853996,1
322,0,17.75,40,4.94362350853996,5.83368761027666,1
322,0,17.75,40,5.83368761027666,6.56088396658592,1
322,0,17.75,40,6.56088396658592,6.69782080706469,1
322,0,17.75,40,6.69782080706469,8.0926627929401,1
322,0,17.75,40,8.0926627929401,8.18548096997939,1
322,0,17.75,40,8.18548096997939,8.51531551297789,1
322,0,17.75,40,8.51531551297789,9.82098342288358,1
322,0,17.75,40,9.82098342288358,10.284702541851,1
322,0,17.75,40,10.284702541851,10.4966386125375,1
322,0,17.75,40,10.4966386125375,10.7597322306376,1
322,0,17.75,40,10.7597322306376,11.5697094910219,1
322,0,17.75,40,11.5697094910219,11.645393970637,1
322,0,17.75,40,11.645393970637,11.7876031967916,1
322,0,17.75,40,11.7876031967916,11.9157927271424,1
322,0,17.75,40,11.9157927271424,12.46992015116,1
322,0,17.75,40,12.46992015116,12.6329118600785,1
322,0,17.75,40,12.6329118600785,13.2132733198973,1
322,0,17.75,40,13.2132733198973,13.4494658281595,1
322,0,17.75,40,13.4494658281595,13.4601021480323,1
322,0,17.75,40,13.4601021480323,13.5510359571856,1
322,0,17.75,40,13.5510359571856,13.8641548546756,1
322,0,17.75,40,13.8641548546756,14.0328206835475,1
322,0,17.75,40,14.0328206835475,14.1295896662615,1
322,0,17.75,40,14.1295896662615,14.2338872703088,1
322,0,17.75,40,14.2338872703088,14.2847554932233,1
322,0,17.75,40,14.2847554932233,14.4683760711026,1
322,0,17.75,40,14.4683760711026,14.6316505651608,1
322,0,17.75,40,14.6316505651608,14.942143907827,1
322,0,17.75,40,14.942143907827,14.9559333977121,1
322,0,17.75,40,14.9559333977121,15.5564891859314,1
322,0,17.75,40,15.5564891859314,15.7775665183764,1
322,0,17.75,40,15.7775665183764,15.7814646264896,1
322,0,17.75,40,15.7814646264896,15.8799849862922,1
322,0,17.75,40,15.8799849862922,16.0617567793105,1
322,0,17.75,40,16.0617567793105,16.0889086989647,1
322,0,17.75,40,16.0889086989647,16.1222609231798,1
322,0,17.75,40,16.1222609231798,16.1829147801373,1
322,0,17.75,40,16.1829147801373,17.2556453344181,1
322,0,17.75,40,17.2556453344181,17.75,0
323,0,17.75,0,0,17.75,0
324,0,18.75,0,0,18.75,0
325,0,16.75,0,0,16.75,0
326,0,14.75,1,0,0.347176676654849,1
326,0,14.75,1,0.347176676654849,14.75,0
327,0,8.75,2,0,0.0790647120690819,1
327,0,8.75,2,0.0790647120690819,1.89529607271613,1
327,0,8.75,2,1.89529607271613,8.75,0
328,0,11.75,14,0,1.29653901605477,1
328,0,11.75,14,1.29653901605477,3.60709003899823,1
328,0,11.75,14,3.60709003899823,4.23659439645671,1
328,0,11.75,14,4.23659439645671,5.12032238103805,1
328,0,11.75,14,5.12032238103805,8.90908997017829,1
328,0,11.75,14,8.90908997017829,9.49852559013349,1
328,0,11.75,14,9.49852559013349,9.63303634198157,1
328,0,11.75,14,9.63303634198157,9.64723682281815,1
328,0,11.75,14,9.64723682281815,9.84622119216661,1
328,0,11.75,14,9.84622119216661,10.9694266026206,1
328,0,11.75,14,10.9694266026206,11.1357829728266,1
328,0,11.75,14,11.1357829728266,11.2504677382598,1
328,0,11.75,14,11.2504677382598,11.4377523844986,1
328,0,11.75,14,11.4377523844986,11.643012524664,1
328,0,11.75,14,11.643012524664,11.75,0
329,0,14.75,2,0,0.90424977065232,1
329,0,14.75,2,0.90424977065232,2.82982286144617,1
329,0,14.75,2,2.82982286144617,14.75,0
330,0,14.75,33,0,3.43716175524396,1
330,0,14.75,33,3.43716175524396,6.8279798028499,1
330,0,14.75,33,6.8279798028499,6.91422175009033,1
330,0,14.75,33,6.91422175009033,7.2623699106605,1
330,0,14.75,33,7.2623699106605,7.36828810157603,1
330,0,14.75,33,7.36828810157603,7.53218956100203,1
330,0,14.75,33,7.53218956100203,7.60091018967933,1
330,0,14.75,33,7.60091018967933,8.1395390808829,1
330,0,14.75,33,8.1395390808829,8.16782627133285,1
330,0,14.75,33,8.16782627133285,9.04303404349774,1
330,0,14.75,33,9.04303404349774,9.3947332228589,1
330,0,14.75,33,9.3947332228589,9.99477832614508,1
330,0,14.75,33,9.99477832614508,9.99561239771439,1
330,0,14.75,33,9.99561239771439,10.0268729496239,1
330,0,14.75,33,10.0268729496239,10.0447331949443,1
330,0,14.75,33,10.0447331949443,10.3779908116637,1
330,0,14.75,33,10.3779908116637,10.8091888504543,1
330,0,14.75,33,10.8091888504543,10.837633218169,1
330,0,14.75,33,10.837633218169,10.9063906906215,1
330,0,14.75,33,10.9063906906215,11.5365070320999,1
330,0,14.75,33,11.5365070320999,11.5741502246066,1
330,0,14.75,33,11.5741502246066,11.7724820262809,1
330,0,14.75,33,11.7724820262809,12.0806049313449,1
330,0,14.75,33,12.0806049313449,13.4671889149295,1
330,0,14.75,33,13.4671889149295,13.5561053131432,1
330,0,14.75,33,13.5561053131432,13.5623590429542,1
330,0,14.75,33,13.5623590429542,13.7006733236287,1
330,0,14.75,33,13.7006733236287,13.9627531541716,1
330,0,14.75,33,13.9627531541716,14.1753870876544,1
330,0,14.75,33,14.1753870876544,14.2350843514716,1
330,0,14.75,33,14.2350843514716,14.5973273009957,1
330,0,14.75,33,14.5973273009957,14.6195795319724,1
330,0,14.75,33,14.6195795319724,14.6289960217017,1
330,0,14.75,33,14.6289960217017,14.75,0
331,0,16.75,1,0,14.7815320574119,1
331,0,16.75,1,14.7815320574119,16.75,0
332,0,8.75,3,0,1.96365490763024,1
332,0,8.75,3,1.96365490763024,6.11707140987278,1
332,0,8.75,3,6.11707140987278,7.83192048720312,1
332,0,8.75,3,7.83192048720312,8.75,0
333,0,9.75,3,0,5.37708959433783,1
333,0,9.75,3,5.37708959433783,6.10597453163852,1
333,0,9.75,3,6.10597453163852,6.84172721643453,1
333,0,9.75,3,6.84172721643453,9.75,0
334,0,11.75,1,0,0.416854169204658,1
334,0,11.75,1,0.416854169204658,11.75,0
335,0,12.75,8,0,6.37877301296227,1
335,0,12.75,8,6.37877301296227,6.56462054773516,1
335,0,12.75,8,6.56462054773516,7.68818870640299,1
335,0,12.75,8,7.68818870640299,9.43693382457676,1
335,0,12.75,8,9.43693382457676,9.85485584312214,1
335,0,12.75,8,9.85485584312214,9.86519068189641,1
335,0,12.75,8,9.86519068189641,11.1503482307946,1
335,0,12.75,8,11.1503482307946,12.2684379065458,1
335,0,12.75,8,12.2684379065458,12.75,0
336,0,9.75,12,0,2.87320003064801,1
336,0,9.75,12,2.87320003064801,3.68355904346572,1
336,0,9.75,12,3.68355904346572,3.96019326505334,1
336,0,9.75,12,3.96019326505334,4.54910797663564,1
336,0,9.75,12,4.54910797663564,6.66247663408167,1
336,0,9.75,12,6.66247663408167,6.98809157633983,1
336,0,9.75,12,6.98809157633983,7.18562140064107,1
336,0,9.75,12,7.18562140064107,7.26951603585914,1
336,0,9.75,12,7.26951603585914,7.49339184534238,1
336,0,9.75,12,7.49339184534238,8.43559535728033,1
336,0,9.75,12,8.43559535728033,8.96837429578297,1
336,0,9.75,12,8.96837429578297,9.14030334233244,1
336,0,9.75,12,9.14030334233244,9.75,0
337,0,15.75,25,0,2.84924430516829,1
337,0,15.75,25,2.84924430516829,3.66098135877434,1
337,0,15.75,25,3.66098135877434,8.15119621497039,1
337,0,15.75,25,8.15119621497039,8.38042790981824,1
337,0,15.75,25,8.38042790981824,10.1817477835853,1
337,0,15.75,25,10.1817477835853,11.2237629767363,1
337,0,15.75,25,11.2237629767363,12.3222044480657,1
337,0,15.75,25,12.3222044480657,12.388435813456,1
337,0,15.75,25,12.388435813456,12.6505969236439,1
337,0,15.75,25,12.6505969236439,12.680856529187,1
337,0,15.75,25,12.680856529187,12.7180419373777,1
337,0,15.75,25,12.7180419373777,12.7411851808011,1
337,0,15.75,25,12.7411851808011,12.8303633152362,1
337,0,15.75,25,12.8303633152362,12.9455218988931,1
337,0,15.75,25,12.9455218988931,13.3613221730085,1
337,0,15.75,25,13.3613221730085,13.3985023363765,1
337,0,15.75,25,13.3985023363765,13.5553767639865,1
337,0,15.75,25,13.5553767639865,13.5779813567174,1
337,0,15.75,25,13.5779813567174,14.4667736712665,1
337,0,15.75,25,14.4667736712665,14.8247503692239,1
337,0,15.75,25,14.8247503692239,14.8445292610051,1
337,0,15.75,25,14.8445292610051,14.898697454835,1
337,0,15.75,25,14.898697454835,14.9890651731491,1
337,0,15.75,25,14.9890651731491,15.2031107552958,1
337,0,15.75,25,15.2031107552958,15.3813102398441,1
337,0,15.75,25,15.3813102398441,15.75,0
338,0,19.75,1,0,9.11749004508424,1
338,0,19.75,1,9.11749004508424,19.75,0
339,0,17.75,3,0,2.02702467963354,1
339,0,17.75,3,2.02702467963354,3.55501344822804,1
339,0,17.75,3,3.55501344822804,15.4748012631466,1
339,0,17.75,3,15.4748012631466,17.75,0
340,0,13.75,3,0,0.050933133903739,1
340,0,13.75,3,0.050933133903739,0.416231686734058,1
340,0,13.75,3,0.416231686734058,7.45003085140228,1
340,0,13.75,3,7.45003085140228,13.75,0
341,0,13.75,47,0,1.98898585119825,1
341,0,13.75,47,1.98898585119825,2.08521056577173,1
341,0,13.75,47,2.08521056577173,2.72750772890833,1
341,0,13.75,47,2.72750772890833,3.34341554528852,1
341,0,13.75,47,3.34341554528852,3.93559187094733,1
341,0,13.75,47,3.93559187094733,4.29471314837627,1
341,0,13.75,47,4.29471314837627,4.64666231734158,1
341,0,13.75,47,4.64666231734158,5.65120779013666,1
341,0,13.75,47,5.65120779013666,6.25028598338319,1
341,0,13.75,47,6.25028598338319,6.62861854810522,1
341,0,13.75,47,6.62861854810522,6.89280193383881,1
341,0,13.75,47,6.89280193383881,7.05912833180808,1
341,0,13.75,47,7.05912833180808,7.23372771297611,1
341,0,13.75,47,7.23372771297611,7.51340554749063,1
341,0,13.75,47,7.51340554749063,7.89535120690382,1
341,0,13.75,47,7.89535120690382,8.08226854504244,1
341,0,13.75,47,8.08226854504244,8.08416817436612,1
341,0,13.75,47,8.08416817436612,8.90236134730397,1
341,0,13.75,47,8.90236134730397,9.14236230507652,1
341,0,13.75,47,9.14236230507652,9.35668269466655,1
341,0,13.75,47,9.35668269466655,9.47822020946942,1
341,0,13.75,47,9.47822020946942,9.72325944754068,1
341,0,13.75,47,9.72325944754068,9.76507113460166,1
341,0,13.75,47,9.76507113460166,10.5308982488202,1
341,0,13.75,47,10.5308982488202,10.6711279244028,1
341,0,13.75,47,10.6711279244028,10.6884793654283,1
341,0,13.75,47,10.6884793654283,11.0937130677192,1
341,0,13.75,47,11.0937130677192,11.2916464412292,1
341,0,13.75,47,11.2916464412292,11.3415580684086,1
341,0,13.75,47,11.3415580684086,11.3452288065618,1
341,0,13.75,47,11.3452288065618,11.3500058864323,1
341,0,13.75,47,11.3500058864323,11.5500779557937,1
341,0,13.75,47,11.5500779557937,11.6571035851811,1
341,0,13.75,47,11.6571035851811,11.778387393953,1
341,0,13.75,47,11.778387393953,12.1284587293628,1
341,0,13.75,47,12.1284587293628,12.3926404798867,1
341,0,13.75,47,12.3926404798867,12.5092514638443,1
341,0,13.75,47,12.5092514638443,12.5632379466347,1
341,0,13.75,47,12.5632379466347,12.5934468594193,1
341,0,13.75,47,12.5934468594193,12.8324993020859,1
341,0,13.75,47,12.8324993020859,12.8723889453107,1
341,0,13.75,47,12.8723889453107,12.9967114078161,1
341,0,13.75,47,12.9967114078161,13.0114512968768,1
341,0,13.75,47,13.0114512968768,13.055878346606,1
341,0,13.75,47,13.055878346606,13.0776900560464,1
341,0,13.75,47,13.0776900560464,13.1726540189314,1
341,0,13.75,47,13.1726540189314,13.7479474286152,1
341,0,13.75,47,13.7479474286152,13.75,0
342,0,14.75,1,0,0.151478026329392,1
342,0,14.75,1,0.151478026329392,14.75,0
343,0,9.75,2,0,4.28419396144325,1
343,0,9.75,2,4.28419396144325,7.4588649626225,1
343,0,9.75,2,7.4588649626225,9.75,0
344,0,18.75,41,0,1.84135464891909,1
344,0,18.75,41,1.84135464891909,6.24276758907056,1
344,0,18.75,41,6.24276758907056,6.27400120974635,1
344,0,18.75,41,6.27400120974635,6.93445000892419,1
344,0,18.75,41,6.93445000892419,7.84598019264401,1
344,0,18.75,41,7.84598019264401,9.30084816946639,1
344,0,18.75,41,9.30084816946639,9.61443561157838,1
344,0,18.75,41,9.61443561157838,9.99365514106556,1
344,0,18.75,41,9.99365514106556,11.1918195700101,1
344,0,18.75,41,11.1918195700101,11.4948293157697,1
344,0,18.75,41,11.4948293157697,12.0586418804797,1
344,0,18.75,41,12.0586418804797,12.4939872283676,1
344,0,18.75,41,12.4939872283676,13.2728220480448,1
344,0,18.75,41,13.2728220480448,14.0582478892009,1
344,0,18.75,41,14.0582478892009,14.1664843959994,1
344,0,18.75,41,14.1664843959994,14.3124316630844,1
344,0,18.75,41,14.3124316630844,14.5386524831661,1
344,0,18.75,41,14.5386524831661,14.6155787412118,1
344,0,18.75,41,14.6155787412118,14.9684881224765,1
344,0,18.75,41,14.9684881224765,15.1551239224618,1
344,0,18.75,41,15.1551239224618,15.2103037715075,1
344,0,18.75,41,15.2103037715075,15.4167991398505,1
344,0,18.75,41,15.4167991398505,15.5499192638814,1
344,0,18.75,41,15.5499192638814,15.6592480689669,1
344,0,18.75,41,15.6592480689669,15.9593906001211,1
344,0,18.75,41,15.9593906001211,16.3083719370571,1
344,0,18.75,41,16.3083719370571,16.4775278073094,1
344,0,18.75,41,16.4775278073094,16.6058901642974,1
344,0,18.75,41,16.6058901642974,16.8642637943934,1
344,0,18.75,41,16.8642637943934,16.9020654355158,1
344,0,18.75,41,16.9020654355158,17.0204329151181,1
344,0,18.75,41,17.0204329151181,17.0300564468956,1
344,0,18.75,41,17.0300564468956,17.1602865063345,1
344,0,18.75,41,17.1602865063345,17.1696303866778,1
344,0,18.75,41,17.1696303866778,17.1757274703647,1
344,0,18.75,41,17.1757274703647,17.1780591889996,1
344,0,18.75,41,17.1780591889996,17.2405701227864,1
344,0,18.75,41,17.2405701227864,17.6121967911028,1
344,0,18.75,41,17.6121967911028,17.7662518913379,1
344,0,18.75,41,17.7662518913379,17.8308360215244,1
344,0,18.75,41,17.8308360215244,18.0590693712507,1
344,0,18.75,41,18.0590693712507,18.75,0
345,0,15.75,2,0,3.70816201289696,1
345,0,15.75,2,3.70816201289696,7.34210826540581,1
345,0,15.75,2,7.34210826540581,15.75,0
346,0,18.75,145,0,3.00254154734146,1
346,0,18.75,145,3.00254154734146,3.05741768999679,1
346,0,18.75,145,3.05741768999679,3.34830090768109,1
346,0,18.75,145,3.34830090768109,4.4321795833099,1
346,0,18.75,145,4.4321795833099,4.44487544615777,1
346,0,18.75,145,4.44487544615777,4.63070240718545,1
346,0,18.75,145,4.63070240718545,4.73345002761962,1
346,0,18.75,145,4.73345002761962,5.10365217540169,1
346,0,18.75,145,5.10365217540169,5.43065865578093,1
346,0,18.75,145,5.43065865578093,5.59746871351568,1
346,0,18.75,145,5.59746871351568,5.82172417132222,1
346,0,18.75,145,5.82172417132222,5.9466600718489,1
346,0,18.75,145,5.9466600718489,6.043465470333,1
346,0,18.75,145,6.043465470333,6.84266149767572,1
346,0,18.75,145,6.84266149767572,6.94101068846743,1
346,0,18.75,145,6.94101068846743,7.81504154198602,1
346,0,18.75,145,7.81504154198602,8.48326443190318,1
346,0,18.75,145,8.48326443190318,8.53151236573193,1
346,0,18.75,145,8.53151236573193,8.70177337103168,1
346,0,18.75,145,8.70177337103168,8.8943515933216,1
346,0,18.75,145,8.8943515933216,9.13284627188887,1
346,0,18.75,145,9.13284627188887,9.21161138480389,1
346,0,18.75,145,9.21161138480389,9.22119410798609,1
346,0,18.75,145,9.22119410798609,9.2525848493978,1
346,0,18.75,145,9.2525848493978,9.25933607591632,1
346,0,18.75,145,9.25933607591632,10.1341298604129,1
346,0,18.75,145,10.1341298604129,10.1495657257528,1
346,0,18.75,145,10.1495657257528,10.1587911031275,1
346,0,18.75,145,10.1587911031275,10.192738870707,1
346,0,18.75,145,10.192738870707,10.3069676363033,1
346,0,18.75,145,10.3069676363033,10.4263608500242,1
346,0,18.75,145,10.4263608500242,10.4737497213183,1
346,0,18.75,145,10.4737497213183,10.4983916645934,1
346,0,18.75,145,10.4983916645934,10.6118510051563,1
346,0,18.75,145,10.6118510051563,10.7319013991131,1
346,0,18.75,145,10.7319013991131,10.7838656767472,1
346,0,18.75,145,10.7838656767472,10.8047099038438,1
346,0,18.75,145,10.8047099038438,10.9912285342415,1
346,0,18.75,145,10.9912285342415,11.1545317019393,1
346,0,18.75,145,11.1545317019393,11.2066860319457,1
346,0,18.75,145,11.2066860319457,11.2868325562732,1
346,0,18.75,145,11.2868325562732,11.4637610322912,1
346,0,18.75,145,11.4637610322912,11.5472827474314,1
346,0,18.75,145,11.5472827474314,11.6287708117241,1
346,0,18.75,145,11.6287708117241,11.6730090958816,1
346,0,18.75,145,11.6730090958816,11.7414614194366,1
346,0,18.75,145,11.7414614194366,11.803233506223,1
346,0,18.75,145,11.803233506223,11.8281170960418,1
346,0,18.75,145,11.8281170960418,11.8767945126872,1
346,0,18.75,145,11.8767945126872,11.9785782335824,1
346,0,18.75,145,11.9785782335824,12.109787300282,1
346,0,18.75,145,12.109787300282,12.1972036908691,1
346,0,18.75,145,12.1972036908691,12.2981122250535,1
346,0,18.75,145,12.2981122250535,12.3060084248468,1
346,0,18.75,145,12.3060084248468,12.3590864340272,1
346,0,18.75,145,12.3590864340272,12.3797726439668,1
346,0,18.75,145,12.3797726439668,12.3997177321295,1
346,0,18.75,145,12.3997177321295,12.5753297168234,1
346,0,18.75,145,12.5753297168234,12.6457567962423,1
346,0,18.75,145,12.6457567962423,12.6795087374509,1
346,0,18.75,145,12.6795087374509,12.7089011370009,1
346,0,18.75,145,12.7089011370009,12.7395144383071,1
346,0,18.75,145,12.7395144383071,12.7860616204963,1
346,0,18.75,145,12.7860616204963,12.7876074026852,1
346,0,18.75,145,12.7876074026852,12.9223622857025,1
346,0,18.75,145,12.9223622857025,13.0365337455075,1
346,0,18.75,145,13.0365337455075,13.0447003982698,1
346,0,18.75,145,13.0447003982698,13.0611326332994,1
346,0,18.75,145,13.0611326332994,13.3349907068339,1
346,0,18.75,145,13.3349907068339,13.4313324859311,1
346,0,18.75,145,13.4313324859311,13.5144727874459,1
346,0,18.75,145,13.5144727874459,13.5267316626966,1
346,0,18.75,145,13.5267316626966,13.5390095154069,1
346,0,18.75,145,13.5390095154069,13.6616285882912,1
346,0,18.75,145,13.6616285882912,13.7403612354048,1
346,0,18.75,145,13.7403612354048,13.7443721025601,1
346,0,18.75,145,13.7443721025601,13.8986821779095,1
346,0,18.75,145,13.8986821779095,13.9177257702709,1
346,0,18.75,145,13.9177257702709,13.9437922294462,1
346,0,18.75,145,13.9437922294462,14.0147488166461,1
346,0,18.75,145,14.0147488166461,14.0630386529274,1
346,0,18.75,145,14.0630386529274,14.1728404022245,1
346,0,18.75,145,14.1728404022245,14.2652701712495,1
346,0,18.75,145,14.2652701712495,14.3400612154387,1
346,0,18.75,145,14.3400612154387,14.4729080418646,1
346,0,18.75,145,14.4729080418646,14.6926596462033,1
346,0,18.75,145,14.6926596462033,14.8502265939783,1
346,0,18.75,145,14.8502265939783,14.9404316406916,1
346,0,18.75,145,14.9404316406916,15.1684018329982,1
346,0,18.75,145,15.1684018329982,15.18528282239,1
346,0,18.75,145,15.18528282239,15.3079596513564,1
346,0,18.75,145,15.3079596513564,15.4118738075581,1
346,0,18.75,145,15.4118738075581,15.5651780914348,1
346,0,18.75,145,15.5651780914348,15.5821735417416,1
346,0,18.75,145,15.5821735417416,15.5874122264709,1
346,0,18.75,145,15.5874122264709,15.6355255974627,1
346,0,18.75,145,15.6355255974627,15.7144569525877,1
346,0,18.75,145,15.7144569525877,15.7364322815639,1
346,0,18.75,145,15.7364322815639,15.7684383253485,1
346,0,18.75,145,15.7684383253485,15.8507397940301,1
346,0,18.75,145,15.8507397940301,15.9010334870883,1
346,0,18.75,145,15.9010334870883,15.9106156853666,1
346,0,18.75,145,15.9106156853666,15.9269282623963,1
346,0,18.75,145,15.9269282623963,15.9617342584371,1
346,0,18.75,145,15.9617342584371,16.0700555646451,1
346,0,18.75,145,16.0700555646451,16.3994849298395,1
346,0,18.75,145,16.3994849298395,16.4243305006788,1
346,0,18.75,145,16.4243305006788,16.4492455090607,1
346,0,18.75,145,16.4492455090607,16.501973178141,1
346,0,18.75,145,16.501973178141,16.5149431892398,1
346,0,18.75,145,16.5149431892398,16.6050985891562,1
346,0,18.75,145,16.6050985891562,16.6611368466688,1
346,0,18.75,145,16.6611368466688,16.747773418937,1
346,0,18.75,145,16.747773418937,16.7786713364933,1
346,0,18.75,145,16.7786713364933,16.859310053001,1
346,0,18.75,145,16.859310053001,16.8750905125886,1
346,0,18.75,145,16.8750905125886,17.0082303402989,1
346,0,18.75,145,17.0082303402989,17.1203669521306,1
346,0,18.75,145,17.1203669521306,17.1235042324408,1
346,0,18.75,145,17.1235042324408,17.1707922726962,1
346,0,18.75,145,17.1707922726962,17.2436998843169,1
346,0,18.75,145,17.2436998843169,17.464497242937,1
346,0,18.75,145,17.464497242937,17.5639542042237,1
346,0,18.75,145,17.5639542042237,17.5767950648025,1
346,0,18.75,145,17.5767950648025,17.5899776686787,1
346,0,18.75,145,17.5899776686787,17.6667683002711,1
346,0,18.75,145,17.6667683002711,17.7630474307677,1
346,0,18.75,145,17.7630474307677,17.8448945145312,1
346,0,18.75,145,17.8448945145312,17.9049830805833,1
346,0,18.75,145,17.9049830805833,17.9594204631088,1
346,0,18.75,145,17.9594204631088,17.9716265392384,1
346,0,18.75,145,17.9716265392384,17.9754880625843,1
346,0,18.75,145,17.9754880625843,17.997258148959,1
346,0,18.75,145,17.997258148959,18.0054308178031,1
346,0,18.75,145,18.0054308178031,18.0155060282771,1
346,0,18.75,145,18.0155060282771,18.0214327453925,1
346,0,18.75,145,18.0214327453925,18.0449456622832,1
346,0,18.75,145,18.0449456622832,18.1529878227116,1
346,0,18.75,145,18.1529878227116,18.2269120601693,1
346,0,18.75,145,18.2269120601693,18.2486437372428,1
346,0,18.75,145,18.2486437372428,18.2757014564079,1
346,0,18.75,145,18.2757014564079,18.3350104249546,1
346,0,18.75,145,18.3350104249546,18.3596314531113,1
346,0,18.75,145,18.3596314531113,18.5675055334782,1
346,0,18.75,145,18.5675055334782,18.7050909714712,1
346,0,18.75,145,18.7050909714712,18.75,0
347,0,18.75,45,0,5.29066961473233,1
347,0,18.75,45,5.29066961473233,5.76718898432234,1
347,0,18.75,45,5.76718898432234,6.45944156472112,1
347,0,18.75,45,6.45944156472112,6.50295325693327,1
347,0,18.75,45,6.50295325693327,8.13873288679257,1
347,0,18.75,45,8.13873288679257,8.43549370114298,1
347,0,18.75,45,8.43549370114298,8.55668292228595,1
347,0,18.75,45,8.55668292228595,9.43567971024427,1
347,0,18.75,45,9.43567971024427,9.65765802811868,1
347,0,18.75,45,9.65765802811868,9.8796090078644,1
347,0,18.75,45,9.8796090078644,10.0046757058094,1
347,0,18.75,45,10.0046757058094,10.1468893715252,1
347,0,18.75,45,10.1468893715252,10.645608506254,1
347,0,18.75,45,10.645608506254,10.7693482844444,1
347,0,18.75,45,10.7693482844444,11.0577774267598,1
347,0,18.75,45,11.0577774267598,11.8507621484699,1
347,0,18.75,45,11.8507621484699,12.0076301118943,1
347,0,18.75,45,12.0076301118943,12.1391729036567,1
347,0,18.75,45,12.1391729036567,12.3150155208411,1
347,0,18.75,45,12.3150155208411,12.3915452465521,1
347,0,18.75,45,12.3915452465521,12.6375076096956,1
347,0,18.75,45,12.6375076096956,12.8783524651679,1
347,0,18.75,45,12.8783524651679,13.8870854031148,1
347,0,18.75,45,13.8870854031148,14.0386718867319,1
347,0,18.75,45,14.0386718867319,14.9389570000671,1
347,0,18.75,45,14.9389570000671,15.0395710157408,1
347,0,18.75,45,15.0395710157408,15.2975433147842,1
347,0,18.75,45,15.2975433147842,15.3568870413435,1
347,0,18.75,45,15.3568870413435,15.3661184613013,1
347,0,18.75,45,15.3661184613013,15.3828273178288,1
347,0,18.75,45,15.3828273178288,15.558574029892,1
347,0,18.75,45,15.558574029892,16.3723315863369,1
347,0,18.75,45,16.3723315863369,16.427350299668,1
347,0,18.75,45,16.427350299668,16.6207555930637,1
347,0,18.75,45,16.6207555930637,17.1761739678292,1
347,0,18.75,45,17.1761739678292,17.2390472752233,1
347,0,18.75,45,17.2390472752233,17.2633736391538,1
347,0,18.75,45,17.2633736391538,17.2755755615091,1
347,0,18.75,45,17.2755755615091,17.2992990411888,1
347,0,18.75,45,17.2992990411888,17.5976332969562,1
347,0,18.75,45,17.5976332969562,17.7550895488155,1
347,0,18.75,45,17.7550895488155,17.8187164064281,1
347,0,18.75,45,17.8187164064281,18.0638369249773,1
347,0,18.75,45,18.0638369249773,18.1721194643395,1
347,0,18.75,45,18.1721194643395,18.3783597051741,1
347,0,18.75,45,18.3783597051741,18.75,0
348,0,16.75,39,0,3.92313597743309,1
348,0,16.75,39,3.92313597743309,4.50919864350117,1
348,0,16.75,39,4.50919864350117,4.56077818928435,1
348,0,16.75,39,4.56077818928435,4.67420752387413,1
348,0,16.75,39,4.67420752387413,5.98764156115055,1
348,0,16.75,39,5.98764156115055,6.32257689631697,1
348,0,16.75,39,6.32257689631697,6.54120654637134,1
348,0,16.75,39,6.54120654637134,7.22606884648052,1
348,0,16.75,39,7.22606884648052,8.01929380873177,1
348,0,16.75,39,8.01929380873177,8.20976431257804,1
348,0,16.75,39,8.20976431257804,8.48726611504593,1
348,0,16.75,39,8.48726611504593,8.79188337996775,1
348,0,16.75,39,8.79188337996775,9.08805714866829,1
348,0,16.75,39,9.08805714866829,9.318574874018,1
348,0,16.75,39,9.318574874018,9.58369317839675,1
348,0,16.75,39,9.58369317839675,9.58479865463165,1
348,0,16.75,39,9.58479865463165,9.69320837181398,1
348,0,16.75,39,9.69320837181398,10.3117499128163,1
348,0,16.75,39,10.3117499128163,10.3270979687769,1
348,0,16.75,39,10.3270979687769,10.659651245089,1
348,0,16.75,39,10.659651245089,11.6929150337172,1
348,0,16.75,39,11.6929150337172,12.0060968184547,1
348,0,16.75,39,12.0060968184547,12.1071829876947,1
348,0,16.75,39,12.1071829876947,12.8940420869861,1
348,0,16.75,39,12.8940420869861,12.9460039733622,1
348,0,16.75,39,12.9460039733622,13.23387414803,1
348,0,16.75,39,13.23387414803,13.3854475902598,1
348,0,16.75,39,13.3854475902598,13.4534058519688,1
348,0,16.75,39,13.4534058519688,13.5137507892922,1
348,0,16.75,39,13.5137507892922,14.0784372212562,1
348,0,16.75,39,14.0784372212562,14.2266423386286,1
348,0,16.75,39,14.2266423386286,14.4454224294591,1
348,0,16.75,39,14.4454224294591,14.7717430667781,1
348,0,16.75,39,14.7717430667781,15.0370000337861,1
348,0,16.75,39,15.0370000337861,15.3412854237473,1
348,0,16.75,39,15.3412854237473,16.1281618855232,1
348,0,16.75,39,16.1281618855232,16.2628241209968,1
348,0,16.75,39,16.2628241209968,16.3270174042592,1
348,0,16.75,39,16.3270174042592,16.4458951536897,1
348,0,16.75,39,16.4458951536897,16.75,0
349,0,11.75,1,0,8.628680362654,1
349,0,11.75,1,8.628680362654,11.75,0
350,0,19.75,3,0,3.78172687497944,1
350,0,19.75,3,3.78172687497944,12.77452154229,1
350,0,19.75,3,12.77452154229,14.4108251175267,1
350,0,19.75,3,14.4108251175267,19.75,0
351,0,18.75,4,0,3.93244060717172,1
351,0,18.75,4,3.93244060717172,7.88008481727105,1
351,0,18.75,4,7.88008481727105,8.14024683529375,1
351,0,18.75,4,8.14024683529375,17.2625674656407,1
351,0,18.75,4,17.2625674656407,18.75,0
352,0,18.75,1,0,13.0607624528748,1
352,0,18.75,1,13.0607624528748,18.75,0
353,0,8.75,0,0,8.75,0
354,0,16.75,1,0,14.5200365261907,1
354,0,16.75,1,14.5200365261907,16.75,0
355,0,11.75,1,0,10.6993643624102,1
355,0,11.75,1,10.6993643624102,11.75,0
356,0,16.75,2,0,12.5552824770878,1
356,0,16.75,2,12.5552824770878,16.3480249406435,1
356,0,16.75,2,16.3480249406435,16.75,0
357,0,14.75,1,0,2.91388886222706,1
357,0,14.75,1,2.91388886222706,14.75,0
358,0,16.75,48,0,2.02858772048572,1
358,0,16.75,48,2.02858772048572,3.36232983338407,1
358,0,16.75,48,3.36232983338407,3.88304067614833,1
358,0,16.75,48,3.88304067614833,6.50085869979532,1
358,0,16.75,48,6.50085869979532,7.07937411779924,1
358,0,16.75,48,7.07937411779924,7.10614136345089,1
358,0,16.75,48,7.10614136345089,8.02928961298932,1
358,0,16.75,48,8.02928961298932,10.1380297986472,1
358,0,16.75,48,10.1380297986472,11.0614283030176,1
358,0,16.75,48,11.0614283030176,11.2628158747914,1
358,0,16.75,48,11.2628158747914,11.2728722949129,1
358,0,16.75,48,11.2728722949129,11.5024417638854,1
358,0,16.75,48,11.5024417638854,11.5487897244366,1
358,0,16.75,48,11.5487897244366,11.685880153233,1
358,0,16.75,48,11.685880153233,11.7791134603668,1
358,0,16.75,48,11.7791134603668,12.1335035154299,1
358,0,16.75,48,12.1335035154299,12.1478509009064,1
358,0,16.75,48,12.1478509009064,12.4074986162467,1
358,0,16.75,48,12.4074986162467,12.5319527961724,1
358,0,16.75,48,12.5319527961724,12.5451704442921,1
358,0,16.75,48,12.5451704442921,12.7246189514719,1
358,0,16.75,48,12.7246189514719,12.7571973570491,1
358,0,16.75,48,12.7571973570491,12.9379737147857,1
358,0,16.75,48,12.9379737147857,13.2930181690952,1
358,0,16.75,48,13.2930181690952,13.4049772769537,1
358,0,16.75,48,13.4049772769537,13.4772789970395,1
358,0,16.75,48,13.4772789970395,13.5108182356525,1
358,0,16.75,48,13.5108182356525,13.6029463910565,1
358,0,16.75,48,13.6029463910565,13.6350538938608,1
358,0,16.75,48,13.6350538938608,13.6765882276847,1
358,0,16.75,48,13.6765882276847,13.7843759207149,1
358,0,16.75,48,13.7843759207149,13.8544942785244,1
358,0,16.75,48,13.8544942785244,13.9392638417574,1
358,0,16.75,48,13.9392638417574,14.2011011280385,1
358,0,16.75,48,14.2011011280385,14.4817820049974,1
358,0,16.75,48,14.4817820049974,14.5743449347204,1
358,0,16.75,48,14.5743449347204,14.667970911985,1
358,0,16.75,48,14.667970911985,14.8930525666167,1
358,0,16.75,48,14.8930525666167,14.8979469315776,1
358,0,16.75,48,14.8979469315776,14.9025795625342,1
358,0,16.75,48,14.9025795625342,15.0792812860222,1
358,0,16.75,48,15.0792812860222,15.7225172592001,1
358,0,16.75,48,15.7225172592001,15.877135707449,1
358,0,16.75,48,15.877135707449,15.9299164967306,1
358,0,16.75,48,15.9299164967306,16.0930033739446,1
358,0,16.75,48,16.0930033739446,16.5902255598401,1
358,0,16.75,48,16.5902255598401,16.6370185992223,1
358,0,16.75,48,16.6370185992223,16.7251080399991,1
358,0,16.75,48,16.7251080399991,16.75,0
359,0,14.75,35,0,4.48746511572321,1
359,0,14.75,35,4.48746511572321,5.87316205758014,1
359,0,14.75,35,5.87316205758014,6.11519772201249,1
359,0,14.75,35,6.11519772201249,6.38637313901535,1
359,0,14.75,35,6.38637313901535,7.29473031919485,1
359,0,14.75,35,7.29473031919485,7.31103808047607,1
359,0,14.75,35,7.31103808047607,7.59096306610395,1
359,0,14.75,35,7.59096306610395,8.25487791594591,1
359,0,14.75,35,8.25487791594591,8.25784642882033,1
359,0,14.75,35,8.25784642882033,8.60102507257512,1
359,0,14.75,35,8.60102507257512,10.0431306416756,1
359,0,14.75,35,10.0431306416756,10.2147736680726,1
359,0,14.75,35,10.2147736680726,10.3132248578936,1
359,0,14.75,35,10.3132248578936,10.6324088651402,1
359,0,14.75,35,10.6324088651402,10.7313637386571,1
359,0,14.75,35,10.7313637386571,11.1827666482432,1
359,0,14.75,35,11.1827666482432,11.3973178244445,1
359,0,14.75,35,11.3973178244445,11.4313917890833,1
359,0,14.75,35,11.4313917890833,12.1371412489646,1
359,0,14.75,35,12.1371412489646,12.1607601666505,1
359,0,14.75,35,12.1607601666505,12.4152676854166,1
359,0,14.75,35,12.4152676854166,12.4656227937427,1
359,0,14.75,35,12.4656227937427,12.5475472506251,1
359,0,14.75,35,12.5475472506251,12.6398826868218,1
359,0,14.75,35,12.6398826868218,13.0488273831942,1
359,0,14.75,35,13.0488273831942,13.1092022702828,1
359,0,14.75,35,13.1092022702828,13.7851180432906,1
359,0,14.75,35,13.7851180432906,14.3280642026692,1
359,0,14.75,35,14.3280642026692,14.3433862755967,1
359,0,14.75,35,14.3433862755967,14.3454605293661,1
359,0,14.75,35,14.3454605293661,14.5183454410807,1
359,0,14.75,35,14.5183454410807,14.5800261554187,1
359,0,14.75,35,14.5800261554187,14.6874554142188,1
359,0,14.75,35,14.6874554142188,14.6986651064139,1
359,0,14.75,35,14.6986651064139,14.7190121039223,1
359,0,14.75,35,14.7190121039223,14.75,0
360,0,13.75,16,0,5.67708980859676,1
360,0,13.75,16,5.67708980859676,5.91259100035102,1
360,0,13.75,16,5.91259100035102,9.83676043644096,1
360,0,13.75,16,9.83676043644096,10.4122931319204,1
360,0,13.75,16,10.4122931319204,10.7773890399532,1
360,0,13.75,16,10.7773890399532,10.8127722175808,1
360,0,13.75,16,10.8127722175808,11.3369055568704,1
360,0,13.75,16,11.3369055568704,12.1667533706217,1
360,0,13.75,16,12.1667533706217,12.2681520700831,1
360,0,13.75,16,12.2681520700831,12.7698705461257,1
360,0,13.75,16,12.7698705461257,12.8914370229061,1
360,0,13.75,16,12.8914370229061,12.9973202270429,1
360,0,13.75,16,12.9973202270429,13.0486162350817,1
360,0,13.75,16,13.0486162350817,13.1366985777526,1
360,0,13.75,16,13.1366985777526,13.4122702697301,1
360,0,13.75,16,13.4122702697301,13.5676533171304,1
360,0,13.75,16,13.5676533171304,13.75,0
361,0,12.75,1,0,0.0668866079175404,1
361,0,12.75,1,0.0668866079175404,12.75,0
362,0,19.75,3,0,0.13180713281233,1
362,0,19.75,3,0.13180713281233,0.243866452440347,1
362,0,19.75,3,0.243866452440347,15.893787526106,1
362,0,19.75,3,15.893787526106,19.75,0
363,0,18.75,2,0,1.08617407792863e-05,1
363,0,18.75,2,1.08617407792863e-05,5.73525303064029,1
363,0,18.75,2,5.73525303064029,18.75,0
364,0,10.75,1,0,2.0885804557445,1
364,0,10.75,1,2.0885804557445,10.75,0
365,0,8.75,2,0,2.77768617213547,1
365,0,8.75,2,2.77768617213547,6.0687098366506,1
365,0,8.75,2,6.0687098366506,8.75,0
366,0,14.75,33,0,0.917551350056632,1
366,0,14.75,33,0.917551350056632,4.8701723456889,1
366,0,14.75,33,4.8701723456889,8.58590741408438,1
366,0,14.75,33,8.58590741408438,8.65696225126339,1
366,0,14.75,33,8.65696225126339,8.97103992386288,1
366,0,14.75,33,8.97103992386288,9.16267389493819,1
366,0,14.75,33,9.16267389493819,10.0433873628093,1
366,0,14.75,33,10.0433873628093,10.7927947527046,1
366,0,14.75,33,10.7927947527046,10.820849213992,1
366,0,14.75,33,10.820849213992,10.9096021130387,1
366,0,14.75,33,10.9096021130387,11.0947272853698,1
366,0,14.75,33,11.0947272853698,11.1027556546742,1
366,0,14.75,33,11.1027556546742,11.1624851621526,1
366,0,14.75,33,11.1624851621526,11.2339354092492,1
366,0,14.75,33,11.2339354092492,11.2997321534762,1
366,0,14.75,33,11.2997321534762,11.5901809662552,1
366,0,14.75,33,11.5901809662552,11.615904108711,1
366,0,14.75,33,11.615904108711,11.8269750096899,1
366,0,14.75,33,11.8269750096899,12.0093594531579,1
366,0,14.75,33,12.0093594531579,12.1133728533887,1
366,0,14.75,33,12.1133728533887,12.2684535322399,1
366,0,14.75,33,12.2684535322399,12.4109776127726,1
366,0,14.75,33,12.4109776127726,12.5682826336068,1
366,0,14.75,33,12.5682826336068,12.7113362133996,1
366,0,14.75,33,12.7113362133996,12.9706011767298,1
366,0,14.75,33,12.9706011767298,13.2278724705533,1
366,0,14.75,33,13.2278724705533,13.7056508798415,1
366,0,14.75,33,13.7056508798415,13.8892486405139,1
366,0,14.75,33,13.8892486405139,14.0093229019977,1
366,0,14.75,33,14.0093229019977,14.2623423135927,1
366,0,14.75,33,14.2623423135927,14.2878708362907,1
366,0,14.75,33,14.2878708362907,14.2964684229901,1
366,0,14.75,33,14.2964684229901,14.323315134945,1
366,0,14.75,33,14.323315134945,14.75,0
367,0,19.75,2,0,4.00704904303886,1
367,0,19.75,2,4.00704904303886,7.85107081018682,1
367,0,19.75,2,7.85107081018682,19.75,0
368,0,14.75,1,0,5.21045941347346,1
368,0,14.75,1,5.21045941347346,14.75,0
369,0,14.75,38,0,5.05197016536021,1
369,0,14.75,38,5.05197016536021,5.36310803725275,1
369,0,14.75,38,5.36310803725275,5.60387908371328,1
369,0,14.75,38,5.60387908371328,5.99164686035044,1
369,0,14.75,38,5.99164686035044,6.28983779034992,1
369,0,14.75,38,6.28983779034992,6.82201496451098,1
369,0,14.75,38,6.82201496451098,7.25840013451448,1
369,0,14.75,38,7.25840013451448,8.29570941885421,1
369,0,14.75,38,8.29570941885421,8.57894364529722,1
369,0,14.75,38,8.57894364529722,8.9936737373261,1
369,0,14.75,38,8.9936737373261,9.33781377912583,1
369,0,14.75,38,9.33781377912583,9.35276950238032,1
369,0,14.75,38,9.35276950238032,9.49632181491097,1
369,0,14.75,38,9.49632181491097,9.92544465914246,1
369,0,14.75,38,9.92544465914246,10.2079566875656,1
369,0,14.75,38,10.2079566875656,10.7607214739581,1
369,0,14.75,38,10.7607214739581,11.2585496033608,1
369,0,14.75,38,11.2585496033608,11.4952628441169,1
369,0,14.75,38,11.4952628441169,11.5989596239917,1
369,0,14.75,38,11.5989596239917,11.6977100264388,1
369,0,14.75,38,11.6977100264388,11.7229392158104,1
369,0,14.75,38,11.7229392158104,11.7977102323034,1
369,0,14.75,38,11.7977102323034,11.8555368424483,1
369,0,14.75,38,11.8555368424483,12.1255021415936,1
369,0,14.75,38,12.1255021415936,12.5080263586713,1
369,0,14.75,38,12.5080263586713,12.8165874849668,1
369,0,14.75,38,12.8165874849668,12.9156420249013,1
369,0,14.75,38,12.9156420249013,12.9968554695362,1
369,0,14.75,38,12.9968554695362,13.0128789913511,1
369,0,14.75,38,13.0128789913511,13.4814440803691,1
369,0,14.75,38,13.4814440803691,13.5990180743359,1
369,0,14.75,38,13.5990180743359,13.7274555919879,1
369,0,14.75,38,13.7274555919879,14.0827214028202,1
369,0,14.75,38,14.0827214028202,14.3429623816346,1
369,0,14.75,38,14.3429623816346,14.3565310809037,1
369,0,14.75,38,14.3565310809037,14.6109119350047,1
369,0,14.75,38,14.6109119350047,14.6161827761233,1
369,0,14.75,38,14.6161827761233,14.7419421126941,1
369,0,14.75,38,14.7419421126941,14.75,0
370,0,14.75,3,0,0.338283131470602,1
370,0,14.75,3,0.338283131470602,1.38137682973484,1
370,0,14.75,3,1.38137682973484,9.10887216417353,1
370,0,14.75,3,9.10887216417353,14.75,0
371,0,13.75,0,0,13.75,0
372,0,11.75,3,0,0.0610197765317836,1
372,0,11.75,3,0.0610197765317836,0.7088341240385,1
372,0,11.75,3,0.7088341240385,1.56019031480329,1
372,0,11.75,3,1.56019031480329,11.75,0
373,0,10.75,10,0,1.62792835841492,1
373,0,10.75,10,1.62792835841492,4.36662054746763,1
373,0,10.75,10,4.36662054746763,4.53662035747707,1
373,0,10.75,10,4.53662035747707,5.86780134884737,1
373,0,10.75,10,5.86780134884737,5.99785423860936,1
373,0,10.75,10,5.99785423860936,6.18868282363282,1
373,0,10.75,10,6.18868282363282,7.6535368756864,1
373,0,10.75,10,7.6535368756864,7.95957092198596,1
373,0,10.75,10,7.95957092198596,9.71299661109543,1
373,0,10.75,10,9.71299661109543,10.6857813252052,1
373,0,10.75,10,10.6857813252052,10.75,0
374,0,10.75,10,0,5.30260744768684,1
374,0,10.75,10,5.30260744768684,7.85353804339248,1
374,0,10.75,10,7.85353804339248,7.93046707235892,1
374,0,10.75,10,7.93046707235892,7.97914577920511,1
374,0,10.75,10,7.97914577920511,8.248080273164,1
374,0,10.75,10,8.248080273164,8.31065636623759,1
374,0,10.75,10,8.31065636623759,8.42671561263414,1
374,0,10.75,10,8.42671561263414,8.76335204821632,1
374,0,10.75,10,8.76335204821632,9.37500869286024,1
374,0,10.75,10,9.37500869286024,9.81140797566149,1
374,0,10.75,10,9.81140797566149,10.75,0
375,0,16.75,1,0,1.60132403122795,1
375,0,16.75,1,1.60132403122795,16.75,0
376,0,15.75,20,0,4.81238981063741,1
376,0,15.75,20,4.81238981063741,5.93417200447065,1
376,0,15.75,20,5.93417200447065,8.19319044073855,1
376,0,15.75,20,8.19319044073855,8.82147189364567,1
376,0,15.75,20,8.82147189364567,9.04486376636601,1
376,0,15.75,20,9.04486376636601,9.63580374664379,1
376,0,15.75,20,9.63580374664379,9.94430497019709,1
376,0,15.75,20,9.94430497019709,11.3552027980534,1
376,0,15.75,20,11.3552027980534,11.440729022834,1
376,0,15.75,20,11.440729022834,11.8491777039038,1
376,0,15.75,20,11.8491777039038,11.8569794897678,1
376,0,15.75,20,11.8569794897678,12.8517653638184,1
376,0,15.75,20,12.8517653638184,13.043106106673,1
376,0,15.75,20,13.043106106673,13.1125176943309,1
376,0,15.75,20,13.1125176943309,13.2246262656977,1
376,0,15.75,20,13.2246262656977,14.2337134360113,1
376,0,15.75,20,14.2337134360113,14.2654474050932,1
376,0,15.75,20,14.2654474050932,15.0272889556384,1
376,0,15.75,20,15.0272889556384,15.1709151044823,1
376,0,15.75,20,15.1709151044823,15.6155749576268,1
376,0,15.75,20,15.6155749576268,15.75,0
377,0,13.75,0,0,13.75,0
378,0,11.75,10,0,3.89743648259671,1
378,0,11.75,10,3.89743648259671,4.50759329484019,1
378,0,11.75,10,4.50759329484019,6.09466202298345,1
378,0,11.75,10,6.09466202298345,6.70258094768523,1
378,0,11.75,10,6.70258094768523,7.2152465764172,1
378,0,11.75,10,7.2152465764172,7.92104797244159,1
378,0,11.75,10,7.92104797244159,8.01214814490369,1
378,0,11.75,10,8.01214814490369,8.60824032009131,1
378,0,11.75,10,8.60824032009131,10.0450349229193,1
378,0,11.75,10,10.0450349229193,10.7772322832833,1
378,0,11.75,10,10.7772322832833,11.75,0
379,0,18.75,2,0,3.34868840271464,1
379,0,18.75,2,3.34868840271464,4.44070262851365,1
379,0,18.75,2,4.44070262851365,18.75,0
380,0,10.75,9,0,2.24940074973893,1
380,0,10.75,9,2.24940074973893,3.2637510179444,1
380,0,10.75,9,3.2637510179444,7.41880295042853,1
380,0,10.75,9,7.41880295042853,7.82250617191729,1
380,0,10.75,9,7.82250617191729,9.08337666573926,1
380,0,10.75,9,9.08337666573926,9.18854106158212,1
380,0,10.75,9,9.18854106158212,10.0492700293007,1
380,0,10.75,9,10.0492700293007,10.2361803906316,1
380,0,10.75,9,10.2361803906316,10.7426694951737,1
380,0,10.75,9,10.7426694951737,10.75,0
381,0,12.75,28,0,1.48942302560896,1
381,0,12.75,28,1.48942302560896,1.68140858922926,1
381,0,12.75,28,1.68140858922926,4.75654241822345,1
381,0,12.75,28,4.75654241822345,5.0382275999087,1
381,0,12.75,28,5.0382275999087,5.70028817214899,1
381,0,12.75,28,5.70028817214899,6.63697587043301,1
381,0,12.75,28,6.63697587043301,6.71800929162807,1
381,0,12.75,28,6.71800929162807,6.96336746537395,1
381,0,12.75,28,6.96336746537395,7.5426000834526,1
381,0,12.75,28,7.5426000834526,7.6301757659875,1
381,0,12.75,28,7.6301757659875,7.95606120418308,1
381,0,12.75,28,7.95606120418308,9.0683597308417,1
381,0,12.75,28,9.0683597308417,9.65006767208153,1
381,0,12.75,28,9.65006767208153,9.82975593607145,1
381,0,12.75,28,9.82975593607145,10.2780192098088,1
381,0,12.75,28,10.2780192098088,10.4221591215182,1
381,0,12.75,28,10.4221591215182,10.4541206954796,1
381,0,12.75,28,10.4541206954796,10.6279244184126,1
381,0,12.75,28,10.6279244184126,10.738807681061,1
381,0,12.75,28,10.738807681061,10.7734603102518,1
381,0,12.75,28,10.7734603102518,11.151034112702,1
381,0,12.75,28,11.151034112702,11.7614543035025,1
381,0,12.75,28,11.7614543035025,11.7746527949414,1
381,0,12.75,28,11.7746527949414,11.7936560035842,1
381,0,12.75,28,11.7936560035842,11.9161644400167,1
381,0,12.75,28,11.9161644400167,11.931825724339,1
381,0,12.75,28,11.931825724339,12.2608169638478,1
381,0,12.75,28,12.2608169638478,12.4439512081956,1
381,0,12.75,28,12.4439512081956,12.75,0
382,0,13.75,0,0,13.75,0
383,0,17.75,2,0,6.03334544890752,1
383,0,17.75,2,6.03334544890752,9.35021633344059,1
383,0,17.75,2,9.35021633344059,17.75,0
384,0,19.75,35,0,5.43101684716826,1
384,0,19.75,35,5.43101684716826,5.62961792248763,1
384,0,19.75,35,5.62961792248763,5.67382451828569,1
384,0,19.75,35,5.67382451828569,6.67955258541506,1
384,0,19.75,35,6.67955258541506,8.85234324106995,1
384,0,19.75,35,8.85234324106995,9.0655949090005,1
384,0,19.75,35,9.0655949090005,9.34711413329749,1
384,0,19.75,35,9.34711413329749,9.44740538040896,1
384,0,19.75,35,9.44740538040896,9.62782044943531,1
384,0,19.75,35,9.62782044943531,9.80944481791093,1
384,0,19.75,35,9.80944481791093,11.5009411569677,1
384,0,19.75,35,11.5009411569677,12.0140990875407,1
384,0,19.75,35,12.0140990875407,12.2520739306258,1
384,0,19.75,35,12.2520739306258,13.3779191065549,1
384,0,19.75,35,13.3779191065549,13.3933094784514,1
384,0,19.75,35,13.3933094784514,13.457877506154,1
384,0,19.75,35,13.457877506154,13.5454169774865,1
384,0,19.75,35,13.5454169774865,13.930653816952,1
384,0,19.75,35,13.930653816952,14.069475190944,1
384,0,19.75,35,14.069475190944,14.0958149922662,1
384,0,19.75,35,14.0958149922662,14.322244585569,1
384,0,19.75,35,14.322244585569,14.7125844073976,1
384,0,19.75,35,14.7125844073976,15.1736501831931,1
384,0,19.75,35,15.1736501831931,17.7718872570196,1
384,0,19.75,35,17.7718872570196,17.7762697526741,1
384,0,19.75,35,17.7762697526741,18.1792700719019,1
384,0,19.75,35,18.1792700719019,18.2096417100473,1
384,0,19.75,35,18.2096417100473,18.2956662339125,1
384,0,19.75,35,18.2956662339125,18.304370522953,1
384,0,19.75,35,18.304370522953,18.4800988172992,1
384,0,19.75,35,18.4800988172992,18.5630889306803,1
384,0,19.75,35,18.5630889306803,18.9751943755128,1
384,0,19.75,35,18.9751943755128,18.9793677296239,1
384,0,19.75,35,18.9793677296239,19.1586924728536,1
384,0,19.75,35,19.1586924728536,19.5515870777546,1
384,0,19.75,35,19.5515870777546,19.75,0
385,0,8.75,1,0,0.0180212019044511,1
385,0,8.75,1,0.0180212019044511,8.75,0
386,0,9.75,2,0,0.293007135099576,1
386,0,9.75,2,0.293007135099576,7.21213204770142,1
386,0,9.75,2,7.21213204770142,9.75,0
387,0,13.75,3,0,0.181156522423961,1
387,0,13.75,3,0.181156522423961,1.81768209678646,1
387,0,13.75,3,1.81768209678646,6.66857397147498,1
387,0,13.75,3,6.66857397147498,13.75,0
388,0,16.75,4,0,0.332136747944337,1
388,0,16.75,4,0.332136747944337,4.33756270613043,1
388,0,16.75,4,4.33756270613043,5.44713630655137,1
388,0,16.75,4,5.44713630655137,11.5586432249703,1
388,0,16.75,4,11.5586432249703,16.75,0
389,0,12.75,2,0,6.14679977408159,1
389,0,12.75,2,6.14679977408159,7.32271775719129,1
389,0,12.75,2,7.32271775719129,12.75,0
390,0,14.75,2,0,0.151187844717294,1
390,0,14.75,2,0.151187844717294,13.5474863475972,1
390,0,14.75,2,13.5474863475972,14.75,0
391,0,11.75,0,0,11.75,0
392,0,19.75,54,0,3.48262790955816,1
392,0,19.75,54,3.48262790955816,4.34086108631815,1
392,0,19.75,54,4.34086108631815,4.75982848309451,1
392,0,19.75,54,4.75982848309451,5.44757974284176,1
392,0,19.75,54,5.44757974284176,5.93940649634619,1
392,0,19.75,54,5.93940649634619,6.29910318644386,1
392,0,19.75,54,6.29910318644386,7.43169829028021,1
392,0,19.75,54,7.43169829028021,7.88680507405782,1
392,0,19.75,54,7.88680507405782,9.08965568134705,1
392,0,19.75,54,9.08965568134705,9.11820394469108,1
392,0,19.75,54,9.11820394469108,9.1645704824718,1
392,0,19.75,54,9.1645704824718,9.36017387916524,1
392,0,19.75,54,9.36017387916524,9.5674757709565,1
392,0,19.75,54,9.5674757709565,9.76237743027036,1
392,0,19.75,54,9.76237743027036,9.93987636055749,1
392,0,19.75,54,9.93987636055749,11.634163722506,1
392,0,19.75,54,11.634163722506,11.6460180869342,1
392,0,19.75,54,11.6460180869342,11.8190900759147,1
392,0,19.75,54,11.8190900759147,11.9895694642168,1
392,0,19.75,54,11.9895694642168,12.2327061138865,1
392,0,19.75,54,12.2327061138865,12.389711417399,1
392,0,19.75,54,12.389711417399,12.6260212923871,1
392,0,19.75,54,12.6260212923871,12.829270759296,1
392,0,19.75,54,12.829270759296,13.0996474964462,1
392,0,19.75,54,13.0996474964462,14.7869400024175,1
392,0,19.75,54,14.7869400024175,14.8129434557224,1
392,0,19.75,54,14.8129434557224,14.8789761696971,1
392,0,19.75,54,14.8789761696971,15.1352335803203,1
392,0,19.75,54,15.1352335803203,15.3426719805829,1
392,0,19.75,54,15.3426719805829,15.4050809341371,1
392,0,19.75,54,15.4050809341371,15.4058424646343,1
392,0,19.75,54,15.4058424646343,15.7665273782353,1
392,0,19.75,54,15.7665273782353,15.8341897277508,1
392,0,19.75,54,15.8341897277508,16.283964399003,1
392,0,19.75,54,16.283964399003,16.4200405252995,1
392,0,19.75,54,16.4200405252995,16.4743054446811,1
392,0,19.75,54,16.4743054446811,16.6044972708315,1
392,0,19.75,54,16.6044972708315,17.0445761588946,1
392,0,19.75,54,17.0445761588946,17.3076130704306,1
392,0,19.75,54,17.3076130704306,17.3831311961691,1
392,0,19.75,54,17.3831311961691,17.7107256937868,1
392,0,19.75,54,17.7107256937868,17.8027023548312,1
392,0,19.75,54,17.8027023548312,17.9788082793012,1
392,0,19.75,54,17.9788082793012,18.1067247430143,1
392,0,19.75,54,18.1067247430143,18.3644276324151,1
392,0,19.75,54,18.3644276324151,18.5315469598701,1
392,0,19.75,54,18.5315469598701,18.537105519103,1
392,0,19.75,54,18.537105519103,18.5610355376387,1
392,0,19.75,54,18.5610355376387,18.5626771065044,1
392,0,19.75,54,18.5626771065044,18.6071701026814,1
392,0,19.75,54,18.6071701026814,18.8047193854784,1
392,0,19.75,54,18.8047193854784,18.8534928709614,1
392,0,19.75,54,18.8534928709614,19.1949486275311,1
392,0,19.75,54,19.1949486275311,19.7291736901076,1
392,0,19.75,54,19.7291736901076,19.75,0
393,0,20.75,54,0,1.8415869280454,1
393,0,20.75,54,1.8415869280454,4.2421259771185,1
393,0,20.75,54,4.2421259771185,5.91089154841343,1
393,0,20.75,54,5.91089154841343,8.07503291354073,1
393,0,20.75,54,8.07503291354073,8.53893397992055,1
393,0,20.75,54,8.53893397992055,8.68926588363561,1
393,0,20.75,54,8.68926588363561,8.76889450210016,1
393,0,20.75,54,8.76889450210016,10.3384353128524,1
393,0,20.75,54,10.3384353128524,11.4506433997553,1
393,0,20.75,54,11.4506433997553,11.844489722558,1
393,0,20.75,54,11.844489722558,11.9909461868107,1
393,0,20.75,54,11.9909461868107,12.313583038247,1
393,0,20.75,54,12.313583038247,12.3172206405938,1
393,0,20.75,54,12.3172206405938,12.4172344781358,1
393,0,20.75,54,12.4172344781358,12.5758449668395,1
393,0,20.75,54,12.5758449668395,12.6429813711783,1
393,0,20.75,54,12.6429813711783,12.9387639183534,1
393,0,20.75,54,12.9387639183534,13.0826487093576,1
393,0,20.75,54,13.0826487093576,13.3547141992,1
393,0,20.75,54,13.3547141992,13.3680574059343,1
393,0,20.75,54,13.3680574059343,14.7028709878419,1
393,0,20.75,54,14.7028709878419,14.9016416378302,1
393,0,20.75,54,14.9016416378302,14.9855565422993,1
393,0,20.75,54,14.9855565422993,15.6050122597795,1
393,0,20.75,54,15.6050122597795,15.7874906304296,1
393,0,20.75,54,15.7874906304296,15.7991656262087,1
393,0,20.75,54,15.7991656262087,16.1036703925974,1
393,0,20.75,54,16.1036703925974,16.308064371408,1
393,0,20.75,54,16.308064371408,16.3691722904164,1
393,0,20.75,54,16.3691722904164,16.707801881051,1
393,0,20.75,54,16.707801881051,17.5431919453872,1
393,0,20.75,54,17.5431919453872,17.6971779222895,1
393,0,20.75,54,17.6971779222895,17.7255846306883,1
393,0,20.75,54,17.7255846306883,17.7332607958402,1
393,0,20.75,54,17.7332607958402,17.7455051389663,1
393,0,20.75,54,17.7455051389663,18.0428303717113,1
393,0,20.75,54,18.0428303717113,18.1211187045566,1
393,0,20.75,54,18.1211187045566,18.1899529710016,1
393,0,20.75,54,18.1899529710016,18.6700952425538,1
393,0,20.75,54,18.6700952425538,18.6891376212736,1
393,0,20.75,54,18.6891376212736,19.0499487100411,1
393,0,20.75,54,19.0499487100411,19.0505575254479,1
393,0,20.75,54,19.0505575254479,19.4636968477279,1
393,0,20.75,54,19.4636968477279,19.464472231955,1
393,0,20.75,54,19.464472231955,19.477045179694,1
393,0,20.75,54,19.477045179694,19.4785742758902,1
393,0,20.75,54,19.4785742758902,19.5215586928464,1
393,0,20.75,54,19.5215586928464,19.7700322188939,1
393,0,20.75,54,19.7700322188939,19.9897893535099,1
393,0,20.75,54,19.9897893535099,20.4054388000408,1
393,0,20.75,54,20.4054388000408,20.4665699691269,1
393,0,20.75,54,20.4665699691269,20.5164532867119,1
393,0,20.75,54,20.5164532867119,20.7137662576956,1
393,0,20.75,54,20.7137662576956,20.7398064454038,1
393,0,20.75,54,20.7398064454038,20.75,0
394,0,9.75,0,0,9.75,0
395,0,13.75,3,0,1.62470374505527,1
395,0,13.75,3,1.62470374505527,5.78246433892474,1
395,0,13.75,3,5.78246433892474,8.18075266588293,1
395,0,13.75,3,8.18075266588293,13.75,0
396,0,12.75,25,0,1.91826893410826,1
396,0,12.75,25,1.91826893410826,3.26606000526274,1
396,0,12.75,25,3.26606000526274,3.93658917072243,1
396,0,12.75,25,3.93658917072243,4.4337715314235,1
396,0,12.75,25,4.4337715314235,5.81083291378783,1
396,0,12.75,25,5.81083291378783,6.0716238415803,1
396,0,12.75,25,6.0716238415803,6.64236171076852,1
396,0,12.75,25,6.64236171076852,7.45874141368385,1
396,0,12.75,25,7.45874141368385,7.57467552127702,1
396,0,12.75,25,7.57467552127702,7.85149855668819,1
396,0,12.75,25,7.85149855668819,8.35472739943076,1
396,0,12.75,25,8.35472739943076,9.88951027723919,1
396,0,12.75,25,9.88951027723919,10.0019372632728,1
396,0,12.75,25,10.0019372632728,10.3854663380675,1
396,0,12.75,25,10.3854663380675,10.5261370516647,1
396,0,12.75,25,10.5261370516647,10.6832960110818,1
396,0,12.75,25,10.6832960110818,11.1170881496852,1
396,0,12.75,25,11.1170881496852,11.2820667115545,1
396,0,12.75,25,11.2820667115545,11.3328656190468,1
396,0,12.75,25,11.3328656190468,11.5519372974196,1
396,0,12.75,25,11.5519372974196,11.95747120212,1
396,0,12.75,25,11.95747120212,12.0414258060649,1
396,0,12.75,25,12.0414258060649,12.3553348915468,1
396,0,12.75,25,12.3553348915468,12.4487898589186,1
396,0,12.75,25,12.4487898589186,12.462273370809,1
396,0,12.75,25,12.462273370809,12.75,0
397,0,13.75,1,0,2.85383785012758,1
397,0,13.75,1,2.85383785012758,13.75,0
398,0,17.75,0,0,17.75,0
399,0,7.75,1,0,3.7975998764882,1
399,0,7.75,1,3.7975998764882,7.75,0
400,0,15.75,2,0,0.478214544439591,1
400,0,15.75,2,0.478214544439591,11.0120670787057,1
400,0,15.75,2,11.0120670787057,15.75,0
401,0,11.75,1,0,1.19683657026394,1
401,0,11.75,1,1.19683657026394,11.75,0
402,0,19.75,8,0,1.169756775505,1
402,0,19.75,8,1.169756775505,1.38691732298445,1
402,0,19.75,8,1.38691732298445,1.5725956532028,1
402,0,19.75,8,1.5725956532028,4.27933680039688,1
402,0,19.75,8,4.27933680039688,4.9754859690513,1
402,0,19.75,8,4.9754859690513,5.22379953954521,1
402,0,19.75,8,5.22379953954521,5.57631128550894,1
402,0,19.75,8,5.57631128550894,10.0877114901412,1
402,0,19.75,8,10.0877114901412,19.75,0
403,0,17.75,33,0,3.55856233679972,1
403,0,17.75,33,3.55856233679972,3.76845583391986,1
403,0,17.75,33,3.76845583391986,4.13253591637652,1
403,0,17.75,33,4.13253591637652,5.32388029399591,1
403,0,17.75,33,5.32388029399591,5.70665843188185,1
403,0,17.75,33,5.70665843188185,7.97318419087434,1
403,0,17.75,33,7.97318419087434,8.05457346137189,1
403,0,17.75,33,8.05457346137189,8.71086266195028,1
403,0,17.75,33,8.71086266195028,10.511061687467,1
403,0,17.75,33,10.511061687467,12.0446622539744,1
403,0,17.75,33,12.0446622539744,12.822689121778,1
403,0,17.75,33,12.822689121778,13.1746201447968,1
403,0,17.75,33,13.1746201447968,13.8280133448402,1
403,0,17.75,33,13.8280133448402,13.883208905084,1
403,0,17.75,33,13.883208905084,13.9138016361356,1
403,0,17.75,33,13.9138016361356,13.9307641499511,1
403,0,17.75,33,13.9307641499511,13.9963130663785,1
403,0,17.75,33,13.9963130663785,14.2838503512972,1
403,0,17.75,33,14.2838503512972,15.0083911024334,1
403,0,17.75,33,15.0083911024334,15.1209869888492,1
403,0,17.75,33,15.1209869888492,15.1894422757517,1
403,0,17.75,33,15.1894422757517,15.3680076243364,1
403,0,17.75,33,15.3680076243364,15.7059879417847,1
403,0,17.75,33,15.7059879417847,16.0260963970448,1
403,0,17.75,33,16.0260963970448,16.1547459261722,1
403,0,17.75,33,16.1547459261722,16.7307505872267,1
403,0,17.75,33,16.7307505872267,16.7692209302976,1
403,0,17.75,33,16.7692209302976,17.027164766017,1
403,0,17.75,33,17.027164766017,17.1445240102535,1
403,0,17.75,33,17.1445240102535,17.4349969880948,1
403,0,17.75,33,17.4349969880948,17.538950347074,1
403,0,17.75,33,17.538950347074,17.5390702956667,1
403,0,17.75,33,17.5390702956667,17.68740910507,1
403,0,17.75,33,17.68740910507,17.75,0
404,0,9.75,13,0,1.59073337723552,1
404,0,9.75,13,1.59073337723552,2.58327810817222,1
404,0,9.75,13,2.58327810817222,3.06224492044734,1
404,0,9.75,13,3.06224492044734,3.1697496437773,1
404,0,9.75,13,3.1697496437773,5.3151818959282,1
404,0,9.75,13,5.3151818959282,5.39355891868258,1
404,0,9.75,13,5.39355891868258,6.08117391578298,1
404,0,9.75,13,6.08117391578298,6.59829206668858,1
404,0,9.75,13,6.59829206668858,7.15687999048132,1
404,0,9.75,13,7.15687999048132,8.05493854338027,1
404,0,9.75,13,8.05493854338027,8.7025005744378,1
404,0,9.75,13,8.7025005744378,9.06697169350277,1
404,0,9.75,13,9.06697169350277,9.64915682637565,1
404,0,9.75,13,9.64915682637565,9.75,0
405,0,12.75,13,0,2.90148662945492,1
405,0,12.75,13,2.90148662945492,4.46919708615507,1
405,0,12.75,13,4.46919708615507,4.83139570308017,1
405,0,12.75,13,4.83139570308017,6.43525941119008,1
405,0,12.75,13,6.43525941119008,9.49710716736898,1
405,0,12.75,13,9.49710716736898,10.5024918588719,1
405,0,12.75,13,10.5024918588719,10.7773956934816,1
405,0,12.75,13,10.7773956934816,10.8408745624164,1
405,0,12.75,13,10.8408745624164,11.0708811902464,1
405,0,12.75,13,11.0708811902464,11.0936284424194,1
405,0,12.75,13,11.0936284424194,11.7312906425796,1
405,0,12.75,13,11.7312906425796,11.9594311171705,1
405,0,12.75,13,11.9594311171705,12.4710956527975,1
405,0,12.75,13,12.4710956527975,12.75,0
406,0,15.75,25,0,4.65439554686481,1
406,0,15.75,25,4.65439554686481,5.35047538041405,1
406,0,15.75,25,5.35047538041405,8.02862531603199,1
406,0,15.75,25,8.02862531603199,8.08293738968426,1
406,0,15.75,25,8.08293738968426,8.27679939290807,1
406,0,15.75,25,8.27679939290807,8.66150493277475,1
406,0,15.75,25,8.66150493277475,9.22852733154655,1
406,0,15.75,25,9.22852733154655,9.47498517300396,1
406,0,15.75,25,9.47498517300396,10.6551575247941,1
406,0,15.75,25,10.6551575247941,10.719744903416,1
406,0,15.75,25,10.719744903416,10.9625838072763,1
406,0,15.75,25,10.9625838072763,11.1990241912598,1
406,0,15.75,25,11.1990241912598,11.4432642672469,1
406,0,15.75,25,11.4432642672469,11.4910045147394,1
406,0,15.75,25,11.4910045147394,11.8466393388234,1
406,0,15.75,25,11.8466393388234,11.9620476525845,1
406,0,15.75,25,11.9620476525845,12.0198745155404,1
406,0,15.75,25,12.0198745155404,12.6154543172101,1
406,0,15.75,25,12.6154543172101,13.5891370991351,1
406,0,15.75,25,13.5891370991351,14.0203884169782,1
406,0,15.75,25,14.0203884169782,14.2689626266838,1
406,0,15.75,25,14.2689626266838,14.3142374099168,1
406,0,15.75,25,14.3142374099168,14.846836576006,1
406,0,15.75,25,14.846836576006,14.9594590189519,1
406,0,15.75,25,14.9594590189519,15.3454704198999,1
406,0,15.75,25,15.3454704198999,15.75,0
407,0,15.75,0,0,15.75,0
408,0,11.75,3,0,4.17978843928579,1
408,0,11.75,3,4.17978843928579,4.51093996247189,1
408,0,11.75,3,4.51093996247189,7.55353723868523,1
408,0,11.75,3,7.55353723868523,11.75,0
409,0,11.75,27,0,3.58846850427531,1
409,0,11.75,27,3.58846850427531,5.35071446600815,1
409,0,11.75,27,5.35071446600815,6.12407689829783,1
409,0,11.75,27,6.12407689829783,6.38961733335594,1
409,0,11.75,27,6.38961733335594,6.4988137049306,1
409,0,11.75,27,6.4988137049306,6.50528301783901,1
409,0,11.75,27,6.50528301783901,6.90161801779892,1
409,0,11.75,27,6.90161801779892,6.91709603416098,1
409,0,11.75,27,6.91709603416098,7.23618590934532,1
409,0,11.75,27,7.23618590934532,7.27205796495968,1
409,0,11.75,27,7.27205796495968,7.62052041946703,1
409,0,11.75,27,7.62052041946703,8.27835154360649,1
409,0,11.75,27,8.27835154360649,8.3161571803557,1
409,0,11.75,27,8.3161571803557,8.74559072547136,1
409,0,11.75,27,8.74559072547136,8.88201305799212,1
409,0,11.75,27,8.88201305799212,9.19432369338854,1
409,0,11.75,27,9.19432369338854,9.40512116765977,1
409,0,11.75,27,9.40512116765977,9.62561149114697,1
409,0,11.75,27,9.62561149114697,9.99634886368941,1
409,0,11.75,27,9.99634886368941,10.0087872468042,1
409,0,11.75,27,10.0087872468042,10.2051743095184,1
409,0,11.75,27,10.2051743095184,10.5793582258032,1
409,0,11.75,27,10.5793582258032,11.0816782916268,1
409,0,11.75,27,11.0816782916268,11.2146896002687,1
409,0,11.75,27,11.2146896002687,11.4672385243492,1
409,0,11.75,27,11.4672385243492,11.4727810705493,1
409,0,11.75,27,11.4727810705493,11.7043409196993,1
409,0,11.75,27,11.7043409196993,11.75,0
410,0,15.75,16,0,3.97507808354228,1
410,0,15.75,16,3.97507808354228,7.42649819373946,1
410,0,15.75,16,7.42649819373946,8.95585962846863,1
410,0,15.75,16,8.95585962846863,9.83389931086072,1
410,0,15.75,16,9.83389931086072,10.318523949178,1
410,0,15.75,16,10.318523949178,10.8302397649051,1
410,0,15.75,16,10.8302397649051,12.8526634344646,1
410,0,15.75,16,12.8526634344646,13.4243598124424,1
410,0,15.75,16,13.4243598124424,13.9491133542044,1
410,0,15.75,16,13.9491133542044,14.0808358705073,1
410,0,15.75,16,14.0808358705073,14.2344251669523,1
410,0,15.75,16,14.2344251669523,14.7035017723506,1
410,0,15.75,16,14.7035017723506,14.8380615024722,1
410,0,15.75,16,14.8380615024722,15.066206303523,1
410,0,15.75,16,15.066206303523,15.1859612289374,1
410,0,15.75,16,15.1859612289374,15.6260570243333,1
410,0,15.75,16,15.6260570243333,15.75,0
411,0,10.75,3,0,4.33685364859298,1
411,0,10.75,3,4.33685364859298,7.29492520898247,1
411,0,10.75,3,7.29492520898247,7.43920164421856,1
411,0,10.75,3,7.43920164421856,10.75,0
412,0,11.75,2,0,0.0104429123149576,1
412,0,11.75,2,0.0104429123149576,4.76261275766664,1
412,0,11.75,2,4.76261275766664,11.75,0
413,0,9.75,1,0,6.61175384107533,1
413,0,9.75,1,6.61175384107533,9.75,0
414,0,15.75,4,0,0.691594897105777,1
414,0,15.75,4,0.691594897105777,3.60958707217612,1
414,0,15.75,4,3.60958707217612,3.76427252388861,1
414,0,15.75,4,3.76427252388861,15.1328036157758,1
414,0,15.75,4,15.1328036157758,15.75,0
415,0,15.75,23,0,5.56979086063622,1
415,0,15.75,23,5.56979086063622,5.98438404904374,1
415,0,15.75,23,5.98438404904374,6.22019183749789,1
415,0,15.75,23,6.22019183749789,7.60409943182224,1
415,0,15.75,23,7.60409943182224,8.62439460328559,1
415,0,15.75,23,8.62439460328559,8.93936363482224,1
415,0,15.75,23,8.93936363482224,9.28248820472209,1
415,0,15.75,23,9.28248820472209,10.0435207231378,1
415,0,15.75,23,10.0435207231378,10.0902233295681,1
415,0,15.75,23,10.0902233295681,10.1544180860584,1
415,0,15.75,23,10.1544180860584,10.1769079580556,1
415,0,15.75,23,10.1769079580556,10.7712302622786,1
415,0,15.75,23,10.7712302622786,11.7924753194359,1
415,0,15.75,23,11.7924753194359,12.2225243171927,1
415,0,15.75,23,12.2225243171927,12.7209400192016,1
415,0,15.75,23,12.7209400192016,12.9283595801675,1
415,0,15.75,23,12.9283595801675,12.9578971364028,1
415,0,15.75,23,12.9578971364028,13.3532556739935,1
415,0,15.75,23,13.3532556739935,13.7159357840665,1
415,0,15.75,23,13.7159357840665,13.7667962676301,1
415,0,15.75,23,13.7667962676301,14.7518846044136,1
415,0,15.75,23,14.7518846044136,15.2966436334158,1
415,0,15.75,23,15.2966436334158,15.3271159486972,1
415,0,15.75,23,15.3271159486972,15.75,0
416,0,10.75,3,0,6.07702871398842,1
416,0,10.75,3,6.07702871398842,8.71613832646585,1
416,0,10.75,3,8.71613832646585,10.0158298345348,1
416,0,10.75,3,10.0158298345348,10.75,0
417,0,11.75,45,0,3.77398202760383,1
417,0,11.75,45,3.77398202760383,4.8010469961889,1
417,0,11.75,45,4.8010469961889,4.94723831474233,1
417,0,11.75,45,4.94723831474233,5.51322553637454,1
417,0,11.75,45,5.51322553637454,5.62787829939044,1
417,0,11.75,45,5.62787829939044,5.87091947933841,1
417,0,11.75,45,5.87091947933841,6.16539588986889,1
417,0,11.75,45,6.16539588986889,6.28496526990372,1
417,0,11.75,45,6.28496526990372,6.86780845116018,1
417,0,11.75,45,6.86780845116018,6.94264796226685,1
417,0,11.75,45,6.94264796226685,7.29552323944937,1
417,0,11.75,45,7.29552323944937,7.46185761147124,1
417,0,11.75,45,7.46185761147124,7.55294030345763,1
417,0,11.75,45,7.55294030345763,7.63370868467489,1
417,0,11.75,45,7.63370868467489,7.64723100197611,1
417,0,11.75,45,7.64723100197611,7.73468982110863,1
417,0,11.75,45,7.73468982110863,7.78170391861979,1
417,0,11.75,45,7.78170391861979,7.96357805177564,1
417,0,11.75,45,7.96357805177564,7.98837250299665,1
417,0,11.75,45,7.98837250299665,8.28345902087654,1
417,0,11.75,45,8.28345902087654,8.30222299066872,1
417,0,11.75,45,8.30222299066872,8.58790697983367,1
417,0,11.75,45,8.58790697983367,8.9863062227926,1
417,0,11.75,45,8.9863062227926,9.08051616767932,1
417,0,11.75,45,9.08051616767932,9.10579701530059,1
417,0,11.75,45,9.10579701530059,9.12077857563127,1
417,0,11.75,45,9.12077857563127,9.15219939501346,1
417,0,11.75,45,9.15219939501346,9.15348542536057,1
417,0,11.75,45,9.15348542536057,9.27862869544803,1
417,0,11.75,45,9.27862869544803,9.29739011694989,1
417,0,11.75,45,9.29739011694989,9.30714333939973,1
417,0,11.75,45,9.30714333939973,9.32122553414541,1
417,0,11.75,45,9.32122553414541,9.64433259007712,1
417,0,11.75,45,9.64433259007712,9.73066665607608,1
417,0,11.75,45,9.73066665607608,9.80402574569042,1
417,0,11.75,45,9.80402574569042,9.84577568480344,1
417,0,11.75,45,9.84577568480344,9.88871401496359,1
417,0,11.75,45,9.88871401496359,10.0194652997463,1
417,0,11.75,45,10.0194652997463,10.2600514603236,1
417,0,11.75,45,10.2600514603236,10.3188728196659,1
417,0,11.75,45,10.3188728196659,10.6720708544428,1
417,0,11.75,45,10.6720708544428,10.7874438732183,1
417,0,11.75,45,10.7874438732183,10.9613612270614,1
417,0,11.75,45,10.9613612270614,11.4259794536188,1
417,0,11.75,45,11.4259794536188,11.6268050321506,1
417,0,11.75,45,11.6268050321506,11.75,0
418,0,18.75,41,0,5.20531692046,1
418,0,18.75,41,5.20531692046,6.2968248472914,1
418,0,18.75,41,6.2968248472914,6.88616063450038,1
418,0,18.75,41,6.88616063450038,7.43458600647608,1
418,0,18.75,41,7.43458600647608,7.44998468627246,1
418,0,18.75,41,7.44998468627246,7.97843129511568,1
418,0,18.75,41,7.97843129511568,8.21718394265778,1
418,0,18.75,41,8.21718394265778,8.37120147971637,1
418,0,18.75,41,8.37120147971637,8.84608160464662,1
418,0,18.75,41,8.84608160464662,9.73939948033217,1
418,0,18.75,41,9.73939948033217,10.2345384401379,1
418,0,18.75,41,10.2345384401379,10.2393317212664,1
418,0,18.75,41,10.2393317212664,10.4307446320572,1
418,0,18.75,41,10.4307446320572,10.5628328191285,1
418,0,18.75,41,10.5628328191285,10.819012554303,1
418,0,18.75,41,10.819012554303,11.9974637941375,1
418,0,18.75,41,11.9974637941375,12.0601713114078,1
418,0,18.75,41,12.0601713114078,12.0719936198583,1
418,0,18.75,41,12.0719936198583,12.8911036469819,1
418,0,18.75,41,12.8911036469819,13.2784850452293,1
418,0,18.75,41,13.2784850452293,13.5395880642392,1
418,0,18.75,41,13.5395880642392,13.6691996447333,1
418,0,18.75,41,13.6691996447333,13.7759292198476,1
418,0,18.75,41,13.7759292198476,14.2855435946826,1
418,0,18.75,41,14.2855435946826,14.8777788430764,1
418,0,18.75,41,14.8777788430764,14.9864267905035,1
418,0,18.75,41,14.9864267905035,14.9891079391903,1
418,0,18.75,41,14.9891079391903,15.1078102024692,1
418,0,18.75,41,15.1078102024692,15.3120752604481,1
418,0,18.75,41,15.3120752604481,15.5831832653186,1
418,0,18.75,41,15.5831832653186,15.7396339980956,1
418,0,18.75,41,15.7396339980956,15.7833126224392,1
418,0,18.75,41,15.7833126224392,16.2077507551177,1
418,0,18.75,41,16.2077507551177,16.2168449834524,1
418,0,18.75,41,16.2168449834524,16.7784252959958,1
418,0,18.75,41,16.7784252959958,16.8947663532476,1
418,0,18.75,41,16.8947663532476,17.2686885434075,1
418,0,18.75,41,17.2686885434075,17.5326211461292,1
418,0,18.75,41,17.5326211461292,17.6459698016023,1
418,0,18.75,41,17.6459698016023,17.8294795901957,1
418,0,18.75,41,17.8294795901957,18.2115659905744,1
418,0,18.75,41,18.2115659905744,18.75,0
419,0,16.75,52,0,0.977941185165966,1
419,0,16.75,52,0.977941185165966,3.09919840365531,1
419,0,16.75,52,3.09919840365531,4.09525625332319,1
419,0,16.75,52,4.09525625332319,4.68504012169042,1
419,0,16.75,52,4.68504012169042,4.74641890566037,1
419,0,16.75,52,4.74641890566037,5.20671823079557,1
419,0,16.75,52,5.20671823079557,5.83291109018731,1
419,0,16.75,52,5.83291109018731,6.17567311102508,1
419,0,16.75,52,6.17567311102508,7.23079810992245,1
419,0,16.75,52,7.23079810992245,7.88069784395322,1
419,0,16.75,52,7.88069784395322,8.33495757674444,1
419,0,16.75,52,8.33495757674444,8.88291425016068,1
419,0,16.75,52,8.88291425016068,9.57900777184036,1
419,0,16.75,52,9.57900777184036,9.69428452599017,1
419,0,16.75,52,9.69428452599017,10.2509165167462,1
419,0,16.75,52,10.2509165167462,10.7355343231145,1
419,0,16.75,52,10.7355343231145,10.7770616123321,1
419,0,16.75,52,10.7770616123321,11.4702333818201,1
419,0,16.75,52,11.4702333818201,11.6988452920332,1
419,0,16.75,52,11.6988452920332,11.9405634417553,1
419,0,16.75,52,11.9405634417553,12.4606806814437,1
419,0,16.75,52,12.4606806814437,12.683789403954,1
419,0,16.75,52,12.683789403954,12.9163856475001,1
419,0,16.75,52,12.9163856475001,13.0096428511441,1
419,0,16.75,52,13.0096428511441,13.0669317664769,1
419,0,16.75,52,13.0669317664769,13.0741377629923,1
419,0,16.75,52,13.0741377629923,13.1684272995511,1
419,0,16.75,52,13.1684272995511,13.2069031091279,1
419,0,16.75,52,13.2069031091279,13.4663623716979,1
419,0,16.75,52,13.4663623716979,13.4825032800429,1
419,0,16.75,52,13.4825032800429,13.5749851092585,1
419,0,16.75,52,13.5749851092585,13.8828434046813,1
419,0,16.75,52,13.8828434046813,13.9966473561569,1
419,0,16.75,52,13.9966473561569,14.0155463429302,1
419,0,16.75,52,14.0155463429302,14.0966128678993,1
419,0,16.75,52,14.0966128678993,14.4185197873595,1
419,0,16.75,52,14.4185197873595,14.5725099136471,1
419,0,16.75,52,14.5725099136471,14.8470680897132,1
419,0,16.75,52,14.8470680897132,14.8615932568488,1
419,0,16.75,52,14.8615932568488,14.9762195696601,1
419,0,16.75,52,14.9762195696601,14.9831279282523,1
419,0,16.75,52,14.9831279282523,15.154313909945,1
419,0,16.75,52,15.154313909945,15.2609993103715,1
419,0,16.75,52,15.2609993103715,15.6033759605221,1
419,0,16.75,52,15.6033759605221,15.7116036213489,1
419,0,16.75,52,15.7116036213489,15.7375968299475,1
419,0,16.75,52,15.7375968299475,16.0684534270002,1
419,0,16.75,52,16.0684534270002,16.227835042915,1
419,0,16.75,52,16.227835042915,16.338977554805,1
419,0,16.75,52,16.338977554805,16.5108989041839,1
419,0,16.75,52,16.5108989041839,16.5303563863139,1
419,0,16.75,52,16.5303563863139,16.7008279035405,1
419,0,16.75,52,16.7008279035405,16.75,0
420,0,8.75,5,0,2.26684203140006,1
420,0,8.75,5,2.26684203140006,5.57960780733124,1
420,0,8.75,5,5.57960780733124,5.80073122826733,1
420,0,8.75,5,5.80073122826733,6.71984504578484,1
420,0,8.75,5,6.71984504578484,7.72645460438398,1
420,0,8.75,5,7.72645460438398,8.75,0
421,0,7.75,7,0,2.41721112372672,1
421,0,7.75,7,2.41721112372672,3.68791903658456,1
421,0,7.75,7,3.68791903658456,3.75176846255549,1
421,0,7.75,7,3.75176846255549,4.14944996724415,1
421,0,7.75,7,4.14944996724415,5.41252068136367,1
421,0,7.75,7,5.41252068136367,5.87496197451202,1
421,0,7.75,7,5.87496197451202,7.47472834159587,1
421,0,7.75,7,7.47472834159587,7.75,0
422,0,13.75,2,0,7.65264612575506,1
422,0,13.75,2,7.65264612575506,10.5740600308109,1
422,0,13.75,2,10.5740600308109,13.75,0
423,0,14.75,2,0,0.852655075492356,1
423,0,14.75,2,0.852655075492356,8.72256002083009,1
423,0,14.75,2,8.72256002083009,14.75,0
424,0,12.75,54,0,1.49471705113053,1
424,0,12.75,54,1.49471705113053,3.66434609821854,1
424,0,12.75,54,3.66434609821854,3.74215325984342,1
424,0,12.75,54,3.74215325984342,4.14213263085745,1
424,0,12.75,54,4.14213263085745,4.38665904492227,1
424,0,12.75,54,4.38665904492227,4.77454632964904,1
424,0,12.75,54,4.77454632964904,5.63229102107889,1
424,0,12.75,54,5.63229102107889,5.63564006724118,1
424,0,12.75,54,5.63564006724118,5.68925785710974,1
424,0,12.75,54,5.68925785710974,5.87397422396576,1
424,0,12.75,54,5.87397422396576,5.9495089918659,1
424,0,12.75,54,5.9495089918659,5.99721217059483,1
424,0,12.75,54,5.99721217059483,6.43519932336036,1
424,0,12.75,54,6.43519932336036,6.50527487851473,1
424,0,12.75,54,6.50527487851473,6.58926344001291,1
424,0,12.75,54,6.58926344001291,6.72479485293272,1
424,0,12.75,54,6.72479485293272,6.89054112379429,1
424,0,12.75,54,6.89054112379429,7.30412060797326,1
424,0,12.75,54,7.30412060797326,7.40341156881363,1
424,0,12.75,54,7.40341156881363,7.46879370190251,1
424,0,12.75,54,7.46879370190251,7.68257968901291,1
424,0,12.75,54,7.68257968901291,8.06273077970646,1
424,0,12.75,54,8.06273077970646,8.58234942774807,1
424,0,12.75,54,8.58234942774807,8.72280136177418,1
424,0,12.75,54,8.72280136177418,8.93565295742044,1
424,0,12.75,54,8.93565295742044,9.23805891942392,1
424,0,12.75,54,9.23805891942392,9.42036253679726,1
424,0,12.75,54,9.42036253679726,9.55740945516171,1
424,0,12.75,54,9.55740945516171,9.57609764840938,1
424,0,12.75,54,9.57609764840938,9.59108099423186,1
424,0,12.75,54,9.59108099423186,9.6824878181213,1
424,0,12.75,54,9.6824878181213,9.79060500047918,1
424,0,12.75,54,9.79060500047918,9.8050917426065,1
424,0,12.75,54,9.8050917426065,10.0570400394192,1
424,0,12.75,54,10.0570400394192,10.06913342606,1
424,0,12.75,54,10.06913342606,10.347570183914,1
424,0,12.75,54,10.347570183914,10.4107009292891,1
424,0,12.75,54,10.4107009292891,10.7149163015317,1
424,0,12.75,54,10.7149163015317,11.1108491973937,1
424,0,12.75,54,11.1108491973937,11.2793583503472,1
424,0,12.75,54,11.2793583503472,11.3308610570658,1
424,0,12.75,54,11.3308610570658,11.4156325974901,1
424,0,12.75,54,11.4156325974901,11.5358780981282,1
424,0,12.75,54,11.5358780981282,11.7998096966398,1
424,0,12.75,54,11.7998096966398,11.825714682841,1
424,0,12.75,54,11.825714682841,11.9031163620737,1
424,0,12.75,54,11.9031163620737,11.9293503839814,1
424,0,12.75,54,11.9293503839814,12.1725668895519,1
424,0,12.75,54,12.1725668895519,12.1754924863783,1
424,0,12.75,54,12.1754924863783,12.377666763319,1
424,0,12.75,54,12.377666763319,12.5796687437948,1
424,0,12.75,54,12.5796687437948,12.6015436412997,1
424,0,12.75,54,12.6015436412997,12.6249084484207,1
424,0,12.75,54,12.6249084484207,12.6529819384676,1
424,0,12.75,54,12.6529819384676,12.75,0
425,0,13.75,1,0,5.22572594864221,1
425,0,13.75,1,5.22572594864221,13.75,0
426,0,12.75,1,0,11.6249998849003,1
426,0,12.75,1,11.6249998849003,12.75,0
427,0,13.75,1,0,8.08526661042136,1
427,0,13.75,1,8.08526661042136,13.75,0
428,0,11.75,2,0,2.63132211561663,1
428,0,11.75,2,2.63132211561663,2.7159289026518,1
428,0,11.75,2,2.7159289026518,11.75,0
429,0,11.75,18,0,1.87524380104802,1
429,0,11.75,18,1.87524380104802,3.12065937654857,1
429,0,11.75,18,3.12065937654857,3.80719311532646,1
429,0,11.75,18,3.80719311532646,4.39965243913777,1
429,0,11.75,18,4.39965243913777,4.97922833620665,1
429,0,11.75,18,4.97922833620665,5.71218121591919,1
429,0,11.75,18,5.71218121591919,6.4483968563544,1
429,0,11.75,18,6.4483968563544,7.10720913506645,1
429,0,11.75,18,7.10720913506645,8.29685109362747,1
429,0,11.75,18,8.29685109362747,9.14308608667025,1
429,0,11.75,18,9.14308608667025,9.19991355947218,1
429,0,11.75,18,9.19991355947218,9.96739307350757,1
429,0,11.75,18,9.96739307350757,10.0616490254952,1
429,0,11.75,18,10.0616490254952,10.0775791217713,1
429,0,11.75,18,10.0775791217713,10.2330246356872,1
429,0,11.75,18,10.2330246356872,10.9609187950554,1
429,0,11.75,18,10.9609187950554,11.3886953789875,1
429,0,11.75,18,11.3886953789875,11.6718627693899,1
429,0,11.75,18,11.6718627693899,11.75,0
430,0,10.75,0,0,10.75,0
431,0,12.75,1,0,1.56452914181486,1
431,0,12.75,1,1.56452914181486,12.75,0
432,0,17.75,23,0,7.41321514103479,1
432,0,17.75,23,7.41321514103479,8.86811667984685,1
432,0,17.75,23,8.86811667984685,9.77039148146777,1
432,0,17.75,23,9.77039148146777,10.2966462964645,1
432,0,17.75,23,10.2966462964645,10.554784897114,1
432,0,17.75,23,10.554784897114,10.6068310232718,1
432,0,17.75,23,10.6068310232718,10.9686282131864,1
432,0,17.75,23,10.9686282131864,11.35953555073,1
432,0,17.75,23,11.35953555073,12.2039795926577,1
432,0,17.75,23,12.2039795926577,12.6654582582212,1
432,0,17.75,23,12.6654582582212,12.8885579695059,1
432,0,17.75,23,12.8885579695059,13.5820200374276,1
432,0,17.75,23,13.5820200374276,13.6202982762978,1
432,0,17.75,23,13.6202982762978,14.1688013304126,1
432,0,17.75,23,14.1688013304126,14.3469947372952,1
432,0,17.75,23,14.3469947372952,14.4247033223639,1
432,0,17.75,23,14.4247033223639,14.9809803554154,1
432,0,17.75,23,14.9809803554154,16.2988055138867,1
432,0,17.75,23,16.2988055138867,16.631885949818,1
432,0,17.75,23,16.631885949818,16.8995620963604,1
432,0,17.75,23,16.8995620963604,16.9340574025207,1
432,0,17.75,23,16.9340574025207,17.1395137806039,1
432,0,17.75,23,17.1395137806039,17.3832269524284,1
432,0,17.75,23,17.3832269524284,17.75,0
433,0,8.75,0,0,8.75,0
434,0,17.75,4,0,0.108986359699716,1
434,0,17.75,4,0.108986359699716,1.30157404731398,1
434,0,17.75,4,1.30157404731398,4.40402104784202,1
434,0,17.75,4,4.40402104784202,10.416283670514,1
434,0,17.75,4,10.416283670514,17.75,0
435,0,8.75,5,0,4.63196058117218,1
435,0,8.75,5,4.63196058117218,7.15588607615854,1
435,0,8.75,5,7.15588607615854,7.71666984366307,1
435,0,8.75,5,7.71666984366307,7.90735681519515,1
435,0,8.75,5,7.90735681519515,8.39277159058754,1
435,0,8.75,5,8.39277159058754,8.75,0
436,0,8.75,3,0,6.78053911345942,1
436,0,8.75,3,6.78053911345942,6.9578055982742,1
436,0,8.75,3,6.9578055982742,8.63800068108725,1
436,0,8.75,3,8.63800068108725,8.75,0
437,0,10.75,23,0,0.756649385115013,1
437,0,10.75,23,0.756649385115013,2.10230536491787,1
437,0,10.75,23,2.10230536491787,4.2190933561032,1
437,0,10.75,23,4.2190933561032,4.462917729412,1
437,0,10.75,23,4.462917729412,5.27294869816901,1
437,0,10.75,23,5.27294869816901,6.56723771295435,1
437,0,10.75,23,6.56723771295435,6.87775821663923,1
437,0,10.75,23,6.87775821663923,7.85409899330045,1
437,0,10.75,23,7.85409899330045,7.86632082142587,1
437,0,10.75,23,7.86632082142587,8.17111562257139,1
437,0,10.75,23,8.17111562257139,8.2242203699252,1
437,0,10.75,23,8.2242203699252,8.64728272716424,1
437,0,10.75,23,8.64728272716424,9.111582319155,1
437,0,10.75,23,9.111582319155,9.21289591740963,1
437,0,10.75,23,9.21289591740963,9.34697999201566,1
437,0,10.75,23,9.34697999201566,9.44601083460725,1
437,0,10.75,23,9.44601083460725,9.51320377765292,1
437,0,10.75,23,9.51320377765292,9.61852573463633,1
437,0,10.75,23,9.61852573463633,9.78712620177702,1
437,0,10.75,23,9.78712620177702,9.88950387300521,1
437,0,10.75,23,9.88950387300521,10.0668777720137,1
437,0,10.75,23,10.0668777720137,10.4236640304267,1
437,0,10.75,23,10.4236640304267,10.6432198932698,1
437,0,10.75,23,10.6432198932698,10.75,0
438,0,14.75,14,0,5.73131082266162,1
438,0,14.75,14,5.73131082266162,5.9634862743675,1
438,0,14.75,14,5.9634862743675,7.69096717424619,1
438,0,14.75,14,7.69096717424619,8.14831000398958,1
438,0,14.75,14,8.14831000398958,8.28466762488183,1
438,0,14.75,14,8.28466762488183,10.8763478243934,1
438,0,14.75,14,10.8763478243934,11.8001701951152,1
438,0,14.75,14,11.8001701951152,11.9255139867808,1
438,0,14.75,14,11.9255139867808,12.5427089386543,1
438,0,14.75,14,12.5427089386543,12.8169840967203,1
438,0,14.75,14,12.8169840967203,13.3218393146645,1
438,0,14.75,14,13.3218393146645,13.7933420550036,1
438,0,14.75,14,13.7933420550036,13.9309179134938,1
438,0,14.75,14,13.9309179134938,14.5022472361853,1
438,0,14.75,14,14.5022472361853,14.75,0
439,0,14.75,1,0,7.37314541987664,1
439,0,14.75,1,7.37314541987664,14.75,0
440,0,13.75,11,0,5.23987402951914,1
440,0,13.75,11,5.23987402951914,6.85637458450002,1
440,0,13.75,11,6.85637458450002,7.9170709642941,1
440,0,13.75,11,7.9170709642941,8.47553516475781,1
440,0,13.75,11,8.47553516475781,8.85934743318395,1
440,0,13.75,11,8.85934743318395,9.40419355702969,1
440,0,13.75,11,9.40419355702969,10.27454613616,1
440,0,13.75,11,10.27454613616,10.6213301129554,1
440,0,13.75,11,10.6213301129554,10.9348212236572,1
440,0,13.75,11,10.9348212236572,10.991204568761,1
440,0,13.75,11,10.991204568761,12.7808335475655,1
440,0,13.75,11,12.7808335475655,13.75,0
441,0,12.75,1,0,0.363627242921956,1
441,0,12.75,1,0.363627242921956,12.75,0
442,0,10.75,8,0,2.62667393393197,1
442,0,10.75,8,2.62667393393197,3.07562829370015,1
442,0,10.75,8,3.07562829370015,5.87783909023623,1
442,0,10.75,8,5.87783909023623,7.19775939911249,1
442,0,10.75,8,7.19775939911249,8.16825986331281,1
442,0,10.75,8,8.16825986331281,8.60552236960432,1
442,0,10.75,8,8.60552236960432,9.11358545510786,1
442,0,10.75,8,9.11358545510786,10.3044125344998,1
442,0,10.75,8,10.3044125344998,10.75,0
443,0,9.75,6,0,3.59860261981681,1
443,0,9.75,6,3.59860261981681,6.68478870215343,1
443,0,9.75,6,6.68478870215343,8.95429575862092,1
443,0,9.75,6,8.95429575862092,8.99753251640109,1
443,0,9.75,6,8.99753251640109,9.50063475722868,1
443,0,9.75,6,9.50063475722868,9.51408556911075,1
443,0,9.75,6,9.51408556911075,9.75,0
444,0,15.75,1,0,0.899301951809221,1
444,0,15.75,1,0.899301951809221,15.75,0
445,0,11.75,2,0,1.82352059663845,1
445,0,11.75,2,1.82352059663845,7.03629620660235,1
445,0,11.75,2,7.03629620660235,11.75,0
446,0,11.75,2,0,3.60291772525749,1
446,0,11.75,2,3.60291772525749,11.1184941761595,1
446,0,11.75,2,11.1184941761595,11.75,0
447,0,7.75,0,0,7.75,0
448,0,9.75,1,0,3.01443811730863,1
448,0,9.75,1,3.01443811730863,9.75,0
449,0,15.75,0,0,15.75,0
450,0,10.75,14,0,2.29289892640635,1
450,0,10.75,14,2.29289892640635,4.89131529920493,1
450,0,10.75,14,4.89131529920493,7.16079971635495,1
450,0,10.75,14,7.16079971635495,7.97787175739467,1
450,0,10.75,14,7.97787175739467,8.28297610607827,1
450,0,10.75,14,8.28297610607827,8.29731276404404,1
450,0,10.75,14,8.29731276404404,8.75117818326635,1
450,0,10.75,14,8.75117818326635,9.49571155609517,1
450,0,10.75,14,9.49571155609517,9.83061274097998,1
450,0,10.75,14,9.83061274097998,10.2451124830775,1
450,0,10.75,14,10.2451124830775,10.2670879994568,1
450,0,10.75,14,10.2670879994568,10.3596625510646,1
450,0,10.75,14,10.3596625510646,10.5901900000238,1
450,0,10.75,14,10.5901900000238,10.7427261401094,1
450,0,10.75,14,10.7427261401094,10.75,0
451,0,13.75,13,0,5.34989305812138,1
451,0,13.75,13,5.34989305812138,6.35935872664411,1
451,0,13.75,13,6.35935872664411,6.93192693020527,1
451,0,13.75,13,6.93192693020527,6.98469736981341,1
451,0,13.75,13,6.98469736981341,7.26119114473184,1
451,0,13.75,13,7.26119114473184,8.18598286474745,1
451,0,13.75,13,8.18598286474745,8.90352933735627,1
451,0,13.75,13,8.90352933735627,9.52917617812878,1
451,0,13.75,13,9.52917617812878,9.80463384154103,1
451,0,13.75,13,9.80463384154103,10.0916672091926,1
451,0,13.75,13,10.0916672091926,11.2564673662871,1
451,0,13.75,13,11.2564673662871,11.2950061722509,1
451,0,13.75,13,11.2950061722509,12.7542802832482,1
451,0,13.75,13,12.7542802832482,13.75,0
452,0,15.75,1,0,1.84225361833733,1
452,0,15.75,1,1.84225361833733,15.75,0
453,0,13.75,2,0,0.138904152862413,1
453,0,13.75,2,0.138904152862413,0.207995598881276,1
453,0,13.75,2,0.207995598881276,13.75,0
454,0,9.75,0,0,9.75,0
455,0,13.75,2,0,0.84796797075996,1
455,0,13.75,2,0.84796797075996,9.44354108482287,1
455,0,13.75,2,9.44354108482287,13.75,0
456,0,14.75,1,0,9.17570775655912,1
456,0,14.75,1,9.17570775655912,14.75,0
457,0,17.75,27,0,5.31151597526408,1
457,0,17.75,27,5.31151597526408,5.32863683941136,1
457,0,17.75,27,5.32863683941136,7.70260695508656,1
457,0,17.75,27,7.70260695508656,9.10486111105408,1
457,0,17.75,27,9.10486111105408,9.12456763800894,1
457,0,17.75,27,9.12456763800894,9.25181590905475,1
457,0,17.75,27,9.25181590905475,10.0312121967922,1
457,0,17.75,27,10.0312121967922,10.7953677267431,1
457,0,17.75,27,10.7953677267431,11.6835671731877,1
457,0,17.75,27,11.6835671731877,13.2555159363554,1
457,0,17.75,27,13.2555159363554,13.3998673648513,1
457,0,17.75,27,13.3998673648513,13.7105315770467,1
457,0,17.75,27,13.7105315770467,13.9937304914714,1
457,0,17.75,27,13.9937304914714,14.4286779494431,1
457,0,17.75,27,14.4286779494431,14.5245733970221,1
457,0,17.75,27,14.5245733970221,15.7051486595416,1
457,0,17.75,27,15.7051486595416,15.7287828902412,1
457,0,17.75,27,15.7287828902412,15.8533295321216,1
457,0,17.75,27,15.8533295321216,16.0145305489134,1
457,0,17.75,27,16.0145305489134,16.3054057509816,1
457,0,17.75,27,16.3054057509816,16.3524793350848,1
457,0,17.75,27,16.3524793350848,16.3623661418531,1
457,0,17.75,27,16.3623661418531,16.4754957079063,1
457,0,17.75,27,16.4754957079063,16.5856053377137,1
457,0,17.75,27,16.5856053377137,16.6577963498003,1
457,0,17.75,27,16.6577963498003,16.7502114640815,1
457,0,17.75,27,16.7502114640815,17.1215667320847,1
457,0,17.75,27,17.1215667320847,17.75,0
458,0,9.75,0,0,9.75,0
459,0,11.75,26,0,3.16099541448659,1
459,0,11.75,26,3.16099541448659,4.03250158249655,1
459,0,11.75,26,4.03250158249655,4.53476136441476,1
459,0,11.75,26,4.53476136441476,5.60671894600258,1
459,0,11.75,26,5.60671894600258,5.96875916723273,1
459,0,11.75,26,5.96875916723273,6.08684447483055,1
459,0,11.75,26,6.08684447483055,6.6441485488394,1
459,0,11.75,26,6.6441485488394,7.68890936415267,1
459,0,11.75,26,7.68890936415267,7.78449357892328,1
459,0,11.75,26,7.78449357892328,7.85105355043989,1
459,0,11.75,26,7.85105355043989,8.06384944826828,1
459,0,11.75,26,8.06384944826828,8.55440070611013,1
459,0,11.75,26,8.55440070611013,9.23908934103796,1
459,0,11.75,26,9.23908934103796,9.8990548259501,1
459,0,11.75,26,9.8990548259501,10.4459651707175,1
459,0,11.75,26,10.4459651707175,10.6603154935179,1
459,0,11.75,26,10.6603154935179,10.6912722458056,1
459,0,11.75,26,10.6912722458056,10.8499890022537,1
459,0,11.75,26,10.8499890022537,11.0186115149089,1
459,0,11.75,26,11.0186115149089,11.023515663507,1
459,0,11.75,26,11.023515663507,11.1569336001442,1
459,0,11.75,26,11.1569336001442,11.1603673216867,1
459,0,11.75,26,11.1603673216867,11.5602843821651,1
459,0,11.75,26,11.5602843821651,11.5870314592989,1
459,0,11.75,26,11.5870314592989,11.6439518697412,1
459,0,11.75,26,11.6439518697412,11.6923568157155,1
459,0,11.75,26,11.6923568157155,11.75,0
460,0,12.75,17,0,3.17318162483984,1
460,0,12.75,17,3.17318162483984,4.09245156403262,1
460,0,12.75,17,4.09245156403262,5.34171337289028,1
460,0,12.75,17,5.34171337289028,6.04558518260992,1
460,0,12.75,17,6.04558518260992,6.3349603364466,1
460,0,12.75,17,6.3349603364466,7.14629217773647,1
460,0,12.75,17,7.14629217773647,8.65407515456841,1
460,0,12.75,17,8.65407515456841,9.29986999778217,1
460,0,12.75,17,9.29986999778217,9.42518693145918,1
460,0,12.75,17,9.42518693145918,9.89715605004124,1
460,0,12.75,17,9.89715605004124,10.3094695951344,1
460,0,12.75,17,10.3094695951344,10.7089657592277,1
460,0,12.75,17,10.7089657592277,10.8954149681229,1
460,0,12.75,17,10.8954149681229,11.259319882758,1
460,0,12.75,17,11.259319882758,11.7099627734715,1
460,0,12.75,17,11.7099627734715,12.1266075125816,1
460,0,12.75,17,12.1266075125816,12.2759866252736,1
460,0,12.75,17,12.2759866252736,12.75,0
461,0,13.75,25,0,1.99876711909993,1
461,0,13.75,25,1.99876711909993,2.81432235342885,1
461,0,13.75,25,2.81432235342885,4.05409481573668,1
461,0,13.75,25,4.05409481573668,4.42565151884342,1
461,0,13.75,25,4.42565151884342,5.95509863654675,1
461,0,13.75,25,5.95509863654675,6.30129354761642,1
461,0,13.75,25,6.30129354761642,6.42389426056435,1
461,0,13.75,25,6.42389426056435,6.51822863975429,1
461,0,13.75,25,6.51822863975429,6.75934375907926,1
461,0,13.75,25,6.75934375907926,7.26875641404818,1
461,0,13.75,25,7.26875641404818,9.11541910796152,1
461,0,13.75,25,9.11541910796152,10.0096271120181,1
461,0,13.75,25,10.0096271120181,10.4588589352209,1
461,0,13.75,25,10.4588589352209,10.6355685749131,1
461,0,13.75,25,10.6355685749131,11.318387282947,1
461,0,13.75,25,11.318387282947,11.4609800999004,1
461,0,13.75,25,11.4609800999004,12.051798516973,1
461,0,13.75,25,12.051798516973,12.7150435177089,1
461,0,13.75,25,12.7150435177089,12.7311720287063,1
461,0,13.75,25,12.7311720287063,12.8008900696649,1
461,0,13.75,25,12.8008900696649,12.8057897198541,1
461,0,13.75,25,12.8057897198541,12.8443392069504,1
461,0,13.75,25,12.8443392069504,12.8905544872763,1
461,0,13.75,25,12.8905544872763,12.9011545880385,1
461,0,13.75,25,12.9011545880385,13.7473971220596,1
461,0,13.75,25,13.7473971220596,13.75,0
462,0,12.75,20,0,5.71808108811305,1
462,0,12.75,20,5.71808108811305,5.80952517616375,1
462,0,12.75,20,5.80952517616375,6.46713741615572,1
462,0,12.75,20,6.46713741615572,8.57600422656849,1
462,0,12.75,20,8.57600422656849,9.27181091412783,1
462,0,12.75,20,9.27181091412783,9.44019723179307,1
462,0,12.75,20,9.44019723179307,9.50401014534653,1
462,0,12.75,20,9.50401014534653,10.7281848785303,1
462,0,12.75,20,10.7281848785303,10.757722921378,1
462,0,12.75,20,10.757722921378,10.9387488780705,1
462,0,12.75,20,10.9387488780705,11.0885381325925,1
462,0,12.75,20,11.0885381325925,11.2835176313227,1
462,0,12.75,20,11.2835176313227,11.3203734255808,1
462,0,12.75,20,11.3203734255808,11.5468157012406,1
462,0,12.75,20,11.5468157012406,11.6708701040081,1
462,0,12.75,20,11.6708701040081,11.9087295632232,1
462,0,12.75,20,11.9087295632232,12.2993379309156,1
462,0,12.75,20,12.2993379309156,12.3031375157052,1
462,0,12.75,20,12.3031375157052,12.3330283725408,1
462,0,12.75,20,12.3330283725408,12.5657389888338,1
462,0,12.75,20,12.5657389888338,12.75,0
463,0,10.75,0,0,10.75,0
464,0,17.75,17,0,5.26899387313763,1
464,0,17.75,17,5.26899387313763,8.45767963931892,1
464,0,17.75,17,8.45767963931892,8.52861243541906,1
464,0,17.75,17,8.52861243541906,8.80630749029694,1
464,0,17.75,17,8.80630749029694,12.2213269928337,1
464,0,17.75,17,12.2213269928337,14.008032069031,1
464,0,17.75,17,14.008032069031,14.5606201491798,1
464,0,17.75,17,14.5606201491798,15.2581955335147,1
464,0,17.75,17,15.2581955335147,15.3570604331367,1
464,0,17.75,17,15.3570604331367,15.3999288460589,1
464,0,17.75,17,15.3999288460589,15.4793818169491,1
464,0,17.75,17,15.4793818169491,15.6489299560968,1
464,0,17.75,17,15.6489299560968,15.6790734307332,1
464,0,17.75,17,15.6790734307332,15.7099759130712,1
464,0,17.75,17,15.7099759130712,15.9572198683121,1
464,0,17.75,17,15.9572198683121,16.7239787869747,1
464,0,17.75,17,16.7239787869747,17.7071144242099,1
464,0,17.75,17,17.7071144242099,17.75,0
465,0,11.75,11,0,6.28077606840722,1
465,0,11.75,11,6.28077606840722,7.00318064068656,1
465,0,11.75,11,7.00318064068656,7.61783674740484,1
465,0,11.75,11,7.61783674740484,8.23985050380566,1
465,0,11.75,11,8.23985050380566,8.29428063132023,1
465,0,11.75,11,8.29428063132023,9.08863811660863,1
465,0,11.75,11,9.08863811660863,9.82340643947698,1
465,0,11.75,11,9.82340643947698,10.2586086653004,1
465,0,11.75,11,10.2586086653004,10.317700853548,1
465,0,11.75,11,10.317700853548,10.4292832376818,1
465,0,11.75,11,10.4292832376818,11.4137694179299,1
465,0,11.75,11,11.4137694179299,11.75,0
466,0,12.75,13,0,1.92739882419494,1
466,0,12.75,13,1.92739882419494,6.41310770949755,1
466,0,12.75,13,6.41310770949755,6.67125722121682,1
466,0,12.75,13,6.67125722121682,7.72313775438105,1
466,0,12.75,13,7.72313775438105,9.15022067859264,1
466,0,12.75,13,9.15022067859264,10.2907098612848,1
466,0,12.75,13,10.2907098612848,10.3368963988433,1
466,0,12.75,13,10.3368963988433,11.4996818047818,1
466,0,12.75,13,11.4996818047818,11.7881716892266,1
466,0,12.75,13,11.7881716892266,11.8658518777847,1
466,0,12.75,13,11.8658518777847,12.2256075739619,1
466,0,12.75,13,12.2256075739619,12.4056972813939,1
466,0,12.75,13,12.4056972813939,12.6305998061473,1
466,0,12.75,13,12.6305998061473,12.75,0
467,0,12.75,13,0,3.58520359433691,1
467,0,12.75,13,3.58520359433691,6.16626231801504,1
467,0,12.75,13,6.16626231801504,6.331785267637,1
467,0,12.75,13,6.331785267637,8.52303197112427,1
467,0,12.75,13,8.52303197112427,8.88341702943265,1
467,0,12.75,13,8.88341702943265,9.74165303748174,1
467,0,12.75,13,9.74165303748174,9.90761422460644,1
467,0,12.75,13,9.90761422460644,10.3337982445202,1
467,0,12.75,13,10.3337982445202,10.7073046078248,1
467,0,12.75,13,10.7073046078248,11.3120655705619,1
467,0,12.75,13,11.3120655705619,12.1750038795355,1
467,0,12.75,13,12.1750038795355,12.2681075192831,1
467,0,12.75,13,12.2681075192831,12.4119782733647,1
467,0,12.75,13,12.4119782733647,12.75,0
468,0,11.75,2,0,8.47181743362484,1
468,0,11.75,2,8.47181743362484,9.80139559337132,1
468,0,11.75,2,9.80139559337132,11.75,0
469,0,9.75,3,0,5.65483928353502,1
469,0,9.75,3,5.65483928353502,8.33962815863997,1
469,0,9.75,3,8.33962815863997,9.04424946078581,1
469,0,9.75,3,9.04424946078581,9.75,0
470,0,20.75,43,0,2.00811697566749,1
470,0,20.75,43,2.00811697566749,2.98772694598904,1
470,0,20.75,43,2.98772694598904,5.11564756401766,1
470,0,20.75,43,5.11564756401766,8.28145973698544,1
470,0,20.75,43,8.28145973698544,8.6190339081874,1
470,0,20.75,43,8.6190339081874,9.29998391072051,1
470,0,20.75,43,9.29998391072051,9.43828190401736,1
470,0,20.75,43,9.43828190401736,9.80012800871548,1
470,0,20.75,43,9.80012800871548,10.9701113037434,1
470,0,20.75,43,10.9701113037434,11.244224111496,1
470,0,20.75,43,11.244224111496,11.520147948582,1
470,0,20.75,43,11.520147948582,11.5701391994839,1
470,0,20.75,43,11.5701391994839,11.8832194203225,1
470,0,20.75,43,11.8832194203225,11.8878204588604,1
470,0,20.75,43,11.8878204588604,12.3134273263771,1
470,0,20.75,43,12.3134273263771,12.9554862504692,1
470,0,20.75,43,12.9554862504692,13.0204225203264,1
470,0,20.75,43,13.0204225203264,13.6664349668473,1
470,0,20.75,43,13.6664349668473,13.9361890611156,1
470,0,20.75,43,13.9361890611156,14.0757925141997,1
470,0,20.75,43,14.0757925141997,14.2763316417003,1
470,0,20.75,43,14.2763316417003,14.3297698921675,1
470,0,20.75,43,14.3297698921675,14.4409030243984,1
470,0,20.75,43,14.4409030243984,14.898246569136,1
470,0,20.75,43,14.898246569136,15.6472540975306,1
470,0,20.75,43,15.6472540975306,16.0261081819827,1
470,0,20.75,43,16.0261081819827,16.2296429318116,1
470,0,20.75,43,16.2296429318116,16.2472923855581,1
470,0,20.75,43,16.2472923855581,16.6178213038477,1
470,0,20.75,43,16.6178213038477,16.7278456771477,1
470,0,20.75,43,16.7278456771477,17.6466169494421,1
470,0,20.75,43,17.6466169494421,17.6606016537341,1
470,0,20.75,43,17.6606016537341,17.7264142356307,1
470,0,20.75,43,17.7264142356307,17.8627399354558,1
470,0,20.75,43,17.8627399354558,18.2367904460804,1
470,0,20.75,43,18.2367904460804,18.9883684026149,1
470,0,20.75,43,18.9883684026149,19.0422022722014,1
470,0,20.75,43,19.0422022722014,19.2148616918558,1
470,0,20.75,43,19.2148616918558,20.1229957982712,1
470,0,20.75,43,20.1229957982712,20.4337465773577,1
470,0,20.75,43,20.4337465773577,20.4502175171145,1
470,0,20.75,43,20.4502175171145,20.5074984951172,1
470,0,20.75,43,20.5074984951172,20.6555104145347,1
470,0,20.75,43,20.6555104145347,20.75,0
471,0,16.75,38,0,3.84219033436963,1
471,0,16.75,38,3.84219033436963,4.66675019761378,1
471,0,16.75,38,4.66675019761378,5.66765096805851,1
471,0,16.75,38,5.66765096805851,5.68766861460158,1
471,0,16.75,38,5.68766861460158,5.78363938706811,1
471,0,16.75,38,5.78363938706811,6.5450021425303,1
471,0,16.75,38,6.5450021425303,6.87137267225257,1
471,0,16.75,38,6.87137267225257,8.426163106992,1
471,0,16.75,38,8.426163106992,9.19705458375574,1
471,0,16.75,38,9.19705458375574,9.23771471649176,1
471,0,16.75,38,9.23771471649176,9.83044330096076,1
471,0,16.75,38,9.83044330096076,10.144645817259,1
471,0,16.75,38,10.144645817259,10.6037767531529,1
471,0,16.75,38,10.6037767531529,10.9486688742701,1
471,0,16.75,38,10.9486688742701,11.3282401615265,1
471,0,16.75,38,11.3282401615265,11.7143435976964,1
471,0,16.75,38,11.7143435976964,12.1078062399132,1
471,0,16.75,38,12.1078062399132,12.4990662302415,1
471,0,16.75,38,12.4990662302415,12.6601642611019,1
471,0,16.75,38,12.6601642611019,13.2747029370296,1
471,0,16.75,38,13.2747029370296,13.2841185340617,1
471,0,16.75,38,13.2841185340617,13.7340152967698,1
471,0,16.75,38,13.7340152967698,14.0174882192932,1
471,0,16.75,38,14.0174882192932,14.0989913311724,1
471,0,16.75,38,14.0989913311724,14.4658115347527,1
471,0,16.75,38,14.4658115347527,14.6306116453987,1
471,0,16.75,38,14.6306116453987,14.7709520589485,1
471,0,16.75,38,14.7709520589485,15.0804635707317,1
471,0,16.75,38,15.0804635707317,15.1100462860122,1
471,0,16.75,38,15.1100462860122,15.6806629262358,1
471,0,16.75,38,15.6806629262358,16.2787963847297,1
471,0,16.75,38,16.2787963847297,16.3043348859947,1
471,0,16.75,38,16.3043348859947,16.3522317122101,1
471,0,16.75,38,16.3522317122101,16.4030751186899,1
471,0,16.75,38,16.4030751186899,16.5456865195917,1
471,0,16.75,38,16.5456865195917,16.629913780795,1
471,0,16.75,38,16.629913780795,16.7244611144407,1
471,0,16.75,38,16.7244611144407,16.7346263500374,1
471,0,16.75,38,16.7346263500374,16.75,0
472,0,11.75,2,0,6.76332185713081,1
472,0,11.75,2,6.76332185713081,10.8705928360477,1
472,0,11.75,2,10.8705928360477,11.75,0
473,0,11.75,0,0,11.75,0
474,0,12.75,38,0,4.93455411493977,1
474,0,12.75,38,4.93455411493977,5.96696681369332,1
474,0,12.75,38,5.96696681369332,6.43794491656804,1
474,0,12.75,38,6.43794491656804,6.78608253972792,1
474,0,12.75,38,6.78608253972792,6.79346866870809,1
474,0,12.75,38,6.79346866870809,6.88577125049372,1
474,0,12.75,38,6.88577125049372,7.04462916957229,1
474,0,12.75,38,7.04462916957229,7.67335755953991,1
474,0,12.75,38,7.67335755953991,7.79791293891477,1
474,0,12.75,38,7.79791293891477,8.48934316359727,1
474,0,12.75,38,8.48934316359727,8.57788063376029,1
474,0,12.75,38,8.57788063376029,8.82041598031693,1
474,0,12.75,38,8.82041598031693,9.13738212507522,1
474,0,12.75,38,9.13738212507522,9.2080473258455,1
474,0,12.75,38,9.2080473258455,9.2515124401934,1
474,0,12.75,38,9.2515124401934,9.30464713730871,1
474,0,12.75,38,9.30464713730871,9.32780825357027,1
474,0,12.75,38,9.32780825357027,9.36396701623618,1
474,0,12.75,38,9.36396701623618,9.72041969401785,1
474,0,12.75,38,9.72041969401785,9.74966334131463,1
474,0,12.75,38,9.74966334131463,9.98864773622574,1
474,0,12.75,38,9.98864773622574,10.1725355686015,1
474,0,12.75,38,10.1725355686015,10.3166647644298,1
474,0,12.75,38,10.3166647644298,10.4650723626022,1
474,0,12.75,38,10.4650723626022,10.541044670036,1
474,0,12.75,38,10.541044670036,10.7307137720233,1
474,0,12.75,38,10.7307137720233,10.8309342059785,1
474,0,12.75,38,10.8309342059785,11.1644764762372,1
474,0,12.75,38,11.1644764762372,11.1949306837904,1
474,0,12.75,38,11.1949306837904,11.241354288474,1
474,0,12.75,38,11.241354288474,11.5042336179676,1
474,0,12.75,38,11.5042336179676,11.5124552221924,1
474,0,12.75,38,11.5124552221924,11.6043521820487,1
474,0,12.75,38,11.6043521820487,11.696118344926,1
474,0,12.75,38,11.696118344926,12.297732560963,1
474,0,12.75,38,12.297732560963,12.4156337753442,1
474,0,12.75,38,12.4156337753442,12.6193502879599,1
474,0,12.75,38,12.6193502879599,12.6774005848913,1
474,0,12.75,38,12.6774005848913,12.75,0
475,0,20.75,0,0,20.75,0
476,0,7.75,0,0,7.75,0
477,0,15.75,24,0,2.21559685732657,1
477,0,15.75,24,2.21559685732657,3.13069522149566,1
477,0,15.75,24,3.13069522149566,7.38099662011993,1
477,0,15.75,24,7.38099662011993,7.55131481750994,1
477,0,15.75,24,7.55131481750994,8.26589956664823,1
477,0,15.75,24,8.26589956664823,8.63006044568698,1
477,0,15.75,24,8.63006044568698,10.3889808190007,1
477,0,15.75,24,10.3889808190007,10.6542241605385,1
477,0,15.75,24,10.6542241605385,10.8446183935689,1
477,0,15.75,24,10.8446183935689,12.6612011266266,1
477,0,15.75,24,12.6612011266266,13.121017748699,1
477,0,15.75,24,13.121017748699,13.2363224640857,1
477,0,15.75,24,13.2363224640857,13.3548675900708,1
477,0,15.75,24,13.3548675900708,13.6425905378107,1
477,0,15.75,24,13.6425905378107,13.7133110354728,1
477,0,15.75,24,13.7133110354728,13.7564805943594,1
477,0,15.75,24,13.7564805943594,13.7668192070541,1
477,0,15.75,24,13.7668192070541,13.8882682714702,1
477,0,15.75,24,13.8882682714702,14.2922666279477,1
477,0,15.75,24,14.2922666279477,14.2985846646392,1
477,0,15.75,24,14.2985846646392,14.8142969847261,1
477,0,15.75,24,14.8142969847261,15.15310733257,1
477,0,15.75,24,15.15310733257,15.4095971861739,1
477,0,15.75,24,15.4095971861739,15.5702840052895,1
477,0,15.75,24,15.5702840052895,15.75,0
478,0,14.75,1,0,0.183138187270789,1
478,0,14.75,1,0.183138187270789,14.75,0
479,0,10.75,3,0,1.8002526244592,1
479,0,10.75,3,1.8002526244592,2.27833613829904,1
479,0,10.75,3,2.27833613829904,5.5100130520214,1
479,0,10.75,3,5.5100130520214,10.75,0
480,0,11.75,1,0,9.30236375992605,1
480,0,11.75,1,9.30236375992605,11.75,0
481,0,19.75,88,0,4.61020202111718,1
481,0,19.75,88,4.61020202111718,4.77652741156906,1
481,0,19.75,88,4.77652741156906,5.96842459752571,1
481,0,19.75,88,5.96842459752571,6.23249687766917,1
481,0,19.75,88,6.23249687766917,6.47169277957446,1
481,0,19.75,88,6.47169277957446,7.08945127717376,1
481,0,19.75,88,7.08945127717376,7.1498993275707,1
481,0,19.75,88,7.1498993275707,7.42772838256058,1
481,0,19.75,88,7.42772838256058,7.54401928328079,1
481,0,19.75,88,7.54401928328079,8.0965919468903,1
481,0,19.75,88,8.0965919468903,8.4229306998401,1
481,0,19.75,88,8.4229306998401,8.53534449931371,1
481,0,19.75,88,8.53534449931371,8.69457050403738,1
481,0,19.75,88,8.69457050403738,8.90608851861381,1
481,0,19.75,88,8.90608851861381,9.3726492621183,1
481,0,19.75,88,9.3726492621183,9.41952047787398,1
481,0,19.75,88,9.41952047787398,9.43787904277223,1
481,0,19.75,88,9.43787904277223,9.53770515710583,1
481,0,19.75,88,9.53770515710583,9.86835410743225,1
481,0,19.75,88,9.86835410743225,10.5059852678094,1
481,0,19.75,88,10.5059852678094,10.5394111400357,1
481,0,19.75,88,10.5394111400357,11.1287556059946,1
481,0,19.75,88,11.1287556059946,11.1811525974767,1
481,0,19.75,88,11.1811525974767,11.4192835710169,1
481,0,19.75,88,11.4192835710169,11.7927780864684,1
481,0,19.75,88,11.7927780864684,12.1652783890862,1
481,0,19.75,88,12.1652783890862,12.1912866148356,1
481,0,19.75,88,12.1912866148356,12.2842157963079,1
481,0,19.75,88,12.2842157963079,12.4575273400513,1
481,0,19.75,88,12.4575273400513,12.5401134152234,1
481,0,19.75,88,12.5401134152234,12.6899282966608,1
481,0,19.75,88,12.6899282966608,13.3692304072055,1
481,0,19.75,88,13.3692304072055,13.5297034747458,1
481,0,19.75,88,13.5297034747458,13.767119687274,1
481,0,19.75,88,13.767119687274,13.7675038642001,1
481,0,19.75,88,13.7675038642001,13.8936256385937,1
481,0,19.75,88,13.8936256385937,13.9871118395505,1
481,0,19.75,88,13.9871118395505,14.0208450983903,1
481,0,19.75,88,14.0208450983903,14.0408110532574,1
481,0,19.75,88,14.0408110532574,14.1942706740841,1
481,0,19.75,88,14.1942706740841,14.2049625796086,1
481,0,19.75,88,14.2049625796086,14.5413067099165,1
481,0,19.75,88,14.5413067099165,14.7541063687915,1
481,0,19.75,88,14.7541063687915,14.8005907302364,1
481,0,19.75,88,14.8005907302364,15.1155604572026,1
481,0,19.75,88,15.1155604572026,15.3348055272245,1
481,0,19.75,88,15.3348055272245,15.4156573253397,1
481,0,19.75,88,15.4156573253397,15.5161528761362,1
481,0,19.75,88,15.5161528761362,15.9897198004989,1
481,0,19.75,88,15.9897198004989,16.0887463922314,1
481,0,19.75,88,16.0887463922314,16.158536185737,1
481,0,19.75,88,16.158536185737,16.1970529175156,1
481,0,19.75,88,16.1970529175156,16.2139404981645,1
481,0,19.75,88,16.2139404981645,16.3683026395305,1
481,0,19.75,88,16.3683026395305,16.7616912175821,1
481,0,19.75,88,16.7616912175821,16.7955704780693,1
481,0,19.75,88,16.7955704780693,16.8255846313735,1
481,0,19.75,88,16.8255846313735,16.9667023822562,1
481,0,19.75,88,16.9667023822562,17.0278218052779,1
481,0,19.75,88,17.0278218052779,17.1322542985048,1
481,0,19.75,88,17.1322542985048,17.1492200005689,1
481,0,19.75,88,17.1492200005689,17.3267132957838,1
481,0,19.75,88,17.3267132957838,17.4254964824256,1
481,0,19.75,88,17.4254964824256,17.5639910640582,1
481,0,19.75,88,17.5639910640582,17.5718095817171,1
481,0,19.75,88,17.5718095817171,17.5773501143915,1
481,0,19.75,88,17.5773501143915,17.8243204656596,1
481,0,19.75,88,17.8243204656596,17.872781036576,1
481,0,19.75,88,17.872781036576,17.9146774567615,1
481,0,19.75,88,17.9146774567615,17.9938539640687,1
481,0,19.75,88,17.9938539640687,18.0116541537194,1
481,0,19.75,88,18.0116541537194,18.1818080537999,1
481,0,19.75,88,18.1818080537999,18.1875569799141,1
481,0,19.75,88,18.1875569799141,18.2520039408917,1
481,0,19.75,88,18.2520039408917,18.2684696597531,1
481,0,19.75,88,18.2684696597531,18.3375914305515,1
481,0,19.75,88,18.3375914305515,18.468889381762,1
481,0,19.75,88,18.468889381762,18.5011071606787,1
481,0,19.75,88,18.5011071606787,18.5328866949296,1
481,0,19.75,88,18.5328866949296,18.6124264760652,1
481,0,19.75,88,18.6124264760652,18.7188291434369,1
481,0,19.75,88,18.7188291434369,18.9958460911472,1
481,0,19.75,88,18.9958460911472,19.2158791288616,1
481,0,19.75,88,19.2158791288616,19.2432836054413,1
481,0,19.75,88,19.2432836054413,19.3063263156762,1
481,0,19.75,88,19.3063263156762,19.5239081001047,1
481,0,19.75,88,19.5239081001047,19.5924917767801,1
481,0,19.75,88,19.5924917767801,19.7293895790545,1
481,0,19.75,88,19.7293895790545,19.75,0
482,0,15.75,2,0,7.24390143457583,1
482,0,15.75,2,7.24390143457583,13.1633137104118,1
482,0,15.75,2,13.1633137104118,15.75,0
483,0,15.75,59,0,1.3176397747205,1
483,0,15.75,59,1.3176397747205,2.94027440403318,1
483,0,15.75,59,2.94027440403318,3.82291064644324,1
483,0,15.75,59,3.82291064644324,5.24493936022942,1
483,0,15.75,59,5.24493936022942,6.27702833437334,1
483,0,15.75,59,6.27702833437334,6.56975877088917,1
483,0,15.75,59,6.56975877088917,7.23172533811215,1
483,0,15.75,59,7.23172533811215,7.26244573667872,1
483,0,15.75,59,7.26244573667872,7.52894708485708,1
483,0,15.75,59,7.52894708485708,7.61077688715297,1
483,0,15.75,59,7.61077688715297,7.90879018786212,1
483,0,15.75,59,7.90879018786212,9.22362727922335,1
483,0,15.75,59,9.22362727922335,9.36964424975784,1
483,0,15.75,59,9.36964424975784,9.58988675583785,1
483,0,15.75,59,9.58988675583785,9.60432738188224,1
483,0,15.75,59,9.60432738188224,10.1667166179702,1
483,0,15.75,59,10.1667166179702,10.2485320705734,1
483,0,15.75,59,10.2485320705734,10.3165399350217,1
483,0,15.75,59,10.3165399350217,10.4960321193726,1
483,0,15.75,59,10.4960321193726,10.5842489052851,1
483,0,15.75,59,10.5842489052851,10.9564685658732,1
483,0,15.75,59,10.9564685658732,11.1370403828736,1
483,0,15.75,59,11.1370403828736,11.2385762472202,1
483,0,15.75,59,11.2385762472202,11.2437188956321,1
483,0,15.75,59,11.2437188956321,11.2949249244281,1
483,0,15.75,59,11.2949249244281,11.8877548844184,1
483,0,15.75,59,11.8877548844184,12.0816123172059,1
483,0,15.75,59,12.0816123172059,12.3250825448685,1
483,0,15.75,59,12.3250825448685,12.3829607527369,1
483,0,15.75,59,12.3829607527369,12.3965468465722,1
483,0,15.75,59,12.3965468465722,12.6553157602506,1
483,0,15.75,59,12.6553157602506,12.8027202861024,1
483,0,15.75,59,12.8027202861024,13.0201061733623,1
483,0,15.75,59,13.0201061733623,13.0440069585462,1
483,0,15.75,59,13.0440069585462,13.1123026295216,1
483,0,15.75,59,13.1123026295216,13.182722963505,1
483,0,15.75,59,13.182722963505,13.2667729578286,1
483,0,15.75,59,13.2667729578286,13.3853558979218,1
483,0,15.75,59,13.3853558979218,13.4780014918759,1
483,0,15.75,59,13.4780014918759,13.5434266465068,1
483,0,15.75,59,13.5434266465068,13.7613552242369,1
483,0,15.75,59,13.7613552242369,14.0149895227202,1
483,0,15.75,59,14.0149895227202,14.0699927831295,1
483,0,15.75,59,14.0699927831295,14.4217447896548,1
483,0,15.75,59,14.4217447896548,14.4712155582108,1
483,0,15.75,59,14.4712155582108,14.4894202794423,1
483,0,15.75,59,14.4894202794423,14.5026087338203,1
483,0,15.75,59,14.5026087338203,14.6006418325646,1
483,0,15.75,59,14.6006418325646,14.6218073680159,1
483,0,15.75,59,14.6218073680159,14.6641021726466,1
483,0,15.75,59,14.6641021726466,14.7376608702995,1
483,0,15.75,59,14.7376608702995,14.9031515569866,1
483,0,15.75,59,14.9031515569866,14.9868699938369,1
483,0,15.75,59,14.9868699938369,15.0955814378625,1
483,0,15.75,59,15.0955814378625,15.2209552426661,1
483,0,15.75,59,15.2209552426661,15.2685014077062,1
483,0,15.75,59,15.2685014077062,15.5370660848654,1
483,0,15.75,59,15.5370660848654,15.5798246198094,1
483,0,15.75,59,15.5798246198094,15.6032127615409,1
483,0,15.75,59,15.6032127615409,15.75,0
484,0,19.75,30,0,1.49113138064179,1
484,0,19.75,30,1.49113138064179,5.68735907240966,1
484,0,19.75,30,5.68735907240966,5.99303792003245,1
484,0,19.75,30,5.99303792003245,7.64476339577014,1
484,0,19.75,30,7.64476339577014,8.40019725244799,1
484,0,19.75,30,8.40019725244799,9.62280133477715,1
484,0,19.75,30,9.62280133477715,9.86746785918845,1
484,0,19.75,30,9.86746785918845,10.1070042331019,1
484,0,19.75,30,10.1070042331019,10.2646225460619,1
484,0,19.75,30,10.2646225460619,11.2064237924713,1
484,0,19.75,30,11.2064237924713,11.4492936358981,1
484,0,19.75,30,11.4492936358981,11.8109046857801,1
484,0,19.75,30,11.8109046857801,12.4233488506005,1
484,0,19.75,30,12.4233488506005,12.6810269345041,1
484,0,19.75,30,12.6810269345041,13.2575958383437,1
484,0,19.75,30,13.2575958383437,13.9223840011482,1
484,0,19.75,30,13.9223840011482,14.8686760759862,1
484,0,19.75,30,14.8686760759862,15.2734037918186,1
484,0,19.75,30,15.2734037918186,15.6323112992076,1
484,0,19.75,30,15.6323112992076,15.7233187651094,1
484,0,19.75,30,15.7233187651094,16.0537699709439,1
484,0,19.75,30,16.0537699709439,16.5550252126689,1
484,0,19.75,30,16.5550252126689,16.960625625666,1
484,0,19.75,30,16.960625625666,17.0609646639205,1
484,0,19.75,30,17.0609646639205,17.1032121075239,1
484,0,19.75,30,17.1032121075239,17.4611979276785,1
484,0,19.75,30,17.4611979276785,17.7387855708067,1
484,0,19.75,30,17.7387855708067,18.3514534800944,1
484,0,19.75,30,18.3514534800944,18.3845066341087,1
484,0,19.75,30,18.3845066341087,19.0288301412627,1
484,0,19.75,30,19.0288301412627,19.75,0
485,0,19.75,2,0,3.33028094091232,1
485,0,19.75,2,3.33028094091232,17.5205495488892,1
485,0,19.75,2,17.5205495488892,19.75,0
486,0,17.75,0,0,17.75,0
487,0,8.75,5,0,1.4759975646416,1
487,0,8.75,5,1.4759975646416,5.93049797506324,1
487,0,8.75,5,5.93049797506324,5.97134431079209,1
487,0,8.75,5,5.97134431079209,5.98242978061162,1
487,0,8.75,5,5.98242978061162,7.5393242856474,1
487,0,8.75,5,7.5393242856474,8.75,0
488,0,9.75,1,0,0.438296384107437,1
488,0,9.75,1,0.438296384107437,9.75,0
489,0,20.75,63,0,1.77625710169782,1
489,0,20.75,63,1.77625710169782,3.33617575502129,1
489,0,20.75,63,3.33617575502129,4.55599448073623,1
489,0,20.75,63,4.55599448073623,6.49779124229345,1
489,0,20.75,63,6.49779124229345,7.3070390882354,1
489,0,20.75,63,7.3070390882354,7.81402734212625,1
489,0,20.75,63,7.81402734212625,8.93436355658526,1
489,0,20.75,63,8.93436355658526,9.79533744142137,1
489,0,20.75,63,9.79533744142137,10.0650113980024,1
489,0,20.75,63,10.0650113980024,10.0835838450292,1
489,0,20.75,63,10.0835838450292,10.1065553729842,1
489,0,20.75,63,10.1065553729842,10.6510600949708,1
489,0,20.75,63,10.6510600949708,10.8655471009257,1
489,0,20.75,63,10.8655471009257,10.9248779942123,1
489,0,20.75,63,10.9248779942123,10.9973792256887,1
489,0,20.75,63,10.9973792256887,11.0096904538825,1
489,0,20.75,63,11.0096904538825,11.4213084014662,1
489,0,20.75,63,11.4213084014662,11.6556231696062,1
489,0,20.75,63,11.6556231696062,11.8291544131116,1
489,0,20.75,63,11.8291544131116,12.3799799424054,1
489,0,20.75,63,12.3799799424054,12.8687908060948,1
489,0,20.75,63,12.8687908060948,13.2510820615509,1
489,0,20.75,63,13.2510820615509,13.2644403239887,1
489,0,20.75,63,13.2644403239887,13.2689132744255,1
489,0,20.75,63,13.2689132744255,13.8067422690445,1
489,0,20.75,63,13.8067422690445,14.0762939145805,1
489,0,20.75,63,14.0762939145805,14.3173248755482,1
489,0,20.75,63,14.3173248755482,14.3365682339926,1
489,0,20.75,63,14.3365682339926,15.218434248177,1
489,0,20.75,63,15.218434248177,15.2280969888696,1
489,0,20.75,63,15.2280969888696,15.511626299006,1
489,0,20.75,63,15.511626299006,16.2089153646529,1
489,0,20.75,63,16.2089153646529,16.4056183459428,1
489,0,20.75,63,16.4056183459428,16.9299188204482,1
489,0,20.75,63,16.9299188204482,16.9618971526764,1
489,0,20.75,63,16.9618971526764,16.9923504488006,1
489,0,20.75,63,16.9923504488006,17.1343857990371,1
489,0,20.75,63,17.1343857990371,17.4206066164485,1
489,0,20.75,63,17.4206066164485,17.4320332927483,1
489,0,20.75,63,17.4320332927483,17.4637394041771,1
489,0,20.75,63,17.4637394041771,17.5015841818419,1
489,0,20.75,63,17.5015841818419,17.6338459761033,1
489,0,20.75,63,17.6338459761033,17.8067919885661,1
489,0,20.75,63,17.8067919885661,17.8944223676789,1
489,0,20.75,63,17.8944223676789,17.9612090228211,1
489,0,20.75,63,17.9612090228211,18.1112822746031,1
489,0,20.75,63,18.1112822746031,18.1647486340612,1
489,0,20.75,63,18.1647486340612,18.3126936930557,1
489,0,20.75,63,18.3126936930557,18.4381743173437,1
489,0,20.75,63,18.4381743173437,18.7531059530631,1
489,0,20.75,63,18.7531059530631,18.7859131721099,1
489,0,20.75,63,18.7859131721099,18.819551927354,1
489,0,20.75,63,18.819551927354,18.9312070038541,1
489,0,20.75,63,18.9312070038541,19.0727813089358,1
489,0,20.75,63,19.0727813089358,19.2680249025731,1
489,0,20.75,63,19.2680249025731,19.3109900703217,1
489,0,20.75,63,19.3109900703217,19.7512967603805,1
489,0,20.75,63,19.7512967603805,19.7937739920448,1
489,0,20.75,63,19.7937739920448,19.8095303815548,1
489,0,20.75,63,19.8095303815548,19.8830747080975,1
489,0,20.75,63,19.8830747080975,20.0003873561347,1
489,0,20.75,63,20.0003873561347,20.0555378759479,1
489,0,20.75,63,20.0555378759479,20.7439529007205,1
489,0,20.75,63,20.7439529007205,20.75,0
490,0,10.75,1,0,2.1140391788946,1
490,0,10.75,1,2.1140391788946,10.75,0
491,0,14.75,2,0,5.31662028228463,1
491,0,14.75,2,5.31662028228463,7.94582479687937,1
491,0,14.75,2,7.94582479687937,14.75,0
492,0,12.75,8,0,0.93775965966472,1
492,0,12.75,8,0.93775965966472,1.26189820928012,1
492,0,12.75,8,1.26189820928012,1.28524585007886,1
492,0,12.75,8,1.28524585007886,2.59088645626055,1
492,0,12.75,8,2.59088645626055,5.21916420956409,1
492,0,12.75,8,5.21916420956409,9.03291661220865,1
492,0,12.75,8,9.03291661220865,11.353916361548,1
492,0,12.75,8,11.353916361548,12.4286419736513,1
492,0,12.75,8,12.4286419736513,12.75,0
493,0,12.75,18,0,4.09828375893551,1
493,0,12.75,18,4.09828375893551,6.62320073095169,1
493,0,12.75,18,6.62320073095169,6.95055183512026,1
493,0,12.75,18,6.95055183512026,7.35297076201317,1
493,0,12.75,18,7.35297076201317,9.8871829535655,1
493,0,12.75,18,9.8871829535655,10.3034609013939,1
493,0,12.75,18,10.3034609013939,11.0784074058881,1
493,0,12.75,18,11.0784074058881,11.0899677395133,1
493,0,12.75,18,11.0899677395133,11.2504495736206,1
493,0,12.75,18,11.2504495736206,11.3231217455469,1
493,0,12.75,18,11.3231217455469,11.5161634909947,1
493,0,12.75,18,11.5161634909947,11.757136308852,1
493,0,12.75,18,11.757136308852,11.9616725334032,1
493,0,12.75,18,11.9616725334032,12.155019561034,1
493,0,12.75,18,12.155019561034,12.3642480855498,1
493,0,12.75,18,12.3642480855498,12.488221351927,1
493,0,12.75,18,12.488221351927,12.5483798618631,1
493,0,12.75,18,12.5483798618631,12.6876977671447,1
493,0,12.75,18,12.6876977671447,12.75,0
494,0,7.75,0,0,7.75,0
495,0,13.75,0,0,13.75,0
496,0,11.75,20,0,2.27567508710918,1
496,0,11.75,20,2.27567508710918,5.14831208402422,1
496,0,11.75,20,5.14831208402422,5.24585699038844,1
496,0,11.75,20,5.24585699038844,5.25233904734153,1
496,0,11.75,20,5.25233904734153,5.28174239759931,1
496,0,11.75,20,5.28174239759931,5.76122011186304,1
496,0,11.75,20,5.76122011186304,5.90554801620584,1
496,0,11.75,20,5.90554801620584,6.07195096229845,1
496,0,11.75,20,6.07195096229845,6.55293704378141,1
496,0,11.75,20,6.55293704378141,6.5932000783087,1
496,0,11.75,20,6.5932000783087,6.69185874734034,1
496,0,11.75,20,6.69185874734034,6.8645956298999,1
496,0,11.75,20,6.8645956298999,8.04113120060888,1
496,0,11.75,20,8.04113120060888,8.43715690544632,1
496,0,11.75,20,8.43715690544632,8.5857624017664,1
496,0,11.75,20,8.5857624017664,9.43890229137863,1
496,0,11.75,20,9.43890229137863,10.0483335981518,1
496,0,11.75,20,10.0483335981518,10.1037911632508,1
496,0,11.75,20,10.1037911632508,10.8175988599699,1
496,0,11.75,20,10.8175988599699,11.0155709486274,1
496,0,11.75,20,11.0155709486274,11.75,0
497,0,11.75,12,0,5.19357506345555,1
497,0,11.75,12,5.19357506345555,5.69853117466377,1
497,0,11.75,12,5.69853117466377,6.16115205813128,1
497,0,11.75,12,6.16115205813128,6.97286338604849,1
497,0,11.75,12,6.97286338604849,7.38567535572197,1
497,0,11.75,12,7.38567535572197,7.72528818631707,1
497,0,11.75,12,7.72528818631707,8.33537193045031,1
497,0,11.75,12,8.33537193045031,10.0047274195142,1
497,0,11.75,12,10.0047274195142,10.3278159883479,1
497,0,11.75,12,10.3278159883479,10.6229349826687,1
497,0,11.75,12,10.6229349826687,10.9703884921444,1
497,0,11.75,12,10.9703884921444,11.538628895809,1
497,0,11.75,12,11.538628895809,11.75,0
498,0,19.75,1,0,1.72291487300954,1
498,0,19.75,1,1.72291487300954,19.75,0
499,0,15.75,27,0,5.4616243029543,1
499,0,15.75,27,5.4616243029543,5.70882988212128,1
499,0,15.75,27,5.70882988212128,6.68424366637845,1
499,0,15.75,27,6.68424366637845,7.4531400623773,1
499,0,15.75,27,7.4531400623773,7.70561301747008,1
499,0,15.75,27,7.70561301747008,7.72196572117664,1
499,0,15.75,27,7.72196572117664,8.21604117552781,1
499,0,15.75,27,8.21604117552781,8.50277100482549,1
499,0,15.75,27,8.50277100482549,8.72646679611243,1
499,0,15.75,27,8.72646679611243,10.2312555154869,1
499,0,15.75,27,10.2312555154869,10.3947498683509,1
499,0,15.75,27,10.3947498683509,11.1200824168148,1
499,0,15.75,27,11.1200824168148,11.6126098817159,1
499,0,15.75,27,11.6126098817159,12.0286874142222,1
499,0,15.75,27,12.0286874142222,12.4332691356005,1
499,0,15.75,27,12.4332691356005,12.4815900629689,1
499,0,15.75,27,12.4815900629689,13.1443901133706,1
499,0,15.75,27,13.1443901133706,13.7228117638946,1
499,0,15.75,27,13.7228117638946,13.8816351117729,1
499,0,15.75,27,13.8816351117729,13.9912679991446,1
499,0,15.75,27,13.9912679991446,14.0310154250638,1
499,0,15.75,27,14.0310154250638,14.3839942236348,1
499,0,15.75,27,14.3839942236348,14.6293204343935,1
499,0,15.75,27,14.6293204343935,14.6791835995636,1
499,0,15.75,27,14.6791835995636,15.187132107419,1
499,0,15.75,27,15.187132107419,15.4784179549872,1
499,0,15.75,27,15.4784179549872,15.6092588343051,1
499,0,15.75,27,15.6092588343051,15.75,0
500,0,11.75,0,0,11.75,0
501,0,8.75,11,0,1.04279124202165,1
501,0,8.75,11,1.04279124202165,2.33776713545996,1
501,0,8.75,11,2.33776713545996,5.46403809638623,1
501,0,8.75,11,5.46403809638623,5.96330363379558,1
501,0,8.75,11,5.96330363379558,6.23804073744556,1
501,0,8.75,11,6.23804073744556,6.39639114398037,1
501,0,8.75,11,6.39639114398037,7.04439379663425,1
501,0,8.75,11,7.04439379663425,7.39720461565456,1
501,0,8.75,11,7.39720461565456,7.67074374790955,1
501,0,8.75,11,7.67074374790955,8.10141518692797,1
501,0,8.75,11,8.10141518692797,8.34987384561424,1
501,0,8.75,11,8.34987384561424,8.75,0
502,0,9.75,2,0,7.25981621310159,1
502,0,9.75,2,7.25981621310159,9.18158845401093,1
502,0,9.75,2,9.18158845401093,9.75,0
503,0,11.75,1,0,8.56588369215292,1
503,0,11.75,1,8.56588369215292,11.75,0
504,0,11.75,1,0,1.07891474450774,1
504,0,11.75,1,1.07891474450774,11.75,0
505,0,13.75,0,0,13.75,0
506,0,10.75,6,0,6.94492125070893,1
506,0,10.75,6,6.94492125070893,7.78775914699412,1
506,0,10.75,6,7.78775914699412,8.3197649830345,1
506,0,10.75,6,8.3197649830345,8.90240502903992,1
506,0,10.75,6,8.90240502903992,10.4550454351152,1
506,0,10.75,6,10.4550454351152,10.4764286967238,1
506,0,10.75,6,10.4764286967238,10.75,0
507,0,17.75,40,0,4.68232500117869,1
507,0,17.75,40,4.68232500117869,5.3710230669188,1
507,0,17.75,40,5.3710230669188,5.4105745346875,1
507,0,17.75,40,5.4105745346875,6.91857664693224,1
507,0,17.75,40,6.91857664693224,7.11014055253347,1
507,0,17.75,40,7.11014055253347,7.86881766854016,1
507,0,17.75,40,7.86881766854016,9.32370175198049,1
507,0,17.75,40,9.32370175198049,9.77424708738,1
507,0,17.75,40,9.77424708738,10.1143976266619,1
507,0,17.75,40,10.1143976266619,10.1202417098204,1
507,0,17.75,40,10.1202417098204,10.4359910412868,1
507,0,17.75,40,10.4359910412868,10.9055343586812,1
507,0,17.75,40,10.9055343586812,10.9800580289297,1
507,0,17.75,40,10.9800580289297,11.2520106270165,1
507,0,17.75,40,11.2520106270165,11.5519072617578,1
507,0,17.75,40,11.5519072617578,12.5206411159126,1
507,0,17.75,40,12.5206411159126,12.6773864164876,1
507,0,17.75,40,12.6773864164876,13.282925165544,1
507,0,17.75,40,13.282925165544,13.3427116936446,1
507,0,17.75,40,13.3427116936446,13.3489590035649,1
507,0,17.75,40,13.3489590035649,13.4902309886066,1
507,0,17.75,40,13.4902309886066,13.5416082651445,1
507,0,17.75,40,13.5416082651445,14.7022878383243,1
507,0,17.75,40,14.7022878383243,14.7590160490959,1
507,0,17.75,40,14.7590160490959,14.953910138924,1
507,0,17.75,40,14.953910138924,15.1121469797942,1
507,0,17.75,40,15.1121469797942,15.1872495953086,1
507,0,17.75,40,15.1872495953086,15.3099084316826,1
507,0,17.75,40,15.3099084316826,15.5761794722898,1
507,0,17.75,40,15.5761794722898,15.6969205962963,1
507,0,17.75,40,15.6969205962963,15.9008157461224,1
507,0,17.75,40,15.9008157461224,15.9969626134715,1
507,0,17.75,40,15.9969626134715,15.9999485845377,1
507,0,17.75,40,15.9999485845377,16.0768742754219,1
507,0,17.75,40,16.0768742754219,16.3663736889005,1
507,0,17.75,40,16.3663736889005,16.5823383763963,1
507,0,17.75,40,16.5823383763963,17.2010673083098,1
507,0,17.75,40,17.2010673083098,17.2521173034644,1
507,0,17.75,40,17.2521173034644,17.5287993153051,1
507,0,17.75,40,17.5287993153051,17.5920138072385,1
507,0,17.75,40,17.5920138072385,17.75,0
508,0,9.75,8,0,4.14553721889506,1
508,0,9.75,8,4.14553721889506,5.68824546734838,1
508,0,9.75,8,5.68824546734838,6.3313550008491,1
508,0,9.75,8,6.3313550008491,7.55326079393988,1
508,0,9.75,8,7.55326079393988,7.8921024068829,1
508,0,9.75,8,7.8921024068829,8.32734182464209,1
508,0,9.75,8,8.32734182464209,8.55302473100327,1
508,0,9.75,8,8.55302473100327,9.60386622226681,1
508,0,9.75,8,9.60386622226681,9.75,0
509,0,8.75,1,0,0.0367242431951206,1
509,0,8.75,1,0.0367242431951206,8.75,0
510,0,12.75,2,0,0.0441194467210925,1
510,0,12.75,2,0.0441194467210925,0.123552203372432,1
510,0,12.75,2,0.123552203372432,12.75,0
511,0,13.75,3,0,0.00525832963217284,1
511,0,13.75,3,0.00525832963217284,6.28758327055372,1
511,0,13.75,3,6.28758327055372,6.87802367493328,1
511,0,13.75,3,6.87802367493328,13.75,0
512,0,12.75,22,0,1.69669574230298,1
512,0,12.75,22,1.69669574230298,2.76628131448108,1
512,0,12.75,22,2.76628131448108,3.35493756717675,1
512,0,12.75,22,3.35493756717675,5.37617563058926,1
512,0,12.75,22,5.37617563058926,5.58430936281134,1
512,0,12.75,22,5.58430936281134,6.01690661057084,1
512,0,12.75,22,6.01690661057084,7.27665488331962,1
512,0,12.75,22,7.27665488331962,7.3327586949865,1
512,0,12.75,22,7.3327586949865,7.60414914517404,1
512,0,12.75,22,7.60414914517404,8.27711952156437,1
512,0,12.75,22,8.27711952156437,8.70337395861625,1
512,0,12.75,22,8.70337395861625,8.72361102124412,1
512,0,12.75,22,8.72361102124412,9.22528441791413,1
512,0,12.75,22,9.22528441791413,9.43397261988547,1
512,0,12.75,22,9.43397261988547,10.0347575158696,1
512,0,12.75,22,10.0347575158696,10.4356707932597,1
512,0,12.75,22,10.4356707932597,10.8186355892404,1
512,0,12.75,22,10.8186355892404,11.2286881696013,1
512,0,12.75,22,11.2286881696013,11.2308578073919,1
512,0,12.75,22,11.2308578073919,11.2914655332011,1
512,0,12.75,22,11.2914655332011,11.4188495623684,1
512,0,12.75,22,11.4188495623684,11.5355972523024,1
512,0,12.75,22,11.5355972523024,12.75,0
513,0,19.75,1,0,4.71232955619822,1
513,0,19.75,1,4.71232955619822,19.75,0
514,0,9.75,0,0,9.75,0
515,0,10.75,10,0,2.57189198225089,1
515,0,10.75,10,2.57189198225089,2.85869001335766,1
515,0,10.75,10,2.85869001335766,6.48545231758537,1
515,0,10.75,10,6.48545231758537,6.82193234642824,1
515,0,10.75,10,6.82193234642824,8.59705119901089,1
515,0,10.75,10,8.59705119901089,8.97207654777563,1
515,0,10.75,10,8.97207654777563,9.04316279785889,1
515,0,10.75,10,9.04316279785889,9.18423636968954,1
515,0,10.75,10,9.18423636968954,10.2613209795516,1
515,0,10.75,10,10.2613209795516,10.4179569383518,1
515,0,10.75,10,10.4179569383518,10.75,0
516,0,14.75,3,0,1.58243588182091,1
516,0,14.75,3,1.58243588182091,4.30575794516663,1
516,0,14.75,3,4.30575794516663,13.9838995082961,1
516,0,14.75,3,13.9838995082961,14.75,0
517,0,10.75,0,0,10.75,0
518,0,14.75,3,0,0.154104356067747,1
518,0,14.75,3,0.154104356067747,3.14483973629023,1
518,0,14.75,3,3.14483973629023,6.94276932362343,1
518,0,14.75,3,6.94276932362343,14.75,0
519,0,9.75,0,0,9.75,0
520,0,7.75,0,0,7.75,0
521,0,14.75,23,0,4.53853077403605,1
521,0,14.75,23,4.53853077403605,6.46161627846017,1
521,0,14.75,23,6.46161627846017,6.49870250946599,1
521,0,14.75,23,6.49870250946599,6.83811007045181,1
521,0,14.75,23,6.83811007045181,7.74824817529061,1
521,0,14.75,23,7.74824817529061,7.78604656301571,1
521,0,14.75,23,7.78604656301571,7.87038039713493,1
521,0,14.75,23,7.87038039713493,8.36431060909294,1
521,0,14.75,23,8.36431060909294,8.67523927093565,1
521,0,14.75,23,8.67523927093565,9.87066309779458,1
521,0,14.75,23,9.87066309779458,11.8274517768272,1
521,0,14.75,23,11.8274517768272,11.8639983996759,1
521,0,14.75,23,11.8639983996759,12.4581025170205,1
521,0,14.75,23,12.4581025170205,12.5009056512418,1
521,0,14.75,23,12.5009056512418,12.6787935249217,1
521,0,14.75,23,12.6787935249217,12.6967771046081,1
521,0,14.75,23,12.6967771046081,12.7802662914523,1
521,0,14.75,23,12.7802662914523,13.0604862032124,1
521,0,14.75,23,13.0604862032124,13.6166301271751,1
521,0,14.75,23,13.6166301271751,13.7656161435177,1
521,0,14.75,23,13.7656161435177,14.142217884206,1
521,0,14.75,23,14.142217884206,14.1485218071619,1
521,0,14.75,23,14.1485218071619,14.6547581805745,1
521,0,14.75,23,14.6547581805745,14.75,0
522,0,17.75,1,0,6.31527067241323,1
522,0,17.75,1,6.31527067241323,17.75,0
523,0,12.75,2,0,2.22092466742309,1
523,0,12.75,2,2.22092466742309,3.50152360208354,1
523,0,12.75,2,3.50152360208354,12.75,0
524,0,16.75,4,0,0.00136448734447311,1
524,0,16.75,4,0.00136448734447311,0.0724675099098259,1
524,0,16.75,4,0.0724675099098259,4.30433243981114,1
524,0,16.75,4,4.30433243981114,8.57221352231923,1
524,0,16.75,4,8.57221352231923,16.75,0
525,0,12.75,1,0,0.10251856388852,1
525,0,12.75,1,0.10251856388852,12.75,0
526,0,16.75,2,0,0.479849371786641,1
526,0,16.75,2,0.479849371786641,2.03941996861562,1
526,0,16.75,2,2.03941996861562,16.75,0
527,0,19.75,43,0,2.83669760577581,1
527,0,19.75,43,2.83669760577581,4.69205682981852,1
527,0,19.75,43,4.69205682981852,4.97498846785238,1
527,0,19.75,43,4.97498846785238,5.71730500780431,1
527,0,19.75,43,5.71730500780431,7.78221074382592,1
527,0,19.75,43,7.78221074382592,8.0102146674476,1
527,0,19.75,43,8.0102146674476,9.46092903922018,1
527,0,19.75,43,9.46092903922018,9.75194607494194,1
527,0,19.75,43,9.75194607494194,9.88334731324791,1
527,0,19.75,43,9.88334731324791,10.1565019280977,1
527,0,19.75,43,10.1565019280977,10.4610002635016,1
527,0,19.75,43,10.4610002635016,10.7251869423176,1
527,0,19.75,43,10.7251869423176,11.3536529770993,1
527,0,19.75,43,11.3536529770993,12.9258940994899,1
527,0,19.75,43,12.9258940994899,13.9530735471085,1
527,0,19.75,43,13.9530735471085,14.1576648001051,1
527,0,19.75,43,14.1576648001051,14.2080513598421,1
527,0,19.75,43,14.2080513598421,14.5708740654789,1
527,0,19.75,43,14.5708740654789,14.779562725499,1
527,0,19.75,43,14.779562725499,15.0298812788718,1
527,0,19.75,43,15.0298812788718,15.1053375624734,1
527,0,19.75,43,15.1053375624734,15.3257241970447,1
527,0,19.75,43,15.3257241970447,15.949952510076,1
527,0,19.75,43,15.949952510076,15.9736737784959,1
527,0,19.75,43,15.9736737784959,16.0819156498672,1
527,0,19.75,43,16.0819156498672,16.2074526961028,1
527,0,19.75,43,16.2074526961028,16.6639806453396,1
527,0,19.75,43,16.6639806453396,16.748194289605,1
527,0,19.75,43,16.748194289605,16.9231950259362,1
527,0,19.75,43,16.9231950259362,17.0276997202926,1
527,0,19.75,43,17.0276997202926,17.0859988965941,1
527,0,19.75,43,17.0859988965941,17.1649377537769,1
527,0,19.75,43,17.1649377537769,17.567824723472,1
527,0,19.75,43,17.567824723472,17.7285395330962,1
527,0,19.75,43,17.7285395330962,18.0157974594006,1
527,0,19.75,43,18.0157974594006,18.1431314135548,1
527,0,19.75,43,18.1431314135548,18.1702034169972,1
527,0,19.75,43,18.1702034169972,18.2891888967257,1
527,0,19.75,43,18.2891888967257,18.5334526752363,1
527,0,19.75,43,18.5334526752363,18.6582802842938,1
527,0,19.75,43,18.6582802842938,18.7175459936414,1
527,0,19.75,43,18.7175459936414,19.5320745962732,1
527,0,19.75,43,19.5320745962732,19.6195630361964,1
527,0,19.75,43,19.6195630361964,19.75,0
528,0,10.75,11,0,2.28994658328287,1
528,0,10.75,11,2.28994658328287,2.37966190764284,1
528,0,10.75,11,2.37966190764284,5.61076526835195,1
528,0,10.75,11,5.61076526835195,5.78921679373273,1
528,0,10.75,11,5.78921679373273,6.69427897807886,1
528,0,10.75,11,6.69427897807886,7.46128828520656,1
528,0,10.75,11,7.46128828520656,7.87817878516694,1
528,0,10.75,11,7.87817878516694,7.96441453068973,1
528,0,10.75,11,7.96441453068973,8.28896935293826,1
528,0,10.75,11,8.28896935293826,9.4941939573608,1
528,0,10.75,11,9.4941939573608,10.3505380703703,1
528,0,10.75,11,10.3505380703703,10.75,0
529,0,14.75,3,0,0.733987470830533,1
529,0,14.75,3,0.733987470830533,1.08409836694398,1
529,0,14.75,3,1.08409836694398,6.19771460460501,1
529,0,14.75,3,6.19771460460501,14.75,0
530,0,16.75,0,0,16.75,0
531,0,9.75,2,0,2.18398969835191,1
531,0,9.75,2,2.18398969835191,6.43606831514468,1
531,0,9.75,2,6.43606831514468,9.75,0
532,0,17.75,30,0,5.17387498328796,1
532,0,17.75,30,5.17387498328796,5.99337994536657,1
532,0,17.75,30,5.99337994536657,7.46706182966108,1
532,0,17.75,30,7.46706182966108,8.48746320576327,1
532,0,17.75,30,8.48746320576327,8.87632950252355,1
532,0,17.75,30,8.87632950252355,9.09328576334325,1
532,0,17.75,30,9.09328576334325,10.0372542783043,1
532,0,17.75,30,10.0372542783043,11.092063230218,1
532,0,17.75,30,11.092063230218,12.025137580718,1
532,0,17.75,30,12.025137580718,12.4241091284756,1
532,0,17.75,30,12.4241091284756,12.5829647539272,1
532,0,17.75,30,12.5829647539272,12.7347325430056,1
532,0,17.75,30,12.7347325430056,13.102034689741,1
532,0,17.75,30,13.102034689741,13.1300707565798,1
532,0,17.75,30,13.1300707565798,13.457507134223,1
532,0,17.75,30,13.457507134223,13.497066238435,1
532,0,17.75,30,13.497066238435,13.9437376197478,1
532,0,17.75,30,13.9437376197478,14.0452575203951,1
532,0,17.75,30,14.0452575203951,14.1515584403049,1
532,0,17.75,30,14.1515584403049,14.4234942645806,1
532,0,17.75,30,14.4234942645806,14.8291252983419,1
532,0,17.75,30,14.8291252983419,15.1652411285988,1
532,0,17.75,30,15.1652411285988,15.732633561805,1
532,0,17.75,30,15.732633561805,16.1367110856042,1
532,0,17.75,30,16.1367110856042,16.4011258326068,1
532,0,17.75,30,16.4011258326068,16.8959388005294,1
532,0,17.75,30,16.8959388005294,16.9246539874083,1
532,0,17.75,30,16.9246539874083,17.096767388165,1
532,0,17.75,30,17.096767388165,17.1816935931026,1
532,0,17.75,30,17.1816935931026,17.2103575751565,1
532,0,17.75,30,17.2103575751565,17.75,0
533,0,9.75,2,0,0.708611020404233,1
533,0,9.75,2,0.708611020404233,7.32099323271599,1
533,0,9.75,2,7.32099323271599,9.75,0
534,0,15.75,4,0,4.98158599546368,1
534,0,15.75,4,4.98158599546368,8.24187563764966,1
534,0,15.75,4,8.24187563764966,11.9240706492435,1
534,0,15.75,4,11.9240706492435,13.2285559372701,1
534,0,15.75,4,13.2285559372701,15.75,0
535,0,16.75,2,0,0.0381082111251936,1
535,0,16.75,2,0.0381082111251936,8.46571888138837,1
535,0,16.75,2,8.46571888138837,16.75,0
536,0,13.75,2,0,1.89466987253799,1
536,0,13.75,2,1.89466987253799,5.37132042502845,1
536,0,13.75,2,5.37132042502845,13.75,0
537,0,11.75,19,0,4.79517598001517,1
537,0,11.75,19,4.79517598001517,6.19974957995081,1
537,0,11.75,19,6.19974957995081,6.34265778963318,1
537,0,11.75,19,6.34265778963318,6.53637416992281,1
537,0,11.75,19,6.53637416992281,6.59066039347097,1
537,0,11.75,19,6.59066039347097,6.701320435385,1
537,0,11.75,19,6.701320435385,7.86479447449099,1
537,0,11.75,19,7.86479447449099,8.49296444534674,1
537,0,11.75,19,8.49296444534674,8.58427225775168,1
537,0,11.75,19,8.58427225775168,8.75884110656176,1
537,0,11.75,19,8.75884110656176,8.91614356230347,1
537,0,11.75,19,8.91614356230347,9.42733976784414,1
537,0,11.75,19,9.42733976784414,10.3166854857582,1
537,0,11.75,19,10.3166854857582,10.5343422268091,1
537,0,11.75,19,10.5343422268091,10.5637497079574,1
537,0,11.75,19,10.5637497079574,10.8405067179604,1
537,0,11.75,19,10.8405067179604,11.397778775876,1
537,0,11.75,19,11.397778775876,11.5230680215766,1
537,0,11.75,19,11.5230680215766,11.5999791874141,1
537,0,11.75,19,11.5999791874141,11.75,0
538,0,11.75,2,0,5.65036885553762,1
538,0,11.75,2,5.65036885553762,6.71656054747942,1
538,0,11.75,2,6.71656054747942,11.75,0
539,0,11.75,15,0,2.95619790818187,1
539,0,11.75,15,2.95619790818187,6.39568025746761,1
539,0,11.75,15,6.39568025746761,6.41551605191349,1
539,0,11.75,15,6.41551605191349,6.93070507621905,1
539,0,11.75,15,6.93070507621905,9.52343942935557,1
539,0,11.75,15,9.52343942935557,9.83705638774837,1
539,0,11.75,15,9.83705638774837,9.89494066691935,1
539,0,11.75,15,9.89494066691935,9.99740867583747,1
539,0,11.75,15,9.99740867583747,10.1098750380401,1
539,0,11.75,15,10.1098750380401,10.1742632249752,1
539,0,11.75,15,10.1742632249752,10.5536360999475,1
539,0,11.75,15,10.5536360999475,10.6290241885843,1
539,0,11.75,15,10.6290241885843,10.6320040362683,1
539,0,11.75,15,10.6320040362683,10.9888693520092,1
539,0,11.75,15,10.9888693520092,11.6157509777511,1
539,0,11.75,15,11.6157509777511,11.75,0
540,0,16.75,35,0,1.88522313255171,1
540,0,16.75,35,1.88522313255171,4.23610119178389,1
540,0,16.75,35,4.23610119178389,5.21957533512576,1
540,0,16.75,35,5.21957533512576,6.14543417644861,1
540,0,16.75,35,6.14543417644861,6.91090855484048,1
540,0,16.75,35,6.91090855484048,7.52164862459681,1
540,0,16.75,35,7.52164862459681,8.55965907452481,1
540,0,16.75,35,8.55965907452481,9.15449484939822,1
540,0,16.75,35,9.15449484939822,9.42502201545545,1
540,0,16.75,35,9.42502201545545,9.86163799682387,1
540,0,16.75,35,9.86163799682387,10.3705039133238,1
540,0,16.75,35,10.3705039133238,10.7834923474901,1
540,0,16.75,35,10.7834923474901,11.1564102025629,1
540,0,16.75,35,11.1564102025629,11.6660661971962,1
540,0,16.75,35,11.6660661971962,12.075292846434,1
540,0,16.75,35,12.075292846434,12.4280253827763,1
540,0,16.75,35,12.4280253827763,12.8478046975317,1
540,0,16.75,35,12.8478046975317,13.2713963513008,1
540,0,16.75,35,13.2713963513008,13.6241590582154,1
540,0,16.75,35,13.6241590582154,13.7684239383083,1
540,0,16.75,35,13.7684239383083,14.10773790147,1
540,0,16.75,35,14.10773790147,14.2128417254367,1
540,0,16.75,35,14.2128417254367,14.233257868109,1
540,0,16.75,35,14.233257868109,14.6225697359031,1
540,0,16.75,35,14.6225697359031,14.6429513625393,1
540,0,16.75,35,14.6429513625393,14.8800554941677,1
540,0,16.75,35,14.8800554941677,15.0354900145146,1
540,0,16.75,35,15.0354900145146,15.4344641327994,1
540,0,16.75,35,15.4344641327994,15.530457019007,1
540,0,16.75,35,15.530457019007,15.5480692740167,1
540,0,16.75,35,15.5480692740167,15.8806730966646,1
540,0,16.75,35,15.8806730966646,16.0777207832711,1
540,0,16.75,35,16.0777207832711,16.5474425911615,1
540,0,16.75,35,16.5474425911615,16.5795375317825,1
540,0,16.75,35,16.5795375317825,16.6657236931973,1
540,0,16.75,35,16.6657236931973,16.75,0
541,0,15.75,3,0,4.81754514707001,1
541,0,15.75,3,4.81754514707001,10.4718390825347,1
541,0,15.75,3,10.4718390825347,15.3141729944952,1
541,0,15.75,3,15.3141729944952,15.75,0
542,0,17.75,47,0,6.02259123107747,1
542,0,17.75,47,6.02259123107747,6.58521693264954,1
542,0,17.75,47,6.58521693264954,6.94141217115647,1
542,0,17.75,47,6.94141217115647,7.04997928906457,1
542,0,17.75,47,7.04997928906457,7.34720092900629,1
542,0,17.75,47,7.34720092900629,7.69365927941796,1
542,0,17.75,47,7.69365927941796,7.76175564820115,1
542,0,17.75,47,7.76175564820115,8.56715910757812,1
542,0,17.75,47,8.56715910757812,8.70218095293929,1
542,0,17.75,47,8.70218095293929,8.86923024869222,1
542,0,17.75,47,8.86923024869222,9.54381837958489,1
542,0,17.75,47,9.54381837958489,9.89207409426572,1
542,0,17.75,47,9.89207409426572,10.1587708278926,1
542,0,17.75,47,10.1587708278926,10.6010339943147,1
542,0,17.75,47,10.6010339943147,10.9441089409966,1
542,0,17.75,47,10.9441089409966,11.2016879452074,1
542,0,17.75,47,11.2016879452074,11.6834271029955,1
542,0,17.75,47,11.6834271029955,11.9242888362267,1
542,0,17.75,47,11.9242888362267,12.1012840290255,1
542,0,17.75,47,12.1012840290255,12.7970047697137,1
542,0,17.75,47,12.7970047697137,13.0555646397591,1
542,0,17.75,47,13.0555646397591,13.3486455354137,1
542,0,17.75,47,13.3486455354137,13.5811616692553,1
542,0,17.75,47,13.5811616692553,13.7820787247495,1
542,0,17.75,47,13.7820787247495,13.7883589819915,1
542,0,17.75,47,13.7883589819915,13.8694279845824,1
542,0,17.75,47,13.8694279845824,14.01665072832,1
542,0,17.75,47,14.01665072832,14.128403013172,1
542,0,17.75,47,14.128403013172,14.3891638422765,1
542,0,17.75,47,14.3891638422765,14.5737315426606,1
542,0,17.75,47,14.5737315426606,14.6850803772908,1
542,0,17.75,47,14.6850803772908,14.7536941603682,1
542,0,17.75,47,14.7536941603682,14.7989691468185,1
542,0,17.75,47,14.7989691468185,15.013406515349,1
542,0,17.75,47,15.013406515349,15.3221319167885,1
542,0,17.75,47,15.3221319167885,15.8081431208257,1
542,0,17.75,47,15.8081431208257,15.8713379929592,1
542,0,17.75,47,15.8713379929592,15.879658326987,1
542,0,17.75,47,15.879658326987,16.1951815414536,1
542,0,17.75,47,16.1951815414536,16.619082292775,1
542,0,17.75,47,16.619082292775,16.8120457902628,1
542,0,17.75,47,16.8120457902628,17.1584981590549,1
542,0,17.75,47,17.1584981590549,17.3045451096015,1
542,0,17.75,47,17.3045451096015,17.3456808921361,1
542,0,17.75,47,17.3456808921361,17.3861703203035,1
542,0,17.75,47,17.3861703203035,17.5687851110475,1
542,0,17.75,47,17.5687851110475,17.7220793016778,1
542,0,17.75,47,17.7220793016778,17.75,0
543,0,19.75,2,0,9.67961497231336,1
543,0,19.75,2,9.67961497231336,10.877596967574,1
543,0,19.75,2,10.877596967574,19.75,0
544,0,11.75,1,0,4.74936289332863,1
544,0,11.75,1,4.74936289332863,11.75,0
545,0,8.75,1,0,8.24651015945414,1
545,0,8.75,1,8.24651015945414,8.75,0
546,0,15.75,14,0,4.96627978708463,1
546,0,15.75,14,4.96627978708463,5.8090255765496,1
546,0,15.75,14,5.8090255765496,7.42610831122821,1
546,0,15.75,14,7.42610831122821,8.19646718423612,1
546,0,15.75,14,8.19646718423612,8.58387619655972,1
546,0,15.75,14,8.58387619655972,8.65875718146724,1
546,0,15.75,14,8.65875718146724,10.1715705127591,1
546,0,15.75,14,10.1715705127591,10.8040707199813,1
546,0,15.75,14,10.8040707199813,11.0578420324814,1
546,0,15.75,14,11.0578420324814,11.4623375979879,1
546,0,15.75,14,11.4623375979879,12.8849529236753,1
546,0,15.75,14,12.8849529236753,13.4262708234955,1
546,0,15.75,14,13.4262708234955,14.3799451187361,1
546,0,15.75,14,14.3799451187361,14.9282391082201,1
546,0,15.75,14,14.9282391082201,15.75,0
547,0,15.75,23,0,3.65039339829279,1
547,0,15.75,23,3.65039339829279,4.47319506094773,1
547,0,15.75,23,4.47319506094773,4.95833233708451,1
547,0,15.75,23,4.95833233708451,5.54899177777954,1
547,0,15.75,23,5.54899177777954,6.85057281468162,1
547,0,15.75,23,6.85057281468162,8.39546436000364,1
547,0,15.75,23,8.39546436000364,8.47613310778473,1
547,0,15.75,23,8.47613310778473,10.0035334463524,1
547,0,15.75,23,10.0035334463524,10.059704417327,1
547,0,15.75,23,10.059704417327,10.1574557481278,1
547,0,15.75,23,10.1574557481278,10.6523286302973,1
547,0,15.75,23,10.6523286302973,10.9560335742358,1
547,0,15.75,23,10.9560335742358,11.2250219136437,1
547,0,15.75,23,11.2250219136437,11.6772241220008,1
547,0,15.75,23,11.6772241220008,11.7304491940713,1
547,0,15.75,23,11.7304491940713,12.641859237034,1
547,0,15.75,23,12.641859237034,12.7330133798548,1
547,0,15.75,23,12.7330133798548,13.0242505459576,1
547,0,15.75,23,13.0242505459576,13.1003009963389,1
547,0,15.75,23,13.1003009963389,13.3979829168332,1
547,0,15.75,23,13.3979829168332,14.2383393468037,1
547,0,15.75,23,14.2383393468037,14.5260784384813,1
547,0,15.75,23,14.5260784384813,15.1118975941782,1
547,0,15.75,23,15.1118975941782,15.75,0
548,0,19.75,1,0,17.266732205002,1
548,0,19.75,1,17.266732205002,19.75,0
549,0,15.75,3,0,0.853645601504216,1
549,0,15.75,3,0.853645601504216,7.96886165041508,1
549,0,15.75,3,7.96886165041508,9.58189763734833,1
549,0,15.75,3,9.58189763734833,15.75,0
550,0,12.75,2,0,0.304971918594655,1
550,0,12.75,2,0.304971918594655,3.35637403144642,1
550,0,12.75,2,3.35637403144642,12.75,0
551,0,17.75,31,0,5.39106566009131,1
551,0,17.75,31,5.39106566009131,5.95955230653657,1
551,0,17.75,31,5.95955230653657,6.23751708327387,1
551,0,17.75,31,6.23751708327387,6.51732907837157,1
551,0,17.75,31,6.51732907837157,6.97518319563853,1
551,0,17.75,31,6.97518319563853,8.15654437765039,1
551,0,17.75,31,8.15654437765039,8.42112861580737,1
551,0,17.75,31,8.42112861580737,9.04304727526916,1
551,0,17.75,31,9.04304727526916,9.62268736397862,1
551,0,17.75,31,9.62268736397862,9.85167858368375,1
551,0,17.75,31,9.85167858368375,10.8111813060655,1
551,0,17.75,31,10.8111813060655,11.0725916258657,1
551,0,17.75,31,11.0725916258657,11.4338840049586,1
551,0,17.75,31,11.4338840049586,11.7584344984123,1
551,0,17.75,31,11.7584344984123,12.1140134969687,1
551,0,17.75,31,12.1140134969687,12.4286769974131,1
551,0,17.75,31,12.4286769974131,12.7140866371818,1
551,0,17.75,31,12.7140866371818,12.8865329557669,1
551,0,17.75,31,12.8865329557669,12.9500471577713,1
551,0,17.75,31,12.9500471577713,13.0105398601763,1
551,0,17.75,31,13.0105398601763,13.2617364718349,1
551,0,17.75,31,13.2617364718349,13.6342781656532,1
551,0,17.75,31,13.6342781656532,14.3571902080564,1
551,0,17.75,31,14.3571902080564,14.707817629391,1
551,0,17.75,31,14.707817629391,15.4276144642615,1
551,0,17.75,31,15.4276144642615,15.4446161386795,1
551,0,17.75,31,15.4446161386795,15.8984800278208,1
551,0,17.75,31,15.8984800278208,16.199058010953,1
551,0,17.75,31,16.199058010953,16.2525084009158,1
551,0,17.75,31,16.2525084009158,17.3678386580883,1
551,0,17.75,31,17.3678386580883,17.6749665775612,1
551,0,17.75,31,17.6749665775612,17.75,0
552,0,7.75,6,0,3.39092974060163,1
552,0,7.75,6,3.39092974060163,3.92686224448518,1
552,0,7.75,6,3.92686224448518,5.25514031191066,1
552,0,7.75,6,5.25514031191066,5.9312332083862,1
552,0,7.75,6,5.9312332083862,6.94776770821921,1
552,0,7.75,6,6.94776770821921,7.49808389407275,1
552,0,7.75,6,7.49808389407275,7.75,0
553,0,12.75,2,0,1.12752063358213,1
553,0,12.75,2,1.12752063358213,2.31416245790387,1
553,0,12.75,2,2.31416245790387,12.75,0
554,0,16.75,28,0,4.86531924685696,1
554,0,16.75,28,4.86531924685696,4.92764459057003,1
554,0,16.75,28,4.92764459057003,5.09633145514332,1
554,0,16.75,28,5.09633145514332,6.20999835807069,1
554,0,16.75,28,6.20999835807069,9.06281797009747,1
554,0,16.75,28,9.06281797009747,9.0780026030317,1
554,0,16.75,28,9.0780026030317,10.1941466957931,1
554,0,16.75,28,10.1941466957931,10.4401178413446,1
554,0,16.75,28,10.4401178413446,10.741070960411,1
554,0,16.75,28,10.741070960411,11.5971088061766,1
554,0,16.75,28,11.5971088061766,13.3250633536575,1
554,0,16.75,28,13.3250633536575,13.8916616838202,1
554,0,16.75,28,13.8916616838202,13.9672107162782,1
554,0,16.75,28,13.9672107162782,14.1518014496289,1
554,0,16.75,28,14.1518014496289,14.7217143541925,1
554,0,16.75,28,14.7217143541925,14.8808891795974,1
554,0,16.75,28,14.8808891795974,14.9403574658552,1
554,0,16.75,28,14.9403574658552,15.0505304072124,1
554,0,16.75,28,15.0505304072124,15.0577332227125,1
554,0,16.75,28,15.0577332227125,15.0730458316759,1
554,0,16.75,28,15.0730458316759,15.306072125521,1
554,0,16.75,28,15.306072125521,15.3802921993375,1
554,0,16.75,28,15.3802921993375,15.4528613857873,1
554,0,16.75,28,15.4528613857873,15.4678683911671,1
554,0,16.75,28,15.4678683911671,15.5798795740102,1
554,0,16.75,28,15.5798795740102,15.978638736516,1
554,0,16.75,28,15.978638736516,16.2276452667028,1
554,0,16.75,28,16.2276452667028,16.6923509654428,1
554,0,16.75,28,16.6923509654428,16.75,0
555,0,13.75,20,0,2.76701133129306,1
555,0,13.75,20,2.76701133129306,5.10516663843634,1
555,0,13.75,20,5.10516663843634,5.17714555299033,1
555,0,13.75,20,5.17714555299033,5.39321476232864,1
555,0,13.75,20,5.39321476232864,6.4662950770242,1
555,0,13.75,20,6.4662950770242,6.8522900998669,1
555,0,13.75,20,6.8522900998669,7.19957924556629,1
555,0,13.75,20,7.19957924556629,7.87145648745893,1
555,0,13.75,20,7.87145648745893,8.8024719305222,1
555,0,13.75,20,8.8024719305222,8.81919012521072,1
555,0,13.75,20,8.81919012521072,9.19410369679105,1
555,0,13.75,20,9.19410369679105,9.59356915361483,1
555,0,13.75,20,9.59356915361483,11.3988915430245,1
555,0,13.75,20,11.3988915430245,12.1911933187608,1
555,0,13.75,20,12.1911933187608,12.2011318665946,1
555,0,13.75,20,12.2011318665946,12.5265339502378,1
555,0,13.75,20,12.5265339502378,12.9668979562125,1
555,0,13.75,20,12.9668979562125,13.0929837798736,1
555,0,13.75,20,13.0929837798736,13.1744687134562,1
555,0,13.75,20,13.1744687134562,13.5070443150117,1
555,0,13.75,20,13.5070443150117,13.75,0
556,0,17.75,1,0,0.201679113088492,1
556,0,17.75,1,0.201679113088492,17.75,0
557,0,15.75,56,0,3.99791000032684,1
557,0,15.75,56,3.99791000032684,4.06405244474347,1
557,0,15.75,56,4.06405244474347,4.13417191075861,1
557,0,15.75,56,4.13417191075861,5.4090047660937,1
557,0,15.75,56,5.4090047660937,5.77226217265598,1
557,0,15.75,56,5.77226217265598,5.77413928510389,1
557,0,15.75,56,5.77413928510389,6.46284975538055,1
557,0,15.75,56,6.46284975538055,6.49406449646343,1
557,0,15.75,56,6.49406449646343,7.01158149787188,1
557,0,15.75,56,7.01158149787188,7.05653944210229,1
557,0,15.75,56,7.05653944210229,7.62538547453834,1
557,0,15.75,56,7.62538547453834,7.81049400800442,1
557,0,15.75,56,7.81049400800442,8.0790863857901,1
557,0,15.75,56,8.0790863857901,8.34947718672974,1
557,0,15.75,56,8.34947718672974,8.49046797764746,1
557,0,15.75,56,8.49046797764746,8.52426708565455,1
557,0,15.75,56,8.52426708565455,8.99759683929563,1
557,0,15.75,56,8.99759683929563,9.15763908354946,1
557,0,15.75,56,9.15763908354946,9.37156664035269,1
557,0,15.75,56,9.37156664035269,9.53852849187863,1
557,0,15.75,56,9.53852849187863,9.63841790752792,1
557,0,15.75,56,9.63841790752792,10.579237667815,1
557,0,15.75,56,10.579237667815,10.6169016048466,1
557,0,15.75,56,10.6169016048466,11.2482565434234,1
557,0,15.75,56,11.2482565434234,11.279886598508,1
557,0,15.75,56,11.279886598508,11.3058366979784,1
557,0,15.75,56,11.3058366979784,11.3437263038643,1
557,0,15.75,56,11.3437263038643,11.4800812931272,1
557,0,15.75,56,11.4800812931272,11.5489453678233,1
557,0,15.75,56,11.5489453678233,11.5502621745748,1
557,0,15.75,56,11.5502621745748,11.7857605333827,1
557,0,15.75,56,11.7857605333827,12.1744165023789,1
557,0,15.75,56,12.1744165023789,12.265593064614,1
557,0,15.75,56,12.265593064614,12.3017014011486,1
557,0,15.75,56,12.3017014011486,12.5349305798245,1
557,0,15.75,56,12.5349305798245,12.7417411726271,1
557,0,15.75,56,12.7417411726271,13.0275326864006,1
557,0,15.75,56,13.0275326864006,13.0311645273954,1
557,0,15.75,56,13.0311645273954,13.0937850976456,1
557,0,15.75,56,13.0937850976456,13.0978316640614,1
557,0,15.75,56,13.0978316640614,13.1151650879921,1
557,0,15.75,56,13.1151650879921,13.3738484866011,1
557,0,15.75,56,13.3738484866011,13.5005908673498,1
557,0,15.75,56,13.5005908673498,13.8303455303609,1
557,0,15.75,56,13.8303455303609,13.8408607219952,1
557,0,15.75,56,13.8408607219952,13.9738726626968,1
557,0,15.75,56,13.9738726626968,13.9861957070086,1
557,0,15.75,56,13.9861957070086,14.4743784724954,1
557,0,15.75,56,14.4743784724954,14.5493952494917,1
557,0,15.75,56,14.5493952494917,14.6671563585989,1
557,0,15.75,56,14.6671563585989,14.6719465583299,1
557,0,15.75,56,14.6719465583299,14.6839971167129,1
557,0,15.75,56,14.6839971167129,14.8437190422017,1
557,0,15.75,56,14.8437190422017,14.8680765583329,1
557,0,15.75,56,14.8680765583329,15.0901961489361,1
557,0,15.75,56,15.0901961489361,15.6761886754462,1
557,0,15.75,56,15.6761886754462,15.75,0
558,0,12.75,2,0,0.0636766416673028,1
558,0,12.75,2,0.0636766416673028,3.45436748852493,1
558,0,12.75,2,3.45436748852493,12.75,0
559,0,8.75,2,0,0.0352279731607124,1
559,0,8.75,2,0.0352279731607124,0.554700887862562,1
559,0,8.75,2,0.554700887862562,8.75,0
560,0,9.75,11,0,4.50526427918291,1
560,0,9.75,11,4.50526427918291,5.69628052638059,1
560,0,9.75,11,5.69628052638059,6.58972778650578,1
560,0,9.75,11,6.58972778650578,6.98731692727219,1
560,0,9.75,11,6.98731692727219,7.13977540759716,1
560,0,9.75,11,7.13977540759716,7.83733591476591,1
560,0,9.75,11,7.83733591476591,8.32006377749615,1
560,0,9.75,11,8.32006377749615,8.36293714733355,1
560,0,9.75,11,8.36293714733355,9.23061928995686,1
560,0,9.75,11,9.23061928995686,9.54251764332679,1
560,0,9.75,11,9.54251764332679,9.5806532260399,1
560,0,9.75,11,9.5806532260399,9.75,0
561,0,18.75,0,0,18.75,0
562,0,15.75,1,0,3.72802124558669,1
562,0,15.75,1,3.72802124558669,15.75,0
563,0,18.75,64,0,0.536278500725255,1
563,0,18.75,64,0.536278500725255,3.22121330973448,1
563,0,18.75,64,3.22121330973448,4.1629807232047,1
563,0,18.75,64,4.1629807232047,4.42639872787376,1
563,0,18.75,64,4.42639872787376,4.48381401352773,1
563,0,18.75,64,4.48381401352773,5.56288443538991,1
563,0,18.75,64,5.56288443538991,5.93882900919965,1
563,0,18.75,64,5.93882900919965,6.34195112741181,1
563,0,18.75,64,6.34195112741181,6.4923837316896,1
563,0,18.75,64,6.4923837316896,7.09376287310379,1
563,0,18.75,64,7.09376287310379,7.09727141096014,1
563,0,18.75,64,7.09727141096014,7.67309432492466,1
563,0,18.75,64,7.67309432492466,8.17707926180602,1
563,0,18.75,64,8.17707926180602,8.64945902366084,1
563,0,18.75,64,8.64945902366084,8.75154778938039,1
563,0,18.75,64,8.75154778938039,9.11582622185159,1
563,0,18.75,64,9.11582622185159,9.52176213950042,1
563,0,18.75,64,9.52176213950042,10.0203244823989,1
563,0,18.75,64,10.0203244823989,10.0716984045951,1
563,0,18.75,64,10.0716984045951,10.4388477216915,1
563,0,18.75,64,10.4388477216915,10.517508125679,1
563,0,18.75,64,10.517508125679,10.6170216612379,1
563,0,18.75,64,10.6170216612379,12.0593381683819,1
563,0,18.75,64,12.0593381683819,12.4263167165602,1
563,0,18.75,64,12.4263167165602,12.4772600922163,1
563,0,18.75,64,12.4772600922163,12.5192769081827,1
563,0,18.75,64,12.5192769081827,13.5070808722081,1
563,0,18.75,64,13.5070808722081,13.5794882950648,1
563,0,18.75,64,13.5794882950648,13.6092650054945,1
563,0,18.75,64,13.6092650054945,13.6470022121441,1
563,0,18.75,64,13.6470022121441,13.6590036517445,1
563,0,18.75,64,13.6590036517445,13.7518705475188,1
563,0,18.75,64,13.7518705475188,13.8572410870564,1
563,0,18.75,64,13.8572410870564,13.8675223317733,1
563,0,18.75,64,13.8675223317733,13.9333408303585,1
563,0,18.75,64,13.9333408303585,13.9992464572153,1
563,0,18.75,64,13.9992464572153,14.4818070729143,1
563,0,18.75,64,14.4818070729143,14.6664814081714,1
563,0,18.75,64,14.6664814081714,14.7371310927229,1
563,0,18.75,64,14.7371310927229,15.0535402717358,1
563,0,18.75,64,15.0535402717358,15.0562298010952,1
563,0,18.75,64,15.0562298010952,15.0932714415039,1
563,0,18.75,64,15.0932714415039,15.3522964842572,1
563,0,18.75,64,15.3522964842572,15.3897289494424,1
563,0,18.75,64,15.3897289494424,15.4366086218667,1
563,0,18.75,64,15.4366086218667,15.4371632302928,1
563,0,18.75,64,15.4371632302928,15.6431230365688,1
563,0,18.75,64,15.6431230365688,15.6718010948136,1
563,0,18.75,64,15.6718010948136,15.7618275203667,1
563,0,18.75,64,15.7618275203667,15.9221251056213,1
563,0,18.75,64,15.9221251056213,15.9364547631222,1
563,0,18.75,64,15.9364547631222,16.2227121216291,1
563,0,18.75,64,16.2227121216291,16.3671354895542,1
563,0,18.75,64,16.3671354895542,16.697466975925,1
563,0,18.75,64,16.697466975925,16.7913615362885,1
563,0,18.75,64,16.7913615362885,16.9690835018459,1
563,0,18.75,64,16.9690835018459,17.1742815778384,1
563,0,18.75,64,17.1742815778384,17.3247025101726,1
563,0,18.75,64,17.3247025101726,17.3994258858316,1
563,0,18.75,64,17.3994258858316,17.4375435494451,1
563,0,18.75,64,17.4375435494451,17.4430916363003,1
563,0,18.75,64,17.4430916363003,17.9552929327284,1
563,0,18.75,64,17.9552929327284,18.5483128617134,1
563,0,18.75,64,18.5483128617134,18.5633784394232,1
563,0,18.75,64,18.5633784394232,18.75,0
564,0,15.75,32,0,1.99655038578744,1
564,0,15.75,32,1.99655038578744,3.5039220448821,1
564,0,15.75,32,3.5039220448821,5.21023459638224,1
564,0,15.75,32,5.21023459638224,6.67766785879425,1
564,0,15.75,32,6.67766785879425,6.70271750371078,1
564,0,15.75,32,6.70271750371078,7.14203641066264,1
564,0,15.75,32,7.14203641066264,7.55112428250551,1
564,0,15.75,32,7.55112428250551,8.77051890145006,1
564,0,15.75,32,8.77051890145006,9.84424975536451,1
564,0,15.75,32,9.84424975536451,9.86943543564623,1
564,0,15.75,32,9.86943543564623,9.89611606230524,1
564,0,15.75,32,9.89611606230524,10.0791703900857,1
564,0,15.75,32,10.0791703900857,10.1324259047039,1
564,0,15.75,32,10.1324259047039,10.1381228017867,1
564,0,15.75,32,10.1381228017867,10.1777486049974,1
564,0,15.75,32,10.1777486049974,10.5219554567754,1
564,0,15.75,32,10.5219554567754,10.9437569090634,1
564,0,15.75,32,10.9437569090634,11.5826436080666,1
564,0,15.75,32,11.5826436080666,12.5288063290998,1
564,0,15.75,32,12.5288063290998,12.6246665442912,1
564,0,15.75,32,12.6246665442912,12.8080631514394,1
564,0,15.75,32,12.8080631514394,12.8717082667113,1
564,0,15.75,32,12.8717082667113,13.1093442485512,1
564,0,15.75,32,13.1093442485512,13.6126967562486,1
564,0,15.75,32,13.6126967562486,13.6621717974772,1
564,0,15.75,32,13.6621717974772,13.9784067932622,1
564,0,15.75,32,13.9784067932622,14.8555940369574,1
564,0,15.75,32,14.8555940369574,15.0644614573902,1
564,0,15.75,32,15.0644614573902,15.1771937888081,1
564,0,15.75,32,15.1771937888081,15.50263485156,1
564,0,15.75,32,15.50263485156,15.609683721715,1
564,0,15.75,32,15.609683721715,15.6528472375335,1
564,0,15.75,32,15.6528472375335,15.75,0
565,0,15.75,2,0,4.61305801188753,1
565,0,15.75,2,4.61305801188753,7.95930644452763,1
565,0,15.75,2,7.95930644452763,15.75,0
566,0,15.75,0,0,15.75,0
567,0,15.75,2,0,0.527402970379019,1
567,0,15.75,2,0.527402970379019,1.75383650384779,1
567,0,15.75,2,1.75383650384779,15.75,0
568,0,12.75,2,0,0.0211718055037238,1
568,0,12.75,2,0.0211718055037238,1.28408894888352,1
568,0,12.75,2,1.28408894888352,12.75,0
569,0,15.75,4,0,2.0243737757173,1
569,0,15.75,4,2.0243737757173,8.01841175339222,1
569,0,15.75,4,8.01841175339222,11.0011391380415,1
569,0,15.75,4,11.0011391380415,11.1169435457119,1
569,0,15.75,4,11.1169435457119,15.75,0
570,0,14.75,2,0,1.19683591285224,1
570,0,14.75,2,1.19683591285224,1.84721142518402,1
570,0,14.75,2,1.84721142518402,14.75,0
571,0,11.75,0,0,11.75,0
572,0,17.75,39,0,3.92909799304768,1
572,0,17.75,39,3.92909799304768,4.64080382796564,1
572,0,17.75,39,4.64080382796564,4.85602404878889,1
572,0,17.75,39,4.85602404878889,5.00726653119488,1
572,0,17.75,39,5.00726653119488,5.24103784334162,1
572,0,17.75,39,5.24103784334162,6.30810028182737,1
572,0,17.75,39,6.30810028182737,8.13111267552825,1
572,0,17.75,39,8.13111267552825,8.28462784345192,1
572,0,17.75,39,8.28462784345192,8.55494313811341,1
572,0,17.75,39,8.55494313811341,9.13516339421256,1
572,0,17.75,39,9.13516339421256,9.28970853514881,1
572,0,17.75,39,9.28970853514881,9.41813832089604,1
572,0,17.75,39,9.41813832089604,10.6147004558017,1
572,0,17.75,39,10.6147004558017,11.4709773661065,1
572,0,17.75,39,11.4709773661065,11.5053305455465,1
572,0,17.75,39,11.5053305455465,11.7159964274092,1
572,0,17.75,39,11.7159964274092,12.0412896061106,1
572,0,17.75,39,12.0412896061106,12.7547013930293,1
572,0,17.75,39,12.7547013930293,12.8622220658695,1
572,0,17.75,39,12.8622220658695,13.1091037965012,1
572,0,17.75,39,13.1091037965012,13.109842060162,1
572,0,17.75,39,13.109842060162,13.1713770570154,1
572,0,17.75,39,13.1713770570154,13.2196387911924,1
572,0,17.75,39,13.2196387911924,13.5644796705711,1
572,0,17.75,39,13.5644796705711,13.6765201747822,1
572,0,17.75,39,13.6765201747822,13.9707549810541,1
572,0,17.75,39,13.9707549810541,14.0638748701404,1
572,0,17.75,39,14.0638748701404,14.2354434108218,1
572,0,17.75,39,14.2354434108218,14.9940083365865,1
572,0,17.75,39,14.9940083365865,15.1338972182611,1
572,0,17.75,39,15.1338972182611,15.5361243293237,1
572,0,17.75,39,15.5361243293237,15.5618534481541,1
572,0,17.75,39,15.5618534481541,15.7233232728894,1
572,0,17.75,39,15.7233232728894,15.9486026085405,1
572,0,17.75,39,15.9486026085405,16.0919783723714,1
572,0,17.75,39,16.0919783723714,16.9939421901606,1
572,0,17.75,39,16.9939421901606,17.3877840898337,1
572,0,17.75,39,17.3877840898337,17.4382996303247,1
572,0,17.75,39,17.4382996303247,17.455695943695,1
572,0,17.75,39,17.455695943695,17.75,0
573,0,10.75,0,0,10.75,0
574,0,8.75,13,0,3.60794654909029,1
574,0,8.75,13,3.60794654909029,4.41591246305228,1
574,0,8.75,13,4.41591246305228,4.80453841951042,1
574,0,8.75,13,4.80453841951042,5.00736034919287,1
574,0,8.75,13,5.00736034919287,5.15480287789063,1
574,0,8.75,13,5.15480287789063,5.50927411156623,1
574,0,8.75,13,5.50927411156623,5.77660966621107,1
574,0,8.75,13,5.77660966621107,5.79507534024802,1
574,0,8.75,13,5.79507534024802,6.50132813507331,1
574,0,8.75,13,6.50132813507331,7.42733060224121,1
574,0,8.75,13,7.42733060224121,7.56518591085676,1
574,0,8.75,13,7.56518591085676,8.17712121188429,1
574,0,8.75,13,8.17712121188429,8.63310913461953,1
574,0,8.75,13,8.63310913461953,8.75,0
575,0,9.75,11,0,4.2514595045046,1
575,0,9.75,11,4.2514595045046,4.82850021277992,1
575,0,9.75,11,4.82850021277992,5.05651782812257,1
575,0,9.75,11,5.05651782812257,7.17067336046695,1
575,0,9.75,11,7.17067336046695,7.35379342748091,1
575,0,9.75,11,7.35379342748091,7.59259055429951,1
575,0,9.75,11,7.59259055429951,7.84774466947435,1
575,0,9.75,11,7.84774466947435,7.97134390595348,1
575,0,9.75,11,7.97134390595348,8.11764868966912,1
575,0,9.75,11,8.11764868966912,8.71881563571808,1
575,0,9.75,11,8.71881563571808,9.74696489852633,1
575,0,9.75,11,9.74696489852633,9.75,0
576,0,19.75,1,0,0.607969553177072,1
576,0,19.75,1,0.607969553177072,19.75,0
577,0,10.75,2,0,0.00219329343069815,1
577,0,10.75,2,0.00219329343069815,0.232668589181336,1
577,0,10.75,2,0.232668589181336,10.75,0
578,0,13.75,9,0,5.38162523936574,1
578,0,13.75,9,5.38162523936574,6.27152990628669,1
578,0,13.75,9,6.27152990628669,7.10597981210111,1
578,0,13.75,9,7.10597981210111,8.92039040308726,1
578,0,13.75,9,8.92039040308726,10.1865006639153,1
578,0,13.75,9,10.1865006639153,12.6708270132163,1
578,0,13.75,9,12.6708270132163,12.7129959711037,1
578,0,13.75,9,12.7129959711037,12.9393093205203,1
578,0,13.75,9,12.9393093205203,13.1392259536286,1
578,0,13.75,9,13.1392259536286,13.75,0
579,0,10.75,6,0,6.25988544331326,1
579,0,10.75,6,6.25988544331326,6.88919226984848,1
579,0,10.75,6,6.88919226984848,7.37503476107818,1
579,0,10.75,6,7.37503476107818,7.53223547589099,1
579,0,10.75,6,7.53223547589099,8.71070975421504,1
579,0,10.75,6,8.71070975421504,10.257293457548,1
579,0,10.75,6,10.257293457548,10.75,0
580,0,9.75,9,0,2.46284097070793,1
580,0,9.75,9,2.46284097070793,4.30602645807147,1
580,0,9.75,9,4.30602645807147,4.34234584704269,1
580,0,9.75,9,4.34234584704269,5.72977110281913,1
580,0,9.75,9,5.72977110281913,7.54405412421988,1
580,0,9.75,9,7.54405412421988,8.27908453452325,1
580,0,9.75,9,8.27908453452325,9.0727230352847,1
580,0,9.75,9,9.0727230352847,9.16216618488991,1
580,0,9.75,9,9.16216618488991,9.48652940996739,1
580,0,9.75,9,9.48652940996739,9.75,0
581,0,9.75,3,0,7.37423459502295,1
581,0,9.75,3,7.37423459502295,7.9940278573137,1
581,0,9.75,3,7.9940278573137,8.09053777382007,1
581,0,9.75,3,8.09053777382007,9.75,0
582,0,9.75,2,0,0.0831955938174514,1
582,0,9.75,2,0.0831955938174514,1.30431420023361,1
582,0,9.75,2,1.30431420023361,9.75,0
583,0,15.75,43,0,2.67205857343391,1
583,0,15.75,43,2.67205857343391,2.89635602564183,1
583,0,15.75,43,2.89635602564183,3.85212610390378,1
583,0,15.75,43,3.85212610390378,3.981845943128,1
583,0,15.75,43,3.981845943128,6.13974684091419,1
583,0,15.75,43,6.13974684091419,7.44603235131336,1
583,0,15.75,43,7.44603235131336,9.17582183267054,1
583,0,15.75,43,9.17582183267054,9.25581016300055,1
583,0,15.75,43,9.25581016300055,9.28754115857063,1
583,0,15.75,43,9.28754115857063,9.40996875589287,1
583,0,15.75,43,9.40996875589287,9.69286850298237,1
583,0,15.75,43,9.69286850298237,9.88597707831074,1
583,0,15.75,43,9.88597707831074,10.396818402314,1
583,0,15.75,43,10.396818402314,10.413301999493,1
583,0,15.75,43,10.413301999493,11.1002257949849,1
583,0,15.75,43,11.1002257949849,11.1720050324406,1
583,0,15.75,43,11.1720050324406,11.3314703314042,1
583,0,15.75,43,11.3314703314042,11.6570649455706,1
583,0,15.75,43,11.6570649455706,11.9334244510156,1
583,0,15.75,43,11.9334244510156,11.9548801309982,1
583,0,15.75,43,11.9548801309982,12.274011197911,1
583,0,15.75,43,12.274011197911,12.3942920879371,1
583,0,15.75,43,12.3942920879371,12.463697410409,1
583,0,15.75,43,12.463697410409,12.7137333592541,1
583,0,15.75,43,12.7137333592541,12.8074057439931,1
583,0,15.75,43,12.8074057439931,13.0168821229831,1
583,0,15.75,43,13.0168821229831,13.0686460774787,1
583,0,15.75,43,13.0686460774787,13.1017442868645,1
583,0,15.75,43,13.1017442868645,13.1423727120046,1
583,0,15.75,43,13.1423727120046,13.1593558318567,1
583,0,15.75,43,13.1593558318567,13.3230368914095,1
583,0,15.75,43,13.3230368914095,14.1139565122173,1
583,0,15.75,43,14.1139565122173,14.5663751362743,1
583,0,15.75,43,14.5663751362743,14.8714375279332,1
583,0,15.75,43,14.8714375279332,14.905326243223,1
583,0,15.75,43,14.905326243223,14.9528222228713,1
583,0,15.75,43,14.9528222228713,14.9561042682212,1
583,0,15.75,43,14.9561042682212,14.99865647197,1
583,0,15.75,43,14.99865647197,15.0323780688265,1
583,0,15.75,43,15.0323780688265,15.5185080715117,1
583,0,15.75,43,15.5185080715117,15.5603100127453,1
583,0,15.75,43,15.5603100127453,15.5640805042073,1
583,0,15.75,43,15.5640805042073,15.643430210771,1
583,0,15.75,43,15.643430210771,15.75,0
584,0,12.75,6,0,6.92484615668839,1
584,0,12.75,6,6.92484615668839,8.81263396950309,1
584,0,12.75,6,8.81263396950309,10.7850627109521,1
584,0,12.75,6,10.7850627109521,12.2885717552182,1
584,0,12.75,6,12.2885717552182,12.3023341111595,1
584,0,12.75,6,12.3023341111595,12.5050533807119,1
584,0,12.75,6,12.5050533807119,12.75,0
585,0,10.75,14,0,2.89276151483227,1
585,0,10.75,14,2.89276151483227,6.22187395201631,1
585,0,10.75,14,6.22187395201631,6.6318413598536,1
585,0,10.75,14,6.6318413598536,6.63793490391449,1
585,0,10.75,14,6.63793490391449,6.65923918870232,1
585,0,10.75,14,6.65923918870232,6.8383371423742,1
585,0,10.75,14,6.8383371423742,7.35568432183125,1
585,0,10.75,14,7.35568432183125,8.9914353132006,1
585,0,10.75,14,8.9914353132006,9.29559736157367,1
585,0,10.75,14,9.29559736157367,9.48362044756563,1
585,0,10.75,14,9.48362044756563,10.3556305877554,1
585,0,10.75,14,10.3556305877554,10.4785782451284,1
585,0,10.75,14,10.4785782451284,10.5923892549133,1
585,0,10.75,14,10.5923892549133,10.6987002311524,1
585,0,10.75,14,10.6987002311524,10.75,0
586,0,12.75,6,0,5.32685478722899,1
586,0,12.75,6,5.32685478722899,10.7780972242914,1
586,0,12.75,6,10.7780972242914,10.9620186417754,1
586,0,12.75,6,10.9620186417754,11.436364693867,1
586,0,12.75,6,11.436364693867,11.8737092595924,1
586,0,12.75,6,11.8737092595924,12.3019644447192,1
586,0,12.75,6,12.3019644447192,12.75,0
587,0,8.75,2,0,0.19672308350394,1
587,0,8.75,2,0.19672308350394,3.40016989684297,1
587,0,8.75,2,3.40016989684297,8.75,0
588,0,10.75,1,0,2.40684008199312,1
588,0,10.75,1,2.40684008199312,10.75,0
589,0,16.75,29,0,6.05177281131979,1
589,0,16.75,29,6.05177281131979,6.65402803450391,1
589,0,16.75,29,6.65402803450391,7.65480284570307,1
589,0,16.75,29,7.65480284570307,10.4091796765481,1
589,0,16.75,29,10.4091796765481,10.6540635698102,1
589,0,16.75,29,10.6540635698102,10.8333503353213,1
589,0,16.75,29,10.8333503353213,11.4222390486479,1
589,0,16.75,29,11.4222390486479,11.7255194862103,1
589,0,16.75,29,11.7255194862103,12.3397424808103,1
589,0,16.75,29,12.3397424808103,12.5168397398447,1
589,0,16.75,29,12.5168397398447,12.6647092963654,1
589,0,16.75,29,12.6647092963654,12.9894653721923,1
589,0,16.75,29,12.9894653721923,13.3427760473789,1
589,0,16.75,29,13.3427760473789,14.053164462198,1
589,0,16.75,29,14.053164462198,14.094437886955,1
589,0,16.75,29,14.094437886955,14.142835551299,1
589,0,16.75,29,14.142835551299,14.2862028756362,1
589,0,16.75,29,14.2862028756362,14.3530224405699,1
589,0,16.75,29,14.3530224405699,14.437015268331,1
589,0,16.75,29,14.437015268331,14.8166879332719,1
589,0,16.75,29,14.8166879332719,14.8552376056918,1
589,0,16.75,29,14.8552376056918,15.183192003133,1
589,0,16.75,29,15.183192003133,15.2358132899296,1
589,0,16.75,29,15.2358132899296,15.4393964210642,1
589,0,16.75,29,15.4393964210642,15.4413536004256,1
589,0,16.75,29,15.4413536004256,16.2670832180407,1
589,0,16.75,29,16.2670832180407,16.542090308531,1
589,0,16.75,29,16.542090308531,16.5647688332877,1
589,0,16.75,29,16.5647688332877,16.7426957381123,1
589,0,16.75,29,16.7426957381123,16.75,0
590,0,11.75,18,0,6.41646725231781,1
590,0,11.75,18,6.41646725231781,6.76901702014634,1
590,0,11.75,18,6.76901702014634,6.98497495738137,1
590,0,11.75,18,6.98497495738137,7.89595021899106,1
590,0,11.75,18,7.89595021899106,8.18721909908836,1
590,0,11.75,18,8.18721909908836,8.31019230407338,1
590,0,11.75,18,8.31019230407338,8.33283776127117,1
590,0,11.75,18,8.33283776127117,8.48936212003105,1
590,0,11.75,18,8.48936212003105,8.50925590869223,1
590,0,11.75,18,8.50925590869223,9.46981602524813,1
590,0,11.75,18,9.46981602524813,9.51207597039948,1
590,0,11.75,18,9.51207597039948,9.59530648236283,1
590,0,11.75,18,9.59530648236283,10.1731227996062,1
590,0,11.75,18,10.1731227996062,10.6836462526037,1
590,0,11.75,18,10.6836462526037,10.7498737392952,1
590,0,11.75,18,10.7498737392952,10.7982112796597,1
590,0,11.75,18,10.7982112796597,11.0157321381856,1
590,0,11.75,18,11.0157321381856,11.287782684051,1
590,0,11.75,18,11.287782684051,11.75,0
591,0,17.75,1,0,17.0050281570395,1
591,0,17.75,1,17.0050281570395,17.75,0
592,0,20.75,1,0,9.45893196397011,1
592,0,20.75,1,9.45893196397011,20.75,0
593,0,7.75,1,0,1.12183860309936,1
593,0,7.75,1,1.12183860309936,7.75,0
594,0,10.75,1,0,3.04190431606819,1
594,0,10.75,1,3.04190431606819,10.75,0
595,0,16.75,2,0,0.0663678739686376,1
595,0,16.75,2,0.0663678739686376,13.7411734537071,1
595,0,16.75,2,13.7411734537071,16.75,0
596,0,14.75,0,0,14.75,0
597,0,13.75,10,0,3.24487800293411,1
597,0,13.75,10,3.24487800293411,5.58508208473427,1
597,0,13.75,10,5.58508208473427,8.41440236509639,1
597,0,13.75,10,8.41440236509639,9.5253877816314,1
597,0,13.75,10,9.5253877816314,12.0590402358209,1
597,0,13.75,10,12.0590402358209,12.0981179928364,1
597,0,13.75,10,12.0981179928364,12.5554944836476,1
597,0,13.75,10,12.5554944836476,13.1416743504506,1
597,0,13.75,10,13.1416743504506,13.3128650203036,1
597,0,13.75,10,13.3128650203036,13.557813630832,1
597,0,13.75,10,13.557813630832,13.75,0
598,0,17.75,44,0,5.53873535006407,1
598,0,17.75,44,5.53873535006407,5.63866150911451,1
598,0,17.75,44,5.63866150911451,6.20931449698145,1
598,0,17.75,44,6.20931449698145,6.3092155616072,1
598,0,17.75,44,6.3092155616072,6.35259612666419,1
598,0,17.75,44,6.35259612666419,6.89440624100041,1
598,0,17.75,44,6.89440624100041,8.10917123439211,1
598,0,17.75,44,8.10917123439211,8.5253857527813,1
598,0,17.75,44,8.5253857527813,10.4410988097604,1
598,0,17.75,44,10.4410988097604,10.7813852588881,1
598,0,17.75,44,10.7813852588881,11.025193331133,1
598,0,17.75,44,11.025193331133,11.1885233763443,1
598,0,17.75,44,11.1885233763443,11.2346744690448,1
598,0,17.75,44,11.2346744690448,11.2882212789948,1
598,0,17.75,44,11.2882212789948,11.4227601282143,1
598,0,17.75,44,11.4227601282143,11.446955695291,1
598,0,17.75,44,11.446955695291,11.989902687259,1
598,0,17.75,44,11.989902687259,12.1187897635955,1
598,0,17.75,44,12.1187897635955,12.4399915115862,1
598,0,17.75,44,12.4399915115862,12.5286454577818,1
598,0,17.75,44,12.5286454577818,12.7522377534491,1
598,0,17.75,44,12.7522377534491,12.9689519970257,1
598,0,17.75,44,12.9689519970257,13.5619946418243,1
598,0,17.75,44,13.5619946418243,13.5811961992879,1
598,0,17.75,44,13.5811961992879,13.682235193197,1
598,0,17.75,44,13.682235193197,13.8934065420433,1
598,0,17.75,44,13.8934065420433,14.1056477515762,1
598,0,17.75,44,14.1056477515762,14.1605927978506,1
598,0,17.75,44,14.1605927978506,14.1649744155059,1
598,0,17.75,44,14.1649744155059,14.1968227250031,1
598,0,17.75,44,14.1968227250031,14.2095578938628,1
598,0,17.75,44,14.2095578938628,14.2802888646599,1
598,0,17.75,44,14.2802888646599,14.5695733597816,1
598,0,17.75,44,14.5695733597816,14.6800288144963,1
598,0,17.75,44,14.6800288144963,14.9024739419993,1
598,0,17.75,44,14.9024739419993,15.1846817862532,1
598,0,17.75,44,15.1846817862532,15.6123674303299,1
598,0,17.75,44,15.6123674303299,16.0568856710966,1
598,0,17.75,44,16.0568856710966,16.1737519444278,1
598,0,17.75,44,16.1737519444278,16.9982908977389,1
598,0,17.75,44,16.9982908977389,17.060426897142,1
598,0,17.75,44,17.060426897142,17.0912200031642,1
598,0,17.75,44,17.0912200031642,17.5831539516964,1
598,0,17.75,44,17.5831539516964,17.6768796843451,1
598,0,17.75,44,17.6768796843451,17.75,0
599,0,13.75,0,0,13.75,0
600,0,15.75,0,0,15.75,0
