"id","xi","Tei","n.rec","start","stop","status"
1,1,17.75,42,0,2.92571043650289,1
1,1,17.75,42,2.92571043650289,6.17100902844108,1
1,1,17.75,42,6.17100902844108,7.66724273219925,1
1,1,17.75,42,7.66724273219925,7.7125827531974,1
1,1,17.75,42,7.7125827531974,7.80775820882897,1
1,1,17.75,42,7.80775820882897,7.97929180219714,1
1,1,17.75,42,7.97929180219714,8.26082754267306,1
1,1,17.75,42,8.26082754267306,8.71401598906767,1
1,1,17.75,42,8.71401598906767,9.3186548452298,1
1,1,17.75,42,9.3186548452298,9.79313965501318,1
1,1,17.75,42,9.79313965501318,10.0634241265589,1
1,1,17.75,42,10.0634241265589,10.4295873094296,1
1,1,17.75,42,10.4295873094296,10.6787168642479,1
1,1,17.75,42,10.6787168642479,10.810757576318,1
1,1,17.75,42,10.810757576318,11.3425548451321,1
1,1,17.75,42,11.3425548451321,11.97900748691,1
1,1,17.75,42,11.97900748691,12.1755219163866,1
1,1,17.75,42,12.1755219163866,12.4275487401211,1
1,1,17.75,42,12.4275487401211,13.3364508603323,1
1,1,17.75,42,13.3364508603323,13.6908672061796,1
1,1,17.75,42,13.6908672061796,13.7229659163482,1
1,1,17.75,42,13.7229659163482,14.2954284396533,1
1,1,17.75,42,14.2954284396533,14.3611015113284,1
1,1,17.75,42,14.3611015113284,14.5892232522988,1
1,1,17.75,42,14.5892232522988,14.8291656614148,1
1,1,17.75,42,14.8291656614148,14.9526817757905,1
1,1,17.75,42,14.9526817757905,15.0063813018943,1
1,1,17.75,42,15.0063813018943,15.1950605839516,1
1,1,17.75,42,15.1950605839516,15.3180678940605,1
1,1,17.75,42,15.3180678940605,15.6213783667858,1
1,1,17.75,42,15.6213783667858,15.7068099566302,1
1,1,17.75,42,15.7068099566302,15.7212159842016,1
1,1,17.75,42,15.7212159842016,15.8139315749497,1
1,1,17.75,42,15.8139315749497,16.3269614165574,1
1,1,17.75,42,16.3269614165574,16.3541895163132,1
1,1,17.75,42,16.3541895163132,16.3925186497795,1
1,1,17.75,42,16.3925186497795,16.504919650224,1
1,1,17.75,42,16.504919650224,16.7563059256502,1
1,1,17.75,42,16.7563059256502,17.0213433672458,1
1,1,17.75,42,17.0213433672458,17.2314346634034,1
1,1,17.75,42,17.2314346634034,17.3601130281913,1
1,1,17.75,42,17.3601130281913,17.4264745924192,1
1,1,17.75,42,17.4264745924192,17.75,0
2,1,11.75,1,0,11.4139846670432,1
2,1,11.75,1,11.4139846670432,11.75,0
3,1,11.75,2,0,0.298671558367378,1
3,1,11.75,2,0.298671558367378,6.16817879343598,1
3,1,11.75,2,6.16817879343598,11.75,0
4,1,17.75,4,0,1.43415257483637,1
4,1,17.75,4,1.43415257483637,2.94262521220077,1
4,1,17.75,4,2.94262521220077,5.89021107884345,1
4,1,17.75,4,5.89021107884345,11.4161957655799,1
4,1,17.75,4,11.4161957655799,17.75,0
5,1,9.75,20,0,3.60712000031511,1
5,1,9.75,20,3.60712000031511,3.97343838104818,1
5,1,9.75,20,3.97343838104818,4.29330404278528,1
5,1,9.75,20,4.29330404278528,4.30296338830221,1
5,1,9.75,20,4.30296338830221,4.9695623757642,1
5,1,9.75,20,4.9695623757642,5.02691596705674,1
5,1,9.75,20,5.02691596705674,5.10766844568795,1
5,1,9.75,20,5.10766844568795,7.16165428962116,1
5,1,9.75,20,7.16165428962116,7.46731184177162,1
5,1,9.75,20,7.46731184177162,7.70818249961469,1
5,1,9.75,20,7.70818249961469,7.93925713638774,1
5,1,9.75,20,7.93925713638774,8.18720473305035,1
5,1,9.75,20,8.18720473305035,8.52732571766761,1
5,1,9.75,20,8.52732571766761,8.57155536440616,1
5,1,9.75,20,8.57155536440616,8.74365034964271,1
5,1,9.75,20,8.74365034964271,8.764393844677,1
5,1,9.75,20,8.764393844677,9.1959326831345,1
5,1,9.75,20,9.1959326831345,9.41197624536335,1
5,1,9.75,20,9.41197624536335,9.48536328097829,1
5,1,9.75,20,9.48536328097829,9.73028154799663,1
5,1,9.75,20,9.73028154799663,9.75,0
6,1,17.75,2,0,3.24994178767834,1
6,1,17.75,2,3.24994178767834,5.9026810812921,1
6,1,17.75,2,5.9026810812921,17.75,0
7,1,17.75,1,0,13.770840752838,1
7,1,17.75,1,13.770840752838,17.75,0
8,1,18.75,2,0,0.00205309063262099,1
8,1,18.75,2,0.00205309063262099,6.90075841471786,1
8,1,18.75,2,6.90075841471786,18.75,0
9,1,15.75,2,0,2.8610136942193,1
9,1,15.75,2,2.8610136942193,3.71015759071794,1
9,1,15.75,2,3.71015759071794,15.75,0
10,1,13.75,1,0,1.2757013700941,1
10,1,13.75,1,1.2757013700941,13.75,0
11,1,12.75,19,0,3.6656653439782,1
11,1,12.75,19,3.6656653439782,4.6759963186367,1
11,1,12.75,19,4.6759963186367,6.79649164724942,1
11,1,12.75,19,6.79649164724942,7.02781317040752,1
11,1,12.75,19,7.02781317040752,7.30401115983302,1
11,1,12.75,19,7.30401115983302,7.4098594291105,1
11,1,12.75,19,7.4098594291105,7.7298078465598,1
11,1,12.75,19,7.7298078465598,8.11840180532868,1
11,1,12.75,19,8.11840180532868,8.9293594811954,1
11,1,12.75,19,8.9293594811954,9.6994594952561,1
11,1,12.75,19,9.6994594952561,9.93208143461089,1
11,1,12.75,19,9.93208143461089,10.5718568544966,1
11,1,12.75,19,10.5718568544966,10.8009660276712,1
11,1,12.75,19,10.8009660276712,11.4167555407837,1
11,1,12.75,19,11.4167555407837,11.4346958217102,1
11,1,12.75,19,11.4346958217102,11.4940379816506,1
11,1,12.75,19,11.4940379816506,11.7161290906883,1
11,1,12.75,19,11.7161290906883,12.0319427883104,1
11,1,12.75,19,12.0319427883104,12.2088804235588,1
11,1,12.75,19,12.2088804235588,12.75,0
12,1,20.75,81,0,5.59454337769575,1
12,1,20.75,81,5.59454337769575,6.33933959867041,1
12,1,20.75,81,6.33933959867041,6.64122509362019,1
12,1,20.75,81,6.64122509362019,6.79642575119145,1
12,1,20.75,81,6.79642575119145,7.09166468856347,1
12,1,20.75,81,7.09166468856347,7.15377721886091,1
12,1,20.75,81,7.15377721886091,7.26773544448086,1
12,1,20.75,81,7.26773544448086,7.42917975846431,1
12,1,20.75,81,7.42917975846431,8.45097321212513,1
12,1,20.75,81,8.45097321212513,8.95222348701761,1
12,1,20.75,81,8.95222348701761,9.23386914588329,1
12,1,20.75,81,9.23386914588329,9.48829736291648,1
12,1,20.75,81,9.48829736291648,9.51638949002287,1
12,1,20.75,81,9.51638949002287,10.2788008765349,1
12,1,20.75,81,10.2788008765349,10.6366165599958,1
12,1,20.75,81,10.6366165599958,11.4754879750261,1
12,1,20.75,81,11.4754879750261,11.5586456163269,1
12,1,20.75,81,11.5586456163269,11.8359247234892,1
12,1,20.75,81,11.8359247234892,11.8863718855882,1
12,1,20.75,81,11.8863718855882,12.4953084156156,1
12,1,20.75,81,12.4953084156156,13.781383408024,1
12,1,20.75,81,13.781383408024,13.9359942940397,1
12,1,20.75,81,13.9359942940397,14.0618974554359,1
12,1,20.75,81,14.0618974554359,14.2103661774021,1
12,1,20.75,81,14.2103661774021,14.2699850812287,1
12,1,20.75,81,14.2699850812287,14.5616564788451,1
12,1,20.75,81,14.5616564788451,14.6631232440809,1
12,1,20.75,81,14.6631232440809,14.9930070676192,1
12,1,20.75,81,14.9930070676192,15.0978803253931,1
12,1,20.75,81,15.0978803253931,15.3099344440974,1
12,1,20.75,81,15.3099344440974,15.5856977274993,1
12,1,20.75,81,15.5856977274993,15.7531629111503,1
12,1,20.75,81,15.7531629111503,15.7916997688013,1
12,1,20.75,81,15.7916997688013,15.8566519948375,1
12,1,20.75,81,15.8566519948375,15.8729267421381,1
12,1,20.75,81,15.8729267421381,15.9085589266591,1
12,1,20.75,81,15.9085589266591,15.9119472352349,1
12,1,20.75,81,15.9119472352349,16.0140652335198,1
12,1,20.75,81,16.0140652335198,16.3830944702321,1
12,1,20.75,81,16.3830944702321,16.574731477678,1
12,1,20.75,81,16.574731477678,16.6187338923692,1
12,1,20.75,81,16.6187338923692,16.7371441956269,1
12,1,20.75,81,16.7371441956269,16.8012912602542,1
12,1,20.75,81,16.8012912602542,16.8055905047507,1
12,1,20.75,81,16.8055905047507,16.9070120136814,1
12,1,20.75,81,16.9070120136814,17.0202152121363,1
12,1,20.75,81,17.0202152121363,17.0861878425673,1
12,1,20.75,81,17.0861878425673,17.0919862410939,1
12,1,20.75,81,17.0919862410939,17.2255632632383,1
12,1,20.75,81,17.2255632632383,17.3563209197313,1
12,1,20.75,81,17.3563209197313,17.6748828622415,1
12,1,20.75,81,17.6748828622415,17.7428951168122,1
12,1,20.75,81,17.7428951168122,17.7733292287079,1
12,1,20.75,81,17.7733292287079,17.8348530361722,1
12,1,20.75,81,17.8348530361722,18.0204882261298,1
12,1,20.75,81,18.0204882261298,18.1380456887046,1
12,1,20.75,81,18.1380456887046,18.2734941904628,1
12,1,20.75,81,18.2734941904628,18.8077064007034,1
12,1,20.75,81,18.8077064007034,18.8523993206776,1
12,1,20.75,81,18.8523993206776,18.8622504157456,1
12,1,20.75,81,18.8622504157456,18.9140404677138,1
12,1,20.75,81,18.9140404677138,18.9868921981167,1
12,1,20.75,81,18.9868921981167,19.2562328853112,1
12,1,20.75,81,19.2562328853112,19.3219871577856,1
12,1,20.75,81,19.3219871577856,19.3396755604522,1
12,1,20.75,81,19.3396755604522,19.428921655792,1
12,1,20.75,81,19.428921655792,19.4717516170281,1
12,1,20.75,81,19.4717516170281,19.6130110135439,1
12,1,20.75,81,19.6130110135439,19.6977201074162,1
12,1,20.75,81,19.6977201074162,19.7581355554001,1
12,1,20.75,81,19.7581355554001,19.9457436106386,1
12,1,20.75,81,19.9457436106386,19.9541978562924,1
12,1,20.75,81,19.9541978562924,19.9774389468687,1
12,1,20.75,81,19.9774389468687,20.0005689776481,1
12,1,20.75,81,20.0005689776481,20.0396150848706,1
12,1,20.75,81,20.0396150848706,20.332205790109,1
12,1,20.75,81,20.332205790109,20.3556792673919,1
12,1,20.75,81,20.3556792673919,20.3975480770224,1
12,1,20.75,81,20.3975480770224,20.6236996005615,1
12,1,20.75,81,20.6236996005615,20.6452750775085,1
12,1,20.75,81,20.6452750775085,20.7176802804634,1
12,1,20.75,81,20.7176802804634,20.75,0
13,1,10.75,9,0,3.17644463827522,1
13,1,10.75,9,3.17644463827522,4.24400079818366,1
13,1,10.75,9,4.24400079818366,6.28911405002888,1
13,1,10.75,9,6.28911405002888,7.05989309346822,1
13,1,10.75,9,7.05989309346822,7.30759903061751,1
13,1,10.75,9,7.30759903061751,7.33953796668828,1
13,1,10.75,9,7.33953796668828,8.87087434149795,1
13,1,10.75,9,8.87087434149795,10.1756767543672,1
13,1,10.75,9,10.1756767543672,10.6718867182149,1
13,1,10.75,9,10.6718867182149,10.75,0
14,1,18.75,3,0,0.1659275152955,1
14,1,18.75,3,0.1659275152955,1.78112946111565,1
14,1,18.75,3,1.78112946111565,9.36952334392237,1
14,1,18.75,3,9.36952334392237,18.75,0
15,1,15.75,36,0,2.36440439334496,1
15,1,15.75,36,2.36440439334496,5.4365018081564,1
15,1,15.75,36,5.4365018081564,5.48852395686511,1
15,1,15.75,36,5.48852395686511,6.05427505362306,1
15,1,15.75,36,6.05427505362306,7.8190492322488,1
15,1,15.75,36,7.8190492322488,8.47129878006426,1
15,1,15.75,36,8.47129878006426,8.48582078755009,1
15,1,15.75,36,8.48582078755009,8.65481547245082,1
15,1,15.75,36,8.65481547245082,8.99423254693398,1
15,1,15.75,36,8.99423254693398,9.35721432292531,1
15,1,15.75,36,9.35721432292531,9.4284496430359,1
15,1,15.75,36,9.4284496430359,9.48526967333591,1
15,1,15.75,36,9.48526967333591,10.3550476810148,1
15,1,15.75,36,10.3550476810148,10.5236309876292,1
15,1,15.75,36,10.5236309876292,10.6042472916271,1
15,1,15.75,36,10.6042472916271,10.9527692902609,1
15,1,15.75,36,10.9527692902609,11.2622394660929,1
15,1,15.75,36,11.2622394660929,11.3081114307481,1
15,1,15.75,36,11.3081114307481,11.327978003845,1
15,1,15.75,36,11.327978003845,11.566769743271,1
15,1,15.75,36,11.566769743271,11.957139229615,1
15,1,15.75,36,11.957139229615,12.1298998853391,1
15,1,15.75,36,12.1298998853391,12.5592934363458,1
15,1,15.75,36,12.5592934363458,12.8874732983358,1
15,1,15.75,36,12.8874732983358,13.2688136129658,1
15,1,15.75,36,13.2688136129658,13.4348349706419,1
15,1,15.75,36,13.4348349706419,13.5577421174266,1
15,1,15.75,36,13.5577421174266,14.0604983289347,1
15,1,15.75,36,14.0604983289347,14.1033353008697,1
15,1,15.75,36,14.1033353008697,14.1527804214392,1
15,1,15.75,36,14.1527804214392,14.2189404693297,1
15,1,15.75,36,14.2189404693297,14.7137133582743,1
15,1,15.75,36,14.7137133582743,15.2302731697208,1
15,1,15.75,36,15.2302731697208,15.4798570961313,1
15,1,15.75,36,15.4798570961313,15.535717808885,1
15,1,15.75,36,15.535717808885,15.7490452668342,1
15,1,15.75,36,15.7490452668342,15.75,0
16,1,10.75,1,0,0.603009191442725,1
16,1,10.75,1,0.603009191442725,10.75,0
17,1,20.75,1,0,18.2907528945266,1
17,1,20.75,1,18.2907528945266,20.75,0
18,1,15.75,29,0,1.17637399216077,1
18,1,15.75,29,1.17637399216077,3.16331876586113,1
18,1,15.75,29,3.16331876586113,6.4104200534283,1
18,1,15.75,29,6.4104200534283,8.55655558514323,1
18,1,15.75,29,8.55655558514323,8.96764663350341,1
18,1,15.75,29,8.96764663350341,9.15762852954438,1
18,1,15.75,29,9.15762852954438,9.4248378177701,1
18,1,15.75,29,9.4248378177701,9.6486837843916,1
18,1,15.75,29,9.6486837843916,9.67417763983618,1
18,1,15.75,29,9.67417763983618,9.73062287018445,1
18,1,15.75,29,9.73062287018445,9.97876660461001,1
18,1,15.75,29,9.97876660461001,10.0528258954312,1
18,1,15.75,29,10.0528258954312,10.8670472129446,1
18,1,15.75,29,10.8670472129446,12.5992635379866,1
18,1,15.75,29,12.5992635379866,12.6674779760683,1
18,1,15.75,29,12.6674779760683,12.853000201365,1
18,1,15.75,29,12.853000201365,12.9074884102637,1
18,1,15.75,29,12.9074884102637,13.5735947657803,1
18,1,15.75,29,13.5735947657803,14.3101062620787,1
18,1,15.75,29,14.3101062620787,14.5333173866055,1
18,1,15.75,29,14.5333173866055,14.6293522275371,1
18,1,15.75,29,14.6293522275371,14.8443369887931,1
18,1,15.75,29,14.8443369887931,14.9544315008585,1
18,1,15.75,29,14.9544315008585,15.3429547282121,1
18,1,15.75,29,15.3429547282121,15.3579223143022,1
18,1,15.75,29,15.3579223143022,15.3688974646016,1
18,1,15.75,29,15.3688974646016,15.38514341449,1
18,1,15.75,29,15.38514341449,15.4173974785428,1
18,1,15.75,29,15.4173974785428,15.4882858772184,1
18,1,15.75,29,15.4882858772184,15.75,0
19,1,11.75,2,0,0.0949702271804337,1
19,1,11.75,2,0.0949702271804337,3.16488480815563,1
19,1,11.75,2,3.16488480815563,11.75,0
20,1,13.75,0,0,13.75,0
21,1,14.75,1,0,4.94786170310074,1
21,1,14.75,1,4.94786170310074,14.75,0
22,1,14.75,28,0,3.1208567964496,1
22,1,14.75,28,3.1208567964496,5.10981132433042,1
22,1,14.75,28,5.10981132433042,5.31245903736403,1
22,1,14.75,28,5.31245903736403,5.84274102813647,1
22,1,14.75,28,5.84274102813647,6.3471989131893,1
22,1,14.75,28,6.3471989131893,8.75489944285327,1
22,1,14.75,28,8.75489944285327,8.79945305422605,1
22,1,14.75,28,8.79945305422605,9.03801555574415,1
22,1,14.75,28,9.03801555574415,9.8196747283774,1
22,1,14.75,28,9.8196747283774,9.95311760512212,1
22,1,14.75,28,9.95311760512212,10.1045120991591,1
22,1,14.75,28,10.1045120991591,10.7111825583992,1
22,1,14.75,28,10.7111825583992,11.2602583736075,1
22,1,14.75,28,11.2602583736075,11.5590634733153,1
22,1,14.75,28,11.5590634733153,12.0309584586119,1
22,1,14.75,28,12.0309584586119,12.0516980607593,1
22,1,14.75,28,12.0516980607593,12.4939640582479,1
22,1,14.75,28,12.4939640582479,12.8230109305213,1
22,1,14.75,28,12.8230109305213,12.9058081074171,1
22,1,14.75,28,12.9058081074171,13.1651045989374,1
22,1,14.75,28,13.1651045989374,13.4297373626738,1
22,1,14.75,28,13.4297373626738,13.6498675000794,1
22,1,14.75,28,13.6498675000794,13.6868296178759,1
22,1,14.75,28,13.6868296178759,13.9778912830225,1
22,1,14.75,28,13.9778912830225,14.0650075151613,1
22,1,14.75,28,14.0650075151613,14.3463414375285,1
22,1,14.75,28,14.3463414375285,14.3509898973208,1
22,1,14.75,28,14.3509898973208,14.5713277115751,1
22,1,14.75,28,14.5713277115751,14.75,0
23,1,14.75,31,0,3.3897642824329,1
23,1,14.75,31,3.3897642824329,6.75432307103946,1
23,1,14.75,31,6.75432307103946,7.6850568317456,1
23,1,14.75,31,7.6850568317456,8.21754627118602,1
23,1,14.75,31,8.21754627118602,8.89726829378936,1
23,1,14.75,31,8.89726829378936,9.62447005275094,1
23,1,14.75,31,9.62447005275094,9.67994397639706,1
23,1,14.75,31,9.67994397639706,9.87373167478113,1
23,1,14.75,31,9.87373167478113,9.97565058465642,1
23,1,14.75,31,9.97565058465642,10.0585016006382,1
23,1,14.75,31,10.0585016006382,10.2715812772724,1
23,1,14.75,31,10.2715812772724,10.5017502921362,1
23,1,14.75,31,10.5017502921362,11.2201681534551,1
23,1,14.75,31,11.2201681534551,11.3890087160356,1
23,1,14.75,31,11.3890087160356,11.536656316625,1
23,1,14.75,31,11.536656316625,11.7224619584593,1
23,1,14.75,31,11.7224619584593,11.9449597566804,1
23,1,14.75,31,11.9449597566804,12.0810094367516,1
23,1,14.75,31,12.0810094367516,12.5027585130555,1
23,1,14.75,31,12.5027585130555,12.545843422542,1
23,1,14.75,31,12.545843422542,12.5764355622945,1
23,1,14.75,31,12.5764355622945,12.8477505801385,1
23,1,14.75,31,12.8477505801385,13.1065708190866,1
23,1,14.75,31,13.1065708190866,13.1460598383334,1
23,1,14.75,31,13.1460598383334,13.2679791996874,1
23,1,14.75,31,13.2679791996874,13.4327624211606,1
23,1,14.75,31,13.4327624211606,14.0832754612218,1
23,1,14.75,31,14.0832754612218,14.2923819397755,1
23,1,14.75,31,14.2923819397755,14.3954675343355,1
23,1,14.75,31,14.3954675343355,14.5871895968693,1
23,1,14.75,31,14.5871895968693,14.6064140677143,1
23,1,14.75,31,14.6064140677143,14.75,0
24,1,15.75,1,0,0.267987549393889,1
24,1,15.75,1,0.267987549393889,15.75,0
25,1,9.75,2,0,4.12203155469002,1
25,1,9.75,2,4.12203155469002,4.76628517661439,1
25,1,9.75,2,4.76628517661439,9.75,0
26,1,15.75,0,0,15.75,0
27,1,13.75,23,0,1.84061564536624,1
27,1,13.75,23,1.84061564536624,3.92607532245726,1
27,1,13.75,23,3.92607532245726,5.78470435543107,1
27,1,13.75,23,5.78470435543107,7.60329707351665,1
27,1,13.75,23,7.60329707351665,8.67597192867095,1
27,1,13.75,23,8.67597192867095,8.92592833693462,1
27,1,13.75,23,8.92592833693462,8.98301170306247,1
27,1,13.75,23,8.98301170306247,9.2559158027276,1
27,1,13.75,23,9.2559158027276,9.74356333355958,1
27,1,13.75,23,9.74356333355958,9.98577096858674,1
27,1,13.75,23,9.98577096858674,11.0391930052034,1
27,1,13.75,23,11.0391930052034,11.1115947946789,1
27,1,13.75,23,11.1115947946789,11.2063982268277,1
27,1,13.75,23,11.2063982268277,12.0368216740046,1
27,1,13.75,23,12.0368216740046,12.6116390786274,1
27,1,13.75,23,12.6116390786274,12.9297792894911,1
27,1,13.75,23,12.9297792894911,13.0235329867082,1
27,1,13.75,23,13.0235329867082,13.0990545978591,1
27,1,13.75,23,13.0990545978591,13.3057834277791,1
27,1,13.75,23,13.3057834277791,13.4983970082492,1
27,1,13.75,23,13.4983970082492,13.5216970713752,1
27,1,13.75,23,13.5216970713752,13.5761845676423,1
27,1,13.75,23,13.5761845676423,13.6185630564734,1
27,1,13.75,23,13.6185630564734,13.75,0
28,1,19.75,5,0,0.535815280235724,1
28,1,19.75,5,0.535815280235724,0.961228734625685,1
28,1,19.75,5,0.961228734625685,6.41118764344415,1
28,1,19.75,5,6.41118764344415,6.66185845251809,1
28,1,19.75,5,6.66185845251809,9.88920424647986,1
28,1,19.75,5,9.88920424647986,19.75,0
29,1,13.75,25,0,2.35974414236503,1
29,1,13.75,25,2.35974414236503,4.52582583906162,1
29,1,13.75,25,4.52582583906162,4.95418840569709,1
29,1,13.75,25,4.95418840569709,6.17218821324187,1
29,1,13.75,25,6.17218821324187,6.20424588554671,1
29,1,13.75,25,6.20424588554671,6.36825365647782,1
29,1,13.75,25,6.36825365647782,8.66834095693825,1
29,1,13.75,25,8.66834095693825,8.67442268521193,1
29,1,13.75,25,8.67442268521193,8.67543690587805,1
29,1,13.75,25,8.67543690587805,8.68002087363078,1
29,1,13.75,25,8.68002087363078,9.09338781503241,1
29,1,13.75,25,9.09338781503241,10.0585266497003,1
29,1,13.75,25,10.0585266497003,10.3664087719692,1
29,1,13.75,25,10.3664087719692,10.5377743167348,1
29,1,13.75,25,10.5377743167348,10.5736656272385,1
29,1,13.75,25,10.5736656272385,10.7402095280476,1
29,1,13.75,25,10.7402095280476,10.8961641395259,1
29,1,13.75,25,10.8961641395259,11.1383563705861,1
29,1,13.75,25,11.1383563705861,11.149904385597,1
29,1,13.75,25,11.149904385597,11.3533736028596,1
29,1,13.75,25,11.3533736028596,11.3829714831183,1
29,1,13.75,25,11.3829714831183,11.6772547776665,1
29,1,13.75,25,11.6772547776665,11.7239531898225,1
29,1,13.75,25,11.7239531898225,12.3798610929848,1
29,1,13.75,25,12.3798610929848,12.6989609570814,1
29,1,13.75,25,12.6989609570814,13.75,0
30,1,8.75,2,0,0.0367563309729333,1
30,1,8.75,2,0.0367563309729333,0.651933092796751,1
30,1,8.75,2,0.651933092796751,8.75,0
31,1,20.75,1,0,12.015468946265,1
31,1,20.75,1,12.015468946265,20.75,0
32,1,15.75,38,0,5.52510912339286,1
32,1,15.75,38,5.52510912339286,6.45761525675032,1
32,1,15.75,38,6.45761525675032,6.59178268179599,1
32,1,15.75,38,6.59178268179599,9.26255780670105,1
32,1,15.75,38,9.26255780670105,9.5250029381085,1
32,1,15.75,38,9.5250029381085,9.78021223965005,1
32,1,15.75,38,9.78021223965005,9.96638468960907,1
32,1,15.75,38,9.96638468960907,10.2357646749127,1
32,1,15.75,38,10.2357646749127,10.2818194066405,1
32,1,15.75,38,10.2818194066405,10.5958606679213,1
32,1,15.75,38,10.5958606679213,10.8948440888868,1
32,1,15.75,38,10.8948440888868,11.1167762712764,1
32,1,15.75,38,11.1167762712764,11.512437437615,1
32,1,15.75,38,11.512437437615,11.5179861788322,1
32,1,15.75,38,11.5179861788322,11.6775896557808,1
32,1,15.75,38,11.6775896557808,11.7094187935534,1
32,1,15.75,38,11.7094187935534,11.7413246368616,1
32,1,15.75,38,11.7413246368616,12.136743082516,1
32,1,15.75,38,12.136743082516,12.2296284834127,1
32,1,15.75,38,12.2296284834127,12.6808536277647,1
32,1,15.75,38,12.6808536277647,12.7627444286492,1
32,1,15.75,38,12.7627444286492,13.3946500562484,1
32,1,15.75,38,13.3946500562484,13.4005137299786,1
32,1,15.75,38,13.4005137299786,13.4395682141311,1
32,1,15.75,38,13.4395682141311,13.8468684998003,1
32,1,15.75,38,13.8468684998003,13.8988419341263,1
32,1,15.75,38,13.8988419341263,14.5050640526911,1
32,1,15.75,38,14.5050640526911,14.6113791914996,1
32,1,15.75,38,14.6113791914996,14.6914615449985,1
32,1,15.75,38,14.6914615449985,14.8801395624957,1
32,1,15.75,38,14.8801395624957,14.9043739369386,1
32,1,15.75,38,14.9043739369386,14.969667460235,1
32,1,15.75,38,14.969667460235,15.1126186068165,1
32,1,15.75,38,15.1126186068165,15.2628167462729,1
32,1,15.75,38,15.2628167462729,15.3585639582128,1
32,1,15.75,38,15.3585639582128,15.5050296431817,1
32,1,15.75,38,15.5050296431817,15.5270878685264,1
32,1,15.75,38,15.5270878685264,15.5333568899728,1
32,1,15.75,38,15.5333568899728,15.75,0
33,1,10.75,15,0,2.26099868614312,1
33,1,10.75,15,2.26099868614312,5.28595039982073,1
33,1,10.75,15,5.28595039982073,5.35441433878925,1
33,1,10.75,15,5.35441433878925,5.60298048778989,1
33,1,10.75,15,5.60298048778989,6.22172587478092,1
33,1,10.75,15,6.22172587478092,6.40718140719245,1
33,1,10.75,15,6.40718140719245,6.68386628175738,1
33,1,10.75,15,6.68386628175738,6.82316061351562,1
33,1,10.75,15,6.82316061351562,8.62188055873877,1
33,1,10.75,15,8.62188055873877,8.89554446900121,1
33,1,10.75,15,8.89554446900121,8.97316157369178,1
33,1,10.75,15,8.97316157369178,9.1994848182879,1
33,1,10.75,15,9.1994848182879,10.2844670948348,1
33,1,10.75,15,10.2844670948348,10.391041243357,1
33,1,10.75,15,10.391041243357,10.4719317834167,1
33,1,10.75,15,10.4719317834167,10.75,0
34,1,14.75,41,0,4.38368866732416,1
34,1,14.75,41,4.38368866732416,4.93546541940713,1
34,1,14.75,41,4.93546541940713,5.42521426227207,1
34,1,14.75,41,5.42521426227207,6.60733710426527,1
34,1,14.75,41,6.60733710426527,7.4433185375221,1
34,1,14.75,41,7.4433185375221,8.31478283237434,1
34,1,14.75,41,8.31478283237434,8.4446497760735,1
34,1,14.75,41,8.4446497760735,8.73264345491561,1
34,1,14.75,41,8.73264345491561,8.83825592811944,1
34,1,14.75,41,8.83825592811944,8.86227537791503,1
34,1,14.75,41,8.86227537791503,9.41358856267147,1
34,1,14.75,41,9.41358856267147,9.50251588458537,1
34,1,14.75,41,9.50251588458537,9.63223345624425,1
34,1,14.75,41,9.63223345624425,9.67869108017234,1
34,1,14.75,41,9.67869108017234,9.69903239573976,1
34,1,14.75,41,9.69903239573976,10.071994272627,1
34,1,14.75,41,10.071994272627,10.8215330834306,1
34,1,14.75,41,10.8215330834306,10.9997613237823,1
34,1,14.75,41,10.9997613237823,11.1019200926478,1
34,1,14.75,41,11.1019200926478,11.1563138699748,1
34,1,14.75,41,11.1563138699748,11.1995078941217,1
34,1,14.75,41,11.1995078941217,11.2280384608004,1
34,1,14.75,41,11.2280384608004,11.518719116764,1
34,1,14.75,41,11.518719116764,11.7097964545648,1
34,1,14.75,41,11.7097964545648,12.2748616040549,1
34,1,14.75,41,12.2748616040549,12.6927789070682,1
34,1,14.75,41,12.6927789070682,12.7708060117294,1
34,1,14.75,41,12.7708060117294,12.866369055445,1
34,1,14.75,41,12.866369055445,12.901860433498,1
34,1,14.75,41,12.901860433498,12.9978372977432,1
34,1,14.75,41,12.9978372977432,13.2702388347698,1
34,1,14.75,41,13.2702388347698,13.6319579529657,1
34,1,14.75,41,13.6319579529657,14.0197516762026,1
34,1,14.75,41,14.0197516762026,14.0271223342707,1
34,1,14.75,41,14.0271223342707,14.1333387183589,1
34,1,14.75,41,14.1333387183589,14.2566405382597,1
34,1,14.75,41,14.2566405382597,14.4588255334474,1
34,1,14.75,41,14.4588255334474,14.6087476684567,1
34,1,14.75,41,14.6087476684567,14.6646413185449,1
34,1,14.75,41,14.6646413185449,14.685345043697,1
34,1,14.75,41,14.685345043697,14.6937124982929,1
34,1,14.75,41,14.6937124982929,14.75,0
35,1,12.75,1,0,6.02772951216688,1
35,1,12.75,1,6.02772951216688,12.75,0
36,1,11.75,3,0,0.0740975414882306,1
36,1,11.75,3,0.0740975414882306,0.224820234504095,1
36,1,11.75,3,0.224820234504095,0.683248963412295,1
36,1,11.75,3,0.683248963412295,11.75,0
37,1,8.75,0,0,8.75,0
38,1,10.75,4,0,2.92673633122715,1
38,1,10.75,4,2.92673633122715,4.09678713074827,1
38,1,10.75,4,4.09678713074827,4.21064719446929,1
38,1,10.75,4,4.21064719446929,7.06207712006939,1
38,1,10.75,4,7.06207712006939,10.75,0
39,1,10.75,2,0,0.646971869695544,1
39,1,10.75,2,0.646971869695544,5.78216614363591,1
39,1,10.75,2,5.78216614363591,10.75,0
40,1,15.75,1,0,0.00502078011859216,1
40,1,15.75,1,0.00502078011859216,15.75,0
41,1,12.75,1,0,4.18251670627409,1
41,1,12.75,1,4.18251670627409,12.75,0
42,1,19.75,1,0,0.41054678414859,1
42,1,19.75,1,0.41054678414859,19.75,0
43,1,17.75,2,0,0.0190696127648225,1
43,1,17.75,2,0.0190696127648225,3.68274904938779,1
43,1,17.75,2,3.68274904938779,17.75,0
44,1,14.75,1,0,0.938605309936723,1
44,1,14.75,1,0.938605309936723,14.75,0
45,1,19.75,2,0,0.416146077846748,1
45,1,19.75,2,0.416146077846748,0.735113317193658,1
45,1,19.75,2,0.735113317193658,19.75,0
46,1,16.75,46,0,3.08698102247146,1
46,1,16.75,46,3.08698102247146,3.09178072130421,1
46,1,16.75,46,3.09178072130421,3.39274590994723,1
46,1,16.75,46,3.39274590994723,6.3625372835983,1
46,1,16.75,46,6.3625372835983,6.42693838401139,1
46,1,16.75,46,6.42693838401139,6.59157704377338,1
46,1,16.75,46,6.59157704377338,6.80698116341316,1
46,1,16.75,46,6.80698116341316,6.8247922613505,1
46,1,16.75,46,6.8247922613505,7.33016326906585,1
46,1,16.75,46,7.33016326906585,8.21384200179921,1
46,1,16.75,46,8.21384200179921,8.21901526677111,1
46,1,16.75,46,8.21901526677111,8.63551108009846,1
46,1,16.75,46,8.63551108009846,8.90600471122467,1
46,1,16.75,46,8.90600471122467,9.32040545349434,1
46,1,16.75,46,9.32040545349434,9.42655621310633,1
46,1,16.75,46,9.42655621310633,9.67962906533443,1
46,1,16.75,46,9.67962906533443,9.74379022615837,1
46,1,16.75,46,9.74379022615837,9.80075834505899,1
46,1,16.75,46,9.80075834505899,9.89892601510892,1
46,1,16.75,46,9.89892601510892,10.1146369626401,1
46,1,16.75,46,10.1146369626401,10.5843862019493,1
46,1,16.75,46,10.5843862019493,10.6175671121787,1
46,1,16.75,46,10.6175671121787,10.7427352454528,1
46,1,16.75,46,10.7427352454528,11.2120254687044,1
46,1,16.75,46,11.2120254687044,11.3448413442388,1
46,1,16.75,46,11.3448413442388,12.3609486604458,1
46,1,16.75,46,12.3609486604458,12.4413237665945,1
46,1,16.75,46,12.4413237665945,12.9060320437929,1
46,1,16.75,46,12.9060320437929,13.6447941285703,1
46,1,16.75,46,13.6447941285703,14.1231341663134,1
46,1,16.75,46,14.1231341663134,14.1339127506487,1
46,1,16.75,46,14.1339127506487,14.3181319370296,1
46,1,16.75,46,14.3181319370296,14.322409362468,1
46,1,16.75,46,14.322409362468,14.4923316465366,1
46,1,16.75,46,14.4923316465366,14.9433249404784,1
46,1,16.75,46,14.9433249404784,14.9975171863581,1
46,1,16.75,46,14.9975171863581,15.043226869792,1
46,1,16.75,46,15.043226869792,15.149414980261,1
46,1,16.75,46,15.149414980261,15.3794339366896,1
46,1,16.75,46,15.3794339366896,15.4663106853932,1
46,1,16.75,46,15.4663106853932,15.8157840495555,1
46,1,16.75,46,15.8157840495555,15.8416535806201,1
46,1,16.75,46,15.8416535806201,16.1758257275734,1
46,1,16.75,46,16.1758257275734,16.2555119880861,1
46,1,16.75,46,16.2555119880861,16.3759462147115,1
46,1,16.75,46,16.3759462147115,16.4498958891881,1
46,1,16.75,46,16.4498958891881,16.75,0
47,1,10.75,3,0,1.53059920261556,1
47,1,10.75,3,1.53059920261556,3.26077025568169,1
47,1,10.75,3,3.26077025568169,10.745768708675,1
47,1,10.75,3,10.745768708675,10.75,0
48,1,20.75,1,0,3.32504360472826,1
48,1,20.75,1,3.32504360472826,20.75,0
49,1,11.75,2,0,7.34359473790608,1
49,1,11.75,2,7.34359473790608,8.50695712319257,1
49,1,11.75,2,8.50695712319257,11.75,0
50,1,19.75,2,0,5.99823065683763,1
50,1,19.75,2,5.99823065683763,16.7192043912526,1
50,1,19.75,2,16.7192043912526,19.75,0
51,1,8.75,2,0,0.201016873566376,1
51,1,8.75,2,0.201016873566376,7.21007870426925,1
51,1,8.75,2,7.21007870426925,8.75,0
52,1,13.75,1,0,3.79956533017237,1
52,1,13.75,1,3.79956533017237,13.75,0
53,1,15.75,26,0,2.85141796157825,1
53,1,15.75,26,2.85141796157825,5.89795930432353,1
53,1,15.75,26,5.89795930432353,8.15362155582426,1
53,1,15.75,26,8.15362155582426,8.33553197166319,1
53,1,15.75,26,8.33553197166319,8.34269719802274,1
53,1,15.75,26,8.34269719802274,9.81610257609924,1
53,1,15.75,26,9.81610257609924,10.0924240238971,1
53,1,15.75,26,10.0924240238971,11.2991148033177,1
53,1,15.75,26,11.2991148033177,11.3261062983786,1
53,1,15.75,26,11.3261062983786,11.8016581005392,1
53,1,15.75,26,11.8016581005392,12.0115487654511,1
53,1,15.75,26,12.0115487654511,12.1011072166189,1
53,1,15.75,26,12.1011072166189,12.1035579862714,1
53,1,15.75,26,12.1035579862714,12.5156756604891,1
53,1,15.75,26,12.5156756604891,12.5395317433685,1
53,1,15.75,26,12.5395317433685,13.063284607799,1
53,1,15.75,26,13.063284607799,13.3138427796986,1
53,1,15.75,26,13.3138427796986,13.5426738726331,1
53,1,15.75,26,13.5426738726331,13.601749249114,1
53,1,15.75,26,13.601749249114,13.681228089252,1
53,1,15.75,26,13.681228089252,14.4145017474154,1
53,1,15.75,26,14.4145017474154,14.655517578877,1
53,1,15.75,26,14.655517578877,14.8055974687892,1
53,1,15.75,26,14.8055974687892,14.8453776065762,1
53,1,15.75,26,14.8453776065762,14.8644430447137,1
53,1,15.75,26,14.8644430447137,15.2418011959643,1
53,1,15.75,26,15.2418011959643,15.75,0
54,1,12.75,3,0,1.70118777794819,1
54,1,12.75,3,1.70118777794819,5.95173736321739,1
54,1,12.75,3,5.95173736321739,9.65679867174897,1
54,1,12.75,3,9.65679867174897,12.75,0
55,1,14.75,35,0,4.10760218818692,1
55,1,14.75,35,4.10760218818692,4.23993110398882,1
55,1,14.75,35,4.23993110398882,5.72031089884615,1
55,1,14.75,35,5.72031089884615,6.34028971848816,1
55,1,14.75,35,6.34028971848816,7.45756332934922,1
55,1,14.75,35,7.45756332934922,8.11429563468862,1
55,1,14.75,35,8.11429563468862,8.86891924925051,1
55,1,14.75,35,8.86891924925051,9.03797232661789,1
55,1,14.75,35,9.03797232661789,9.21318329567364,1
55,1,14.75,35,9.21318329567364,9.62619879118567,1
55,1,14.75,35,9.62619879118567,10.1506451158857,1
55,1,14.75,35,10.1506451158857,10.6027047818587,1
55,1,14.75,35,10.6027047818587,11.2060054094955,1
55,1,14.75,35,11.2060054094955,11.2680026213468,1
55,1,14.75,35,11.2680026213468,11.3171435852256,1
55,1,14.75,35,11.3171435852256,11.3841641888755,1
55,1,14.75,35,11.3841641888755,11.3903723149583,1
55,1,14.75,35,11.3903723149583,11.4097056570724,1
55,1,14.75,35,11.4097056570724,11.5382026274824,1
55,1,14.75,35,11.5382026274824,11.5950788380747,1
55,1,14.75,35,11.5950788380747,11.6511559223725,1
55,1,14.75,35,11.6511559223725,11.8498651328407,1
55,1,14.75,35,11.8498651328407,11.8525625663794,1
55,1,14.75,35,11.8525625663794,11.9592712997938,1
55,1,14.75,35,11.9592712997938,12.1144031156571,1
55,1,14.75,35,12.1144031156571,12.3364703036718,1
55,1,14.75,35,12.3364703036718,12.4528466779799,1
55,1,14.75,35,12.4528466779799,13.0137233819813,1
55,1,14.75,35,13.0137233819813,13.1572474189147,1
55,1,14.75,35,13.1572474189147,13.2366340717087,1
55,1,14.75,35,13.2366340717087,13.7951482628276,1
55,1,14.75,35,13.7951482628276,13.8076764906234,1
55,1,14.75,35,13.8076764906234,14.2944439944643,1
55,1,14.75,35,14.2944439944643,14.5438178476004,1
55,1,14.75,35,14.5438178476004,14.696756090618,1
55,1,14.75,35,14.696756090618,14.75,0
56,1,15.75,3,0,7.32596853894988,1
56,1,15.75,3,7.32596853894988,10.5662103000049,1
56,1,15.75,3,10.5662103000049,10.9918042619839,1
56,1,15.75,3,10.9918042619839,15.75,0
57,1,14.75,3,0,1.60524945031589,1
57,1,14.75,3,1.60524945031589,2.11085032879455,1
57,1,14.75,3,2.11085032879455,3.43136328066964,1
57,1,14.75,3,3.43136328066964,14.75,0
58,1,18.75,3,0,0.227897141917717,1
58,1,18.75,3,0.227897141917717,1.56296278607713,1
58,1,18.75,3,1.56296278607713,1.56589113774672,1
58,1,18.75,3,1.56589113774672,18.75,0
59,1,19.75,61,0,3.28889061709166,1
59,1,19.75,61,3.28889061709166,3.40988715746449,1
59,1,19.75,61,3.40988715746449,4.32787732897449,1
59,1,19.75,61,4.32787732897449,5.48166706487251,1
59,1,19.75,61,5.48166706487251,5.9215365414271,1
59,1,19.75,61,5.9215365414271,7.43686602576201,1
59,1,19.75,61,7.43686602576201,8.0378756260232,1
59,1,19.75,61,8.0378756260232,9.3472806129493,1
59,1,19.75,61,9.3472806129493,9.89847371720897,1
59,1,19.75,61,9.89847371720897,9.96395302348053,1
59,1,19.75,61,9.96395302348053,10.3634960975756,1
59,1,19.75,61,10.3634960975756,10.5425023704083,1
59,1,19.75,61,10.5425023704083,10.6211330091214,1
59,1,19.75,61,10.6211330091214,11.0451161598747,1
59,1,19.75,61,11.0451161598747,11.4693249768578,1
59,1,19.75,61,11.4693249768578,11.5460438506706,1
59,1,19.75,61,11.5460438506706,11.8860401204734,1
59,1,19.75,61,11.8860401204734,12.0036809555055,1
59,1,19.75,61,12.0036809555055,12.4369749158118,1
59,1,19.75,61,12.4369749158118,12.4807809743929,1
59,1,19.75,61,12.4807809743929,12.589731760146,1
59,1,19.75,61,12.589731760146,12.6517642662007,1
59,1,19.75,61,12.6517642662007,13.1531425140591,1
59,1,19.75,61,13.1531425140591,13.1548833456952,1
59,1,19.75,61,13.1548833456952,13.240313608484,1
59,1,19.75,61,13.240313608484,13.2430163681447,1
59,1,19.75,61,13.2430163681447,13.3571364828386,1
59,1,19.75,61,13.3571364828386,13.4385916940371,1
59,1,19.75,61,13.4385916940371,13.6485052560788,1
59,1,19.75,61,13.6485052560788,14.3646079716498,1
59,1,19.75,61,14.3646079716498,14.6893522806497,1
59,1,19.75,61,14.6893522806497,15.0093752750016,1
59,1,19.75,61,15.0093752750016,15.0446001100161,1
59,1,19.75,61,15.0446001100161,15.0963774908071,1
59,1,19.75,61,15.0963774908071,15.3212749111743,1
59,1,19.75,61,15.3212749111743,15.3422926979212,1
59,1,19.75,61,15.3422926979212,15.5368773230066,1
59,1,19.75,61,15.5368773230066,15.7809365338748,1
59,1,19.75,61,15.7809365338748,16.1770570127558,1
59,1,19.75,61,16.1770570127558,16.412879708306,1
59,1,19.75,61,16.412879708306,16.880632054984,1
59,1,19.75,61,16.880632054984,17.419706983676,1
59,1,19.75,61,17.419706983676,17.4579227296546,1
59,1,19.75,61,17.4579227296546,17.8219413848096,1
59,1,19.75,61,17.8219413848096,17.9821829296164,1
59,1,19.75,61,17.9821829296164,18.0827923739071,1
59,1,19.75,61,18.0827923739071,18.1804698104841,1
59,1,19.75,61,18.1804698104841,18.3227423912659,1
59,1,19.75,61,18.3227423912659,18.6943726532066,1
59,1,19.75,61,18.6943726532066,18.8255705171393,1
59,1,19.75,61,18.8255705171393,18.9739736091504,1
59,1,19.75,61,18.9739736091504,19.0238471951942,1
59,1,19.75,61,19.0238471951942,19.0732507845664,1
59,1,19.75,61,19.0732507845664,19.0788506870415,1
59,1,19.75,61,19.0788506870415,19.1698093452563,1
59,1,19.75,61,19.1698093452563,19.2850411897199,1
59,1,19.75,61,19.2850411897199,19.3122152427685,1
59,1,19.75,61,19.3122152427685,19.3493070268365,1
59,1,19.75,61,19.3493070268365,19.4234768025278,1
59,1,19.75,61,19.4234768025278,19.430123882325,1
59,1,19.75,61,19.430123882325,19.5810062618885,1
59,1,19.75,61,19.5810062618885,19.75,0
60,1,16.75,22,0,1.72715038440158,1
60,1,16.75,22,1.72715038440158,4.45755791558536,1
60,1,16.75,22,4.45755791558536,6.99161181549259,1
60,1,16.75,22,6.99161181549259,8.73755899223541,1
60,1,16.75,22,8.73755899223541,9.1397310308115,1
60,1,16.75,22,9.1397310308115,10.2329735013717,1
60,1,16.75,22,10.2329735013717,10.9170748046902,1
60,1,16.75,22,10.9170748046902,11.113991356998,1
60,1,16.75,22,11.113991356998,11.5870028245516,1
60,1,16.75,22,11.5870028245516,12.0474672799829,1
60,1,16.75,22,12.0474672799829,12.1404242943821,1
60,1,16.75,22,12.1404242943821,12.612555411608,1
60,1,16.75,22,12.612555411608,12.7424957711836,1
60,1,16.75,22,12.7424957711836,12.8325633999373,1
60,1,16.75,22,12.8325633999373,14.3451353345998,1
60,1,16.75,22,14.3451353345998,15.0035248328921,1
60,1,16.75,22,15.0035248328921,15.0273409961441,1
60,1,16.75,22,15.0273409961441,15.8157261693472,1
60,1,16.75,22,15.8157261693472,15.8886011581983,1
60,1,16.75,22,15.8886011581983,15.999363135911,1
60,1,16.75,22,15.999363135911,16.1316897197064,1
60,1,16.75,22,16.1316897197064,16.5624894843818,1
60,1,16.75,22,16.5624894843818,16.75,0
61,1,20.75,62,0,4.3274500573211,1
61,1,20.75,62,4.3274500573211,5.59551371327876,1
61,1,20.75,62,5.59551371327876,5.69619899934091,1
61,1,20.75,62,5.69619899934091,5.88837843556701,1
61,1,20.75,62,5.88837843556701,7.2186218280061,1
61,1,20.75,62,7.2186218280061,7.38991493149101,1
61,1,20.75,62,7.38991493149101,8.51378233241393,1
61,1,20.75,62,8.51378233241393,9.06223697007409,1
61,1,20.75,62,9.06223697007409,9.39567318700269,1
61,1,20.75,62,9.39567318700269,9.80024129755744,1
61,1,20.75,62,9.80024129755744,10.0785019294115,1
61,1,20.75,62,10.0785019294115,10.2026414519634,1
61,1,20.75,62,10.2026414519634,10.2162518694643,1
61,1,20.75,62,10.2162518694643,10.6883516082103,1
61,1,20.75,62,10.6883516082103,10.7275543575058,1
61,1,20.75,62,10.7275543575058,10.9077018428302,1
61,1,20.75,62,10.9077018428302,11.0784243697611,1
61,1,20.75,62,11.0784243697611,11.1276745571367,1
61,1,20.75,62,11.1276745571367,11.1429728593192,1
61,1,20.75,62,11.1429728593192,11.6577933080215,1
61,1,20.75,62,11.6577933080215,11.7975664725578,1
61,1,20.75,62,11.7975664725578,12.0154119750208,1
61,1,20.75,62,12.0154119750208,12.0640625107188,1
61,1,20.75,62,12.0640625107188,12.1595129460429,1
61,1,20.75,62,12.1595129460429,12.2593914471254,1
61,1,20.75,62,12.2593914471254,12.4727804042523,1
61,1,20.75,62,12.4727804042523,12.5205316413569,1
61,1,20.75,62,12.5205316413569,12.5312348947783,1
61,1,20.75,62,12.5312348947783,12.6294028274699,1
61,1,20.75,62,12.6294028274699,13.3126930336356,1
61,1,20.75,62,13.3126930336356,13.443207803896,1
61,1,20.75,62,13.443207803896,13.8037104197529,1
61,1,20.75,62,13.8037104197529,14.0852757817796,1
61,1,20.75,62,14.0852757817796,14.1159471119874,1
61,1,20.75,62,14.1159471119874,14.276978961061,1
61,1,20.75,62,14.276978961061,14.4959899580791,1
61,1,20.75,62,14.4959899580791,14.6763576030068,1
61,1,20.75,62,14.6763576030068,15.208428192061,1
61,1,20.75,62,15.208428192061,15.3894556605044,1
61,1,20.75,62,15.3894556605044,15.4320003988359,1
61,1,20.75,62,15.4320003988359,15.6614715695759,1
61,1,20.75,62,15.6614715695759,16.0750890323923,1
61,1,20.75,62,16.0750890323923,16.0940036068556,1
61,1,20.75,62,16.0940036068556,16.7697931804116,1
61,1,20.75,62,16.7697931804116,17.5111076336197,1
61,1,20.75,62,17.5111076336197,17.9362034499982,1
61,1,20.75,62,17.9362034499982,18.5222408854039,1
61,1,20.75,62,18.5222408854039,18.5832942651214,1
61,1,20.75,62,18.5832942651214,18.7351331905708,1
61,1,20.75,62,18.7351331905708,19.0629781361769,1
61,1,20.75,62,19.0629781361769,19.1687013839248,1
61,1,20.75,62,19.1687013839248,19.1789952138462,1
61,1,20.75,62,19.1789952138462,19.2823241051524,1
61,1,20.75,62,19.2823241051524,19.3553414515288,1
61,1,20.75,62,19.3553414515288,19.4515825823726,1
61,1,20.75,62,19.4515825823726,19.708897102811,1
61,1,20.75,62,19.708897102811,19.829017169279,1
61,1,20.75,62,19.829017169279,19.9167156759986,1
61,1,20.75,62,19.9167156759986,20.1107177499697,1
61,1,20.75,62,20.1107177499697,20.1654158488194,1
61,1,20.75,62,20.1654158488194,20.2207016803292,1
61,1,20.75,62,20.2207016803292,20.5116342627733,1
61,1,20.75,62,20.5116342627733,20.75,0
62,1,9.75,7,0,3.40266401196529,1
62,1,9.75,7,3.40266401196529,3.57895473345705,1
62,1,9.75,7,3.57895473345705,5.72707034999405,1
62,1,9.75,7,5.72707034999405,7.29436063873856,1
62,1,9.75,7,7.29436063873856,7.39379395460199,1
62,1,9.75,7,7.39379395460199,8.98103743950079,1
62,1,9.75,7,8.98103743950079,9.34285341439584,1
62,1,9.75,7,9.34285341439584,9.75,0
63,1,8.75,11,0,1.94127237579599,1
63,1,8.75,11,1.94127237579599,2.88228946811845,1
63,1,8.75,11,2.88228946811845,3.53794793533549,1
63,1,8.75,11,3.53794793533549,4.62938213788508,1
63,1,8.75,11,4.62938213788508,5.29664120082442,1
63,1,8.75,11,5.29664120082442,5.3881694581844,1
63,1,8.75,11,5.3881694581844,6.21074761813713,1
63,1,8.75,11,6.21074761813713,7.14818248665844,1
63,1,8.75,11,7.14818248665844,7.32888064463551,1
63,1,8.75,11,7.32888064463551,8.48384043144409,1
63,1,8.75,11,8.48384043144409,8.7000319677919,1
63,1,8.75,11,8.7000319677919,8.75,0
64,1,10.75,2,0,0.681353797997032,1
64,1,10.75,2,0.681353797997032,5.68217817275964,1
64,1,10.75,2,5.68217817275964,10.75,0
65,1,15.75,91,0,1.26505779192826,1
65,1,15.75,91,1.26505779192826,3.00632861194133,1
65,1,15.75,91,3.00632861194133,4.09702520554681,1
65,1,15.75,91,4.09702520554681,4.16700285039367,1
65,1,15.75,91,4.16700285039367,4.43112269183116,1
65,1,15.75,91,4.43112269183116,4.7864312938521,1
65,1,15.75,91,4.7864312938521,5.04859582354407,1
65,1,15.75,91,5.04859582354407,5.27587193853221,1
65,1,15.75,91,5.27587193853221,5.41829549100091,1
65,1,15.75,91,5.41829549100091,5.59010112400051,1
65,1,15.75,91,5.59010112400051,5.59505580473468,1
65,1,15.75,91,5.59505580473468,5.92722263306632,1
65,1,15.75,91,5.92722263306632,6.28438656671863,1
65,1,15.75,91,6.28438656671863,6.30185073116107,1
65,1,15.75,91,6.30185073116107,6.65152946046287,1
65,1,15.75,91,6.65152946046287,7.21924499741368,1
65,1,15.75,91,7.21924499741368,7.35336634202654,1
65,1,15.75,91,7.35336634202654,7.438689146803,1
65,1,15.75,91,7.438689146803,7.66036162558733,1
65,1,15.75,91,7.66036162558733,7.96646489439645,1
65,1,15.75,91,7.96646489439645,8.02503391656137,1
65,1,15.75,91,8.02503391656137,8.07034095562336,1
65,1,15.75,91,8.07034095562336,8.24307841317165,1
65,1,15.75,91,8.24307841317165,8.32876643635241,1
65,1,15.75,91,8.32876643635241,8.49092497059952,1
65,1,15.75,91,8.49092497059952,8.89225023783647,1
65,1,15.75,91,8.89225023783647,8.92619805647917,1
65,1,15.75,91,8.92619805647917,9.56406322107673,1
65,1,15.75,91,9.56406322107673,9.68348706519099,1
65,1,15.75,91,9.68348706519099,9.7320676588408,1
65,1,15.75,91,9.7320676588408,9.75389946961203,1
65,1,15.75,91,9.75389946961203,10.2148009610088,1
65,1,15.75,91,10.2148009610088,10.2230937622396,1
65,1,15.75,91,10.2230937622396,10.2480312330264,1
65,1,15.75,91,10.2480312330264,10.2598218235015,1
65,1,15.75,91,10.2598218235015,10.4111627203131,1
65,1,15.75,91,10.4111627203131,10.5083076223175,1
65,1,15.75,91,10.5083076223175,10.7318226128534,1
65,1,15.75,91,10.7318226128534,10.7495809162891,1
65,1,15.75,91,10.7495809162891,11.1490617281568,1
65,1,15.75,91,11.1490617281568,11.3279830947342,1
65,1,15.75,91,11.3279830947342,11.4960939097649,1
65,1,15.75,91,11.4960939097649,11.7272723525809,1
65,1,15.75,91,11.7272723525809,11.8219057461788,1
65,1,15.75,91,11.8219057461788,11.882906249483,1
65,1,15.75,91,11.882906249483,12.2684910507951,1
65,1,15.75,91,12.2684910507951,12.5537748683785,1
65,1,15.75,91,12.5537748683785,12.6322445983417,1
65,1,15.75,91,12.6322445983417,12.6932704628517,1
65,1,15.75,91,12.6932704628517,12.7036425485429,1
65,1,15.75,91,12.7036425485429,12.7372165660933,1
65,1,15.75,91,12.7372165660933,13.0457440953245,1
65,1,15.75,91,13.0457440953245,13.1842805060076,1
65,1,15.75,91,13.1842805060076,13.2430201188212,1
65,1,15.75,91,13.2430201188212,13.2536971185681,1
65,1,15.75,91,13.2536971185681,13.2673685224487,1
65,1,15.75,91,13.2673685224487,13.2812503713873,1
65,1,15.75,91,13.2812503713873,13.3090065258324,1
65,1,15.75,91,13.3090065258324,13.3392886564301,1
65,1,15.75,91,13.3392886564301,13.3497578610442,1
65,1,15.75,91,13.3497578610442,13.4868439655995,1
65,1,15.75,91,13.4868439655995,13.6532585186847,1
65,1,15.75,91,13.6532585186847,13.7975009134408,1
65,1,15.75,91,13.7975009134408,13.8219278017632,1
65,1,15.75,91,13.8219278017632,13.8833639993149,1
65,1,15.75,91,13.8833639993149,14.0129296748574,1
65,1,15.75,91,14.0129296748574,14.1407293818659,1
65,1,15.75,91,14.1407293818659,14.232516764914,1
65,1,15.75,91,14.232516764914,14.3099246903162,1
65,1,15.75,91,14.3099246903162,14.3518580871038,1
65,1,15.75,91,14.3518580871038,14.4295304651216,1
65,1,15.75,91,14.4295304651216,14.4412301005961,1
65,1,15.75,91,14.4412301005961,14.469538427918,1
65,1,15.75,91,14.469538427918,14.5233502767602,1
65,1,15.75,91,14.5233502767602,14.6096764495147,1
65,1,15.75,91,14.6096764495147,14.6990455645683,1
65,1,15.75,91,14.6990455645683,14.8203546724761,1
65,1,15.75,91,14.8203546724761,14.847916857874,1
65,1,15.75,91,14.847916857874,14.8676741585092,1
65,1,15.75,91,14.8676741585092,14.8718979818458,1
65,1,15.75,91,14.8718979818458,14.9242598974788,1
65,1,15.75,91,14.9242598974788,15.0030841950757,1
65,1,15.75,91,15.0030841950757,15.1832534660819,1
65,1,15.75,91,15.1832534660819,15.234414410571,1
65,1,15.75,91,15.234414410571,15.389321214216,1
65,1,15.75,91,15.389321214216,15.5094238646219,1
65,1,15.75,91,15.5094238646219,15.518564317481,1
65,1,15.75,91,15.518564317481,15.5600637015416,1
65,1,15.75,91,15.5600637015416,15.692183838174,1
65,1,15.75,91,15.692183838174,15.7235346840678,1
65,1,15.75,91,15.7235346840678,15.7476020203354,1
65,1,15.75,91,15.7476020203354,15.75,0
66,1,14.75,34,0,3.3336624198801,1
66,1,14.75,34,3.3336624198801,3.95245450781908,1
66,1,14.75,34,3.95245450781908,4.24512275032242,1
66,1,14.75,34,4.24512275032242,5.35085988448925,1
66,1,14.75,34,5.35085988448925,5.89474378126786,1
66,1,14.75,34,5.89474378126786,8.16282811135204,1
66,1,14.75,34,8.16282811135204,8.17219683695381,1
66,1,14.75,34,8.17219683695381,8.23383651080732,1
66,1,14.75,34,8.23383651080732,8.60465419829688,1
66,1,14.75,34,8.60465419829688,8.80565792344126,1
66,1,14.75,34,8.80565792344126,8.97959056268576,1
66,1,14.75,34,8.97959056268576,9.39836238355229,1
66,1,14.75,34,9.39836238355229,9.95616759687981,1
66,1,14.75,34,9.95616759687981,10.1231360397886,1
66,1,14.75,34,10.1231360397886,10.2346425412643,1
66,1,14.75,34,10.2346425412643,10.3820353814045,1
66,1,14.75,34,10.3820353814045,10.442510483845,1
66,1,14.75,34,10.442510483845,11.4946068128691,1
66,1,14.75,34,11.4946068128691,11.5305800966291,1
66,1,14.75,34,11.5305800966291,11.8277033832184,1
66,1,14.75,34,11.8277033832184,11.8971371533588,1
66,1,14.75,34,11.8971371533588,11.9274334856066,1
66,1,14.75,34,11.9274334856066,11.9287096881589,1
66,1,14.75,34,11.9287096881589,12.006710813296,1
66,1,14.75,34,12.006710813296,12.1305387926091,1
66,1,14.75,34,12.1305387926091,12.2604129166343,1
66,1,14.75,34,12.2604129166343,12.477621806787,1
66,1,14.75,34,12.477621806787,12.5084126151401,1
66,1,14.75,34,12.5084126151401,12.8570908190098,1
66,1,14.75,34,12.8570908190098,13.0324576378433,1
66,1,14.75,34,13.0324576378433,13.7433940154624,1
66,1,14.75,34,13.7433940154624,13.8181282096017,1
66,1,14.75,34,13.8181282096017,14.6108783744117,1
66,1,14.75,34,14.6108783744117,14.7266988685022,1
66,1,14.75,34,14.7266988685022,14.75,0
67,1,15.75,0,0,15.75,0
68,1,10.75,5,0,0.115780198212106,1
68,1,10.75,5,0.115780198212106,0.210319923008367,1
68,1,10.75,5,0.210319923008367,2.86724141744286,1
68,1,10.75,5,2.86724141744286,4.93409909116255,1
68,1,10.75,5,4.93409909116255,6.38294048605121,1
68,1,10.75,5,6.38294048605121,10.75,0
69,1,14.75,3,0,0.660725912156514,1
69,1,14.75,3,0.660725912156514,0.918767110164789,1
69,1,14.75,3,0.918767110164789,1.20146859871041,1
69,1,14.75,3,1.20146859871041,14.75,0
70,1,13.75,33,0,3.98582159584631,1
70,1,13.75,33,3.98582159584631,4.40522866904847,1
70,1,13.75,33,4.40522866904847,6.25473921399648,1
70,1,13.75,33,6.25473921399648,6.38144970480051,1
70,1,13.75,33,6.38144970480051,7.42815417758218,1
70,1,13.75,33,7.42815417758218,7.57172008750003,1
70,1,13.75,33,7.57172008750003,9.05470563308579,1
70,1,13.75,33,9.05470563308579,9.33602923463656,1
70,1,13.75,33,9.33602923463656,9.54114849728896,1
70,1,13.75,33,9.54114849728896,9.59149450018811,1
70,1,13.75,33,9.59149450018811,10.0475332857037,1
70,1,13.75,33,10.0475332857037,10.2361578673199,1
70,1,13.75,33,10.2361578673199,10.2362810425877,1
70,1,13.75,33,10.2362810425877,10.4892949018859,1
70,1,13.75,33,10.4892949018859,10.5664329492588,1
70,1,13.75,33,10.5664329492588,10.7779045273801,1
70,1,13.75,33,10.7779045273801,11.2081663813068,1
70,1,13.75,33,11.2081663813068,11.4153901446691,1
70,1,13.75,33,11.4153901446691,11.8266470421668,1
70,1,13.75,33,11.8266470421668,12.0049560792734,1
70,1,13.75,33,12.0049560792734,12.4635621315856,1
70,1,13.75,33,12.4635621315856,12.7356054583857,1
70,1,13.75,33,12.7356054583857,12.8164723939785,1
70,1,13.75,33,12.8164723939785,13.0012188191376,1
70,1,13.75,33,13.0012188191376,13.2358949940694,1
70,1,13.75,33,13.2358949940694,13.4033935719209,1
70,1,13.75,33,13.4033935719209,13.4469844018889,1
70,1,13.75,33,13.4469844018889,13.4583470823715,1
70,1,13.75,33,13.4583470823715,13.4751868934521,1
70,1,13.75,33,13.4751868934521,13.4805182683054,1
70,1,13.75,33,13.4805182683054,13.4930063183004,1
70,1,13.75,33,13.4930063183004,13.5034179571282,1
70,1,13.75,33,13.5034179571282,13.6952452187978,1
70,1,13.75,33,13.6952452187978,13.75,0
71,1,10.75,1,0,0.563810853512941,1
71,1,10.75,1,0.563810853512941,10.75,0
72,1,11.75,1,0,0.0559451401545862,1
72,1,11.75,1,0.0559451401545862,11.75,0
73,1,10.75,0,0,10.75,0
74,1,20.75,57,0,3.23369951435529,1
74,1,20.75,57,3.23369951435529,3.39155544476506,1
74,1,20.75,57,3.39155544476506,6.2216242758465,1
74,1,20.75,57,6.2216242758465,7.465831941824,1
74,1,20.75,57,7.465831941824,8.4146521747079,1
74,1,20.75,57,8.4146521747079,8.45607416649867,1
74,1,20.75,57,8.45607416649867,8.97417175025251,1
74,1,20.75,57,8.97417175025251,10.1154425941583,1
74,1,20.75,57,10.1154425941583,10.2438291177341,1
74,1,20.75,57,10.2438291177341,10.2803921828984,1
74,1,20.75,57,10.2803921828984,10.5059953696215,1
74,1,20.75,57,10.5059953696215,10.6217415138302,1
74,1,20.75,57,10.6217415138302,10.9427959970801,1
74,1,20.75,57,10.9427959970801,11.1731555602247,1
74,1,20.75,57,11.1731555602247,11.2593276598349,1
74,1,20.75,57,11.2593276598349,12.2319156607536,1
74,1,20.75,57,12.2319156607536,12.3598197439556,1
74,1,20.75,57,12.3598197439556,12.9574396016059,1
74,1,20.75,57,12.9574396016059,12.9820134780631,1
74,1,20.75,57,12.9820134780631,13.3270031860852,1
74,1,20.75,57,13.3270031860852,14.0873096921588,1
74,1,20.75,57,14.0873096921588,14.150347477306,1
74,1,20.75,57,14.150347477306,14.2552973277148,1
74,1,20.75,57,14.2552973277148,14.4793422257198,1
74,1,20.75,57,14.4793422257198,14.6286100870107,1
74,1,20.75,57,14.6286100870107,14.6441181145993,1
74,1,20.75,57,14.6441181145993,14.7401030416132,1
74,1,20.75,57,14.7401030416132,15.0377019657652,1
74,1,20.75,57,15.0377019657652,15.4609796858929,1
74,1,20.75,57,15.4609796858929,15.6321728416182,1
74,1,20.75,57,15.6321728416182,15.7548661088638,1
74,1,20.75,57,15.7548661088638,15.9750309027246,1
74,1,20.75,57,15.9750309027246,16.0542377505827,1
74,1,20.75,57,16.0542377505827,16.1257120421562,1
74,1,20.75,57,16.1257120421562,16.5613427413742,1
74,1,20.75,57,16.5613427413742,16.7615282239562,1
74,1,20.75,57,16.7615282239562,16.8688246118427,1
74,1,20.75,57,16.8688246118427,17.1562982523712,1
74,1,20.75,57,17.1562982523712,17.2207192282659,1
74,1,20.75,57,17.2207192282659,17.5723477281569,1
74,1,20.75,57,17.5723477281569,17.9801627250971,1
74,1,20.75,57,17.9801627250971,18.036713676012,1
74,1,20.75,57,18.036713676012,18.0828631564151,1
74,1,20.75,57,18.0828631564151,18.3064045801249,1
74,1,20.75,57,18.3064045801249,18.3186106132463,1
74,1,20.75,57,18.3186106132463,18.6177724718054,1
74,1,20.75,57,18.6177724718054,18.6311601223606,1
74,1,20.75,57,18.6311601223606,18.9329513991972,1
74,1,20.75,57,18.9329513991972,18.9580190780687,1
74,1,20.75,57,18.9580190780687,19.2937748787906,1
74,1,20.75,57,19.2937748787906,19.3215703376732,1
74,1,20.75,57,19.3215703376732,19.3793309865498,1
74,1,20.75,57,19.3793309865498,19.6248652309141,1
74,1,20.75,57,19.6248652309141,19.9814152531586,1
74,1,20.75,57,19.9814152531586,20.0301037673247,1
74,1,20.75,57,20.0301037673247,20.2150585819592,1
74,1,20.75,57,20.2150585819592,20.2950850942697,1
74,1,20.75,57,20.2950850942697,20.75,0
75,1,15.75,3,0,0.233556355052334,1
75,1,15.75,3,0.233556355052334,0.533724593305469,1
75,1,15.75,3,0.533724593305469,11.089580697549,1
75,1,15.75,3,11.089580697549,15.75,0
76,1,16.75,20,0,3.17077050444391,1
76,1,16.75,20,3.17077050444391,7.81478840381375,1
76,1,16.75,20,7.81478840381375,7.93326638975276,1
76,1,16.75,20,7.93326638975276,10.3638106160742,1
76,1,16.75,20,10.3638106160742,10.3805662493517,1
76,1,16.75,20,10.3805662493517,11.8111426170268,1
76,1,16.75,20,11.8111426170268,12.0295856243258,1
76,1,16.75,20,12.0295856243258,12.6400564148959,1
76,1,16.75,20,12.6400564148959,13.2168893334635,1
76,1,16.75,20,13.2168893334635,14.0885493081509,1
76,1,16.75,20,14.0885493081509,14.2936896343805,1
76,1,16.75,20,14.2936896343805,14.4201064138887,1
76,1,16.75,20,14.4201064138887,14.6997891013157,1
76,1,16.75,20,14.6997891013157,15.1550773624223,1
76,1,16.75,20,15.1550773624223,15.1945524253724,1
76,1,16.75,20,15.1945524253724,15.2117323185301,1
76,1,16.75,20,15.2117323185301,15.5239020827577,1
76,1,16.75,20,15.5239020827577,16.0885103017354,1
76,1,16.75,20,16.0885103017354,16.1931193023644,1
76,1,16.75,20,16.1931193023644,16.2350150319057,1
76,1,16.75,20,16.2350150319057,16.75,0
77,1,9.75,18,0,1.46689463968975,1
77,1,9.75,18,1.46689463968975,3.39338640888175,1
77,1,9.75,18,3.39338640888175,3.71280608459915,1
77,1,9.75,18,3.71280608459915,5.29887168246138,1
77,1,9.75,18,5.29887168246138,6.03324433932351,1
77,1,9.75,18,6.03324433932351,6.33996106968709,1
77,1,9.75,18,6.33996106968709,6.79055300267931,1
77,1,9.75,18,6.79055300267931,6.86845125327757,1
77,1,9.75,18,6.86845125327757,7.16841784051351,1
77,1,9.75,18,7.16841784051351,7.37362711611825,1
77,1,9.75,18,7.37362711611825,7.49918837453841,1
77,1,9.75,18,7.49918837453841,8.27008568426666,1
77,1,9.75,18,8.27008568426666,8.36425235093875,1
77,1,9.75,18,8.36425235093875,8.53250596851359,1
77,1,9.75,18,8.53250596851359,8.91744124277819,1
77,1,9.75,18,8.91744124277819,9.14812174726028,1
77,1,9.75,18,9.14812174726028,9.28086446454855,1
77,1,9.75,18,9.28086446454855,9.37260943700828,1
77,1,9.75,18,9.37260943700828,9.75,0
78,1,14.75,2,0,0.601021010584873,1
78,1,14.75,2,0.601021010584873,1.81033236210912,1
78,1,14.75,2,1.81033236210912,14.75,0
79,1,14.75,1,0,0.0367122827520018,1
79,1,14.75,1,0.0367122827520018,14.75,0
80,1,11.75,11,0,3.25593729178078,1
80,1,11.75,11,3.25593729178078,5.99363562045462,1
80,1,11.75,11,5.99363562045462,6.10579744743008,1
80,1,11.75,11,6.10579744743008,8.85805016793926,1
80,1,11.75,11,8.85805016793926,9.2078446565668,1
80,1,11.75,11,9.2078446565668,9.66622531395795,1
80,1,11.75,11,9.66622531395795,9.72987726181178,1
80,1,11.75,11,9.72987726181178,11.2832363514086,1
80,1,11.75,11,11.2832363514086,11.5436300392012,1
80,1,11.75,11,11.5436300392012,11.6013297858846,1
80,1,11.75,11,11.6013297858846,11.6113351510272,1
80,1,11.75,11,11.6113351510272,11.75,0
81,1,20.75,58,0,4.90914401163914,1
81,1,20.75,58,4.90914401163914,5.63718431585039,1
81,1,20.75,58,5.63718431585039,6.58408275343117,1
81,1,20.75,58,6.58408275343117,7.4463388223823,1
81,1,20.75,58,7.4463388223823,8.2191028675438,1
81,1,20.75,58,8.2191028675438,8.30622614915639,1
81,1,20.75,58,8.30622614915639,8.4154661676757,1
81,1,20.75,58,8.4154661676757,8.81058037959495,1
81,1,20.75,58,8.81058037959495,9.2811662557999,1
81,1,20.75,58,9.2811662557999,9.30010808947292,1
81,1,20.75,58,9.30010808947292,9.57910477869376,1
81,1,20.75,58,9.57910477869376,9.64757017735271,1
81,1,20.75,58,9.64757017735271,9.91611434467359,1
81,1,20.75,58,9.91611434467359,10.1341511578174,1
81,1,20.75,58,10.1341511578174,10.4462419231136,1
81,1,20.75,58,10.4462419231136,10.4609207996031,1
81,1,20.75,58,10.4609207996031,10.5745957846209,1
81,1,20.75,58,10.5745957846209,10.645355731862,1
81,1,20.75,58,10.645355731862,11.2327043615826,1
81,1,20.75,58,11.2327043615826,11.3154117135334,1
81,1,20.75,58,11.3154117135334,11.3157418164306,1
81,1,20.75,58,11.3157418164306,11.3449642697418,1
81,1,20.75,58,11.3449642697418,11.5236155551123,1
81,1,20.75,58,11.5236155551123,11.6790763818221,1
81,1,20.75,58,11.6790763818221,11.7710154672178,1
81,1,20.75,58,11.7710154672178,11.9326328410697,1
81,1,20.75,58,11.9326328410697,12.3917231612366,1
81,1,20.75,58,12.3917231612366,12.5276134955813,1
81,1,20.75,58,12.5276134955813,13.0360984962185,1
81,1,20.75,58,13.0360984962185,13.2013941277106,1
81,1,20.75,58,13.2013941277106,13.2679936951791,1
81,1,20.75,58,13.2679936951791,13.5766710288482,1
81,1,20.75,58,13.5766710288482,13.7829943414834,1
81,1,20.75,58,13.7829943414834,14.5213668863888,1
81,1,20.75,58,14.5213668863888,14.9439977169199,1
81,1,20.75,58,14.9439977169199,14.9708800249444,1
81,1,20.75,58,14.9708800249444,15.2523442706208,1
81,1,20.75,58,15.2523442706208,15.3820571672077,1
81,1,20.75,58,15.3820571672077,15.6634478656523,1
81,1,20.75,58,15.6634478656523,15.7323785732811,1
81,1,20.75,58,15.7323785732811,16.5809819860192,1
81,1,20.75,58,16.5809819860192,16.9291879654186,1
81,1,20.75,58,16.9291879654186,17.213544387447,1
81,1,20.75,58,17.213544387447,17.9022461747544,1
81,1,20.75,58,17.9022461747544,17.9468904539853,1
81,1,20.75,58,17.9468904539853,18.2322140652575,1
81,1,20.75,58,18.2322140652575,18.4108991446641,1
81,1,20.75,58,18.4108991446641,18.5349786223518,1
81,1,20.75,58,18.5349786223518,18.5477462710988,1
81,1,20.75,58,18.5477462710988,18.6042260084373,1
81,1,20.75,58,18.6042260084373,18.607501000891,1
81,1,20.75,58,18.607501000891,19.4510752818475,1
81,1,20.75,58,19.4510752818475,19.4768312320246,1
81,1,20.75,58,19.4768312320246,19.508626625066,1
81,1,20.75,58,19.508626625066,19.6951025521855,1
81,1,20.75,58,19.6951025521855,19.8147885116713,1
81,1,20.75,58,19.8147885116713,19.838496144543,1
81,1,20.75,58,19.838496144543,20.1018421554875,1
81,1,20.75,58,20.1018421554875,20.75,0
82,1,19.75,72,0,4.74333902464735,1
82,1,19.75,72,4.74333902464735,4.78381436863308,1
82,1,19.75,72,4.78381436863308,6.22974584105086,1
82,1,19.75,72,6.22974584105086,6.72074950976219,1
82,1,19.75,72,6.72074950976219,7.50780895581222,1
82,1,19.75,72,7.50780895581222,8.36327629541416,1
82,1,19.75,72,8.36327629541416,8.47202903608742,1
82,1,19.75,72,8.47202903608742,8.77260190579968,1
82,1,19.75,72,8.77260190579968,9.36415236367302,1
82,1,19.75,72,9.36415236367302,10.0690488995284,1
82,1,19.75,72,10.0690488995284,10.0992771343381,1
82,1,19.75,72,10.0992771343381,10.3033058590565,1
82,1,19.75,72,10.3033058590565,10.3440073656299,1
82,1,19.75,72,10.3440073656299,10.4049091911872,1
82,1,19.75,72,10.4049091911872,10.6472895096297,1
82,1,19.75,72,10.6472895096297,10.7934415542219,1
82,1,19.75,72,10.7934415542219,11.0192822738646,1
82,1,19.75,72,11.0192822738646,11.4853259803152,1
82,1,19.75,72,11.4853259803152,11.5971924578749,1
82,1,19.75,72,11.5971924578749,11.9274402764042,1
82,1,19.75,72,11.9274402764042,11.9744861931343,1
82,1,19.75,72,11.9744861931343,12.3251321622051,1
82,1,19.75,72,12.3251321622051,12.6134104487535,1
82,1,19.75,72,12.6134104487535,13.0097906101705,1
82,1,19.75,72,13.0097906101705,13.0465381163168,1
82,1,19.75,72,13.0465381163168,13.3552256580977,1
82,1,19.75,72,13.3552256580977,13.3866263715672,1
82,1,19.75,72,13.3866263715672,14.3368133132704,1
82,1,19.75,72,14.3368133132704,14.3687164426653,1
82,1,19.75,72,14.3687164426653,14.382246085115,1
82,1,19.75,72,14.382246085115,14.5587105800326,1
82,1,19.75,72,14.5587105800326,14.8076079375755,1
82,1,19.75,72,14.8076079375755,14.8547931723014,1
82,1,19.75,72,14.8547931723014,15.4122314111387,1
82,1,19.75,72,15.4122314111387,15.6674457733317,1
82,1,19.75,72,15.6674457733317,15.7887445916402,1
82,1,19.75,72,15.7887445916402,15.9305893959049,1
82,1,19.75,72,15.9305893959049,16.0330328487878,1
82,1,19.75,72,16.0330328487878,16.0578734921603,1
82,1,19.75,72,16.0578734921603,16.5238759768736,1
82,1,19.75,72,16.5238759768736,16.6432282317601,1
82,1,19.75,72,16.6432282317601,16.7907926075129,1
82,1,19.75,72,16.7907926075129,16.8541587199158,1
82,1,19.75,72,16.8541587199158,16.9176632495217,1
82,1,19.75,72,16.9176632495217,16.9764516717433,1
82,1,19.75,72,16.9764516717433,17.2063385854225,1
82,1,19.75,72,17.2063385854225,17.2850732505029,1
82,1,19.75,72,17.2850732505029,17.649830393601,1
82,1,19.75,72,17.649830393601,17.7850280751545,1
82,1,19.75,72,17.7850280751545,17.8747011433262,1
82,1,19.75,72,17.8747011433262,17.8992912881673,1
82,1,19.75,72,17.8992912881673,17.9683280867391,1
82,1,19.75,72,17.9683280867391,18.0618299865713,1
82,1,19.75,72,18.0618299865713,18.1478890027239,1
82,1,19.75,72,18.1478890027239,18.1575950987908,1
82,1,19.75,72,18.1575950987908,18.2037902979063,1
82,1,19.75,72,18.2037902979063,18.2194775127731,1
82,1,19.75,72,18.2194775127731,18.2447917862158,1
82,1,19.75,72,18.2447917862158,18.5360510805917,1
82,1,19.75,72,18.5360510805917,18.6628998481897,1
82,1,19.75,72,18.6628998481897,18.7163703844846,1
82,1,19.75,72,18.7163703844846,18.8536673024841,1
82,1,19.75,72,18.8536673024841,19.0203508231863,1
82,1,19.75,72,19.0203508231863,19.223334490637,1
82,1,19.75,72,19.223334490637,19.2476399132413,1
82,1,19.75,72,19.2476399132413,19.3903272950646,1
82,1,19.75,72,19.3903272950646,19.4199329342085,1
82,1,19.75,72,19.4199329342085,19.4264007211943,1
82,1,19.75,72,19.4264007211943,19.4517723996706,1
82,1,19.75,72,19.4517723996706,19.5128774104163,1
82,1,19.75,72,19.5128774104163,19.5376401502452,1
82,1,19.75,72,19.5376401502452,19.6782926769117,1
82,1,19.75,72,19.6782926769117,19.75,0
83,1,17.75,4,0,0.000591899555468493,1
83,1,17.75,4,0.000591899555468493,2.17072880673744,1
83,1,17.75,4,2.17072880673744,4.24778121715968,1
83,1,17.75,4,4.24778121715968,8.4019635824975,1
83,1,17.75,4,8.4019635824975,17.75,0
84,1,9.75,0,0,9.75,0
85,1,14.75,3,0,1.33394525511536,1
85,1,14.75,3,1.33394525511536,2.98304648242373,1
85,1,14.75,3,2.98304648242373,5.18321681893908,1
85,1,14.75,3,5.18321681893908,14.75,0
86,1,10.75,17,0,1.84610168551369,1
86,1,10.75,17,1.84610168551369,3.115412729402,1
86,1,10.75,17,3.115412729402,4.64380983594255,1
86,1,10.75,17,4.64380983594255,5.06867185919433,1
86,1,10.75,17,5.06867185919433,5.26854789699326,1
86,1,10.75,17,5.26854789699326,5.96973780631059,1
86,1,10.75,17,5.96973780631059,7.23557167453561,1
86,1,10.75,17,7.23557167453561,7.30103385493848,1
86,1,10.75,17,7.30103385493848,7.48778896184503,1
86,1,10.75,17,7.48778896184503,8.62333784825003,1
86,1,10.75,17,8.62333784825003,8.68769817452531,1
86,1,10.75,17,8.68769817452531,9.19291356622516,1
86,1,10.75,17,9.19291356622516,9.23347111051491,1
86,1,10.75,17,9.23347111051491,9.63428123806789,1
86,1,10.75,17,9.63428123806789,10.0974671901998,1
86,1,10.75,17,10.0974671901998,10.1737539674264,1
86,1,10.75,17,10.1737539674264,10.4083105840358,1
86,1,10.75,17,10.4083105840358,10.75,0
87,1,13.75,3,0,4.84567274233026,1
87,1,13.75,3,4.84567274233026,9.70889736940724,1
87,1,13.75,3,9.70889736940724,10.94142789509,1
87,1,13.75,3,10.94142789509,13.75,0
88,1,8.75,2,0,0.74037580264417,1
88,1,8.75,2,0.74037580264417,4.14802353451193,1
88,1,8.75,2,4.14802353451193,8.75,0
89,1,8.75,6,0,0.0068482206380179,1
89,1,8.75,6,0.0068482206380179,0.456792510901757,1
89,1,8.75,6,0.456792510901757,3.44216384201202,1
89,1,8.75,6,3.44216384201202,6.29067641819892,1
89,1,8.75,6,6.29067641819892,7.75468543216149,1
89,1,8.75,6,7.75468543216149,8.45458542471345,1
89,1,8.75,6,8.45458542471345,8.75,0
90,1,11.75,4,0,0.221799182536222,1
90,1,11.75,4,0.221799182536222,9.04684294915224,1
90,1,11.75,4,9.04684294915224,10.9128104473265,1
90,1,11.75,4,10.9128104473265,10.9891087762806,1
90,1,11.75,4,10.9891087762806,11.75,0
91,1,14.75,4,0,6.50358247665746,1
91,1,14.75,4,6.50358247665746,10.5474255435432,1
91,1,14.75,4,10.5474255435432,14.0428505985093,1
91,1,14.75,4,14.0428505985093,14.1308789773291,1
91,1,14.75,4,14.1308789773291,14.75,0
92,1,13.75,1,0,5.98473200422762,1
92,1,13.75,1,5.98473200422762,13.75,0
93,1,10.75,6,0,2.09505498555699,1
93,1,10.75,6,2.09505498555699,7.39562903926528,1
93,1,10.75,6,7.39562903926528,7.81749840827673,1
93,1,10.75,6,7.81749840827673,8.92311428219246,1
93,1,10.75,6,8.92311428219246,9.02643742969445,1
93,1,10.75,6,9.02643742969445,9.56575037308929,1
93,1,10.75,6,9.56575037308929,10.75,0
94,1,12.75,2,0,7.31835250457113,1
94,1,12.75,2,7.31835250457113,9.40717358369166,1
94,1,12.75,2,9.40717358369166,12.75,0
95,1,11.75,16,0,4.4111442809054,1
95,1,11.75,16,4.4111442809054,5.70254375032716,1
95,1,11.75,16,5.70254375032716,5.95373705804849,1
95,1,11.75,16,5.95373705804849,6.74677505637458,1
95,1,11.75,16,6.74677505637458,6.97656102362862,1
95,1,11.75,16,6.97656102362862,7.38726806073984,1
95,1,11.75,16,7.38726806073984,8.79474091059767,1
95,1,11.75,16,8.79474091059767,8.86392139324474,1
95,1,11.75,16,8.86392139324474,8.9599621428104,1
95,1,11.75,16,8.9599621428104,9.41549793386048,1
95,1,11.75,16,9.41549793386048,9.4978657733779,1
95,1,11.75,16,9.4978657733779,11.0719264808027,1
95,1,11.75,16,11.0719264808027,11.1891653778512,1
95,1,11.75,16,11.1891653778512,11.3669914949431,1
95,1,11.75,16,11.3669914949431,11.3708689854083,1
95,1,11.75,16,11.3708689854083,11.5023531534916,1
95,1,11.75,16,11.5023531534916,11.75,0
96,1,11.75,5,0,6.16197277031101,1
96,1,11.75,5,6.16197277031101,8.27099207744923,1
96,1,11.75,5,8.27099207744923,8.72231359725479,1
96,1,11.75,5,8.72231359725479,8.80105108447164,1
96,1,11.75,5,8.80105108447164,10.3139374822019,1
96,1,11.75,5,10.3139374822019,11.75,0
97,1,18.75,50,0,2.72299346166411,1
97,1,18.75,50,2.72299346166411,2.98699350681288,1
97,1,18.75,50,2.98699350681288,5.13170270648564,1
97,1,18.75,50,5.13170270648564,5.67697199194302,1
97,1,18.75,50,5.67697199194302,5.99227002459427,1
97,1,18.75,50,5.99227002459427,6.25792040010071,1
97,1,18.75,50,6.25792040010071,6.92152746296522,1
97,1,18.75,50,6.92152746296522,8.01219129660074,1
97,1,18.75,50,8.01219129660074,9.55979812035549,1
97,1,18.75,50,9.55979812035549,9.67393296767173,1
97,1,18.75,50,9.67393296767173,10.137328196968,1
97,1,18.75,50,10.137328196968,10.1997297922005,1
97,1,18.75,50,10.1997297922005,11.100692218426,1
97,1,18.75,50,11.100692218426,11.772345025689,1
97,1,18.75,50,11.772345025689,11.9527588950809,1
97,1,18.75,50,11.9527588950809,12.1048386614901,1
97,1,18.75,50,12.1048386614901,12.2125341552165,1
97,1,18.75,50,12.2125341552165,12.3907997514204,1
97,1,18.75,50,12.3907997514204,12.4123942375996,1
97,1,18.75,50,12.4123942375996,12.5344026937121,1
97,1,18.75,50,12.5344026937121,12.7053326501765,1
97,1,18.75,50,12.7053326501765,12.8652202888973,1
97,1,18.75,50,12.8652202888973,13.0896678377056,1
97,1,18.75,50,13.0896678377056,13.3673852760508,1
97,1,18.75,50,13.3673852760508,13.812420720857,1
97,1,18.75,50,13.812420720857,13.8235103170025,1
97,1,18.75,50,13.8235103170025,13.99093844229,1
97,1,18.75,50,13.99093844229,14.6732312686596,1
97,1,18.75,50,14.6732312686596,14.979822430559,1
97,1,18.75,50,14.979822430559,15.2786147862253,1
97,1,18.75,50,15.2786147862253,15.3004402084738,1
97,1,18.75,50,15.3004402084738,15.4020253650377,1
97,1,18.75,50,15.4020253650377,15.5217236671452,1
97,1,18.75,50,15.5217236671452,15.6973027105958,1
97,1,18.75,50,15.6973027105958,16.1504846749699,1
97,1,18.75,50,16.1504846749699,16.1777870846726,1
97,1,18.75,50,16.1777870846726,16.4946175264231,1
97,1,18.75,50,16.4946175264231,16.5923818961981,1
97,1,18.75,50,16.5923818961981,16.7316057851027,1
97,1,18.75,50,16.7316057851027,16.7924491806332,1
97,1,18.75,50,16.7924491806332,16.8983873548772,1
97,1,18.75,50,16.8983873548772,17.1548505853823,1
97,1,18.75,50,17.1548505853823,17.3153702359537,1
97,1,18.75,50,17.3153702359537,17.5763122742407,1
97,1,18.75,50,17.5763122742407,17.6865961071035,1
97,1,18.75,50,17.6865961071035,18.2683453468421,1
97,1,18.75,50,18.2683453468421,18.3084564724836,1
97,1,18.75,50,18.3084564724836,18.3350535196726,1
97,1,18.75,50,18.3350535196726,18.5119628703768,1
97,1,18.75,50,18.5119628703768,18.6380891856762,1
97,1,18.75,50,18.6380891856762,18.75,0
98,1,19.75,3,0,0.234391730327617,1
98,1,19.75,3,0.234391730327617,11.8156249781157,1
98,1,19.75,3,11.8156249781157,12.8464741840051,1
98,1,19.75,3,12.8464741840051,19.75,0
99,1,14.75,2,0,0.0132351716713021,1
99,1,14.75,2,0.0132351716713021,11.2068924645294,1
99,1,14.75,2,11.2068924645294,14.75,0
100,1,14.75,38,0,1.1621772168192,1
100,1,14.75,38,1.1621772168192,3.78493662738735,1
100,1,14.75,38,3.78493662738735,4.57844007672922,1
100,1,14.75,38,4.57844007672922,5.64203449703515,1
100,1,14.75,38,5.64203449703515,6.12197412473996,1
100,1,14.75,38,6.12197412473996,7.54963936172235,1
100,1,14.75,38,7.54963936172235,8.12404570360714,1
100,1,14.75,38,8.12404570360714,8.21281888967099,1
100,1,14.75,38,8.21281888967099,8.8757138874866,1
100,1,14.75,38,8.8757138874866,9.08745466333639,1
100,1,14.75,38,9.08745466333639,9.35399615014557,1
100,1,14.75,38,9.35399615014557,9.57050102727032,1
100,1,14.75,38,9.57050102727032,9.67428214248229,1
100,1,14.75,38,9.67428214248229,9.98283596901292,1
100,1,14.75,38,9.98283596901292,10.1393383596537,1
100,1,14.75,38,10.1393383596537,10.3719649632894,1
100,1,14.75,38,10.3719649632894,11.1056447509778,1
100,1,14.75,38,11.1056447509778,11.3193158164785,1
100,1,14.75,38,11.3193158164785,11.4230985528219,1
100,1,14.75,38,11.4230985528219,11.7513327373462,1
100,1,14.75,38,11.7513327373462,11.8050984700891,1
100,1,14.75,38,11.8050984700891,11.8835439534004,1
100,1,14.75,38,11.8835439534004,11.8836823871392,1
100,1,14.75,38,11.8836823871392,12.1275208006312,1
100,1,14.75,38,12.1275208006312,12.1501513097272,1
100,1,14.75,38,12.1501513097272,12.2072001060026,1
100,1,14.75,38,12.2072001060026,12.4268106252732,1
100,1,14.75,38,12.4268106252732,13.3957982511045,1
100,1,14.75,38,13.3957982511045,13.5522595678226,1
100,1,14.75,38,13.5522595678226,13.6388879628318,1
100,1,14.75,38,13.6388879628318,13.76976446639,1
100,1,14.75,38,13.76976446639,13.786474568012,1
100,1,14.75,38,13.786474568012,13.915067497869,1
100,1,14.75,38,13.915067497869,14.0388309600498,1
100,1,14.75,38,14.0388309600498,14.1456229932389,1
100,1,14.75,38,14.1456229932389,14.1946639061918,1
100,1,14.75,38,14.1946639061918,14.4603752261419,1
100,1,14.75,38,14.4603752261419,14.6477757356316,1
100,1,14.75,38,14.6477757356316,14.75,0
101,1,12.75,7,0,0.0216147109153938,1
101,1,12.75,7,0.0216147109153938,1.26273509855504,1
101,1,12.75,7,1.26273509855504,3.29140385305093,1
101,1,12.75,7,3.29140385305093,5.71814488805761,1
101,1,12.75,7,5.71814488805761,5.94925054303551,1
101,1,12.75,7,5.94925054303551,6.79682972217539,1
101,1,12.75,7,6.79682972217539,9.23127363139093,1
101,1,12.75,7,9.23127363139093,12.75,0
102,1,12.75,34,0,6.39966139366927,1
102,1,12.75,34,6.39966139366927,6.64500367232521,1
102,1,12.75,34,6.64500367232521,6.79422327844175,1
102,1,12.75,34,6.79422327844175,6.83285805844359,1
102,1,12.75,34,6.83285805844359,7.18073779925595,1
102,1,12.75,34,7.18073779925595,7.57018066150754,1
102,1,12.75,34,7.57018066150754,7.96048723069325,1
102,1,12.75,34,7.96048723069325,8.19161681346757,1
102,1,12.75,34,8.19161681346757,8.39124358715242,1
102,1,12.75,34,8.39124358715242,8.59401402811701,1
102,1,12.75,34,8.59401402811701,8.73507033877441,1
102,1,12.75,34,8.73507033877441,9.24286347962835,1
102,1,12.75,34,9.24286347962835,9.43722394703948,1
102,1,12.75,34,9.43722394703948,9.66802466219341,1
102,1,12.75,34,9.66802466219341,9.87123878699681,1
102,1,12.75,34,9.87123878699681,10.0509859901366,1
102,1,12.75,34,10.0509859901366,10.1633901618131,1
102,1,12.75,34,10.1633901618131,10.3283397454018,1
102,1,12.75,34,10.3283397454018,10.5052240625123,1
102,1,12.75,34,10.5052240625123,10.5335859014119,1
102,1,12.75,34,10.5335859014119,11.1470410560997,1
102,1,12.75,34,11.1470410560997,11.2218885958126,1
102,1,12.75,34,11.2218885958126,11.2426322436153,1
102,1,12.75,34,11.2426322436153,11.2869072293927,1
102,1,12.75,34,11.2869072293927,11.3758839457248,1
102,1,12.75,34,11.3758839457248,11.3991773261022,1
102,1,12.75,34,11.3991773261022,11.5989511405935,1
102,1,12.75,34,11.5989511405935,11.637519285528,1
102,1,12.75,34,11.637519285528,11.8067773968655,1
102,1,12.75,34,11.8067773968655,12.1007983524449,1
102,1,12.75,34,12.1007983524449,12.1894770705881,1
102,1,12.75,34,12.1894770705881,12.3336877064633,1
102,1,12.75,34,12.3336877064633,12.5319275920281,1
102,1,12.75,34,12.5319275920281,12.624338475808,1
102,1,12.75,34,12.624338475808,12.75,0
103,1,13.75,0,0,13.75,0
104,1,12.75,23,0,3.75401315772833,1
104,1,12.75,23,3.75401315772833,4.53364744024794,1
104,1,12.75,23,4.53364744024794,4.71924541698176,1
104,1,12.75,23,4.71924541698176,5.0970483180265,1
104,1,12.75,23,5.0970483180265,5.94438144690073,1
104,1,12.75,23,5.94438144690073,7.54528049129301,1
104,1,12.75,23,7.54528049129301,8.51842781860643,1
104,1,12.75,23,8.51842781860643,8.67319417385884,1
104,1,12.75,23,8.67319417385884,8.72038254326309,1
104,1,12.75,23,8.72038254326309,9.17024110932596,1
104,1,12.75,23,9.17024110932596,9.19599532647052,1
104,1,12.75,23,9.19599532647052,9.50666778396238,1
104,1,12.75,23,9.50666778396238,9.88971820224969,1
104,1,12.75,23,9.88971820224969,10.6684101540078,1
104,1,12.75,23,10.6684101540078,10.6766746807214,1
104,1,12.75,23,10.6766746807214,10.7484120149263,1
104,1,12.75,23,10.7484120149263,11.2573526956902,1
104,1,12.75,23,11.2573526956902,11.4109970888821,1
104,1,12.75,23,11.4109970888821,11.6946363043353,1
104,1,12.75,23,11.6946363043353,11.9816759496489,1
104,1,12.75,23,11.9816759496489,12.1153070725075,1
104,1,12.75,23,12.1153070725075,12.3616233178163,1
104,1,12.75,23,12.3616233178163,12.598237870431,1
104,1,12.75,23,12.598237870431,12.75,0
105,1,19.75,1,0,0.219195192315356,1
105,1,19.75,1,0.219195192315356,19.75,0
106,1,8.75,3,0,0.464210844307906,1
106,1,8.75,3,0.464210844307906,1.05744330029511,1
106,1,8.75,3,1.05744330029511,1.49713393747842,1
106,1,8.75,3,1.49713393747842,8.75,0
107,1,14.75,31,0,5.25342811607333,1
107,1,14.75,31,5.25342811607333,5.29547286778283,1
107,1,14.75,31,5.29547286778283,5.87368018035258,1
107,1,14.75,31,5.87368018035258,6.23451408916632,1
107,1,14.75,31,6.23451408916632,6.78785663403669,1
107,1,14.75,31,6.78785663403669,8.28041208262833,1
107,1,14.75,31,8.28041208262833,8.32606435536506,1
107,1,14.75,31,8.32606435536506,8.42988651796614,1
107,1,14.75,31,8.42988651796614,8.82148954306981,1
107,1,14.75,31,8.82148954306981,9.2948309404956,1
107,1,14.75,31,9.2948309404956,10.6253032903778,1
107,1,14.75,31,10.6253032903778,10.6807531556348,1
107,1,14.75,31,10.6807531556348,10.7024913037062,1
107,1,14.75,31,10.7024913037062,10.8138207445295,1
107,1,14.75,31,10.8138207445295,10.9816042912054,1
107,1,14.75,31,10.9816042912054,11.109139980057,1
107,1,14.75,31,11.109139980057,11.6848016534337,1
107,1,14.75,31,11.6848016534337,11.7487197941032,1
107,1,14.75,31,11.7487197941032,11.9626248094581,1
107,1,14.75,31,11.9626248094581,12.1087783709563,1
107,1,14.75,31,12.1087783709563,12.2428845383882,1
107,1,14.75,31,12.2428845383882,12.7808740564294,1
107,1,14.75,31,12.7808740564294,12.8750677287005,1
107,1,14.75,31,12.8750677287005,13.1979213001422,1
107,1,14.75,31,13.1979213001422,13.3099415626476,1
107,1,14.75,31,13.3099415626476,13.3221825836571,1
107,1,14.75,31,13.3221825836571,13.3710686816102,1
107,1,14.75,31,13.3710686816102,14.0399859017458,1
107,1,14.75,31,14.0399859017458,14.2482755271745,1
107,1,14.75,31,14.2482755271745,14.6603602463381,1
107,1,14.75,31,14.6603602463381,14.7066363015262,1
107,1,14.75,31,14.7066363015262,14.75,0
108,1,16.75,70,0,3.79111157361553,1
108,1,16.75,70,3.79111157361553,4.583604505995,1
108,1,16.75,70,4.583604505995,4.79553744585531,1
108,1,16.75,70,4.79553744585531,4.91006396030503,1
108,1,16.75,70,4.91006396030503,4.95999751324564,1
108,1,16.75,70,4.95999751324564,5.23502073569984,1
108,1,16.75,70,5.23502073569984,6.19002429385614,1
108,1,16.75,70,6.19002429385614,6.60432176335753,1
108,1,16.75,70,6.60432176335753,7.91741739440397,1
108,1,16.75,70,7.91741739440397,8.07341564436958,1
108,1,16.75,70,8.07341564436958,8.24778027886611,1
108,1,16.75,70,8.24778027886611,8.70890556770453,1
108,1,16.75,70,8.70890556770453,8.76645202262583,1
108,1,16.75,70,8.76645202262583,9.1240814707014,1
108,1,16.75,70,9.1240814707014,9.4562013101777,1
108,1,16.75,70,9.4562013101777,9.58177453524106,1
108,1,16.75,70,9.58177453524106,9.60280585965455,1
108,1,16.75,70,9.60280585965455,9.64779867358095,1
108,1,16.75,70,9.64779867358095,9.69497130922923,1
108,1,16.75,70,9.69497130922923,9.80694686321493,1
108,1,16.75,70,9.80694686321493,9.97348527258158,1
108,1,16.75,70,9.97348527258158,10.0792998111447,1
108,1,16.75,70,10.0792998111447,10.0799198694577,1
108,1,16.75,70,10.0799198694577,10.1064489677162,1
108,1,16.75,70,10.1064489677162,10.1930304168384,1
108,1,16.75,70,10.1930304168384,10.3036048420899,1
108,1,16.75,70,10.3036048420899,10.4708022108404,1
108,1,16.75,70,10.4708022108404,10.7263141146299,1
108,1,16.75,70,10.7263141146299,10.8358881595782,1
108,1,16.75,70,10.8358881595782,11.0623802822773,1
108,1,16.75,70,11.0623802822773,11.364275998558,1
108,1,16.75,70,11.364275998558,11.4601478095569,1
108,1,16.75,70,11.4601478095569,11.5128281620797,1
108,1,16.75,70,11.5128281620797,11.547177394929,1
108,1,16.75,70,11.547177394929,11.5528112897152,1
108,1,16.75,70,11.5528112897152,12.2895819886797,1
108,1,16.75,70,12.2895819886797,12.4702290156355,1
108,1,16.75,70,12.4702290156355,12.7150736465914,1
108,1,16.75,70,12.7150736465914,12.9122943666468,1
108,1,16.75,70,12.9122943666468,13.080183757941,1
108,1,16.75,70,13.080183757941,13.2141093320183,1
108,1,16.75,70,13.2141093320183,13.3340312712204,1
108,1,16.75,70,13.3340312712204,13.339593453324,1
108,1,16.75,70,13.339593453324,13.492828749529,1
108,1,16.75,70,13.492828749529,13.9278851797148,1
108,1,16.75,70,13.9278851797148,14.0485679721962,1
108,1,16.75,70,14.0485679721962,14.0512396292286,1
108,1,16.75,70,14.0512396292286,14.1387819551725,1
108,1,16.75,70,14.1387819551725,14.3130943558939,1
108,1,16.75,70,14.3130943558939,14.3727496703418,1
108,1,16.75,70,14.3727496703418,14.4456869569248,1
108,1,16.75,70,14.4456869569248,14.5273133101728,1
108,1,16.75,70,14.5273133101728,15.1458519509821,1
108,1,16.75,70,15.1458519509821,15.1939830256934,1
108,1,16.75,70,15.1939830256934,15.4621463269032,1
108,1,16.75,70,15.4621463269032,15.4694052289077,1
108,1,16.75,70,15.4694052289077,15.5372683189755,1
108,1,16.75,70,15.5372683189755,15.573141310083,1
108,1,16.75,70,15.573141310083,15.608598793426,1
108,1,16.75,70,15.608598793426,15.8474923741702,1
108,1,16.75,70,15.8474923741702,16.0402756710771,1
108,1,16.75,70,16.0402756710771,16.0740741165177,1
108,1,16.75,70,16.0740741165177,16.1739851007809,1
108,1,16.75,70,16.1739851007809,16.4209275392038,1
108,1,16.75,70,16.4209275392038,16.5550429560701,1
108,1,16.75,70,16.5550429560701,16.587199122422,1
108,1,16.75,70,16.587199122422,16.6098338989622,1
108,1,16.75,70,16.6098338989622,16.6829910496843,1
108,1,16.75,70,16.6829910496843,16.7221970133054,1
108,1,16.75,70,16.7221970133054,16.7368558455581,1
108,1,16.75,70,16.7368558455581,16.75,0
109,1,11.75,4,0,0.148240438587564,1
109,1,11.75,4,0.148240438587564,0.267947421777385,1
109,1,11.75,4,0.267947421777385,0.483950567058616,1
109,1,11.75,4,0.483950567058616,5.93347520296252,1
109,1,11.75,4,5.93347520296252,11.75,0
110,1,17.75,46,0,4.42476658386887,1
110,1,17.75,46,4.42476658386887,4.88825136155742,1
110,1,17.75,46,4.88825136155742,4.92326925908921,1
110,1,17.75,46,4.92326925908921,5.38238391990227,1
110,1,17.75,46,5.38238391990227,5.84230857123892,1
110,1,17.75,46,5.84230857123892,6.53774973729231,1
110,1,17.75,46,6.53774973729231,7.93495168263488,1
110,1,17.75,46,7.93495168263488,8.11903683873695,1
110,1,17.75,46,8.11903683873695,8.83192258534535,1
110,1,17.75,46,8.83192258534535,9.70779185333521,1
110,1,17.75,46,9.70779185333521,9.90205911675514,1
110,1,17.75,46,9.90205911675514,10.2226998761713,1
110,1,17.75,46,10.2226998761713,10.393828718018,1
110,1,17.75,46,10.393828718018,11.0294195277829,1
110,1,17.75,46,11.0294195277829,11.4625023912958,1
110,1,17.75,46,11.4625023912958,11.6186639285285,1
110,1,17.75,46,11.6186639285285,11.9364361206923,1
110,1,17.75,46,11.9364361206923,12.3122780440702,1
110,1,17.75,46,12.3122780440702,12.3589983367581,1
110,1,17.75,46,12.3589983367581,12.3858281033941,1
110,1,17.75,46,12.3858281033941,12.6816426892917,1
110,1,17.75,46,12.6816426892917,13.4567408564465,1
110,1,17.75,46,13.4567408564465,13.845006859651,1
110,1,17.75,46,13.845006859651,14.3084619524589,1
110,1,17.75,46,14.3084619524589,14.9152117226252,1
110,1,17.75,46,14.9152117226252,14.9629365722984,1
110,1,17.75,46,14.9629365722984,15.124013376006,1
110,1,17.75,46,15.124013376006,15.3298732575144,1
110,1,17.75,46,15.3298732575144,15.4695566417312,1
110,1,17.75,46,15.4695566417312,15.635407845392,1
110,1,17.75,46,15.635407845392,15.671635162254,1
110,1,17.75,46,15.671635162254,15.767024795356,1
110,1,17.75,46,15.767024795356,15.957034148952,1
110,1,17.75,46,15.957034148952,16.570719957288,1
110,1,17.75,46,16.570719957288,16.6851384246547,1
110,1,17.75,46,16.6851384246547,16.8231137781309,1
110,1,17.75,46,16.8231137781309,17.0176242536167,1
110,1,17.75,46,17.0176242536167,17.0263060528307,1
110,1,17.75,46,17.0263060528307,17.1595266784209,1
110,1,17.75,46,17.1595266784209,17.1969573490357,1
110,1,17.75,46,17.1969573490357,17.3411508056235,1
110,1,17.75,46,17.3411508056235,17.3791957711198,1
110,1,17.75,46,17.3791957711198,17.4592331064508,1
110,1,17.75,46,17.4592331064508,17.5043246437548,1
110,1,17.75,46,17.5043246437548,17.6201155709932,1
110,1,17.75,46,17.6201155709932,17.6507859296902,1
110,1,17.75,46,17.6507859296902,17.75,0
111,1,8.75,12,0,0.468002184326298,1
111,1,8.75,12,0.468002184326298,3.97632722532512,1
111,1,8.75,12,3.97632722532512,4.12721714066205,1
111,1,8.75,12,4.12721714066205,5.30688613917721,1
111,1,8.75,12,5.30688613917721,5.95202805450374,1
111,1,8.75,12,5.95202805450374,6.1233740884628,1
111,1,8.75,12,6.1233740884628,6.28153168551462,1
111,1,8.75,12,6.28153168551462,6.71925462193367,1
111,1,8.75,12,6.71925462193367,7.40272887094613,1
111,1,8.75,12,7.40272887094613,7.71788537981966,1
111,1,8.75,12,7.71788537981966,7.98715762187438,1
111,1,8.75,12,7.98715762187438,8.69153339081315,1
111,1,8.75,12,8.69153339081315,8.75,0
112,1,12.75,22,0,1.99065662889694,1
112,1,12.75,22,1.99065662889694,2.51153554166305,1
112,1,12.75,22,2.51153554166305,6.8664079317087,1
112,1,12.75,22,6.8664079317087,7.32719430198938,1
112,1,12.75,22,7.32719430198938,7.72360230411412,1
112,1,12.75,22,7.72360230411412,7.72878712577079,1
112,1,12.75,22,7.72878712577079,7.80187121523539,1
112,1,12.75,22,7.80187121523539,7.90938582263951,1
112,1,12.75,22,7.90938582263951,8.12348352185056,1
112,1,12.75,22,8.12348352185056,8.5393193346299,1
112,1,12.75,22,8.5393193346299,9.08687550100505,1
112,1,12.75,22,9.08687550100505,9.25240891975152,1
112,1,12.75,22,9.25240891975152,9.40639685090215,1
112,1,12.75,22,9.40639685090215,9.44341039964258,1
112,1,12.75,22,9.44341039964258,9.89634928072438,1
112,1,12.75,22,9.89634928072438,10.7999078260719,1
112,1,12.75,22,10.7999078260719,11.1076653229895,1
112,1,12.75,22,11.1076653229895,11.2928770732717,1
112,1,12.75,22,11.2928770732717,11.4292389315118,1
112,1,12.75,22,11.4292389315118,11.441531248234,1
112,1,12.75,22,11.441531248234,11.7767902266881,1
112,1,12.75,22,11.7767902266881,12.375485880382,1
112,1,12.75,22,12.375485880382,12.75,0
113,1,8.75,1,0,2.44846266882867,1
113,1,8.75,1,2.44846266882867,8.75,0
114,1,8.75,1,0,3.19014527415859,1
114,1,8.75,1,3.19014527415859,8.75,0
115,1,12.75,3,0,0.173693010293498,1
115,1,12.75,3,0.173693010293498,4.22180578359754,1
115,1,12.75,3,4.22180578359754,8.17047038036797,1
115,1,12.75,3,8.17047038036797,12.75,0
116,1,8.75,2,0,0.389105415047744,1
116,1,8.75,2,0.389105415047744,3.46386118139161,1
116,1,8.75,2,3.46386118139161,8.75,0
117,1,16.75,61,0,1.64638837727469,1
117,1,16.75,61,1.64638837727469,2.95048098387983,1
117,1,16.75,61,2.95048098387983,3.00516670036321,1
117,1,16.75,61,3.00516670036321,3.18436280657132,1
117,1,16.75,61,3.18436280657132,4.0791043839315,1
117,1,16.75,61,4.0791043839315,6.18719133895262,1
117,1,16.75,61,6.18719133895262,7.03967714099754,1
117,1,16.75,61,7.03967714099754,7.34116816046325,1
117,1,16.75,61,7.34116816046325,7.38948177109478,1
117,1,16.75,61,7.38948177109478,7.67314338743699,1
117,1,16.75,61,7.67314338743699,7.98131082697612,1
117,1,16.75,61,7.98131082697612,8.15887380338553,1
117,1,16.75,61,8.15887380338553,8.48723799387025,1
117,1,16.75,61,8.48723799387025,8.78850240885162,1
117,1,16.75,61,8.78850240885162,9.5454551650453,1
117,1,16.75,61,9.5454551650453,9.57877724609476,1
117,1,16.75,61,9.57877724609476,9.610842588879,1
117,1,16.75,61,9.610842588879,9.64447046977479,1
117,1,16.75,61,9.64447046977479,10.3514165798738,1
117,1,16.75,61,10.3514165798738,10.8781077641223,1
117,1,16.75,61,10.8781077641223,11.0332335798697,1
117,1,16.75,61,11.0332335798697,11.3602994544415,1
117,1,16.75,61,11.3602994544415,11.4229418533884,1
117,1,16.75,61,11.4229418533884,11.6178686741308,1
117,1,16.75,61,11.6178686741308,11.7249240542022,1
117,1,16.75,61,11.7249240542022,11.752299523228,1
117,1,16.75,61,11.752299523228,11.8664589590262,1
117,1,16.75,61,11.8664589590262,11.9433068174869,1
117,1,16.75,61,11.9433068174869,12.2370860999248,1
117,1,16.75,61,12.2370860999248,12.5121152569116,1
117,1,16.75,61,12.5121152569116,12.7677747632746,1
117,1,16.75,61,12.7677747632746,13.0800301333267,1
117,1,16.75,61,13.0800301333267,13.0904884143613,1
117,1,16.75,61,13.0904884143613,13.1653339587721,1
117,1,16.75,61,13.1653339587721,13.1681422922848,1
117,1,16.75,61,13.1681422922848,13.1901330278777,1
117,1,16.75,61,13.1901330278777,13.3392873829954,1
117,1,16.75,61,13.3392873829954,13.4357398692415,1
117,1,16.75,61,13.4357398692415,13.6296311307887,1
117,1,16.75,61,13.6296311307887,14.0645820616086,1
117,1,16.75,61,14.0645820616086,14.0862932932782,1
117,1,16.75,61,14.0862932932782,14.1717663446351,1
117,1,16.75,61,14.1717663446351,14.2823146463531,1
117,1,16.75,61,14.2823146463531,14.6232232939024,1
117,1,16.75,61,14.6232232939024,14.75445638704,1
117,1,16.75,61,14.75445638704,14.80896272685,1
117,1,16.75,61,14.80896272685,14.9768864266998,1
117,1,16.75,61,14.9768864266998,15.1291754302951,1
117,1,16.75,61,15.1291754302951,15.1524750704303,1
117,1,16.75,61,15.1524750704303,15.2802833314692,1
117,1,16.75,61,15.2802833314692,15.3263207580636,1
117,1,16.75,61,15.3263207580636,15.6636462134622,1
117,1,16.75,61,15.6636462134622,15.9727440198412,1
117,1,16.75,61,15.9727440198412,16.0291934028409,1
117,1,16.75,61,16.0291934028409,16.0452541041503,1
117,1,16.75,61,16.0452541041503,16.2454454623559,1
117,1,16.75,61,16.2454454623559,16.3479415052521,1
117,1,16.75,61,16.3479415052521,16.5611815971688,1
117,1,16.75,61,16.5611815971688,16.624704079994,1
117,1,16.75,61,16.624704079994,16.7319408581519,1
117,1,16.75,61,16.7319408581519,16.7383751159453,1
117,1,16.75,61,16.7383751159453,16.75,0
118,1,14.75,27,0,0.651875803809021,1
118,1,14.75,27,0.651875803809021,5.18777049816406,1
118,1,14.75,27,5.18777049816406,5.55769013505784,1
118,1,14.75,27,5.55769013505784,5.8762157648135,1
118,1,14.75,27,5.8762157648135,7.06307417786179,1
118,1,14.75,27,7.06307417786179,7.47616340755905,1
118,1,14.75,27,7.47616340755905,7.47781971825507,1
118,1,14.75,27,7.47781971825507,7.63252251140289,1
118,1,14.75,27,7.63252251140289,7.82013525553276,1
118,1,14.75,27,7.82013525553276,8.16362919115318,1
118,1,14.75,27,8.16362919115318,9.27642474666351,1
118,1,14.75,27,9.27642474666351,9.460808072398,1
118,1,14.75,27,9.460808072398,9.52561132207916,1
118,1,14.75,27,9.52561132207916,9.58993932272118,1
118,1,14.75,27,9.58993932272118,10.5198411664524,1
118,1,14.75,27,10.5198411664524,10.6402203913923,1
118,1,14.75,27,10.6402203913923,12.5938847799217,1
118,1,14.75,27,12.5938847799217,12.7919868099831,1
118,1,14.75,27,12.7919868099831,12.8090086857069,1
118,1,14.75,27,12.8090086857069,13.246592466008,1
118,1,14.75,27,13.246592466008,13.5175145410863,1
118,1,14.75,27,13.5175145410863,13.6363555687002,1
118,1,14.75,27,13.6363555687002,13.739473827774,1
118,1,14.75,27,13.739473827774,13.7732954100464,1
118,1,14.75,27,13.7732954100464,13.9215670823888,1
118,1,14.75,27,13.9215670823888,14.3173529075793,1
118,1,14.75,27,14.3173529075793,14.4262296912093,1
118,1,14.75,27,14.4262296912093,14.75,0
119,1,15.75,33,0,0.839170367989823,1
119,1,15.75,33,0.839170367989823,2.89888511005047,1
119,1,15.75,33,2.89888511005047,5.1302579477624,1
119,1,15.75,33,5.1302579477624,6.09060813385083,1
119,1,15.75,33,6.09060813385083,6.32487651512583,1
119,1,15.75,33,6.32487651512583,8.78255637669292,1
119,1,15.75,33,8.78255637669292,9.40670115457216,1
119,1,15.75,33,9.40670115457216,9.56664608067934,1
119,1,15.75,33,9.56664608067934,9.65480398990738,1
119,1,15.75,33,9.65480398990738,9.99398527964216,1
119,1,15.75,33,9.99398527964216,10.0941303228098,1
119,1,15.75,33,10.0941303228098,10.8080962634835,1
119,1,15.75,33,10.8080962634835,10.9615278735167,1
119,1,15.75,33,10.9615278735167,11.0604236545378,1
119,1,15.75,33,11.0604236545378,12.0763257425743,1
119,1,15.75,33,12.0763257425743,12.1762205557437,1
119,1,15.75,33,12.1762205557437,12.3141919025238,1
119,1,15.75,33,12.3141919025238,12.9529100000918,1
119,1,15.75,33,12.9529100000918,13.0576121569365,1
119,1,15.75,33,13.0576121569365,13.4691129802692,1
119,1,15.75,33,13.4691129802692,13.6580502462602,1
119,1,15.75,33,13.6580502462602,13.7789063030948,1
119,1,15.75,33,13.7789063030948,13.9585252481397,1
119,1,15.75,33,13.9585252481397,14.1986918081745,1
119,1,15.75,33,14.1986918081745,14.4849386051772,1
119,1,15.75,33,14.4849386051772,14.5138987264564,1
119,1,15.75,33,14.5138987264564,14.6166391051159,1
119,1,15.75,33,14.6166391051159,14.6940982864384,1
119,1,15.75,33,14.6940982864384,14.9639882698045,1
119,1,15.75,33,14.9639882698045,15.2901556335987,1
119,1,15.75,33,15.2901556335987,15.4745026998806,1
119,1,15.75,33,15.4745026998806,15.4815558286733,1
119,1,15.75,33,15.4815558286733,15.5736037658012,1
119,1,15.75,33,15.5736037658012,15.75,0
120,1,11.75,16,0,1.42894567808282,1
120,1,11.75,16,1.42894567808282,5.8804922197084,1
120,1,11.75,16,5.8804922197084,6.31368128142119,1
120,1,11.75,16,6.31368128142119,6.57355640215324,1
120,1,11.75,16,6.57355640215324,7.33298932760121,1
120,1,11.75,16,7.33298932760121,7.79594941719665,1
120,1,11.75,16,7.79594941719665,8.08522064003853,1
120,1,11.75,16,8.08522064003853,8.51791561277395,1
120,1,11.75,16,8.51791561277395,8.7155444888957,1
120,1,11.75,16,8.7155444888957,9.40187487439066,1
120,1,11.75,16,9.40187487439066,9.44408875605973,1
120,1,11.75,16,9.44408875605973,10.332059783942,1
120,1,11.75,16,10.332059783942,10.7478462887228,1
120,1,11.75,16,10.7478462887228,10.8641014756343,1
120,1,11.75,16,10.8641014756343,11.3330893646466,1
120,1,11.75,16,11.3330893646466,11.3548712244646,1
120,1,11.75,16,11.3548712244646,11.75,0
121,1,11.75,1,0,1.96458606539838,1
121,1,11.75,1,1.96458606539838,11.75,0
122,1,16.75,2,0,1.4366525275168,1
122,1,16.75,2,1.4366525275168,3.78984951618251,1
122,1,16.75,2,3.78984951618251,16.75,0
123,1,17.75,33,0,1.40917988057831,1
123,1,17.75,33,1.40917988057831,3.67227761458255,1
123,1,17.75,33,3.67227761458255,3.74750927485318,1
123,1,17.75,33,3.74750927485318,5.32779970534306,1
123,1,17.75,33,5.32779970534306,6.56834536220293,1
123,1,17.75,33,6.56834536220293,8.19697074010083,1
123,1,17.75,33,8.19697074010083,8.28108423139794,1
123,1,17.75,33,8.28108423139794,8.44977569593426,1
123,1,17.75,33,8.44977569593426,8.8975810830344,1
123,1,17.75,33,8.8975810830344,9.24165267887421,1
123,1,17.75,33,9.24165267887421,10.0674049430691,1
123,1,17.75,33,10.0674049430691,10.1986333468281,1
123,1,17.75,33,10.1986333468281,11.0260724581954,1
123,1,17.75,33,11.0260724581954,11.6171768303972,1
123,1,17.75,33,11.6171768303972,12.3713721971044,1
123,1,17.75,33,12.3713721971044,12.4228544076586,1
123,1,17.75,33,12.4228544076586,12.8147690454643,1
123,1,17.75,33,12.8147690454643,12.898602391822,1
123,1,17.75,33,12.898602391822,13.7526584067303,1
123,1,17.75,33,13.7526584067303,14.2844162410952,1
123,1,17.75,33,14.2844162410952,14.7510400250117,1
123,1,17.75,33,14.7510400250117,15.538733974533,1
123,1,17.75,33,15.538733974533,15.5761570640776,1
123,1,17.75,33,15.5761570640776,15.7956745888426,1
123,1,17.75,33,15.7956745888426,16.0946225420182,1
123,1,17.75,33,16.0946225420182,16.1047795206986,1
123,1,17.75,33,16.1047795206986,16.180965987487,1
123,1,17.75,33,16.180965987487,16.4794008491069,1
123,1,17.75,33,16.4794008491069,17.2368732880686,1
123,1,17.75,33,17.2368732880686,17.2414463462693,1
123,1,17.75,33,17.2414463462693,17.4110785458899,1
123,1,17.75,33,17.4110785458899,17.45624214507,1
123,1,17.75,33,17.45624214507,17.6948562040113,1
123,1,17.75,33,17.6948562040113,17.75,0
124,1,14.75,64,0,2.06548929683923,1
124,1,14.75,64,2.06548929683923,2.20445959986987,1
124,1,14.75,64,2.20445959986987,4.08511716566505,1
124,1,14.75,64,4.08511716566505,5.48066098127572,1
124,1,14.75,64,5.48066098127572,5.73651455356203,1
124,1,14.75,64,5.73651455356203,6.0400318853436,1
124,1,14.75,64,6.0400318853436,6.18952656248859,1
124,1,14.75,64,6.18952656248859,6.94086400744618,1
124,1,14.75,64,6.94086400744618,7.25708994690582,1
124,1,14.75,64,7.25708994690582,7.33694408840183,1
124,1,14.75,64,7.33694408840183,7.47187362004511,1
124,1,14.75,64,7.47187362004511,7.73146490060949,1
124,1,14.75,64,7.73146490060949,7.79579806075077,1
124,1,14.75,64,7.79579806075077,7.93015979762613,1
124,1,14.75,64,7.93015979762613,8.38597904454206,1
124,1,14.75,64,8.38597904454206,8.62400454750831,1
124,1,14.75,64,8.62400454750831,9.03891691003557,1
124,1,14.75,64,9.03891691003557,9.27978805628643,1
124,1,14.75,64,9.27978805628643,9.29029110830247,1
124,1,14.75,64,9.29029110830247,9.31983161476249,1
124,1,14.75,64,9.31983161476249,9.34953235856038,1
124,1,14.75,64,9.34953235856038,9.4263599329822,1
124,1,14.75,64,9.4263599329822,9.65528929108622,1
124,1,14.75,64,9.65528929108622,9.72619987281156,1
124,1,14.75,64,9.72619987281156,9.74241089893456,1
124,1,14.75,64,9.74241089893456,10.0076504274126,1
124,1,14.75,64,10.0076504274126,10.2492106274088,1
124,1,14.75,64,10.2492106274088,10.6004137132898,1
124,1,14.75,64,10.6004137132898,10.6413379345117,1
124,1,14.75,64,10.6413379345117,10.8080456792323,1
124,1,14.75,64,10.8080456792323,10.8139403682156,1
124,1,14.75,64,10.8139403682156,10.8199181402917,1
124,1,14.75,64,10.8199181402917,10.8310642284946,1
124,1,14.75,64,10.8310642284946,10.9259836261739,1
124,1,14.75,64,10.9259836261739,10.9582624256064,1
124,1,14.75,64,10.9582624256064,11.2226383701078,1
124,1,14.75,64,11.2226383701078,11.2694407473624,1
124,1,14.75,64,11.2694407473624,11.5150522445447,1
124,1,14.75,64,11.5150522445447,11.6987652257215,1
124,1,14.75,64,11.6987652257215,11.7779855402571,1
124,1,14.75,64,11.7779855402571,12.0106148209733,1
124,1,14.75,64,12.0106148209733,12.0801573269476,1
124,1,14.75,64,12.0801573269476,12.1298931842877,1
124,1,14.75,64,12.1298931842877,12.4536502972792,1
124,1,14.75,64,12.4536502972792,12.5217177931804,1
124,1,14.75,64,12.5217177931804,12.5635503404793,1
124,1,14.75,64,12.5635503404793,12.6433685140524,1
124,1,14.75,64,12.6433685140524,12.6483034731845,1
124,1,14.75,64,12.6483034731845,12.7354965060801,1
124,1,14.75,64,12.7354965060801,12.7849287545139,1
124,1,14.75,64,12.7849287545139,12.7973972892109,1
124,1,14.75,64,12.7973972892109,12.869373713622,1
124,1,14.75,64,12.869373713622,12.9121541019753,1
124,1,14.75,64,12.9121541019753,13.1840714734301,1
124,1,14.75,64,13.1840714734301,13.382466629946,1
124,1,14.75,64,13.382466629946,13.544962921757,1
124,1,14.75,64,13.544962921757,13.7406666749982,1
124,1,14.75,64,13.7406666749982,13.9524336043358,1
124,1,14.75,64,13.9524336043358,13.986769267312,1
124,1,14.75,64,13.986769267312,14.0534923451665,1
124,1,14.75,64,14.0534923451665,14.1467004926666,1
124,1,14.75,64,14.1467004926666,14.255715407251,1
124,1,14.75,64,14.255715407251,14.6294236284622,1
124,1,14.75,64,14.6294236284622,14.7464214118827,1
124,1,14.75,64,14.7464214118827,14.75,0
125,1,10.75,2,0,0.928927267927036,1
125,1,10.75,2,0.928927267927036,1.63870678573298,1
125,1,10.75,2,1.63870678573298,10.75,0
126,1,14.75,0,0,14.75,0
127,1,15.75,20,0,4.30802776288531,1
127,1,15.75,20,4.30802776288531,5.98786267547869,1
127,1,15.75,20,5.98786267547869,6.34923317066309,1
127,1,15.75,20,6.34923317066309,6.64026330226489,1
127,1,15.75,20,6.64026330226489,10.3311344248259,1
127,1,15.75,20,10.3311344248259,10.6137475756028,1
127,1,15.75,20,10.6137475756028,11.3713167132585,1
127,1,15.75,20,11.3713167132585,11.4414029845202,1
127,1,15.75,20,11.4414029845202,11.5699239096515,1
127,1,15.75,20,11.5699239096515,11.6621541201439,1
127,1,15.75,20,11.6621541201439,11.7844071227554,1
127,1,15.75,20,11.7844071227554,11.8530200610305,1
127,1,15.75,20,11.8530200610305,12.0295605706249,1
127,1,15.75,20,12.0295605706249,12.8445582332103,1
127,1,15.75,20,12.8445582332103,14.0571957360137,1
127,1,15.75,20,14.0571957360137,15.1043039712717,1
127,1,15.75,20,15.1043039712717,15.1387204411354,1
127,1,15.75,20,15.1387204411354,15.203034484709,1
127,1,15.75,20,15.203034484709,15.4444854115864,1
127,1,15.75,20,15.4444854115864,15.7159706223144,1
127,1,15.75,20,15.7159706223144,15.75,0
128,1,15.75,2,0,8.57460001739832,1
128,1,15.75,2,8.57460001739832,8.66227314341423,1
128,1,15.75,2,8.66227314341423,15.75,0
129,1,16.75,26,0,5.98996352063129,1
129,1,16.75,26,5.98996352063129,8.48090463936433,1
129,1,16.75,26,8.48090463936433,8.67490121988249,1
129,1,16.75,26,8.67490121988249,10.1961669657353,1
129,1,16.75,26,10.1961669657353,10.6417141783967,1
129,1,16.75,26,10.6417141783967,10.8403851546158,1
129,1,16.75,26,10.8403851546158,11.0011454623768,1
129,1,16.75,26,11.0011454623768,11.6513683041558,1
129,1,16.75,26,11.6513683041558,11.7887442599397,1
129,1,16.75,26,11.7887442599397,11.9244555750469,1
129,1,16.75,26,11.9244555750469,12.0130040048339,1
129,1,16.75,26,12.0130040048339,12.519040354609,1
129,1,16.75,26,12.519040354609,12.7598631403302,1
129,1,16.75,26,12.7598631403302,12.9486077861815,1
129,1,16.75,26,12.9486077861815,13.4439744083468,1
129,1,16.75,26,13.4439744083468,13.5257595020927,1
129,1,16.75,26,13.5257595020927,13.7171141800869,1
129,1,16.75,26,13.7171141800869,13.7603801424502,1
129,1,16.75,26,13.7603801424502,13.9130656199566,1
129,1,16.75,26,13.9130656199566,14.9535258372645,1
129,1,16.75,26,14.9535258372645,15.4475952791705,1
129,1,16.75,26,15.4475952791705,15.5292722144016,1
129,1,16.75,26,15.5292722144016,15.7209982244883,1
129,1,16.75,26,15.7209982244883,16.3675081696408,1
129,1,16.75,26,16.3675081696408,16.5642104864058,1
129,1,16.75,26,16.5642104864058,16.5947599344802,1
129,1,16.75,26,16.5947599344802,16.75,0
130,1,13.75,30,0,1.85286757112513,1
130,1,13.75,30,1.85286757112513,4.44784948308136,1
130,1,13.75,30,4.44784948308136,4.91560833284241,1
130,1,13.75,30,4.91560833284241,5.05455268097221,1
130,1,13.75,30,5.05455268097221,6.11916137725649,1
130,1,13.75,30,6.11916137725649,6.34137794210237,1
130,1,13.75,30,6.34137794210237,6.59858326071494,1
130,1,13.75,30,6.59858326071494,6.65095097012957,1
130,1,13.75,30,6.65095097012957,7.48618038388888,1
130,1,13.75,30,7.48618038388888,7.73094794157797,1
130,1,13.75,30,7.73094794157797,8.60730154370687,1
130,1,13.75,30,8.60730154370687,8.66447199334773,1
130,1,13.75,30,8.66447199334773,8.76110263211501,1
130,1,13.75,30,8.76110263211501,9.51161026571782,1
130,1,13.75,30,9.51161026571782,9.55340684558024,1
130,1,13.75,30,9.55340684558024,9.83317339388611,1
130,1,13.75,30,9.83317339388611,9.95996532259932,1
130,1,13.75,30,9.95996532259932,10.3633811846939,1
130,1,13.75,30,10.3633811846939,10.8522877028213,1
130,1,13.75,30,10.8522877028213,11.0141013954535,1
130,1,13.75,30,11.0141013954535,11.3494886167705,1
130,1,13.75,30,11.3494886167705,11.3951776574104,1
130,1,13.75,30,11.3951776574104,11.6967307639525,1
130,1,13.75,30,11.6967307639525,11.7063830187885,1
130,1,13.75,30,11.7063830187885,12.1991275311569,1
130,1,13.75,30,12.1991275311569,12.2633283910038,1
130,1,13.75,30,12.2633283910038,12.5304195397779,1
130,1,13.75,30,12.5304195397779,12.9364961138505,1
130,1,13.75,30,12.9364961138505,13.101398035068,1
130,1,13.75,30,13.101398035068,13.6570819904334,1
130,1,13.75,30,13.6570819904334,13.75,0
131,1,15.75,3,0,0.182709458862564,1
131,1,15.75,3,0.182709458862564,7.2623477834458,1
131,1,15.75,3,7.2623477834458,7.59035640915717,1
131,1,15.75,3,7.59035640915717,15.75,0
132,1,14.75,1,0,2.05127620665369,1
132,1,14.75,1,2.05127620665369,14.75,0
133,1,19.75,0,0,19.75,0
134,1,17.75,47,0,3.92453070719172,1
134,1,17.75,47,3.92453070719172,4.90587036544972,1
134,1,17.75,47,4.90587036544972,6.58023657519318,1
134,1,17.75,47,6.58023657519318,6.704911859754,1
134,1,17.75,47,6.704911859754,7.27034803872291,1
134,1,17.75,47,7.27034803872291,7.96777353856232,1
134,1,17.75,47,7.96777353856232,8.07188932817052,1
134,1,17.75,47,8.07188932817052,8.17249810539314,1
134,1,17.75,47,8.17249810539314,8.34809290686143,1
134,1,17.75,47,8.34809290686143,8.47408030545492,1
134,1,17.75,47,8.47408030545492,8.47830113524695,1
134,1,17.75,47,8.47830113524695,8.70958695789158,1
134,1,17.75,47,8.70958695789158,8.95103184295,1
134,1,17.75,47,8.95103184295,9.45109634778552,1
134,1,17.75,47,9.45109634778552,9.48499451276139,1
134,1,17.75,47,9.48499451276139,9.62651590290465,1
134,1,17.75,47,9.62651590290465,9.82009854015917,1
134,1,17.75,47,9.82009854015917,10.0232338920529,1
134,1,17.75,47,10.0232338920529,10.0796378022945,1
134,1,17.75,47,10.0796378022945,10.1386883572507,1
134,1,17.75,47,10.1386883572507,10.1430472201492,1
134,1,17.75,47,10.1430472201492,11.2766713714188,1
134,1,17.75,47,11.2766713714188,11.3223958538079,1
134,1,17.75,47,11.3223958538079,11.4761520675697,1
134,1,17.75,47,11.4761520675697,11.5285428381724,1
134,1,17.75,47,11.5285428381724,12.3035149841181,1
134,1,17.75,47,12.3035149841181,12.8400913104728,1
134,1,17.75,47,12.8400913104728,13.2145657938061,1
134,1,17.75,47,13.2145657938061,13.2359008152547,1
134,1,17.75,47,13.2359008152547,13.9642197381201,1
134,1,17.75,47,13.9642197381201,14.0839449554774,1
134,1,17.75,47,14.0839449554774,14.5088360353183,1
134,1,17.75,47,14.5088360353183,14.9098531451195,1
134,1,17.75,47,14.9098531451195,14.9148450594844,1
134,1,17.75,47,14.9148450594844,15.2637859529561,1
134,1,17.75,47,15.2637859529561,15.2661826823405,1
134,1,17.75,47,15.2661826823405,15.580012139703,1
134,1,17.75,47,15.580012139703,15.712948068639,1
134,1,17.75,47,15.712948068639,15.8534920401858,1
134,1,17.75,47,15.8534920401858,15.8567969306332,1
134,1,17.75,47,15.8567969306332,15.9514484528686,1
134,1,17.75,47,15.9514484528686,16.7498443352452,1
134,1,17.75,47,16.7498443352452,16.7875292755556,1
134,1,17.75,47,16.7875292755556,17.411241141152,1
134,1,17.75,47,17.411241141152,17.5169536380023,1
134,1,17.75,47,17.5169536380023,17.5189072821332,1
134,1,17.75,47,17.5189072821332,17.5284430677389,1
134,1,17.75,47,17.5284430677389,17.75,0
135,1,13.75,50,0,3.68165196685322,1
135,1,13.75,50,3.68165196685322,4.01070370480234,1
135,1,13.75,50,4.01070370480234,4.72696850278964,1
135,1,13.75,50,4.72696850278964,5.58745763073123,1
135,1,13.75,50,5.58745763073123,5.6244714494812,1
135,1,13.75,50,5.6244714494812,5.67866962223248,1
135,1,13.75,50,5.67866962223248,5.72008883643888,1
135,1,13.75,50,5.72008883643888,7.60170706011008,1
135,1,13.75,50,7.60170706011008,8.21784107554265,1
135,1,13.75,50,8.21784107554265,8.30475555505543,1
135,1,13.75,50,8.30475555505543,8.71838036792256,1
135,1,13.75,50,8.71838036792256,8.8036358591096,1
135,1,13.75,50,8.8036358591096,9.16399308274908,1
135,1,13.75,50,9.16399308274908,9.2335633391809,1
135,1,13.75,50,9.2335633391809,9.2649040680114,1
135,1,13.75,50,9.2649040680114,9.44271427923672,1
135,1,13.75,50,9.44271427923672,9.51079673860059,1
135,1,13.75,50,9.51079673860059,9.90147774672477,1
135,1,13.75,50,9.90147774672477,9.96754755928107,1
135,1,13.75,50,9.96754755928107,10.1376240704933,1
135,1,13.75,50,10.1376240704933,10.257646608249,1
135,1,13.75,50,10.257646608249,10.4812873864205,1
135,1,13.75,50,10.4812873864205,10.6765957832075,1
135,1,13.75,50,10.6765957832075,10.7807494772553,1
135,1,13.75,50,10.7807494772553,10.8490712034107,1
135,1,13.75,50,10.8490712034107,11.2147794645219,1
135,1,13.75,50,11.2147794645219,11.4821689977991,1
135,1,13.75,50,11.4821689977991,11.7246172374774,1
135,1,13.75,50,11.7246172374774,11.9163673209314,1
135,1,13.75,50,11.9163673209314,11.9362415793892,1
135,1,13.75,50,11.9362415793892,11.9417270457757,1
135,1,13.75,50,11.9417270457757,11.9917492007807,1
135,1,13.75,50,11.9917492007807,12.1222974890531,1
135,1,13.75,50,12.1222974890531,12.2008173684586,1
135,1,13.75,50,12.2008173684586,12.4523652399265,1
135,1,13.75,50,12.4523652399265,12.5038200650722,1
135,1,13.75,50,12.5038200650722,12.6131333057888,1
135,1,13.75,50,12.6131333057888,12.6840902225524,1
135,1,13.75,50,12.6840902225524,12.8830920777619,1
135,1,13.75,50,12.8830920777619,12.8883912263812,1
135,1,13.75,50,12.8883912263812,12.9479588070654,1
135,1,13.75,50,12.9479588070654,13.0484185755371,1
135,1,13.75,50,13.0484185755371,13.0580763421232,1
135,1,13.75,50,13.0580763421232,13.1271182561635,1
135,1,13.75,50,13.1271182561635,13.4773550171671,1
135,1,13.75,50,13.4773550171671,13.5811868881419,1
135,1,13.75,50,13.5811868881419,13.6224191585248,1
135,1,13.75,50,13.6224191585248,13.7007315290698,1
135,1,13.75,50,13.7007315290698,13.7217113257364,1
135,1,13.75,50,13.7217113257364,13.7325472484836,1
135,1,13.75,50,13.7325472484836,13.75,0
136,1,11.75,2,0,0.00784088218949654,1
136,1,11.75,2,0.00784088218949654,9.89036421708828,1
136,1,11.75,2,9.89036421708828,11.75,0
137,1,11.75,2,0,4.08112039002009,1
137,1,11.75,2,4.08112039002009,5.67891443802811,1
137,1,11.75,2,5.67891443802811,11.75,0
138,1,17.75,29,0,6.33831558516372,1
138,1,17.75,29,6.33831558516372,6.84831464314947,1
138,1,17.75,29,6.84831464314947,7.23346959439859,1
138,1,17.75,29,7.23346959439859,9.24783292125044,1
138,1,17.75,29,9.24783292125044,9.50886331955123,1
138,1,17.75,29,9.50886331955123,9.52295709287557,1
138,1,17.75,29,9.52295709287557,10.3380396309537,1
138,1,17.75,29,10.3380396309537,10.3949322666336,1
138,1,17.75,29,10.3949322666336,11.0219758638886,1
138,1,17.75,29,11.0219758638886,11.395270006457,1
138,1,17.75,29,11.395270006457,11.8650383151503,1
138,1,17.75,29,11.8650383151503,11.9170862579311,1
138,1,17.75,29,11.9170862579311,11.9251422709084,1
138,1,17.75,29,11.9251422709084,12.0621824348925,1
138,1,17.75,29,12.0621824348925,12.2936513102738,1
138,1,17.75,29,12.2936513102738,12.45622529513,1
138,1,17.75,29,12.45622529513,12.6550174500731,1
138,1,17.75,29,12.6550174500731,12.740188001586,1
138,1,17.75,29,12.740188001586,13.1768908649897,1
138,1,17.75,29,13.1768908649897,13.5310077507015,1
138,1,17.75,29,13.5310077507015,14.9658747510777,1
138,1,17.75,29,14.9658747510777,15.5945339561891,1
138,1,17.75,29,15.5945339561891,15.8784102780947,1
138,1,17.75,29,15.8784102780947,16.3790073709558,1
138,1,17.75,29,16.3790073709558,16.6072788652018,1
138,1,17.75,29,16.6072788652018,16.8526453450303,1
138,1,17.75,29,16.8526453450303,17.3201943275477,1
138,1,17.75,29,17.3201943275477,17.4296496356462,1
138,1,17.75,29,17.4296496356462,17.6501840490632,1
138,1,17.75,29,17.6501840490632,17.75,0
139,1,13.75,1,0,9.43633554401117,1
139,1,13.75,1,9.43633554401117,13.75,0
140,1,16.75,1,0,1.71181887011914,1
140,1,16.75,1,1.71181887011914,16.75,0
141,1,14.75,41,0,3.27631801232125,1
141,1,14.75,41,3.27631801232125,3.51565711490869,1
141,1,14.75,41,3.51565711490869,4.8163061395256,1
141,1,14.75,41,4.8163061395256,4.85754918474835,1
141,1,14.75,41,4.85754918474835,4.94448654841789,1
141,1,14.75,41,4.94448654841789,5.89048285277112,1
141,1,14.75,41,5.89048285277112,6.60771057760517,1
141,1,14.75,41,6.60771057760517,6.88129210241105,1
141,1,14.75,41,6.88129210241105,7.33556116394088,1
141,1,14.75,41,7.33556116394088,7.70244850808412,1
141,1,14.75,41,7.70244850808412,8.09077166884645,1
141,1,14.75,41,8.09077166884645,9.06592301619188,1
141,1,14.75,41,9.06592301619188,9.08322730182272,1
141,1,14.75,41,9.08322730182272,10.1149417073988,1
141,1,14.75,41,10.1149417073988,10.1587208786568,1
141,1,14.75,41,10.1587208786568,10.192215608643,1
141,1,14.75,41,10.192215608643,10.2916711642466,1
141,1,14.75,41,10.2916711642466,10.6375635165441,1
141,1,14.75,41,10.6375635165441,10.9798162792514,1
141,1,14.75,41,10.9798162792514,11.0253551869202,1
141,1,14.75,41,11.0253551869202,11.2078272389291,1
141,1,14.75,41,11.2078272389291,11.8584965117248,1
141,1,14.75,41,11.8584965117248,11.8931553696784,1
141,1,14.75,41,11.8931553696784,11.9827812334856,1
141,1,14.75,41,11.9827812334856,12.0733545647508,1
141,1,14.75,41,12.0733545647508,12.142856286645,1
141,1,14.75,41,12.142856286645,12.4433618706674,1
141,1,14.75,41,12.4433618706674,12.7229463386594,1
141,1,14.75,41,12.7229463386594,12.7795646200588,1
141,1,14.75,41,12.7795646200588,13.2858582280445,1
141,1,14.75,41,13.2858582280445,13.3111757780462,1
141,1,14.75,41,13.3111757780462,13.4307878375319,1
141,1,14.75,41,13.4307878375319,13.570797313587,1
141,1,14.75,41,13.570797313587,13.6175901326101,1
141,1,14.75,41,13.6175901326101,13.9664319485827,1
141,1,14.75,41,13.9664319485827,14.0937852223879,1
141,1,14.75,41,14.0937852223879,14.1917519871952,1
141,1,14.75,41,14.1917519871952,14.2457201378935,1
141,1,14.75,41,14.2457201378935,14.6366169848093,1
141,1,14.75,41,14.6366169848093,14.6481184072038,1
141,1,14.75,41,14.6481184072038,14.68534056348,1
141,1,14.75,41,14.68534056348,14.75,0
142,1,8.75,4,0,1.02036637754855,1
142,1,8.75,4,1.02036637754855,6.08135348489046,1
142,1,8.75,4,6.08135348489046,6.50164774663747,1
142,1,8.75,4,6.50164774663747,7.93610578931822,1
142,1,8.75,4,7.93610578931822,8.75,0
143,1,19.75,0,0,19.75,0
144,1,12.75,38,0,3.4848983494715,1
144,1,12.75,38,3.4848983494715,5.62276384892588,1
144,1,12.75,38,5.62276384892588,5.82944886183435,1
144,1,12.75,38,5.82944886183435,6.20394868331607,1
144,1,12.75,38,6.20394868331607,6.44127044085392,1
144,1,12.75,38,6.44127044085392,6.52672768708385,1
144,1,12.75,38,6.52672768708385,6.90099314103396,1
144,1,12.75,38,6.90099314103396,8.28220215840267,1
144,1,12.75,38,8.28220215840267,8.44510041494416,1
144,1,12.75,38,8.44510041494416,8.52357003923895,1
144,1,12.75,38,8.52357003923895,8.52989082387136,1
144,1,12.75,38,8.52989082387136,8.65882258411216,1
144,1,12.75,38,8.65882258411216,8.66571382355146,1
144,1,12.75,38,8.66571382355146,8.76485069166569,1
144,1,12.75,38,8.76485069166569,8.82176306741632,1
144,1,12.75,38,8.82176306741632,9.03766940933959,1
144,1,12.75,38,9.03766940933959,9.08458261124371,1
144,1,12.75,38,9.08458261124371,9.27023929721934,1
144,1,12.75,38,9.27023929721934,9.34376933272573,1
144,1,12.75,38,9.34376933272573,9.46248007093063,1
144,1,12.75,38,9.46248007093063,9.59628098351771,1
144,1,12.75,38,9.59628098351771,10.559731793422,1
144,1,12.75,38,10.559731793422,10.5877409749976,1
144,1,12.75,38,10.5877409749976,10.6367936030692,1
144,1,12.75,38,10.6367936030692,10.7304663523979,1
144,1,12.75,38,10.7304663523979,10.9171450041915,1
144,1,12.75,38,10.9171450041915,11.5697494133299,1
144,1,12.75,38,11.5697494133299,11.6773530207627,1
144,1,12.75,38,11.6773530207627,11.8575809100728,1
144,1,12.75,38,11.8575809100728,11.9363035317085,1
144,1,12.75,38,11.9363035317085,12.0387009952616,1
144,1,12.75,38,12.0387009952616,12.076083158639,1
144,1,12.75,38,12.076083158639,12.2538043111326,1
144,1,12.75,38,12.2538043111326,12.3043707796062,1
144,1,12.75,38,12.3043707796062,12.3740673610174,1
144,1,12.75,38,12.3740673610174,12.5628951433395,1
144,1,12.75,38,12.5628951433395,12.5720659188147,1
144,1,12.75,38,12.5720659188147,12.6521962603474,1
144,1,12.75,38,12.6521962603474,12.75,0
145,1,11.75,16,0,2.71252166965805,1
145,1,11.75,16,2.71252166965805,3.57157397665763,1
145,1,11.75,16,3.57157397665763,4.59013577832005,1
145,1,11.75,16,4.59013577832005,5.86327273442947,1
145,1,11.75,16,5.86327273442947,7.18492066487651,1
145,1,11.75,16,7.18492066487651,7.29219460174343,1
145,1,11.75,16,7.29219460174343,7.44188770555951,1
145,1,11.75,16,7.44188770555951,7.63318163641514,1
145,1,11.75,16,7.63318163641514,9.51504550178834,1
145,1,11.75,16,9.51504550178834,10.4989558568769,1
145,1,11.75,16,10.4989558568769,10.5707453306441,1
145,1,11.75,16,10.5707453306441,10.7406736329598,1
145,1,11.75,16,10.7406736329598,10.9331618977768,1
145,1,11.75,16,10.9331618977768,11.0579996799366,1
145,1,11.75,16,11.0579996799366,11.2711836195087,1
145,1,11.75,16,11.2711836195087,11.5434376558195,1
145,1,11.75,16,11.5434376558195,11.75,0
146,1,17.75,37,0,4.43362727313684,1
146,1,17.75,37,4.43362727313684,4.73529770336124,1
146,1,17.75,37,4.73529770336124,5.36733860819704,1
146,1,17.75,37,5.36733860819704,6.55094205967123,1
146,1,17.75,37,6.55094205967123,6.98234083586482,1
146,1,17.75,37,6.98234083586482,7.59737237932554,1
146,1,17.75,37,7.59737237932554,8.19905522634961,1
146,1,17.75,37,8.19905522634961,8.41668828410293,1
146,1,17.75,37,8.41668828410293,8.95067139771264,1
146,1,17.75,37,8.95067139771264,9.21444580167968,1
146,1,17.75,37,9.21444580167968,10.8949198910345,1
146,1,17.75,37,10.8949198910345,11.412322452056,1
146,1,17.75,37,11.412322452056,12.0049677301369,1
146,1,17.75,37,12.0049677301369,12.0444141720616,1
146,1,17.75,37,12.0444141720616,12.0852356207411,1
146,1,17.75,37,12.0852356207411,13.091936023197,1
146,1,17.75,37,13.091936023197,13.2447004722678,1
146,1,17.75,37,13.2447004722678,13.5339344791259,1
146,1,17.75,37,13.5339344791259,13.5723006895283,1
146,1,17.75,37,13.5723006895283,14.7844282329665,1
146,1,17.75,37,14.7844282329665,14.9187434329342,1
146,1,17.75,37,14.9187434329342,15.0007718996146,1
146,1,17.75,37,15.0007718996146,15.1702342752951,1
146,1,17.75,37,15.1702342752951,15.20092873657,1
146,1,17.75,37,15.20092873657,15.2019311790247,1
146,1,17.75,37,15.2019311790247,15.3879398230426,1
146,1,17.75,37,15.3879398230426,15.731850893867,1
146,1,17.75,37,15.731850893867,15.8366000749537,1
146,1,17.75,37,15.8366000749537,15.85715664071,1
146,1,17.75,37,15.85715664071,15.867114469344,1
146,1,17.75,37,15.867114469344,15.9958582600375,1
146,1,17.75,37,15.9958582600375,16.0537734887718,1
146,1,17.75,37,16.0537734887718,16.2348679929449,1
146,1,17.75,37,16.2348679929449,16.2436613439516,1
146,1,17.75,37,16.2436613439516,16.9095882587452,1
146,1,17.75,37,16.9095882587452,17.3581383599652,1
146,1,17.75,37,17.3581383599652,17.3799980452598,1
146,1,17.75,37,17.3799980452598,17.75,0
147,1,19.75,1,0,0.632640943787131,1
147,1,19.75,1,0.632640943787131,19.75,0
148,1,19.75,6,0,0.0929390574298843,1
148,1,19.75,6,0.0929390574298843,0.354129930929772,1
148,1,19.75,6,0.354129930929772,6.9848555950514,1
148,1,19.75,6,6.9848555950514,12.0907246819418,1
148,1,19.75,6,12.0907246819418,15.1489930515138,1
148,1,19.75,6,15.1489930515138,15.9976495151036,1
148,1,19.75,6,15.9976495151036,19.75,0
149,1,18.75,1,0,7.94891257275645,1
149,1,18.75,1,7.94891257275645,18.75,0
150,1,18.75,21,0,6.09127451358797,1
150,1,18.75,21,6.09127451358797,6.18165453442779,1
150,1,18.75,21,6.18165453442779,8.90401785295829,1
150,1,18.75,21,8.90401785295829,10.0246107026404,1
150,1,18.75,21,10.0246107026404,10.1608502138408,1
150,1,18.75,21,10.1608502138408,10.2896271738055,1
150,1,18.75,21,10.2896271738055,11.5149066801019,1
150,1,18.75,21,11.5149066801019,11.8777742054583,1
150,1,18.75,21,11.8777742054583,14.0626790399319,1
150,1,18.75,21,14.0626790399319,14.1000064747917,1
150,1,18.75,21,14.1000064747917,14.7432836539494,1
150,1,18.75,21,14.7432836539494,15.3087928074451,1
150,1,18.75,21,15.3087928074451,16.3273799679969,1
150,1,18.75,21,16.3273799679969,16.740265606006,1
150,1,18.75,21,16.740265606006,16.7536067323281,1
150,1,18.75,21,16.7536067323281,17.022324219118,1
150,1,18.75,21,17.022324219118,17.3103388741001,1
150,1,18.75,21,17.3103388741001,17.5337311156221,1
150,1,18.75,21,17.5337311156221,18.5090506188386,1
150,1,18.75,21,18.5090506188386,18.5259104248409,1
150,1,18.75,21,18.5259104248409,18.6377998650203,1
150,1,18.75,21,18.6377998650203,18.75,0
151,1,12.75,15,0,4.91475697017628,1
151,1,12.75,15,4.91475697017628,5.89079664585157,1
151,1,12.75,15,5.89079664585157,6.66514264075569,1
151,1,12.75,15,6.66514264075569,7.70593602691685,1
151,1,12.75,15,7.70593602691685,7.92168175212912,1
151,1,12.75,15,7.92168175212912,8.95787095584377,1
151,1,12.75,15,8.95787095584377,9.18600045024428,1
151,1,12.75,15,9.18600045024428,9.25020568057958,1
151,1,12.75,15,9.25020568057958,9.36327584089555,1
151,1,12.75,15,9.36327584089555,10.3049915585197,1
151,1,12.75,15,10.3049915585197,10.5104619116722,1
151,1,12.75,15,10.5104619116722,10.6171221872453,1
151,1,12.75,15,10.6171221872453,11.124025902429,1
151,1,12.75,15,11.124025902429,11.2474056600207,1
151,1,12.75,15,11.2474056600207,12.5187492053632,1
151,1,12.75,15,12.5187492053632,12.75,0
152,1,16.75,50,0,2.4647566899087,1
152,1,16.75,50,2.4647566899087,3.63030594029413,1
152,1,16.75,50,3.63030594029413,6.72697541759248,1
152,1,16.75,50,6.72697541759248,7.06079330626904,1
152,1,16.75,50,7.06079330626904,7.41128252600211,1
152,1,16.75,50,7.41128252600211,8.36808393475855,1
152,1,16.75,50,8.36808393475855,8.68573823643368,1
152,1,16.75,50,8.68573823643368,9.28221799351346,1
152,1,16.75,50,9.28221799351346,9.42113471100552,1
152,1,16.75,50,9.42113471100552,9.7220534537373,1
152,1,16.75,50,9.7220534537373,9.84387301991165,1
152,1,16.75,50,9.84387301991165,10.3904127481889,1
152,1,16.75,50,10.3904127481889,10.4228362809581,1
152,1,16.75,50,10.4228362809581,11.0927810286893,1
152,1,16.75,50,11.0927810286893,11.1345561805255,1
152,1,16.75,50,11.1345561805255,11.1944152837211,1
152,1,16.75,50,11.1944152837211,11.4016084909621,1
152,1,16.75,50,11.4016084909621,11.4753007979201,1
152,1,16.75,50,11.4753007979201,11.6422535326365,1
152,1,16.75,50,11.6422535326365,11.6668519103789,1
152,1,16.75,50,11.6668519103789,11.9376685512685,1
152,1,16.75,50,11.9376685512685,12.2775753490873,1
152,1,16.75,50,12.2775753490873,12.3878606521057,1
152,1,16.75,50,12.3878606521057,12.4162985956868,1
152,1,16.75,50,12.4162985956868,12.4434418960383,1
152,1,16.75,50,12.4434418960383,12.5957282594003,1
152,1,16.75,50,12.5957282594003,12.6909041418117,1
152,1,16.75,50,12.6909041418117,12.8115247066026,1
152,1,16.75,50,12.8115247066026,12.8681373318752,1
152,1,16.75,50,12.8681373318752,12.9221915422191,1
152,1,16.75,50,12.9221915422191,12.9490334763363,1
152,1,16.75,50,12.9490334763363,13.2915039867244,1
152,1,16.75,50,13.2915039867244,13.550952618414,1
152,1,16.75,50,13.550952618414,13.6698304322322,1
152,1,16.75,50,13.6698304322322,13.86963462471,1
152,1,16.75,50,13.86963462471,14.4698993299016,1
152,1,16.75,50,14.4698993299016,14.7330576392928,1
152,1,16.75,50,14.7330576392928,15.0270417494566,1
152,1,16.75,50,15.0270417494566,15.033503158647,1
152,1,16.75,50,15.033503158647,15.5348437493982,1
152,1,16.75,50,15.5348437493982,15.8916222007086,1
152,1,16.75,50,15.8916222007086,16.0206496649031,1
152,1,16.75,50,16.0206496649031,16.2032606805715,1
152,1,16.75,50,16.2032606805715,16.287286367967,1
152,1,16.75,50,16.287286367967,16.3594566575402,1
152,1,16.75,50,16.3594566575402,16.4663284052987,1
152,1,16.75,50,16.4663284052987,16.4733712273858,1
152,1,16.75,50,16.4733712273858,16.5267760720033,1
152,1,16.75,50,16.5267760720033,16.5303320288108,1
152,1,16.75,50,16.5303320288108,16.6887901787408,1
152,1,16.75,50,16.6887901787408,16.75,0
153,1,18.75,3,0,0.898498989785385,1
153,1,18.75,3,0.898498989785385,1.09430722916735,1
153,1,18.75,3,1.09430722916735,11.6028064001447,1
153,1,18.75,3,11.6028064001447,18.75,0
154,1,8.75,7,0,6.04757515823094,1
154,1,8.75,7,6.04757515823094,6.09333313392278,1
154,1,8.75,7,6.09333313392278,6.85800231665623,1
154,1,8.75,7,6.85800231665623,7.09309710872682,1
154,1,8.75,7,7.09309710872682,7.48726087940944,1
154,1,8.75,7,7.48726087940944,8.01186809205923,1
154,1,8.75,7,8.01186809205923,8.49602073135072,1
154,1,8.75,7,8.49602073135072,8.75,0
155,1,14.75,3,0,6.98131364421883,1
155,1,14.75,3,6.98131364421883,7.89659813212247,1
155,1,14.75,3,7.89659813212247,10.764169838596,1
155,1,14.75,3,10.764169838596,14.75,0
156,1,8.75,13,0,3.54840714135432,1
156,1,8.75,13,3.54840714135432,4.19368697074083,1
156,1,8.75,13,4.19368697074083,4.31641486063676,1
156,1,8.75,13,4.31641486063676,5.53169931985131,1
156,1,8.75,13,5.53169931985131,6.02402933429978,1
156,1,8.75,13,6.02402933429978,6.07426441605334,1
156,1,8.75,13,6.07426441605334,6.65496868591328,1
156,1,8.75,13,6.65496868591328,6.99327809314821,1
156,1,8.75,13,6.99327809314821,7.15731262631221,1
156,1,8.75,13,7.15731262631221,7.48980451270354,1
156,1,8.75,13,7.48980451270354,7.49278556847352,1
156,1,8.75,13,7.49278556847352,7.5970987189358,1
156,1,8.75,13,7.5970987189358,7.78459751603873,1
156,1,8.75,13,7.78459751603873,8.75,0
157,1,8.75,12,0,1.58762680623431,1
157,1,8.75,12,1.58762680623431,3.53626492986694,1
157,1,8.75,12,3.53626492986694,5.12601011696169,1
157,1,8.75,12,5.12601011696169,5.73157507597208,1
157,1,8.75,12,5.73157507597208,6.13343267243593,1
157,1,8.75,12,6.13343267243593,6.41394798907316,1
157,1,8.75,12,6.41394798907316,6.4996002931655,1
157,1,8.75,12,6.4996002931655,6.65825890583674,1
157,1,8.75,12,6.65825890583674,7.36871939303945,1
157,1,8.75,12,7.36871939303945,7.65122631116176,1
157,1,8.75,12,7.65122631116176,7.67497782120682,1
157,1,8.75,12,7.67497782120682,8.13127137539476,1
157,1,8.75,12,8.13127137539476,8.75,0
158,1,16.75,2,0,0.577917968764255,1
158,1,16.75,2,0.577917968764255,14.5977983070167,1
158,1,16.75,2,14.5977983070167,16.75,0
159,1,15.75,49,0,3.09993004449411,1
159,1,15.75,49,3.09993004449411,3.37688151990421,1
159,1,15.75,49,3.37688151990421,3.38313068122248,1
159,1,15.75,49,3.38313068122248,3.77502450293284,1
159,1,15.75,49,3.77502450293284,5.20793822789039,1
159,1,15.75,49,5.20793822789039,5.77117129023319,1
159,1,15.75,49,5.77117129023319,5.97496692528523,1
159,1,15.75,49,5.97496692528523,6.87636686324552,1
159,1,15.75,49,6.87636686324552,6.91288934692405,1
159,1,15.75,49,6.91288934692405,7.09814784198758,1
159,1,15.75,49,7.09814784198758,7.94590096591831,1
159,1,15.75,49,7.94590096591831,8.2414213905293,1
159,1,15.75,49,8.2414213905293,8.48648807377215,1
159,1,15.75,49,8.48648807377215,8.57559137676014,1
159,1,15.75,49,8.57559137676014,9.51972481242443,1
159,1,15.75,49,9.51972481242443,9.56212233604691,1
159,1,15.75,49,9.56212233604691,9.6353053839117,1
159,1,15.75,49,9.6353053839117,9.84536739186335,1
159,1,15.75,49,9.84536739186335,10.0062239234517,1
159,1,15.75,49,10.0062239234517,10.0336060594597,1
159,1,15.75,49,10.0336060594597,10.2626807771106,1
159,1,15.75,49,10.2626807771106,10.4181611269182,1
159,1,15.75,49,10.4181611269182,10.6146419767538,1
159,1,15.75,49,10.6146419767538,10.7227813256602,1
159,1,15.75,49,10.7227813256602,10.8267068649675,1
159,1,15.75,49,10.8267068649675,10.8859903484051,1
159,1,15.75,49,10.8859903484051,11.1547691383669,1
159,1,15.75,49,11.1547691383669,11.3064932840262,1
159,1,15.75,49,11.3064932840262,11.5865866156992,1
159,1,15.75,49,11.5865866156992,11.6377683800653,1
159,1,15.75,49,11.6377683800653,11.7517471271847,1
159,1,15.75,49,11.7517471271847,12.4452942518834,1
159,1,15.75,49,12.4452942518834,12.5121706015379,1
159,1,15.75,49,12.5121706015379,12.5854052979663,1
159,1,15.75,49,12.5854052979663,12.9216793407626,1
159,1,15.75,49,12.9216793407626,13.2929775008418,1
159,1,15.75,49,13.2929775008418,13.5137610234618,1
159,1,15.75,49,13.5137610234618,13.5713168193701,1
159,1,15.75,49,13.5713168193701,13.7520726292509,1
159,1,15.75,49,13.7520726292509,13.9930774779833,1
159,1,15.75,49,13.9930774779833,14.4513478504137,1
159,1,15.75,49,14.4513478504137,14.470936023709,1
159,1,15.75,49,14.470936023709,14.4752816665227,1
159,1,15.75,49,14.4752816665227,14.9071983085358,1
159,1,15.75,49,14.9071983085358,15.1390574509063,1
159,1,15.75,49,15.1390574509063,15.2206008275867,1
159,1,15.75,49,15.2206008275867,15.466766803089,1
159,1,15.75,49,15.466766803089,15.468745132385,1
159,1,15.75,49,15.468745132385,15.6119887370367,1
159,1,15.75,49,15.6119887370367,15.75,0
160,1,12.75,0,0,12.75,0
161,1,11.75,1,0,3.24560306734226,1
161,1,11.75,1,3.24560306734226,11.75,0
162,1,18.75,40,0,6.26795174673693,1
162,1,18.75,40,6.26795174673693,6.73280962319536,1
162,1,18.75,40,6.73280962319536,6.79552123824827,1
162,1,18.75,40,6.79552123824827,7.71297428145763,1
162,1,18.75,40,7.71297428145763,7.71396449743681,1
162,1,18.75,40,7.71396449743681,7.87106778850361,1
162,1,18.75,40,7.87106778850361,8.09717895363643,1
162,1,18.75,40,8.09717895363643,9.16735485986376,1
162,1,18.75,40,9.16735485986376,9.33415466072758,1
162,1,18.75,40,9.33415466072758,9.42225954664187,1
162,1,18.75,40,9.42225954664187,10.0863866775822,1
162,1,18.75,40,10.0863866775822,10.1037720822347,1
162,1,18.75,40,10.1037720822347,10.2332726430972,1
162,1,18.75,40,10.2332726430972,10.5735514729601,1
162,1,18.75,40,10.5735514729601,11.125158043349,1
162,1,18.75,40,11.125158043349,11.9203051337281,1
162,1,18.75,40,11.9203051337281,11.9917798425143,1
162,1,18.75,40,11.9917798425143,12.3906079938742,1
162,1,18.75,40,12.3906079938742,12.9378007314944,1
162,1,18.75,40,12.9378007314944,12.9643852237019,1
162,1,18.75,40,12.9643852237019,13.5814538508928,1
162,1,18.75,40,13.5814538508928,14.1190561184429,1
162,1,18.75,40,14.1190561184429,14.2828054878582,1
162,1,18.75,40,14.2828054878582,14.6713246801004,1
162,1,18.75,40,14.6713246801004,15.0013935381001,1
162,1,18.75,40,15.0013935381001,15.4184273757923,1
162,1,18.75,40,15.4184273757923,15.4707204830395,1
162,1,18.75,40,15.4707204830395,15.7645245636364,1
162,1,18.75,40,15.7645245636364,16.2185135444997,1
162,1,18.75,40,16.2185135444997,16.261607075959,1
162,1,18.75,40,16.261607075959,16.3273949333519,1
162,1,18.75,40,16.3273949333519,16.8380099770555,1
162,1,18.75,40,16.8380099770555,17.4977304149512,1
162,1,18.75,40,17.4977304149512,17.7035403017248,1
162,1,18.75,40,17.7035403017248,17.7074805617837,1
162,1,18.75,40,17.7074805617837,17.8249945326775,1
162,1,18.75,40,17.8249945326775,17.8790488471361,1
162,1,18.75,40,17.8790488471361,18.4770760456621,1
162,1,18.75,40,18.4770760456621,18.5417562834928,1
162,1,18.75,40,18.5417562834928,18.7321695346557,1
162,1,18.75,40,18.7321695346557,18.75,0
163,1,18.75,1,0,3.42668430453671,1
163,1,18.75,1,3.42668430453671,18.75,0
164,1,10.75,2,0,2.36576176333417,1
164,1,10.75,2,2.36576176333417,6.56258465904007,1
164,1,10.75,2,6.56258465904007,10.75,0
165,1,14.75,0,0,14.75,0
166,1,17.75,57,0,3.69226070175705,1
166,1,17.75,57,3.69226070175705,3.86434935420111,1
166,1,17.75,57,3.86434935420111,5.66397057173644,1
166,1,17.75,57,5.66397057173644,6.49963409248496,1
166,1,17.75,57,6.49963409248496,7.94753760075364,1
166,1,17.75,57,7.94753760075364,7.99883973927532,1
166,1,17.75,57,7.99883973927532,8.02701300891872,1
166,1,17.75,57,8.02701300891872,8.19635722070234,1
166,1,17.75,57,8.19635722070234,8.40390050161229,1
166,1,17.75,57,8.40390050161229,8.526522364567,1
166,1,17.75,57,8.526522364567,8.81700403700331,1
166,1,17.75,57,8.81700403700331,8.88641078140838,1
166,1,17.75,57,8.88641078140838,9.53602365610629,1
166,1,17.75,57,9.53602365610629,9.64408126466191,1
166,1,17.75,57,9.64408126466191,9.6701721852558,1
166,1,17.75,57,9.6701721852558,10.7554723464381,1
166,1,17.75,57,10.7554723464381,10.7681382211841,1
166,1,17.75,57,10.7681382211841,11.3498312587969,1
166,1,17.75,57,11.3498312587969,11.3656596068768,1
166,1,17.75,57,11.3656596068768,11.5196966977695,1
166,1,17.75,57,11.5196966977695,11.6003208471628,1
166,1,17.75,57,11.6003208471628,11.8327862523419,1
166,1,17.75,57,11.8327862523419,11.911093919651,1
166,1,17.75,57,11.911093919651,12.252198009485,1
166,1,17.75,57,12.252198009485,12.2663601050932,1
166,1,17.75,57,12.2663601050932,12.2732415052381,1
166,1,17.75,57,12.2732415052381,12.341945691967,1
166,1,17.75,57,12.341945691967,12.5909311839734,1
166,1,17.75,57,12.5909311839734,12.888693664652,1
166,1,17.75,57,12.888693664652,13.1689156302572,1
166,1,17.75,57,13.1689156302572,13.2192264323229,1
166,1,17.75,57,13.2192264323229,13.4311999851789,1
166,1,17.75,57,13.4311999851789,13.69015865891,1
166,1,17.75,57,13.69015865891,14.1613395265303,1
166,1,17.75,57,14.1613395265303,14.1641471950827,1
166,1,17.75,57,14.1641471950827,14.3377209211435,1
166,1,17.75,57,14.3377209211435,14.4310315016612,1
166,1,17.75,57,14.4310315016612,14.4369350427375,1
166,1,17.75,57,14.4369350427375,14.8001596869449,1
166,1,17.75,57,14.8001596869449,14.9030158551002,1
166,1,17.75,57,14.9030158551002,14.9439207951118,1
166,1,17.75,57,14.9439207951118,15.2632539161138,1
166,1,17.75,57,15.2632539161138,15.3174595860756,1
166,1,17.75,57,15.3174595860756,15.457923212965,1
166,1,17.75,57,15.457923212965,15.7437983096512,1
166,1,17.75,57,15.7437983096512,15.761351885954,1
166,1,17.75,57,15.761351885954,15.7632188197807,1
166,1,17.75,57,15.7632188197807,16.4909874365489,1
166,1,17.75,57,16.4909874365489,16.585183916514,1
166,1,17.75,57,16.585183916514,16.7280678226666,1
166,1,17.75,57,16.7280678226666,16.9106446519121,1
166,1,17.75,57,16.9106446519121,16.986268457944,1
166,1,17.75,57,16.986268457944,17.0465520283588,1
166,1,17.75,57,17.0465520283588,17.1890124401223,1
166,1,17.75,57,17.1890124401223,17.284772413255,1
166,1,17.75,57,17.284772413255,17.2962282578468,1
166,1,17.75,57,17.2962282578468,17.3341504268689,1
166,1,17.75,57,17.3341504268689,17.75,0
167,1,11.75,2,0,0.301515312247945,1
167,1,11.75,2,0.301515312247945,2.93792481323725,1
167,1,11.75,2,2.93792481323725,11.75,0
168,1,10.75,5,0,0.288057758882993,1
168,1,10.75,5,0.288057758882993,1.44963103235612,1
168,1,10.75,5,1.44963103235612,4.20219005554216,1
168,1,10.75,5,4.20219005554216,9.18347794383696,1
168,1,10.75,5,9.18347794383696,9.66258300823823,1
168,1,10.75,5,9.66258300823823,10.75,0
169,1,17.75,44,0,4.40572846691459,1
169,1,17.75,44,4.40572846691459,5.99856383001316,1
169,1,17.75,44,5.99856383001316,6.59906185388989,1
169,1,17.75,44,6.59906185388989,7.13058276992374,1
169,1,17.75,44,7.13058276992374,7.95231884852968,1
169,1,17.75,44,7.95231884852968,9.2717601245751,1
169,1,17.75,44,9.2717601245751,10.175220904688,1
169,1,17.75,44,10.175220904688,11.0098500056506,1
169,1,17.75,44,11.0098500056506,11.6859280737874,1
169,1,17.75,44,11.6859280737874,11.7066769878656,1
169,1,17.75,44,11.7066769878656,12.0088030390269,1
169,1,17.75,44,12.0088030390269,12.0891402678062,1
169,1,17.75,44,12.0891402678062,12.1401847410987,1
169,1,17.75,44,12.1401847410987,12.2550313669172,1
169,1,17.75,44,12.2550313669172,12.3296654076073,1
169,1,17.75,44,12.3296654076073,12.5259664462519,1
169,1,17.75,44,12.5259664462519,13.0134962382347,1
169,1,17.75,44,13.0134962382347,13.1109243648213,1
169,1,17.75,44,13.1109243648213,13.4013650950904,1
169,1,17.75,44,13.4013650950904,13.443387558945,1
169,1,17.75,44,13.443387558945,13.5006246244765,1
169,1,17.75,44,13.5006246244765,13.6621084160917,1
169,1,17.75,44,13.6621084160917,14.153924332001,1
169,1,17.75,44,14.153924332001,14.1910714326997,1
169,1,17.75,44,14.1910714326997,14.2472322370201,1
169,1,17.75,44,14.2472322370201,14.3926624055326,1
169,1,17.75,44,14.3926624055326,14.7609223388886,1
169,1,17.75,44,14.7609223388886,14.7711091223969,1
169,1,17.75,44,14.7711091223969,14.8162313938005,1
169,1,17.75,44,14.8162313938005,15.1047007325006,1
169,1,17.75,44,15.1047007325006,15.2128170479051,1
169,1,17.75,44,15.2128170479051,15.3219975306861,1
169,1,17.75,44,15.3219975306861,15.7256055832983,1
169,1,17.75,44,15.7256055832983,16.099086565262,1
169,1,17.75,44,16.099086565262,16.1709289447307,1
169,1,17.75,44,16.1709289447307,16.5728595740277,1
169,1,17.75,44,16.5728595740277,16.7057070316245,1
169,1,17.75,44,16.7057070316245,16.7211517734848,1
169,1,17.75,44,16.7211517734848,16.7477272765701,1
169,1,17.75,44,16.7477272765701,16.7702067888358,1
169,1,17.75,44,16.7702067888358,16.8988994889222,1
169,1,17.75,44,16.8988994889222,17.0117381519902,1
169,1,17.75,44,17.0117381519902,17.4682593832119,1
169,1,17.75,44,17.4682593832119,17.5545376093705,1
169,1,17.75,44,17.5545376093705,17.75,0
170,1,15.75,3,0,0.0906916989058985,1
170,1,15.75,3,0.0906916989058985,0.627470666450395,1
170,1,15.75,3,0.627470666450395,4.39610609473626,1
170,1,15.75,3,4.39610609473626,15.75,0
171,1,17.75,2,0,7.86471592422764,1
171,1,17.75,2,7.86471592422764,17.1507891588169,1
171,1,17.75,2,17.1507891588169,17.75,0
172,1,18.75,51,0,2.88632089082959,1
172,1,18.75,51,2.88632089082959,5.93966540765132,1
172,1,18.75,51,5.93966540765132,5.99611585986257,1
172,1,18.75,51,5.99611585986257,6.01446154087761,1
172,1,18.75,51,6.01446154087761,7.68093256340943,1
172,1,18.75,51,7.68093256340943,8.40921420677262,1
172,1,18.75,51,8.40921420677262,8.63473395885123,1
172,1,18.75,51,8.63473395885123,8.89537111810035,1
172,1,18.75,51,8.89537111810035,8.93777378981322,1
172,1,18.75,51,8.93777378981322,9.27419479635813,1
172,1,18.75,51,9.27419479635813,9.39849856733319,1
172,1,18.75,51,9.39849856733319,9.6925788783997,1
172,1,18.75,51,9.6925788783997,10.0418239138267,1
172,1,18.75,51,10.0418239138267,10.3137318572877,1
172,1,18.75,51,10.3137318572877,10.6833585980816,1
172,1,18.75,51,10.6833585980816,10.843485555726,1
172,1,18.75,51,10.843485555726,11.5022373709572,1
172,1,18.75,51,11.5022373709572,11.723677837574,1
172,1,18.75,51,11.723677837574,11.9801020965878,1
172,1,18.75,51,11.9801020965878,12.0284448679524,1
172,1,18.75,51,12.0284448679524,12.3872208892594,1
172,1,18.75,51,12.3872208892594,12.3900960237557,1
172,1,18.75,51,12.3900960237557,12.5456837850983,1
172,1,18.75,51,12.5456837850983,13.0375303288028,1
172,1,18.75,51,13.0375303288028,13.1876690763636,1
172,1,18.75,51,13.1876690763636,13.5607184724345,1
172,1,18.75,51,13.5607184724345,13.7291039931661,1
172,1,18.75,51,13.7291039931661,14.0831711328564,1
172,1,18.75,51,14.0831711328564,14.14286639086,1
172,1,18.75,51,14.14286639086,14.1973350229144,1
172,1,18.75,51,14.1973350229144,14.7390918147206,1
172,1,18.75,51,14.7390918147206,15.0707022048331,1
172,1,18.75,51,15.0707022048331,15.1466211288164,1
172,1,18.75,51,15.1466211288164,15.2104263749748,1
172,1,18.75,51,15.2104263749748,15.7760752013074,1
172,1,18.75,51,15.7760752013074,15.8084683394709,1
172,1,18.75,51,15.8084683394709,15.8364743898011,1
172,1,18.75,51,15.8364743898011,16.0215655784485,1
172,1,18.75,51,16.0215655784485,16.4411242318969,1
172,1,18.75,51,16.4411242318969,16.5367233899414,1
172,1,18.75,51,16.5367233899414,16.7465117444925,1
172,1,18.75,51,16.7465117444925,16.7975774261658,1
172,1,18.75,51,16.7975774261658,17.473490778268,1
172,1,18.75,51,17.473490778268,17.5041625332115,1
172,1,18.75,51,17.5041625332115,17.5611137124604,1
172,1,18.75,51,17.5611137124604,17.6023453862076,1
172,1,18.75,51,17.6023453862076,17.7392175679709,1
172,1,18.75,51,17.7392175679709,17.9459924607311,1
172,1,18.75,51,17.9459924607311,18.2263828284076,1
172,1,18.75,51,18.2263828284076,18.2480597944838,1
172,1,18.75,51,18.2480597944838,18.4927302497483,1
172,1,18.75,51,18.4927302497483,18.75,0
173,1,17.75,104,0,3.33041481097989,1
173,1,17.75,104,3.33041481097989,3.73054574343439,1
173,1,17.75,104,3.73054574343439,4.34142925163088,1
173,1,17.75,104,4.34142925163088,5.09120442079797,1
173,1,17.75,104,5.09120442079797,5.42306296261669,1
173,1,17.75,104,5.42306296261669,5.4269942548163,1
173,1,17.75,104,5.4269942548163,5.73345130286005,1
173,1,17.75,104,5.73345130286005,5.87298641166815,1
173,1,17.75,104,5.87298641166815,5.87986521766289,1
173,1,17.75,104,5.87986521766289,6.41431108977868,1
173,1,17.75,104,6.41431108977868,6.48939879175188,1
173,1,17.75,104,6.48939879175188,6.61699083665862,1
173,1,17.75,104,6.61699083665862,6.66393501352893,1
173,1,17.75,104,6.66393501352893,6.91007586192402,1
173,1,17.75,104,6.91007586192402,7.18064919661184,1
173,1,17.75,104,7.18064919661184,7.36141503971868,1
173,1,17.75,104,7.36141503971868,7.36465516478997,1
173,1,17.75,104,7.36465516478997,7.69796269332495,1
173,1,17.75,104,7.69796269332495,7.76070415723626,1
173,1,17.75,104,7.76070415723626,7.90175871123731,1
173,1,17.75,104,7.90175871123731,8.19788714804092,1
173,1,17.75,104,8.19788714804092,8.67406568013589,1
173,1,17.75,104,8.67406568013589,8.79162215079089,1
173,1,17.75,104,8.79162215079089,9.05697469932176,1
173,1,17.75,104,9.05697469932176,9.20605751154124,1
173,1,17.75,104,9.20605751154124,9.35841643590355,1
173,1,17.75,104,9.35841643590355,9.40718464760264,1
173,1,17.75,104,9.40718464760264,9.53298692321707,1
173,1,17.75,104,9.53298692321707,9.60318792673432,1
173,1,17.75,104,9.60318792673432,9.87198516265896,1
173,1,17.75,104,9.87198516265896,9.96661836526735,1
173,1,17.75,104,9.96661836526735,10.4369498286439,1
173,1,17.75,104,10.4369498286439,10.6358759709522,1
173,1,17.75,104,10.6358759709522,10.9663636098522,1
173,1,17.75,104,10.9663636098522,11.3764347120502,1
173,1,17.75,104,11.3764347120502,11.4550964399181,1
173,1,17.75,104,11.4550964399181,11.5591509129681,1
173,1,17.75,104,11.5591509129681,11.8068484676928,1
173,1,17.75,104,11.8068484676928,11.9543265900902,1
173,1,17.75,104,11.9543265900902,12.1054675530894,1
173,1,17.75,104,12.1054675530894,12.1178099079779,1
173,1,17.75,104,12.1178099079779,12.15704225532,1
173,1,17.75,104,12.15704225532,12.1589358466613,1
173,1,17.75,104,12.1589358466613,12.1663299298442,1
173,1,17.75,104,12.1663299298442,12.2270757150416,1
173,1,17.75,104,12.2270757150416,12.3306240541046,1
173,1,17.75,104,12.3306240541046,12.3321119448543,1
173,1,17.75,104,12.3321119448543,12.3935002574459,1
173,1,17.75,104,12.3935002574459,12.5075630161499,1
173,1,17.75,104,12.5075630161499,12.7045896097848,1
173,1,17.75,104,12.7045896097848,12.7316047198001,1
173,1,17.75,104,12.7316047198001,12.8566445849675,1
173,1,17.75,104,12.8566445849675,12.8636988914836,1
173,1,17.75,104,12.8636988914836,12.8872315708557,1
173,1,17.75,104,12.8872315708557,12.8907568538728,1
173,1,17.75,104,12.8907568538728,13.030447360697,1
173,1,17.75,104,13.030447360697,13.2240249273009,1
173,1,17.75,104,13.2240249273009,13.2479948710691,1
173,1,17.75,104,13.2479948710691,13.3998663290246,1
173,1,17.75,104,13.3998663290246,13.5924806555349,1
173,1,17.75,104,13.5924806555349,13.6691202574217,1
173,1,17.75,104,13.6691202574217,13.7620608910696,1
173,1,17.75,104,13.7620608910696,14.0170233137622,1
173,1,17.75,104,14.0170233137622,14.1608650509974,1
173,1,17.75,104,14.1608650509974,14.2664966289425,1
173,1,17.75,104,14.2664966289425,14.2912859901581,1
173,1,17.75,104,14.2912859901581,14.2920491297132,1
173,1,17.75,104,14.2920491297132,14.3473634667445,1
173,1,17.75,104,14.3473634667445,14.3565536704834,1
173,1,17.75,104,14.3565536704834,14.4817907727958,1
173,1,17.75,104,14.4817907727958,14.5450105629633,1
173,1,17.75,104,14.5450105629633,14.5627739116669,1
173,1,17.75,104,14.5627739116669,14.5763360501995,1
173,1,17.75,104,14.5763360501995,14.7193883832765,1
173,1,17.75,104,14.7193883832765,14.7256822098484,1
173,1,17.75,104,14.7256822098484,14.8364502950038,1
173,1,17.75,104,14.8364502950038,15.1155519839269,1
173,1,17.75,104,15.1155519839269,15.1173755995184,1
173,1,17.75,104,15.1173755995184,15.1961644805675,1
173,1,17.75,104,15.1961644805675,15.2284246375423,1
173,1,17.75,104,15.2284246375423,15.4192946293625,1
173,1,17.75,104,15.4192946293625,15.4483809094263,1
173,1,17.75,104,15.4483809094263,15.6470461788251,1
173,1,17.75,104,15.6470461788251,15.7064553071323,1
173,1,17.75,104,15.7064553071323,15.8182294030658,1
173,1,17.75,104,15.8182294030658,15.8893322607912,1
173,1,17.75,104,15.8893322607912,16.0690081995307,1
173,1,17.75,104,16.0690081995307,16.2942646125527,1
173,1,17.75,104,16.2942646125527,16.4251595625016,1
173,1,17.75,104,16.4251595625016,16.4520695205057,1
173,1,17.75,104,16.4520695205057,16.526545873903,1
173,1,17.75,104,16.526545873903,16.5586774931088,1
173,1,17.75,104,16.5586774931088,16.5793118539127,1
173,1,17.75,104,16.5793118539127,16.7297351317725,1
173,1,17.75,104,16.7297351317725,16.7339514364587,1
173,1,17.75,104,16.7339514364587,16.8396098489194,1
173,1,17.75,104,16.8396098489194,16.9338615863117,1
173,1,17.75,104,16.9338615863117,17.0013793888426,1
173,1,17.75,104,17.0013793888426,17.2402463138935,1
173,1,17.75,104,17.2402463138935,17.4179582696517,1
173,1,17.75,104,17.4179582696517,17.5006511704111,1
173,1,17.75,104,17.5006511704111,17.6902057508925,1
173,1,17.75,104,17.6902057508925,17.7312218093106,1
173,1,17.75,104,17.7312218093106,17.7390585412178,1
173,1,17.75,104,17.7390585412178,17.75,0
174,1,10.75,0,0,10.75,0
175,1,13.75,3,0,0.0125885609711016,1
175,1,13.75,3,0.0125885609711016,4.07399059220036,1
175,1,13.75,3,4.07399059220036,7.77140123300739,1
175,1,13.75,3,7.77140123300739,13.75,0
176,1,16.75,38,0,4.16687792864704,1
176,1,16.75,38,4.16687792864704,4.19513763465683,1
176,1,16.75,38,4.19513763465683,4.43553339030149,1
176,1,16.75,38,4.43553339030149,5.87887418981824,1
176,1,16.75,38,5.87887418981824,6.30492030141504,1
176,1,16.75,38,6.30492030141504,7.01496031216639,1
176,1,16.75,38,7.01496031216639,7.23809113106971,1
176,1,16.75,38,7.23809113106971,8.14655700907961,1
176,1,16.75,38,8.14655700907961,8.49785508920526,1
176,1,16.75,38,8.49785508920526,8.81800814926907,1
176,1,16.75,38,8.81800814926907,9.10259051062753,1
176,1,16.75,38,9.10259051062753,9.25973913647608,1
176,1,16.75,38,9.25973913647608,9.50867285382811,1
176,1,16.75,38,9.50867285382811,9.79364970818834,1
176,1,16.75,38,9.79364970818834,10.253485303563,1
176,1,16.75,38,10.253485303563,11.048700136508,1
176,1,16.75,38,11.048700136508,11.0696602270048,1
176,1,16.75,38,11.0696602270048,11.0779294829822,1
176,1,16.75,38,11.0779294829822,11.3482524498773,1
176,1,16.75,38,11.3482524498773,11.401336750399,1
176,1,16.75,38,11.401336750399,11.5798485511312,1
176,1,16.75,38,11.5798485511312,11.9604575602919,1
176,1,16.75,38,11.9604575602919,12.8471358496733,1
176,1,16.75,38,12.8471358496733,13.1684910765879,1
176,1,16.75,38,13.1684910765879,13.249524212472,1
176,1,16.75,38,13.249524212472,13.4225338469346,1
176,1,16.75,38,13.4225338469346,13.4838941194042,1
176,1,16.75,38,13.4838941194042,13.8335039091665,1
176,1,16.75,38,13.8335039091665,14.0026898897422,1
176,1,16.75,38,14.0026898897422,14.0880254140457,1
176,1,16.75,38,14.0880254140457,14.6386920247879,1
176,1,16.75,38,14.6386920247879,15.056106413927,1
176,1,16.75,38,15.056106413927,15.4267259161973,1
176,1,16.75,38,15.4267259161973,15.9296776819515,1
176,1,16.75,38,15.9296776819515,16.3093586724264,1
176,1,16.75,38,16.3093586724264,16.4032886872781,1
176,1,16.75,38,16.4032886872781,16.6833182843312,1
176,1,16.75,38,16.6833182843312,16.7272640890147,1
176,1,16.75,38,16.7272640890147,16.75,0
177,1,14.75,0,0,14.75,0
178,1,14.75,20,0,3.87597679773291,1
178,1,14.75,20,3.87597679773291,5.43795969105077,1
178,1,14.75,20,5.43795969105077,7.29901759615088,1
178,1,14.75,20,7.29901759615088,7.41400649145818,1
178,1,14.75,20,7.41400649145818,7.56486620656641,1
178,1,14.75,20,7.56486620656641,8.61992177355378,1
178,1,14.75,20,8.61992177355378,9.12436149264302,1
178,1,14.75,20,9.12436149264302,9.49369968625488,1
178,1,14.75,20,9.49369968625488,9.83296709795026,1
178,1,14.75,20,9.83296709795026,9.84213635109642,1
178,1,14.75,20,9.84213635109642,10.0598652437544,1
178,1,14.75,20,10.0598652437544,11.5510400548029,1
178,1,14.75,20,11.5510400548029,11.643124634447,1
178,1,14.75,20,11.643124634447,11.7053708068356,1
178,1,14.75,20,11.7053708068356,13.108920314808,1
178,1,14.75,20,13.108920314808,13.1959451058768,1
178,1,14.75,20,13.1959451058768,13.2486653852108,1
178,1,14.75,20,13.2486653852108,13.4487683584789,1
178,1,14.75,20,13.4487683584789,13.5823587715455,1
178,1,14.75,20,13.5823587715455,14.35932713436,1
178,1,14.75,20,14.35932713436,14.75,0
179,1,13.75,2,0,0.467688481636182,1
179,1,13.75,2,0.467688481636182,3.25813445381231,1
179,1,13.75,2,3.25813445381231,13.75,0
180,1,11.75,11,0,3.91400457717431,1
180,1,11.75,11,3.91400457717431,4.368730917173,1
180,1,11.75,11,4.368730917173,6.60804001014231,1
180,1,11.75,11,6.60804001014231,6.62504517561907,1
180,1,11.75,11,6.62504517561907,6.81085634078838,1
180,1,11.75,11,6.81085634078838,7.38969884026238,1
180,1,11.75,11,7.38969884026238,7.76831389240099,1
180,1,11.75,11,7.76831389240099,8.02463548608613,1
180,1,11.75,11,8.02463548608613,8.37919843996967,1
180,1,11.75,11,8.37919843996967,10.2736011285447,1
180,1,11.75,11,10.2736011285447,11.5154654698023,1
180,1,11.75,11,11.5154654698023,11.75,0
181,1,20.75,1,0,3.72555484807112,1
181,1,20.75,1,3.72555484807112,20.75,0
182,1,16.75,1,0,7.37673049947963,1
182,1,16.75,1,7.37673049947963,16.75,0
183,1,17.75,1,0,3.50696362025008,1
183,1,17.75,1,3.50696362025008,17.75,0
184,1,19.75,0,0,19.75,0
185,1,15.75,3,0,0.564379411573209,1
185,1,15.75,3,0.564379411573209,1.95733009846308,1
185,1,15.75,3,1.95733009846308,10.1261688160282,1
185,1,15.75,3,10.1261688160282,15.75,0
186,1,15.75,0,0,15.75,0
187,1,11.75,1,0,0.0522880722610696,1
187,1,11.75,1,0.0522880722610696,11.75,0
188,1,10.75,3,0,1.32346683442388,1
188,1,10.75,3,1.32346683442388,3.43914169331932,1
188,1,10.75,3,3.43914169331932,6.92402281619055,1
188,1,10.75,3,6.92402281619055,10.75,0
189,1,13.75,24,0,0.927214418012601,1
189,1,13.75,24,0.927214418012601,1.24029144315401,1
189,1,13.75,24,1.24029144315401,2.69765633164543,1
189,1,13.75,24,2.69765633164543,3.68082112247148,1
189,1,13.75,24,3.68082112247148,5.12376817937765,1
189,1,13.75,24,5.12376817937765,5.82375337493076,1
189,1,13.75,24,5.82375337493076,6.73837325001756,1
189,1,13.75,24,6.73837325001756,7.60535959444897,1
189,1,13.75,24,7.60535959444897,9.45417128083349,1
189,1,13.75,24,9.45417128083349,9.45849723824124,1
189,1,13.75,24,9.45849723824124,9.58318437794718,1
189,1,13.75,24,9.58318437794718,9.58411378568344,1
189,1,13.75,24,9.58411378568344,9.92941442811388,1
189,1,13.75,24,9.92941442811388,10.0960396564003,1
189,1,13.75,24,10.0960396564003,10.4830796339681,1
189,1,13.75,24,10.4830796339681,10.9445692053573,1
189,1,13.75,24,10.9445692053573,11.179720450356,1
189,1,13.75,24,11.179720450356,11.3142097645551,1
189,1,13.75,24,11.3142097645551,11.6694896558561,1
189,1,13.75,24,11.6694896558561,12.0931368229396,1
189,1,13.75,24,12.0931368229396,12.1135039430226,1
189,1,13.75,24,12.1135039430226,13.2046452364617,1
189,1,13.75,24,13.2046452364617,13.4508017580553,1
189,1,13.75,24,13.4508017580553,13.6372067043294,1
189,1,13.75,24,13.6372067043294,13.75,0
190,1,17.75,1,0,1.39940221948664,1
190,1,17.75,1,1.39940221948664,17.75,0
191,1,15.75,1,0,10.2827343003484,1
191,1,15.75,1,10.2827343003484,15.75,0
192,1,14.75,26,0,5.11880787794065,1
192,1,14.75,26,5.11880787794065,6.69634263566957,1
192,1,14.75,26,6.69634263566957,7.53384503153883,1
192,1,14.75,26,7.53384503153883,8.66848208660093,1
192,1,14.75,26,8.66848208660093,9.0359808271433,1
192,1,14.75,26,9.0359808271433,9.25295813596287,1
192,1,14.75,26,9.25295813596287,9.98982595331453,1
192,1,14.75,26,9.98982595331453,10.2508596864393,1
192,1,14.75,26,10.2508596864393,10.6133979265104,1
192,1,14.75,26,10.6133979265104,10.882784583174,1
192,1,14.75,26,10.882784583174,11.3803237222339,1
192,1,14.75,26,11.3803237222339,11.416001643316,1
192,1,14.75,26,11.416001643316,11.8650983451289,1
192,1,14.75,26,11.8650983451289,11.9558686493813,1
192,1,14.75,26,11.9558686493813,12.0643552093105,1
192,1,14.75,26,12.0643552093105,12.2040267494788,1
192,1,14.75,26,12.2040267494788,12.2980877737009,1
192,1,14.75,26,12.2980877737009,13.4162163422751,1
192,1,14.75,26,13.4162163422751,13.4497601551754,1
192,1,14.75,26,13.4497601551754,13.6053190819716,1
192,1,14.75,26,13.6053190819716,13.7096306222847,1
192,1,14.75,26,13.7096306222847,14.1106765472772,1
192,1,14.75,26,14.1106765472772,14.1842941291313,1
192,1,14.75,26,14.1842941291313,14.3475383283638,1
192,1,14.75,26,14.3475383283638,14.5332761892817,1
192,1,14.75,26,14.5332761892817,14.6409138696402,1
192,1,14.75,26,14.6409138696402,14.75,0
193,1,12.75,17,0,2.13608249057171,1
193,1,12.75,17,2.13608249057171,3.67311590044063,1
193,1,12.75,17,3.67311590044063,5.17822223557504,1
193,1,12.75,17,5.17822223557504,6.27599867353428,1
193,1,12.75,17,6.27599867353428,6.28602674614854,1
193,1,12.75,17,6.28602674614854,8.39616587271859,1
193,1,12.75,17,8.39616587271859,8.4990023431152,1
193,1,12.75,17,8.4990023431152,9.42475591327462,1
193,1,12.75,17,9.42475591327462,9.65288957922489,1
193,1,12.75,17,9.65288957922489,9.90433414516375,1
193,1,12.75,17,9.90433414516375,10.2250687252546,1
193,1,12.75,17,10.2250687252546,10.8182343039473,1
193,1,12.75,17,10.8182343039473,11.9860225617308,1
193,1,12.75,17,11.9860225617308,12.1710446751269,1
193,1,12.75,17,12.1710446751269,12.1807411458648,1
193,1,12.75,17,12.1807411458648,12.6173611071438,1
193,1,12.75,17,12.6173611071438,12.6863296815111,1
193,1,12.75,17,12.6863296815111,12.75,0
194,1,9.75,11,0,1.68305364984894,1
194,1,9.75,11,1.68305364984894,4.49114404226703,1
194,1,9.75,11,4.49114404226703,4.89911256391819,1
194,1,9.75,11,4.89911256391819,5.34196264299254,1
194,1,9.75,11,5.34196264299254,5.56848086560707,1
194,1,9.75,11,5.56848086560707,6.56686106977565,1
194,1,9.75,11,6.56686106977565,7.73844459067797,1
194,1,9.75,11,7.73844459067797,7.79706879141348,1
194,1,9.75,11,7.79706879141348,9.054017899534,1
194,1,9.75,11,9.054017899534,9.39847529739037,1
194,1,9.75,11,9.39847529739037,9.7063118805187,1
194,1,9.75,11,9.7063118805187,9.75,0
195,1,14.75,0,0,14.75,0
196,1,18.75,2,0,1.67132773113218,1
196,1,18.75,2,1.67132773113218,5.23428369150311,1
196,1,18.75,2,5.23428369150311,18.75,0
197,1,9.75,17,0,3.62690680382674,1
197,1,9.75,17,3.62690680382674,4.6666830308797,1
197,1,9.75,17,4.6666830308797,4.95734965509507,1
197,1,9.75,17,4.95734965509507,5.26567627131154,1
197,1,9.75,17,5.26567627131154,5.6889614499399,1
197,1,9.75,17,5.6889614499399,6.07935843162322,1
197,1,9.75,17,6.07935843162322,6.18593516917161,1
197,1,9.75,17,6.18593516917161,6.72151378600289,1
197,1,9.75,17,6.72151378600289,6.81499806121978,1
197,1,9.75,17,6.81499806121978,6.95958004306331,1
197,1,9.75,17,6.95958004306331,7.49126945459126,1
197,1,9.75,17,7.49126945459126,7.62516727517116,1
197,1,9.75,17,7.62516727517116,7.64542996899918,1
197,1,9.75,17,7.64542996899918,7.6465340233216,1
197,1,9.75,17,7.6465340233216,8.47667698322522,1
197,1,9.75,17,8.47667698322522,9.08389905517026,1
197,1,9.75,17,9.08389905517026,9.38666945698274,1
197,1,9.75,17,9.38666945698274,9.75,0
198,1,9.75,9,0,2.3299581236537,1
198,1,9.75,9,2.3299581236537,5.41925940066114,1
198,1,9.75,9,5.41925940066114,6.10276116314278,1
198,1,9.75,9,6.10276116314278,6.14146829201865,1
198,1,9.75,9,6.14146829201865,8.01069638061368,1
198,1,9.75,9,8.01069638061368,8.04470464744485,1
198,1,9.75,9,8.04470464744485,8.31745541006188,1
198,1,9.75,9,8.31745541006188,9.25818229380902,1
198,1,9.75,9,9.25818229380902,9.60356592757241,1
198,1,9.75,9,9.60356592757241,9.75,0
199,1,16.75,0,0,16.75,0
200,1,14.75,26,0,2.28239196124714,1
200,1,14.75,26,2.28239196124714,4.30716344298592,1
200,1,14.75,26,4.30716344298592,4.42793212322235,1
200,1,14.75,26,4.42793212322235,5.88649147483093,1
200,1,14.75,26,5.88649147483093,7.34971745811313,1
200,1,14.75,26,7.34971745811313,8.30884103056786,1
200,1,14.75,26,8.30884103056786,9.74509784263899,1
200,1,14.75,26,9.74509784263899,10.0914972644382,1
200,1,14.75,26,10.0914972644382,10.1104332048754,1
200,1,14.75,26,10.1104332048754,10.2988378160374,1
200,1,14.75,26,10.2988378160374,10.740173070291,1
200,1,14.75,26,10.740173070291,11.2799233825206,1
200,1,14.75,26,11.2799233825206,11.519948250993,1
200,1,14.75,26,11.519948250993,11.8293774752853,1
200,1,14.75,26,11.8293774752853,13.0723484287548,1
200,1,14.75,26,13.0723484287548,13.2186813171033,1
200,1,14.75,26,13.2186813171033,13.6053819781461,1
200,1,14.75,26,13.6053819781461,13.7147103534679,1
200,1,14.75,26,13.7147103534679,13.8119727015211,1
200,1,14.75,26,13.8119727015211,14.1299277728097,1
200,1,14.75,26,14.1299277728097,14.2979224128998,1
200,1,14.75,26,14.2979224128998,14.3834987697992,1
200,1,14.75,26,14.3834987697992,14.4306200966051,1
200,1,14.75,26,14.4306200966051,14.4616450433212,1
200,1,14.75,26,14.4616450433212,14.5072951260716,1
200,1,14.75,26,14.5072951260716,14.6057152648683,1
200,1,14.75,26,14.6057152648683,14.75,0
201,1,14.75,1,0,8.36782178570473,1
201,1,14.75,1,8.36782178570473,14.75,0
202,1,14.75,37,0,3.28758828801462,1
202,1,14.75,37,3.28758828801462,3.74719092844844,1
202,1,14.75,37,3.74719092844844,4.28076710795925,1
202,1,14.75,37,4.28076710795925,4.66876177244912,1
202,1,14.75,37,4.66876177244912,4.93924289431297,1
202,1,14.75,37,4.93924289431297,6.04852610761666,1
202,1,14.75,37,6.04852610761666,6.49992129282306,1
202,1,14.75,37,6.49992129282306,7.82556314981261,1
202,1,14.75,37,7.82556314981261,8.56196539144362,1
202,1,14.75,37,8.56196539144362,8.57229607654218,1
202,1,14.75,37,8.57229607654218,8.60047645659438,1
202,1,14.75,37,8.60047645659438,9.45487170233971,1
202,1,14.75,37,9.45487170233971,10.0666194777786,1
202,1,14.75,37,10.0666194777786,10.4008194480619,1
202,1,14.75,37,10.4008194480619,10.8417198137911,1
202,1,14.75,37,10.8417198137911,10.9131249421365,1
202,1,14.75,37,10.9131249421365,11.0476402010268,1
202,1,14.75,37,11.0476402010268,11.4334993633577,1
202,1,14.75,37,11.4334993633577,11.4675230186606,1
202,1,14.75,37,11.4675230186606,11.4686640616018,1
202,1,14.75,37,11.4686640616018,11.5299781359771,1
202,1,14.75,37,11.5299781359771,11.6186362621011,1
202,1,14.75,37,11.6186362621011,11.656004011536,1
202,1,14.75,37,11.656004011536,11.6592225941854,1
202,1,14.75,37,11.6592225941854,11.7984405800981,1
202,1,14.75,37,11.7984405800981,12.5110726140973,1
202,1,14.75,37,12.5110726140973,12.9603059283515,1
202,1,14.75,37,12.9603059283515,12.9635466476056,1
202,1,14.75,37,12.9635466476056,13.0050281937316,1
202,1,14.75,37,13.0050281937316,13.2833950760868,1
202,1,14.75,37,13.2833950760868,13.6695405673287,1
202,1,14.75,37,13.6695405673287,13.6697637632086,1
202,1,14.75,37,13.6697637632086,13.8753924011793,1
202,1,14.75,37,13.8753924011793,14.2759030771506,1
202,1,14.75,37,14.2759030771506,14.3138028113301,1
202,1,14.75,37,14.3138028113301,14.4441033496502,1
202,1,14.75,37,14.4441033496502,14.5964294498793,1
202,1,14.75,37,14.5964294498793,14.75,0
203,1,15.75,24,0,5.75942658503692,1
203,1,15.75,24,5.75942658503692,7.76326151954889,1
203,1,15.75,24,7.76326151954889,7.82833575132186,1
203,1,15.75,24,7.82833575132186,8.42540127157495,1
203,1,15.75,24,8.42540127157495,9.60228157153027,1
203,1,15.75,24,9.60228157153027,9.88247267191041,1
203,1,15.75,24,9.88247267191041,9.90791555913846,1
203,1,15.75,24,9.90791555913846,9.94723280476221,1
203,1,15.75,24,9.94723280476221,10.2254326626609,1
203,1,15.75,24,10.2254326626609,10.5725171668464,1
203,1,15.75,24,10.5725171668464,10.5960292420137,1
203,1,15.75,24,10.5960292420137,10.6613816378309,1
203,1,15.75,24,10.6613816378309,11.336190459476,1
203,1,15.75,24,11.336190459476,11.4033634347691,1
203,1,15.75,24,11.4033634347691,11.7942364974011,1
203,1,15.75,24,11.7942364974011,11.8760238820179,1
203,1,15.75,24,11.8760238820179,12.2539714967417,1
203,1,15.75,24,12.2539714967417,13.0454760630549,1
203,1,15.75,24,13.0454760630549,13.069071881102,1
203,1,15.75,24,13.069071881102,13.253391001008,1
203,1,15.75,24,13.253391001008,14.2435994761781,1
203,1,15.75,24,14.2435994761781,14.3709903532335,1
203,1,15.75,24,14.3709903532335,14.7466970206102,1
203,1,15.75,24,14.7466970206102,15.5448871505274,1
203,1,15.75,24,15.5448871505274,15.75,0
204,1,12.75,1,0,1.61915345395874,1
204,1,12.75,1,1.61915345395874,12.75,0
205,1,13.75,3,0,6.12047643934137,1
205,1,13.75,3,6.12047643934137,10.0384328597512,1
205,1,13.75,3,10.0384328597512,10.9467462035847,1
205,1,13.75,3,10.9467462035847,13.75,0
206,1,17.75,65,0,0.70739488207658,1
206,1,17.75,65,0.70739488207658,1.50381488081329,1
206,1,17.75,65,1.50381488081329,3.71462097223342,1
206,1,17.75,65,3.71462097223342,3.99139016362572,1
206,1,17.75,65,3.99139016362572,4.49415008718818,1
206,1,17.75,65,4.49415008718818,4.64087587998692,1
206,1,17.75,65,4.64087587998692,5.54146613442299,1
206,1,17.75,65,5.54146613442299,5.59144250484329,1
206,1,17.75,65,5.59144250484329,6.55455389383316,1
206,1,17.75,65,6.55455389383316,7.12171871735643,1
206,1,17.75,65,7.12171871735643,8.48430693723855,1
206,1,17.75,65,8.48430693723855,8.52368079627056,1
206,1,17.75,65,8.52368079627056,8.63934902096115,1
206,1,17.75,65,8.63934902096115,8.94407156747137,1
206,1,17.75,65,8.94407156747137,9.37757058301085,1
206,1,17.75,65,9.37757058301085,9.47385775902929,1
206,1,17.75,65,9.47385775902929,9.58414005263026,1
206,1,17.75,65,9.58414005263026,9.58720787405429,1
206,1,17.75,65,9.58720787405429,9.99067121015612,1
206,1,17.75,65,9.99067121015612,10.6593153614261,1
206,1,17.75,65,10.6593153614261,10.7447243015919,1
206,1,17.75,65,10.7447243015919,10.7550456390947,1
206,1,17.75,65,10.7550456390947,10.9905160970807,1
206,1,17.75,65,10.9905160970807,11.0899323991381,1
206,1,17.75,65,11.0899323991381,11.2134833013507,1
206,1,17.75,65,11.2134833013507,11.3609653359841,1
206,1,17.75,65,11.3609653359841,11.6328998394739,1
206,1,17.75,65,11.6328998394739,11.6728965825773,1
206,1,17.75,65,11.6728965825773,11.8022824970342,1
206,1,17.75,65,11.8022824970342,12.023092244451,1
206,1,17.75,65,12.023092244451,12.0470769414318,1
206,1,17.75,65,12.0470769414318,12.2322533233993,1
206,1,17.75,65,12.2322533233993,12.6923860760791,1
206,1,17.75,65,12.6923860760791,13.0817810121324,1
206,1,17.75,65,13.0817810121324,13.0878122485363,1
206,1,17.75,65,13.0878122485363,13.0912485860781,1
206,1,17.75,65,13.0912485860781,13.7756246363127,1
206,1,17.75,65,13.7756246363127,13.7855817139876,1
206,1,17.75,65,13.7855817139876,14.0995408334706,1
206,1,17.75,65,14.0995408334706,14.6367008984777,1
206,1,17.75,65,14.6367008984777,14.6980606050658,1
206,1,17.75,65,14.6980606050658,14.9119737183337,1
206,1,17.75,65,14.9119737183337,14.9401577805265,1
206,1,17.75,65,14.9401577805265,14.9634015915601,1
206,1,17.75,65,14.9634015915601,15.1059385477984,1
206,1,17.75,65,15.1059385477984,15.2651135832476,1
206,1,17.75,65,15.2651135832476,15.3549351879747,1
206,1,17.75,65,15.3549351879747,15.4858551829076,1
206,1,17.75,65,15.4858551829076,15.6281451284298,1
206,1,17.75,65,15.6281451284298,15.6432811478958,1
206,1,17.75,65,15.6432811478958,15.7100799954741,1
206,1,17.75,65,15.7100799954741,15.7266354458599,1
206,1,17.75,65,15.7266354458599,16.0204300153846,1
206,1,17.75,65,16.0204300153846,16.0680630667353,1
206,1,17.75,65,16.0680630667353,16.0774551789906,1
206,1,17.75,65,16.0774551789906,16.1712791181815,1
206,1,17.75,65,16.1712791181815,16.256878918573,1
206,1,17.75,65,16.256878918573,16.4345617097883,1
206,1,17.75,65,16.4345617097883,16.5373259440947,1
206,1,17.75,65,16.5373259440947,16.5759217338911,1
206,1,17.75,65,16.5759217338911,17.1388609696664,1
206,1,17.75,65,17.1388609696664,17.2658832055633,1
206,1,17.75,65,17.2658832055633,17.2945478537801,1
206,1,17.75,65,17.2945478537801,17.414892389526,1
206,1,17.75,65,17.414892389526,17.5253354907882,1
206,1,17.75,65,17.5253354907882,17.75,0
207,1,10.75,0,0,10.75,0
208,1,15.75,1,0,12.2104794593252,1
208,1,15.75,1,12.2104794593252,15.75,0
209,1,17.75,1,0,9.05858884447316,1
209,1,17.75,1,9.05858884447316,17.75,0
210,1,8.75,2,0,3.37796460305453,1
210,1,8.75,2,3.37796460305453,7.26446391737928,1
210,1,8.75,2,7.26446391737928,8.75,0
211,1,20.75,68,0,6.18102874577777,1
211,1,20.75,68,6.18102874577777,6.31716843332947,1
211,1,20.75,68,6.31716843332947,6.90704029943615,1
211,1,20.75,68,6.90704029943615,6.96589629350069,1
211,1,20.75,68,6.96589629350069,7.49875005179056,1
211,1,20.75,68,7.49875005179056,7.55626126419199,1
211,1,20.75,68,7.55626126419199,7.96022865753423,1
211,1,20.75,68,7.96022865753423,8.2900382472084,1
211,1,20.75,68,8.2900382472084,9.11999086351826,1
211,1,20.75,68,9.11999086351826,9.35213173045167,1
211,1,20.75,68,9.35213173045167,9.60198697631312,1
211,1,20.75,68,9.60198697631312,10.255852533272,1
211,1,20.75,68,10.255852533272,10.397543699062,1
211,1,20.75,68,10.397543699062,10.672253824739,1
211,1,20.75,68,10.672253824739,10.7362981285671,1
211,1,20.75,68,10.7362981285671,10.8090923600986,1
211,1,20.75,68,10.8090923600986,11.0208803555082,1
211,1,20.75,68,11.0208803555082,11.3738934278703,1
211,1,20.75,68,11.3738934278703,11.4410216889849,1
211,1,20.75,68,11.4410216889849,11.8880125620442,1
211,1,20.75,68,11.8880125620442,12.4852989978051,1
211,1,20.75,68,12.4852989978051,12.5028177039249,1
211,1,20.75,68,12.5028177039249,12.5530343823885,1
211,1,20.75,68,12.5530343823885,12.5815009715561,1
211,1,20.75,68,12.5815009715561,12.7781537581602,1
211,1,20.75,68,12.7781537581602,13.0136628361081,1
211,1,20.75,68,13.0136628361081,13.3501199390298,1
211,1,20.75,68,13.3501199390298,13.6249678567646,1
211,1,20.75,68,13.6249678567646,13.6620426025929,1
211,1,20.75,68,13.6620426025929,13.6897781846927,1
211,1,20.75,68,13.6897781846927,13.703489846604,1
211,1,20.75,68,13.703489846604,14.1222173705558,1
211,1,20.75,68,14.1222173705558,14.2534076511058,1
211,1,20.75,68,14.2534076511058,15.6367158389241,1
211,1,20.75,68,15.6367158389241,15.7292568809003,1
211,1,20.75,68,15.7292568809003,15.803284349937,1
211,1,20.75,68,15.803284349937,15.8460240590548,1
211,1,20.75,68,15.8460240590548,15.9404477921178,1
211,1,20.75,68,15.9404477921178,16.0153578476273,1
211,1,20.75,68,16.0153578476273,16.0816453741778,1
211,1,20.75,68,16.0816453741778,16.3254475814634,1
211,1,20.75,68,16.3254475814634,16.3255545452042,1
211,1,20.75,68,16.3255545452042,16.5238519147859,1
211,1,20.75,68,16.5238519147859,16.6868397818367,1
211,1,20.75,68,16.6868397818367,17.0089778193938,1
211,1,20.75,68,17.0089778193938,17.3332542574555,1
211,1,20.75,68,17.3332542574555,17.4535529841668,1
211,1,20.75,68,17.4535529841668,17.4858464148699,1
211,1,20.75,68,17.4858464148699,17.6526642184623,1
211,1,20.75,68,17.6526642184623,17.9865890203931,1
211,1,20.75,68,17.9865890203931,18.055013895797,1
211,1,20.75,68,18.055013895797,18.4502463045662,1
211,1,20.75,68,18.4502463045662,18.5029689556936,1
211,1,20.75,68,18.5029689556936,18.5708943236104,1
211,1,20.75,68,18.5708943236104,18.6362808375619,1
211,1,20.75,68,18.6362808375619,19.0617759456931,1
211,1,20.75,68,19.0617759456931,19.2541557074021,1
211,1,20.75,68,19.2541557074021,19.4175073274121,1
211,1,20.75,68,19.4175073274121,19.4288247232446,1
211,1,20.75,68,19.4288247232446,19.5590283086699,1
211,1,20.75,68,19.5590283086699,19.9918185448436,1
211,1,20.75,68,19.9918185448436,19.9972492734813,1
211,1,20.75,68,19.9972492734813,20.1894219284397,1
211,1,20.75,68,20.1894219284397,20.1987816679559,1
211,1,20.75,68,20.1987816679559,20.566366878495,1
211,1,20.75,68,20.566366878495,20.640465867079,1
211,1,20.75,68,20.640465867079,20.6565907939804,1
211,1,20.75,68,20.6565907939804,20.6840318454015,1
211,1,20.75,68,20.6840318454015,20.75,0
212,1,11.75,15,0,2.43085607195202,1
212,1,11.75,15,2.43085607195202,3.72501549738062,1
212,1,11.75,15,3.72501549738062,4.36562197282947,1
212,1,11.75,15,4.36562197282947,4.79508249251659,1
212,1,11.75,15,4.79508249251659,5.16893249724384,1
212,1,11.75,15,5.16893249724384,7.08374696939659,1
212,1,11.75,15,7.08374696939659,7.10277115616138,1
212,1,11.75,15,7.10277115616138,9.74405489131661,1
212,1,11.75,15,9.74405489131661,9.79038716011447,1
212,1,11.75,15,9.79038716011447,9.83881228998161,1
212,1,11.75,15,9.83881228998161,9.97499931085435,1
212,1,11.75,15,9.97499931085435,10.6233858594168,1
212,1,11.75,15,10.6233858594168,10.6495310654701,1
212,1,11.75,15,10.6495310654701,11.3328583292297,1
212,1,11.75,15,11.3328583292297,11.4371404277037,1
212,1,11.75,15,11.4371404277037,11.75,0
213,1,8.75,2,0,0.190404398569722,1
213,1,8.75,2,0.190404398569722,5.16874274427307,1
213,1,8.75,2,5.16874274427307,8.75,0
214,1,9.75,2,0,3.83240424807883,1
214,1,9.75,2,3.83240424807883,8.12689135031843,1
214,1,9.75,2,8.12689135031843,9.75,0
215,1,14.75,1,0,4.31741943528603,1
215,1,14.75,1,4.31741943528603,14.75,0
216,1,14.75,3,0,0.115907125794068,1
216,1,14.75,3,0.115907125794068,3.31992965801248,1
216,1,14.75,3,3.31992965801248,10.5602015544163,1
216,1,14.75,3,10.5602015544163,14.75,0
217,1,13.75,4,0,0.987794212852954,1
217,1,13.75,4,0.987794212852954,2.63062800618004,1
217,1,13.75,4,2.63062800618004,4.31625707694359,1
217,1,13.75,4,4.31625707694359,6.11152778249061,1
217,1,13.75,4,6.11152778249061,13.75,0
218,1,14.75,4,0,0.71388597412768,1
218,1,14.75,4,0.71388597412768,4.16396110792328,1
218,1,14.75,4,4.16396110792328,6.7445309271367,1
218,1,14.75,4,6.7445309271367,13.7231391006206,1
218,1,14.75,4,13.7231391006206,14.75,0
219,1,18.75,1,0,1.11520985232151,1
219,1,18.75,1,1.11520985232151,18.75,0
220,1,8.75,12,0,4.5495176837728,1
220,1,8.75,12,4.5495176837728,5.63056830882095,1
220,1,8.75,12,5.63056830882095,6.04073390665878,1
220,1,8.75,12,6.04073390665878,6.30569821474319,1
220,1,8.75,12,6.30569821474319,7.4312089819213,1
220,1,8.75,12,7.4312089819213,7.80327006309836,1
220,1,8.75,12,7.80327006309836,8.08139482227384,1
220,1,8.75,12,8.08139482227384,8.13554274628011,1
220,1,8.75,12,8.13554274628011,8.22053429044715,1
220,1,8.75,12,8.22053429044715,8.22167887446553,1
220,1,8.75,12,8.22167887446553,8.43839209274664,1
220,1,8.75,12,8.43839209274664,8.44428002609409,1
220,1,8.75,12,8.44428002609409,8.75,0
221,1,11.75,1,0,1.3718550475731,1
221,1,11.75,1,1.3718550475731,11.75,0
222,1,8.75,3,0,0.904412860423744,1
222,1,8.75,3,0.904412860423744,6.46922852713795,1
222,1,8.75,3,6.46922852713795,7.34613723312996,1
222,1,8.75,3,7.34613723312996,8.75,0
223,1,14.75,2,0,0.00108424193847251,1
223,1,14.75,2,0.00108424193847251,8.54529255613197,1
223,1,14.75,2,8.54529255613197,14.75,0
224,1,15.75,1,0,4.53049509253954,1
224,1,15.75,1,4.53049509253954,15.75,0
225,1,13.75,2,0,5.98310372629352,1
225,1,13.75,2,5.98310372629352,6.39300758599293,1
225,1,13.75,2,6.39300758599293,13.75,0
226,1,14.75,4,0,0.887052665708032,1
226,1,14.75,4,0.887052665708032,2.25876245608524,1
226,1,14.75,4,2.25876245608524,5.07817325955193,1
226,1,14.75,4,5.07817325955193,6.49916740850771,1
226,1,14.75,4,6.49916740850771,14.75,0
227,1,16.75,19,0,5.14202097997406,1
227,1,16.75,19,5.14202097997406,6.6172260074968,1
227,1,16.75,19,6.6172260074968,6.66666300099692,1
227,1,16.75,19,6.66666300099692,9.37602571097416,1
227,1,16.75,19,9.37602571097416,9.84616927887947,1
227,1,16.75,19,9.84616927887947,10.2724839787059,1
227,1,16.75,19,10.2724839787059,12.6782059642905,1
227,1,16.75,19,12.6782059642905,12.8634435066263,1
227,1,16.75,19,12.8634435066263,13.048737787855,1
227,1,16.75,19,13.048737787855,13.2584316649709,1
227,1,16.75,19,13.2584316649709,14.5371795724018,1
227,1,16.75,19,14.5371795724018,14.8690227113936,1
227,1,16.75,19,14.8690227113936,15.0992979399125,1
227,1,16.75,19,15.0992979399125,15.8025726583536,1
227,1,16.75,19,15.8025726583536,16.4108132487032,1
227,1,16.75,19,16.4108132487032,16.454229171775,1
227,1,16.75,19,16.454229171775,16.4857311613378,1
227,1,16.75,19,16.4857311613378,16.5838133498502,1
227,1,16.75,19,16.5838133498502,16.5854476720666,1
227,1,16.75,19,16.5854476720666,16.75,0
228,1,20.75,4,0,0.403414233205196,1
228,1,20.75,4,0.403414233205196,3.09914135257735,1
228,1,20.75,4,3.09914135257735,5.37579920541261,1
228,1,20.75,4,5.37579920541261,10.1841813848063,1
228,1,20.75,4,10.1841813848063,20.75,0
229,1,18.75,0,0,18.75,0
230,1,13.75,2,0,0.200581776983823,1
230,1,13.75,2,0.200581776983823,2.02569422868681,1
230,1,13.75,2,2.02569422868681,13.75,0
231,1,14.75,23,0,3.73818632462271,1
231,1,14.75,23,3.73818632462271,5.63454098059954,1
231,1,14.75,23,5.63454098059954,7.9581117164563,1
231,1,14.75,23,7.9581117164563,9.760585493956,1
231,1,14.75,23,9.760585493956,10.0803283965367,1
231,1,14.75,23,10.0803283965367,10.2019298778404,1
231,1,14.75,23,10.2019298778404,10.203079095955,1
231,1,14.75,23,10.203079095955,10.4503315136761,1
231,1,14.75,23,10.4503315136761,10.9000734074507,1
231,1,14.75,23,10.9000734074507,10.9256877565699,1
231,1,14.75,23,10.9256877565699,11.1288124992078,1
231,1,14.75,23,11.1288124992078,11.2458322820541,1
231,1,14.75,23,11.2458322820541,11.6394645925975,1
231,1,14.75,23,11.6394645925975,11.7827341666097,1
231,1,14.75,23,11.7827341666097,12.1322128630278,1
231,1,14.75,23,12.1322128630278,12.5876283765885,1
231,1,14.75,23,12.5876283765885,13.3946053153401,1
231,1,14.75,23,13.3946053153401,13.4189742906338,1
231,1,14.75,23,13.4189742906338,13.8220319521457,1
231,1,14.75,23,13.8220319521457,13.8255948116966,1
231,1,14.75,23,13.8255948116966,13.9734561350182,1
231,1,14.75,23,13.9734561350182,14.1063216317871,1
231,1,14.75,23,14.1063216317871,14.133457812839,1
231,1,14.75,23,14.133457812839,14.75,0
232,1,10.75,1,0,10.0937568218177,1
232,1,10.75,1,10.0937568218177,10.75,0
233,1,11.75,0,0,11.75,0
234,1,13.75,26,0,2.69318631327073,1
234,1,13.75,26,2.69318631327073,4.56144159135001,1
234,1,13.75,26,4.56144159135001,5.00250784308091,1
234,1,13.75,26,5.00250784308091,6.3644920438275,1
234,1,13.75,26,6.3644920438275,6.8956161093452,1
234,1,13.75,26,6.8956161093452,6.97343884012819,1
234,1,13.75,26,6.97343884012819,6.9923916906609,1
234,1,13.75,26,6.9923916906609,7.22573563588511,1
234,1,13.75,26,7.22573563588511,7.50162169811333,1
234,1,13.75,26,7.50162169811333,7.71614662884377,1
234,1,13.75,26,7.71614662884377,8.06144857468838,1
234,1,13.75,26,8.06144857468838,8.82440398497921,1
234,1,13.75,26,8.82440398497921,9.52988514396743,1
234,1,13.75,26,9.52988514396743,10.119750953389,1
234,1,13.75,26,10.119750953389,10.1622435454937,1
234,1,13.75,26,10.1622435454937,10.2244148684705,1
234,1,13.75,26,10.2244148684705,10.410064583979,1
234,1,13.75,26,10.410064583979,10.4929109150537,1
234,1,13.75,26,10.4929109150537,10.6410069693892,1
234,1,13.75,26,10.6410069693892,10.6661708557493,1
234,1,13.75,26,10.6661708557493,11.0690178645689,1
234,1,13.75,26,11.0690178645689,11.6792586085012,1
234,1,13.75,26,11.6792586085012,12.4710827227818,1
234,1,13.75,26,12.4710827227818,12.8944767937452,1
234,1,13.75,26,12.8944767937452,13.03051002825,1
234,1,13.75,26,13.03051002825,13.6239773296915,1
234,1,13.75,26,13.6239773296915,13.75,0
235,1,17.75,2,0,0.253472868132565,1
235,1,17.75,2,0.253472868132565,3.69525255662628,1
235,1,17.75,2,3.69525255662628,17.75,0
236,1,18.75,1,0,3.40185521842843,1
236,1,18.75,1,3.40185521842843,18.75,0
237,1,18.75,61,0,4.15011892129214,1
237,1,18.75,61,4.15011892129214,4.30696141089458,1
237,1,18.75,61,4.30696141089458,4.35062169023657,1
237,1,18.75,61,4.35062169023657,5.72942820818378,1
237,1,18.75,61,5.72942820818378,6.27420105276487,1
237,1,18.75,61,6.27420105276487,6.37143129120152,1
237,1,18.75,61,6.37143129120152,6.52788784716741,1
237,1,18.75,61,6.52788784716741,6.96675260869908,1
237,1,18.75,61,6.96675260869908,7.48255999191458,1
237,1,18.75,61,7.48255999191458,7.53420461007492,1
237,1,18.75,61,7.53420461007492,7.64447721020494,1
237,1,18.75,61,7.64447721020494,7.68356961354496,1
237,1,18.75,61,7.68356961354496,8.01547047369848,1
237,1,18.75,61,8.01547047369848,8.44523749437129,1
237,1,18.75,61,8.44523749437129,9.41370615273767,1
237,1,18.75,61,9.41370615273767,9.42791953732468,1
237,1,18.75,61,9.42791953732468,9.81588360013627,1
237,1,18.75,61,9.81588360013627,10.5001251412061,1
237,1,18.75,61,10.5001251412061,10.7112636132091,1
237,1,18.75,61,10.7112636132091,10.7592731915867,1
237,1,18.75,61,10.7592731915867,10.8462693474101,1
237,1,18.75,61,10.8462693474101,11.4994895595566,1
237,1,18.75,61,11.4994895595566,11.5244545508832,1
237,1,18.75,61,11.5244545508832,11.5400459463359,1
237,1,18.75,61,11.5400459463359,11.8139091645988,1
237,1,18.75,61,11.8139091645988,12.1461670008822,1
237,1,18.75,61,12.1461670008822,12.695472312341,1
237,1,18.75,61,12.695472312341,13.0609965572854,1
237,1,18.75,61,13.0609965572854,13.0844453209021,1
237,1,18.75,61,13.0844453209021,13.1572867592999,1
237,1,18.75,61,13.1572867592999,13.2386121497507,1
237,1,18.75,61,13.2386121497507,13.4816039415023,1
237,1,18.75,61,13.4816039415023,13.7849557503005,1
237,1,18.75,61,13.7849557503005,13.8273617906036,1
237,1,18.75,61,13.8273617906036,13.9932793850585,1
237,1,18.75,61,13.9932793850585,14.037719578477,1
237,1,18.75,61,14.037719578477,14.6812543362045,1
237,1,18.75,61,14.6812543362045,14.7292270205858,1
237,1,18.75,61,14.7292270205858,15.3309307256008,1
237,1,18.75,61,15.3309307256008,15.3364470413891,1
237,1,18.75,61,15.3364470413891,15.4837751743175,1
237,1,18.75,61,15.4837751743175,15.7588473535937,1
237,1,18.75,61,15.7588473535937,16.0260048298671,1
237,1,18.75,61,16.0260048298671,16.0980703622258,1
237,1,18.75,61,16.0980703622258,16.109909605323,1
237,1,18.75,61,16.109909605323,16.1918692184626,1
237,1,18.75,61,16.1918692184626,16.3766853210119,1
237,1,18.75,61,16.3766853210119,16.4653211170999,1
237,1,18.75,61,16.4653211170999,16.8214501104905,1
237,1,18.75,61,16.8214501104905,16.8556511863705,1
237,1,18.75,61,16.8556511863705,16.8617591155711,1
237,1,18.75,61,16.8617591155711,16.906377356031,1
237,1,18.75,61,16.906377356031,16.9865272673631,1
237,1,18.75,61,16.9865272673631,17.2545658224172,1
237,1,18.75,61,17.2545658224172,17.2681101200466,1
237,1,18.75,61,17.2681101200466,17.6675583416856,1
237,1,18.75,61,17.6675583416856,18.0672534054553,1
237,1,18.75,61,18.0672534054553,18.2949060988191,1
237,1,18.75,61,18.2949060988191,18.5533443866693,1
237,1,18.75,61,18.5533443866693,18.560535667315,1
237,1,18.75,61,18.560535667315,18.683598103929,1
237,1,18.75,61,18.683598103929,18.75,0
238,1,10.75,2,0,6.75368835975744,1
238,1,10.75,2,6.75368835975744,9.16663037135839,1
238,1,10.75,2,9.16663037135839,10.75,0
239,1,16.75,2,0,4.11915973595804,1
239,1,16.75,2,4.11915973595804,7.13311021325997,1
239,1,16.75,2,7.13311021325997,16.75,0
240,1,9.75,2,0,0.00711018830976565,1
240,1,9.75,2,0.00711018830976565,7.59694750452393,1
240,1,9.75,2,7.59694750452393,9.75,0
241,1,10.75,1,0,6.03679183695615,1
241,1,10.75,1,6.03679183695615,10.75,0
242,1,13.75,1,0,2.63998195334893,1
242,1,13.75,1,2.63998195334893,13.75,0
243,1,15.75,41,0,3.04230573403994,1
243,1,15.75,41,3.04230573403994,4.43009337502822,1
243,1,15.75,41,4.43009337502822,4.50921723641392,1
243,1,15.75,41,4.50921723641392,5.99522043148054,1
243,1,15.75,41,5.99522043148054,6.53431882101111,1
243,1,15.75,41,6.53431882101111,7.20793584139841,1
243,1,15.75,41,7.20793584139841,7.7297678756662,1
243,1,15.75,41,7.7297678756662,8.87554102483292,1
243,1,15.75,41,8.87554102483292,8.93897074786473,1
243,1,15.75,41,8.93897074786473,9.16354460869016,1
243,1,15.75,41,9.16354460869016,9.57566724810822,1
243,1,15.75,41,9.57566724810822,9.5962840982366,1
243,1,15.75,41,9.5962840982366,9.92210917800211,1
243,1,15.75,41,9.92210917800211,10.4900853388324,1
243,1,15.75,41,10.4900853388324,11.1504125271116,1
243,1,15.75,41,11.1504125271116,11.1890519446304,1
243,1,15.75,41,11.1890519446304,11.4442074142745,1
243,1,15.75,41,11.4442074142745,11.5997194183454,1
243,1,15.75,41,11.5997194183454,11.7670271335669,1
243,1,15.75,41,11.7670271335669,12.0082616289721,1
243,1,15.75,41,12.0082616289721,12.1406484233898,1
243,1,15.75,41,12.1406484233898,12.1997881643487,1
243,1,15.75,41,12.1997881643487,12.2385323892324,1
243,1,15.75,41,12.2385323892324,12.6483257345892,1
243,1,15.75,41,12.6483257345892,12.7503933727633,1
243,1,15.75,41,12.7503933727633,13.0743357439035,1
243,1,15.75,41,13.0743357439035,13.1484309463467,1
243,1,15.75,41,13.1484309463467,13.2256877384659,1
243,1,15.75,41,13.2256877384659,13.3753394866833,1
243,1,15.75,41,13.3753394866833,13.3884978905011,1
243,1,15.75,41,13.3884978905011,13.6544208006151,1
243,1,15.75,41,13.6544208006151,13.6921282478529,1
243,1,15.75,41,13.6921282478529,13.7337405506304,1
243,1,15.75,41,13.7337405506304,14.5176126247482,1
243,1,15.75,41,14.5176126247482,14.550253086533,1
243,1,15.75,41,14.550253086533,14.571972172168,1
243,1,15.75,41,14.571972172168,14.6118108150551,1
243,1,15.75,41,14.6118108150551,15.0750401664561,1
243,1,15.75,41,15.0750401664561,15.451681690961,1
243,1,15.75,41,15.451681690961,15.4541251968302,1
243,1,15.75,41,15.4541251968302,15.7301604796204,1
243,1,15.75,41,15.7301604796204,15.75,0
244,1,14.75,2,0,4.06870523721849,1
244,1,14.75,2,4.06870523721849,4.60051532579817,1
244,1,14.75,2,4.60051532579817,14.75,0
245,1,11.75,7,0,5.79299341716727,1
245,1,11.75,7,5.79299341716727,7.01389454871428,1
245,1,11.75,7,7.01389454871428,8.32573908179459,1
245,1,11.75,7,8.32573908179459,8.51981174782554,1
245,1,11.75,7,8.51981174782554,11.2877453563358,1
245,1,11.75,7,11.2877453563358,11.3381839305161,1
245,1,11.75,7,11.3381839305161,11.5281019956307,1
245,1,11.75,7,11.5281019956307,11.75,0
246,1,11.75,5,0,0.00513472495746227,1
246,1,11.75,5,0.00513472495746227,5.65495554400301,1
246,1,11.75,5,5.65495554400301,6.64353410894303,1
246,1,11.75,5,6.64353410894303,8.35736281502949,1
246,1,11.75,5,8.35736281502949,10.7492611307561,1
246,1,11.75,5,10.7492611307561,11.75,0
247,1,11.75,21,0,5.23965895566121,1
247,1,11.75,21,5.23965895566121,5.45287364059393,1
247,1,11.75,21,5.45287364059393,7.40643458322,1
247,1,11.75,21,7.40643458322,7.56166925267926,1
247,1,11.75,21,7.56166925267926,8.62176363750929,1
247,1,11.75,21,8.62176363750929,9.09973353435616,1
247,1,11.75,21,9.09973353435616,9.31151266098216,1
247,1,11.75,21,9.31151266098216,9.41972586960056,1
247,1,11.75,21,9.41972586960056,9.55491871461909,1
247,1,11.75,21,9.55491871461909,9.73212133448133,1
247,1,11.75,21,9.73212133448133,9.84001721446285,1
247,1,11.75,21,9.84001721446285,10.0165011874898,1
247,1,11.75,21,10.0165011874898,10.2927568341395,1
247,1,11.75,21,10.2927568341395,10.3202827266504,1
247,1,11.75,21,10.3202827266504,10.4182696301507,1
247,1,11.75,21,10.4182696301507,10.4911017751581,1
247,1,11.75,21,10.4911017751581,11.2854057264078,1
247,1,11.75,21,11.2854057264078,11.4113251070475,1
247,1,11.75,21,11.4113251070475,11.4267308855682,1
247,1,11.75,21,11.4267308855682,11.4637621810225,1
247,1,11.75,21,11.4637621810225,11.738771315583,1
247,1,11.75,21,11.738771315583,11.75,0
248,1,10.75,14,0,5.91055683302808,1
248,1,10.75,14,5.91055683302808,7.10055109299798,1
248,1,10.75,14,7.10055109299798,7.34537815960033,1
248,1,10.75,14,7.34537815960033,7.48793978377106,1
248,1,10.75,14,7.48793978377106,7.63312977466003,1
248,1,10.75,14,7.63312977466003,8.06330515482372,1
248,1,10.75,14,8.06330515482372,8.45521521257004,1
248,1,10.75,14,8.45521521257004,9.66590822552929,1
248,1,10.75,14,9.66590822552929,9.98815848113968,1
248,1,10.75,14,9.98815848113968,10.1291925439897,1
248,1,10.75,14,10.1291925439897,10.1685857734694,1
248,1,10.75,14,10.1685857734694,10.2952680144613,1
248,1,10.75,14,10.2952680144613,10.415031861816,1
248,1,10.75,14,10.415031861816,10.7182305702011,1
248,1,10.75,14,10.7182305702011,10.75,0
249,1,17.75,37,0,5.7083524470675,1
249,1,17.75,37,5.7083524470675,7.10827432074973,1
249,1,17.75,37,7.10827432074973,7.16699818123717,1
249,1,17.75,37,7.16699818123717,9.02357851059184,1
249,1,17.75,37,9.02357851059184,9.30802870020234,1
249,1,17.75,37,9.30802870020234,9.60702050018543,1
249,1,17.75,37,9.60702050018543,9.67454578082719,1
249,1,17.75,37,9.67454578082719,10.2108892127196,1
249,1,17.75,37,10.2108892127196,12.0368965549962,1
249,1,17.75,37,12.0368965549962,12.0654823480873,1
249,1,17.75,37,12.0654823480873,12.3226000416084,1
249,1,17.75,37,12.3226000416084,12.3913120815083,1
249,1,17.75,37,12.3913120815083,12.6102632194591,1
249,1,17.75,37,12.6102632194591,12.7600724020944,1
249,1,17.75,37,12.7600724020944,13.1616319290574,1
249,1,17.75,37,13.1616319290574,13.4360701872849,1
249,1,17.75,37,13.4360701872849,13.6647064447848,1
249,1,17.75,37,13.6647064447848,13.8537865386539,1
249,1,17.75,37,13.8537865386539,13.8765968227661,1
249,1,17.75,37,13.8765968227661,14.282726539292,1
249,1,17.75,37,14.282726539292,14.5637855912131,1
249,1,17.75,37,14.5637855912131,15.0487885567243,1
249,1,17.75,37,15.0487885567243,15.0966307678982,1
249,1,17.75,37,15.0966307678982,15.1171208730452,1
249,1,17.75,37,15.1171208730452,15.1710034009487,1
249,1,17.75,37,15.1710034009487,15.2493340168386,1
249,1,17.75,37,15.2493340168386,15.4468128684972,1
249,1,17.75,37,15.4468128684972,16.1764744005648,1
249,1,17.75,37,16.1764744005648,16.1873897089774,1
249,1,17.75,37,16.1873897089774,16.406279274952,1
249,1,17.75,37,16.406279274952,16.5966030917624,1
249,1,17.75,37,16.5966030917624,16.9146877177849,1
249,1,17.75,37,16.9146877177849,17.1963670027397,1
249,1,17.75,37,17.1963670027397,17.477497480889,1
249,1,17.75,37,17.477497480889,17.5352392900772,1
249,1,17.75,37,17.5352392900772,17.6154545975499,1
249,1,17.75,37,17.6154545975499,17.7254710949262,1
249,1,17.75,37,17.7254710949262,17.75,0
250,1,14.75,2,0,0.682023853988366,1
250,1,14.75,2,0.682023853988366,6.07123110129265,1
250,1,14.75,2,6.07123110129265,14.75,0
251,1,17.75,56,0,3.89721373409343,1
251,1,17.75,56,3.89721373409343,6.94212711125353,1
251,1,17.75,56,6.94212711125353,7.19745585011226,1
251,1,17.75,56,7.19745585011226,8.38593482239634,1
251,1,17.75,56,8.38593482239634,9.23822402427812,1
251,1,17.75,56,9.23822402427812,10.1213377098218,1
251,1,17.75,56,10.1213377098218,10.2063249436612,1
251,1,17.75,56,10.2063249436612,10.383805391034,1
251,1,17.75,56,10.383805391034,10.4000207815459,1
251,1,17.75,56,10.4000207815459,10.6439688020362,1
251,1,17.75,56,10.6439688020362,10.8075614849018,1
251,1,17.75,56,10.8075614849018,10.9272829254884,1
251,1,17.75,56,10.9272829254884,10.9513014293388,1
251,1,17.75,56,10.9513014293388,11.4754963938294,1
251,1,17.75,56,11.4754963938294,11.4897904362475,1
251,1,17.75,56,11.4897904362475,11.8775296448925,1
251,1,17.75,56,11.8775296448925,11.9394369432499,1
251,1,17.75,56,11.9394369432499,11.9631092765351,1
251,1,17.75,56,11.9631092765351,12.1255049371651,1
251,1,17.75,56,12.1255049371651,12.2584425804043,1
251,1,17.75,56,12.2584425804043,12.7334179654555,1
251,1,17.75,56,12.7334179654555,12.7562415077898,1
251,1,17.75,56,12.7562415077898,13.1313525157576,1
251,1,17.75,56,13.1313525157576,13.4325883177687,1
251,1,17.75,56,13.4325883177687,13.6668007807145,1
251,1,17.75,56,13.6668007807145,13.7569495318151,1
251,1,17.75,56,13.7569495318151,13.8795276471596,1
251,1,17.75,56,13.8795276471596,14.1025814201062,1
251,1,17.75,56,14.1025814201062,14.1431719569633,1
251,1,17.75,56,14.1431719569633,14.2417962402129,1
251,1,17.75,56,14.2417962402129,14.2720724171193,1
251,1,17.75,56,14.2720724171193,14.5531708642152,1
251,1,17.75,56,14.5531708642152,14.7674128582014,1
251,1,17.75,56,14.7674128582014,14.853852158401,1
251,1,17.75,56,14.853852158401,14.9058817788047,1
251,1,17.75,56,14.9058817788047,14.9310325212315,1
251,1,17.75,56,14.9310325212315,14.9364570180882,1
251,1,17.75,56,14.9364570180882,14.9414252386238,1
251,1,17.75,56,14.9414252386238,14.9860810089713,1
251,1,17.75,56,14.9860810089713,15.1843279470764,1
251,1,17.75,56,15.1843279470764,15.2405098651169,1
251,1,17.75,56,15.2405098651169,15.2888474310583,1
251,1,17.75,56,15.2888474310583,15.503582820967,1
251,1,17.75,56,15.503582820967,15.5071375437098,1
251,1,17.75,56,15.5071375437098,15.5376958292184,1
251,1,17.75,56,15.5376958292184,15.8319069720148,1
251,1,17.75,56,15.8319069720148,15.8505391202546,1
251,1,17.75,56,15.8505391202546,15.8520358041482,1
251,1,17.75,56,15.8520358041482,16.4234281420292,1
251,1,17.75,56,16.4234281420292,16.5423364215272,1
251,1,17.75,56,16.5423364215272,16.7951014600015,1
251,1,17.75,56,16.7951014600015,16.9032352966529,1
251,1,17.75,56,16.9032352966529,17.2979814817818,1
251,1,17.75,56,17.2979814817818,17.3645136801138,1
251,1,17.75,56,17.3645136801138,17.6186335572761,1
251,1,17.75,56,17.6186335572761,17.6394547440491,1
251,1,17.75,56,17.6394547440491,17.75,0
252,1,16.75,35,0,3.75569671129517,1
252,1,16.75,35,3.75569671129517,5.13875222397418,1
252,1,16.75,35,5.13875222397418,5.44558601983136,1
252,1,16.75,35,5.44558601983136,7.61069344421258,1
252,1,16.75,35,7.61069344421258,7.89159405352135,1
252,1,16.75,35,7.89159405352135,7.9719683920301,1
252,1,16.75,35,7.9719683920301,9.20000745635118,1
252,1,16.75,35,9.20000745635118,9.22027023525495,1
252,1,16.75,35,9.22027023525495,9.45188181863801,1
252,1,16.75,35,9.45188181863801,9.7961224579209,1
252,1,16.75,35,9.7961224579209,10.4641898195957,1
252,1,16.75,35,10.4641898195957,10.6009867484748,1
252,1,16.75,35,10.6009867484748,10.8094142816324,1
252,1,16.75,35,10.8094142816324,11.6596179734719,1
252,1,16.75,35,11.6596179734719,11.6980320868165,1
252,1,16.75,35,11.6980320868165,12.0791124520272,1
252,1,16.75,35,12.0791124520272,12.1753116235928,1
252,1,16.75,35,12.1753116235928,12.4692390413722,1
252,1,16.75,35,12.4692390413722,12.6829585228715,1
252,1,16.75,35,12.6829585228715,12.7307524722232,1
252,1,16.75,35,12.7307524722232,13.0755500976984,1
252,1,16.75,35,13.0755500976984,13.8459382039857,1
252,1,16.75,35,13.8459382039857,14.2928758839519,1
252,1,16.75,35,14.2928758839519,14.7619697601868,1
252,1,16.75,35,14.7619697601868,15.160058605669,1
252,1,16.75,35,15.160058605669,15.240998735057,1
252,1,16.75,35,15.240998735057,15.3594506997977,1
252,1,16.75,35,15.3594506997977,15.4419215805981,1
252,1,16.75,35,15.4419215805981,15.5314283612167,1
252,1,16.75,35,15.5314283612167,15.5366242724299,1
252,1,16.75,35,15.5366242724299,15.5584175809226,1
252,1,16.75,35,15.5584175809226,15.7773442565346,1
252,1,16.75,35,15.7773442565346,16.1221236742724,1
252,1,16.75,35,16.1221236742724,16.2532758242574,1
252,1,16.75,35,16.2532758242574,16.5226523523028,1
252,1,16.75,35,16.5226523523028,16.75,0
253,1,16.75,5,0,0.859260226349678,1
253,1,16.75,5,0.859260226349678,3.71640658974296,1
253,1,16.75,5,3.71640658974296,3.71679108011205,1
253,1,16.75,5,3.71679108011205,4.20155443636536,1
253,1,16.75,5,4.20155443636536,4.52801145743465,1
253,1,16.75,5,4.52801145743465,16.75,0
254,1,12.75,19,0,4.13578493397118,1
254,1,12.75,19,4.13578493397118,4.44600254224011,1
254,1,12.75,19,4.44600254224011,6.56644590540632,1
254,1,12.75,19,6.56644590540632,7.21847117201979,1
254,1,12.75,19,7.21847117201979,7.99419811970497,1
254,1,12.75,19,7.99419811970497,8.21613762996169,1
254,1,12.75,19,8.21613762996169,9.2224819252065,1
254,1,12.75,19,9.2224819252065,9.71639963515406,1
254,1,12.75,19,9.71639963515406,9.73174626333313,1
254,1,12.75,19,9.73174626333313,9.84757185031798,1
254,1,12.75,19,9.84757185031798,10.3090398493214,1
254,1,12.75,19,10.3090398493214,10.9169431577469,1
254,1,12.75,19,10.9169431577469,11.239537638821,1
254,1,12.75,19,11.239537638821,11.4394192712445,1
254,1,12.75,19,11.4394192712445,11.5369992474863,1
254,1,12.75,19,11.5369992474863,11.5554139251136,1
254,1,12.75,19,11.5554139251136,11.8093389485798,1
254,1,12.75,19,11.8093389485798,12.0715497092932,1
254,1,12.75,19,12.0715497092932,12.6895281036674,1
254,1,12.75,19,12.6895281036674,12.75,0
255,1,8.75,7,0,4.67428523866817,1
255,1,8.75,7,4.67428523866817,5.41692624562963,1
255,1,8.75,7,5.41692624562963,7.14995816500225,1
255,1,8.75,7,7.14995816500225,7.29814703105583,1
255,1,8.75,7,7.29814703105583,7.38867059731094,1
255,1,8.75,7,7.38867059731094,7.8800123456156,1
255,1,8.75,7,7.8800123456156,7.94117933876054,1
255,1,8.75,7,7.94117933876054,8.75,0
256,1,13.75,0,0,13.75,0
257,1,13.75,27,0,1.07447306693915,1
257,1,13.75,27,1.07447306693915,3.77216590070318,1
257,1,13.75,27,3.77216590070318,6.30915831613986,1
257,1,13.75,27,6.30915831613986,6.4617099971737,1
257,1,13.75,27,6.4617099971737,6.70517045119432,1
257,1,13.75,27,6.70517045119432,6.7844988998787,1
257,1,13.75,27,6.7844988998787,6.91959241762395,1
257,1,13.75,27,6.91959241762395,7.58484707957958,1
257,1,13.75,27,7.58484707957958,8.09367032961597,1
257,1,13.75,27,8.09367032961597,8.26679329422518,1
257,1,13.75,27,8.26679329422518,9.18769480077044,1
257,1,13.75,27,9.18769480077044,9.36265819207454,1
257,1,13.75,27,9.36265819207454,9.43460254159706,1
257,1,13.75,27,9.43460254159706,9.48238312673891,1
257,1,13.75,27,9.48238312673891,9.85830114603188,1
257,1,13.75,27,9.85830114603188,10.2633974544225,1
257,1,13.75,27,10.2633974544225,10.6189419163532,1
257,1,13.75,27,10.6189419163532,10.9006185814019,1
257,1,13.75,27,10.9006185814019,10.9292955529948,1
257,1,13.75,27,10.9292955529948,10.9858282072818,1
257,1,13.75,27,10.9858282072818,11.0418828171591,1
257,1,13.75,27,11.0418828171591,11.9144846061643,1
257,1,13.75,27,11.9144846061643,13.0627517640501,1
257,1,13.75,27,13.0627517640501,13.326526909928,1
257,1,13.75,27,13.326526909928,13.3358604637423,1
257,1,13.75,27,13.3358604637423,13.3980289008715,1
257,1,13.75,27,13.3980289008715,13.5690102245508,1
257,1,13.75,27,13.5690102245508,13.75,0
258,1,18.75,0,0,18.75,0
259,1,9.75,0,0,9.75,0
260,1,20.75,57,0,2.76997892238344,1
260,1,20.75,57,2.76997892238344,3.5688814786235,1
260,1,20.75,57,3.5688814786235,4.86087067021296,1
260,1,20.75,57,4.86087067021296,5.24318351832087,1
260,1,20.75,57,5.24318351832087,6.23472200693591,1
260,1,20.75,57,6.23472200693591,7.67906037881173,1
260,1,20.75,57,7.67906037881173,8.95273297325886,1
260,1,20.75,57,8.95273297325886,9.50326712464692,1
260,1,20.75,57,9.50326712464692,9.760064484174,1
260,1,20.75,57,9.760064484174,10.1210922750928,1
260,1,20.75,57,10.1210922750928,10.3711432652851,1
260,1,20.75,57,10.3711432652851,11.2792778649338,1
260,1,20.75,57,11.2792778649338,11.28267627368,1
260,1,20.75,57,11.28267627368,11.4006481237589,1
260,1,20.75,57,11.4006481237589,11.5756608394762,1
260,1,20.75,57,11.5756608394762,11.7875060205361,1
260,1,20.75,57,11.7875060205361,11.7997774047961,1
260,1,20.75,57,11.7997774047961,11.9478268621083,1
260,1,20.75,57,11.9478268621083,12.4036400377188,1
260,1,20.75,57,12.4036400377188,12.6576938595032,1
260,1,20.75,57,12.6576938595032,12.6855149114545,1
260,1,20.75,57,12.6855149114545,12.8775541112862,1
260,1,20.75,57,12.8775541112862,13.0367557703834,1
260,1,20.75,57,13.0367557703834,13.1547766445277,1
260,1,20.75,57,13.1547766445277,13.1727381509927,1
260,1,20.75,57,13.1727381509927,13.4568105072737,1
260,1,20.75,57,13.4568105072737,13.94317689781,1
260,1,20.75,57,13.94317689781,14.3661583052753,1
260,1,20.75,57,14.3661583052753,14.9383725476123,1
260,1,20.75,57,14.9383725476123,15.1122954337617,1
260,1,20.75,57,15.1122954337617,15.409283859068,1
260,1,20.75,57,15.409283859068,15.4972437205996,1
260,1,20.75,57,15.4972437205996,15.643807066889,1
260,1,20.75,57,15.643807066889,15.7284762781776,1
260,1,20.75,57,15.7284762781776,15.9398756513026,1
260,1,20.75,57,15.9398756513026,16.2091691201654,1
260,1,20.75,57,16.2091691201654,16.2379607721763,1
260,1,20.75,57,16.2379607721763,16.3021744818867,1
260,1,20.75,57,16.3021744818867,16.361436700846,1
260,1,20.75,57,16.361436700846,16.5218250813999,1
260,1,20.75,57,16.5218250813999,16.7256546493052,1
260,1,20.75,57,16.7256546493052,17.2242536020806,1
260,1,20.75,57,17.2242536020806,17.8681360025323,1
260,1,20.75,57,17.8681360025323,17.9022152281608,1
260,1,20.75,57,17.9022152281608,18.4240078110591,1
260,1,20.75,57,18.4240078110591,18.5128924190874,1
260,1,20.75,57,18.5128924190874,18.8427882049547,1
260,1,20.75,57,18.8427882049547,18.8454491293843,1
260,1,20.75,57,18.8454491293843,19.0634707572852,1
260,1,20.75,57,19.0634707572852,19.1037877487215,1
260,1,20.75,57,19.1037877487215,19.1714762706921,1
260,1,20.75,57,19.1714762706921,19.4817931011111,1
260,1,20.75,57,19.4817931011111,19.7039460128693,1
260,1,20.75,57,19.7039460128693,19.738275229799,1
260,1,20.75,57,19.738275229799,19.9569041423769,1
260,1,20.75,57,19.9569041423769,20.290453705546,1
260,1,20.75,57,20.290453705546,20.6906666346663,1
260,1,20.75,57,20.6906666346663,20.75,0
261,1,9.75,3,0,7.89152838580981,1
261,1,9.75,3,7.89152838580981,8.3665985029038,1
261,1,9.75,3,8.3665985029038,8.63839603076833,1
261,1,9.75,3,8.63839603076833,9.75,0
262,1,15.75,32,0,3.33270505424074,1
262,1,15.75,32,3.33270505424074,4.26245689980739,1
262,1,15.75,32,4.26245689980739,6.16512534691871,1
262,1,15.75,32,6.16512534691871,7.46127879217605,1
262,1,15.75,32,7.46127879217605,7.69428057532655,1
262,1,15.75,32,7.69428057532655,7.90626361206234,1
262,1,15.75,32,7.90626361206234,7.93129340911624,1
262,1,15.75,32,7.93129340911624,8.01042479685694,1
262,1,15.75,32,8.01042479685694,8.80782623152128,1
262,1,15.75,32,8.80782623152128,9.99017829133143,1
262,1,15.75,32,9.99017829133143,10.171319048638,1
262,1,15.75,32,10.171319048638,10.3538989835916,1
262,1,15.75,32,10.3538989835916,10.7168759475943,1
262,1,15.75,32,10.7168759475943,10.9034860249521,1
262,1,15.75,32,10.9034860249521,10.9143353374769,1
262,1,15.75,32,10.9143353374769,10.9366580300733,1
262,1,15.75,32,10.9366580300733,11.0097528700867,1
262,1,15.75,32,11.0097528700867,11.0876160859668,1
262,1,15.75,32,11.0876160859668,11.7578281301146,1
262,1,15.75,32,11.7578281301146,12.040257823644,1
262,1,15.75,32,12.040257823644,12.3303113155026,1
262,1,15.75,32,12.3303113155026,13.160152675828,1
262,1,15.75,32,13.160152675828,13.1955141694739,1
262,1,15.75,32,13.1955141694739,13.5594168301233,1
262,1,15.75,32,13.5594168301233,13.7549968448544,1
262,1,15.75,32,13.7549968448544,14.0965733886151,1
262,1,15.75,32,14.0965733886151,14.4791116833297,1
262,1,15.75,32,14.4791116833297,14.6662693701202,1
262,1,15.75,32,14.6662693701202,14.8058842909797,1
262,1,15.75,32,14.8058842909797,15.0213089840842,1
262,1,15.75,32,15.0213089840842,15.415041206776,1
262,1,15.75,32,15.415041206776,15.6796615098804,1
262,1,15.75,32,15.6796615098804,15.75,0
263,1,16.75,4,0,3.31068297496263,1
263,1,16.75,4,3.31068297496263,3.39959934948987,1
263,1,16.75,4,3.39959934948987,10.7117578558226,1
263,1,16.75,4,10.7117578558226,15.3025256440672,1
263,1,16.75,4,15.3025256440672,16.75,0
264,1,12.75,0,0,12.75,0
265,1,11.75,5,0,0.394908031063126,1
265,1,11.75,5,0.394908031063126,1.01100783444774,1
265,1,11.75,5,1.01100783444774,1.67614795977342,1
265,1,11.75,5,1.67614795977342,3.28143943353246,1
265,1,11.75,5,3.28143943353246,7.65012537935772,1
265,1,11.75,5,7.65012537935772,11.75,0
266,1,11.75,0,0,11.75,0
267,1,17.75,2,0,4.58410811213412,1
267,1,17.75,2,4.58410811213412,4.89858907243119,1
267,1,17.75,2,4.89858907243119,17.75,0
268,1,14.75,33,0,3.43875356195418,1
268,1,14.75,33,3.43875356195418,4.0322697695501,1
268,1,14.75,33,4.0322697695501,5.07842252916397,1
268,1,14.75,33,5.07842252916397,5.78464444782812,1
268,1,14.75,33,5.78464444782812,6.20505952498169,1
268,1,14.75,33,6.20505952498169,6.33424029706584,1
268,1,14.75,33,6.33424029706584,7.92340501010386,1
268,1,14.75,33,7.92340501010386,8.1011822760925,1
268,1,14.75,33,8.1011822760925,8.59006309494524,1
268,1,14.75,33,8.59006309494524,9.04081632768544,1
268,1,14.75,33,9.04081632768544,9.45260708250838,1
268,1,14.75,33,9.45260708250838,9.63100767552761,1
268,1,14.75,33,9.63100767552761,9.74073943836626,1
268,1,14.75,33,9.74073943836626,9.88787173244729,1
268,1,14.75,33,9.88787173244729,10.273902658997,1
268,1,14.75,33,10.273902658997,11.0141076645558,1
268,1,14.75,33,11.0141076645558,11.4450661501554,1
268,1,14.75,33,11.4450661501554,11.5672677401158,1
268,1,14.75,33,11.5672677401158,11.6023163086872,1
268,1,14.75,33,11.6023163086872,11.6258347606947,1
268,1,14.75,33,11.6258347606947,11.7920693502475,1
268,1,14.75,33,11.7920693502475,12.0670912062615,1
268,1,14.75,33,12.0670912062615,12.4611541803202,1
268,1,14.75,33,12.4611541803202,12.478856455937,1
268,1,14.75,33,12.478856455937,12.5127654014594,1
268,1,14.75,33,12.5127654014594,12.6437340874582,1
268,1,14.75,33,12.6437340874582,12.8086082964426,1
268,1,14.75,33,12.8086082964426,13.1496006289498,1
268,1,14.75,33,13.1496006289498,13.6980917677251,1
268,1,14.75,33,13.6980917677251,13.9533509781405,1
268,1,14.75,33,13.9533509781405,14.0036363953031,1
268,1,14.75,33,14.0036363953031,14.3906110690818,1
268,1,14.75,33,14.3906110690818,14.4130281326532,1
268,1,14.75,33,14.4130281326532,14.75,0
269,1,15.75,37,0,3.71237779459145,1
269,1,15.75,37,3.71237779459145,6.55958900943073,1
269,1,15.75,37,6.55958900943073,6.68112426879814,1
269,1,15.75,37,6.68112426879814,6.73570574468823,1
269,1,15.75,37,6.73570574468823,7.80083781021636,1
269,1,15.75,37,7.80083781021636,7.89805170651656,1
269,1,15.75,37,7.89805170651656,8.02390768391439,1
269,1,15.75,37,8.02390768391439,8.21044611413729,1
269,1,15.75,37,8.21044611413729,8.65645962136073,1
269,1,15.75,37,8.65645962136073,9.28473808432879,1
269,1,15.75,37,9.28473808432879,9.52484238045813,1
269,1,15.75,37,9.52484238045813,10.1225333584143,1
269,1,15.75,37,10.1225333584143,10.2405297511429,1
269,1,15.75,37,10.2405297511429,10.3510164838534,1
269,1,15.75,37,10.3510164838534,10.5190481197708,1
269,1,15.75,37,10.5190481197708,10.5905205134984,1
269,1,15.75,37,10.5905205134984,10.6302562389108,1
269,1,15.75,37,10.6302562389108,11.1666004580549,1
269,1,15.75,37,11.1666004580549,11.2875883214186,1
269,1,15.75,37,11.2875883214186,11.881459195493,1
269,1,15.75,37,11.881459195493,12.3883925776754,1
269,1,15.75,37,12.3883925776754,12.5849745285205,1
269,1,15.75,37,12.5849745285205,12.9110078856421,1
269,1,15.75,37,12.9110078856421,13.0331291066874,1
269,1,15.75,37,13.0331291066874,13.0731858144787,1
269,1,15.75,37,13.0731858144787,13.3938473897676,1
269,1,15.75,37,13.3938473897676,13.7121238661881,1
269,1,15.75,37,13.7121238661881,13.9571101170677,1
269,1,15.75,37,13.9571101170677,14.1384848813261,1
269,1,15.75,37,14.1384848813261,14.5097151400835,1
269,1,15.75,37,14.5097151400835,14.5623336985486,1
269,1,15.75,37,14.5623336985486,14.7016539136695,1
269,1,15.75,37,14.7016539136695,14.8063089405353,1
269,1,15.75,37,14.8063089405353,14.8167201812159,1
269,1,15.75,37,14.8167201812159,15.5581228047211,1
269,1,15.75,37,15.5581228047211,15.588412521397,1
269,1,15.75,37,15.588412521397,15.6494129332026,1
269,1,15.75,37,15.6494129332026,15.75,0
270,1,16.75,67,0,5.4629086480983,1
270,1,16.75,67,5.4629086480983,5.50579795385222,1
270,1,16.75,67,5.50579795385222,5.87923371478048,1
270,1,16.75,67,5.87923371478048,6.14038007631587,1
270,1,16.75,67,6.14038007631587,6.17829036724554,1
270,1,16.75,67,6.17829036724554,6.37964543538212,1
270,1,16.75,67,6.37964543538212,7.01955563929498,1
270,1,16.75,67,7.01955563929498,7.10857056451868,1
270,1,16.75,67,7.10857056451868,7.31825897327754,1
270,1,16.75,67,7.31825897327754,7.92979626139498,1
270,1,16.75,67,7.92979626139498,8.30904422624883,1
270,1,16.75,67,8.30904422624883,8.36039434902775,1
270,1,16.75,67,8.36039434902775,8.57765041404608,1
270,1,16.75,67,8.57765041404608,8.71136574919159,1
270,1,16.75,67,8.71136574919159,9.03373087138996,1
270,1,16.75,67,9.03373087138996,9.17297919235626,1
270,1,16.75,67,9.17297919235626,9.30543929785922,1
270,1,16.75,67,9.30543929785922,9.518200477473,1
270,1,16.75,67,9.518200477473,9.79530316656005,1
270,1,16.75,67,9.79530316656005,9.93998307952697,1
270,1,16.75,67,9.93998307952697,10.0037106448537,1
270,1,16.75,67,10.0037106448537,10.0714945248604,1
270,1,16.75,67,10.0714945248604,10.7602948856983,1
270,1,16.75,67,10.7602948856983,11.3719210243475,1
270,1,16.75,67,11.3719210243475,11.7160210242455,1
270,1,16.75,67,11.7160210242455,11.9110262787512,1
270,1,16.75,67,11.9110262787512,12.1102774248101,1
270,1,16.75,67,12.1102774248101,12.2049875367586,1
270,1,16.75,67,12.2049875367586,12.3306746583987,1
270,1,16.75,67,12.3306746583987,12.478206180538,1
270,1,16.75,67,12.478206180538,12.4999713038823,1
270,1,16.75,67,12.4999713038823,12.5048832520779,1
270,1,16.75,67,12.5048832520779,12.681590478508,1
270,1,16.75,67,12.681590478508,12.8236335443591,1
270,1,16.75,67,12.8236335443591,12.8619409844316,1
270,1,16.75,67,12.8619409844316,13.447652622857,1
270,1,16.75,67,13.447652622857,13.4572628752329,1
270,1,16.75,67,13.4572628752329,13.6178537553107,1
270,1,16.75,67,13.6178537553107,13.7915470563546,1
270,1,16.75,67,13.7915470563546,13.8970625326582,1
270,1,16.75,67,13.8970625326582,13.9316123807796,1
270,1,16.75,67,13.9316123807796,14.0198177839975,1
270,1,16.75,67,14.0198177839975,14.0750946679975,1
270,1,16.75,67,14.0750946679975,14.3098732756506,1
270,1,16.75,67,14.3098732756506,14.5573961024754,1
270,1,16.75,67,14.5573961024754,14.5750276477479,1
270,1,16.75,67,14.5750276477479,14.7389784277063,1
270,1,16.75,67,14.7389784277063,15.026451549633,1
270,1,16.75,67,15.026451549633,15.0431056795402,1
270,1,16.75,67,15.0431056795402,15.2396828231425,1
270,1,16.75,67,15.2396828231425,15.3440995284583,1
270,1,16.75,67,15.3440995284583,15.4077247552891,1
270,1,16.75,67,15.4077247552891,15.8195100125371,1
270,1,16.75,67,15.8195100125371,15.830003787621,1
270,1,16.75,67,15.830003787621,15.8847968055911,1
270,1,16.75,67,15.8847968055911,15.905489948563,1
270,1,16.75,67,15.905489948563,16.0781129819199,1
270,1,16.75,67,16.0781129819199,16.0823811464732,1
270,1,16.75,67,16.0823811464732,16.2018011559377,1
270,1,16.75,67,16.2018011559377,16.3185467969957,1
270,1,16.75,67,16.3185467969957,16.3562768425234,1
270,1,16.75,67,16.3562768425234,16.4160594683585,1
270,1,16.75,67,16.4160594683585,16.4390509129929,1
270,1,16.75,67,16.4390509129929,16.5739256718414,1
270,1,16.75,67,16.5739256718414,16.6066366331601,1
270,1,16.75,67,16.6066366331601,16.6140210059856,1
270,1,16.75,67,16.6140210059856,16.7229161440198,1
270,1,16.75,67,16.7229161440198,16.75,0
271,1,10.75,31,0,3.15979606822095,1
271,1,10.75,31,3.15979606822095,4.22898942365907,1
271,1,10.75,31,4.22898942365907,4.48502302422323,1
271,1,10.75,31,4.48502302422323,4.59690277448138,1
271,1,10.75,31,4.59690277448138,4.82290017984542,1
271,1,10.75,31,4.82290017984542,4.94993363987914,1
271,1,10.75,31,4.94993363987914,5.4602216811397,1
271,1,10.75,31,5.4602216811397,5.51044504302845,1
271,1,10.75,31,5.51044504302845,5.92953916173363,1
271,1,10.75,31,5.92953916173363,6.14979755759954,1
271,1,10.75,31,6.14979755759954,6.17455527379357,1
271,1,10.75,31,6.17455527379357,6.37414557363274,1
271,1,10.75,31,6.37414557363274,6.44273301546483,1
271,1,10.75,31,6.44273301546483,7.30559934246528,1
271,1,10.75,31,7.30559934246528,7.39441844298432,1
271,1,10.75,31,7.39441844298432,7.48508118834011,1
271,1,10.75,31,7.48508118834011,7.52268814157013,1
271,1,10.75,31,7.52268814157013,7.55650170405637,1
271,1,10.75,31,7.55650170405637,8.21754163112043,1
271,1,10.75,31,8.21754163112043,8.8263860348715,1
271,1,10.75,31,8.8263860348715,8.9564794500264,1
271,1,10.75,31,8.9564794500264,9.02594942307327,1
271,1,10.75,31,9.02594942307327,9.1753936656134,1
271,1,10.75,31,9.1753936656134,9.93870766814507,1
271,1,10.75,31,9.93870766814507,9.98046907097795,1
271,1,10.75,31,9.98046907097795,10.3956185111584,1
271,1,10.75,31,10.3956185111584,10.4605818201421,1
271,1,10.75,31,10.4605818201421,10.4845613558723,1
271,1,10.75,31,10.4845613558723,10.5499660788046,1
271,1,10.75,31,10.5499660788046,10.5758323992888,1
271,1,10.75,31,10.5758323992888,10.6840831226472,1
271,1,10.75,31,10.6840831226472,10.75,0
272,1,13.75,0,0,13.75,0
273,1,12.75,22,0,5.2894560498547,1
273,1,12.75,22,5.2894560498547,5.95886211530473,1
273,1,12.75,22,5.95886211530473,6.22820790282946,1
273,1,12.75,22,6.22820790282946,6.27058306008673,1
273,1,12.75,22,6.27058306008673,7.77399735772467,1
273,1,12.75,22,7.77399735772467,8.41530844361921,1
273,1,12.75,22,8.41530844361921,8.53898729440631,1
273,1,12.75,22,8.53898729440631,9.11002334578838,1
273,1,12.75,22,9.11002334578838,9.22389567785038,1
273,1,12.75,22,9.22389567785038,9.3667434460031,1
273,1,12.75,22,9.3667434460031,9.90349811815444,1
273,1,12.75,22,9.90349811815444,10.2423046455643,1
273,1,12.75,22,10.2423046455643,10.3909134581749,1
273,1,12.75,22,10.3909134581749,10.565464770962,1
273,1,12.75,22,10.565464770962,10.6142660269487,1
273,1,12.75,22,10.6142660269487,10.771495607522,1
273,1,12.75,22,10.771495607522,11.0722009712558,1
273,1,12.75,22,11.0722009712558,11.5134397181594,1
273,1,12.75,22,11.5134397181594,11.7793883120747,1
273,1,12.75,22,11.7793883120747,11.8260782569336,1
273,1,12.75,22,11.8260782569336,11.9247133823184,1
273,1,12.75,22,11.9247133823184,12.1320774846305,1
273,1,12.75,22,12.1320774846305,12.75,0
274,1,13.75,1,0,1.65300843525705,1
274,1,13.75,1,1.65300843525705,13.75,0
275,1,13.75,0,0,13.75,0
276,1,12.75,19,0,2.28178404452043,1
276,1,12.75,19,2.28178404452043,3.02152886243137,1
276,1,12.75,19,3.02152886243137,4.33374190126755,1
276,1,12.75,19,4.33374190126755,5.10982003052025,1
276,1,12.75,19,5.10982003052025,7.72417193204386,1
276,1,12.75,19,7.72417193204386,8.22981032828898,1
276,1,12.75,19,8.22981032828898,9.11075698522456,1
276,1,12.75,19,9.11075698522456,9.14380178936207,1
276,1,12.75,19,9.14380178936207,9.64418019792542,1
276,1,12.75,19,9.64418019792542,10.3573910438014,1
276,1,12.75,19,10.3573910438014,10.9649625202968,1
276,1,12.75,19,10.9649625202968,10.996689677217,1
276,1,12.75,19,10.996689677217,11.262445399798,1
276,1,12.75,19,11.262445399798,11.3131439474858,1
276,1,12.75,19,11.3131439474858,11.456236940768,1
276,1,12.75,19,11.456236940768,12.2290635005746,1
276,1,12.75,19,12.2290635005746,12.3062019061154,1
276,1,12.75,19,12.3062019061154,12.5693670792108,1
276,1,12.75,19,12.5693670792108,12.6307918775413,1
276,1,12.75,19,12.6307918775413,12.75,0
277,1,11.75,35,0,2.04437396231756,1
277,1,11.75,35,2.04437396231756,3.47210574799851,1
277,1,11.75,35,3.47210574799851,5.01485898509004,1
277,1,11.75,35,5.01485898509004,5.22803242839716,1
277,1,11.75,35,5.22803242839716,5.47896116822832,1
277,1,11.75,35,5.47896116822832,5.54382199947362,1
277,1,11.75,35,5.54382199947362,5.57864787377247,1
277,1,11.75,35,5.57864787377247,5.80562357882769,1
277,1,11.75,35,5.80562357882769,5.80938522304742,1
277,1,11.75,35,5.80938522304742,6.69117063748994,1
277,1,11.75,35,6.69117063748994,7.23852098572111,1
277,1,11.75,35,7.23852098572111,8.05339119457926,1
277,1,11.75,35,8.05339119457926,8.26765642936345,1
277,1,11.75,35,8.26765642936345,8.4573749502402,1
277,1,11.75,35,8.4573749502402,8.51638932739183,1
277,1,11.75,35,8.51638932739183,8.76865329596782,1
277,1,11.75,35,8.76865329596782,8.78088850783527,1
277,1,11.75,35,8.78088850783527,8.80100052626254,1
277,1,11.75,35,8.80100052626254,8.84042263165128,1
277,1,11.75,35,8.84042263165128,8.88610874720828,1
277,1,11.75,35,8.88610874720828,9.01938102286672,1
277,1,11.75,35,9.01938102286672,9.25925695315587,1
277,1,11.75,35,9.25925695315587,9.30115576686993,1
277,1,11.75,35,9.30115576686993,9.3264345624394,1
277,1,11.75,35,9.3264345624394,9.36527935324408,1
277,1,11.75,35,9.36527935324408,9.46608700053768,1
277,1,11.75,35,9.46608700053768,9.6900496481594,1
277,1,11.75,35,9.6900496481594,10.0487325634727,1
277,1,11.75,35,10.0487325634727,10.1820253171361,1
277,1,11.75,35,10.1820253171361,10.6220435931438,1
277,1,11.75,35,10.6220435931438,10.684825683153,1
277,1,11.75,35,10.684825683153,10.7081717793737,1
277,1,11.75,35,10.7081717793737,11.2268951492401,1
277,1,11.75,35,11.2268951492401,11.3102996214755,1
277,1,11.75,35,11.3102996214755,11.4585599519848,1
277,1,11.75,35,11.4585599519848,11.75,0
278,1,20.75,76,0,2.18429861101993,1
278,1,20.75,76,2.18429861101993,4.7475670859814,1
278,1,20.75,76,4.7475670859814,5.10961055428583,1
278,1,20.75,76,5.10961055428583,6.48794479900985,1
278,1,20.75,76,6.48794479900985,7.04170719235272,1
278,1,20.75,76,7.04170719235272,7.12391325777119,1
278,1,20.75,76,7.12391325777119,7.54502604200788,1
278,1,20.75,76,7.54502604200788,7.74546853701819,1
278,1,20.75,76,7.74546853701819,8.42325633627428,1
278,1,20.75,76,8.42325633627428,9.25111204650803,1
278,1,20.75,76,9.25111204650803,9.75638521927709,1
278,1,20.75,76,9.75638521927709,9.85716441659752,1
278,1,20.75,76,9.85716441659752,10.3837936976949,1
278,1,20.75,76,10.3837936976949,10.4630876372879,1
278,1,20.75,76,10.4630876372879,10.6568262619724,1
278,1,20.75,76,10.6568262619724,11.1094827309114,1
278,1,20.75,76,11.1094827309114,11.5964151154784,1
278,1,20.75,76,11.5964151154784,11.8280057001709,1
278,1,20.75,76,11.8280057001709,12.4206782370392,1
278,1,20.75,76,12.4206782370392,12.4463410715022,1
278,1,20.75,76,12.4463410715022,12.9616814898479,1
278,1,20.75,76,12.9616814898479,12.9874973144227,1
278,1,20.75,76,12.9874973144227,13.5174489516509,1
278,1,20.75,76,13.5174489516509,13.6059560787487,1
278,1,20.75,76,13.6059560787487,13.6913721156298,1
278,1,20.75,76,13.6913721156298,13.7989910735338,1
278,1,20.75,76,13.7989910735338,13.8349631221781,1
278,1,20.75,76,13.8349631221781,13.9766828253187,1
278,1,20.75,76,13.9766828253187,14.278902881995,1
278,1,20.75,76,14.278902881995,14.3652835292282,1
278,1,20.75,76,14.3652835292282,14.3725481867601,1
278,1,20.75,76,14.3725481867601,14.4820048523368,1
278,1,20.75,76,14.4820048523368,14.5258893258572,1
278,1,20.75,76,14.5258893258572,14.636872270091,1
278,1,20.75,76,14.636872270091,14.7269645102724,1
278,1,20.75,76,14.7269645102724,14.8015661155788,1
278,1,20.75,76,14.8015661155788,14.8272567612955,1
278,1,20.75,76,14.8272567612955,14.9459909744829,1
278,1,20.75,76,14.9459909744829,15.1241665761474,1
278,1,20.75,76,15.1241665761474,15.2113187579461,1
278,1,20.75,76,15.2113187579461,15.2418842497305,1
278,1,20.75,76,15.2418842497305,15.3766493505046,1
278,1,20.75,76,15.3766493505046,15.511782622735,1
278,1,20.75,76,15.511782622735,15.5540667783378,1
278,1,20.75,76,15.5540667783378,15.7606825523876,1
278,1,20.75,76,15.7606825523876,15.8905502622047,1
278,1,20.75,76,15.8905502622047,16.4463079129782,1
278,1,20.75,76,16.4463079129782,16.9415795772114,1
278,1,20.75,76,16.9415795772114,17.03593657491,1
278,1,20.75,76,17.03593657491,17.2051832406031,1
278,1,20.75,76,17.2051832406031,17.6924751012277,1
278,1,20.75,76,17.6924751012277,17.7351950737668,1
278,1,20.75,76,17.7351950737668,17.7793672604961,1
278,1,20.75,76,17.7793672604961,17.9841314385367,1
278,1,20.75,76,17.9841314385367,18.0957275124808,1
278,1,20.75,76,18.0957275124808,18.1436504607088,1
278,1,20.75,76,18.1436504607088,18.1764978557047,1
278,1,20.75,76,18.1764978557047,18.365949588418,1
278,1,20.75,76,18.365949588418,18.7597629981653,1
278,1,20.75,76,18.7597629981653,18.7908550360503,1
278,1,20.75,76,18.7908550360503,18.974310561499,1
278,1,20.75,76,18.974310561499,19.1364475915496,1
278,1,20.75,76,19.1364475915496,19.155804607297,1
278,1,20.75,76,19.155804607297,19.3624404809734,1
278,1,20.75,76,19.3624404809734,19.5629595573568,1
278,1,20.75,76,19.5629595573568,19.5796142758131,1
278,1,20.75,76,19.5796142758131,19.5864928811958,1
278,1,20.75,76,19.5864928811958,19.6548502228821,1
278,1,20.75,76,19.6548502228821,19.8467262941184,1
278,1,20.75,76,19.8467262941184,19.9995505055575,1
278,1,20.75,76,19.9995505055575,20.0176420977575,1
278,1,20.75,76,20.0176420977575,20.0977049208528,1
278,1,20.75,76,20.0977049208528,20.3134218371323,1
278,1,20.75,76,20.3134218371323,20.3405825914598,1
278,1,20.75,76,20.3405825914598,20.4747497300283,1
278,1,20.75,76,20.4747497300283,20.5486788402208,1
278,1,20.75,76,20.5486788402208,20.75,0
279,1,18.75,80,0,2.59705504368834,1
279,1,18.75,80,2.59705504368834,3.50095709556539,1
279,1,18.75,80,3.50095709556539,3.84940235035648,1
279,1,18.75,80,3.84940235035648,4.15300286179374,1
279,1,18.75,80,4.15300286179374,4.32186515576937,1
279,1,18.75,80,4.32186515576937,4.54837512837778,1
279,1,18.75,80,4.54837512837778,5.44611741231593,1
279,1,18.75,80,5.44611741231593,6.27730395299118,1
279,1,18.75,80,6.27730395299118,6.60792443667392,1
279,1,18.75,80,6.60792443667392,7.09792811659752,1
279,1,18.75,80,7.09792811659752,7.84440635657713,1
279,1,18.75,80,7.84440635657713,7.978597352574,1
279,1,18.75,80,7.978597352574,8.13953012163021,1
279,1,18.75,80,8.13953012163021,8.15608432386706,1
279,1,18.75,80,8.15608432386706,8.19385943028268,1
279,1,18.75,80,8.19385943028268,8.75865570202057,1
279,1,18.75,80,8.75865570202057,8.97163339625041,1
279,1,18.75,80,8.97163339625041,9.38034773247461,1
279,1,18.75,80,9.38034773247461,10.1972673985134,1
279,1,18.75,80,10.1972673985134,10.4576692702315,1
279,1,18.75,80,10.4576692702315,10.6867134248198,1
279,1,18.75,80,10.6867134248198,11.1128399579803,1
279,1,18.75,80,11.1128399579803,11.3921725588069,1
279,1,18.75,80,11.3921725588069,11.4631325102722,1
279,1,18.75,80,11.4631325102722,11.7679367019841,1
279,1,18.75,80,11.7679367019841,12.1189170559219,1
279,1,18.75,80,12.1189170559219,12.7640488286804,1
279,1,18.75,80,12.7640488286804,13.0051052868812,1
279,1,18.75,80,13.0051052868812,13.0362513143819,1
279,1,18.75,80,13.0362513143819,13.0971031819621,1
279,1,18.75,80,13.0971031819621,13.3996136854333,1
279,1,18.75,80,13.3996136854333,13.4001088456141,1
279,1,18.75,80,13.4001088456141,13.438775976085,1
279,1,18.75,80,13.438775976085,13.5440892033439,1
279,1,18.75,80,13.5440892033439,13.597786299249,1
279,1,18.75,80,13.597786299249,13.7111981837226,1
279,1,18.75,80,13.7111981837226,13.7658918798208,1
279,1,18.75,80,13.7658918798208,13.8739396309248,1
279,1,18.75,80,13.8739396309248,14.1511933415886,1
279,1,18.75,80,14.1511933415886,14.4878582656199,1
279,1,18.75,80,14.4878582656199,14.5823965964782,1
279,1,18.75,80,14.5823965964782,14.6223501821166,1
279,1,18.75,80,14.6223501821166,14.6258597203456,1
279,1,18.75,80,14.6258597203456,14.7636318084177,1
279,1,18.75,80,14.7636318084177,14.8922117089999,1
279,1,18.75,80,14.8922117089999,15.0532339676335,1
279,1,18.75,80,15.0532339676335,15.1151760051794,1
279,1,18.75,80,15.1151760051794,15.294107276262,1
279,1,18.75,80,15.294107276262,15.3462865586787,1
279,1,18.75,80,15.3462865586787,15.6830490193433,1
279,1,18.75,80,15.6830490193433,15.7871821792625,1
279,1,18.75,80,15.7871821792625,15.8669551514153,1
279,1,18.75,80,15.8669551514153,15.8690276947782,1
279,1,18.75,80,15.8690276947782,15.9065658724901,1
279,1,18.75,80,15.9065658724901,15.9941275134154,1
279,1,18.75,80,15.9941275134154,16.0183819230701,1
279,1,18.75,80,16.0183819230701,16.098145059201,1
279,1,18.75,80,16.098145059201,16.2155142751508,1
279,1,18.75,80,16.2155142751508,16.228646777474,1
279,1,18.75,80,16.228646777474,16.2288553103986,1
279,1,18.75,80,16.2288553103986,16.450846669073,1
279,1,18.75,80,16.450846669073,16.5914889219329,1
279,1,18.75,80,16.5914889219329,16.7803773807253,1
279,1,18.75,80,16.7803773807253,16.7984569773174,1
279,1,18.75,80,16.7984569773174,16.9316560319172,1
279,1,18.75,80,16.9316560319172,17.0619282425459,1
279,1,18.75,80,17.0619282425459,17.3733271778309,1
279,1,18.75,80,17.3733271778309,17.7422468156263,1
279,1,18.75,80,17.7422468156263,17.8237061895961,1
279,1,18.75,80,17.8237061895961,17.9493607113711,1
279,1,18.75,80,17.9493607113711,17.9765337401046,1
279,1,18.75,80,17.9765337401046,17.9768527452283,1
279,1,18.75,80,17.9768527452283,18.1261511353546,1
279,1,18.75,80,18.1261511353546,18.1415431182722,1
279,1,18.75,80,18.1415431182722,18.156876628156,1
279,1,18.75,80,18.156876628156,18.1761195018243,1
279,1,18.75,80,18.1761195018243,18.2408278152155,1
279,1,18.75,80,18.2408278152155,18.3994665911623,1
279,1,18.75,80,18.3994665911623,18.4555822429039,1
279,1,18.75,80,18.4555822429039,18.5250747287518,1
279,1,18.75,80,18.5250747287518,18.75,0
280,1,8.75,2,0,2.87354975985713,1
280,1,8.75,2,2.87354975985713,5.42525606416495,1
280,1,8.75,2,5.42525606416495,8.75,0
281,1,9.75,14,0,4.50780855892365,1
281,1,9.75,14,4.50780855892365,4.74309925228216,1
281,1,9.75,14,4.74309925228216,5.70842968868731,1
281,1,9.75,14,5.70842968868731,5.88919803580186,1
281,1,9.75,14,5.88919803580186,6.35015896899329,1
281,1,9.75,14,6.35015896899329,7.18248723795904,1
281,1,9.75,14,7.18248723795904,7.49235588577215,1
281,1,9.75,14,7.49235588577215,7.5844404898882,1
281,1,9.75,14,7.5844404898882,7.9187177151997,1
281,1,9.75,14,7.9187177151997,7.98789637030577,1
281,1,9.75,14,7.98789637030577,8.26443353514717,1
281,1,9.75,14,8.26443353514717,8.99191299303009,1
281,1,9.75,14,8.99191299303009,9.2459948518725,1
281,1,9.75,14,9.2459948518725,9.74043472493123,1
281,1,9.75,14,9.74043472493123,9.75,0
282,1,13.75,19,0,1.18010630219151,1
282,1,13.75,19,1.18010630219151,1.97840194787274,1
282,1,13.75,19,1.97840194787274,5.29600763321098,1
282,1,13.75,19,5.29600763321098,5.843595212919,1
282,1,13.75,19,5.843595212919,7.81266163555442,1
282,1,13.75,19,7.81266163555442,7.84825158397962,1
282,1,13.75,19,7.84825158397962,8.36604019084582,1
282,1,13.75,19,8.36604019084582,8.53569630587777,1
282,1,13.75,19,8.53569630587777,9.12092268636995,1
282,1,13.75,19,9.12092268636995,10.19312303884,1
282,1,13.75,19,10.19312303884,10.3048344678388,1
282,1,13.75,19,10.3048344678388,11.3677728380745,1
282,1,13.75,19,11.3677728380745,11.8572073800615,1
282,1,13.75,19,11.8572073800615,12.3496811005064,1
282,1,13.75,19,12.3496811005064,12.4834430330333,1
282,1,13.75,19,12.4834430330333,12.5960158079264,1
282,1,13.75,19,12.5960158079264,12.8335667559187,1
282,1,13.75,19,12.8335667559187,13.274645367232,1
282,1,13.75,19,13.274645367232,13.5135093445389,1
282,1,13.75,19,13.5135093445389,13.75,0
283,1,18.75,1,0,16.964667215262,1
283,1,18.75,1,16.964667215262,18.75,0
284,1,16.75,3,0,0.0513468138901895,1
284,1,16.75,3,0.0513468138901895,7.00193915808015,1
284,1,16.75,3,7.00193915808015,15.1447735137112,1
284,1,16.75,3,15.1447735137112,16.75,0
285,1,9.75,7,0,0.106067042887056,1
285,1,9.75,7,0.106067042887056,0.115576331826344,1
285,1,9.75,7,0.115576331826344,1.56359501332649,1
285,1,9.75,7,1.56359501332649,2.40375487216859,1
285,1,9.75,7,2.40375487216859,3.43047192392039,1
285,1,9.75,7,3.43047192392039,4.33914347966047,1
285,1,9.75,7,4.33914347966047,6.42873355158569,1
285,1,9.75,7,6.42873355158569,9.75,0
286,1,8.75,0,0,8.75,0
287,1,8.75,8,0,2.10519183272509,1
287,1,8.75,8,2.10519183272509,4.70429729290483,1
287,1,8.75,8,4.70429729290483,5.39364068514364,1
287,1,8.75,8,5.39364068514364,7.31391533172123,1
287,1,8.75,8,7.31391533172123,7.32002207315772,1
287,1,8.75,8,7.32002207315772,7.50901344678303,1
287,1,8.75,8,7.50901344678303,8.30455714230676,1
287,1,8.75,8,8.30455714230676,8.38460148060767,1
287,1,8.75,8,8.38460148060767,8.75,0
288,1,16.75,2,0,2.30181437652115,1
288,1,16.75,2,2.30181437652115,13.7028314169724,1
288,1,16.75,2,13.7028314169724,16.75,0
289,1,13.75,2,0,7.64673806299357,1
289,1,13.75,2,7.64673806299357,11.5712267064247,1
289,1,13.75,2,11.5712267064247,13.75,0
290,1,16.75,45,0,5.64954901561108,1
290,1,16.75,45,5.64954901561108,6.24601383704077,1
290,1,16.75,45,6.24601383704077,6.33942011471114,1
290,1,16.75,45,6.33942011471114,6.69072954736718,1
290,1,16.75,45,6.69072954736718,6.80449466485717,1
290,1,16.75,45,6.80449466485717,7.14788995928026,1
290,1,16.75,45,7.14788995928026,7.60247998464379,1
290,1,16.75,45,7.60247998464379,7.97889639574499,1
290,1,16.75,45,7.97889639574499,8.34958257940062,1
290,1,16.75,45,8.34958257940062,8.37164383402416,1
290,1,16.75,45,8.37164383402416,8.77404698982711,1
290,1,16.75,45,8.77404698982711,9.52703384488303,1
290,1,16.75,45,9.52703384488303,9.74844364493049,1
290,1,16.75,45,9.74844364493049,9.76524931854683,1
290,1,16.75,45,9.76524931854683,10.1145390420799,1
290,1,16.75,45,10.1145390420799,10.9119751482732,1
290,1,16.75,45,10.9119751482732,11.0834144760605,1
290,1,16.75,45,11.0834144760605,11.1699456330965,1
290,1,16.75,45,11.1699456330965,11.3055224891244,1
290,1,16.75,45,11.3055224891244,11.6203408274602,1
290,1,16.75,45,11.6203408274602,11.8848195607981,1
290,1,16.75,45,11.8848195607981,11.9106225566166,1
290,1,16.75,45,11.9106225566166,12.1146302178777,1
290,1,16.75,45,12.1146302178777,12.1555750300419,1
290,1,16.75,45,12.1555750300419,12.2417536270527,1
290,1,16.75,45,12.2417536270527,12.5937703815885,1
290,1,16.75,45,12.5937703815885,12.6497126109012,1
290,1,16.75,45,12.6497126109012,13.1220244936479,1
290,1,16.75,45,13.1220244936479,13.1606333032258,1
290,1,16.75,45,13.1606333032258,13.4248273767621,1
290,1,16.75,45,13.4248273767621,14.0354235873855,1
290,1,16.75,45,14.0354235873855,14.1912529290147,1
290,1,16.75,45,14.1912529290147,14.2992537100204,1
290,1,16.75,45,14.2992537100204,14.5026413154249,1
290,1,16.75,45,14.5026413154249,14.7859095177449,1
290,1,16.75,45,14.7859095177449,14.818188927226,1
290,1,16.75,45,14.818188927226,15.1538954202363,1
290,1,16.75,45,15.1538954202363,15.4011893346864,1
290,1,16.75,45,15.4011893346864,15.496024523617,1
290,1,16.75,45,15.496024523617,15.5112824895463,1
290,1,16.75,45,15.5112824895463,15.5484681592717,1
290,1,16.75,45,15.5484681592717,15.7878424147233,1
290,1,16.75,45,15.7878424147233,15.945534171481,1
290,1,16.75,45,15.945534171481,16.2394131605143,1
290,1,16.75,45,16.2394131605143,16.3128264922305,1
290,1,16.75,45,16.3128264922305,16.75,0
291,1,8.75,1,0,8.18977376534667,1
291,1,8.75,1,8.18977376534667,8.75,0
292,1,11.75,26,0,1.49798899607874,1
292,1,11.75,26,1.49798899607874,2.1041189221481,1
292,1,11.75,26,2.1041189221481,3.14412575594235,1
292,1,11.75,26,3.14412575594235,3.67715141263582,1
292,1,11.75,26,3.67715141263582,4.30414616615839,1
292,1,11.75,26,4.30414616615839,4.81742739303056,1
292,1,11.75,26,4.81742739303056,5.95728543940927,1
292,1,11.75,26,5.95728543940927,6.06355869342785,1
292,1,11.75,26,6.06355869342785,6.25631964394298,1
292,1,11.75,26,6.25631964394298,6.36372897393168,1
292,1,11.75,26,6.36372897393168,6.61998935079656,1
292,1,11.75,26,6.61998935079656,6.64074575591335,1
292,1,11.75,26,6.64074575591335,7.33565395886815,1
292,1,11.75,26,7.33565395886815,7.5663840068665,1
292,1,11.75,26,7.5663840068665,7.63024867158716,1
292,1,11.75,26,7.63024867158716,7.89003386395135,1
292,1,11.75,26,7.89003386395135,8.12703297094823,1
292,1,11.75,26,8.12703297094823,8.4958415216019,1
292,1,11.75,26,8.4958415216019,8.96983101473447,1
292,1,11.75,26,8.96983101473447,9.3233176598198,1
292,1,11.75,26,9.3233176598198,9.51088987514121,1
292,1,11.75,26,9.51088987514121,10.3367678073575,1
292,1,11.75,26,10.3367678073575,10.373860957816,1
292,1,11.75,26,10.373860957816,11.1393036294035,1
292,1,11.75,26,11.1393036294035,11.3295959907337,1
292,1,11.75,26,11.3295959907337,11.5124428742197,1
292,1,11.75,26,11.5124428742197,11.75,0
293,1,8.75,5,0,4.1406995955952,1
293,1,8.75,5,4.1406995955952,4.43219283022759,1
293,1,8.75,5,4.43219283022759,4.55124949726993,1
293,1,8.75,5,4.55124949726993,7.16900727011156,1
293,1,8.75,5,7.16900727011156,7.7583083868159,1
293,1,8.75,5,7.7583083868159,8.75,0
294,1,8.75,15,0,5.26162177000897,1
294,1,8.75,15,5.26162177000897,5.41156561323056,1
294,1,8.75,15,5.41156561323056,5.59049032668814,1
294,1,8.75,15,5.59049032668814,5.93619183540651,1
294,1,8.75,15,5.93619183540651,6.1004796395216,1
294,1,8.75,15,6.1004796395216,6.35875601306162,1
294,1,8.75,15,6.35875601306162,6.59377201266456,1
294,1,8.75,15,6.59377201266456,6.85630994811853,1
294,1,8.75,15,6.85630994811853,6.8798163903477,1
294,1,8.75,15,6.8798163903477,7.46803819636329,1
294,1,8.75,15,7.46803819636329,7.95709132207724,1
294,1,8.75,15,7.95709132207724,8.47952595935187,1
294,1,8.75,15,8.47952595935187,8.49023333891107,1
294,1,8.75,15,8.49023333891107,8.56327979769103,1
294,1,8.75,15,8.56327979769103,8.57824113754352,1
294,1,8.75,15,8.57824113754352,8.75,0
295,1,15.75,1,0,8.55617106896134,1
295,1,15.75,1,8.55617106896134,15.75,0
296,1,14.75,43,0,4.19134129883926,1
296,1,14.75,43,4.19134129883926,4.83100942233647,1
296,1,14.75,43,4.83100942233647,5.27267714939411,1
296,1,14.75,43,5.27267714939411,5.42735689572884,1
296,1,14.75,43,5.42735689572884,5.81476119337571,1
296,1,14.75,43,5.81476119337571,5.87210738988617,1
296,1,14.75,43,5.87210738988617,6.29345026681158,1
296,1,14.75,43,6.29345026681158,7.8609186421068,1
296,1,14.75,43,7.8609186421068,8.0061613160126,1
296,1,14.75,43,8.0061613160126,8.13443229362713,1
296,1,14.75,43,8.13443229362713,8.6752974700653,1
296,1,14.75,43,8.6752974700653,8.74922777221578,1
296,1,14.75,43,8.74922777221578,9.81976052637267,1
296,1,14.75,43,9.81976052637267,9.87699221227753,1
296,1,14.75,43,9.87699221227753,9.88746575596306,1
296,1,14.75,43,9.88746575596306,10.8579998304116,1
296,1,14.75,43,10.8579998304116,10.945147841748,1
296,1,14.75,43,10.945147841748,10.9567345858005,1
296,1,14.75,43,10.9567345858005,10.9604793821709,1
296,1,14.75,43,10.9604793821709,11.0664459086368,1
296,1,14.75,43,11.0664459086368,11.108506409732,1
296,1,14.75,43,11.108506409732,11.1792240463345,1
296,1,14.75,43,11.1792240463345,11.2910383262432,1
296,1,14.75,43,11.2910383262432,11.6931086669626,1
296,1,14.75,43,11.6931086669626,11.7925046301177,1
296,1,14.75,43,11.7925046301177,12.061322068175,1
296,1,14.75,43,12.061322068175,12.1734075098068,1
296,1,14.75,43,12.1734075098068,12.4564176255683,1
296,1,14.75,43,12.4564176255683,12.5189784881514,1
296,1,14.75,43,12.5189784881514,12.6242030098165,1
296,1,14.75,43,12.6242030098165,12.7362007779575,1
296,1,14.75,43,12.7362007779575,12.7595202107966,1
296,1,14.75,43,12.7595202107966,12.8394908205183,1
296,1,14.75,43,12.8394908205183,12.8989138682003,1
296,1,14.75,43,12.8989138682003,13.3217976812483,1
296,1,14.75,43,13.3217976812483,13.3540525085768,1
296,1,14.75,43,13.3540525085768,13.5800977219759,1
296,1,14.75,43,13.5800977219759,13.6763397219902,1
296,1,14.75,43,13.6763397219902,13.7907426839482,1
296,1,14.75,43,13.7907426839482,13.9244932648118,1
296,1,14.75,43,13.9244932648118,14.2168873866818,1
296,1,14.75,43,14.2168873866818,14.5696160538236,1
296,1,14.75,43,14.5696160538236,14.6893075860708,1
296,1,14.75,43,14.6893075860708,14.75,0
297,1,12.75,2,0,0.707453119622256,1
297,1,12.75,2,0.707453119622256,6.25492823231431,1
297,1,12.75,2,6.25492823231431,12.75,0
298,1,12.75,0,0,12.75,0
299,1,18.75,45,0,2.39790022305487,1
299,1,18.75,45,2.39790022305487,3.4072100868976,1
299,1,18.75,45,3.4072100868976,4.27901691736853,1
299,1,18.75,45,4.27901691736853,4.34203599012701,1
299,1,18.75,45,4.34203599012701,4.41018887419565,1
299,1,18.75,45,4.41018887419565,7.14054177137698,1
299,1,18.75,45,7.14054177137698,7.24726175737477,1
299,1,18.75,45,7.24726175737477,8.27411063163172,1
299,1,18.75,45,8.27411063163172,8.77931019743735,1
299,1,18.75,45,8.77931019743735,8.87938294864375,1
299,1,18.75,45,8.87938294864375,9.14618157899583,1
299,1,18.75,45,9.14618157899583,9.27580074757573,1
299,1,18.75,45,9.27580074757573,10.0711266222278,1
299,1,18.75,45,10.0711266222278,10.2563740554226,1
299,1,18.75,45,10.2563740554226,10.8258223697283,1
299,1,18.75,45,10.8258223697283,11.3730999012662,1
299,1,18.75,45,11.3730999012662,11.4588371198755,1
299,1,18.75,45,11.4588371198755,11.4942728257756,1
299,1,18.75,45,11.4942728257756,11.5187689418228,1
299,1,18.75,45,11.5187689418228,11.9068937062098,1
299,1,18.75,45,11.9068937062098,12.0928837519132,1
299,1,18.75,45,12.0928837519132,12.3419148659642,1
299,1,18.75,45,12.3419148659642,12.5503294492739,1
299,1,18.75,45,12.5503294492739,13.3721366124859,1
299,1,18.75,45,13.3721366124859,13.5817902800089,1
299,1,18.75,45,13.5817902800089,13.6496957032589,1
299,1,18.75,45,13.6496957032589,13.8974953434407,1
299,1,18.75,45,13.8974953434407,13.933693184754,1
299,1,18.75,45,13.933693184754,14.1800642750291,1
299,1,18.75,45,14.1800642750291,14.2942525689997,1
299,1,18.75,45,14.2942525689997,14.3031595306213,1
299,1,18.75,45,14.3031595306213,14.5038005620656,1
299,1,18.75,45,14.5038005620656,14.5367843450019,1
299,1,18.75,45,14.5367843450019,15.1873493761011,1
299,1,18.75,45,15.1873493761011,15.457373410809,1
299,1,18.75,45,15.457373410809,16.1267822138601,1
299,1,18.75,45,16.1267822138601,16.8661918776453,1
299,1,18.75,45,16.8661918776453,16.9662352421897,1
299,1,18.75,45,16.9662352421897,17.1977763215318,1
299,1,18.75,45,17.1977763215318,17.297771933329,1
299,1,18.75,45,17.297771933329,17.4332295035358,1
299,1,18.75,45,17.4332295035358,17.4920882887772,1
299,1,18.75,45,17.4920882887772,17.7840212550993,1
299,1,18.75,45,17.7840212550993,18.5853928271479,1
299,1,18.75,45,18.5853928271479,18.6470212891817,1
299,1,18.75,45,18.6470212891817,18.75,0
300,1,17.75,3,0,1.12842758057599,1
300,1,17.75,3,1.12842758057599,4.73247292289406,1
300,1,17.75,3,4.73247292289406,8.16039777472754,1
300,1,17.75,3,8.16039777472754,17.75,0
301,0,14.75,16,0,5.60056267958553,1
301,0,14.75,16,5.60056267958553,8.14427310673855,1
301,0,14.75,16,8.14427310673855,8.15349785461205,1
301,0,14.75,16,8.15349785461205,9.96908185164733,1
301,0,14.75,16,9.96908185164733,10.2345466295692,1
301,0,14.75,16,10.2345466295692,10.8936912697347,1
301,0,14.75,16,10.8936912697347,12.1791712913806,1
301,0,14.75,16,12.1791712913806,12.2464921376262,1
301,0,14.75,16,12.2464921376262,12.362392488753,1
301,0,14.75,16,12.362392488753,12.6420943200092,1
301,0,14.75,16,12.6420943200092,13.2419380802256,1
301,0,14.75,16,13.2419380802256,14.2543683550742,1
301,0,14.75,16,14.2543683550742,14.258560891933,1
301,0,14.75,16,14.258560891933,14.4270455414277,1
301,0,14.75,16,14.4270455414277,14.45109673561,1
301,0,14.75,16,14.45109673561,14.7244818643771,1
301,0,14.75,16,14.7244818643771,14.75,0
302,0,13.75,2,0,9.18224329836308,1
302,0,13.75,2,9.18224329836308,11.6881125355572,1
302,0,13.75,2,11.6881125355572,13.75,0
303,0,11.75,3,0,3.06421043120644,1
303,0,11.75,3,3.06421043120644,6.70483481760114,1
303,0,11.75,3,6.70483481760114,9.99161666522158,1
303,0,11.75,3,9.99161666522158,11.75,0
304,0,14.75,2,0,8.50274187537897,1
304,0,14.75,2,8.50274187537897,13.2340797338594,1
304,0,14.75,2,13.2340797338594,14.75,0
305,0,13.75,26,0,0.391073627658311,1
305,0,13.75,26,0.391073627658311,4.21875339945714,1
305,0,13.75,26,4.21875339945714,6.34658938293636,1
305,0,13.75,26,6.34658938293636,6.63157780868137,1
305,0,13.75,26,6.63157780868137,7.66524780915641,1
305,0,13.75,26,7.66524780915641,7.95079355716078,1
305,0,13.75,26,7.95079355716078,8.00763030829296,1
305,0,13.75,26,8.00763030829296,8.31715741669347,1
305,0,13.75,26,8.31715741669347,8.61835954749147,1
305,0,13.75,26,8.61835954749147,8.86846050435886,1
305,0,13.75,26,8.86846050435886,8.96627962207383,1
305,0,13.75,26,8.96627962207383,9.94064515606732,1
305,0,13.75,26,9.94064515606732,10.7336295400455,1
305,0,13.75,26,10.7336295400455,10.8647488290177,1
305,0,13.75,26,10.8647488290177,11.2592069772817,1
305,0,13.75,26,11.2592069772817,11.4201753558413,1
305,0,13.75,26,11.4201753558413,11.6411574037408,1
305,0,13.75,26,11.6411574037408,11.9901781337993,1
305,0,13.75,26,11.9901781337993,12.4277519919198,1
305,0,13.75,26,12.4277519919198,12.4941449737591,1
305,0,13.75,26,12.4941449737591,12.570243728237,1
305,0,13.75,26,12.570243728237,12.6190183549618,1
305,0,13.75,26,12.6190183549618,12.7692763538103,1
305,0,13.75,26,12.7692763538103,12.7950380411017,1
305,0,13.75,26,12.7950380411017,13.1903099207998,1
305,0,13.75,26,13.1903099207998,13.4360621095988,1
305,0,13.75,26,13.4360621095988,13.75,0
306,0,10.75,2,0,4.67362470672375,1
306,0,10.75,2,4.67362470672375,6.88972090940038,1
306,0,10.75,2,6.88972090940038,10.75,0
307,0,11.75,1,0,2.74057284364632,1
307,0,11.75,1,2.74057284364632,11.75,0
308,0,11.75,1,0,0.250263486462618,1
308,0,11.75,1,0.250263486462618,11.75,0
309,0,16.75,34,0,2.59525423088709,1
309,0,16.75,34,2.59525423088709,5.61766007223469,1
309,0,16.75,34,5.61766007223469,5.86341030172056,1
309,0,16.75,34,5.86341030172056,6.41730767284707,1
309,0,16.75,34,6.41730767284707,6.74023703776787,1
309,0,16.75,34,6.74023703776787,6.77960142352851,1
309,0,16.75,34,6.77960142352851,6.79996512667168,1
309,0,16.75,34,6.79996512667168,7.34803506214365,1
309,0,16.75,34,7.34803506214365,8.21181702469421,1
309,0,16.75,34,8.21181702469421,9.05010180721329,1
309,0,16.75,34,9.05010180721329,9.4505680254782,1
309,0,16.75,34,9.4505680254782,9.79652930810034,1
309,0,16.75,34,9.79652930810034,10.0168995499361,1
309,0,16.75,34,10.0168995499361,10.2166765406516,1
309,0,16.75,34,10.2166765406516,10.6486131600032,1
309,0,16.75,34,10.6486131600032,10.7721372573474,1
309,0,16.75,34,10.7721372573474,11.5917596392288,1
309,0,16.75,34,11.5917596392288,11.6904779619732,1
309,0,16.75,34,11.6904779619732,13.391159670457,1
309,0,16.75,34,13.391159670457,13.8038330328815,1
309,0,16.75,34,13.8038330328815,13.9888844228803,1
309,0,16.75,34,13.9888844228803,14.2159730842569,1
309,0,16.75,34,14.2159730842569,14.3843470547378,1
309,0,16.75,34,14.3843470547378,14.4655433392883,1
309,0,16.75,34,14.4655433392883,14.5184408886977,1
309,0,16.75,34,14.5184408886977,14.8892962540082,1
309,0,16.75,34,14.8892962540082,15.453723686965,1
309,0,16.75,34,15.453723686965,15.4562961173771,1
309,0,16.75,34,15.4562961173771,15.5240341562844,1
309,0,16.75,34,15.5240341562844,15.9525465168918,1
309,0,16.75,34,15.9525465168918,15.9598203323818,1
309,0,16.75,34,15.9598203323818,15.9857232598011,1
309,0,16.75,34,15.9857232598011,16.1694801986137,1
309,0,16.75,34,16.1694801986137,16.3607633643016,1
309,0,16.75,34,16.3607633643016,16.75,0
310,0,16.75,35,0,7.22261208164137,1
310,0,16.75,35,7.22261208164137,7.88905501297891,1
310,0,16.75,35,7.88905501297891,9.63753125902516,1
310,0,16.75,35,9.63753125902516,9.99896186475063,1
310,0,16.75,35,9.99896186475063,10.7705905635119,1
310,0,16.75,35,10.7705905635119,10.8622134753437,1
310,0,16.75,35,10.8622134753437,11.0070380701455,1
310,0,16.75,35,11.0070380701455,11.1138595615594,1
310,0,16.75,35,11.1138595615594,11.5091078348933,1
310,0,16.75,35,11.5091078348933,11.7974444109413,1
310,0,16.75,35,11.7974444109413,11.8715968229929,1
310,0,16.75,35,11.8715968229929,11.9830552003868,1
310,0,16.75,35,11.9830552003868,12.2292663239745,1
310,0,16.75,35,12.2292663239745,12.3711449169952,1
310,0,16.75,35,12.3711449169952,12.7925604438303,1
310,0,16.75,35,12.7925604438303,12.9884744453033,1
310,0,16.75,35,12.9884744453033,13.036392751666,1
310,0,16.75,35,13.036392751666,13.0436709434614,1
310,0,16.75,35,13.0436709434614,13.1569634700264,1
310,0,16.75,35,13.1569634700264,13.3798305090835,1
310,0,16.75,35,13.3798305090835,13.8479930135462,1
310,0,16.75,35,13.8479930135462,14.3870111430395,1
310,0,16.75,35,14.3870111430395,14.8268274113178,1
310,0,16.75,35,14.8268274113178,14.8295377016734,1
310,0,16.75,35,14.8295377016734,14.9511039617436,1
310,0,16.75,35,14.9511039617436,15.0322115080586,1
310,0,16.75,35,15.0322115080586,15.1271551311416,1
310,0,16.75,35,15.1271551311416,15.2409477082024,1
310,0,16.75,35,15.2409477082024,15.3514599031053,1
310,0,16.75,35,15.3514599031053,15.4683067940986,1
310,0,16.75,35,15.4683067940986,15.547523860805,1
310,0,16.75,35,15.547523860805,15.7625345216038,1
310,0,16.75,35,15.7625345216038,16.4290487234111,1
310,0,16.75,35,16.4290487234111,16.4512131077714,1
310,0,16.75,35,16.4512131077714,16.6512729516769,1
310,0,16.75,35,16.6512729516769,16.75,0
311,0,8.75,7,0,2.7517463019102,1
311,0,8.75,7,2.7517463019102,7.33257364185332,1
311,0,8.75,7,7.33257364185332,7.47428532968167,1
311,0,8.75,7,7.47428532968167,7.51085140295029,1
311,0,8.75,7,7.51085140295029,7.82601458744492,1
311,0,8.75,7,7.82601458744492,7.91683078948724,1
311,0,8.75,7,7.91683078948724,8.06135824220005,1
311,0,8.75,7,8.06135824220005,8.75,0
312,0,17.75,2,0,4.09501576008731,1
312,0,17.75,2,4.09501576008731,14.0900486950545,1
312,0,17.75,2,14.0900486950545,17.75,0
313,0,16.75,37,0,2.52814423091099,1
313,0,16.75,37,2.52814423091099,4.09648608965269,1
313,0,16.75,37,4.09648608965269,4.37629194244094,1
313,0,16.75,37,4.37629194244094,5.64790695081407,1
313,0,16.75,37,5.64790695081407,5.99704548034509,1
313,0,16.75,37,5.99704548034509,7.52790214048237,1
313,0,16.75,37,7.52790214048237,7.65722125835978,1
313,0,16.75,37,7.65722125835978,8.02155792853464,1
313,0,16.75,37,8.02155792853464,8.34694637719622,1
313,0,16.75,37,8.34694637719622,8.50561872500488,1
313,0,16.75,37,8.50561872500488,8.52890041197841,1
313,0,16.75,37,8.52890041197841,8.54941645901084,1
313,0,16.75,37,8.54941645901084,8.61935248573123,1
313,0,16.75,37,8.61935248573123,8.87975652927541,1
313,0,16.75,37,8.87975652927541,9.72827288609637,1
313,0,16.75,37,9.72827288609637,10.1646480890729,1
313,0,16.75,37,10.1646480890729,10.4836975221792,1
313,0,16.75,37,10.4836975221792,11.3080844857028,1
313,0,16.75,37,11.3080844857028,11.832216119181,1
313,0,16.75,37,11.832216119181,12.8469842638988,1
313,0,16.75,37,12.8469842638988,13.4855343833949,1
313,0,16.75,37,13.4855343833949,13.5358905861174,1
313,0,16.75,37,13.5358905861174,13.5949115268333,1
313,0,16.75,37,13.5949115268333,14.2234596380514,1
313,0,16.75,37,14.2234596380514,14.3807462390805,1
313,0,16.75,37,14.3807462390805,14.4132783188519,1
313,0,16.75,37,14.4132783188519,14.541699477129,1
313,0,16.75,37,14.541699477129,14.8085993364501,1
313,0,16.75,37,14.8085993364501,14.8884543003438,1
313,0,16.75,37,14.8884543003438,14.9193228006777,1
313,0,16.75,37,14.9193228006777,15.1870768862847,1
313,0,16.75,37,15.1870768862847,15.2141110392141,1
313,0,16.75,37,15.2141110392141,15.3140270713224,1
313,0,16.75,37,15.3140270713224,16.2955600147947,1
313,0,16.75,37,16.2955600147947,16.4794700863259,1
313,0,16.75,37,16.4794700863259,16.6745747561405,1
313,0,16.75,37,16.6745747561405,16.7301669751373,1
313,0,16.75,37,16.7301669751373,16.75,0
314,0,18.75,4,0,1.48142683563456,1
314,0,18.75,4,1.48142683563456,3.16984357615617,1
314,0,18.75,4,3.16984357615617,4.5923451017665,1
314,0,18.75,4,4.5923451017665,16.264072510999,1
314,0,18.75,4,16.264072510999,18.75,0
315,0,8.75,6,0,3.85220391372042,1
315,0,8.75,6,3.85220391372042,5.79630205990236,1
315,0,8.75,6,5.79630205990236,7.22768974176387,1
315,0,8.75,6,7.22768974176387,8.00768188466765,1
315,0,8.75,6,8.00768188466765,8.32875636384203,1
315,0,8.75,6,8.32875636384203,8.67129634240672,1
315,0,8.75,6,8.67129634240672,8.75,0
316,0,11.75,0,0,11.75,0
317,0,14.75,31,0,3.00661428577841,1
317,0,14.75,31,3.00661428577841,3.07558035413814,1
317,0,14.75,31,3.07558035413814,5.8753743350634,1
317,0,14.75,31,5.8753743350634,6.22358129655,1
317,0,14.75,31,6.22358129655,6.53658031045144,1
317,0,14.75,31,6.53658031045144,7.68581994396931,1
317,0,14.75,31,7.68581994396931,8.58195710470904,1
317,0,14.75,31,8.58195710470904,8.60436837736811,1
317,0,14.75,31,8.60436837736811,9.09584963560893,1
317,0,14.75,31,9.09584963560893,9.50703395421128,1
317,0,14.75,31,9.50703395421128,10.1421354371385,1
317,0,14.75,31,10.1421354371385,10.186522600027,1
317,0,14.75,31,10.186522600027,10.3305955816807,1
317,0,14.75,31,10.3305955816807,10.858960431784,1
317,0,14.75,31,10.858960431784,11.2024804301019,1
317,0,14.75,31,11.2024804301019,12.6086536783393,1
317,0,14.75,31,12.6086536783393,12.8168080888426,1
317,0,14.75,31,12.8168080888426,13.3720830201335,1
317,0,14.75,31,13.3720830201335,14.022606431615,1
317,0,14.75,31,14.022606431615,14.1953522986244,1
317,0,14.75,31,14.1953522986244,14.1996733151089,1
317,0,14.75,31,14.1996733151089,14.2599063862021,1
317,0,14.75,31,14.2599063862021,14.2630914482504,1
317,0,14.75,31,14.2630914482504,14.2700754649095,1
317,0,14.75,31,14.2700754649095,14.2926137618712,1
317,0,14.75,31,14.2926137618712,14.3679733737061,1
317,0,14.75,31,14.3679733737061,14.4247861849141,1
317,0,14.75,31,14.4247861849141,14.4988740027092,1
317,0,14.75,31,14.4988740027092,14.6488973872466,1
317,0,14.75,31,14.6488973872466,14.6628233737594,1
317,0,14.75,31,14.6628233737594,14.7175162433706,1
317,0,14.75,31,14.7175162433706,14.75,0
318,0,10.75,7,0,2.77721627769628,1
318,0,10.75,7,2.77721627769628,5.1596569390005,1
318,0,10.75,7,5.1596569390005,6.0131877477786,1
318,0,10.75,7,6.0131877477786,6.47048699955571,1
318,0,10.75,7,6.47048699955571,8.10741390482224,1
318,0,10.75,7,8.10741390482224,8.57437629474105,1
318,0,10.75,7,8.57437629474105,9.1832741208201,1
318,0,10.75,7,9.1832741208201,10.75,0
319,0,13.75,5,0,0.069324179405638,1
319,0,13.75,5,0.069324179405638,0.0797694953881128,1
319,0,13.75,5,0.0797694953881128,7.76844910810034,1
319,0,13.75,5,7.76844910810034,8.1657138127058,1
319,0,13.75,5,8.1657138127058,13.5201697153788,1
319,0,13.75,5,13.5201697153788,13.75,0
320,0,15.75,1,0,0.223643812813144,1
320,0,15.75,1,0.223643812813144,15.75,0
321,0,12.75,0,0,12.75,0
322,0,17.75,3,0,0.295536559985008,1
322,0,17.75,3,0.295536559985008,8.60947929255378,1
322,0,17.75,3,8.60947929255378,16.5165747899624,1
322,0,17.75,3,16.5165747899624,17.75,0
323,0,17.75,0,0,17.75,0
324,0,18.75,3,0,9.87698193649633e-06,1
324,0,18.75,3,9.87698193649633e-06,0.457179753876033,1
324,0,18.75,3,0.457179753876033,10.3313024344743,1
324,0,18.75,3,10.3313024344743,18.75,0
325,0,16.75,1,0,16.1187123017766,1
325,0,16.75,1,16.1187123017766,16.75,0
326,0,14.75,18,0,2.58910975930716,1
326,0,14.75,18,2.58910975930716,3.63448363626535,1
326,0,14.75,18,3.63448363626535,3.76829302860204,1
326,0,14.75,18,3.76829302860204,4.54084356742761,1
326,0,14.75,18,4.54084356742761,7.35845204120564,1
326,0,14.75,18,7.35845204120564,8.4516973947078,1
326,0,14.75,18,8.4516973947078,9.14918772905536,1
326,0,14.75,18,9.14918772905536,9.97489050561242,1
326,0,14.75,18,9.97489050561242,10.7530370546735,1
326,0,14.75,18,10.7530370546735,10.8258794712396,1
326,0,14.75,18,10.8258794712396,11.6259317532763,1
326,0,14.75,18,11.6259317532763,11.8965720652734,1
326,0,14.75,18,11.8965720652734,12.3176716997614,1
326,0,14.75,18,12.3176716997614,13.5549461905892,1
326,0,14.75,18,13.5549461905892,14.0114681730189,1
326,0,14.75,18,14.0114681730189,14.2450470621532,1
326,0,14.75,18,14.2450470621532,14.456280656423,1
326,0,14.75,18,14.456280656423,14.4627886560052,1
326,0,14.75,18,14.4627886560052,14.75,0
327,0,8.75,4,0,2.98905578078115,1
327,0,8.75,4,2.98905578078115,4.56158937132359,1
327,0,8.75,4,4.56158937132359,5.39352645929968,1
327,0,8.75,4,5.39352645929968,7.8418187698954,1
327,0,8.75,4,7.8418187698954,8.75,0
328,0,11.75,0,0,11.75,0
329,0,14.75,0,0,14.75,0
330,0,14.75,38,0,4.99422190937395,1
330,0,14.75,38,4.99422190937395,6.74490268975329,1
330,0,14.75,38,6.74490268975329,7.97940401159508,1
330,0,14.75,38,7.97940401159508,8.11398321645121,1
330,0,14.75,38,8.11398321645121,8.44982059945065,1
330,0,14.75,38,8.44982059945065,9.0334360783482,1
330,0,14.75,38,9.0334360783482,9.10772842333918,1
330,0,14.75,38,9.10772842333918,9.67677941262775,1
330,0,14.75,38,9.67677941262775,10.0850864181161,1
330,0,14.75,38,10.0850864181161,10.1540662191827,1
330,0,14.75,38,10.1540662191827,10.235815974861,1
330,0,14.75,38,10.235815974861,10.3609629510532,1
330,0,14.75,38,10.3609629510532,10.5798855470533,1
330,0,14.75,38,10.5798855470533,10.7054800676219,1
330,0,14.75,38,10.7054800676219,10.8249008550648,1
330,0,14.75,38,10.8249008550648,10.9257347310625,1
330,0,14.75,38,10.9257347310625,11.1363812101339,1
330,0,14.75,38,11.1363812101339,11.3793533374127,1
330,0,14.75,38,11.3793533374127,11.3982902961797,1
330,0,14.75,38,11.3982902961797,11.7160449921683,1
330,0,14.75,38,11.7160449921683,11.7675400366786,1
330,0,14.75,38,11.7675400366786,12.0394127495898,1
330,0,14.75,38,12.0394127495898,12.1073435447405,1
330,0,14.75,38,12.1073435447405,12.2565196871798,1
330,0,14.75,38,12.2565196871798,12.2600557807242,1
330,0,14.75,38,12.2600557807242,12.3413923149459,1
330,0,14.75,38,12.3413923149459,12.5660928297288,1
330,0,14.75,38,12.5660928297288,12.8663201148053,1
330,0,14.75,38,12.8663201148053,12.8781654940675,1
330,0,14.75,38,12.8781654940675,13.3654011437459,1
330,0,14.75,38,13.3654011437459,13.4065226431075,1
330,0,14.75,38,13.4065226431075,13.4275245595008,1
330,0,14.75,38,13.4275245595008,13.5304546058521,1
330,0,14.75,38,13.5304546058521,13.602292693225,1
330,0,14.75,38,13.602292693225,13.6238570116233,1
330,0,14.75,38,13.6238570116233,14.150167301909,1
330,0,14.75,38,14.150167301909,14.4242771831924,1
330,0,14.75,38,14.4242771831924,14.4985030528335,1
330,0,14.75,38,14.4985030528335,14.75,0
331,0,16.75,35,0,2.66603073902934,1
331,0,16.75,35,2.66603073902934,3.66035866533573,1
331,0,16.75,35,3.66035866533573,5.32546839519147,1
331,0,16.75,35,5.32546839519147,5.52036572262488,1
331,0,16.75,35,5.52036572262488,7.15025796099331,1
331,0,16.75,35,7.15025796099331,8.2281199765822,1
331,0,16.75,35,8.2281199765822,8.28266055212489,1
331,0,16.75,35,8.28266055212489,8.41346601055012,1
331,0,16.75,35,8.41346601055012,8.75110808765799,1
331,0,16.75,35,8.75110808765799,8.95736980714117,1
331,0,16.75,35,8.95736980714117,9.47278370818247,1
331,0,16.75,35,9.47278370818247,9.80166827781307,1
331,0,16.75,35,9.80166827781307,11.1913007891825,1
331,0,16.75,35,11.1913007891825,11.2699205628292,1
331,0,16.75,35,11.2699205628292,12.0088635133699,1
331,0,16.75,35,12.0088635133699,12.0936007295494,1
331,0,16.75,35,12.0936007295494,12.5017681819216,1
331,0,16.75,35,12.5017681819216,12.8342748649602,1
331,0,16.75,35,12.8342748649602,13.0585098754006,1
331,0,16.75,35,13.0585098754006,14.2774368474895,1
331,0,16.75,35,14.2774368474895,14.5602628902118,1
331,0,16.75,35,14.5602628902118,14.584164499009,1
331,0,16.75,35,14.584164499009,14.5962789929634,1
331,0,16.75,35,14.5962789929634,14.9260673192453,1
331,0,16.75,35,14.9260673192453,15.2097809989417,1
331,0,16.75,35,15.2097809989417,15.2303176622418,1
331,0,16.75,35,15.2303176622418,15.2348587787571,1
331,0,16.75,35,15.2348587787571,15.373423821108,1
331,0,16.75,35,15.373423821108,15.3951039367439,1
331,0,16.75,35,15.3951039367439,15.5205911303525,1
331,0,16.75,35,15.5205911303525,15.5266258226696,1
331,0,16.75,35,15.5266258226696,15.53645688767,1
331,0,16.75,35,15.53645688767,15.6248812129299,1
331,0,16.75,35,15.6248812129299,16.17204105394,1
331,0,16.75,35,16.17204105394,16.2519396828134,1
331,0,16.75,35,16.2519396828134,16.75,0
332,0,8.75,0,0,8.75,0
333,0,9.75,1,0,1.18619452376325,1
333,0,9.75,1,1.18619452376325,9.75,0
334,0,11.75,1,0,2.87735641198408,1
334,0,11.75,1,2.87735641198408,11.75,0
335,0,12.75,1,0,0.00446455161001682,1
335,0,12.75,1,0.00446455161001682,12.75,0
336,0,9.75,13,0,2.52222956670962,1
336,0,9.75,13,2.52222956670962,4.67089770747921,1
336,0,9.75,13,4.67089770747921,5.6353313418639,1
336,0,9.75,13,5.6353313418639,7.09940888985692,1
336,0,9.75,13,7.09940888985692,7.66945901702556,1
336,0,9.75,13,7.66945901702556,8.28069668008838,1
336,0,9.75,13,8.28069668008838,8.28784192564906,1
336,0,9.75,13,8.28784192564906,8.41064172188698,1
336,0,9.75,13,8.41064172188698,8.44204739839563,1
336,0,9.75,13,8.44204739839563,8.52407891153108,1
336,0,9.75,13,8.52407891153108,8.6737142067279,1
336,0,9.75,13,8.6737142067279,8.83134110000069,1
336,0,9.75,13,8.83134110000069,9.29239151550145,1
336,0,9.75,13,9.29239151550145,9.75,0
337,0,15.75,0,0,15.75,0
338,0,19.75,67,0,2.85124979925078,1
338,0,19.75,67,2.85124979925078,5.94211059344741,1
338,0,19.75,67,5.94211059344741,6.47099839160985,1
338,0,19.75,67,6.47099839160985,7.04893484296167,1
338,0,19.75,67,7.04893484296167,8.57869309815428,1
338,0,19.75,67,8.57869309815428,8.71580946234051,1
338,0,19.75,67,8.71580946234051,8.73196996803544,1
338,0,19.75,67,8.73196996803544,9.56760413927044,1
338,0,19.75,67,9.56760413927044,9.8644612503142,1
338,0,19.75,67,9.8644612503142,9.95369933032553,1
338,0,19.75,67,9.95369933032553,10.0719664349191,1
338,0,19.75,67,10.0719664349191,10.2632220525158,1
338,0,19.75,67,10.2632220525158,10.7839103659762,1
338,0,19.75,67,10.7839103659762,11.2126056487775,1
338,0,19.75,67,11.2126056487775,11.3318433705983,1
338,0,19.75,67,11.3318433705983,11.4309005178721,1
338,0,19.75,67,11.4309005178721,12.1771312334077,1
338,0,19.75,67,12.1771312334077,12.3353676878918,1
338,0,19.75,67,12.3353676878918,12.4311875813179,1
338,0,19.75,67,12.4311875813179,12.4610699896545,1
338,0,19.75,67,12.4610699896545,12.9175755471961,1
338,0,19.75,67,12.9175755471961,12.9918910963591,1
338,0,19.75,67,12.9918910963591,13.431189733734,1
338,0,19.75,67,13.431189733734,13.5864395780159,1
338,0,19.75,67,13.5864395780159,13.6315393089289,1
338,0,19.75,67,13.6315393089289,13.7997697694886,1
338,0,19.75,67,13.7997697694886,13.8376924418013,1
338,0,19.75,67,13.8376924418013,14.1292133959661,1
338,0,19.75,67,14.1292133959661,14.1865590752143,1
338,0,19.75,67,14.1865590752143,14.3618995401984,1
338,0,19.75,67,14.3618995401984,14.64763665958,1
338,0,19.75,67,14.64763665958,14.7518296797718,1
338,0,19.75,67,14.7518296797718,14.8100489910567,1
338,0,19.75,67,14.8100489910567,14.9926998667142,1
338,0,19.75,67,14.9926998667142,15.1366344856655,1
338,0,19.75,67,15.1366344856655,15.1939249895013,1
338,0,19.75,67,15.1939249895013,15.7397789966677,1
338,0,19.75,67,15.7397789966677,15.94495715086,1
338,0,19.75,67,15.94495715086,16.3781994710452,1
338,0,19.75,67,16.3781994710452,16.4500745462221,1
338,0,19.75,67,16.4500745462221,16.5603392534708,1
338,0,19.75,67,16.5603392534708,16.5820000062193,1
338,0,19.75,67,16.5820000062193,16.6317602783212,1
338,0,19.75,67,16.6317602783212,16.8298169154944,1
338,0,19.75,67,16.8298169154944,17.0745943532464,1
338,0,19.75,67,17.0745943532464,17.1871099761058,1
338,0,19.75,67,17.1871099761058,17.2559406506965,1
338,0,19.75,67,17.2559406506965,17.3190839896749,1
338,0,19.75,67,17.3190839896749,17.3692777420426,1
338,0,19.75,67,17.3692777420426,17.5797929119744,1
338,0,19.75,67,17.5797929119744,17.69107746725,1
338,0,19.75,67,17.69107746725,17.8928953508782,1
338,0,19.75,67,17.8928953508782,17.9781155043223,1
338,0,19.75,67,17.9781155043223,18.0588681047893,1
338,0,19.75,67,18.0588681047893,18.0873440866623,1
338,0,19.75,67,18.0873440866623,18.1187962206582,1
338,0,19.75,67,18.1187962206582,18.6025394795802,1
338,0,19.75,67,18.6025394795802,18.7708570381519,1
338,0,19.75,67,18.7708570381519,18.8806839964689,1
338,0,19.75,67,18.8806839964689,18.8851854184904,1
338,0,19.75,67,18.8851854184904,18.899351857896,1
338,0,19.75,67,18.899351857896,19.1145354203882,1
338,0,19.75,67,19.1145354203882,19.1448070418127,1
338,0,19.75,67,19.1448070418127,19.3280851986264,1
338,0,19.75,67,19.3280851986264,19.5887859108049,1
338,0,19.75,67,19.5887859108049,19.6050071392083,1
338,0,19.75,67,19.6050071392083,19.6240301346937,1
338,0,19.75,67,19.6240301346937,19.75,0
339,0,17.75,1,0,1.52435699173869,1
339,0,17.75,1,1.52435699173869,17.75,0
340,0,13.75,30,0,3.12367779450714,1
340,0,13.75,30,3.12367779450714,5.87560884876101,1
340,0,13.75,30,5.87560884876101,6.41376295376545,1
340,0,13.75,30,6.41376295376545,7.37794876696037,1
340,0,13.75,30,7.37794876696037,8.78969966896539,1
340,0,13.75,30,8.78969966896539,9.09799187461369,1
340,0,13.75,30,9.09799187461369,9.26703384170949,1
340,0,13.75,30,9.26703384170949,9.30327683798318,1
340,0,13.75,30,9.30327683798318,9.33589239770898,1
340,0,13.75,30,9.33589239770898,9.40962468341259,1
340,0,13.75,30,9.40962468341259,9.88704784101406,1
340,0,13.75,30,9.88704784101406,10.1489386417866,1
340,0,13.75,30,10.1489386417866,10.2682235022997,1
340,0,13.75,30,10.2682235022997,10.9689032329226,1
340,0,13.75,30,10.9689032329226,11.1899452235082,1
340,0,13.75,30,11.1899452235082,11.2417578278152,1
340,0,13.75,30,11.2417578278152,11.6629356728879,1
340,0,13.75,30,11.6629356728879,11.6924389259717,1
340,0,13.75,30,11.6924389259717,11.9817260928963,1
340,0,13.75,30,11.9817260928963,12.0038429323882,1
340,0,13.75,30,12.0038429323882,12.082701609555,1
340,0,13.75,30,12.082701609555,12.1910608790508,1
340,0,13.75,30,12.1910608790508,12.2720756696944,1
340,0,13.75,30,12.2720756696944,12.3629080328063,1
340,0,13.75,30,12.3629080328063,12.4995634545536,1
340,0,13.75,30,12.4995634545536,12.7956603487545,1
340,0,13.75,30,12.7956603487545,12.9252553570029,1
340,0,13.75,30,12.9252553570029,13.2503981282319,1
340,0,13.75,30,13.2503981282319,13.5614558460025,1
340,0,13.75,30,13.5614558460025,13.6696358190602,1
340,0,13.75,30,13.6696358190602,13.75,0
341,0,13.75,9,0,3.94532093118552,1
341,0,13.75,9,3.94532093118552,4.79334050290387,1
341,0,13.75,9,4.79334050290387,7.15656496050577,1
341,0,13.75,9,7.15656496050577,8.87210379544801,1
341,0,13.75,9,8.87210379544801,9.12965388048039,1
341,0,13.75,9,9.12965388048039,9.19258283860742,1
341,0,13.75,9,9.19258283860742,9.91205423593106,1
341,0,13.75,9,9.91205423593106,10.3648963367169,1
341,0,13.75,9,10.3648963367169,10.97243830998,1
341,0,13.75,9,10.97243830998,13.75,0
342,0,14.75,3,0,0.630261478341554,1
342,0,14.75,3,0.630261478341554,9.79170460423735,1
342,0,14.75,3,9.79170460423735,14.1790962350806,1
342,0,14.75,3,14.1790962350806,14.75,0
343,0,9.75,0,0,9.75,0
344,0,18.75,42,0,3.53656068030781,1
344,0,18.75,42,3.53656068030781,4.63541439256267,1
344,0,18.75,42,4.63541439256267,8.95063766039017,1
344,0,18.75,42,8.95063766039017,9.24676990632496,1
344,0,18.75,42,9.24676990632496,9.38049577161021,1
344,0,18.75,42,9.38049577161021,9.61688641986739,1
344,0,18.75,42,9.61688641986739,10.0019662073612,1
344,0,18.75,42,10.0019662073612,10.1839514452071,1
344,0,18.75,42,10.1839514452071,10.3508838829649,1
344,0,18.75,42,10.3508838829649,11.0450491344576,1
344,0,18.75,42,11.0450491344576,11.3538919031588,1
344,0,18.75,42,11.3538919031588,11.8129250778441,1
344,0,18.75,42,11.8129250778441,12.6310767153632,1
344,0,18.75,42,12.6310767153632,12.8599672916685,1
344,0,18.75,42,12.8599672916685,12.9498013369515,1
344,0,18.75,42,12.9498013369515,12.9553650298918,1
344,0,18.75,42,12.9553650298918,13.4194566926438,1
344,0,18.75,42,13.4194566926438,13.4880024498872,1
344,0,18.75,42,13.4880024498872,13.8299932926843,1
344,0,18.75,42,13.8299932926843,13.9546782371814,1
344,0,18.75,42,13.9546782371814,14.0527043255704,1
344,0,18.75,42,14.0527043255704,14.5774473029483,1
344,0,18.75,42,14.5774473029483,14.6292505681602,1
344,0,18.75,42,14.6292505681602,14.8252179870195,1
344,0,18.75,42,14.8252179870195,14.9585106527981,1
344,0,18.75,42,14.9585106527981,14.9735595383023,1
344,0,18.75,42,14.9735595383023,15.1002665761361,1
344,0,18.75,42,15.1002665761361,15.6691626972444,1
344,0,18.75,42,15.6691626972444,15.7775118716586,1
344,0,18.75,42,15.7775118716586,15.9800945439683,1
344,0,18.75,42,15.9800945439683,16.0104953082015,1
344,0,18.75,42,16.0104953082015,16.1995674837434,1
344,0,18.75,42,16.1995674837434,16.4791176138708,1
344,0,18.75,42,16.4791176138708,16.5967508461977,1
344,0,18.75,42,16.5967508461977,16.668797238302,1
344,0,18.75,42,16.668797238302,16.9571986016966,1
344,0,18.75,42,16.9571986016966,17.2625960888359,1
344,0,18.75,42,17.2625960888359,17.3778216797312,1
344,0,18.75,42,17.3778216797312,18.04188744082,1
344,0,18.75,42,18.04188744082,18.3917409589514,1
344,0,18.75,42,18.3917409589514,18.4548017715439,1
344,0,18.75,42,18.4548017715439,18.6471876615678,1
344,0,18.75,42,18.6471876615678,18.75,0
345,0,15.75,1,0,4.85630993783192,1
345,0,15.75,1,4.85630993783192,15.75,0
346,0,18.75,0,0,18.75,0
347,0,18.75,2,0,2.49498335133156,1
347,0,18.75,2,2.49498335133156,6.27872580381173,1
347,0,18.75,2,6.27872580381173,18.75,0
348,0,16.75,0,0,16.75,0
349,0,11.75,9,0,2.42605042956516,1
349,0,11.75,9,2.42605042956516,2.78754916433138,1
349,0,11.75,9,2.78754916433138,5.47509303168747,1
349,0,11.75,9,5.47509303168747,8.57476807138031,1
349,0,11.75,9,8.57476807138031,8.60962604892113,1
349,0,11.75,9,8.60962604892113,9.6985251381595,1
349,0,11.75,9,9.6985251381595,9.78630724164505,1
349,0,11.75,9,9.78630724164505,9.81032975419202,1
349,0,11.75,9,9.81032975419202,10.4015813694953,1
349,0,11.75,9,10.4015813694953,11.75,0
350,0,19.75,0,0,19.75,0
351,0,18.75,2,0,0.245242667165177,1
351,0,18.75,2,0.245242667165177,3.98764587689931,1
351,0,18.75,2,3.98764587689931,18.75,0
352,0,18.75,3,0,3.28397749178647,1
352,0,18.75,3,3.28397749178647,3.82328750021044,1
352,0,18.75,3,3.82328750021044,7.74759190460174,1
352,0,18.75,3,7.74759190460174,18.75,0
353,0,8.75,12,0,1.67826408366328,1
353,0,8.75,12,1.67826408366328,2.83825670333609,1
353,0,8.75,12,2.83825670333609,4.56015446525059,1
353,0,8.75,12,4.56015446525059,5.42185265819579,1
353,0,8.75,12,5.42185265819579,5.65842920876905,1
353,0,8.75,12,5.65842920876905,6.30143993508248,1
353,0,8.75,12,6.30143993508248,6.47290804076173,1
353,0,8.75,12,6.47290804076173,6.72409378570869,1
353,0,8.75,12,6.72409378570869,7.07982609072417,1
353,0,8.75,12,7.07982609072417,7.47013316952031,1
353,0,8.75,12,7.47013316952031,7.57832543437351,1
353,0,8.75,12,7.57832543437351,8.32497702099571,1
353,0,8.75,12,8.32497702099571,8.75,0
354,0,16.75,0,0,16.75,0
355,0,11.75,16,0,4.5849173119685,1
355,0,11.75,16,4.5849173119685,5.33170854596593,1
355,0,11.75,16,5.33170854596593,7.9160833930191,1
355,0,11.75,16,7.9160833930191,8.75222555682193,1
355,0,11.75,16,8.75222555682193,8.99964062307605,1
355,0,11.75,16,8.99964062307605,9.89877700948639,1
355,0,11.75,16,9.89877700948639,10.1121448294632,1
355,0,11.75,16,10.1121448294632,10.3763026589941,1
355,0,11.75,16,10.3763026589941,10.5008453118662,1
355,0,11.75,16,10.5008453118662,10.703503734471,1
355,0,11.75,16,10.703503734471,10.7052012508991,1
355,0,11.75,16,10.7052012508991,11.0865336348833,1
355,0,11.75,16,11.0865336348833,11.256369264357,1
355,0,11.75,16,11.256369264357,11.3399825734199,1
355,0,11.75,16,11.3399825734199,11.4276232928043,1
355,0,11.75,16,11.4276232928043,11.5780486753896,1
355,0,11.75,16,11.5780486753896,11.75,0
356,0,16.75,2,0,1.35106512364718,1
356,0,16.75,2,1.35106512364718,7.74896479072554,1
356,0,16.75,2,7.74896479072554,16.75,0
357,0,14.75,1,0,6.1045531585589,1
357,0,14.75,1,6.1045531585589,14.75,0
358,0,16.75,1,0,15.9577451667602,1
358,0,16.75,1,15.9577451667602,16.75,0
359,0,14.75,0,0,14.75,0
360,0,13.75,2,0,4.3585712964301,1
360,0,13.75,2,4.3585712964301,13.2585461337063,1
360,0,13.75,2,13.2585461337063,13.75,0
361,0,12.75,13,0,7.29768632352422,1
361,0,12.75,13,7.29768632352422,8.71812397045978,1
361,0,12.75,13,8.71812397045978,9.29041619678621,1
361,0,12.75,13,9.29041619678621,10.2445528821061,1
361,0,12.75,13,10.2445528821061,10.7085147802927,1
361,0,12.75,13,10.7085147802927,10.9611357528318,1
361,0,12.75,13,10.9611357528318,11.0584474499699,1
361,0,12.75,13,11.0584474499699,11.4622130407175,1
361,0,12.75,13,11.4622130407175,12.0003079262177,1
361,0,12.75,13,12.0003079262177,12.4599982217768,1
361,0,12.75,13,12.4599982217768,12.5378403407927,1
361,0,12.75,13,12.5378403407927,12.5516438508863,1
361,0,12.75,13,12.5516438508863,12.7198055633716,1
361,0,12.75,13,12.7198055633716,12.75,0
362,0,19.75,3,0,0.306766724632246,1
362,0,19.75,3,0.306766724632246,10.6859430511125,1
362,0,19.75,3,10.6859430511125,17.1555168158964,1
362,0,19.75,3,17.1555168158964,19.75,0
363,0,18.75,44,0,4.24576300739883,1
363,0,18.75,44,4.24576300739883,6.90590586355151,1
363,0,18.75,44,6.90590586355151,6.93318602846732,1
363,0,18.75,44,6.93318602846732,7.67978115142821,1
363,0,18.75,44,7.67978115142821,9.26925435430308,1
363,0,18.75,44,9.26925435430308,9.61135680851398,1
363,0,18.75,44,9.61135680851398,10.1061484855904,1
363,0,18.75,44,10.1061484855904,10.2067728989464,1
363,0,18.75,44,10.2067728989464,10.2829489024555,1
363,0,18.75,44,10.2829489024555,10.3245758564037,1
363,0,18.75,44,10.3245758564037,10.8461512880972,1
363,0,18.75,44,10.8461512880972,10.8545926808482,1
363,0,18.75,44,10.8545926808482,12.3200389362774,1
363,0,18.75,44,12.3200389362774,12.5258502126351,1
363,0,18.75,44,12.5258502126351,12.6664628257747,1
363,0,18.75,44,12.6664628257747,12.9108273331703,1
363,0,18.75,44,12.9108273331703,12.9238522825615,1
363,0,18.75,44,12.9238522825615,13.0609492297867,1
363,0,18.75,44,13.0609492297867,13.2127511163978,1
363,0,18.75,44,13.2127511163978,13.573397946858,1
363,0,18.75,44,13.573397946858,13.6363858651895,1
363,0,18.75,44,13.6363858651895,14.3239526457585,1
363,0,18.75,44,14.3239526457585,14.3352573543665,1
363,0,18.75,44,14.3352573543665,14.4566732034263,1
363,0,18.75,44,14.4566732034263,14.7196615945093,1
363,0,18.75,44,14.7196615945093,14.8886195575526,1
363,0,18.75,44,14.8886195575526,15.2153217213497,1
363,0,18.75,44,15.2153217213497,15.3355087299511,1
363,0,18.75,44,15.3355087299511,15.3745436712605,1
363,0,18.75,44,15.3745436712605,15.5242727578747,1
363,0,18.75,44,15.5242727578747,15.6068929835391,1
363,0,18.75,44,15.6068929835391,15.7031664195427,1
363,0,18.75,44,15.7031664195427,16.0272576229354,1
363,0,18.75,44,16.0272576229354,16.1875055367977,1
363,0,18.75,44,16.1875055367977,16.4417140687771,1
363,0,18.75,44,16.4417140687771,16.5693301019218,1
363,0,18.75,44,16.5693301019218,16.7187603111266,1
363,0,18.75,44,16.7187603111266,16.9934107490591,1
363,0,18.75,44,16.9934107490591,17.3068645317883,1
363,0,18.75,44,17.3068645317883,17.7191497387412,1
363,0,18.75,44,17.7191497387412,18.1290137576894,1
363,0,18.75,44,18.1290137576894,18.2553931063524,1
363,0,18.75,44,18.2553931063524,18.4140531840635,1
363,0,18.75,44,18.4140531840635,18.6706643099738,1
363,0,18.75,44,18.6706643099738,18.75,0
364,0,10.75,1,0,0.862350937481758,1
364,0,10.75,1,0.862350937481758,10.75,0
365,0,8.75,5,0,3.58088820287444,1
365,0,8.75,5,3.58088820287444,4.33017920137581,1
365,0,8.75,5,4.33017920137581,6.62521638711401,1
365,0,8.75,5,6.62521638711401,6.90388647351531,1
365,0,8.75,5,6.90388647351531,8.15065754693143,1
365,0,8.75,5,8.15065754693143,8.75,0
366,0,14.75,15,0,2.56533848503601,1
366,0,14.75,15,2.56533848503601,6.3536077096722,1
366,0,14.75,15,6.3536077096722,7.07878475886358,1
366,0,14.75,15,7.07878475886358,7.75430002749973,1
366,0,14.75,15,7.75430002749973,7.76672514059134,1
366,0,14.75,15,7.76672514059134,8.74527524925047,1
366,0,14.75,15,8.74527524925047,8.91957748135888,1
366,0,14.75,15,8.91957748135888,10.3821163693315,1
366,0,14.75,15,10.3821163693315,10.9148192990459,1
366,0,14.75,15,10.9148192990459,12.5502060811049,1
366,0,14.75,15,12.5502060811049,12.670768477437,1
366,0,14.75,15,12.670768477437,13.2976073332726,1
366,0,14.75,15,13.2976073332726,14.3887699682667,1
366,0,14.75,15,14.3887699682667,14.5065508327269,1
366,0,14.75,15,14.5065508327269,14.6373942846325,1
366,0,14.75,15,14.6373942846325,14.75,0
367,0,19.75,27,0,3.90898493641002,1
367,0,19.75,27,3.90898493641002,6.51814633476903,1
367,0,19.75,27,6.51814633476903,6.55854123529534,1
367,0,19.75,27,6.55854123529534,8.83521847074175,1
367,0,19.75,27,8.83521847074175,9.88515393359552,1
367,0,19.75,27,9.88515393359552,11.0770134444386,1
367,0,19.75,27,11.0770134444386,12.4902613231632,1
367,0,19.75,27,12.4902613231632,12.8115664896908,1
367,0,19.75,27,12.8115664896908,12.9964209929382,1
367,0,19.75,27,12.9964209929382,13.8085873303434,1
367,0,19.75,27,13.8085873303434,13.8653433694006,1
367,0,19.75,27,13.8653433694006,14.6565111620867,1
367,0,19.75,27,14.6565111620867,14.8134961792071,1
367,0,19.75,27,14.8134961792071,14.8917136056891,1
367,0,19.75,27,14.8917136056891,14.9955552793895,1
367,0,19.75,27,14.9955552793895,15.740876465791,1
367,0,19.75,27,15.740876465791,16.5423848843062,1
367,0,19.75,27,16.5423848843062,16.7567996758725,1
367,0,19.75,27,16.7567996758725,18.1077708842963,1
367,0,19.75,27,18.1077708842963,18.3654027174839,1
367,0,19.75,27,18.3654027174839,18.4171105820218,1
367,0,19.75,27,18.4171105820218,18.6296184177181,1
367,0,19.75,27,18.6296184177181,18.8993387891268,1
367,0,19.75,27,18.8993387891268,19.1520803842476,1
367,0,19.75,27,19.1520803842476,19.2149409101781,1
367,0,19.75,27,19.2149409101781,19.6334963158659,1
367,0,19.75,27,19.6334963158659,19.6510158506902,1
367,0,19.75,27,19.6510158506902,19.75,0
368,0,14.75,1,0,10.0394038917907,1
368,0,14.75,1,10.0394038917907,14.75,0
369,0,14.75,1,0,6.54113581804154,1
369,0,14.75,1,6.54113581804154,14.75,0
370,0,14.75,2,0,0.5840330369205,1
370,0,14.75,2,0.5840330369205,1.55788599840123,1
370,0,14.75,2,1.55788599840123,14.75,0
371,0,13.75,2,0,0.70531506010597,1
371,0,13.75,2,0.70531506010597,6.24953004685614,1
371,0,13.75,2,6.24953004685614,13.75,0
372,0,11.75,13,0,4.23606005557333,1
372,0,11.75,13,4.23606005557333,7.25067484413562,1
372,0,11.75,13,7.25067484413562,7.51500663962864,1
372,0,11.75,13,7.51500663962864,8.0508877288171,1
372,0,11.75,13,8.0508877288171,8.06344684998116,1
372,0,11.75,13,8.06344684998116,8.22595625611478,1
372,0,11.75,13,8.22595625611478,8.69387072074439,1
372,0,11.75,13,8.69387072074439,9.91655145268994,1
372,0,11.75,13,9.91655145268994,10.1636280157808,1
372,0,11.75,13,10.1636280157808,10.3491362183547,1
372,0,11.75,13,10.3491362183547,10.3750371747511,1
372,0,11.75,13,10.3750371747511,11.2259134515631,1
372,0,11.75,13,11.2259134515631,11.3435503833602,1
372,0,11.75,13,11.3435503833602,11.75,0
373,0,10.75,3,0,2.47394966735082,1
373,0,10.75,3,2.47394966735082,5.71848225949562,1
373,0,10.75,3,5.71848225949562,7.65043448388384,1
373,0,10.75,3,7.65043448388384,10.75,0
374,0,10.75,8,0,3.81623439378565,1
374,0,10.75,8,3.81623439378565,6.46868096902289,1
374,0,10.75,8,6.46868096902289,7.20864906079722,1
374,0,10.75,8,7.20864906079722,8.00913046570873,1
374,0,10.75,8,8.00913046570873,10.0256702270049,1
374,0,10.75,8,10.0256702270049,10.5731161425889,1
374,0,10.75,8,10.5731161425889,10.6915852423982,1
374,0,10.75,8,10.6915852423982,10.7139250938051,1
374,0,10.75,8,10.7139250938051,10.75,0
375,0,16.75,2,0,2.47475643819328,1
375,0,16.75,2,2.47475643819328,7.4736902547669,1
375,0,16.75,2,7.4736902547669,16.75,0
376,0,15.75,2,0,0.0704090221877506,1
376,0,15.75,2,0.0704090221877506,14.952592615524,1
376,0,15.75,2,14.952592615524,15.75,0
377,0,13.75,1,0,9.90277432377097,1
377,0,13.75,1,9.90277432377097,13.75,0
378,0,11.75,0,0,11.75,0
379,0,18.75,71,0,2.82608215449644,1
379,0,18.75,71,2.82608215449644,3.46201623101949,1
379,0,18.75,71,3.46201623101949,4.42620685412211,1
379,0,18.75,71,4.42620685412211,5.6803961069642,1
379,0,18.75,71,5.6803961069642,5.81070348497188,1
379,0,18.75,71,5.81070348497188,6.2066599184495,1
379,0,18.75,71,6.2066599184495,6.28442161220091,1
379,0,18.75,71,6.28442161220091,7.11880273099942,1
379,0,18.75,71,7.11880273099942,7.31390309496093,1
379,0,18.75,71,7.31390309496093,7.50095975158557,1
379,0,18.75,71,7.50095975158557,8.06987055623053,1
379,0,18.75,71,8.06987055623053,9.00148544675237,1
379,0,18.75,71,9.00148544675237,9.07905411127102,1
379,0,18.75,71,9.07905411127102,9.19586814999211,1
379,0,18.75,71,9.19586814999211,9.21419318478273,1
379,0,18.75,71,9.21419318478273,9.33991689930605,1
379,0,18.75,71,9.33991689930605,9.59916252573064,1
379,0,18.75,71,9.59916252573064,9.65649212974503,1
379,0,18.75,71,9.65649212974503,9.81620024558623,1
379,0,18.75,71,9.81620024558623,11.0456038322585,1
379,0,18.75,71,11.0456038322585,11.0667296218216,1
379,0,18.75,71,11.0667296218216,11.0678262841356,1
379,0,18.75,71,11.0678262841356,11.6356060864684,1
379,0,18.75,71,11.6356060864684,11.8660449556877,1
379,0,18.75,71,11.8660449556877,12.4412278683154,1
379,0,18.75,71,12.4412278683154,12.7349331543235,1
379,0,18.75,71,12.7349331543235,12.831574136755,1
379,0,18.75,71,12.831574136755,12.9210529366797,1
379,0,18.75,71,12.9210529366797,12.9211635343481,1
379,0,18.75,71,12.9211635343481,12.9227658965343,1
379,0,18.75,71,12.9227658965343,13.0779687724816,1
379,0,18.75,71,13.0779687724816,13.1915620717119,1
379,0,18.75,71,13.1915620717119,13.2232596882023,1
379,0,18.75,71,13.2232596882023,13.3943603474762,1
379,0,18.75,71,13.3943603474762,13.4487613928735,1
379,0,18.75,71,13.4487613928735,13.6668352466758,1
379,0,18.75,71,13.6668352466758,13.7552961712651,1
379,0,18.75,71,13.7552961712651,14.232032289489,1
379,0,18.75,71,14.232032289489,14.3290529722709,1
379,0,18.75,71,14.3290529722709,14.4054572411721,1
379,0,18.75,71,14.4054572411721,14.5446665650263,1
379,0,18.75,71,14.5446665650263,14.5657675493012,1
379,0,18.75,71,14.5657675493012,14.7875418216985,1
379,0,18.75,71,14.7875418216985,14.8217630901446,1
379,0,18.75,71,14.8217630901446,15.1072894513806,1
379,0,18.75,71,15.1072894513806,15.2435974082135,1
379,0,18.75,71,15.2435974082135,15.4863400747925,1
379,0,18.75,71,15.4863400747925,15.5558511100955,1
379,0,18.75,71,15.5558511100955,15.5721019926355,1
379,0,18.75,71,15.5721019926355,15.6096602609502,1
379,0,18.75,71,15.6096602609502,15.7526480571792,1
379,0,18.75,71,15.7526480571792,16.1213672238436,1
379,0,18.75,71,16.1213672238436,16.1559083860274,1
379,0,18.75,71,16.1559083860274,16.1788901905977,1
379,0,18.75,71,16.1788901905977,16.2028838580078,1
379,0,18.75,71,16.2028838580078,16.2083931647859,1
379,0,18.75,71,16.2083931647859,16.2274328083898,1
379,0,18.75,71,16.2274328083898,16.5693100377049,1
379,0,18.75,71,16.5693100377049,16.8289426223219,1
379,0,18.75,71,16.8289426223219,16.8424653043882,1
379,0,18.75,71,16.8424653043882,17.0957586776,1
379,0,18.75,71,17.0957586776,17.3180255441893,1
379,0,18.75,71,17.3180255441893,17.5855980848319,1
379,0,18.75,71,17.5855980848319,17.6406875866165,1
379,0,18.75,71,17.6406875866165,17.7299252612438,1
379,0,18.75,71,17.7299252612438,17.8899168509726,1
379,0,18.75,71,17.8899168509726,17.9624555087099,1
379,0,18.75,71,17.9624555087099,18.1062863902172,1
379,0,18.75,71,18.1062863902172,18.2053549368709,1
379,0,18.75,71,18.2053549368709,18.2762329858578,1
379,0,18.75,71,18.2762329858578,18.475589757536,1
379,0,18.75,71,18.475589757536,18.75,0
380,0,10.75,12,0,2.76372857991443,1
380,0,10.75,12,2.76372857991443,5.89737527229597,1
380,0,10.75,12,5.89737527229597,7.35636071734668,1
380,0,10.75,12,7.35636071734668,8.16075323951235,1
380,0,10.75,12,8.16075323951235,8.61703249798125,1
380,0,10.75,12,8.61703249798125,9.18562238351412,1
380,0,10.75,12,9.18562238351412,9.21052057730666,1
380,0,10.75,12,9.21052057730666,9.30142699376324,1
380,0,10.75,12,9.30142699376324,9.42730196017924,1
380,0,10.75,12,9.42730196017924,9.95534971698689,1
380,0,10.75,12,9.95534971698689,10.2077343894724,1
380,0,10.75,12,10.2077343894724,10.7440381646436,1
380,0,10.75,12,10.7440381646436,10.75,0
381,0,12.75,29,0,2.55881729546233,1
381,0,12.75,29,2.55881729546233,2.59167354996935,1
381,0,12.75,29,2.59167354996935,2.69590856567326,1
381,0,12.75,29,2.69590856567326,3.17886228265442,1
381,0,12.75,29,3.17886228265442,3.76122249496192,1
381,0,12.75,29,3.76122249496192,4.66648040260914,1
381,0,12.75,29,4.66648040260914,5.13967706730139,1
381,0,12.75,29,5.13967706730139,5.88217523036468,1
381,0,12.75,29,5.88217523036468,6.26893462160884,1
381,0,12.75,29,6.26893462160884,7.19298715582841,1
381,0,12.75,29,7.19298715582841,7.9443083077762,1
381,0,12.75,29,7.9443083077762,8.01177079124754,1
381,0,12.75,29,8.01177079124754,8.01188311808537,1
381,0,12.75,29,8.01188311808537,8.48194547733922,1
381,0,12.75,29,8.48194547733922,8.50442369305222,1
381,0,12.75,29,8.50442369305222,8.87170485328147,1
381,0,12.75,29,8.87170485328147,8.92608436946821,1
381,0,12.75,29,8.92608436946821,9.23590487003898,1
381,0,12.75,29,9.23590487003898,9.26456826154636,1
381,0,12.75,29,9.26456826154636,9.63987774445054,1
381,0,12.75,29,9.63987774445054,9.85304894787162,1
381,0,12.75,29,9.85304894787162,9.99193754962755,1
381,0,12.75,29,9.99193754962755,10.5274568187149,1
381,0,12.75,29,10.5274568187149,11.0365326182343,1
381,0,12.75,29,11.0365326182343,11.5544020176358,1
381,0,12.75,29,11.5544020176358,11.6118595639405,1
381,0,12.75,29,11.6118595639405,11.9925317694378,1
381,0,12.75,29,11.9925317694378,12.0632997637163,1
381,0,12.75,29,12.0632997637163,12.5982494461872,1
381,0,12.75,29,12.5982494461872,12.75,0
382,0,13.75,2,0,6.91547463729504,1
382,0,13.75,2,6.91547463729504,10.0373279052164,1
382,0,13.75,2,10.0373279052164,13.75,0
383,0,17.75,32,0,3.03635625667097,1
383,0,17.75,32,3.03635625667097,6.68491433605242,1
383,0,17.75,32,6.68491433605242,7.06847440344769,1
383,0,17.75,32,7.06847440344769,7.41313910819714,1
383,0,17.75,32,7.41313910819714,8.55241680564991,1
383,0,17.75,32,8.55241680564991,9.61622976976766,1
383,0,17.75,32,9.61622976976766,9.99309190213896,1
383,0,17.75,32,9.99309190213896,10.3485625281823,1
383,0,17.75,32,10.3485625281823,10.4958308459826,1
383,0,17.75,32,10.4958308459826,10.9655107620604,1
383,0,17.75,32,10.9655107620604,11.1024255240363,1
383,0,17.75,32,11.1024255240363,11.6283353937025,1
383,0,17.75,32,11.6283353937025,12.0539976133139,1
383,0,17.75,32,12.0539976133139,12.1288668598831,1
383,0,17.75,32,12.1288668598831,12.561830987798,1
383,0,17.75,32,12.561830987798,12.6811421225952,1
383,0,17.75,32,12.6811421225952,12.7070856769024,1
383,0,17.75,32,12.7070856769024,12.7648073321324,1
383,0,17.75,32,12.7648073321324,12.7828084758549,1
383,0,17.75,32,12.7828084758549,13.5948585017343,1
383,0,17.75,32,13.5948585017343,13.7529876619869,1
383,0,17.75,32,13.7529876619869,14.7297685277181,1
383,0,17.75,32,14.7297685277181,15.1531876160867,1
383,0,17.75,32,15.1531876160867,15.2053419281924,1
383,0,17.75,32,15.2053419281924,15.8357073909404,1
383,0,17.75,32,15.8357073909404,16.0169466360277,1
383,0,17.75,32,16.0169466360277,16.2371517653728,1
383,0,17.75,32,16.2371517653728,16.6101904294653,1
383,0,17.75,32,16.6101904294653,17.1139682494828,1
383,0,17.75,32,17.1139682494828,17.1172528238925,1
383,0,17.75,32,17.1172528238925,17.2536693050129,1
383,0,17.75,32,17.2536693050129,17.3724618162791,1
383,0,17.75,32,17.3724618162791,17.75,0
384,0,19.75,1,0,11.2825433041824,1
384,0,19.75,1,11.2825433041824,19.75,0
385,0,8.75,6,0,2.64880387562703,1
385,0,8.75,6,2.64880387562703,4.52295749005785,1
385,0,8.75,6,4.52295749005785,5.55222322253209,1
385,0,8.75,6,5.55222322253209,6.28004981346794,1
385,0,8.75,6,6.28004981346794,8.20783485939806,1
385,0,8.75,6,8.20783485939806,8.71645281780662,1
385,0,8.75,6,8.71645281780662,8.75,0
386,0,9.75,12,0,4.65456033475335,1
386,0,9.75,12,4.65456033475335,6.54568905374189,1
386,0,9.75,12,6.54568905374189,6.60814012335882,1
386,0,9.75,12,6.60814012335882,7.15797649451378,1
386,0,9.75,12,7.15797649451378,7.2418918737508,1
386,0,9.75,12,7.2418918737508,7.27637451515455,1
386,0,9.75,12,7.27637451515455,8.0049065509124,1
386,0,9.75,12,8.0049065509124,8.2991872696542,1
386,0,9.75,12,8.2991872696542,8.58323775138681,1
386,0,9.75,12,8.58323775138681,9.19328728517595,1
386,0,9.75,12,9.19328728517595,9.43042757194061,1
386,0,9.75,12,9.43042757194061,9.50770790585122,1
386,0,9.75,12,9.50770790585122,9.75,0
387,0,13.75,0,0,13.75,0
388,0,16.75,37,0,4.39956907988152,1
388,0,16.75,37,4.39956907988152,6.0566932299637,1
388,0,16.75,37,6.0566932299637,8.96761666517967,1
388,0,16.75,37,8.96761666517967,9.92013171190287,1
388,0,16.75,37,9.92013171190287,9.99486484495699,1
388,0,16.75,37,9.99486484495699,10.6101580970718,1
388,0,16.75,37,10.6101580970718,10.6185402789547,1
388,0,16.75,37,10.6185402789547,10.8674165999117,1
388,0,16.75,37,10.8674165999117,11.6943095068081,1
388,0,16.75,37,11.6943095068081,12.1584422333257,1
388,0,16.75,37,12.1584422333257,12.3016109185067,1
388,0,16.75,37,12.3016109185067,12.5405768032293,1
388,0,16.75,37,12.5405768032293,12.5905346686231,1
388,0,16.75,37,12.5905346686231,12.7215183201732,1
388,0,16.75,37,12.7215183201732,12.7652972626347,1
388,0,16.75,37,12.7652972626347,12.8679823199635,1
388,0,16.75,37,12.8679823199635,13.0337823141438,1
388,0,16.75,37,13.0337823141438,13.0648826946312,1
388,0,16.75,37,13.0648826946312,13.1388027593909,1
388,0,16.75,37,13.1388027593909,13.4166329258479,1
388,0,16.75,37,13.4166329258479,13.860474342048,1
388,0,16.75,37,13.860474342048,13.8622378835878,1
388,0,16.75,37,13.8622378835878,14.065299263593,1
388,0,16.75,37,14.065299263593,14.6609303600868,1
388,0,16.75,37,14.6609303600868,14.9416447772732,1
388,0,16.75,37,14.9416447772732,15.0020455044619,1
388,0,16.75,37,15.0020455044619,15.058819308814,1
388,0,16.75,37,15.058819308814,15.2836616937151,1
388,0,16.75,37,15.2836616937151,15.4966773767517,1
388,0,16.75,37,15.4966773767517,15.5043040687982,1
388,0,16.75,37,15.5043040687982,15.561864676728,1
388,0,16.75,37,15.561864676728,15.9775134452694,1
388,0,16.75,37,15.9775134452694,16.0583559361757,1
388,0,16.75,37,16.0583559361757,16.5158192739128,1
388,0,16.75,37,16.5158192739128,16.5243019461382,1
388,0,16.75,37,16.5243019461382,16.6222058468217,1
388,0,16.75,37,16.6222058468217,16.6271435168916,1
388,0,16.75,37,16.6271435168916,16.75,0
389,0,12.75,1,0,0.0329511919398046,1
389,0,12.75,1,0.0329511919398046,12.75,0
390,0,14.75,12,0,6.82821032726008,1
390,0,14.75,12,6.82821032726008,7.0717029281145,1
390,0,14.75,12,7.0717029281145,7.12324478898482,1
390,0,14.75,12,7.12324478898482,9.74496673604099,1
390,0,14.75,12,9.74496673604099,9.95583819511288,1
390,0,14.75,12,9.95583819511288,12.8037631008138,1
390,0,14.75,12,12.8037631008138,12.9238592263579,1
390,0,14.75,12,12.9238592263579,13.0101752008918,1
390,0,14.75,12,13.0101752008918,13.097415858615,1
390,0,14.75,12,13.097415858615,13.4605847379691,1
390,0,14.75,12,13.4605847379691,13.970330054989,1
390,0,14.75,12,13.970330054989,14.3607027888515,1
390,0,14.75,12,14.3607027888515,14.75,0
391,0,11.75,0,0,11.75,0
392,0,19.75,1,0,1.8864536124248,1
392,0,19.75,1,1.8864536124248,19.75,0
393,0,20.75,3,0,3.47957599651023,1
393,0,20.75,3,3.47957599651023,5.98862845199094,1
393,0,20.75,3,5.98862845199094,14.2552723603853,1
393,0,20.75,3,14.2552723603853,20.75,0
394,0,9.75,3,0,0.141440071661257,1
394,0,9.75,3,0.141440071661257,1.21879469889058,1
394,0,9.75,3,1.21879469889058,2.71094636037351,1
394,0,9.75,3,2.71094636037351,9.75,0
395,0,13.75,0,0,13.75,0
396,0,12.75,2,0,3.7957697431302,1
396,0,12.75,2,3.7957697431302,8.91661751637968,1
396,0,12.75,2,8.91661751637968,12.75,0
397,0,13.75,2,0,9.9042942626845,1
397,0,13.75,2,9.9042942626845,12.3914152662075,1
397,0,13.75,2,12.3914152662075,13.75,0
398,0,17.75,51,0,3.76353783613053,1
398,0,17.75,51,3.76353783613053,5.60931055408408,1
398,0,17.75,51,5.60931055408408,6.29603090591907,1
398,0,17.75,51,6.29603090591907,6.92161741109474,1
398,0,17.75,51,6.92161741109474,7.13996453763944,1
398,0,17.75,51,7.13996453763944,8.29005951776273,1
398,0,17.75,51,8.29005951776273,9.14978582836711,1
398,0,17.75,51,9.14978582836711,9.33362897301809,1
398,0,17.75,51,9.33362897301809,9.54341414763691,1
398,0,17.75,51,9.54341414763691,9.6518334729,1
398,0,17.75,51,9.6518334729,10.0905620784801,1
398,0,17.75,51,10.0905620784801,11.1842694820009,1
398,0,17.75,51,11.1842694820009,12.6441055024774,1
398,0,17.75,51,12.6441055024774,12.7720396076239,1
398,0,17.75,51,12.7720396076239,13.2305099424247,1
398,0,17.75,51,13.2305099424247,13.3426669527233,1
398,0,17.75,51,13.3426669527233,13.358781018526,1
398,0,17.75,51,13.358781018526,13.4246680222479,1
398,0,17.75,51,13.4246680222479,13.7780609796837,1
398,0,17.75,51,13.7780609796837,13.8639054261752,1
398,0,17.75,51,13.8639054261752,13.8902017164462,1
398,0,17.75,51,13.8902017164462,13.894387007296,1
398,0,17.75,51,13.894387007296,14.2230680668858,1
398,0,17.75,51,14.2230680668858,14.5997179694582,1
398,0,17.75,51,14.5997179694582,14.863238885386,1
398,0,17.75,51,14.863238885386,14.8716674862501,1
398,0,17.75,51,14.8716674862501,14.886211107118,1
398,0,17.75,51,14.886211107118,15.0162551468819,1
398,0,17.75,51,15.0162551468819,15.081255783425,1
398,0,17.75,51,15.081255783425,15.2612536314375,1
398,0,17.75,51,15.2612536314375,15.4649476094404,1
398,0,17.75,51,15.4649476094404,15.7418373927395,1
398,0,17.75,51,15.7418373927395,15.8391542967465,1
398,0,17.75,51,15.8391542967465,16.0933026066603,1
398,0,17.75,51,16.0933026066603,16.1301567622991,1
398,0,17.75,51,16.1301567622991,16.1529642507467,1
398,0,17.75,51,16.1529642507467,16.2988397253476,1
398,0,17.75,51,16.2988397253476,16.7040702040948,1
398,0,17.75,51,16.7040702040948,16.7333323141276,1
398,0,17.75,51,16.7333323141276,16.7733671713952,1
398,0,17.75,51,16.7733671713952,16.7896624243787,1
398,0,17.75,51,16.7896624243787,17.0116632142763,1
398,0,17.75,51,17.0116632142763,17.0479249689532,1
398,0,17.75,51,17.0479249689532,17.0934292121873,1
398,0,17.75,51,17.0934292121873,17.1364087721024,1
398,0,17.75,51,17.1364087721024,17.456246674111,1
398,0,17.75,51,17.456246674111,17.5150391524411,1
398,0,17.75,51,17.5150391524411,17.5684793212153,1
398,0,17.75,51,17.5684793212153,17.6134523618709,1
398,0,17.75,51,17.6134523618709,17.645454673493,1
398,0,17.75,51,17.645454673493,17.7093844927863,1
398,0,17.75,51,17.7093844927863,17.75,0
399,0,7.75,7,0,4.26982629077815,1
399,0,7.75,7,4.26982629077815,4.81132168205233,1
399,0,7.75,7,4.81132168205233,5.17574899088304,1
399,0,7.75,7,5.17574899088304,7.04714806519979,1
399,0,7.75,7,7.04714806519979,7.5495321191095,1
399,0,7.75,7,7.5495321191095,7.57645936432608,1
399,0,7.75,7,7.57645936432608,7.60127619446427,1
399,0,7.75,7,7.60127619446427,7.75,0
400,0,15.75,1,0,0.0446840297006965,1
400,0,15.75,1,0.0446840297006965,15.75,0
401,0,11.75,29,0,2.27108180732497,1
401,0,11.75,29,2.27108180732497,2.45792448518103,1
401,0,11.75,29,2.45792448518103,3.42572672110978,1
401,0,11.75,29,3.42572672110978,4.4934513607201,1
401,0,11.75,29,4.4934513607201,6.08532326663235,1
401,0,11.75,29,6.08532326663235,6.13118192655377,1
401,0,11.75,29,6.13118192655377,6.57783486928837,1
401,0,11.75,29,6.57783486928837,6.77203555639977,1
401,0,11.75,29,6.77203555639977,6.8636144786409,1
401,0,11.75,29,6.8636144786409,7.16673226285906,1
401,0,11.75,29,7.16673226285906,7.1888645485771,1
401,0,11.75,29,7.1888645485771,7.87916052796775,1
401,0,11.75,29,7.87916052796775,8.16855644785132,1
401,0,11.75,29,8.16855644785132,8.2889470280202,1
401,0,11.75,29,8.2889470280202,8.8268528251443,1
401,0,11.75,29,8.8268528251443,9.1237414407976,1
401,0,11.75,29,9.1237414407976,9.16367057228556,1
401,0,11.75,29,9.16367057228556,9.20170556234699,1
401,0,11.75,29,9.20170556234699,9.87529213263599,1
401,0,11.75,29,9.87529213263599,9.99368123920993,1
401,0,11.75,29,9.99368123920993,9.99793842809676,1
401,0,11.75,29,9.99793842809676,10.1072457195096,1
401,0,11.75,29,10.1072457195096,10.2342270832423,1
401,0,11.75,29,10.2342270832423,10.6710238233872,1
401,0,11.75,29,10.6710238233872,10.6866772784335,1
401,0,11.75,29,10.6866772784335,11.1023840829897,1
401,0,11.75,29,11.1023840829897,11.1191599269373,1
401,0,11.75,29,11.1191599269373,11.1932646236555,1
401,0,11.75,29,11.1932646236555,11.3661598765989,1
401,0,11.75,29,11.3661598765989,11.75,0
402,0,19.75,1,0,2.9290775840264,1
402,0,19.75,1,2.9290775840264,19.75,0
403,0,17.75,1,0,5.77207252160737,1
403,0,17.75,1,5.77207252160737,17.75,0
404,0,9.75,8,0,1.90119872927573,1
404,0,9.75,8,1.90119872927573,4.38094691316313,1
404,0,9.75,8,4.38094691316313,4.65437019847245,1
404,0,9.75,8,4.65437019847245,5.22772884336563,1
404,0,9.75,8,5.22772884336563,6.94814479934582,1
404,0,9.75,8,6.94814479934582,9.10244499504772,1
404,0,9.75,8,9.10244499504772,9.23066885803902,1
404,0,9.75,8,9.23066885803902,9.51133930707546,1
404,0,9.75,8,9.51133930707546,9.75,0
405,0,12.75,1,0,0.220391516309229,1
405,0,12.75,1,0.220391516309229,12.75,0
406,0,15.75,4,0,0.370771519926874,1
406,0,15.75,4,0.370771519926874,5.1266619847429,1
406,0,15.75,4,5.1266619847429,6.9797762990224,1
406,0,15.75,4,6.9797762990224,10.9072366098316,1
406,0,15.75,4,10.9072366098316,15.75,0
407,0,15.75,1,0,8.12839489001282,1
407,0,15.75,1,8.12839489001282,15.75,0
408,0,11.75,3,0,1.75026620034811,1
408,0,11.75,3,1.75026620034811,5.55422178780634,1
408,0,11.75,3,5.55422178780634,6.73404620157618,1
408,0,11.75,3,6.73404620157618,11.75,0
409,0,11.75,1,0,7.62977257118505,1
409,0,11.75,1,7.62977257118505,11.75,0
410,0,15.75,2,0,2.01117976519723,1
410,0,15.75,2,2.01117976519723,10.8148025482647,1
410,0,15.75,2,10.8148025482647,15.75,0
411,0,10.75,11,0,1.85123849296215,1
411,0,10.75,11,1.85123849296215,5.5458085056578,1
411,0,10.75,11,5.5458085056578,7.62363570296246,1
411,0,10.75,11,7.62363570296246,9.39944456415517,1
411,0,10.75,11,9.39944456415517,9.48308423330764,1
411,0,10.75,11,9.48308423330764,9.61346620332627,1
411,0,10.75,11,9.61346620332627,9.9159648537223,1
411,0,10.75,11,9.9159648537223,10.0965722166271,1
411,0,10.75,11,10.0965722166271,10.2592705717298,1
411,0,10.75,11,10.2592705717298,10.6636773473154,1
411,0,10.75,11,10.6636773473154,10.7208631287937,1
411,0,10.75,11,10.7208631287937,10.75,0
412,0,11.75,0,0,11.75,0
413,0,9.75,0,0,9.75,0
414,0,15.75,3,0,0.00487171631628199,1
414,0,15.75,3,0.00487171631628199,0.267548297626071,1
414,0,15.75,3,0.267548297626071,9.92932499042205,1
414,0,15.75,3,9.92932499042205,15.75,0
415,0,15.75,1,0,0.484408149521753,1
415,0,15.75,1,0.484408149521753,15.75,0
416,0,10.75,10,0,1.35181851597241,1
416,0,10.75,10,1.35181851597241,2.08272627097111,1
416,0,10.75,10,2.08272627097111,5.02173886194395,1
416,0,10.75,10,5.02173886194395,5.07514011250117,1
416,0,10.75,10,5.07514011250117,7.04329117555016,1
416,0,10.75,10,7.04329117555016,8.44032283967065,1
416,0,10.75,10,8.44032283967065,9.04047730619607,1
416,0,10.75,10,9.04047730619607,9.36856174996098,1
416,0,10.75,10,9.36856174996098,9.54913195901021,1
416,0,10.75,10,9.54913195901021,10.5164964061836,1
416,0,10.75,10,10.5164964061836,10.75,0
417,0,11.75,2,0,1.42752454023561,1
417,0,11.75,2,1.42752454023561,6.72776594895571,1
417,0,11.75,2,6.72776594895571,11.75,0
418,0,18.75,0,0,18.75,0
419,0,16.75,15,0,1.72086810587418,1
419,0,16.75,15,1.72086810587418,7.71071156443254,1
419,0,16.75,15,7.71071156443254,8.2820071556279,1
419,0,16.75,15,8.2820071556279,8.2826576629865,1
419,0,16.75,15,8.2826576629865,8.78915558588542,1
419,0,16.75,15,8.78915558588542,8.9324665181395,1
419,0,16.75,15,8.9324665181395,10.2344167158257,1
419,0,16.75,15,10.2344167158257,11.02067009865,1
419,0,16.75,15,11.02067009865,13.3192858838167,1
419,0,16.75,15,13.3192858838167,13.3504697903241,1
419,0,16.75,15,13.3504697903241,13.9612571211569,1
419,0,16.75,15,13.9612571211569,14.0550632064185,1
419,0,16.75,15,14.0550632064185,14.636735491935,1
419,0,16.75,15,14.636735491935,15.6921648512437,1
419,0,16.75,15,15.6921648512437,16.4193855901438,1
419,0,16.75,15,16.4193855901438,16.75,0
420,0,8.75,18,0,2.09529903115391,1
420,0,8.75,18,2.09529903115391,4.32396260434999,1
420,0,8.75,18,4.32396260434999,4.39946918593419,1
420,0,8.75,18,4.39946918593419,4.42802789167953,1
420,0,8.75,18,4.42802789167953,4.85776334733973,1
420,0,8.75,18,4.85776334733973,6.80971518735915,1
420,0,8.75,18,6.80971518735915,6.94587807755334,1
420,0,8.75,18,6.94587807755334,7.05687837759877,1
420,0,8.75,18,7.05687837759877,7.21662236337792,1
420,0,8.75,18,7.21662236337792,7.38196640107451,1
420,0,8.75,18,7.38196640107451,7.41718486241011,1
420,0,8.75,18,7.41718486241011,7.49324433624198,1
420,0,8.75,18,7.49324433624198,7.94096808364904,1
420,0,8.75,18,7.94096808364904,7.94605166662425,1
420,0,8.75,18,7.94605166662425,8.03869360602493,1
420,0,8.75,18,8.03869360602493,8.09019668523594,1
420,0,8.75,18,8.09019668523594,8.3169892604576,1
420,0,8.75,18,8.3169892604576,8.52678909148518,1
420,0,8.75,18,8.52678909148518,8.75,0
421,0,7.75,12,0,5.1145305348984,1
421,0,7.75,12,5.1145305348984,5.68363118265287,1
421,0,7.75,12,5.68363118265287,5.79400069850919,1
421,0,7.75,12,5.79400069850919,6.19120823435099,1
421,0,7.75,12,6.19120823435099,6.54364984816504,1
421,0,7.75,12,6.54364984816504,6.64153739230156,1
421,0,7.75,12,6.64153739230156,6.87359729687733,1
421,0,7.75,12,6.87359729687733,6.96924080800593,1
421,0,7.75,12,6.96924080800593,7.20101859455586,1
421,0,7.75,12,7.20101859455586,7.26981820293698,1
421,0,7.75,12,7.26981820293698,7.53349340339979,1
421,0,7.75,12,7.53349340339979,7.71219923966417,1
421,0,7.75,12,7.71219923966417,7.75,0
422,0,13.75,0,0,13.75,0
423,0,14.75,5,0,0.00807493519613586,1
423,0,14.75,5,0.00807493519613586,3.56477496684728,1
423,0,14.75,5,3.56477496684728,6.43847766971475,1
423,0,14.75,5,6.43847766971475,7.02027222253924,1
423,0,14.75,5,7.02027222253924,7.44906698162198,1
423,0,14.75,5,7.44906698162198,14.75,0
424,0,12.75,2,0,0.0483625020465808,1
424,0,12.75,2,0.0483625020465808,3.76614800175207,1
424,0,12.75,2,3.76614800175207,12.75,0
425,0,13.75,24,0,5.39204488559283,1
425,0,13.75,24,5.39204488559283,5.64223950742699,1
425,0,13.75,24,5.64223950742699,6.29555846488515,1
425,0,13.75,24,6.29555846488515,7.49039060046309,1
425,0,13.75,24,7.49039060046309,7.5067420461059,1
425,0,13.75,24,7.5067420461059,7.79362775531611,1
425,0,13.75,24,7.79362775531611,8.40356463767442,1
425,0,13.75,24,8.40356463767442,8.62407611877512,1
425,0,13.75,24,8.62407611877512,8.8246389643904,1
425,0,13.75,24,8.8246389643904,9.68671156414157,1
425,0,13.75,24,9.68671156414157,9.71809407644356,1
425,0,13.75,24,9.71809407644356,9.74369827001431,1
425,0,13.75,24,9.74369827001431,9.81727682708347,1
425,0,13.75,24,9.81727682708347,10.5063889918649,1
425,0,13.75,24,10.5063889918649,11.1437110233632,1
425,0,13.75,24,11.1437110233632,11.256825174864,1
425,0,13.75,24,11.256825174864,11.76126645576,1
425,0,13.75,24,11.76126645576,11.8683227885891,1
425,0,13.75,24,11.8683227885891,12.5156618065639,1
425,0,13.75,24,12.5156618065639,12.579664052125,1
425,0,13.75,24,12.579664052125,13.251552643054,1
425,0,13.75,24,13.251552643054,13.2698244323853,1
425,0,13.75,24,13.2698244323853,13.3483725257793,1
425,0,13.75,24,13.3483725257793,13.6053422572192,1
425,0,13.75,24,13.6053422572192,13.75,0
426,0,12.75,27,0,1.93108178351961,1
426,0,12.75,27,1.93108178351961,4.31325389166168,1
426,0,12.75,27,4.31325389166168,4.57403016972108,1
426,0,12.75,27,4.57403016972108,4.61618901043685,1
426,0,12.75,27,4.61618901043685,5.89675021908027,1
426,0,12.75,27,5.89675021908027,6.28204872771976,1
426,0,12.75,27,6.28204872771976,7.92585169851497,1
426,0,12.75,27,7.92585169851497,8.58645748120746,1
426,0,12.75,27,8.58645748120746,8.73100712485236,1
426,0,12.75,27,8.73100712485236,8.98215327257325,1
426,0,12.75,27,8.98215327257325,9.14640787790182,1
426,0,12.75,27,9.14640787790182,9.29575882121527,1
426,0,12.75,27,9.29575882121527,9.6240121694979,1
426,0,12.75,27,9.6240121694979,9.76019657085672,1
426,0,12.75,27,9.76019657085672,9.86747741462231,1
426,0,12.75,27,9.86747741462231,10.1625706729142,1
426,0,12.75,27,10.1625706729142,10.4255595940687,1
426,0,12.75,27,10.4255595940687,10.5145132730221,1
426,0,12.75,27,10.5145132730221,10.6374433767438,1
426,0,12.75,27,10.6374433767438,10.924106006116,1
426,0,12.75,27,10.924106006116,10.9728436657054,1
426,0,12.75,27,10.9728436657054,10.9924242622474,1
426,0,12.75,27,10.9924242622474,11.2304051451855,1
426,0,12.75,27,11.2304051451855,12.0621643807843,1
426,0,12.75,27,12.0621643807843,12.2790634371498,1
426,0,12.75,27,12.2790634371498,12.3167283313935,1
426,0,12.75,27,12.3167283313935,12.4894276019092,1
426,0,12.75,27,12.4894276019092,12.75,0
427,0,13.75,0,0,13.75,0
428,0,11.75,1,0,10.4946161029775,1
428,0,11.75,1,10.4946161029775,11.75,0
429,0,11.75,2,0,0.102140626595841,1
429,0,11.75,2,0.102140626595841,0.785100249417919,1
429,0,11.75,2,0.785100249417919,11.75,0
430,0,10.75,2,0,0.0375452510714265,1
430,0,10.75,2,0.0375452510714265,0.429193903045293,1
430,0,10.75,2,0.429193903045293,10.75,0
431,0,12.75,2,0,0.466250122098057,1
431,0,12.75,2,0.466250122098057,5.07578958574962,1
431,0,12.75,2,5.07578958574962,12.75,0
432,0,17.75,45,0,2.81394820161405,1
432,0,17.75,45,2.81394820161405,4.27219126009992,1
432,0,17.75,45,4.27219126009992,4.60072828984594,1
432,0,17.75,45,4.60072828984594,4.7320180052383,1
432,0,17.75,45,4.7320180052383,5.85270538431922,1
432,0,17.75,45,5.85270538431922,7.30752161239447,1
432,0,17.75,45,7.30752161239447,7.74773182615587,1
432,0,17.75,45,7.74773182615587,7.82115934476881,1
432,0,17.75,45,7.82115934476881,8.39681673469949,1
432,0,17.75,45,8.39681673469949,8.51151256214566,1
432,0,17.75,45,8.51151256214566,8.78342284682242,1
432,0,17.75,45,8.78342284682242,9.0913580913299,1
432,0,17.75,45,9.0913580913299,9.44373658796411,1
432,0,17.75,45,9.44373658796411,9.57685550634388,1
432,0,17.75,45,9.57685550634388,9.88741365491515,1
432,0,17.75,45,9.88741365491515,9.91298859864873,1
432,0,17.75,45,9.91298859864873,10.5646853272749,1
432,0,17.75,45,10.5646853272749,11.1932112101427,1
432,0,17.75,45,11.1932112101427,11.2211767119248,1
432,0,17.75,45,11.2211767119248,11.826465766901,1
432,0,17.75,45,11.826465766901,12.5004531010758,1
432,0,17.75,45,12.5004531010758,12.6294141982455,1
432,0,17.75,45,12.6294141982455,12.6762901165603,1
432,0,17.75,45,12.6762901165603,13.1609677564948,1
432,0,17.75,45,13.1609677564948,14.0050520747439,1
432,0,17.75,45,14.0050520747439,14.0616177560916,1
432,0,17.75,45,14.0616177560916,14.0717085014918,1
432,0,17.75,45,14.0717085014918,15.3143174341295,1
432,0,17.75,45,15.3143174341295,15.353659733305,1
432,0,17.75,45,15.353659733305,15.4653446003552,1
432,0,17.75,45,15.4653446003552,15.667180520903,1
432,0,17.75,45,15.667180520903,15.8833913442594,1
432,0,17.75,45,15.8833913442594,16.0780397787926,1
432,0,17.75,45,16.0780397787926,16.1214020152827,1
432,0,17.75,45,16.1214020152827,16.215236352679,1
432,0,17.75,45,16.215236352679,16.5462905072724,1
432,0,17.75,45,16.5462905072724,16.6856893860008,1
432,0,17.75,45,16.6856893860008,16.7327877372759,1
432,0,17.75,45,16.7327877372759,17.0598250917957,1
432,0,17.75,45,17.0598250917957,17.2012380385884,1
432,0,17.75,45,17.2012380385884,17.3005678835933,1
432,0,17.75,45,17.3005678835933,17.5351539989565,1
432,0,17.75,45,17.5351539989565,17.5636814018903,1
432,0,17.75,45,17.5636814018903,17.5852301966916,1
432,0,17.75,45,17.5852301966916,17.7465814244707,1
432,0,17.75,45,17.7465814244707,17.75,0
433,0,8.75,6,0,2.99190738240317,1
433,0,8.75,6,2.99190738240317,4.03850063367171,1
433,0,8.75,6,4.03850063367171,5.03951528691516,1
433,0,8.75,6,5.03951528691516,6.99965987990463,1
433,0,8.75,6,6.99965987990463,8.12686177099959,1
433,0,8.75,6,8.12686177099959,8.35718810714183,1
433,0,8.75,6,8.35718810714183,8.75,0
434,0,17.75,29,0,4.64777872310287,1
434,0,17.75,29,4.64777872310287,7.20658158805525,1
434,0,17.75,29,7.20658158805525,7.33423711351862,1
434,0,17.75,29,7.33423711351862,7.58798902379911,1
434,0,17.75,29,7.58798902379911,8.26051055622254,1
434,0,17.75,29,8.26051055622254,8.37276344934122,1
434,0,17.75,29,8.37276344934122,8.77802387847351,1
434,0,17.75,29,8.77802387847351,9.13404397941362,1
434,0,17.75,29,9.13404397941362,9.83590149385805,1
434,0,17.75,29,9.83590149385805,10.1125943273427,1
434,0,17.75,29,10.1125943273427,10.2600700661577,1
434,0,17.75,29,10.2600700661577,10.3273879365764,1
434,0,17.75,29,10.3273879365764,11.3210624718732,1
434,0,17.75,29,11.3210624718732,12.1832317012688,1
434,0,17.75,29,12.1832317012688,12.8423451810422,1
434,0,17.75,29,12.8423451810422,14.7067357212782,1
434,0,17.75,29,14.7067357212782,15.0229043383054,1
434,0,17.75,29,15.0229043383054,15.6952532574885,1
434,0,17.75,29,15.6952532574885,15.8099034878648,1
434,0,17.75,29,15.8099034878648,15.958632320836,1
434,0,17.75,29,15.958632320836,16.5611751829539,1
434,0,17.75,29,16.5611751829539,16.8911689168028,1
434,0,17.75,29,16.8911689168028,16.9393398232691,1
434,0,17.75,29,16.9393398232691,17.0974068508876,1
434,0,17.75,29,17.0974068508876,17.3229013761492,1
434,0,17.75,29,17.3229013761492,17.3487571607237,1
434,0,17.75,29,17.3487571607237,17.3979301218047,1
434,0,17.75,29,17.3979301218047,17.4492112940632,1
434,0,17.75,29,17.4492112940632,17.5155340458447,1
434,0,17.75,29,17.5155340458447,17.75,0
435,0,8.75,1,0,7.59828266182875,1
435,0,8.75,1,7.59828266182875,8.75,0
436,0,8.75,1,0,0.103480546464706,1
436,0,8.75,1,0.103480546464706,8.75,0
437,0,10.75,7,0,4.84583163728943,1
437,0,10.75,7,4.84583163728943,6.92410430509615,1
437,0,10.75,7,6.92410430509615,8.49447828525626,1
437,0,10.75,7,8.49447828525626,8.61536155147482,1
437,0,10.75,7,8.61536155147482,9.63284646114121,1
437,0,10.75,7,9.63284646114121,9.86603795108078,1
437,0,10.75,7,9.86603795108078,10.1452643464631,1
437,0,10.75,7,10.1452643464631,10.75,0
438,0,14.75,2,0,0.142377094568769,1
438,0,14.75,2,0.142377094568769,9.53154937981036,1
438,0,14.75,2,9.53154937981036,14.75,0
439,0,14.75,27,0,2.40470852425312,1
439,0,14.75,27,2.40470852425312,2.76137023087575,1
439,0,14.75,27,2.76137023087575,5.52812195889774,1
439,0,14.75,27,5.52812195889774,6.88453276545581,1
439,0,14.75,27,6.88453276545581,7.20241543533167,1
439,0,14.75,27,7.20241543533167,7.87055297414913,1
439,0,14.75,27,7.87055297414913,9.44788116270922,1
439,0,14.75,27,9.44788116270922,10.8961684087627,1
439,0,14.75,27,10.8961684087627,11.6733618278023,1
439,0,14.75,27,11.6733618278023,11.875522924487,1
439,0,14.75,27,11.875522924487,12.072838050571,1
439,0,14.75,27,12.072838050571,12.1567825842803,1
439,0,14.75,27,12.1567825842803,12.1853319233059,1
439,0,14.75,27,12.1853319233059,12.3220145037651,1
439,0,14.75,27,12.3220145037651,12.3959509982229,1
439,0,14.75,27,12.3959509982229,12.7412251789286,1
439,0,14.75,27,12.7412251789286,12.8025031454873,1
439,0,14.75,27,12.8025031454873,12.9418135241449,1
439,0,14.75,27,12.9418135241449,13.0660605979038,1
439,0,14.75,27,13.0660605979038,13.2527001406068,1
439,0,14.75,27,13.2527001406068,13.3614103575167,1
439,0,14.75,27,13.3614103575167,13.3929462974232,1
439,0,14.75,27,13.3929462974232,13.5510321767515,1
439,0,14.75,27,13.5510321767515,14.2076896387742,1
439,0,14.75,27,14.2076896387742,14.293976655225,1
439,0,14.75,27,14.293976655225,14.3836152387936,1
439,0,14.75,27,14.3836152387936,14.7046806519149,1
439,0,14.75,27,14.7046806519149,14.75,0
440,0,13.75,0,0,13.75,0
441,0,12.75,2,0,0.03849354411191,1
441,0,12.75,2,0.03849354411191,0.288117560176569,1
441,0,12.75,2,0.288117560176569,12.75,0
442,0,10.75,19,0,3.17033303193805,1
442,0,10.75,19,3.17033303193805,4.60294287401101,1
442,0,10.75,19,4.60294287401101,5.55103678111752,1
442,0,10.75,19,5.55103678111752,6.1245403644381,1
442,0,10.75,19,6.1245403644381,6.8676619571012,1
442,0,10.75,19,6.8676619571012,7.34960331988334,1
442,0,10.75,19,7.34960331988334,7.39729414957476,1
442,0,10.75,19,7.39729414957476,7.95023742448963,1
442,0,10.75,19,7.95023742448963,8.7259089431718,1
442,0,10.75,19,8.7259089431718,9.13855125252134,1
442,0,10.75,19,9.13855125252134,9.18501578183274,1
442,0,10.75,19,9.18501578183274,9.38605752814762,1
442,0,10.75,19,9.38605752814762,9.43887078813166,1
442,0,10.75,19,9.43887078813166,9.44513899876411,1
442,0,10.75,19,9.44513899876411,9.4614881779612,1
442,0,10.75,19,9.4614881779612,9.51774188589982,1
442,0,10.75,19,9.51774188589982,9.67627878394773,1
442,0,10.75,19,9.67627878394773,9.91302408326984,1
442,0,10.75,19,9.91302408326984,10.2587590239068,1
442,0,10.75,19,10.2587590239068,10.75,0
443,0,9.75,15,0,2.77248779202363,1
443,0,9.75,15,2.77248779202363,3.24369080215621,1
443,0,9.75,15,3.24369080215621,5.06962361667482,1
443,0,9.75,15,5.06962361667482,5.40614359358458,1
443,0,9.75,15,5.40614359358458,5.97259644737036,1
443,0,9.75,15,5.97259644737036,6.10665656849385,1
443,0,9.75,15,6.10665656849385,6.60221380078005,1
443,0,9.75,15,6.60221380078005,7.16840903979133,1
443,0,9.75,15,7.16840903979133,7.46385978832895,1
443,0,9.75,15,7.46385978832895,7.89761916904041,1
443,0,9.75,15,7.89761916904041,8.03229616700972,1
443,0,9.75,15,8.03229616700972,8.11593491045052,1
443,0,9.75,15,8.11593491045052,8.97538054871222,1
443,0,9.75,15,8.97538054871222,9.36513477538545,1
443,0,9.75,15,9.36513477538545,9.58748819983877,1
443,0,9.75,15,9.58748819983877,9.75,0
444,0,15.75,0,0,15.75,0
445,0,11.75,2,0,0.700820053235321,1
445,0,11.75,2,0.700820053235321,6.49319675070757,1
445,0,11.75,2,6.49319675070757,11.75,0
446,0,11.75,11,0,3.22790654558373,1
446,0,11.75,11,3.22790654558373,3.29353988227312,1
446,0,11.75,11,3.29353988227312,6.16428828911396,1
446,0,11.75,11,6.16428828911396,8.3391261362527,1
446,0,11.75,11,8.3391261362527,9.177320759051,1
446,0,11.75,11,9.177320759051,9.17868253037884,1
446,0,11.75,11,9.17868253037884,9.5358061848342,1
446,0,11.75,11,9.5358061848342,9.73819560466777,1
446,0,11.75,11,9.73819560466777,10.3247848107498,1
446,0,11.75,11,10.3247848107498,10.5316737018551,1
446,0,11.75,11,10.5316737018551,10.6606628361341,1
446,0,11.75,11,10.6606628361341,11.75,0
447,0,7.75,5,0,0.0172856728413373,1
447,0,7.75,5,0.0172856728413373,0.0341392954256495,1
447,0,7.75,5,0.0341392954256495,0.576607826446892,1
447,0,7.75,5,0.576607826446892,2.43030259070771,1
447,0,7.75,5,2.43030259070771,3.79635224096169,1
447,0,7.75,5,3.79635224096169,7.75,0
448,0,9.75,2,0,0.907247845986906,1
448,0,9.75,2,0.907247845986906,2.50585371747234,1
448,0,9.75,2,2.50585371747234,9.75,0
449,0,15.75,2,0,0.421968208155946,1
449,0,15.75,2,0.421968208155946,7.61226457013673,1
449,0,15.75,2,7.61226457013673,15.75,0
450,0,10.75,2,0,0.0734179019494627,1
450,0,10.75,2,0.0734179019494627,1.04205885055267,1
450,0,10.75,2,1.04205885055267,10.75,0
451,0,13.75,2,0,2.46052156366835,1
451,0,13.75,2,2.46052156366835,5.02014974380748,1
451,0,13.75,2,5.02014974380748,13.75,0
452,0,15.75,23,0,4.95573434210952,1
452,0,15.75,23,4.95573434210952,6.10037587011009,1
452,0,15.75,23,6.10037587011009,9.26763861652889,1
452,0,15.75,23,9.26763861652889,9.89234132363846,1
452,0,15.75,23,9.89234132363846,10.7365362045365,1
452,0,15.75,23,10.7365362045365,10.8696308498485,1
452,0,15.75,23,10.8696308498485,11.0876807778931,1
452,0,15.75,23,11.0876807778931,11.1732798116762,1
452,0,15.75,23,11.1732798116762,11.2342132827162,1
452,0,15.75,23,11.2342132827162,12.003844467475,1
452,0,15.75,23,12.003844467475,12.4397944733325,1
452,0,15.75,23,12.4397944733325,12.5794734634141,1
452,0,15.75,23,12.5794734634141,12.8327854978622,1
452,0,15.75,23,12.8327854978622,13.301838093578,1
452,0,15.75,23,13.301838093578,13.6029394491109,1
452,0,15.75,23,13.6029394491109,13.7465508648713,1
452,0,15.75,23,13.7465508648713,13.7643285841616,1
452,0,15.75,23,13.7643285841616,14.1122128954049,1
452,0,15.75,23,14.1122128954049,14.5523209036059,1
452,0,15.75,23,14.5523209036059,14.7979007816732,1
452,0,15.75,23,14.7979007816732,15.5054920043111,1
452,0,15.75,23,15.5054920043111,15.5082284784918,1
452,0,15.75,23,15.5082284784918,15.7299479367382,1
452,0,15.75,23,15.7299479367382,15.75,0
453,0,13.75,1,0,1.58936696914335,1
453,0,13.75,1,1.58936696914335,13.75,0
454,0,9.75,1,0,1.78629755116144,1
454,0,9.75,1,1.78629755116144,9.75,0
455,0,13.75,9,0,5.35173799769084,1
455,0,13.75,9,5.35173799769084,5.46894333045308,1
455,0,13.75,9,5.46894333045308,8.92609776407064,1
455,0,13.75,9,8.92609776407064,9.47703367165047,1
455,0,13.75,9,9.47703367165047,10.3354413086526,1
455,0,13.75,9,10.3354413086526,10.504928224155,1
455,0,13.75,9,10.504928224155,10.9645472564788,1
455,0,13.75,9,10.9645472564788,11.8711725023267,1
455,0,13.75,9,11.8711725023267,12.839432460003,1
455,0,13.75,9,12.839432460003,13.75,0
456,0,14.75,2,0,11.8614917197914,1
456,0,14.75,2,11.8614917197914,13.2793529092493,1
456,0,14.75,2,13.2793529092493,14.75,0
457,0,17.75,0,0,17.75,0
458,0,9.75,1,0,0.613745864676406,1
458,0,9.75,1,0.613745864676406,9.75,0
459,0,11.75,13,0,2.7290635654237,1
459,0,11.75,13,2.7290635654237,2.84798648616606,1
459,0,11.75,13,2.84798648616606,3.10066018603136,1
459,0,11.75,13,3.10066018603136,4.5872177885014,1
459,0,11.75,13,4.5872177885014,5.69261270127753,1
459,0,11.75,13,5.69261270127753,6.54985315742968,1
459,0,11.75,13,6.54985315742968,7.81694822858907,1
459,0,11.75,13,7.81694822858907,8.81177553459431,1
459,0,11.75,13,8.81177553459431,8.98012053300586,1
459,0,11.75,13,8.98012053300586,9.06858241970744,1
459,0,11.75,13,9.06858241970744,9.25155524179799,1
459,0,11.75,13,9.25155524179799,9.92541756311947,1
459,0,11.75,13,9.92541756311947,10.4442777977584,1
459,0,11.75,13,10.4442777977584,11.75,0
460,0,12.75,0,0,12.75,0
461,0,13.75,1,0,0.202989570090787,1
461,0,13.75,1,0.202989570090787,13.75,0
462,0,12.75,24,0,2.57857489881704,1
462,0,12.75,24,2.57857489881704,4.3275949072603,1
462,0,12.75,24,4.3275949072603,5.56442293282274,1
462,0,12.75,24,5.56442293282274,6.09043087115767,1
462,0,12.75,24,6.09043087115767,6.26757302147973,1
462,0,12.75,24,6.26757302147973,6.35455363449107,1
462,0,12.75,24,6.35455363449107,6.79233380954393,1
462,0,12.75,24,6.79233380954393,6.87574756558184,1
462,0,12.75,24,6.87574756558184,7.99192193277462,1
462,0,12.75,24,7.99192193277462,8.998488583687,1
462,0,12.75,24,8.998488583687,9.17005311321209,1
462,0,12.75,24,9.17005311321209,9.48020407357869,1
462,0,12.75,24,9.48020407357869,9.52937776517749,1
462,0,12.75,24,9.52937776517749,10.9040552824947,1
462,0,12.75,24,10.9040552824947,11.4742567139826,1
462,0,12.75,24,11.4742567139826,11.5874573261295,1
462,0,12.75,24,11.5874573261295,11.742320212728,1
462,0,12.75,24,11.742320212728,12.0803476651588,1
462,0,12.75,24,12.0803476651588,12.239316335957,1
462,0,12.75,24,12.239316335957,12.2492074573404,1
462,0,12.75,24,12.2492074573404,12.285421063027,1
462,0,12.75,24,12.285421063027,12.558838169105,1
462,0,12.75,24,12.558838169105,12.6001004890442,1
462,0,12.75,24,12.6001004890442,12.6456607374057,1
462,0,12.75,24,12.6456607374057,12.75,0
463,0,10.75,0,0,10.75,0
464,0,17.75,1,0,12.5838420553289,1
464,0,17.75,1,12.5838420553289,17.75,0
465,0,11.75,1,0,0.00327219242885358,1
465,0,11.75,1,0.00327219242885358,11.75,0
466,0,12.75,17,0,4.76405759032735,1
466,0,12.75,17,4.76405759032735,5.16939367341597,1
466,0,12.75,17,5.16939367341597,5.25031939150565,1
466,0,12.75,17,5.25031939150565,5.58047540742878,1
466,0,12.75,17,5.58047540742878,6.590549953319,1
466,0,12.75,17,6.590549953319,6.98411522028851,1
466,0,12.75,17,6.98411522028851,7.42464407956202,1
466,0,12.75,17,7.42464407956202,7.95292487944416,1
466,0,12.75,17,7.95292487944416,8.20653168490482,1
466,0,12.75,17,8.20653168490482,8.80075994356256,1
466,0,12.75,17,8.80075994356256,9.74965900483843,1
466,0,12.75,17,9.74965900483843,10.2314727027979,1
466,0,12.75,17,10.2314727027979,10.4529023330246,1
466,0,12.75,17,10.4529023330246,10.6413513418786,1
466,0,12.75,17,10.6413513418786,11.1361853561612,1
466,0,12.75,17,11.1361853561612,11.5329317204834,1
466,0,12.75,17,11.5329317204834,12.5238866968061,1
466,0,12.75,17,12.5238866968061,12.75,0
467,0,12.75,15,0,4.9760964636075,1
467,0,12.75,15,4.9760964636075,6.78962847008434,1
467,0,12.75,15,6.78962847008434,8.03988950363861,1
467,0,12.75,15,8.03988950363861,8.52893905241046,1
467,0,12.75,15,8.52893905241046,9.16598819637167,1
467,0,12.75,15,9.16598819637167,10.0042536683138,1
467,0,12.75,15,10.0042536683138,10.0456097852942,1
467,0,12.75,15,10.0456097852942,10.5864078968854,1
467,0,12.75,15,10.5864078968854,10.940579955251,1
467,0,12.75,15,10.940579955251,11.0441718307429,1
467,0,12.75,15,11.0441718307429,11.3606690927898,1
467,0,12.75,15,11.3606690927898,11.7896102661091,1
467,0,12.75,15,11.7896102661091,11.7919635897597,1
467,0,12.75,15,11.7919635897597,12.5136458436633,1
467,0,12.75,15,12.5136458436633,12.7381548284631,1
467,0,12.75,15,12.7381548284631,12.75,0
468,0,11.75,16,0,3.4551912527686,1
468,0,11.75,16,3.4551912527686,5.1632024711857,1
468,0,11.75,16,5.1632024711857,8.26725899039982,1
468,0,11.75,16,8.26725899039982,8.72848060685957,1
468,0,11.75,16,8.72848060685957,8.97600606008946,1
468,0,11.75,16,8.97600606008946,9.35784018483722,1
468,0,11.75,16,9.35784018483722,10.068757040028,1
468,0,11.75,16,10.068757040028,10.3734120732422,1
468,0,11.75,16,10.3734120732422,10.6529793919841,1
468,0,11.75,16,10.6529793919841,10.8179512357332,1
468,0,11.75,16,10.8179512357332,10.9177764989937,1
468,0,11.75,16,10.9177764989937,11.1502445114788,1
468,0,11.75,16,11.1502445114788,11.510669682849,1
468,0,11.75,16,11.510669682849,11.5272680026004,1
468,0,11.75,16,11.5272680026004,11.5623508064746,1
468,0,11.75,16,11.5623508064746,11.5672960886796,1
468,0,11.75,16,11.5672960886796,11.75,0
469,0,9.75,8,0,5.76111283561039,1
469,0,9.75,8,5.76111283561039,6.68734755917836,1
469,0,9.75,8,6.68734755917836,7.63785066323895,1
469,0,9.75,8,7.63785066323895,7.90747805631703,1
469,0,9.75,8,7.90747805631703,8.18789498854428,1
469,0,9.75,8,8.18789498854428,8.48362942729437,1
469,0,9.75,8,8.48362942729437,8.63295251587948,1
469,0,9.75,8,8.63295251587948,9.71362633833155,1
469,0,9.75,8,9.71362633833155,9.75,0
470,0,20.75,0,0,20.75,0
471,0,16.75,1,0,0.344374337310307,1
471,0,16.75,1,0.344374337310307,16.75,0
472,0,11.75,10,0,4.19577640894243,1
472,0,11.75,10,4.19577640894243,5.58146218556235,1
472,0,11.75,10,5.58146218556235,5.66274086891018,1
472,0,11.75,10,5.66274086891018,6.41932826519093,1
472,0,11.75,10,6.41932826519093,8.59952996300781,1
472,0,11.75,10,8.59952996300781,9.15449820426605,1
472,0,11.75,10,9.15449820426605,10.0741998514555,1
472,0,11.75,10,10.0741998514555,10.4466793376086,1
472,0,11.75,10,10.4466793376086,10.5537862013662,1
472,0,11.75,10,10.5537862013662,11.5803595319781,1
472,0,11.75,10,11.5803595319781,11.75,0
473,0,11.75,0,0,11.75,0
474,0,12.75,0,0,12.75,0
475,0,20.75,0,0,20.75,0
476,0,7.75,2,0,1.34346861415827,1
476,0,7.75,2,1.34346861415827,1.55681897447211,1
476,0,7.75,2,1.55681897447211,7.75,0
477,0,15.75,0,0,15.75,0
478,0,14.75,2,0,0.273449900342618,1
478,0,14.75,2,0.273449900342618,0.887549176734479,1
478,0,14.75,2,0.887549176734479,14.75,0
479,0,10.75,16,0,3.49636958784155,1
479,0,10.75,16,3.49636958784155,3.57443084828905,1
479,0,10.75,16,3.57443084828905,4.32616474509243,1
479,0,10.75,16,4.32616474509243,4.39748068872201,1
479,0,10.75,16,4.39748068872201,5.50636568586658,1
479,0,10.75,16,5.50636568586658,6.13964603533534,1
479,0,10.75,16,6.13964603533534,8.70000213819206,1
479,0,10.75,16,8.70000213819206,9.22965633787813,1
479,0,10.75,16,9.22965633787813,9.33486123995713,1
479,0,10.75,16,9.33486123995713,9.52931961167293,1
479,0,10.75,16,9.52931961167293,9.76331626594772,1
479,0,10.75,16,9.76331626594772,10.0384543846821,1
479,0,10.75,16,10.0384543846821,10.0831276098064,1
479,0,10.75,16,10.0831276098064,10.3268724733884,1
479,0,10.75,16,10.3268724733884,10.6383002863071,1
479,0,10.75,16,10.6383002863071,10.7394115216843,1
479,0,10.75,16,10.7394115216843,10.75,0
480,0,11.75,2,0,5.13214940321245,1
480,0,11.75,2,5.13214940321245,8.12168061058756,1
480,0,11.75,2,8.12168061058756,11.75,0
481,0,19.75,2,0,5.57452110989079,1
481,0,19.75,2,5.57452110989079,9.36376567386459,1
481,0,19.75,2,9.36376567386459,19.75,0
482,0,15.75,41,0,1.71583761942857,1
482,0,15.75,41,1.71583761942857,4.84632882244039,1
482,0,15.75,41,4.84632882244039,5.09577091625496,1
482,0,15.75,41,5.09577091625496,5.2785087379147,1
482,0,15.75,41,5.2785087379147,6.07797107043562,1
482,0,15.75,41,6.07797107043562,6.33506871511235,1
482,0,15.75,41,6.33506871511235,8.56246274364606,1
482,0,15.75,41,8.56246274364606,8.64337226607059,1
482,0,15.75,41,8.64337226607059,9.11376899816731,1
482,0,15.75,41,9.11376899816731,9.25133879196403,1
482,0,15.75,41,9.25133879196403,10.1518651817366,1
482,0,15.75,41,10.1518651817366,10.4281044439625,1
482,0,15.75,41,10.4281044439625,11.3327634231565,1
482,0,15.75,41,11.3327634231565,11.6805380003926,1
482,0,15.75,41,11.6805380003926,11.8056901823845,1
482,0,15.75,41,11.8056901823845,12.1144227942112,1
482,0,15.75,41,12.1144227942112,12.4131255311244,1
482,0,15.75,41,12.4131255311244,12.660963193794,1
482,0,15.75,41,12.660963193794,12.6934286357158,1
482,0,15.75,41,12.6934286357158,12.7031139595743,1
482,0,15.75,41,12.7031139595743,12.8500628483631,1
482,0,15.75,41,12.8500628483631,13.071247580572,1
482,0,15.75,41,13.071247580572,13.3280823553364,1
482,0,15.75,41,13.3280823553364,13.4047714462757,1
482,0,15.75,41,13.4047714462757,13.4219050347603,1
482,0,15.75,41,13.4219050347603,13.6311845949282,1
482,0,15.75,41,13.6311845949282,13.6522394008873,1
482,0,15.75,41,13.6522394008873,13.7387561820301,1
482,0,15.75,41,13.7387561820301,14.0725843803511,1
482,0,15.75,41,14.0725843803511,14.0757108537926,1
482,0,15.75,41,14.0757108537926,14.0981967867159,1
482,0,15.75,41,14.0981967867159,14.2432452395284,1
482,0,15.75,41,14.2432452395284,14.5608522563024,1
482,0,15.75,41,14.5608522563024,14.8356693222552,1
482,0,15.75,41,14.8356693222552,14.9894218422468,1
482,0,15.75,41,14.9894218422468,15.0620638494343,1
482,0,15.75,41,15.0620638494343,15.3637936351702,1
482,0,15.75,41,15.3637936351702,15.4068802809239,1
482,0,15.75,41,15.4068802809239,15.4100148467853,1
482,0,15.75,41,15.4100148467853,15.6463186059929,1
482,0,15.75,41,15.6463186059929,15.6495104460933,1
482,0,15.75,41,15.6495104460933,15.75,0
483,0,15.75,1,0,7.4768328793368,1
483,0,15.75,1,7.4768328793368,15.75,0
484,0,19.75,3,0,0.290454086143688,1
484,0,19.75,3,0.290454086143688,1.30954355498319,1
484,0,19.75,3,1.30954355498319,8.61017191902416,1
484,0,19.75,3,8.61017191902416,19.75,0
485,0,19.75,53,0,4.08651295029999,1
485,0,19.75,53,4.08651295029999,5.2342038907056,1
485,0,19.75,53,5.2342038907056,5.88045416382803,1
485,0,19.75,53,5.88045416382803,7.77096893183507,1
485,0,19.75,53,7.77096893183507,8.0355824595437,1
485,0,19.75,53,8.0355824595437,8.71859978160444,1
485,0,19.75,53,8.71859978160444,8.81004551009504,1
485,0,19.75,53,8.81004551009504,8.8887767304866,1
485,0,19.75,53,8.8887767304866,9.91014135461025,1
485,0,19.75,53,9.91014135461025,9.95655397979571,1
485,0,19.75,53,9.95655397979571,10.378195178028,1
485,0,19.75,53,10.378195178028,10.5716700453828,1
485,0,19.75,53,10.5716700453828,11.0188212907263,1
485,0,19.75,53,11.0188212907263,11.1017292527753,1
485,0,19.75,53,11.1017292527753,11.139107499702,1
485,0,19.75,53,11.139107499702,11.6609459490346,1
485,0,19.75,53,11.6609459490346,11.6951841360748,1
485,0,19.75,53,11.6951841360748,11.7156649380837,1
485,0,19.75,53,11.7156649380837,12.4705423374473,1
485,0,19.75,53,12.4705423374473,12.6265934011733,1
485,0,19.75,53,12.6265934011733,12.7671524015694,1
485,0,19.75,53,12.7671524015694,12.8815350503381,1
485,0,19.75,53,12.8815350503381,13.125642474636,1
485,0,19.75,53,13.125642474636,13.1928675344688,1
485,0,19.75,53,13.1928675344688,13.9905741430653,1
485,0,19.75,53,13.9905741430653,14.243537703101,1
485,0,19.75,53,14.243537703101,15.1713193147351,1
485,0,19.75,53,15.1713193147351,15.2884690841576,1
485,0,19.75,53,15.2884690841576,15.2933234316111,1
485,0,19.75,53,15.2933234316111,15.4039702390025,1
485,0,19.75,53,15.4039702390025,15.4134540658184,1
485,0,19.75,53,15.4134540658184,15.5860709244735,1
485,0,19.75,53,15.5860709244735,15.7694666468,1
485,0,19.75,53,15.7694666468,15.8045296881747,1
485,0,19.75,53,15.8045296881747,15.9675682846064,1
485,0,19.75,53,15.9675682846064,16.2735191121906,1
485,0,19.75,53,16.2735191121906,16.3915176130331,1
485,0,19.75,53,16.3915176130331,16.436950682231,1
485,0,19.75,53,16.436950682231,16.4812807672604,1
485,0,19.75,53,16.4812807672604,16.5847622502551,1
485,0,19.75,53,16.5847622502551,17.3940851702643,1
485,0,19.75,53,17.3940851702643,17.5245735287392,1
485,0,19.75,53,17.5245735287392,17.6355207851879,1
485,0,19.75,53,17.6355207851879,17.7724502678235,1
485,0,19.75,53,17.7724502678235,17.8394453798392,1
485,0,19.75,53,17.8394453798392,18.3343383996002,1
485,0,19.75,53,18.3343383996002,18.3547788750128,1
485,0,19.75,53,18.3547788750128,18.8941426307039,1
485,0,19.75,53,18.8941426307039,18.9645534718743,1
485,0,19.75,53,18.9645534718743,19.1148110414492,1
485,0,19.75,53,19.1148110414492,19.3754572997628,1
485,0,19.75,53,19.3754572997628,19.5212098235581,1
485,0,19.75,53,19.5212098235581,19.5587225794398,1
485,0,19.75,53,19.5587225794398,19.75,0
486,0,17.75,26,0,3.53406182124775,1
486,0,17.75,26,3.53406182124775,5.70165176144162,1
486,0,17.75,26,5.70165176144162,6.25865951974459,1
486,0,17.75,26,6.25865951974459,7.00925630142132,1
486,0,17.75,26,7.00925630142132,7.14797136107152,1
486,0,17.75,26,7.14797136107152,8.3822686443889,1
486,0,17.75,26,8.3822686443889,9.0841897248254,1
486,0,17.75,26,9.0841897248254,9.39931612964897,1
486,0,17.75,26,9.39931612964897,10.7185865530284,1
486,0,17.75,26,10.7185865530284,11.2897733528797,1
486,0,17.75,26,11.2897733528797,11.5346885515342,1
486,0,17.75,26,11.5346885515342,13.6425229214737,1
486,0,17.75,26,13.6425229214737,13.7191609843281,1
486,0,17.75,26,13.7191609843281,13.7953205908623,1
486,0,17.75,26,13.7953205908623,14.6860039745456,1
486,0,17.75,26,14.6860039745456,15.2239791305171,1
486,0,17.75,26,15.2239791305171,15.347638867812,1
486,0,17.75,26,15.347638867812,15.4644203094418,1
486,0,17.75,26,15.4644203094418,15.6281901755781,1
486,0,17.75,26,15.6281901755781,16.5366504243988,1
486,0,17.75,26,16.5366504243988,16.7640079242887,1
486,0,17.75,26,16.7640079242887,17.1907153870133,1
486,0,17.75,26,17.1907153870133,17.2729199611733,1
486,0,17.75,26,17.2729199611733,17.4245087080432,1
486,0,17.75,26,17.4245087080432,17.5254205991634,1
486,0,17.75,26,17.5254205991634,17.7065209152788,1
486,0,17.75,26,17.7065209152788,17.75,0
487,0,8.75,1,0,6.25593074378848,1
487,0,8.75,1,6.25593074378848,8.75,0
488,0,9.75,6,0,2.34413983980893,1
488,0,9.75,6,2.34413983980893,5.61598826532922,1
488,0,9.75,6,5.61598826532922,6.89396513601726,1
488,0,9.75,6,6.89396513601726,7.2841905234973,1
488,0,9.75,6,7.2841905234973,8.90333356294125,1
488,0,9.75,6,8.90333356294125,9.34602523774427,1
488,0,9.75,6,9.34602523774427,9.75,0
489,0,20.75,2,0,0.863209483147767,1
489,0,20.75,2,0.863209483147767,7.24184769367928,1
489,0,20.75,2,7.24184769367928,20.75,0
490,0,10.75,1,0,4.19758837491158,1
490,0,10.75,1,4.19758837491158,10.75,0
491,0,14.75,0,0,14.75,0
492,0,12.75,3,0,0.839969152585762,1
492,0,12.75,3,0.839969152585762,0.958026102143838,1
492,0,12.75,3,0.958026102143838,11.9194434041395,1
492,0,12.75,3,11.9194434041395,12.75,0
493,0,12.75,1,0,12.1626053516111,1
493,0,12.75,1,12.1626053516111,12.75,0
494,0,7.75,1,0,7.20582643236695,1
494,0,7.75,1,7.20582643236695,7.75,0
495,0,13.75,7,0,0.219335086930492,1
495,0,13.75,7,0.219335086930492,0.346682596150892,1
495,0,13.75,7,0.346682596150892,0.592201787653448,1
495,0,13.75,7,0.592201787653448,0.890473136899916,1
495,0,13.75,7,0.890473136899916,3.04682009031829,1
495,0,13.75,7,3.04682009031829,5.04192250547525,1
495,0,13.75,7,5.04192250547525,5.99172580095103,1
495,0,13.75,7,5.99172580095103,13.75,0
496,0,11.75,0,0,11.75,0
497,0,11.75,2,0,1.41000473335475,1
497,0,11.75,2,1.41000473335475,11.5859702212094,1
497,0,11.75,2,11.5859702212094,11.75,0
498,0,19.75,1,0,4.03822052277334,1
498,0,19.75,1,4.03822052277334,19.75,0
499,0,15.75,1,0,9.79634434772768,1
499,0,15.75,1,9.79634434772768,15.75,0
500,0,11.75,1,0,10.9333876246633,1
500,0,11.75,1,10.9333876246633,11.75,0
501,0,8.75,1,0,7.51654599545774,1
501,0,8.75,1,7.51654599545774,8.75,0
502,0,9.75,1,0,6.12029289302538,1
502,0,9.75,1,6.12029289302538,9.75,0
503,0,11.75,10,0,6.08503429813954,1
503,0,11.75,10,6.08503429813954,6.25510770934765,1
503,0,11.75,10,6.25510770934765,7.57480898784865,1
503,0,11.75,10,7.57480898784865,10.1844090559393,1
503,0,11.75,10,10.1844090559393,10.508341381089,1
503,0,11.75,10,10.508341381089,10.8155673286291,1
503,0,11.75,10,10.8155673286291,10.8194140791118,1
503,0,11.75,10,10.8194140791118,11.2755377577458,1
503,0,11.75,10,11.2755377577458,11.6157423761598,1
503,0,11.75,10,11.6157423761598,11.6477812977489,1
503,0,11.75,10,11.6477812977489,11.75,0
504,0,11.75,16,0,2.76048983167367,1
504,0,11.75,16,2.76048983167367,3.38096683784746,1
504,0,11.75,16,3.38096683784746,4.21650453334149,1
504,0,11.75,16,4.21650453334149,5.26041090860974,1
504,0,11.75,16,5.26041090860974,6.00346751298257,1
504,0,11.75,16,6.00346751298257,6.37105792340764,1
504,0,11.75,16,6.37105792340764,6.59738364159521,1
504,0,11.75,16,6.59738364159521,8.39875115542645,1
504,0,11.75,16,8.39875115542645,8.63255142809686,1
504,0,11.75,16,8.63255142809686,10.0118379624252,1
504,0,11.75,16,10.0118379624252,10.210980094372,1
504,0,11.75,16,10.210980094372,10.301554935634,1
504,0,11.75,16,10.301554935634,10.6635402472846,1
504,0,11.75,16,10.6635402472846,11.2160824199847,1
504,0,11.75,16,11.2160824199847,11.3595779692532,1
504,0,11.75,16,11.3595779692532,11.38486228826,1
504,0,11.75,16,11.38486228826,11.75,0
505,0,13.75,21,0,2.28798959967113,1
505,0,13.75,21,2.28798959967113,3.83583783649349,1
505,0,13.75,21,3.83583783649349,5.1785444906331,1
505,0,13.75,21,5.1785444906331,5.94003799567228,1
505,0,13.75,21,5.94003799567228,6.0090545967135,1
505,0,13.75,21,6.0090545967135,6.26941626322655,1
505,0,13.75,21,6.26941626322655,6.4112720552159,1
505,0,13.75,21,6.4112720552159,7.28220804955203,1
505,0,13.75,21,7.28220804955203,8.55177724539749,1
505,0,13.75,21,8.55177724539749,9.15345659045651,1
505,0,13.75,21,9.15345659045651,9.26859736452704,1
505,0,13.75,21,9.26859736452704,10.093984670004,1
505,0,13.75,21,10.093984670004,11.4864721038657,1
505,0,13.75,21,11.4864721038657,11.6203809548304,1
505,0,13.75,21,11.6203809548304,12.0539160889618,1
505,0,13.75,21,12.0539160889618,12.1780457553259,1
505,0,13.75,21,12.1780457553259,12.3326767030708,1
505,0,13.75,21,12.3326767030708,13.2786131113583,1
505,0,13.75,21,13.2786131113583,13.4294986074007,1
505,0,13.75,21,13.4294986074007,13.6785867395369,1
505,0,13.75,21,13.6785867395369,13.6896222328191,1
505,0,13.75,21,13.6896222328191,13.75,0
506,0,10.75,4,0,0.099159139638497,1
506,0,10.75,4,0.099159139638497,1.94383279963349,1
506,0,10.75,4,1.94383279963349,5.17970864730765,1
506,0,10.75,4,5.17970864730765,7.42141257128252,1
506,0,10.75,4,7.42141257128252,10.75,0
507,0,17.75,34,0,3.33317689683267,1
507,0,17.75,34,3.33317689683267,3.54454961678135,1
507,0,17.75,34,3.54454961678135,5.84251667187437,1
507,0,17.75,34,5.84251667187437,6.81107196002105,1
507,0,17.75,34,6.81107196002105,7.15017632684344,1
507,0,17.75,34,7.15017632684344,7.50575088933176,1
507,0,17.75,34,7.50575088933176,7.67887502050436,1
507,0,17.75,34,7.67887502050436,9.52530525000157,1
507,0,17.75,34,9.52530525000157,10.2187423663084,1
507,0,17.75,34,10.2187423663084,11.6962579049572,1
507,0,17.75,34,11.6962579049572,11.8588812599641,1
507,0,17.75,34,11.8588812599641,11.9832544770947,1
507,0,17.75,34,11.9832544770947,12.162422102356,1
507,0,17.75,34,12.162422102356,12.4163220617881,1
507,0,17.75,34,12.4163220617881,13.0222127608749,1
507,0,17.75,34,13.0222127608749,13.0737422998207,1
507,0,17.75,34,13.0737422998207,13.3152730991821,1
507,0,17.75,34,13.3152730991821,13.4973326130648,1
507,0,17.75,34,13.4973326130648,13.7763802989156,1
507,0,17.75,34,13.7763802989156,13.9914321630287,1
507,0,17.75,34,13.9914321630287,14.1383784103657,1
507,0,17.75,34,14.1383784103657,14.8250738886653,1
507,0,17.75,34,14.8250738886653,14.8708953776242,1
507,0,17.75,34,14.8708953776242,15.6745121218294,1
507,0,17.75,34,15.6745121218294,16.1606469307675,1
507,0,17.75,34,16.1606469307675,16.4805123315684,1
507,0,17.75,34,16.4805123315684,16.6619956981253,1
507,0,17.75,34,16.6619956981253,16.8040550504329,1
507,0,17.75,34,16.8040550504329,16.8781742589067,1
507,0,17.75,34,16.8781742589067,16.9479181762827,1
507,0,17.75,34,16.9479181762827,17.0160641643653,1
507,0,17.75,34,17.0160641643653,17.4533163145193,1
507,0,17.75,34,17.4533163145193,17.594393427391,1
507,0,17.75,34,17.594393427391,17.6180625445788,1
507,0,17.75,34,17.6180625445788,17.75,0
508,0,9.75,5,0,3.99961438831056,1
508,0,9.75,5,3.99961438831056,8.41219279529593,1
508,0,9.75,5,8.41219279529593,8.54020876234204,1
508,0,9.75,5,8.54020876234204,9.07436968317646,1
508,0,9.75,5,9.07436968317646,9.32025192108255,1
508,0,9.75,5,9.32025192108255,9.75,0
509,0,8.75,1,0,3.83125719002331,1
509,0,8.75,1,3.83125719002331,8.75,0
510,0,12.75,3,0,3.13360735978194,1
510,0,12.75,3,3.13360735978194,3.98690343975675,1
510,0,12.75,3,3.98690343975675,6.45184251906345,1
510,0,12.75,3,6.45184251906345,12.75,0
511,0,13.75,0,0,13.75,0
512,0,12.75,1,0,0.125181726480095,1
512,0,12.75,1,0.125181726480095,12.75,0
513,0,19.75,2,0,1.73407198420891,1
513,0,19.75,2,1.73407198420891,9.98062546087881,1
513,0,19.75,2,9.98062546087881,19.75,0
514,0,9.75,12,0,3.41527000430482,1
514,0,9.75,12,3.41527000430482,3.52648522233431,1
514,0,9.75,12,3.52648522233431,4.19745467964273,1
514,0,9.75,12,4.19745467964273,4.411013948327,1
514,0,9.75,12,4.411013948327,4.7717630891913,1
514,0,9.75,12,4.7717630891913,5.68777450303273,1
514,0,9.75,12,5.68777450303273,5.86790400872888,1
514,0,9.75,12,5.86790400872888,6.56362778395529,1
514,0,9.75,12,6.56362778395529,7.2715356247181,1
514,0,9.75,12,7.2715356247181,8.55527121288986,1
514,0,9.75,12,8.55527121288986,8.58257700874655,1
514,0,9.75,12,8.58257700874655,9.66927642276844,1
514,0,9.75,12,9.66927642276844,9.75,0
515,0,10.75,1,0,9.91551951695462,1
515,0,10.75,1,9.91551951695462,10.75,0
516,0,14.75,18,0,2.21215080798126,1
516,0,14.75,18,2.21215080798126,3.91837283703704,1
516,0,14.75,18,3.91837283703704,4.74374916089152,1
516,0,14.75,18,4.74374916089152,5.78642568620276,1
516,0,14.75,18,5.78642568620276,7.28248114068918,1
516,0,14.75,18,7.28248114068918,8.0304791111094,1
516,0,14.75,18,8.0304791111094,8.98068664445884,1
516,0,14.75,18,8.98068664445884,9.9967664691277,1
516,0,14.75,18,9.9967664691277,10.0787609881763,1
516,0,14.75,18,10.0787609881763,10.5258775160407,1
516,0,14.75,18,10.5258775160407,11.0126220306187,1
516,0,14.75,18,11.0126220306187,11.8344437090225,1
516,0,14.75,18,11.8344437090225,11.8853353584985,1
516,0,14.75,18,11.8853353584985,13.2264495949882,1
516,0,14.75,18,13.2264495949882,13.5361260225284,1
516,0,14.75,18,13.5361260225284,13.9927109915802,1
516,0,14.75,18,13.9927109915802,14.0404093784861,1
516,0,14.75,18,14.0404093784861,14.1388771958915,1
516,0,14.75,18,14.1388771958915,14.75,0
517,0,10.75,15,0,4.29016024807607,1
517,0,10.75,15,4.29016024807607,4.48303592364495,1
517,0,10.75,15,4.48303592364495,5.58889033901613,1
517,0,10.75,15,5.58889033901613,5.90065988260042,1
517,0,10.75,15,5.90065988260042,6.16942808662357,1
517,0,10.75,15,6.16942808662357,6.34070333811897,1
517,0,10.75,15,6.34070333811897,7.38631736623204,1
517,0,10.75,15,7.38631736623204,8.23386693319898,1
517,0,10.75,15,8.23386693319898,9.17567266751477,1
517,0,10.75,15,9.17567266751477,9.72064440661082,1
517,0,10.75,15,9.72064440661082,9.7895325230175,1
517,0,10.75,15,9.7895325230175,9.9656144787903,1
517,0,10.75,15,9.9656144787903,10.0000841903393,1
517,0,10.75,15,10.0000841903393,10.1021163736565,1
517,0,10.75,15,10.1021163736565,10.5899490861695,1
517,0,10.75,15,10.5899490861695,10.75,0
518,0,14.75,5,0,2.05649375657695,1
518,0,14.75,5,2.05649375657695,4.72666588502541,1
518,0,14.75,5,4.72666588502541,8.11745960946489,1
518,0,14.75,5,8.11745960946489,8.98175300935889,1
518,0,14.75,5,8.98175300935889,10.3432898354639,1
518,0,14.75,5,10.3432898354639,14.75,0
519,0,9.75,3,0,1.0043435189349,1
519,0,9.75,3,1.0043435189349,3.00385383122809,1
519,0,9.75,3,3.00385383122809,5.06524678890012,1
519,0,9.75,3,5.06524678890012,9.75,0
520,0,7.75,0,0,7.75,0
521,0,14.75,14,0,3.67224838152257,1
521,0,14.75,14,3.67224838152257,4.33953636411742,1
521,0,14.75,14,4.33953636411742,6.58677651762385,1
521,0,14.75,14,6.58677651762385,6.618091850243,1
521,0,14.75,14,6.618091850243,9.67146734228127,1
521,0,14.75,14,9.67146734228127,11.4323808492132,1
521,0,14.75,14,11.4323808492132,12.165291141631,1
521,0,14.75,14,12.165291141631,12.2305174230273,1
521,0,14.75,14,12.2305174230273,12.7404965745824,1
521,0,14.75,14,12.7404965745824,12.9044403679682,1
521,0,14.75,14,12.9044403679682,13.499862632591,1
521,0,14.75,14,13.499862632591,14.1372351140345,1
521,0,14.75,14,14.1372351140345,14.1537501824267,1
521,0,14.75,14,14.1537501824267,14.4869485896546,1
521,0,14.75,14,14.4869485896546,14.75,0
522,0,17.75,31,0,2.57206215794374,1
522,0,17.75,31,2.57206215794374,5.6156138917382,1
522,0,17.75,31,5.6156138917382,7.35768501232826,1
522,0,17.75,31,7.35768501232826,8.4810699252194,1
522,0,17.75,31,8.4810699252194,8.8442435522919,1
522,0,17.75,31,8.8442435522919,9.30832682251446,1
522,0,17.75,31,9.30832682251446,10.114235705624,1
522,0,17.75,31,10.114235705624,10.48884628295,1
522,0,17.75,31,10.48884628295,11.6358966685761,1
522,0,17.75,31,11.6358966685761,11.7650730849084,1
522,0,17.75,31,11.7650730849084,11.9671081983624,1
522,0,17.75,31,11.9671081983624,11.9793161858752,1
522,0,17.75,31,11.9793161858752,12.1745354890297,1
522,0,17.75,31,12.1745354890297,12.4496186837913,1
522,0,17.75,31,12.4496186837913,12.5163496903126,1
522,0,17.75,31,12.5163496903126,12.637304244344,1
522,0,17.75,31,12.637304244344,13.4900919872464,1
522,0,17.75,31,13.4900919872464,13.7116510765243,1
522,0,17.75,31,13.7116510765243,13.7840503913844,1
522,0,17.75,31,13.7840503913844,14.4883894466903,1
522,0,17.75,31,14.4883894466903,14.6352218142014,1
522,0,17.75,31,14.6352218142014,14.781386172931,1
522,0,17.75,31,14.781386172931,14.8695593746867,1
522,0,17.75,31,14.8695593746867,14.9564017272215,1
522,0,17.75,31,14.9564017272215,15.0720936588658,1
522,0,17.75,31,15.0720936588658,15.3439151854279,1
522,0,17.75,31,15.3439151854279,15.5880689955078,1
522,0,17.75,31,15.5880689955078,16.0702726668529,1
522,0,17.75,31,16.0702726668529,16.5864429656635,1
522,0,17.75,31,16.5864429656635,17.2861380944981,1
522,0,17.75,31,17.2861380944981,17.6180045464144,1
522,0,17.75,31,17.6180045464144,17.75,0
523,0,12.75,2,0,0.171707828362686,1
523,0,12.75,2,0.171707828362686,3.26730060763735,1
523,0,12.75,2,3.26730060763735,12.75,0
524,0,16.75,0,0,16.75,0
525,0,12.75,14,0,4.07190547878167,1
525,0,12.75,14,4.07190547878167,5.12021459831249,1
525,0,12.75,14,5.12021459831249,7.16701213778197,1
525,0,12.75,14,7.16701213778197,7.31735587095204,1
525,0,12.75,14,7.31735587095204,7.98315274472792,1
525,0,12.75,14,7.98315274472792,8.40100715739038,1
525,0,12.75,14,8.40100715739038,9.08632443592469,1
525,0,12.75,14,9.08632443592469,9.47106082304841,1
525,0,12.75,14,9.47106082304841,10.8651284059807,1
525,0,12.75,14,10.8651284059807,11.3021246775411,1
525,0,12.75,14,11.3021246775411,11.8724841567137,1
525,0,12.75,14,11.8724841567137,11.9787373230359,1
525,0,12.75,14,11.9787373230359,12.3415577758028,1
525,0,12.75,14,12.3415577758028,12.6791949043318,1
525,0,12.75,14,12.6791949043318,12.75,0
526,0,16.75,26,0,2.62342508034857,1
526,0,16.75,26,2.62342508034857,7.16051061491986,1
526,0,16.75,26,7.16051061491986,7.82292870386937,1
526,0,16.75,26,7.82292870386937,8.48234230793845,1
526,0,16.75,26,8.48234230793845,8.59117632105877,1
526,0,16.75,26,8.59117632105877,8.65121939996079,1
526,0,16.75,26,8.65121939996079,8.84006516712531,1
526,0,16.75,26,8.84006516712531,9.2776605333815,1
526,0,16.75,26,9.2776605333815,9.40391361468817,1
526,0,16.75,26,9.40391361468817,9.93508976172952,1
526,0,16.75,26,9.93508976172952,10.699621024571,1
526,0,16.75,26,10.699621024571,11.6823609455986,1
526,0,16.75,26,11.6823609455986,12.4613965772213,1
526,0,16.75,26,12.4613965772213,12.4636057329467,1
526,0,16.75,26,12.4636057329467,12.5279409821256,1
526,0,16.75,26,12.5279409821256,12.5870369740804,1
526,0,16.75,26,12.5870369740804,12.8420262423451,1
526,0,16.75,26,12.8420262423451,13.9163299273639,1
526,0,16.75,26,13.9163299273639,14.3685714078925,1
526,0,16.75,26,14.3685714078925,15.1176023095392,1
526,0,16.75,26,15.1176023095392,15.2246877329537,1
526,0,16.75,26,15.2246877329537,15.5044744268388,1
526,0,16.75,26,15.5044744268388,15.8933757248445,1
526,0,16.75,26,15.8933757248445,16.1476919719698,1
526,0,16.75,26,16.1476919719698,16.3361947362295,1
526,0,16.75,26,16.3361947362295,16.4546963325292,1
526,0,16.75,26,16.4546963325292,16.75,0
527,0,19.75,1,0,0.856900465411117,1
527,0,19.75,1,0.856900465411117,19.75,0
528,0,10.75,1,0,0.913312794018436,1
528,0,10.75,1,0.913312794018436,10.75,0
529,0,14.75,25,0,2.98996181390998,1
529,0,14.75,25,2.98996181390998,7.33361694173157,1
529,0,14.75,25,7.33361694173157,8.41976201894388,1
529,0,14.75,25,8.41976201894388,8.51647776090219,1
529,0,14.75,25,8.51647776090219,9.63033335197695,1
529,0,14.75,25,9.63033335197695,9.91301918035384,1
529,0,14.75,25,9.91301918035384,9.92514377051993,1
529,0,14.75,25,9.92514377051993,10.2502854996097,1
529,0,14.75,25,10.2502854996097,11.1495114708256,1
529,0,14.75,25,11.1495114708256,12.4652085789668,1
529,0,14.75,25,12.4652085789668,12.6757757882045,1
529,0,14.75,25,12.6757757882045,12.8307597887593,1
529,0,14.75,25,12.8307597887593,12.8743064857856,1
529,0,14.75,25,12.8743064857856,12.9272964723229,1
529,0,14.75,25,12.9272964723229,12.9773388230027,1
529,0,14.75,25,12.9773388230027,13.5960459949188,1
529,0,14.75,25,13.5960459949188,13.6980716753999,1
529,0,14.75,25,13.6980716753999,13.8535017309507,1
529,0,14.75,25,13.8535017309507,14.0008336201627,1
529,0,14.75,25,14.0008336201627,14.0324757252804,1
529,0,14.75,25,14.0324757252804,14.0475153120968,1
529,0,14.75,25,14.0475153120968,14.0616638313439,1
529,0,14.75,25,14.0616638313439,14.1998699514306,1
529,0,14.75,25,14.1998699514306,14.2734774447781,1
529,0,14.75,25,14.2734774447781,14.5037668786805,1
529,0,14.75,25,14.5037668786805,14.75,0
530,0,16.75,1,0,1.79242527041988,1
530,0,16.75,1,1.79242527041988,16.75,0
531,0,9.75,35,0,2.50297208934253,1
531,0,9.75,35,2.50297208934253,3.03788434462947,1
531,0,9.75,35,3.03788434462947,4.0290684139856,1
531,0,9.75,35,4.0290684139856,4.04267867508031,1
531,0,9.75,35,4.04267867508031,4.12139796428499,1
531,0,9.75,35,4.12139796428499,4.93974883144639,1
531,0,9.75,35,4.93974883144639,5.03400173567195,1
531,0,9.75,35,5.03400173567195,5.21433014120294,1
531,0,9.75,35,5.21433014120294,5.65256562932624,1
531,0,9.75,35,5.65256562932624,5.77937834245655,1
531,0,9.75,35,5.77937834245655,6.00094558732689,1
531,0,9.75,35,6.00094558732689,6.06955243483707,1
531,0,9.75,35,6.06955243483707,6.21811511234973,1
531,0,9.75,35,6.21811511234973,6.44636833799063,1
531,0,9.75,35,6.44636833799063,6.56081142887437,1
531,0,9.75,35,6.56081142887437,6.60011541228993,1
531,0,9.75,35,6.60011541228993,6.92495947098826,1
531,0,9.75,35,6.92495947098826,7.02642687671832,1
531,0,9.75,35,7.02642687671832,7.22399368104035,1
531,0,9.75,35,7.22399368104035,7.40661787223582,1
531,0,9.75,35,7.40661787223582,7.44052824809122,1
531,0,9.75,35,7.44052824809122,7.64121143621717,1
531,0,9.75,35,7.64121143621717,7.89075064167274,1
531,0,9.75,35,7.89075064167274,8.28357489655134,1
531,0,9.75,35,8.28357489655134,8.34022273696814,1
531,0,9.75,35,8.34022273696814,8.46833799853288,1
531,0,9.75,35,8.46833799853288,8.71114177543274,1
531,0,9.75,35,8.71114177543274,8.84793879553036,1
531,0,9.75,35,8.84793879553036,9.07451108375599,1
531,0,9.75,35,9.07451108375599,9.09004259870715,1
531,0,9.75,35,9.09004259870715,9.1520186918,1
531,0,9.75,35,9.1520186918,9.19967550921706,1
531,0,9.75,35,9.19967550921706,9.39470806841528,1
531,0,9.75,35,9.39470806841528,9.47266961730261,1
531,0,9.75,35,9.47266961730261,9.54274967517803,1
531,0,9.75,35,9.54274967517803,9.75,0
532,0,17.75,36,0,5.04642863953843,1
532,0,17.75,36,5.04642863953843,6.3429123877462,1
532,0,17.75,36,6.3429123877462,6.67327668359021,1
532,0,17.75,36,6.67327668359021,7.38883476767107,1
532,0,17.75,36,7.38883476767107,7.48870066132862,1
532,0,17.75,36,7.48870066132862,7.68411385975734,1
532,0,17.75,36,7.68411385975734,10.2817420544028,1
532,0,17.75,36,10.2817420544028,10.8027470511111,1
532,0,17.75,36,10.8027470511111,11.0202479637947,1
532,0,17.75,36,11.0202479637947,11.0363409401516,1
532,0,17.75,36,11.0363409401516,11.2259581816285,1
532,0,17.75,36,11.2259581816285,11.6196964917991,1
532,0,17.75,36,11.6196964917991,11.7606188183232,1
532,0,17.75,36,11.7606188183232,12.5453658971445,1
532,0,17.75,36,12.5453658971445,12.8570697417234,1
532,0,17.75,36,12.8570697417234,13.0528106994422,1
532,0,17.75,36,13.0528106994422,13.2405258775846,1
532,0,17.75,36,13.2405258775846,13.357902822719,1
532,0,17.75,36,13.357902822719,13.9300341520798,1
532,0,17.75,36,13.9300341520798,14.0603318996143,1
532,0,17.75,36,14.0603318996143,14.461178820694,1
532,0,17.75,36,14.461178820694,14.4948885381805,1
532,0,17.75,36,14.4948885381805,14.5237033234132,1
532,0,17.75,36,14.5237033234132,14.7159441391382,1
532,0,17.75,36,14.7159441391382,15.1867943724751,1
532,0,17.75,36,15.1867943724751,15.320611357242,1
532,0,17.75,36,15.320611357242,15.4957182554901,1
532,0,17.75,36,15.4957182554901,15.6895069786857,1
532,0,17.75,36,15.6895069786857,15.8369213786272,1
532,0,17.75,36,15.8369213786272,15.951831521828,1
532,0,17.75,36,15.951831521828,16.8305645022366,1
532,0,17.75,36,16.8305645022366,16.841399705456,1
532,0,17.75,36,16.841399705456,16.9218752996793,1
532,0,17.75,36,16.9218752996793,16.9778096030275,1
532,0,17.75,36,16.9778096030275,17.6038358837763,1
532,0,17.75,36,17.6038358837763,17.6151602003228,1
532,0,17.75,36,17.6151602003228,17.75,0
533,0,9.75,1,0,2.57957122591294,1
533,0,9.75,1,2.57957122591294,9.75,0
534,0,15.75,1,0,2.89757977110888,1
534,0,15.75,1,2.89757977110888,15.75,0
535,0,16.75,30,0,4.51835776844903,1
535,0,16.75,30,4.51835776844903,5.38587213741498,1
535,0,16.75,30,5.38587213741498,6.12528593671224,1
535,0,16.75,30,6.12528593671224,6.53599330170315,1
535,0,16.75,30,6.53599330170315,8.00887545208862,1
535,0,16.75,30,8.00887545208862,8.69540215886168,1
535,0,16.75,30,8.69540215886168,9.41674449328115,1
535,0,16.75,30,9.41674449328115,9.97149667870823,1
535,0,16.75,30,9.97149667870823,10.0005547142142,1
535,0,16.75,30,10.0005547142142,11.2745147836131,1
535,0,16.75,30,11.2745147836131,11.3249188367278,1
535,0,16.75,30,11.3249188367278,11.5254517090774,1
535,0,16.75,30,11.5254517090774,11.5994834606484,1
535,0,16.75,30,11.5994834606484,12.0928296621245,1
535,0,16.75,30,12.0928296621245,12.4280634397973,1
535,0,16.75,30,12.4280634397973,13.1534587681467,1
535,0,16.75,30,13.1534587681467,13.4875105933969,1
535,0,16.75,30,13.4875105933969,13.9455833498933,1
535,0,16.75,30,13.9455833498933,14.1052953737144,1
535,0,16.75,30,14.1052953737144,14.3316469945477,1
535,0,16.75,30,14.3316469945477,15.458094076531,1
535,0,16.75,30,15.458094076531,15.5192651639107,1
535,0,16.75,30,15.5192651639107,15.6153850695005,1
535,0,16.75,30,15.6153850695005,15.7148526811886,1
535,0,16.75,30,15.7148526811886,15.8554073344973,1
535,0,16.75,30,15.8554073344973,15.9607841179407,1
535,0,16.75,30,15.9607841179407,15.9971910058458,1
535,0,16.75,30,15.9971910058458,16.4209991397217,1
535,0,16.75,30,16.4209991397217,16.441790924081,1
535,0,16.75,30,16.441790924081,16.5794733175337,1
535,0,16.75,30,16.5794733175337,16.75,0
536,0,13.75,0,0,13.75,0
537,0,11.75,1,0,10.4693246335431,1
537,0,11.75,1,10.4693246335431,11.75,0
538,0,11.75,17,0,1.22186497565568,1
538,0,11.75,17,1.22186497565568,2.37487914169988,1
538,0,11.75,17,2.37487914169988,2.89296467663717,1
538,0,11.75,17,2.89296467663717,3.97193379421347,1
538,0,11.75,17,3.97193379421347,4.52419210483091,1
538,0,11.75,17,4.52419210483091,4.90320081478078,1
538,0,11.75,17,4.90320081478078,5.88947095690846,1
538,0,11.75,17,5.88947095690846,6.49750732261812,1
538,0,11.75,17,6.49750732261812,6.68552623436679,1
538,0,11.75,17,6.68552623436679,6.72438668092029,1
538,0,11.75,17,6.72438668092029,7.99854351372174,1
538,0,11.75,17,7.99854351372174,8.24031409734506,1
538,0,11.75,17,8.24031409734506,8.41191572175195,1
538,0,11.75,17,8.41191572175195,9.15948537793981,1
538,0,11.75,17,9.15948537793981,10.3264202247929,1
538,0,11.75,17,10.3264202247929,10.5746857316345,1
538,0,11.75,17,10.5746857316345,10.8694246558115,1
538,0,11.75,17,10.8694246558115,11.75,0
539,0,11.75,13,0,4.86696832126379,1
539,0,11.75,13,4.86696832126379,5.14699983444717,1
539,0,11.75,13,5.14699983444717,5.39612598366875,1
539,0,11.75,13,5.39612598366875,5.98729586285962,1
539,0,11.75,13,5.98729586285962,6.53569750840608,1
539,0,11.75,13,6.53569750840608,6.89688285758039,1
539,0,11.75,13,6.89688285758039,7.53884087405554,1
539,0,11.75,13,7.53884087405554,7.5451541354846,1
539,0,11.75,13,7.5451541354846,8.02174096296011,1
539,0,11.75,13,8.02174096296011,9.24932938384957,1
539,0,11.75,13,9.24932938384957,9.38592877483975,1
539,0,11.75,13,9.38592877483975,10.340090481789,1
539,0,11.75,13,10.340090481789,10.399616829181,1
539,0,11.75,13,10.399616829181,11.75,0
540,0,16.75,109,0,3.09531844592359,1
540,0,16.75,109,3.09531844592359,3.3361096556524,1
540,0,16.75,109,3.3361096556524,4.42078600509428,1
540,0,16.75,109,4.42078600509428,5.30620627141164,1
540,0,16.75,109,5.30620627141164,5.39742742597235,1
540,0,16.75,109,5.39742742597235,5.61066132900942,1
540,0,16.75,109,5.61066132900942,5.71129982499765,1
540,0,16.75,109,5.71129982499765,5.76679338732027,1
540,0,16.75,109,5.76679338732027,6.36843877810397,1
540,0,16.75,109,6.36843877810397,6.43466589961263,1
540,0,16.75,109,6.43466589961263,6.51340327573978,1
540,0,16.75,109,6.51340327573978,6.52095736059703,1
540,0,16.75,109,6.52095736059703,6.60981536303411,1
540,0,16.75,109,6.60981536303411,6.70629085911441,1
540,0,16.75,109,6.70629085911441,6.85613043253247,1
540,0,16.75,109,6.85613043253247,7.16273507609183,1
540,0,16.75,109,7.16273507609183,7.22614905308738,1
540,0,16.75,109,7.22614905308738,7.54936708315266,1
540,0,16.75,109,7.54936708315266,7.65611813993405,1
540,0,16.75,109,7.65611813993405,7.73337918596685,1
540,0,16.75,109,7.73337918596685,7.74706447802508,1
540,0,16.75,109,7.74706447802508,8.02727595027548,1
540,0,16.75,109,8.02727595027548,8.63102624052755,1
540,0,16.75,109,8.63102624052755,8.82557208434837,1
540,0,16.75,109,8.82557208434837,8.91761922122943,1
540,0,16.75,109,8.91761922122943,9.02355979167528,1
540,0,16.75,109,9.02355979167528,9.06069820134625,1
540,0,16.75,109,9.06069820134625,9.19271885580965,1
540,0,16.75,109,9.19271885580965,9.32867820661909,1
540,0,16.75,109,9.32867820661909,9.40495320817586,1
540,0,16.75,109,9.40495320817586,9.43081150011046,1
540,0,16.75,109,9.43081150011046,9.7613445820518,1
540,0,16.75,109,9.7613445820518,10.0963020686993,1
540,0,16.75,109,10.0963020686993,10.6479393286068,1
540,0,16.75,109,10.6479393286068,10.6649887542835,1
540,0,16.75,109,10.6649887542835,10.7597104825577,1
540,0,16.75,109,10.7597104825577,10.7850283261316,1
540,0,16.75,109,10.7850283261316,10.7978897745073,1
540,0,16.75,109,10.7978897745073,11.1713432925514,1
540,0,16.75,109,11.1713432925514,11.1954914015388,1
540,0,16.75,109,11.1954914015388,11.2341708121438,1
540,0,16.75,109,11.2341708121438,11.2817819657106,1
540,0,16.75,109,11.2817819657106,11.3366776788019,1
540,0,16.75,109,11.3366776788019,11.5917725344397,1
540,0,16.75,109,11.5917725344397,11.813101784925,1
540,0,16.75,109,11.813101784925,12.036073743732,1
540,0,16.75,109,12.036073743732,12.0585895347851,1
540,0,16.75,109,12.0585895347851,12.1408591080048,1
540,0,16.75,109,12.1408591080048,12.1871839887128,1
540,0,16.75,109,12.1871839887128,12.3725371073143,1
540,0,16.75,109,12.3725371073143,12.4132398423036,1
540,0,16.75,109,12.4132398423036,12.4263880941216,1
540,0,16.75,109,12.4263880941216,12.5434051081697,1
540,0,16.75,109,12.5434051081697,12.6157108867,1
540,0,16.75,109,12.6157108867,12.7070595989563,1
540,0,16.75,109,12.7070595989563,12.9583901078772,1
540,0,16.75,109,12.9583901078772,12.9901971119014,1
540,0,16.75,109,12.9901971119014,12.998461596184,1
540,0,16.75,109,12.998461596184,13.2493693859833,1
540,0,16.75,109,13.2493693859833,13.2637749577554,1
540,0,16.75,109,13.2637749577554,13.8075996053038,1
540,0,16.75,109,13.8075996053038,13.9064568234384,1
540,0,16.75,109,13.9064568234384,13.9814002466005,1
540,0,16.75,109,13.9814002466005,14.0074710826349,1
540,0,16.75,109,14.0074710826349,14.1293327772437,1
540,0,16.75,109,14.1293327772437,14.1308298489767,1
540,0,16.75,109,14.1308298489767,14.1728963473455,1
540,0,16.75,109,14.1728963473455,14.2651200584881,1
540,0,16.75,109,14.2651200584881,14.3024488705071,1
540,0,16.75,109,14.3024488705071,14.3403430639469,1
540,0,16.75,109,14.3403430639469,14.4010928921914,1
540,0,16.75,109,14.4010928921914,14.4383428009811,1
540,0,16.75,109,14.4383428009811,14.5018788973914,1
540,0,16.75,109,14.5018788973914,14.5069085052083,1
540,0,16.75,109,14.5069085052083,14.5650478183265,1
540,0,16.75,109,14.5650478183265,14.6971643743729,1
540,0,16.75,109,14.6971643743729,14.7192963962845,1
540,0,16.75,109,14.7192963962845,14.8063967729313,1
540,0,16.75,109,14.8063967729313,14.8235023923257,1
540,0,16.75,109,14.8235023923257,14.9618247440902,1
540,0,16.75,109,14.9618247440902,15.0230749224948,1
540,0,16.75,109,15.0230749224948,15.2181017251025,1
540,0,16.75,109,15.2181017251025,15.2874290236839,1
540,0,16.75,109,15.2874290236839,15.3016908119036,1
540,0,16.75,109,15.3016908119036,15.4151499077276,1
540,0,16.75,109,15.4151499077276,15.4506119095411,1
540,0,16.75,109,15.4506119095411,15.4684744882191,1
540,0,16.75,109,15.4684744882191,15.4981406247892,1
540,0,16.75,109,15.4981406247892,15.509293367693,1
540,0,16.75,109,15.509293367693,15.5840235754989,1
540,0,16.75,109,15.5840235754989,15.6252470065377,1
540,0,16.75,109,15.6252470065377,15.639901952843,1
540,0,16.75,109,15.639901952843,15.7298783300254,1
540,0,16.75,109,15.7298783300254,15.908351395369,1
540,0,16.75,109,15.908351395369,15.9396182448341,1
540,0,16.75,109,15.9396182448341,15.9577341531027,1
540,0,16.75,109,15.9577341531027,16.0070330694023,1
540,0,16.75,109,16.0070330694023,16.260319792643,1
540,0,16.75,109,16.260319792643,16.3000975254324,1
540,0,16.75,109,16.3000975254324,16.3269411127054,1
540,0,16.75,109,16.3269411127054,16.429836493476,1
540,0,16.75,109,16.429836493476,16.4315045599073,1
540,0,16.75,109,16.4315045599073,16.4928668046251,1
540,0,16.75,109,16.4928668046251,16.5463938970254,1
540,0,16.75,109,16.5463938970254,16.5922112487337,1
540,0,16.75,109,16.5922112487337,16.6311941406375,1
540,0,16.75,109,16.6311941406375,16.6325355012913,1
540,0,16.75,109,16.6325355012913,16.7049054940843,1
540,0,16.75,109,16.7049054940843,16.7235541837814,1
540,0,16.75,109,16.7235541837814,16.75,0
541,0,15.75,0,0,15.75,0
542,0,17.75,2,0,1.04670495895799,1
542,0,17.75,2,1.04670495895799,3.32144335281238,1
542,0,17.75,2,3.32144335281238,17.75,0
543,0,19.75,4,0,0.0115342587937425,1
543,0,19.75,4,0.0115342587937425,0.303977981498126,1
543,0,19.75,4,0.303977981498126,0.68259526357039,1
543,0,19.75,4,0.68259526357039,5.15400313122432,1
543,0,19.75,4,5.15400313122432,19.75,0
544,0,11.75,34,0,2.64637965684187,1
544,0,11.75,34,2.64637965684187,4.69509396378216,1
544,0,11.75,34,4.69509396378216,5.24403441572269,1
544,0,11.75,34,5.24403441572269,5.53148446717257,1
544,0,11.75,34,5.53148446717257,5.60771014849306,1
544,0,11.75,34,5.60771014849306,5.86623850402947,1
544,0,11.75,34,5.86623850402947,6.06040661726801,1
544,0,11.75,34,6.06040661726801,6.46525505493111,1
544,0,11.75,34,6.46525505493111,7.0313855255545,1
544,0,11.75,34,7.0313855255545,7.04027944527801,1
544,0,11.75,34,7.04027944527801,7.05604928874943,1
544,0,11.75,34,7.05604928874943,7.11233623293026,1
544,0,11.75,34,7.11233623293026,7.59426106367721,1
544,0,11.75,34,7.59426106367721,7.72571563862336,1
544,0,11.75,34,7.72571563862336,7.82170403684521,1
544,0,11.75,34,7.82170403684521,7.93530334233406,1
544,0,11.75,34,7.93530334233406,8.14871617824028,1
544,0,11.75,34,8.14871617824028,8.17498642387217,1
544,0,11.75,34,8.17498642387217,8.26672063929731,1
544,0,11.75,34,8.26672063929731,8.4686274237873,1
544,0,11.75,34,8.4686274237873,8.60188550828888,1
544,0,11.75,34,8.60188550828888,8.94525962943229,1
544,0,11.75,34,8.94525962943229,8.95392726522113,1
544,0,11.75,34,8.95392726522113,9.42042664551989,1
544,0,11.75,34,9.42042664551989,9.74636166313081,1
544,0,11.75,34,9.74636166313081,10.2280876622868,1
544,0,11.75,34,10.2280876622868,10.41871713526,1
544,0,11.75,34,10.41871713526,10.4509216054305,1
544,0,11.75,34,10.4509216054305,10.4999636657712,1
544,0,11.75,34,10.4999636657712,10.5193591918938,1
544,0,11.75,34,10.5193591918938,10.9437045891217,1
544,0,11.75,34,10.9437045891217,11.3839942218206,1
544,0,11.75,34,11.3839942218206,11.4758663831335,1
544,0,11.75,34,11.4758663831335,11.5965947067337,1
544,0,11.75,34,11.5965947067337,11.75,0
545,0,8.75,12,0,4.11746342609207,1
545,0,8.75,12,4.11746342609207,4.44314146783711,1
545,0,8.75,12,4.44314146783711,5.82426866054904,1
545,0,8.75,12,5.82426866054904,6.00235315774993,1
545,0,8.75,12,6.00235315774993,7.02583321065688,1
545,0,8.75,12,7.02583321065688,7.40622789439447,1
545,0,8.75,12,7.40622789439447,7.41854038338354,1
545,0,8.75,12,7.41854038338354,7.46832380208796,1
545,0,8.75,12,7.46832380208796,7.62820764494488,1
545,0,8.75,12,7.62820764494488,7.76638484079363,1
545,0,8.75,12,7.76638484079363,8.17139538957645,1
545,0,8.75,12,8.17139538957645,8.73683950541027,1
545,0,8.75,12,8.73683950541027,8.75,0
546,0,15.75,41,0,2.15628362636033,1
546,0,15.75,41,2.15628362636033,4.97310570574559,1
546,0,15.75,41,4.97310570574559,5.07081118767334,1
546,0,15.75,41,5.07081118767334,5.09609777157548,1
546,0,15.75,41,5.09609777157548,5.36237947395695,1
546,0,15.75,41,5.36237947395695,5.56207858631803,1
546,0,15.75,41,5.56207858631803,5.84118037743591,1
546,0,15.75,41,5.84118037743591,6.03538779130544,1
546,0,15.75,41,6.03538779130544,6.46588894744235,1
546,0,15.75,41,6.46588894744235,6.61305596828531,1
546,0,15.75,41,6.61305596828531,6.8687266708046,1
546,0,15.75,41,6.8687266708046,7.55702644528615,1
546,0,15.75,41,7.55702644528615,8.07840221461778,1
546,0,15.75,41,8.07840221461778,9.41034125618158,1
546,0,15.75,41,9.41034125618158,9.4490908565928,1
546,0,15.75,41,9.4490908565928,9.64834411600136,1
546,0,15.75,41,9.64834411600136,9.74777651856602,1
546,0,15.75,41,9.74777651856602,10.0267533699823,1
546,0,15.75,41,10.0267533699823,10.0348321925994,1
546,0,15.75,41,10.0348321925994,10.0754853317685,1
546,0,15.75,41,10.0754853317685,10.1078531595686,1
546,0,15.75,41,10.1078531595686,10.4066094303492,1
546,0,15.75,41,10.4066094303492,10.8185455708831,1
546,0,15.75,41,10.8185455708831,10.9531586616013,1
546,0,15.75,41,10.9531586616013,11.8968625678886,1
546,0,15.75,41,11.8968625678886,11.9436105581731,1
546,0,15.75,41,11.9436105581731,12.1534214188766,1
546,0,15.75,41,12.1534214188766,12.7764004387959,1
546,0,15.75,41,12.7764004387959,12.9380364275278,1
546,0,15.75,41,12.9380364275278,13.0631643190003,1
546,0,15.75,41,13.0631643190003,13.3191793910424,1
546,0,15.75,41,13.3191793910424,13.4920190302769,1
546,0,15.75,41,13.4920190302769,14.0439576800391,1
546,0,15.75,41,14.0439576800391,14.2117837830128,1
546,0,15.75,41,14.2117837830128,14.4651494162927,1
546,0,15.75,41,14.4651494162927,14.5532849914995,1
546,0,15.75,41,14.5532849914995,14.7982325282572,1
546,0,15.75,41,14.7982325282572,14.9437610147514,1
546,0,15.75,41,14.9437610147514,15.1772070964937,1
546,0,15.75,41,15.1772070964937,15.2899865592653,1
546,0,15.75,41,15.2899865592653,15.6694111511138,1
546,0,15.75,41,15.6694111511138,15.75,0
547,0,15.75,30,0,3.87775961459523,1
547,0,15.75,30,3.87775961459523,4.08600261642302,1
547,0,15.75,30,4.08600261642302,4.32146189187893,1
547,0,15.75,30,4.32146189187893,5.03521831265512,1
547,0,15.75,30,5.03521831265512,5.81879333074827,1
547,0,15.75,30,5.81879333074827,7.89739815931401,1
547,0,15.75,30,7.89739815931401,8.34760814754965,1
547,0,15.75,30,8.34760814754965,10.4385396795939,1
547,0,15.75,30,10.4385396795939,10.5821703414912,1
547,0,15.75,30,10.5821703414912,10.6232680038901,1
547,0,15.75,30,10.6232680038901,11.1546855674456,1
547,0,15.75,30,11.1546855674456,11.1625343596761,1
547,0,15.75,30,11.1625343596761,11.3554824156995,1
547,0,15.75,30,11.3554824156995,12.3184689932231,1
547,0,15.75,30,12.3184689932231,12.3726680929017,1
547,0,15.75,30,12.3726680929017,12.40709280206,1
547,0,15.75,30,12.40709280206,12.4794228241012,1
547,0,15.75,30,12.4794228241012,12.5685897672912,1
547,0,15.75,30,12.5685897672912,12.7617519207234,1
547,0,15.75,30,12.7617519207234,13.0167986471929,1
547,0,15.75,30,13.0167986471929,13.0740466626037,1
547,0,15.75,30,13.0740466626037,13.1187602350897,1
547,0,15.75,30,13.1187602350897,13.3454791537951,1
547,0,15.75,30,13.3454791537951,13.7559736285188,1
547,0,15.75,30,13.7559736285188,14.2577817126534,1
547,0,15.75,30,14.2577817126534,14.9032887793362,1
547,0,15.75,30,14.9032887793362,14.943410847136,1
547,0,15.75,30,14.943410847136,15.0715225810125,1
547,0,15.75,30,15.0715225810125,15.3508982956737,1
547,0,15.75,30,15.3508982956737,15.3925663233345,1
547,0,15.75,30,15.3925663233345,15.75,0
548,0,19.75,35,0,4.00752711663084,1
548,0,19.75,35,4.00752711663084,6.1034118579568,1
548,0,19.75,35,6.1034118579568,6.561142898531,1
548,0,19.75,35,6.561142898531,8.39047864600082,1
548,0,19.75,35,8.39047864600082,9.93270823802279,1
548,0,19.75,35,9.93270823802279,10.2978703734858,1
548,0,19.75,35,10.2978703734858,13.3347487507577,1
548,0,19.75,35,13.3347487507577,13.4333881831696,1
548,0,19.75,35,13.4333881831696,13.4703149265306,1
548,0,19.75,35,13.4703149265306,13.5161138632337,1
548,0,19.75,35,13.5161138632337,13.6530752765641,1
548,0,19.75,35,13.6530752765641,13.7823103539992,1
548,0,19.75,35,13.7823103539992,14.256259964987,1
548,0,19.75,35,14.256259964987,14.4693591350334,1
548,0,19.75,35,14.4693591350334,14.4808769984245,1
548,0,19.75,35,14.4808769984245,14.592632297746,1
548,0,19.75,35,14.592632297746,14.6610764105477,1
548,0,19.75,35,14.6610764105477,14.9348866642951,1
548,0,19.75,35,14.9348866642951,14.9906405880267,1
548,0,19.75,35,14.9906405880267,15.6933064394102,1
548,0,19.75,35,15.6933064394102,15.8822879036142,1
548,0,19.75,35,15.8822879036142,15.9539095410835,1
548,0,19.75,35,15.9539095410835,16.0996416189473,1
548,0,19.75,35,16.0996416189473,16.6994895079316,1
548,0,19.75,35,16.6994895079316,16.852361308956,1
548,0,19.75,35,16.852361308956,16.996649617514,1
548,0,19.75,35,16.996649617514,17.4342992060838,1
548,0,19.75,35,17.4342992060838,17.4355116337301,1
548,0,19.75,35,17.4355116337301,18.3567167808469,1
548,0,19.75,35,18.3567167808469,18.4920543361353,1
548,0,19.75,35,18.4920543361353,18.7829580001912,1
548,0,19.75,35,18.7829580001912,18.8957926866046,1
548,0,19.75,35,18.8957926866046,18.9881353875129,1
548,0,19.75,35,18.9881353875129,19.191809864495,1
548,0,19.75,35,19.191809864495,19.294316110412,1
548,0,19.75,35,19.294316110412,19.75,0
549,0,15.75,38,0,2.43101108854686,1
549,0,15.75,38,2.43101108854686,4.12048763297892,1
549,0,15.75,38,4.12048763297892,4.47995168330037,1
549,0,15.75,38,4.47995168330037,4.58348065202881,1
549,0,15.75,38,4.58348065202881,5.07878824191955,1
549,0,15.75,38,5.07878824191955,6.56847192372717,1
549,0,15.75,38,6.56847192372717,6.98674424347168,1
549,0,15.75,38,6.98674424347168,6.99740522342201,1
549,0,15.75,38,6.99740522342201,7.33300312432249,1
549,0,15.75,38,7.33300312432249,7.99160192539169,1
549,0,15.75,38,7.99160192539169,9.02003253974454,1
549,0,15.75,38,9.02003253974454,9.04547870883227,1
549,0,15.75,38,9.04547870883227,9.28346163722761,1
549,0,15.75,38,9.28346163722761,9.98615206469807,1
549,0,15.75,38,9.98615206469807,10.2930215912623,1
549,0,15.75,38,10.2930215912623,10.4414175944228,1
549,0,15.75,38,10.4414175944228,10.6513612422817,1
549,0,15.75,38,10.6513612422817,11.6828427489214,1
549,0,15.75,38,11.6828427489214,11.7403469696262,1
549,0,15.75,38,11.7403469696262,11.7456591115877,1
549,0,15.75,38,11.7456591115877,12.4425271381761,1
549,0,15.75,38,12.4425271381761,12.680943971375,1
549,0,15.75,38,12.680943971375,13.5079574718793,1
549,0,15.75,38,13.5079574718793,13.5217245912812,1
549,0,15.75,38,13.5217245912812,13.6028568083097,1
549,0,15.75,38,13.6028568083097,13.6320639707229,1
549,0,15.75,38,13.6320639707229,13.8121297903566,1
549,0,15.75,38,13.8121297903566,13.9382734065789,1
549,0,15.75,38,13.9382734065789,14.0725678810814,1
549,0,15.75,38,14.0725678810814,14.2132458269904,1
549,0,15.75,38,14.2132458269904,14.4675503892765,1
549,0,15.75,38,14.4675503892765,14.6071367684008,1
549,0,15.75,38,14.6071367684008,14.7783661622812,1
549,0,15.75,38,14.7783661622812,14.8324879519985,1
549,0,15.75,38,14.8324879519985,14.8829363811538,1
549,0,15.75,38,14.8829363811538,15.1932016740061,1
549,0,15.75,38,15.1932016740061,15.3578976678153,1
549,0,15.75,38,15.3578976678153,15.6893908373816,1
549,0,15.75,38,15.6893908373816,15.75,0
550,0,12.75,26,0,2.50330572794857,1
550,0,12.75,26,2.50330572794857,5.48232839183503,1
550,0,12.75,26,5.48232839183503,6.23417028458095,1
550,0,12.75,26,6.23417028458095,6.32694501448265,1
550,0,12.75,26,6.32694501448265,6.7697258695255,1
550,0,12.75,26,6.7697258695255,7.22756121770585,1
550,0,12.75,26,7.22756121770585,7.45902865339474,1
550,0,12.75,26,7.45902865339474,8.96682483168783,1
550,0,12.75,26,8.96682483168783,9.14831938236806,1
550,0,12.75,26,9.14831938236806,9.22766772314443,1
550,0,12.75,26,9.22766772314443,9.42689352331149,1
550,0,12.75,26,9.42689352331149,9.85292478025398,1
550,0,12.75,26,9.85292478025398,10.0065702562493,1
550,0,12.75,26,10.0065702562493,10.1044574668138,1
550,0,12.75,26,10.1044574668138,10.3881396146587,1
550,0,12.75,26,10.3881396146587,10.6290119555585,1
550,0,12.75,26,10.6290119555585,11.3276568768187,1
550,0,12.75,26,11.3276568768187,11.4825022512481,1
550,0,12.75,26,11.4825022512481,11.6978349515013,1
550,0,12.75,26,11.6978349515013,11.9009159836302,1
550,0,12.75,26,11.9009159836302,11.9318731111918,1
550,0,12.75,26,11.9318731111918,12.2531494338724,1
550,0,12.75,26,12.2531494338724,12.4306709889438,1
550,0,12.75,26,12.4306709889438,12.4833344198953,1
550,0,12.75,26,12.4833344198953,12.607607756003,1
550,0,12.75,26,12.607607756003,12.7245374511075,1
550,0,12.75,26,12.7245374511075,12.75,0
551,0,17.75,1,0,1.28655470195862,1
551,0,17.75,1,1.28655470195862,17.75,0
552,0,7.75,0,0,7.75,0
553,0,12.75,0,0,12.75,0
554,0,16.75,19,0,2.76425093966428,1
554,0,16.75,19,2.76425093966428,5.6295798812972,1
554,0,16.75,19,5.6295798812972,8.78394061681924,1
554,0,16.75,19,8.78394061681924,9.93779543430688,1
554,0,16.75,19,9.93779543430688,10.1246257518268,1
554,0,16.75,19,10.1246257518268,10.4510391053844,1
554,0,16.75,19,10.4510391053844,10.5265382821187,1
554,0,16.75,19,10.5265382821187,10.9640938696431,1
554,0,16.75,19,10.9640938696431,11.300196329339,1
554,0,16.75,19,11.300196329339,11.4051416977801,1
554,0,16.75,19,11.4051416977801,12.4645723303276,1
554,0,16.75,19,12.4645723303276,12.4728969653746,1
554,0,16.75,19,12.4728969653746,13.5927433583101,1
554,0,16.75,19,13.5927433583101,14.0507690635911,1
554,0,16.75,19,14.0507690635911,14.4270561543839,1
554,0,16.75,19,14.4270561543839,15.5045457649889,1
554,0,16.75,19,15.5045457649889,15.6226013079333,1
554,0,16.75,19,15.6226013079333,16.1946058794307,1
554,0,16.75,19,16.1946058794307,16.5687164405008,1
554,0,16.75,19,16.5687164405008,16.75,0
555,0,13.75,3,0,0.131073331292707,1
555,0,13.75,3,0.131073331292707,1.37226640350149,1
555,0,13.75,3,1.37226640350149,9.49387587561898,1
555,0,13.75,3,9.49387587561898,13.75,0
556,0,17.75,2,0,10.7954358555399,1
556,0,17.75,2,10.7954358555399,15.6136542397187,1
556,0,17.75,2,15.6136542397187,17.75,0
557,0,15.75,2,0,0.204308038541786,1
557,0,15.75,2,0.204308038541786,2.4642208861642,1
557,0,15.75,2,2.4642208861642,15.75,0
558,0,12.75,1,0,7.23577886968428,1
558,0,12.75,1,7.23577886968428,12.75,0
559,0,8.75,8,0,2.74690163290174,1
559,0,8.75,8,2.74690163290174,3.47606129979202,1
559,0,8.75,8,3.47606129979202,5.22393733901803,1
559,0,8.75,8,5.22393733901803,6.16352528312003,1
559,0,8.75,8,6.16352528312003,6.31680947276061,1
559,0,8.75,8,6.31680947276061,6.39448162756082,1
559,0,8.75,8,6.39448162756082,7.17223101399023,1
559,0,8.75,8,7.17223101399023,8.54906239677836,1
559,0,8.75,8,8.54906239677836,8.75,0
560,0,9.75,0,0,9.75,0
561,0,18.75,46,0,2.04913427203044,1
561,0,18.75,46,2.04913427203044,2.5414047235219,1
561,0,18.75,46,2.5414047235219,4.16904133296457,1
561,0,18.75,46,4.16904133296457,5.26140526901453,1
561,0,18.75,46,5.26140526901453,5.32613966295616,1
561,0,18.75,46,5.32613966295616,7.12932677941174,1
561,0,18.75,46,7.12932677941174,7.57023989633918,1
561,0,18.75,46,7.57023989633918,7.85103947670351,1
561,0,18.75,46,7.85103947670351,8.23668154566219,1
561,0,18.75,46,8.23668154566219,8.35079976575444,1
561,0,18.75,46,8.35079976575444,8.62456485495356,1
561,0,18.75,46,8.62456485495356,9.03527573216384,1
561,0,18.75,46,9.03527573216384,9.56560423406084,1
561,0,18.75,46,9.56560423406084,9.69715187716207,1
561,0,18.75,46,9.69715187716207,9.8362721979705,1
561,0,18.75,46,9.8362721979705,9.90703510691358,1
561,0,18.75,46,9.90703510691358,9.94100338388416,1
561,0,18.75,46,9.94100338388416,10.2136289899072,1
561,0,18.75,46,10.2136289899072,10.3842510092225,1
561,0,18.75,46,10.3842510092225,11.2138363787894,1
561,0,18.75,46,11.2138363787894,12.2408956391668,1
561,0,18.75,46,12.2408956391668,12.3419476724292,1
561,0,18.75,46,12.3419476724292,12.9015945971829,1
561,0,18.75,46,12.9015945971829,13.112753208242,1
561,0,18.75,46,13.112753208242,13.3426757986336,1
561,0,18.75,46,13.3426757986336,13.7393383267379,1
561,0,18.75,46,13.7393383267379,14.7703121393023,1
561,0,18.75,46,14.7703121393023,15.2134115469965,1
561,0,18.75,46,15.2134115469965,15.3930438979972,1
561,0,18.75,46,15.3930438979972,15.5274651304079,1
561,0,18.75,46,15.5274651304079,16.0315912759699,1
561,0,18.75,46,16.0315912759699,16.7880314506383,1
561,0,18.75,46,16.7880314506383,16.7959637788752,1
561,0,18.75,46,16.7959637788752,16.9330641593096,1
561,0,18.75,46,16.9330641593096,16.9381092662924,1
561,0,18.75,46,16.9381092662924,17.0061221907973,1
561,0,18.75,46,17.0061221907973,17.2547046106951,1
561,0,18.75,46,17.2547046106951,17.4936380434417,1
561,0,18.75,46,17.4936380434417,17.6757287196989,1
561,0,18.75,46,17.6757287196989,17.7463414540407,1
561,0,18.75,46,17.7463414540407,17.8396906369443,1
561,0,18.75,46,17.8396906369443,17.8493826550377,1
561,0,18.75,46,17.8493826550377,18.0918416605738,1
561,0,18.75,46,18.0918416605738,18.4411275970745,1
561,0,18.75,46,18.4411275970745,18.531536872578,1
561,0,18.75,46,18.531536872578,18.7473462277872,1
561,0,18.75,46,18.7473462277872,18.75,0
562,0,15.75,42,0,2.10571168488965,1
562,0,15.75,42,2.10571168488965,5.2195448394309,1
562,0,15.75,42,5.2195448394309,6.14939873622556,1
562,0,15.75,42,6.14939873622556,6.22922481401764,1
562,0,15.75,42,6.22922481401764,6.23780553514458,1
562,0,15.75,42,6.23780553514458,7.47396806394616,1
562,0,15.75,42,7.47396806394616,8.17067859598061,1
562,0,15.75,42,8.17067859598061,8.26869724467162,1
562,0,15.75,42,8.26869724467162,8.38077510735646,1
562,0,15.75,42,8.38077510735646,9.54349032786205,1
562,0,15.75,42,9.54349032786205,9.74676064971539,1
562,0,15.75,42,9.74676064971539,10.0872074765876,1
562,0,15.75,42,10.0872074765876,10.1843847399353,1
562,0,15.75,42,10.1843847399353,11.509680063521,1
562,0,15.75,42,11.509680063521,11.7124107387797,1
562,0,15.75,42,11.7124107387797,12.1350544948079,1
562,0,15.75,42,12.1350544948079,12.1611865213708,1
562,0,15.75,42,12.1611865213708,12.6573102135564,1
562,0,15.75,42,12.6573102135564,12.6676134556828,1
562,0,15.75,42,12.6676134556828,12.8529200764412,1
562,0,15.75,42,12.8529200764412,12.9680061951489,1
562,0,15.75,42,12.9680061951489,13.0250925229122,1
562,0,15.75,42,13.0250925229122,13.4981962744966,1
562,0,15.75,42,13.4981962744966,13.5019418618446,1
562,0,15.75,42,13.5019418618446,13.5415250265414,1
562,0,15.75,42,13.5415250265414,13.5892868683891,1
562,0,15.75,42,13.5892868683891,13.6639991826435,1
562,0,15.75,42,13.6639991826435,13.7232506037292,1
562,0,15.75,42,13.7232506037292,14.0329976628816,1
562,0,15.75,42,14.0329976628816,14.1013778856747,1
562,0,15.75,42,14.1013778856747,14.3691656131585,1
562,0,15.75,42,14.3691656131585,14.379637246527,1
562,0,15.75,42,14.379637246527,14.3889532754821,1
562,0,15.75,42,14.3889532754821,14.506481467313,1
562,0,15.75,42,14.506481467313,14.6903733206098,1
562,0,15.75,42,14.6903733206098,14.8322889162479,1
562,0,15.75,42,14.8322889162479,14.89156209271,1
562,0,15.75,42,14.89156209271,14.9147531295963,1
562,0,15.75,42,14.9147531295963,15.0273661919461,1
562,0,15.75,42,15.0273661919461,15.242062984249,1
562,0,15.75,42,15.242062984249,15.713067953241,1
562,0,15.75,42,15.713067953241,15.7470051593808,1
562,0,15.75,42,15.7470051593808,15.75,0
563,0,18.75,2,0,1.69758524691747,1
563,0,18.75,2,1.69758524691747,2.01257036368901,1
563,0,18.75,2,2.01257036368901,18.75,0
564,0,15.75,4,0,6.35754076158447,1
564,0,15.75,4,6.35754076158447,6.43047537765848,1
564,0,15.75,4,6.43047537765848,8.63545583393878,1
564,0,15.75,4,8.63545583393878,11.6460965807482,1
564,0,15.75,4,11.6460965807482,15.75,0
565,0,15.75,2,0,0.164397397621323,1
565,0,15.75,2,0.164397397621323,6.9159060498542,1
565,0,15.75,2,6.9159060498542,15.75,0
566,0,15.75,1,0,3.87959013335429,1
566,0,15.75,1,3.87959013335429,15.75,0
567,0,15.75,29,0,4.42780219440645,1
567,0,15.75,29,4.42780219440645,6.13914795922074,1
567,0,15.75,29,6.13914795922074,6.28536315304904,1
567,0,15.75,29,6.28536315304904,7.2115935421374,1
567,0,15.75,29,7.2115935421374,8.05439587408682,1
567,0,15.75,29,8.05439587408682,8.59140116555327,1
567,0,15.75,29,8.59140116555327,9.38898253517824,1
567,0,15.75,29,9.38898253517824,9.50839913606591,1
567,0,15.75,29,9.50839913606591,9.57530940038753,1
567,0,15.75,29,9.57530940038753,9.80625665735993,1
567,0,15.75,29,9.80625665735993,11.2321831792956,1
567,0,15.75,29,11.2321831792956,11.4400466964365,1
567,0,15.75,29,11.4400466964365,11.5373883641524,1
567,0,15.75,29,11.5373883641524,12.1296921326497,1
567,0,15.75,29,12.1296921326497,12.3419147137768,1
567,0,15.75,29,12.3419147137768,12.3665869598379,1
567,0,15.75,29,12.3665869598379,12.5023509212231,1
567,0,15.75,29,12.5023509212231,12.5474048834182,1
567,0,15.75,29,12.5474048834182,12.6593575538824,1
567,0,15.75,29,12.6593575538824,12.916346395117,1
567,0,15.75,29,12.916346395117,13.5949571798752,1
567,0,15.75,29,13.5949571798752,14.0527191836764,1
567,0,15.75,29,14.0527191836764,14.1857749780859,1
567,0,15.75,29,14.1857749780859,14.4197605771192,1
567,0,15.75,29,14.4197605771192,14.4399155339118,1
567,0,15.75,29,14.4399155339118,14.6328974558903,1
567,0,15.75,29,14.6328974558903,15.1479904063193,1
567,0,15.75,29,15.1479904063193,15.3610704620449,1
567,0,15.75,29,15.3610704620449,15.6930267881035,1
567,0,15.75,29,15.6930267881035,15.75,0
568,0,12.75,16,0,2.19665306210396,1
568,0,12.75,16,2.19665306210396,2.64923536754462,1
568,0,12.75,16,2.64923536754462,3.70300050632172,1
568,0,12.75,16,3.70300050632172,6.29199340302005,1
568,0,12.75,16,6.29199340302005,7.37493122771012,1
568,0,12.75,16,7.37493122771012,8.04408974919176,1
568,0,12.75,16,8.04408974919176,8.05201700622396,1
568,0,12.75,16,8.05201700622396,9.35579300014441,1
568,0,12.75,16,9.35579300014441,10.3009598992889,1
568,0,12.75,16,10.3009598992889,10.509964910185,1
568,0,12.75,16,10.509964910185,11.2056241052097,1
568,0,12.75,16,11.2056241052097,11.4089119200647,1
568,0,12.75,16,11.4089119200647,11.5215629876605,1
568,0,12.75,16,11.5215629876605,12.0383834431795,1
568,0,12.75,16,12.0383834431795,12.0555408172592,1
568,0,12.75,16,12.0555408172592,12.0937125902422,1
568,0,12.75,16,12.0937125902422,12.75,0
569,0,15.75,1,0,5.67842600647971,1
569,0,15.75,1,5.67842600647971,15.75,0
570,0,14.75,3,0,1.39965024940472,1
570,0,14.75,3,1.39965024940472,12.5898063954975,1
570,0,14.75,3,12.5898063954975,14.448411953842,1
570,0,14.75,3,14.448411953842,14.75,0
571,0,11.75,5,0,1.32100652783019,1
571,0,11.75,5,1.32100652783019,3.14889624161103,1
571,0,11.75,5,3.14889624161103,4.93635332829001,1
571,0,11.75,5,4.93635332829001,7.91197290957594,1
571,0,11.75,5,7.91197290957594,8.91982551232665,1
571,0,11.75,5,8.91982551232665,11.75,0
572,0,17.75,26,0,2.62018194772587,1
572,0,17.75,26,2.62018194772587,6.14935558617802,1
572,0,17.75,26,6.14935558617802,6.40073272815096,1
572,0,17.75,26,6.40073272815096,8.20218800475953,1
572,0,17.75,26,8.20218800475953,8.25269205725445,1
572,0,17.75,26,8.25269205725445,9.82882047800238,1
572,0,17.75,26,9.82882047800238,10.366236008979,1
572,0,17.75,26,10.366236008979,10.6237629605386,1
572,0,17.75,26,10.6237629605386,11.0948309458987,1
572,0,17.75,26,11.0948309458987,11.499636475149,1
572,0,17.75,26,11.499636475149,12.1584742560921,1
572,0,17.75,26,12.1584742560921,13.0033044669177,1
572,0,17.75,26,13.0033044669177,13.9603195316294,1
572,0,17.75,26,13.9603195316294,13.9934338274244,1
572,0,17.75,26,13.9934338274244,14.2086029825735,1
572,0,17.75,26,14.2086029825735,14.5610579665251,1
572,0,17.75,26,14.5610579665251,14.8274687244986,1
572,0,17.75,26,14.8274687244986,14.8970027982456,1
572,0,17.75,26,14.8970027982456,15.4754087017178,1
572,0,17.75,26,15.4754087017178,15.740989708933,1
572,0,17.75,26,15.740989708933,15.8071573877847,1
572,0,17.75,26,15.8071573877847,15.9923698277304,1
572,0,17.75,26,15.9923698277304,16.8968887164078,1
572,0,17.75,26,16.8968887164078,17.2866153143834,1
572,0,17.75,26,17.2866153143834,17.4998893734038,1
572,0,17.75,26,17.4998893734038,17.5740687067907,1
572,0,17.75,26,17.5740687067907,17.75,0
573,0,10.75,15,0,3.07325144838857,1
573,0,10.75,15,3.07325144838857,3.66752930564743,1
573,0,10.75,15,3.66752930564743,4.46257467367065,1
573,0,10.75,15,4.46257467367065,6.11069057573505,1
573,0,10.75,15,6.11069057573505,6.74899935941953,1
573,0,10.75,15,6.74899935941953,6.86683388475373,1
573,0,10.75,15,6.86683388475373,8.03242098911753,1
573,0,10.75,15,8.03242098911753,8.07906660488372,1
573,0,10.75,15,8.07906660488372,8.95098843631731,1
573,0,10.75,15,8.95098843631731,9.59404874763356,1
573,0,10.75,15,9.59404874763356,9.64743183066713,1
573,0,10.75,15,9.64743183066713,10.2985136890295,1
573,0,10.75,15,10.2985136890295,10.3171744605676,1
573,0,10.75,15,10.3171744605676,10.4034344370257,1
573,0,10.75,15,10.4034344370257,10.720402926892,1
573,0,10.75,15,10.720402926892,10.75,0
574,0,8.75,4,0,5.97381874555774,1
574,0,8.75,4,5.97381874555774,6.2326887872718,1
574,0,8.75,4,6.2326887872718,7.38196956647396,1
574,0,8.75,4,7.38196956647396,8.59419010966684,1
574,0,8.75,4,8.59419010966684,8.75,0
575,0,9.75,7,0,2.2057285806736,1
575,0,9.75,7,2.2057285806736,3.81462214155826,1
575,0,9.75,7,3.81462214155826,6.56907273959769,1
575,0,9.75,7,6.56907273959769,7.52771505613272,1
575,0,9.75,7,7.52771505613272,7.90196790102431,1
575,0,9.75,7,7.90196790102431,8.81228584394813,1
575,0,9.75,7,8.81228584394813,9.30422594307278,1
575,0,9.75,7,9.30422594307278,9.75,0
576,0,19.75,30,0,3.98467326324084,1
576,0,19.75,30,3.98467326324084,6.91730803836987,1
576,0,19.75,30,6.91730803836987,9.01975093077955,1
576,0,19.75,30,9.01975093077955,9.25839207909129,1
576,0,19.75,30,9.25839207909129,9.89281744487609,1
576,0,19.75,30,9.89281744487609,10.6703813854584,1
576,0,19.75,30,10.6703813854584,10.9511426116475,1
576,0,19.75,30,10.9511426116475,11.7675258995502,1
576,0,19.75,30,11.7675258995502,13.1986752586577,1
576,0,19.75,30,13.1986752586577,13.2120250102724,1
576,0,19.75,30,13.2120250102724,13.254919165204,1
576,0,19.75,30,13.254919165204,13.4162601218041,1
576,0,19.75,30,13.4162601218041,13.4640430061097,1
576,0,19.75,30,13.4640430061097,13.4989160958866,1
576,0,19.75,30,13.4989160958866,13.5674006948064,1
576,0,19.75,30,13.5674006948064,13.6994558469689,1
576,0,19.75,30,13.6994558469689,15.0772510299431,1
576,0,19.75,30,15.0772510299431,15.5453431590641,1
576,0,19.75,30,15.5453431590641,16.7695324475529,1
576,0,19.75,30,16.7695324475529,17.7219441822409,1
576,0,19.75,30,17.7219441822409,17.9581937970674,1
576,0,19.75,30,17.9581937970674,17.9887485580125,1
576,0,19.75,30,17.9887485580125,18.0166337094158,1
576,0,19.75,30,18.0166337094158,18.5738560362708,1
576,0,19.75,30,18.5738560362708,18.5861616827029,1
576,0,19.75,30,18.5861616827029,18.8036628752882,1
576,0,19.75,30,18.8036628752882,19.2148599418026,1
576,0,19.75,30,19.2148599418026,19.2214694614854,1
576,0,19.75,30,19.2214694614854,19.4065846772996,1
576,0,19.75,30,19.4065846772996,19.6797566223623,1
576,0,19.75,30,19.6797566223623,19.75,0
577,0,10.75,2,0,3.70087146805215,1
577,0,10.75,2,3.70087146805215,3.78801483136051,1
577,0,10.75,2,3.78801483136051,10.75,0
578,0,13.75,1,0,9.30943518799498,1
578,0,13.75,1,9.30943518799498,13.75,0
579,0,10.75,10,0,1.89813740643191,1
579,0,10.75,10,1.89813740643191,5.66156703088371,1
579,0,10.75,10,5.66156703088371,8.21160255720712,1
579,0,10.75,10,8.21160255720712,8.48375179527093,1
579,0,10.75,10,8.48375179527093,8.59429206551046,1
579,0,10.75,10,8.59429206551046,8.86214001728882,1
579,0,10.75,10,8.86214001728882,9.04055008940522,1
579,0,10.75,10,9.04055008940522,9.30758667197145,1
579,0,10.75,10,9.30758667197145,9.55154077885828,1
579,0,10.75,10,9.55154077885828,10.5703655037513,1
579,0,10.75,10,10.5703655037513,10.75,0
580,0,9.75,0,0,9.75,0
581,0,9.75,1,0,1.49709352980863,1
581,0,9.75,1,1.49709352980863,9.75,0
582,0,9.75,1,0,7.47081016426187,1
582,0,9.75,1,7.47081016426187,9.75,0
583,0,15.75,54,0,2.1977179990395,1
583,0,15.75,54,2.1977179990395,3.62790421945662,1
583,0,15.75,54,3.62790421945662,4.11249833293825,1
583,0,15.75,54,4.11249833293825,5.65980886270084,1
583,0,15.75,54,5.65980886270084,5.74459662806052,1
583,0,15.75,54,5.74459662806052,6.12177510288969,1
583,0,15.75,54,6.12177510288969,6.38937323398671,1
583,0,15.75,54,6.38937323398671,6.54351595879366,1
583,0,15.75,54,6.54351595879366,6.62103132282136,1
583,0,15.75,54,6.62103132282136,8.12617107375789,1
583,0,15.75,54,8.12617107375789,8.3919934497206,1
583,0,15.75,54,8.3919934497206,8.72259840420226,1
583,0,15.75,54,8.72259840420226,9.23700066903757,1
583,0,15.75,54,9.23700066903757,9.76972369578308,1
583,0,15.75,54,9.76972369578308,9.91822693403983,1
583,0,15.75,54,9.91822693403983,10.1487964637781,1
583,0,15.75,54,10.1487964637781,10.2171934673758,1
583,0,15.75,54,10.2171934673758,10.3148627823888,1
583,0,15.75,54,10.3148627823888,10.5769249676773,1
583,0,15.75,54,10.5769249676773,10.6629640381432,1
583,0,15.75,54,10.6629640381432,10.6884620159122,1
583,0,15.75,54,10.6884620159122,10.963472379899,1
583,0,15.75,54,10.963472379899,11.3108539658376,1
583,0,15.75,54,11.3108539658376,11.3952180126245,1
583,0,15.75,54,11.3952180126245,11.4320110402738,1
583,0,15.75,54,11.4320110402738,12.0936385073953,1
583,0,15.75,54,12.0936385073953,12.2588315164524,1
583,0,15.75,54,12.2588315164524,12.4137940191474,1
583,0,15.75,54,12.4137940191474,12.4725586547505,1
583,0,15.75,54,12.4725586547505,13.3757908177274,1
583,0,15.75,54,13.3757908177274,13.376820457037,1
583,0,15.75,54,13.376820457037,13.4019894681941,1
583,0,15.75,54,13.4019894681941,13.4177409842043,1
583,0,15.75,54,13.4177409842043,13.6813774196507,1
583,0,15.75,54,13.6813774196507,13.7287432800593,1
583,0,15.75,54,13.7287432800593,13.8273729817356,1
583,0,15.75,54,13.8273729817356,13.9129073130839,1
583,0,15.75,54,13.9129073130839,14.0799393607352,1
583,0,15.75,54,14.0799393607352,14.2819933809153,1
583,0,15.75,54,14.2819933809153,14.336901213087,1
583,0,15.75,54,14.336901213087,14.3464498574169,1
583,0,15.75,54,14.3464498574169,14.5669960960222,1
583,0,15.75,54,14.5669960960222,14.5746070937267,1
583,0,15.75,54,14.5746070937267,14.652643101511,1
583,0,15.75,54,14.652643101511,14.6737961801153,1
583,0,15.75,54,14.6737961801153,14.6891127678607,1
583,0,15.75,54,14.6891127678607,14.7952328870642,1
583,0,15.75,54,14.7952328870642,14.8604489999143,1
583,0,15.75,54,14.8604489999143,14.9702117866698,1
583,0,15.75,54,14.9702117866698,15.0691647089234,1
583,0,15.75,54,15.0691647089234,15.1700448377845,1
583,0,15.75,54,15.1700448377845,15.3871563445851,1
583,0,15.75,54,15.3871563445851,15.4695645462563,1
583,0,15.75,54,15.4695645462563,15.5859400410668,1
583,0,15.75,54,15.5859400410668,15.75,0
584,0,12.75,29,0,3.44905814031772,1
584,0,12.75,29,3.44905814031772,3.71205878051672,1
584,0,12.75,29,3.71205878051672,4.24514620951826,1
584,0,12.75,29,4.24514620951826,4.96839374686997,1
584,0,12.75,29,4.96839374686997,6.74088248983413,1
584,0,12.75,29,6.74088248983413,6.93088352195133,1
584,0,12.75,29,6.93088352195133,7.1459982608644,1
584,0,12.75,29,7.1459982608644,7.76398356326469,1
584,0,12.75,29,7.76398356326469,7.93808496765049,1
584,0,12.75,29,7.93808496765049,8.43168455330366,1
584,0,12.75,29,8.43168455330366,8.64791209549937,1
584,0,12.75,29,8.64791209549937,9.36099847444298,1
584,0,12.75,29,9.36099847444298,9.54776390135861,1
584,0,12.75,29,9.54776390135861,9.55916904454529,1
584,0,12.75,29,9.55916904454529,9.60019374793737,1
584,0,12.75,29,9.60019374793737,10.6910303435549,1
584,0,12.75,29,10.6910303435549,10.7596146829953,1
584,0,12.75,29,10.7596146829953,10.7965028589696,1
584,0,12.75,29,10.7965028589696,11.1240040068954,1
584,0,12.75,29,11.1240040068954,11.1900248474689,1
584,0,12.75,29,11.1900248474689,11.5170277107333,1
584,0,12.75,29,11.5170277107333,12.193895991413,1
584,0,12.75,29,12.193895991413,12.2155432947207,1
584,0,12.75,29,12.2155432947207,12.2268348863867,1
584,0,12.75,29,12.2268348863867,12.3406542964719,1
584,0,12.75,29,12.3406542964719,12.3782527753789,1
584,0,12.75,29,12.3782527753789,12.4509004712822,1
584,0,12.75,29,12.4509004712822,12.5392859596155,1
584,0,12.75,29,12.5392859596155,12.5914693588673,1
584,0,12.75,29,12.5914693588673,12.75,0
585,0,10.75,1,0,1.95925201190353,1
585,0,10.75,1,1.95925201190353,10.75,0
586,0,12.75,17,0,3.56686594305695,1
586,0,12.75,17,3.56686594305695,5.94644695788361,1
586,0,12.75,17,5.94644695788361,7.69820443039752,1
586,0,12.75,17,7.69820443039752,7.76916887462342,1
586,0,12.75,17,7.76916887462342,8.93653043580947,1
586,0,12.75,17,8.93653043580947,9.52177965900998,1
586,0,12.75,17,9.52177965900998,10.3306982583346,1
586,0,12.75,17,10.3306982583346,10.5770232133549,1
586,0,12.75,17,10.5770232133549,10.58311930414,1
586,0,12.75,17,10.58311930414,10.7753351504731,1
586,0,12.75,17,10.7753351504731,10.8495416563784,1
586,0,12.75,17,10.8495416563784,10.9324701921182,1
586,0,12.75,17,10.9324701921182,11.1841192548875,1
586,0,12.75,17,11.1841192548875,11.5086560123078,1
586,0,12.75,17,11.5086560123078,11.6288930251218,1
586,0,12.75,17,11.6288930251218,11.7250882611657,1
586,0,12.75,17,11.7250882611657,12.0130128213249,1
586,0,12.75,17,12.0130128213249,12.75,0
587,0,8.75,0,0,8.75,0
588,0,10.75,0,0,10.75,0
589,0,16.75,34,0,4.2750251616751,1
589,0,16.75,34,4.2750251616751,4.68665946962926,1
589,0,16.75,34,4.68665946962926,5.4295901820481,1
589,0,16.75,34,5.4295901820481,7.41005675793178,1
589,0,16.75,34,7.41005675793178,8.33560400198189,1
589,0,16.75,34,8.33560400198189,8.98647413436102,1
589,0,16.75,34,8.98647413436102,9.29596633550811,1
589,0,16.75,34,9.29596633550811,9.32642424065544,1
589,0,16.75,34,9.32642424065544,9.56570742911058,1
589,0,16.75,34,9.56570742911058,11.532268716416,1
589,0,16.75,34,11.532268716416,12.6913429483645,1
589,0,16.75,34,12.6913429483645,12.9291952929913,1
589,0,16.75,34,12.9291952929913,12.9543584913587,1
589,0,16.75,34,12.9543584913587,13.0753870750411,1
589,0,16.75,34,13.0753870750411,13.1244430321111,1
589,0,16.75,34,13.1244430321111,13.2768977911975,1
589,0,16.75,34,13.2768977911975,13.2847424717204,1
589,0,16.75,34,13.2847424717204,13.450166380275,1
589,0,16.75,34,13.450166380275,14.2154126442632,1
589,0,16.75,34,14.2154126442632,14.231925752716,1
589,0,16.75,34,14.231925752716,14.2459457014383,1
589,0,16.75,34,14.2459457014383,14.2650510555122,1
589,0,16.75,34,14.2650510555122,14.2853791171107,1
589,0,16.75,34,14.2853791171107,14.3466095186973,1
589,0,16.75,34,14.3466095186973,14.5544416522288,1
589,0,16.75,34,14.5544416522288,14.7320162444513,1
589,0,16.75,34,14.7320162444513,15.110185395659,1
589,0,16.75,34,15.110185395659,15.321913530559,1
589,0,16.75,34,15.321913530559,15.3827676000989,1
589,0,16.75,34,15.3827676000989,15.4363380470279,1
589,0,16.75,34,15.4363380470279,15.4617616876259,1
589,0,16.75,34,15.4617616876259,15.7001392567524,1
589,0,16.75,34,15.7001392567524,15.8168162507699,1
589,0,16.75,34,15.8168162507699,16.3448907035735,1
589,0,16.75,34,16.3448907035735,16.75,0
590,0,11.75,1,0,8.37973754432835,1
590,0,11.75,1,8.37973754432835,11.75,0
591,0,17.75,3,0,0.0309063723994053,1
591,0,17.75,3,0.0309063723994053,1.92043553760149,1
591,0,17.75,3,1.92043553760149,3.70933932600575,1
591,0,17.75,3,3.70933932600575,17.75,0
592,0,20.75,1,0,6.52943280246255,1
592,0,20.75,1,6.52943280246255,20.75,0
593,0,7.75,7,0,1.79618378709424,1
593,0,7.75,7,1.79618378709424,3.21682308097408,1
593,0,7.75,7,3.21682308097408,5.36689717426993,1
593,0,7.75,7,5.36689717426993,5.72446430266125,1
593,0,7.75,7,5.72446430266125,6.48794304408694,1
593,0,7.75,7,6.48794304408694,7.16112470332221,1
593,0,7.75,7,7.16112470332221,7.3702945351069,1
593,0,7.75,7,7.3702945351069,7.75,0
594,0,10.75,1,0,1.49181019653094,1
594,0,10.75,1,1.49181019653094,10.75,0
595,0,16.75,0,0,16.75,0
596,0,14.75,3,0,0.00296762668557524,1
596,0,14.75,3,0.00296762668557524,1.96340732111807,1
596,0,14.75,3,1.96340732111807,14.0606942446344,1
596,0,14.75,3,14.0606942446344,14.75,0
597,0,13.75,15,0,1.80647430013908,1
597,0,13.75,15,1.80647430013908,5.23442631526175,1
597,0,13.75,15,5.23442631526175,5.55910822222099,1
597,0,13.75,15,5.55910822222099,8.75767715241899,1
597,0,13.75,15,8.75767715241899,9.54992712909621,1
597,0,13.75,15,9.54992712909621,9.58875713762383,1
597,0,13.75,15,9.58875713762383,9.97934525019774,1
597,0,13.75,15,9.97934525019774,10.5239143635167,1
597,0,13.75,15,10.5239143635167,10.786147810498,1
597,0,13.75,15,10.786147810498,11.2229689193938,1
597,0,13.75,15,11.2229689193938,11.426639654705,1
597,0,13.75,15,11.426639654705,11.7895541135851,1
597,0,13.75,15,11.7895541135851,12.87870836255,1
597,0,13.75,15,12.87870836255,13.103329877809,1
597,0,13.75,15,13.103329877809,13.3148500571576,1
597,0,13.75,15,13.3148500571576,13.75,0
598,0,17.75,32,0,5.15390268458498,1
598,0,17.75,32,5.15390268458498,5.87973823589261,1
598,0,17.75,32,5.87973823589261,6.28284719562692,1
598,0,17.75,32,6.28284719562692,7.44947307862089,1
598,0,17.75,32,7.44947307862089,8.64703504473828,1
598,0,17.75,32,8.64703504473828,9.02563404622777,1
598,0,17.75,32,9.02563404622777,9.51061323406763,1
598,0,17.75,32,9.51061323406763,9.6187231033649,1
598,0,17.75,32,9.6187231033649,10.4482251486312,1
598,0,17.75,32,10.4482251486312,10.5524165282806,1
598,0,17.75,32,10.5524165282806,11.5365986114931,1
598,0,17.75,32,11.5365986114931,11.7024534613848,1
598,0,17.75,32,11.7024534613848,11.9228581279076,1
598,0,17.75,32,11.9228581279076,12.4051402186506,1
598,0,17.75,32,12.4051402186506,13.0446665250645,1
598,0,17.75,32,13.0446665250645,13.4351159996915,1
598,0,17.75,32,13.4351159996915,13.4729983391639,1
598,0,17.75,32,13.4729983391639,13.7171713486982,1
598,0,17.75,32,13.7171713486982,14.0920547067199,1
598,0,17.75,32,14.0920547067199,14.3461929657909,1
598,0,17.75,32,14.3461929657909,15.2093125856167,1
598,0,17.75,32,15.2093125856167,15.4627931428242,1
598,0,17.75,32,15.4627931428242,15.6487660124984,1
598,0,17.75,32,15.6487660124984,16.1297835664456,1
598,0,17.75,32,16.1297835664456,16.3473377469068,1
598,0,17.75,32,16.3473377469068,16.8476141650246,1
598,0,17.75,32,16.8476141650246,17.1334745694879,1
598,0,17.75,32,17.1334745694879,17.2872836738428,1
598,0,17.75,32,17.2872836738428,17.3902520645689,1
598,0,17.75,32,17.3902520645689,17.4441381276196,1
598,0,17.75,32,17.4441381276196,17.4804501775871,1
598,0,17.75,32,17.4804501775871,17.7215517705275,1
598,0,17.75,32,17.7215517705275,17.75,0
599,0,13.75,32,0,2.17948564904573,1
599,0,13.75,32,2.17948564904573,2.69186086854733,1
599,0,13.75,32,2.69186086854733,3.55310757242054,1
599,0,13.75,32,3.55310757242054,4.23210037993825,1
599,0,13.75,32,4.23210037993825,5.72947000710634,1
599,0,13.75,32,5.72947000710634,5.76731549506224,1
599,0,13.75,32,5.76731549506224,6.31376730865119,1
599,0,13.75,32,6.31376730865119,6.37990398833405,1
599,0,13.75,32,6.37990398833405,7.94725488640353,1
599,0,13.75,32,7.94725488640353,8.19776543543326,1
599,0,13.75,32,8.19776543543326,8.50939820243321,1
599,0,13.75,32,8.50939820243321,8.88065094904763,1
599,0,13.75,32,8.88065094904763,9.41389835628044,1
599,0,13.75,32,9.41389835628044,9.41930201227963,1
599,0,13.75,32,9.41930201227963,9.44139368029549,1
599,0,13.75,32,9.44139368029549,9.67242023898267,1
599,0,13.75,32,9.67242023898267,10.1201010999819,1
599,0,13.75,32,10.1201010999819,10.5957049960878,1
599,0,13.75,32,10.5957049960878,11.0676555471908,1
599,0,13.75,32,11.0676555471908,11.3455928975954,1
599,0,13.75,32,11.3455928975954,11.4994196161135,1
599,0,13.75,32,11.4994196161135,11.5884539967563,1
599,0,13.75,32,11.5884539967563,11.7665238689809,1
599,0,13.75,32,11.7665238689809,11.7734991096682,1
599,0,13.75,32,11.7734991096682,12.0914216173762,1
599,0,13.75,32,12.0914216173762,12.2795657467182,1
599,0,13.75,32,12.2795657467182,12.5121132918039,1
599,0,13.75,32,12.5121132918039,13.2433764286912,1
599,0,13.75,32,13.2433764286912,13.2907445136505,1
599,0,13.75,32,13.2907445136505,13.5157450485867,1
599,0,13.75,32,13.5157450485867,13.5800923608551,1
599,0,13.75,32,13.5800923608551,13.7250785718279,1
599,0,13.75,32,13.7250785718279,13.75,0
600,0,15.75,3,0,2.23971510337926,1
600,0,15.75,3,2.23971510337926,4.39571824396845,1
600,0,15.75,3,4.39571824396845,11.9856496496107,1
600,0,15.75,3,11.9856496496107,15.75,0
