"id","xi","Tei","n.rec","start","stop","status"
1,1,17.75,9,0,1.78398493224861,1
1,1,17.75,9,1.78398493224861,5.08338511825282,1
1,1,17.75,9,5.08338511825282,6.27263777356251,1
1,1,17.75,9,6.27263777356251,8.89983666427857,1
1,1,17.75,9,8.89983666427857,12.3941109820091,1
1,1,17.75,9,12.3941109820091,13.261507741191,1
1,1,17.75,9,13.261507741191,13.8229570262549,1
1,1,17.75,9,13.8229570262549,16.0333254281888,1
1,1,17.75,9,16.0333254281888,16.2131401199477,1
1,1,17.75,9,16.2131401199477,17.75,0
2,1,11.75,1,0,6.10252409068678,1
2,1,11.75,1,6.10252409068678,11.75,0
3,1,11.75,1,0,8.33240393290652,1
3,1,11.75,1,8.33240393290652,11.75,0
4,1,17.75,5,0,8.10542605886133,1
4,1,17.75,5,8.10542605886133,11.8851998898215,1
4,1,17.75,5,11.8851998898215,13.7844311300395,1
4,1,17.75,5,13.7844311300395,16.5625498472618,1
4,1,17.75,5,16.5625498472618,17.0637961737479,1
4,1,17.75,5,17.0637961737479,17.75,0
5,1,9.75,2,0,1.57551183952186,1
5,1,9.75,2,1.57551183952186,4.23675853672454,1
5,1,9.75,2,4.23675853672454,9.75,0
6,1,17.75,0,0,17.75,0
7,1,17.75,4,0,4.75377106551999,1
7,1,17.75,4,4.75377106551999,7.9127291451313,1
7,1,17.75,4,7.9127291451313,10.9043023462305,1
7,1,17.75,4,10.9043023462305,12.6313731345387,1
7,1,17.75,4,12.6313731345387,17.75,0
8,1,18.75,3,0,1.80198883777339,1
8,1,18.75,3,1.80198883777339,4.27160402912749,1
8,1,18.75,3,4.27160402912749,15.7538669691272,1
8,1,18.75,3,15.7538669691272,18.75,0
9,1,15.75,5,0,1.20189449159307,1
9,1,15.75,5,1.20189449159307,1.90610731378777,1
9,1,15.75,5,1.90610731378777,2.61483894876167,1
9,1,15.75,5,2.61483894876167,7.93662701798216,1
9,1,15.75,5,7.93662701798216,10.055422578741,1
9,1,15.75,5,10.055422578741,15.75,0
10,1,13.75,8,0,1.31838405480076,1
10,1,13.75,8,1.31838405480076,1.34432456788512,1
10,1,13.75,8,1.34432456788512,2.34114229433427,1
10,1,13.75,8,2.34114229433427,5.10244516919377,1
10,1,13.75,8,5.10244516919377,5.1693189345221,1
10,1,13.75,8,5.1693189345221,7.78501820240002,1
10,1,13.75,8,7.78501820240002,8.79720540351129,1
10,1,13.75,8,8.79720540351129,10.3657800177487,1
10,1,13.75,8,10.3657800177487,13.75,0
11,1,12.75,0,0,12.75,0
12,1,20.75,16,0,0.872597389077329,1
12,1,20.75,16,0.872597389077329,3.86257231306515,1
12,1,20.75,16,3.86257231306515,4.68338792283879,1
12,1,20.75,16,4.68338792283879,5.31528775794822,1
12,1,20.75,16,5.31528775794822,5.59117811382733,1
12,1,20.75,16,5.59117811382733,5.88506428218918,1
12,1,20.75,16,5.88506428218918,6.63231272279742,1
12,1,20.75,16,6.63231272279742,7.51626558603115,1
12,1,20.75,16,7.51626558603115,8.18132049910536,1
12,1,20.75,16,8.18132049910536,9.34558626837024,1
12,1,20.75,16,9.34558626837024,9.72040493143985,1
12,1,20.75,16,9.72040493143985,10.8795041924912,1
12,1,20.75,16,10.8795041924912,12.1964559863094,1
12,1,20.75,16,12.1964559863094,15.8238928915428,1
12,1,20.75,16,15.8238928915428,18.3260100305179,1
12,1,20.75,16,18.3260100305179,19.2334621648078,1
12,1,20.75,16,19.2334621648078,20.75,0
13,1,10.75,4,0,3.29449436616976,1
13,1,10.75,4,3.29449436616976,7.19245549927159,1
13,1,10.75,4,7.19245549927159,8.98053675894793,1
13,1,10.75,4,8.98053675894793,10.5118683995247,1
13,1,10.75,4,10.5118683995247,10.75,0
14,1,18.75,10,0,3.04319216586381,1
14,1,18.75,10,3.04319216586381,4.16183436499841,1
14,1,18.75,10,4.16183436499841,4.39049249736588,1
14,1,18.75,10,4.39049249736588,5.62772755711657,1
14,1,18.75,10,5.62772755711657,9.80888428962098,1
14,1,18.75,10,9.80888428962098,10.0409526250102,1
14,1,18.75,10,10.0409526250102,11.8116461023063,1
14,1,18.75,10,11.8116461023063,13.140583982902,1
14,1,18.75,10,13.140583982902,15.0722550278356,1
14,1,18.75,10,15.0722550278356,18.5427341895341,1
14,1,18.75,10,18.5427341895341,18.75,0
15,1,15.75,3,0,8.30976383003959,1
15,1,15.75,3,8.30976383003959,13.537522825636,1
15,1,15.75,3,13.537522825636,13.6454698440827,1
15,1,15.75,3,13.6454698440827,15.75,0
16,1,10.75,5,0,0.0842051207791337,1
16,1,10.75,5,0.0842051207791337,1.36364381335373,1
16,1,10.75,5,1.36364381335373,5.46340333357005,1
16,1,10.75,5,5.46340333357005,6.51633557670856,1
16,1,10.75,5,6.51633557670856,9.98458228935633,1
16,1,10.75,5,9.98458228935633,10.75,0
17,1,20.75,3,0,3.59298256145324,1
17,1,20.75,3,3.59298256145324,5.77680757757322,1
17,1,20.75,3,5.77680757757322,9.29546309243318,1
17,1,20.75,3,9.29546309243318,20.75,0
18,1,15.75,1,0,10.6355163442497,1
18,1,15.75,1,10.6355163442497,15.75,0
19,1,11.75,4,0,2.72265520612828,1
19,1,11.75,4,2.72265520612828,3.65491730507857,1
19,1,11.75,4,3.65491730507857,6.77901197218446,1
19,1,11.75,4,6.77901197218446,6.84553193705853,1
19,1,11.75,4,6.84553193705853,11.75,0
20,1,13.75,3,0,4.29164002632409,1
20,1,13.75,3,4.29164002632409,5.7604818706609,1
20,1,13.75,3,5.7604818706609,9.3353696789048,1
20,1,13.75,3,9.3353696789048,13.75,0
21,1,14.75,3,0,6.6063260927997,1
21,1,14.75,3,6.6063260927997,8.3250597065056,1
21,1,14.75,3,8.3250597065056,9.65302791628805,1
21,1,14.75,3,9.65302791628805,14.75,0
22,1,14.75,3,0,6.83642453847254,1
22,1,14.75,3,6.83642453847254,8.283313982839,1
22,1,14.75,3,8.283313982839,13.8880330403354,1
22,1,14.75,3,13.8880330403354,14.75,0
23,1,14.75,5,0,4.5645209791619,1
23,1,14.75,5,4.5645209791619,8.53282444725665,1
23,1,14.75,5,8.53282444725665,9.24782307921975,1
23,1,14.75,5,9.24782307921975,11.3309679550737,1
23,1,14.75,5,11.3309679550737,13.5393878582935,1
23,1,14.75,5,13.5393878582935,14.75,0
24,1,15.75,8,0,3.41170652536322,1
24,1,15.75,8,3.41170652536322,4.80401423763629,1
24,1,15.75,8,4.80401423763629,4.91469293487238,1
24,1,15.75,8,4.91469293487238,5.58934581896871,1
24,1,15.75,8,5.58934581896871,6.93138563094024,1
24,1,15.75,8,6.93138563094024,7.10864844104552,1
24,1,15.75,8,7.10864844104552,11.2732101921728,1
24,1,15.75,8,11.2732101921728,14.0441424756114,1
24,1,15.75,8,14.0441424756114,15.75,0
25,1,9.75,7,0,1.44833763628113,1
25,1,9.75,7,1.44833763628113,1.57388382386954,1
25,1,9.75,7,1.57388382386954,2.12405738431002,1
25,1,9.75,7,2.12405738431002,3.91866894727874,1
25,1,9.75,7,3.91866894727874,4.42621899876927,1
25,1,9.75,7,4.42621899876927,4.64044211089173,1
25,1,9.75,7,4.64044211089173,6.47284719215146,1
25,1,9.75,7,6.47284719215146,9.75,0
26,1,15.75,8,0,0.0951630058684725,1
26,1,15.75,8,0.0951630058684725,8.03760499362345,1
26,1,15.75,8,8.03760499362345,9.21190080168257,1
26,1,15.75,8,9.21190080168257,10.9608425033292,1
26,1,15.75,8,10.9608425033292,12.5574252502489,1
26,1,15.75,8,12.5574252502489,14.3701292967488,1
26,1,15.75,8,14.3701292967488,15.5709142397428,1
26,1,15.75,8,15.5709142397428,15.7051432059324,1
26,1,15.75,8,15.7051432059324,15.75,0
27,1,13.75,1,0,4.86228463282469,1
27,1,13.75,1,4.86228463282469,13.75,0
28,1,19.75,4,0,4.33874814845138,1
28,1,19.75,4,4.33874814845138,7.3957941599393,1
28,1,19.75,4,7.3957941599393,8.74360370345333,1
28,1,19.75,4,8.74360370345333,16.3945379642294,1
28,1,19.75,4,16.3945379642294,19.75,0
29,1,13.75,1,0,9.59930375305393,1
29,1,13.75,1,9.59930375305393,13.75,0
30,1,8.75,1,0,4.82433876585318,1
30,1,8.75,1,4.82433876585318,8.75,0
31,1,20.75,4,0,1.1513074088414,1
31,1,20.75,4,1.1513074088414,6.4187342617793,1
31,1,20.75,4,6.4187342617793,14.6050974235255,1
31,1,20.75,4,14.6050974235255,19.3124984223556,1
31,1,20.75,4,19.3124984223556,20.75,0
32,1,15.75,5,0,0.498366625330824,1
32,1,15.75,5,0.498366625330824,0.925366005902485,1
32,1,15.75,5,0.925366005902485,6.06957805002806,1
32,1,15.75,5,6.06957805002806,10.4939209493653,1
32,1,15.75,5,10.4939209493653,10.996866833211,1
32,1,15.75,5,10.996866833211,15.75,0
33,1,10.75,0,0,10.75,0
34,1,14.75,1,0,2.1519974435646,1
34,1,14.75,1,2.1519974435646,14.75,0
35,1,12.75,2,0,1.0422079944107,1
35,1,12.75,2,1.0422079944107,7.13661152523955,1
35,1,12.75,2,7.13661152523955,12.75,0
36,1,11.75,3,0,3.98177107058108,1
36,1,11.75,3,3.98177107058108,7.84877464426754,1
36,1,11.75,3,7.84877464426754,10.1129968898991,1
36,1,11.75,3,10.1129968898991,11.75,0
37,1,8.75,1,0,6.23881701403768,1
37,1,8.75,1,6.23881701403768,8.75,0
38,1,10.75,1,0,3.14409309803876,1
38,1,10.75,1,3.14409309803876,10.75,0
39,1,10.75,0,0,10.75,0
40,1,15.75,7,0,5.80733524553144,1
40,1,15.75,7,5.80733524553144,6.10756002345737,1
40,1,15.75,7,6.10756002345737,8.27402918600812,1
40,1,15.75,7,8.27402918600812,8.43717388881103,1
40,1,15.75,7,8.43717388881103,9.7762188959411,1
40,1,15.75,7,9.7762188959411,13.5008159937429,1
40,1,15.75,7,13.5008159937429,14.0408341813574,1
40,1,15.75,7,14.0408341813574,15.75,0
41,1,12.75,0,0,12.75,0
42,1,19.75,5,0,7.31057760111539,1
42,1,19.75,5,7.31057760111539,7.70491729508926,1
42,1,19.75,5,7.70491729508926,8.07154031862364,1
42,1,19.75,5,8.07154031862364,12.0796406577642,1
42,1,19.75,5,12.0796406577642,19.6572069546329,1
42,1,19.75,5,19.6572069546329,19.75,0
43,1,17.75,12,0,0.0731841224773989,1
43,1,17.75,12,0.0731841224773989,0.821335898628546,1
43,1,17.75,12,0.821335898628546,2.7877648149284,1
43,1,17.75,12,2.7877648149284,4.48299041552167,1
43,1,17.75,12,4.48299041552167,5.21441601976092,1
43,1,17.75,12,5.21441601976092,6.38025286580589,1
43,1,17.75,12,6.38025286580589,9.9326429028183,1
43,1,17.75,12,9.9326429028183,12.142068016091,1
43,1,17.75,12,12.142068016091,12.5560243313007,1
43,1,17.75,12,12.5560243313007,14.038311459212,1
43,1,17.75,12,14.038311459212,15.8227100698615,1
43,1,17.75,12,15.8227100698615,17.3909952784052,1
43,1,17.75,12,17.3909952784052,17.75,0
44,1,14.75,8,0,0.913383541147093,1
44,1,14.75,8,0.913383541147093,2.76993292878459,1
44,1,14.75,8,2.76993292878459,6.79816732816629,1
44,1,14.75,8,6.79816732816629,7.62683888039823,1
44,1,14.75,8,7.62683888039823,9.21737772039001,1
44,1,14.75,8,9.21737772039001,9.29513358901768,1
44,1,14.75,8,9.29513358901768,9.97485576628973,1
44,1,14.75,8,9.97485576628973,10.3625434842438,1
44,1,14.75,8,10.3625434842438,14.75,0
45,1,19.75,7,0,3.94414984430847,1
45,1,19.75,7,3.94414984430847,7.44710106885016,1
45,1,19.75,7,7.44710106885016,7.82805421743274,1
45,1,19.75,7,7.82805421743274,11.0832277726011,1
45,1,19.75,7,11.0832277726011,15.1605928657439,1
45,1,19.75,7,15.1605928657439,16.4693023253592,1
45,1,19.75,7,16.4693023253592,16.5583925369992,1
45,1,19.75,7,16.5583925369992,19.75,0
46,1,16.75,0,0,16.75,0
47,1,10.75,2,0,2.63870065487042,1
47,1,10.75,2,2.63870065487042,10.6746313320259,1
47,1,10.75,2,10.6746313320259,10.75,0
48,1,20.75,12,0,1.75450422137857,1
48,1,20.75,12,1.75450422137857,3.01172443894772,1
48,1,20.75,12,3.01172443894772,3.32409978801814,1
48,1,20.75,12,3.32409978801814,6.92432718234111,1
48,1,20.75,12,6.92432718234111,8.28848075111419,1
48,1,20.75,12,8.28848075111419,9.39153288482454,1
48,1,20.75,12,9.39153288482454,14.8636562149885,1
48,1,20.75,12,14.8636562149885,15.3310747240477,1
48,1,20.75,12,15.3310747240477,16.3363334373944,1
48,1,20.75,12,16.3363334373944,16.4963393821051,1
48,1,20.75,12,16.4963393821051,20.1350454263543,1
48,1,20.75,12,20.1350454263543,20.6163645209683,1
48,1,20.75,12,20.6163645209683,20.75,0
49,1,11.75,3,0,7.74937967691548,1
49,1,11.75,3,7.74937967691548,9.53407826784729,1
49,1,11.75,3,9.53407826784729,10.7620374206458,1
49,1,11.75,3,10.7620374206458,11.75,0
50,1,19.75,12,0,4.12209010875203,1
50,1,19.75,12,4.12209010875203,4.13961181103303,1
50,1,19.75,12,4.13961181103303,6.7416479315523,1
50,1,19.75,12,6.7416479315523,7.2629072219789,1
50,1,19.75,12,7.2629072219789,8.70915481371888,1
50,1,19.75,12,8.70915481371888,10.4396580893358,1
50,1,19.75,12,10.4396580893358,11.9569384006638,1
50,1,19.75,12,11.9569384006638,13.1962437196166,1
50,1,19.75,12,13.1962437196166,14.4092818632431,1
50,1,19.75,12,14.4092818632431,16.1894116765609,1
50,1,19.75,12,16.1894116765609,18.6658275059211,1
50,1,19.75,12,18.6658275059211,19.0369901436289,1
50,1,19.75,12,19.0369901436289,19.75,0
51,1,8.75,0,0,8.75,0
52,1,13.75,2,0,1.63468148020484,1
52,1,13.75,2,1.63468148020484,10.8638376101705,1
52,1,13.75,2,10.8638376101705,13.75,0
53,1,15.75,16,0,1.69534029323343,1
53,1,15.75,16,1.69534029323343,2.23455404063466,1
53,1,15.75,16,2.23455404063466,2.53114802892295,1
53,1,15.75,16,2.53114802892295,4.72710832220286,1
53,1,15.75,16,4.72710832220286,5.14787339503071,1
53,1,15.75,16,5.14787339503071,6.46031927225655,1
53,1,15.75,16,6.46031927225655,6.85307321141308,1
53,1,15.75,16,6.85307321141308,7.27498454236601,1
53,1,15.75,16,7.27498454236601,8.58961367118956,1
53,1,15.75,16,8.58961367118956,9.10749325193276,1
53,1,15.75,16,9.10749325193276,11.0015660719077,1
53,1,15.75,16,11.0015660719077,11.9922667869927,1
53,1,15.75,16,11.9922667869927,12.4768670705946,1
53,1,15.75,16,12.4768670705946,14.3164652600124,1
53,1,15.75,16,14.3164652600124,14.6977443769365,1
53,1,15.75,16,14.6977443769365,15.3238945356345,1
53,1,15.75,16,15.3238945356345,15.75,0
54,1,12.75,4,0,1.34336966317041,1
54,1,12.75,4,1.34336966317041,2.40942423827869,1
54,1,12.75,4,2.40942423827869,2.63196219959928,1
54,1,12.75,4,2.63196219959928,2.7778031773367,1
54,1,12.75,4,2.7778031773367,12.75,0
55,1,14.75,2,0,8.75634137245263,1
55,1,14.75,2,8.75634137245263,14.3409184949331,1
55,1,14.75,2,14.3409184949331,14.75,0
56,1,15.75,2,0,0.421575790716184,1
56,1,15.75,2,0.421575790716184,7.66889247789363,1
56,1,15.75,2,7.66889247789363,15.75,0
57,1,14.75,3,0,2.11950236412527,1
57,1,14.75,3,2.11950236412527,7.72033873457672,1
57,1,14.75,3,7.72033873457672,10.0950570880839,1
57,1,14.75,3,10.0950570880839,14.75,0
58,1,18.75,3,0,3.57833743126299,1
58,1,18.75,3,3.57833743126299,10.937603808174,1
58,1,18.75,3,10.937603808174,16.076721452692,1
58,1,18.75,3,16.076721452692,18.75,0
59,1,19.75,1,0,7.28641977821704,1
59,1,19.75,1,7.28641977821704,19.75,0
60,1,16.75,2,0,3.27833837938504,1
60,1,16.75,2,3.27833837938504,11.6959703429382,1
60,1,16.75,2,11.6959703429382,16.75,0
61,1,20.75,3,0,1.96752694006954,1
61,1,20.75,3,1.96752694006954,15.0931698561872,1
61,1,20.75,3,15.0931698561872,15.7070409494886,1
61,1,20.75,3,15.7070409494886,20.75,0
62,1,9.75,3,0,1.07631509685796,1
62,1,9.75,3,1.07631509685796,1.56900858870869,1
62,1,9.75,3,1.56900858870869,3.13596224363598,1
62,1,9.75,3,3.13596224363598,9.75,0
63,1,8.75,2,0,3.97070644274678,1
63,1,8.75,2,3.97070644274678,5.96877222325289,1
63,1,8.75,2,5.96877222325289,8.75,0
64,1,10.75,4,0,3.25144015095046,1
64,1,10.75,4,3.25144015095046,7.11042454786697,1
64,1,10.75,4,7.11042454786697,8.98876693661112,1
64,1,10.75,4,8.98876693661112,9.23183561245127,1
64,1,10.75,4,9.23183561245127,10.75,0
65,1,15.75,4,0,11.1509633249652,1
65,1,15.75,4,11.1509633249652,11.6131832390559,1
65,1,15.75,4,11.6131832390559,12.6206388873181,1
65,1,15.75,4,12.6206388873181,14.1883268718772,1
65,1,15.75,4,14.1883268718772,15.75,0
66,1,14.75,4,0,1.71645604273896,1
66,1,14.75,4,1.71645604273896,7.88310265887336,1
66,1,14.75,4,7.88310265887336,7.8930081326895,1
66,1,14.75,4,7.8930081326895,14.6444764684839,1
66,1,14.75,4,14.6444764684839,14.75,0
67,1,15.75,2,0,3.51140977016713,1
67,1,15.75,2,3.51140977016713,7.72698658595531,1
67,1,15.75,2,7.72698658595531,15.75,0
68,1,10.75,1,0,1.47742729370297,1
68,1,10.75,1,1.47742729370297,10.75,0
69,1,14.75,6,0,2.90618909275767,1
69,1,14.75,6,2.90618909275767,3.43417102145471,1
69,1,14.75,6,3.43417102145471,3.55129073557728,1
69,1,14.75,6,3.55129073557728,6.404146976295,1
69,1,14.75,6,6.404146976295,8.50377805906532,1
69,1,14.75,6,8.50377805906532,10.377021993911,1
69,1,14.75,6,10.377021993911,14.75,0
70,1,13.75,5,0,0.544781239440536,1
70,1,13.75,5,0.544781239440536,2.39239219047556,1
70,1,13.75,5,2.39239219047556,2.7136365263864,1
70,1,13.75,5,2.7136365263864,4.84777338488085,1
70,1,13.75,5,4.84777338488085,8.51458142310995,1
70,1,13.75,5,8.51458142310995,13.75,0
71,1,10.75,2,0,5.52904244794719,1
71,1,10.75,2,5.52904244794719,8.81752542902156,1
71,1,10.75,2,8.81752542902156,10.75,0
72,1,11.75,3,0,0.839938918185524,1
72,1,11.75,3,0.839938918185524,1.78938903004014,1
72,1,11.75,3,1.78938903004014,9.32711788035452,1
72,1,11.75,3,9.32711788035452,11.75,0
73,1,10.75,3,0,3.68546810955522,1
73,1,10.75,3,3.68546810955522,4.63271437767518,1
73,1,10.75,3,4.63271437767518,5.78371081478152,1
73,1,10.75,3,5.78371081478152,10.75,0
74,1,20.75,2,0,4.2370304832287,1
74,1,20.75,2,4.2370304832287,13.9464317024993,1
74,1,20.75,2,13.9464317024993,20.75,0
75,1,15.75,9,0,3.20180412421994,1
75,1,15.75,9,3.20180412421994,4.04870378332062,1
75,1,15.75,9,4.04870378332062,11.9877456188372,1
75,1,15.75,9,11.9877456188372,12.0829536205224,1
75,1,15.75,9,12.0829536205224,12.527819532698,1
75,1,15.75,9,12.527819532698,13.4369965380341,1
75,1,15.75,9,13.4369965380341,14.0466771104441,1
75,1,15.75,9,14.0466771104441,14.6074420835021,1
75,1,15.75,9,14.6074420835021,15.3689760078286,1
75,1,15.75,9,15.3689760078286,15.75,0
76,1,16.75,6,0,0.298868107824804,1
76,1,16.75,6,0.298868107824804,1.63477875832123,1
76,1,16.75,6,1.63477875832123,2.25318970075353,1
76,1,16.75,6,2.25318970075353,2.32244417731174,1
76,1,16.75,6,2.32244417731174,16.0856164397856,1
76,1,16.75,6,16.0856164397856,16.4825927965003,1
76,1,16.75,6,16.4825927965003,16.75,0
77,1,9.75,1,0,1.82177957367055,1
77,1,9.75,1,1.82177957367055,9.75,0
78,1,14.75,1,0,3.51782531150452,1
78,1,14.75,1,3.51782531150452,14.75,0
79,1,14.75,1,0,4.48913773978908,1
79,1,14.75,1,4.48913773978908,14.75,0
80,1,11.75,2,0,0.172152487463326,1
80,1,11.75,2,0.172152487463326,9.83014354684546,1
80,1,11.75,2,9.83014354684546,11.75,0
81,1,20.75,1,0,1.69421973973667,1
81,1,20.75,1,1.69421973973667,20.75,0
82,1,19.75,6,0,1.68425588158904,1
82,1,19.75,6,1.68425588158904,4.89323649606233,1
82,1,19.75,6,4.89323649606233,11.7872132500289,1
82,1,19.75,6,11.7872132500289,15.9077126196388,1
82,1,19.75,6,15.9077126196388,16.5291080541333,1
82,1,19.75,6,16.5291080541333,19.5819588490144,1
82,1,19.75,6,19.5819588490144,19.75,0
83,1,17.75,13,0,1.01904597115209,1
83,1,17.75,13,1.01904597115209,1.03920807977235,1
83,1,17.75,13,1.03920807977235,4.52865164318371,1
83,1,17.75,13,4.52865164318371,5.39034986364492,1
83,1,17.75,13,5.39034986364492,6.97903920014133,1
83,1,17.75,13,6.97903920014133,8.56466776546086,1
83,1,17.75,13,8.56466776546086,11.1004450203906,1
83,1,17.75,13,11.1004450203906,12.4887527861088,1
83,1,17.75,13,12.4887527861088,13.3331980519146,1
83,1,17.75,13,13.3331980519146,14.9544658647469,1
83,1,17.75,13,14.9544658647469,15.5385231444453,1
83,1,17.75,13,15.5385231444453,15.7205712921868,1
83,1,17.75,13,15.7205712921868,17.7241640698859,1
83,1,17.75,13,17.7241640698859,17.75,0
84,1,9.75,2,0,0.145647557394549,1
84,1,9.75,2,0.145647557394549,4.76433334867992,1
84,1,9.75,2,4.76433334867992,9.75,0
85,1,14.75,5,0,0.139256773233666,1
85,1,14.75,5,0.139256773233666,9.11358682506866,1
85,1,14.75,5,9.11358682506866,10.0423710290808,1
85,1,14.75,5,10.0423710290808,11.2014938493953,1
85,1,14.75,5,11.2014938493953,14.3869511293164,1
85,1,14.75,5,14.3869511293164,14.75,0
86,1,10.75,0,0,10.75,0
87,1,13.75,4,0,4.71169153117435,1
87,1,13.75,4,4.71169153117435,5.41422505110494,1
87,1,13.75,4,5.41422505110494,8.56873432952644,1
87,1,13.75,4,8.56873432952644,10.9770169102221,1
87,1,13.75,4,10.9770169102221,13.75,0
88,1,8.75,4,0,1.33012916958435,1
88,1,8.75,4,1.33012916958435,3.89367500042815,1
88,1,8.75,4,3.89367500042815,4.52473104931041,1
88,1,8.75,4,4.52473104931041,7.68889012751335,1
88,1,8.75,4,7.68889012751335,8.75,0
89,1,8.75,2,0,6.58981620131282,1
89,1,8.75,2,6.58981620131282,8.06990099053245,1
89,1,8.75,2,8.06990099053245,8.75,0
90,1,11.75,5,0,0.069059752039265,1
90,1,11.75,5,0.069059752039265,0.862582350864139,1
90,1,11.75,5,0.862582350864139,2.97205535786469,1
90,1,11.75,5,2.97205535786469,7.29711895411659,1
90,1,11.75,5,7.29711895411659,11.6776594470438,1
90,1,11.75,5,11.6776594470438,11.75,0
91,1,14.75,10,0,4.8400987798401,1
91,1,14.75,10,4.8400987798401,7.4809663272433,1
91,1,14.75,10,7.4809663272433,8.64619681807726,1
91,1,14.75,10,8.64619681807726,8.91946781879337,1
91,1,14.75,10,8.91946781879337,9.23804079570861,1
91,1,14.75,10,9.23804079570861,9.31446061396684,1
91,1,14.75,10,9.31446061396684,9.6981181372604,1
91,1,14.75,10,9.6981181372604,10.1673358673436,1
91,1,14.75,10,10.1673358673436,11.8651070948024,1
91,1,14.75,10,11.8651070948024,14.2355033771694,1
91,1,14.75,10,14.2355033771694,14.75,0
92,1,13.75,1,0,6.19075180333722,1
92,1,13.75,1,6.19075180333722,13.75,0
93,1,10.75,1,0,4.40565525334797,1
93,1,10.75,1,4.40565525334797,10.75,0
94,1,12.75,3,0,5.05087299680909,1
94,1,12.75,3,5.05087299680909,7.84681752109094,1
94,1,12.75,3,7.84681752109094,8.53836204754731,1
94,1,12.75,3,8.53836204754731,12.75,0
95,1,11.75,4,0,1.16022618293967,1
95,1,11.75,4,1.16022618293967,2.6758001799889,1
95,1,11.75,4,2.6758001799889,3.72244815516203,1
95,1,11.75,4,3.72244815516203,6.72505039174691,1
95,1,11.75,4,6.72505039174691,11.75,0
96,1,11.75,1,0,5.06562203238446,1
96,1,11.75,1,5.06562203238446,11.75,0
97,1,18.75,9,0,0.602274210801409,1
97,1,18.75,9,0.602274210801409,8.0852549461862,1
97,1,18.75,9,8.0852549461862,8.35127180418997,1
97,1,18.75,9,8.35127180418997,9.10772397732814,1
97,1,18.75,9,9.10772397732814,9.1365089785294,1
97,1,18.75,9,9.1365089785294,12.741184935072,1
97,1,18.75,9,12.741184935072,15.0071749723779,1
97,1,18.75,9,15.0071749723779,15.859533122558,1
97,1,18.75,9,15.859533122558,16.9243145931352,1
97,1,18.75,9,16.9243145931352,18.75,0
98,1,19.75,1,0,3.84260983171604,1
98,1,19.75,1,3.84260983171604,19.75,0
99,1,14.75,9,0,1.33155066687933,1
99,1,14.75,9,1.33155066687933,6.05882232435942,1
99,1,14.75,9,6.05882232435942,6.90809349653456,1
99,1,14.75,9,6.90809349653456,9.31666495743136,1
99,1,14.75,9,9.31666495743136,9.74219637752964,1
99,1,14.75,9,9.74219637752964,10.5279502740307,1
99,1,14.75,9,10.5279502740307,12.1388477788863,1
99,1,14.75,9,12.1388477788863,13.3565881138112,1
99,1,14.75,9,13.3565881138112,14.3228591375293,1
99,1,14.75,9,14.3228591375293,14.75,0
100,1,14.75,6,0,0.872899548599471,1
100,1,14.75,6,0.872899548599471,1.74004379499317,1
100,1,14.75,6,1.74004379499317,5.6510140379592,1
100,1,14.75,6,5.6510140379592,7.85470798386738,1
100,1,14.75,6,7.85470798386738,14.5668890151728,1
100,1,14.75,6,14.5668890151728,14.6055945386487,1
100,1,14.75,6,14.6055945386487,14.75,0
101,1,12.75,2,0,5.17781546546825,1
101,1,12.75,2,5.17781546546825,10.9048777944351,1
101,1,12.75,2,10.9048777944351,12.75,0
102,1,12.75,9,0,3.25148277038124,1
102,1,12.75,9,3.25148277038124,3.86373793780347,1
102,1,12.75,9,3.86373793780347,6.307606556262,1
102,1,12.75,9,6.307606556262,6.44698380147229,1
102,1,12.75,9,6.44698380147229,6.63840741010394,1
102,1,12.75,9,6.63840741010394,7.76353762082595,1
102,1,12.75,9,7.76353762082595,7.89878577927569,1
102,1,12.75,9,7.89878577927569,8.0144171029034,1
102,1,12.75,9,8.0144171029034,9.9186523921398,1
102,1,12.75,9,9.9186523921398,12.75,0
103,1,13.75,1,0,4.23015973893015,1
103,1,13.75,1,4.23015973893015,13.75,0
104,1,12.75,1,0,10.687564902724,1
104,1,12.75,1,10.687564902724,12.75,0
105,1,19.75,3,0,4.62054566715844,1
105,1,19.75,3,4.62054566715844,13.4226952612209,1
105,1,19.75,3,13.4226952612209,15.4177478259889,1
105,1,19.75,3,15.4177478259889,19.75,0
106,1,8.75,3,0,1.93894523561266,1
106,1,8.75,3,1.93894523561266,3.49223100810373,1
106,1,8.75,3,3.49223100810373,5.53986308165825,1
106,1,8.75,3,5.53986308165825,8.75,0
107,1,14.75,1,0,6.55094357930948,1
107,1,14.75,1,6.55094357930948,14.75,0
108,1,16.75,6,0,4.8835559715576,1
108,1,16.75,6,4.8835559715576,9.03962010600083,1
108,1,16.75,6,9.03962010600083,11.4454034855076,1
108,1,16.75,6,11.4454034855076,11.8101187220545,1
108,1,16.75,6,11.8101187220545,12.0415098932074,1
108,1,16.75,6,12.0415098932074,14.4440930986908,1
108,1,16.75,6,14.4440930986908,16.75,0
109,1,11.75,5,0,0.505743020989314,1
109,1,11.75,5,0.505743020989314,3.64058692377455,1
109,1,11.75,5,3.64058692377455,4.95329208436747,1
109,1,11.75,5,4.95329208436747,8.14413014696232,1
109,1,11.75,5,8.14413014696232,8.69215791104264,1
109,1,11.75,5,8.69215791104264,11.75,0
110,1,17.75,5,0,4.6914095398144,1
110,1,17.75,5,4.6914095398144,9.44008611737961,1
110,1,17.75,5,9.44008611737961,10.1551486686439,1
110,1,17.75,5,10.1551486686439,11.0705589366153,1
110,1,17.75,5,11.0705589366153,17.2864749343257,1
110,1,17.75,5,17.2864749343257,17.75,0
111,1,8.75,2,0,4.62526246925815,1
111,1,8.75,2,4.62526246925815,5.25811211775328,1
111,1,8.75,2,5.25811211775328,8.75,0
112,1,12.75,4,0,6.28202736317001,1
112,1,12.75,4,6.28202736317001,7.95684065431603,1
112,1,12.75,4,7.95684065431603,8.63605949810297,1
112,1,12.75,4,8.63605949810297,10.574060125836,1
112,1,12.75,4,10.574060125836,12.75,0
113,1,8.75,7,0,1.91106166306424,1
113,1,8.75,7,1.91106166306424,2.92569491801871,1
113,1,8.75,7,2.92569491801871,4.36808421079841,1
113,1,8.75,7,4.36808421079841,4.87047110562986,1
113,1,8.75,7,4.87047110562986,6.6317859450647,1
113,1,8.75,7,6.6317859450647,6.6561466732921,1
113,1,8.75,7,6.6561466732921,6.82716061595002,1
113,1,8.75,7,6.82716061595002,8.75,0
114,1,8.75,6,0,1.15794920972985,1
114,1,8.75,6,1.15794920972985,1.77596814899494,1
114,1,8.75,6,1.77596814899494,3.29019410010189,1
114,1,8.75,6,3.29019410010189,3.32947463170696,1
114,1,8.75,6,3.32947463170696,5.91648514559396,1
114,1,8.75,6,5.91648514559396,7.33080422086615,1
114,1,8.75,6,7.33080422086615,8.75,0
115,1,12.75,4,0,0.656341826194833,1
115,1,12.75,4,0.656341826194833,0.716539590685483,1
115,1,12.75,4,0.716539590685483,6.5607238803599,1
115,1,12.75,4,6.5607238803599,9.04969010480299,1
115,1,12.75,4,9.04969010480299,12.75,0
116,1,8.75,1,0,0.873651546788737,1
116,1,8.75,1,0.873651546788737,8.75,0
117,1,16.75,4,0,9.34584138345892,1
117,1,16.75,4,9.34584138345892,12.1044049438364,1
117,1,16.75,4,12.1044049438364,12.1480959400059,1
117,1,16.75,4,12.1480959400059,12.6261516907762,1
117,1,16.75,4,12.6261516907762,16.75,0
118,1,14.75,1,0,2.66378920092356,1
118,1,14.75,1,2.66378920092356,14.75,0
119,1,15.75,1,0,0.569262596400539,1
119,1,15.75,1,0.569262596400539,15.75,0
120,1,11.75,0,0,11.75,0
121,1,11.75,4,0,5.02466499557185,1
121,1,11.75,4,5.02466499557185,10.1861563794493,1
121,1,11.75,4,10.1861563794493,10.7054837536648,1
121,1,11.75,4,10.7054837536648,11.0459632038365,1
121,1,11.75,4,11.0459632038365,11.75,0
122,1,16.75,2,0,12.1273306114934,1
122,1,16.75,2,12.1273306114934,16.3139880769758,1
122,1,16.75,2,16.3139880769758,16.75,0
123,1,17.75,8,0,7.6564204503072,1
123,1,17.75,8,7.6564204503072,9.74044312670648,1
123,1,17.75,8,9.74044312670648,10.2304525703475,1
123,1,17.75,8,10.2304525703475,10.2765105440301,1
123,1,17.75,8,10.2765105440301,14.8983580058747,1
123,1,17.75,8,14.8983580058747,15.8363816514939,1
123,1,17.75,8,15.8363816514939,15.9328212068172,1
123,1,17.75,8,15.9328212068172,16.8638906851564,1
123,1,17.75,8,16.8638906851564,17.75,0
124,1,14.75,4,0,5.52812699588716,1
124,1,14.75,4,5.52812699588716,9.85571574610695,1
124,1,14.75,4,9.85571574610695,10.079046804245,1
124,1,14.75,4,10.079046804245,10.8819666497072,1
124,1,14.75,4,10.8819666497072,14.75,0
125,1,10.75,3,0,4.03601094703426,1
125,1,10.75,3,4.03601094703426,4.52797808747377,1
125,1,10.75,3,4.52797808747377,9.70754313067038,1
125,1,10.75,3,9.70754313067038,10.75,0
126,1,14.75,0,0,14.75,0
127,1,15.75,3,0,5.22429319689217,1
127,1,15.75,3,5.22429319689217,5.86160951620209,1
127,1,15.75,3,5.86160951620209,11.9052333605873,1
127,1,15.75,3,11.9052333605873,15.75,0
128,1,15.75,2,0,11.8838485748964,1
128,1,15.75,2,11.8838485748964,12.4432819399122,1
128,1,15.75,2,12.4432819399122,15.75,0
129,1,16.75,1,0,14.9253355053474,1
129,1,16.75,1,14.9253355053474,16.75,0
130,1,13.75,10,0,0.456830885907113,1
130,1,13.75,10,0.456830885907113,1.14090891805439,1
130,1,13.75,10,1.14090891805439,2.49453269408476,1
130,1,13.75,10,2.49453269408476,6.4264809928179,1
130,1,13.75,10,6.4264809928179,6.65694794478319,1
130,1,13.75,10,6.65694794478319,7.6660491555182,1
130,1,13.75,10,7.6660491555182,8.68009797182968,1
130,1,13.75,10,8.68009797182968,11.4300957791343,1
130,1,13.75,10,11.4300957791343,11.7931009324667,1
130,1,13.75,10,11.7931009324667,12.7686480448222,1
130,1,13.75,10,12.7686480448222,13.75,0
131,1,15.75,3,0,5.4772969601153,1
131,1,15.75,3,5.4772969601153,7.65809176755749,1
131,1,15.75,3,7.65809176755749,12.0205617783494,1
131,1,15.75,3,12.0205617783494,15.75,0
132,1,14.75,5,0,8.24701156971416,1
132,1,14.75,5,8.24701156971416,8.40227027303798,1
132,1,14.75,5,8.40227027303798,9.85268851763262,1
132,1,14.75,5,9.85268851763262,10.8902821727073,1
132,1,14.75,5,10.8902821727073,13.2785589049644,1
132,1,14.75,5,13.2785589049644,14.75,0
133,1,19.75,1,0,8.52111435427979,1
133,1,19.75,1,8.52111435427979,19.75,0
134,1,17.75,6,0,6.07266918371478,1
134,1,17.75,6,6.07266918371478,6.10937569170693,1
134,1,17.75,6,6.10937569170693,8.83379804501509,1
134,1,17.75,6,8.83379804501509,9.4070424922585,1
134,1,17.75,6,9.4070424922585,11.6082365567093,1
134,1,17.75,6,11.6082365567093,16.3806561143555,1
134,1,17.75,6,16.3806561143555,17.75,0
135,1,13.75,3,0,0.135963027261166,1
135,1,13.75,3,0.135963027261166,5.04667299566412,1
135,1,13.75,3,5.04667299566412,7.9763827039203,1
135,1,13.75,3,7.9763827039203,13.75,0
136,1,11.75,1,0,4.21512653794777,1
136,1,11.75,1,4.21512653794777,11.75,0
137,1,11.75,1,0,3.08913870071131,1
137,1,11.75,1,3.08913870071131,11.75,0
138,1,17.75,6,0,0.330008490740896,1
138,1,17.75,6,0.330008490740896,0.378515714611307,1
138,1,17.75,6,0.378515714611307,1.74617180883802,1
138,1,17.75,6,1.74617180883802,4.74792624302728,1
138,1,17.75,6,4.74792624302728,5.17504915462521,1
138,1,17.75,6,5.17504915462521,7.06251180029398,1
138,1,17.75,6,7.06251180029398,17.75,0
139,1,13.75,5,0,0.67738122148842,1
139,1,13.75,5,0.67738122148842,3.30392919286921,1
139,1,13.75,5,3.30392919286921,7.58807476160887,1
139,1,13.75,5,7.58807476160887,10.4628535143203,1
139,1,13.75,5,10.4628535143203,13.4541369893578,1
139,1,13.75,5,13.4541369893578,13.75,0
140,1,16.75,4,0,2.27934650265134,1
140,1,16.75,4,2.27934650265134,8.67734533878696,1
140,1,16.75,4,8.67734533878696,10.0791391742598,1
140,1,16.75,4,10.0791391742598,12.4342989428611,1
140,1,16.75,4,12.4342989428611,16.75,0
141,1,14.75,4,0,9.47949565282978,1
141,1,14.75,4,9.47949565282978,9.6821592848519,1
141,1,14.75,4,9.6821592848519,11.4341796183115,1
141,1,14.75,4,11.4341796183115,11.8913992253846,1
141,1,14.75,4,11.8913992253846,14.75,0
142,1,8.75,6,0,0.416926919503722,1
142,1,8.75,6,0.416926919503722,3.14641631192692,1
142,1,8.75,6,3.14641631192692,4.68249321120094,1
142,1,8.75,6,4.68249321120094,5.6482546513559,1
142,1,8.75,6,5.6482546513559,6.36291995188315,1
142,1,8.75,6,6.36291995188315,8.3546407690245,1
142,1,8.75,6,8.3546407690245,8.75,0
143,1,19.75,4,0,0.278531466496336,1
143,1,19.75,4,0.278531466496336,4.96140334628472,1
143,1,19.75,4,4.96140334628472,6.6094616908055,1
143,1,19.75,4,6.6094616908055,7.76011950091795,1
143,1,19.75,4,7.76011950091795,19.75,0
144,1,12.75,5,0,2.30469762834118,1
144,1,12.75,5,2.30469762834118,2.32595769055101,1
144,1,12.75,5,2.32595769055101,6.19204897712464,1
144,1,12.75,5,6.19204897712464,9.13059670499399,1
144,1,12.75,5,9.13059670499399,9.45144867456273,1
144,1,12.75,5,9.45144867456273,12.75,0
145,1,11.75,5,0,0.204953865218329,1
145,1,11.75,5,0.204953865218329,2.419704421633,1
145,1,11.75,5,2.419704421633,4.09004497168289,1
145,1,11.75,5,4.09004497168289,5.59554445172517,1
145,1,11.75,5,5.59554445172517,11.0624112856486,1
145,1,11.75,5,11.0624112856486,11.75,0
146,1,17.75,8,0,5.63454293089401,1
146,1,17.75,8,5.63454293089401,6.60191733662745,1
146,1,17.75,8,6.60191733662745,8.28716511910755,1
146,1,17.75,8,8.28716511910755,9.39122302881011,1
146,1,17.75,8,9.39122302881011,9.45111687515422,1
146,1,17.75,8,9.45111687515422,9.67495217157664,1
146,1,17.75,8,9.67495217157664,12.3417679880198,1
146,1,17.75,8,12.3417679880198,14.1416383693314,1
146,1,17.75,8,14.1416383693314,17.75,0
147,1,19.75,1,0,13.9302338352921,1
147,1,19.75,1,13.9302338352921,19.75,0
148,1,19.75,1,0,11.0621827640076,1
148,1,19.75,1,11.0621827640076,19.75,0
149,1,18.75,0,0,18.75,0
150,1,18.75,7,0,2.17820577301337,1
150,1,18.75,7,2.17820577301337,7.39416457296724,1
150,1,18.75,7,7.39416457296724,14.7442027353665,1
150,1,18.75,7,14.7442027353665,15.4862001181105,1
150,1,18.75,7,15.4862001181105,16.8869008549212,1
150,1,18.75,7,16.8869008549212,17.7224658357651,1
150,1,18.75,7,17.7224658357651,17.7673159984877,1
150,1,18.75,7,17.7673159984877,18.75,0
151,1,12.75,3,0,2.91469384717505,1
151,1,12.75,3,2.91469384717505,6.59129042660279,1
151,1,12.75,3,6.59129042660279,12.0437291415526,1
151,1,12.75,3,12.0437291415526,12.75,0
152,1,16.75,1,0,11.3238095864372,1
152,1,16.75,1,11.3238095864372,16.75,0
153,1,18.75,4,0,6.68530957161583,1
153,1,18.75,4,6.68530957161583,14.5258123272146,1
153,1,18.75,4,14.5258123272146,16.1641628386159,1
153,1,18.75,4,16.1641628386159,18.3598983704041,1
153,1,18.75,4,18.3598983704041,18.75,0
154,1,8.75,3,0,1.41067372723044,1
154,1,8.75,3,1.41067372723044,3.03604406659964,1
154,1,8.75,3,3.03604406659964,7.37246809968246,1
154,1,8.75,3,7.37246809968246,8.75,0
155,1,14.75,6,0,2.57311411680081,1
155,1,14.75,6,2.57311411680081,5.43006430548103,1
155,1,14.75,6,5.43006430548103,6.8850564935242,1
155,1,14.75,6,6.8850564935242,7.90567724202499,1
155,1,14.75,6,7.90567724202499,9.1406148499026,1
155,1,14.75,6,9.1406148499026,12.1596310370886,1
155,1,14.75,6,12.1596310370886,14.75,0
156,1,8.75,15,0,1.45939238691554,1
156,1,8.75,15,1.45939238691554,2.04633235234722,1
156,1,8.75,15,2.04633235234722,2.97906518710749,1
156,1,8.75,15,2.97906518710749,5.61729214253214,1
156,1,8.75,15,5.61729214253214,5.62096093905255,1
156,1,8.75,15,5.62096093905255,6.01721535950918,1
156,1,8.75,15,6.01721535950918,6.31259388602233,1
156,1,8.75,15,6.31259388602233,6.46330043335043,1
156,1,8.75,15,6.46330043335043,6.55879824651007,1
156,1,8.75,15,6.55879824651007,6.91640493308287,1
156,1,8.75,15,6.91640493308287,7.23142592126804,1
156,1,8.75,15,7.23142592126804,7.29425220949248,1
156,1,8.75,15,7.29425220949248,7.43149676303169,1
156,1,8.75,15,7.43149676303169,8.39745449503267,1
156,1,8.75,15,8.39745449503267,8.54986786310343,1
156,1,8.75,15,8.54986786310343,8.75,0
157,1,8.75,0,0,8.75,0
158,1,16.75,5,0,1.03697420201629,1
158,1,16.75,5,1.03697420201629,1.42914627235581,1
158,1,16.75,5,1.42914627235581,6.81218666372727,1
158,1,16.75,5,6.81218666372727,8.24807044942517,1
158,1,16.75,5,8.24807044942517,15.2474698581315,1
158,1,16.75,5,15.2474698581315,16.75,0
159,1,15.75,6,0,1.71918679853093,1
159,1,15.75,6,1.71918679853093,3.60092666915858,1
159,1,15.75,6,3.60092666915858,5.28837505446953,1
159,1,15.75,6,5.28837505446953,5.28889074231285,1
159,1,15.75,6,5.28889074231285,8.8700226570942,1
159,1,15.75,6,8.8700226570942,13.8386503430419,1
159,1,15.75,6,13.8386503430419,15.75,0
160,1,12.75,4,0,2.36944755735094,1
160,1,12.75,4,2.36944755735094,4.95759772840272,1
160,1,12.75,4,4.95759772840272,7.35239282170208,1
160,1,12.75,4,7.35239282170208,10.0499127656828,1
160,1,12.75,4,10.0499127656828,12.75,0
161,1,11.75,0,0,11.75,0
162,1,18.75,17,0,0.227885007943016,1
162,1,18.75,17,0.227885007943016,6.21500056090847,1
162,1,18.75,17,6.21500056090847,6.75063728903384,1
162,1,18.75,17,6.75063728903384,8.34081587679713,1
162,1,18.75,17,8.34081587679713,8.48392640429892,1
162,1,18.75,17,8.48392640429892,9.00479966268935,1
162,1,18.75,17,9.00479966268935,9.01717612919127,1
162,1,18.75,17,9.01717612919127,9.2514194601405,1
162,1,18.75,17,9.2514194601405,10.8409047785249,1
162,1,18.75,17,10.8409047785249,11.3036171623176,1
162,1,18.75,17,11.3036171623176,11.9277592956811,1
162,1,18.75,17,11.9277592956811,14.1729921049232,1
162,1,18.75,17,14.1729921049232,14.2739827672455,1
162,1,18.75,17,14.2739827672455,14.6395658094796,1
162,1,18.75,17,14.6395658094796,16.1463943443037,1
162,1,18.75,17,16.1463943443037,16.3977192969516,1
162,1,18.75,17,16.3977192969516,18.5702943182014,1
162,1,18.75,17,18.5702943182014,18.75,0
163,1,18.75,4,0,2.39171068742693,1
163,1,18.75,4,2.39171068742693,8.63204079515851,1
163,1,18.75,4,8.63204079515851,12.7704404075331,1
163,1,18.75,4,12.7704404075331,15.6418843509199,1
163,1,18.75,4,15.6418843509199,18.75,0
164,1,10.75,1,0,5.85944522358208,1
164,1,10.75,1,5.85944522358208,10.75,0
165,1,14.75,1,0,4.00437110128913,1
165,1,14.75,1,4.00437110128913,14.75,0
166,1,17.75,12,0,1.66085467406524,1
166,1,17.75,12,1.66085467406524,2.6776394235332,1
166,1,17.75,12,2.6776394235332,2.74086138945453,1
166,1,17.75,12,2.74086138945453,6.77599487033086,1
166,1,17.75,12,6.77599487033086,7.52990855672925,1
166,1,17.75,12,7.52990855672925,12.0879036841746,1
166,1,17.75,12,12.0879036841746,12.1559203035829,1
166,1,17.75,12,12.1559203035829,13.1422401286409,1
166,1,17.75,12,13.1422401286409,13.1767313366746,1
166,1,17.75,12,13.1767313366746,14.4596901146067,1
166,1,17.75,12,14.4596901146067,15.1953586039855,1
166,1,17.75,12,15.1953586039855,17.1759484560602,1
166,1,17.75,12,17.1759484560602,17.75,0
167,1,11.75,2,0,5.57607610249311,1
167,1,11.75,2,5.57607610249311,8.65356511470257,1
167,1,11.75,2,8.65356511470257,11.75,0
168,1,10.75,2,0,5.42341846854996,1
168,1,10.75,2,5.42341846854996,5.60555998705902,1
168,1,10.75,2,5.60555998705902,10.75,0
169,1,17.75,4,0,0.0890887301145048,1
169,1,17.75,4,0.0890887301145048,0.895705725481415,1
169,1,17.75,4,0.895705725481415,4.39030560904931,1
169,1,17.75,4,4.39030560904931,12.2294600482599,1
169,1,17.75,4,12.2294600482599,17.75,0
170,1,15.75,2,0,4.79573208793571,1
170,1,15.75,2,4.79573208793571,9.64295212557883,1
170,1,15.75,2,9.64295212557883,15.75,0
171,1,17.75,0,0,17.75,0
172,1,18.75,6,0,5.23564165898241,1
172,1,18.75,6,5.23564165898241,8.04462537265015,1
172,1,18.75,6,8.04462537265015,10.928990757235,1
172,1,18.75,6,10.928990757235,11.6858052940471,1
172,1,18.75,6,11.6858052940471,12.938895822292,1
172,1,18.75,6,12.938895822292,16.0535968270799,1
172,1,18.75,6,16.0535968270799,18.75,0
173,1,17.75,0,0,17.75,0
174,1,10.75,1,0,0.304758398308746,1
174,1,10.75,1,0.304758398308746,10.75,0
175,1,13.75,4,0,0.369204090990572,1
175,1,13.75,4,0.369204090990572,5.86954706482076,1
175,1,13.75,4,5.86954706482076,9.83235775529429,1
175,1,13.75,4,9.83235775529429,13.2314539709665,1
175,1,13.75,4,13.2314539709665,13.75,0
176,1,16.75,8,0,0.626164892361113,1
176,1,16.75,8,0.626164892361113,1.96755264684252,1
176,1,16.75,8,1.96755264684252,2.79074367894306,1
176,1,16.75,8,2.79074367894306,4.79116802601104,1
176,1,16.75,8,4.79116802601104,11.6142473363316,1
176,1,16.75,8,11.6142473363316,13.0997363279533,1
176,1,16.75,8,13.0997363279533,15.190174399125,1
176,1,16.75,8,15.190174399125,16.1670487772633,1
176,1,16.75,8,16.1670487772633,16.75,0
177,1,14.75,6,0,1.27407465970456,1
177,1,14.75,6,1.27407465970456,2.08891508122509,1
177,1,14.75,6,2.08891508122509,2.68535657637867,1
177,1,14.75,6,2.68535657637867,5.08143127502371,1
177,1,14.75,6,5.08143127502371,7.63858057971382,1
177,1,14.75,6,7.63858057971382,11.1589221703621,1
177,1,14.75,6,11.1589221703621,14.75,0
178,1,14.75,0,0,14.75,0
179,1,13.75,4,0,4.93952057820995,1
179,1,13.75,4,4.93952057820995,6.02148492733896,1
179,1,13.75,4,6.02148492733896,12.507296781612,1
179,1,13.75,4,12.507296781612,13.6903935741551,1
179,1,13.75,4,13.6903935741551,13.75,0
180,1,11.75,2,0,6.50285026925207,1
180,1,11.75,2,6.50285026925207,11.7050881134943,1
180,1,11.75,2,11.7050881134943,11.75,0
181,1,20.75,11,0,1.8095182456028,1
181,1,20.75,11,1.8095182456028,2.43000419321325,1
181,1,20.75,11,2.43000419321325,2.76601329945512,1
181,1,20.75,11,2.76601329945512,6.68371600217939,1
181,1,20.75,11,6.68371600217939,7.15878845780763,1
181,1,20.75,11,7.15878845780763,8.10163730737936,1
181,1,20.75,11,8.10163730737936,9.63850446626703,1
181,1,20.75,11,9.63850446626703,10.6268244609742,1
181,1,20.75,11,10.6268244609742,12.534890037868,1
181,1,20.75,11,12.534890037868,14.5736322761452,1
181,1,20.75,11,14.5736322761452,20.6424631134387,1
181,1,20.75,11,20.6424631134387,20.75,0
182,1,16.75,7,0,0.25370744917645,1
182,1,16.75,7,0.25370744917645,2.00711610162909,1
182,1,16.75,7,2.00711610162909,2.59025930842956,1
182,1,16.75,7,2.59025930842956,2.70459801196405,1
182,1,16.75,7,2.70459801196405,4.59972064621944,1
182,1,16.75,7,4.59972064621944,7.8428651827551,1
182,1,16.75,7,7.8428651827551,7.88804500478125,1
182,1,16.75,7,7.88804500478125,16.75,0
183,1,17.75,1,0,0.549891191610566,1
183,1,17.75,1,0.549891191610566,17.75,0
184,1,19.75,7,0,1.49531066396287,1
184,1,19.75,7,1.49531066396287,2.23184083901078,1
184,1,19.75,7,2.23184083901078,11.9757556019111,1
184,1,19.75,7,11.9757556019111,12.0207068172323,1
184,1,19.75,7,12.0207068172323,12.7040487274096,1
184,1,19.75,7,12.7040487274096,16.8948992716619,1
184,1,19.75,7,16.8948992716619,19.4947498816865,1
184,1,19.75,7,19.4947498816865,19.75,0
185,1,15.75,0,0,15.75,0
186,1,15.75,1,0,13.9983004493621,1
186,1,15.75,1,13.9983004493621,15.75,0
187,1,11.75,0,0,11.75,0
188,1,10.75,5,0,2.28337577797022,1
188,1,10.75,5,2.28337577797022,3.00997892757086,1
188,1,10.75,5,3.00997892757086,6.57676420597852,1
188,1,10.75,5,6.57676420597852,9.13038323657381,1
188,1,10.75,5,9.13038323657381,10.5456345105132,1
188,1,10.75,5,10.5456345105132,10.75,0
189,1,13.75,2,0,4.47406565896355,1
189,1,13.75,2,4.47406565896355,11.7070303645764,1
189,1,13.75,2,11.7070303645764,13.75,0
190,1,17.75,7,0,1.98700217894827,1
190,1,17.75,7,1.98700217894827,3.59995239438995,1
190,1,17.75,7,3.59995239438995,5.57917743409794,1
190,1,17.75,7,5.57917743409794,5.97413226172768,1
190,1,17.75,7,5.97413226172768,6.30462082841745,1
190,1,17.75,7,6.30462082841745,7.35546700406182,1
190,1,17.75,7,7.35546700406182,12.5392682672499,1
190,1,17.75,7,12.5392682672499,17.75,0
191,1,15.75,1,0,8.51931783173784,1
191,1,15.75,1,8.51931783173784,15.75,0
192,1,14.75,6,0,0.664403724549877,1
192,1,14.75,6,0.664403724549877,6.50863645844078,1
192,1,14.75,6,6.50863645844078,7.09722351090994,1
192,1,14.75,6,7.09722351090994,10.4491537835162,1
192,1,14.75,6,10.4491537835162,13.7312737071071,1
192,1,14.75,6,13.7312737071071,13.7529495776344,1
192,1,14.75,6,13.7529495776344,14.75,0
193,1,12.75,3,0,0.255621821334862,1
193,1,12.75,3,0.255621821334862,6.86600197913781,1
193,1,12.75,3,6.86600197913781,10.1703074509071,1
193,1,12.75,3,10.1703074509071,12.75,0
194,1,9.75,1,0,3.51136441349728,1
194,1,9.75,1,3.51136441349728,9.75,0
195,1,14.75,11,0,0.996510400986061,1
195,1,14.75,11,0.996510400986061,3.66009768790356,1
195,1,14.75,11,3.66009768790356,5.35421376591853,1
195,1,14.75,11,5.35421376591853,6.15218058812562,1
195,1,14.75,11,6.15218058812562,8.34569949855369,1
195,1,14.75,11,8.34569949855369,8.53649436208314,1
195,1,14.75,11,8.53649436208314,8.62574681652748,1
195,1,14.75,11,8.62574681652748,9.51547002076657,1
195,1,14.75,11,9.51547002076657,11.684229412826,1
195,1,14.75,11,11.684229412826,13.8185968352229,1
195,1,14.75,11,13.8185968352229,14.5199243854973,1
195,1,14.75,11,14.5199243854973,14.75,0
196,1,18.75,10,0,1.35784138234637,1
196,1,18.75,10,1.35784138234637,1.64291171583106,1
196,1,18.75,10,1.64291171583106,5.13036234342763,1
196,1,18.75,10,5.13036234342763,7.69641611394086,1
196,1,18.75,10,7.69641611394086,12.1991394381979,1
196,1,18.75,10,12.1991394381979,12.8397917976251,1
196,1,18.75,10,12.8397917976251,16.0571418150513,1
196,1,18.75,10,16.0571418150513,16.980380428061,1
196,1,18.75,10,16.980380428061,17.4199082733898,1
196,1,18.75,10,17.4199082733898,17.5190159650747,1
196,1,18.75,10,17.5190159650747,18.75,0
197,1,9.75,0,0,9.75,0
198,1,9.75,3,0,0.00280467909439495,1
198,1,9.75,3,0.00280467909439495,7.08145390175693,1
198,1,9.75,3,7.08145390175693,9.57793741622084,1
198,1,9.75,3,9.57793741622084,9.75,0
199,1,16.75,3,0,2.27018951866104,1
199,1,16.75,3,2.27018951866104,3.76470717035164,1
199,1,16.75,3,3.76470717035164,8.25940906948789,1
199,1,16.75,3,8.25940906948789,16.75,0
200,1,14.75,3,0,6.47427016302493,1
200,1,14.75,3,6.47427016302493,6.62573902512534,1
200,1,14.75,3,6.62573902512534,13.627116864466,1
200,1,14.75,3,13.627116864466,14.75,0
201,1,14.75,1,0,11.7187897813309,1
201,1,14.75,1,11.7187897813309,14.75,0
202,1,14.75,9,0,0.317518283938928,1
202,1,14.75,9,0.317518283938928,1.25630163217329,1
202,1,14.75,9,1.25630163217329,2.15356647750358,1
202,1,14.75,9,2.15356647750358,2.75633627643509,1
202,1,14.75,9,2.75633627643509,7.60007323739588,1
202,1,14.75,9,7.60007323739588,9.46043769459072,1
202,1,14.75,9,9.46043769459072,12.9585646583876,1
202,1,14.75,9,12.9585646583876,13.2026856068248,1
202,1,14.75,9,13.2026856068248,14.2347902293742,1
202,1,14.75,9,14.2347902293742,14.75,0
203,1,15.75,3,0,0.138702478898819,1
203,1,15.75,3,0.138702478898819,1.98165309391706,1
203,1,15.75,3,1.98165309391706,7.30403627629218,1
203,1,15.75,3,7.30403627629218,15.75,0
204,1,12.75,7,0,0.778882185389092,1
204,1,12.75,7,0.778882185389092,5.53031964792486,1
204,1,12.75,7,5.53031964792486,8.20536363497035,1
204,1,12.75,7,8.20536363497035,8.92219624932206,1
204,1,12.75,7,8.92219624932206,9.2663558929284,1
204,1,12.75,7,9.2663558929284,10.0264858632512,1
204,1,12.75,7,10.0264858632512,11.4630171308128,1
204,1,12.75,7,11.4630171308128,12.75,0
205,1,13.75,4,0,5.405057919171,1
205,1,13.75,4,5.405057919171,7.30813873271701,1
205,1,13.75,4,7.30813873271701,10.2732145416235,1
205,1,13.75,4,10.2732145416235,11.0941875304955,1
205,1,13.75,4,11.0941875304955,13.75,0
206,1,17.75,5,0,0.0332598206912139,1
206,1,17.75,5,0.0332598206912139,6.85210866260657,1
206,1,17.75,5,6.85210866260657,9.34558203391628,1
206,1,17.75,5,9.34558203391628,10.9691568933943,1
206,1,17.75,5,10.9691568933943,12.9182231060726,1
206,1,17.75,5,12.9182231060726,17.75,0
207,1,10.75,4,0,1.68860019663384,1
207,1,10.75,4,1.68860019663384,8.97574100988347,1
207,1,10.75,4,8.97574100988347,9.84800410119563,1
207,1,10.75,4,9.84800410119563,10.4409798227727,1
207,1,10.75,4,10.4409798227727,10.75,0
208,1,15.75,5,0,1.89844788409699,1
208,1,15.75,5,1.89844788409699,3.27471999186141,1
208,1,15.75,5,3.27471999186141,8.49310058527862,1
208,1,15.75,5,8.49310058527862,11.5421997306155,1
208,1,15.75,5,11.5421997306155,13.397428491088,1
208,1,15.75,5,13.397428491088,15.75,0
209,1,17.75,4,0,5.79027847482889,1
209,1,17.75,4,5.79027847482889,7.75987007261161,1
209,1,17.75,4,7.75987007261161,9.26615797006615,1
209,1,17.75,4,9.26615797006615,11.8017321065648,1
209,1,17.75,4,11.8017321065648,17.75,0
210,1,8.75,2,0,6.31349228296361,1
210,1,8.75,2,6.31349228296361,7.44183889387419,1
210,1,8.75,2,7.44183889387419,8.75,0
211,1,20.75,7,0,3.35339476875789,1
211,1,20.75,7,3.35339476875789,7.81231947615778,1
211,1,20.75,7,7.81231947615778,11.953518934813,1
211,1,20.75,7,11.953518934813,12.6906070945222,1
211,1,20.75,7,12.6906070945222,13.474810534208,1
211,1,20.75,7,13.474810534208,15.7773222120067,1
211,1,20.75,7,15.7773222120067,17.8263339678779,1
211,1,20.75,7,17.8263339678779,20.75,0
212,1,11.75,4,0,2.21570531317696,1
212,1,11.75,4,2.21570531317696,2.57562183854676,1
212,1,11.75,4,2.57562183854676,9.10345061047783,1
212,1,11.75,4,9.10345061047783,10.0782821582098,1
212,1,11.75,4,10.0782821582098,11.75,0
213,1,8.75,1,0,4.81264948025844,1
213,1,8.75,1,4.81264948025844,8.75,0
214,1,9.75,1,0,5.45776276825823,1
214,1,9.75,1,5.45776276825823,9.75,0
215,1,14.75,1,0,9.95728815222251,1
215,1,14.75,1,9.95728815222251,14.75,0
216,1,14.75,9,0,2.29686806876714,1
216,1,14.75,9,2.29686806876714,2.81728286923494,1
216,1,14.75,9,2.81728286923494,3.77209590624428,1
216,1,14.75,9,3.77209590624428,4.35192399555505,1
216,1,14.75,9,4.35192399555505,5.9180129273051,1
216,1,14.75,9,5.9180129273051,6.11200791675996,1
216,1,14.75,9,6.11200791675996,6.84924495902851,1
216,1,14.75,9,6.84924495902851,7.22624367911472,1
216,1,14.75,9,7.22624367911472,7.51692573350536,1
216,1,14.75,9,7.51692573350536,14.75,0
217,1,13.75,7,0,6.76869576278673,1
217,1,13.75,7,6.76869576278673,8.16978574292667,1
217,1,13.75,7,8.16978574292667,8.43335600830937,1
217,1,13.75,7,8.43335600830937,12.8332042054023,1
217,1,13.75,7,12.8332042054023,13.2694838663351,1
217,1,13.75,7,13.2694838663351,13.3042303350913,1
217,1,13.75,7,13.3042303350913,13.4871128599417,1
217,1,13.75,7,13.4871128599417,13.75,0
218,1,14.75,4,0,0.367785981720247,1
218,1,14.75,4,0.367785981720247,5.35079438002555,1
218,1,14.75,4,5.35079438002555,11.298047927313,1
218,1,14.75,4,11.298047927313,14.5502877688915,1
218,1,14.75,4,14.5502877688915,14.75,0
219,1,18.75,1,0,10.5760885514702,1
219,1,18.75,1,10.5760885514702,18.75,0
220,1,8.75,3,0,4.61380045539228,1
220,1,8.75,3,4.61380045539228,6.17552777702919,1
220,1,8.75,3,6.17552777702919,6.32707293744544,1
220,1,8.75,3,6.32707293744544,8.75,0
221,1,11.75,5,0,4.922556057048,1
221,1,11.75,5,4.922556057048,6.72673097665392,1
221,1,11.75,5,6.72673097665392,6.84878780067594,1
221,1,11.75,5,6.84878780067594,6.89347604769034,1
221,1,11.75,5,6.89347604769034,10.7640954410953,1
221,1,11.75,5,10.7640954410953,11.75,0
222,1,8.75,4,0,2.95642049458573,1
222,1,8.75,4,2.95642049458573,4.19957058099413,1
222,1,8.75,4,4.19957058099413,4.33604428869484,1
222,1,8.75,4,4.33604428869484,7.07855347515252,1
222,1,8.75,4,7.07855347515252,8.75,0
223,1,14.75,8,0,0.242144641302617,1
223,1,14.75,8,0.242144641302617,2.25767435659482,1
223,1,14.75,8,2.25767435659482,7.00106956301573,1
223,1,14.75,8,7.00106956301573,7.10731279267506,1
223,1,14.75,8,7.10731279267506,8.17155768929854,1
223,1,14.75,8,8.17155768929854,10.9985912991844,1
223,1,14.75,8,10.9985912991844,11.4379004406957,1
223,1,14.75,8,11.4379004406957,12.7176068728192,1
223,1,14.75,8,12.7176068728192,14.75,0
224,1,15.75,2,0,11.8009783615724,1
224,1,15.75,2,11.8009783615724,11.9554846055174,1
224,1,15.75,2,11.9554846055174,15.75,0
225,1,13.75,2,0,3.59252705240669,1
225,1,13.75,2,3.59252705240669,11.4366219913919,1
225,1,13.75,2,11.4366219913919,13.75,0
226,1,14.75,1,0,2.73119399322421,1
226,1,14.75,1,2.73119399322421,14.75,0
227,1,16.75,5,0,2.419276493739,1
227,1,16.75,5,2.419276493739,4.70102570598019,1
227,1,16.75,5,4.70102570598019,6.21634849299806,1
227,1,16.75,5,6.21634849299806,13.2116224147234,1
227,1,16.75,5,13.2116224147234,16.6324422696911,1
227,1,16.75,5,16.6324422696911,16.75,0
228,1,20.75,5,0,10.9274444971212,1
228,1,20.75,5,10.9274444971212,12.7362548147584,1
228,1,20.75,5,12.7362548147584,13.1754876725371,1
228,1,20.75,5,13.1754876725371,14.4965772913516,1
228,1,20.75,5,14.4965772913516,16.0317529713272,1
228,1,20.75,5,16.0317529713272,20.75,0
229,1,18.75,2,0,11.2467601551468,1
229,1,18.75,2,11.2467601551468,18.0644187102441,1
229,1,18.75,2,18.0644187102441,18.75,0
230,1,13.75,4,0,4.02050242618346,1
230,1,13.75,4,4.02050242618346,6.75137097556159,1
230,1,13.75,4,6.75137097556159,8.86749383219563,1
230,1,13.75,4,8.86749383219563,11.6521258492394,1
230,1,13.75,4,11.6521258492394,13.75,0
231,1,14.75,7,0,0.274598004799599,1
231,1,14.75,7,0.274598004799599,2.91702226352196,1
231,1,14.75,7,2.91702226352196,3.00492521205839,1
231,1,14.75,7,3.00492521205839,3.50116855112517,1
231,1,14.75,7,3.50116855112517,4.3148484859258,1
231,1,14.75,7,4.3148484859258,5.53521183442091,1
231,1,14.75,7,5.53521183442091,14.5040521801543,1
231,1,14.75,7,14.5040521801543,14.75,0
232,1,10.75,2,0,4.73270064117947,1
232,1,10.75,2,4.73270064117947,9.93451376151106,1
232,1,10.75,2,9.93451376151106,10.75,0
233,1,11.75,3,0,2.16890722318289,1
233,1,11.75,3,2.16890722318289,7.64883473162975,1
233,1,11.75,3,7.64883473162975,8.15352809632723,1
233,1,11.75,3,8.15352809632723,11.75,0
234,1,13.75,1,0,1.59680139914824,1
234,1,13.75,1,1.59680139914824,13.75,0
235,1,17.75,4,0,4.94463911715215,1
235,1,17.75,4,4.94463911715215,9.62123783260631,1
235,1,17.75,4,9.62123783260631,9.84358662552294,1
235,1,17.75,4,9.84358662552294,11.1007864412953,1
235,1,17.75,4,11.1007864412953,17.75,0
236,1,18.75,4,0,7.93062257704051,1
236,1,18.75,4,7.93062257704051,9.45750652555674,1
236,1,18.75,4,9.45750652555674,11.3464672188203,1
236,1,18.75,4,11.3464672188203,14.3582535814726,1
236,1,18.75,4,14.3582535814726,18.75,0
237,1,18.75,0,0,18.75,0
238,1,10.75,1,0,3.89268973626447,1
238,1,10.75,1,3.89268973626447,10.75,0
239,1,16.75,4,0,2.72628909488234,1
239,1,16.75,4,2.72628909488234,9.79765086163504,1
239,1,16.75,4,9.79765086163504,9.97360105342513,1
239,1,16.75,4,9.97360105342513,11.8530462448927,1
239,1,16.75,4,11.8530462448927,16.75,0
240,1,9.75,2,0,4.86583986226071,1
240,1,9.75,2,4.86583986226071,9.38906760087671,1
240,1,9.75,2,9.38906760087671,9.75,0
241,1,10.75,1,0,5.06508411162265,1
241,1,10.75,1,5.06508411162265,10.75,0
242,1,13.75,2,0,7.77282565722914,1
242,1,13.75,2,7.77282565722914,10.5680003195374,1
242,1,13.75,2,10.5680003195374,13.75,0
243,1,15.75,4,0,4.61726883379835,1
243,1,15.75,4,4.61726883379835,11.558132740316,1
243,1,15.75,4,11.558132740316,12.4721198991568,1
243,1,15.75,4,12.4721198991568,15.342214901595,1
243,1,15.75,4,15.342214901595,15.75,0
244,1,14.75,7,0,2.4080614735997,1
244,1,14.75,7,2.4080614735997,3.73765010907921,1
244,1,14.75,7,3.73765010907921,4.5925418123058,1
244,1,14.75,7,4.5925418123058,7.10135480785866,1
244,1,14.75,7,7.10135480785866,7.98789380805741,1
244,1,14.75,7,7.98789380805741,12.1015024008346,1
244,1,14.75,7,12.1015024008346,13.735084413481,1
244,1,14.75,7,13.735084413481,14.75,0
245,1,11.75,5,0,0.345978009417608,1
245,1,11.75,5,0.345978009417608,0.815861542339511,1
245,1,11.75,5,0.815861542339511,10.5682695292461,1
245,1,11.75,5,10.5682695292461,11.2358154228237,1
245,1,11.75,5,11.2358154228237,11.5578837021893,1
245,1,11.75,5,11.5578837021893,11.75,0
246,1,11.75,5,0,1.46357693052301,1
246,1,11.75,5,1.46357693052301,8.05289347872577,1
246,1,11.75,5,8.05289347872577,8.35296209331786,1
246,1,11.75,5,8.35296209331786,9.40831208834791,1
246,1,11.75,5,9.40831208834791,11.6105534925661,1
246,1,11.75,5,11.6105534925661,11.75,0
247,1,11.75,2,0,1.60856241753543,1
247,1,11.75,2,1.60856241753543,2.4269843500903,1
247,1,11.75,2,2.4269843500903,11.75,0
248,1,10.75,2,0,6.0667863217398,1
248,1,10.75,2,6.0667863217398,7.19095099303107,1
248,1,10.75,2,7.19095099303107,10.75,0
249,1,17.75,0,0,17.75,0
250,1,14.75,6,0,0.114305997380076,1
250,1,14.75,6,0.114305997380076,1.34371658534538,1
250,1,14.75,6,1.34371658534538,2.5651155561474,1
250,1,14.75,6,2.5651155561474,3.42820693163947,1
250,1,14.75,6,3.42820693163947,4.24828717828347,1
250,1,14.75,6,4.24828717828347,6.34002283469239,1
250,1,14.75,6,6.34002283469239,14.75,0
251,1,17.75,13,0,0.639082866980225,1
251,1,17.75,13,0.639082866980225,2.48034282033189,1
251,1,17.75,13,2.48034282033189,2.51265590866125,1
251,1,17.75,13,2.51265590866125,3.30313081952415,1
251,1,17.75,13,3.30313081952415,3.82310553587459,1
251,1,17.75,13,3.82310553587459,4.96066528582955,1
251,1,17.75,13,4.96066528582955,5.76128926634375,1
251,1,17.75,13,5.76128926634375,6.40008003309427,1
251,1,17.75,13,6.40008003309427,7.31966367531308,1
251,1,17.75,13,7.31966367531308,10.2362065667596,1
251,1,17.75,13,10.2362065667596,11.5888882554954,1
251,1,17.75,13,11.5888882554954,12.2834669271002,1
251,1,17.75,13,12.2834669271002,17.6719181521832,1
251,1,17.75,13,17.6719181521832,17.75,0
252,1,16.75,5,0,1.35817669252188,1
252,1,16.75,5,1.35817669252188,2.87276337812258,1
252,1,16.75,5,2.87276337812258,3.94173007496316,1
252,1,16.75,5,3.94173007496316,6.82523267862125,1
252,1,16.75,5,6.82523267862125,9.70565569334077,1
252,1,16.75,5,9.70565569334077,16.75,0
253,1,16.75,8,0,1.09648022801536,1
253,1,16.75,8,1.09648022801536,2.45884395028365,1
253,1,16.75,8,2.45884395028365,4.59282775440793,1
253,1,16.75,8,4.59282775440793,7.52778516109668,1
253,1,16.75,8,7.52778516109668,12.2496457042816,1
253,1,16.75,8,12.2496457042816,13.869918204872,1
253,1,16.75,8,13.869918204872,15.524580402921,1
253,1,16.75,8,15.524580402921,16.6735965837629,1
253,1,16.75,8,16.6735965837629,16.75,0
254,1,12.75,2,0,6.94025772122099,1
254,1,12.75,2,6.94025772122099,10.9925746868644,1
254,1,12.75,2,10.9925746868644,12.75,0
255,1,8.75,3,0,1.43375450487007,1
255,1,8.75,3,1.43375450487007,4.7374298145961,1
255,1,8.75,3,4.7374298145961,5.76338282739934,1
255,1,8.75,3,5.76338282739934,8.75,0
256,1,13.75,0,0,13.75,0
257,1,13.75,2,0,3.12750489296846,1
257,1,13.75,2,3.12750489296846,4.4327144065422,1
257,1,13.75,2,4.4327144065422,13.75,0
258,1,18.75,3,0,4.99038970749813,1
258,1,18.75,3,4.99038970749813,10.2517923560954,1
258,1,18.75,3,10.2517923560954,11.3156008680776,1
258,1,18.75,3,11.3156008680776,18.75,0
259,1,9.75,2,0,8.6130192880569,1
259,1,9.75,2,8.6130192880569,8.86709308619267,1
259,1,9.75,2,8.86709308619267,9.75,0
260,1,20.75,2,0,5.45560789058305,1
260,1,20.75,2,5.45560789058305,12.2117941173173,1
260,1,20.75,2,12.2117941173173,20.75,0
261,1,9.75,3,0,4.4539908489515,1
261,1,9.75,3,4.4539908489515,5.42834800008158,1
261,1,9.75,3,5.42834800008158,9.33074823512816,1
261,1,9.75,3,9.33074823512816,9.75,0
262,1,15.75,0,0,15.75,0
263,1,16.75,0,0,16.75,0
264,1,12.75,4,0,2.37328657747401,1
264,1,12.75,4,2.37328657747401,2.79992352909262,1
264,1,12.75,4,2.79992352909262,8.09577736717752,1
264,1,12.75,4,8.09577736717752,8.99660019493509,1
264,1,12.75,4,8.99660019493509,12.75,0
265,1,11.75,3,0,0.505868603315802,1
265,1,11.75,3,0.505868603315802,6.27836198594601,1
265,1,11.75,3,6.27836198594601,10.4209469299113,1
265,1,11.75,3,10.4209469299113,11.75,0
266,1,11.75,0,0,11.75,0
267,1,17.75,3,0,0.156955530278193,1
267,1,17.75,3,0.156955530278193,7.33866773520491,1
267,1,17.75,3,7.33866773520491,13.0479655145823,1
267,1,17.75,3,13.0479655145823,17.75,0
268,1,14.75,4,0,5.84770632152524,1
268,1,14.75,4,5.84770632152524,7.02997288622872,1
268,1,14.75,4,7.02997288622872,7.44352713500613,1
268,1,14.75,4,7.44352713500613,8.40531647335638,1
268,1,14.75,4,8.40531647335638,14.75,0
269,1,15.75,6,0,0.321049170202594,1
269,1,15.75,6,0.321049170202594,0.48630104539114,1
269,1,15.75,6,0.48630104539114,10.0272399253653,1
269,1,15.75,6,10.0272399253653,12.9479037190363,1
269,1,15.75,6,12.9479037190363,14.1277458955551,1
269,1,15.75,6,14.1277458955551,14.5917979382887,1
269,1,15.75,6,14.5917979382887,15.75,0
270,1,16.75,3,0,2.49497233276794,1
270,1,16.75,3,2.49497233276794,5.90909634876203,1
270,1,16.75,3,5.90909634876203,11.1115099485602,1
270,1,16.75,3,11.1115099485602,16.75,0
271,1,10.75,1,0,6.80471282266536,1
271,1,10.75,1,6.80471282266536,10.75,0
272,1,13.75,4,0,1.99510350031299,1
272,1,13.75,4,1.99510350031299,6.60591686591031,1
272,1,13.75,4,6.60591686591031,10.7534868994365,1
272,1,13.75,4,10.7534868994365,11.4648215381421,1
272,1,13.75,4,11.4648215381421,13.75,0
273,1,12.75,1,0,12.3634250499334,1
273,1,12.75,1,12.3634250499334,12.75,0
274,1,13.75,2,0,0.583604609098347,1
274,1,13.75,2,0.583604609098347,4.48886825251412,1
274,1,13.75,2,4.48886825251412,13.75,0
275,1,13.75,1,0,11.6844735550511,1
275,1,13.75,1,11.6844735550511,13.75,0
276,1,12.75,2,0,11.3166673132212,1
276,1,12.75,2,11.3166673132212,12.4520791486187,1
276,1,12.75,2,12.4520791486187,12.75,0
277,1,11.75,5,0,2.34136490126093,1
277,1,11.75,5,2.34136490126093,2.94187744514886,1
277,1,11.75,5,2.94187744514886,4.59569429494957,1
277,1,11.75,5,4.59569429494957,8.31190656583005,1
277,1,11.75,5,8.31190656583005,10.8183573971265,1
277,1,11.75,5,10.8183573971265,11.75,0
278,1,20.75,2,0,8.75402788666757,1
278,1,20.75,2,8.75402788666757,20.0837645680433,1
278,1,20.75,2,20.0837645680433,20.75,0
279,1,18.75,4,0,7.95583855883828,1
279,1,18.75,4,7.95583855883828,12.2961965375442,1
279,1,18.75,4,12.2961965375442,13.2458135074098,1
279,1,18.75,4,13.2458135074098,14.8869820608225,1
279,1,18.75,4,14.8869820608225,18.75,0
280,1,8.75,4,0,3.7783812843093,1
280,1,8.75,4,3.7783812843093,6.88553477018407,1
280,1,8.75,4,6.88553477018407,6.88589000326354,1
280,1,8.75,4,6.88589000326354,7.51272498146439,1
280,1,8.75,4,7.51272498146439,8.75,0
281,1,9.75,2,0,2.69062781472359,1
281,1,9.75,2,2.69062781472359,7.10261136508367,1
281,1,9.75,2,7.10261136508367,9.75,0
282,1,13.75,0,0,13.75,0
283,1,18.75,2,0,2.06671853145577,1
283,1,18.75,2,2.06671853145577,7.20206235919002,1
283,1,18.75,2,7.20206235919002,18.75,0
284,1,16.75,2,0,0.032397519619723,1
284,1,16.75,2,0.032397519619723,5.4199025988447,1
284,1,16.75,2,5.4199025988447,16.75,0
285,1,9.75,0,0,9.75,0
286,1,8.75,0,0,8.75,0
287,1,8.75,1,0,2.9187502730763,1
287,1,8.75,1,2.9187502730763,8.75,0
288,1,16.75,4,0,0.665575226121201,1
288,1,16.75,4,0.665575226121201,3.79825065561771,1
288,1,16.75,4,3.79825065561771,8.38267488231935,1
288,1,16.75,4,8.38267488231935,10.8929619771361,1
288,1,16.75,4,10.8929619771361,16.75,0
289,1,13.75,1,0,13.6431089470332,1
289,1,13.75,1,13.6431089470332,13.75,0
290,1,16.75,3,0,7.51044702929632,1
290,1,16.75,3,7.51044702929632,8.01204154888965,1
290,1,16.75,3,8.01204154888965,14.8039605913202,1
290,1,16.75,3,14.8039605913202,16.75,0
291,1,8.75,1,0,0.0283075856255393,1
291,1,8.75,1,0.0283075856255393,8.75,0
292,1,11.75,9,0,1.73672920728186,1
292,1,11.75,9,1.73672920728186,2.96322013107052,1
292,1,11.75,9,2.96322013107052,4.27383926928327,1
292,1,11.75,9,4.27383926928327,4.98854189832771,1
292,1,11.75,9,4.98854189832771,6.66836015906337,1
292,1,11.75,9,6.66836015906337,6.90850286026891,1
292,1,11.75,9,6.90850286026891,7.93450216178915,1
292,1,11.75,9,7.93450216178915,9.47044003570201,1
292,1,11.75,9,9.47044003570201,10.2184982938647,1
292,1,11.75,9,10.2184982938647,11.75,0
293,1,8.75,5,0,0.105377389094872,1
293,1,8.75,5,0.105377389094872,0.470310200845419,1
293,1,8.75,5,0.470310200845419,3.90314800301045,1
293,1,8.75,5,3.90314800301045,7.65146227787625,1
293,1,8.75,5,7.65146227787625,8.51040828151897,1
293,1,8.75,5,8.51040828151897,8.75,0
294,1,8.75,3,0,0.569233006918109,1
294,1,8.75,3,0.569233006918109,8.20735714266961,1
294,1,8.75,3,8.20735714266961,8.34788678048442,1
294,1,8.75,3,8.34788678048442,8.75,0
295,1,15.75,11,0,0.412013984560441,1
295,1,15.75,11,0.412013984560441,2.40044333794463,1
295,1,15.75,11,2.40044333794463,5.37204380251405,1
295,1,15.75,11,5.37204380251405,6.2605721938942,1
295,1,15.75,11,6.2605721938942,6.89287006496257,1
295,1,15.75,11,6.89287006496257,8.91369960312476,1
295,1,15.75,11,8.91369960312476,11.201174338163,1
295,1,15.75,11,11.201174338163,13.2078322653169,1
295,1,15.75,11,13.2078322653169,13.3472145160747,1
295,1,15.75,11,13.3472145160747,13.60715185603,1
295,1,15.75,11,13.60715185603,14.7995449080587,1
295,1,15.75,11,14.7995449080587,15.75,0
296,1,14.75,1,0,14.6481428982332,1
296,1,14.75,1,14.6481428982332,14.75,0
297,1,12.75,0,0,12.75,0
298,1,12.75,6,0,0.139785558955718,1
298,1,12.75,6,0.139785558955718,1.16373793072909,1
298,1,12.75,6,1.16373793072909,1.88954255887974,1
298,1,12.75,6,1.88954255887974,2.61408060325132,1
298,1,12.75,6,2.61408060325132,2.98022586099863,1
298,1,12.75,6,2.98022586099863,11.5672254500662,1
298,1,12.75,6,11.5672254500662,12.75,0
299,1,18.75,1,0,17.8143032623881,1
299,1,18.75,1,17.8143032623881,18.75,0
300,1,17.75,5,0,5.68299046305839,1
300,1,17.75,5,5.68299046305839,5.93752761009285,1
300,1,17.75,5,5.93752761009285,8.36609476626766,1
300,1,17.75,5,8.36609476626766,8.45064057541375,1
300,1,17.75,5,8.45064057541375,10.1691709641472,1
300,1,17.75,5,10.1691709641472,17.75,0
301,0,14.75,1,0,9.20020178493273,1
301,0,14.75,1,9.20020178493273,14.75,0
302,0,13.75,3,0,1.52399578380803,1
302,0,13.75,3,1.52399578380803,1.57050540409058,1
302,0,13.75,3,1.57050540409058,2.93380229438134,1
302,0,13.75,3,2.93380229438134,13.75,0
303,0,11.75,3,0,3.644060334398,1
303,0,11.75,3,3.644060334398,4.35318714434744,1
303,0,11.75,3,4.35318714434744,9.59351741017728,1
303,0,11.75,3,9.59351741017728,11.75,0
304,0,14.75,0,0,14.75,0
305,0,13.75,3,0,5.77545313628569,1
305,0,13.75,3,5.77545313628569,6.92238260791279,1
305,0,13.75,3,6.92238260791279,10.4785507580576,1
305,0,13.75,3,10.4785507580576,13.75,0
306,0,10.75,0,0,10.75,0
307,0,11.75,0,0,11.75,0
308,0,11.75,1,0,7.06166593407885,1
308,0,11.75,1,7.06166593407885,11.75,0
309,0,16.75,7,0,2.45908690254149,1
309,0,16.75,7,2.45908690254149,3.29063507259187,1
309,0,16.75,7,3.29063507259187,4.72345013122436,1
309,0,16.75,7,4.72345013122436,6.63354833998231,1
309,0,16.75,7,6.63354833998231,14.0304068302207,1
309,0,16.75,7,14.0304068302207,14.199557976993,1
309,0,16.75,7,14.199557976993,16.5902854718164,1
309,0,16.75,7,16.5902854718164,16.75,0
310,0,16.75,3,0,6.73097959612486,1
310,0,16.75,3,6.73097959612486,10.649251040508,1
310,0,16.75,3,10.649251040508,13.1875745569788,1
310,0,16.75,3,13.1875745569788,16.75,0
311,0,8.75,7,0,0.692904263714125,1
311,0,8.75,7,0.692904263714125,3.13182918586946,1
311,0,8.75,7,3.13182918586946,3.41728656793763,1
311,0,8.75,7,3.41728656793763,4.03390039595424,1
311,0,8.75,7,4.03390039595424,4.78915219386168,1
311,0,8.75,7,4.78915219386168,7.41509326774281,1
311,0,8.75,7,7.41509326774281,7.94531388555469,1
311,0,8.75,7,7.94531388555469,8.75,0
312,0,17.75,1,0,5.21189855151928,1
312,0,17.75,1,5.21189855151928,17.75,0
313,0,16.75,5,0,1.67899342217394,1
313,0,16.75,5,1.67899342217394,8.0462557235457,1
313,0,16.75,5,8.0462557235457,10.2407825208478,1
313,0,16.75,5,10.2407825208478,11.5014283734332,1
313,0,16.75,5,11.5014283734332,14.2828965408555,1
313,0,16.75,5,14.2828965408555,16.75,0
314,0,18.75,6,0,1.08423818329171,1
314,0,18.75,6,1.08423818329171,3.35897337458999,1
314,0,18.75,6,3.35897337458999,3.3671027179696,1
314,0,18.75,6,3.3671027179696,13.3416176148929,1
314,0,18.75,6,13.3416176148929,15.4988966425565,1
314,0,18.75,6,15.4988966425565,16.0918578969385,1
314,0,18.75,6,16.0918578969385,18.75,0
315,0,8.75,2,0,3.48653241616104,1
315,0,8.75,2,3.48653241616104,5.76215750760705,1
315,0,8.75,2,5.76215750760705,8.75,0
316,0,11.75,0,0,11.75,0
317,0,14.75,5,0,0.641119610364095,1
317,0,14.75,5,0.641119610364095,3.93913794558193,1
317,0,14.75,5,3.93913794558193,6.10172776872715,1
317,0,14.75,5,6.10172776872715,8.83700330230383,1
317,0,14.75,5,8.83700330230383,8.97183292518009,1
317,0,14.75,5,8.97183292518009,14.75,0
318,0,10.75,1,0,4.9153893451423,1
318,0,10.75,1,4.9153893451423,10.75,0
319,0,13.75,1,0,0.460607957991551,1
319,0,13.75,1,0.460607957991551,13.75,0
320,0,15.75,2,0,6.05012124149617,1
320,0,15.75,2,6.05012124149617,7.00059327556402,1
320,0,15.75,2,7.00059327556402,15.75,0
321,0,12.75,1,0,9.11613066528948,1
321,0,12.75,1,9.11613066528948,12.75,0
322,0,17.75,2,0,1.77123804719537,1
322,0,17.75,2,1.77123804719537,10.9094210898178,1
322,0,17.75,2,10.9094210898178,17.75,0
323,0,17.75,19,0,1.00066961521841,1
323,0,17.75,19,1.00066961521841,2.71106377239404,1
323,0,17.75,19,2.71106377239404,3.07921745937348,1
323,0,17.75,19,3.07921745937348,3.5177942277299,1
323,0,17.75,19,3.5177942277299,5.08302349276386,1
323,0,17.75,19,5.08302349276386,6.8122186483582,1
323,0,17.75,19,6.8122186483582,6.8894230341211,1
323,0,17.75,19,6.8894230341211,7.79747225386963,1
323,0,17.75,19,7.79747225386963,7.95706514823123,1
323,0,17.75,19,7.95706514823123,8.90674538632218,1
323,0,17.75,19,8.90674538632218,9.20536781689486,1
323,0,17.75,19,9.20536781689486,10.5390900176804,1
323,0,17.75,19,10.5390900176804,12.8853084216643,1
323,0,17.75,19,12.8853084216643,14.032921958737,1
323,0,17.75,19,14.032921958737,15.3357391711074,1
323,0,17.75,19,15.3357391711074,15.4523170200566,1
323,0,17.75,19,15.4523170200566,15.7642755245444,1
323,0,17.75,19,15.7642755245444,16.8478658552619,1
323,0,17.75,19,16.8478658552619,17.6547908131341,1
323,0,17.75,19,17.6547908131341,17.75,0
324,0,18.75,3,0,7.38415651137577,1
324,0,18.75,3,7.38415651137577,7.5017862384628,1
324,0,18.75,3,7.5017862384628,18.3105351221718,1
324,0,18.75,3,18.3105351221718,18.75,0
325,0,16.75,0,0,16.75,0
326,0,14.75,5,0,2.00775143404706,1
326,0,14.75,5,2.00775143404706,5.67508859089322,1
326,0,14.75,5,5.67508859089322,7.11482165727581,1
326,0,14.75,5,7.11482165727581,7.20944835885202,1
326,0,14.75,5,7.20944835885202,14.733349478404,1
326,0,14.75,5,14.733349478404,14.75,0
327,0,8.75,5,0,2.54189850882836,1
327,0,8.75,5,2.54189850882836,3.36576651613307,1
327,0,8.75,5,3.36576651613307,3.84418731146878,1
327,0,8.75,5,3.84418731146878,5.33300912704981,1
327,0,8.75,5,5.33300912704981,6.38694898145503,1
327,0,8.75,5,6.38694898145503,8.75,0
328,0,11.75,0,0,11.75,0
329,0,14.75,7,0,0.790614503798418,1
329,0,14.75,7,0.790614503798418,2.49502927962289,1
329,0,14.75,7,2.49502927962289,5.39142119667414,1
329,0,14.75,7,5.39142119667414,6.21745803845852,1
329,0,14.75,7,6.21745803845852,6.80240339617943,1
329,0,14.75,7,6.80240339617943,11.4723475284867,1
329,0,14.75,7,11.4723475284867,12.2873385336385,1
329,0,14.75,7,12.2873385336385,14.75,0
330,0,14.75,3,0,0.192948391310158,1
330,0,14.75,3,0.192948391310158,2.40360304829214,1
330,0,14.75,3,2.40360304829214,10.4220521947455,1
330,0,14.75,3,10.4220521947455,14.75,0
331,0,16.75,0,0,16.75,0
332,0,8.75,4,0,2.15464949598694,1
332,0,8.75,4,2.15464949598694,3.10947207654063,1
332,0,8.75,4,3.10947207654063,5.08617446517661,1
332,0,8.75,4,5.08617446517661,7.81852299362598,1
332,0,8.75,4,7.81852299362598,8.75,0
333,0,9.75,4,0,1.25040625257033,1
333,0,9.75,4,1.25040625257033,3.47473170046095,1
333,0,9.75,4,3.47473170046095,3.65615938096131,1
333,0,9.75,4,3.65615938096131,7.38565203798329,1
333,0,9.75,4,7.38565203798329,9.75,0
334,0,11.75,0,0,11.75,0
335,0,12.75,0,0,12.75,0
336,0,9.75,0,0,9.75,0
337,0,15.75,4,0,0.851996928209016,1
337,0,15.75,4,0.851996928209016,1.49064170449942,1
337,0,15.75,4,1.49064170449942,12.1817418506907,1
337,0,15.75,4,12.1817418506907,14.2596163967098,1
337,0,15.75,4,14.2596163967098,15.75,0
338,0,19.75,10,0,3.99008707190916,1
338,0,19.75,10,3.99008707190916,5.61541596695086,1
338,0,19.75,10,5.61541596695086,7.82928046596223,1
338,0,19.75,10,7.82928046596223,9.2243006638078,1
338,0,19.75,10,9.2243006638078,9.58952697509573,1
338,0,19.75,10,9.58952697509573,11.2819044327137,1
338,0,19.75,10,11.2819044327137,11.4173183292696,1
338,0,19.75,10,11.4173183292696,11.9218105316509,1
338,0,19.75,10,11.9218105316509,17.9028965738422,1
338,0,19.75,10,17.9028965738422,18.570016537548,1
338,0,19.75,10,18.570016537548,19.75,0
339,0,17.75,10,0,5.08242744946066,1
339,0,17.75,10,5.08242744946066,6.18129624927331,1
339,0,17.75,10,6.18129624927331,6.72276804869231,1
339,0,17.75,10,6.72276804869231,6.94460874387203,1
339,0,17.75,10,6.94460874387203,11.8325183611219,1
339,0,17.75,10,11.8325183611219,12.5359306109008,1
339,0,17.75,10,12.5359306109008,12.6085659182426,1
339,0,17.75,10,12.6085659182426,12.9469600839568,1
339,0,17.75,10,12.9469600839568,13.9245344778651,1
339,0,17.75,10,13.9245344778651,14.6260677465874,1
339,0,17.75,10,14.6260677465874,17.75,0
340,0,13.75,3,0,0.392392087475193,1
340,0,13.75,3,0.392392087475193,8.36964347900081,1
340,0,13.75,3,8.36964347900081,9.16196658192595,1
340,0,13.75,3,9.16196658192595,13.75,0
341,0,13.75,0,0,13.75,0
342,0,14.75,4,0,5.37696801355794,1
342,0,14.75,4,5.37696801355794,6.3943972806535,1
342,0,14.75,4,6.3943972806535,6.91257476150698,1
342,0,14.75,4,6.91257476150698,12.6470326739581,1
342,0,14.75,4,12.6470326739581,14.75,0
343,0,9.75,3,0,1.65562580811548,1
343,0,9.75,3,1.65562580811548,5.53389732698491,1
343,0,9.75,3,5.53389732698491,8.28053844397597,1
343,0,9.75,3,8.28053844397597,9.75,0
344,0,18.75,3,0,1.43889749779546,1
344,0,18.75,3,1.43889749779546,3.11815257781109,1
344,0,18.75,3,3.11815257781109,4.3168852439719,1
344,0,18.75,3,4.3168852439719,18.75,0
345,0,15.75,1,0,9.1405502874669,1
345,0,15.75,1,9.1405502874669,15.75,0
346,0,18.75,8,0,1.44967943582813,1
346,0,18.75,8,1.44967943582813,6.50669969466345,1
346,0,18.75,8,6.50669969466345,7.57456598586244,1
346,0,18.75,8,7.57456598586244,14.2573289031806,1
346,0,18.75,8,14.2573289031806,14.8435767990035,1
346,0,18.75,8,14.8435767990035,15.7926290619599,1
346,0,18.75,8,15.7926290619599,15.8132956825668,1
346,0,18.75,8,15.8132956825668,16.5790515811807,1
346,0,18.75,8,16.5790515811807,18.75,0
347,0,18.75,2,0,0.00395893344544031,1
347,0,18.75,2,0.00395893344544031,14.5157750247062,1
347,0,18.75,2,14.5157750247062,18.75,0
348,0,16.75,3,0,1.91538664932992,1
348,0,16.75,3,1.91538664932992,2.04592924523521,1
348,0,16.75,3,2.04592924523521,4.37717631193961,1
348,0,16.75,3,4.37717631193961,16.75,0
349,0,11.75,10,0,0.229942537818762,1
349,0,11.75,10,0.229942537818762,2.07228298385224,1
349,0,11.75,10,2.07228298385224,2.96412783192462,1
349,0,11.75,10,2.96412783192462,3.08360957979348,1
349,0,11.75,10,3.08360957979348,3.47700998923824,1
349,0,11.75,10,3.47700998923824,3.49242428754366,1
349,0,11.75,10,3.49242428754366,3.7800734553773,1
349,0,11.75,10,3.7800734553773,4.43778958718886,1
349,0,11.75,10,4.43778958718886,6.64309887554512,1
349,0,11.75,10,6.64309887554512,7.57321353508944,1
349,0,11.75,10,7.57321353508944,11.75,0
350,0,19.75,3,0,8.53366309537986,1
350,0,19.75,3,8.53366309537986,8.68686888742315,1
350,0,19.75,3,8.68686888742315,11.5357378884159,1
350,0,19.75,3,11.5357378884159,19.75,0
351,0,18.75,4,0,2.88964301334698,1
351,0,18.75,4,2.88964301334698,5.84360610733124,1
351,0,18.75,4,5.84360610733124,8.44947273345732,1
351,0,18.75,4,8.44947273345732,17.4736317642724,1
351,0,18.75,4,17.4736317642724,18.75,0
352,0,18.75,6,0,2.032162809179,1
352,0,18.75,6,2.032162809179,2.5149387725137,1
352,0,18.75,6,2.5149387725137,4.94338877219577,1
352,0,18.75,6,4.94338877219577,7.49945030971629,1
352,0,18.75,6,7.49945030971629,13.9051142284214,1
352,0,18.75,6,13.9051142284214,16.5350545392865,1
352,0,18.75,6,16.5350545392865,18.75,0
353,0,8.75,1,0,1.12952637356324,1
353,0,8.75,1,1.12952637356324,8.75,0
354,0,16.75,8,0,2.99373910758577,1
354,0,16.75,8,2.99373910758577,3.53630195149637,1
354,0,16.75,8,3.53630195149637,3.8196876491623,1
354,0,16.75,8,3.8196876491623,3.84832006655859,1
354,0,16.75,8,3.84832006655859,4.04839998888374,1
354,0,16.75,8,4.04839998888374,12.5364264560393,1
354,0,16.75,8,12.5364264560393,15.5046012428556,1
354,0,16.75,8,15.5046012428556,16.0326768098844,1
354,0,16.75,8,16.0326768098844,16.75,0
355,0,11.75,1,0,10.9862137652718,1
355,0,11.75,1,10.9862137652718,11.75,0
356,0,16.75,1,0,2.82798335294432,1
356,0,16.75,1,2.82798335294432,16.75,0
357,0,14.75,16,0,0.263840489540571,1
357,0,14.75,16,0.263840489540571,0.755289904926947,1
357,0,14.75,16,0.755289904926947,1.39247717947407,1
357,0,14.75,16,1.39247717947407,1.65004711689359,1
357,0,14.75,16,1.65004711689359,2.66469870105681,1
357,0,14.75,16,2.66469870105681,6.59924596155947,1
357,0,14.75,16,6.59924596155947,7.56757217962123,1
357,0,14.75,16,7.56757217962123,7.6415258147993,1
357,0,14.75,16,7.6415258147993,9.10867102102331,1
357,0,14.75,16,9.10867102102331,9.37759988247383,1
357,0,14.75,16,9.37759988247383,9.49771049808764,1
357,0,14.75,16,9.49771049808764,10.6520572899718,1
357,0,14.75,16,10.6520572899718,10.932561723015,1
357,0,14.75,16,10.932561723015,11.3190270287618,1
357,0,14.75,16,11.3190270287618,12.5242240052521,1
357,0,14.75,16,12.5242240052521,14.3891447562779,1
357,0,14.75,16,14.3891447562779,14.75,0
358,0,16.75,5,0,5.65199323541426,1
358,0,16.75,5,5.65199323541426,9.44358422266533,1
358,0,16.75,5,9.44358422266533,12.6366702761035,1
358,0,16.75,5,12.6366702761035,14.6728316254586,1
358,0,16.75,5,14.6728316254586,15.4715031917907,1
358,0,16.75,5,15.4715031917907,16.75,0
359,0,14.75,5,0,5.04577117025923,1
359,0,14.75,5,5.04577117025923,6.1040360619515,1
359,0,14.75,5,6.1040360619515,7.66497165677711,1
359,0,14.75,5,7.66497165677711,7.69897040211652,1
359,0,14.75,5,7.69897040211652,9.09620006432274,1
359,0,14.75,5,9.09620006432274,14.75,0
360,0,13.75,1,0,8.0656401625159,1
360,0,13.75,1,8.0656401625159,13.75,0
361,0,12.75,2,0,2.24256106682417,1
361,0,12.75,2,2.24256106682417,5.84884135844348,1
361,0,12.75,2,5.84884135844348,12.75,0
362,0,19.75,12,0,2.36475719280569,1
362,0,19.75,12,2.36475719280569,5.30479864047955,1
362,0,19.75,12,5.30479864047955,5.53062159197311,1
362,0,19.75,12,5.53062159197311,5.724263675561,1
362,0,19.75,12,5.724263675561,9.3799309576777,1
362,0,19.75,12,9.3799309576777,11.2157062009461,1
362,0,19.75,12,11.2157062009461,11.2593541807776,1
362,0,19.75,12,11.2593541807776,11.7520948943063,1
362,0,19.75,12,11.7520948943063,11.8784461498267,1
362,0,19.75,12,11.8784461498267,15.0578878236111,1
362,0,19.75,12,15.0578878236111,16.1588933410159,1
362,0,19.75,12,16.1588933410159,16.198049992141,1
362,0,19.75,12,16.198049992141,19.75,0
363,0,18.75,1,0,6.00399701482715,1
363,0,18.75,1,6.00399701482715,18.75,0
364,0,10.75,3,0,1.3848111912012,1
364,0,10.75,3,1.3848111912012,3.6230970509624,1
364,0,10.75,3,3.6230970509624,5.87665805784861,1
364,0,10.75,3,5.87665805784861,10.75,0
365,0,8.75,2,0,2.94751239176933,1
365,0,8.75,2,2.94751239176933,4.95737335321873,1
365,0,8.75,2,4.95737335321873,8.75,0
366,0,14.75,7,0,1.19991211357377,1
366,0,14.75,7,1.19991211357377,1.92720772005974,1
366,0,14.75,7,1.92720772005974,7.65538642607565,1
366,0,14.75,7,7.65538642607565,7.66221273779039,1
366,0,14.75,7,7.66221273779039,10.0833657823299,1
366,0,14.75,7,10.0833657823299,11.933235899677,1
366,0,14.75,7,11.933235899677,14.5194355002091,1
366,0,14.75,7,14.5194355002091,14.75,0
367,0,19.75,2,0,4.03806943476341,1
367,0,19.75,2,4.03806943476341,4.82822247786845,1
367,0,19.75,2,4.82822247786845,19.75,0
368,0,14.75,0,0,14.75,0
369,0,14.75,2,0,5.19778830922319,1
369,0,14.75,2,5.19778830922319,13.1814720675142,1
369,0,14.75,2,13.1814720675142,14.75,0
370,0,14.75,0,0,14.75,0
371,0,13.75,2,0,4.27249666830416,1
371,0,13.75,2,4.27249666830416,11.2463935572844,1
371,0,13.75,2,11.2463935572844,13.75,0
372,0,11.75,2,0,3.6418052545593,1
372,0,11.75,2,3.6418052545593,5.32619237722733,1
372,0,11.75,2,5.32619237722733,11.75,0
373,0,10.75,2,0,1.82589477866209,1
373,0,10.75,2,1.82589477866209,9.70125156580043,1
373,0,10.75,2,9.70125156580043,10.75,0
374,0,10.75,1,0,8.12983908153929,1
374,0,10.75,1,8.12983908153929,10.75,0
375,0,16.75,5,0,4.73972009137266,1
375,0,16.75,5,4.73972009137266,7.10190187303059,1
375,0,16.75,5,7.10190187303059,10.8948682115616,1
375,0,16.75,5,10.8948682115616,16.2040891293574,1
375,0,16.75,5,16.2040891293574,16.6840512850034,1
375,0,16.75,5,16.6840512850034,16.75,0
376,0,15.75,1,0,0.267721139830368,1
376,0,15.75,1,0.267721139830368,15.75,0
377,0,13.75,2,0,12.1290332434743,1
377,0,13.75,2,12.1290332434743,13.1667886528893,1
377,0,13.75,2,13.1667886528893,13.75,0
378,0,11.75,3,0,0.36213689444128,1
378,0,11.75,3,0.36213689444128,2.30071707932046,1
378,0,11.75,3,2.30071707932046,11.5130710955699,1
378,0,11.75,3,11.5130710955699,11.75,0
379,0,18.75,9,0,1.11238006198556,1
379,0,18.75,9,1.11238006198556,1.37983280325716,1
379,0,18.75,9,1.37983280325716,2.12960076610204,1
379,0,18.75,9,2.12960076610204,7.21115884431735,1
379,0,18.75,9,7.21115884431735,8.25846371435751,1
379,0,18.75,9,8.25846371435751,10.8724504213311,1
379,0,18.75,9,10.8724504213311,11.0167969494856,1
379,0,18.75,9,11.0167969494856,14.9147761758505,1
379,0,18.75,9,14.9147761758505,16.9749719329174,1
379,0,18.75,9,16.9749719329174,18.75,0
380,0,10.75,1,0,10.029798062034,1
380,0,10.75,1,10.029798062034,10.75,0
381,0,12.75,8,0,1.17610277085774,1
381,0,12.75,8,1.17610277085774,1.24064511444793,1
381,0,12.75,8,1.24064511444793,2.69401528610485,1
381,0,12.75,8,2.69401528610485,5.07634377581088,1
381,0,12.75,8,5.07634377581088,7.3555430449257,1
381,0,12.75,8,7.3555430449257,7.53888929576613,1
381,0,12.75,8,7.53888929576613,8.69500803629294,1
381,0,12.75,8,8.69500803629294,9.71626307774629,1
381,0,12.75,8,9.71626307774629,12.75,0
382,0,13.75,0,0,13.75,0
383,0,17.75,6,0,7.23350175130481,1
383,0,17.75,6,7.23350175130481,10.3306524328177,1
383,0,17.75,6,10.3306524328177,10.7305717529552,1
383,0,17.75,6,10.7305717529552,10.9878109588391,1
383,0,17.75,6,10.9878109588391,14.6667139320661,1
383,0,17.75,6,14.6667139320661,14.7843036865062,1
383,0,17.75,6,14.7843036865062,17.75,0
384,0,19.75,8,0,1.24950064820883,1
384,0,19.75,8,1.24950064820883,3.32250178662223,1
384,0,19.75,8,3.32250178662223,5.62747469581454,1
384,0,19.75,8,5.62747469581454,10.8009130986961,1
384,0,19.75,8,10.8009130986961,15.4572825031824,1
384,0,19.75,8,15.4572825031824,16.087379337165,1
384,0,19.75,8,16.087379337165,17.2368958800681,1
384,0,19.75,8,17.2368958800681,18.3050665209813,1
384,0,19.75,8,18.3050665209813,19.75,0
385,0,8.75,1,0,3.09697974990804,1
385,0,8.75,1,3.09697974990804,8.75,0
386,0,9.75,2,0,6.61763007318138,1
386,0,9.75,2,6.61763007318138,9.42289052912719,1
386,0,9.75,2,9.42289052912719,9.75,0
387,0,13.75,11,0,1.71209745356378,1
387,0,13.75,11,1.71209745356378,1.7402838774822,1
387,0,13.75,11,1.7402838774822,4.74347249521295,1
387,0,13.75,11,4.74347249521295,4.82701405196409,1
387,0,13.75,11,4.82701405196409,5.7207095935841,1
387,0,13.75,11,5.7207095935841,5.85180116591205,1
387,0,13.75,11,5.85180116591205,8.59886393135535,1
387,0,13.75,11,8.59886393135535,9.13781927133605,1
387,0,13.75,11,9.13781927133605,11.5295085229882,1
387,0,13.75,11,11.5295085229882,12.3095815396475,1
387,0,13.75,11,12.3095815396475,12.3452101240712,1
387,0,13.75,11,12.3452101240712,13.75,0
388,0,16.75,0,0,16.75,0
389,0,12.75,5,0,4.93969233449591,1
389,0,12.75,5,4.93969233449591,5.33043082293825,1
389,0,12.75,5,5.33043082293825,6.49727262590658,1
389,0,12.75,5,6.49727262590658,8.4939477066735,1
389,0,12.75,5,8.4939477066735,11.4793625805268,1
389,0,12.75,5,11.4793625805268,12.75,0
390,0,14.75,1,0,5.0356064732007,1
390,0,14.75,1,5.0356064732007,14.75,0
391,0,11.75,2,0,5.52594786109259,1
391,0,11.75,2,5.52594786109259,7.21520896839461,1
391,0,11.75,2,7.21520896839461,11.75,0
392,0,19.75,2,0,2.53675823619765,1
392,0,19.75,2,2.53675823619765,9.62534702194258,1
392,0,19.75,2,9.62534702194258,19.75,0
393,0,20.75,2,0,5.0768500226138,1
393,0,20.75,2,5.0768500226138,19.8808608856001,1
393,0,20.75,2,19.8808608856001,20.75,0
394,0,9.75,4,0,1.55744116447452,1
394,0,9.75,4,1.55744116447452,2.06738611341252,1
394,0,9.75,4,2.06738611341252,3.82961478334426,1
394,0,9.75,4,3.82961478334426,5.69918298757849,1
394,0,9.75,4,5.69918298757849,9.75,0
395,0,13.75,4,0,1.66169825072906,1
395,0,13.75,4,1.66169825072906,2.73899136162699,1
395,0,13.75,4,2.73899136162699,4.49153997571363,1
395,0,13.75,4,4.49153997571363,12.4645438343302,1
395,0,13.75,4,12.4645438343302,13.75,0
396,0,12.75,0,0,12.75,0
397,0,13.75,3,0,1.33972143046672,1
397,0,13.75,3,1.33972143046672,3.96244215041453,1
397,0,13.75,3,3.96244215041453,5.21809037606439,1
397,0,13.75,3,5.21809037606439,13.75,0
398,0,17.75,1,0,5.95214828355261,1
398,0,17.75,1,5.95214828355261,17.75,0
399,0,7.75,1,0,7.15765549541861,1
399,0,7.75,1,7.15765549541861,7.75,0
400,0,15.75,8,0,0.984338186547143,1
400,0,15.75,8,0.984338186547143,3.43066976814507,1
400,0,15.75,8,3.43066976814507,6.26514417971469,1
400,0,15.75,8,6.26514417971469,7.45999774908867,1
400,0,15.75,8,7.45999774908867,7.6949360598088,1
400,0,15.75,8,7.6949360598088,9.70262744021956,1
400,0,15.75,8,9.70262744021956,12.0201128493692,1
400,0,15.75,8,12.0201128493692,13.8218591748182,1
400,0,15.75,8,13.8218591748182,15.75,0
401,0,11.75,2,0,0.616301165507204,1
401,0,11.75,2,0.616301165507204,11.2119239831299,1
401,0,11.75,2,11.2119239831299,11.75,0
402,0,19.75,7,0,0.741377311288344,1
402,0,19.75,7,0.741377311288344,1.00352942269446,1
402,0,19.75,7,1.00352942269446,5.97979188293674,1
402,0,19.75,7,5.97979188293674,11.9005124209771,1
402,0,19.75,7,11.9005124209771,15.4077559770352,1
402,0,19.75,7,15.4077559770352,17.1761810851782,1
402,0,19.75,7,17.1761810851782,17.5917389887371,1
402,0,19.75,7,17.5917389887371,19.75,0
403,0,17.75,4,0,1.30446588977526,1
403,0,17.75,4,1.30446588977526,11.0102318554291,1
403,0,17.75,4,11.0102318554291,13.0550463291289,1
403,0,17.75,4,13.0550463291289,14.9028867071184,1
403,0,17.75,4,14.9028867071184,17.75,0
404,0,9.75,0,0,9.75,0
405,0,12.75,4,0,4.28906470396907,1
405,0,12.75,4,4.28906470396907,6.88666411581959,1
405,0,12.75,4,6.88666411581959,10.7727870574287,1
405,0,12.75,4,10.7727870574287,11.4438436463043,1
405,0,12.75,4,11.4438436463043,12.75,0
406,0,15.75,1,0,13.1569510273403,1
406,0,15.75,1,13.1569510273403,15.75,0
407,0,15.75,6,0,2.79514354655815,1
407,0,15.75,6,2.79514354655815,5.11573049437145,1
407,0,15.75,6,5.11573049437145,9.09690024443243,1
407,0,15.75,6,9.09690024443243,10.4101941592079,1
407,0,15.75,6,10.4101941592079,11.3173260879587,1
407,0,15.75,6,11.3173260879587,15.1644877558401,1
407,0,15.75,6,15.1644877558401,15.75,0
408,0,11.75,2,0,1.80309938989584,1
408,0,11.75,2,1.80309938989584,8.61825935394477,1
408,0,11.75,2,8.61825935394477,11.75,0
409,0,11.75,3,0,3.17716907174772,1
409,0,11.75,3,3.17716907174772,8.586788180578,1
409,0,11.75,3,8.586788180578,11.1455794104188,1
409,0,11.75,3,11.1455794104188,11.75,0
410,0,15.75,0,0,15.75,0
411,0,10.75,2,0,0.736781132085919,1
411,0,10.75,2,0.736781132085919,7.02681855421618,1
411,0,10.75,2,7.02681855421618,10.75,0
412,0,11.75,1,0,1.68761645051402,1
412,0,11.75,1,1.68761645051402,11.75,0
413,0,9.75,4,0,2.38311964374715,1
413,0,9.75,4,2.38311964374715,3.28050926138302,1
413,0,9.75,4,3.28050926138302,4.88544422429138,1
413,0,9.75,4,4.88544422429138,9.66315070840693,1
413,0,9.75,4,9.66315070840693,9.75,0
414,0,15.75,0,0,15.75,0
415,0,15.75,3,0,0.023131011102431,1
415,0,15.75,3,0.023131011102431,1.15449465867533,1
415,0,15.75,3,1.15449465867533,7.94578531876981,1
415,0,15.75,3,7.94578531876981,15.75,0
416,0,10.75,2,0,0.243926837194314,1
416,0,10.75,2,0.243926837194314,3.4086377222857,1
416,0,10.75,2,3.4086377222857,10.75,0
417,0,11.75,2,0,0.8250222319035,1
417,0,11.75,2,0.8250222319035,2.8343665750406,1
417,0,11.75,2,2.8343665750406,11.75,0
418,0,18.75,3,0,8.3265128674075,1
418,0,18.75,3,8.3265128674075,17.5024967148319,1
418,0,18.75,3,17.5024967148319,18.5760470178973,1
418,0,18.75,3,18.5760470178973,18.75,0
419,0,16.75,2,0,1.30366126307023,1
419,0,16.75,2,1.30366126307023,2.84122880504719,1
419,0,16.75,2,2.84122880504719,16.75,0
420,0,8.75,4,0,1.46487978394304,1
420,0,8.75,4,1.46487978394304,2.64983451319811,1
420,0,8.75,4,2.64983451319811,3.50755524083989,1
420,0,8.75,4,3.50755524083989,7.07712728460861,1
420,0,8.75,4,7.07712728460861,8.75,0
421,0,7.75,1,0,1.59509097530407,1
421,0,7.75,1,1.59509097530407,7.75,0
422,0,13.75,2,0,4.63507070323424,1
422,0,13.75,2,4.63507070323424,13.1605140759068,1
422,0,13.75,2,13.1605140759068,13.75,0
423,0,14.75,3,0,1.19839463393555,1
423,0,14.75,3,1.19839463393555,3.95611398283347,1
423,0,14.75,3,3.95611398283347,5.43849925751778,1
423,0,14.75,3,5.43849925751778,14.75,0
424,0,12.75,5,0,2.35138659569503,1
424,0,12.75,5,2.35138659569503,3.71633804424214,1
424,0,12.75,5,3.71633804424214,5.48504228224072,1
424,0,12.75,5,5.48504228224072,6.29357012074599,1
424,0,12.75,5,6.29357012074599,7.69946670123934,1
424,0,12.75,5,7.69946670123934,12.75,0
425,0,13.75,2,0,1.47352459826905,1
425,0,13.75,2,1.47352459826905,6.5447901925078,1
425,0,13.75,2,6.5447901925078,13.75,0
426,0,12.75,0,0,12.75,0
427,0,13.75,2,0,2.55945255102093,1
427,0,13.75,2,2.55945255102093,4.07782581470221,1
427,0,13.75,2,4.07782581470221,13.75,0
428,0,11.75,1,0,6.40649718248561,1
428,0,11.75,1,6.40649718248561,11.75,0
429,0,11.75,3,0,1.73392046493519,1
429,0,11.75,3,1.73392046493519,1.81301198906116,1
429,0,11.75,3,1.81301198906116,9.74447443095582,1
429,0,11.75,3,9.74447443095582,11.75,0
430,0,10.75,1,0,3.2411880666181,1
430,0,10.75,1,3.2411880666181,10.75,0
431,0,12.75,3,0,2.98066563394961,1
431,0,12.75,3,2.98066563394961,5.54286412842353,1
431,0,12.75,3,5.54286412842353,12.541768817928,1
431,0,12.75,3,12.541768817928,12.75,0
432,0,17.75,1,0,9.59279548130197,1
432,0,17.75,1,9.59279548130197,17.75,0
433,0,8.75,1,0,3.19614813252117,1
433,0,8.75,1,3.19614813252117,8.75,0
434,0,17.75,1,0,7.03254775481515,1
434,0,17.75,1,7.03254775481515,17.75,0
435,0,8.75,5,0,3.47174002607195,1
435,0,8.75,5,3.47174002607195,5.79703730311934,1
435,0,8.75,5,5.79703730311934,7.26019160908127,1
435,0,8.75,5,7.26019160908127,7.90920474871071,1
435,0,8.75,5,7.90920474871071,8.44354848530279,1
435,0,8.75,5,8.44354848530279,8.75,0
436,0,8.75,4,0,3.58213404998102,1
436,0,8.75,4,3.58213404998102,6.48408139642916,1
436,0,8.75,4,6.48408139642916,6.6072323966468,1
436,0,8.75,4,6.6072323966468,8.70383951440754,1
436,0,8.75,4,8.70383951440754,8.75,0
437,0,10.75,6,0,0.0825339649481842,1
437,0,10.75,6,0.0825339649481842,0.333826207717273,1
437,0,10.75,6,0.333826207717273,1.15192269184391,1
437,0,10.75,6,1.15192269184391,3.40408604173867,1
437,0,10.75,6,3.40408604173867,6.69639453124733,1
437,0,10.75,6,6.69639453124733,9.79417322850645,1
437,0,10.75,6,9.79417322850645,10.75,0
438,0,14.75,5,0,6.06163936524528,1
438,0,14.75,5,6.06163936524528,8.20199933001093,1
438,0,14.75,5,8.20199933001093,9.0192088022322,1
438,0,14.75,5,9.0192088022322,10.0058664053344,1
438,0,14.75,5,10.0058664053344,10.5021481428144,1
438,0,14.75,5,10.5021481428144,14.75,0
439,0,14.75,1,0,7.69081865361339,1
439,0,14.75,1,7.69081865361339,14.75,0
440,0,13.75,2,0,4.34369335844019,1
440,0,13.75,2,4.34369335844019,9.54935711571004,1
440,0,13.75,2,9.54935711571004,13.75,0
441,0,12.75,2,0,9.51174915420211,1
441,0,12.75,2,9.51174915420211,12.3977218841851,1
441,0,12.75,2,12.3977218841851,12.75,0
442,0,10.75,2,0,3.90878148264274,1
442,0,10.75,2,3.90878148264274,8.1651351909268,1
442,0,10.75,2,8.1651351909268,10.75,0
443,0,9.75,2,0,3.003859051233,1
443,0,9.75,2,3.003859051233,7.46257923320112,1
443,0,9.75,2,7.46257923320112,9.75,0
444,0,15.75,4,0,1.61582037944097,1
444,0,15.75,4,1.61582037944097,1.68909579373838,1
444,0,15.75,4,1.68909579373838,8.90852268748309,1
444,0,15.75,4,8.90852268748309,12.4396235532981,1
444,0,15.75,4,12.4396235532981,15.75,0
445,0,11.75,3,0,1.4919582884725,1
445,0,11.75,3,1.4919582884725,8.86708299127597,1
445,0,11.75,3,8.86708299127597,10.4420924161125,1
445,0,11.75,3,10.4420924161125,11.75,0
446,0,11.75,1,0,2.88505257432654,1
446,0,11.75,1,2.88505257432654,11.75,0
447,0,7.75,1,0,3.66145562641683,1
447,0,7.75,1,3.66145562641683,7.75,0
448,0,9.75,0,0,9.75,0
449,0,15.75,1,0,5.55228548687677,1
449,0,15.75,1,5.55228548687677,15.75,0
450,0,10.75,0,0,10.75,0
451,0,13.75,3,0,9.79182694281792,1
451,0,13.75,3,9.79182694281792,12.6741631390352,1
451,0,13.75,3,12.6741631390352,13.0076135017058,1
451,0,13.75,3,13.0076135017058,13.75,0
452,0,15.75,3,0,6.57271871663364,1
452,0,15.75,3,6.57271871663364,12.9366166774147,1
452,0,15.75,3,12.9366166774147,14.5261410251615,1
452,0,15.75,3,14.5261410251615,15.75,0
453,0,13.75,0,0,13.75,0
454,0,9.75,0,0,9.75,0
455,0,13.75,1,0,2.31507434363475,1
455,0,13.75,1,2.31507434363475,13.75,0
456,0,14.75,0,0,14.75,0
457,0,17.75,7,0,2.62019920784423,1
457,0,17.75,7,2.62019920784423,3.42411974785487,1
457,0,17.75,7,3.42411974785487,5.49186960838374,1
457,0,17.75,7,5.49186960838374,6.11050762340753,1
457,0,17.75,7,6.11050762340753,6.58056096223226,1
457,0,17.75,7,6.58056096223226,11.6717003251408,1
457,0,17.75,7,11.6717003251408,12.2420358311432,1
457,0,17.75,7,12.2420358311432,17.75,0
458,0,9.75,2,0,2.60641260032929,1
458,0,9.75,2,2.60641260032929,6.34067749459435,1
458,0,9.75,2,6.34067749459435,9.75,0
459,0,11.75,3,0,2.40827464613026,1
459,0,11.75,3,2.40827464613026,6.98759760215257,1
459,0,11.75,3,6.98759760215257,7.80772395140518,1
459,0,11.75,3,7.80772395140518,11.75,0
460,0,12.75,0,0,12.75,0
461,0,13.75,2,0,3.75633067357344,1
461,0,13.75,2,3.75633067357344,12.4563484809076,1
461,0,13.75,2,12.4563484809076,13.75,0
462,0,12.75,0,0,12.75,0
463,0,10.75,2,0,2.14951219582183,1
463,0,10.75,2,2.14951219582183,2.83690883906856,1
463,0,10.75,2,2.83690883906856,10.75,0
464,0,17.75,1,0,2.67407500588866,1
464,0,17.75,1,2.67407500588866,17.75,0
465,0,11.75,1,0,3.16080815406955,1
465,0,11.75,1,3.16080815406955,11.75,0
466,0,12.75,8,0,0.272951344219289,1
466,0,12.75,8,0.272951344219289,0.522468535935736,1
466,0,12.75,8,0.522468535935736,1.28993371222707,1
466,0,12.75,8,1.28993371222707,2.26164814526064,1
466,0,12.75,8,2.26164814526064,4.84755695398934,1
466,0,12.75,8,4.84755695398934,6.59383826546814,1
466,0,12.75,8,6.59383826546814,7.87966226481834,1
466,0,12.75,8,7.87966226481834,7.98180126584319,1
466,0,12.75,8,7.98180126584319,12.75,0
467,0,12.75,3,0,2.16888705175547,1
467,0,12.75,3,2.16888705175547,6.90767679851249,1
467,0,12.75,3,6.90767679851249,9.09454466986229,1
467,0,12.75,3,9.09454466986229,12.75,0
468,0,11.75,3,0,7.41034234274684,1
468,0,11.75,3,7.41034234274684,10.3774519155689,1
468,0,11.75,3,10.3774519155689,11.3801129624579,1
468,0,11.75,3,11.3801129624579,11.75,0
469,0,9.75,3,0,0.161277589858215,1
469,0,9.75,3,0.161277589858215,1.47232583963765,1
469,0,9.75,3,1.47232583963765,6.35939789764337,1
469,0,9.75,3,6.35939789764337,9.75,0
470,0,20.75,3,0,1.11103743312768,1
470,0,20.75,3,1.11103743312768,3.33434365550836,1
470,0,20.75,3,3.33434365550836,7.92887988247267,1
470,0,20.75,3,7.92887988247267,20.75,0
471,0,16.75,9,0,1.44160387344513,1
471,0,16.75,9,1.44160387344513,1.53649675844316,1
471,0,16.75,9,1.53649675844316,1.64307795006144,1
471,0,16.75,9,1.64307795006144,5.38735051798885,1
471,0,16.75,9,5.38735051798885,9.43330009045618,1
471,0,16.75,9,9.43330009045618,11.3120643351592,1
471,0,16.75,9,11.3120643351592,13.9136300744802,1
471,0,16.75,9,13.9136300744802,15.0135973374235,1
471,0,16.75,9,15.0135973374235,16.7055096194438,1
471,0,16.75,9,16.7055096194438,16.75,0
472,0,11.75,3,0,0.719494505070905,1
472,0,11.75,3,0.719494505070905,7.97615560169831,1
472,0,11.75,3,7.97615560169831,10.1234232699241,1
472,0,11.75,3,10.1234232699241,11.75,0
473,0,11.75,3,0,1.07404399610279,1
473,0,11.75,3,1.07404399610279,1.25843260307288,1
473,0,11.75,3,1.25843260307288,8.30341148739416,1
473,0,11.75,3,8.30341148739416,11.75,0
474,0,12.75,8,0,0.0528643555716167,1
474,0,12.75,8,0.0528643555716167,4.50337705030824,1
474,0,12.75,8,4.50337705030824,6.28358188410109,1
474,0,12.75,8,6.28358188410109,6.56779112613459,1
474,0,12.75,8,6.56779112613459,8.3618278317101,1
474,0,12.75,8,8.3618278317101,10.6422803161083,1
474,0,12.75,8,10.6422803161083,11.6680854935426,1
474,0,12.75,8,11.6680854935426,12.6924013401171,1
474,0,12.75,8,12.6924013401171,12.75,0
475,0,20.75,0,0,20.75,0
476,0,7.75,1,0,1.09990375126504,1
476,0,7.75,1,1.09990375126504,7.75,0
477,0,15.75,3,0,0.763613395775747,1
477,0,15.75,3,0.763613395775747,3.56714967893677,1
477,0,15.75,3,3.56714967893677,14.0968716104753,1
477,0,15.75,3,14.0968716104753,15.75,0
478,0,14.75,4,0,1.18299290297335,1
478,0,14.75,4,1.18299290297335,3.00876132850935,1
478,0,14.75,4,3.00876132850935,4.23268423115573,1
478,0,14.75,4,4.23268423115573,11.4814612243358,1
478,0,14.75,4,11.4814612243358,14.75,0
479,0,10.75,1,0,9.73368935070433,1
479,0,10.75,1,9.73368935070433,10.75,0
480,0,11.75,0,0,11.75,0
481,0,19.75,2,0,4.15946635558994,1
481,0,19.75,2,4.15946635558994,8.01394274655174,1
481,0,19.75,2,8.01394274655174,19.75,0
482,0,15.75,6,0,0.209339426142297,1
482,0,15.75,6,0.209339426142297,2.368915298254,1
482,0,15.75,6,2.368915298254,5.22540683732141,1
482,0,15.75,6,5.22540683732141,5.53248890596021,1
482,0,15.75,6,5.53248890596021,11.3789149093949,1
482,0,15.75,6,11.3789149093949,15.3808225490546,1
482,0,15.75,6,15.3808225490546,15.75,0
483,0,15.75,2,0,6.32916921574496,1
483,0,15.75,2,6.32916921574496,14.8124196952969,1
483,0,15.75,2,14.8124196952969,15.75,0
484,0,19.75,1,0,17.5270016890798,1
484,0,19.75,1,17.5270016890798,19.75,0
485,0,19.75,3,0,12.0479315524017,1
485,0,19.75,3,12.0479315524017,12.3069170099938,1
485,0,19.75,3,12.3069170099938,13.2661986323004,1
485,0,19.75,3,13.2661986323004,19.75,0
486,0,17.75,6,0,6.69830440345222,1
486,0,17.75,6,6.69830440345222,7.67206348298472,1
486,0,17.75,6,7.67206348298472,10.2937603073932,1
486,0,17.75,6,10.2937603073932,12.9206130965443,1
486,0,17.75,6,12.9206130965443,14.1666051537227,1
486,0,17.75,6,14.1666051537227,14.4143579694806,1
486,0,17.75,6,14.4143579694806,17.75,0
487,0,8.75,5,0,0.216714327774904,1
487,0,8.75,5,0.216714327774904,2.31922656914389,1
487,0,8.75,5,2.31922656914389,3.26473881519718,1
487,0,8.75,5,3.26473881519718,5.65800984382345,1
487,0,8.75,5,5.65800984382345,8.74617143750654,1
487,0,8.75,5,8.74617143750654,8.75,0
488,0,9.75,3,0,5.48700494408379,1
488,0,9.75,3,5.48700494408379,6.94417487414071,1
488,0,9.75,3,6.94417487414071,9.34068104473629,1
488,0,9.75,3,9.34068104473629,9.75,0
489,0,20.75,7,0,0.850586151794323,1
489,0,20.75,7,0.850586151794323,7.37561408552917,1
489,0,20.75,7,7.37561408552917,8.32204903813913,1
489,0,20.75,7,8.32204903813913,15.0927668653336,1
489,0,20.75,7,15.0927668653336,17.325952542014,1
489,0,20.75,7,17.325952542014,18.350361796461,1
489,0,20.75,7,18.350361796461,19.7628469992977,1
489,0,20.75,7,19.7628469992977,20.75,0
490,0,10.75,2,0,0.155559466200847,1
490,0,10.75,2,0.155559466200847,1.63682004332028,1
490,0,10.75,2,1.63682004332028,10.75,0
491,0,14.75,6,0,8.20962959732984,1
491,0,14.75,6,8.20962959732984,8.59416433538972,1
491,0,14.75,6,8.59416433538972,9.1734226174573,1
491,0,14.75,6,9.1734226174573,9.37308750141566,1
491,0,14.75,6,9.37308750141566,10.4283365314192,1
491,0,14.75,6,10.4283365314192,12.0762451779477,1
491,0,14.75,6,12.0762451779477,14.75,0
492,0,12.75,0,0,12.75,0
493,0,12.75,3,0,4.92473079000114,1
493,0,12.75,3,4.92473079000114,6.11266745598749,1
493,0,12.75,3,6.11266745598749,7.17843214449871,1
493,0,12.75,3,7.17843214449871,12.75,0
494,0,7.75,1,0,2.35530550059845,1
494,0,7.75,1,2.35530550059845,7.75,0
495,0,13.75,2,0,4.02985045381358,1
495,0,13.75,2,4.02985045381358,13.5629331112544,1
495,0,13.75,2,13.5629331112544,13.75,0
496,0,11.75,1,0,6.18375724645471,1
496,0,11.75,1,6.18375724645471,11.75,0
497,0,11.75,7,0,2.98775057274497,1
497,0,11.75,7,2.98775057274497,4.40983673745727,1
497,0,11.75,7,4.40983673745727,5.56153768678059,1
497,0,11.75,7,5.56153768678059,5.91912776977605,1
497,0,11.75,7,5.91912776977605,6.43583171492381,1
497,0,11.75,7,6.43583171492381,8.41305014723504,1
497,0,11.75,7,8.41305014723504,9.41749629994871,1
497,0,11.75,7,9.41749629994871,11.75,0
498,0,19.75,1,0,14.255361775689,1
498,0,19.75,1,14.255361775689,19.75,0
499,0,15.75,5,0,0.893715979553642,1
499,0,15.75,5,0.893715979553642,3.36112619169168,1
499,0,15.75,5,3.36112619169168,6.99548182034682,1
499,0,15.75,5,6.99548182034682,8.3086797186448,1
499,0,15.75,5,8.3086797186448,13.4223664147343,1
499,0,15.75,5,13.4223664147343,15.75,0
500,0,11.75,3,0,4.1321285940034,1
500,0,11.75,3,4.1321285940034,6.67243822575507,1
500,0,11.75,3,6.67243822575507,11.7395908880931,1
500,0,11.75,3,11.7395908880931,11.75,0
501,0,8.75,2,0,1.23130662440591,1
501,0,8.75,2,1.23130662440591,7.49140113674326,1
501,0,8.75,2,7.49140113674326,8.75,0
502,0,9.75,2,0,1.07651908633503,1
502,0,9.75,2,1.07651908633503,8.03701678845061,1
502,0,9.75,2,8.03701678845061,9.75,0
503,0,11.75,2,0,3.14212008809483,1
503,0,11.75,2,3.14212008809483,3.68273662386605,1
503,0,11.75,2,3.68273662386605,11.75,0
504,0,11.75,6,0,0.101702340598486,1
504,0,11.75,6,0.101702340598486,3.68837319324093,1
504,0,11.75,6,3.68837319324093,4.24460732949688,1
504,0,11.75,6,4.24460732949688,4.95317992288718,1
504,0,11.75,6,4.95317992288718,8.87554120185232,1
504,0,11.75,6,8.87554120185232,9.17537999561083,1
504,0,11.75,6,9.17537999561083,11.75,0
505,0,13.75,3,0,2.39710497658184,1
505,0,13.75,3,2.39710497658184,5.72478414733732,1
505,0,13.75,3,5.72478414733732,7.28425236970235,1
505,0,13.75,3,7.28425236970235,13.75,0
506,0,10.75,0,0,10.75,0
507,0,17.75,3,0,6.64790904155694,1
507,0,17.75,3,6.64790904155694,15.1067845338443,1
507,0,17.75,3,15.1067845338443,16.411262429896,1
507,0,17.75,3,16.411262429896,17.75,0
508,0,9.75,4,0,1.52897618151132,1
508,0,9.75,4,1.52897618151132,7.16775442168771,1
508,0,9.75,4,7.16775442168771,8.31267615881683,1
508,0,9.75,4,8.31267615881683,9.18151454362732,1
508,0,9.75,4,9.18151454362732,9.75,0
509,0,8.75,4,0,2.85401358489611,1
509,0,8.75,4,2.85401358489611,3.16132232511636,1
509,0,8.75,4,3.16132232511636,4.5528947191957,1
509,0,8.75,4,4.5528947191957,8.05451575934692,1
509,0,8.75,4,8.05451575934692,8.75,0
510,0,12.75,1,0,8.57805196150544,1
510,0,12.75,1,8.57805196150544,12.75,0
511,0,13.75,8,0,1.50410173876146,1
511,0,13.75,8,1.50410173876146,3.94874563058706,1
511,0,13.75,8,3.94874563058706,4.82922892058508,1
511,0,13.75,8,4.82922892058508,6.1732109494666,1
511,0,13.75,8,6.1732109494666,6.33989045797921,1
511,0,13.75,8,6.33989045797921,7.85014954908679,1
511,0,13.75,8,7.85014954908679,9.72932907143639,1
511,0,13.75,8,9.72932907143639,13.4103800020486,1
511,0,13.75,8,13.4103800020486,13.75,0
512,0,12.75,8,0,0.914030815896851,1
512,0,12.75,8,0.914030815896851,3.29224344002131,1
512,0,12.75,8,3.29224344002131,4.99360372122139,1
512,0,12.75,8,4.99360372122139,5.6229374387487,1
512,0,12.75,8,5.6229374387487,7.43592562394613,1
512,0,12.75,8,7.43592562394613,7.96288930765027,1
512,0,12.75,8,7.96288930765027,10.5623512579937,1
512,0,12.75,8,10.5623512579937,11.167748082606,1
512,0,12.75,8,11.167748082606,12.75,0
513,0,19.75,8,0,1.19949653607471,1
513,0,19.75,8,1.19949653607471,2.72673350998276,1
513,0,19.75,8,2.72673350998276,6.70777482056854,1
513,0,19.75,8,6.70777482056854,9.04451979570311,1
513,0,19.75,8,9.04451979570311,10.0992203514425,1
513,0,19.75,8,10.0992203514425,11.505557521818,1
513,0,19.75,8,11.505557521818,12.29631116698,1
513,0,19.75,8,12.29631116698,19.4365371154784,1
513,0,19.75,8,19.4365371154784,19.75,0
514,0,9.75,1,0,8.79076277651815,1
514,0,9.75,1,8.79076277651815,9.75,0
515,0,10.75,4,0,1.1658034780754,1
515,0,10.75,4,1.1658034780754,4.12504931352828,1
515,0,10.75,4,4.12504931352828,8.52865885907868,1
515,0,10.75,4,8.52865885907868,8.64984921880323,1
515,0,10.75,4,8.64984921880323,10.75,0
516,0,14.75,2,0,4.01262304107623,1
516,0,14.75,2,4.01262304107623,11.9855514459727,1
516,0,14.75,2,11.9855514459727,14.75,0
517,0,10.75,1,0,3.77200216445524,1
517,0,10.75,1,3.77200216445524,10.75,0
518,0,14.75,1,0,4.27382835562007,1
518,0,14.75,1,4.27382835562007,14.75,0
519,0,9.75,6,0,0.204767441138416,1
519,0,9.75,6,0.204767441138416,1.2027212461391,1
519,0,9.75,6,1.2027212461391,2.59415366115664,1
519,0,9.75,6,2.59415366115664,5.93288489951254,1
519,0,9.75,6,5.93288489951254,7.32248141452835,1
519,0,9.75,6,7.32248141452835,8.33473447817278,1
519,0,9.75,6,8.33473447817278,9.75,0
520,0,7.75,1,0,6.74137708288191,1
520,0,7.75,1,6.74137708288191,7.75,0
521,0,14.75,1,0,6.0609284986838,1
521,0,14.75,1,6.0609284986838,14.75,0
522,0,17.75,0,0,17.75,0
523,0,12.75,1,0,1.0004825299526,1
523,0,12.75,1,1.0004825299526,12.75,0
524,0,16.75,1,0,5.00004419734816,1
524,0,16.75,1,5.00004419734816,16.75,0
525,0,12.75,0,0,12.75,0
526,0,16.75,2,0,4.65529628869623,1
526,0,16.75,2,4.65529628869623,15.4502911932961,1
526,0,16.75,2,15.4502911932961,16.75,0
527,0,19.75,3,0,2.36791638076933,1
527,0,19.75,3,2.36791638076933,4.35101083196875,1
527,0,19.75,3,4.35101083196875,6.38131114201658,1
527,0,19.75,3,6.38131114201658,19.75,0
528,0,10.75,3,0,4.2376743936538,1
528,0,10.75,3,4.2376743936538,4.64647043992903,1
528,0,10.75,3,4.64647043992903,9.99297113135751,1
528,0,10.75,3,9.99297113135751,10.75,0
529,0,14.75,0,0,14.75,0
530,0,16.75,3,0,1.76649631865191,1
530,0,16.75,3,1.76649631865191,5.92785643187628,1
530,0,16.75,3,5.92785643187628,10.2757880071328,1
530,0,16.75,3,10.2757880071328,16.75,0
531,0,9.75,3,0,1.56047172258599,1
531,0,9.75,3,1.56047172258599,8.40713062347512,1
531,0,9.75,3,8.40713062347512,8.51274581090665,1
531,0,9.75,3,8.51274581090665,9.75,0
532,0,17.75,7,0,2.0028170177499,1
532,0,17.75,7,2.0028170177499,3.480440005511,1
532,0,17.75,7,3.480440005511,5.16664486739654,1
532,0,17.75,7,5.16664486739654,6.98424736654566,1
532,0,17.75,7,6.98424736654566,8.54395384150673,1
532,0,17.75,7,8.54395384150673,11.1696222003379,1
532,0,17.75,7,11.1696222003379,15.2867460167122,1
532,0,17.75,7,15.2867460167122,17.75,0
533,0,9.75,3,0,0.813331613174744,1
533,0,9.75,3,0.813331613174744,3.1776572290395,1
533,0,9.75,3,3.1776572290395,7.1021865027378,1
533,0,9.75,3,7.1021865027378,9.75,0
534,0,15.75,2,0,2.739500971835,1
534,0,15.75,2,2.739500971835,7.06040296380585,1
534,0,15.75,2,7.06040296380585,15.75,0
535,0,16.75,3,0,2.92200352852974,1
535,0,16.75,3,2.92200352852974,3.94272383248786,1
535,0,16.75,3,3.94272383248786,12.4487456510167,1
535,0,16.75,3,12.4487456510167,16.75,0
536,0,13.75,6,0,2.49538245870528,1
536,0,13.75,6,2.49538245870528,3.01541798645984,1
536,0,13.75,6,3.01541798645984,8.79673081960722,1
536,0,13.75,6,8.79673081960722,11.4447005941464,1
536,0,13.75,6,11.4447005941464,12.8479497051253,1
536,0,13.75,6,12.8479497051253,12.9730504153143,1
536,0,13.75,6,12.9730504153143,13.75,0
537,0,11.75,4,0,1.30929638889377,1
537,0,11.75,4,1.30929638889377,6.87318695632293,1
537,0,11.75,4,6.87318695632293,10.0219410905858,1
537,0,11.75,4,10.0219410905858,11.610380346016,1
537,0,11.75,4,11.610380346016,11.75,0
538,0,11.75,4,0,1.71068589645038,1
538,0,11.75,4,1.71068589645038,2.00095224697182,1
538,0,11.75,4,2.00095224697182,3.52769981397961,1
538,0,11.75,4,3.52769981397961,3.63929458835841,1
538,0,11.75,4,3.63929458835841,11.75,0
539,0,11.75,3,0,0.901991571489976,1
539,0,11.75,3,0.901991571489976,6.03448140585422,1
539,0,11.75,3,6.03448140585422,8.37130821658154,1
539,0,11.75,3,8.37130821658154,11.75,0
540,0,16.75,3,0,3.62004801615765,1
540,0,16.75,3,3.62004801615765,8.34197185474813,1
540,0,16.75,3,8.34197185474813,9.92999945980156,1
540,0,16.75,3,9.92999945980156,16.75,0
541,0,15.75,3,0,3.17685232893317,1
541,0,15.75,3,3.17685232893317,11.1575761964756,1
541,0,15.75,3,11.1575761964756,15.158509087814,1
541,0,15.75,3,15.158509087814,15.75,0
542,0,17.75,7,0,1.7306727047741,1
542,0,17.75,7,1.7306727047741,8.34298287667013,1
542,0,17.75,7,8.34298287667013,9.42688907811356,1
542,0,17.75,7,9.42688907811356,10.7229554650174,1
542,0,17.75,7,10.7229554650174,10.7238148499281,1
542,0,17.75,7,10.7238148499281,16.3840604254428,1
542,0,17.75,7,16.3840604254428,16.5920305182693,1
542,0,17.75,7,16.5920305182693,17.75,0
543,0,19.75,1,0,4.50579511692104,1
543,0,19.75,1,4.50579511692104,19.75,0
544,0,11.75,2,0,0.744658453789649,1
544,0,11.75,2,0.744658453789649,4.17014369040665,1
544,0,11.75,2,4.17014369040665,11.75,0
545,0,8.75,4,0,0.0896158116928833,1
545,0,8.75,4,0.0896158116928833,0.67740865498236,1
545,0,8.75,4,0.67740865498236,1.09095957728789,1
545,0,8.75,4,1.09095957728789,8.21185923492253,1
545,0,8.75,4,8.21185923492253,8.75,0
546,0,15.75,8,0,0.246125540677775,1
546,0,15.75,8,0.246125540677775,5.30515803459055,1
546,0,15.75,8,5.30515803459055,5.5650578573632,1
546,0,15.75,8,5.5650578573632,6.95158627248164,1
546,0,15.75,8,6.95158627248164,6.97944024914098,1
546,0,15.75,8,6.97944024914098,9.10521050314559,1
546,0,15.75,8,9.10521050314559,12.6998772691496,1
546,0,15.75,8,12.6998772691496,14.7835770703299,1
546,0,15.75,8,14.7835770703299,15.75,0
547,0,15.75,3,0,6.6909324134197,1
547,0,15.75,3,6.6909324134197,11.2985864922384,1
547,0,15.75,3,11.2985864922384,12.2549247755165,1
547,0,15.75,3,12.2549247755165,15.75,0
548,0,19.75,1,0,1.59224097715177,1
548,0,19.75,1,1.59224097715177,19.75,0
549,0,15.75,2,0,1.42148194285719,1
549,0,15.75,2,1.42148194285719,3.01700703726325,1
549,0,15.75,2,3.01700703726325,15.75,0
550,0,12.75,5,0,0.598857216616993,1
550,0,12.75,5,0.598857216616993,3.23381321793874,1
550,0,12.75,5,3.23381321793874,5.02516938996986,1
550,0,12.75,5,5.02516938996986,8.27562356105407,1
550,0,12.75,5,8.27562356105407,10.5975244609952,1
550,0,12.75,5,10.5975244609952,12.75,0
551,0,17.75,0,0,17.75,0
552,0,7.75,0,0,7.75,0
553,0,12.75,4,0,2.53414464697657,1
553,0,12.75,4,2.53414464697657,5.13301760965379,1
553,0,12.75,4,5.13301760965379,6.75333819823767,1
553,0,12.75,4,6.75333819823767,10.0545365861519,1
553,0,12.75,4,10.0545365861519,12.75,0
554,0,16.75,7,0,2.31847873489633,1
554,0,16.75,7,2.31847873489633,3.73042566025017,1
554,0,16.75,7,3.73042566025017,4.76409891923891,1
554,0,16.75,7,4.76409891923891,7.00028509925703,1
554,0,16.75,7,7.00028509925703,11.321827908733,1
554,0,16.75,7,11.321827908733,12.6045890325674,1
554,0,16.75,7,12.6045890325674,16.33688952364,1
554,0,16.75,7,16.33688952364,16.75,0
555,0,13.75,1,0,9.57344331635696,1
555,0,13.75,1,9.57344331635696,13.75,0
556,0,17.75,3,0,2.91360086652152,1
556,0,17.75,3,2.91360086652152,3.28013231244476,1
556,0,17.75,3,3.28013231244476,4.44787757567435,1
556,0,17.75,3,4.44787757567435,17.75,0
557,0,15.75,1,0,15.4710688062975,1
557,0,15.75,1,15.4710688062975,15.75,0
558,0,12.75,3,0,1.61425202073332,1
558,0,12.75,3,1.61425202073332,4.88401083721681,1
558,0,12.75,3,4.88401083721681,6.25912752074153,1
558,0,12.75,3,6.25912752074153,12.75,0
559,0,8.75,0,0,8.75,0
560,0,9.75,0,0,9.75,0
561,0,18.75,9,0,3.48038786456853,1
561,0,18.75,9,3.48038786456853,7.33562465240662,1
561,0,18.75,9,7.33562465240662,7.61188645078272,1
561,0,18.75,9,7.61188645078272,9.90671184880415,1
561,0,18.75,9,9.90671184880415,10.70537439176,1
561,0,18.75,9,10.70537439176,11.4590031841548,1
561,0,18.75,9,11.4590031841548,13.3501416914146,1
561,0,18.75,9,13.3501416914146,13.5760591247776,1
561,0,18.75,9,13.5760591247776,16.1628580028871,1
561,0,18.75,9,16.1628580028871,18.75,0
562,0,15.75,1,0,6.10545807989713,1
562,0,15.75,1,6.10545807989713,15.75,0
563,0,18.75,2,0,3.03558720821861,1
563,0,18.75,2,3.03558720821861,4.28253773363221,1
563,0,18.75,2,4.28253773363221,18.75,0
564,0,15.75,3,0,5.84081294816443,1
564,0,15.75,3,5.84081294816443,7.83101659509288,1
564,0,15.75,3,7.83101659509288,8.34963521724057,1
564,0,15.75,3,8.34963521724057,15.75,0
565,0,15.75,3,0,3.0678547580729,1
565,0,15.75,3,3.0678547580729,10.0122485399383,1
565,0,15.75,3,10.0122485399383,11.4464676117952,1
565,0,15.75,3,11.4464676117952,15.75,0
566,0,15.75,2,0,0.881981854343642,1
566,0,15.75,2,0.881981854343642,6.5009112743102,1
566,0,15.75,2,6.5009112743102,15.75,0
567,0,15.75,7,0,2.94247390441723,1
567,0,15.75,7,2.94247390441723,3.30965660739584,1
567,0,15.75,7,3.30965660739584,3.65553553439629,1
567,0,15.75,7,3.65553553439629,6.06770707587673,1
567,0,15.75,7,6.06770707587673,7.09527796830506,1
567,0,15.75,7,7.09527796830506,11.7318039940335,1
567,0,15.75,7,11.7318039940335,13.122449912499,1
567,0,15.75,7,13.122449912499,15.75,0
568,0,12.75,11,0,0.44835662047537,1
568,0,12.75,11,0.44835662047537,3.33128894278407,1
568,0,12.75,11,3.33128894278407,3.68908741144894,1
568,0,12.75,11,3.68908741144894,5.40450503934699,1
568,0,12.75,11,5.40450503934699,6.89650060028083,1
568,0,12.75,11,6.89650060028083,8.44594535859586,1
568,0,12.75,11,8.44594535859586,9.25472740707431,1
568,0,12.75,11,9.25472740707431,9.77637272668382,1
568,0,12.75,11,9.77637272668382,9.85320429586231,1
568,0,12.75,11,9.85320429586231,10.9645312101766,1
568,0,12.75,11,10.9645312101766,11.4065284067988,1
568,0,12.75,11,11.4065284067988,12.75,0
569,0,15.75,6,0,4.53928953720502,1
569,0,15.75,6,4.53928953720502,4.994704562165,1
569,0,15.75,6,4.994704562165,6.91847553196539,1
569,0,15.75,6,6.91847553196539,8.31669313111583,1
569,0,15.75,6,8.31669313111583,9.03911552195041,1
569,0,15.75,6,9.03911552195041,10.0263849667323,1
569,0,15.75,6,10.0263849667323,15.75,0
570,0,14.75,6,0,1.82996697305184,1
570,0,14.75,6,1.82996697305184,6.37301993536986,1
570,0,14.75,6,6.37301993536986,6.44164568063581,1
570,0,14.75,6,6.44164568063581,8.45350239477992,1
570,0,14.75,6,8.45350239477992,12.8703261012859,1
570,0,14.75,6,12.8703261012859,14.5438043749535,1
570,0,14.75,6,14.5438043749535,14.75,0
571,0,11.75,3,0,0.288677269459424,1
571,0,11.75,3,0.288677269459424,0.299245243521134,1
571,0,11.75,3,0.299245243521134,10.6381977599953,1
571,0,11.75,3,10.6381977599953,11.75,0
572,0,17.75,6,0,0.0420397725847088,1
572,0,17.75,6,0.0420397725847088,5.34172721691294,1
572,0,17.75,6,5.34172721691294,6.67131143467544,1
572,0,17.75,6,6.67131143467544,9.88176975145373,1
572,0,17.75,6,9.88176975145373,10.5624832518625,1
572,0,17.75,6,10.5624832518625,12.0922164331585,1
572,0,17.75,6,12.0922164331585,17.75,0
573,0,10.75,5,0,3.1991005881774,1
573,0,10.75,5,3.1991005881774,6.23361027937729,1
573,0,10.75,5,6.23361027937729,8.89196210041345,1
573,0,10.75,5,8.89196210041345,9.31496950706415,1
573,0,10.75,5,9.31496950706415,10.099303855243,1
573,0,10.75,5,10.099303855243,10.75,0
574,0,8.75,1,0,1.85163916651776,1
574,0,8.75,1,1.85163916651776,8.75,0
575,0,9.75,1,0,8.71830683795096,1
575,0,9.75,1,8.71830683795096,9.75,0
576,0,19.75,1,0,14.2670709315219,1
576,0,19.75,1,14.2670709315219,19.75,0
577,0,10.75,0,0,10.75,0
578,0,13.75,12,0,2.57357584429056,1
578,0,13.75,12,2.57357584429056,4.77893941643542,1
578,0,13.75,12,4.77893941643542,5.61277597207231,1
578,0,13.75,12,5.61277597207231,6.06975179817761,1
578,0,13.75,12,6.06975179817761,8.2550875979311,1
578,0,13.75,12,8.2550875979311,9.01917325684106,1
578,0,13.75,12,9.01917325684106,9.7307209086378,1
578,0,13.75,12,9.7307209086378,9.94223277104482,1
578,0,13.75,12,9.94223277104482,9.99978597601851,1
578,0,13.75,12,9.99978597601851,10.1604135830592,1
578,0,13.75,12,10.1604135830592,11.3744527708701,1
578,0,13.75,12,11.3744527708701,12.714411350746,1
578,0,13.75,12,12.714411350746,13.75,0
579,0,10.75,1,0,10.0985468737992,1
579,0,10.75,1,10.0985468737992,10.75,0
580,0,9.75,4,0,1.44770323831809,1
580,0,9.75,4,1.44770323831809,3.43062073379997,1
580,0,9.75,4,3.43062073379997,4.99561021576337,1
580,0,9.75,4,4.99561021576337,9.24081461152195,1
580,0,9.75,4,9.24081461152195,9.75,0
581,0,9.75,0,0,9.75,0
582,0,9.75,2,0,1.17283031971921,1
582,0,9.75,2,1.17283031971921,6.92523223034685,1
582,0,9.75,2,6.92523223034685,9.75,0
583,0,15.75,2,0,5.24039135534275,1
583,0,15.75,2,5.24039135534275,12.5397677558541,1
583,0,15.75,2,12.5397677558541,15.75,0
584,0,12.75,1,0,8.62776247375923,1
584,0,12.75,1,8.62776247375923,12.75,0
585,0,10.75,3,0,2.59553865167179,1
585,0,10.75,3,2.59553865167179,8.36334416458475,1
585,0,10.75,3,8.36334416458475,8.46045884226554,1
585,0,10.75,3,8.46045884226554,10.75,0
586,0,12.75,6,0,5.05668144336465,1
586,0,12.75,6,5.05668144336465,6.07942443954711,1
586,0,12.75,6,6.07942443954711,8.9528665534009,1
586,0,12.75,6,8.9528665534009,10.4063078287817,1
586,0,12.75,6,10.4063078287817,10.9649033952614,1
586,0,12.75,6,10.9649033952614,12.5827009916523,1
586,0,12.75,6,12.5827009916523,12.75,0
587,0,8.75,6,0,0.504910437084999,1
587,0,8.75,6,0.504910437084999,2.25703551196596,1
587,0,8.75,6,2.25703551196596,3.42109341269991,1
587,0,8.75,6,3.42109341269991,3.98143560908074,1
587,0,8.75,6,3.98143560908074,5.41721318919999,1
587,0,8.75,6,5.41721318919999,8.66817842791829,1
587,0,8.75,6,8.66817842791829,8.75,0
588,0,10.75,1,0,9.97133664173946,1
588,0,10.75,1,9.97133664173946,10.75,0
589,0,16.75,3,0,0.11615526380177,1
589,0,16.75,3,0.11615526380177,3.96117360118559,1
589,0,16.75,3,3.96117360118559,9.11874683061111,1
589,0,16.75,3,9.11874683061111,16.75,0
590,0,11.75,1,0,5.86334702937035,1
590,0,11.75,1,5.86334702937035,11.75,0
591,0,17.75,5,0,10.4005139609016,1
591,0,17.75,5,10.4005139609016,11.9289389599504,1
591,0,17.75,5,11.9289389599504,12.8398946374371,1
591,0,17.75,5,12.8398946374371,13.314750957064,1
591,0,17.75,5,13.314750957064,14.2048938394008,1
591,0,17.75,5,14.2048938394008,17.75,0
592,0,20.75,4,0,3.59456014624225,1
592,0,20.75,4,3.59456014624225,9.77535094179382,1
592,0,20.75,4,9.77535094179382,13.7576576794736,1
592,0,20.75,4,13.7576576794736,14.1118826322585,1
592,0,20.75,4,14.1118826322585,20.75,0
593,0,7.75,0,0,7.75,0
594,0,10.75,4,0,0.451333741093124,1
594,0,10.75,4,0.451333741093124,2.11422944426347,1
594,0,10.75,4,2.11422944426347,3.38484166094991,1
594,0,10.75,4,3.38484166094991,7.52709978010503,1
594,0,10.75,4,7.52709978010503,10.75,0
595,0,16.75,0,0,16.75,0
596,0,14.75,8,0,2.18543549787162,1
596,0,14.75,8,2.18543549787162,3.01968959147421,1
596,0,14.75,8,3.01968959147421,3.22428752653252,1
596,0,14.75,8,3.22428752653252,7.17744126315417,1
596,0,14.75,8,7.17744126315417,8.3684381277705,1
596,0,14.75,8,8.3684381277705,8.70937475974777,1
596,0,14.75,8,8.70937475974777,11.3788713313147,1
596,0,14.75,8,11.3788713313147,14.6012328711237,1
596,0,14.75,8,14.6012328711237,14.75,0
597,0,13.75,0,0,13.75,0
598,0,17.75,5,0,1.83511787462367,1
598,0,17.75,5,1.83511787462367,7.33245666975177,1
598,0,17.75,5,7.33245666975177,7.84810296103499,1
598,0,17.75,5,7.84810296103499,11.8923669203959,1
598,0,17.75,5,11.8923669203959,13.7148041785062,1
598,0,17.75,5,13.7148041785062,17.75,0
599,0,13.75,2,0,6.98157794982555,1
599,0,13.75,2,6.98157794982555,13.471215589855,1
599,0,13.75,2,13.471215589855,13.75,0
600,0,15.75,5,0,2.73972274472435,1
600,0,15.75,5,2.73972274472435,2.96566095317191,1
600,0,15.75,5,2.96566095317191,9.52365622618521,1
600,0,15.75,5,9.52365622618521,14.9939363489358,1
600,0,15.75,5,14.9939363489358,15.3129551367839,1
600,0,15.75,5,15.3129551367839,15.75,0
