"id","xi","Tei","n.rec","start","stop","status"
1,1,17.75,1,0,0.0833357425523109,1
1,1,17.75,1,0.0833357425523109,17.75,0
2,1,11.75,1,0,0.257570843188353,1
2,1,11.75,1,0.257570843188353,11.75,0
3,1,11.75,21,0,1.66180392327085,1
3,1,11.75,21,1.66180392327085,2.04748025918119,1
3,1,11.75,21,2.04748025918119,3.31157178547807,1
3,1,11.75,21,3.31157178547807,4.58492971192976,1
3,1,11.75,21,4.58492971192976,6.23357588013712,1
3,1,11.75,21,6.23357588013712,7.20463961862974,1
3,1,11.75,21,7.20463961862974,7.36593441914725,1
3,1,11.75,21,7.36593441914725,7.55692047067782,1
3,1,11.75,21,7.55692047067782,7.96267402203927,1
3,1,11.75,21,7.96267402203927,8.93589085579322,1
3,1,11.75,21,8.93589085579322,9.10119169213788,1
3,1,11.75,21,9.10119169213788,9.76461983802353,1
3,1,11.75,21,9.76461983802353,9.93277986006484,1
3,1,11.75,21,9.93277986006484,9.97267650545906,1
3,1,11.75,21,9.97267650545906,10.0151037032278,1
3,1,11.75,21,10.0151037032278,10.2347165887065,1
3,1,11.75,21,10.2347165887065,10.2401210286497,1
3,1,11.75,21,10.2401210286497,11.2372313821819,1
3,1,11.75,21,11.2372313821819,11.3061560877738,1
3,1,11.75,21,11.3061560877738,11.4373314620922,1
3,1,11.75,21,11.4373314620922,11.623155545315,1
3,1,11.75,21,11.623155545315,11.75,0
4,1,17.75,2,0,0.447722806123894,1
4,1,17.75,2,0.447722806123894,15.9580503708623,1
4,1,17.75,2,15.9580503708623,17.75,0
5,1,9.75,0,0,9.75,0
6,1,17.75,0,0,17.75,0
7,1,17.75,40,0,4.79593623746971,1
7,1,17.75,40,4.79593623746971,6.73345091831255,1
7,1,17.75,40,6.73345091831255,8.11694431980789,1
7,1,17.75,40,8.11694431980789,8.40037265277623,1
7,1,17.75,40,8.40037265277623,8.54871270772719,1
7,1,17.75,40,8.54871270772719,9.07544514481845,1
7,1,17.75,40,9.07544514481845,9.34826792528276,1
7,1,17.75,40,9.34826792528276,9.7341437684312,1
7,1,17.75,40,9.7341437684312,9.94117053654614,1
7,1,17.75,40,9.94117053654614,10.4044345252833,1
7,1,17.75,40,10.4044345252833,10.4378260272385,1
7,1,17.75,40,10.4378260272385,10.6774217524112,1
7,1,17.75,40,10.6774217524112,10.7354044948921,1
7,1,17.75,40,10.7354044948921,10.8107225994165,1
7,1,17.75,40,10.8107225994165,11.2276007201779,1
7,1,17.75,40,11.2276007201779,11.2329566845698,1
7,1,17.75,40,11.2329566845698,11.8895378943359,1
7,1,17.75,40,11.8895378943359,12.6978155710451,1
7,1,17.75,40,12.6978155710451,12.8786952633447,1
7,1,17.75,40,12.8786952633447,13.3191280317958,1
7,1,17.75,40,13.3191280317958,13.4099344585379,1
7,1,17.75,40,13.4099344585379,13.4332932088435,1
7,1,17.75,40,13.4332932088435,13.7743143978255,1
7,1,17.75,40,13.7743143978255,13.7976068395953,1
7,1,17.75,40,13.7976068395953,13.8809827075926,1
7,1,17.75,40,13.8809827075926,13.897730738879,1
7,1,17.75,40,13.897730738879,13.908861970363,1
7,1,17.75,40,13.908861970363,14.3527966859226,1
7,1,17.75,40,14.3527966859226,14.6661134979437,1
7,1,17.75,40,14.6661134979437,15.7096911771168,1
7,1,17.75,40,15.7096911771168,16.1455991495899,1
7,1,17.75,40,16.1455991495899,16.1631341882736,1
7,1,17.75,40,16.1631341882736,16.44425943815,1
7,1,17.75,40,16.44425943815,16.6346309790471,1
7,1,17.75,40,16.6346309790471,16.8857651817894,1
7,1,17.75,40,16.8857651817894,16.964807267315,1
7,1,17.75,40,16.964807267315,17.4621204737807,1
7,1,17.75,40,17.4621204737807,17.5966738136255,1
7,1,17.75,40,17.5966738136255,17.6120022073701,1
7,1,17.75,40,17.6120022073701,17.6487410172547,1
7,1,17.75,40,17.6487410172547,17.75,0
8,1,18.75,86,0,2.93753067530263,1
8,1,18.75,86,2.93753067530263,3.79857952808155,1
8,1,18.75,86,3.79857952808155,5.64280633038866,1
8,1,18.75,86,5.64280633038866,5.73501183423878,1
8,1,18.75,86,5.73501183423878,6.13896955854512,1
8,1,18.75,86,6.13896955854512,6.15995061122154,1
8,1,18.75,86,6.15995061122154,6.8652262688144,1
8,1,18.75,86,6.8652262688144,7.34856235137194,1
8,1,18.75,86,7.34856235137194,7.45304215230058,1
8,1,18.75,86,7.45304215230058,8.23751435823414,1
8,1,18.75,86,8.23751435823414,8.33553615510225,1
8,1,18.75,86,8.33553615510225,8.34535604904061,1
8,1,18.75,86,8.34535604904061,8.43576214960533,1
8,1,18.75,86,8.43576214960533,9.88681723073538,1
8,1,18.75,86,9.88681723073538,9.92021585650918,1
8,1,18.75,86,9.92021585650918,10.3301331873689,1
8,1,18.75,86,10.3301331873689,10.3940935832924,1
8,1,18.75,86,10.3940935832924,10.3943912227452,1
8,1,18.75,86,10.3943912227452,10.4760451048272,1
8,1,18.75,86,10.4760451048272,10.4794527829947,1
8,1,18.75,86,10.4794527829947,10.9829527491716,1
8,1,18.75,86,10.9829527491716,11.0374955059263,1
8,1,18.75,86,11.0374955059263,11.4073589436542,1
8,1,18.75,86,11.4073589436542,11.8108361370495,1
8,1,18.75,86,11.8108361370495,11.9576695316433,1
8,1,18.75,86,11.9576695316433,11.9884793804673,1
8,1,18.75,86,11.9884793804673,12.3702155830476,1
8,1,18.75,86,12.3702155830476,12.4122154494717,1
8,1,18.75,86,12.4122154494717,12.648783064399,1
8,1,18.75,86,12.648783064399,12.6978948491987,1
8,1,18.75,86,12.6978948491987,12.8185774942946,1
8,1,18.75,86,12.8185774942946,12.8675619629511,1
8,1,18.75,86,12.8675619629511,12.9175416321958,1
8,1,18.75,86,12.9175416321958,13.033538702756,1
8,1,18.75,86,13.033538702756,13.1167795861559,1
8,1,18.75,86,13.1167795861559,13.3606110999714,1
8,1,18.75,86,13.3606110999714,13.4990618852543,1
8,1,18.75,86,13.4990618852543,13.7924490254445,1
8,1,18.75,86,13.7924490254445,13.8688065553056,1
8,1,18.75,86,13.8688065553056,13.8772619812173,1
8,1,18.75,86,13.8772619812173,14.1430160585297,1
8,1,18.75,86,14.1430160585297,14.6575649710538,1
8,1,18.75,86,14.6575649710538,15.0810649989162,1
8,1,18.75,86,15.0810649989162,15.0899338501285,1
8,1,18.75,86,15.0899338501285,15.1497110237043,1
8,1,18.75,86,15.1497110237043,15.2757962404062,1
8,1,18.75,86,15.2757962404062,15.4642390287329,1
8,1,18.75,86,15.4642390287329,15.5941354845584,1
8,1,18.75,86,15.5941354845584,15.5992042292348,1
8,1,18.75,86,15.5992042292348,15.8553261408654,1
8,1,18.75,86,15.8553261408654,15.920473427679,1
8,1,18.75,86,15.920473427679,15.9251715592398,1
8,1,18.75,86,15.9251715592398,15.974702090689,1
8,1,18.75,86,15.974702090689,16.1138065986149,1
8,1,18.75,86,16.1138065986149,16.1897000125362,1
8,1,18.75,86,16.1897000125362,16.4090616839536,1
8,1,18.75,86,16.4090616839536,16.506961291896,1
8,1,18.75,86,16.506961291896,16.5141695045986,1
8,1,18.75,86,16.5141695045986,16.5655174648587,1
8,1,18.75,86,16.5655174648587,16.6390256536932,1
8,1,18.75,86,16.6390256536932,16.6888327883517,1
8,1,18.75,86,16.6888327883517,16.885410467679,1
8,1,18.75,86,16.885410467679,16.8910226199155,1
8,1,18.75,86,16.8910226199155,17.2925496886814,1
8,1,18.75,86,17.2925496886814,17.3580903423717,1
8,1,18.75,86,17.3580903423717,17.4455714869676,1
8,1,18.75,86,17.4455714869676,17.4963031365842,1
8,1,18.75,86,17.4963031365842,17.5347145946658,1
8,1,18.75,86,17.5347145946658,17.5634619660702,1
8,1,18.75,86,17.5634619660702,17.6017917961963,1
8,1,18.75,86,17.6017917961963,17.6702276056349,1
8,1,18.75,86,17.6702276056349,17.7119196820286,1
8,1,18.75,86,17.7119196820286,17.7319308523873,1
8,1,18.75,86,17.7319308523873,17.8368340954397,1
8,1,18.75,86,17.8368340954397,17.9482432213241,1
8,1,18.75,86,17.9482432213241,18.3083861876768,1
8,1,18.75,86,18.3083861876768,18.3416481535501,1
8,1,18.75,86,18.3416481535501,18.4323318793505,1
8,1,18.75,86,18.4323318793505,18.4658777551565,1
8,1,18.75,86,18.4658777551565,18.5512632683366,1
8,1,18.75,86,18.5512632683366,18.5637148904174,1
8,1,18.75,86,18.5637148904174,18.6502947513665,1
8,1,18.75,86,18.6502947513665,18.6756334906006,1
8,1,18.75,86,18.6756334906006,18.7210757356206,1
8,1,18.75,86,18.7210757356206,18.7387749413474,1
8,1,18.75,86,18.7387749413474,18.7435851224639,1
8,1,18.75,86,18.7435851224639,18.75,0
9,1,15.75,4,0,0.770698924512623,1
9,1,15.75,4,0.770698924512623,1.37443067484442,1
9,1,15.75,4,1.37443067484442,2.66379932938943,1
9,1,15.75,4,2.66379932938943,9.91017515375306,1
9,1,15.75,4,9.91017515375306,15.75,0
10,1,13.75,1,0,5.31871028075181,1
10,1,13.75,1,5.31871028075181,13.75,0
11,1,12.75,31,0,1.69146104717389,1
11,1,12.75,31,1.69146104717389,3.3551305274178,1
11,1,12.75,31,3.3551305274178,4.58899719452459,1
11,1,12.75,31,4.58899719452459,4.66063555034042,1
11,1,12.75,31,4.66063555034042,4.91822394527742,1
11,1,12.75,31,4.91822394527742,5.02626185605702,1
11,1,12.75,31,5.02626185605702,5.70859040312973,1
11,1,12.75,31,5.70859040312973,6.69935144317107,1
11,1,12.75,31,6.69935144317107,6.70838137435809,1
11,1,12.75,31,6.70838137435809,6.99173073493932,1
11,1,12.75,31,6.99173073493932,7.65514594585413,1
11,1,12.75,31,7.65514594585413,7.70480401527943,1
11,1,12.75,31,7.70480401527943,7.81338760763345,1
11,1,12.75,31,7.81338760763345,8.00528941831135,1
11,1,12.75,31,8.00528941831135,8.56457139525448,1
11,1,12.75,31,8.56457139525448,8.67405475159504,1
11,1,12.75,31,8.67405475159504,8.68763144514098,1
11,1,12.75,31,8.68763144514098,8.87084112968172,1
11,1,12.75,31,8.87084112968172,9.08920569934052,1
11,1,12.75,31,9.08920569934052,9.98179355236956,1
11,1,12.75,31,9.98179355236956,10.5226200508049,1
11,1,12.75,31,10.5226200508049,11.1119858443299,1
11,1,12.75,31,11.1119858443299,11.2119049345359,1
11,1,12.75,31,11.2119049345359,11.3011996023913,1
11,1,12.75,31,11.3011996023913,11.341119018202,1
11,1,12.75,31,11.341119018202,11.3921114984447,1
11,1,12.75,31,11.3921114984447,11.4713081957,1
11,1,12.75,31,11.4713081957,11.9982110694463,1
11,1,12.75,31,11.9982110694463,12.0454428556444,1
11,1,12.75,31,12.0454428556444,12.3739414913488,1
11,1,12.75,31,12.3739414913488,12.470016102908,1
11,1,12.75,31,12.470016102908,12.75,0
12,1,20.75,50,0,6.53636799965065,1
12,1,20.75,50,6.53636799965065,7.66569575549521,1
12,1,20.75,50,7.66569575549521,7.839781564734,1
12,1,20.75,50,7.839781564734,8.30357442366268,1
12,1,20.75,50,8.30357442366268,11.1110036327011,1
12,1,20.75,50,11.1110036327011,11.1652008463202,1
12,1,20.75,50,11.1652008463202,11.8841194546006,1
12,1,20.75,50,11.8841194546006,12.0800387611042,1
12,1,20.75,50,12.0800387611042,12.2713793394677,1
12,1,20.75,50,12.2713793394677,12.27746147328,1
12,1,20.75,50,12.27746147328,12.3512421629455,1
12,1,20.75,50,12.3512421629455,12.4312920155236,1
12,1,20.75,50,12.4312920155236,12.637454496317,1
12,1,20.75,50,12.637454496317,13.3216667654338,1
12,1,20.75,50,13.3216667654338,13.9124615476211,1
12,1,20.75,50,13.9124615476211,13.9250826458374,1
12,1,20.75,50,13.9250826458374,13.9565448603458,1
12,1,20.75,50,13.9565448603458,14.2014858617527,1
12,1,20.75,50,14.2014858617527,14.431903027724,1
12,1,20.75,50,14.431903027724,14.5345385246781,1
12,1,20.75,50,14.5345385246781,14.5753762289764,1
12,1,20.75,50,14.5753762289764,14.8950672583475,1
12,1,20.75,50,14.8950672583475,14.9681280088636,1
12,1,20.75,50,14.9681280088636,15.1087155369734,1
12,1,20.75,50,15.1087155369734,15.3019745084284,1
12,1,20.75,50,15.3019745084284,15.3529817292153,1
12,1,20.75,50,15.3529817292153,15.3949749449736,1
12,1,20.75,50,15.3949749449736,15.8887840288724,1
12,1,20.75,50,15.8887840288724,15.9913052172245,1
12,1,20.75,50,15.9913052172245,16.1834700276176,1
12,1,20.75,50,16.1834700276176,16.3415833346289,1
12,1,20.75,50,16.3415833346289,16.3547226811178,1
12,1,20.75,50,16.3547226811178,17.3785624148193,1
12,1,20.75,50,17.3785624148193,17.4494324539789,1
12,1,20.75,50,17.4494324539789,17.7835686059342,1
12,1,20.75,50,17.7835686059342,17.8755259597642,1
12,1,20.75,50,17.8755259597642,17.8831904834633,1
12,1,20.75,50,17.8831904834633,18.1526982614658,1
12,1,20.75,50,18.1526982614658,18.5894029957262,1
12,1,20.75,50,18.5894029957262,18.6389727233433,1
12,1,20.75,50,18.6389727233433,18.7674590061602,1
12,1,20.75,50,18.7674590061602,18.885125439203,1
12,1,20.75,50,18.885125439203,19.2117127479976,1
12,1,20.75,50,19.2117127479976,19.4525367363301,1
12,1,20.75,50,19.4525367363301,19.5471289818583,1
12,1,20.75,50,19.5471289818583,19.6009786555444,1
12,1,20.75,50,19.6009786555444,19.8492275355889,1
12,1,20.75,50,19.8492275355889,20.0399188333231,1
12,1,20.75,50,20.0399188333231,20.1326227150971,1
12,1,20.75,50,20.1326227150971,20.229919761414,1
12,1,20.75,50,20.229919761414,20.75,0
13,1,10.75,2,0,7.62090209883657,1
13,1,10.75,2,7.62090209883657,10.6024488451274,1
13,1,10.75,2,10.6024488451274,10.75,0
14,1,18.75,9,0,0.108598462611553,1
14,1,18.75,9,0.108598462611553,0.635082683859938,1
14,1,18.75,9,0.635082683859938,2.26296460561365,1
14,1,18.75,9,2.26296460561365,2.57602857047983,1
14,1,18.75,9,2.57602857047983,9.96524200123054,1
14,1,18.75,9,9.96524200123054,11.7161860402814,1
14,1,18.75,9,11.7161860402814,13.7745066658592,1
14,1,18.75,9,13.7745066658592,14.8699039800187,1
14,1,18.75,9,14.8699039800187,17.2965764615482,1
14,1,18.75,9,17.2965764615482,18.75,0
15,1,15.75,2,0,0.0872225329839498,1
15,1,15.75,2,0.0872225329839498,12.2796528177383,1
15,1,15.75,2,12.2796528177383,15.75,0
16,1,10.75,4,0,2.51886936845608,1
16,1,10.75,4,2.51886936845608,5.11426834717955,1
16,1,10.75,4,5.11426834717955,6.27995716058074,1
16,1,10.75,4,6.27995716058074,10.7086492080575,1
16,1,10.75,4,10.7086492080575,10.75,0
17,1,20.75,77,0,3.54976935214641,1
17,1,20.75,77,3.54976935214641,7.20083360772837,1
17,1,20.75,77,7.20083360772837,7.36692699727146,1
17,1,20.75,77,7.36692699727146,7.75847918965318,1
17,1,20.75,77,7.75847918965318,8.65072060343313,1
17,1,20.75,77,8.65072060343313,8.69989453321343,1
17,1,20.75,77,8.69989453321343,9.16350053302168,1
17,1,20.75,77,9.16350053302168,9.33846071352173,1
17,1,20.75,77,9.33846071352173,9.54457381910298,1
17,1,20.75,77,9.54457381910298,10.0132487681275,1
17,1,20.75,77,10.0132487681275,10.3163827889258,1
17,1,20.75,77,10.3163827889258,10.5584572843785,1
17,1,20.75,77,10.5584572843785,10.7261737941114,1
17,1,20.75,77,10.7261737941114,10.8027126338916,1
17,1,20.75,77,10.8027126338916,11.1930777897015,1
17,1,20.75,77,11.1930777897015,11.2293355688613,1
17,1,20.75,77,11.2293355688613,11.3208519929165,1
17,1,20.75,77,11.3208519929165,11.3799918552193,1
17,1,20.75,77,11.3799918552193,11.5946862483087,1
17,1,20.75,77,11.5946862483087,11.7104044694168,1
17,1,20.75,77,11.7104044694168,11.7549818958746,1
17,1,20.75,77,11.7549818958746,11.8261155887614,1
17,1,20.75,77,11.8261155887614,11.9920807785261,1
17,1,20.75,77,11.9920807785261,12.5403109886845,1
17,1,20.75,77,12.5403109886845,12.5984259575287,1
17,1,20.75,77,12.5984259575287,13.1010842793571,1
17,1,20.75,77,13.1010842793571,13.15166189341,1
17,1,20.75,77,13.15166189341,13.6174967658481,1
17,1,20.75,77,13.6174967658481,13.7374791107818,1
17,1,20.75,77,13.7374791107818,14.5534448291887,1
17,1,20.75,77,14.5534448291887,14.8728205218477,1
17,1,20.75,77,14.8728205218477,14.8812251535677,1
17,1,20.75,77,14.8812251535677,14.9895478493433,1
17,1,20.75,77,14.9895478493433,15.1707036071242,1
17,1,20.75,77,15.1707036071242,15.1749097300798,1
17,1,20.75,77,15.1749097300798,15.2977259644377,1
17,1,20.75,77,15.2977259644377,15.477905080625,1
17,1,20.75,77,15.477905080625,15.6877980285013,1
17,1,20.75,77,15.6877980285013,15.7556488957451,1
17,1,20.75,77,15.7556488957451,15.8186059700233,1
17,1,20.75,77,15.8186059700233,15.8819235273248,1
17,1,20.75,77,15.8819235273248,15.886771533309,1
17,1,20.75,77,15.886771533309,15.9921060511981,1
17,1,20.75,77,15.9921060511981,16.1914812717915,1
17,1,20.75,77,16.1914812717915,16.2273269912328,1
17,1,20.75,77,16.2273269912328,16.3355056769982,1
17,1,20.75,77,16.3355056769982,16.3644852924712,1
17,1,20.75,77,16.3644852924712,16.3900421160373,1
17,1,20.75,77,16.3900421160373,16.6158340543692,1
17,1,20.75,77,16.6158340543692,16.6313691787547,1
17,1,20.75,77,16.6313691787547,16.6838796323733,1
17,1,20.75,77,16.6838796323733,16.7016721511946,1
17,1,20.75,77,16.7016721511946,16.7448254039478,1
17,1,20.75,77,16.7448254039478,17.0218495033617,1
17,1,20.75,77,17.0218495033617,17.5488851442477,1
17,1,20.75,77,17.5488851442477,17.5843130984298,1
17,1,20.75,77,17.5843130984298,17.6527734310346,1
17,1,20.75,77,17.6527734310346,17.8819491308488,1
17,1,20.75,77,17.8819491308488,18.2064201597286,1
17,1,20.75,77,18.2064201597286,18.2462308579195,1
17,1,20.75,77,18.2462308579195,18.4679046529433,1
17,1,20.75,77,18.4679046529433,18.8668182904062,1
17,1,20.75,77,18.8668182904062,18.9248093075397,1
17,1,20.75,77,18.9248093075397,19.0210084846081,1
17,1,20.75,77,19.0210084846081,19.0591661817678,1
17,1,20.75,77,19.0591661817678,19.1951247138344,1
17,1,20.75,77,19.1951247138344,19.2288438852836,1
17,1,20.75,77,19.2288438852836,19.3544893899433,1
17,1,20.75,77,19.3544893899433,19.4526169577912,1
17,1,20.75,77,19.4526169577912,19.4992008705561,1
17,1,20.75,77,19.4992008705561,19.555494226831,1
17,1,20.75,77,19.555494226831,19.5910267375068,1
17,1,20.75,77,19.5910267375068,19.7008153046657,1
17,1,20.75,77,19.7008153046657,19.7964668990068,1
17,1,20.75,77,19.7964668990068,20.1856893104932,1
17,1,20.75,77,20.1856893104932,20.2090535421135,1
17,1,20.75,77,20.2090535421135,20.4348469638551,1
17,1,20.75,77,20.4348469638551,20.75,0
18,1,15.75,35,0,5.19663887914293,1
18,1,15.75,35,5.19663887914293,5.72420149544336,1
18,1,15.75,35,5.72420149544336,7.04899796439167,1
18,1,15.75,35,7.04899796439167,7.63138763272225,1
18,1,15.75,35,7.63138763272225,8.10949332163653,1
18,1,15.75,35,8.10949332163653,8.13903285797168,1
18,1,15.75,35,8.13903285797168,8.68858147300704,1
18,1,15.75,35,8.68858147300704,9.21709249541893,1
18,1,15.75,35,9.21709249541893,9.3084688963001,1
18,1,15.75,35,9.3084688963001,9.3513159077775,1
18,1,15.75,35,9.3513159077775,9.44440513146782,1
18,1,15.75,35,9.44440513146782,10.1806393555203,1
18,1,15.75,35,10.1806393555203,10.5568305365787,1
18,1,15.75,35,10.5568305365787,10.7703122729071,1
18,1,15.75,35,10.7703122729071,11.1238427518812,1
18,1,15.75,35,11.1238427518812,11.389022935948,1
18,1,15.75,35,11.389022935948,11.5794505090298,1
18,1,15.75,35,11.5794505090298,11.7164288940332,1
18,1,15.75,35,11.7164288940332,11.8411022609559,1
18,1,15.75,35,11.8411022609559,11.8827356894914,1
18,1,15.75,35,11.8827356894914,11.9459794700003,1
18,1,15.75,35,11.9459794700003,12.0506804986603,1
18,1,15.75,35,12.0506804986603,12.1599647729164,1
18,1,15.75,35,12.1599647729164,12.5339321938814,1
18,1,15.75,35,12.5339321938814,12.699664200124,1
18,1,15.75,35,12.699664200124,12.7551395489036,1
18,1,15.75,35,12.7551395489036,13.0058513152041,1
18,1,15.75,35,13.0058513152041,13.0444228725235,1
18,1,15.75,35,13.0444228725235,13.3731037920122,1
18,1,15.75,35,13.3731037920122,14.2190873843842,1
18,1,15.75,35,14.2190873843842,14.2495761960878,1
18,1,15.75,35,14.2495761960878,14.7950332215014,1
18,1,15.75,35,14.7950332215014,15.0855565455587,1
18,1,15.75,35,15.0855565455587,15.4583062782271,1
18,1,15.75,35,15.4583062782271,15.4732712711551,1
18,1,15.75,35,15.4732712711551,15.75,0
19,1,11.75,0,0,11.75,0
20,1,13.75,3,0,2.35424985406821,1
20,1,13.75,3,2.35424985406821,3.28066018028461,1
20,1,13.75,3,3.28066018028461,4.52578503368618,1
20,1,13.75,3,4.52578503368618,13.75,0
21,1,14.75,1,0,0.207871572234415,1
21,1,14.75,1,0.207871572234415,14.75,0
22,1,14.75,9,0,0.000282302585780835,1
22,1,14.75,9,0.000282302585780835,0.154580898221222,1
22,1,14.75,9,0.154580898221222,0.372862648572735,1
22,1,14.75,9,0.372862648572735,0.45889483777978,1
22,1,14.75,9,0.45889483777978,0.716500966739317,1
22,1,14.75,9,0.716500966739317,1.89171282463761,1
22,1,14.75,9,1.89171282463761,6.08714574479318,1
22,1,14.75,9,6.08714574479318,8.110940641653,1
22,1,14.75,9,8.110940641653,8.57446405039052,1
22,1,14.75,9,8.57446405039052,14.75,0
23,1,14.75,1,0,1.68933528266911,1
23,1,14.75,1,1.68933528266911,14.75,0
24,1,15.75,0,0,15.75,0
25,1,9.75,11,0,5.52502083148105,1
25,1,9.75,11,5.52502083148105,6.11698628594816,1
25,1,9.75,11,6.11698628594816,6.37688406419088,1
25,1,9.75,11,6.37688406419088,6.53794379586045,1
25,1,9.75,11,6.53794379586045,7.0708138515938,1
25,1,9.75,11,7.0708138515938,7.97775319003701,1
25,1,9.75,11,7.97775319003701,8.00478995199605,1
25,1,9.75,11,8.00478995199605,8.61516281628616,1
25,1,9.75,11,8.61516281628616,8.6626798859337,1
25,1,9.75,11,8.6626798859337,9.31996731900902,1
25,1,9.75,11,9.31996731900902,9.47915891481767,1
25,1,9.75,11,9.47915891481767,9.75,0
26,1,15.75,0,0,15.75,0
27,1,13.75,26,0,4.25069447009211,1
27,1,13.75,26,4.25069447009211,7.04334414886304,1
27,1,13.75,26,7.04334414886304,7.1207673993775,1
27,1,13.75,26,7.1207673993775,7.34506357203891,1
27,1,13.75,26,7.34506357203891,7.71849171098106,1
27,1,13.75,26,7.71849171098106,7.95735406022692,1
27,1,13.75,26,7.95735406022692,8.01497924800955,1
27,1,13.75,26,8.01497924800955,8.39788284330803,1
27,1,13.75,26,8.39788284330803,8.42576962416536,1
27,1,13.75,26,8.42576962416536,9.06063113912461,1
27,1,13.75,26,9.06063113912461,10.201178339236,1
27,1,13.75,26,10.201178339236,10.518144826841,1
27,1,13.75,26,10.518144826841,10.6186333490703,1
27,1,13.75,26,10.6186333490703,10.6417099429345,1
27,1,13.75,26,10.6417099429345,11.1914621436625,1
27,1,13.75,26,11.1914621436625,11.3241795744062,1
27,1,13.75,26,11.3241795744062,11.4294958065132,1
27,1,13.75,26,11.4294958065132,11.5734887450583,1
27,1,13.75,26,11.5734887450583,11.8029099792344,1
27,1,13.75,26,11.8029099792344,11.9359849585585,1
27,1,13.75,26,11.9359849585585,12.1221469296353,1
27,1,13.75,26,12.1221469296353,12.4345122024571,1
27,1,13.75,26,12.4345122024571,12.9062464650334,1
27,1,13.75,26,12.9062464650334,13.3041645808851,1
27,1,13.75,26,13.3041645808851,13.3472034417955,1
27,1,13.75,26,13.3472034417955,13.4466870420359,1
27,1,13.75,26,13.4466870420359,13.75,0
28,1,19.75,0,0,19.75,0
29,1,13.75,5,0,2.40186650434814,1
29,1,13.75,5,2.40186650434814,2.5976459546289,1
29,1,13.75,5,2.5976459546289,3.40169470665998,1
29,1,13.75,5,3.40169470665998,5.70927026203795,1
29,1,13.75,5,5.70927026203795,9.46637754348156,1
29,1,13.75,5,9.46637754348156,13.75,0
30,1,8.75,0,0,8.75,0
31,1,20.75,66,0,3.13167187281433,1
31,1,20.75,66,3.13167187281433,3.3279680276598,1
31,1,20.75,66,3.3279680276598,3.58777692759382,1
31,1,20.75,66,3.58777692759382,7.02244030808527,1
31,1,20.75,66,7.02244030808527,7.35287034128077,1
31,1,20.75,66,7.35287034128077,8.12092199690484,1
31,1,20.75,66,8.12092199690484,8.96774550623876,1
31,1,20.75,66,8.96774550623876,8.98775715792162,1
31,1,20.75,66,8.98775715792162,8.99640416932249,1
31,1,20.75,66,8.99640416932249,9.49149236789938,1
31,1,20.75,66,9.49149236789938,10.0307133239041,1
31,1,20.75,66,10.0307133239041,10.0599159561963,1
31,1,20.75,66,10.0599159561963,10.1367562520047,1
31,1,20.75,66,10.1367562520047,11.0114998238391,1
31,1,20.75,66,11.0114998238391,11.5773964923524,1
31,1,20.75,66,11.5773964923524,11.8600741270452,1
31,1,20.75,66,11.8600741270452,12.0725712391787,1
31,1,20.75,66,12.0725712391787,12.0855086523746,1
31,1,20.75,66,12.0855086523746,12.0947626651688,1
31,1,20.75,66,12.0947626651688,12.1378224976505,1
31,1,20.75,66,12.1378224976505,12.2966187492802,1
31,1,20.75,66,12.2966187492802,13.0022589508854,1
31,1,20.75,66,13.0022589508854,13.6435573260106,1
31,1,20.75,66,13.6435573260106,13.9591178045385,1
31,1,20.75,66,13.9591178045385,14.4314783623164,1
31,1,20.75,66,14.4314783623164,14.5304001367613,1
31,1,20.75,66,14.5304001367613,14.6566333419973,1
31,1,20.75,66,14.6566333419973,14.6924573651772,1
31,1,20.75,66,14.6924573651772,14.9313341303613,1
31,1,20.75,66,14.9313341303613,15.059687456128,1
31,1,20.75,66,15.059687456128,15.2058651355882,1
31,1,20.75,66,15.2058651355882,15.2732728836562,1
31,1,20.75,66,15.2732728836562,15.3104041894226,1
31,1,20.75,66,15.3104041894226,15.4227381957935,1
31,1,20.75,66,15.4227381957935,15.6013787307531,1
31,1,20.75,66,15.6013787307531,15.6208374330397,1
31,1,20.75,66,15.6208374330397,15.7926457429689,1
31,1,20.75,66,15.7926457429689,15.7969342786103,1
31,1,20.75,66,15.7969342786103,15.8974762358562,1
31,1,20.75,66,15.8974762358562,15.9084420846099,1
31,1,20.75,66,15.9084420846099,16.2957580894348,1
31,1,20.75,66,16.2957580894348,16.9476176328213,1
31,1,20.75,66,16.9476176328213,16.947840332101,1
31,1,20.75,66,16.947840332101,16.9961001338636,1
31,1,20.75,66,16.9961001338636,17.0455206325748,1
31,1,20.75,66,17.0455206325748,17.0613123869146,1
31,1,20.75,66,17.0613123869146,17.0761845779466,1
31,1,20.75,66,17.0761845779466,17.2670087898103,1
31,1,20.75,66,17.2670087898103,17.6419527929534,1
31,1,20.75,66,17.6419527929534,17.6575960648198,1
31,1,20.75,66,17.6575960648198,18.2124345433108,1
31,1,20.75,66,18.2124345433108,18.328763700576,1
31,1,20.75,66,18.328763700576,18.3498739576037,1
31,1,20.75,66,18.3498739576037,18.5066499171194,1
31,1,20.75,66,18.5066499171194,18.807681390486,1
31,1,20.75,66,18.807681390486,18.9199568593116,1
31,1,20.75,66,18.9199568593116,19.2682307854616,1
31,1,20.75,66,19.2682307854616,19.4275496213717,1
31,1,20.75,66,19.4275496213717,19.8942900079078,1
31,1,20.75,66,19.8942900079078,20.1389085956182,1
31,1,20.75,66,20.1389085956182,20.1492417882168,1
31,1,20.75,66,20.1492417882168,20.2008630128764,1
31,1,20.75,66,20.2008630128764,20.2382547978532,1
31,1,20.75,66,20.2382547978532,20.302389826945,1
31,1,20.75,66,20.302389826945,20.4918630376008,1
31,1,20.75,66,20.4918630376008,20.6791720221905,1
31,1,20.75,66,20.6791720221905,20.75,0
32,1,15.75,1,0,7.08675808505401,1
32,1,15.75,1,7.08675808505401,15.75,0
33,1,10.75,10,0,4.14983118275903,1
33,1,10.75,10,4.14983118275903,4.16783114103319,1
33,1,10.75,10,4.16783114103319,7.22953114870811,1
33,1,10.75,10,7.22953114870811,7.36227794947778,1
33,1,10.75,10,7.36227794947778,7.56882616597387,1
33,1,10.75,10,7.56882616597387,8.16479878097826,1
33,1,10.75,10,8.16479878097826,8.82725703664003,1
33,1,10.75,10,8.82725703664003,9.19389383257908,1
33,1,10.75,10,9.19389383257908,10.2535789175341,1
33,1,10.75,10,10.2535789175341,10.6085487038441,1
33,1,10.75,10,10.6085487038441,10.75,0
34,1,14.75,4,0,1.56537021221984,1
34,1,14.75,4,1.56537021221984,2.10061898615528,1
34,1,14.75,4,2.10061898615528,4.36628865369832,1
34,1,14.75,4,4.36628865369832,11.6282762703427,1
34,1,14.75,4,11.6282762703427,14.75,0
35,1,12.75,48,0,1.96431138034772,1
35,1,12.75,48,1.96431138034772,4.15622443060157,1
35,1,12.75,48,4.15622443060157,6.43839146606272,1
35,1,12.75,48,6.43839146606272,6.84479680784088,1
35,1,12.75,48,6.84479680784088,7.1180712792536,1
35,1,12.75,48,7.1180712792536,7.13067801445695,1
35,1,12.75,48,7.13067801445695,7.31757721955028,1
35,1,12.75,48,7.31757721955028,7.3506754526622,1
35,1,12.75,48,7.3506754526622,7.40968135074406,1
35,1,12.75,48,7.40968135074406,7.44231686804281,1
35,1,12.75,48,7.44231686804281,7.53156933579444,1
35,1,12.75,48,7.53156933579444,7.89110768373125,1
35,1,12.75,48,7.89110768373125,7.93357807083753,1
35,1,12.75,48,7.93357807083753,8.10708077536036,1
35,1,12.75,48,8.10708077536036,8.28738160445661,1
35,1,12.75,48,8.28738160445661,8.46176360146904,1
35,1,12.75,48,8.46176360146904,8.82717563085909,1
35,1,12.75,48,8.82717563085909,9.10114689451054,1
35,1,12.75,48,9.10114689451054,9.28440203736904,1
35,1,12.75,48,9.28440203736904,9.44807720372329,1
35,1,12.75,48,9.44807720372329,9.63730584932316,1
35,1,12.75,48,9.63730584932316,9.72857163370771,1
35,1,12.75,48,9.72857163370771,9.78352143591212,1
35,1,12.75,48,9.78352143591212,9.82891247734815,1
35,1,12.75,48,9.82891247734815,10.0713587205939,1
35,1,12.75,48,10.0713587205939,10.3407239779526,1
35,1,12.75,48,10.3407239779526,10.3424164263086,1
35,1,12.75,48,10.3424164263086,10.3906996105303,1
35,1,12.75,48,10.3906996105303,10.4112873521468,1
35,1,12.75,48,10.4112873521468,10.6255117503335,1
35,1,12.75,48,10.6255117503335,10.633017357248,1
35,1,12.75,48,10.633017357248,10.7392322849214,1
35,1,12.75,48,10.7392322849214,10.9128431339302,1
35,1,12.75,48,10.9128431339302,10.9293229630068,1
35,1,12.75,48,10.9293229630068,11.0192246492034,1
35,1,12.75,48,11.0192246492034,11.1419399017208,1
35,1,12.75,48,11.1419399017208,11.2667255095049,1
35,1,12.75,48,11.2667255095049,11.5119674132427,1
35,1,12.75,48,11.5119674132427,11.8422892360117,1
35,1,12.75,48,11.8422892360117,11.895707221209,1
35,1,12.75,48,11.895707221209,12.2115154344361,1
35,1,12.75,48,12.2115154344361,12.31909082944,1
35,1,12.75,48,12.31909082944,12.3387387231514,1
35,1,12.75,48,12.3387387231514,12.3551999945031,1
35,1,12.75,48,12.3551999945031,12.4375221458782,1
35,1,12.75,48,12.4375221458782,12.6464338188982,1
35,1,12.75,48,12.6464338188982,12.68067827331,1
35,1,12.75,48,12.68067827331,12.7139339383692,1
35,1,12.75,48,12.7139339383692,12.75,0
36,1,11.75,2,0,4.45999690357383,1
36,1,11.75,2,4.45999690357383,7.42697780570815,1
36,1,11.75,2,7.42697780570815,11.75,0
37,1,8.75,5,0,4.57251356030834,1
37,1,8.75,5,4.57251356030834,6.36425841694162,1
37,1,8.75,5,6.36425841694162,6.92778670669491,1
37,1,8.75,5,6.92778670669491,8.31209700634619,1
37,1,8.75,5,8.31209700634619,8.74437913827054,1
37,1,8.75,5,8.74437913827054,8.75,0
38,1,10.75,2,0,0.0151439308662783,1
38,1,10.75,2,0.0151439308662783,0.633010202164862,1
38,1,10.75,2,0.633010202164862,10.75,0
39,1,10.75,1,0,0.431913081495974,1
39,1,10.75,1,0.431913081495974,10.75,0
40,1,15.75,40,0,2.78794467733609,1
40,1,15.75,40,2.78794467733609,3.82237474082972,1
40,1,15.75,40,3.82237474082972,4.9907309328077,1
40,1,15.75,40,4.9907309328077,5.09104088203781,1
40,1,15.75,40,5.09104088203781,5.610275762326,1
40,1,15.75,40,5.610275762326,6.78094381469442,1
40,1,15.75,40,6.78094381469442,7.18309979345836,1
40,1,15.75,40,7.18309979345836,7.49867407390034,1
40,1,15.75,40,7.49867407390034,7.50003323759668,1
40,1,15.75,40,7.50003323759668,8.63249129090907,1
40,1,15.75,40,8.63249129090907,9.04220598115603,1
40,1,15.75,40,9.04220598115603,9.51699274891445,1
40,1,15.75,40,9.51699274891445,10.1037594059208,1
40,1,15.75,40,10.1037594059208,10.2022444712465,1
40,1,15.75,40,10.2022444712465,10.5645084079297,1
40,1,15.75,40,10.5645084079297,10.790231692987,1
40,1,15.75,40,10.790231692987,10.9080237833662,1
40,1,15.75,40,10.9080237833662,11.0527941174493,1
40,1,15.75,40,11.0527941174493,11.2720587487271,1
40,1,15.75,40,11.2720587487271,11.4691612841742,1
40,1,15.75,40,11.4691612841742,12.0994627866415,1
40,1,15.75,40,12.0994627866415,12.330750818714,1
40,1,15.75,40,12.330750818714,12.3793390259365,1
40,1,15.75,40,12.3793390259365,12.7452503421159,1
40,1,15.75,40,12.7452503421159,12.8965730257381,1
40,1,15.75,40,12.8965730257381,13.098898235407,1
40,1,15.75,40,13.098898235407,13.1814212383511,1
40,1,15.75,40,13.1814212383511,13.3393641665044,1
40,1,15.75,40,13.3393641665044,13.3831439134688,1
40,1,15.75,40,13.3831439134688,13.8667484605388,1
40,1,15.75,40,13.8667484605388,13.8967496307702,1
40,1,15.75,40,13.8967496307702,14.4944968891436,1
40,1,15.75,40,14.4944968891436,14.4982510926567,1
40,1,15.75,40,14.4982510926567,14.9139751570014,1
40,1,15.75,40,14.9139751570014,15.0714353620493,1
40,1,15.75,40,15.0714353620493,15.0804182290782,1
40,1,15.75,40,15.0804182290782,15.2231978140733,1
40,1,15.75,40,15.2231978140733,15.5972413290736,1
40,1,15.75,40,15.5972413290736,15.6166970807453,1
40,1,15.75,40,15.6166970807453,15.7386280720152,1
40,1,15.75,40,15.7386280720152,15.75,0
41,1,12.75,2,0,0.784737849223908,1
41,1,12.75,2,0.784737849223908,5.38558506005013,1
41,1,12.75,2,5.38558506005013,12.75,0
42,1,19.75,51,0,3.55121621328474,1
42,1,19.75,51,3.55121621328474,5.11490501378459,1
42,1,19.75,51,5.11490501378459,5.63289029758068,1
42,1,19.75,51,5.63289029758068,5.85783859393839,1
42,1,19.75,51,5.85783859393839,5.98295156734319,1
42,1,19.75,51,5.98295156734319,6.56036745148762,1
42,1,19.75,51,6.56036745148762,9.54097133591059,1
42,1,19.75,51,9.54097133591059,10.1340724296495,1
42,1,19.75,51,10.1340724296495,10.4896988156864,1
42,1,19.75,51,10.4896988156864,10.6775364303437,1
42,1,19.75,51,10.6775364303437,10.9793569414522,1
42,1,19.75,51,10.9793569414522,11.3886714136593,1
42,1,19.75,51,11.3886714136593,11.8833789643406,1
42,1,19.75,51,11.8833789643406,12.3281842096252,1
42,1,19.75,51,12.3281842096252,13.037043566183,1
42,1,19.75,51,13.037043566183,13.3028222050325,1
42,1,19.75,51,13.3028222050325,14.0127468513612,1
42,1,19.75,51,14.0127468513612,14.091227866881,1
42,1,19.75,51,14.091227866881,14.2804503360306,1
42,1,19.75,51,14.2804503360306,14.3346691946012,1
42,1,19.75,51,14.3346691946012,14.6322614125805,1
42,1,19.75,51,14.6322614125805,14.669912098541,1
42,1,19.75,51,14.669912098541,14.6966308728746,1
42,1,19.75,51,14.6966308728746,15.1603857229408,1
42,1,19.75,51,15.1603857229408,15.2071606126447,1
42,1,19.75,51,15.2071606126447,15.2084808144967,1
42,1,19.75,51,15.2084808144967,15.2507629195513,1
42,1,19.75,51,15.2507629195513,15.2556017965155,1
42,1,19.75,51,15.2556017965155,15.3422754426904,1
42,1,19.75,51,15.3422754426904,15.4734076527184,1
42,1,19.75,51,15.4734076527184,15.5247798452897,1
42,1,19.75,51,15.5247798452897,15.5790413358145,1
42,1,19.75,51,15.5790413358145,15.6565641483251,1
42,1,19.75,51,15.6565641483251,15.7091501254958,1
42,1,19.75,51,15.7091501254958,15.9933379816288,1
42,1,19.75,51,15.9933379816288,16.4303031809059,1
42,1,19.75,51,16.4303031809059,16.6322050663089,1
42,1,19.75,51,16.6322050663089,16.7828526212755,1
42,1,19.75,51,16.7828526212755,17.5606386376458,1
42,1,19.75,51,17.5606386376458,17.5903244329642,1
42,1,19.75,51,17.5903244329642,17.7919884289272,1
42,1,19.75,51,17.7919884289272,17.8639129071204,1
42,1,19.75,51,17.8639129071204,18.0950639625253,1
42,1,19.75,51,18.0950639625253,18.4076338474053,1
42,1,19.75,51,18.4076338474053,18.4551525278469,1
42,1,19.75,51,18.4551525278469,18.6369866931606,1
42,1,19.75,51,18.6369866931606,18.7117698210332,1
42,1,19.75,51,18.7117698210332,18.888530972616,1
42,1,19.75,51,18.888530972616,18.9066024611098,1
42,1,19.75,51,18.9066024611098,18.9957969008834,1
42,1,19.75,51,18.9957969008834,19.5205337162874,1
42,1,19.75,51,19.5205337162874,19.75,0
43,1,17.75,52,0,2.27520045280578,1
43,1,17.75,52,2.27520045280578,4.50828159585603,1
43,1,17.75,52,4.50828159585603,4.58550908927592,1
43,1,17.75,52,4.58550908927592,4.65096166100464,1
43,1,17.75,52,4.65096166100464,5.07291197880847,1
43,1,17.75,52,5.07291197880847,6.40841761478255,1
43,1,17.75,52,6.40841761478255,6.79678165220017,1
43,1,17.75,52,6.79678165220017,7.39268726854866,1
43,1,17.75,52,7.39268726854866,7.43367799073862,1
43,1,17.75,52,7.43367799073862,7.90562454100812,1
43,1,17.75,52,7.90562454100812,8.32938871345891,1
43,1,17.75,52,8.32938871345891,8.78357466974366,1
43,1,17.75,52,8.78357466974366,9.0307363643065,1
43,1,17.75,52,9.0307363643065,9.26321168622929,1
43,1,17.75,52,9.26321168622929,9.51889553422939,1
43,1,17.75,52,9.51889553422939,9.55789204732113,1
43,1,17.75,52,9.55789204732113,10.6316290032596,1
43,1,17.75,52,10.6316290032596,10.9190483197609,1
43,1,17.75,52,10.9190483197609,11.3070464539148,1
43,1,17.75,52,11.3070464539148,11.8698674373904,1
43,1,17.75,52,11.8698674373904,12.0543802585207,1
43,1,17.75,52,12.0543802585207,12.1175815829141,1
43,1,17.75,52,12.1175815829141,12.4000142118845,1
43,1,17.75,52,12.4000142118845,12.6251093501505,1
43,1,17.75,52,12.6251093501505,12.6604684026911,1
43,1,17.75,52,12.6604684026911,13.4857548075363,1
43,1,17.75,52,13.4857548075363,13.697914276298,1
43,1,17.75,52,13.697914276298,13.7505427919235,1
43,1,17.75,52,13.7505427919235,13.7999344460063,1
43,1,17.75,52,13.7999344460063,13.8326818745709,1
43,1,17.75,52,13.8326818745709,14.6455938525145,1
43,1,17.75,52,14.6455938525145,14.700627168686,1
43,1,17.75,52,14.700627168686,14.8075288890817,1
43,1,17.75,52,14.8075288890817,14.8091519180861,1
43,1,17.75,52,14.8091519180861,14.9178643036023,1
43,1,17.75,52,14.9178643036023,15.138232030877,1
43,1,17.75,52,15.138232030877,15.1594363934349,1
43,1,17.75,52,15.1594363934349,15.9790251159438,1
43,1,17.75,52,15.9790251159438,16.0230454059241,1
43,1,17.75,52,16.0230454059241,16.1619432916219,1
43,1,17.75,52,16.1619432916219,16.1946031897137,1
43,1,17.75,52,16.1946031897137,16.2120328337407,1
43,1,17.75,52,16.2120328337407,16.4947702868926,1
43,1,17.75,52,16.4947702868926,16.5015649214801,1
43,1,17.75,52,16.5015649214801,16.5751682295817,1
43,1,17.75,52,16.5751682295817,16.6195123055322,1
43,1,17.75,52,16.6195123055322,17.0524927323015,1
43,1,17.75,52,17.0524927323015,17.1129093702718,1
43,1,17.75,52,17.1129093702718,17.1439194960572,1
43,1,17.75,52,17.1439194960572,17.2671572072412,1
43,1,17.75,52,17.2671572072412,17.3545963110538,1
43,1,17.75,52,17.3545963110538,17.7191904511476,1
43,1,17.75,52,17.7191904511476,17.75,0
44,1,14.75,30,0,4.13147775046047,1
44,1,14.75,30,4.13147775046047,6.18275761212467,1
44,1,14.75,30,6.18275761212467,6.72660927287437,1
44,1,14.75,30,6.72660927287437,7.85866737329182,1
44,1,14.75,30,7.85866737329182,8.00678048703837,1
44,1,14.75,30,8.00678048703837,8.15004068076366,1
44,1,14.75,30,8.15004068076366,8.24851459462175,1
44,1,14.75,30,8.24851459462175,8.43474340230444,1
44,1,14.75,30,8.43474340230444,8.56069980965384,1
44,1,14.75,30,8.56069980965384,8.67802717966145,1
44,1,14.75,30,8.67802717966145,8.96864877718081,1
44,1,14.75,30,8.96864877718081,9.23060601117631,1
44,1,14.75,30,9.23060601117631,9.80204577324625,1
44,1,14.75,30,9.80204577324625,10.3467313887588,1
44,1,14.75,30,10.3467313887588,10.5304039091897,1
44,1,14.75,30,10.5304039091897,10.570187013068,1
44,1,14.75,30,10.570187013068,10.8229086467158,1
44,1,14.75,30,10.8229086467158,11.1404284617687,1
44,1,14.75,30,11.1404284617687,11.667049709057,1
44,1,14.75,30,11.667049709057,12.1246272521271,1
44,1,14.75,30,12.1246272521271,12.925055912708,1
44,1,14.75,30,12.925055912708,13.1904167746139,1
44,1,14.75,30,13.1904167746139,13.7266805464042,1
44,1,14.75,30,13.7266805464042,13.9448173445438,1
44,1,14.75,30,13.9448173445438,13.9656427516222,1
44,1,14.75,30,13.9656427516222,14.4384118791504,1
44,1,14.75,30,14.4384118791504,14.4445008590644,1
44,1,14.75,30,14.4445008590644,14.4549866215866,1
44,1,14.75,30,14.4549866215866,14.4900254564002,1
44,1,14.75,30,14.4900254564002,14.7183245833741,1
44,1,14.75,30,14.7183245833741,14.75,0
45,1,19.75,0,0,19.75,0
46,1,16.75,63,0,0.878103997230079,1
46,1,16.75,63,0.878103997230079,1.7306724498594,1
46,1,16.75,63,1.7306724498594,2.49593974990876,1
46,1,16.75,63,2.49593974990876,3.61557341778778,1
46,1,16.75,63,3.61557341778778,7.71561295647643,1
46,1,16.75,63,7.71561295647643,7.75434635216674,1
46,1,16.75,63,7.75434635216674,7.81151671248949,1
46,1,16.75,63,7.81151671248949,8.03939137702772,1
46,1,16.75,63,8.03939137702772,8.18999306236255,1
46,1,16.75,63,8.18999306236255,8.24437290649444,1
46,1,16.75,63,8.24437290649444,8.254168662805,1
46,1,16.75,63,8.254168662805,8.56735482554609,1
46,1,16.75,63,8.56735482554609,8.64297061886965,1
46,1,16.75,63,8.64297061886965,8.80713024643113,1
46,1,16.75,63,8.80713024643113,8.84786883777792,1
46,1,16.75,63,8.84786883777792,8.90642583649396,1
46,1,16.75,63,8.90642583649396,9.38580734225285,1
46,1,16.75,63,9.38580734225285,9.41999395206457,1
46,1,16.75,63,9.41999395206457,9.54928207309915,1
46,1,16.75,63,9.54928207309915,9.81619413053562,1
46,1,16.75,63,9.81619413053562,9.9241902425598,1
46,1,16.75,63,9.9241902425598,9.94052784864821,1
46,1,16.75,63,9.94052784864821,10.5746777896957,1
46,1,16.75,63,10.5746777896957,10.6798304859733,1
46,1,16.75,63,10.6798304859733,10.7448929027305,1
46,1,16.75,63,10.7448929027305,10.7947558721748,1
46,1,16.75,63,10.7947558721748,11.4548845359391,1
46,1,16.75,63,11.4548845359391,11.9315378469875,1
46,1,16.75,63,11.9315378469875,11.992135613787,1
46,1,16.75,63,11.992135613787,12.1799968924804,1
46,1,16.75,63,12.1799968924804,12.4764257120529,1
46,1,16.75,63,12.4764257120529,12.5243455343666,1
46,1,16.75,63,12.5243455343666,12.714985348658,1
46,1,16.75,63,12.714985348658,12.7368381491605,1
46,1,16.75,63,12.7368381491605,13.0536151062584,1
46,1,16.75,63,13.0536151062584,13.1891758242544,1
46,1,16.75,63,13.1891758242544,13.4328190243758,1
46,1,16.75,63,13.4328190243758,13.6560483833988,1
46,1,16.75,63,13.6560483833988,14.0549796131821,1
46,1,16.75,63,14.0549796131821,14.3186973013828,1
46,1,16.75,63,14.3186973013828,14.5178265646294,1
46,1,16.75,63,14.5178265646294,14.623426328377,1
46,1,16.75,63,14.623426328377,14.6291832167736,1
46,1,16.75,63,14.6291832167736,14.6948139902663,1
46,1,16.75,63,14.6948139902663,14.718582754086,1
46,1,16.75,63,14.718582754086,14.8407307839714,1
46,1,16.75,63,14.8407307839714,14.8478688208458,1
46,1,16.75,63,14.8478688208458,14.9214367361013,1
46,1,16.75,63,14.9214367361013,15.0982861626645,1
46,1,16.75,63,15.0982861626645,15.3168978299603,1
46,1,16.75,63,15.3168978299603,15.3628521414354,1
46,1,16.75,63,15.3628521414354,15.6123291378962,1
46,1,16.75,63,15.6123291378962,15.6549068011112,1
46,1,16.75,63,15.6549068011112,15.6597479215267,1
46,1,16.75,63,15.6597479215267,15.6882218054278,1
46,1,16.75,63,15.6882218054278,15.881897736244,1
46,1,16.75,63,15.881897736244,15.9148551041614,1
46,1,16.75,63,15.9148551041614,15.9655702100608,1
46,1,16.75,63,15.9655702100608,16.0656530661084,1
46,1,16.75,63,16.0656530661084,16.0926649235817,1
46,1,16.75,63,16.0926649235817,16.1389989931697,1
46,1,16.75,63,16.1389989931697,16.715363542621,1
46,1,16.75,63,16.715363542621,16.7462678238655,1
46,1,16.75,63,16.7462678238655,16.75,0
47,1,10.75,0,0,10.75,0
48,1,20.75,2,0,0.399748299296865,1
48,1,20.75,2,0.399748299296865,0.643028826985627,1
48,1,20.75,2,0.643028826985627,20.75,0
49,1,11.75,23,0,3.49019361855449,1
49,1,11.75,23,3.49019361855449,3.56680316149756,1
49,1,11.75,23,3.56680316149756,4.49152258468403,1
49,1,11.75,23,4.49152258468403,5.5622861531742,1
49,1,11.75,23,5.5622861531742,5.78898899723082,1
49,1,11.75,23,5.78898899723082,6.27316567234595,1
49,1,11.75,23,6.27316567234595,6.41112984200392,1
49,1,11.75,23,6.41112984200392,6.4386662819459,1
49,1,11.75,23,6.4386662819459,6.87187038950494,1
49,1,11.75,23,6.87187038950494,7.93116745175801,1
49,1,11.75,23,7.93116745175801,8.01461052134462,1
49,1,11.75,23,8.01461052134462,8.12558094253879,1
49,1,11.75,23,8.12558094253879,8.28502803191119,1
49,1,11.75,23,8.28502803191119,9.63057637840331,1
49,1,11.75,23,9.63057637840331,9.81457273000578,1
49,1,11.75,23,9.81457273000578,9.83366257796197,1
49,1,11.75,23,9.83366257796197,9.86934727358951,1
49,1,11.75,23,9.86934727358951,9.91671772904152,1
49,1,11.75,23,9.91671772904152,10.1072509510078,1
49,1,11.75,23,10.1072509510078,10.172741683315,1
49,1,11.75,23,10.172741683315,10.5614427574622,1
49,1,11.75,23,10.5614427574622,10.6103710977517,1
49,1,11.75,23,10.6103710977517,11.2436790866342,1
49,1,11.75,23,11.2436790866342,11.75,0
50,1,19.75,1,0,18.2311523482855,1
50,1,19.75,1,18.2311523482855,19.75,0
51,1,8.75,1,0,4.47910645464201,1
51,1,8.75,1,4.47910645464201,8.75,0
52,1,13.75,1,0,8.29411362525588,1
52,1,13.75,1,8.29411362525588,13.75,0
53,1,15.75,35,0,3.08026509466286,1
53,1,15.75,35,3.08026509466286,4.69855689376713,1
53,1,15.75,35,4.69855689376713,6.89046665479816,1
53,1,15.75,35,6.89046665479816,7.20739683805076,1
53,1,15.75,35,7.20739683805076,7.23495398991123,1
53,1,15.75,35,7.23495398991123,8.11363770779348,1
53,1,15.75,35,8.11363770779348,8.24263170708426,1
53,1,15.75,35,8.24263170708426,8.88888741903852,1
53,1,15.75,35,8.88888741903852,9.60426949554649,1
53,1,15.75,35,9.60426949554649,10.1329487625887,1
53,1,15.75,35,10.1329487625887,10.7155254420254,1
53,1,15.75,35,10.7155254420254,10.7543329434536,1
53,1,15.75,35,10.7543329434536,10.9274346997084,1
53,1,15.75,35,10.9274346997084,11.0339916844604,1
53,1,15.75,35,11.0339916844604,11.0974720289846,1
53,1,15.75,35,11.0974720289846,11.2207125557397,1
53,1,15.75,35,11.2207125557397,11.4075129700555,1
53,1,15.75,35,11.4075129700555,11.882087704874,1
53,1,15.75,35,11.882087704874,11.9194493836917,1
53,1,15.75,35,11.9194493836917,12.4109855862485,1
53,1,15.75,35,12.4109855862485,12.5279272446036,1
53,1,15.75,35,12.5279272446036,12.8471254336276,1
53,1,15.75,35,12.8471254336276,12.9446892460103,1
53,1,15.75,35,12.9446892460103,13.0171958655283,1
53,1,15.75,35,13.0171958655283,13.2985478536931,1
53,1,15.75,35,13.2985478536931,13.3544655627411,1
53,1,15.75,35,13.3544655627411,13.7569775272027,1
53,1,15.75,35,13.7569775272027,13.8888891303955,1
53,1,15.75,35,13.8888891303955,13.8900511600975,1
53,1,15.75,35,13.8900511600975,13.8944535716853,1
53,1,15.75,35,13.8944535716853,14.0631633815958,1
53,1,15.75,35,14.0631633815958,14.5143200049862,1
53,1,15.75,35,14.5143200049862,14.5916099846147,1
53,1,15.75,35,14.5916099846147,14.6833441278627,1
53,1,15.75,35,14.6833441278627,14.7281812601764,1
53,1,15.75,35,14.7281812601764,15.75,0
54,1,12.75,5,0,0.231627534972501,1
54,1,12.75,5,0.231627534972501,1.70895054968387,1
54,1,12.75,5,1.70895054968387,8.5700628884153,1
54,1,12.75,5,8.5700628884153,8.75109259502386,1
54,1,12.75,5,8.75109259502386,12.4277489261222,1
54,1,12.75,5,12.4277489261222,12.75,0
55,1,14.75,4,0,0.00287474950517353,1
55,1,14.75,4,0.00287474950517353,0.177434584778888,1
55,1,14.75,4,0.177434584778888,11.6747894358525,1
55,1,14.75,4,11.6747894358525,14.5158270868584,1
55,1,14.75,4,14.5158270868584,14.75,0
56,1,15.75,4,0,0.107240995643544,1
56,1,15.75,4,0.107240995643544,0.107567710137485,1
56,1,15.75,4,0.107567710137485,6.64522822292318,1
56,1,15.75,4,6.64522822292318,6.74531075758118,1
56,1,15.75,4,6.74531075758118,15.75,0
57,1,14.75,25,0,2.59872158786453,1
57,1,14.75,25,2.59872158786453,5.68720873986815,1
57,1,14.75,25,5.68720873986815,5.88519717133767,1
57,1,14.75,25,5.88519717133767,7.91466496430513,1
57,1,14.75,25,7.91466496430513,7.92369751350608,1
57,1,14.75,25,7.92369751350608,7.92749001523849,1
57,1,14.75,25,7.92749001523849,8.04458251085817,1
57,1,14.75,25,8.04458251085817,8.61317862801313,1
57,1,14.75,25,8.61317862801313,8.65721744192333,1
57,1,14.75,25,8.65721744192333,9.15494177998693,1
57,1,14.75,25,9.15494177998693,10.1900361136416,1
57,1,14.75,25,10.1900361136416,10.8887343015059,1
57,1,14.75,25,10.8887343015059,10.9663260306325,1
57,1,14.75,25,10.9663260306325,11.7115278822756,1
57,1,14.75,25,11.7115278822756,12.1756278479914,1
57,1,14.75,25,12.1756278479914,12.5775058544858,1
57,1,14.75,25,12.5775058544858,12.6685483802862,1
57,1,14.75,25,12.6685483802862,12.8671008840886,1
57,1,14.75,25,12.8671008840886,12.879261710906,1
57,1,14.75,25,12.879261710906,13.1359758751084,1
57,1,14.75,25,13.1359758751084,13.4642269041709,1
57,1,14.75,25,13.4642269041709,13.5560658986637,1
57,1,14.75,25,13.5560658986637,13.6814003564211,1
57,1,14.75,25,13.6814003564211,13.9257970281025,1
57,1,14.75,25,13.9257970281025,14.6580972134612,1
57,1,14.75,25,14.6580972134612,14.75,0
58,1,18.75,75,0,1.45861876122952,1
58,1,18.75,75,1.45861876122952,1.45879322728272,1
58,1,18.75,75,1.45879322728272,2.67446417368527,1
58,1,18.75,75,2.67446417368527,4.01178853269115,1
58,1,18.75,75,4.01178853269115,5.16712671451877,1
58,1,18.75,75,5.16712671451877,5.5921400781712,1
58,1,18.75,75,5.5921400781712,6.14918672855275,1
58,1,18.75,75,6.14918672855275,6.33843217395784,1
58,1,18.75,75,6.33843217395784,6.83313433145078,1
58,1,18.75,75,6.83313433145078,7.44741046623394,1
58,1,18.75,75,7.44741046623394,7.99237061833932,1
58,1,18.75,75,7.99237061833932,8.81166917465218,1
58,1,18.75,75,8.81166917465218,8.86459223005165,1
58,1,18.75,75,8.86459223005165,8.8708387678602,1
58,1,18.75,75,8.8708387678602,9.27949748333227,1
58,1,18.75,75,9.27949748333227,9.32083581755048,1
58,1,18.75,75,9.32083581755048,9.57565772286283,1
58,1,18.75,75,9.57565772286283,10.0023643704916,1
58,1,18.75,75,10.0023643704916,10.0510041102461,1
58,1,18.75,75,10.0510041102461,10.2047839326715,1
58,1,18.75,75,10.2047839326715,10.7194769382431,1
58,1,18.75,75,10.7194769382431,10.7731265518748,1
58,1,18.75,75,10.7731265518748,10.9514004784696,1
58,1,18.75,75,10.9514004784696,11.0648699901213,1
58,1,18.75,75,11.0648699901213,11.1354720553369,1
58,1,18.75,75,11.1354720553369,11.8254179674598,1
58,1,18.75,75,11.8254179674598,12.1066369464292,1
58,1,18.75,75,12.1066369464292,12.448695622308,1
58,1,18.75,75,12.448695622308,12.5777453292887,1
58,1,18.75,75,12.5777453292887,12.5936017457065,1
58,1,18.75,75,12.5936017457065,12.597841649016,1
58,1,18.75,75,12.597841649016,12.6717053838208,1
58,1,18.75,75,12.6717053838208,12.7446704721183,1
58,1,18.75,75,12.7446704721183,13.3481062978171,1
58,1,18.75,75,13.3481062978171,13.5689111748252,1
58,1,18.75,75,13.5689111748252,13.7869780156467,1
58,1,18.75,75,13.7869780156467,13.7983924281802,1
58,1,18.75,75,13.7983924281802,13.9134093483431,1
58,1,18.75,75,13.9134093483431,13.9535563138449,1
58,1,18.75,75,13.9535563138449,13.9579429744811,1
58,1,18.75,75,13.9579429744811,14.0729129327157,1
58,1,18.75,75,14.0729129327157,14.6375532782316,1
58,1,18.75,75,14.6375532782316,14.6515468516873,1
58,1,18.75,75,14.6515468516873,14.7544306574043,1
58,1,18.75,75,14.7544306574043,14.8208906151521,1
58,1,18.75,75,14.8208906151521,14.9544045779974,1
58,1,18.75,75,14.9544045779974,14.9567442135151,1
58,1,18.75,75,14.9567442135151,14.9674516824893,1
58,1,18.75,75,14.9674516824893,15.0143041787373,1
58,1,18.75,75,15.0143041787373,15.1634644701505,1
58,1,18.75,75,15.1634644701505,15.2193579760468,1
58,1,18.75,75,15.2193579760468,15.6790517767969,1
58,1,18.75,75,15.6790517767969,15.6866793405729,1
58,1,18.75,75,15.6866793405729,15.8094768437955,1
58,1,18.75,75,15.8094768437955,16.1665432171938,1
58,1,18.75,75,16.1665432171938,16.192734942398,1
58,1,18.75,75,16.192734942398,16.2027826878154,1
58,1,18.75,75,16.2027826878154,16.2409670906742,1
58,1,18.75,75,16.2409670906742,16.2688192764722,1
58,1,18.75,75,16.2688192764722,16.3251587556539,1
58,1,18.75,75,16.3251587556539,16.5095884376346,1
58,1,18.75,75,16.5095884376346,16.7832843277052,1
58,1,18.75,75,16.7832843277052,16.9480335966902,1
58,1,18.75,75,16.9480335966902,17.1264590761607,1
58,1,18.75,75,17.1264590761607,17.2090145391209,1
58,1,18.75,75,17.2090145391209,17.2822626032959,1
58,1,18.75,75,17.2822626032959,17.3510443368121,1
58,1,18.75,75,17.3510443368121,17.6974146778032,1
58,1,18.75,75,17.6974146778032,17.7441257123907,1
58,1,18.75,75,17.7441257123907,17.7668565197358,1
58,1,18.75,75,17.7668565197358,17.7938350092814,1
58,1,18.75,75,17.7938350092814,18.1211070546916,1
58,1,18.75,75,18.1211070546916,18.3593732898401,1
58,1,18.75,75,18.3593732898401,18.3837453198446,1
58,1,18.75,75,18.3837453198446,18.6376843727469,1
58,1,18.75,75,18.6376843727469,18.75,0
59,1,19.75,3,0,2.69413755328757,1
59,1,19.75,3,2.69413755328757,5.21162128236811,1
59,1,19.75,3,5.21162128236811,12.7198955832138,1
59,1,19.75,3,12.7198955832138,19.75,0
60,1,16.75,49,0,4.34853050596106,1
60,1,16.75,49,4.34853050596106,4.96729079008408,1
60,1,16.75,49,4.96729079008408,5.75379503840434,1
60,1,16.75,49,5.75379503840434,6.40050499981463,1
60,1,16.75,49,6.40050499981463,7.99943200884252,1
60,1,16.75,49,7.99943200884252,8.87863706724824,1
60,1,16.75,49,8.87863706724824,9.48292059966101,1
60,1,16.75,49,9.48292059966101,9.54429457383786,1
60,1,16.75,49,9.54429457383786,9.55659321894143,1
60,1,16.75,49,9.55659321894143,9.82499620072026,1
60,1,16.75,49,9.82499620072026,10.4359676679739,1
60,1,16.75,49,10.4359676679739,10.7515048328671,1
60,1,16.75,49,10.7515048328671,10.8356610529279,1
60,1,16.75,49,10.8356610529279,10.8470062292727,1
60,1,16.75,49,10.8470062292727,11.1087449404868,1
60,1,16.75,49,11.1087449404868,11.2607088657522,1
60,1,16.75,49,11.2607088657522,11.4025519894837,1
60,1,16.75,49,11.4025519894837,11.4905821891414,1
60,1,16.75,49,11.4905821891414,11.6017910563205,1
60,1,16.75,49,11.6017910563205,12.2186575461319,1
60,1,16.75,49,12.2186575461319,12.316926471301,1
60,1,16.75,49,12.316926471301,12.3913892311198,1
60,1,16.75,49,12.3913892311198,12.3948666420953,1
60,1,16.75,49,12.3948666420953,12.6848868746198,1
60,1,16.75,49,12.6848868746198,12.8123953175747,1
60,1,16.75,49,12.8123953175747,12.9606126661117,1
60,1,16.75,49,12.9606126661117,13.2123453962981,1
60,1,16.75,49,13.2123453962981,13.3786779915546,1
60,1,16.75,49,13.3786779915546,13.3967119892848,1
60,1,16.75,49,13.3967119892848,13.6686353728468,1
60,1,16.75,49,13.6686353728468,13.851497888368,1
60,1,16.75,49,13.851497888368,14.1125224186344,1
60,1,16.75,49,14.1125224186344,14.2125700360587,1
60,1,16.75,49,14.2125700360587,14.3391261717205,1
60,1,16.75,49,14.3391261717205,14.6537098788075,1
60,1,16.75,49,14.6537098788075,14.6660031030874,1
60,1,16.75,49,14.6660031030874,14.7390000725705,1
60,1,16.75,49,14.7390000725705,14.7425551968439,1
60,1,16.75,49,14.7425551968439,15.0323463436451,1
60,1,16.75,49,15.0323463436451,15.1072419480065,1
60,1,16.75,49,15.1072419480065,15.3618715920032,1
60,1,16.75,49,15.3618715920032,15.5878282380845,1
60,1,16.75,49,15.5878282380845,15.8485113842188,1
60,1,16.75,49,15.8485113842188,15.9469553368276,1
60,1,16.75,49,15.9469553368276,16.0184677700379,1
60,1,16.75,49,16.0184677700379,16.2150460235846,1
60,1,16.75,49,16.2150460235846,16.2863061938521,1
60,1,16.75,49,16.2863061938521,16.4012666657655,1
60,1,16.75,49,16.4012666657655,16.4472673324887,1
60,1,16.75,49,16.4472673324887,16.75,0
61,1,20.75,5,0,0.222086066615557,1
61,1,20.75,5,0.222086066615557,1.70854911444206,1
61,1,20.75,5,1.70854911444206,4.93637888728286,1
61,1,20.75,5,4.93637888728286,7.19438962656448,1
61,1,20.75,5,7.19438962656448,7.26680747999375,1
61,1,20.75,5,7.26680747999375,20.75,0
62,1,9.75,2,0,0.391599088695087,1
62,1,9.75,2,0.391599088695087,5.8918158045656,1
62,1,9.75,2,5.8918158045656,9.75,0
63,1,8.75,8,0,4.6985576143592,1
63,1,8.75,8,4.6985576143592,6.00783197653496,1
63,1,8.75,8,6.00783197653496,6.04067927252617,1
63,1,8.75,8,6.04067927252617,6.4467590564617,1
63,1,8.75,8,6.4467590564617,6.73822518966762,1
63,1,8.75,8,6.73822518966762,7.29502463135331,1
63,1,8.75,8,7.29502463135331,7.99817410747108,1
63,1,8.75,8,7.99817410747108,8.52319417180125,1
63,1,8.75,8,8.52319417180125,8.75,0
64,1,10.75,11,0,4.16849140223318,1
64,1,10.75,11,4.16849140223318,4.68194740152627,1
64,1,10.75,11,4.68194740152627,5.93803176290847,1
64,1,10.75,11,5.93803176290847,6.58471979084014,1
64,1,10.75,11,6.58471979084014,7.15425665863344,1
64,1,10.75,11,7.15425665863344,9.1411736816269,1
64,1,10.75,11,9.1411736816269,9.23504553899313,1
64,1,10.75,11,9.23504553899313,9.33071477345097,1
64,1,10.75,11,9.33071477345097,9.66140921761817,1
64,1,10.75,11,9.66140921761817,9.95887623480372,1
64,1,10.75,11,9.95887623480372,10.6843746692781,1
64,1,10.75,11,10.6843746692781,10.75,0
65,1,15.75,1,0,14.7719028357704,1
65,1,15.75,1,14.7719028357704,15.75,0
66,1,14.75,1,0,3.49637773055873,1
66,1,14.75,1,3.49637773055873,14.75,0
67,1,15.75,3,0,1.30638802780881,1
67,1,15.75,3,1.30638802780881,4.14866208255524,1
67,1,15.75,3,4.14866208255524,10.6758665710102,1
67,1,15.75,3,10.6758665710102,15.75,0
68,1,10.75,2,0,0.555283304503283,1
68,1,10.75,2,0.555283304503283,8.67742437903072,1
68,1,10.75,2,8.67742437903072,10.75,0
69,1,14.75,0,0,14.75,0
70,1,13.75,22,0,4.11712813078655,1
70,1,13.75,22,4.11712813078655,5.65247304979435,1
70,1,13.75,22,5.65247304979435,7.67658452110467,1
70,1,13.75,22,7.67658452110467,7.71816049653777,1
70,1,13.75,22,7.71816049653777,8.81369123428859,1
70,1,13.75,22,8.81369123428859,9.56235684072293,1
70,1,13.75,22,9.56235684072293,9.71533766156091,1
70,1,13.75,22,9.71533766156091,9.75408100887277,1
70,1,13.75,22,9.75408100887277,10.8383801014546,1
70,1,13.75,22,10.8383801014546,10.950276609426,1
70,1,13.75,22,10.950276609426,10.9523114407643,1
70,1,13.75,22,10.9523114407643,12.1627728298122,1
70,1,13.75,22,12.1627728298122,12.2954739532771,1
70,1,13.75,22,12.2954739532771,12.3871688823602,1
70,1,13.75,22,12.3871688823602,12.428117811931,1
70,1,13.75,22,12.428117811931,12.4385778725419,1
70,1,13.75,22,12.4385778725419,12.4867218827482,1
70,1,13.75,22,12.4867218827482,12.7663694114094,1
70,1,13.75,22,12.7663694114094,12.9880325233819,1
70,1,13.75,22,12.9880325233819,13.0450830102958,1
70,1,13.75,22,13.0450830102958,13.3904622399124,1
70,1,13.75,22,13.3904622399124,13.728193503843,1
70,1,13.75,22,13.728193503843,13.75,0
71,1,10.75,14,0,2.63483501830464,1
71,1,10.75,14,2.63483501830464,3.50914255350347,1
71,1,10.75,14,3.50914255350347,3.53794576316235,1
71,1,10.75,14,3.53794576316235,3.97426645715062,1
71,1,10.75,14,3.97426645715062,6.0295281324561,1
71,1,10.75,14,6.0295281324561,6.81350333143001,1
71,1,10.75,14,6.81350333143001,6.83979797932047,1
71,1,10.75,14,6.83979797932047,8.35771602042219,1
71,1,10.75,14,8.35771602042219,8.77561639171697,1
71,1,10.75,14,8.77561639171697,8.89998996158009,1
71,1,10.75,14,8.89998996158009,8.96405233042034,1
71,1,10.75,14,8.96405233042034,9.07847003680371,1
71,1,10.75,14,9.07847003680371,9.90986989080634,1
71,1,10.75,14,9.90986989080634,10.3388237768481,1
71,1,10.75,14,10.3388237768481,10.75,0
72,1,11.75,1,0,2.85199983115396,1
72,1,11.75,1,2.85199983115396,11.75,0
73,1,10.75,1,0,0.0860184677507272,1
73,1,10.75,1,0.0860184677507272,10.75,0
74,1,20.75,57,0,4.0807372857773,1
74,1,20.75,57,4.0807372857773,5.57216177464366,1
74,1,20.75,57,5.57216177464366,6.02459998165273,1
74,1,20.75,57,6.02459998165273,6.11331345238938,1
74,1,20.75,57,6.11331345238938,6.57095452860633,1
74,1,20.75,57,6.57095452860633,6.77292302222834,1
74,1,20.75,57,6.77292302222834,7.06086036482879,1
74,1,20.75,57,7.06086036482879,7.17759217619795,1
74,1,20.75,57,7.17759217619795,9.42155386477533,1
74,1,20.75,57,9.42155386477533,10.129101265846,1
74,1,20.75,57,10.129101265846,10.421869777049,1
74,1,20.75,57,10.421869777049,10.8987409093198,1
74,1,20.75,57,10.8987409093198,10.9884335410615,1
74,1,20.75,57,10.9884335410615,11.3953874914559,1
74,1,20.75,57,11.3953874914559,12.0534816580177,1
74,1,20.75,57,12.0534816580177,12.1131368972598,1
74,1,20.75,57,12.1131368972598,12.7807515233701,1
74,1,20.75,57,12.7807515233701,14.1226393413658,1
74,1,20.75,57,14.1226393413658,14.1315700869428,1
74,1,20.75,57,14.1315700869428,14.3003584253875,1
74,1,20.75,57,14.3003584253875,14.4434471211808,1
74,1,20.75,57,14.4434471211808,14.5286791896903,1
74,1,20.75,57,14.5286791896903,14.5799862618085,1
74,1,20.75,57,14.5799862618085,14.593307217152,1
74,1,20.75,57,14.593307217152,14.6443482453932,1
74,1,20.75,57,14.6443482453932,15.2192620382826,1
74,1,20.75,57,15.2192620382826,15.5208751029872,1
74,1,20.75,57,15.5208751029872,15.9179017378089,1
74,1,20.75,57,15.9179017378089,16.1347266539762,1
74,1,20.75,57,16.1347266539762,16.1756191498246,1
74,1,20.75,57,16.1756191498246,16.2579712438052,1
74,1,20.75,57,16.2579712438052,16.3305540178812,1
74,1,20.75,57,16.3305540178812,16.750458536982,1
74,1,20.75,57,16.750458536982,16.7743336382106,1
74,1,20.75,57,16.7743336382106,16.7850573463135,1
74,1,20.75,57,16.7850573463135,16.9325991734084,1
74,1,20.75,57,16.9325991734084,17.0377343260945,1
74,1,20.75,57,17.0377343260945,17.299717433298,1
74,1,20.75,57,17.299717433298,17.3973415741958,1
74,1,20.75,57,17.3973415741958,17.4031549868212,1
74,1,20.75,57,17.4031549868212,17.521289104638,1
74,1,20.75,57,17.521289104638,17.5677276005467,1
74,1,20.75,57,17.5677276005467,17.7898165100376,1
74,1,20.75,57,17.7898165100376,17.9388996535136,1
74,1,20.75,57,17.9388996535136,17.9436296002491,1
74,1,20.75,57,17.9436296002491,18.1355955619505,1
74,1,20.75,57,18.1355955619505,18.2594957756446,1
74,1,20.75,57,18.2594957756446,18.6002090364837,1
74,1,20.75,57,18.6002090364837,18.8880873322793,1
74,1,20.75,57,18.8880873322793,18.90650114251,1
74,1,20.75,57,18.90650114251,19.2413272657002,1
74,1,20.75,57,19.2413272657002,19.2578332261123,1
74,1,20.75,57,19.2578332261123,20.3379765988776,1
74,1,20.75,57,20.3379765988776,20.3518722556885,1
74,1,20.75,57,20.3518722556885,20.498884683282,1
74,1,20.75,57,20.498884683282,20.50906673671,1
74,1,20.75,57,20.50906673671,20.5206382429789,1
74,1,20.75,57,20.5206382429789,20.75,0
75,1,15.75,27,0,3.97912699381513,1
75,1,15.75,27,3.97912699381513,4.38470753930974,1
75,1,15.75,27,4.38470753930974,5.77844517964,1
75,1,15.75,27,5.77844517964,8.63258443911598,1
75,1,15.75,27,8.63258443911598,8.67796326787985,1
75,1,15.75,27,8.67796326787985,8.75900979265463,1
75,1,15.75,27,8.75900979265463,8.79816774459213,1
75,1,15.75,27,8.79816774459213,9.19061932056539,1
75,1,15.75,27,9.19061932056539,10.4285872991754,1
75,1,15.75,27,10.4285872991754,10.9266009046756,1
75,1,15.75,27,10.9266009046756,10.9284804073214,1
75,1,15.75,27,10.9284804073214,11.2218196255194,1
75,1,15.75,27,11.2218196255194,11.3711111151914,1
75,1,15.75,27,11.3711111151914,11.4883090884402,1
75,1,15.75,27,11.4883090884402,12.3787097096031,1
75,1,15.75,27,12.3787097096031,12.5933435387863,1
75,1,15.75,27,12.5933435387863,13.3960535971892,1
75,1,15.75,27,13.3960535971892,13.7751938097247,1
75,1,15.75,27,13.7751938097247,14.0270882424757,1
75,1,15.75,27,14.0270882424757,14.4208099861336,1
75,1,15.75,27,14.4208099861336,14.5398474157108,1
75,1,15.75,27,14.5398474157108,14.5617731816504,1
75,1,15.75,27,14.5617731816504,14.6621304197707,1
75,1,15.75,27,14.6621304197707,15.0975415861469,1
75,1,15.75,27,15.0975415861469,15.1302065593827,1
75,1,15.75,27,15.1302065593827,15.6851631149007,1
75,1,15.75,27,15.6851631149007,15.7460657946631,1
75,1,15.75,27,15.7460657946631,15.75,0
76,1,16.75,1,0,0.0983547736051523,1
76,1,16.75,1,0.0983547736051523,16.75,0
77,1,9.75,13,0,1.40101278338051,1
77,1,9.75,13,1.40101278338051,3.83460278915426,1
77,1,9.75,13,3.83460278915426,4.63553888135495,1
77,1,9.75,13,4.63553888135495,5.45248601144966,1
77,1,9.75,13,5.45248601144966,5.95684749324978,1
77,1,9.75,13,5.95684749324978,5.96268718269665,1
77,1,9.75,13,5.96268718269665,6.27950622989537,1
77,1,9.75,13,6.27950622989537,7.91728946530873,1
77,1,9.75,13,7.91728946530873,8.21272704622746,1
77,1,9.75,13,8.21272704622746,8.2935317842751,1
77,1,9.75,13,8.2935317842751,9.15086609248853,1
77,1,9.75,13,9.15086609248853,9.33011203904903,1
77,1,9.75,13,9.33011203904903,9.51779517145136,1
77,1,9.75,13,9.51779517145136,9.75,0
78,1,14.75,3,0,0.0291375256106232,1
78,1,14.75,3,0.0291375256106232,8.81926633409931,1
78,1,14.75,3,8.81926633409931,11.9246882008269,1
78,1,14.75,3,11.9246882008269,14.75,0
79,1,14.75,28,0,2.54053487081187,1
79,1,14.75,28,2.54053487081187,4.40315607785884,1
79,1,14.75,28,4.40315607785884,5.66000925613389,1
79,1,14.75,28,5.66000925613389,5.71051660937284,1
79,1,14.75,28,5.71051660937284,5.75953608149012,1
79,1,14.75,28,5.75953608149012,6.65940394594359,1
79,1,14.75,28,6.65940394594359,7.52569803154142,1
79,1,14.75,28,7.52569803154142,8.88040824034529,1
79,1,14.75,28,8.88040824034529,8.95398957959495,1
79,1,14.75,28,8.95398957959495,10.8129040962105,1
79,1,14.75,28,10.8129040962105,10.8195599608018,1
79,1,14.75,28,10.8195599608018,11.1334304750709,1
79,1,14.75,28,11.1334304750709,11.1490995481017,1
79,1,14.75,28,11.1490995481017,11.6721192839923,1
79,1,14.75,28,11.6721192839923,11.9434446534959,1
79,1,14.75,28,11.9434446534959,12.1515477711718,1
79,1,14.75,28,12.1515477711718,12.3243786792508,1
79,1,14.75,28,12.3243786792508,12.5988885835405,1
79,1,14.75,28,12.5988885835405,12.6151724899141,1
79,1,14.75,28,12.6151724899141,13.3004263741877,1
79,1,14.75,28,13.3004263741877,13.3832756901573,1
79,1,14.75,28,13.3832756901573,13.516625462293,1
79,1,14.75,28,13.516625462293,13.7533676867945,1
79,1,14.75,28,13.7533676867945,14.0750638451688,1
79,1,14.75,28,14.0750638451688,14.2762561531082,1
79,1,14.75,28,14.2762561531082,14.5442248749662,1
79,1,14.75,28,14.5442248749662,14.6280978272142,1
79,1,14.75,28,14.6280978272142,14.7337448574531,1
79,1,14.75,28,14.7337448574531,14.75,0
80,1,11.75,1,0,5.77176262689434,1
80,1,11.75,1,5.77176262689434,11.75,0
81,1,20.75,83,0,1.67643949201778,1
81,1,20.75,83,1.67643949201778,2.9484157717321,1
81,1,20.75,83,2.9484157717321,3.43439584210256,1
81,1,20.75,83,3.43439584210256,4.66896199481509,1
81,1,20.75,83,4.66896199481509,5.75928262955032,1
81,1,20.75,83,5.75928262955032,7.1908758358592,1
81,1,20.75,83,7.1908758358592,7.49374588130919,1
81,1,20.75,83,7.49374588130919,7.90298393078075,1
81,1,20.75,83,7.90298393078075,8.70991089678488,1
81,1,20.75,83,8.70991089678488,8.99809889458691,1
81,1,20.75,83,8.99809889458691,9.37352020301168,1
81,1,20.75,83,9.37352020301168,9.64987845789059,1
81,1,20.75,83,9.64987845789059,9.87848480896848,1
81,1,20.75,83,9.87848480896848,10.0884518979444,1
81,1,20.75,83,10.0884518979444,10.2324061057992,1
81,1,20.75,83,10.2324061057992,10.5661805888034,1
81,1,20.75,83,10.5661805888034,10.6866576394097,1
81,1,20.75,83,10.6866576394097,10.9261367552533,1
81,1,20.75,83,10.9261367552533,11.3974680811573,1
81,1,20.75,83,11.3974680811573,11.5319349687955,1
81,1,20.75,83,11.5319349687955,11.5942056046382,1
81,1,20.75,83,11.5942056046382,11.8750497475171,1
81,1,20.75,83,11.8750497475171,11.9052893986135,1
81,1,20.75,83,11.9052893986135,12.3737267818889,1
81,1,20.75,83,12.3737267818889,12.6718023080225,1
81,1,20.75,83,12.6718023080225,12.7745794053212,1
81,1,20.75,83,12.7745794053212,13.4777491050298,1
81,1,20.75,83,13.4777491050298,13.6255811812192,1
81,1,20.75,83,13.6255811812192,13.6834143737317,1
81,1,20.75,83,13.6834143737317,13.7526850319824,1
81,1,20.75,83,13.7526850319824,14.2031753698728,1
81,1,20.75,83,14.2031753698728,14.3951552465086,1
81,1,20.75,83,14.3951552465086,14.5462858496411,1
81,1,20.75,83,14.5462858496411,14.5531419201969,1
81,1,20.75,83,14.5531419201969,14.6527613418321,1
81,1,20.75,83,14.6527613418321,14.7361091128953,1
81,1,20.75,83,14.7361091128953,14.7731547436098,1
81,1,20.75,83,14.7731547436098,14.8626479126486,1
81,1,20.75,83,14.8626479126486,15.006015544857,1
81,1,20.75,83,15.006015544857,15.1592929108857,1
81,1,20.75,83,15.1592929108857,15.3288568305176,1
81,1,20.75,83,15.3288568305176,15.6020938856337,1
81,1,20.75,83,15.6020938856337,15.9177209537289,1
81,1,20.75,83,15.9177209537289,16.0318725100166,1
81,1,20.75,83,16.0318725100166,16.0722531789567,1
81,1,20.75,83,16.0722531789567,16.1758756658169,1
81,1,20.75,83,16.1758756658169,16.4350499113279,1
81,1,20.75,83,16.4350499113279,16.4918430865115,1
81,1,20.75,83,16.4918430865115,16.5674689306258,1
81,1,20.75,83,16.5674689306258,16.8015941204393,1
81,1,20.75,83,16.8015941204393,17.2354753777803,1
81,1,20.75,83,17.2354753777803,17.5213072408522,1
81,1,20.75,83,17.5213072408522,17.7915314035709,1
81,1,20.75,83,17.7915314035709,17.8712642665471,1
81,1,20.75,83,17.8712642665471,18.1354118521985,1
81,1,20.75,83,18.1354118521985,18.1461378518354,1
81,1,20.75,83,18.1461378518354,18.2324856082662,1
81,1,20.75,83,18.2324856082662,18.3193959464347,1
81,1,20.75,83,18.3193959464347,18.4402148869368,1
81,1,20.75,83,18.4402148869368,18.7316406974998,1
81,1,20.75,83,18.7316406974998,18.8863293310738,1
81,1,20.75,83,18.8863293310738,18.8882661413084,1
81,1,20.75,83,18.8882661413084,18.9661329318104,1
81,1,20.75,83,18.9661329318104,19.0257196414988,1
81,1,20.75,83,19.0257196414988,19.0779964449811,1
81,1,20.75,83,19.0779964449811,19.6762825819884,1
81,1,20.75,83,19.6762825819884,19.7105543406585,1
81,1,20.75,83,19.7105543406585,19.766230080233,1
81,1,20.75,83,19.766230080233,19.7747895123496,1
81,1,20.75,83,19.7747895123496,19.7797346140033,1
81,1,20.75,83,19.7797346140033,19.8051453701657,1
81,1,20.75,83,19.8051453701657,19.8772958668961,1
81,1,20.75,83,19.8772958668961,19.9679721086844,1
81,1,20.75,83,19.9679721086844,20.0621441307359,1
81,1,20.75,83,20.0621441307359,20.0891455264792,1
81,1,20.75,83,20.0891455264792,20.101596339666,1
81,1,20.75,83,20.101596339666,20.1518962046356,1
81,1,20.75,83,20.1518962046356,20.1680690674161,1
81,1,20.75,83,20.1680690674161,20.1733141738366,1
81,1,20.75,83,20.1733141738366,20.2979229194651,1
81,1,20.75,83,20.2979229194651,20.4154830290381,1
81,1,20.75,83,20.4154830290381,20.5040292361791,1
81,1,20.75,83,20.5040292361791,20.6943305288526,1
81,1,20.75,83,20.6943305288526,20.75,0
82,1,19.75,0,0,19.75,0
83,1,17.75,1,0,9.79998932751584e-06,1
83,1,17.75,1,9.79998932751584e-06,17.75,0
84,1,9.75,6,0,3.07738089851991,1
84,1,9.75,6,3.07738089851991,8.18210776916105,1
84,1,9.75,6,8.18210776916105,8.62177108799621,1
84,1,9.75,6,8.62177108799621,8.7164238604183,1
84,1,9.75,6,8.7164238604183,8.82081178998559,1
84,1,9.75,6,8.82081178998559,9.49466810415076,1
84,1,9.75,6,9.49466810415076,9.75,0
85,1,14.75,28,0,4.24387274479374,1
85,1,14.75,28,4.24387274479374,4.38153540395638,1
85,1,14.75,28,4.38153540395638,6.57690068370603,1
85,1,14.75,28,6.57690068370603,6.59960535976391,1
85,1,14.75,28,6.59960535976391,6.79121470050758,1
85,1,14.75,28,6.79121470050758,6.86423753326431,1
85,1,14.75,28,6.86423753326431,7.17879459490863,1
85,1,14.75,28,7.17879459490863,7.7914389040246,1
85,1,14.75,28,7.7914389040246,8.17271001012647,1
85,1,14.75,28,8.17271001012647,8.29758912201844,1
85,1,14.75,28,8.29758912201844,9.32607168866683,1
85,1,14.75,28,9.32607168866683,9.77601209009558,1
85,1,14.75,28,9.77601209009558,9.81536059608187,1
85,1,14.75,28,9.81536059608187,11.6639047919534,1
85,1,14.75,28,11.6639047919534,12.0427762372667,1
85,1,14.75,28,12.0427762372667,12.2535553379692,1
85,1,14.75,28,12.2535553379692,12.2811395314735,1
85,1,14.75,28,12.2811395314735,12.6305898830431,1
85,1,14.75,28,12.6305898830431,12.8636085221697,1
85,1,14.75,28,12.8636085221697,12.878760016614,1
85,1,14.75,28,12.878760016614,12.9453140612552,1
85,1,14.75,28,12.9453140612552,13.4032308832598,1
85,1,14.75,28,13.4032308832598,13.4576508074448,1
85,1,14.75,28,13.4576508074448,13.76684542086,1
85,1,14.75,28,13.76684542086,13.8999614769306,1
85,1,14.75,28,13.8999614769306,14.4425298410766,1
85,1,14.75,28,14.4425298410766,14.4754733264158,1
85,1,14.75,28,14.4754733264158,14.5924460197382,1
85,1,14.75,28,14.5924460197382,14.75,0
86,1,10.75,1,0,5.92297124778093,1
86,1,10.75,1,5.92297124778093,10.75,0
87,1,13.75,32,0,4.23910565428281,1
87,1,13.75,32,4.23910565428281,5.00420278897628,1
87,1,13.75,32,5.00420278897628,5.04873851424706,1
87,1,13.75,32,5.04873851424706,5.62905875934405,1
87,1,13.75,32,5.62905875934405,5.81651431571793,1
87,1,13.75,32,5.81651431571793,7.36404899762369,1
87,1,13.75,32,7.36404899762369,7.38813342384498,1
87,1,13.75,32,7.38813342384498,7.88210129787735,1
87,1,13.75,32,7.88210129787735,8.12562236771987,1
87,1,13.75,32,8.12562236771987,8.18322510353203,1
87,1,13.75,32,8.18322510353203,9.3897689974665,1
87,1,13.75,32,9.3897689974665,9.93669865301286,1
87,1,13.75,32,9.93669865301286,9.97987434883385,1
87,1,13.75,32,9.97987434883385,10.5639858457541,1
87,1,13.75,32,10.5639858457541,10.8684514734236,1
87,1,13.75,32,10.8684514734236,11.2859258999628,1
87,1,13.75,32,11.2859258999628,11.3940928449508,1
87,1,13.75,32,11.3940928449508,11.4870721815617,1
87,1,13.75,32,11.4870721815617,11.4920323479848,1
87,1,13.75,32,11.4920323479848,11.6267126243171,1
87,1,13.75,32,11.6267126243171,11.7934840632763,1
87,1,13.75,32,11.7934840632763,11.8296670967088,1
87,1,13.75,32,11.8296670967088,12.1141773793416,1
87,1,13.75,32,12.1141773793416,12.211025781423,1
87,1,13.75,32,12.211025781423,12.4908265548901,1
87,1,13.75,32,12.4908265548901,12.5371476366672,1
87,1,13.75,32,12.5371476366672,12.6811081035757,1
87,1,13.75,32,12.6811081035757,13.0777672437081,1
87,1,13.75,32,13.0777672437081,13.1166165706176,1
87,1,13.75,32,13.1166165706176,13.2581059570174,1
87,1,13.75,32,13.2581059570174,13.2868070876028,1
87,1,13.75,32,13.2868070876028,13.5918218373614,1
87,1,13.75,32,13.5918218373614,13.75,0
88,1,8.75,4,0,0.19411530637402,1
88,1,8.75,4,0.19411530637402,0.667892837736565,1
88,1,8.75,4,0.667892837736565,3.73761736371518,1
88,1,8.75,4,3.73761736371518,8.37069866669694,1
88,1,8.75,4,8.37069866669694,8.75,0
89,1,8.75,7,0,1.1091396597879,1
89,1,8.75,7,1.1091396597879,4.80540100371421,1
89,1,8.75,7,4.80540100371421,4.91555408353327,1
89,1,8.75,7,4.91555408353327,5.27932628102578,1
89,1,8.75,7,5.27932628102578,5.4829461973673,1
89,1,8.75,7,5.4829461973673,6.79062455985762,1
89,1,8.75,7,6.79062455985762,7.19988690818047,1
89,1,8.75,7,7.19988690818047,8.75,0
90,1,11.75,2,0,6.14430352272504,1
90,1,11.75,2,6.14430352272504,7.50595490029919,1
90,1,11.75,2,7.50595490029919,11.75,0
91,1,14.75,41,0,3.57062406409719,1
91,1,14.75,41,3.57062406409719,5.8265009922487,1
91,1,14.75,41,5.8265009922487,6.03638652165639,1
91,1,14.75,41,6.03638652165639,7.06232024473158,1
91,1,14.75,41,7.06232024473158,7.72998159808794,1
91,1,14.75,41,7.72998159808794,8.05261424691458,1
91,1,14.75,41,8.05261424691458,8.89703182388884,1
91,1,14.75,41,8.89703182388884,8.93782113759618,1
91,1,14.75,41,8.93782113759618,9.0634143769683,1
91,1,14.75,41,9.0634143769683,9.10276667200007,1
91,1,14.75,41,9.10276667200007,9.29217273448088,1
91,1,14.75,41,9.29217273448088,9.39701599576163,1
91,1,14.75,41,9.39701599576163,9.58638563863694,1
91,1,14.75,41,9.58638563863694,10.0944748512883,1
91,1,14.75,41,10.0944748512883,10.1829835113756,1
91,1,14.75,41,10.1829835113756,10.5512673119597,1
91,1,14.75,41,10.5512673119597,10.6277929556666,1
91,1,14.75,41,10.6277929556666,10.9291905461103,1
91,1,14.75,41,10.9291905461103,11.0917390924226,1
91,1,14.75,41,11.0917390924226,11.1585487905529,1
91,1,14.75,41,11.1585487905529,11.4860668578185,1
91,1,14.75,41,11.4860668578185,11.7330883681941,1
91,1,14.75,41,11.7330883681941,12.2335717291027,1
91,1,14.75,41,12.2335717291027,12.4042328873886,1
91,1,14.75,41,12.4042328873886,12.8592562432318,1
91,1,14.75,41,12.8592562432318,13.0576772257145,1
91,1,14.75,41,13.0576772257145,13.1585858600115,1
91,1,14.75,41,13.1585858600115,13.4249130053142,1
91,1,14.75,41,13.4249130053142,13.4591317732045,1
91,1,14.75,41,13.4591317732045,13.5600569192715,1
91,1,14.75,41,13.5600569192715,13.6812645125447,1
91,1,14.75,41,13.6812645125447,13.7160937737997,1
91,1,14.75,41,13.7160937737997,13.7629434566226,1
91,1,14.75,41,13.7629434566226,13.9283502623136,1
91,1,14.75,41,13.9283502623136,13.9767086664408,1
91,1,14.75,41,13.9767086664408,14.2632752899341,1
91,1,14.75,41,14.2632752899341,14.3915037861228,1
91,1,14.75,41,14.3915037861228,14.5228333210477,1
91,1,14.75,41,14.5228333210477,14.6244613964811,1
91,1,14.75,41,14.6244613964811,14.6431454235094,1
91,1,14.75,41,14.6431454235094,14.7122535564014,1
91,1,14.75,41,14.7122535564014,14.75,0
92,1,13.75,0,0,13.75,0
93,1,10.75,0,0,10.75,0
94,1,12.75,1,0,5.79586479149381,1
94,1,12.75,1,5.79586479149381,12.75,0
95,1,11.75,1,0,4.53223509145889,1
95,1,11.75,1,4.53223509145889,11.75,0
96,1,11.75,1,0,0.429215110122802,1
96,1,11.75,1,0.429215110122802,11.75,0
97,1,18.75,1,0,4.35380800921582,1
97,1,18.75,1,4.35380800921582,18.75,0
98,1,19.75,62,0,0.235569692540956,1
98,1,19.75,62,0.235569692540956,1.61177778738022,1
98,1,19.75,62,1.61177778738022,1.88121127118898,1
98,1,19.75,62,1.88121127118898,2.95851008891534,1
98,1,19.75,62,2.95851008891534,3.51448361026679,1
98,1,19.75,62,3.51448361026679,4.57708430224135,1
98,1,19.75,62,4.57708430224135,5.32948054113153,1
98,1,19.75,62,5.32948054113153,5.4001386599522,1
98,1,19.75,62,5.4001386599522,5.46012156820869,1
98,1,19.75,62,5.46012156820869,5.96241055040521,1
98,1,19.75,62,5.96241055040521,6.2364356645292,1
98,1,19.75,62,6.2364356645292,6.53432780247045,1
98,1,19.75,62,6.53432780247045,7.4041460843562,1
98,1,19.75,62,7.4041460843562,9.52229331609071,1
98,1,19.75,62,9.52229331609071,9.6778796243777,1
98,1,19.75,62,9.6778796243777,9.72156726939864,1
98,1,19.75,62,9.72156726939864,10.1724659181583,1
98,1,19.75,62,10.1724659181583,10.2843581936751,1
98,1,19.75,62,10.2843581936751,10.4990482456752,1
98,1,19.75,62,10.4990482456752,10.631165874649,1
98,1,19.75,62,10.631165874649,10.7040258580067,1
98,1,19.75,62,10.7040258580067,10.7408054962943,1
98,1,19.75,62,10.7408054962943,10.9239376351343,1
98,1,19.75,62,10.9239376351343,11.111845042669,1
98,1,19.75,62,11.111845042669,11.4000291066463,1
98,1,19.75,62,11.4000291066463,11.6467345085477,1
98,1,19.75,62,11.6467345085477,11.8678971777652,1
98,1,19.75,62,11.8678971777652,12.11395430269,1
98,1,19.75,62,12.11395430269,12.8789961902056,1
98,1,19.75,62,12.8789961902056,13.0884002775067,1
98,1,19.75,62,13.0884002775067,13.1340408561032,1
98,1,19.75,62,13.1340408561032,13.4147223630904,1
98,1,19.75,62,13.4147223630904,13.6316310533269,1
98,1,19.75,62,13.6316310533269,13.6769819228723,1
98,1,19.75,62,13.6769819228723,14.1223560274511,1
98,1,19.75,62,14.1223560274511,14.7016131607166,1
98,1,19.75,62,14.7016131607166,15.0584393114665,1
98,1,19.75,62,15.0584393114665,15.1498574690818,1
98,1,19.75,62,15.1498574690818,15.2855705077071,1
98,1,19.75,62,15.2855705077071,15.3879716206847,1
98,1,19.75,62,15.3879716206847,15.5055285234332,1
98,1,19.75,62,15.5055285234332,15.8702999523012,1
98,1,19.75,62,15.8702999523012,16.0934238744102,1
98,1,19.75,62,16.0934238744102,16.1022178183335,1
98,1,19.75,62,16.1022178183335,16.3265807527756,1
98,1,19.75,62,16.3265807527756,16.8483241363805,1
98,1,19.75,62,16.8483241363805,17.0654807575939,1
98,1,19.75,62,17.0654807575939,17.1811314568792,1
98,1,19.75,62,17.1811314568792,17.2853147942212,1
98,1,19.75,62,17.2853147942212,17.7435453170399,1
98,1,19.75,62,17.7435453170399,17.9836519875941,1
98,1,19.75,62,17.9836519875941,18.1545124495876,1
98,1,19.75,62,18.1545124495876,18.1974745817443,1
98,1,19.75,62,18.1974745817443,18.2902296721489,1
98,1,19.75,62,18.2902296721489,18.3236687091747,1
98,1,19.75,62,18.3236687091747,18.3603806683379,1
98,1,19.75,62,18.3603806683379,18.9063183409629,1
98,1,19.75,62,18.9063183409629,19.1568504201722,1
98,1,19.75,62,19.1568504201722,19.4705024770033,1
98,1,19.75,62,19.4705024770033,19.5530942792179,1
98,1,19.75,62,19.5530942792179,19.7207065941258,1
98,1,19.75,62,19.7207065941258,19.722002788134,1
98,1,19.75,62,19.722002788134,19.75,0
99,1,14.75,21,0,4.36344259513851,1
99,1,14.75,21,4.36344259513851,4.93195903840868,1
99,1,14.75,21,4.93195903840868,5.50264910938036,1
99,1,14.75,21,5.50264910938036,5.50412032545287,1
99,1,14.75,21,5.50412032545287,7.1339231399136,1
99,1,14.75,21,7.1339231399136,8.09039172924814,1
99,1,14.75,21,8.09039172924814,8.35997507779474,1
99,1,14.75,21,8.35997507779474,8.387243955444,1
99,1,14.75,21,8.387243955444,8.97890685942448,1
99,1,14.75,21,8.97890685942448,9.00638080244004,1
99,1,14.75,21,9.00638080244004,10.4086738868573,1
99,1,14.75,21,10.4086738868573,11.1468636124737,1
99,1,14.75,21,11.1468636124737,11.7604911330145,1
99,1,14.75,21,11.7604911330145,11.8709326595564,1
99,1,14.75,21,11.8709326595564,12.4949845881917,1
99,1,14.75,21,12.4949845881917,12.7583210733689,1
99,1,14.75,21,12.7583210733689,12.8586175597522,1
99,1,14.75,21,12.8586175597522,13.1199404960067,1
99,1,14.75,21,13.1199404960067,13.1967523564421,1
99,1,14.75,21,13.1967523564421,13.655343344373,1
99,1,14.75,21,13.655343344373,13.6879036575927,1
99,1,14.75,21,13.6879036575927,14.75,0
100,1,14.75,2,0,0.953827127918305,1
100,1,14.75,2,0.953827127918305,9.21876875085789,1
100,1,14.75,2,9.21876875085789,14.75,0
101,1,12.75,24,0,2.03031281806288,1
101,1,12.75,24,2.03031281806288,4.29795582240028,1
101,1,12.75,24,4.29795582240028,5.24993683263899,1
101,1,12.75,24,5.24993683263899,5.51474036644233,1
101,1,12.75,24,5.51474036644233,5.89996922012535,1
101,1,12.75,24,5.89996922012535,6.05229958872293,1
101,1,12.75,24,6.05229958872293,8.30258015167482,1
101,1,12.75,24,8.30258015167482,8.78908946229105,1
101,1,12.75,24,8.78908946229105,8.83803997605098,1
101,1,12.75,24,8.83803997605098,9.00853486704353,1
101,1,12.75,24,9.00853486704353,9.37279539438045,1
101,1,12.75,24,9.37279539438045,9.85314394097301,1
101,1,12.75,24,9.85314394097301,10.0512255703976,1
101,1,12.75,24,10.0512255703976,10.1490854688707,1
101,1,12.75,24,10.1490854688707,10.6369820135985,1
101,1,12.75,24,10.6369820135985,10.9666634193187,1
101,1,12.75,24,10.9666634193187,11.3606798844956,1
101,1,12.75,24,11.3606798844956,11.5878079570914,1
101,1,12.75,24,11.5878079570914,11.6980388533042,1
101,1,12.75,24,11.6980388533042,11.702024802048,1
101,1,12.75,24,11.702024802048,12.3319701388118,1
101,1,12.75,24,12.3319701388118,12.4628956465092,1
101,1,12.75,24,12.4628956465092,12.6906626680236,1
101,1,12.75,24,12.6906626680236,12.7489065632785,1
101,1,12.75,24,12.7489065632785,12.75,0
102,1,12.75,13,0,2.55827986855059,1
102,1,12.75,13,2.55827986855059,3.0786059397095,1
102,1,12.75,13,3.0786059397095,6.1336404653649,1
102,1,12.75,13,6.1336404653649,6.47794596248611,1
102,1,12.75,13,6.47794596248611,6.53835796710241,1
102,1,12.75,13,6.53835796710241,7.47575429956367,1
102,1,12.75,13,7.47575429956367,8.09023293935735,1
102,1,12.75,13,8.09023293935735,8.32186165059301,1
102,1,12.75,13,8.32186165059301,9.44106543995268,1
102,1,12.75,13,9.44106543995268,9.76099992270184,1
102,1,12.75,13,9.76099992270184,9.98615763530812,1
102,1,12.75,13,9.98615763530812,10.8951817074873,1
102,1,12.75,13,10.8951817074873,11.4454536188874,1
102,1,12.75,13,11.4454536188874,12.75,0
103,1,13.75,29,0,5.24068699294519,1
103,1,13.75,29,5.24068699294519,5.37303496857685,1
103,1,13.75,29,5.37303496857685,5.39783541134779,1
103,1,13.75,29,5.39783541134779,6.73105287289111,1
103,1,13.75,29,6.73105287289111,6.96129527201227,1
103,1,13.75,29,6.96129527201227,7.00806992653377,1
103,1,13.75,29,7.00806992653377,7.47209242371148,1
103,1,13.75,29,7.47209242371148,7.67832488199543,1
103,1,13.75,29,7.67832488199543,8.28788767651078,1
103,1,13.75,29,8.28788767651078,9.17235243899182,1
103,1,13.75,29,9.17235243899182,9.99027760232436,1
103,1,13.75,29,9.99027760232436,10.0058506807118,1
103,1,13.75,29,10.0058506807118,10.2678094970212,1
103,1,13.75,29,10.2678094970212,10.3481140645607,1
103,1,13.75,29,10.3481140645607,10.7755592037382,1
103,1,13.75,29,10.7755592037382,10.9153265359234,1
103,1,13.75,29,10.9153265359234,11.1816137590944,1
103,1,13.75,29,11.1816137590944,11.30138416875,1
103,1,13.75,29,11.30138416875,11.4920468248458,1
103,1,13.75,29,11.4920468248458,11.5341035863466,1
103,1,13.75,29,11.5341035863466,11.6465564381339,1
103,1,13.75,29,11.6465564381339,11.683847645041,1
103,1,13.75,29,11.683847645041,11.7778914920508,1
103,1,13.75,29,11.7778914920508,12.0454039345193,1
103,1,13.75,29,12.0454039345193,12.4206947872208,1
103,1,13.75,29,12.4206947872208,12.6517472653282,1
103,1,13.75,29,12.6517472653282,13.3437361051463,1
103,1,13.75,29,13.3437361051463,13.576542176677,1
103,1,13.75,29,13.576542176677,13.6175906320418,1
103,1,13.75,29,13.6175906320418,13.75,0
104,1,12.75,1,0,7.60400785844516,1
104,1,12.75,1,7.60400785844516,12.75,0
105,1,19.75,2,0,1.15845873744779,1
105,1,19.75,2,1.15845873744779,1.17353040213284,1
105,1,19.75,2,1.17353040213284,19.75,0
106,1,8.75,0,0,8.75,0
107,1,14.75,44,0,3.30898334040056,1
107,1,14.75,44,3.30898334040056,4.83067411229986,1
107,1,14.75,44,4.83067411229986,5.17673858749894,1
107,1,14.75,44,5.17673858749894,5.2456767248926,1
107,1,14.75,44,5.2456767248926,5.27446205292524,1
107,1,14.75,44,5.27446205292524,5.70879234606906,1
107,1,14.75,44,5.70879234606906,6.42405776324365,1
107,1,14.75,44,6.42405776324365,6.4493711976174,1
107,1,14.75,44,6.4493711976174,6.99679619484556,1
107,1,14.75,44,6.99679619484556,7.1844922087648,1
107,1,14.75,44,7.1844922087648,7.53791147466441,1
107,1,14.75,44,7.53791147466441,8.16272628384659,1
107,1,14.75,44,8.16272628384659,8.36620232231052,1
107,1,14.75,44,8.36620232231052,8.67258699844679,1
107,1,14.75,44,8.67258699844679,9.0892566049452,1
107,1,14.75,44,9.0892566049452,9.2707756106123,1
107,1,14.75,44,9.2707756106123,10.1722400089555,1
107,1,14.75,44,10.1722400089555,10.1916452626928,1
107,1,14.75,44,10.1916452626928,10.2069167021677,1
107,1,14.75,44,10.2069167021677,10.3110706998614,1
107,1,14.75,44,10.3110706998614,10.4157428056208,1
107,1,14.75,44,10.4157428056208,10.4520097769301,1
107,1,14.75,44,10.4520097769301,10.6698234887099,1
107,1,14.75,44,10.6698234887099,11.1592136084876,1
107,1,14.75,44,11.1592136084876,11.1981906877676,1
107,1,14.75,44,11.1981906877676,11.5989601026856,1
107,1,14.75,44,11.5989601026856,11.7138241432934,1
107,1,14.75,44,11.7138241432934,11.7316934130815,1
107,1,14.75,44,11.7316934130815,11.8465099188592,1
107,1,14.75,44,11.8465099188592,12.7396218310852,1
107,1,14.75,44,12.7396218310852,13.0774052191308,1
107,1,14.75,44,13.0774052191308,13.1533986969827,1
107,1,14.75,44,13.1533986969827,13.1869424044613,1
107,1,14.75,44,13.1869424044613,13.2433078340321,1
107,1,14.75,44,13.2433078340321,13.3216177770024,1
107,1,14.75,44,13.3216177770024,13.3615144099582,1
107,1,14.75,44,13.3615144099582,13.4750488765892,1
107,1,14.75,44,13.4750488765892,13.6079862126488,1
107,1,14.75,44,13.6079862126488,13.7756340087525,1
107,1,14.75,44,13.7756340087525,14.4079878464857,1
107,1,14.75,44,14.4079878464857,14.439557599181,1
107,1,14.75,44,14.439557599181,14.7041430003815,1
107,1,14.75,44,14.7041430003815,14.7071039933484,1
107,1,14.75,44,14.7071039933484,14.7263780186352,1
107,1,14.75,44,14.7263780186352,14.75,0
108,1,16.75,1,0,3.87530731343043,1
108,1,16.75,1,3.87530731343043,16.75,0
109,1,11.75,2,0,1.18882527859619,1
109,1,11.75,2,1.18882527859619,3.0647561037885,1
109,1,11.75,2,3.0647561037885,11.75,0
110,1,17.75,2,0,0.0990680865249748,1
110,1,17.75,2,0.0990680865249748,0.42292896771127,1
110,1,17.75,2,0.42292896771127,17.75,0
111,1,8.75,3,0,2.44081757944906,1
111,1,8.75,3,2.44081757944906,3.38050875338727,1
111,1,8.75,3,3.38050875338727,3.39868292619319,1
111,1,8.75,3,3.39868292619319,8.75,0
112,1,12.75,3,0,1.34784625038552,1
112,1,12.75,3,1.34784625038552,2.23759037754804,1
112,1,12.75,3,2.23759037754804,6.35018632389032,1
112,1,12.75,3,6.35018632389032,12.75,0
113,1,8.75,0,0,8.75,0
114,1,8.75,10,0,3.88864445406207,1
114,1,8.75,10,3.88864445406207,3.94246255698152,1
114,1,8.75,10,3.94246255698152,4.43947142184172,1
114,1,8.75,10,4.43947142184172,5.14233210728821,1
114,1,8.75,10,5.14233210728821,5.67857667518708,1
114,1,8.75,10,5.67857667518708,6.14564284389502,1
114,1,8.75,10,6.14564284389502,7.1858528058738,1
114,1,8.75,10,7.1858528058738,7.996205532397,1
114,1,8.75,10,7.996205532397,8.4478647749046,1
114,1,8.75,10,8.4478647749046,8.61587518925226,1
114,1,8.75,10,8.61587518925226,8.75,0
115,1,12.75,3,0,1.02932086666423,1
115,1,12.75,3,1.02932086666423,2.75871970702333,1
115,1,12.75,3,2.75871970702333,7.21199135818353,1
115,1,12.75,3,7.21199135818353,12.75,0
116,1,8.75,2,0,0.54641588393994,1
116,1,8.75,2,0.54641588393994,2.40959517257192,1
116,1,8.75,2,2.40959517257192,8.75,0
117,1,16.75,5,0,1.02982696035943,1
117,1,16.75,5,1.02982696035943,3.02406038584567,1
117,1,16.75,5,3.02406038584567,4.62643240651926,1
117,1,16.75,5,4.62643240651926,4.63110968511969,1
117,1,16.75,5,4.63110968511969,10.1766393117962,1
117,1,16.75,5,10.1766393117962,16.75,0
118,1,14.75,0,0,14.75,0
119,1,15.75,2,0,1.63883345146224,1
119,1,15.75,2,1.63883345146224,14.0119488084743,1
119,1,15.75,2,14.0119488084743,15.75,0
120,1,11.75,1,0,0.349493022532858,1
120,1,11.75,1,0.349493022532858,11.75,0
121,1,11.75,28,0,1.83408168981602,1
121,1,11.75,28,1.83408168981602,2.17863762895554,1
121,1,11.75,28,2.17863762895554,4.14488540014633,1
121,1,11.75,28,4.14488540014633,4.20877220276248,1
121,1,11.75,28,4.20877220276248,4.38176389753723,1
121,1,11.75,28,4.38176389753723,5.10860859678226,1
121,1,11.75,28,5.10860859678226,5.11647278265114,1
121,1,11.75,28,5.11647278265114,5.87414092484841,1
121,1,11.75,28,5.87414092484841,5.98564016048169,1
121,1,11.75,28,5.98564016048169,7.3361272723589,1
121,1,11.75,28,7.3361272723589,7.60285540587765,1
121,1,11.75,28,7.60285540587765,7.90236683694793,1
121,1,11.75,28,7.90236683694793,8.83906589326257,1
121,1,11.75,28,8.83906589326257,8.87008801175095,1
121,1,11.75,28,8.87008801175095,9.15477915026086,1
121,1,11.75,28,9.15477915026086,9.40489675942017,1
121,1,11.75,28,9.40489675942017,9.63238382722085,1
121,1,11.75,28,9.63238382722085,9.95757447086336,1
121,1,11.75,28,9.95757447086336,10.2866879030677,1
121,1,11.75,28,10.2866879030677,10.4506270746897,1
121,1,11.75,28,10.4506270746897,10.5053967640145,1
121,1,11.75,28,10.5053967640145,10.7607947140866,1
121,1,11.75,28,10.7607947140866,11.0800897880309,1
121,1,11.75,28,11.0800897880309,11.190725174898,1
121,1,11.75,28,11.190725174898,11.3373659789696,1
121,1,11.75,28,11.3373659789696,11.3679426975038,1
121,1,11.75,28,11.3679426975038,11.5578439503316,1
121,1,11.75,28,11.5578439503316,11.6137878426517,1
121,1,11.75,28,11.6137878426517,11.75,0
122,1,16.75,56,0,2.25116740422657,1
122,1,16.75,56,2.25116740422657,3.44092587541804,1
122,1,16.75,56,3.44092587541804,5.2523874515103,1
122,1,16.75,56,5.2523874515103,5.90352928515349,1
122,1,16.75,56,5.90352928515349,5.93313037491068,1
122,1,16.75,56,5.93313037491068,6.94033019771991,1
122,1,16.75,56,6.94033019771991,8.22783123621168,1
122,1,16.75,56,8.22783123621168,8.48820458236711,1
122,1,16.75,56,8.48820458236711,8.80003298680107,1
122,1,16.75,56,8.80003298680107,8.82457445736016,1
122,1,16.75,56,8.82457445736016,9.35448723874844,1
122,1,16.75,56,9.35448723874844,9.37490985070503,1
122,1,16.75,56,9.37490985070503,9.83501722311988,1
122,1,16.75,56,9.83501722311988,11.1150221973976,1
122,1,16.75,56,11.1150221973976,11.1432884348198,1
122,1,16.75,56,11.1432884348198,11.1903047422401,1
122,1,16.75,56,11.1903047422401,11.4537773461634,1
122,1,16.75,56,11.4537773461634,11.7427742361906,1
122,1,16.75,56,11.7427742361906,11.7727765817178,1
122,1,16.75,56,11.7727765817178,11.8366754828586,1
122,1,16.75,56,11.8366754828586,11.9133221810189,1
122,1,16.75,56,11.9133221810189,12.0469605927891,1
122,1,16.75,56,12.0469605927891,12.3585609661548,1
122,1,16.75,56,12.3585609661548,12.5853050170296,1
122,1,16.75,56,12.5853050170296,12.6173267610987,1
122,1,16.75,56,12.6173267610987,12.6745361483,1
122,1,16.75,56,12.6745361483,12.7072204874263,1
122,1,16.75,56,12.7072204874263,12.861530173769,1
122,1,16.75,56,12.861530173769,12.9611294664503,1
122,1,16.75,56,12.9611294664503,12.9975874878555,1
122,1,16.75,56,12.9975874878555,13.0013046202402,1
122,1,16.75,56,13.0013046202402,13.0631761805479,1
122,1,16.75,56,13.0631761805479,13.3260197129417,1
122,1,16.75,56,13.3260197129417,13.412256700508,1
122,1,16.75,56,13.412256700508,13.4382616197235,1
122,1,16.75,56,13.4382616197235,13.4699871042232,1
122,1,16.75,56,13.4699871042232,13.7323182047508,1
122,1,16.75,56,13.7323182047508,14.015934465576,1
122,1,16.75,56,14.015934465576,14.1578436248957,1
122,1,16.75,56,14.1578436248957,14.2434448073867,1
122,1,16.75,56,14.2434448073867,14.2996287713115,1
122,1,16.75,56,14.2996287713115,14.4074805791008,1
122,1,16.75,56,14.4074805791008,14.5659007159923,1
122,1,16.75,56,14.5659007159923,14.7207604652574,1
122,1,16.75,56,14.7207604652574,15.4184131368622,1
122,1,16.75,56,15.4184131368622,15.6010274620938,1
122,1,16.75,56,15.6010274620938,15.6563798675896,1
122,1,16.75,56,15.6563798675896,15.7137486298004,1
122,1,16.75,56,15.7137486298004,16.0489218297838,1
122,1,16.75,56,16.0489218297838,16.3292440796785,1
122,1,16.75,56,16.3292440796785,16.3685721185566,1
122,1,16.75,56,16.3685721185566,16.5363659795871,1
122,1,16.75,56,16.5363659795871,16.6051069401155,1
122,1,16.75,56,16.6051069401155,16.6203803631501,1
122,1,16.75,56,16.6203803631501,16.6434360284931,1
122,1,16.75,56,16.6434360284931,16.7442562921569,1
122,1,16.75,56,16.7442562921569,16.75,0
123,1,17.75,45,0,5.00361155913455,1
123,1,17.75,45,5.00361155913455,5.33529181304303,1
123,1,17.75,45,5.33529181304303,5.89369731203018,1
123,1,17.75,45,5.89369731203018,6.50835914780785,1
123,1,17.75,45,6.50835914780785,6.9319252763405,1
123,1,17.75,45,6.9319252763405,7.00814151833799,1
123,1,17.75,45,7.00814151833799,7.57417059699589,1
123,1,17.75,45,7.57417059699589,7.97167197387766,1
123,1,17.75,45,7.97167197387766,8.03945881267243,1
123,1,17.75,45,8.03945881267243,8.84883323821589,1
123,1,17.75,45,8.84883323821589,8.92957751731611,1
123,1,17.75,45,8.92957751731611,9.39773492271596,1
123,1,17.75,45,9.39773492271596,10.8350448282186,1
123,1,17.75,45,10.8350448282186,10.8514149117327,1
123,1,17.75,45,10.8514149117327,11.8859830990148,1
123,1,17.75,45,11.8859830990148,12.117115675316,1
123,1,17.75,45,12.117115675316,12.2669354561737,1
123,1,17.75,45,12.2669354561737,12.3020251167086,1
123,1,17.75,45,12.3020251167086,12.5966897135853,1
123,1,17.75,45,12.5966897135853,12.7179121707445,1
123,1,17.75,45,12.7179121707445,13.0992356015414,1
123,1,17.75,45,13.0992356015414,13.7907992053794,1
123,1,17.75,45,13.7907992053794,14.0788843487799,1
123,1,17.75,45,14.0788843487799,14.1291944980608,1
123,1,17.75,45,14.1291944980608,14.2231247036353,1
123,1,17.75,45,14.2231247036353,14.3414771434928,1
123,1,17.75,45,14.3414771434928,14.4578682471055,1
123,1,17.75,45,14.4578682471055,14.6220783689664,1
123,1,17.75,45,14.6220783689664,14.7365234353354,1
123,1,17.75,45,14.7365234353354,14.7898151306696,1
123,1,17.75,45,14.7898151306696,15.2934750696661,1
123,1,17.75,45,15.2934750696661,15.5190989738556,1
123,1,17.75,45,15.5190989738556,15.7128559869582,1
123,1,17.75,45,15.7128559869582,15.768815042044,1
123,1,17.75,45,15.768815042044,16.1665010904278,1
123,1,17.75,45,16.1665010904278,16.1731201499787,1
123,1,17.75,45,16.1731201499787,16.1982986395631,1
123,1,17.75,45,16.1982986395631,16.7132498426618,1
123,1,17.75,45,16.7132498426618,16.7776423610344,1
123,1,17.75,45,16.7776423610344,16.8218934963773,1
123,1,17.75,45,16.8218934963773,17.2155514688971,1
123,1,17.75,45,17.2155514688971,17.6083350952555,1
123,1,17.75,45,17.6083350952555,17.6500170837714,1
123,1,17.75,45,17.6500170837714,17.691125058488,1
123,1,17.75,45,17.691125058488,17.7090319918068,1
123,1,17.75,45,17.7090319918068,17.75,0
124,1,14.75,3,0,1.49273752153479,1
124,1,14.75,3,1.49273752153479,3.33948243904957,1
124,1,14.75,3,3.33948243904957,4.10779773917955,1
124,1,14.75,3,4.10779773917955,14.75,0
125,1,10.75,5,0,2.71954839685309,1
125,1,10.75,5,2.71954839685309,6.80072844019667,1
125,1,10.75,5,6.80072844019667,6.81898851094952,1
125,1,10.75,5,6.81898851094952,7.53332342077186,1
125,1,10.75,5,7.53332342077186,8.60337716866826,1
125,1,10.75,5,8.60337716866826,10.75,0
126,1,14.75,31,0,4.58283273535389,1
126,1,14.75,31,4.58283273535389,4.97813285330453,1
126,1,14.75,31,4.97813285330453,5.52046224217636,1
126,1,14.75,31,5.52046224217636,6.16495203604297,1
126,1,14.75,31,6.16495203604297,6.46097096355669,1
126,1,14.75,31,6.46097096355669,7.29988859162498,1
126,1,14.75,31,7.29988859162498,8.32919245907181,1
126,1,14.75,31,8.32919245907181,8.35763624263576,1
126,1,14.75,31,8.35763624263576,8.96276692315326,1
126,1,14.75,31,8.96276692315326,9.12439723429159,1
126,1,14.75,31,9.12439723429159,9.31532935316935,1
126,1,14.75,31,9.31532935316935,10.4281578852395,1
126,1,14.75,31,10.4281578852395,10.5844799654065,1
126,1,14.75,31,10.5844799654065,10.600070700792,1
126,1,14.75,31,10.600070700792,11.0556010706772,1
126,1,14.75,31,11.0556010706772,12.3371701962082,1
126,1,14.75,31,12.3371701962082,12.5147429227257,1
126,1,14.75,31,12.5147429227257,12.5737420945404,1
126,1,14.75,31,12.5737420945404,12.7491249312203,1
126,1,14.75,31,12.7491249312203,12.7698296124524,1
126,1,14.75,31,12.7698296124524,13.1455964116517,1
126,1,14.75,31,13.1455964116517,13.1792913648785,1
126,1,14.75,31,13.1792913648785,13.3804596354175,1
126,1,14.75,31,13.3804596354175,13.3979985789425,1
126,1,14.75,31,13.3979985789425,13.4290993721401,1
126,1,14.75,31,13.4290993721401,13.4649736782762,1
126,1,14.75,31,13.4649736782762,13.6130722572876,1
126,1,14.75,31,13.6130722572876,13.8094447533926,1
126,1,14.75,31,13.8094447533926,13.9117987079469,1
126,1,14.75,31,13.9117987079469,14.2310304154284,1
126,1,14.75,31,14.2310304154284,14.3963147742591,1
126,1,14.75,31,14.3963147742591,14.75,0
127,1,15.75,2,0,3.24942369218913,1
127,1,15.75,2,3.24942369218913,13.7321034174184,1
127,1,15.75,2,13.7321034174184,15.75,0
128,1,15.75,3,0,0.36827348433361,1
128,1,15.75,3,0.36827348433361,0.762749971023483,1
128,1,15.75,3,0.762749971023483,10.8711559403137,1
128,1,15.75,3,10.8711559403137,15.75,0
129,1,16.75,104,0,2.26124189687358,1
129,1,16.75,104,2.26124189687358,5.11072837209177,1
129,1,16.75,104,5.11072837209177,5.11803956987734,1
129,1,16.75,104,5.11803956987734,5.6344728621865,1
129,1,16.75,104,5.6344728621865,5.6487494838244,1
129,1,16.75,104,5.6487494838244,6.27021113153917,1
129,1,16.75,104,6.27021113153917,6.34030088790386,1
129,1,16.75,104,6.34030088790386,6.40242070605168,1
129,1,16.75,104,6.40242070605168,6.77866734343466,1
129,1,16.75,104,6.77866734343466,6.86212352817131,1
129,1,16.75,104,6.86212352817131,7.17373594057007,1
129,1,16.75,104,7.17373594057007,7.4849210941486,1
129,1,16.75,104,7.4849210941486,7.4986155852615,1
129,1,16.75,104,7.4986155852615,7.50506280311505,1
129,1,16.75,104,7.50506280311505,7.71752553333197,1
129,1,16.75,104,7.71752553333197,8.35851885327049,1
129,1,16.75,104,8.35851885327049,8.62717859981871,1
129,1,16.75,104,8.62717859981871,8.68722462440689,1
129,1,16.75,104,8.68722462440689,8.88216053718675,1
129,1,16.75,104,8.88216053718675,8.92390294038837,1
129,1,16.75,104,8.92390294038837,8.97874739217992,1
129,1,16.75,104,8.97874739217992,9.15863470699695,1
129,1,16.75,104,9.15863470699695,9.24071924079803,1
129,1,16.75,104,9.24071924079803,9.26472963719278,1
129,1,16.75,104,9.26472963719278,9.26837328341379,1
129,1,16.75,104,9.26837328341379,9.35896009337385,1
129,1,16.75,104,9.35896009337385,9.38607208325532,1
129,1,16.75,104,9.38607208325532,9.44370228869227,1
129,1,16.75,104,9.44370228869227,9.50020892858798,1
129,1,16.75,104,9.50020892858798,9.69220331730208,1
129,1,16.75,104,9.69220331730208,9.76043585361493,1
129,1,16.75,104,9.76043585361493,9.96527261547836,1
129,1,16.75,104,9.96527261547836,9.97770677660291,1
129,1,16.75,104,9.97770677660291,9.98381482883873,1
129,1,16.75,104,9.98381482883873,10.1561593394629,1
129,1,16.75,104,10.1561593394629,10.2379418716739,1
129,1,16.75,104,10.2379418716739,10.3183546538907,1
129,1,16.75,104,10.3183546538907,10.423814067225,1
129,1,16.75,104,10.423814067225,10.455247443308,1
129,1,16.75,104,10.455247443308,10.475946660636,1
129,1,16.75,104,10.475946660636,10.5792206157173,1
129,1,16.75,104,10.5792206157173,10.668197135206,1
129,1,16.75,104,10.668197135206,10.9081761128949,1
129,1,16.75,104,10.9081761128949,10.9154145075365,1
129,1,16.75,104,10.9154145075365,10.9628798662983,1
129,1,16.75,104,10.9628798662983,10.9866950987972,1
129,1,16.75,104,10.9866950987972,11.0921819343797,1
129,1,16.75,104,11.0921819343797,11.3368527524995,1
129,1,16.75,104,11.3368527524995,11.4558435191853,1
129,1,16.75,104,11.4558435191853,11.7228635266144,1
129,1,16.75,104,11.7228635266144,11.9833788046036,1
129,1,16.75,104,11.9833788046036,12.0420376320894,1
129,1,16.75,104,12.0420376320894,12.1404267516503,1
129,1,16.75,104,12.1404267516503,12.165566375455,1
129,1,16.75,104,12.165566375455,12.2124005804229,1
129,1,16.75,104,12.2124005804229,12.379857391821,1
129,1,16.75,104,12.379857391821,12.5327410802947,1
129,1,16.75,104,12.5327410802947,12.6464895522551,1
129,1,16.75,104,12.6464895522551,12.9037625273328,1
129,1,16.75,104,12.9037625273328,12.9442266319797,1
129,1,16.75,104,12.9442266319797,12.9815024272385,1
129,1,16.75,104,12.9815024272385,12.9935661748258,1
129,1,16.75,104,12.9935661748258,13.2154523014881,1
129,1,16.75,104,13.2154523014881,13.5362329026322,1
129,1,16.75,104,13.5362329026322,13.5900729033241,1
129,1,16.75,104,13.5900729033241,13.7289689116236,1
129,1,16.75,104,13.7289689116236,13.7902415929463,1
129,1,16.75,104,13.7902415929463,13.8183334083578,1
129,1,16.75,104,13.8183334083578,13.8449436475547,1
129,1,16.75,104,13.8449436475547,14.0065335178898,1
129,1,16.75,104,14.0065335178898,14.0641197058518,1
129,1,16.75,104,14.0641197058518,14.1540900691694,1
129,1,16.75,104,14.1540900691694,14.4161826030127,1
129,1,16.75,104,14.4161826030127,14.579315295457,1
129,1,16.75,104,14.579315295457,14.6328559700818,1
129,1,16.75,104,14.6328559700818,14.6408831460035,1
129,1,16.75,104,14.6408831460035,14.6691041446362,1
129,1,16.75,104,14.6691041446362,14.7685402350376,1
129,1,16.75,104,14.7685402350376,14.8290209920307,1
129,1,16.75,104,14.8290209920307,14.8429687531947,1
129,1,16.75,104,14.8429687531947,14.9064910585192,1
129,1,16.75,104,14.9064910585192,14.9445524840258,1
129,1,16.75,104,14.9445524840258,14.9827059614011,1
129,1,16.75,104,14.9827059614011,15.1257776904137,1
129,1,16.75,104,15.1257776904137,15.2888872337696,1
129,1,16.75,104,15.2888872337696,15.3293133433443,1
129,1,16.75,104,15.3293133433443,15.3596238873464,1
129,1,16.75,104,15.3596238873464,15.3861427380896,1
129,1,16.75,104,15.3861427380896,15.3970585965479,1
129,1,16.75,104,15.3970585965479,15.5031090067029,1
129,1,16.75,104,15.5031090067029,15.5491085556604,1
129,1,16.75,104,15.5491085556604,15.6605456051412,1
129,1,16.75,104,15.6605456051412,15.6640905436475,1
129,1,16.75,104,15.6640905436475,15.7848221505412,1
129,1,16.75,104,15.7848221505412,15.804187342276,1
129,1,16.75,104,15.804187342276,15.8533493975886,1
129,1,16.75,104,15.8533493975886,16.0575349643354,1
129,1,16.75,104,16.0575349643354,16.1033017608611,1
129,1,16.75,104,16.1033017608611,16.1053803833912,1
129,1,16.75,104,16.1053803833912,16.1093689451446,1
129,1,16.75,104,16.1093689451446,16.1583263305349,1
129,1,16.75,104,16.1583263305349,16.2133017788691,1
129,1,16.75,104,16.2133017788691,16.5568861242022,1
129,1,16.75,104,16.5568861242022,16.5699443405356,1
129,1,16.75,104,16.5699443405356,16.75,0
130,1,13.75,0,0,13.75,0
131,1,15.75,12,0,0.0101775514909307,1
131,1,15.75,12,0.0101775514909307,0.0271705377421334,1
131,1,15.75,12,0.0271705377421334,0.0404977573955169,1
131,1,15.75,12,0.0404977573955169,0.204030943145086,1
131,1,15.75,12,0.204030943145086,1.18458643325368,1
131,1,15.75,12,1.18458643325368,4.27281391168024,1
131,1,15.75,12,4.27281391168024,8.09050564055551,1
131,1,15.75,12,8.09050564055551,10.4810994535492,1
131,1,15.75,12,10.4810994535492,11.2747960166588,1
131,1,15.75,12,11.2747960166588,11.3245740588672,1
131,1,15.75,12,11.3245740588672,14.3203271323856,1
131,1,15.75,12,14.3203271323856,15.2742974209718,1
131,1,15.75,12,15.2742974209718,15.75,0
132,1,14.75,4,0,0.15152267919301,1
132,1,14.75,4,0.15152267919301,1.44289569358391,1
132,1,14.75,4,1.44289569358391,2.37484945304628,1
132,1,14.75,4,2.37484945304628,14.3608305558565,1
132,1,14.75,4,14.3608305558565,14.75,0
133,1,19.75,5,0,1.16539587500169,1
133,1,19.75,5,1.16539587500169,5.08638662865335,1
133,1,19.75,5,5.08638662865335,5.83877321773489,1
133,1,19.75,5,5.83877321773489,9.77808833825499,1
133,1,19.75,5,9.77808833825499,17.1948544269767,1
133,1,19.75,5,17.1948544269767,19.75,0
134,1,17.75,5,0,0.627202466371202,1
134,1,17.75,5,0.627202466371202,1.65767589291542,1
134,1,17.75,5,1.65767589291542,2.34357951425029,1
134,1,17.75,5,2.34357951425029,3.75147482852302,1
134,1,17.75,5,3.75147482852302,11.2758257722918,1
134,1,17.75,5,11.2758257722918,17.75,0
135,1,13.75,0,0,13.75,0
136,1,11.75,11,0,4.82237397992424,1
136,1,11.75,11,4.82237397992424,5.45474594213121,1
136,1,11.75,11,5.45474594213121,5.47918036419833,1
136,1,11.75,11,5.47918036419833,6.65423967297605,1
136,1,11.75,11,6.65423967297605,8.85240181433782,1
136,1,11.75,11,8.85240181433782,9.05350851396311,1
136,1,11.75,11,9.05350851396311,9.17169551475917,1
136,1,11.75,11,9.17169551475917,9.49093862066011,1
136,1,11.75,11,9.49093862066011,9.68894308269843,1
136,1,11.75,11,9.68894308269843,9.73681180109137,1
136,1,11.75,11,9.73681180109137,10.3969687729929,1
136,1,11.75,11,10.3969687729929,11.75,0
137,1,11.75,1,0,4.71852447691319,1
137,1,11.75,1,4.71852447691319,11.75,0
138,1,17.75,68,0,3.47048264635682,1
138,1,17.75,68,3.47048264635682,4.00523453167936,1
138,1,17.75,68,4.00523453167936,4.41768664250507,1
138,1,17.75,68,4.41768664250507,4.69698333912057,1
138,1,17.75,68,4.69698333912057,5.55760411191539,1
138,1,17.75,68,5.55760411191539,5.61351744434707,1
138,1,17.75,68,5.61351744434707,5.92008228778645,1
138,1,17.75,68,5.92008228778645,6.20872027623369,1
138,1,17.75,68,6.20872027623369,6.63830528761356,1
138,1,17.75,68,6.63830528761356,7.09900367241898,1
138,1,17.75,68,7.09900367241898,7.70002902233718,1
138,1,17.75,68,7.70002902233718,8.3255405768177,1
138,1,17.75,68,8.3255405768177,8.34116664406098,1
138,1,17.75,68,8.34116664406098,8.35314244223584,1
138,1,17.75,68,8.35314244223584,8.47054304956177,1
138,1,17.75,68,8.47054304956177,8.52829905815353,1
138,1,17.75,68,8.52829905815353,8.96561639363245,1
138,1,17.75,68,8.96561639363245,9.62790126958888,1
138,1,17.75,68,9.62790126958888,9.88553151404316,1
138,1,17.75,68,9.88553151404316,10.1557076106227,1
138,1,17.75,68,10.1557076106227,10.2011735825204,1
138,1,17.75,68,10.2011735825204,10.3442252638207,1
138,1,17.75,68,10.3442252638207,10.4951132232222,1
138,1,17.75,68,10.4951132232222,10.6949883657572,1
138,1,17.75,68,10.6949883657572,11.4104023912091,1
138,1,17.75,68,11.4104023912091,11.4674563700428,1
138,1,17.75,68,11.4674563700428,11.7561996932987,1
138,1,17.75,68,11.7561996932987,11.7871577588935,1
138,1,17.75,68,11.7871577588935,12.4708533714808,1
138,1,17.75,68,12.4708533714808,12.7610328425857,1
138,1,17.75,68,12.7610328425857,13.0663777323372,1
138,1,17.75,68,13.0663777323372,13.0948539812858,1
138,1,17.75,68,13.0948539812858,13.2156759203203,1
138,1,17.75,68,13.2156759203203,13.9034150059936,1
138,1,17.75,68,13.9034150059936,13.9414064532246,1
138,1,17.75,68,13.9414064532246,14.0753110320928,1
138,1,17.75,68,14.0753110320928,14.2481729654433,1
138,1,17.75,68,14.2481729654433,14.4787060572704,1
138,1,17.75,68,14.4787060572704,14.575567914432,1
138,1,17.75,68,14.575567914432,14.6237640837328,1
138,1,17.75,68,14.6237640837328,14.7783266163647,1
138,1,17.75,68,14.7783266163647,14.8065957878004,1
138,1,17.75,68,14.8065957878004,14.9912157436773,1
138,1,17.75,68,14.9912157436773,15.0681250459418,1
138,1,17.75,68,15.0681250459418,15.2788097354639,1
138,1,17.75,68,15.2788097354639,15.4016888123444,1
138,1,17.75,68,15.4016888123444,15.4442153338035,1
138,1,17.75,68,15.4442153338035,15.4964812463306,1
138,1,17.75,68,15.4964812463306,15.5087510753403,1
138,1,17.75,68,15.5087510753403,15.5915535618156,1
138,1,17.75,68,15.5915535618156,15.8609631010812,1
138,1,17.75,68,15.8609631010812,15.9947069336958,1
138,1,17.75,68,15.9947069336958,16.0021527556717,1
138,1,17.75,68,16.0021527556717,16.0207826708863,1
138,1,17.75,68,16.0207826708863,16.0636427924071,1
138,1,17.75,68,16.0636427924071,16.1389195707003,1
138,1,17.75,68,16.1389195707003,16.1725834081674,1
138,1,17.75,68,16.1725834081674,16.367788234579,1
138,1,17.75,68,16.367788234579,16.4716663739368,1
138,1,17.75,68,16.4716663739368,16.5015659948052,1
138,1,17.75,68,16.5015659948052,16.5540047709459,1
138,1,17.75,68,16.5540047709459,16.627412297452,1
138,1,17.75,68,16.627412297452,16.9380793880936,1
138,1,17.75,68,16.9380793880936,17.0164765987091,1
138,1,17.75,68,17.0164765987091,17.0647126377998,1
138,1,17.75,68,17.0647126377998,17.1479094796861,1
138,1,17.75,68,17.1479094796861,17.1682111295633,1
138,1,17.75,68,17.1682111295633,17.5948851306861,1
138,1,17.75,68,17.5948851306861,17.75,0
139,1,13.75,1,0,7.82016732922925,1
139,1,13.75,1,7.82016732922925,13.75,0
140,1,16.75,50,0,0.708471518482012,1
140,1,16.75,50,0.708471518482012,2.79196546425739,1
140,1,16.75,50,2.79196546425739,2.85655494032197,1
140,1,16.75,50,2.85655494032197,3.09410044377095,1
140,1,16.75,50,3.09410044377095,3.34611743441805,1
140,1,16.75,50,3.34611743441805,3.40312968598198,1
140,1,16.75,50,3.40312968598198,4.76038502197469,1
140,1,16.75,50,4.76038502197469,4.84589625665786,1
140,1,16.75,50,4.84589625665786,5.85106017397051,1
140,1,16.75,50,5.85106017397051,7.56810659270313,1
140,1,16.75,50,7.56810659270313,7.65653395666174,1
140,1,16.75,50,7.65653395666174,7.90868199472242,1
140,1,16.75,50,7.90868199472242,8.49029868388391,1
140,1,16.75,50,8.49029868388391,8.94382751126013,1
140,1,16.75,50,8.94382751126013,8.96092353843361,1
140,1,16.75,50,8.96092353843361,9.31553607124454,1
140,1,16.75,50,9.31553607124454,9.60933261617545,1
140,1,16.75,50,9.60933261617545,9.69655481724568,1
140,1,16.75,50,9.69655481724568,10.0941022637306,1
140,1,16.75,50,10.0941022637306,10.4709755135559,1
140,1,16.75,50,10.4709755135559,10.6003346309137,1
140,1,16.75,50,10.6003346309137,10.7339695757187,1
140,1,16.75,50,10.7339695757187,11.0291360790184,1
140,1,16.75,50,11.0291360790184,11.9888378712285,1
140,1,16.75,50,11.9888378712285,12.1372360961641,1
140,1,16.75,50,12.1372360961641,12.3792734943908,1
140,1,16.75,50,12.3792734943908,12.5354540304983,1
140,1,16.75,50,12.5354540304983,12.79665676897,1
140,1,16.75,50,12.79665676897,12.8314681044799,1
140,1,16.75,50,12.8314681044799,12.9475821874602,1
140,1,16.75,50,12.9475821874602,13.555724118468,1
140,1,16.75,50,13.555724118468,13.6156505822909,1
140,1,16.75,50,13.6156505822909,13.6945952987894,1
140,1,16.75,50,13.6945952987894,13.7557075478686,1
140,1,16.75,50,13.7557075478686,14.0880633962183,1
140,1,16.75,50,14.0880633962183,14.1149492813522,1
140,1,16.75,50,14.1149492813522,14.2322591491414,1
140,1,16.75,50,14.2322591491414,14.3090212668845,1
140,1,16.75,50,14.3090212668845,14.3246751252539,1
140,1,16.75,50,14.3246751252539,14.4021122879207,1
140,1,16.75,50,14.4021122879207,14.4842000905534,1
140,1,16.75,50,14.4842000905534,14.5089608566421,1
140,1,16.75,50,14.5089608566421,14.6436137873798,1
140,1,16.75,50,14.6436137873798,14.8617524272953,1
140,1,16.75,50,14.8617524272953,15.7660686221559,1
140,1,16.75,50,15.7660686221559,15.8648743210229,1
140,1,16.75,50,15.8648743210229,16.1397098681858,1
140,1,16.75,50,16.1397098681858,16.2911939222942,1
140,1,16.75,50,16.2911939222942,16.6497601680316,1
140,1,16.75,50,16.6497601680316,16.7074449360682,1
140,1,16.75,50,16.7074449360682,16.75,0
141,1,14.75,1,0,0.0206908542399294,1
141,1,14.75,1,0.0206908542399294,14.75,0
142,1,8.75,5,0,5.25967929576478,1
142,1,8.75,5,5.25967929576478,6.30537642846087,1
142,1,8.75,5,6.30537642846087,7.66506489650056,1
142,1,8.75,5,7.66506489650056,8.11459275451343,1
142,1,8.75,5,8.11459275451343,8.62172488495472,1
142,1,8.75,5,8.62172488495472,8.75,0
143,1,19.75,1,0,14.4257972707803,1
143,1,19.75,1,14.4257972707803,19.75,0
144,1,12.75,20,0,4.74425481124436,1
144,1,12.75,20,4.74425481124436,6.10145088036488,1
144,1,12.75,20,6.10145088036488,7.09145899339419,1
144,1,12.75,20,7.09145899339419,7.27302895205362,1
144,1,12.75,20,7.27302895205362,7.27504855677752,1
144,1,12.75,20,7.27504855677752,8.6884960932114,1
144,1,12.75,20,8.6884960932114,8.97913715681729,1
144,1,12.75,20,8.97913715681729,9.22577968334169,1
144,1,12.75,20,9.22577968334169,9.2881594067925,1
144,1,12.75,20,9.2881594067925,9.9631606685874,1
144,1,12.75,20,9.9631606685874,10.4923564839702,1
144,1,12.75,20,10.4923564839702,10.642245960177,1
144,1,12.75,20,10.642245960177,10.8343656785665,1
144,1,12.75,20,10.8343656785665,11.2793057621829,1
144,1,12.75,20,11.2793057621829,11.3411546674115,1
144,1,12.75,20,11.3411546674115,11.7095884083541,1
144,1,12.75,20,11.7095884083541,12.4945389231025,1
144,1,12.75,20,12.4945389231025,12.5018396250434,1
144,1,12.75,20,12.5018396250434,12.5478152300389,1
144,1,12.75,20,12.5478152300389,12.6890807896263,1
144,1,12.75,20,12.6890807896263,12.75,0
145,1,11.75,24,0,5.49254034180976,1
145,1,11.75,24,5.49254034180976,5.66251668449256,1
145,1,11.75,24,5.66251668449256,5.88204980302506,1
145,1,11.75,24,5.88204980302506,6.06502771121056,1
145,1,11.75,24,6.06502771121056,6.32056868400312,1
145,1,11.75,24,6.32056868400312,6.51779743194966,1
145,1,11.75,24,6.51779743194966,7.76638077892661,1
145,1,11.75,24,7.76638077892661,7.93554982766753,1
145,1,11.75,24,7.93554982766753,8.4349878061164,1
145,1,11.75,24,8.4349878061164,8.57848971106957,1
145,1,11.75,24,8.57848971106957,8.76151521294998,1
145,1,11.75,24,8.76151521294998,9.06381691307354,1
145,1,11.75,24,9.06381691307354,9.42652025982456,1
145,1,11.75,24,9.42652025982456,9.73743281625144,1
145,1,11.75,24,9.73743281625144,10.0900923926441,1
145,1,11.75,24,10.0900923926441,10.701227117109,1
145,1,11.75,24,10.701227117109,10.7228324108067,1
145,1,11.75,24,10.7228324108067,10.9445597383917,1
145,1,11.75,24,10.9445597383917,11.1927015121114,1
145,1,11.75,24,11.1927015121114,11.2161137792632,1
145,1,11.75,24,11.2161137792632,11.2794276743417,1
145,1,11.75,24,11.2794276743417,11.6229527999003,1
145,1,11.75,24,11.6229527999003,11.7009419120469,1
145,1,11.75,24,11.7009419120469,11.7220693333609,1
145,1,11.75,24,11.7220693333609,11.75,0
146,1,17.75,2,0,0.792048151788549,1
146,1,17.75,2,0.792048151788549,4.67385377567442,1
146,1,17.75,2,4.67385377567442,17.75,0
147,1,19.75,143,0,2.55648883155544,1
147,1,19.75,143,2.55648883155544,2.98787933325054,1
147,1,19.75,143,2.98787933325054,3.03333220141908,1
147,1,19.75,143,3.03333220141908,3.11666189521948,1
147,1,19.75,143,3.11666189521948,3.76661572166273,1
147,1,19.75,143,3.76661572166273,4.71950917903449,1
147,1,19.75,143,4.71950917903449,6.33581480053703,1
147,1,19.75,143,6.33581480053703,6.43243379362849,1
147,1,19.75,143,6.43243379362849,6.53478148857489,1
147,1,19.75,143,6.53478148857489,7.12085124074172,1
147,1,19.75,143,7.12085124074172,7.38509190986129,1
147,1,19.75,143,7.38509190986129,7.50447184463472,1
147,1,19.75,143,7.50447184463472,7.74857093211097,1
147,1,19.75,143,7.74857093211097,7.75517509743475,1
147,1,19.75,143,7.75517509743475,7.78043199142047,1
147,1,19.75,143,7.78043199142047,7.83417583601635,1
147,1,19.75,143,7.83417583601635,7.92099422525941,1
147,1,19.75,143,7.92099422525941,8.07597272780778,1
147,1,19.75,143,8.07597272780778,8.3372453487689,1
147,1,19.75,143,8.3372453487689,8.44328758191651,1
147,1,19.75,143,8.44328758191651,8.47367824479491,1
147,1,19.75,143,8.47367824479491,8.57191935605785,1
147,1,19.75,143,8.57191935605785,9.35304408057908,1
147,1,19.75,143,9.35304408057908,9.56167793389621,1
147,1,19.75,143,9.56167793389621,9.56765054128987,1
147,1,19.75,143,9.56765054128987,9.84377847683809,1
147,1,19.75,143,9.84377847683809,9.92329770732454,1
147,1,19.75,143,9.92329770732454,9.97164837816318,1
147,1,19.75,143,9.97164837816318,10.3028680627264,1
147,1,19.75,143,10.3028680627264,10.558820840865,1
147,1,19.75,143,10.558820840865,10.6721435272408,1
147,1,19.75,143,10.6721435272408,10.769990334316,1
147,1,19.75,143,10.769990334316,10.8868662900465,1
147,1,19.75,143,10.8868662900465,11.0322071230991,1
147,1,19.75,143,11.0322071230991,11.035961659836,1
147,1,19.75,143,11.035961659836,11.0790505306336,1
147,1,19.75,143,11.0790505306336,11.2085501069642,1
147,1,19.75,143,11.2085501069642,11.4544166330984,1
147,1,19.75,143,11.4544166330984,11.690688621353,1
147,1,19.75,143,11.690688621353,11.8386975435596,1
147,1,19.75,143,11.8386975435596,11.8439987874216,1
147,1,19.75,143,11.8439987874216,11.981520386207,1
147,1,19.75,143,11.981520386207,12.0561639402204,1
147,1,19.75,143,12.0561639402204,12.5201981775025,1
147,1,19.75,143,12.5201981775025,12.6170188239481,1
147,1,19.75,143,12.6170188239481,12.6899602635124,1
147,1,19.75,143,12.6899602635124,12.7194829412942,1
147,1,19.75,143,12.7194829412942,12.9083987247729,1
147,1,19.75,143,12.9083987247729,13.0926240225011,1
147,1,19.75,143,13.0926240225011,13.1503081611734,1
147,1,19.75,143,13.1503081611734,13.2599260663115,1
147,1,19.75,143,13.2599260663115,13.4059515682084,1
147,1,19.75,143,13.4059515682084,13.7062077370073,1
147,1,19.75,143,13.7062077370073,13.7555412587262,1
147,1,19.75,143,13.7555412587262,13.8085686667361,1
147,1,19.75,143,13.8085686667361,13.8251939541098,1
147,1,19.75,143,13.8251939541098,13.9017987848994,1
147,1,19.75,143,13.9017987848994,13.9018135484011,1
147,1,19.75,143,13.9018135484011,13.9369926206421,1
147,1,19.75,143,13.9369926206421,13.9969908521509,1
147,1,19.75,143,13.9969908521509,14.0547435454192,1
147,1,19.75,143,14.0547435454192,14.183139786869,1
147,1,19.75,143,14.183139786869,14.1867674681064,1
147,1,19.75,143,14.1867674681064,14.2596235587363,1
147,1,19.75,143,14.2596235587363,14.4315659165637,1
147,1,19.75,143,14.4315659165637,14.5053442874752,1
147,1,19.75,143,14.5053442874752,14.7392568455979,1
147,1,19.75,143,14.7392568455979,14.8088761400608,1
147,1,19.75,143,14.8088761400608,14.8600607072925,1
147,1,19.75,143,14.8600607072925,14.9255546603479,1
147,1,19.75,143,14.9255546603479,14.9501787426744,1
147,1,19.75,143,14.9501787426744,15.249489824665,1
147,1,19.75,143,15.249489824665,15.3261549872646,1
147,1,19.75,143,15.3261549872646,15.3385639083084,1
147,1,19.75,143,15.3385639083084,15.3496199294685,1
147,1,19.75,143,15.3496199294685,15.6986421062847,1
147,1,19.75,143,15.6986421062847,15.7481436451082,1
147,1,19.75,143,15.7481436451082,15.7829495063708,1
147,1,19.75,143,15.7829495063708,15.8198713752933,1
147,1,19.75,143,15.8198713752933,15.8226140461684,1
147,1,19.75,143,15.8226140461684,15.8359716662474,1
147,1,19.75,143,15.8359716662474,15.9474452385551,1
147,1,19.75,143,15.9474452385551,16.1289201949398,1
147,1,19.75,143,16.1289201949398,16.1405857077966,1
147,1,19.75,143,16.1405857077966,16.2233208353546,1
147,1,19.75,143,16.2233208353546,16.5785418732814,1
147,1,19.75,143,16.5785418732814,16.6453438077634,1
147,1,19.75,143,16.6453438077634,16.6770999434422,1
147,1,19.75,143,16.6770999434422,16.6801186890825,1
147,1,19.75,143,16.6801186890825,16.8354268064321,1
147,1,19.75,143,16.8354268064321,16.8390810007766,1
147,1,19.75,143,16.8390810007766,16.8646425255887,1
147,1,19.75,143,16.8646425255887,16.8759209716613,1
147,1,19.75,143,16.8759209716613,16.9048627746505,1
147,1,19.75,143,16.9048627746505,17.0338429601746,1
147,1,19.75,143,17.0338429601746,17.054322994469,1
147,1,19.75,143,17.054322994469,17.10044475475,1
147,1,19.75,143,17.10044475475,17.1085282746919,1
147,1,19.75,143,17.1085282746919,17.1740722328142,1
147,1,19.75,143,17.1740722328142,17.1782013758326,1
147,1,19.75,143,17.1782013758326,17.1870039131991,1
147,1,19.75,143,17.1870039131991,17.2030107598121,1
147,1,19.75,143,17.2030107598121,17.2312614354032,1
147,1,19.75,143,17.2312614354032,17.3300818952856,1
147,1,19.75,143,17.3300818952856,17.4346091492205,1
147,1,19.75,143,17.4346091492205,17.6019634563527,1
147,1,19.75,143,17.6019634563527,17.712764184311,1
147,1,19.75,143,17.712764184311,17.7669420171413,1
147,1,19.75,143,17.7669420171413,17.8882153394988,1
147,1,19.75,143,17.8882153394988,17.901517981069,1
147,1,19.75,143,17.901517981069,17.9295645406493,1
147,1,19.75,143,17.9295645406493,18.0039646557824,1
147,1,19.75,143,18.0039646557824,18.0409571534464,1
147,1,19.75,143,18.0409571534464,18.0507190829118,1
147,1,19.75,143,18.0507190829118,18.0813408098284,1
147,1,19.75,143,18.0813408098284,18.0966178615786,1
147,1,19.75,143,18.0966178615786,18.1225369289112,1
147,1,19.75,143,18.1225369289112,18.2161372603527,1
147,1,19.75,143,18.2161372603527,18.352028034376,1
147,1,19.75,143,18.352028034376,18.3810990663705,1
147,1,19.75,143,18.3810990663705,18.6224052821653,1
147,1,19.75,143,18.6224052821653,18.6972714699672,1
147,1,19.75,143,18.6972714699672,18.7538446107068,1
147,1,19.75,143,18.7538446107068,18.8096855368243,1
147,1,19.75,143,18.8096855368243,18.8174357634083,1
147,1,19.75,143,18.8174357634083,18.8200263001039,1
147,1,19.75,143,18.8200263001039,18.8271539433202,1
147,1,19.75,143,18.8271539433202,18.8387126836252,1
147,1,19.75,143,18.8387126836252,18.884497688373,1
147,1,19.75,143,18.884497688373,19.0268686032145,1
147,1,19.75,143,19.0268686032145,19.0992458542303,1
147,1,19.75,143,19.0992458542303,19.1448591221832,1
147,1,19.75,143,19.1448591221832,19.162488848225,1
147,1,19.75,143,19.162488848225,19.281815038382,1
147,1,19.75,143,19.281815038382,19.2843899874816,1
147,1,19.75,143,19.2843899874816,19.3053703018985,1
147,1,19.75,143,19.3053703018985,19.4780012527233,1
147,1,19.75,143,19.4780012527233,19.5213400547664,1
147,1,19.75,143,19.5213400547664,19.5569198831121,1
147,1,19.75,143,19.5569198831121,19.5797380798389,1
147,1,19.75,143,19.5797380798389,19.6132965952199,1
147,1,19.75,143,19.6132965952199,19.6378322579996,1
147,1,19.75,143,19.6378322579996,19.732085483717,1
147,1,19.75,143,19.732085483717,19.75,0
148,1,19.75,6,0,0.262727433875284,1
148,1,19.75,6,0.262727433875284,2.703603090504,1
148,1,19.75,6,2.703603090504,3.98165034081244,1
148,1,19.75,6,3.98165034081244,4.15367819218784,1
148,1,19.75,6,4.15367819218784,4.30429129283718,1
148,1,19.75,6,4.30429129283718,7.95161683230726,1
148,1,19.75,6,7.95161683230726,19.75,0
149,1,18.75,2,0,0.130995465856397,1
149,1,18.75,2,0.130995465856397,0.897834942337625,1
149,1,18.75,2,0.897834942337625,18.75,0
150,1,18.75,2,0,9.0765776118266,1
150,1,18.75,2,9.0765776118266,13.5400911903464,1
150,1,18.75,2,13.5400911903464,18.75,0
151,1,12.75,37,0,3.11310245133178,1
151,1,12.75,37,3.11310245133178,3.39688413267481,1
151,1,12.75,37,3.39688413267481,3.64714182104445,1
151,1,12.75,37,3.64714182104445,3.76226258868586,1
151,1,12.75,37,3.76226258868586,6.31945609126634,1
151,1,12.75,37,6.31945609126634,6.72092542607156,1
151,1,12.75,37,6.72092542607156,6.7522723207723,1
151,1,12.75,37,6.7522723207723,6.75237867167057,1
151,1,12.75,37,6.75237867167057,6.86326435682193,1
151,1,12.75,37,6.86326435682193,6.88217850860932,1
151,1,12.75,37,6.88217850860932,7.25897283207958,1
151,1,12.75,37,7.25897283207958,7.7173410966333,1
151,1,12.75,37,7.7173410966333,7.78094073194594,1
151,1,12.75,37,7.78094073194594,8.09595970545735,1
151,1,12.75,37,8.09595970545735,8.45850474409575,1
151,1,12.75,37,8.45850474409575,8.47350128657,1
151,1,12.75,37,8.47350128657,8.78962323887022,1
151,1,12.75,37,8.78962323887022,8.98924376198837,1
151,1,12.75,37,8.98924376198837,9.03657470986662,1
151,1,12.75,37,9.03657470986662,9.60653227482915,1
151,1,12.75,37,9.60653227482915,9.77540481712041,1
151,1,12.75,37,9.77540481712041,10.0229634806972,1
151,1,12.75,37,10.0229634806972,10.5070347873303,1
151,1,12.75,37,10.5070347873303,10.5506544108538,1
151,1,12.75,37,10.5506544108538,10.6742340000228,1
151,1,12.75,37,10.6742340000228,10.7469506341527,1
151,1,12.75,37,10.7469506341527,10.8354125085448,1
151,1,12.75,37,10.8354125085448,10.8643962267084,1
151,1,12.75,37,10.8643962267084,10.9522787640085,1
151,1,12.75,37,10.9522787640085,11.1219763623384,1
151,1,12.75,37,11.1219763623384,11.77472268998,1
151,1,12.75,37,11.77472268998,11.886151466856,1
151,1,12.75,37,11.886151466856,12.0867648866905,1
151,1,12.75,37,12.0867648866905,12.5289199461158,1
151,1,12.75,37,12.5289199461158,12.6389215538052,1
151,1,12.75,37,12.6389215538052,12.6971174824796,1
151,1,12.75,37,12.6971174824796,12.7162347431374,1
151,1,12.75,37,12.7162347431374,12.75,0
152,1,16.75,29,0,3.11192280350834,1
152,1,16.75,29,3.11192280350834,5.15265809767879,1
152,1,16.75,29,5.15265809767879,7.70955349989892,1
152,1,16.75,29,7.70955349989892,9.25857099587835,1
152,1,16.75,29,9.25857099587835,9.48903161372269,1
152,1,16.75,29,9.48903161372269,9.57046184803618,1
152,1,16.75,29,9.57046184803618,10.1170904000098,1
152,1,16.75,29,10.1170904000098,10.3952597526397,1
152,1,16.75,29,10.3952597526397,10.4579561307559,1
152,1,16.75,29,10.4579561307559,10.7281579210235,1
152,1,16.75,29,10.7281579210235,12.5478036740547,1
152,1,16.75,29,12.5478036740547,12.8443040373749,1
152,1,16.75,29,12.8443040373749,12.9748244266479,1
152,1,16.75,29,12.9748244266479,13.0074215757597,1
152,1,16.75,29,13.0074215757597,13.2707146513298,1
152,1,16.75,29,13.2707146513298,13.9321407479899,1
152,1,16.75,29,13.9321407479899,14.0530746627782,1
152,1,16.75,29,14.0530746627782,14.3901214990989,1
152,1,16.75,29,14.3901214990989,14.4532262722232,1
152,1,16.75,29,14.4532262722232,14.4898260377074,1
152,1,16.75,29,14.4898260377074,14.510149271162,1
152,1,16.75,29,14.510149271162,14.8156156842734,1
152,1,16.75,29,14.8156156842734,15.3568749231966,1
152,1,16.75,29,15.3568749231966,15.5382364018855,1
152,1,16.75,29,15.5382364018855,15.7229568097284,1
152,1,16.75,29,15.7229568097284,16.0633647292701,1
152,1,16.75,29,16.0633647292701,16.0891112542019,1
152,1,16.75,29,16.0891112542019,16.1387129215327,1
152,1,16.75,29,16.1387129215327,16.3209822648772,1
152,1,16.75,29,16.3209822648772,16.75,0
153,1,18.75,1,0,1.58148665256016,1
153,1,18.75,1,1.58148665256016,18.75,0
154,1,8.75,1,0,4.45572457157628,1
154,1,8.75,1,4.45572457157628,8.75,0
155,1,14.75,18,0,1.41153855111707,1
155,1,14.75,18,1.41153855111707,7.64061085317752,1
155,1,14.75,18,7.64061085317752,8.05826232429928,1
155,1,14.75,18,8.05826232429928,9.35184848131363,1
155,1,14.75,18,9.35184848131363,9.95865301079381,1
155,1,14.75,18,9.95865301079381,10.1164057327276,1
155,1,14.75,18,10.1164057327276,10.2807568507161,1
155,1,14.75,18,10.2807568507161,10.3849563933533,1
155,1,14.75,18,10.3849563933533,10.5570462806367,1
155,1,14.75,18,10.5570462806367,10.8343455063195,1
155,1,14.75,18,10.8343455063195,12.2523693750625,1
155,1,14.75,18,12.2523693750625,13.3737936770782,1
155,1,14.75,18,13.3737936770782,13.7850447646888,1
155,1,14.75,18,13.7850447646888,13.8051193927078,1
155,1,14.75,18,13.8051193927078,14.1295204121096,1
155,1,14.75,18,14.1295204121096,14.2554565198875,1
155,1,14.75,18,14.2554565198875,14.5025688611954,1
155,1,14.75,18,14.5025688611954,14.6435150278612,1
155,1,14.75,18,14.6435150278612,14.75,0
156,1,8.75,0,0,8.75,0
157,1,8.75,1,0,0.804997370478204,1
157,1,8.75,1,0.804997370478204,8.75,0
158,1,16.75,36,0,2.31103327247532,1
158,1,16.75,36,2.31103327247532,2.49129171135846,1
158,1,16.75,36,2.49129171135846,3.4305663485474,1
158,1,16.75,36,3.4305663485474,3.55920604813033,1
158,1,16.75,36,3.55920604813033,3.78041587265186,1
158,1,16.75,36,3.78041587265186,4.43999875524215,1
158,1,16.75,36,4.43999875524215,5.01430410283923,1
158,1,16.75,36,5.01430410283923,5.19317050215699,1
158,1,16.75,36,5.19317050215699,5.8440540590258,1
158,1,16.75,36,5.8440540590258,6.34726022813906,1
158,1,16.75,36,6.34726022813906,6.49946800999539,1
158,1,16.75,36,6.49946800999539,6.9622307434149,1
158,1,16.75,36,6.9622307434149,7.84062772592966,1
158,1,16.75,36,7.84062772592966,8.02748445748114,1
158,1,16.75,36,8.02748445748114,8.30851074022662,1
158,1,16.75,36,8.30851074022662,9.33130692722309,1
158,1,16.75,36,9.33130692722309,10.3728896369652,1
158,1,16.75,36,10.3728896369652,11.8321608658888,1
158,1,16.75,36,11.8321608658888,12.2809670784372,1
158,1,16.75,36,12.2809670784372,12.6043468686997,1
158,1,16.75,36,12.6043468686997,12.6047734180043,1
158,1,16.75,36,12.6047734180043,12.6422425731773,1
158,1,16.75,36,12.6422425731773,12.784630722215,1
158,1,16.75,36,12.784630722215,13.5766619217278,1
158,1,16.75,36,13.5766619217278,13.600615550147,1
158,1,16.75,36,13.600615550147,13.6846874825518,1
158,1,16.75,36,13.6846874825518,13.7798560600649,1
158,1,16.75,36,13.7798560600649,14.2816044864021,1
158,1,16.75,36,14.2816044864021,14.471331460282,1
158,1,16.75,36,14.471331460282,15.0639149607773,1
158,1,16.75,36,15.0639149607773,15.2469694333477,1
158,1,16.75,36,15.2469694333477,15.3680082838891,1
158,1,16.75,36,15.3680082838891,15.8759701577227,1
158,1,16.75,36,15.8759701577227,16.1115865815978,1
158,1,16.75,36,16.1115865815978,16.1866633156646,1
158,1,16.75,36,16.1866633156646,16.7148939798035,1
158,1,16.75,36,16.7148939798035,16.75,0
159,1,15.75,15,0,7.37496559217224,1
159,1,15.75,15,7.37496559217224,7.95208731939494,1
159,1,15.75,15,7.95208731939494,8.49877407390974,1
159,1,15.75,15,8.49877407390974,8.70296868050071,1
159,1,15.75,15,8.70296868050071,11.4407254996766,1
159,1,15.75,15,11.4407254996766,11.529220915628,1
159,1,15.75,15,11.529220915628,11.7513350947248,1
159,1,15.75,15,11.7513350947248,11.871122453915,1
159,1,15.75,15,11.871122453915,11.8879483918783,1
159,1,15.75,15,11.8879483918783,12.0486820543716,1
159,1,15.75,15,12.0486820543716,12.3928614578443,1
159,1,15.75,15,12.3928614578443,14.4872759381633,1
159,1,15.75,15,14.4872759381633,14.6166276644802,1
159,1,15.75,15,14.6166276644802,14.8471592924306,1
159,1,15.75,15,14.8471592924306,15.4185205108871,1
159,1,15.75,15,15.4185205108871,15.75,0
160,1,12.75,0,0,12.75,0
161,1,11.75,18,0,4.818725174299,1
161,1,11.75,18,4.818725174299,5.42751656187727,1
161,1,11.75,18,5.42751656187727,5.45745951117425,1
161,1,11.75,18,5.45745951117425,5.57370499847768,1
161,1,11.75,18,5.57370499847768,5.87069820799901,1
161,1,11.75,18,5.87069820799901,5.87133560152646,1
161,1,11.75,18,5.87133560152646,6.08824287356207,1
161,1,11.75,18,6.08824287356207,6.49801423488399,1
161,1,11.75,18,6.49801423488399,7.59026545694005,1
161,1,11.75,18,7.59026545694005,8.10749114189384,1
161,1,11.75,18,8.10749114189384,8.7021676863156,1
161,1,11.75,18,8.7021676863156,8.94422155162779,1
161,1,11.75,18,8.94422155162779,10.2285999403828,1
161,1,11.75,18,10.2285999403828,10.7696476306074,1
161,1,11.75,18,10.7696476306074,11.053856825467,1
161,1,11.75,18,11.053856825467,11.2322905524664,1
161,1,11.75,18,11.2322905524664,11.2870689938997,1
161,1,11.75,18,11.2870689938997,11.56238002887,1
161,1,11.75,18,11.56238002887,11.75,0
162,1,18.75,6,0,0.000192982485430332,1
162,1,18.75,6,0.000192982485430332,0.114687975564299,1
162,1,18.75,6,0.114687975564299,0.548168104303994,1
162,1,18.75,6,0.548168104303994,0.625755803900635,1
162,1,18.75,6,0.625755803900635,1.38005677426265,1
162,1,18.75,6,1.38005677426265,4.20350611547874,1
162,1,18.75,6,4.20350611547874,18.75,0
163,1,18.75,1,0,1.34066576533114,1
163,1,18.75,1,1.34066576533114,18.75,0
164,1,10.75,4,0,0.06112616712273,1
164,1,10.75,4,0.06112616712273,0.402914492126707,1
164,1,10.75,4,0.402914492126707,9.21849948173612,1
164,1,10.75,4,9.21849948173612,9.99595151083666,1
164,1,10.75,4,9.99595151083666,10.75,0
165,1,14.75,27,0,4.64946933640065,1
165,1,14.75,27,4.64946933640065,5.75271784941291,1
165,1,14.75,27,5.75271784941291,6.75064643352438,1
165,1,14.75,27,6.75064643352438,6.99069232261028,1
165,1,14.75,27,6.99069232261028,7.33665314460856,1
165,1,14.75,27,7.33665314460856,7.51467061792216,1
165,1,14.75,27,7.51467061792216,8.66254590481746,1
165,1,14.75,27,8.66254590481746,10.1900130326412,1
165,1,14.75,27,10.1900130326412,10.4128135114177,1
165,1,14.75,27,10.4128135114177,10.7884318743373,1
165,1,14.75,27,10.7884318743373,11.1865428441633,1
165,1,14.75,27,11.1865428441633,11.4353077851745,1
165,1,14.75,27,11.4353077851745,11.4397683408287,1
165,1,14.75,27,11.4397683408287,11.4817517749655,1
165,1,14.75,27,11.4817517749655,11.7974035864165,1
165,1,14.75,27,11.7974035864165,12.0942851171847,1
165,1,14.75,27,12.0942851171847,12.1389234601421,1
165,1,14.75,27,12.1389234601421,13.2068415015861,1
165,1,14.75,27,13.2068415015861,13.3616430502109,1
165,1,14.75,27,13.3616430502109,13.8718354969531,1
165,1,14.75,27,13.8718354969531,14.1731008520434,1
165,1,14.75,27,14.1731008520434,14.2982020758734,1
165,1,14.75,27,14.2982020758734,14.3079178197606,1
165,1,14.75,27,14.3079178197606,14.3542721884486,1
165,1,14.75,27,14.3542721884486,14.4122639094192,1
165,1,14.75,27,14.4122639094192,14.5895241709028,1
165,1,14.75,27,14.5895241709028,14.7147221302529,1
165,1,14.75,27,14.7147221302529,14.75,0
166,1,17.75,1,0,9.44930972548615,1
166,1,17.75,1,9.44930972548615,17.75,0
167,1,11.75,0,0,11.75,0
168,1,10.75,2,0,1.98361057425068,1
168,1,10.75,2,1.98361057425068,4.76308191041191,1
168,1,10.75,2,4.76308191041191,10.75,0
169,1,17.75,45,0,2.28004073352416,1
169,1,17.75,45,2.28004073352416,3.33834169255203,1
169,1,17.75,45,3.33834169255203,3.35373648589178,1
169,1,17.75,45,3.35373648589178,5.62399283169535,1
169,1,17.75,45,5.62399283169535,6.23533225819372,1
169,1,17.75,45,6.23533225819372,6.32666392057313,1
169,1,17.75,45,6.32666392057313,7.50819083429982,1
169,1,17.75,45,7.50819083429982,7.56290197802466,1
169,1,17.75,45,7.56290197802466,7.66608115862883,1
169,1,17.75,45,7.66608115862883,7.67855229614973,1
169,1,17.75,45,7.67855229614973,9.34251307743148,1
169,1,17.75,45,9.34251307743148,9.49462517421623,1
169,1,17.75,45,9.49462517421623,9.79672961486791,1
169,1,17.75,45,9.79672961486791,9.80754903269438,1
169,1,17.75,45,9.80754903269438,10.001136649501,1
169,1,17.75,45,10.001136649501,10.0267561075394,1
169,1,17.75,45,10.0267561075394,10.4388310608831,1
169,1,17.75,45,10.4388310608831,10.4413477789617,1
169,1,17.75,45,10.4413477789617,10.6159579728383,1
169,1,17.75,45,10.6159579728383,11.2445629966902,1
169,1,17.75,45,11.2445629966902,11.7521516440753,1
169,1,17.75,45,11.7521516440753,11.7814116100189,1
169,1,17.75,45,11.7814116100189,11.8418892751099,1
169,1,17.75,45,11.8418892751099,12.4279000004608,1
169,1,17.75,45,12.4279000004608,12.6129882087239,1
169,1,17.75,45,12.6129882087239,12.6442227513261,1
169,1,17.75,45,12.6442227513261,12.6968974931159,1
169,1,17.75,45,12.6968974931159,13.1470756507636,1
169,1,17.75,45,13.1470756507636,13.4113553297022,1
169,1,17.75,45,13.4113553297022,14.0706142973273,1
169,1,17.75,45,14.0706142973273,14.5073721309673,1
169,1,17.75,45,14.5073721309673,14.7034317083376,1
169,1,17.75,45,14.7034317083376,14.8865773629422,1
169,1,17.75,45,14.8865773629422,15.1248161256509,1
169,1,17.75,45,15.1248161256509,15.283776995021,1
169,1,17.75,45,15.283776995021,15.4207462858292,1
169,1,17.75,45,15.4207462858292,16.0822685888522,1
169,1,17.75,45,16.0822685888522,16.0871304613573,1
169,1,17.75,45,16.0871304613573,16.4844058306436,1
169,1,17.75,45,16.4844058306436,16.5850334268828,1
169,1,17.75,45,16.5850334268828,16.6571761989629,1
169,1,17.75,45,16.6571761989629,16.8326305204594,1
169,1,17.75,45,16.8326305204594,17.1853532296963,1
169,1,17.75,45,17.1853532296963,17.2021627236495,1
169,1,17.75,45,17.2021627236495,17.7104905671006,1
169,1,17.75,45,17.7104905671006,17.75,0
170,1,15.75,1,0,2.07944835280417,1
170,1,15.75,1,2.07944835280417,15.75,0
171,1,17.75,3,0,0.766270173190651,1
171,1,17.75,3,0.766270173190651,0.856653277056394,1
171,1,17.75,3,0.856653277056394,6.07124273787116,1
171,1,17.75,3,6.07124273787116,17.75,0
172,1,18.75,66,0,5.05836774787477,1
172,1,18.75,66,5.05836774787477,5.93615458093297,1
172,1,18.75,66,5.93615458093297,6.76206526584111,1
172,1,18.75,66,6.76206526584111,7.49560842310982,1
172,1,18.75,66,7.49560842310982,8.87786619269068,1
172,1,18.75,66,8.87786619269068,9.02009230591637,1
172,1,18.75,66,9.02009230591637,9.13096576780036,1
172,1,18.75,66,9.13096576780036,9.38323351600614,1
172,1,18.75,66,9.38323351600614,9.40077205942251,1
172,1,18.75,66,9.40077205942251,9.54137908867868,1
172,1,18.75,66,9.54137908867868,9.69405372993253,1
172,1,18.75,66,9.69405372993253,10.0321939323886,1
172,1,18.75,66,10.0321939323886,10.0556173578202,1
172,1,18.75,66,10.0556173578202,10.1561449443628,1
172,1,18.75,66,10.1561449443628,10.3940360102101,1
172,1,18.75,66,10.3940360102101,10.6824827870826,1
172,1,18.75,66,10.6824827870826,11.0133913970372,1
172,1,18.75,66,11.0133913970372,11.2376856885949,1
172,1,18.75,66,11.2376856885949,11.2553959170759,1
172,1,18.75,66,11.2553959170759,11.6279980934094,1
172,1,18.75,66,11.6279980934094,12.0856504045614,1
172,1,18.75,66,12.0856504045614,12.1812790843101,1
172,1,18.75,66,12.1812790843101,12.2381168669277,1
172,1,18.75,66,12.2381168669277,12.4287985132507,1
172,1,18.75,66,12.4287985132507,12.5451844438574,1
172,1,18.75,66,12.5451844438574,12.6674064892497,1
172,1,18.75,66,12.6674064892497,13.1284112624166,1
172,1,18.75,66,13.1284112624166,13.1733535745864,1
172,1,18.75,66,13.1733535745864,13.3279825618466,1
172,1,18.75,66,13.3279825618466,13.6453294443137,1
172,1,18.75,66,13.6453294443137,13.7664856659643,1
172,1,18.75,66,13.7664856659643,13.776369547254,1
172,1,18.75,66,13.776369547254,13.8074117521274,1
172,1,18.75,66,13.8074117521274,13.9494126142202,1
172,1,18.75,66,13.9494126142202,14.0444692297931,1
172,1,18.75,66,14.0444692297931,14.0920460457603,1
172,1,18.75,66,14.0920460457603,14.1971568529788,1
172,1,18.75,66,14.1971568529788,14.2912998651306,1
172,1,18.75,66,14.2912998651306,14.957669018277,1
172,1,18.75,66,14.957669018277,14.9603585038835,1
172,1,18.75,66,14.9603585038835,14.9843079939625,1
172,1,18.75,66,14.9843079939625,15.6170867804195,1
172,1,18.75,66,15.6170867804195,15.7519805352281,1
172,1,18.75,66,15.7519805352281,15.7532621847992,1
172,1,18.75,66,15.7532621847992,15.7841234367842,1
172,1,18.75,66,15.7841234367842,15.8561100856603,1
172,1,18.75,66,15.8561100856603,16.0971630674551,1
172,1,18.75,66,16.0971630674551,16.1957026382146,1
172,1,18.75,66,16.1957026382146,16.7797442541314,1
172,1,18.75,66,16.7797442541314,16.8146011169559,1
172,1,18.75,66,16.8146011169559,16.8545445649735,1
172,1,18.75,66,16.8545445649735,17.0475431413296,1
172,1,18.75,66,17.0475431413296,17.1808265197299,1
172,1,18.75,66,17.1808265197299,17.3237130911315,1
172,1,18.75,66,17.3237130911315,17.4670981583135,1
172,1,18.75,66,17.4670981583135,17.6294898976141,1
172,1,18.75,66,17.6294898976141,17.6857972992035,1
172,1,18.75,66,17.6857972992035,17.723762183136,1
172,1,18.75,66,17.723762183136,18.0489929666375,1
172,1,18.75,66,18.0489929666375,18.12544796546,1
172,1,18.75,66,18.12544796546,18.1330582461964,1
172,1,18.75,66,18.1330582461964,18.3386332800528,1
172,1,18.75,66,18.3386332800528,18.4715458068795,1
172,1,18.75,66,18.4715458068795,18.5027709937718,1
172,1,18.75,66,18.5027709937718,18.5252249104241,1
172,1,18.75,66,18.5252249104241,18.658933225183,1
172,1,18.75,66,18.658933225183,18.75,0
173,1,17.75,69,0,2.78369080928342,1
173,1,17.75,69,2.78369080928342,3.92924146441119,1
173,1,17.75,69,3.92924146441119,4.70908293331667,1
173,1,17.75,69,4.70908293331667,6.3807509378341,1
173,1,17.75,69,6.3807509378341,6.50899114283786,1
173,1,17.75,69,6.50899114283786,7.06419572586524,1
173,1,17.75,69,7.06419572586524,7.6589527083325,1
173,1,17.75,69,7.6589527083325,7.83424737266282,1
173,1,17.75,69,7.83424737266282,8.72074206522887,1
173,1,17.75,69,8.72074206522887,9.03558703905224,1
173,1,17.75,69,9.03558703905224,9.12011541964579,1
173,1,17.75,69,9.12011541964579,9.27529542625429,1
173,1,17.75,69,9.27529542625429,10.2956548395507,1
173,1,17.75,69,10.2956548395507,10.7062706069265,1
173,1,17.75,69,10.7062706069265,10.7518902082927,1
173,1,17.75,69,10.7518902082927,10.796903244289,1
173,1,17.75,69,10.796903244289,11.054044676206,1
173,1,17.75,69,11.054044676206,11.1600046658242,1
173,1,17.75,69,11.1600046658242,11.3463434626645,1
173,1,17.75,69,11.3463434626645,11.3529005656103,1
173,1,17.75,69,11.3529005656103,11.4487249135504,1
173,1,17.75,69,11.4487249135504,11.6049849112822,1
173,1,17.75,69,11.6049849112822,11.6494616039199,1
173,1,17.75,69,11.6494616039199,12.2429023099657,1
173,1,17.75,69,12.2429023099657,12.5394509400573,1
173,1,17.75,69,12.5394509400573,12.7064810780898,1
173,1,17.75,69,12.7064810780898,12.775146066137,1
173,1,17.75,69,12.775146066137,12.8207435130681,1
173,1,17.75,69,12.8207435130681,13.1995372348041,1
173,1,17.75,69,13.1995372348041,13.3783207998922,1
173,1,17.75,69,13.3783207998922,13.4004809538987,1
173,1,17.75,69,13.4004809538987,13.4317824910486,1
173,1,17.75,69,13.4317824910486,13.4529225054352,1
173,1,17.75,69,13.4529225054352,13.6274298153811,1
173,1,17.75,69,13.6274298153811,13.6928182828034,1
173,1,17.75,69,13.6928182828034,13.7835405702205,1
173,1,17.75,69,13.7835405702205,13.9353569962128,1
173,1,17.75,69,13.9353569962128,13.9562865977968,1
173,1,17.75,69,13.9562865977968,13.9969795191551,1
173,1,17.75,69,13.9969795191551,14.0949172868005,1
173,1,17.75,69,14.0949172868005,14.0971290504737,1
173,1,17.75,69,14.0971290504737,14.5055134399314,1
173,1,17.75,69,14.5055134399314,14.5385021866106,1
173,1,17.75,69,14.5385021866106,14.5759548822604,1
173,1,17.75,69,14.5759548822604,14.9294047936325,1
173,1,17.75,69,14.9294047936325,14.9674228115119,1
173,1,17.75,69,14.9674228115119,14.999988841535,1
173,1,17.75,69,14.999988841535,15.0039249474279,1
173,1,17.75,69,15.0039249474279,15.3263261735139,1
173,1,17.75,69,15.3263261735139,15.5884559958074,1
173,1,17.75,69,15.5884559958074,15.8309366308163,1
173,1,17.75,69,15.8309366308163,15.8583282228453,1
173,1,17.75,69,15.8583282228453,16.0219791123778,1
173,1,17.75,69,16.0219791123778,16.0599575458965,1
173,1,17.75,69,16.0599575458965,16.4391298796876,1
173,1,17.75,69,16.4391298796876,16.4618539514286,1
173,1,17.75,69,16.4618539514286,16.4728389473327,1
173,1,17.75,69,16.4728389473327,16.5128782689716,1
173,1,17.75,69,16.5128782689716,16.6097326322314,1
173,1,17.75,69,16.6097326322314,16.8337268797867,1
173,1,17.75,69,16.8337268797867,16.905294316276,1
173,1,17.75,69,16.905294316276,16.9310373571692,1
173,1,17.75,69,16.9310373571692,17.060247047116,1
173,1,17.75,69,17.060247047116,17.1433782158589,1
173,1,17.75,69,17.1433782158589,17.238610438533,1
173,1,17.75,69,17.238610438533,17.3481445168681,1
173,1,17.75,69,17.3481445168681,17.445957625126,1
173,1,17.75,69,17.445957625126,17.5931238720165,1
173,1,17.75,69,17.5931238720165,17.6295129542383,1
173,1,17.75,69,17.6295129542383,17.75,0
174,1,10.75,0,0,10.75,0
175,1,13.75,2,0,0.178816113644638,1
175,1,13.75,2,0.178816113644638,1.10732954392681,1
175,1,13.75,2,1.10732954392681,13.75,0
176,1,16.75,0,0,16.75,0
177,1,14.75,6,0,0.0747297962895695,1
177,1,14.75,6,0.0747297962895695,1.02711327089844,1
177,1,14.75,6,1.02711327089844,1.55961797600034,1
177,1,14.75,6,1.55961797600034,4.62753550050738,1
177,1,14.75,6,4.62753550050738,11.1741225814445,1
177,1,14.75,6,11.1741225814445,14.2817853521306,1
177,1,14.75,6,14.2817853521306,14.75,0
178,1,14.75,1,0,0.0123006551529515,1
178,1,14.75,1,0.0123006551529515,14.75,0
179,1,13.75,2,0,0.529176839526153,1
179,1,13.75,2,0.529176839526153,1.76243621141636,1
179,1,13.75,2,1.76243621141636,13.75,0
180,1,11.75,0,0,11.75,0
181,1,20.75,2,0,1.28339768753636,1
181,1,20.75,2,1.28339768753636,9.32620505085715,1
181,1,20.75,2,9.32620505085715,20.75,0
182,1,16.75,27,0,6.75408710179307,1
182,1,16.75,27,6.75408710179307,6.75529672201158,1
182,1,16.75,27,6.75529672201158,7.43110912784672,1
182,1,16.75,27,7.43110912784672,8.24667828600764,1
182,1,16.75,27,8.24667828600764,8.35135446389583,1
182,1,16.75,27,8.35135446389583,9.1013890400204,1
182,1,16.75,27,9.1013890400204,9.37317328026612,1
182,1,16.75,27,9.37317328026612,10.5298164531641,1
182,1,16.75,27,10.5298164531641,10.5455036194447,1
182,1,16.75,27,10.5455036194447,11.3901084978631,1
182,1,16.75,27,11.3901084978631,11.5583054536254,1
182,1,16.75,27,11.5583054536254,11.65229473013,1
182,1,16.75,27,11.65229473013,11.6904152262611,1
182,1,16.75,27,11.6904152262611,12.0285438336511,1
182,1,16.75,27,12.0285438336511,12.7738288756733,1
182,1,16.75,27,12.7738288756733,12.8202213680067,1
182,1,16.75,27,12.8202213680067,13.222792047861,1
182,1,16.75,27,13.222792047861,13.539686578549,1
182,1,16.75,27,13.539686578549,13.7663808226702,1
182,1,16.75,27,13.7663808226702,14.061278599745,1
182,1,16.75,27,14.061278599745,14.278232340937,1
182,1,16.75,27,14.278232340937,15.6964269543532,1
182,1,16.75,27,15.6964269543532,15.9116861169312,1
182,1,16.75,27,15.9116861169312,16.1849216364302,1
182,1,16.75,27,16.1849216364302,16.3940004143893,1
182,1,16.75,27,16.3940004143893,16.4729499152013,1
182,1,16.75,27,16.4729499152013,16.6596538922251,1
182,1,16.75,27,16.6596538922251,16.75,0
183,1,17.75,2,0,0.519492896713359,1
183,1,17.75,2,0.519492896713359,3.30234613678539,1
183,1,17.75,2,3.30234613678539,17.75,0
184,1,19.75,2,0,0.884697085683182,1
184,1,19.75,2,0.884697085683182,0.967928286967626,1
184,1,19.75,2,0.967928286967626,19.75,0
185,1,15.75,26,0,3.29834565698263,1
185,1,15.75,26,3.29834565698263,3.34196756206657,1
185,1,15.75,26,3.34196756206657,4.48173204925839,1
185,1,15.75,26,4.48173204925839,6.79168578774999,1
185,1,15.75,26,6.79168578774999,7.23236813120571,1
185,1,15.75,26,7.23236813120571,7.97195925681259,1
185,1,15.75,26,7.97195925681259,9.62276624088311,1
185,1,15.75,26,9.62276624088311,9.93315389638192,1
185,1,15.75,26,9.93315389638192,10.5968371301994,1
185,1,15.75,26,10.5968371301994,11.0140918506168,1
185,1,15.75,26,11.0140918506168,11.6039051089264,1
185,1,15.75,26,11.6039051089264,11.6471103874711,1
185,1,15.75,26,11.6471103874711,11.6904532212657,1
185,1,15.75,26,11.6904532212657,11.831511383329,1
185,1,15.75,26,11.831511383329,12.1015308236249,1
185,1,15.75,26,12.1015308236249,12.3024448684546,1
185,1,15.75,26,12.3024448684546,12.4463173785238,1
185,1,15.75,26,12.4463173785238,12.7442822762633,1
185,1,15.75,26,12.7442822762633,12.8923295866095,1
185,1,15.75,26,12.8923295866095,13.4468885063356,1
185,1,15.75,26,13.4468885063356,13.4823448828964,1
185,1,15.75,26,13.4823448828964,13.5499712570226,1
185,1,15.75,26,13.5499712570226,13.7632268121744,1
185,1,15.75,26,13.7632268121744,14.1327035768695,1
185,1,15.75,26,14.1327035768695,14.261501787527,1
185,1,15.75,26,14.261501787527,14.5932456910932,1
185,1,15.75,26,14.5932456910932,15.75,0
186,1,15.75,19,0,2.759680268892,1
186,1,15.75,19,2.759680268892,4.61612897377943,1
186,1,15.75,19,4.61612897377943,5.22309260848287,1
186,1,15.75,19,5.22309260848287,6.67646938902061,1
186,1,15.75,19,6.67646938902061,8.84061197154646,1
186,1,15.75,19,8.84061197154646,9.10081424661798,1
186,1,15.75,19,9.10081424661798,11.5499511605226,1
186,1,15.75,19,11.5499511605226,12.8453540794202,1
186,1,15.75,19,12.8453540794202,13.0706596031673,1
186,1,15.75,19,13.0706596031673,13.7288311294574,1
186,1,15.75,19,13.7288311294574,13.7879220636251,1
186,1,15.75,19,13.7879220636251,13.8203346831807,1
186,1,15.75,19,13.8203346831807,14.5313514100549,1
186,1,15.75,19,14.5313514100549,15.315190545341,1
186,1,15.75,19,15.315190545341,15.5317720880702,1
186,1,15.75,19,15.5317720880702,15.5498066969589,1
186,1,15.75,19,15.5498066969589,15.5541131877403,1
186,1,15.75,19,15.5541131877403,15.5861295369633,1
186,1,15.75,19,15.5861295369633,15.7495670230264,1
186,1,15.75,19,15.7495670230264,15.75,0
187,1,11.75,1,0,10.9877532522609,1
187,1,11.75,1,10.9877532522609,11.75,0
188,1,10.75,0,0,10.75,0
189,1,13.75,0,0,13.75,0
190,1,17.75,2,0,1.31721220638579,1
190,1,17.75,2,1.31721220638579,11.425817902057,1
190,1,17.75,2,11.425817902057,17.75,0
191,1,15.75,1,0,0.191822160494621,1
191,1,15.75,1,0.191822160494621,15.75,0
192,1,14.75,6,0,0.794761626817051,1
192,1,14.75,6,0.794761626817051,0.879641427588525,1
192,1,14.75,6,0.879641427588525,2.88047212928972,1
192,1,14.75,6,2.88047212928972,4.22609942204319,1
192,1,14.75,6,4.22609942204319,6.87091167261737,1
192,1,14.75,6,6.87091167261737,12.8311900419941,1
192,1,14.75,6,12.8311900419941,14.75,0
193,1,12.75,5,0,1.18369677419748,1
193,1,12.75,5,1.18369677419748,2.95590738791809,1
193,1,12.75,5,2.95590738791809,3.52037832721816,1
193,1,12.75,5,3.52037832721816,4.23754525349277,1
193,1,12.75,5,4.23754525349277,6.11844398981451,1
193,1,12.75,5,6.11844398981451,12.75,0
194,1,9.75,6,0,4.30231131763599,1
194,1,9.75,6,4.30231131763599,6.26549889052197,1
194,1,9.75,6,6.26549889052197,6.57865875911713,1
194,1,9.75,6,6.57865875911713,7.39768492530822,1
194,1,9.75,6,7.39768492530822,7.45638648088463,1
194,1,9.75,6,7.45638648088463,7.74791920776875,1
194,1,9.75,6,7.74791920776875,9.75,0
195,1,14.75,34,0,3.25296628522923,1
195,1,14.75,34,3.25296628522923,4.24225940491,1
195,1,14.75,34,4.24225940491,4.61036321854394,1
195,1,14.75,34,4.61036321854394,5.52999235730834,1
195,1,14.75,34,5.52999235730834,5.77529069814516,1
195,1,14.75,34,5.77529069814516,7.49834340235774,1
195,1,14.75,34,7.49834340235774,7.75233083149521,1
195,1,14.75,34,7.75233083149521,8.29836990543982,1
195,1,14.75,34,8.29836990543982,8.78066201084039,1
195,1,14.75,34,8.78066201084039,9.00471743314248,1
195,1,14.75,34,9.00471743314248,9.08331796673856,1
195,1,14.75,34,9.08331796673856,9.13938698972861,1
195,1,14.75,34,9.13938698972861,9.22861735354201,1
195,1,14.75,34,9.22861735354201,9.26838486306107,1
195,1,14.75,34,9.26838486306107,9.56850497943601,1
195,1,14.75,34,9.56850497943601,10.2290079052401,1
195,1,14.75,34,10.2290079052401,10.4863213153682,1
195,1,14.75,34,10.4863213153682,10.72064248676,1
195,1,14.75,34,10.72064248676,11.4969099088987,1
195,1,14.75,34,11.4969099088987,11.7339915500619,1
195,1,14.75,34,11.7339915500619,11.777223033557,1
195,1,14.75,34,11.777223033557,11.9671662708344,1
195,1,14.75,34,11.9671662708344,12.0979047896107,1
195,1,14.75,34,12.0979047896107,12.279440286414,1
195,1,14.75,34,12.279440286414,12.3657120236956,1
195,1,14.75,34,12.3657120236956,12.4911119860789,1
195,1,14.75,34,12.4911119860789,12.7113330711221,1
195,1,14.75,34,12.7113330711221,12.7186404543241,1
195,1,14.75,34,12.7186404543241,13.742995147927,1
195,1,14.75,34,13.742995147927,13.8279397103121,1
195,1,14.75,34,13.8279397103121,13.9384317133174,1
195,1,14.75,34,13.9384317133174,14.0316443985109,1
195,1,14.75,34,14.0316443985109,14.1332334320604,1
195,1,14.75,34,14.1332334320604,14.2592966600849,1
195,1,14.75,34,14.2592966600849,14.75,0
196,1,18.75,4,0,0.36874456889163,1
196,1,18.75,4,0.36874456889163,3.3172307523354,1
196,1,18.75,4,3.3172307523354,8.90925565537124,1
196,1,18.75,4,8.90925565537124,10.4731334119104,1
196,1,18.75,4,10.4731334119104,18.75,0
197,1,9.75,6,0,7.0096105930711,1
197,1,9.75,6,7.0096105930711,7.31323723455757,1
197,1,9.75,6,7.31323723455757,8.52331812004633,1
197,1,9.75,6,8.52331812004633,8.69794439366535,1
197,1,9.75,6,8.69794439366535,8.71659420879126,1
197,1,9.75,6,8.71659420879126,9.40642228921628,1
197,1,9.75,6,9.40642228921628,9.75,0
198,1,9.75,0,0,9.75,0
199,1,16.75,51,0,2.65937450136723,1
199,1,16.75,51,2.65937450136723,5.0909280683525,1
199,1,16.75,51,5.0909280683525,5.39850417076876,1
199,1,16.75,51,5.39850417076876,5.43964534404359,1
199,1,16.75,51,5.43964534404359,5.66776971555651,1
199,1,16.75,51,5.66776971555651,7.39312929591228,1
199,1,16.75,51,7.39312929591228,9.71547230164612,1
199,1,16.75,51,9.71547230164612,9.78456569266768,1
199,1,16.75,51,9.78456569266768,10.0014324329633,1
199,1,16.75,51,10.0014324329633,10.1207799503791,1
199,1,16.75,51,10.1207799503791,11.3456991002901,1
199,1,16.75,51,11.3456991002901,11.4377035197241,1
199,1,16.75,51,11.4377035197241,11.6544759952276,1
199,1,16.75,51,11.6544759952276,11.8238112503053,1
199,1,16.75,51,11.8238112503053,11.9935426786319,1
199,1,16.75,51,11.9935426786319,12.5978763496534,1
199,1,16.75,51,12.5978763496534,12.670792934721,1
199,1,16.75,51,12.670792934721,12.85329854513,1
199,1,16.75,51,12.85329854513,13.0062150708184,1
199,1,16.75,51,13.0062150708184,13.0316352932038,1
199,1,16.75,51,13.0316352932038,13.3224643147817,1
199,1,16.75,51,13.3224643147817,13.5825228814125,1
199,1,16.75,51,13.5825228814125,13.7440563313549,1
199,1,16.75,51,13.7440563313549,13.7963295987516,1
199,1,16.75,51,13.7963295987516,13.8985057159029,1
199,1,16.75,51,13.8985057159029,13.9287003505686,1
199,1,16.75,51,13.9287003505686,14.0729746469562,1
199,1,16.75,51,14.0729746469562,14.0775252991386,1
199,1,16.75,51,14.0775252991386,14.0943066445597,1
199,1,16.75,51,14.0943066445597,14.2895132196356,1
199,1,16.75,51,14.2895132196356,14.4329584290422,1
199,1,16.75,51,14.4329584290422,14.6134903690915,1
199,1,16.75,51,14.6134903690915,14.6483666786513,1
199,1,16.75,51,14.6483666786513,14.7562397015952,1
199,1,16.75,51,14.7562397015952,14.7678813608923,1
199,1,16.75,51,14.7678813608923,15.016314532996,1
199,1,16.75,51,15.016314532996,15.3053714680775,1
199,1,16.75,51,15.3053714680775,15.437352874444,1
199,1,16.75,51,15.437352874444,15.5745773437783,1
199,1,16.75,51,15.5745773437783,15.6630359749217,1
199,1,16.75,51,15.6630359749217,15.8769568406113,1
199,1,16.75,51,15.8769568406113,15.9327870881579,1
199,1,16.75,51,15.9327870881579,15.9362490411922,1
199,1,16.75,51,15.9362490411922,15.9879125902596,1
199,1,16.75,51,15.9879125902596,16.0190013634371,1
199,1,16.75,51,16.0190013634371,16.0935685488978,1
199,1,16.75,51,16.0935685488978,16.1206574288651,1
199,1,16.75,51,16.1206574288651,16.1514299552098,1
199,1,16.75,51,16.1514299552098,16.1990400223781,1
199,1,16.75,51,16.1990400223781,16.4477167895323,1
199,1,16.75,51,16.4477167895323,16.613975862562,1
199,1,16.75,51,16.613975862562,16.75,0
200,1,14.75,0,0,14.75,0
201,1,14.75,3,0,0.0152591572415119,1
201,1,14.75,3,0.0152591572415119,8.25755762070103,1
201,1,14.75,3,8.25755762070103,14.5326275376735,1
201,1,14.75,3,14.5326275376735,14.75,0
202,1,14.75,33,0,4.5583941920959,1
202,1,14.75,33,4.5583941920959,5.75653636966582,1
202,1,14.75,33,5.75653636966582,7.58051186615152,1
202,1,14.75,33,7.58051186615152,7.69977893676113,1
202,1,14.75,33,7.69977893676113,8.61569274164039,1
202,1,14.75,33,8.61569274164039,8.72092947264668,1
202,1,14.75,33,8.72092947264668,8.99871314633162,1
202,1,14.75,33,8.99871314633162,9.49885465711514,1
202,1,14.75,33,9.49885465711514,9.67445972252342,1
202,1,14.75,33,9.67445972252342,9.756844442802,1
202,1,14.75,33,9.756844442802,9.79457509431441,1
202,1,14.75,33,9.79457509431441,9.86291527265524,1
202,1,14.75,33,9.86291527265524,10.0622127264143,1
202,1,14.75,33,10.0622127264143,10.343683645061,1
202,1,14.75,33,10.343683645061,10.5549950563234,1
202,1,14.75,33,10.5549950563234,11.2272109007172,1
202,1,14.75,33,11.2272109007172,11.2448433028287,1
202,1,14.75,33,11.2448433028287,11.4688505483663,1
202,1,14.75,33,11.4688505483663,11.6733619526747,1
202,1,14.75,33,11.6733619526747,11.6979334346117,1
202,1,14.75,33,11.6979334346117,12.0763273471808,1
202,1,14.75,33,12.0763273471808,12.3167611027737,1
202,1,14.75,33,12.3167611027737,12.5349079076596,1
202,1,14.75,33,12.5349079076596,12.913188853952,1
202,1,14.75,33,12.913188853952,13.2246210938862,1
202,1,14.75,33,13.2246210938862,13.3076900610297,1
202,1,14.75,33,13.3076900610297,13.447093814087,1
202,1,14.75,33,13.447093814087,13.4625175629345,1
202,1,14.75,33,13.4625175629345,13.7409389261465,1
202,1,14.75,33,13.7409389261465,13.9267056001686,1
202,1,14.75,33,13.9267056001686,13.9990825257062,1
202,1,14.75,33,13.9990825257062,14.0806381500768,1
202,1,14.75,33,14.0806381500768,14.2629776489309,1
202,1,14.75,33,14.2629776489309,14.75,0
203,1,15.75,60,0,2.59927894679578,1
203,1,15.75,60,2.59927894679578,4.75313139774678,1
203,1,15.75,60,4.75313139774678,5.53578463833187,1
203,1,15.75,60,5.53578463833187,5.98900210392046,1
203,1,15.75,60,5.98900210392046,7.11264574554729,1
203,1,15.75,60,7.11264574554729,7.15056924008319,1
203,1,15.75,60,7.15056924008319,7.81056150272536,1
203,1,15.75,60,7.81056150272536,7.88751517739464,1
203,1,15.75,60,7.88751517739464,8.1680185451373,1
203,1,15.75,60,8.1680185451373,8.20046894663641,1
203,1,15.75,60,8.20046894663641,8.23672658443588,1
203,1,15.75,60,8.23672658443588,8.34695143247651,1
203,1,15.75,60,8.34695143247651,8.51225763905819,1
203,1,15.75,60,8.51225763905819,8.59499351864824,1
203,1,15.75,60,8.59499351864824,8.62961221439708,1
203,1,15.75,60,8.62961221439708,8.82673484550786,1
203,1,15.75,60,8.82673484550786,8.93640847098284,1
203,1,15.75,60,8.93640847098284,9.07692374841842,1
203,1,15.75,60,9.07692374841842,9.19949434489549,1
203,1,15.75,60,9.19949434489549,9.4110530961713,1
203,1,15.75,60,9.4110530961713,9.50739554833534,1
203,1,15.75,60,9.50739554833534,9.63781597531534,1
203,1,15.75,60,9.63781597531534,9.78233885149532,1
203,1,15.75,60,9.78233885149532,9.80144154544733,1
203,1,15.75,60,9.80144154544733,9.84329222263757,1
203,1,15.75,60,9.84329222263757,9.87933061553048,1
203,1,15.75,60,9.87933061553048,9.9154729064295,1
203,1,15.75,60,9.9154729064295,11.0218245969991,1
203,1,15.75,60,11.0218245969991,11.0593232586588,1
203,1,15.75,60,11.0593232586588,11.4574483265313,1
203,1,15.75,60,11.4574483265313,12.3110531988965,1
203,1,15.75,60,12.3110531988965,12.4149840924166,1
203,1,15.75,60,12.4149840924166,12.6728857864747,1
203,1,15.75,60,12.6728857864747,12.6998380550894,1
203,1,15.75,60,12.6998380550894,12.8884238834836,1
203,1,15.75,60,12.8884238834836,12.8942032887718,1
203,1,15.75,60,12.8942032887718,13.0258495238447,1
203,1,15.75,60,13.0258495238447,13.0354254206416,1
203,1,15.75,60,13.0354254206416,13.1741424622232,1
203,1,15.75,60,13.1741424622232,13.4180926453629,1
203,1,15.75,60,13.4180926453629,13.6266332483786,1
203,1,15.75,60,13.6266332483786,13.7587298879443,1
203,1,15.75,60,13.7587298879443,13.9146843326583,1
203,1,15.75,60,13.9146843326583,13.9227165502393,1
203,1,15.75,60,13.9227165502393,14.1710929082992,1
203,1,15.75,60,14.1710929082992,14.2551465478164,1
203,1,15.75,60,14.2551465478164,14.3729902425979,1
203,1,15.75,60,14.3729902425979,14.4061396743789,1
203,1,15.75,60,14.4061396743789,14.4384247812013,1
203,1,15.75,60,14.4384247812013,14.7034592816308,1
203,1,15.75,60,14.7034592816308,14.7867230349574,1
203,1,15.75,60,14.7867230349574,14.8535849910406,1
203,1,15.75,60,14.8535849910406,15.213533986651,1
203,1,15.75,60,15.213533986651,15.3504378093223,1
203,1,15.75,60,15.3504378093223,15.3826015600773,1
203,1,15.75,60,15.3826015600773,15.4055965413457,1
203,1,15.75,60,15.4055965413457,15.4789954159609,1
203,1,15.75,60,15.4789954159609,15.5729888636259,1
203,1,15.75,60,15.5729888636259,15.7055968792817,1
203,1,15.75,60,15.7055968792817,15.7097269200918,1
203,1,15.75,60,15.7097269200918,15.75,0
204,1,12.75,27,0,0.945247786398695,1
204,1,12.75,27,0.945247786398695,5.34439151463095,1
204,1,12.75,27,5.34439151463095,6.59355608189109,1
204,1,12.75,27,6.59355608189109,6.83718866211017,1
204,1,12.75,27,6.83718866211017,7.02307664758042,1
204,1,12.75,27,7.02307664758042,7.13167863770893,1
204,1,12.75,27,7.13167863770893,7.50810492418251,1
204,1,12.75,27,7.50810492418251,7.63474085444703,1
204,1,12.75,27,7.63474085444703,8.0187330645344,1
204,1,12.75,27,8.0187330645344,8.44772702360419,1
204,1,12.75,27,8.44772702360419,9.29146465566082,1
204,1,12.75,27,9.29146465566082,9.49107731193484,1
204,1,12.75,27,9.49107731193484,9.50698748644449,1
204,1,12.75,27,9.50698748644449,9.52130965670899,1
204,1,12.75,27,9.52130965670899,9.67435700408834,1
204,1,12.75,27,9.67435700408834,9.87483281342804,1
204,1,12.75,27,9.87483281342804,9.98842039385256,1
204,1,12.75,27,9.98842039385256,10.2126928375392,1
204,1,12.75,27,10.2126928375392,10.704985359102,1
204,1,12.75,27,10.704985359102,10.8920448767367,1
204,1,12.75,27,10.8920448767367,11.4292715221426,1
204,1,12.75,27,11.4292715221426,11.4556585014072,1
204,1,12.75,27,11.4556585014072,11.508245500938,1
204,1,12.75,27,11.508245500938,11.8153275652947,1
204,1,12.75,27,11.8153275652947,12.2196150500478,1
204,1,12.75,27,12.2196150500478,12.5137653786641,1
204,1,12.75,27,12.5137653786641,12.6585245996113,1
204,1,12.75,27,12.6585245996113,12.75,0
205,1,13.75,3,0,0.736401104696744,1
205,1,13.75,3,0.736401104696744,1.14198479809836,1
205,1,13.75,3,1.14198479809836,7.36278283211356,1
205,1,13.75,3,7.36278283211356,13.75,0
206,1,17.75,52,0,2.32150286295049,1
206,1,17.75,52,2.32150286295049,3.12659352646426,1
206,1,17.75,52,3.12659352646426,4.79840101481444,1
206,1,17.75,52,4.79840101481444,4.80741480032216,1
206,1,17.75,52,4.80741480032216,5.67848032317576,1
206,1,17.75,52,5.67848032317576,5.79123100315762,1
206,1,17.75,52,5.79123100315762,6.2222094540837,1
206,1,17.75,52,6.2222094540837,6.25861092328608,1
206,1,17.75,52,6.25861092328608,6.74501633377012,1
206,1,17.75,52,6.74501633377012,6.90318610762469,1
206,1,17.75,52,6.90318610762469,7.16816673291406,1
206,1,17.75,52,7.16816673291406,7.48868092948254,1
206,1,17.75,52,7.48868092948254,7.8931733331356,1
206,1,17.75,52,7.8931733331356,7.98215411098479,1
206,1,17.75,52,7.98215411098479,8.43496283997691,1
206,1,17.75,52,8.43496283997691,9.54956209979781,1
206,1,17.75,52,9.54956209979781,9.89064242919256,1
206,1,17.75,52,9.89064242919256,10.3808567841714,1
206,1,17.75,52,10.3808567841714,10.8183524431956,1
206,1,17.75,52,10.8183524431956,10.8836424272613,1
206,1,17.75,52,10.8836424272613,10.9466447468097,1
206,1,17.75,52,10.9466447468097,11.3164591972726,1
206,1,17.75,52,11.3164591972726,11.4005509159031,1
206,1,17.75,52,11.4005509159031,11.4590091919133,1
206,1,17.75,52,11.4590091919133,11.5552302325432,1
206,1,17.75,52,11.5552302325432,12.3529415913828,1
206,1,17.75,52,12.3529415913828,12.4853492958395,1
206,1,17.75,52,12.4853492958395,13.1357090564427,1
206,1,17.75,52,13.1357090564427,13.2486148365739,1
206,1,17.75,52,13.2486148365739,13.4680048602622,1
206,1,17.75,52,13.4680048602622,14.0143082514328,1
206,1,17.75,52,14.0143082514328,14.7169676444541,1
206,1,17.75,52,14.7169676444541,14.8570069482495,1
206,1,17.75,52,14.8570069482495,14.874812399843,1
206,1,17.75,52,14.874812399843,15.9462889797739,1
206,1,17.75,52,15.9462889797739,16.285162269069,1
206,1,17.75,52,16.285162269069,16.3516776636312,1
206,1,17.75,52,16.3516776636312,16.4281651789872,1
206,1,17.75,52,16.4281651789872,16.5998080757729,1
206,1,17.75,52,16.5998080757729,16.6227241993641,1
206,1,17.75,52,16.6227241993641,16.6272322338045,1
206,1,17.75,52,16.6272322338045,16.649635632264,1
206,1,17.75,52,16.649635632264,16.7079544800984,1
206,1,17.75,52,16.7079544800984,16.726718239012,1
206,1,17.75,52,16.726718239012,16.8741598539681,1
206,1,17.75,52,16.8741598539681,16.9780429687481,1
206,1,17.75,52,16.9780429687481,17.3347687885605,1
206,1,17.75,52,17.3347687885605,17.3846445902372,1
206,1,17.75,52,17.3846445902372,17.4981732055679,1
206,1,17.75,52,17.4981732055679,17.552271424066,1
206,1,17.75,52,17.552271424066,17.585502938113,1
206,1,17.75,52,17.585502938113,17.5904368464867,1
206,1,17.75,52,17.5904368464867,17.75,0
207,1,10.75,4,0,6.34955708133368,1
207,1,10.75,4,6.34955708133368,6.370448596592,1
207,1,10.75,4,6.370448596592,7.49519143887052,1
207,1,10.75,4,7.49519143887052,9.81836436501068,1
207,1,10.75,4,9.81836436501068,10.75,0
208,1,15.75,22,0,5.98003661848125,1
208,1,15.75,22,5.98003661848125,6.87032981316477,1
208,1,15.75,22,6.87032981316477,7.17919236594465,1
208,1,15.75,22,7.17919236594465,7.26080025942846,1
208,1,15.75,22,7.26080025942846,8.21646148961003,1
208,1,15.75,22,8.21646148961003,8.91902706309294,1
208,1,15.75,22,8.91902706309294,9.48925684790621,1
208,1,15.75,22,9.48925684790621,11.639196413625,1
208,1,15.75,22,11.639196413625,12.3087969812667,1
208,1,15.75,22,12.3087969812667,12.3238903775896,1
208,1,15.75,22,12.3238903775896,12.3486570602984,1
208,1,15.75,22,12.3486570602984,12.3876050505337,1
208,1,15.75,22,12.3876050505337,12.6181706801764,1
208,1,15.75,22,12.6181706801764,12.929691033967,1
208,1,15.75,22,12.929691033967,13.6795349719779,1
208,1,15.75,22,13.6795349719779,13.8349151085069,1
208,1,15.75,22,13.8349151085069,14.3659993054216,1
208,1,15.75,22,14.3659993054216,14.389928553385,1
208,1,15.75,22,14.389928553385,14.6672263502104,1
208,1,15.75,22,14.6672263502104,15.4488336711696,1
208,1,15.75,22,15.4488336711696,15.6215343628465,1
208,1,15.75,22,15.6215343628465,15.6713547791135,1
208,1,15.75,22,15.6713547791135,15.75,0
209,1,17.75,7,0,0.0137890607801573,1
209,1,17.75,7,0.0137890607801573,0.839269094516836,1
209,1,17.75,7,0.839269094516836,0.983907932168546,1
209,1,17.75,7,0.983907932168546,3.82122174184693,1
209,1,17.75,7,3.82122174184693,6.75072065281716,1
209,1,17.75,7,6.75072065281716,10.1034721452373,1
209,1,17.75,7,10.1034721452373,12.1033172482875,1
209,1,17.75,7,12.1033172482875,17.75,0
210,1,8.75,5,0,4.12376583736838,1
210,1,8.75,5,4.12376583736838,6.73909738972672,1
210,1,8.75,5,6.73909738972672,6.93792331723336,1
210,1,8.75,5,6.93792331723336,7.67074876554465,1
210,1,8.75,5,7.67074876554465,8.21558444398794,1
210,1,8.75,5,8.21558444398794,8.75,0
211,1,20.75,2,0,17.7456875068609,1
211,1,20.75,2,17.7456875068609,20.5115035610695,1
211,1,20.75,2,20.5115035610695,20.75,0
212,1,11.75,2,0,1.52982611496827,1
212,1,11.75,2,1.52982611496827,6.12229901274665,1
212,1,11.75,2,6.12229901274665,11.75,0
213,1,8.75,0,0,8.75,0
214,1,9.75,7,0,4.24465224288532,1
214,1,9.75,7,4.24465224288532,7.0022212003341,1
214,1,9.75,7,7.0022212003341,8.31516035107771,1
214,1,9.75,7,8.31516035107771,8.32494448500732,1
214,1,9.75,7,8.32494448500732,8.74721460884885,1
214,1,9.75,7,8.74721460884885,8.94653662681437,1
214,1,9.75,7,8.94653662681437,8.98223878637841,1
214,1,9.75,7,8.98223878637841,9.75,0
215,1,14.75,4,0,1.03537783844797,1
215,1,14.75,4,1.03537783844797,6.1778226422731,1
215,1,14.75,4,6.1778226422731,8.37360870848499,1
215,1,14.75,4,8.37360870848499,11.8255488580523,1
215,1,14.75,4,11.8255488580523,14.75,0
216,1,14.75,1,0,1.90380725882904,1
216,1,14.75,1,1.90380725882904,14.75,0
217,1,13.75,15,0,5.04623966807357,1
217,1,13.75,15,5.04623966807357,6.66824947313913,1
217,1,13.75,15,6.66824947313913,8.27967677816735,1
217,1,13.75,15,8.27967677816735,8.92510066227011,1
217,1,13.75,15,8.92510066227011,9.86451392715885,1
217,1,13.75,15,9.86451392715885,10.8835244929664,1
217,1,13.75,15,10.8835244929664,10.9577238147139,1
217,1,13.75,15,10.9577238147139,11.024853353686,1
217,1,13.75,15,11.024853353686,11.0797451539403,1
217,1,13.75,15,11.0797451539403,11.2161979470417,1
217,1,13.75,15,11.2161979470417,11.7351870179072,1
217,1,13.75,15,11.7351870179072,12.1655809345888,1
217,1,13.75,15,12.1655809345888,12.5145373757775,1
217,1,13.75,15,12.5145373757775,13.1769059705768,1
217,1,13.75,15,13.1769059705768,13.4353793079232,1
217,1,13.75,15,13.4353793079232,13.75,0
218,1,14.75,1,0,8.78151831235242,1
218,1,14.75,1,8.78151831235242,14.75,0
219,1,18.75,0,0,18.75,0
220,1,8.75,2,0,0.669875901815676,1
220,1,8.75,2,0.669875901815676,2.61389039003311,1
220,1,8.75,2,2.61389039003311,8.75,0
221,1,11.75,4,0,2.19168550202418,1
221,1,11.75,4,2.19168550202418,4.76062069459061,1
221,1,11.75,4,4.76062069459061,5.75643341791705,1
221,1,11.75,4,5.75643341791705,7.2554545044797,1
221,1,11.75,4,7.2554545044797,11.75,0
222,1,8.75,6,0,4.89447622934813,1
222,1,8.75,6,4.89447622934813,5.04910622561452,1
222,1,8.75,6,5.04910622561452,7.22084789902664,1
222,1,8.75,6,7.22084789902664,7.2603644025122,1
222,1,8.75,6,7.2603644025122,7.65761138676073,1
222,1,8.75,6,7.65761138676073,8.09686929150879,1
222,1,8.75,6,8.09686929150879,8.75,0
223,1,14.75,1,0,2.61056311131349,1
223,1,14.75,1,2.61056311131349,14.75,0
224,1,15.75,15,0,6.56986725060656,1
224,1,15.75,15,6.56986725060656,9.26239006143846,1
224,1,15.75,15,9.26239006143846,9.46765716000689,1
224,1,15.75,15,9.46765716000689,10.8685488892578,1
224,1,15.75,15,10.8685488892578,11.587670136863,1
224,1,15.75,15,11.587670136863,11.9941619403114,1
224,1,15.75,15,11.9941619403114,12.4066431138395,1
224,1,15.75,15,12.4066431138395,12.5213104745871,1
224,1,15.75,15,12.5213104745871,12.8950523639067,1
224,1,15.75,15,12.8950523639067,13.4134237376464,1
224,1,15.75,15,13.4134237376464,13.6343373118432,1
224,1,15.75,15,13.6343373118432,14.1937424135319,1
224,1,15.75,15,14.1937424135319,14.4444981191902,1
224,1,15.75,15,14.4444981191902,15.0503950539833,1
224,1,15.75,15,15.0503950539833,15.7261231760199,1
224,1,15.75,15,15.7261231760199,15.75,0
225,1,13.75,1,0,0.0850746091945849,1
225,1,13.75,1,0.0850746091945849,13.75,0
226,1,14.75,1,0,4.91697048070348,1
226,1,14.75,1,4.91697048070348,14.75,0
227,1,16.75,26,0,5.44262865932827,1
227,1,16.75,26,5.44262865932827,5.57308980216335,1
227,1,16.75,26,5.57308980216335,5.60857590432921,1
227,1,16.75,26,5.60857590432921,9.80755622690119,1
227,1,16.75,26,9.80755622690119,9.86012902805915,1
227,1,16.75,26,9.86012902805915,10.1999080745973,1
227,1,16.75,26,10.1999080745973,10.2102963126172,1
227,1,16.75,26,10.2102963126172,10.5542038542666,1
227,1,16.75,26,10.5542038542666,10.8325331564838,1
227,1,16.75,26,10.8325331564838,11.5978920093553,1
227,1,16.75,26,11.5978920093553,11.7480424286516,1
227,1,16.75,26,11.7480424286516,12.586587871189,1
227,1,16.75,26,12.586587871189,12.7594160827863,1
227,1,16.75,26,12.7594160827863,13.0811826836885,1
227,1,16.75,26,13.0811826836885,13.8083010554344,1
227,1,16.75,26,13.8083010554344,14.1740713648995,1
227,1,16.75,26,14.1740713648995,15.2315817081998,1
227,1,16.75,26,15.2315817081998,15.2880953016387,1
227,1,16.75,26,15.2880953016387,15.4260587083849,1
227,1,16.75,26,15.4260587083849,15.6584342572174,1
227,1,16.75,26,15.6584342572174,15.7444669205271,1
227,1,16.75,26,15.7444669205271,16.0023912879688,1
227,1,16.75,26,16.0023912879688,16.0862222874742,1
227,1,16.75,26,16.0862222874742,16.3862699828968,1
227,1,16.75,26,16.3862699828968,16.4699548251671,1
227,1,16.75,26,16.4699548251671,16.5237237422421,1
227,1,16.75,26,16.5237237422421,16.75,0
228,1,20.75,0,0,20.75,0
229,1,18.75,51,0,3.12908081842309,1
229,1,18.75,51,3.12908081842309,5.83905455575883,1
229,1,18.75,51,5.83905455575883,6.5636474950992,1
229,1,18.75,51,6.5636474950992,7.517275860895,1
229,1,18.75,51,7.517275860895,7.87825459465784,1
229,1,18.75,51,7.87825459465784,9.82439298677975,1
229,1,18.75,51,9.82439298677975,10.0204317593649,1
229,1,18.75,51,10.0204317593649,10.5369043323147,1
229,1,18.75,51,10.5369043323147,10.8746507032545,1
229,1,18.75,51,10.8746507032545,10.9746802654389,1
229,1,18.75,51,10.9746802654389,11.1474634731566,1
229,1,18.75,51,11.1474634731566,11.249524517694,1
229,1,18.75,51,11.249524517694,11.5527289116762,1
229,1,18.75,51,11.5527289116762,11.8492891554194,1
229,1,18.75,51,11.8492891554194,12.272718850958,1
229,1,18.75,51,12.272718850958,12.3974195386499,1
229,1,18.75,51,12.3974195386499,12.4058285755216,1
229,1,18.75,51,12.4058285755216,13.0407982989078,1
229,1,18.75,51,13.0407982989078,13.7920343463722,1
229,1,18.75,51,13.7920343463722,13.9423448128462,1
229,1,18.75,51,13.9423448128462,13.9630619983038,1
229,1,18.75,51,13.9630619983038,14.3257564102645,1
229,1,18.75,51,14.3257564102645,14.6819257863218,1
229,1,18.75,51,14.6819257863218,14.8089263492602,1
229,1,18.75,51,14.8089263492602,15.0351712242112,1
229,1,18.75,51,15.0351712242112,15.1583123336615,1
229,1,18.75,51,15.1583123336615,15.2003037169962,1
229,1,18.75,51,15.2003037169962,15.2968809728895,1
229,1,18.75,51,15.2968809728895,15.3574750010649,1
229,1,18.75,51,15.3574750010649,15.5607703607134,1
229,1,18.75,51,15.5607703607134,15.5745549927953,1
229,1,18.75,51,15.5745549927953,15.5910456697082,1
229,1,18.75,51,15.5910456697082,15.6441982173733,1
229,1,18.75,51,15.6441982173733,15.6846526736887,1
229,1,18.75,51,15.6846526736887,15.71572238664,1
229,1,18.75,51,15.71572238664,15.9289504805923,1
229,1,18.75,51,15.9289504805923,16.089361727978,1
229,1,18.75,51,16.089361727978,16.3563235750029,1
229,1,18.75,51,16.3563235750029,16.3581610230734,1
229,1,18.75,51,16.3581610230734,16.4084333308862,1
229,1,18.75,51,16.4084333308862,16.4194540368555,1
229,1,18.75,51,16.4194540368555,17.2639183900106,1
229,1,18.75,51,17.2639183900106,17.4124954806867,1
229,1,18.75,51,17.4124954806867,17.4981958660155,1
229,1,18.75,51,17.4981958660155,17.6306766491657,1
229,1,18.75,51,17.6306766491657,18.0133783913247,1
229,1,18.75,51,18.0133783913247,18.1048633281025,1
229,1,18.75,51,18.1048633281025,18.1105819920493,1
229,1,18.75,51,18.1105819920493,18.1349181273577,1
229,1,18.75,51,18.1349181273577,18.3479841211826,1
229,1,18.75,51,18.3479841211826,18.3576858688133,1
229,1,18.75,51,18.3576858688133,18.75,0
230,1,13.75,25,0,3.4664648645822,1
230,1,13.75,25,3.4664648645822,3.6020104087284,1
230,1,13.75,25,3.6020104087284,6.16986748721779,1
230,1,13.75,25,6.16986748721779,7.07884066169538,1
230,1,13.75,25,7.07884066169538,7.65755034021087,1
230,1,13.75,25,7.65755034021087,8.03830516373827,1
230,1,13.75,25,8.03830516373827,8.64886213414561,1
230,1,13.75,25,8.64886213414561,8.64942599235273,1
230,1,13.75,25,8.64942599235273,9.20075744597657,1
230,1,13.75,25,9.20075744597657,9.68191010187686,1
230,1,13.75,25,9.68191010187686,9.76986303258123,1
230,1,13.75,25,9.76986303258123,9.87550116943877,1
230,1,13.75,25,9.87550116943877,9.91661336410361,1
230,1,13.75,25,9.91661336410361,10.07381453599,1
230,1,13.75,25,10.07381453599,10.4676378301339,1
230,1,13.75,25,10.4676378301339,10.7306682009925,1
230,1,13.75,25,10.7306682009925,10.7700165288209,1
230,1,13.75,25,10.7700165288209,10.7897191289647,1
230,1,13.75,25,10.7897191289647,10.909983485343,1
230,1,13.75,25,10.909983485343,11.2267602886151,1
230,1,13.75,25,11.2267602886151,11.4267240234609,1
230,1,13.75,25,11.4267240234609,11.8051609145801,1
230,1,13.75,25,11.8051609145801,12.0651343781096,1
230,1,13.75,25,12.0651343781096,12.3166478771754,1
230,1,13.75,25,12.3166478771754,12.5374624062596,1
230,1,13.75,25,12.5374624062596,13.75,0
231,1,14.75,22,0,3.80247944430438,1
231,1,14.75,22,3.80247944430438,7.11743020229918,1
231,1,14.75,22,7.11743020229918,7.43433673732727,1
231,1,14.75,22,7.43433673732727,7.68199729185572,1
231,1,14.75,22,7.68199729185572,9.46344679867661,1
231,1,14.75,22,9.46344679867661,10.0759504611054,1
231,1,14.75,22,10.0759504611054,10.2348637283863,1
231,1,14.75,22,10.2348637283863,10.2417229067559,1
231,1,14.75,22,10.2417229067559,10.2831728542086,1
231,1,14.75,22,10.2831728542086,10.4963309923315,1
231,1,14.75,22,10.4963309923315,10.5048260175141,1
231,1,14.75,22,10.5048260175141,10.6403307218469,1
231,1,14.75,22,10.6403307218469,10.7083258164488,1
231,1,14.75,22,10.7083258164488,11.0940029924572,1
231,1,14.75,22,11.0940029924572,11.7634375108702,1
231,1,14.75,22,11.7634375108702,12.5250012598875,1
231,1,14.75,22,12.5250012598875,13.1875826566002,1
231,1,14.75,22,13.1875826566002,13.373043092041,1
231,1,14.75,22,13.373043092041,13.5945165285878,1
231,1,14.75,22,13.5945165285878,13.8695682338517,1
231,1,14.75,22,13.8695682338517,13.9455423235137,1
231,1,14.75,22,13.9455423235137,14.4736247342031,1
231,1,14.75,22,14.4736247342031,14.75,0
232,1,10.75,2,0,1.88641833311047,1
232,1,10.75,2,1.88641833311047,2.02938946836358,1
232,1,10.75,2,2.02938946836358,10.75,0
233,1,11.75,1,0,2.49256369209673,1
233,1,11.75,1,2.49256369209673,11.75,0
234,1,13.75,20,0,3.48624830019616,1
234,1,13.75,20,3.48624830019616,3.67919682732126,1
234,1,13.75,20,3.67919682732126,5.50167582597117,1
234,1,13.75,20,5.50167582597117,6.75174654078434,1
234,1,13.75,20,6.75174654078434,6.80935189016981,1
234,1,13.75,20,6.80935189016981,7.95152846278694,1
234,1,13.75,20,7.95152846278694,7.99250396535801,1
234,1,13.75,20,7.99250396535801,9.19582701424122,1
234,1,13.75,20,9.19582701424122,9.2473027443196,1
234,1,13.75,20,9.2473027443196,10.408544798874,1
234,1,13.75,20,10.408544798874,10.4124261934434,1
234,1,13.75,20,10.4124261934434,11.5510853813606,1
234,1,13.75,20,11.5510853813606,11.655575720118,1
234,1,13.75,20,11.655575720118,11.8181810997501,1
234,1,13.75,20,11.8181810997501,12.478270914633,1
234,1,13.75,20,12.478270914633,12.5203571469087,1
234,1,13.75,20,12.5203571469087,13.0599444756325,1
234,1,13.75,20,13.0599444756325,13.5899993395801,1
234,1,13.75,20,13.5899993395801,13.6409667682436,1
234,1,13.75,20,13.6409667682436,13.6625397776397,1
234,1,13.75,20,13.6625397776397,13.75,0
235,1,17.75,1,0,7.26218822667929,1
235,1,17.75,1,7.26218822667929,17.75,0
236,1,18.75,63,0,3.74631974497344,1
236,1,18.75,63,3.74631974497344,5.09748639717722,1
236,1,18.75,63,5.09748639717722,5.21006537590278,1
236,1,18.75,63,5.21006537590278,5.99452944676526,1
236,1,18.75,63,5.99452944676526,6.47071202260553,1
236,1,18.75,63,6.47071202260553,7.01394276748947,1
236,1,18.75,63,7.01394276748947,7.36305039203681,1
236,1,18.75,63,7.36305039203681,8.08115971516914,1
236,1,18.75,63,8.08115971516914,8.1448340093302,1
236,1,18.75,63,8.1448340093302,9.01729026338111,1
236,1,18.75,63,9.01729026338111,9.90153531946501,1
236,1,18.75,63,9.90153531946501,9.90744550305942,1
236,1,18.75,63,9.90744550305942,10.108693727142,1
236,1,18.75,63,10.108693727142,10.4083906196437,1
236,1,18.75,63,10.4083906196437,10.5219654255175,1
236,1,18.75,63,10.5219654255175,10.5291795855255,1
236,1,18.75,63,10.5291795855255,11.1709886776097,1
236,1,18.75,63,11.1709886776097,11.1881444613787,1
236,1,18.75,63,11.1881444613787,11.3150635283677,1
236,1,18.75,63,11.3150635283677,11.3869737244147,1
236,1,18.75,63,11.3869737244147,11.9712441014021,1
236,1,18.75,63,11.9712441014021,12.0214630241134,1
236,1,18.75,63,12.0214630241134,12.1042816961295,1
236,1,18.75,63,12.1042816961295,12.1810297575034,1
236,1,18.75,63,12.1810297575034,12.4852905059385,1
236,1,18.75,63,12.4852905059385,12.7325533318556,1
236,1,18.75,63,12.7325533318556,12.8954812089331,1
236,1,18.75,63,12.8954812089331,12.9117687661329,1
236,1,18.75,63,12.9117687661329,13.3501854390643,1
236,1,18.75,63,13.3501854390643,13.3603547601817,1
236,1,18.75,63,13.3603547601817,13.4344942781029,1
236,1,18.75,63,13.4344942781029,13.4755343576709,1
236,1,18.75,63,13.4755343576709,13.4918113957879,1
236,1,18.75,63,13.4918113957879,14.0248620780409,1
236,1,18.75,63,14.0248620780409,14.2724529819859,1
236,1,18.75,63,14.2724529819859,14.4413082084413,1
236,1,18.75,63,14.4413082084413,14.5859022262789,1
236,1,18.75,63,14.5859022262789,14.8180262540095,1
236,1,18.75,63,14.8180262540095,15.203968612167,1
236,1,18.75,63,15.203968612167,15.3940030681975,1
236,1,18.75,63,15.3940030681975,15.6028136079263,1
236,1,18.75,63,15.6028136079263,15.7142143837609,1
236,1,18.75,63,15.7142143837609,15.8154775382953,1
236,1,18.75,63,15.8154775382953,16.0032040528653,1
236,1,18.75,63,16.0032040528653,16.2592811241134,1
236,1,18.75,63,16.2592811241134,16.6366674256655,1
236,1,18.75,63,16.6366674256655,16.7047947333977,1
236,1,18.75,63,16.7047947333977,16.7324443136186,1
236,1,18.75,63,16.7324443136186,16.9064476416699,1
236,1,18.75,63,16.9064476416699,17.019441919325,1
236,1,18.75,63,17.019441919325,17.146006868074,1
236,1,18.75,63,17.146006868074,17.20895694828,1
236,1,18.75,63,17.20895694828,17.3763332071124,1
236,1,18.75,63,17.3763332071124,17.6992321465323,1
236,1,18.75,63,17.6992321465323,17.9411330882015,1
236,1,18.75,63,17.9411330882015,17.987917319871,1
236,1,18.75,63,17.987917319871,18.153024904006,1
236,1,18.75,63,18.153024904006,18.1943882188944,1
236,1,18.75,63,18.1943882188944,18.2266723781797,1
236,1,18.75,63,18.2266723781797,18.2455766025844,1
236,1,18.75,63,18.2455766025844,18.4175195469883,1
236,1,18.75,63,18.4175195469883,18.6511314781974,1
236,1,18.75,63,18.6511314781974,18.6950907338472,1
236,1,18.75,63,18.6950907338472,18.75,0
237,1,18.75,2,0,6.15085558189872,1
237,1,18.75,2,6.15085558189872,14.8722316406368,1
237,1,18.75,2,14.8722316406368,18.75,0
238,1,10.75,2,0,1.67828875839454,1
238,1,10.75,2,1.67828875839454,7.70806323713265,1
238,1,10.75,2,7.70806323713265,10.75,0
239,1,16.75,16,0,8.18348352519263,1
239,1,16.75,16,8.18348352519263,9.94985198881298,1
239,1,16.75,16,9.94985198881298,10.2918733457166,1
239,1,16.75,16,10.2918733457166,10.9095848184884,1
239,1,16.75,16,10.9095848184884,10.9149808261548,1
239,1,16.75,16,10.9149808261548,11.7411340198401,1
239,1,16.75,16,11.7411340198401,12.4549186748803,1
239,1,16.75,16,12.4549186748803,12.9227701672299,1
239,1,16.75,16,12.9227701672299,12.9594868444559,1
239,1,16.75,16,12.9594868444559,13.3212973126767,1
239,1,16.75,16,13.3212973126767,14.377708519522,1
239,1,16.75,16,14.377708519522,15.2208374360601,1
239,1,16.75,16,15.2208374360601,15.4551718886043,1
239,1,16.75,16,15.4551718886043,16.1095577273379,1
239,1,16.75,16,16.1095577273379,16.2174310895472,1
239,1,16.75,16,16.2174310895472,16.2945776947944,1
239,1,16.75,16,16.2945776947944,16.75,0
240,1,9.75,9,0,3.25153954531095,1
240,1,9.75,9,3.25153954531095,5.19047407169569,1
240,1,9.75,9,5.19047407169569,6.79130037101708,1
240,1,9.75,9,6.79130037101708,7.02649367237783,1
240,1,9.75,9,7.02649367237783,7.70561878679871,1
240,1,9.75,9,7.70561878679871,8.18068891080424,1
240,1,9.75,9,8.18068891080424,8.42165957311545,1
240,1,9.75,9,8.42165957311545,9.22140127543515,1
240,1,9.75,9,9.22140127543515,9.47803405850538,1
240,1,9.75,9,9.47803405850538,9.75,0
241,1,10.75,0,0,10.75,0
242,1,13.75,26,0,4.36524971486093,1
242,1,13.75,26,4.36524971486093,4.85239239861153,1
242,1,13.75,26,4.85239239861153,6.50352995145389,1
242,1,13.75,26,6.50352995145389,6.7685232293988,1
242,1,13.75,26,6.7685232293988,7.01888109882044,1
242,1,13.75,26,7.01888109882044,7.29964662435903,1
242,1,13.75,26,7.29964662435903,7.73401375698355,1
242,1,13.75,26,7.73401375698355,8.54546911578114,1
242,1,13.75,26,8.54546911578114,9.15417380177913,1
242,1,13.75,26,9.15417380177913,10.6395412985017,1
242,1,13.75,26,10.6395412985017,10.8652516092372,1
242,1,13.75,26,10.8652516092372,11.0250345902568,1
242,1,13.75,26,11.0250345902568,11.316904208272,1
242,1,13.75,26,11.316904208272,11.5141533389293,1
242,1,13.75,26,11.5141533389293,11.6063734555118,1
242,1,13.75,26,11.6063734555118,11.9804949780237,1
242,1,13.75,26,11.9804949780237,12.018491359485,1
242,1,13.75,26,12.018491359485,12.0816088486432,1
242,1,13.75,26,12.0816088486432,12.4299617190818,1
242,1,13.75,26,12.4299617190818,12.5075058347387,1
242,1,13.75,26,12.5075058347387,12.8208027015632,1
242,1,13.75,26,12.8208027015632,12.8274559692854,1
242,1,13.75,26,12.8274559692854,12.9382987686049,1
242,1,13.75,26,12.9382987686049,12.9844763036919,1
242,1,13.75,26,12.9844763036919,13.4523161087434,1
242,1,13.75,26,13.4523161087434,13.5916338989599,1
242,1,13.75,26,13.5916338989599,13.75,0
243,1,15.75,3,0,0.0530860122871092,1
243,1,15.75,3,0.0530860122871092,4.75015519104353,1
243,1,15.75,3,4.75015519104353,10.9308479561222,1
243,1,15.75,3,10.9308479561222,15.75,0
244,1,14.75,3,0,1.39226545496133,1
244,1,14.75,3,1.39226545496133,3.56784626903463,1
244,1,14.75,3,3.56784626903463,9.48400549780676,1
244,1,14.75,3,9.48400549780676,14.75,0
245,1,11.75,42,0,2.19829259721765,1
245,1,11.75,42,2.19829259721765,4.09784763932592,1
245,1,11.75,42,4.09784763932592,4.54090616388984,1
245,1,11.75,42,4.54090616388984,4.71463549329445,1
245,1,11.75,42,4.71463549329445,5.06990390437244,1
245,1,11.75,42,5.06990390437244,5.07060121432304,1
245,1,11.75,42,5.07060121432304,5.3080921310428,1
245,1,11.75,42,5.3080921310428,5.71747684203786,1
245,1,11.75,42,5.71747684203786,5.78677425031876,1
245,1,11.75,42,5.78677425031876,5.89472471626321,1
245,1,11.75,42,5.89472471626321,6.06449581688537,1
245,1,11.75,42,6.06449581688537,6.65581527034469,1
245,1,11.75,42,6.65581527034469,6.84597764806312,1
245,1,11.75,42,6.84597764806312,7.43128324366407,1
245,1,11.75,42,7.43128324366407,7.50831783392934,1
245,1,11.75,42,7.50831783392934,7.53801449939346,1
245,1,11.75,42,7.53801449939346,7.7375748085026,1
245,1,11.75,42,7.7375748085026,7.88625766848912,1
245,1,11.75,42,7.88625766848912,7.92456122951425,1
245,1,11.75,42,7.92456122951425,7.93690021410615,1
245,1,11.75,42,7.93690021410615,8.07071528387007,1
245,1,11.75,42,8.07071528387007,8.37104207224138,1
245,1,11.75,42,8.37104207224138,8.59600004349564,1
245,1,11.75,42,8.59600004349564,8.74598824026446,1
245,1,11.75,42,8.74598824026446,8.76415075040083,1
245,1,11.75,42,8.76415075040083,9.27604266007055,1
245,1,11.75,42,9.27604266007055,9.37208984566091,1
245,1,11.75,42,9.37208984566091,9.53079069340519,1
245,1,11.75,42,9.53079069340519,10.0605308814686,1
245,1,11.75,42,10.0605308814686,10.4625934786902,1
245,1,11.75,42,10.4625934786902,10.5720504995531,1
245,1,11.75,42,10.5720504995531,10.6587169202064,1
245,1,11.75,42,10.6587169202064,10.8222062230881,1
245,1,11.75,42,10.8222062230881,10.8499444978522,1
245,1,11.75,42,10.8499444978522,10.9010830014144,1
245,1,11.75,42,10.9010830014144,11.0735094689334,1
245,1,11.75,42,11.0735094689334,11.1024499905084,1
245,1,11.75,42,11.1024499905084,11.1148837234913,1
245,1,11.75,42,11.1148837234913,11.1184005043616,1
245,1,11.75,42,11.1184005043616,11.3271043687938,1
245,1,11.75,42,11.3271043687938,11.5020141426094,1
245,1,11.75,42,11.5020141426094,11.704787277137,1
245,1,11.75,42,11.704787277137,11.75,0
246,1,11.75,17,0,3.38945710092526,1
246,1,11.75,17,3.38945710092526,5.26419559620302,1
246,1,11.75,17,5.26419559620302,5.99545310284196,1
246,1,11.75,17,5.99545310284196,6.66842034384081,1
246,1,11.75,17,6.66842034384081,7.4872097215781,1
246,1,11.75,17,7.4872097215781,7.803153850998,1
246,1,11.75,17,7.803153850998,7.82376303876466,1
246,1,11.75,17,7.82376303876466,8.4957168394434,1
246,1,11.75,17,8.4957168394434,9.52175027080059,1
246,1,11.75,17,9.52175027080059,9.54557761594359,1
246,1,11.75,17,9.54557761594359,9.56493537277502,1
246,1,11.75,17,9.56493537277502,9.62433526599968,1
246,1,11.75,17,9.62433526599968,9.66876015324312,1
246,1,11.75,17,9.66876015324312,11.2822948301156,1
246,1,11.75,17,11.2822948301156,11.3135419615089,1
246,1,11.75,17,11.3135419615089,11.4962776853998,1
246,1,11.75,17,11.4962776853998,11.5574906672402,1
246,1,11.75,17,11.5574906672402,11.75,0
247,1,11.75,1,0,2.07980571010077,1
247,1,11.75,1,2.07980571010077,11.75,0
248,1,10.75,13,0,3.67527492295025,1
248,1,10.75,13,3.67527492295025,3.84165416752443,1
248,1,10.75,13,3.84165416752443,5.50240359868391,1
248,1,10.75,13,5.50240359868391,5.83674341121051,1
248,1,10.75,13,5.83674341121051,6.84107595800685,1
248,1,10.75,13,6.84107595800685,7.16484209486178,1
248,1,10.75,13,7.16484209486178,7.88727961444679,1
248,1,10.75,13,7.88727961444679,8.74368329972243,1
248,1,10.75,13,8.74368329972243,9.69112922029367,1
248,1,10.75,13,9.69112922029367,9.87932497470635,1
248,1,10.75,13,9.87932497470635,10.2639249678316,1
248,1,10.75,13,10.2639249678316,10.2662652752494,1
248,1,10.75,13,10.2662652752494,10.7269550987046,1
248,1,10.75,13,10.7269550987046,10.75,0
249,1,17.75,31,0,6.10896833960113,1
249,1,17.75,31,6.10896833960113,6.58646025828575,1
249,1,17.75,31,6.58646025828575,7.04281304363119,1
249,1,17.75,31,7.04281304363119,9.31250403889697,1
249,1,17.75,31,9.31250403889697,9.49332586087583,1
249,1,17.75,31,9.49332586087583,9.51762683225777,1
249,1,17.75,31,9.51762683225777,9.9061830565436,1
249,1,17.75,31,9.9061830565436,10.1031675549109,1
249,1,17.75,31,10.1031675549109,10.4496178254082,1
249,1,17.75,31,10.4496178254082,11.7077783553981,1
249,1,17.75,31,11.7077783553981,11.8163993718869,1
249,1,17.75,31,11.8163993718869,11.8380860116288,1
249,1,17.75,31,11.8380860116288,12.4275668698148,1
249,1,17.75,31,12.4275668698148,13.5913609264822,1
249,1,17.75,31,13.5913609264822,14.0418344595606,1
249,1,17.75,31,14.0418344595606,14.063086162487,1
249,1,17.75,31,14.063086162487,14.4203231927128,1
249,1,17.75,31,14.4203231927128,14.581820432416,1
249,1,17.75,31,14.581820432416,14.5899956249035,1
249,1,17.75,31,14.5899956249035,14.7789325822071,1
249,1,17.75,31,14.7789325822071,15.0213034761173,1
249,1,17.75,31,15.0213034761173,15.1946238664532,1
249,1,17.75,31,15.1946238664532,15.4034425407065,1
249,1,17.75,31,15.4034425407065,15.4697571654508,1
249,1,17.75,31,15.4697571654508,15.8448328050408,1
249,1,17.75,31,15.8448328050408,16.0853845451489,1
249,1,17.75,31,16.0853845451489,16.8563057495472,1
249,1,17.75,31,16.8563057495472,16.8948005011439,1
249,1,17.75,31,16.8948005011439,17.1479256075738,1
249,1,17.75,31,17.1479256075738,17.3877609288089,1
249,1,17.75,31,17.3877609288089,17.6671735893742,1
249,1,17.75,31,17.6671735893742,17.75,0
250,1,14.75,1,0,4.22434016250973,1
250,1,14.75,1,4.22434016250973,14.75,0
251,1,17.75,6,0,2.17489046917894,1
251,1,17.75,6,2.17489046917894,2.56279928952374,1
251,1,17.75,6,2.56279928952374,3.54552641674088,1
251,1,17.75,6,3.54552641674088,3.95276683956913,1
251,1,17.75,6,3.95276683956913,5.49909765701289,1
251,1,17.75,6,5.49909765701289,9.24188233575102,1
251,1,17.75,6,9.24188233575102,17.75,0
252,1,16.75,2,0,0.267369417099321,1
252,1,16.75,2,0.267369417099321,0.900088988291027,1
252,1,16.75,2,0.900088988291027,16.75,0
253,1,16.75,2,0,5.97117373061665,1
253,1,16.75,2,5.97117373061665,13.1221475553439,1
253,1,16.75,2,13.1221475553439,16.75,0
254,1,12.75,1,0,10.7565872447918,1
254,1,12.75,1,10.7565872447918,12.75,0
255,1,8.75,0,0,8.75,0
256,1,13.75,3,0,1.64195882323375,1
256,1,13.75,3,1.64195882323375,6.18828301265408,1
256,1,13.75,3,6.18828301265408,11.780706692373,1
256,1,13.75,3,11.780706692373,13.75,0
257,1,13.75,28,0,2.07117091568185,1
257,1,13.75,28,2.07117091568185,3.07312944422407,1
257,1,13.75,28,3.07312944422407,3.10884458290222,1
257,1,13.75,28,3.10884458290222,3.94994199491775,1
257,1,13.75,28,3.94994199491775,5.65099223379622,1
257,1,13.75,28,5.65099223379622,8.56624649404485,1
257,1,13.75,28,8.56624649404485,8.80255540433009,1
257,1,13.75,28,8.80255540433009,9.37846278207223,1
257,1,13.75,28,9.37846278207223,9.74172465587351,1
257,1,13.75,28,9.74172465587351,9.76760249195066,1
257,1,13.75,28,9.76760249195066,9.85983731065378,1
257,1,13.75,28,9.85983731065378,10.3562967916955,1
257,1,13.75,28,10.3562967916955,10.3869313739004,1
257,1,13.75,28,10.3869313739004,10.4790716007187,1
257,1,13.75,28,10.4790716007187,10.7409352923693,1
257,1,13.75,28,10.7409352923693,10.7956410058617,1
257,1,13.75,28,10.7956410058617,11.1465806518686,1
257,1,13.75,28,11.1465806518686,11.3081116686135,1
257,1,13.75,28,11.3081116686135,11.6256958965801,1
257,1,13.75,28,11.6256958965801,11.7846594695735,1
257,1,13.75,28,11.7846594695735,11.9602622566925,1
257,1,13.75,28,11.9602622566925,12.1305575309897,1
257,1,13.75,28,12.1305575309897,12.3425416092454,1
257,1,13.75,28,12.3425416092454,12.486970952612,1
257,1,13.75,28,12.486970952612,12.9350544325184,1
257,1,13.75,28,12.9350544325184,13.1789846758883,1
257,1,13.75,28,13.1789846758883,13.6283332870912,1
257,1,13.75,28,13.6283332870912,13.7200806473385,1
257,1,13.75,28,13.7200806473385,13.75,0
258,1,18.75,1,0,4.04700257428304,1
258,1,18.75,1,4.04700257428304,18.75,0
259,1,9.75,3,0,1.1130789579162,1
259,1,9.75,3,1.1130789579162,2.74411450733109,1
259,1,9.75,3,2.74411450733109,5.27849024044217,1
259,1,9.75,3,5.27849024044217,9.75,0
260,1,20.75,73,0,1.94748038256048,1
260,1,20.75,73,1.94748038256048,3.32400894820922,1
260,1,20.75,73,3.32400894820922,3.71439365841137,1
260,1,20.75,73,3.71439365841137,3.98795918501036,1
260,1,20.75,73,3.98795918501036,5.21644109373187,1
260,1,20.75,73,5.21644109373187,5.62268747363899,1
260,1,20.75,73,5.62268747363899,6.13147479701487,1
260,1,20.75,73,6.13147479701487,6.76334810532344,1
260,1,20.75,73,6.76334810532344,7.05775316478663,1
260,1,20.75,73,7.05775316478663,7.56865527973879,1
260,1,20.75,73,7.56865527973879,8.03874660954896,1
260,1,20.75,73,8.03874660954896,8.32282480820392,1
260,1,20.75,73,8.32282480820392,8.32790522653684,1
260,1,20.75,73,8.32790522653684,8.85272794759159,1
260,1,20.75,73,8.85272794759159,9.18995466625335,1
260,1,20.75,73,9.18995466625335,9.66602643718926,1
260,1,20.75,73,9.66602643718926,9.83227231415458,1
260,1,20.75,73,9.83227231415458,10.2604534377061,1
260,1,20.75,73,10.2604534377061,10.6618101696785,1
260,1,20.75,73,10.6618101696785,11.2129185470682,1
260,1,20.75,73,11.2129185470682,11.6225145816642,1
260,1,20.75,73,11.6225145816642,11.6389838090856,1
260,1,20.75,73,11.6389838090856,11.9483452016803,1
260,1,20.75,73,11.9483452016803,12.0429820913811,1
260,1,20.75,73,12.0429820913811,12.5564414080896,1
260,1,20.75,73,12.5564414080896,12.6293571359021,1
260,1,20.75,73,12.6293571359021,12.8031018758944,1
260,1,20.75,73,12.8031018758944,12.8468538114263,1
260,1,20.75,73,12.8468538114263,12.8940144265433,1
260,1,20.75,73,12.8940144265433,12.96545435022,1
260,1,20.75,73,12.96545435022,13.1513689673869,1
260,1,20.75,73,13.1513689673869,13.2301078188518,1
260,1,20.75,73,13.2301078188518,13.3440431289827,1
260,1,20.75,73,13.3440431289827,13.9378494976846,1
260,1,20.75,73,13.9378494976846,14.3376429763969,1
260,1,20.75,73,14.3376429763969,14.442411823479,1
260,1,20.75,73,14.442411823479,14.5819818888295,1
260,1,20.75,73,14.5819818888295,14.7235097468628,1
260,1,20.75,73,14.7235097468628,14.8397280372779,1
260,1,20.75,73,14.8397280372779,15.0302111472058,1
260,1,20.75,73,15.0302111472058,15.0370156366879,1
260,1,20.75,73,15.0370156366879,15.1848766117678,1
260,1,20.75,73,15.1848766117678,15.3520598849025,1
260,1,20.75,73,15.3520598849025,15.521502390824,1
260,1,20.75,73,15.521502390824,15.6309797401556,1
260,1,20.75,73,15.6309797401556,15.9381504175396,1
260,1,20.75,73,15.9381504175396,16.2741689010193,1
260,1,20.75,73,16.2741689010193,16.3559027663418,1
260,1,20.75,73,16.3559027663418,16.4617556206956,1
260,1,20.75,73,16.4617556206956,16.731168679945,1
260,1,20.75,73,16.731168679945,16.8327867208432,1
260,1,20.75,73,16.8327867208432,17.1041239172896,1
260,1,20.75,73,17.1041239172896,17.3786979893968,1
260,1,20.75,73,17.3786979893968,17.6508780741145,1
260,1,20.75,73,17.6508780741145,18.0172647064744,1
260,1,20.75,73,18.0172647064744,18.0657174924145,1
260,1,20.75,73,18.0657174924145,18.2965788921865,1
260,1,20.75,73,18.2965788921865,18.5147106332742,1
260,1,20.75,73,18.5147106332742,18.5934798411035,1
260,1,20.75,73,18.5934798411035,18.5977182945001,1
260,1,20.75,73,18.5977182945001,18.9928938898652,1
260,1,20.75,73,18.9928938898652,19.0024525204366,1
260,1,20.75,73,19.0024525204366,19.0775340785377,1
260,1,20.75,73,19.0775340785377,19.2400603651484,1
260,1,20.75,73,19.2400603651484,19.2639188203913,1
260,1,20.75,73,19.2639188203913,19.3576629004918,1
260,1,20.75,73,19.3576629004918,19.4469837389708,1
260,1,20.75,73,19.4469837389708,19.6175290458735,1
260,1,20.75,73,19.6175290458735,19.8450220208563,1
260,1,20.75,73,19.8450220208563,19.8979879347436,1
260,1,20.75,73,19.8979879347436,19.902593275214,1
260,1,20.75,73,19.902593275214,19.9817987352098,1
260,1,20.75,73,19.9817987352098,20.6886940785285,1
260,1,20.75,73,20.6886940785285,20.75,0
261,1,9.75,9,0,4.16628170181898,1
261,1,9.75,9,4.16628170181898,4.49848768576171,1
261,1,9.75,9,4.49848768576171,6.85523956700761,1
261,1,9.75,9,6.85523956700761,7.04848538907391,1
261,1,9.75,9,7.04848538907391,7.83482396224005,1
261,1,9.75,9,7.83482396224005,7.91430555303656,1
261,1,9.75,9,7.91430555303656,7.91519327287832,1
261,1,9.75,9,7.91519327287832,8.34474756412777,1
261,1,9.75,9,8.34474756412777,9.20070215963858,1
261,1,9.75,9,9.20070215963858,9.75,0
262,1,15.75,1,0,1.69980540645089,1
262,1,15.75,1,1.69980540645089,15.75,0
263,1,16.75,2,0,0.83912751097627,1
263,1,16.75,2,0.83912751097627,1.01739003101299,1
263,1,16.75,2,1.01739003101299,16.75,0
264,1,12.75,4,0,0.930319342502518,1
264,1,12.75,4,0.930319342502518,4.12793080682261,1
264,1,12.75,4,4.12793080682261,6.66559317269557,1
264,1,12.75,4,6.66559317269557,9.70124952271326,1
264,1,12.75,4,9.70124952271326,12.75,0
265,1,11.75,2,0,1.76225723246901,1
265,1,11.75,2,1.76225723246901,4.74041473893988,1
265,1,11.75,2,4.74041473893988,11.75,0
266,1,11.75,2,0,3.63082933170957,1
266,1,11.75,2,3.63082933170957,10.9094704397702,1
266,1,11.75,2,10.9094704397702,11.75,0
267,1,17.75,88,0,2.44022597244669,1
267,1,17.75,88,2.44022597244669,2.77628640754044,1
267,1,17.75,88,2.77628640754044,3.0896961766483,1
267,1,17.75,88,3.0896961766483,3.11815590813011,1
267,1,17.75,88,3.11815590813011,3.4066102657059,1
267,1,17.75,88,3.4066102657059,4.32449191534069,1
267,1,17.75,88,4.32449191534069,4.39987659817701,1
267,1,17.75,88,4.39987659817701,5.22122346603546,1
267,1,17.75,88,5.22122346603546,5.36667395854343,1
267,1,17.75,88,5.36667395854343,6.16321693150369,1
267,1,17.75,88,6.16321693150369,6.47506922110953,1
267,1,17.75,88,6.47506922110953,6.87939538360694,1
267,1,17.75,88,6.87939538360694,7.17131329384646,1
267,1,17.75,88,7.17131329384646,7.36758254434429,1
267,1,17.75,88,7.36758254434429,7.53887335871446,1
267,1,17.75,88,7.53887335871446,7.84550288100536,1
267,1,17.75,88,7.84550288100536,8.05944922402553,1
267,1,17.75,88,8.05944922402553,8.11510867972655,1
267,1,17.75,88,8.11510867972655,8.1464839171628,1
267,1,17.75,88,8.1464839171628,8.25273556064339,1
267,1,17.75,88,8.25273556064339,8.40606210965519,1
267,1,17.75,88,8.40606210965519,8.6639474061514,1
267,1,17.75,88,8.6639474061514,9.0308293132642,1
267,1,17.75,88,9.0308293132642,9.17360259881393,1
267,1,17.75,88,9.17360259881393,9.22627169563868,1
267,1,17.75,88,9.22627169563868,9.74455569321983,1
267,1,17.75,88,9.74455569321983,10.1635982824366,1
267,1,17.75,88,10.1635982824366,10.1970678327475,1
267,1,17.75,88,10.1970678327475,10.224273539713,1
267,1,17.75,88,10.224273539713,10.2468855808185,1
267,1,17.75,88,10.2468855808185,10.2481969449167,1
267,1,17.75,88,10.2481969449167,10.315314402728,1
267,1,17.75,88,10.315314402728,10.4381482379689,1
267,1,17.75,88,10.4381482379689,10.6333570783837,1
267,1,17.75,88,10.6333570783837,10.7175702016812,1
267,1,17.75,88,10.7175702016812,10.8167722751707,1
267,1,17.75,88,10.8167722751707,10.8501454063762,1
267,1,17.75,88,10.8501454063762,10.9115867079333,1
267,1,17.75,88,10.9115867079333,11.2347843200395,1
267,1,17.75,88,11.2347843200395,11.2942744312733,1
267,1,17.75,88,11.2942744312733,11.3764829377083,1
267,1,17.75,88,11.3764829377083,11.4617608900559,1
267,1,17.75,88,11.4617608900559,11.5455073856208,1
267,1,17.75,88,11.5455073856208,11.6253145788728,1
267,1,17.75,88,11.6253145788728,12.2606143182731,1
267,1,17.75,88,12.2606143182731,12.2957775170427,1
267,1,17.75,88,12.2957775170427,12.3262858100943,1
267,1,17.75,88,12.3262858100943,12.5322093204132,1
267,1,17.75,88,12.5322093204132,12.8897106661534,1
267,1,17.75,88,12.8897106661534,13.0007034965423,1
267,1,17.75,88,13.0007034965423,13.2431722767841,1
267,1,17.75,88,13.2431722767841,13.4325179576921,1
267,1,17.75,88,13.4325179576921,13.4845330437222,1
267,1,17.75,88,13.4845330437222,13.5024929911648,1
267,1,17.75,88,13.5024929911648,13.6800489197852,1
267,1,17.75,88,13.6800489197852,13.859177033149,1
267,1,17.75,88,13.859177033149,14.4711827513683,1
267,1,17.75,88,14.4711827513683,14.4914577128635,1
267,1,17.75,88,14.4914577128635,14.5695885245977,1
267,1,17.75,88,14.5695885245977,14.9412391813097,1
267,1,17.75,88,14.9412391813097,14.9877105212336,1
267,1,17.75,88,14.9877105212336,15.0444750523821,1
267,1,17.75,88,15.0444750523821,15.171632098361,1
267,1,17.75,88,15.171632098361,15.2756895188971,1
267,1,17.75,88,15.2756895188971,15.5507700330287,1
267,1,17.75,88,15.5507700330287,15.7757988004261,1
267,1,17.75,88,15.7757988004261,15.81972279982,1
267,1,17.75,88,15.81972279982,15.8926777751197,1
267,1,17.75,88,15.8926777751197,15.9922378896054,1
267,1,17.75,88,15.9922378896054,15.9984741277713,1
267,1,17.75,88,15.9984741277713,16.0333053703206,1
267,1,17.75,88,16.0333053703206,16.051823983927,1
267,1,17.75,88,16.051823983927,16.149947231317,1
267,1,17.75,88,16.149947231317,16.2803406155357,1
267,1,17.75,88,16.2803406155357,16.2890377307015,1
267,1,17.75,88,16.2890377307015,16.4357008570522,1
267,1,17.75,88,16.4357008570522,16.443538316916,1
267,1,17.75,88,16.443538316916,16.5190903465639,1
267,1,17.75,88,16.5190903465639,16.5710737776323,1
267,1,17.75,88,16.5710737776323,16.6022192784902,1
267,1,17.75,88,16.6022192784902,16.6936029435479,1
267,1,17.75,88,16.6936029435479,16.7037229044392,1
267,1,17.75,88,16.7037229044392,16.7616721914044,1
267,1,17.75,88,16.7616721914044,17.0417803594396,1
267,1,17.75,88,17.0417803594396,17.1893441410324,1
267,1,17.75,88,17.1893441410324,17.2901482383577,1
267,1,17.75,88,17.2901482383577,17.2910959768409,1
267,1,17.75,88,17.2910959768409,17.4852400219689,1
267,1,17.75,88,17.4852400219689,17.75,0
268,1,14.75,2,0,4.89359045750417,1
268,1,14.75,2,4.89359045750417,8.0987821528862,1
268,1,14.75,2,8.0987821528862,14.75,0
269,1,15.75,20,0,2.32350577449116,1
269,1,15.75,20,2.32350577449116,2.66575464487533,1
269,1,15.75,20,2.66575464487533,5.52453188590894,1
269,1,15.75,20,5.52453188590894,6.60521243151072,1
269,1,15.75,20,6.60521243151072,7.25787524454461,1
269,1,15.75,20,7.25787524454461,9.13492436009589,1
269,1,15.75,20,9.13492436009589,9.51006605940099,1
269,1,15.75,20,9.51006605940099,9.6489781862712,1
269,1,15.75,20,9.6489781862712,9.86943055941965,1
269,1,15.75,20,9.86943055941965,10.1632652189907,1
269,1,15.75,20,10.1632652189907,10.5357436807608,1
269,1,15.75,20,10.5357436807608,11.3248078513197,1
269,1,15.75,20,11.3248078513197,12.2338266524345,1
269,1,15.75,20,12.2338266524345,13.2703690497263,1
269,1,15.75,20,13.2703690497263,14.5147649747129,1
269,1,15.75,20,14.5147649747129,14.8377886032829,1
269,1,15.75,20,14.8377886032829,14.9241969985684,1
269,1,15.75,20,14.9241969985684,14.9921784291047,1
269,1,15.75,20,14.9921784291047,15.3191356782399,1
269,1,15.75,20,15.3191356782399,15.5446582884629,1
269,1,15.75,20,15.5446582884629,15.75,0
270,1,16.75,50,0,1.65370254935261,1
270,1,16.75,50,1.65370254935261,2.1263893921978,1
270,1,16.75,50,2.1263893921978,2.51185862728262,1
270,1,16.75,50,2.51185862728262,4.07178240549997,1
270,1,16.75,50,4.07178240549997,5.18442099700391,1
270,1,16.75,50,5.18442099700391,5.28685000000199,1
270,1,16.75,50,5.28685000000199,5.42470638171771,1
270,1,16.75,50,5.42470638171771,6.09800947527782,1
270,1,16.75,50,6.09800947527782,6.19420443398966,1
270,1,16.75,50,6.19420443398966,6.52533481089282,1
270,1,16.75,50,6.52533481089282,6.84351689785778,1
270,1,16.75,50,6.84351689785778,6.84433879893861,1
270,1,16.75,50,6.84433879893861,7.67943703892481,1
270,1,16.75,50,7.67943703892481,8.2242159851474,1
270,1,16.75,50,8.2242159851474,8.4620513752655,1
270,1,16.75,50,8.4620513752655,8.55434619302014,1
270,1,16.75,50,8.55434619302014,8.79216894598748,1
270,1,16.75,50,8.79216894598748,9.66460414841789,1
270,1,16.75,50,9.66460414841789,9.81293119097249,1
270,1,16.75,50,9.81293119097249,9.99141265902939,1
270,1,16.75,50,9.99141265902939,10.0252892188168,1
270,1,16.75,50,10.0252892188168,10.2199436315733,1
270,1,16.75,50,10.2199436315733,11.1467238688847,1
270,1,16.75,50,11.1467238688847,12.6190288776692,1
270,1,16.75,50,12.6190288776692,12.8700082118358,1
270,1,16.75,50,12.8700082118358,13.1080434753283,1
270,1,16.75,50,13.1080434753283,13.3886691027676,1
270,1,16.75,50,13.3886691027676,13.5837715987862,1
270,1,16.75,50,13.5837715987862,13.6753615378311,1
270,1,16.75,50,13.6753615378311,13.7264000357299,1
270,1,16.75,50,13.7264000357299,13.9150279715013,1
270,1,16.75,50,13.9150279715013,13.9527569604185,1
270,1,16.75,50,13.9527569604185,13.9575822676549,1
270,1,16.75,50,13.9575822676549,14.033270649532,1
270,1,16.75,50,14.033270649532,14.1698499058708,1
270,1,16.75,50,14.1698499058708,14.3187707090523,1
270,1,16.75,50,14.3187707090523,14.4167771867915,1
270,1,16.75,50,14.4167771867915,14.5108233273395,1
270,1,16.75,50,14.5108233273395,14.6610107697842,1
270,1,16.75,50,14.6610107697842,14.6767383073182,1
270,1,16.75,50,14.6767383073182,14.73831741334,1
270,1,16.75,50,14.73831741334,15.150220093894,1
270,1,16.75,50,15.150220093894,15.3935773227918,1
270,1,16.75,50,15.3935773227918,15.4202365497244,1
270,1,16.75,50,15.4202365497244,15.6658154471107,1
270,1,16.75,50,15.6658154471107,15.6694341986859,1
270,1,16.75,50,15.6694341986859,16.0431230389337,1
270,1,16.75,50,16.0431230389337,16.4740137881124,1
270,1,16.75,50,16.4740137881124,16.6661173310866,1
270,1,16.75,50,16.6661173310866,16.7104314953469,1
270,1,16.75,50,16.7104314953469,16.75,0
271,1,10.75,1,0,9.97478443812054,1
271,1,10.75,1,9.97478443812054,10.75,0
272,1,13.75,17,0,4.53517118936223,1
272,1,13.75,17,4.53517118936223,6.92512773200361,1
272,1,13.75,17,6.92512773200361,7.56264069301198,1
272,1,13.75,17,7.56264069301198,7.72971410410029,1
272,1,13.75,17,7.72971410410029,7.77379043150361,1
272,1,13.75,17,7.77379043150361,8.82403524392781,1
272,1,13.75,17,8.82403524392781,10.9936667998206,1
272,1,13.75,17,10.9936667998206,11.1567389595855,1
272,1,13.75,17,11.1567389595855,11.5810830656387,1
272,1,13.75,17,11.5810830656387,11.636385173209,1
272,1,13.75,17,11.636385173209,12.1604910724867,1
272,1,13.75,17,12.1604910724867,12.2927536861125,1
272,1,13.75,17,12.2927536861125,12.3119276218517,1
272,1,13.75,17,12.3119276218517,12.7146478956383,1
272,1,13.75,17,12.7146478956383,12.8042832755884,1
272,1,13.75,17,12.8042832755884,12.9638386238756,1
272,1,13.75,17,12.9638386238756,13.4551665530341,1
272,1,13.75,17,13.4551665530341,13.75,0
273,1,12.75,2,0,0.975072999011894,1
273,1,12.75,2,0.975072999011894,7.74407197076836,1
273,1,12.75,2,7.74407197076836,12.75,0
274,1,13.75,27,0,1.69009116117822,1
274,1,13.75,27,1.69009116117822,4.0235096120799,1
274,1,13.75,27,4.0235096120799,7.59926740945437,1
274,1,13.75,27,7.59926740945437,8.54822472502392,1
274,1,13.75,27,8.54822472502392,8.73129761962333,1
274,1,13.75,27,8.73129761962333,9.68995333913038,1
274,1,13.75,27,9.68995333913038,9.69917801862824,1
274,1,13.75,27,9.69917801862824,9.85955554956245,1
274,1,13.75,27,9.85955554956245,9.89524734263412,1
274,1,13.75,27,9.89524734263412,10.1344006866419,1
274,1,13.75,27,10.1344006866419,10.4219905398105,1
274,1,13.75,27,10.4219905398105,10.5518696739503,1
274,1,13.75,27,10.5518696739503,10.7988048249254,1
274,1,13.75,27,10.7988048249254,10.8427159013064,1
274,1,13.75,27,10.8427159013064,11.1347938084932,1
274,1,13.75,27,11.1347938084932,11.3749355017194,1
274,1,13.75,27,11.3749355017194,11.5026234259279,1
274,1,13.75,27,11.5026234259279,11.6089699988688,1
274,1,13.75,27,11.6089699988688,11.6580343409737,1
274,1,13.75,27,11.6580343409737,11.6952799265133,1
274,1,13.75,27,11.6952799265133,12.4513901021477,1
274,1,13.75,27,12.4513901021477,12.7572951103905,1
274,1,13.75,27,12.7572951103905,12.9378165638147,1
274,1,13.75,27,12.9378165638147,12.996690602851,1
274,1,13.75,27,12.996690602851,13.2150875983136,1
274,1,13.75,27,13.2150875983136,13.2361465840699,1
274,1,13.75,27,13.2361465840699,13.530411288282,1
274,1,13.75,27,13.530411288282,13.75,0
275,1,13.75,0,0,13.75,0
276,1,12.75,28,0,1.34455334624861,1
276,1,12.75,28,1.34455334624861,3.9431892785504,1
276,1,12.75,28,3.9431892785504,4.75406745160609,1
276,1,12.75,28,4.75406745160609,5.41722358446339,1
276,1,12.75,28,5.41722358446339,5.67192830721904,1
276,1,12.75,28,5.67192830721904,5.69258028013639,1
276,1,12.75,28,5.69258028013639,5.99872206154896,1
276,1,12.75,28,5.99872206154896,6.17729386026099,1
276,1,12.75,28,6.17729386026099,6.70710486009733,1
276,1,12.75,28,6.70710486009733,7.36415988947383,1
276,1,12.75,28,7.36415988947383,8.44426034728083,1
276,1,12.75,28,8.44426034728083,8.7385283850403,1
276,1,12.75,28,8.7385283850403,8.99592566825108,1
276,1,12.75,28,8.99592566825108,9.04711406997282,1
276,1,12.75,28,9.04711406997282,9.35291253040791,1
276,1,12.75,28,9.35291253040791,9.70354205957691,1
276,1,12.75,28,9.70354205957691,10.295837067713,1
276,1,12.75,28,10.295837067713,10.575660218697,1
276,1,12.75,28,10.575660218697,10.7788433606808,1
276,1,12.75,28,10.7788433606808,11.0144932790661,1
276,1,12.75,28,11.0144932790661,11.0821621662238,1
276,1,12.75,28,11.0821621662238,11.1789749741913,1
276,1,12.75,28,11.1789749741913,11.3426528381628,1
276,1,12.75,28,11.3426528381628,11.6699201718555,1
276,1,12.75,28,11.6699201718555,12.1511370844219,1
276,1,12.75,28,12.1511370844219,12.2115396208805,1
276,1,12.75,28,12.2115396208805,12.5112939759474,1
276,1,12.75,28,12.5112939759474,12.7303486984392,1
276,1,12.75,28,12.7303486984392,12.75,0
277,1,11.75,0,0,11.75,0
278,1,20.75,0,0,20.75,0
279,1,18.75,74,0,2.72071558485478,1
279,1,18.75,74,2.72071558485478,2.83349083795496,1
279,1,18.75,74,2.83349083795496,4.24540803014658,1
279,1,18.75,74,4.24540803014658,4.8023955936172,1
279,1,18.75,74,4.8023955936172,4.89487200954574,1
279,1,18.75,74,4.89487200954574,6.25543236614048,1
279,1,18.75,74,6.25543236614048,6.60350661777464,1
279,1,18.75,74,6.60350661777464,6.81380710727067,1
279,1,18.75,74,6.81380710727067,7.74819353353799,1
279,1,18.75,74,7.74819353353799,8.7258116003185,1
279,1,18.75,74,8.7258116003185,9.18485203407798,1
279,1,18.75,74,9.18485203407798,9.19684194244903,1
279,1,18.75,74,9.19684194244903,9.38348034259155,1
279,1,18.75,74,9.38348034259155,9.67606538478298,1
279,1,18.75,74,9.67606538478298,10.0175292523315,1
279,1,18.75,74,10.0175292523315,10.2019830475121,1
279,1,18.75,74,10.2019830475121,10.6921688852786,1
279,1,18.75,74,10.6921688852786,10.7323334661639,1
279,1,18.75,74,10.7323334661639,10.8031275898229,1
279,1,18.75,74,10.8031275898229,11.0709356331015,1
279,1,18.75,74,11.0709356331015,11.4168563738033,1
279,1,18.75,74,11.4168563738033,11.4308523368703,1
279,1,18.75,74,11.4308523368703,11.45282971241,1
279,1,18.75,74,11.45282971241,11.7310516278719,1
279,1,18.75,74,11.7310516278719,11.963125399464,1
279,1,18.75,74,11.963125399464,11.9862610595906,1
279,1,18.75,74,11.9862610595906,12.3149095376829,1
279,1,18.75,74,12.3149095376829,12.4499378891457,1
279,1,18.75,74,12.4499378891457,12.4812703051575,1
279,1,18.75,74,12.4812703051575,12.5124489770486,1
279,1,18.75,74,12.5124489770486,13.1849610099743,1
279,1,18.75,74,13.1849610099743,13.2288860110495,1
279,1,18.75,74,13.2288860110495,13.3184259198184,1
279,1,18.75,74,13.3184259198184,13.5143975899184,1
279,1,18.75,74,13.5143975899184,13.5319402949078,1
279,1,18.75,74,13.5319402949078,13.6946530531454,1
279,1,18.75,74,13.6946530531454,13.8188996444991,1
279,1,18.75,74,13.8188996444991,13.8794463188215,1
279,1,18.75,74,13.8794463188215,14.3371247311523,1
279,1,18.75,74,14.3371247311523,14.4128341219779,1
279,1,18.75,74,14.4128341219779,14.4868566948556,1
279,1,18.75,74,14.4868566948556,14.8994004847911,1
279,1,18.75,74,14.8994004847911,14.9181060087355,1
279,1,18.75,74,14.9181060087355,14.9560704775592,1
279,1,18.75,74,14.9560704775592,15.2595819045573,1
279,1,18.75,74,15.2595819045573,15.2998868199082,1
279,1,18.75,74,15.2998868199082,15.3373252735436,1
279,1,18.75,74,15.3373252735436,15.362665090652,1
279,1,18.75,74,15.362665090652,15.5202301053208,1
279,1,18.75,74,15.5202301053208,15.5652955078967,1
279,1,18.75,74,15.5652955078967,15.5749026852913,1
279,1,18.75,74,15.5749026852913,15.6796817534459,1
279,1,18.75,74,15.6796817534459,15.7642459696896,1
279,1,18.75,74,15.7642459696896,15.9262641635876,1
279,1,18.75,74,15.9262641635876,15.9532873887511,1
279,1,18.75,74,15.9532873887511,16.2327236142691,1
279,1,18.75,74,16.2327236142691,16.4153650123776,1
279,1,18.75,74,16.4153650123776,16.4445748853505,1
279,1,18.75,74,16.4445748853505,16.8246649659619,1
279,1,18.75,74,16.8246649659619,16.9977622666456,1
279,1,18.75,74,16.9977622666456,17.0149324063712,1
279,1,18.75,74,17.0149324063712,17.236490830735,1
279,1,18.75,74,17.236490830735,17.2767841711139,1
279,1,18.75,74,17.2767841711139,17.3696538950986,1
279,1,18.75,74,17.3696538950986,17.378072575668,1
279,1,18.75,74,17.378072575668,17.4994028426551,1
279,1,18.75,74,17.4994028426551,17.6265198466931,1
279,1,18.75,74,17.6265198466931,17.6315669453877,1
279,1,18.75,74,17.6315669453877,17.7251638248192,1
279,1,18.75,74,17.7251638248192,18.1200351956314,1
279,1,18.75,74,18.1200351956314,18.1791141717408,1
279,1,18.75,74,18.1791141717408,18.5324005932738,1
279,1,18.75,74,18.5324005932738,18.5389143621408,1
279,1,18.75,74,18.5389143621408,18.7411765430444,1
279,1,18.75,74,18.7411765430444,18.75,0
280,1,8.75,7,0,5.35029565784034,1
280,1,8.75,7,5.35029565784034,5.4790408648576,1
280,1,8.75,7,5.4790408648576,6.26533453242461,1
280,1,8.75,7,6.26533453242461,6.6348570348835,1
280,1,8.75,7,6.6348570348835,8.08181978283924,1
280,1,8.75,7,8.08181978283924,8.2524793047451,1
280,1,8.75,7,8.2524793047451,8.64891450357724,1
280,1,8.75,7,8.64891450357724,8.75,0
281,1,9.75,1,0,0.324743617278666,1
281,1,9.75,1,0.324743617278666,9.75,0
282,1,13.75,103,0,3.58521570742216,1
282,1,13.75,103,3.58521570742216,3.78581731101209,1
282,1,13.75,103,3.78581731101209,4.30173383382777,1
282,1,13.75,103,4.30173383382777,4.46004338911761,1
282,1,13.75,103,4.46004338911761,4.88859246855036,1
282,1,13.75,103,4.88859246855036,5.57350729450863,1
282,1,13.75,103,5.57350729450863,5.91863723796977,1
282,1,13.75,103,5.91863723796977,6.21027521290373,1
282,1,13.75,103,6.21027521290373,6.21372603195184,1
282,1,13.75,103,6.21372603195184,6.47263460468924,1
282,1,13.75,103,6.47263460468924,6.49755679679014,1
282,1,13.75,103,6.49755679679014,6.54083405726146,1
282,1,13.75,103,6.54083405726146,6.67755181631888,1
282,1,13.75,103,6.67755181631888,6.72220760520309,1
282,1,13.75,103,6.72220760520309,6.73028948309068,1
282,1,13.75,103,6.73028948309068,6.9770761885815,1
282,1,13.75,103,6.9770761885815,7.01188039854314,1
282,1,13.75,103,7.01188039854314,7.01244338784712,1
282,1,13.75,103,7.01244338784712,7.01990435303875,1
282,1,13.75,103,7.01990435303875,7.13688641684322,1
282,1,13.75,103,7.13688641684322,7.41580811405171,1
282,1,13.75,103,7.41580811405171,7.50545268373708,1
282,1,13.75,103,7.50545268373708,7.51978343626224,1
282,1,13.75,103,7.51978343626224,7.80587156689531,1
282,1,13.75,103,7.80587156689531,8.23840764156769,1
282,1,13.75,103,8.23840764156769,8.32955541758283,1
282,1,13.75,103,8.32955541758283,8.65603838813934,1
282,1,13.75,103,8.65603838813934,8.72819383405422,1
282,1,13.75,103,8.72819383405422,9.03387816557992,1
282,1,13.75,103,9.03387816557992,9.10582566680556,1
282,1,13.75,103,9.10582566680556,9.15885715676118,1
282,1,13.75,103,9.15885715676118,9.27203916533264,1
282,1,13.75,103,9.27203916533264,9.32546952668612,1
282,1,13.75,103,9.32546952668612,9.37009204394518,1
282,1,13.75,103,9.37009204394518,9.42153473612318,1
282,1,13.75,103,9.42153473612318,9.42198287749304,1
282,1,13.75,103,9.42198287749304,9.47166002651321,1
282,1,13.75,103,9.47166002651321,9.6043691503939,1
282,1,13.75,103,9.6043691503939,9.79948995495939,1
282,1,13.75,103,9.79948995495939,9.80754062217759,1
282,1,13.75,103,9.80754062217759,9.89941149807108,1
282,1,13.75,103,9.89941149807108,9.9983447915524,1
282,1,13.75,103,9.9983447915524,10.0094927111551,1
282,1,13.75,103,10.0094927111551,10.3022225071225,1
282,1,13.75,103,10.3022225071225,10.3486155887629,1
282,1,13.75,103,10.3486155887629,10.4251576002155,1
282,1,13.75,103,10.4251576002155,10.4824898829583,1
282,1,13.75,103,10.4824898829583,10.4840527678311,1
282,1,13.75,103,10.4840527678311,10.5289892872023,1
282,1,13.75,103,10.5289892872023,10.6109855844795,1
282,1,13.75,103,10.6109855844795,10.6588783980488,1
282,1,13.75,103,10.6588783980488,10.6656046325644,1
282,1,13.75,103,10.6656046325644,10.7264434245565,1
282,1,13.75,103,10.7264434245565,10.8583203371436,1
282,1,13.75,103,10.8583203371436,10.8683763894932,1
282,1,13.75,103,10.8683763894932,10.924340857894,1
282,1,13.75,103,10.924340857894,10.9419670885124,1
282,1,13.75,103,10.9419670885124,11.1732570675846,1
282,1,13.75,103,11.1732570675846,11.2438626350538,1
282,1,13.75,103,11.2438626350538,11.302592572598,1
282,1,13.75,103,11.302592572598,11.305306596489,1
282,1,13.75,103,11.305306596489,11.3777721623196,1
282,1,13.75,103,11.3777721623196,11.5999640813667,1
282,1,13.75,103,11.5999640813667,11.6187669829758,1
282,1,13.75,103,11.6187669829758,11.6304515428113,1
282,1,13.75,103,11.6304515428113,11.6374839773977,1
282,1,13.75,103,11.6374839773977,11.9051822963439,1
282,1,13.75,103,11.9051822963439,12.0693411588348,1
282,1,13.75,103,12.0693411588348,12.093068022497,1
282,1,13.75,103,12.093068022497,12.0961717582164,1
282,1,13.75,103,12.0961717582164,12.1935270483326,1
282,1,13.75,103,12.1935270483326,12.2148854285861,1
282,1,13.75,103,12.2148854285861,12.4993588169736,1
282,1,13.75,103,12.4993588169736,12.5128736192395,1
282,1,13.75,103,12.5128736192395,12.5966379803886,1
282,1,13.75,103,12.5966379803886,12.6416037362984,1
282,1,13.75,103,12.6416037362984,12.7371250118783,1
282,1,13.75,103,12.7371250118783,12.7602189983623,1
282,1,13.75,103,12.7602189983623,12.7890468444751,1
282,1,13.75,103,12.7890468444751,12.9355944893846,1
282,1,13.75,103,12.9355944893846,13.0881498058642,1
282,1,13.75,103,13.0881498058642,13.0921532308039,1
282,1,13.75,103,13.0921532308039,13.162769122213,1
282,1,13.75,103,13.162769122213,13.1751587784468,1
282,1,13.75,103,13.1751587784468,13.1853159076318,1
282,1,13.75,103,13.1853159076318,13.1943009655639,1
282,1,13.75,103,13.1943009655639,13.2186047218311,1
282,1,13.75,103,13.2186047218311,13.2291726754464,1
282,1,13.75,103,13.2291726754464,13.2311798463682,1
282,1,13.75,103,13.2311798463682,13.2546360911573,1
282,1,13.75,103,13.2546360911573,13.2948590484302,1
282,1,13.75,103,13.2948590484302,13.3605981097854,1
282,1,13.75,103,13.3605981097854,13.3796220012122,1
282,1,13.75,103,13.3796220012122,13.3897998085718,1
282,1,13.75,103,13.3897998085718,13.4147071312631,1
282,1,13.75,103,13.4147071312631,13.5182630404584,1
282,1,13.75,103,13.5182630404584,13.5560758736278,1
282,1,13.75,103,13.5560758736278,13.5685338814368,1
282,1,13.75,103,13.5685338814368,13.5912785324717,1
282,1,13.75,103,13.5912785324717,13.5932648166873,1
282,1,13.75,103,13.5932648166873,13.6372288159176,1
282,1,13.75,103,13.6372288159176,13.6932319345911,1
282,1,13.75,103,13.6932319345911,13.6953367682477,1
282,1,13.75,103,13.6953367682477,13.75,0
283,1,18.75,0,0,18.75,0
284,1,16.75,1,0,4.94572842259106,1
284,1,16.75,1,4.94572842259106,16.75,0
285,1,9.75,0,0,9.75,0
286,1,8.75,2,0,0.131828226535685,1
286,1,8.75,2,0.131828226535685,3.10205609886467,1
286,1,8.75,2,3.10205609886467,8.75,0
287,1,8.75,5,0,0.996701080366453,1
287,1,8.75,5,0.996701080366453,3.46885077230667,1
287,1,8.75,5,3.46885077230667,3.67632609133779,1
287,1,8.75,5,3.67632609133779,6.14495187959614,1
287,1,8.75,5,6.14495187959614,7.67915958023838,1
287,1,8.75,5,7.67915958023838,8.75,0
288,1,16.75,41,0,4.44565735616362,1
288,1,16.75,41,4.44565735616362,5.97903427210959,1
288,1,16.75,41,5.97903427210959,7.65072939779746,1
288,1,16.75,41,7.65072939779746,8.38220984659964,1
288,1,16.75,41,8.38220984659964,8.45706596421642,1
288,1,16.75,41,8.45706596421642,8.53812453457885,1
288,1,16.75,41,8.53812453457885,8.54711433736583,1
288,1,16.75,41,8.54711433736583,8.7553578514347,1
288,1,16.75,41,8.7553578514347,9.04181029918865,1
288,1,16.75,41,9.04181029918865,9.0715390511238,1
288,1,16.75,41,9.0715390511238,9.33025109430264,1
288,1,16.75,41,9.33025109430264,9.42509486380869,1
288,1,16.75,41,9.42509486380869,9.52837430436696,1
288,1,16.75,41,9.52837430436696,9.81992766567501,1
288,1,16.75,41,9.81992766567501,10.0125350873696,1
288,1,16.75,41,10.0125350873696,10.5358672497568,1
288,1,16.75,41,10.5358672497568,10.6520266802025,1
288,1,16.75,41,10.6520266802025,10.7270006001581,1
288,1,16.75,41,10.7270006001581,10.8188268888519,1
288,1,16.75,41,10.8188268888519,11.6738541991433,1
288,1,16.75,41,11.6738541991433,11.7371159942778,1
288,1,16.75,41,11.7371159942778,12.5983200326155,1
288,1,16.75,41,12.5983200326155,12.6010635180512,1
288,1,16.75,41,12.6010635180512,13.3438986590802,1
288,1,16.75,41,13.3438986590802,13.5348035240348,1
288,1,16.75,41,13.5348035240348,13.6949899305374,1
288,1,16.75,41,13.6949899305374,13.7812477313771,1
288,1,16.75,41,13.7812477313771,13.8619021657823,1
288,1,16.75,41,13.8619021657823,14.0839050611889,1
288,1,16.75,41,14.0839050611889,14.1245240211473,1
288,1,16.75,41,14.1245240211473,14.150396507992,1
288,1,16.75,41,14.150396507992,14.2541691300312,1
288,1,16.75,41,14.2541691300312,14.3598349715692,1
288,1,16.75,41,14.3598349715692,14.3754510438749,1
288,1,16.75,41,14.3754510438749,14.4017108692931,1
288,1,16.75,41,14.4017108692931,14.9552289719699,1
288,1,16.75,41,14.9552289719699,15.2429943704609,1
288,1,16.75,41,15.2429943704609,15.3107305452436,1
288,1,16.75,41,15.3107305452436,16.2569654571423,1
288,1,16.75,41,16.2569654571423,16.2794168617437,1
288,1,16.75,41,16.2794168617437,16.5335606565778,1
288,1,16.75,41,16.5335606565778,16.75,0
289,1,13.75,1,0,0.0201655633229529,1
289,1,13.75,1,0.0201655633229529,13.75,0
290,1,16.75,57,0,3.59951791479004,1
290,1,16.75,57,3.59951791479004,3.87031847737943,1
290,1,16.75,57,3.87031847737943,5.09082739036536,1
290,1,16.75,57,5.09082739036536,5.13225461956893,1
290,1,16.75,57,5.13225461956893,6.22614540428031,1
290,1,16.75,57,6.22614540428031,6.68752170023151,1
290,1,16.75,57,6.68752170023151,6.93258392985748,1
290,1,16.75,57,6.93258392985748,7.88899753819462,1
290,1,16.75,57,7.88899753819462,8.13974589712404,1
290,1,16.75,57,8.13974589712404,8.44088903347261,1
290,1,16.75,57,8.44088903347261,8.90381873569787,1
290,1,16.75,57,8.90381873569787,9.13570188218368,1
290,1,16.75,57,9.13570188218368,9.34039261878148,1
290,1,16.75,57,9.34039261878148,9.54176914721811,1
290,1,16.75,57,9.54176914721811,9.69950616979611,1
290,1,16.75,57,9.69950616979611,9.81700072913421,1
290,1,16.75,57,9.81700072913421,10.1352995497044,1
290,1,16.75,57,10.1352995497044,10.36041135479,1
290,1,16.75,57,10.36041135479,10.8005731642629,1
290,1,16.75,57,10.8005731642629,10.9140226766161,1
290,1,16.75,57,10.9140226766161,11.1341388261141,1
290,1,16.75,57,11.1341388261141,11.314876851132,1
290,1,16.75,57,11.314876851132,11.9800965762599,1
290,1,16.75,57,11.9800965762599,12.625282254499,1
290,1,16.75,57,12.625282254499,12.6360733693576,1
290,1,16.75,57,12.6360733693576,13.1630190943114,1
290,1,16.75,57,13.1630190943114,13.2195326192962,1
290,1,16.75,57,13.2195326192962,13.555694397595,1
290,1,16.75,57,13.555694397595,13.5761347441924,1
290,1,16.75,57,13.5761347441924,13.736919775672,1
290,1,16.75,57,13.736919775672,13.8284104166912,1
290,1,16.75,57,13.8284104166912,13.8670715173841,1
290,1,16.75,57,13.8670715173841,13.8709966443541,1
290,1,16.75,57,13.8709966443541,14.0195882246153,1
290,1,16.75,57,14.0195882246153,14.0556991696675,1
290,1,16.75,57,14.0556991696675,14.0790453117484,1
290,1,16.75,57,14.0790453117484,14.1081531223946,1
290,1,16.75,57,14.1081531223946,14.1626435525002,1
290,1,16.75,57,14.1626435525002,14.2552145624198,1
290,1,16.75,57,14.2552145624198,14.4045210439382,1
290,1,16.75,57,14.4045210439382,14.436630678886,1
290,1,16.75,57,14.436630678886,14.6775525036122,1
290,1,16.75,57,14.6775525036122,14.8267069822993,1
290,1,16.75,57,14.8267069822993,15.1559303953782,1
290,1,16.75,57,15.1559303953782,15.1902181697952,1
290,1,16.75,57,15.1902181697952,15.3253275813289,1
290,1,16.75,57,15.3253275813289,15.5971039590073,1
290,1,16.75,57,15.5971039590073,15.7152227225966,1
290,1,16.75,57,15.7152227225966,15.9596934132113,1
290,1,16.75,57,15.9596934132113,15.9639251937896,1
290,1,16.75,57,15.9639251937896,16.1814260916975,1
290,1,16.75,57,16.1814260916975,16.3364682657126,1
290,1,16.75,57,16.3364682657126,16.3690220061696,1
290,1,16.75,57,16.3690220061696,16.4084253442844,1
290,1,16.75,57,16.4084253442844,16.548472016625,1
290,1,16.75,57,16.548472016625,16.6482174571461,1
290,1,16.75,57,16.6482174571461,16.7043657513076,1
290,1,16.75,57,16.7043657513076,16.75,0
291,1,8.75,7,0,4.18513743866787,1
291,1,8.75,7,4.18513743866787,5.53227329928898,1
291,1,8.75,7,5.53227329928898,6.2855686707294,1
291,1,8.75,7,6.2855686707294,6.73389923056276,1
291,1,8.75,7,6.73389923056276,7.17279725679352,1
291,1,8.75,7,7.17279725679352,7.38164539481062,1
291,1,8.75,7,7.38164539481062,8.5485962121075,1
291,1,8.75,7,8.5485962121075,8.75,0
292,1,11.75,2,0,0.234400121298589,1
292,1,11.75,2,0.234400121298589,2.66742304116496,1
292,1,11.75,2,2.66742304116496,11.75,0
293,1,8.75,3,0,5.26088400581231,1
293,1,8.75,3,5.26088400581231,5.29658079983467,1
293,1,8.75,3,5.29658079983467,8.42317948506034,1
293,1,8.75,3,8.42317948506034,8.75,0
294,1,8.75,1,0,1.18781335296298,1
294,1,8.75,1,1.18781335296298,8.75,0
295,1,15.75,1,0,0.0780990266462403,1
295,1,15.75,1,0.0780990266462403,15.75,0
296,1,14.75,26,0,2.21622191951088,1
296,1,14.75,26,2.21622191951088,4.75379852326673,1
296,1,14.75,26,4.75379852326673,5.99805241273634,1
296,1,14.75,26,5.99805241273634,6.24446029066249,1
296,1,14.75,26,6.24446029066249,7.31556814072352,1
296,1,14.75,26,7.31556814072352,7.95128461863238,1
296,1,14.75,26,7.95128461863238,8.29754050680667,1
296,1,14.75,26,8.29754050680667,9.0747938477646,1
296,1,14.75,26,9.0747938477646,9.48039237553149,1
296,1,14.75,26,9.48039237553149,9.83373432069865,1
296,1,14.75,26,9.83373432069865,10.069440619228,1
296,1,14.75,26,10.069440619228,10.196972520396,1
296,1,14.75,26,10.196972520396,10.3343502238423,1
296,1,14.75,26,10.3343502238423,10.5274486127962,1
296,1,14.75,26,10.5274486127962,10.6654791755238,1
296,1,14.75,26,10.6654791755238,11.4630787730824,1
296,1,14.75,26,11.4630787730824,11.6643481269735,1
296,1,14.75,26,11.6643481269735,12.7247715188133,1
296,1,14.75,26,12.7247715188133,13.0295378867119,1
296,1,14.75,26,13.0295378867119,13.0513772517319,1
296,1,14.75,26,13.0513772517319,13.1032042955338,1
296,1,14.75,26,13.1032042955338,13.1339718927915,1
296,1,14.75,26,13.1339718927915,13.2044661454654,1
296,1,14.75,26,13.2044661454654,13.7512174415126,1
296,1,14.75,26,13.7512174415126,13.9117549660071,1
296,1,14.75,26,13.9117549660071,14.2295551642429,1
296,1,14.75,26,14.2295551642429,14.75,0
297,1,12.75,3,0,0.305059696503606,1
297,1,12.75,3,0.305059696503606,0.348233040199342,1
297,1,12.75,3,0.348233040199342,1.93554944970886,1
297,1,12.75,3,1.93554944970886,12.75,0
298,1,12.75,6,0,6.47644881955801,1
298,1,12.75,6,6.47644881955801,8.48166413033898,1
298,1,12.75,6,8.48166413033898,8.5346589561896,1
298,1,12.75,6,8.5346589561896,9.60468525323389,1
298,1,12.75,6,9.60468525323389,11.9183203376714,1
298,1,12.75,6,11.9183203376714,12.2224364333715,1
298,1,12.75,6,12.2224364333715,12.75,0
299,1,18.75,1,0,9.9793249398724,1
299,1,18.75,1,9.9793249398724,18.75,0
300,1,17.75,61,0,3.7012838934597,1
300,1,17.75,61,3.7012838934597,5.2544822754956,1
300,1,17.75,61,5.2544822754956,6.38724837282823,1
300,1,17.75,61,6.38724837282823,6.78739273686119,1
300,1,17.75,61,6.78739273686119,7.50666954089434,1
300,1,17.75,61,7.50666954089434,7.88202028630464,1
300,1,17.75,61,7.88202028630464,8.02145934519818,1
300,1,17.75,61,8.02145934519818,8.08880201161999,1
300,1,17.75,61,8.08880201161999,8.47785096588305,1
300,1,17.75,61,8.47785096588305,8.51503795475316,1
300,1,17.75,61,8.51503795475316,9.27186668555266,1
300,1,17.75,61,9.27186668555266,9.28687676959052,1
300,1,17.75,61,9.28687676959052,9.41966079758685,1
300,1,17.75,61,9.41966079758685,9.96645663282856,1
300,1,17.75,61,9.96645663282856,10.0862470283047,1
300,1,17.75,61,10.0862470283047,10.4086812703532,1
300,1,17.75,61,10.4086812703532,10.9088992113927,1
300,1,17.75,61,10.9088992113927,10.9251490763031,1
300,1,17.75,61,10.9251490763031,11.1425850639651,1
300,1,17.75,61,11.1425850639651,11.4897529557567,1
300,1,17.75,61,11.4897529557567,11.5047441330183,1
300,1,17.75,61,11.5047441330183,11.6524068044184,1
300,1,17.75,61,11.6524068044184,11.9152908437863,1
300,1,17.75,61,11.9152908437863,11.9554791030935,1
300,1,17.75,61,11.9554791030935,12.0659558713838,1
300,1,17.75,61,12.0659558713838,12.3158123223974,1
300,1,17.75,61,12.3158123223974,12.4888388083981,1
300,1,17.75,61,12.4888388083981,12.6422044814273,1
300,1,17.75,61,12.6422044814273,12.749987524092,1
300,1,17.75,61,12.749987524092,12.8412291841267,1
300,1,17.75,61,12.8412291841267,12.8890829554279,1
300,1,17.75,61,12.8890829554279,13.3623795429767,1
300,1,17.75,61,13.3623795429767,13.4225370911122,1
300,1,17.75,61,13.4225370911122,13.7387089422011,1
300,1,17.75,61,13.7387089422011,13.9908874317862,1
300,1,17.75,61,13.9908874317862,14.0464823640781,1
300,1,17.75,61,14.0464823640781,14.1337603620265,1
300,1,17.75,61,14.1337603620265,14.3349872139657,1
300,1,17.75,61,14.3349872139657,14.9563669455531,1
300,1,17.75,61,14.9563669455531,15.0199292274585,1
300,1,17.75,61,15.0199292274585,15.1110311720201,1
300,1,17.75,61,15.1110311720201,15.160396717065,1
300,1,17.75,61,15.160396717065,15.1918423409243,1
300,1,17.75,61,15.1918423409243,15.2840704258296,1
300,1,17.75,61,15.2840704258296,15.2842440663189,1
300,1,17.75,61,15.2842440663189,15.5042005937088,1
300,1,17.75,61,15.5042005937088,15.7101838862547,1
300,1,17.75,61,15.7101838862547,16.1944820294225,1
300,1,17.75,61,16.1944820294225,16.2158914323485,1
300,1,17.75,61,16.2158914323485,16.2993261852604,1
300,1,17.75,61,16.2993261852604,16.3083619865493,1
300,1,17.75,61,16.3083619865493,16.5202264750644,1
300,1,17.75,61,16.5202264750644,16.5758944527697,1
300,1,17.75,61,16.5758944527697,16.852528243427,1
300,1,17.75,61,16.852528243427,16.907924292481,1
300,1,17.75,61,16.907924292481,16.939861035676,1
300,1,17.75,61,16.939861035676,17.0493735590603,1
300,1,17.75,61,17.0493735590603,17.1897899203457,1
300,1,17.75,61,17.1897899203457,17.3316081595098,1
300,1,17.75,61,17.3316081595098,17.3407474126123,1
300,1,17.75,61,17.3407474126123,17.5358999759285,1
300,1,17.75,61,17.5358999759285,17.75,0
301,0,14.75,1,0,7.1368584660097,1
301,0,14.75,1,7.1368584660097,14.75,0
302,0,13.75,3,0,0.679056786561143,1
302,0,13.75,3,0.679056786561143,1.40781164036374,1
302,0,13.75,3,1.40781164036374,1.444102714502,1
302,0,13.75,3,1.444102714502,13.75,0
303,0,11.75,12,0,4.82772201732552,1
303,0,11.75,12,4.82772201732552,5.43667456490337,1
303,0,11.75,12,5.43667456490337,5.4671631616928,1
303,0,11.75,12,5.4671631616928,5.84646289770197,1
303,0,11.75,12,5.84646289770197,6.29067834709373,1
303,0,11.75,12,6.29067834709373,7.36835939144973,1
303,0,11.75,12,7.36835939144973,7.54306120132037,1
303,0,11.75,12,7.54306120132037,8.00085045576916,1
303,0,11.75,12,8.00085045576916,8.20886767760014,1
303,0,11.75,12,8.20886767760014,8.33946463529519,1
303,0,11.75,12,8.33946463529519,10.0844590974268,1
303,0,11.75,12,10.0844590974268,11.1344725742294,1
303,0,11.75,12,11.1344725742294,11.75,0
304,0,14.75,4,0,0.0676431269513794,1
304,0,14.75,4,0.0676431269513794,0.713072263712492,1
304,0,14.75,4,0.713072263712492,2.58645195496717,1
304,0,14.75,4,2.58645195496717,3.3804498247005,1
304,0,14.75,4,3.3804498247005,14.75,0
305,0,13.75,1,0,10.8660453243822,1
305,0,13.75,1,10.8660453243822,13.75,0
306,0,10.75,0,0,10.75,0
307,0,11.75,2,0,0.00756724588904828,1
307,0,11.75,2,0.00756724588904828,0.25877218666378,1
307,0,11.75,2,0.25877218666378,11.75,0
308,0,11.75,7,0,7.30472851293221,1
308,0,11.75,7,7.30472851293221,7.50692729708523,1
308,0,11.75,7,7.50692729708523,7.78341033576484,1
308,0,11.75,7,7.78341033576484,8.36100222999352,1
308,0,11.75,7,8.36100222999352,8.92548391617212,1
308,0,11.75,7,8.92548391617212,9.50577370575122,1
308,0,11.75,7,9.50577370575122,9.94501944015715,1
308,0,11.75,7,9.94501944015715,11.75,0
309,0,16.75,1,0,8.87502922488427,1
309,0,16.75,1,8.87502922488427,16.75,0
310,0,16.75,38,0,5.77245430784658,1
310,0,16.75,38,5.77245430784658,6.63986489728638,1
310,0,16.75,38,6.63986489728638,7.12482685358536,1
310,0,16.75,38,7.12482685358536,7.92806823996068,1
310,0,16.75,38,7.92806823996068,8.84032770531721,1
310,0,16.75,38,8.84032770531721,8.90796122138977,1
310,0,16.75,38,8.90796122138977,8.93441268926135,1
310,0,16.75,38,8.93441268926135,9.45395995281024,1
310,0,16.75,38,9.45395995281024,9.61844868091903,1
310,0,16.75,38,9.61844868091903,9.71005053747635,1
310,0,16.75,38,9.71005053747635,10.0904414096901,1
310,0,16.75,38,10.0904414096901,10.1514208177965,1
310,0,16.75,38,10.1514208177965,10.374758693104,1
310,0,16.75,38,10.374758693104,10.7349026457632,1
310,0,16.75,38,10.7349026457632,11.1170319067926,1
310,0,16.75,38,11.1170319067926,11.4364344864748,1
310,0,16.75,38,11.4364344864748,11.4375675261366,1
310,0,16.75,38,11.4375675261366,11.5831087154938,1
310,0,16.75,38,11.5831087154938,12.6943484398667,1
310,0,16.75,38,12.6943484398667,12.8160808727948,1
310,0,16.75,38,12.8160808727948,12.8782674126422,1
310,0,16.75,38,12.8782674126422,12.9238601396263,1
310,0,16.75,38,12.9238601396263,13.4921528787056,1
310,0,16.75,38,13.4921528787056,13.6620997269488,1
310,0,16.75,38,13.6620997269488,13.8929304741335,1
310,0,16.75,38,13.8929304741335,14.0503441935544,1
310,0,16.75,38,14.0503441935544,14.1187477086479,1
310,0,16.75,38,14.1187477086479,14.2454416121375,1
310,0,16.75,38,14.2454416121375,14.4683387156751,1
310,0,16.75,38,14.4683387156751,14.574492364527,1
310,0,16.75,38,14.574492364527,14.6623502283275,1
310,0,16.75,38,14.6623502283275,15.150365113691,1
310,0,16.75,38,15.150365113691,15.3819867962046,1
310,0,16.75,38,15.3819867962046,16.1472348530247,1
310,0,16.75,38,16.1472348530247,16.2475370923883,1
310,0,16.75,38,16.2475370923883,16.3458355553656,1
310,0,16.75,38,16.3458355553656,16.4690193386894,1
310,0,16.75,38,16.4690193386894,16.5980308437923,1
310,0,16.75,38,16.5980308437923,16.75,0
311,0,8.75,3,0,0.280892784686326,1
311,0,8.75,3,0.280892784686326,2.14516195295189,1
311,0,8.75,3,2.14516195295189,8.09586650754878,1
311,0,8.75,3,8.09586650754878,8.75,0
312,0,17.75,2,0,1.30812013062886,1
312,0,17.75,2,1.30812013062886,8.47198004236488,1
312,0,17.75,2,8.47198004236488,17.75,0
313,0,16.75,2,0,0.00580595347927542,1
313,0,16.75,2,0.00580595347927542,8.18000899878735,1
313,0,16.75,2,8.18000899878735,16.75,0
314,0,18.75,71,0,3.22056293413589,1
314,0,18.75,71,3.22056293413589,3.83391958651634,1
314,0,18.75,71,3.83391958651634,5.19229111316772,1
314,0,18.75,71,5.19229111316772,5.2265877093748,1
314,0,18.75,71,5.2265877093748,5.49044520492665,1
314,0,18.75,71,5.49044520492665,6.86565161761985,1
314,0,18.75,71,6.86565161761985,7.85049346661987,1
314,0,18.75,71,7.85049346661987,9.0489670118619,1
314,0,18.75,71,9.0489670118619,9.32066296773531,1
314,0,18.75,71,9.32066296773531,9.48199214127652,1
314,0,18.75,71,9.48199214127652,9.72168198670629,1
314,0,18.75,71,9.72168198670629,9.72658764788561,1
314,0,18.75,71,9.72658764788561,9.87741265032422,1
314,0,18.75,71,9.87741265032422,10.1491590179526,1
314,0,18.75,71,10.1491590179526,10.3156750126415,1
314,0,18.75,71,10.3156750126415,10.8953666684429,1
314,0,18.75,71,10.8953666684429,10.9547897720357,1
314,0,18.75,71,10.9547897720357,11.1090350899018,1
314,0,18.75,71,11.1090350899018,11.1499303058952,1
314,0,18.75,71,11.1499303058952,11.5297345466895,1
314,0,18.75,71,11.5297345466895,11.7459538135969,1
314,0,18.75,71,11.7459538135969,12.0477229080256,1
314,0,18.75,71,12.0477229080256,12.1905078238475,1
314,0,18.75,71,12.1905078238475,12.190627954363,1
314,0,18.75,71,12.190627954363,12.2476958610016,1
314,0,18.75,71,12.2476958610016,12.3133933097368,1
314,0,18.75,71,12.3133933097368,12.3696034592088,1
314,0,18.75,71,12.3696034592088,13.258315739186,1
314,0,18.75,71,13.258315739186,13.4093479016015,1
314,0,18.75,71,13.4093479016015,13.4707542625612,1
314,0,18.75,71,13.4707542625612,13.5598526304031,1
314,0,18.75,71,13.5598526304031,13.5943407359429,1
314,0,18.75,71,13.5943407359429,14.1830837683928,1
314,0,18.75,71,14.1830837683928,14.1920886093204,1
314,0,18.75,71,14.1920886093204,14.3130375743274,1
314,0,18.75,71,14.3130375743274,14.3793468484225,1
314,0,18.75,71,14.3793468484225,14.7788465905733,1
314,0,18.75,71,14.7788465905733,14.9060679842148,1
314,0,18.75,71,14.9060679842148,15.0675573531187,1
314,0,18.75,71,15.0675573531187,15.1924483328015,1
314,0,18.75,71,15.1924483328015,15.2032858988081,1
314,0,18.75,71,15.2032858988081,15.3072632853027,1
314,0,18.75,71,15.3072632853027,15.6444012663772,1
314,0,18.75,71,15.6444012663772,15.725627934268,1
314,0,18.75,71,15.725627934268,15.8124665154989,1
314,0,18.75,71,15.8124665154989,15.8208386893069,1
314,0,18.75,71,15.8208386893069,15.9100207373661,1
314,0,18.75,71,15.9100207373661,16.3444625075874,1
314,0,18.75,71,16.3444625075874,16.3495138734809,1
314,0,18.75,71,16.3495138734809,16.4567740442117,1
314,0,18.75,71,16.4567740442117,16.70834145147,1
314,0,18.75,71,16.70834145147,16.8259425802124,1
314,0,18.75,71,16.8259425802124,17.0308533188088,1
314,0,18.75,71,17.0308533188088,17.1545468804258,1
314,0,18.75,71,17.1545468804258,17.1895917344925,1
314,0,18.75,71,17.1895917344925,17.3719754814655,1
314,0,18.75,71,17.3719754814655,17.6991510635311,1
314,0,18.75,71,17.6991510635311,17.750461876541,1
314,0,18.75,71,17.750461876541,17.8371618578216,1
314,0,18.75,71,17.8371618578216,17.9080839033292,1
314,0,18.75,71,17.9080839033292,17.9440283069067,1
314,0,18.75,71,17.9440283069067,17.9704224358591,1
314,0,18.75,71,17.9704224358591,18.0885952785792,1
314,0,18.75,71,18.0885952785792,18.106339147932,1
314,0,18.75,71,18.106339147932,18.1294554027098,1
314,0,18.75,71,18.1294554027098,18.1306014449161,1
314,0,18.75,71,18.1306014449161,18.3683129643707,1
314,0,18.75,71,18.3683129643707,18.513270751814,1
314,0,18.75,71,18.513270751814,18.5514495806306,1
314,0,18.75,71,18.5514495806306,18.7104024103138,1
314,0,18.75,71,18.7104024103138,18.7317398168902,1
314,0,18.75,71,18.7317398168902,18.75,0
315,0,8.75,2,0,0.000460435610637886,1
315,0,8.75,2,0.000460435610637886,1.17912515853034,1
315,0,8.75,2,1.17912515853034,8.75,0
316,0,11.75,10,0,4.48327963073511,1
316,0,11.75,10,4.48327963073511,4.80116039467195,1
316,0,11.75,10,4.80116039467195,4.82059729573311,1
316,0,11.75,10,4.82059729573311,5.45737405123494,1
316,0,11.75,10,5.45737405123494,7.34738215286657,1
316,0,11.75,10,7.34738215286657,7.45702907044432,1
316,0,11.75,10,7.45702907044432,7.72571108408659,1
316,0,11.75,10,7.72571108408659,8.35074593385192,1
316,0,11.75,10,8.35074593385192,9.56945133217262,1
316,0,11.75,10,9.56945133217262,10.0367197114302,1
316,0,11.75,10,10.0367197114302,11.75,0
317,0,14.75,1,0,3.64218260353701,1
317,0,14.75,1,3.64218260353701,14.75,0
318,0,10.75,12,0,5.06703696033329,1
318,0,10.75,12,5.06703696033329,7.06705046187079,1
318,0,10.75,12,7.06705046187079,7.82030001101931,1
318,0,10.75,12,7.82030001101931,8.02929340587804,1
318,0,10.75,12,8.02929340587804,8.17597545791585,1
318,0,10.75,12,8.17597545791585,8.67240131691129,1
318,0,10.75,12,8.67240131691129,9.62716789517221,1
318,0,10.75,12,9.62716789517221,9.88808000455924,1
318,0,10.75,12,9.88808000455924,9.93751141340947,1
318,0,10.75,12,9.93751141340947,10.3566501657838,1
318,0,10.75,12,10.3566501657838,10.5957968915843,1
318,0,10.75,12,10.5957968915843,10.6661056450502,1
318,0,10.75,12,10.6661056450502,10.75,0
319,0,13.75,2,0,0.934602617001098,1
319,0,13.75,2,0.934602617001098,13.3146961824655,1
319,0,13.75,2,13.3146961824655,13.75,0
320,0,15.75,4,0,0.39499568010317,1
320,0,15.75,4,0.39499568010317,4.16710988137009,1
320,0,15.75,4,4.16710988137009,6.18554137452292,1
320,0,15.75,4,6.18554137452292,15.4649815941537,1
320,0,15.75,4,15.4649815941537,15.75,0
321,0,12.75,6,0,0.0575199611537254,1
321,0,12.75,6,0.0575199611537254,4.08207070117818,1
321,0,12.75,6,4.08207070117818,4.64651220886618,1
321,0,12.75,6,4.64651220886618,6.50614142895214,1
321,0,12.75,6,6.50614142895214,7.35510177472043,1
321,0,12.75,6,7.35510177472043,9.20146672353005,1
321,0,12.75,6,9.20146672353005,12.75,0
322,0,17.75,44,0,2.12138279064426,1
322,0,17.75,44,2.12138279064426,6.63451429542287,1
322,0,17.75,44,6.63451429542287,7.77211662772217,1
322,0,17.75,44,7.77211662772217,7.79232156056787,1
322,0,17.75,44,7.79232156056787,8.2913776956967,1
322,0,17.75,44,8.2913776956967,8.38363165164352,1
322,0,17.75,44,8.38363165164352,9.44846053566769,1
322,0,17.75,44,9.44846053566769,9.48004070579258,1
322,0,17.75,44,9.48004070579258,10.6108042365181,1
322,0,17.75,44,10.6108042365181,10.8352582787929,1
322,0,17.75,44,10.8352582787929,11.0255189707714,1
322,0,17.75,44,11.0255189707714,11.0294167063261,1
322,0,17.75,44,11.0294167063261,11.1748577440544,1
322,0,17.75,44,11.1748577440544,11.7893251623796,1
322,0,17.75,44,11.7893251623796,11.8051772956278,1
322,0,17.75,44,11.8051772956278,11.8088757005486,1
322,0,17.75,44,11.8088757005486,11.9343850925054,1
322,0,17.75,44,11.9343850925054,11.9947736145399,1
322,0,17.75,44,11.9947736145399,12.7085466494221,1
322,0,17.75,44,12.7085466494221,12.8156579315869,1
322,0,17.75,44,12.8156579315869,12.8371797582295,1
322,0,17.75,44,12.8371797582295,12.9851462300067,1
322,0,17.75,44,12.9851462300067,13.0377011396687,1
322,0,17.75,44,13.0377011396687,13.4650436812251,1
322,0,17.75,44,13.4650436812251,13.540426325241,1
322,0,17.75,44,13.540426325241,13.6338360955155,1
322,0,17.75,44,13.6338360955155,14.4094969684038,1
322,0,17.75,44,14.4094969684038,14.6388749029542,1
322,0,17.75,44,14.6388749029542,14.8630495695215,1
322,0,17.75,44,14.8630495695215,15.0851716961604,1
322,0,17.75,44,15.0851716961604,15.0943315029055,1
322,0,17.75,44,15.0943315029055,15.282424082967,1
322,0,17.75,44,15.282424082967,15.3223663925792,1
322,0,17.75,44,15.3223663925792,15.7212532385739,1
322,0,17.75,44,15.7212532385739,15.7992252603649,1
322,0,17.75,44,15.7992252603649,16.539263308251,1
322,0,17.75,44,16.539263308251,16.6929524198746,1
322,0,17.75,44,16.6929524198746,16.716031686836,1
322,0,17.75,44,16.716031686836,16.7843854372356,1
322,0,17.75,44,16.7843854372356,16.9788036893189,1
322,0,17.75,44,16.9788036893189,17.0891959442701,1
322,0,17.75,44,17.0891959442701,17.5091755124296,1
322,0,17.75,44,17.5091755124296,17.6858752727707,1
322,0,17.75,44,17.6858752727707,17.7366820144681,1
322,0,17.75,44,17.7366820144681,17.75,0
323,0,17.75,1,0,16.9996899738135,1
323,0,17.75,1,16.9996899738135,17.75,0
324,0,18.75,53,0,1.59011782002414,1
324,0,18.75,53,1.59011782002414,3.84026526138538,1
324,0,18.75,53,3.84026526138538,5.0831228973744,1
324,0,18.75,53,5.0831228973744,5.29342439553269,1
324,0,18.75,53,5.29342439553269,5.34149850579759,1
324,0,18.75,53,5.34149850579759,6.4214521685927,1
324,0,18.75,53,6.4214521685927,6.68922589343337,1
324,0,18.75,53,6.68922589343337,6.81236671536579,1
324,0,18.75,53,6.81236671536579,7.23246622849231,1
324,0,18.75,53,7.23246622849231,8.03896579500536,1
324,0,18.75,53,8.03896579500536,8.346638243817,1
324,0,18.75,53,8.346638243817,8.40224073516878,1
324,0,18.75,53,8.40224073516878,9.15774424968237,1
324,0,18.75,53,9.15774424968237,9.25932145314584,1
324,0,18.75,53,9.25932145314584,9.45156139914329,1
324,0,18.75,53,9.45156139914329,9.93285011602284,1
324,0,18.75,53,9.93285011602284,11.2811311549492,1
324,0,18.75,53,11.2811311549492,11.6238157952319,1
324,0,18.75,53,11.6238157952319,12.3543350713271,1
324,0,18.75,53,12.3543350713271,12.4553801701719,1
324,0,18.75,53,12.4553801701719,12.5414764346442,1
324,0,18.75,53,12.5414764346442,12.9260420482438,1
324,0,18.75,53,12.9260420482438,12.9856927964924,1
324,0,18.75,53,12.9856927964924,13.2964691018248,1
324,0,18.75,53,13.2964691018248,13.5607304193201,1
324,0,18.75,53,13.5607304193201,13.8036051030471,1
324,0,18.75,53,13.8036051030471,13.8804710811835,1
324,0,18.75,53,13.8804710811835,14.0389771645523,1
324,0,18.75,53,14.0389771645523,14.1700599856628,1
324,0,18.75,53,14.1700599856628,14.3318404122511,1
324,0,18.75,53,14.3318404122511,14.4484903905124,1
324,0,18.75,53,14.4484903905124,14.4550032034938,1
324,0,18.75,53,14.4550032034938,14.6664572798336,1
324,0,18.75,53,14.6664572798336,14.7868514119656,1
324,0,18.75,53,14.7868514119656,15.8186171952826,1
324,0,18.75,53,15.8186171952826,15.8481799201776,1
324,0,18.75,53,15.8481799201776,16.0891173989238,1
324,0,18.75,53,16.0891173989238,16.1192147385076,1
324,0,18.75,53,16.1192147385076,16.274351678016,1
324,0,18.75,53,16.274351678016,17.0760087942576,1
324,0,18.75,53,17.0760087942576,17.1333435551538,1
324,0,18.75,53,17.1333435551538,17.2832656647421,1
324,0,18.75,53,17.2832656647421,17.2978919772157,1
324,0,18.75,53,17.2978919772157,17.3718443992977,1
324,0,18.75,53,17.3718443992977,17.381976998283,1
324,0,18.75,53,17.381976998283,17.4537366135769,1
324,0,18.75,53,17.4537366135769,17.7348994113374,1
324,0,18.75,53,17.7348994113374,17.777688739502,1
324,0,18.75,53,17.777688739502,18.043765401574,1
324,0,18.75,53,18.043765401574,18.0892884084455,1
324,0,18.75,53,18.0892884084455,18.1062187764613,1
324,0,18.75,53,18.1062187764613,18.3556391716774,1
324,0,18.75,53,18.3556391716774,18.5198737129866,1
324,0,18.75,53,18.5198737129866,18.75,0
325,0,16.75,0,0,16.75,0
326,0,14.75,1,0,9.92184687487504,1
326,0,14.75,1,9.92184687487504,14.75,0
327,0,8.75,3,0,0.663355561310222,1
327,0,8.75,3,0.663355561310222,4.49987385515961,1
327,0,8.75,3,4.49987385515961,7.82429227248932,1
327,0,8.75,3,7.82429227248932,8.75,0
328,0,11.75,3,0,3.98480649751879,1
328,0,11.75,3,3.98480649751879,4.21871351488706,1
328,0,11.75,3,4.21871351488706,11.4935217516299,1
328,0,11.75,3,11.4935217516299,11.75,0
329,0,14.75,45,0,2.4392218476442,1
329,0,14.75,45,2.4392218476442,4.25505288989741,1
329,0,14.75,45,4.25505288989741,5.40539336431241,1
329,0,14.75,45,5.40539336431241,5.71719925563141,1
329,0,14.75,45,5.71719925563141,6.01045776974281,1
329,0,14.75,45,6.01045776974281,6.08582657515528,1
329,0,14.75,45,6.08582657515528,6.09365022830472,1
329,0,14.75,45,6.09365022830472,6.8253729633634,1
329,0,14.75,45,6.8253729633634,7.02659784378778,1
329,0,14.75,45,7.02659784378778,8.06434411405975,1
329,0,14.75,45,8.06434411405975,8.07847788073081,1
329,0,14.75,45,8.07847788073081,8.31232895855041,1
329,0,14.75,45,8.31232895855041,8.40437284125055,1
329,0,14.75,45,8.40437284125055,9.1133611098767,1
329,0,14.75,45,9.1133611098767,9.27179698318618,1
329,0,14.75,45,9.27179698318618,9.42003532652238,1
329,0,14.75,45,9.42003532652238,9.60662512517822,1
329,0,14.75,45,9.60662512517822,9.84265560583887,1
329,0,14.75,45,9.84265560583887,9.91055494773336,1
329,0,14.75,45,9.91055494773336,9.93526541175887,1
329,0,14.75,45,9.93526541175887,9.96435787817531,1
329,0,14.75,45,9.96435787817531,10.3904608670043,1
329,0,14.75,45,10.3904608670043,10.7995960637867,1
329,0,14.75,45,10.7995960637867,10.9539922955775,1
329,0,14.75,45,10.9539922955775,10.9723854006546,1
329,0,14.75,45,10.9723854006546,11.1682062138797,1
329,0,14.75,45,11.1682062138797,11.5492256974079,1
329,0,14.75,45,11.5492256974079,12.4282083313221,1
329,0,14.75,45,12.4282083313221,12.5768415604824,1
329,0,14.75,45,12.5768415604824,12.5819873763994,1
329,0,14.75,45,12.5819873763994,12.7007933575872,1
329,0,14.75,45,12.7007933575872,12.7494526630803,1
329,0,14.75,45,12.7494526630803,12.9767625867357,1
329,0,14.75,45,12.9767625867357,13.2835197880298,1
329,0,14.75,45,13.2835197880298,13.4112504364043,1
329,0,14.75,45,13.4112504364043,13.4242545871656,1
329,0,14.75,45,13.4242545871656,13.5773759670077,1
329,0,14.75,45,13.5773759670077,14.1280784875308,1
329,0,14.75,45,14.1280784875308,14.1405328170703,1
329,0,14.75,45,14.1405328170703,14.3177409340295,1
329,0,14.75,45,14.3177409340295,14.5130052428933,1
329,0,14.75,45,14.5130052428933,14.5694382498945,1
329,0,14.75,45,14.5694382498945,14.6193637531794,1
329,0,14.75,45,14.6193637531794,14.6394201851505,1
329,0,14.75,45,14.6394201851505,14.7374600461756,1
329,0,14.75,45,14.7374600461756,14.75,0
330,0,14.75,24,0,1.63625460937297,1
330,0,14.75,24,1.63625460937297,4.57118100046304,1
330,0,14.75,24,4.57118100046304,5.28431363716235,1
330,0,14.75,24,5.28431363716235,5.82842316894416,1
330,0,14.75,24,5.82842316894416,6.52831999050807,1
330,0,14.75,24,6.52831999050807,7.00755814954937,1
330,0,14.75,24,7.00755814954937,7.52683909696176,1
330,0,14.75,24,7.52683909696176,7.80490503198985,1
330,0,14.75,24,7.80490503198985,8.62192037025571,1
330,0,14.75,24,8.62192037025571,9.13508029323375,1
330,0,14.75,24,9.13508029323375,9.81456742749519,1
330,0,14.75,24,9.81456742749519,9.81759917283084,1
330,0,14.75,24,9.81759917283084,10.2790944853614,1
330,0,14.75,24,10.2790944853614,10.3918157700526,1
330,0,14.75,24,10.3918157700526,11.3832145672874,1
330,0,14.75,24,11.3832145672874,11.9839593135696,1
330,0,14.75,24,11.9839593135696,12.0127680144402,1
330,0,14.75,24,12.0127680144402,12.0294442426494,1
330,0,14.75,24,12.0294442426494,12.3342467970467,1
330,0,14.75,24,12.3342467970467,12.8936367387921,1
330,0,14.75,24,12.8936367387921,13.0032819768132,1
330,0,14.75,24,13.0032819768132,13.602816984436,1
330,0,14.75,24,13.602816984436,13.7030757347069,1
330,0,14.75,24,13.7030757347069,14.0640498359215,1
330,0,14.75,24,14.0640498359215,14.75,0
331,0,16.75,26,0,3.41957602772732,1
331,0,16.75,26,3.41957602772732,3.66658142169204,1
331,0,16.75,26,3.66658142169204,4.25825665133265,1
331,0,16.75,26,4.25825665133265,7.11935869581324,1
331,0,16.75,26,7.11935869581324,7.1206130308684,1
331,0,16.75,26,7.1206130308684,8.87373125674787,1
331,0,16.75,26,8.87373125674787,9.84976549039506,1
331,0,16.75,26,9.84976549039506,10.2410342367499,1
331,0,16.75,26,10.2410342367499,11.6964110761116,1
331,0,16.75,26,11.6964110761116,12.1901363364756,1
331,0,16.75,26,12.1901363364756,12.8003415246999,1
331,0,16.75,26,12.8003415246999,12.9573095200661,1
331,0,16.75,26,12.9573095200661,13.0854124973371,1
331,0,16.75,26,13.0854124973371,13.1006412837399,1
331,0,16.75,26,13.1006412837399,13.1522033584902,1
331,0,16.75,26,13.1522033584902,13.9507759892191,1
331,0,16.75,26,13.9507759892191,14.0414721990563,1
331,0,16.75,26,14.0414721990563,14.1600612789215,1
331,0,16.75,26,14.1600612789215,14.2007476175168,1
331,0,16.75,26,14.2007476175168,14.8058591456679,1
331,0,16.75,26,14.8058591456679,15.3531999547306,1
331,0,16.75,26,15.3531999547306,15.3936259441769,1
331,0,16.75,26,15.3936259441769,15.5603069454156,1
331,0,16.75,26,15.5603069454156,16.3812963610144,1
331,0,16.75,26,16.3812963610144,16.5061988718641,1
331,0,16.75,26,16.5061988718641,16.6862196076114,1
331,0,16.75,26,16.6862196076114,16.75,0
332,0,8.75,2,0,4.87281057633276,1
332,0,8.75,2,4.87281057633276,6.45384051762454,1
332,0,8.75,2,6.45384051762454,8.75,0
333,0,9.75,28,0,2.53407607400978,1
333,0,9.75,28,2.53407607400978,3.70072782991559,1
333,0,9.75,28,3.70072782991559,4.2543844655801,1
333,0,9.75,28,4.2543844655801,4.37807490338296,1
333,0,9.75,28,4.37807490338296,4.85322884726315,1
333,0,9.75,28,4.85322884726315,4.94702967565013,1
333,0,9.75,28,4.94702967565013,5.59321310735543,1
333,0,9.75,28,5.59321310735543,6.16497999855755,1
333,0,9.75,28,6.16497999855755,6.16818477886675,1
333,0,9.75,28,6.16818477886675,6.24207757827774,1
333,0,9.75,28,6.24207757827774,6.50526079397257,1
333,0,9.75,28,6.50526079397257,6.66540990914577,1
333,0,9.75,28,6.66540990914577,6.8687312414651,1
333,0,9.75,28,6.8687312414651,7.3985089514703,1
333,0,9.75,28,7.3985089514703,7.4589129547329,1
333,0,9.75,28,7.4589129547329,7.48381305091076,1
333,0,9.75,28,7.48381305091076,7.7227266204516,1
333,0,9.75,28,7.7227266204516,7.93175561088353,1
333,0,9.75,28,7.93175561088353,7.95356661174649,1
333,0,9.75,28,7.95356661174649,8.53130530431722,1
333,0,9.75,28,8.53130530431722,8.55110089125546,1
333,0,9.75,28,8.55110089125546,8.8405371659016,1
333,0,9.75,28,8.8405371659016,8.86784825136395,1
333,0,9.75,28,8.86784825136395,8.98930449920541,1
333,0,9.75,28,8.98930449920541,9.18914772329178,1
333,0,9.75,28,9.18914772329178,9.30437597765042,1
333,0,9.75,28,9.30437597765042,9.34432283006698,1
333,0,9.75,28,9.34432283006698,9.7103899796567,1
333,0,9.75,28,9.7103899796567,9.75,0
334,0,11.75,7,0,0.393815522082331,1
334,0,11.75,7,0.393815522082331,1.38729079742556,1
334,0,11.75,7,1.38729079742556,5.9393285338037,1
334,0,11.75,7,5.9393285338037,6.39601988858414,1
334,0,11.75,7,6.39601988858414,9.70432665645953,1
334,0,11.75,7,9.70432665645953,10.1517578004281,1
334,0,11.75,7,10.1517578004281,10.2190829703454,1
334,0,11.75,7,10.2190829703454,11.75,0
335,0,12.75,17,0,4.60969330355845,1
335,0,12.75,17,4.60969330355845,4.6101361194655,1
335,0,12.75,17,4.6101361194655,5.89353784852585,1
335,0,12.75,17,5.89353784852585,8.296536147696,1
335,0,12.75,17,8.296536147696,8.32956926606928,1
335,0,12.75,17,8.32956926606928,9.39940171294433,1
335,0,12.75,17,9.39940171294433,9.65576682840448,1
335,0,12.75,17,9.65576682840448,9.66084519768529,1
335,0,12.75,17,9.66084519768529,9.71721980521832,1
335,0,12.75,17,9.71721980521832,10.2946031587603,1
335,0,12.75,17,10.2946031587603,10.4286735023854,1
335,0,12.75,17,10.4286735023854,10.531973301241,1
335,0,12.75,17,10.531973301241,10.6523325148108,1
335,0,12.75,17,10.6523325148108,10.7336862894298,1
335,0,12.75,17,10.7336862894298,10.7877880439512,1
335,0,12.75,17,10.7877880439512,12.2362102801887,1
335,0,12.75,17,12.2362102801887,12.6374156620286,1
335,0,12.75,17,12.6374156620286,12.75,0
336,0,9.75,0,0,9.75,0
337,0,15.75,1,0,0.0570506221926951,1
337,0,15.75,1,0.0570506221926951,15.75,0
338,0,19.75,0,0,19.75,0
339,0,17.75,4,0,0.154142176690056,1
339,0,17.75,4,0.154142176690056,0.309088086257221,1
339,0,17.75,4,0.309088086257221,8.01381980007833,1
339,0,17.75,4,8.01381980007833,9.4990929194588,1
339,0,17.75,4,9.4990929194588,17.75,0
340,0,13.75,12,0,5.00820602907952,1
340,0,13.75,12,5.00820602907952,6.25779667152214,1
340,0,13.75,12,6.25779667152214,7.07293505647961,1
340,0,13.75,12,7.07293505647961,7.62222290794694,1
340,0,13.75,12,7.62222290794694,9.61434167265308,1
340,0,13.75,12,9.61434167265308,9.81578140446532,1
340,0,13.75,12,9.81578140446532,10.2553984834145,1
340,0,13.75,12,10.2553984834145,10.9946259205296,1
340,0,13.75,12,10.9946259205296,11.3207982954053,1
340,0,13.75,12,11.3207982954053,11.7377596421591,1
340,0,13.75,12,11.7377596421591,11.9067728707043,1
340,0,13.75,12,11.9067728707043,12.3900123321042,1
340,0,13.75,12,12.3900123321042,13.75,0
341,0,13.75,1,0,11.1319792175073,1
341,0,13.75,1,11.1319792175073,13.75,0
342,0,14.75,21,0,5.85919126382014,1
342,0,14.75,21,5.85919126382014,6.03928190541393,1
342,0,14.75,21,6.03928190541393,6.04148590318652,1
342,0,14.75,21,6.04148590318652,8.07988961992531,1
342,0,14.75,21,8.07988961992531,8.18081887223286,1
342,0,14.75,21,8.18081887223286,8.44116556051822,1
342,0,14.75,21,8.44116556051822,9.55809464864157,1
342,0,14.75,21,9.55809464864157,9.95288979742309,1
342,0,14.75,21,9.95288979742309,10.2193018679605,1
342,0,14.75,21,10.2193018679605,10.3391895274235,1
342,0,14.75,21,10.3391895274235,10.6756643322725,1
342,0,14.75,21,10.6756643322725,10.8914381040272,1
342,0,14.75,21,10.8914381040272,12.2321221578743,1
342,0,14.75,21,12.2321221578743,12.3687388350754,1
342,0,14.75,21,12.3687388350754,13.1041425350579,1
342,0,14.75,21,13.1041425350579,13.1398285615048,1
342,0,14.75,21,13.1398285615048,13.4037154372015,1
342,0,14.75,21,13.4037154372015,13.4890562622774,1
342,0,14.75,21,13.4890562622774,13.9297630238227,1
342,0,14.75,21,13.9297630238227,14.027444391683,1
342,0,14.75,21,14.027444391683,14.5867567904283,1
342,0,14.75,21,14.5867567904283,14.75,0
343,0,9.75,2,0,4.91443149589279,1
343,0,9.75,2,4.91443149589279,5.37925264131226,1
343,0,9.75,2,5.37925264131226,9.75,0
344,0,18.75,0,0,18.75,0
345,0,15.75,1,0,3.94830346028255,1
345,0,15.75,1,3.94830346028255,15.75,0
346,0,18.75,1,0,12.4802955281587,1
346,0,18.75,1,12.4802955281587,18.75,0
347,0,18.75,65,0,3.64618823187062,1
347,0,18.75,65,3.64618823187062,3.96903531645811,1
347,0,18.75,65,3.96903531645811,5.59699160410602,1
347,0,18.75,65,5.59699160410602,6.86406639762159,1
347,0,18.75,65,6.86406639762159,7.19352043990988,1
347,0,18.75,65,7.19352043990988,7.23416671532814,1
347,0,18.75,65,7.23416671532814,7.65351774867826,1
347,0,18.75,65,7.65351774867826,7.80002050555302,1
347,0,18.75,65,7.80002050555302,8.30950864949225,1
347,0,18.75,65,8.30950864949225,8.84939823548933,1
347,0,18.75,65,8.84939823548933,9.78689181815926,1
347,0,18.75,65,9.78689181815926,9.80113945977047,1
347,0,18.75,65,9.80113945977047,9.89294664246292,1
347,0,18.75,65,9.89294664246292,10.1369757548373,1
347,0,18.75,65,10.1369757548373,10.5380675300824,1
347,0,18.75,65,10.5380675300824,10.6368556793598,1
347,0,18.75,65,10.6368556793598,11.5860982872931,1
347,0,18.75,65,11.5860982872931,11.7572158526864,1
347,0,18.75,65,11.7572158526864,11.7851614590029,1
347,0,18.75,65,11.7851614590029,12.0282510075628,1
347,0,18.75,65,12.0282510075628,12.1084576312741,1
347,0,18.75,65,12.1084576312741,12.1433364706027,1
347,0,18.75,65,12.1433364706027,12.4556800225443,1
347,0,18.75,65,12.4556800225443,13.353824411664,1
347,0,18.75,65,13.353824411664,13.356082260647,1
347,0,18.75,65,13.356082260647,13.4041070488559,1
347,0,18.75,65,13.4041070488559,13.4442780265814,1
347,0,18.75,65,13.4442780265814,13.5148210404689,1
347,0,18.75,65,13.5148210404689,13.6358666284812,1
347,0,18.75,65,13.6358666284812,13.651657800894,1
347,0,18.75,65,13.651657800894,13.659340441108,1
347,0,18.75,65,13.659340441108,13.880848613055,1
347,0,18.75,65,13.880848613055,14.5489399791414,1
347,0,18.75,65,14.5489399791414,14.7455725703921,1
347,0,18.75,65,14.7455725703921,14.7897399769029,1
347,0,18.75,65,14.7897399769029,15.2262162917657,1
347,0,18.75,65,15.2262162917657,15.4212891169345,1
347,0,18.75,65,15.4212891169345,15.5120437955759,1
347,0,18.75,65,15.5120437955759,15.6891618318115,1
347,0,18.75,65,15.6891618318115,15.9407060256183,1
347,0,18.75,65,15.9407060256183,16.1944894834664,1
347,0,18.75,65,16.1944894834664,16.263383159597,1
347,0,18.75,65,16.263383159597,16.7491338948851,1
347,0,18.75,65,16.7491338948851,17.0317076147318,1
347,0,18.75,65,17.0317076147318,17.0844501484284,1
347,0,18.75,65,17.0844501484284,17.3753794327657,1
347,0,18.75,65,17.3753794327657,17.4094892493679,1
347,0,18.75,65,17.4094892493679,17.5656719255792,1
347,0,18.75,65,17.5656719255792,17.6068305897067,1
347,0,18.75,65,17.6068305897067,17.6735930292216,1
347,0,18.75,65,17.6735930292216,17.6746341641752,1
347,0,18.75,65,17.6746341641752,17.7213326529748,1
347,0,18.75,65,17.7213326529748,17.8884891994775,1
347,0,18.75,65,17.8884891994775,17.9230415265857,1
347,0,18.75,65,17.9230415265857,18.0172951775649,1
347,0,18.75,65,18.0172951775649,18.1079288172421,1
347,0,18.75,65,18.1079288172421,18.1466459778284,1
347,0,18.75,65,18.1466459778284,18.1848768339001,1
347,0,18.75,65,18.1848768339001,18.2995730201961,1
347,0,18.75,65,18.2995730201961,18.3548778445712,1
347,0,18.75,65,18.3548778445712,18.3870045072065,1
347,0,18.75,65,18.3870045072065,18.402306179361,1
347,0,18.75,65,18.402306179361,18.5756740567149,1
347,0,18.75,65,18.5756740567149,18.6544574562848,1
347,0,18.75,65,18.6544574562848,18.7123192439727,1
347,0,18.75,65,18.7123192439727,18.75,0
348,0,16.75,5,0,0.0169268422478789,1
348,0,16.75,5,0.0169268422478789,0.241271568854176,1
348,0,16.75,5,0.241271568854176,0.81857709330667,1
348,0,16.75,5,0.81857709330667,1.1114155026058,1
348,0,16.75,5,1.1114155026058,14.7247790897622,1
348,0,16.75,5,14.7247790897622,16.75,0
349,0,11.75,17,0,6.69437648151214,1
349,0,11.75,17,6.69437648151214,7.15999850755422,1
349,0,11.75,17,7.15999850755422,7.29058211825383,1
349,0,11.75,17,7.29058211825383,7.53926865031635,1
349,0,11.75,17,7.53926865031635,7.72527232928447,1
349,0,11.75,17,7.72527232928447,7.85247109730829,1
349,0,11.75,17,7.85247109730829,8.40998091435234,1
349,0,11.75,17,8.40998091435234,8.4959615396701,1
349,0,11.75,17,8.4959615396701,8.65419614207504,1
349,0,11.75,17,8.65419614207504,8.7596236413898,1
349,0,11.75,17,8.7596236413898,10.4676365710251,1
349,0,11.75,17,10.4676365710251,10.5259484564625,1
349,0,11.75,17,10.5259484564625,10.6828446719581,1
349,0,11.75,17,10.6828446719581,10.9729594423178,1
349,0,11.75,17,10.9729594423178,11.4585966220022,1
349,0,11.75,17,11.4585966220022,11.5876571432175,1
349,0,11.75,17,11.5876571432175,11.5931149472328,1
349,0,11.75,17,11.5931149472328,11.75,0
350,0,19.75,1,0,3.26786001425745,1
350,0,19.75,1,3.26786001425745,19.75,0
351,0,18.75,5,0,2.09997227107638,1
351,0,18.75,5,2.09997227107638,3.42323086557468,1
351,0,18.75,5,3.42323086557468,6.28558775824542,1
351,0,18.75,5,6.28558775824542,9.20838167614231,1
351,0,18.75,5,9.20838167614231,10.6499582161711,1
351,0,18.75,5,10.6499582161711,18.75,0
352,0,18.75,53,0,2.75693241411092,1
352,0,18.75,53,2.75693241411092,4.32119813721914,1
352,0,18.75,53,4.32119813721914,4.66452385864986,1
352,0,18.75,53,4.66452385864986,4.85256139522375,1
352,0,18.75,53,4.85256139522375,5.78491873178436,1
352,0,18.75,53,5.78491873178436,5.91889272427307,1
352,0,18.75,53,5.91889272427307,6.48899396556539,1
352,0,18.75,53,6.48899396556539,7.46922175939814,1
352,0,18.75,53,7.46922175939814,7.73481056151675,1
352,0,18.75,53,7.73481056151675,8.17466761954955,1
352,0,18.75,53,8.17466761954955,8.83990866709005,1
352,0,18.75,53,8.83990866709005,10.8538921166183,1
352,0,18.75,53,10.8538921166183,10.8964053959648,1
352,0,18.75,53,10.8964053959648,11.1263336130834,1
352,0,18.75,53,11.1263336130834,11.2492040614665,1
352,0,18.75,53,11.2492040614665,11.8500118413834,1
352,0,18.75,53,11.8500118413834,11.8910275909076,1
352,0,18.75,53,11.8910275909076,12.7779033274225,1
352,0,18.75,53,12.7779033274225,13.5009464821259,1
352,0,18.75,53,13.5009464821259,13.6678207281576,1
352,0,18.75,53,13.6678207281576,13.8140842260532,1
352,0,18.75,53,13.8140842260532,13.9857866194381,1
352,0,18.75,53,13.9857866194381,14.0067357505333,1
352,0,18.75,53,14.0067357505333,14.0516920375416,1
352,0,18.75,53,14.0516920375416,14.0588326126482,1
352,0,18.75,53,14.0588326126482,14.7732578624,1
352,0,18.75,53,14.7732578624,14.8764715813558,1
352,0,18.75,53,14.8764715813558,14.9927840073369,1
352,0,18.75,53,14.9927840073369,15.0203847676992,1
352,0,18.75,53,15.0203847676992,15.4158853479119,1
352,0,18.75,53,15.4158853479119,15.549699970483,1
352,0,18.75,53,15.549699970483,15.6526799712425,1
352,0,18.75,53,15.6526799712425,15.7382234017138,1
352,0,18.75,53,15.7382234017138,16.0607198029087,1
352,0,18.75,53,16.0607198029087,16.3891598703398,1
352,0,18.75,53,16.3891598703398,16.5394287116488,1
352,0,18.75,53,16.5394287116488,16.6163953708373,1
352,0,18.75,53,16.6163953708373,16.7446783258805,1
352,0,18.75,53,16.7446783258805,16.909824676269,1
352,0,18.75,53,16.909824676269,17.0372740986918,1
352,0,18.75,53,17.0372740986918,17.2087442395769,1
352,0,18.75,53,17.2087442395769,17.3563479083113,1
352,0,18.75,53,17.3563479083113,17.6311325999617,1
352,0,18.75,53,17.6311325999617,17.6709757792692,1
352,0,18.75,53,17.6709757792692,17.7687598411735,1
352,0,18.75,53,17.7687598411735,17.7705903150972,1
352,0,18.75,53,17.7705903150972,17.8563086281928,1
352,0,18.75,53,17.8563086281928,17.9310039801232,1
352,0,18.75,53,17.9310039801232,17.9530294746345,1
352,0,18.75,53,17.9530294746345,18.0537379070196,1
352,0,18.75,53,18.0537379070196,18.2757200783043,1
352,0,18.75,53,18.2757200783043,18.5238998503414,1
352,0,18.75,53,18.5238998503414,18.7409271530958,1
352,0,18.75,53,18.7409271530958,18.75,0
353,0,8.75,4,0,0.835788250350525,1
353,0,8.75,4,0.835788250350525,2.1583804446236,1
353,0,8.75,4,2.1583804446236,2.760263485887,1
353,0,8.75,4,2.760263485887,3.26101248586014,1
353,0,8.75,4,3.26101248586014,8.75,0
354,0,16.75,0,0,16.75,0
355,0,11.75,17,0,4.38716938985175,1
355,0,11.75,17,4.38716938985175,6.45162406661293,1
355,0,11.75,17,6.45162406661293,6.88889219960356,1
355,0,11.75,17,6.88889219960356,6.94368325767881,1
355,0,11.75,17,6.94368325767881,7.85097068644748,1
355,0,11.75,17,7.85097068644748,7.94796468024086,1
355,0,11.75,17,7.94796468024086,7.95295628464129,1
355,0,11.75,17,7.95295628464129,8.19415728946516,1
355,0,11.75,17,8.19415728946516,8.36143203706963,1
355,0,11.75,17,8.36143203706963,8.41112532669666,1
355,0,11.75,17,8.41112532669666,9.11241080882656,1
355,0,11.75,17,9.11241080882656,9.16998910573901,1
355,0,11.75,17,9.16998910573901,10.3991897161613,1
355,0,11.75,17,10.3991897161613,10.488902938743,1
355,0,11.75,17,10.488902938743,10.6336446795718,1
355,0,11.75,17,10.6336446795718,10.6554581514155,1
355,0,11.75,17,10.6554581514155,11.4468117315542,1
355,0,11.75,17,11.4468117315542,11.75,0
356,0,16.75,1,0,10.8359357435542,1
356,0,16.75,1,10.8359357435542,16.75,0
357,0,14.75,49,0,3.53488592252036,1
357,0,14.75,49,3.53488592252036,3.83600967443901,1
357,0,14.75,49,3.83600967443901,4.92672205876164,1
357,0,14.75,49,4.92672205876164,5.14646228214281,1
357,0,14.75,49,5.14646228214281,5.46783796751595,1
357,0,14.75,49,5.46783796751595,5.51652970724856,1
357,0,14.75,49,5.51652970724856,5.90415891274426,1
357,0,14.75,49,5.90415891274426,5.942056416858,1
357,0,14.75,49,5.942056416858,6.05295068643023,1
357,0,14.75,49,6.05295068643023,6.22049347660868,1
357,0,14.75,49,6.22049347660868,7.20376306905169,1
357,0,14.75,49,7.20376306905169,7.4354598981656,1
357,0,14.75,49,7.4354598981656,7.58238842209169,1
357,0,14.75,49,7.58238842209169,7.97206757286243,1
357,0,14.75,49,7.97206757286243,8.01143323663435,1
357,0,14.75,49,8.01143323663435,8.22795818561684,1
357,0,14.75,49,8.22795818561684,8.77626542868854,1
357,0,14.75,49,8.77626542868854,9.31901063542091,1
357,0,14.75,49,9.31901063542091,9.40201046545502,1
357,0,14.75,49,9.40201046545502,9.46778442823473,1
357,0,14.75,49,9.46778442823473,9.63490793133136,1
357,0,14.75,49,9.63490793133136,9.65011577799131,1
357,0,14.75,49,9.65011577799131,9.85277201871314,1
357,0,14.75,49,9.85277201871314,9.87396587666848,1
357,0,14.75,49,9.87396587666848,10.1963906016823,1
357,0,14.75,49,10.1963906016823,10.5114596330596,1
357,0,14.75,49,10.5114596330596,11.0557355284214,1
357,0,14.75,49,11.0557355284214,11.6066139960075,1
357,0,14.75,49,11.6066139960075,11.9258065067661,1
357,0,14.75,49,11.9258065067661,12.2699771846103,1
357,0,14.75,49,12.2699771846103,12.4577772059279,1
357,0,14.75,49,12.4577772059279,12.5606921381274,1
357,0,14.75,49,12.5606921381274,12.6079506028058,1
357,0,14.75,49,12.6079506028058,12.7432441540175,1
357,0,14.75,49,12.7432441540175,12.7618945088519,1
357,0,14.75,49,12.7618945088519,12.8705941740876,1
357,0,14.75,49,12.8705941740876,12.9038025969028,1
357,0,14.75,49,12.9038025969028,12.9165749975078,1
357,0,14.75,49,12.9165749975078,12.9638883154434,1
357,0,14.75,49,12.9638883154434,13.0590268412193,1
357,0,14.75,49,13.0590268412193,13.1038670488774,1
357,0,14.75,49,13.1038670488774,13.1629516425872,1
357,0,14.75,49,13.1629516425872,13.4516008263915,1
357,0,14.75,49,13.4516008263915,13.4855606517306,1
357,0,14.75,49,13.4855606517306,13.5973813890482,1
357,0,14.75,49,13.5973813890482,13.8833752316542,1
357,0,14.75,49,13.8833752316542,14.16844984317,1
357,0,14.75,49,14.16844984317,14.4651571537726,1
357,0,14.75,49,14.4651571537726,14.682087462117,1
357,0,14.75,49,14.682087462117,14.75,0
358,0,16.75,17,0,4.14657315078108,1
358,0,16.75,17,4.14657315078108,4.38326799517341,1
358,0,16.75,17,4.38326799517341,5.07392389886016,1
358,0,16.75,17,5.07392389886016,6.89557013255372,1
358,0,16.75,17,6.89557013255372,7.17192072449779,1
358,0,16.75,17,7.17192072449779,9.04063340020323,1
358,0,16.75,17,9.04063340020323,11.7303398510249,1
358,0,16.75,17,11.7303398510249,11.8293187866105,1
358,0,16.75,17,11.8293187866105,12.0723264292298,1
358,0,16.75,17,12.0723264292298,12.6414764222097,1
358,0,16.75,17,12.6414764222097,12.8562338905646,1
358,0,16.75,17,12.8562338905646,13.9464370799316,1
358,0,16.75,17,13.9464370799316,14.7747677075273,1
358,0,16.75,17,14.7747677075273,14.7939410871506,1
358,0,16.75,17,14.7939410871506,15.0374364939509,1
358,0,16.75,17,15.0374364939509,15.6907690801053,1
358,0,16.75,17,15.6907690801053,15.7195901201966,1
358,0,16.75,17,15.7195901201966,16.75,0
359,0,14.75,0,0,14.75,0
360,0,13.75,5,0,0.166849977264695,1
360,0,13.75,5,0.166849977264695,2.05614109318812,1
360,0,13.75,5,2.05614109318812,3.26339767850404,1
360,0,13.75,5,3.26339767850404,4.04325322999563,1
360,0,13.75,5,4.04325322999563,10.9974179257992,1
360,0,13.75,5,10.9974179257992,13.75,0
361,0,12.75,3,0,1.16275376537874,1
361,0,12.75,3,1.16275376537874,10.6426697910871,1
361,0,12.75,3,10.6426697910871,11.3578902737452,1
361,0,12.75,3,11.3578902737452,12.75,0
362,0,19.75,0,0,19.75,0
363,0,18.75,0,0,18.75,0
364,0,10.75,2,0,1.33316233408358,1
364,0,10.75,2,1.33316233408358,10.0845284036508,1
364,0,10.75,2,10.0845284036508,10.75,0
365,0,8.75,4,0,2.69688101612856,1
365,0,8.75,4,2.69688101612856,3.86496443023226,1
365,0,8.75,4,3.86496443023226,4.08692974764351,1
365,0,8.75,4,4.08692974764351,5.76636169121829,1
365,0,8.75,4,5.76636169121829,8.75,0
366,0,14.75,2,0,2.81432952768859,1
366,0,14.75,2,2.81432952768859,8.583916093673,1
366,0,14.75,2,8.583916093673,14.75,0
367,0,19.75,2,0,0.110810201372386,1
367,0,19.75,2,0.110810201372386,7.72812059267255,1
367,0,19.75,2,7.72812059267255,19.75,0
368,0,14.75,17,0,4.74202323455827,1
368,0,14.75,17,4.74202323455827,6.12273424968248,1
368,0,14.75,17,6.12273424968248,8.44132890027932,1
368,0,14.75,17,8.44132890027932,8.65098981339834,1
368,0,14.75,17,8.65098981339834,8.89094836814929,1
368,0,14.75,17,8.89094836814929,9.15593071654615,1
368,0,14.75,17,9.15593071654615,10.4851940907105,1
368,0,14.75,17,10.4851940907105,10.976302102139,1
368,0,14.75,17,10.976302102139,11.2796706832572,1
368,0,14.75,17,11.2796706832572,11.8911708500966,1
368,0,14.75,17,11.8911708500966,12.7008521361275,1
368,0,14.75,17,12.7008521361275,13.2457180988616,1
368,0,14.75,17,13.2457180988616,13.6170493169002,1
368,0,14.75,17,13.6170493169002,13.8348466628324,1
368,0,14.75,17,13.8348466628324,13.867392707476,1
368,0,14.75,17,13.867392707476,14.0371183666968,1
368,0,14.75,17,14.0371183666968,14.3459704934171,1
368,0,14.75,17,14.3459704934171,14.75,0
369,0,14.75,11,0,3.2986529272338,1
369,0,14.75,11,3.2986529272338,5.82600671119595,1
369,0,14.75,11,5.82600671119595,7.38919030347288,1
369,0,14.75,11,7.38919030347288,7.76401251899353,1
369,0,14.75,11,7.76401251899353,9.39767420741747,1
369,0,14.75,11,9.39767420741747,11.2712876778828,1
369,0,14.75,11,11.2712876778828,11.8156405678198,1
369,0,14.75,11,11.8156405678198,13.5699144563212,1
369,0,14.75,11,13.5699144563212,13.7133526592465,1
369,0,14.75,11,13.7133526592465,14.4941044598857,1
369,0,14.75,11,14.4941044598857,14.5569271362796,1
369,0,14.75,11,14.5569271362796,14.75,0
370,0,14.75,2,0,3.34247800690838,1
370,0,14.75,2,3.34247800690838,14.1863629363783,1
370,0,14.75,2,14.1863629363783,14.75,0
371,0,13.75,0,0,13.75,0
372,0,11.75,1,0,3.62969008251315,1
372,0,11.75,1,3.62969008251315,11.75,0
373,0,10.75,0,0,10.75,0
374,0,10.75,1,0,4.3967468283729,1
374,0,10.75,1,4.3967468283729,10.75,0
375,0,16.75,51,0,3.6134532500106,1
375,0,16.75,51,3.6134532500106,4.16472541520158,1
375,0,16.75,51,4.16472541520158,4.45222907831577,1
375,0,16.75,51,4.45222907831577,5.90930162616822,1
375,0,16.75,51,5.90930162616822,5.99174363116527,1
375,0,16.75,51,5.99174363116527,6.02199379139896,1
375,0,16.75,51,6.02199379139896,8.89440796490033,1
375,0,16.75,51,8.89440796490033,9.16622144743264,1
375,0,16.75,51,9.16622144743264,9.53708228734322,1
375,0,16.75,51,9.53708228734322,9.75329246440357,1
375,0,16.75,51,9.75329246440357,9.91238556533314,1
375,0,16.75,51,9.91238556533314,9.99491670950087,1
375,0,16.75,51,9.99491670950087,10.4171029737045,1
375,0,16.75,51,10.4171029737045,10.5631254823295,1
375,0,16.75,51,10.5631254823295,10.5675488251723,1
375,0,16.75,51,10.5675488251723,10.718426121648,1
375,0,16.75,51,10.718426121648,10.7727667181499,1
375,0,16.75,51,10.7727667181499,10.9575777291341,1
375,0,16.75,51,10.9575777291341,11.1043002239314,1
375,0,16.75,51,11.1043002239314,11.3855298638771,1
375,0,16.75,51,11.3855298638771,11.4537390848134,1
375,0,16.75,51,11.4537390848134,11.4593069903553,1
375,0,16.75,51,11.4593069903553,11.8287416054301,1
375,0,16.75,51,11.8287416054301,12.5707720440203,1
375,0,16.75,51,12.5707720440203,12.7256443094817,1
375,0,16.75,51,12.7256443094817,13.0076750610017,1
375,0,16.75,51,13.0076750610017,13.1381572000443,1
375,0,16.75,51,13.1381572000443,13.1467054833254,1
375,0,16.75,51,13.1467054833254,13.3423877695122,1
375,0,16.75,51,13.3423877695122,13.6274159436037,1
375,0,16.75,51,13.6274159436037,13.9100319387449,1
375,0,16.75,51,13.9100319387449,13.9296418081269,1
375,0,16.75,51,13.9296418081269,14.264142070969,1
375,0,16.75,51,14.264142070969,14.3465699589592,1
375,0,16.75,51,14.3465699589592,14.5085226274587,1
375,0,16.75,51,14.5085226274587,14.6399106340295,1
375,0,16.75,51,14.6399106340295,15.0037445781454,1
375,0,16.75,51,15.0037445781454,15.1559947838597,1
375,0,16.75,51,15.1559947838597,15.1674387963514,1
375,0,16.75,51,15.1674387963514,15.3854834481248,1
375,0,16.75,51,15.3854834481248,15.4687725094494,1
375,0,16.75,51,15.4687725094494,15.8964978125078,1
375,0,16.75,51,15.8964978125078,15.9916922299058,1
375,0,16.75,51,15.9916922299058,16.0136125083115,1
375,0,16.75,51,16.0136125083115,16.0653692630518,1
375,0,16.75,51,16.0653692630518,16.0664996809526,1
375,0,16.75,51,16.0664996809526,16.1932116627844,1
375,0,16.75,51,16.1932116627844,16.3003357518673,1
375,0,16.75,51,16.3003357518673,16.4921574271583,1
375,0,16.75,51,16.4921574271583,16.5749909976905,1
375,0,16.75,51,16.5749909976905,16.7394639303499,1
375,0,16.75,51,16.7394639303499,16.75,0
376,0,15.75,54,0,2.93821456757374,1
376,0,15.75,54,2.93821456757374,5.11990870349794,1
376,0,15.75,54,5.11990870349794,6.3488470193319,1
376,0,15.75,54,6.3488470193319,6.69865160126095,1
376,0,15.75,54,6.69865160126095,7.43323831427885,1
376,0,15.75,54,7.43323831427885,8.00974610288633,1
376,0,15.75,54,8.00974610288633,8.14387239265886,1
376,0,15.75,54,8.14387239265886,8.29733886151887,1
376,0,15.75,54,8.29733886151887,8.52288867205163,1
376,0,15.75,54,8.52288867205163,8.611071746643,1
376,0,15.75,54,8.611071746643,9.09904577828432,1
376,0,15.75,54,9.09904577828432,9.26647261873586,1
376,0,15.75,54,9.26647261873586,9.56970100528898,1
376,0,15.75,54,9.56970100528898,9.83924995880778,1
376,0,15.75,54,9.83924995880778,9.86560554131088,1
376,0,15.75,54,9.86560554131088,9.86613657453385,1
376,0,15.75,54,9.86613657453385,9.87424996469474,1
376,0,15.75,54,9.87424996469474,9.96508774956217,1
376,0,15.75,54,9.96508774956217,10.0115633125617,1
376,0,15.75,54,10.0115633125617,10.3008478210475,1
376,0,15.75,54,10.3008478210475,10.3241461482107,1
376,0,15.75,54,10.3241461482107,10.3628761630602,1
376,0,15.75,54,10.3628761630602,10.6530658835466,1
376,0,15.75,54,10.6530658835466,10.8263860519928,1
376,0,15.75,54,10.8263860519928,10.9363327164082,1
376,0,15.75,54,10.9363327164082,10.9900179601354,1
376,0,15.75,54,10.9900179601354,11.0028049607057,1
376,0,15.75,54,11.0028049607057,11.0064943104245,1
376,0,15.75,54,11.0064943104245,11.7441611204081,1
376,0,15.75,54,11.7441611204081,11.8116711657003,1
376,0,15.75,54,11.8116711657003,11.8400793058638,1
376,0,15.75,54,11.8400793058638,11.8493184995909,1
376,0,15.75,54,11.8493184995909,12.2581810728146,1
376,0,15.75,54,12.2581810728146,12.3463997832802,1
376,0,15.75,54,12.3463997832802,12.5819811846693,1
376,0,15.75,54,12.5819811846693,12.8234712421549,1
376,0,15.75,54,12.8234712421549,12.9095589653591,1
376,0,15.75,54,12.9095589653591,12.9472665300428,1
376,0,15.75,54,12.9472665300428,13.0549680947834,1
376,0,15.75,54,13.0549680947834,13.093194148008,1
376,0,15.75,54,13.093194148008,13.3485370863461,1
376,0,15.75,54,13.3485370863461,13.4595807317674,1
376,0,15.75,54,13.4595807317674,13.5481089430821,1
376,0,15.75,54,13.5481089430821,13.5501434474051,1
376,0,15.75,54,13.5501434474051,13.647934462986,1
376,0,15.75,54,13.647934462986,13.9224553105667,1
376,0,15.75,54,13.9224553105667,14.0822829885048,1
376,0,15.75,54,14.0822829885048,14.2894367517443,1
376,0,15.75,54,14.2894367517443,14.46764159283,1
376,0,15.75,54,14.46764159283,14.7683049685526,1
376,0,15.75,54,14.7683049685526,14.8851149113111,1
376,0,15.75,54,14.8851149113111,15.3195692488573,1
376,0,15.75,54,15.3195692488573,15.6611484669966,1
376,0,15.75,54,15.6611484669966,15.7088785224218,1
376,0,15.75,54,15.7088785224218,15.75,0
377,0,13.75,1,0,12.2477230225019,1
377,0,13.75,1,12.2477230225019,13.75,0
378,0,11.75,1,0,7.12463188596007,1
378,0,11.75,1,7.12463188596007,11.75,0
379,0,18.75,2,0,0.00856618880687557,1
379,0,18.75,2,0.00856618880687557,10.819397158269,1
379,0,18.75,2,10.819397158269,18.75,0
380,0,10.75,4,0,5.88739328581629,1
380,0,10.75,4,5.88739328581629,5.92427996658932,1
380,0,10.75,4,5.92427996658932,7.97550385272202,1
380,0,10.75,4,7.97550385272202,8.27512803725118,1
380,0,10.75,4,8.27512803725118,10.75,0
381,0,12.75,2,0,1.2131934501955,1
381,0,12.75,2,1.2131934501955,1.46885316207595,1
381,0,12.75,2,1.46885316207595,12.75,0
382,0,13.75,1,0,0.342197544911315,1
382,0,13.75,1,0.342197544911315,13.75,0
383,0,17.75,0,0,17.75,0
384,0,19.75,0,0,19.75,0
385,0,8.75,3,0,0.751241490268439,1
385,0,8.75,3,0.751241490268439,5.32157851566322,1
385,0,8.75,3,5.32157851566322,6.75796303692198,1
385,0,8.75,3,6.75796303692198,8.75,0
386,0,9.75,11,0,5.90391774542494,1
386,0,9.75,11,5.90391774542494,8.00746830238002,1
386,0,9.75,11,8.00746830238002,8.07443940431034,1
386,0,9.75,11,8.07443940431034,8.23410708224925,1
386,0,9.75,11,8.23410708224925,8.3338046706708,1
386,0,9.75,11,8.3338046706708,8.86842730146927,1
386,0,9.75,11,8.86842730146927,8.96710763629444,1
386,0,9.75,11,8.96710763629444,9.14054519460745,1
386,0,9.75,11,9.14054519460745,9.33853177403765,1
386,0,9.75,11,9.33853177403765,9.57648962340309,1
386,0,9.75,11,9.57648962340309,9.64012386509358,1
386,0,9.75,11,9.64012386509358,9.75,0
387,0,13.75,0,0,13.75,0
388,0,16.75,1,0,2.8060122162381,1
388,0,16.75,1,2.8060122162381,16.75,0
389,0,12.75,38,0,2.12163674876313,1
389,0,12.75,38,2.12163674876313,4.30392678782523,1
389,0,12.75,38,4.30392678782523,4.58544612565673,1
389,0,12.75,38,4.58544612565673,4.78693972895077,1
389,0,12.75,38,4.78693972895077,4.86183105338111,1
389,0,12.75,38,4.86183105338111,5.07217898196156,1
389,0,12.75,38,5.07217898196156,5.19270722159637,1
389,0,12.75,38,5.19270722159637,5.21332697289487,1
389,0,12.75,38,5.21332697289487,5.92507650875752,1
389,0,12.75,38,5.92507650875752,6.42972340720658,1
389,0,12.75,38,6.42972340720658,6.82287107419938,1
389,0,12.75,38,6.82287107419938,6.90044197705169,1
389,0,12.75,38,6.90044197705169,7.22486727264305,1
389,0,12.75,38,7.22486727264305,7.37387722234053,1
389,0,12.75,38,7.37387722234053,7.99778801836344,1
389,0,12.75,38,7.99778801836344,8.80302768976438,1
389,0,12.75,38,8.80302768976438,8.98249100052079,1
389,0,12.75,38,8.98249100052079,9.22870721518183,1
389,0,12.75,38,9.22870721518183,9.36579435530605,1
389,0,12.75,38,9.36579435530605,9.5597663328694,1
389,0,12.75,38,9.5597663328694,9.66504253292371,1
389,0,12.75,38,9.66504253292371,9.73638225481446,1
389,0,12.75,38,9.73638225481446,10.1452267545571,1
389,0,12.75,38,10.1452267545571,10.3123577003808,1
389,0,12.75,38,10.3123577003808,10.6609353358335,1
389,0,12.75,38,10.6609353358335,11.1565129361606,1
389,0,12.75,38,11.1565129361606,11.3168466009364,1
389,0,12.75,38,11.3168466009364,11.5181888377681,1
389,0,12.75,38,11.5181888377681,11.5188886320119,1
389,0,12.75,38,11.5188886320119,11.7215984037787,1
389,0,12.75,38,11.7215984037787,11.9592268182764,1
389,0,12.75,38,11.9592268182764,12.047271312456,1
389,0,12.75,38,12.047271312456,12.2541675175416,1
389,0,12.75,38,12.2541675175416,12.3167585455659,1
389,0,12.75,38,12.3167585455659,12.4333863663308,1
389,0,12.75,38,12.4333863663308,12.5621479517611,1
389,0,12.75,38,12.5621479517611,12.6557294641006,1
389,0,12.75,38,12.6557294641006,12.6728425262461,1
389,0,12.75,38,12.6728425262461,12.75,0
390,0,14.75,1,0,4.28954312929201,1
390,0,14.75,1,4.28954312929201,14.75,0
391,0,11.75,3,0,0.0247683050149803,1
391,0,11.75,3,0.0247683050149803,1.05972341036898,1
391,0,11.75,3,1.05972341036898,2.20479272249171,1
391,0,11.75,3,2.20479272249171,11.75,0
392,0,19.75,1,0,0.0681195445833245,1
392,0,19.75,1,0.0681195445833245,19.75,0
393,0,20.75,2,0,0.74831159356489,1
393,0,20.75,2,0.74831159356489,10.478175252202,1
393,0,20.75,2,10.478175252202,20.75,0
394,0,9.75,0,0,9.75,0
395,0,13.75,1,0,0.0662905603349116,1
395,0,13.75,1,0.0662905603349116,13.75,0
396,0,12.75,20,0,2.31243201848479,1
396,0,12.75,20,2.31243201848479,3.57748226027464,1
396,0,12.75,20,3.57748226027464,7.33959273726145,1
396,0,12.75,20,7.33959273726145,8.64884533999597,1
396,0,12.75,20,8.64884533999597,8.74459486503305,1
396,0,12.75,20,8.74459486503305,9.0875838508013,1
396,0,12.75,20,9.0875838508013,9.23606213946053,1
396,0,12.75,20,9.23606213946053,9.33180991766937,1
396,0,12.75,20,9.33180991766937,9.63408961733853,1
396,0,12.75,20,9.63408961733853,9.88732050532173,1
396,0,12.75,20,9.88732050532173,9.92821956094867,1
396,0,12.75,20,9.92821956094867,10.9746703699912,1
396,0,12.75,20,10.9746703699912,11.2960705981393,1
396,0,12.75,20,11.2960705981393,11.4700805227217,1
396,0,12.75,20,11.4700805227217,11.9063523327099,1
396,0,12.75,20,11.9063523327099,12.256418742135,1
396,0,12.75,20,12.256418742135,12.2708849964241,1
396,0,12.75,20,12.2708849964241,12.3489405425438,1
396,0,12.75,20,12.3489405425438,12.3867362108637,1
396,0,12.75,20,12.3867362108637,12.6118366478447,1
396,0,12.75,20,12.6118366478447,12.75,0
397,0,13.75,19,0,2.07994774841641,1
397,0,13.75,19,2.07994774841641,3.70519933684791,1
397,0,13.75,19,3.70519933684791,4.76611274580483,1
397,0,13.75,19,4.76611274580483,5.12780327707703,1
397,0,13.75,19,5.12780327707703,6.15583676376471,1
397,0,13.75,19,6.15583676376471,8.97369035781834,1
397,0,13.75,19,8.97369035781834,9.23489903324116,1
397,0,13.75,19,9.23489903324116,10.1020896990249,1
397,0,13.75,19,10.1020896990249,10.3225966611751,1
397,0,13.75,19,10.3225966611751,10.4543872008912,1
397,0,13.75,19,10.4543872008912,10.5722401528539,1
397,0,13.75,19,10.5722401528539,10.6047599895673,1
397,0,13.75,19,10.6047599895673,10.8128806338297,1
397,0,13.75,19,10.8128806338297,10.9674005292119,1
397,0,13.75,19,10.9674005292119,11.5240420705413,1
397,0,13.75,19,11.5240420705413,12.527349271038,1
397,0,13.75,19,12.527349271038,12.6595258724136,1
397,0,13.75,19,12.6595258724136,13.0882797627161,1
397,0,13.75,19,13.0882797627161,13.514471887902,1
397,0,13.75,19,13.514471887902,13.75,0
398,0,17.75,56,0,5.84863373382463,1
398,0,17.75,56,5.84863373382463,5.96922191711083,1
398,0,17.75,56,5.96922191711083,7.07126434862451,1
398,0,17.75,56,7.07126434862451,7.29647544658829,1
398,0,17.75,56,7.29647544658829,7.72077199568883,1
398,0,17.75,56,7.72077199568883,8.32333717562599,1
398,0,17.75,56,8.32333717562599,8.57555292348773,1
398,0,17.75,56,8.57555292348773,8.82726809314993,1
398,0,17.75,56,8.82726809314993,10.0824559906274,1
398,0,17.75,56,10.0824559906274,10.2678466841403,1
398,0,17.75,56,10.2678466841403,10.2962043295581,1
398,0,17.75,56,10.2962043295581,10.2988382629932,1
398,0,17.75,56,10.2988382629932,10.7625642561117,1
398,0,17.75,56,10.7625642561117,10.9688842128904,1
398,0,17.75,56,10.9688842128904,11.2684291580488,1
398,0,17.75,56,11.2684291580488,11.7235136791118,1
398,0,17.75,56,11.7235136791118,12.0610442707388,1
398,0,17.75,56,12.0610442707388,12.1214074038704,1
398,0,17.75,56,12.1214074038704,12.1293116610244,1
398,0,17.75,56,12.1293116610244,12.1922950390031,1
398,0,17.75,56,12.1922950390031,12.3722989601545,1
398,0,17.75,56,12.3722989601545,12.7272606659679,1
398,0,17.75,56,12.7272606659679,12.9128924005844,1
398,0,17.75,56,12.9128924005844,13.1667672043879,1
398,0,17.75,56,13.1667672043879,13.1819827080258,1
398,0,17.75,56,13.1819827080258,13.4838817672676,1
398,0,17.75,56,13.4838817672676,13.7115408967725,1
398,0,17.75,56,13.7115408967725,13.7147646491295,1
398,0,17.75,56,13.7147646491295,13.774122717723,1
398,0,17.75,56,13.774122717723,14.1743202607306,1
398,0,17.75,56,14.1743202607306,14.5044325057812,1
398,0,17.75,56,14.5044325057812,14.5940055864254,1
398,0,17.75,56,14.5940055864254,14.7811238344724,1
398,0,17.75,56,14.7811238344724,14.9140887717713,1
398,0,17.75,56,14.9140887717713,15.0279415447971,1
398,0,17.75,56,15.0279415447971,15.2217418018522,1
398,0,17.75,56,15.2217418018522,15.4216175483482,1
398,0,17.75,56,15.4216175483482,15.4237352022127,1
398,0,17.75,56,15.4237352022127,15.5660757623737,1
398,0,17.75,56,15.5660757623737,15.8731453995904,1
398,0,17.75,56,15.8731453995904,15.9582450210973,1
398,0,17.75,56,15.9582450210973,16.1162348455262,1
398,0,17.75,56,16.1162348455262,16.1353685483039,1
398,0,17.75,56,16.1353685483039,16.3016381755703,1
398,0,17.75,56,16.3016381755703,16.7156003952236,1
398,0,17.75,56,16.7156003952236,16.7721571268893,1
398,0,17.75,56,16.7721571268893,16.7978267900243,1
398,0,17.75,56,16.7978267900243,16.8191193712073,1
398,0,17.75,56,16.8191193712073,17.0357325868514,1
398,0,17.75,56,17.0357325868514,17.2418388663613,1
398,0,17.75,56,17.2418388663613,17.2692358070074,1
398,0,17.75,56,17.2692358070074,17.3515179299275,1
398,0,17.75,56,17.3515179299275,17.4024395421439,1
398,0,17.75,56,17.4024395421439,17.6093585500355,1
398,0,17.75,56,17.6093585500355,17.648340600914,1
398,0,17.75,56,17.648340600914,17.6685214657527,1
398,0,17.75,56,17.6685214657527,17.75,0
399,0,7.75,1,0,4.95050397588355,1
399,0,7.75,1,4.95050397588355,7.75,0
400,0,15.75,0,0,15.75,0
401,0,11.75,6,0,6.56484648391719,1
401,0,11.75,6,6.56484648391719,7.48319832044165,1
401,0,11.75,6,7.48319832044165,9.22418540309915,1
401,0,11.75,6,9.22418540309915,9.39749281713813,1
401,0,11.75,6,9.39749281713813,10.5623973748201,1
401,0,11.75,6,10.5623973748201,11.0912452580638,1
401,0,11.75,6,11.0912452580638,11.75,0
402,0,19.75,66,0,3.91141407499484,1
402,0,19.75,66,3.91141407499484,5.15489787523783,1
402,0,19.75,66,5.15489787523783,6.88342795808835,1
402,0,19.75,66,6.88342795808835,7.92556337117424,1
402,0,19.75,66,7.92556337117424,8.19480429336984,1
402,0,19.75,66,8.19480429336984,9.64924507442684,1
402,0,19.75,66,9.64924507442684,10.7713105076702,1
402,0,19.75,66,10.7713105076702,11.0954634798527,1
402,0,19.75,66,11.0954634798527,11.2487344632899,1
402,0,19.75,66,11.2487344632899,11.2559346681677,1
402,0,19.75,66,11.2559346681677,11.4388340963471,1
402,0,19.75,66,11.4388340963471,11.5690093982657,1
402,0,19.75,66,11.5690093982657,11.7410897633826,1
402,0,19.75,66,11.7410897633826,11.7834953066444,1
402,0,19.75,66,11.7834953066444,11.8182703475732,1
402,0,19.75,66,11.8182703475732,11.8634719197101,1
402,0,19.75,66,11.8634719197101,12.246996654417,1
402,0,19.75,66,12.246996654417,12.7583969864506,1
402,0,19.75,66,12.7583969864506,13.1869873835956,1
402,0,19.75,66,13.1869873835956,13.2252066468141,1
402,0,19.75,66,13.2252066468141,13.3319147983157,1
402,0,19.75,66,13.3319147983157,13.6135903573478,1
402,0,19.75,66,13.6135903573478,13.7955459857198,1
402,0,19.75,66,13.7955459857198,14.3399632031199,1
402,0,19.75,66,14.3399632031199,14.3964084405905,1
402,0,19.75,66,14.3964084405905,14.4790186703764,1
402,0,19.75,66,14.4790186703764,14.5199173052207,1
402,0,19.75,66,14.5199173052207,14.6385081249654,1
402,0,19.75,66,14.6385081249654,14.7672510325578,1
402,0,19.75,66,14.7672510325578,14.8112280838036,1
402,0,19.75,66,14.8112280838036,14.8356161241403,1
402,0,19.75,66,14.8356161241403,14.8825345185444,1
402,0,19.75,66,14.8825345185444,14.9552994356312,1
402,0,19.75,66,14.9552994356312,14.973919015506,1
402,0,19.75,66,14.973919015506,15.1243876765906,1
402,0,19.75,66,15.1243876765906,15.157404423473,1
402,0,19.75,66,15.157404423473,15.1706722821872,1
402,0,19.75,66,15.1706722821872,15.3018759005864,1
402,0,19.75,66,15.3018759005864,15.4117123249424,1
402,0,19.75,66,15.4117123249424,15.414968032558,1
402,0,19.75,66,15.414968032558,15.5984580252611,1
402,0,19.75,66,15.5984580252611,15.6134480642158,1
402,0,19.75,66,15.6134480642158,15.6295886654718,1
402,0,19.75,66,15.6295886654718,15.8370730381291,1
402,0,19.75,66,15.8370730381291,15.8970737648231,1
402,0,19.75,66,15.8970737648231,15.9248950930719,1
402,0,19.75,66,15.9248950930719,16.0243741021712,1
402,0,19.75,66,16.0243741021712,16.1176639819247,1
402,0,19.75,66,16.1176639819247,16.1954506466458,1
402,0,19.75,66,16.1954506466458,16.5628727945011,1
402,0,19.75,66,16.5628727945011,16.6281278603514,1
402,0,19.75,66,16.6281278603514,17.1747765780314,1
402,0,19.75,66,17.1747765780314,17.3351738144012,1
402,0,19.75,66,17.3351738144012,17.5049653962668,1
402,0,19.75,66,17.5049653962668,17.5732511390016,1
402,0,19.75,66,17.5732511390016,17.7282556846673,1
402,0,19.75,66,17.7282556846673,17.7291510854014,1
402,0,19.75,66,17.7291510854014,17.9637639829616,1
402,0,19.75,66,17.9637639829616,18.1616824633952,1
402,0,19.75,66,18.1616824633952,18.2278032466385,1
402,0,19.75,66,18.2278032466385,18.5603726992177,1
402,0,19.75,66,18.5603726992177,18.761291484245,1
402,0,19.75,66,18.761291484245,18.9022154443695,1
402,0,19.75,66,18.9022154443695,19.0230910676832,1
402,0,19.75,66,19.0230910676832,19.262569679062,1
402,0,19.75,66,19.262569679062,19.3446345711235,1
402,0,19.75,66,19.3446345711235,19.75,0
403,0,17.75,25,0,5.3859374286039,1
403,0,17.75,25,5.3859374286039,5.95557919020267,1
403,0,17.75,25,5.95557919020267,6.04297285548869,1
403,0,17.75,25,6.04297285548869,6.3897437473455,1
403,0,17.75,25,6.3897437473455,6.80830147596952,1
403,0,17.75,25,6.80830147596952,7.2522102634006,1
403,0,17.75,25,7.2522102634006,8.63758952561584,1
403,0,17.75,25,8.63758952561584,8.7652800556857,1
403,0,17.75,25,8.7652800556857,10.5137844691491,1
403,0,17.75,25,10.5137844691491,12.2404151754595,1
403,0,17.75,25,12.2404151754595,12.2859785622218,1
403,0,17.75,25,12.2859785622218,12.8431667287395,1
403,0,17.75,25,12.8431667287395,12.9071282442626,1
403,0,17.75,25,12.9071282442626,13.535239600162,1
403,0,17.75,25,13.535239600162,14.1564153783145,1
403,0,17.75,25,14.1564153783145,14.9644469311513,1
403,0,17.75,25,14.9644469311513,15.825653675863,1
403,0,17.75,25,15.825653675863,16.6236393420293,1
403,0,17.75,25,16.6236393420293,16.7124501233056,1
403,0,17.75,25,16.7124501233056,16.8730133818791,1
403,0,17.75,25,16.8730133818791,16.8769998959954,1
403,0,17.75,25,16.8769998959954,17.2925727711254,1
403,0,17.75,25,17.2925727711254,17.5194273312922,1
403,0,17.75,25,17.5194273312922,17.54626949696,1
403,0,17.75,25,17.54626949696,17.6011158833379,1
403,0,17.75,25,17.6011158833379,17.75,0
404,0,9.75,0,0,9.75,0
405,0,12.75,4,0,3.98819772811239,1
405,0,12.75,4,3.98819772811239,4.02807331472662,1
405,0,12.75,4,4.02807331472662,8.58040105393255,1
405,0,12.75,4,8.58040105393255,10.8797778850788,1
405,0,12.75,4,10.8797778850788,12.75,0
406,0,15.75,0,0,15.75,0
407,0,15.75,33,0,2.56716949245591,1
407,0,15.75,33,2.56716949245591,4.25997411326131,1
407,0,15.75,33,4.25997411326131,4.69538781303449,1
407,0,15.75,33,4.69538781303449,6.36170553701063,1
407,0,15.75,33,6.36170553701063,6.5722449733754,1
407,0,15.75,33,6.5722449733754,6.98966123275114,1
407,0,15.75,33,6.98966123275114,8.04268892035773,1
407,0,15.75,33,8.04268892035773,8.17381889802786,1
407,0,15.75,33,8.17381889802786,8.92974935557356,1
407,0,15.75,33,8.92974935557356,9.20895859627522,1
407,0,15.75,33,9.20895859627522,9.51012667432422,1
407,0,15.75,33,9.51012667432422,9.88523819102179,1
407,0,15.75,33,9.88523819102179,10.0684269440627,1
407,0,15.75,33,10.0684269440627,10.2257769326657,1
407,0,15.75,33,10.2257769326657,10.3122804270483,1
407,0,15.75,33,10.3122804270483,10.8630761092518,1
407,0,15.75,33,10.8630761092518,11.242507177703,1
407,0,15.75,33,11.242507177703,11.3024618538387,1
407,0,15.75,33,11.3024618538387,12.4720765786658,1
407,0,15.75,33,12.4720765786658,13.0188673716236,1
407,0,15.75,33,13.0188673716236,13.3893350318261,1
407,0,15.75,33,13.3893350318261,13.5435896630239,1
407,0,15.75,33,13.5435896630239,14.1355958973062,1
407,0,15.75,33,14.1355958973062,14.1910925512787,1
407,0,15.75,33,14.1910925512787,14.2265840678249,1
407,0,15.75,33,14.2265840678249,14.390975595933,1
407,0,15.75,33,14.390975595933,15.2093616805516,1
407,0,15.75,33,15.2093616805516,15.2247619121482,1
407,0,15.75,33,15.2247619121482,15.3966935724634,1
407,0,15.75,33,15.3966935724634,15.4143020641367,1
407,0,15.75,33,15.4143020641367,15.4865981479633,1
407,0,15.75,33,15.4865981479633,15.6595293972561,1
407,0,15.75,33,15.6595293972561,15.7093486132582,1
407,0,15.75,33,15.7093486132582,15.75,0
408,0,11.75,2,0,0.423625848472808,1
408,0,11.75,2,0.423625848472808,9.51634358470323,1
408,0,11.75,2,9.51634358470323,11.75,0
409,0,11.75,3,0,0.846802621764942,1
409,0,11.75,3,0.846802621764942,1.41385954102032,1
409,0,11.75,3,1.41385954102032,2.58405334671103,1
409,0,11.75,3,2.58405334671103,11.75,0
410,0,15.75,4,0,1.08655232230319e-06,1
410,0,15.75,4,1.08655232230319e-06,4.92839368635008,1
410,0,15.75,4,4.92839368635008,6.08449767441649,1
410,0,15.75,4,6.08449767441649,13.9710675851189,1
410,0,15.75,4,13.9710675851189,15.75,0
411,0,10.75,19,0,3.13662466940086,1
411,0,10.75,19,3.13662466940086,3.30390451055698,1
411,0,10.75,19,3.30390451055698,3.81462446930606,1
411,0,10.75,19,3.81462446930606,5.6289143409337,1
411,0,10.75,19,5.6289143409337,5.65402902654376,1
411,0,10.75,19,5.65402902654376,5.96579128505463,1
411,0,10.75,19,5.96579128505463,6.11242536905276,1
411,0,10.75,19,6.11242536905276,6.12050722914566,1
411,0,10.75,19,6.12050722914566,6.16019448569157,1
411,0,10.75,19,6.16019448569157,6.54584916898903,1
411,0,10.75,19,6.54584916898903,7.53236613196782,1
411,0,10.75,19,7.53236613196782,7.92935361435677,1
411,0,10.75,19,7.92935361435677,8.05962069157479,1
411,0,10.75,19,8.05962069157479,9.20403144285089,1
411,0,10.75,19,9.20403144285089,9.52666478098287,1
411,0,10.75,19,9.52666478098287,9.6326114690369,1
411,0,10.75,19,9.6326114690369,10.4144747199426,1
411,0,10.75,19,10.4144747199426,10.6642991186482,1
411,0,10.75,19,10.6642991186482,10.7423452270901,1
411,0,10.75,19,10.7423452270901,10.75,0
412,0,11.75,1,0,3.53091102249322,1
412,0,11.75,1,3.53091102249322,11.75,0
413,0,9.75,1,0,4.59365576543659,1
413,0,9.75,1,4.59365576543659,9.75,0
414,0,15.75,30,0,2.07354416710732,1
414,0,15.75,30,2.07354416710732,3.88649235239142,1
414,0,15.75,30,3.88649235239142,5.32858248462105,1
414,0,15.75,30,5.32858248462105,6.23961215647905,1
414,0,15.75,30,6.23961215647905,6.46685585419902,1
414,0,15.75,30,6.46685585419902,7.1092889539148,1
414,0,15.75,30,7.1092889539148,8.32548240561375,1
414,0,15.75,30,8.32548240561375,9.10877043850485,1
414,0,15.75,30,9.10877043850485,9.69417398169904,1
414,0,15.75,30,9.69417398169904,10.5446948948179,1
414,0,15.75,30,10.5446948948179,11.0221500393041,1
414,0,15.75,30,11.0221500393041,11.4649460228735,1
414,0,15.75,30,11.4649460228735,11.4815317730123,1
414,0,15.75,30,11.4815317730123,11.546320790536,1
414,0,15.75,30,11.546320790536,12.2627201571043,1
414,0,15.75,30,12.2627201571043,12.4620799583286,1
414,0,15.75,30,12.4620799583286,12.4882529088038,1
414,0,15.75,30,12.4882529088038,12.7864826304455,1
414,0,15.75,30,12.7864826304455,13.2201981836919,1
414,0,15.75,30,13.2201981836919,13.247789455141,1
414,0,15.75,30,13.247789455141,13.3195308547519,1
414,0,15.75,30,13.3195308547519,14.0625672382711,1
414,0,15.75,30,14.0625672382711,15.153105599469,1
414,0,15.75,30,15.153105599469,15.2144024512622,1
414,0,15.75,30,15.2144024512622,15.3462856684942,1
414,0,15.75,30,15.3462856684942,15.3732983152217,1
414,0,15.75,30,15.3732983152217,15.4540045222918,1
414,0,15.75,30,15.4540045222918,15.6199199420103,1
414,0,15.75,30,15.6199199420103,15.6340097410851,1
414,0,15.75,30,15.6340097410851,15.7099467350677,1
414,0,15.75,30,15.7099467350677,15.75,0
415,0,15.75,2,0,0.4638636185116,1
415,0,15.75,2,0.4638636185116,9.83827889231826,1
415,0,15.75,2,9.83827889231826,15.75,0
416,0,10.75,18,0,1.63470130623029,1
416,0,10.75,18,1.63470130623029,4.61957474168917,1
416,0,10.75,18,4.61957474168917,4.8593864119609,1
416,0,10.75,18,4.8593864119609,6.5721058357862,1
416,0,10.75,18,6.5721058357862,7.55308532218233,1
416,0,10.75,18,7.55308532218233,7.78049683524843,1
416,0,10.75,18,7.78049683524843,7.92613184430608,1
416,0,10.75,18,7.92613184430608,8.10191844588571,1
416,0,10.75,18,8.10191844588571,8.35704137671688,1
416,0,10.75,18,8.35704137671688,8.76195762513109,1
416,0,10.75,18,8.76195762513109,8.89836318755081,1
416,0,10.75,18,8.89836318755081,9.13287786762965,1
416,0,10.75,18,9.13287786762965,9.1950742229486,1
416,0,10.75,18,9.1950742229486,9.35241634700352,1
416,0,10.75,18,9.35241634700352,9.89952558002985,1
416,0,10.75,18,9.89952558002985,10.3737100493038,1
416,0,10.75,18,10.3737100493038,10.6151176161279,1
416,0,10.75,18,10.6151176161279,10.7267509696209,1
416,0,10.75,18,10.7267509696209,10.75,0
417,0,11.75,0,0,11.75,0
418,0,18.75,0,0,18.75,0
419,0,16.75,0,0,16.75,0
420,0,8.75,2,0,3.22893365032877,1
420,0,8.75,2,3.22893365032877,8.47739276475092,1
420,0,8.75,2,8.47739276475092,8.75,0
421,0,7.75,1,0,5.33234301750099,1
421,0,7.75,1,5.33234301750099,7.75,0
422,0,13.75,1,0,5.83187445632275,1
422,0,13.75,1,5.83187445632275,13.75,0
423,0,14.75,3,0,0.000390193373905748,1
423,0,14.75,3,0.000390193373905748,1.05885277298094,1
423,0,14.75,3,1.05885277298094,4.16229467433306,1
423,0,14.75,3,4.16229467433306,14.75,0
424,0,12.75,3,0,5.17992719346438,1
424,0,12.75,3,5.17992719346438,8.74112664005554,1
424,0,12.75,3,8.74112664005554,11.9053995140835,1
424,0,12.75,3,11.9053995140835,12.75,0
425,0,13.75,43,0,3.37672025390748,1
425,0,13.75,43,3.37672025390748,4.97767053709469,1
425,0,13.75,43,4.97767053709469,5.65343980414598,1
425,0,13.75,43,5.65343980414598,6.42925663574171,1
425,0,13.75,43,6.42925663574171,6.634757150009,1
425,0,13.75,43,6.634757150009,7.33433281171252,1
425,0,13.75,43,7.33433281171252,7.3667400005061,1
425,0,13.75,43,7.3667400005061,7.64111767077238,1
425,0,13.75,43,7.64111767077238,8.56732374697785,1
425,0,13.75,43,8.56732374697785,8.82978096052686,1
425,0,13.75,43,8.82978096052686,8.8428771290129,1
425,0,13.75,43,8.8428771290129,9.04410585774058,1
425,0,13.75,43,9.04410585774058,9.16832592336873,1
425,0,13.75,43,9.16832592336873,9.28933817635313,1
425,0,13.75,43,9.28933817635313,9.44285204995525,1
425,0,13.75,43,9.44285204995525,9.79902404392595,1
425,0,13.75,43,9.79902404392595,10.0789167273438,1
425,0,13.75,43,10.0789167273438,10.1581243357177,1
425,0,13.75,43,10.1581243357177,10.2720964042681,1
425,0,13.75,43,10.2720964042681,10.5570894423373,1
425,0,13.75,43,10.5570894423373,10.8218632799937,1
425,0,13.75,43,10.8218632799937,10.8361164891599,1
425,0,13.75,43,10.8361164891599,11.2262883276422,1
425,0,13.75,43,11.2262883276422,11.543829198288,1
425,0,13.75,43,11.543829198288,11.5905922494191,1
425,0,13.75,43,11.5905922494191,11.7156331600744,1
425,0,13.75,43,11.7156331600744,11.7790481698495,1
425,0,13.75,43,11.7790481698495,11.8724698536662,1
425,0,13.75,43,11.8724698536662,12.0079979582545,1
425,0,13.75,43,12.0079979582545,12.2121895940115,1
425,0,13.75,43,12.2121895940115,12.4200736896448,1
425,0,13.75,43,12.4200736896448,12.5480854841808,1
425,0,13.75,43,12.5480854841808,12.72376914259,1
425,0,13.75,43,12.72376914259,12.7308699972683,1
425,0,13.75,43,12.7308699972683,13.0827249295372,1
425,0,13.75,43,13.0827249295372,13.1125612084653,1
425,0,13.75,43,13.1125612084653,13.2245499623996,1
425,0,13.75,43,13.2245499623996,13.3477714557049,1
425,0,13.75,43,13.3477714557049,13.3484099785179,1
425,0,13.75,43,13.3484099785179,13.3494158472283,1
425,0,13.75,43,13.3494158472283,13.3694808089033,1
425,0,13.75,43,13.3694808089033,13.3937302830158,1
425,0,13.75,43,13.3937302830158,13.4767778865905,1
425,0,13.75,43,13.4767778865905,13.75,0
426,0,12.75,1,0,3.07368074272549,1
426,0,12.75,1,3.07368074272549,12.75,0
427,0,13.75,1,0,5.13732620008271,1
427,0,13.75,1,5.13732620008271,13.75,0
428,0,11.75,1,0,3.03606157640418,1
428,0,11.75,1,3.03606157640418,11.75,0
429,0,11.75,3,0,2.65405779705661,1
429,0,11.75,3,2.65405779705661,3.57854387986009,1
429,0,11.75,3,3.57854387986009,8.32928902820941,1
429,0,11.75,3,8.32928902820941,11.75,0
430,0,10.75,20,0,3.70747272746828,1
430,0,10.75,20,3.70747272746828,4.84030108294237,1
430,0,10.75,20,4.84030108294237,5.620915414488,1
430,0,10.75,20,5.620915414488,5.94184256743056,1
430,0,10.75,20,5.94184256743056,6.5442137212473,1
430,0,10.75,20,6.5442137212473,7.02239914043945,1
430,0,10.75,20,7.02239914043945,7.06724629456243,1
430,0,10.75,20,7.06724629456243,7.43369203225597,1
430,0,10.75,20,7.43369203225597,7.79570713371039,1
430,0,10.75,20,7.79570713371039,8.03371437028571,1
430,0,10.75,20,8.03371437028571,8.08326289442576,1
430,0,10.75,20,8.08326289442576,8.23339413121536,1
430,0,10.75,20,8.23339413121536,8.3131251033736,1
430,0,10.75,20,8.3131251033736,8.32871298722583,1
430,0,10.75,20,8.32871298722583,8.69914222376458,1
430,0,10.75,20,8.69914222376458,8.79034288903075,1
430,0,10.75,20,8.79034288903075,9.24815646159861,1
430,0,10.75,20,9.24815646159861,9.8051222706108,1
430,0,10.75,20,9.8051222706108,10.2103279046971,1
430,0,10.75,20,10.2103279046971,10.677272717132,1
430,0,10.75,20,10.677272717132,10.75,0
431,0,12.75,22,0,4.55507048971485,1
431,0,12.75,22,4.55507048971485,4.94315522563711,1
431,0,12.75,22,4.94315522563711,5.57936003945339,1
431,0,12.75,22,5.57936003945339,7.06397942788089,1
431,0,12.75,22,7.06397942788089,7.80267453873656,1
431,0,12.75,22,7.80267453873656,8.06920337901823,1
431,0,12.75,22,8.06920337901823,8.11950811701145,1
431,0,12.75,22,8.11950811701145,8.25074398358751,1
431,0,12.75,22,8.25074398358751,8.58161324629462,1
431,0,12.75,22,8.58161324629462,9.15440813013808,1
431,0,12.75,22,9.15440813013808,9.71454069538437,1
431,0,12.75,22,9.71454069538437,9.90335568039693,1
431,0,12.75,22,9.90335568039693,10.4003331022118,1
431,0,12.75,22,10.4003331022118,11.0167724700089,1
431,0,12.75,22,11.0167724700089,11.317406740587,1
431,0,12.75,22,11.317406740587,11.3495015416011,1
431,0,12.75,22,11.3495015416011,11.4460372210858,1
431,0,12.75,22,11.4460372210858,11.7227410358136,1
431,0,12.75,22,11.7227410358136,11.7728243300301,1
431,0,12.75,22,11.7728243300301,11.803265552422,1
431,0,12.75,22,11.803265552422,11.8601005020114,1
431,0,12.75,22,11.8601005020114,12.1374473049999,1
431,0,12.75,22,12.1374473049999,12.75,0
432,0,17.75,40,0,2.42081868300812,1
432,0,17.75,40,2.42081868300812,5.29594260407256,1
432,0,17.75,40,5.29594260407256,5.54361136783629,1
432,0,17.75,40,5.54361136783629,6.88200300700983,1
432,0,17.75,40,6.88200300700983,7.61007169616552,1
432,0,17.75,40,7.61007169616552,7.72954356182467,1
432,0,17.75,40,7.72954356182467,7.77090782357983,1
432,0,17.75,40,7.77090782357983,7.79048684131284,1
432,0,17.75,40,7.79048684131284,7.95185771171432,1
432,0,17.75,40,7.95185771171432,7.96501861609199,1
432,0,17.75,40,7.96501861609199,9.2973269057797,1
432,0,17.75,40,9.2973269057797,11.258049728701,1
432,0,17.75,40,11.258049728701,11.7671328669236,1
432,0,17.75,40,11.7671328669236,12.0268151146562,1
432,0,17.75,40,12.0268151146562,12.1879954246152,1
432,0,17.75,40,12.1879954246152,13.5920911244207,1
432,0,17.75,40,13.5920911244207,14.0499778569732,1
432,0,17.75,40,14.0499778569732,14.1646042319504,1
432,0,17.75,40,14.1646042319504,14.1766738935234,1
432,0,17.75,40,14.1766738935234,14.2054777042763,1
432,0,17.75,40,14.2054777042763,14.7362578678114,1
432,0,17.75,40,14.7362578678114,14.9853651273922,1
432,0,17.75,40,14.9853651273922,15.0095464709906,1
432,0,17.75,40,15.0095464709906,15.1875083450871,1
432,0,17.75,40,15.1875083450871,15.3668860929736,1
432,0,17.75,40,15.3668860929736,15.4904316403836,1
432,0,17.75,40,15.4904316403836,15.7461267563816,1
432,0,17.75,40,15.7461267563816,15.7860609855419,1
432,0,17.75,40,15.7860609855419,15.9549589244697,1
432,0,17.75,40,15.9549589244697,16.2131719737479,1
432,0,17.75,40,16.2131719737479,16.3816120445347,1
432,0,17.75,40,16.3816120445347,16.4882620100103,1
432,0,17.75,40,16.4882620100103,16.5795901592466,1
432,0,17.75,40,16.5795901592466,16.7140717806092,1
432,0,17.75,40,16.7140717806092,16.7355785447256,1
432,0,17.75,40,16.7355785447256,16.7735677860259,1
432,0,17.75,40,16.7735677860259,16.8354035296091,1
432,0,17.75,40,16.8354035296091,17.2952507398425,1
432,0,17.75,40,17.2952507398425,17.3236791582818,1
432,0,17.75,40,17.3236791582818,17.608118768104,1
432,0,17.75,40,17.608118768104,17.75,0
433,0,8.75,2,0,1.23667594810283,1
433,0,8.75,2,1.23667594810283,2.62725868760801,1
433,0,8.75,2,2.62725868760801,8.75,0
434,0,17.75,1,0,0.0027152357179808,1
434,0,17.75,1,0.0027152357179808,17.75,0
435,0,8.75,3,0,5.03202670241121,1
435,0,8.75,3,5.03202670241121,6.85540458147234,1
435,0,8.75,3,6.85540458147234,8.41586745718409,1
435,0,8.75,3,8.41586745718409,8.75,0
436,0,8.75,0,0,8.75,0
437,0,10.75,0,0,10.75,0
438,0,14.75,32,0,6.95303705438533,1
438,0,14.75,32,6.95303705438533,7.29329791604602,1
438,0,14.75,32,7.29329791604602,7.45150038221049,1
438,0,14.75,32,7.45150038221049,7.70845605786536,1
438,0,14.75,32,7.70845605786536,7.8631383666281,1
438,0,14.75,32,7.8631383666281,8.01947228767586,1
438,0,14.75,32,8.01947228767586,8.4238200977778,1
438,0,14.75,32,8.4238200977778,8.96385140265651,1
438,0,14.75,32,8.96385140265651,9.0196070727142,1
438,0,14.75,32,9.0196070727142,9.40933011014733,1
438,0,14.75,32,9.40933011014733,9.51655785414168,1
438,0,14.75,32,9.51655785414168,9.68521124497928,1
438,0,14.75,32,9.68521124497928,9.77356176165321,1
438,0,14.75,32,9.77356176165321,9.85993402172252,1
438,0,14.75,32,9.85993402172252,10.6294157937631,1
438,0,14.75,32,10.6294157937631,11.0610836262524,1
438,0,14.75,32,11.0610836262524,11.2945760491031,1
438,0,14.75,32,11.2945760491031,12.164783191825,1
438,0,14.75,32,12.164783191825,12.3722348977944,1
438,0,14.75,32,12.3722348977944,12.3914185639421,1
438,0,14.75,32,12.3914185639421,12.559416784285,1
438,0,14.75,32,12.559416784285,12.6837083219865,1
438,0,14.75,32,12.6837083219865,12.8183167974133,1
438,0,14.75,32,12.8183167974133,13.377264824356,1
438,0,14.75,32,13.377264824356,13.4275935928385,1
438,0,14.75,32,13.4275935928385,13.5437203640474,1
438,0,14.75,32,13.5437203640474,13.6887764050175,1
438,0,14.75,32,13.6887764050175,13.7051147559572,1
438,0,14.75,32,13.7051147559572,13.7882761187326,1
438,0,14.75,32,13.7882761187326,14.3145195736782,1
438,0,14.75,32,14.3145195736782,14.5315052490541,1
438,0,14.75,32,14.5315052490541,14.7180231841623,1
438,0,14.75,32,14.7180231841623,14.75,0
439,0,14.75,27,0,3.48591185531256,1
439,0,14.75,27,3.48591185531256,3.52873606499756,1
439,0,14.75,27,3.52873606499756,4.99470865453853,1
439,0,14.75,27,4.99470865453853,5.22688671067332,1
439,0,14.75,27,5.22688671067332,6.36709326929189,1
439,0,14.75,27,6.36709326929189,6.45079760172784,1
439,0,14.75,27,6.45079760172784,6.5726836502865,1
439,0,14.75,27,6.5726836502865,7.62815166743079,1
439,0,14.75,27,7.62815166743079,7.78592121544325,1
439,0,14.75,27,7.78592121544325,7.9701810034773,1
439,0,14.75,27,7.9701810034773,8.08686098573622,1
439,0,14.75,27,8.08686098573622,8.60728513528915,1
439,0,14.75,27,8.60728513528915,8.86242483787878,1
439,0,14.75,27,8.86242483787878,9.62075206098919,1
439,0,14.75,27,9.62075206098919,10.1575330984036,1
439,0,14.75,27,10.1575330984036,11.424111330396,1
439,0,14.75,27,11.424111330396,11.8195994566242,1
439,0,14.75,27,11.8195994566242,12.0698004812211,1
439,0,14.75,27,12.0698004812211,12.0818725967429,1
439,0,14.75,27,12.0818725967429,12.099985034876,1
439,0,14.75,27,12.099985034876,12.2250318423833,1
439,0,14.75,27,12.2250318423833,12.336972963434,1
439,0,14.75,27,12.336972963434,12.5023581126398,1
439,0,14.75,27,12.5023581126398,13.6360477225313,1
439,0,14.75,27,13.6360477225313,14.1790858396347,1
439,0,14.75,27,14.1790858396347,14.4321841319573,1
439,0,14.75,27,14.4321841319573,14.5339855668384,1
439,0,14.75,27,14.5339855668384,14.75,0
440,0,13.75,20,0,1.7700223566578,1
440,0,13.75,20,1.7700223566578,3.91302486684163,1
440,0,13.75,20,3.91302486684163,4.06920978277386,1
440,0,13.75,20,4.06920978277386,5.75692959188686,1
440,0,13.75,20,5.75692959188686,6.37057027968037,1
440,0,13.75,20,6.37057027968037,6.48116357055537,1
440,0,13.75,20,6.48116357055537,9.17747190872896,1
440,0,13.75,20,9.17747190872896,10.3144784707325,1
440,0,13.75,20,10.3144784707325,10.3467367139521,1
440,0,13.75,20,10.3467367139521,10.3574445727144,1
440,0,13.75,20,10.3574445727144,11.3550684838287,1
440,0,13.75,20,11.3550684838287,11.5899685497502,1
440,0,13.75,20,11.5899685497502,11.8951705746078,1
440,0,13.75,20,11.8951705746078,12.0646084344229,1
440,0,13.75,20,12.0646084344229,12.5191476306409,1
440,0,13.75,20,12.5191476306409,12.6315568259176,1
440,0,13.75,20,12.6315568259176,13.2677655831945,1
440,0,13.75,20,13.2677655831945,13.3146810657657,1
440,0,13.75,20,13.3146810657657,13.3167141150593,1
440,0,13.75,20,13.3167141150593,13.6840813675125,1
440,0,13.75,20,13.6840813675125,13.75,0
441,0,12.75,4,0,0.618506670726482,1
441,0,12.75,4,0.618506670726482,0.917119034878567,1
441,0,12.75,4,0.917119034878567,6.15728609118006,1
441,0,12.75,4,6.15728609118006,7.2970838283843,1
441,0,12.75,4,7.2970838283843,12.75,0
442,0,10.75,0,0,10.75,0
443,0,9.75,13,0,1.89407614492026,1
443,0,9.75,13,1.89407614492026,3.51778714392935,1
443,0,9.75,13,3.51778714392935,3.69458313213418,1
443,0,9.75,13,3.69458313213418,5.45540059259746,1
443,0,9.75,13,5.45540059259746,6.20035424357218,1
443,0,9.75,13,6.20035424357218,6.43975743299917,1
443,0,9.75,13,6.43975743299917,6.91775767762602,1
443,0,9.75,13,6.91775767762602,7.23413201159597,1
443,0,9.75,13,7.23413201159597,8.00850066480209,1
443,0,9.75,13,8.00850066480209,8.30707484073712,1
443,0,9.75,13,8.30707484073712,8.67266146133369,1
443,0,9.75,13,8.67266146133369,8.8195646390093,1
443,0,9.75,13,8.8195646390093,9.43363396693387,1
443,0,9.75,13,9.43363396693387,9.75,0
444,0,15.75,53,0,2.51449441221585,1
444,0,15.75,53,2.51449441221585,3.66085008603138,1
444,0,15.75,53,3.66085008603138,3.85957209294516,1
444,0,15.75,53,3.85957209294516,4.37670057466232,1
444,0,15.75,53,4.37670057466232,5.16435220973114,1
444,0,15.75,53,5.16435220973114,6.21242788314021,1
444,0,15.75,53,6.21242788314021,7.9398376026192,1
444,0,15.75,53,7.9398376026192,8.09214349966846,1
444,0,15.75,53,8.09214349966846,8.09341951765946,1
444,0,15.75,53,8.09341951765946,8.18234050520501,1
444,0,15.75,53,8.18234050520501,8.28355335086623,1
444,0,15.75,53,8.28355335086623,8.74532578298604,1
444,0,15.75,53,8.74532578298604,8.95302089826308,1
444,0,15.75,53,8.95302089826308,8.97917506390223,1
444,0,15.75,53,8.97917506390223,9.112449742376,1
444,0,15.75,53,9.112449742376,9.59914387960002,1
444,0,15.75,53,9.59914387960002,9.80404618849239,1
444,0,15.75,53,9.80404618849239,10.2958923388928,1
444,0,15.75,53,10.2958923388928,10.5428798274321,1
444,0,15.75,53,10.5428798274321,10.5660634549006,1
444,0,15.75,53,10.5660634549006,11.083649478706,1
444,0,15.75,53,11.083649478706,11.1659834930171,1
444,0,15.75,53,11.1659834930171,11.2592633158927,1
444,0,15.75,53,11.2592633158927,11.2979871867166,1
444,0,15.75,53,11.2979871867166,11.3929182058823,1
444,0,15.75,53,11.3929182058823,11.8106620849538,1
444,0,15.75,53,11.8106620849538,12.2703187647327,1
444,0,15.75,53,12.2703187647327,12.3152243559429,1
444,0,15.75,53,12.3152243559429,12.86784871923,1
444,0,15.75,53,12.86784871923,13.025203359273,1
444,0,15.75,53,13.025203359273,13.227178120217,1
444,0,15.75,53,13.227178120217,13.2837107953317,1
444,0,15.75,53,13.2837107953317,13.526264072082,1
444,0,15.75,53,13.526264072082,13.7167961398052,1
444,0,15.75,53,13.7167961398052,13.9750146269496,1
444,0,15.75,53,13.9750146269496,13.9824119162926,1
444,0,15.75,53,13.9824119162926,13.9858055674121,1
444,0,15.75,53,13.9858055674121,14.119607060259,1
444,0,15.75,53,14.119607060259,14.1951689547292,1
444,0,15.75,53,14.1951689547292,14.2304805966533,1
444,0,15.75,53,14.2304805966533,14.4456790024412,1
444,0,15.75,53,14.4456790024412,14.4961442139042,1
444,0,15.75,53,14.4961442139042,14.5431614381272,1
444,0,15.75,53,14.5431614381272,14.6864059014735,1
444,0,15.75,53,14.6864059014735,15.0372958582876,1
444,0,15.75,53,15.0372958582876,15.0411570828272,1
444,0,15.75,53,15.0411570828272,15.145161712953,1
444,0,15.75,53,15.145161712953,15.2183843841267,1
444,0,15.75,53,15.2183843841267,15.4930038872913,1
444,0,15.75,53,15.4930038872913,15.5189744405328,1
444,0,15.75,53,15.5189744405328,15.560235161311,1
444,0,15.75,53,15.560235161311,15.6538252761866,1
444,0,15.75,53,15.6538252761866,15.675807936619,1
444,0,15.75,53,15.675807936619,15.75,0
445,0,11.75,0,0,11.75,0
446,0,11.75,5,0,1.2156176689077,1
446,0,11.75,5,1.2156176689077,3.48199739619455,1
446,0,11.75,5,3.48199739619455,3.84602118233718,1
446,0,11.75,5,3.84602118233718,4.1978219602385,1
446,0,11.75,5,4.1978219602385,9.45744317927995,1
446,0,11.75,5,9.45744317927995,11.75,0
447,0,7.75,1,0,4.10854477160841,1
447,0,7.75,1,4.10854477160841,7.75,0
448,0,9.75,15,0,0.885328267214681,1
448,0,9.75,15,0.885328267214681,3.83046548452303,1
448,0,9.75,15,3.83046548452303,4.45455373266223,1
448,0,9.75,15,4.45455373266223,4.85067475448537,1
448,0,9.75,15,4.85067475448537,5.51542994358148,1
448,0,9.75,15,5.51542994358148,6.19440294451766,1
448,0,9.75,15,6.19440294451766,6.46961353322174,1
448,0,9.75,15,6.46961353322174,7.24291641015987,1
448,0,9.75,15,7.24291641015987,8.01590714260697,1
448,0,9.75,15,8.01590714260697,8.4066091566429,1
448,0,9.75,15,8.4066091566429,8.61381707411815,1
448,0,9.75,15,8.61381707411815,8.78078230417891,1
448,0,9.75,15,8.78078230417891,8.85639463935548,1
448,0,9.75,15,8.85639463935548,9.03915753128729,1
448,0,9.75,15,9.03915753128729,9.41471058840806,1
448,0,9.75,15,9.41471058840806,9.75,0
449,0,15.75,2,0,0.496167082203629,1
449,0,15.75,2,0.496167082203629,0.902920135157748,1
449,0,15.75,2,0.902920135157748,15.75,0
450,0,10.75,2,0,0.0234689948503898,1
450,0,10.75,2,0.0234689948503898,1.10152411405175,1
450,0,10.75,2,1.10152411405175,10.75,0
451,0,13.75,0,0,13.75,0
452,0,15.75,1,0,0.210466848382644,1
452,0,15.75,1,0.210466848382644,15.75,0
453,0,13.75,17,0,6.27424817036832,1
453,0,13.75,17,6.27424817036832,6.63559187937497,1
453,0,13.75,17,6.63559187937497,6.78173964415007,1
453,0,13.75,17,6.78173964415007,7.18925757486236,1
453,0,13.75,17,7.18925757486236,8.67697312827512,1
453,0,13.75,17,8.67697312827512,8.78105798133235,1
453,0,13.75,17,8.78105798133235,9.50513894974554,1
453,0,13.75,17,9.50513894974554,9.79005242700821,1
453,0,13.75,17,9.79005242700821,10.8481047455196,1
453,0,13.75,17,10.8481047455196,10.955065209617,1
453,0,13.75,17,10.955065209617,11.5884868069649,1
453,0,13.75,17,11.5884868069649,12.1676119936467,1
453,0,13.75,17,12.1676119936467,13.304070449646,1
453,0,13.75,17,13.304070449646,13.3798001375879,1
453,0,13.75,17,13.3798001375879,13.5048010401784,1
453,0,13.75,17,13.5048010401784,13.6423641048221,1
453,0,13.75,17,13.6423641048221,13.6950370303983,1
453,0,13.75,17,13.6950370303983,13.75,0
454,0,9.75,0,0,9.75,0
455,0,13.75,1,0,2.63362334470466,1
455,0,13.75,1,2.63362334470466,13.75,0
456,0,14.75,16,0,5.78025459477618,1
456,0,14.75,16,5.78025459477618,6.39605818961455,1
456,0,14.75,16,6.39605818961455,7.15908296841537,1
456,0,14.75,16,7.15908296841537,7.88008392496526,1
456,0,14.75,16,7.88008392496526,9.47520585611368,1
456,0,14.75,16,9.47520585611368,10.7873382713033,1
456,0,14.75,16,10.7873382713033,10.85780166737,1
456,0,14.75,16,10.85780166737,11.6248528269928,1
456,0,14.75,16,11.6248528269928,11.7902908552538,1
456,0,14.75,16,11.7902908552538,11.8690603057491,1
456,0,14.75,16,11.8690603057491,12.2438683515881,1
456,0,14.75,16,12.2438683515881,13.2316066810837,1
456,0,14.75,16,13.2316066810837,13.5887484116668,1
456,0,14.75,16,13.5887484116668,14.0266998925157,1
456,0,14.75,16,14.0266998925157,14.3680324722254,1
456,0,14.75,16,14.3680324722254,14.4686642088999,1
456,0,14.75,16,14.4686642088999,14.75,0
457,0,17.75,51,0,2.8237855003942,1
457,0,17.75,51,2.8237855003942,4.60389697705948,1
457,0,17.75,51,4.60389697705948,6.29992931858311,1
457,0,17.75,51,6.29992931858311,6.8270067815406,1
457,0,17.75,51,6.8270067815406,6.83970332311069,1
457,0,17.75,51,6.83970332311069,8.31255800749354,1
457,0,17.75,51,8.31255800749354,8.44040607893543,1
457,0,17.75,51,8.44040607893543,9.19757416107176,1
457,0,17.75,51,9.19757416107176,9.88180665682438,1
457,0,17.75,51,9.88180665682438,10.0761536391313,1
457,0,17.75,51,10.0761536391313,10.1658854381464,1
457,0,17.75,51,10.1658854381464,10.3814141848768,1
457,0,17.75,51,10.3814141848768,10.6361039127773,1
457,0,17.75,51,10.6361039127773,10.9256318731172,1
457,0,17.75,51,10.9256318731172,11.1438499958833,1
457,0,17.75,51,11.1438499958833,11.3841159459751,1
457,0,17.75,51,11.3841159459751,12.0044835257292,1
457,0,17.75,51,12.0044835257292,12.217865532604,1
457,0,17.75,51,12.217865532604,12.4159727457504,1
457,0,17.75,51,12.4159727457504,12.6811341536493,1
457,0,17.75,51,12.6811341536493,12.8580782093566,1
457,0,17.75,51,12.8580782093566,13.4981128391544,1
457,0,17.75,51,13.4981128391544,13.8688545246986,1
457,0,17.75,51,13.8688545246986,14.0274337860687,1
457,0,17.75,51,14.0274337860687,14.2129801243869,1
457,0,17.75,51,14.2129801243869,14.3508615810574,1
457,0,17.75,51,14.3508615810574,14.8490444067894,1
457,0,17.75,51,14.8490444067894,15.4748357855462,1
457,0,17.75,51,15.4748357855462,15.4921597251809,1
457,0,17.75,51,15.4921597251809,15.6020629709661,1
457,0,17.75,51,15.6020629709661,15.6606139793839,1
457,0,17.75,51,15.6606139793839,15.6632938944073,1
457,0,17.75,51,15.6632938944073,16.0023917415606,1
457,0,17.75,51,16.0023917415606,16.0834031376082,1
457,0,17.75,51,16.0834031376082,16.2119704415008,1
457,0,17.75,51,16.2119704415008,16.2894589553742,1
457,0,17.75,51,16.2894589553742,16.2949375227685,1
457,0,17.75,51,16.2949375227685,16.382833201407,1
457,0,17.75,51,16.382833201407,16.4616771392844,1
457,0,17.75,51,16.4616771392844,16.5481773791068,1
457,0,17.75,51,16.5481773791068,16.7115822806726,1
457,0,17.75,51,16.7115822806726,16.7308492959419,1
457,0,17.75,51,16.7308492959419,16.8737864523904,1
457,0,17.75,51,16.8737864523904,16.9077961623468,1
457,0,17.75,51,16.9077961623468,16.9189081861628,1
457,0,17.75,51,16.9189081861628,16.9573396517908,1
457,0,17.75,51,16.9573396517908,16.9634504281943,1
457,0,17.75,51,16.9634504281943,17.1510004757337,1
457,0,17.75,51,17.1510004757337,17.5377410578434,1
457,0,17.75,51,17.5377410578434,17.5780538761343,1
457,0,17.75,51,17.5780538761343,17.6496423460135,1
457,0,17.75,51,17.6496423460135,17.75,0
458,0,9.75,0,0,9.75,0
459,0,11.75,0,0,11.75,0
460,0,12.75,2,0,7.6280576799099,1
460,0,12.75,2,7.6280576799099,9.0388596610592,1
460,0,12.75,2,9.0388596610592,12.75,0
461,0,13.75,2,0,4.2243369329576,1
461,0,13.75,2,4.2243369329576,11.0473880753809,1
461,0,13.75,2,11.0473880753809,13.75,0
462,0,12.75,3,0,4.45009346259106,1
462,0,12.75,3,4.45009346259106,4.98613082255575,1
462,0,12.75,3,4.98613082255575,6.72585057983146,1
462,0,12.75,3,6.72585057983146,12.75,0
463,0,10.75,10,0,3.85202753462769,1
463,0,10.75,10,3.85202753462769,5.78771875846244,1
463,0,10.75,10,5.78771875846244,6.02816621964622,1
463,0,10.75,10,6.02816621964622,7.99112550037829,1
463,0,10.75,10,7.99112550037829,8.44633405529532,1
463,0,10.75,10,8.44633405529532,8.78620436192571,1
463,0,10.75,10,8.78620436192571,8.88170222406154,1
463,0,10.75,10,8.88170222406154,9.27802736735013,1
463,0,10.75,10,9.27802736735013,10.494174621693,1
463,0,10.75,10,10.494174621693,10.697947624418,1
463,0,10.75,10,10.697947624418,10.75,0
464,0,17.75,0,0,17.75,0
465,0,11.75,1,0,3.48061506837395,1
465,0,11.75,1,3.48061506837395,11.75,0
466,0,12.75,2,0,7.67677110943934,1
466,0,12.75,2,7.67677110943934,10.6952066774358,1
466,0,12.75,2,10.6952066774358,12.75,0
467,0,12.75,2,0,2.49819342406017,1
467,0,12.75,2,2.49819342406017,10.4609427280218,1
467,0,12.75,2,10.4609427280218,12.75,0
468,0,11.75,1,0,2.18422178791942,1
468,0,11.75,1,2.18422178791942,11.75,0
469,0,9.75,9,0,2.59117423851828,1
469,0,9.75,9,2.59117423851828,4.77299946405784,1
469,0,9.75,9,4.77299946405784,5.54651798665341,1
469,0,9.75,9,5.54651798665341,5.55551041426403,1
469,0,9.75,9,5.55551041426403,7.35691051388373,1
469,0,9.75,9,7.35691051388373,7.40065089575675,1
469,0,9.75,9,7.40065089575675,7.9872539954384,1
469,0,9.75,9,7.9872539954384,8.83419821650445,1
469,0,9.75,9,8.83419821650445,9.62899779858683,1
469,0,9.75,9,9.62899779858683,9.75,0
470,0,20.75,1,0,1.05507848048339,1
470,0,20.75,1,1.05507848048339,20.75,0
471,0,16.75,12,0,2.95601861171735,1
471,0,16.75,12,2.95601861171735,4.63703305073922,1
471,0,16.75,12,4.63703305073922,4.97792696233959,1
471,0,16.75,12,4.97792696233959,6.26703170382082,1
471,0,16.75,12,6.26703170382082,6.49930374934971,1
471,0,16.75,12,6.49930374934971,8.75461178981507,1
471,0,16.75,12,8.75461178981507,12.7332984862982,1
471,0,16.75,12,12.7332984862982,12.9142278067713,1
471,0,16.75,12,12.9142278067713,14.0365226093904,1
471,0,16.75,12,14.0365226093904,14.388833920424,1
471,0,16.75,12,14.388833920424,15.3101090159831,1
471,0,16.75,12,15.3101090159831,15.8480701582777,1
471,0,16.75,12,15.8480701582777,16.75,0
472,0,11.75,1,0,0.446259098111125,1
472,0,11.75,1,0.446259098111125,11.75,0
473,0,11.75,0,0,11.75,0
474,0,12.75,22,0,1.96613165860238,1
474,0,12.75,22,1.96613165860238,3.21644739096399,1
474,0,12.75,22,3.21644739096399,5.69080234558366,1
474,0,12.75,22,5.69080234558366,5.74177170741372,1
474,0,12.75,22,5.74177170741372,6.21603452665429,1
474,0,12.75,22,6.21603452665429,6.30058458850189,1
474,0,12.75,22,6.30058458850189,7.06333387191782,1
474,0,12.75,22,7.06333387191782,7.11949981127338,1
474,0,12.75,22,7.11949981127338,7.63466826260431,1
474,0,12.75,22,7.63466826260431,7.70189945251094,1
474,0,12.75,22,7.70189945251094,9.09374074227588,1
474,0,12.75,22,9.09374074227588,9.10567642627494,1
474,0,12.75,22,9.10567642627494,9.15848331326002,1
474,0,12.75,22,9.15848331326002,9.36783784960165,1
474,0,12.75,22,9.36783784960165,9.52582680227465,1
474,0,12.75,22,9.52582680227465,9.91668253697161,1
474,0,12.75,22,9.91668253697161,11.285158412732,1
474,0,12.75,22,11.285158412732,11.6401000218505,1
474,0,12.75,22,11.6401000218505,11.9073905428604,1
474,0,12.75,22,11.9073905428604,11.9126685696983,1
474,0,12.75,22,11.9126685696983,12.1309241622058,1
474,0,12.75,22,12.1309241622058,12.5157073696775,1
474,0,12.75,22,12.5157073696775,12.75,0
475,0,20.75,73,0,4.84363893324587,1
475,0,20.75,73,4.84363893324587,5.65727244103564,1
475,0,20.75,73,5.65727244103564,5.83646323382892,1
475,0,20.75,73,5.83646323382892,6.68169484778509,1
475,0,20.75,73,6.68169484778509,7.8403817432371,1
475,0,20.75,73,7.8403817432371,8.48990072018473,1
475,0,20.75,73,8.48990072018473,8.80714403612914,1
475,0,20.75,73,8.80714403612914,9.1560480140116,1
475,0,20.75,73,9.1560480140116,9.1894966544974,1
475,0,20.75,73,9.1894966544974,9.90776963311099,1
475,0,20.75,73,9.90776963311099,10.1607049053849,1
475,0,20.75,73,10.1607049053849,10.2349943305987,1
475,0,20.75,73,10.2349943305987,10.5605527651335,1
475,0,20.75,73,10.5605527651335,10.7173384377463,1
475,0,20.75,73,10.7173384377463,11.4414300252165,1
475,0,20.75,73,11.4414300252165,11.4740192372187,1
475,0,20.75,73,11.4740192372187,11.9319874833862,1
475,0,20.75,73,11.9319874833862,12.0773807315419,1
475,0,20.75,73,12.0773807315419,12.2256306855657,1
475,0,20.75,73,12.2256306855657,13.2080226965393,1
475,0,20.75,73,13.2080226965393,13.2199345932969,1
475,0,20.75,73,13.2199345932969,13.3228785331637,1
475,0,20.75,73,13.3228785331637,13.5310895968508,1
475,0,20.75,73,13.5310895968508,13.5400541646046,1
475,0,20.75,73,13.5400541646046,13.5425089598664,1
475,0,20.75,73,13.5425089598664,13.7091899550918,1
475,0,20.75,73,13.7091899550918,13.7961531574774,1
475,0,20.75,73,13.7961531574774,14.3372308118361,1
475,0,20.75,73,14.3372308118361,14.5327028044353,1
475,0,20.75,73,14.5327028044353,14.8187119736734,1
475,0,20.75,73,14.8187119736734,14.8538357625195,1
475,0,20.75,73,14.8538357625195,14.8990543213887,1
475,0,20.75,73,14.8990543213887,14.9934537629143,1
475,0,20.75,73,14.9934537629143,15.2366947025731,1
475,0,20.75,73,15.2366947025731,15.3947057933511,1
475,0,20.75,73,15.3947057933511,15.443688676951,1
475,0,20.75,73,15.443688676951,15.444822838577,1
475,0,20.75,73,15.444822838577,15.4526655871504,1
475,0,20.75,73,15.4526655871504,15.5221110651851,1
475,0,20.75,73,15.5221110651851,15.8534549738945,1
475,0,20.75,73,15.8534549738945,15.8760578426359,1
475,0,20.75,73,15.8760578426359,15.9076332920721,1
475,0,20.75,73,15.9076332920721,16.0966251606931,1
475,0,20.75,73,16.0966251606931,16.2212314719261,1
475,0,20.75,73,16.2212314719261,16.3493198315835,1
475,0,20.75,73,16.3493198315835,16.658567185678,1
475,0,20.75,73,16.658567185678,16.6854102130768,1
475,0,20.75,73,16.6854102130768,16.8133691297968,1
475,0,20.75,73,16.8133691297968,17.2185185593168,1
475,0,20.75,73,17.2185185593168,17.2846969367581,1
475,0,20.75,73,17.2846969367581,17.4448513136361,1
475,0,20.75,73,17.4448513136361,17.5593134859944,1
475,0,20.75,73,17.5593134859944,17.8018059462497,1
475,0,20.75,73,17.8018059462497,17.9380657086837,1
475,0,20.75,73,17.9380657086837,17.9466867427327,1
475,0,20.75,73,17.9466867427327,17.9637756450454,1
475,0,20.75,73,17.9637756450454,18.637758748723,1
475,0,20.75,73,18.637758748723,18.657410046649,1
475,0,20.75,73,18.657410046649,18.724340890655,1
475,0,20.75,73,18.724340890655,18.7682869063274,1
475,0,20.75,73,18.7682869063274,18.7998179401317,1
475,0,20.75,73,18.7998179401317,18.9278670078483,1
475,0,20.75,73,18.9278670078483,19.0020445061719,1
475,0,20.75,73,19.0020445061719,19.2593773422966,1
475,0,20.75,73,19.2593773422966,19.4272820466854,1
475,0,20.75,73,19.4272820466854,19.4504796485331,1
475,0,20.75,73,19.4504796485331,20.259694017818,1
475,0,20.75,73,20.259694017818,20.2989529124595,1
475,0,20.75,73,20.2989529124595,20.2990464918259,1
475,0,20.75,73,20.2990464918259,20.5450377745422,1
475,0,20.75,73,20.5450377745422,20.5909237371198,1
475,0,20.75,73,20.5909237371198,20.6293075974939,1
475,0,20.75,73,20.6293075974939,20.689405246607,1
475,0,20.75,73,20.689405246607,20.75,0
476,0,7.75,5,0,5.22250893268558,1
476,0,7.75,5,5.22250893268558,5.38325432793644,1
476,0,7.75,5,5.38325432793644,6.18402988993768,1
476,0,7.75,5,6.18402988993768,6.55859063470497,1
476,0,7.75,5,6.55859063470497,7.49780754770411,1
476,0,7.75,5,7.49780754770411,7.75,0
477,0,15.75,18,0,3.87304973238284,1
477,0,15.75,18,3.87304973238284,5.63699102216888,1
477,0,15.75,18,5.63699102216888,6.10806708007152,1
477,0,15.75,18,6.10806708007152,7.65518994883259,1
477,0,15.75,18,7.65518994883259,10.7643966216823,1
477,0,15.75,18,10.7643966216823,11.1308261809657,1
477,0,15.75,18,11.1308261809657,11.2796424244067,1
477,0,15.75,18,11.2796424244067,11.4342048580825,1
477,0,15.75,18,11.4342048580825,13.1411158765733,1
477,0,15.75,18,13.1411158765733,13.1481205740043,1
477,0,15.75,18,13.1481205740043,13.5489550805338,1
477,0,15.75,18,13.5489550805338,13.6850860954112,1
477,0,15.75,18,13.6850860954112,13.7757923588561,1
477,0,15.75,18,13.7757923588561,13.8820693776554,1
477,0,15.75,18,13.8820693776554,14.2800155246898,1
477,0,15.75,18,14.2800155246898,14.8876550404684,1
477,0,15.75,18,14.8876550404684,15.3112288871461,1
477,0,15.75,18,15.3112288871461,15.7236577835514,1
477,0,15.75,18,15.7236577835514,15.75,0
478,0,14.75,0,0,14.75,0
479,0,10.75,18,0,3.1284424657125,1
479,0,10.75,18,3.1284424657125,3.57199148919356,1
479,0,10.75,18,3.57199148919356,3.83517455883777,1
479,0,10.75,18,3.83517455883777,4.96825288239203,1
479,0,10.75,18,4.96825288239203,5.32930314771851,1
479,0,10.75,18,5.32930314771851,6.13897704867008,1
479,0,10.75,18,6.13897704867008,6.1590216584957,1
479,0,10.75,18,6.1590216584957,6.28281930813271,1
479,0,10.75,18,6.28281930813271,6.5302161035372,1
479,0,10.75,18,6.5302161035372,6.80997565593074,1
479,0,10.75,18,6.80997565593074,7.51907720307376,1
479,0,10.75,18,7.51907720307376,7.74483639588816,1
479,0,10.75,18,7.74483639588816,7.79511053644393,1
479,0,10.75,18,7.79511053644393,8.17324744113859,1
479,0,10.75,18,8.17324744113859,8.69984280161766,1
479,0,10.75,18,8.69984280161766,9.06321160055828,1
479,0,10.75,18,9.06321160055828,9.92744675389275,1
479,0,10.75,18,9.92744675389275,10.3266142165224,1
479,0,10.75,18,10.3266142165224,10.75,0
480,0,11.75,10,0,3.99686045438329,1
480,0,11.75,10,3.99686045438329,6.72608794225268,1
480,0,11.75,10,6.72608794225268,7.3891016865233,1
480,0,11.75,10,7.3891016865233,7.9534533000724,1
480,0,11.75,10,7.9534533000724,9.322130572172,1
480,0,11.75,10,9.322130572172,9.40229769911737,1
480,0,11.75,10,9.40229769911737,10.0724662887898,1
480,0,11.75,10,10.0724662887898,10.2683771936361,1
480,0,11.75,10,10.2683771936361,10.8438076569384,1
480,0,11.75,10,10.8438076569384,11.366457115197,1
480,0,11.75,10,11.366457115197,11.75,0
481,0,19.75,89,0,1.63523810845961,1
481,0,19.75,89,1.63523810845961,3.65460899222588,1
481,0,19.75,89,3.65460899222588,5.25308275768654,1
481,0,19.75,89,5.25308275768654,6.30656211974268,1
481,0,19.75,89,6.30656211974268,7.07345244745216,1
481,0,19.75,89,7.07345244745216,7.52084499691743,1
481,0,19.75,89,7.52084499691743,7.73058070033108,1
481,0,19.75,89,7.73058070033108,7.80832945855473,1
481,0,19.75,89,7.80832945855473,8.13729561636144,1
481,0,19.75,89,8.13729561636144,8.28259159758915,1
481,0,19.75,89,8.28259159758915,8.32030136682818,1
481,0,19.75,89,8.32030136682818,8.47961441571862,1
481,0,19.75,89,8.47961441571862,9.24728220608779,1
481,0,19.75,89,9.24728220608779,9.44196340348734,1
481,0,19.75,89,9.44196340348734,9.56154402948854,1
481,0,19.75,89,9.56154402948854,9.57981589929796,1
481,0,19.75,89,9.57981589929796,9.96004071825748,1
481,0,19.75,89,9.96004071825748,9.98468473713017,1
481,0,19.75,89,9.98468473713017,10.1763523127467,1
481,0,19.75,89,10.1763523127467,10.318399914182,1
481,0,19.75,89,10.318399914182,10.3372509764619,1
481,0,19.75,89,10.3372509764619,10.5764824248732,1
481,0,19.75,89,10.5764824248732,10.7085248624019,1
481,0,19.75,89,10.7085248624019,10.8132669186864,1
481,0,19.75,89,10.8132669186864,11.3069268565808,1
481,0,19.75,89,11.3069268565808,11.4495798791206,1
481,0,19.75,89,11.4495798791206,11.5360087667479,1
481,0,19.75,89,11.5360087667479,11.5475398885195,1
481,0,19.75,89,11.5475398885195,11.5922056916808,1
481,0,19.75,89,11.5922056916808,12.2104783770101,1
481,0,19.75,89,12.2104783770101,12.2884168107409,1
481,0,19.75,89,12.2884168107409,12.2942955700048,1
481,0,19.75,89,12.2942955700048,12.6323367347408,1
481,0,19.75,89,12.6323367347408,12.6931205142526,1
481,0,19.75,89,12.6931205142526,12.7879605189739,1
481,0,19.75,89,12.7879605189739,13.0520449528398,1
481,0,19.75,89,13.0520449528398,13.2061275031987,1
481,0,19.75,89,13.2061275031987,13.3031264020631,1
481,0,19.75,89,13.3031264020631,13.3261381440878,1
481,0,19.75,89,13.3261381440878,13.4969241893781,1
481,0,19.75,89,13.4969241893781,13.6143596990017,1
481,0,19.75,89,13.6143596990017,13.7541517695677,1
481,0,19.75,89,13.7541517695677,13.7843178220459,1
481,0,19.75,89,13.7843178220459,13.7916571491652,1
481,0,19.75,89,13.7916571491652,14.2413190473446,1
481,0,19.75,89,14.2413190473446,14.8402838865381,1
481,0,19.75,89,14.8402838865381,15.3394900163212,1
481,0,19.75,89,15.3394900163212,15.3650674029073,1
481,0,19.75,89,15.3650674029073,15.5060816011712,1
481,0,19.75,89,15.5060816011712,15.7357212857592,1
481,0,19.75,89,15.7357212857592,15.7407181928826,1
481,0,19.75,89,15.7407181928826,15.9223056749694,1
481,0,19.75,89,15.9223056749694,16.0327694835991,1
481,0,19.75,89,16.0327694835991,16.0412850981032,1
481,0,19.75,89,16.0412850981032,16.1041435386576,1
481,0,19.75,89,16.1041435386576,16.2899404949133,1
481,0,19.75,89,16.2899404949133,16.4755068198887,1
481,0,19.75,89,16.4755068198887,16.5804245618177,1
481,0,19.75,89,16.5804245618177,16.7891929800746,1
481,0,19.75,89,16.7891929800746,16.9861880433479,1
481,0,19.75,89,16.9861880433479,17.0560570737494,1
481,0,19.75,89,17.0560570737494,17.0684898660525,1
481,0,19.75,89,17.0684898660525,17.1054072757363,1
481,0,19.75,89,17.1054072757363,17.3621587905286,1
481,0,19.75,89,17.3621587905286,17.3760286656337,1
481,0,19.75,89,17.3760286656337,17.4633263465176,1
481,0,19.75,89,17.4633263465176,17.4714867870551,1
481,0,19.75,89,17.4714867870551,17.4786669759872,1
481,0,19.75,89,17.4786669759872,17.5734559430101,1
481,0,19.75,89,17.5734559430101,17.599231436323,1
481,0,19.75,89,17.599231436323,17.7973323720469,1
481,0,19.75,89,17.7973323720469,17.9766007845663,1
481,0,19.75,89,17.9766007845663,17.9971115085066,1
481,0,19.75,89,17.9971115085066,18.0414455962177,1
481,0,19.75,89,18.0414455962177,18.3697840396729,1
481,0,19.75,89,18.3697840396729,18.4383744242518,1
481,0,19.75,89,18.4383744242518,18.7767058410844,1
481,0,19.75,89,18.7767058410844,18.8090893689904,1
481,0,19.75,89,18.8090893689904,18.8284193504798,1
481,0,19.75,89,18.8284193504798,18.9494862919815,1
481,0,19.75,89,18.9494862919815,19.0486621254609,1
481,0,19.75,89,19.0486621254609,19.0523017175722,1
481,0,19.75,89,19.0523017175722,19.1061866887261,1
481,0,19.75,89,19.1061866887261,19.2157780440746,1
481,0,19.75,89,19.2157780440746,19.2614662580782,1
481,0,19.75,89,19.2614662580782,19.2664739339483,1
481,0,19.75,89,19.2664739339483,19.3389731966334,1
481,0,19.75,89,19.3389731966334,19.4278522523886,1
481,0,19.75,89,19.4278522523886,19.5158645176699,1
481,0,19.75,89,19.5158645176699,19.75,0
482,0,15.75,0,0,15.75,0
483,0,15.75,23,0,4.89544793280317,1
483,0,15.75,23,4.89544793280317,5.15081214286388,1
483,0,15.75,23,5.15081214286388,5.31881842009648,1
483,0,15.75,23,5.31881842009648,6.71608986118422,1
483,0,15.75,23,6.71608986118422,9.08648716998911,1
483,0,15.75,23,9.08648716998911,9.17582343250759,1
483,0,15.75,23,9.17582343250759,9.28555959520173,1
483,0,15.75,23,9.28555959520173,10.26854571904,1
483,0,15.75,23,10.26854571904,11.6173396521643,1
483,0,15.75,23,11.6173396521643,11.916197186406,1
483,0,15.75,23,11.916197186406,12.5084113833042,1
483,0,15.75,23,12.5084113833042,12.5986200970098,1
483,0,15.75,23,12.5986200970098,12.7265131165352,1
483,0,15.75,23,12.7265131165352,12.8673021980267,1
483,0,15.75,23,12.8673021980267,13.1788102202755,1
483,0,15.75,23,13.1788102202755,13.3507257081276,1
483,0,15.75,23,13.3507257081276,13.4120334578174,1
483,0,15.75,23,13.4120334578174,13.6715736727894,1
483,0,15.75,23,13.6715736727894,14.1576167310874,1
483,0,15.75,23,14.1576167310874,14.2225241229233,1
483,0,15.75,23,14.2225241229233,14.3075370040683,1
483,0,15.75,23,14.3075370040683,15.4493412818792,1
483,0,15.75,23,15.4493412818792,15.6418241392109,1
483,0,15.75,23,15.6418241392109,15.75,0
484,0,19.75,1,0,8.25733720130471,1
484,0,19.75,1,8.25733720130471,19.75,0
485,0,19.75,1,0,1.3672624637126,1
485,0,19.75,1,1.3672624637126,19.75,0
486,0,17.75,46,0,3.12818313660313,1
486,0,17.75,46,3.12818313660313,4.92732786669822,1
486,0,17.75,46,4.92732786669822,5.15439113704612,1
486,0,17.75,46,5.15439113704612,5.46671410525116,1
486,0,17.75,46,5.46671410525116,5.48623894851637,1
486,0,17.75,46,5.48623894851637,5.67505444621254,1
486,0,17.75,46,5.67505444621254,8.21033764431462,1
486,0,17.75,46,8.21033764431462,8.23141802580949,1
486,0,17.75,46,8.23141802580949,8.77540074672464,1
486,0,17.75,46,8.77540074672464,9.09438327318146,1
486,0,17.75,46,9.09438327318146,10.4406988347792,1
486,0,17.75,46,10.4406988347792,10.4929337227665,1
486,0,17.75,46,10.4929337227665,10.9086172609629,1
486,0,17.75,46,10.9086172609629,11.6703148509116,1
486,0,17.75,46,11.6703148509116,12.1126394713431,1
486,0,17.75,46,12.1126394713431,12.205052649,1
486,0,17.75,46,12.205052649,12.3476838780335,1
486,0,17.75,46,12.3476838780335,12.3557340438723,1
486,0,17.75,46,12.3557340438723,12.6670728643609,1
486,0,17.75,46,12.6670728643609,12.68175361208,1
486,0,17.75,46,12.68175361208,12.9810431887086,1
486,0,17.75,46,12.9810431887086,13.3071824110525,1
486,0,17.75,46,13.3071824110525,13.4374232116921,1
486,0,17.75,46,13.4374232116921,14.0051455180818,1
486,0,17.75,46,14.0051455180818,14.0921833201506,1
486,0,17.75,46,14.0921833201506,14.1389160494705,1
486,0,17.75,46,14.1389160494705,14.6258716224234,1
486,0,17.75,46,14.6258716224234,14.8609118433311,1
486,0,17.75,46,14.8609118433311,14.929690895254,1
486,0,17.75,46,14.929690895254,15.1416184084543,1
486,0,17.75,46,15.1416184084543,15.3936941333987,1
486,0,17.75,46,15.3936941333987,15.6297035129159,1
486,0,17.75,46,15.6297035129159,15.7400899497743,1
486,0,17.75,46,15.7400899497743,15.7770634771369,1
486,0,17.75,46,15.7770634771369,15.9326059301778,1
486,0,17.75,46,15.9326059301778,16.0892084947447,1
486,0,17.75,46,16.0892084947447,16.1815637754983,1
486,0,17.75,46,16.1815637754983,16.3444779430151,1
486,0,17.75,46,16.3444779430151,16.4241566761763,1
486,0,17.75,46,16.4241566761763,16.5558867181475,1
486,0,17.75,46,16.5558867181475,16.6811533867876,1
486,0,17.75,46,16.6811533867876,16.7490952258607,1
486,0,17.75,46,16.7490952258607,17.3075370093803,1
486,0,17.75,46,17.3075370093803,17.3990034013293,1
486,0,17.75,46,17.3990034013293,17.54553131491,1
486,0,17.75,46,17.54553131491,17.7282628185516,1
486,0,17.75,46,17.7282628185516,17.75,0
487,0,8.75,3,0,6.98638705176205,1
487,0,8.75,3,6.98638705176205,7.34189659527775,1
487,0,8.75,3,7.34189659527775,7.36756199384019,1
487,0,8.75,3,7.36756199384019,8.75,0
488,0,9.75,0,0,9.75,0
489,0,20.75,25,0,2.68394621171559,1
489,0,20.75,25,2.68394621171559,5.89281224849297,1
489,0,20.75,25,5.89281224849297,9.46725382295662,1
489,0,20.75,25,9.46725382295662,9.55024152374116,1
489,0,20.75,25,9.55024152374116,10.3039444110085,1
489,0,20.75,25,10.3039444110085,11.2789944393566,1
489,0,20.75,25,11.2789944393566,11.6815806972894,1
489,0,20.75,25,11.6815806972894,11.6925288412201,1
489,0,20.75,25,11.6925288412201,12.4296057873035,1
489,0,20.75,25,12.4296057873035,12.4473293548427,1
489,0,20.75,25,12.4473293548427,12.6842863378643,1
489,0,20.75,25,12.6842863378643,13.022255654543,1
489,0,20.75,25,13.022255654543,14.9399449989546,1
489,0,20.75,25,14.9399449989546,15.0163498828389,1
489,0,20.75,25,15.0163498828389,15.360860822895,1
489,0,20.75,25,15.360860822895,15.4180046880826,1
489,0,20.75,25,15.4180046880826,15.9852401049828,1
489,0,20.75,25,15.9852401049828,16.6516852622973,1
489,0,20.75,25,16.6516852622973,17.4735443306542,1
489,0,20.75,25,17.4735443306542,18.1534356736296,1
489,0,20.75,25,18.1534356736296,18.1759720199329,1
489,0,20.75,25,18.1759720199329,18.7162438460408,1
489,0,20.75,25,18.7162438460408,19.3973997378751,1
489,0,20.75,25,19.3973997378751,20.139526867392,1
489,0,20.75,25,20.139526867392,20.4971819390142,1
489,0,20.75,25,20.4971819390142,20.75,0
490,0,10.75,1,0,3.06591392686879,1
490,0,10.75,1,3.06591392686879,10.75,0
491,0,14.75,6,0,3.1542528088456,1
491,0,14.75,6,3.1542528088456,7.68032731464434,1
491,0,14.75,6,7.68032731464434,8.73746339264956,1
491,0,14.75,6,8.73746339264956,9.71929974787688,1
491,0,14.75,6,9.71929974787688,9.76237165125369,1
491,0,14.75,6,9.76237165125369,10.4991642407681,1
491,0,14.75,6,10.4991642407681,14.75,0
492,0,12.75,22,0,0.352106741195446,1
492,0,12.75,22,0.352106741195446,5.62402886941564,1
492,0,12.75,22,5.62402886941564,5.97094856534808,1
492,0,12.75,22,5.97094856534808,6.49576938235934,1
492,0,12.75,22,6.49576938235934,6.568721460771,1
492,0,12.75,22,6.568721460771,7.23829803503644,1
492,0,12.75,22,7.23829803503644,7.85872573610733,1
492,0,12.75,22,7.85872573610733,8.6853108555941,1
492,0,12.75,22,8.6853108555941,9.26103148878876,1
492,0,12.75,22,9.26103148878876,9.30788495015665,1
492,0,12.75,22,9.30788495015665,9.39730832400075,1
492,0,12.75,22,9.39730832400075,9.79284475102359,1
492,0,12.75,22,9.79284475102359,10.085445865831,1
492,0,12.75,22,10.085445865831,10.3450638663063,1
492,0,12.75,22,10.3450638663063,10.6067196637571,1
492,0,12.75,22,10.6067196637571,10.6923961194218,1
492,0,12.75,22,10.6923961194218,11.413039431864,1
492,0,12.75,22,11.413039431864,12.1871864242085,1
492,0,12.75,22,12.1871864242085,12.2484509194492,1
492,0,12.75,22,12.2484509194492,12.395122140028,1
492,0,12.75,22,12.395122140028,12.514191001734,1
492,0,12.75,22,12.514191001734,12.7153719659447,1
492,0,12.75,22,12.7153719659447,12.75,0
493,0,12.75,2,0,0.425215299209336,1
493,0,12.75,2,0.425215299209336,2.32804784334003,1
493,0,12.75,2,2.32804784334003,12.75,0
494,0,7.75,0,0,7.75,0
495,0,13.75,19,0,1.37922974753335,1
495,0,13.75,19,1.37922974753335,3.50574944449878,1
495,0,13.75,19,3.50574944449878,3.77873757042691,1
495,0,13.75,19,3.77873757042691,4.27086538799429,1
495,0,13.75,19,4.27086538799429,6.61958143401606,1
495,0,13.75,19,6.61958143401606,7.51713447522045,1
495,0,13.75,19,7.51713447522045,8.1563603149198,1
495,0,13.75,19,8.1563603149198,8.20805500685396,1
495,0,13.75,19,8.20805500685396,8.45457638688587,1
495,0,13.75,19,8.45457638688587,9.81064141811717,1
495,0,13.75,19,9.81064141811717,10.6039331856277,1
495,0,13.75,19,10.6039331856277,11.1672557387041,1
495,0,13.75,19,11.1672557387041,11.5337502485733,1
495,0,13.75,19,11.5337502485733,11.8830974990026,1
495,0,13.75,19,11.8830974990026,12.4841989887073,1
495,0,13.75,19,12.4841989887073,12.7187910330882,1
495,0,13.75,19,12.7187910330882,12.8625978598397,1
495,0,13.75,19,12.8625978598397,13.3296517185572,1
495,0,13.75,19,13.3296517185572,13.3547169066679,1
495,0,13.75,19,13.3547169066679,13.75,0
496,0,11.75,16,0,3.21687023730771,1
496,0,11.75,16,3.21687023730771,4.46278159698759,1
496,0,11.75,16,4.46278159698759,4.87633165982049,1
496,0,11.75,16,4.87633165982049,6.03421586616218,1
496,0,11.75,16,6.03421586616218,6.8364530268685,1
496,0,11.75,16,6.8364530268685,8.12672444595026,1
496,0,11.75,16,8.12672444595026,8.85860179686453,1
496,0,11.75,16,8.85860179686453,9.23426597479891,1
496,0,11.75,16,9.23426597479891,9.3713259691948,1
496,0,11.75,16,9.3713259691948,9.83743156277957,1
496,0,11.75,16,9.83743156277957,10.2612942573056,1
496,0,11.75,16,10.2612942573056,10.2970503305433,1
496,0,11.75,16,10.2970503305433,10.4562307922098,1
496,0,11.75,16,10.4562307922098,10.7690327427029,1
496,0,11.75,16,10.7690327427029,11.4539671312727,1
496,0,11.75,16,11.4539671312727,11.6484946486982,1
496,0,11.75,16,11.6484946486982,11.75,0
497,0,11.75,19,0,1.60669907252756,1
497,0,11.75,19,1.60669907252756,1.66815906800515,1
497,0,11.75,19,1.66815906800515,1.82912831060011,1
497,0,11.75,19,1.82912831060011,1.94489269167378,1
497,0,11.75,19,1.94489269167378,4.31394206481679,1
497,0,11.75,19,4.31394206481679,6.59653203436998,1
497,0,11.75,19,6.59653203436998,7.64560616049351,1
497,0,11.75,19,7.64560616049351,7.7310347311145,1
497,0,11.75,19,7.7310347311145,8.64646431071468,1
497,0,11.75,19,8.64646431071468,8.95860835154616,1
497,0,11.75,19,8.95860835154616,9.86772703729927,1
497,0,11.75,19,9.86772703729927,9.9724101768385,1
497,0,11.75,19,9.9724101768385,10.1074887398481,1
497,0,11.75,19,10.1074887398481,10.8827428629897,1
497,0,11.75,19,10.8827428629897,11.0861659445034,1
497,0,11.75,19,11.0861659445034,11.1818272726275,1
497,0,11.75,19,11.1818272726275,11.2806416615391,1
497,0,11.75,19,11.2806416615391,11.5031752480309,1
497,0,11.75,19,11.5031752480309,11.5987610044247,1
497,0,11.75,19,11.5987610044247,11.75,0
498,0,19.75,0,0,19.75,0
499,0,15.75,33,0,2.69185161296211,1
499,0,15.75,33,2.69185161296211,3.77425093794593,1
499,0,15.75,33,3.77425093794593,4.33357055954904,1
499,0,15.75,33,4.33357055954904,6.07534093577676,1
499,0,15.75,33,6.07534093577676,6.30308740244538,1
499,0,15.75,33,6.30308740244538,8.11214645067005,1
499,0,15.75,33,8.11214645067005,8.56408122958559,1
499,0,15.75,33,8.56408122958559,8.70393841732979,1
499,0,15.75,33,8.70393841732979,8.83862177672838,1
499,0,15.75,33,8.83862177672838,8.95152151221054,1
499,0,15.75,33,8.95152151221054,9.78020048890065,1
499,0,15.75,33,9.78020048890065,10.7498944092639,1
499,0,15.75,33,10.7498944092639,10.7672523470056,1
499,0,15.75,33,10.7672523470056,10.9800821330557,1
499,0,15.75,33,10.9800821330557,11.5386534323012,1
499,0,15.75,33,11.5386534323012,11.611183308479,1
499,0,15.75,33,11.611183308479,11.6127364921637,1
499,0,15.75,33,11.6127364921637,12.1657694846812,1
499,0,15.75,33,12.1657694846812,12.465619973159,1
499,0,15.75,33,12.465619973159,12.5124336699081,1
499,0,15.75,33,12.5124336699081,12.8455018879875,1
499,0,15.75,33,12.8455018879875,13.339788512012,1
499,0,15.75,33,13.339788512012,13.3424092133733,1
499,0,15.75,33,13.3424092133733,13.4998164002087,1
499,0,15.75,33,13.4998164002087,13.6358285911034,1
499,0,15.75,33,13.6358285911034,13.6447253001147,1
499,0,15.75,33,13.6447253001147,13.6786142002673,1
499,0,15.75,33,13.6786142002673,13.81772101742,1
499,0,15.75,33,13.81772101742,13.9779969867939,1
499,0,15.75,33,13.9779969867939,14.6233711573701,1
499,0,15.75,33,14.6233711573701,14.7902561555291,1
499,0,15.75,33,14.7902561555291,15.0300237651671,1
499,0,15.75,33,15.0300237651671,15.1759189858309,1
499,0,15.75,33,15.1759189858309,15.75,0
500,0,11.75,0,0,11.75,0
501,0,8.75,5,0,2.23870381577302,1
501,0,8.75,5,2.23870381577302,6.38357717119822,1
501,0,8.75,5,6.38357717119822,7.99690085769601,1
501,0,8.75,5,7.99690085769601,8.0994947821035,1
501,0,8.75,5,8.0994947821035,8.45343719639379,1
501,0,8.75,5,8.45343719639379,8.75,0
502,0,9.75,5,0,5.76622045089272,1
502,0,9.75,5,5.76622045089272,6.42612216753826,1
502,0,9.75,5,6.42612216753826,6.7931399588308,1
502,0,9.75,5,6.7931399588308,7.43593602555066,1
502,0,9.75,5,7.43593602555066,7.54961304733351,1
502,0,9.75,5,7.54961304733351,9.75,0
503,0,11.75,1,0,0.784514270584665,1
503,0,11.75,1,0.784514270584665,11.75,0
504,0,11.75,3,0,5.77730090721755,1
504,0,11.75,3,5.77730090721755,5.829041110526,1
504,0,11.75,3,5.829041110526,7.15479973643267,1
504,0,11.75,3,7.15479973643267,11.75,0
505,0,13.75,23,0,6.22067583342619,1
505,0,13.75,23,6.22067583342619,6.85174652581387,1
505,0,13.75,23,6.85174652581387,7.46230768086977,1
505,0,13.75,23,7.46230768086977,7.46814613530847,1
505,0,13.75,23,7.46814613530847,8.0897710259971,1
505,0,13.75,23,8.0897710259971,8.19260977579514,1
505,0,13.75,23,8.19260977579514,8.24285650210725,1
505,0,13.75,23,8.24285650210725,8.3095605473062,1
505,0,13.75,23,8.3095605473062,8.72741588159158,1
505,0,13.75,23,8.72741588159158,10.2276447732076,1
505,0,13.75,23,10.2276447732076,10.9499153759072,1
505,0,13.75,23,10.9499153759072,10.9680804617169,1
505,0,13.75,23,10.9680804617169,11.9310356051868,1
505,0,13.75,23,11.9310356051868,12.1746563274578,1
505,0,13.75,23,12.1746563274578,12.3496433421247,1
505,0,13.75,23,12.3496433421247,12.3963756905566,1
505,0,13.75,23,12.3963756905566,12.7094416686167,1
505,0,13.75,23,12.7094416686167,12.7751153475385,1
505,0,13.75,23,12.7751153475385,13.1076086331096,1
505,0,13.75,23,13.1076086331096,13.1324100536701,1
505,0,13.75,23,13.1324100536701,13.1994874137859,1
505,0,13.75,23,13.1994874137859,13.618442941287,1
505,0,13.75,23,13.618442941287,13.6770262623812,1
505,0,13.75,23,13.6770262623812,13.75,0
506,0,10.75,1,0,0.109620622885102,1
506,0,10.75,1,0.109620622885102,10.75,0
507,0,17.75,1,0,8.84614574193508,1
507,0,17.75,1,8.84614574193508,17.75,0
508,0,9.75,0,0,9.75,0
509,0,8.75,4,0,2.25631518612396,1
509,0,8.75,4,2.25631518612396,2.45134832209502,1
509,0,8.75,4,2.45134832209502,3.9730939904345,1
509,0,8.75,4,3.9730939904345,4.82558645537412,1
509,0,8.75,4,4.82558645537412,8.75,0
510,0,12.75,14,0,4.57157729970658,1
510,0,12.75,14,4.57157729970658,4.68827929419643,1
510,0,12.75,14,4.68827929419643,7.15524860460042,1
510,0,12.75,14,7.15524860460042,7.30207456020108,1
510,0,12.75,14,7.30207456020108,7.53458234951425,1
510,0,12.75,14,7.53458234951425,8.15590453872233,1
510,0,12.75,14,8.15590453872233,8.20510003154069,1
510,0,12.75,14,8.20510003154069,8.75258725782098,1
510,0,12.75,14,8.75258725782098,9.57671386769401,1
510,0,12.75,14,9.57671386769401,9.67933596290459,1
510,0,12.75,14,9.67933596290459,10.9683415132976,1
510,0,12.75,14,10.9683415132976,10.9935669197989,1
510,0,12.75,14,10.9935669197989,11.3806064741283,1
510,0,12.75,14,11.3806064741283,11.734285800008,1
510,0,12.75,14,11.734285800008,12.75,0
511,0,13.75,24,0,2.25541339528477,1
511,0,13.75,24,2.25541339528477,7.94306667377085,1
511,0,13.75,24,7.94306667377085,7.99611024350126,1
511,0,13.75,24,7.99611024350126,8.17311482070344,1
511,0,13.75,24,8.17311482070344,8.20377562237101,1
511,0,13.75,24,8.20377562237101,9.20592802058872,1
511,0,13.75,24,9.20592802058872,9.36303549478179,1
511,0,13.75,24,9.36303549478179,9.59075233798974,1
511,0,13.75,24,9.59075233798974,10.2681689230845,1
511,0,13.75,24,10.2681689230845,10.2969755054397,1
511,0,13.75,24,10.2969755054397,10.3216240230294,1
511,0,13.75,24,10.3216240230294,10.6681412592894,1
511,0,13.75,24,10.6681412592894,10.788984297742,1
511,0,13.75,24,10.788984297742,11.4820458569414,1
511,0,13.75,24,11.4820458569414,11.8153969448053,1
511,0,13.75,24,11.8153969448053,12.0176408812322,1
511,0,13.75,24,12.0176408812322,12.0436969891705,1
511,0,13.75,24,12.0436969891705,12.1614584397797,1
511,0,13.75,24,12.1614584397797,12.3977715394552,1
511,0,13.75,24,12.3977715394552,12.5092784196702,1
511,0,13.75,24,12.5092784196702,12.821741618482,1
511,0,13.75,24,12.821741618482,13.3881408880966,1
511,0,13.75,24,13.3881408880966,13.488511402278,1
511,0,13.75,24,13.488511402278,13.5932477385233,1
511,0,13.75,24,13.5932477385233,13.75,0
512,0,12.75,4,0,4.09171938212804,1
512,0,12.75,4,4.09171938212804,7.06463851765754,1
512,0,12.75,4,7.06463851765754,8.68582403380715,1
512,0,12.75,4,8.68582403380715,9.05392435773556,1
512,0,12.75,4,9.05392435773556,12.75,0
513,0,19.75,2,0,3.627184819041,1
513,0,19.75,2,3.627184819041,4.03216339041132,1
513,0,19.75,2,4.03216339041132,19.75,0
514,0,9.75,6,0,3.67380988109897,1
514,0,9.75,6,3.67380988109897,4.66681692690902,1
514,0,9.75,6,4.66681692690902,6.267566037376,1
514,0,9.75,6,6.267566037376,7.57929132937519,1
514,0,9.75,6,7.57929132937519,7.64614799722206,1
514,0,9.75,6,7.64614799722206,8.32641887527086,1
514,0,9.75,6,8.32641887527086,9.75,0
515,0,10.75,0,0,10.75,0
516,0,14.75,0,0,14.75,0
517,0,10.75,2,0,0.174265441189427,1
517,0,10.75,2,0.174265441189427,4.39499401507852,1
517,0,10.75,2,4.39499401507852,10.75,0
518,0,14.75,3,0,3.69494970477378,1
518,0,14.75,3,3.69494970477378,10.2546203914277,1
518,0,14.75,3,10.2546203914277,12.2646101015519,1
518,0,14.75,3,12.2646101015519,14.75,0
519,0,9.75,1,0,0.813081195107189,1
519,0,9.75,1,0.813081195107189,9.75,0
520,0,7.75,0,0,7.75,0
521,0,14.75,5,0,3.68424991533389,1
521,0,14.75,5,3.68424991533389,4.38616579740093,1
521,0,14.75,5,4.38616579740093,4.78714281321326,1
521,0,14.75,5,4.78714281321326,5.08477524633309,1
521,0,14.75,5,5.08477524633309,6.96312168336827,1
521,0,14.75,5,6.96312168336827,14.75,0
522,0,17.75,2,0,1.44627556712362,1
522,0,17.75,2,1.44627556712362,2.23554728617991,1
522,0,17.75,2,2.23554728617991,17.75,0
523,0,12.75,16,0,2.80949307217205,1
523,0,12.75,16,2.80949307217205,3.78967429706081,1
523,0,12.75,16,3.78967429706081,4.13251315665069,1
523,0,12.75,16,4.13251315665069,5.25703872268387,1
523,0,12.75,16,5.25703872268387,6.12695870409699,1
523,0,12.75,16,6.12695870409699,8.19683927607733,1
523,0,12.75,16,8.19683927607733,8.40719438757867,1
523,0,12.75,16,8.40719438757867,8.56581718805965,1
523,0,12.75,16,8.56581718805965,9.12056349184774,1
523,0,12.75,16,9.12056349184774,10.2759422309449,1
523,0,12.75,16,10.2759422309449,10.5792764061885,1
523,0,12.75,16,10.5792764061885,10.7231376565523,1
523,0,12.75,16,10.7231376565523,11.0987942621285,1
523,0,12.75,16,11.0987942621285,11.9301801637993,1
523,0,12.75,16,11.9301801637993,12.4567245474389,1
523,0,12.75,16,12.4567245474389,12.6449838564836,1
523,0,12.75,16,12.6449838564836,12.75,0
524,0,16.75,46,0,1.53965742975523,1
524,0,16.75,46,1.53965742975523,3.73194775573756,1
524,0,16.75,46,3.73194775573756,4.31580069357076,1
524,0,16.75,46,4.31580069357076,4.67633328795545,1
524,0,16.75,46,4.67633328795545,4.83930820531973,1
524,0,16.75,46,4.83930820531973,5.44713306410686,1
524,0,16.75,46,5.44713306410686,5.56499211989545,1
524,0,16.75,46,5.56499211989545,7.50807061013572,1
524,0,16.75,46,7.50807061013572,7.90164590511993,1
524,0,16.75,46,7.90164590511993,8.7158861878761,1
524,0,16.75,46,8.7158861878761,10.203681304269,1
524,0,16.75,46,10.203681304269,10.3786343440575,1
524,0,16.75,46,10.3786343440575,10.4549584761511,1
524,0,16.75,46,10.4549584761511,10.5408131008766,1
524,0,16.75,46,10.5408131008766,10.6551262970515,1
524,0,16.75,46,10.6551262970515,10.7139983271982,1
524,0,16.75,46,10.7139983271982,10.9030123269593,1
524,0,16.75,46,10.9030123269593,10.9036451170262,1
524,0,16.75,46,10.9036451170262,10.9802564829375,1
524,0,16.75,46,10.9802564829375,11.1508453760423,1
524,0,16.75,46,11.1508453760423,11.3060661886722,1
524,0,16.75,46,11.3060661886722,11.7580232492163,1
524,0,16.75,46,11.7580232492163,11.8903029216177,1
524,0,16.75,46,11.8903029216177,12.3285494311959,1
524,0,16.75,46,12.3285494311959,12.8611739732434,1
524,0,16.75,46,12.8611739732434,12.9912171957248,1
524,0,16.75,46,12.9912171957248,13.0994752206157,1
524,0,16.75,46,13.0994752206157,13.7195387343304,1
524,0,16.75,46,13.7195387343304,13.9195359520446,1
524,0,16.75,46,13.9195359520446,14.0704912992997,1
524,0,16.75,46,14.0704912992997,14.077125715899,1
524,0,16.75,46,14.077125715899,14.0985395979841,1
524,0,16.75,46,14.0985395979841,14.3616923545456,1
524,0,16.75,46,14.3616923545456,14.3678723107745,1
524,0,16.75,46,14.3678723107745,14.5171202912148,1
524,0,16.75,46,14.5171202912148,14.7473917576139,1
524,0,16.75,46,14.7473917576139,15.1652214273955,1
524,0,16.75,46,15.1652214273955,15.4602518447322,1
524,0,16.75,46,15.4602518447322,15.620766967718,1
524,0,16.75,46,15.620766967718,16.1271867716508,1
524,0,16.75,46,16.1271867716508,16.1700918327929,1
524,0,16.75,46,16.1700918327929,16.3914996778535,1
524,0,16.75,46,16.3914996778535,16.4569757954128,1
524,0,16.75,46,16.4569757954128,16.5742811046118,1
524,0,16.75,46,16.5742811046118,16.6214413964643,1
524,0,16.75,46,16.6214413964643,16.6305984528019,1
524,0,16.75,46,16.6305984528019,16.75,0
525,0,12.75,3,0,1.77426869650673,1
525,0,12.75,3,1.77426869650673,2.72396715351326,1
525,0,12.75,3,2.72396715351326,3.46158646572866,1
525,0,12.75,3,3.46158646572866,12.75,0
526,0,16.75,20,0,5.33991883724104,1
526,0,16.75,20,5.33991883724104,6.35212089236979,1
526,0,16.75,20,6.35212089236979,7.65133214075943,1
526,0,16.75,20,7.65133214075943,7.68617361187671,1
526,0,16.75,20,7.68617361187671,7.80324121926275,1
526,0,16.75,20,7.80324121926275,7.80808047065387,1
526,0,16.75,20,7.80808047065387,8.85346918035534,1
526,0,16.75,20,8.85346918035534,9.28768640814366,1
526,0,16.75,20,9.28768640814366,10.6476112749135,1
526,0,16.75,20,10.6476112749135,11.9543967735519,1
526,0,16.75,20,11.9543967735519,12.9686613903829,1
526,0,16.75,20,12.9686613903829,13.1183292588923,1
526,0,16.75,20,13.1183292588923,13.6799052127376,1
526,0,16.75,20,13.6799052127376,13.7095079875269,1
526,0,16.75,20,13.7095079875269,14.1910917614215,1
526,0,16.75,20,14.1910917614215,14.7239748992906,1
526,0,16.75,20,14.7239748992906,15.2679913039674,1
526,0,16.75,20,15.2679913039674,15.8804027058718,1
526,0,16.75,20,15.8804027058718,16.2783693506469,1
526,0,16.75,20,16.2783693506469,16.3661232470318,1
526,0,16.75,20,16.3661232470318,16.75,0
527,0,19.75,1,0,1.81590349585972,1
527,0,19.75,1,1.81590349585972,19.75,0
528,0,10.75,1,0,1.11733163613929,1
528,0,10.75,1,1.11733163613929,10.75,0
529,0,14.75,1,0,0.164708786687004,1
529,0,14.75,1,0.164708786687004,14.75,0
530,0,16.75,1,0,4.01045821530199,1
530,0,16.75,1,4.01045821530199,16.75,0
531,0,9.75,2,0,8.06447709350221,1
531,0,9.75,2,8.06447709350221,9.51856298956083,1
531,0,9.75,2,9.51856298956083,9.75,0
532,0,17.75,4,0,2.35465766206675,1
532,0,17.75,4,2.35465766206675,8.31783296675131,1
532,0,17.75,4,8.31783296675131,10.1966315562109,1
532,0,17.75,4,10.1966315562109,11.2820064277658,1
532,0,17.75,4,11.2820064277658,17.75,0
533,0,9.75,8,0,3.99008696584518,1
533,0,9.75,8,3.99008696584518,6.36182944368343,1
533,0,9.75,8,6.36182944368343,6.84537761609149,1
533,0,9.75,8,6.84537761609149,7.13578633702087,1
533,0,9.75,8,7.13578633702087,7.69702076100851,1
533,0,9.75,8,7.69702076100851,7.87622592444794,1
533,0,9.75,8,7.87622592444794,8.2879612807655,1
533,0,9.75,8,8.2879612807655,8.39630029937648,1
533,0,9.75,8,8.39630029937648,9.75,0
534,0,15.75,0,0,15.75,0
535,0,16.75,103,0,3.46048960950098,1
535,0,16.75,103,3.46048960950098,3.92063413848656,1
535,0,16.75,103,3.92063413848656,4.04335326319487,1
535,0,16.75,103,4.04335326319487,4.16418319399287,1
535,0,16.75,103,4.16418319399287,4.19685641180073,1
535,0,16.75,103,4.19685641180073,4.30519024315029,1
535,0,16.75,103,4.30519024315029,4.72724870507725,1
535,0,16.75,103,4.72724870507725,5.45269269405873,1
535,0,16.75,103,5.45269269405873,5.72731998896634,1
535,0,16.75,103,5.72731998896634,6.95364824166074,1
535,0,16.75,103,6.95364824166074,7.32603293650397,1
535,0,16.75,103,7.32603293650397,7.60640512606833,1
535,0,16.75,103,7.60640512606833,7.63070180614836,1
535,0,16.75,103,7.63070180614836,7.67122427407642,1
535,0,16.75,103,7.67122427407642,7.76148342497901,1
535,0,16.75,103,7.76148342497901,7.82604832518039,1
535,0,16.75,103,7.82604832518039,7.88420566577445,1
535,0,16.75,103,7.88420566577445,7.95556358223902,1
535,0,16.75,103,7.95556358223902,8.13218339527871,1
535,0,16.75,103,8.13218339527871,8.38464100995493,1
535,0,16.75,103,8.38464100995493,8.67692139298351,1
535,0,16.75,103,8.67692139298351,8.77177877517047,1
535,0,16.75,103,8.77177877517047,9.01656287885182,1
535,0,16.75,103,9.01656287885182,9.48905421230233,1
535,0,16.75,103,9.48905421230233,9.65490416300052,1
535,0,16.75,103,9.65490416300052,9.75404039051399,1
535,0,16.75,103,9.75404039051399,9.80330170272378,1
535,0,16.75,103,9.80330170272378,9.84984089061772,1
535,0,16.75,103,9.84984089061772,9.88081952026878,1
535,0,16.75,103,9.88081952026878,10.1075602284796,1
535,0,16.75,103,10.1075602284796,10.1951885525963,1
535,0,16.75,103,10.1951885525963,10.2660332931439,1
535,0,16.75,103,10.2660332931439,10.6088426771676,1
535,0,16.75,103,10.6088426771676,10.6507643365639,1
535,0,16.75,103,10.6507643365639,10.8286286453805,1
535,0,16.75,103,10.8286286453805,10.8643932631675,1
535,0,16.75,103,10.8643932631675,10.8860957691179,1
535,0,16.75,103,10.8860957691179,10.8947402404466,1
535,0,16.75,103,10.8947402404466,10.9057231763734,1
535,0,16.75,103,10.9057231763734,10.9254986843725,1
535,0,16.75,103,10.9254986843725,10.9732288390332,1
535,0,16.75,103,10.9732288390332,11.1303352139804,1
535,0,16.75,103,11.1303352139804,11.1573869582859,1
535,0,16.75,103,11.1573869582859,11.2327855644073,1
535,0,16.75,103,11.2327855644073,11.2927609704007,1
535,0,16.75,103,11.2927609704007,11.4402431112323,1
535,0,16.75,103,11.4402431112323,11.7073480853192,1
535,0,16.75,103,11.7073480853192,11.7252133924498,1
535,0,16.75,103,11.7252133924498,11.7298756983007,1
535,0,16.75,103,11.7298756983007,11.9048798460481,1
535,0,16.75,103,11.9048798460481,12.0390756802954,1
535,0,16.75,103,12.0390756802954,12.0836279652616,1
535,0,16.75,103,12.0836279652616,12.199897842781,1
535,0,16.75,103,12.199897842781,12.2624514717993,1
535,0,16.75,103,12.2624514717993,12.268023906521,1
535,0,16.75,103,12.268023906521,12.3736629612222,1
535,0,16.75,103,12.3736629612222,12.4495981915914,1
535,0,16.75,103,12.4495981915914,12.5645784038251,1
535,0,16.75,103,12.5645784038251,12.6263825376461,1
535,0,16.75,103,12.6263825376461,12.8114294352553,1
535,0,16.75,103,12.8114294352553,12.8611288703952,1
535,0,16.75,103,12.8611288703952,13.0643080433244,1
535,0,16.75,103,13.0643080433244,13.1162795162308,1
535,0,16.75,103,13.1162795162308,13.2074501342685,1
535,0,16.75,103,13.2074501342685,13.2703981516422,1
535,0,16.75,103,13.2703981516422,13.2932214483862,1
535,0,16.75,103,13.2932214483862,13.3910400656002,1
535,0,16.75,103,13.3910400656002,13.5300631858681,1
535,0,16.75,103,13.5300631858681,13.7717950883285,1
535,0,16.75,103,13.7717950883285,13.9573290158607,1
535,0,16.75,103,13.9573290158607,14.0967862397759,1
535,0,16.75,103,14.0967862397759,14.0986927961518,1
535,0,16.75,103,14.0986927961518,14.3857132099205,1
535,0,16.75,103,14.3857132099205,14.4299905187962,1
535,0,16.75,103,14.4299905187962,14.4487674770806,1
535,0,16.75,103,14.4487674770806,14.4615841034288,1
535,0,16.75,103,14.4615841034288,14.6377211543234,1
535,0,16.75,103,14.6377211543234,14.7104891883077,1
535,0,16.75,103,14.7104891883077,14.9669275853326,1
535,0,16.75,103,14.9669275853326,15.0267913276246,1
535,0,16.75,103,15.0267913276246,15.0653825689768,1
535,0,16.75,103,15.0653825689768,15.1106795348074,1
535,0,16.75,103,15.1106795348074,15.1355468782105,1
535,0,16.75,103,15.1355468782105,15.1654695274223,1
535,0,16.75,103,15.1654695274223,15.3990817338657,1
535,0,16.75,103,15.3990817338657,15.3997582693658,1
535,0,16.75,103,15.3997582693658,15.4129249819681,1
535,0,16.75,103,15.4129249819681,15.4774188069639,1
535,0,16.75,103,15.4774188069639,15.5326418915855,1
535,0,16.75,103,15.5326418915855,15.5989937233684,1
535,0,16.75,103,15.5989937233684,15.6683920167457,1
535,0,16.75,103,15.6683920167457,15.7380147068938,1
535,0,16.75,103,15.7380147068938,15.7501118872923,1
535,0,16.75,103,15.7501118872923,15.7710107856095,1
535,0,16.75,103,15.7710107856095,15.8176546811344,1
535,0,16.75,103,15.8176546811344,15.8905263746377,1
535,0,16.75,103,15.8905263746377,16.0852740688288,1
535,0,16.75,103,16.0852740688288,16.1613990643498,1
535,0,16.75,103,16.1613990643498,16.2277459486745,1
535,0,16.75,103,16.2277459486745,16.2702022422986,1
535,0,16.75,103,16.2702022422986,16.2909212066534,1
535,0,16.75,103,16.2909212066534,16.3114899247048,1
535,0,16.75,103,16.3114899247048,16.5146368656398,1
535,0,16.75,103,16.5146368656398,16.75,0
536,0,13.75,16,0,4.13252911970595,1
536,0,13.75,16,4.13252911970595,5.15254744802048,1
536,0,13.75,16,5.15254744802048,5.24545623154762,1
536,0,13.75,16,5.24545623154762,6.82340700757851,1
536,0,13.75,16,6.82340700757851,8.20124327205061,1
536,0,13.75,16,8.20124327205061,9.37499687525152,1
536,0,13.75,16,9.37499687525152,9.49656818712621,1
536,0,13.75,16,9.49656818712621,10.930698681174,1
536,0,13.75,16,10.930698681174,11.1729999979076,1
536,0,13.75,16,11.1729999979076,11.4793205857386,1
536,0,13.75,16,11.4793205857386,11.5194732838525,1
536,0,13.75,16,11.5194732838525,11.5713409657891,1
536,0,13.75,16,11.5713409657891,11.9908474769075,1
536,0,13.75,16,11.9908474769075,12.6618257338527,1
536,0,13.75,16,12.6618257338527,13.4185230365418,1
536,0,13.75,16,13.4185230365418,13.5207598025588,1
536,0,13.75,16,13.5207598025588,13.75,0
537,0,11.75,1,0,0.869297377209123,1
537,0,11.75,1,0.869297377209123,11.75,0
538,0,11.75,12,0,2.12809406988229,1
538,0,11.75,12,2.12809406988229,4.97390370985392,1
538,0,11.75,12,4.97390370985392,6.75082814004935,1
538,0,11.75,12,6.75082814004935,6.80677523484147,1
538,0,11.75,12,6.80677523484147,6.9990441299949,1
538,0,11.75,12,6.9990441299949,8.33843936741292,1
538,0,11.75,12,8.33843936741292,8.45739420002264,1
538,0,11.75,12,8.45739420002264,10.6192036955947,1
538,0,11.75,12,10.6192036955947,10.8679011990463,1
538,0,11.75,12,10.8679011990463,11.2768539280888,1
538,0,11.75,12,11.2768539280888,11.2918985088377,1
538,0,11.75,12,11.2918985088377,11.6232105644773,1
538,0,11.75,12,11.6232105644773,11.75,0
539,0,11.75,20,0,2.20147847184617,1
539,0,11.75,20,2.20147847184617,3.38700400237758,1
539,0,11.75,20,3.38700400237758,3.83089641406413,1
539,0,11.75,20,3.83089641406413,4.302241287602,1
539,0,11.75,20,4.302241287602,4.64023566355762,1
539,0,11.75,20,4.64023566355762,6.24530495135147,1
539,0,11.75,20,6.24530495135147,6.50100908747249,1
539,0,11.75,20,6.50100908747249,6.53097970553946,1
539,0,11.75,20,6.53097970553946,6.89035955021689,1
539,0,11.75,20,6.89035955021689,7.39258377402898,1
539,0,11.75,20,7.39258377402898,7.48205939507013,1
539,0,11.75,20,7.48205939507013,8.33217101986012,1
539,0,11.75,20,8.33217101986012,8.70627352767683,1
539,0,11.75,20,8.70627352767683,9.34733320908569,1
539,0,11.75,20,9.34733320908569,9.41590303224791,1
539,0,11.75,20,9.41590303224791,9.680214217103,1
539,0,11.75,20,9.680214217103,9.73023133497341,1
539,0,11.75,20,9.73023133497341,10.9152350982928,1
539,0,11.75,20,10.9152350982928,10.9982131985577,1
539,0,11.75,20,10.9982131985577,11.5643669490756,1
539,0,11.75,20,11.5643669490756,11.75,0
540,0,16.75,0,0,16.75,0
541,0,15.75,23,0,1.05526021147115,1
541,0,15.75,23,1.05526021147115,2.37927663775037,1
541,0,15.75,23,2.37927663775037,3.8209794713847,1
541,0,15.75,23,3.8209794713847,6.18791246700456,1
541,0,15.75,23,6.18791246700456,6.35597036251664,1
541,0,15.75,23,6.35597036251664,7.68211376780212,1
541,0,15.75,23,7.68211376780212,8.86675703224826,1
541,0,15.75,23,8.86675703224826,9.85000092959988,1
541,0,15.75,23,9.85000092959988,10.2825307339472,1
541,0,15.75,23,10.2825307339472,10.583646131113,1
541,0,15.75,23,10.583646131113,11.4812323360206,1
541,0,15.75,23,11.4812323360206,11.5611027379013,1
541,0,15.75,23,11.5611027379013,12.9653522274501,1
541,0,15.75,23,12.9653522274501,13.2421850658734,1
541,0,15.75,23,13.2421850658734,13.2434354707288,1
541,0,15.75,23,13.2434354707288,13.6309018068093,1
541,0,15.75,23,13.6309018068093,13.8862684086331,1
541,0,15.75,23,13.8862684086331,14.1416653203229,1
541,0,15.75,23,14.1416653203229,14.352806575094,1
541,0,15.75,23,14.352806575094,14.465676550182,1
541,0,15.75,23,14.465676550182,14.9496137289236,1
541,0,15.75,23,14.9496137289236,15.1716258291629,1
541,0,15.75,23,15.1716258291629,15.7292570632527,1
541,0,15.75,23,15.7292570632527,15.75,0
542,0,17.75,1,0,0.0187662208504346,1
542,0,17.75,1,0.0187662208504346,17.75,0
543,0,19.75,88,0,2.30338780811885,1
543,0,19.75,88,2.30338780811885,4.42409771827607,1
543,0,19.75,88,4.42409771827607,4.64085132000393,1
543,0,19.75,88,4.64085132000393,4.87798560979546,1
543,0,19.75,88,4.87798560979546,4.99010057681788,1
543,0,19.75,88,4.99010057681788,5.09953653076028,1
543,0,19.75,88,5.09953653076028,5.4749953085838,1
543,0,19.75,88,5.4749953085838,5.63046483470029,1
543,0,19.75,88,5.63046483470029,6.04554727209706,1
543,0,19.75,88,6.04554727209706,6.29650310541354,1
543,0,19.75,88,6.29650310541354,6.74392498086995,1
543,0,19.75,88,6.74392498086995,7.42040142076182,1
543,0,19.75,88,7.42040142076182,7.53312568253864,1
543,0,19.75,88,7.53312568253864,7.58585620415236,1
543,0,19.75,88,7.58585620415236,7.61630527153128,1
543,0,19.75,88,7.61630527153128,8.13210798873028,1
543,0,19.75,88,8.13210798873028,8.50034998622729,1
543,0,19.75,88,8.50034998622729,9.08195675542155,1
543,0,19.75,88,9.08195675542155,9.22265697094043,1
543,0,19.75,88,9.22265697094043,9.35921109384819,1
543,0,19.75,88,9.35921109384819,9.55330926708805,1
543,0,19.75,88,9.55330926708805,9.71551834972997,1
543,0,19.75,88,9.71551834972997,9.98742045047732,1
543,0,19.75,88,9.98742045047732,10.5347829705853,1
543,0,19.75,88,10.5347829705853,10.7383087371137,1
543,0,19.75,88,10.7383087371137,10.7916344282332,1
543,0,19.75,88,10.7916344282332,10.8126621372998,1
543,0,19.75,88,10.8126621372998,11.5836933473506,1
543,0,19.75,88,11.5836933473506,11.6786301323325,1
543,0,19.75,88,11.6786301323325,11.7526406569864,1
543,0,19.75,88,11.7526406569864,12.0718114030237,1
543,0,19.75,88,12.0718114030237,12.1062867524688,1
543,0,19.75,88,12.1062867524688,12.2669194986583,1
543,0,19.75,88,12.2669194986583,12.3243222653655,1
543,0,19.75,88,12.3243222653655,12.3328694078479,1
543,0,19.75,88,12.3328694078479,12.3928983080081,1
543,0,19.75,88,12.3928983080081,12.8307511733732,1
543,0,19.75,88,12.8307511733732,13.5068391705994,1
543,0,19.75,88,13.5068391705994,13.5158205842077,1
543,0,19.75,88,13.5158205842077,13.604567536808,1
543,0,19.75,88,13.604567536808,13.7700254701277,1
543,0,19.75,88,13.7700254701277,13.9550671092912,1
543,0,19.75,88,13.9550671092912,14.1262438252415,1
543,0,19.75,88,14.1262438252415,14.1561819169481,1
543,0,19.75,88,14.1561819169481,14.3768863861844,1
543,0,19.75,88,14.3768863861844,14.4272063146159,1
543,0,19.75,88,14.4272063146159,14.6906316863883,1
543,0,19.75,88,14.6906316863883,14.7313925902715,1
543,0,19.75,88,14.7313925902715,14.7395985741422,1
543,0,19.75,88,14.7395985741422,15.2271029281568,1
543,0,19.75,88,15.2271029281568,15.2461288154788,1
543,0,19.75,88,15.2461288154788,15.4633819631182,1
543,0,19.75,88,15.4633819631182,15.4888094212204,1
543,0,19.75,88,15.4888094212204,15.8946110791536,1
543,0,19.75,88,15.8946110791536,15.9384596974283,1
543,0,19.75,88,15.9384596974283,16.1332230581954,1
543,0,19.75,88,16.1332230581954,16.19901473305,1
543,0,19.75,88,16.19901473305,16.4265804193513,1
543,0,19.75,88,16.4265804193513,16.457923412127,1
543,0,19.75,88,16.457923412127,16.460699020383,1
543,0,19.75,88,16.460699020383,16.5373466605749,1
543,0,19.75,88,16.5373466605749,16.6754251673375,1
543,0,19.75,88,16.6754251673375,16.6991857762726,1
543,0,19.75,88,16.6991857762726,16.7547100387235,1
543,0,19.75,88,16.7547100387235,16.9933407048258,1
543,0,19.75,88,16.9933407048258,17.0139744639002,1
543,0,19.75,88,17.0139744639002,17.0563107179781,1
543,0,19.75,88,17.0563107179781,17.412379792815,1
543,0,19.75,88,17.412379792815,17.6571713461308,1
543,0,19.75,88,17.6571713461308,17.7465366106423,1
543,0,19.75,88,17.7465366106423,18.2167102070909,1
543,0,19.75,88,18.2167102070909,18.2339270713947,1
543,0,19.75,88,18.2339270713947,18.2393901417725,1
543,0,19.75,88,18.2393901417725,18.2837008704122,1
543,0,19.75,88,18.2837008704122,18.3983169577209,1
543,0,19.75,88,18.3983169577209,18.4466982091503,1
543,0,19.75,88,18.4466982091503,18.4539271914612,1
543,0,19.75,88,18.4539271914612,18.6862017958057,1
543,0,19.75,88,18.6862017958057,18.8470925262131,1
543,0,19.75,88,18.8470925262131,18.9425984725412,1
543,0,19.75,88,18.9425984725412,19.1051516704953,1
543,0,19.75,88,19.1051516704953,19.1286031228232,1
543,0,19.75,88,19.1286031228232,19.287217262224,1
543,0,19.75,88,19.287217262224,19.2930172029876,1
543,0,19.75,88,19.2930172029876,19.4340308649284,1
543,0,19.75,88,19.4340308649284,19.5231343335469,1
543,0,19.75,88,19.5231343335469,19.5277076070902,1
543,0,19.75,88,19.5277076070902,19.5367183809938,1
543,0,19.75,88,19.5367183809938,19.75,0
544,0,11.75,3,0,2.55287526919435,1
544,0,11.75,3,2.55287526919435,2.6056501674547,1
544,0,11.75,3,2.6056501674547,3.03475210851865,1
544,0,11.75,3,3.03475210851865,11.75,0
545,0,8.75,0,0,8.75,0
546,0,15.75,2,0,4.24413120653799,1
546,0,15.75,2,4.24413120653799,4.94584553404862,1
546,0,15.75,2,4.94584553404862,15.75,0
547,0,15.75,1,0,8.47131341701593,1
547,0,15.75,1,8.47131341701593,15.75,0
548,0,19.75,2,0,9.41173685599444,1
548,0,19.75,2,9.41173685599444,12.0380284630648,1
548,0,19.75,2,12.0380284630648,19.75,0
549,0,15.75,4,0,0.138178388651518,1
549,0,15.75,4,0.138178388651518,1.75219175466351,1
549,0,15.75,4,1.75219175466351,13.9808143372562,1
549,0,15.75,4,13.9808143372562,15.0169842595367,1
549,0,15.75,4,15.0169842595367,15.75,0
550,0,12.75,0,0,12.75,0
551,0,17.75,21,0,6.15145418556825,1
551,0,17.75,21,6.15145418556825,6.67671681242163,1
551,0,17.75,21,6.67671681242163,7.60885941599205,1
551,0,17.75,21,7.60885941599205,8.74629935733583,1
551,0,17.75,21,8.74629935733583,11.8741735333027,1
551,0,17.75,21,11.8741735333027,12.3369164226481,1
551,0,17.75,21,12.3369164226481,12.8419039756662,1
551,0,17.75,21,12.8419039756662,13.6616791436977,1
551,0,17.75,21,13.6616791436977,14.255978031236,1
551,0,17.75,21,14.255978031236,14.6261070225462,1
551,0,17.75,21,14.6261070225462,15.0157414567217,1
551,0,17.75,21,15.0157414567217,15.379964308912,1
551,0,17.75,21,15.379964308912,15.5196950549462,1
551,0,17.75,21,15.5196950549462,16.2382407678174,1
551,0,17.75,21,16.2382407678174,16.4118511775557,1
551,0,17.75,21,16.4118511775557,16.4434740246953,1
551,0,17.75,21,16.4434740246953,17.0035120130461,1
551,0,17.75,21,17.0035120130461,17.0547535909244,1
551,0,17.75,21,17.0547535909244,17.2625308304287,1
551,0,17.75,21,17.2625308304287,17.4292050757738,1
551,0,17.75,21,17.4292050757738,17.432874172907,1
551,0,17.75,21,17.432874172907,17.75,0
552,0,7.75,7,0,1.69200021682348,1
552,0,7.75,7,1.69200021682348,5.47680022213661,1
552,0,7.75,7,5.47680022213661,6.45684665142353,1
552,0,7.75,7,6.45684665142353,6.46255147843568,1
552,0,7.75,7,6.46255147843568,6.88242167057409,1
552,0,7.75,7,6.88242167057409,7.00605225391967,1
552,0,7.75,7,7.00605225391967,7.39097170001223,1
552,0,7.75,7,7.39097170001223,7.75,0
553,0,12.75,19,0,4.85868323219352,1
553,0,12.75,19,4.85868323219352,7.66613021536889,1
553,0,12.75,19,7.66613021536889,7.71694236776246,1
553,0,12.75,19,7.71694236776246,8.29149540262502,1
553,0,12.75,19,8.29149540262502,9.05154573097121,1
553,0,12.75,19,9.05154573097121,9.52876519496253,1
553,0,12.75,19,9.52876519496253,10.4284072137354,1
553,0,12.75,19,10.4284072137354,10.4460279638939,1
553,0,12.75,19,10.4460279638939,10.6703570581993,1
553,0,12.75,19,10.6703570581993,10.6932367166863,1
553,0,12.75,19,10.6932367166863,10.7806803999032,1
553,0,12.75,19,10.7806803999032,11.3415223571341,1
553,0,12.75,19,11.3415223571341,11.5044008739005,1
553,0,12.75,19,11.5044008739005,11.5501739457181,1
553,0,12.75,19,11.5501739457181,11.841747982983,1
553,0,12.75,19,11.841747982983,11.9691156139252,1
553,0,12.75,19,11.9691156139252,12.301874534138,1
553,0,12.75,19,12.301874534138,12.3507894147374,1
553,0,12.75,19,12.3507894147374,12.4719996797507,1
553,0,12.75,19,12.4719996797507,12.75,0
554,0,16.75,0,0,16.75,0
555,0,13.75,3,0,0.445347251958731,1
555,0,13.75,3,0.445347251958731,5.44133873794617,1
555,0,13.75,3,5.44133873794617,7.49802097569447,1
555,0,13.75,3,7.49802097569447,13.75,0
556,0,17.75,0,0,17.75,0
557,0,15.75,32,0,3.95187563852622,1
557,0,15.75,32,3.95187563852622,3.95613735058778,1
557,0,15.75,32,3.95613735058778,6.71225728821294,1
557,0,15.75,32,6.71225728821294,6.72754970010734,1
557,0,15.75,32,6.72754970010734,7.06338864052826,1
557,0,15.75,32,7.06338864052826,7.27534206623577,1
557,0,15.75,32,7.27534206623577,8.85535316089129,1
557,0,15.75,32,8.85535316089129,8.88835271853936,1
557,0,15.75,32,8.88835271853936,9.10366369182467,1
557,0,15.75,32,9.10366369182467,9.27541680479191,1
557,0,15.75,32,9.27541680479191,9.42073921097319,1
557,0,15.75,32,9.42073921097319,9.47850965414855,1
557,0,15.75,32,9.47850965414855,10.1553455143365,1
557,0,15.75,32,10.1553455143365,11.0651509725473,1
557,0,15.75,32,11.0651509725473,11.461335351608,1
557,0,15.75,32,11.461335351608,11.5075238972214,1
557,0,15.75,32,11.5075238972214,11.5406918006688,1
557,0,15.75,32,11.5406918006688,11.5662188128273,1
557,0,15.75,32,11.5662188128273,12.0142814521653,1
557,0,15.75,32,12.0142814521653,12.4466044966891,1
557,0,15.75,32,12.4466044966891,12.6022247464006,1
557,0,15.75,32,12.6022247464006,12.9965283517468,1
557,0,15.75,32,12.9965283517468,13.1603791399277,1
557,0,15.75,32,13.1603791399277,14.0315308214535,1
557,0,15.75,32,14.0315308214535,14.1921657968669,1
557,0,15.75,32,14.1921657968669,14.2708880768395,1
557,0,15.75,32,14.2708880768395,14.4022419269523,1
557,0,15.75,32,14.4022419269523,14.6163176744143,1
557,0,15.75,32,14.6163176744143,15.3332599455448,1
557,0,15.75,32,15.3332599455448,15.5613311304387,1
557,0,15.75,32,15.5613311304387,15.6555357367084,1
557,0,15.75,32,15.6555357367084,15.7252309682741,1
557,0,15.75,32,15.7252309682741,15.75,0
558,0,12.75,0,0,12.75,0
559,0,8.75,1,0,6.27176192900814,1
559,0,8.75,1,6.27176192900814,8.75,0
560,0,9.75,0,0,9.75,0
561,0,18.75,48,0,3.24780890403286,1
561,0,18.75,48,3.24780890403286,4.89037566742035,1
561,0,18.75,48,4.89037566742035,6.31550106231162,1
561,0,18.75,48,6.31550106231162,8.34407017646069,1
561,0,18.75,48,8.34407017646069,8.38664768733023,1
561,0,18.75,48,8.38664768733023,8.88745254126222,1
561,0,18.75,48,8.88745254126222,9.33383134819765,1
561,0,18.75,48,9.33383134819765,10.0881405190733,1
561,0,18.75,48,10.0881405190733,10.5744726895841,1
561,0,18.75,48,10.5744726895841,10.7121616478695,1
561,0,18.75,48,10.7121616478695,10.767593975697,1
561,0,18.75,48,10.767593975697,10.9123549877967,1
561,0,18.75,48,10.9123549877967,10.9631304370348,1
561,0,18.75,48,10.9631304370348,11.0467787203483,1
561,0,18.75,48,11.0467787203483,11.1689367943287,1
561,0,18.75,48,11.1689367943287,11.5409375861616,1
561,0,18.75,48,11.5409375861616,11.9863389752435,1
561,0,18.75,48,11.9863389752435,12.7619129548116,1
561,0,18.75,48,12.7619129548116,12.8437815211416,1
561,0,18.75,48,12.8437815211416,13.061683712653,1
561,0,18.75,48,13.061683712653,13.449879727077,1
561,0,18.75,48,13.449879727077,13.9498355830567,1
561,0,18.75,48,13.9498355830567,14.6351191092075,1
561,0,18.75,48,14.6351191092075,14.680031664657,1
561,0,18.75,48,14.680031664657,14.6892256796661,1
561,0,18.75,48,14.6892256796661,14.7335699971556,1
561,0,18.75,48,14.7335699971556,14.7869158932442,1
561,0,18.75,48,14.7869158932442,14.8988933554697,1
561,0,18.75,48,14.8988933554697,15.5233256340231,1
561,0,18.75,48,15.5233256340231,15.5640625918666,1
561,0,18.75,48,15.5640625918666,15.6754316391764,1
561,0,18.75,48,15.6754316391764,15.7813541858531,1
561,0,18.75,48,15.7813541858531,15.9230542117295,1
561,0,18.75,48,15.9230542117295,16.1276049774107,1
561,0,18.75,48,16.1276049774107,16.9026677440051,1
561,0,18.75,48,16.9026677440051,16.9736168525906,1
561,0,18.75,48,16.9736168525906,17.2003780741144,1
561,0,18.75,48,17.2003780741144,17.2323890460679,1
561,0,18.75,48,17.2323890460679,17.2582797499365,1
561,0,18.75,48,17.2582797499365,17.338193203691,1
561,0,18.75,48,17.338193203691,17.3624611310161,1
561,0,18.75,48,17.3624611310161,17.6158345513902,1
561,0,18.75,48,17.6158345513902,17.6592053909119,1
561,0,18.75,48,17.6592053909119,17.8702208276124,1
561,0,18.75,48,17.8702208276124,17.9589314156721,1
561,0,18.75,48,17.9589314156721,18.2152153009315,1
561,0,18.75,48,18.2152153009315,18.5312646381775,1
561,0,18.75,48,18.5312646381775,18.6584375067527,1
561,0,18.75,48,18.6584375067527,18.75,0
562,0,15.75,3,0,0.0148382237033468,1
562,0,15.75,3,0.0148382237033468,4.3428357298584,1
562,0,15.75,3,4.3428357298584,14.1463976973026,1
562,0,15.75,3,14.1463976973026,15.75,0
563,0,18.75,29,0,2.92932705011892,1
563,0,18.75,29,2.92932705011892,5.09329319349592,1
563,0,18.75,29,5.09329319349592,5.81977975751417,1
563,0,18.75,29,5.81977975751417,7.10178651493125,1
563,0,18.75,29,7.10178651493125,7.30888374896864,1
563,0,18.75,29,7.30888374896864,7.48964567480877,1
563,0,18.75,29,7.48964567480877,8.04605816645547,1
563,0,18.75,29,8.04605816645547,8.41208301600946,1
563,0,18.75,29,8.41208301600946,9.26175818231208,1
563,0,18.75,29,9.26175818231208,9.6665830435771,1
563,0,18.75,29,9.6665830435771,9.78861416950383,1
563,0,18.75,29,9.78861416950383,11.6507393287383,1
563,0,18.75,29,11.6507393287383,12.7876605497771,1
563,0,18.75,29,12.7876605497771,12.8751159012692,1
563,0,18.75,29,12.8751159012692,12.987608747725,1
563,0,18.75,29,12.987608747725,13.328393395261,1
563,0,18.75,29,13.328393395261,13.4091674695531,1
563,0,18.75,29,13.4091674695531,13.8268500038647,1
563,0,18.75,29,13.8268500038647,13.870210526472,1
563,0,18.75,29,13.870210526472,15.5544846986018,1
563,0,18.75,29,15.5544846986018,15.8183750127752,1
563,0,18.75,29,15.8183750127752,16.0361312458562,1
563,0,18.75,29,16.0361312458562,16.2586902914505,1
563,0,18.75,29,16.2586902914505,16.3599719219175,1
563,0,18.75,29,16.3599719219175,17.0601341580405,1
563,0,18.75,29,17.0601341580405,17.6700425947683,1
563,0,18.75,29,17.6700425947683,18.0439548142718,1
563,0,18.75,29,18.0439548142718,18.3566105085422,1
563,0,18.75,29,18.3566105085422,18.6473368740053,1
563,0,18.75,29,18.6473368740053,18.75,0
564,0,15.75,0,0,15.75,0
565,0,15.75,0,0,15.75,0
566,0,15.75,1,0,15.0239994169133,1
566,0,15.75,1,15.0239994169133,15.75,0
567,0,15.75,78,0,3.52601527330141,1
567,0,15.75,78,3.52601527330141,3.61446093811138,1
567,0,15.75,78,3.61446093811138,4.68457835042542,1
567,0,15.75,78,4.68457835042542,4.87526912299665,1
567,0,15.75,78,4.87526912299665,4.87993993389219,1
567,0,15.75,78,4.87993993389219,4.92136434736524,1
567,0,15.75,78,4.92136434736524,5.82794126265748,1
567,0,15.75,78,5.82794126265748,5.8320959236677,1
567,0,15.75,78,5.8320959236677,6.51148867445095,1
567,0,15.75,78,6.51148867445095,6.70594580730662,1
567,0,15.75,78,6.70594580730662,6.71856351245567,1
567,0,15.75,78,6.71856351245567,6.75512638095489,1
567,0,15.75,78,6.75512638095489,6.78499699551311,1
567,0,15.75,78,6.78499699551311,7.14354164092142,1
567,0,15.75,78,7.14354164092142,7.17642752314027,1
567,0,15.75,78,7.17642752314027,7.55018914604601,1
567,0,15.75,78,7.55018914604601,7.63958288282843,1
567,0,15.75,78,7.63958288282843,7.67823050007885,1
567,0,15.75,78,7.67823050007885,8.01530480166185,1
567,0,15.75,78,8.01530480166185,8.05031712110115,1
567,0,15.75,78,8.05031712110115,8.05179219165598,1
567,0,15.75,78,8.05179219165598,8.35000445837174,1
567,0,15.75,78,8.35000445837174,8.62419456221363,1
567,0,15.75,78,8.62419456221363,8.8917648297238,1
567,0,15.75,78,8.8917648297238,9.04636061593274,1
567,0,15.75,78,9.04636061593274,9.18614188952763,1
567,0,15.75,78,9.18614188952763,9.50161206246165,1
567,0,15.75,78,9.50161206246165,9.64254378416232,1
567,0,15.75,78,9.64254378416232,9.80536811438859,1
567,0,15.75,78,9.80536811438859,9.96963380982506,1
567,0,15.75,78,9.96963380982506,10.0807720640421,1
567,0,15.75,78,10.0807720640421,10.1298434329634,1
567,0,15.75,78,10.1298434329634,10.2901074058955,1
567,0,15.75,78,10.2901074058955,10.4457562973861,1
567,0,15.75,78,10.4457562973861,10.5956138363574,1
567,0,15.75,78,10.5956138363574,10.6204689143883,1
567,0,15.75,78,10.6204689143883,10.6421616548455,1
567,0,15.75,78,10.6421616548455,10.6883355062396,1
567,0,15.75,78,10.6883355062396,10.7390050529954,1
567,0,15.75,78,10.7390050529954,10.7575041429132,1
567,0,15.75,78,10.7575041429132,11.0171893996622,1
567,0,15.75,78,11.0171893996622,11.0322840744175,1
567,0,15.75,78,11.0322840744175,11.0787539090112,1
567,0,15.75,78,11.0787539090112,11.6316663087872,1
567,0,15.75,78,11.6316663087872,11.8429929426743,1
567,0,15.75,78,11.8429929426743,11.9015717493827,1
567,0,15.75,78,11.9015717493827,12.1757566269629,1
567,0,15.75,78,12.1757566269629,12.198404879675,1
567,0,15.75,78,12.198404879675,12.2326625607902,1
567,0,15.75,78,12.2326625607902,12.4699242697952,1
567,0,15.75,78,12.4699242697952,12.5232167158344,1
567,0,15.75,78,12.5232167158344,13.007669170277,1
567,0,15.75,78,13.007669170277,13.0476092755911,1
567,0,15.75,78,13.0476092755911,13.3383058190114,1
567,0,15.75,78,13.3383058190114,13.6680197865929,1
567,0,15.75,78,13.6680197865929,13.6840660247457,1
567,0,15.75,78,13.6840660247457,13.7854282585687,1
567,0,15.75,78,13.7854282585687,13.8650749020847,1
567,0,15.75,78,13.8650749020847,13.9132316629705,1
567,0,15.75,78,13.9132316629705,13.9271544980111,1
567,0,15.75,78,13.9271544980111,14.218371611367,1
567,0,15.75,78,14.218371611367,14.2757986116041,1
567,0,15.75,78,14.2757986116041,14.7744546579157,1
567,0,15.75,78,14.7744546579157,14.8500002564855,1
567,0,15.75,78,14.8500002564855,14.9322364810132,1
567,0,15.75,78,14.9322364810132,14.9758385925931,1
567,0,15.75,78,14.9758385925931,14.988021221223,1
567,0,15.75,78,14.988021221223,15.0282720675478,1
567,0,15.75,78,15.0282720675478,15.0745025811447,1
567,0,15.75,78,15.0745025811447,15.0915008612388,1
567,0,15.75,78,15.0915008612388,15.1398564997584,1
567,0,15.75,78,15.1398564997584,15.1589899603718,1
567,0,15.75,78,15.1589899603718,15.239866519884,1
567,0,15.75,78,15.239866519884,15.2861672713673,1
567,0,15.75,78,15.2861672713673,15.3176425971134,1
567,0,15.75,78,15.3176425971134,15.318099334365,1
567,0,15.75,78,15.318099334365,15.4245027542774,1
567,0,15.75,78,15.4245027542774,15.5066682565316,1
567,0,15.75,78,15.5066682565316,15.75,0
568,0,12.75,0,0,12.75,0
569,0,15.75,15,0,3.9827822168617,1
569,0,15.75,15,3.9827822168617,6.28398822401036,1
569,0,15.75,15,6.28398822401036,6.85548076013249,1
569,0,15.75,15,6.85548076013249,7.05741575766657,1
569,0,15.75,15,7.05741575766657,9.31458882963021,1
569,0,15.75,15,9.31458882963021,9.44598981950053,1
569,0,15.75,15,9.44598981950053,9.5325911237516,1
569,0,15.75,15,9.5325911237516,10.4467145097736,1
569,0,15.75,15,10.4467145097736,11.2664812754421,1
569,0,15.75,15,11.2664812754421,12.2114205984628,1
569,0,15.75,15,12.2114205984628,12.5797089876548,1
569,0,15.75,15,12.5797089876548,13.6924005149971,1
569,0,15.75,15,13.6924005149971,14.103674291704,1
569,0,15.75,15,14.103674291704,15.0330479048078,1
569,0,15.75,15,15.0330479048078,15.1821899510966,1
569,0,15.75,15,15.1821899510966,15.75,0
570,0,14.75,20,0,5.95054875526871,1
570,0,14.75,20,5.95054875526871,6.42351696826488,1
570,0,14.75,20,6.42351696826488,6.62648924524326,1
570,0,14.75,20,6.62648924524326,6.78296668386859,1
570,0,14.75,20,6.78296668386859,8.00763521779172,1
570,0,14.75,20,8.00763521779172,9.50715072731649,1
570,0,14.75,20,9.50715072731649,10.4781964909281,1
570,0,14.75,20,10.4781964909281,11.0497322430088,1
570,0,14.75,20,11.0497322430088,11.5285889232623,1
570,0,14.75,20,11.5285889232623,12.144401638829,1
570,0,14.75,20,12.144401638829,12.2109666627807,1
570,0,14.75,20,12.2109666627807,12.6842670162507,1
570,0,14.75,20,12.6842670162507,12.7176975219745,1
570,0,14.75,20,12.7176975219745,13.0624889977398,1
570,0,14.75,20,13.0624889977398,13.3588549425928,1
570,0,14.75,20,13.3588549425928,13.5740664084692,1
570,0,14.75,20,13.5740664084692,13.8084757545514,1
570,0,14.75,20,13.8084757545514,14.0122401359336,1
570,0,14.75,20,14.0122401359336,14.0628621464551,1
570,0,14.75,20,14.0628621464551,14.1428436860741,1
570,0,14.75,20,14.1428436860741,14.75,0
571,0,11.75,5,0,4.17531716187766,1
571,0,11.75,5,4.17531716187766,5.9740581423037,1
571,0,11.75,5,5.9740581423037,7.18600332315732,1
571,0,11.75,5,7.18600332315732,9.24281333218311,1
571,0,11.75,5,9.24281333218311,9.33766689517011,1
571,0,11.75,5,9.33766689517011,11.75,0
572,0,17.75,3,0,3.38711286715012,1
572,0,17.75,3,3.38711286715012,9.71611786262815,1
572,0,17.75,3,9.71611786262815,12.8096406926802,1
572,0,17.75,3,12.8096406926802,17.75,0
573,0,10.75,13,0,1.18958734139879,1
573,0,10.75,13,1.18958734139879,4.58830079456176,1
573,0,10.75,13,4.58830079456176,5.21312329922017,1
573,0,10.75,13,5.21312329922017,5.52808928135514,1
573,0,10.75,13,5.52808928135514,6.5713926810573,1
573,0,10.75,13,6.5713926810573,6.64795270328449,1
573,0,10.75,13,6.64795270328449,6.86163024927629,1
573,0,10.75,13,6.86163024927629,7.88744574502778,1
573,0,10.75,13,7.88744574502778,7.94925304661397,1
573,0,10.75,13,7.94925304661397,9.26602657672569,1
573,0,10.75,13,9.26602657672569,9.72648046405529,1
573,0,10.75,13,9.72648046405529,9.80934129224805,1
573,0,10.75,13,9.80934129224805,10.2922890218131,1
573,0,10.75,13,10.2922890218131,10.75,0
574,0,8.75,6,0,3.00986385430201,1
574,0,8.75,6,3.00986385430201,4.83600274592524,1
574,0,8.75,6,4.83600274592524,5.51705639174163,1
574,0,8.75,6,5.51705639174163,5.742205024504,1
574,0,8.75,6,5.742205024504,6.89598596494259,1
574,0,8.75,6,6.89598596494259,8.64068110712609,1
574,0,8.75,6,8.64068110712609,8.75,0
575,0,9.75,2,0,7.55661076484866,1
575,0,9.75,2,7.55661076484866,8.78543015525865,1
575,0,9.75,2,8.78543015525865,9.75,0
576,0,19.75,3,0,0.0688303924755177,1
576,0,19.75,3,0.0688303924755177,0.37799741680608,1
576,0,19.75,3,0.37799741680608,7.24501328255004,1
576,0,19.75,3,7.24501328255004,19.75,0
577,0,10.75,1,0,0.201392640223739,1
577,0,10.75,1,0.201392640223739,10.75,0
578,0,13.75,1,0,0.0209252011738269,1
578,0,13.75,1,0.0209252011738269,13.75,0
579,0,10.75,2,0,3.10355672749906,1
579,0,10.75,2,3.10355672749906,5.76023697755648,1
579,0,10.75,2,5.76023697755648,10.75,0
580,0,9.75,1,0,5.19655551402058,1
580,0,9.75,1,5.19655551402058,9.75,0
581,0,9.75,9,0,6.50396760562538,1
581,0,9.75,9,6.50396760562538,7.39330014457198,1
581,0,9.75,9,7.39330014457198,7.52176998720911,1
581,0,9.75,9,7.52176998720911,7.66467575662921,1
581,0,9.75,9,7.66467575662921,8.09550994696052,1
581,0,9.75,9,8.09550994696052,8.32792382605786,1
581,0,9.75,9,8.32792382605786,8.45730080814486,1
581,0,9.75,9,8.45730080814486,8.6493638944077,1
581,0,9.75,9,8.6493638944077,9.67790535752224,1
581,0,9.75,9,9.67790535752224,9.75,0
582,0,9.75,12,0,1.75625648729225,1
582,0,9.75,12,1.75625648729225,3.39498153265152,1
582,0,9.75,12,3.39498153265152,3.58639487169898,1
582,0,9.75,12,3.58639487169898,3.81989819065839,1
582,0,9.75,12,3.81989819065839,4.49347720066801,1
582,0,9.75,12,4.49347720066801,5.6113358216324,1
582,0,9.75,12,5.6113358216324,7.04474346032856,1
582,0,9.75,12,7.04474346032856,7.49332405949448,1
582,0,9.75,12,7.49332405949448,7.74730329019183,1
582,0,9.75,12,7.74730329019183,7.85853857657267,1
582,0,9.75,12,7.85853857657267,8.34383142980023,1
582,0,9.75,12,8.34383142980023,8.49885281129259,1
582,0,9.75,12,8.49885281129259,9.75,0
583,0,15.75,25,0,5.74438587001646,1
583,0,15.75,25,5.74438587001646,7.01520839366252,1
583,0,15.75,25,7.01520839366252,7.71321177008798,1
583,0,15.75,25,7.71321177008798,8.97837436727699,1
583,0,15.75,25,8.97837436727699,9.35001251950395,1
583,0,15.75,25,9.35001251950395,9.66510380104094,1
583,0,15.75,25,9.66510380104094,9.76324803388641,1
583,0,15.75,25,9.76324803388641,10.1217750718029,1
583,0,15.75,25,10.1217750718029,10.5066529234001,1
583,0,15.75,25,10.5066529234001,11.4158064390433,1
583,0,15.75,25,11.4158064390433,11.4220674783425,1
583,0,15.75,25,11.4220674783425,11.514056440053,1
583,0,15.75,25,11.514056440053,12.113362398055,1
583,0,15.75,25,12.113362398055,12.3752141852206,1
583,0,15.75,25,12.3752141852206,12.5978786210521,1
583,0,15.75,25,12.5978786210521,12.8577682164171,1
583,0,15.75,25,12.8577682164171,13.2056887036066,1
583,0,15.75,25,13.2056887036066,13.2710405838265,1
583,0,15.75,25,13.2710405838265,13.3215789977289,1
583,0,15.75,25,13.3215789977289,13.643602122417,1
583,0,15.75,25,13.643602122417,14.0652092063739,1
583,0,15.75,25,14.0652092063739,14.43434720768,1
583,0,15.75,25,14.43434720768,15.4224066421115,1
583,0,15.75,25,15.4224066421115,15.652321277349,1
583,0,15.75,25,15.652321277349,15.6532194608562,1
583,0,15.75,25,15.6532194608562,15.75,0
584,0,12.75,3,0,0.0167198183983737,1
584,0,12.75,3,0.0167198183983737,0.286312289456736,1
584,0,12.75,3,0.286312289456736,0.392786446317231,1
584,0,12.75,3,0.392786446317231,12.75,0
585,0,10.75,0,0,10.75,0
586,0,12.75,16,0,4.41258793731906,1
586,0,12.75,16,4.41258793731906,4.93654214608715,1
586,0,12.75,16,4.93654214608715,6.97261169832367,1
586,0,12.75,16,6.97261169832367,7.35888786670235,1
586,0,12.75,16,7.35888786670235,7.97870761024248,1
586,0,12.75,16,7.97870761024248,8.22893623029377,1
586,0,12.75,16,8.22893623029377,8.80413524886346,1
586,0,12.75,16,8.80413524886346,9.19634770828393,1
586,0,12.75,16,9.19634770828393,9.66526118840093,1
586,0,12.75,16,9.66526118840093,9.76506001649777,1
586,0,12.75,16,9.76506001649777,10.3293089744485,1
586,0,12.75,16,10.3293089744485,10.3666021137189,1
586,0,12.75,16,10.3666021137189,10.3870426166177,1
586,0,12.75,16,10.3870426166177,11.8070070079019,1
586,0,12.75,16,11.8070070079019,11.917408309791,1
586,0,12.75,16,11.917408309791,12.7071252448098,1
586,0,12.75,16,12.7071252448098,12.75,0
587,0,8.75,5,0,5.25220916812647,1
587,0,8.75,5,5.25220916812647,6.35613514425343,1
587,0,8.75,5,6.35613514425343,7.65537959298063,1
587,0,8.75,5,7.65537959298063,8.26893925821663,1
587,0,8.75,5,8.26893925821663,8.3602653530332,1
587,0,8.75,5,8.3602653530332,8.75,0
588,0,10.75,1,0,10.2225765869118,1
588,0,10.75,1,10.2225765869118,10.75,0
589,0,16.75,2,0,1.68577246343852,1
589,0,16.75,2,1.68577246343852,4.15133435943787,1
589,0,16.75,2,4.15133435943787,16.75,0
590,0,11.75,31,0,2.32411187156622,1
590,0,11.75,31,2.32411187156622,3.6544516075797,1
590,0,11.75,31,3.6544516075797,5.03468088160991,1
590,0,11.75,31,5.03468088160991,5.16996758387842,1
590,0,11.75,31,5.16996758387842,5.56739869932369,1
590,0,11.75,31,5.56739869932369,5.77089294747609,1
590,0,11.75,31,5.77089294747609,5.91250117788926,1
590,0,11.75,31,5.91250117788926,6.66000723148782,1
590,0,11.75,31,6.66000723148782,6.76090242930668,1
590,0,11.75,31,6.76090242930668,6.76953847723023,1
590,0,11.75,31,6.76953847723023,6.99006587279094,1
590,0,11.75,31,6.99006587279094,8.1606466463275,1
590,0,11.75,31,8.1606466463275,8.64016185234356,1
590,0,11.75,31,8.64016185234356,8.6690184269498,1
590,0,11.75,31,8.6690184269498,8.93897661013276,1
590,0,11.75,31,8.93897661013276,8.95794462211545,1
590,0,11.75,31,8.95794462211545,9.07037824653612,1
590,0,11.75,31,9.07037824653612,9.32616147653285,1
590,0,11.75,31,9.32616147653285,9.34197416418977,1
590,0,11.75,31,9.34197416418977,9.69485427805461,1
590,0,11.75,31,9.69485427805461,10.37088616381,1
590,0,11.75,31,10.37088616381,10.44544266071,1
590,0,11.75,31,10.44544266071,10.5629927431116,1
590,0,11.75,31,10.5629927431116,10.6897539970467,1
590,0,11.75,31,10.6897539970467,10.7676764965046,1
590,0,11.75,31,10.7676764965046,10.8052848325007,1
590,0,11.75,31,10.8052848325007,10.8456957126121,1
590,0,11.75,31,10.8456957126121,11.1029115316203,1
590,0,11.75,31,11.1029115316203,11.2131246767935,1
590,0,11.75,31,11.2131246767935,11.5984411491804,1
590,0,11.75,31,11.5984411491804,11.6199105111825,1
590,0,11.75,31,11.6199105111825,11.75,0
591,0,17.75,1,0,0.253754398845355,1
591,0,17.75,1,0.253754398845355,17.75,0
592,0,20.75,1,0,0.826623068245144,1
592,0,20.75,1,0.826623068245144,20.75,0
593,0,7.75,2,0,0.76741356382839,1
593,0,7.75,2,0.76741356382839,2.17706519279573,1
593,0,7.75,2,2.17706519279573,7.75,0
594,0,10.75,7,0,5.23917966160341,1
594,0,10.75,7,5.23917966160341,6.05829485559463,1
594,0,10.75,7,6.05829485559463,6.39056647287832,1
594,0,10.75,7,6.39056647287832,6.74088055348973,1
594,0,10.75,7,6.74088055348973,7.01409435642255,1
594,0,10.75,7,7.01409435642255,8.21820631711302,1
594,0,10.75,7,8.21820631711302,9.80228342042992,1
594,0,10.75,7,9.80228342042992,10.75,0
595,0,16.75,0,0,16.75,0
596,0,14.75,1,0,5.37896342653003,1
596,0,14.75,1,5.37896342653003,14.75,0
597,0,13.75,12,0,4.95257126354398,1
597,0,13.75,12,4.95257126354398,6.72903675750791,1
597,0,13.75,12,6.72903675750791,7.74220399188039,1
597,0,13.75,12,7.74220399188039,7.79507894211662,1
597,0,13.75,12,7.79507894211662,8.63317974111363,1
597,0,13.75,12,8.63317974111363,10.6970448769834,1
597,0,13.75,12,10.6970448769834,10.8455583036501,1
597,0,13.75,12,10.8455583036501,11.2147364403891,1
597,0,13.75,12,11.2147364403891,11.7581602084797,1
597,0,13.75,12,11.7581602084797,11.9773437164982,1
597,0,13.75,12,11.9773437164982,12.2684357901558,1
597,0,13.75,12,12.2684357901558,12.5107173514989,1
597,0,13.75,12,12.5107173514989,13.75,0
598,0,17.75,6,0,0.019231071616312,1
598,0,17.75,6,0.019231071616312,0.271198330321766,1
598,0,17.75,6,0.271198330321766,0.946049495089306,1
598,0,17.75,6,0.946049495089306,2.45023727196473,1
598,0,17.75,6,2.45023727196473,7.59454859503245,1
598,0,17.75,6,7.59454859503245,15.2216583004028,1
598,0,17.75,6,15.2216583004028,17.75,0
599,0,13.75,1,0,2.51332028733627,1
599,0,13.75,1,2.51332028733627,13.75,0
600,0,15.75,39,0,2.72001701432473,1
600,0,15.75,39,2.72001701432473,3.59514498738243,1
600,0,15.75,39,3.59514498738243,4.258835705377,1
600,0,15.75,39,4.258835705377,7.67226222684313,1
600,0,15.75,39,7.67226222684313,7.96801964174192,1
600,0,15.75,39,7.96801964174192,8.16619855584806,1
600,0,15.75,39,8.16619855584806,8.22232505869178,1
600,0,15.75,39,8.22232505869178,8.82400483300234,1
600,0,15.75,39,8.82400483300234,9.03092758036345,1
600,0,15.75,39,9.03092758036345,9.16944219173518,1
600,0,15.75,39,9.16944219173518,9.38469448396913,1
600,0,15.75,39,9.38469448396913,9.6677633227538,1
600,0,15.75,39,9.6677633227538,9.73766213443678,1
600,0,15.75,39,9.73766213443678,9.792791109833,1
600,0,15.75,39,9.792791109833,9.94047838489091,1
600,0,15.75,39,9.94047838489091,10.4480874458175,1
600,0,15.75,39,10.4480874458175,11.0984403693253,1
600,0,15.75,39,11.0984403693253,11.4100525508065,1
600,0,15.75,39,11.4100525508065,11.5947730992057,1
600,0,15.75,39,11.5947730992057,12.2509414559439,1
600,0,15.75,39,12.2509414559439,12.4753691527382,1
600,0,15.75,39,12.4753691527382,12.5234015877294,1
600,0,15.75,39,12.5234015877294,12.5962854669112,1
600,0,15.75,39,12.5962854669112,12.6344389577881,1
600,0,15.75,39,12.6344389577881,12.7595345647273,1
600,0,15.75,39,12.7595345647273,13.0131354210434,1
600,0,15.75,39,13.0131354210434,13.126693752799,1
600,0,15.75,39,13.126693752799,13.3322674078645,1
600,0,15.75,39,13.3322674078645,13.985849470019,1
600,0,15.75,39,13.985849470019,14.0222712919124,1
600,0,15.75,39,14.0222712919124,14.28938574197,1
600,0,15.75,39,14.28938574197,14.5632741151933,1
600,0,15.75,39,14.5632741151933,14.7409148717344,1
600,0,15.75,39,14.7409148717344,14.8012602443897,1
600,0,15.75,39,14.8012602443897,14.9613504987766,1
600,0,15.75,39,14.9613504987766,15.0956021273749,1
600,0,15.75,39,15.0956021273749,15.134464769684,1
600,0,15.75,39,15.134464769684,15.5273528178792,1
600,0,15.75,39,15.5273528178792,15.604725633959,1
600,0,15.75,39,15.604725633959,15.75,0
