"id","xi","Tei","n.rec","start","stop","status"
1,1,17.75,2,0,0.901694236593326,1
1,1,17.75,2,0.901694236593326,15.9945102399572,1
1,1,17.75,2,15.9945102399572,17.75,0
2,1,11.75,0,0,11.75,0
3,1,11.75,21,0,5.25372239182846,1
3,1,11.75,21,5.25372239182846,5.76492305105359,1
3,1,11.75,21,5.76492305105359,6.59450496117231,1
3,1,11.75,21,6.59450496117231,7.63056450813051,1
3,1,11.75,21,7.63056450813051,7.68199638995122,1
3,1,11.75,21,7.68199638995122,7.97965404119659,1
3,1,11.75,21,7.97965404119659,8.94345768661217,1
3,1,11.75,21,8.94345768661217,8.95502178094222,1
3,1,11.75,21,8.95502178094222,9.23188281825143,1
3,1,11.75,21,9.23188281825143,10.1038198688572,1
3,1,11.75,21,10.1038198688572,10.1760126592722,1
3,1,11.75,21,10.1760126592722,10.3119179804327,1
3,1,11.75,21,10.3119179804327,10.3723485392651,1
3,1,11.75,21,10.3723485392651,10.693712210084,1
3,1,11.75,21,10.693712210084,10.7265655436204,1
3,1,11.75,21,10.7265655436204,11.2382772623394,1
3,1,11.75,21,11.2382772623394,11.2403694397187,1
3,1,11.75,21,11.2403694397187,11.3252036264522,1
3,1,11.75,21,11.3252036264522,11.3650569549559,1
3,1,11.75,21,11.3650569549559,11.610459042593,1
3,1,11.75,21,11.610459042593,11.6690545712804,1
3,1,11.75,21,11.6690545712804,11.75,0
4,1,17.75,0,0,17.75,0
5,1,9.75,3,0,0.0653092547072936,1
5,1,9.75,3,0.0653092547072936,1.24894617238642,1
5,1,9.75,3,1.24894617238642,1.25482469988018,1
5,1,9.75,3,1.25482469988018,9.75,0
6,1,17.75,3,0,0.0524522982645567,1
6,1,17.75,3,0.0524522982645567,4.85281405936696,1
6,1,17.75,3,4.85281405936696,8.64196834937374,1
6,1,17.75,3,8.64196834937374,17.75,0
7,1,17.75,53,0,0.773083442155234,1
7,1,17.75,53,0.773083442155234,1.00377349631569,1
7,1,17.75,53,1.00377349631569,6.36585111562364,1
7,1,17.75,53,6.36585111562364,6.82703539655968,1
7,1,17.75,53,6.82703539655968,7.30211348532346,1
7,1,17.75,53,7.30211348532346,7.37993477654379,1
7,1,17.75,53,7.37993477654379,7.44456421055223,1
7,1,17.75,53,7.44456421055223,7.58219660813213,1
7,1,17.75,53,7.58219660813213,8.00505949054678,1
7,1,17.75,53,8.00505949054678,8.6532991350167,1
7,1,17.75,53,8.6532991350167,9.55339551047779,1
7,1,17.75,53,9.55339551047779,10.1371721113341,1
7,1,17.75,53,10.1371721113341,10.5079410085852,1
7,1,17.75,53,10.5079410085852,10.5797861321005,1
7,1,17.75,53,10.5797861321005,10.7108769252835,1
7,1,17.75,53,10.7108769252835,10.8053623350421,1
7,1,17.75,53,10.8053623350421,11.1918540837137,1
7,1,17.75,53,11.1918540837137,11.4492046098317,1
7,1,17.75,53,11.4492046098317,11.8722720287073,1
7,1,17.75,53,11.8722720287073,11.8902109177143,1
7,1,17.75,53,11.8902109177143,12.0077969174598,1
7,1,17.75,53,12.0077969174598,12.0879848598335,1
7,1,17.75,53,12.0879848598335,12.2408647205682,1
7,1,17.75,53,12.2408647205682,12.2731212607736,1
7,1,17.75,53,12.2731212607736,12.5406811636394,1
7,1,17.75,53,12.5406811636394,13.0512306480327,1
7,1,17.75,53,13.0512306480327,13.0789595965888,1
7,1,17.75,53,13.0789595965888,13.2774857377195,1
7,1,17.75,53,13.2774857377195,13.3209753041487,1
7,1,17.75,53,13.3209753041487,13.4029378969199,1
7,1,17.75,53,13.4029378969199,13.7471858034801,1
7,1,17.75,53,13.7471858034801,13.828131891289,1
7,1,17.75,53,13.828131891289,14.0509801937039,1
7,1,17.75,53,14.0509801937039,14.7437886081534,1
7,1,17.75,53,14.7437886081534,14.7549585445074,1
7,1,17.75,53,14.7549585445074,15.2029070409425,1
7,1,17.75,53,15.2029070409425,15.5062487144213,1
7,1,17.75,53,15.5062487144213,15.5194233068401,1
7,1,17.75,53,15.5194233068401,15.8481251149449,1
7,1,17.75,53,15.8481251149449,15.9016382578385,1
7,1,17.75,53,15.9016382578385,16.0494883436949,1
7,1,17.75,53,16.0494883436949,16.3707808699718,1
7,1,17.75,53,16.3707808699718,16.4107301887716,1
7,1,17.75,53,16.4107301887716,16.4352526839519,1
7,1,17.75,53,16.4352526839519,16.4856400625166,1
7,1,17.75,53,16.4856400625166,16.4947221307701,1
7,1,17.75,53,16.4947221307701,16.8680495349258,1
7,1,17.75,53,16.8680495349258,17.1442298341496,1
7,1,17.75,53,17.1442298341496,17.2363618756337,1
7,1,17.75,53,17.2363618756337,17.2839910520196,1
7,1,17.75,53,17.2839910520196,17.4667650026764,1
7,1,17.75,53,17.4667650026764,17.6340417198077,1
7,1,17.75,53,17.6340417198077,17.6372119239878,1
7,1,17.75,53,17.6372119239878,17.75,0
8,1,18.75,49,0,2.80434715843151,1
8,1,18.75,49,2.80434715843151,4.76729060541565,1
8,1,18.75,49,4.76729060541565,5.59973197601311,1
8,1,18.75,49,5.59973197601311,5.74135925800084,1
8,1,18.75,49,5.74135925800084,6.97307854408315,1
8,1,18.75,49,6.97307854408315,7.09777577614676,1
8,1,18.75,49,7.09777577614676,9.2937981195954,1
8,1,18.75,49,9.2937981195954,9.52322953711362,1
8,1,18.75,49,9.52322953711362,10.5962873138359,1
8,1,18.75,49,10.5962873138359,10.986812709635,1
8,1,18.75,49,10.986812709635,11.1589932078464,1
8,1,18.75,49,11.1589932078464,11.2607879090805,1
8,1,18.75,49,11.2607879090805,11.9966313060907,1
8,1,18.75,49,11.9966313060907,12.0789901269856,1
8,1,18.75,49,12.0789901269856,12.5738128976812,1
8,1,18.75,49,12.5738128976812,12.7172532671751,1
8,1,18.75,49,12.7172532671751,13.819830762371,1
8,1,18.75,49,13.819830762371,13.9129157790171,1
8,1,18.75,49,13.9129157790171,13.9523363919958,1
8,1,18.75,49,13.9523363919958,14.4515110700151,1
8,1,18.75,49,14.4515110700151,14.5920202509012,1
8,1,18.75,49,14.5920202509012,14.8169483481933,1
8,1,18.75,49,14.8169483481933,14.8953976988133,1
8,1,18.75,49,14.8953976988133,14.9374390029635,1
8,1,18.75,49,14.9374390029635,15.1533997453567,1
8,1,18.75,49,15.1533997453567,15.1686634453701,1
8,1,18.75,49,15.1686634453701,15.4211533268282,1
8,1,18.75,49,15.4211533268282,15.6219974149078,1
8,1,18.75,49,15.6219974149078,15.8574357110978,1
8,1,18.75,49,15.8574357110978,15.9646299425605,1
8,1,18.75,49,15.9646299425605,16.154344599238,1
8,1,18.75,49,16.154344599238,16.2439338968061,1
8,1,18.75,49,16.2439338968061,16.2461396268968,1
8,1,18.75,49,16.2461396268968,16.3185352113432,1
8,1,18.75,49,16.3185352113432,16.3902876308711,1
8,1,18.75,49,16.3902876308711,16.6279685302594,1
8,1,18.75,49,16.6279685302594,17.0001329836251,1
8,1,18.75,49,17.0001329836251,17.2503857763996,1
8,1,18.75,49,17.2503857763996,17.340452242119,1
8,1,18.75,49,17.340452242119,17.4273108503627,1
8,1,18.75,49,17.4273108503627,17.4290130664544,1
8,1,18.75,49,17.4290130664544,17.6371449507469,1
8,1,18.75,49,17.6371449507469,17.7333399514041,1
8,1,18.75,49,17.7333399514041,17.751032082362,1
8,1,18.75,49,17.751032082362,17.7628458013158,1
8,1,18.75,49,17.7628458013158,17.9244665971462,1
8,1,18.75,49,17.9244665971462,18.2730975439859,1
8,1,18.75,49,18.2730975439859,18.2810615330003,1
8,1,18.75,49,18.2810615330003,18.3876665740141,1
8,1,18.75,49,18.3876665740141,18.75,0
9,1,15.75,36,0,4.96931115800443,1
9,1,15.75,36,4.96931115800443,6.51949901340204,1
9,1,15.75,36,6.51949901340204,7.6586214386467,1
9,1,15.75,36,7.6586214386467,8.75033346624154,1
9,1,15.75,36,8.75033346624154,9.0907982507982,1
9,1,15.75,36,9.0907982507982,9.17677464132549,1
9,1,15.75,36,9.17677464132549,9.53121399967404,1
9,1,15.75,36,9.53121399967404,9.71664673875896,1
9,1,15.75,36,9.71664673875896,10.034870616773,1
9,1,15.75,36,10.034870616773,10.2504485458697,1
9,1,15.75,36,10.2504485458697,11.0440164374841,1
9,1,15.75,36,11.0440164374841,11.0562132359436,1
9,1,15.75,36,11.0562132359436,11.2618905427697,1
9,1,15.75,36,11.2618905427697,11.3057142023319,1
9,1,15.75,36,11.3057142023319,11.3095818332988,1
9,1,15.75,36,11.3095818332988,11.9337035615053,1
9,1,15.75,36,11.9337035615053,11.9799094239344,1
9,1,15.75,36,11.9799094239344,12.372804181572,1
9,1,15.75,36,12.372804181572,12.9327253012485,1
9,1,15.75,36,12.9327253012485,13.0316519421489,1
9,1,15.75,36,13.0316519421489,13.2486956675458,1
9,1,15.75,36,13.2486956675458,13.3561806695805,1
9,1,15.75,36,13.3561806695805,13.5373637464895,1
9,1,15.75,36,13.5373637464895,13.7605371267333,1
9,1,15.75,36,13.7605371267333,13.7751859873107,1
9,1,15.75,36,13.7751859873107,13.9709998665005,1
9,1,15.75,36,13.9709998665005,14.3489815762659,1
9,1,15.75,36,14.3489815762659,14.4603143711021,1
9,1,15.75,36,14.4603143711021,14.4823066588897,1
9,1,15.75,36,14.4823066588897,14.4840088118081,1
9,1,15.75,36,14.4840088118081,14.5246913697608,1
9,1,15.75,36,14.5246913697608,14.87567540938,1
9,1,15.75,36,14.87567540938,14.9577672741382,1
9,1,15.75,36,14.9577672741382,15.2337404087413,1
9,1,15.75,36,15.2337404087413,15.5462646980928,1
9,1,15.75,36,15.5462646980928,15.6067177273891,1
9,1,15.75,36,15.6067177273891,15.75,0
10,1,13.75,23,0,6.75897220103741,1
10,1,13.75,23,6.75897220103741,7.34380129202048,1
10,1,13.75,23,7.34380129202048,7.81601888201224,1
10,1,13.75,23,7.81601888201224,7.89994521707518,1
10,1,13.75,23,7.89994521707518,8.79790834478386,1
10,1,13.75,23,8.79790834478386,8.91176132497168,1
10,1,13.75,23,8.91176132497168,9.48292455301541,1
10,1,13.75,23,9.48292455301541,9.72285899289816,1
10,1,13.75,23,9.72285899289816,10.0091936828214,1
10,1,13.75,23,10.0091936828214,10.0802382521708,1
10,1,13.75,23,10.0802382521708,10.2070727173379,1
10,1,13.75,23,10.2070727173379,10.4562491378353,1
10,1,13.75,23,10.4562491378353,11.4343836144229,1
10,1,13.75,23,11.4343836144229,11.8762269930139,1
10,1,13.75,23,11.8762269930139,11.8858185014464,1
10,1,13.75,23,11.8858185014464,12.5636447503783,1
10,1,13.75,23,12.5636447503783,12.7743093346174,1
10,1,13.75,23,12.7743093346174,12.9966351120163,1
10,1,13.75,23,12.9966351120163,13.0684241793774,1
10,1,13.75,23,13.0684241793774,13.1110624613984,1
10,1,13.75,23,13.1110624613984,13.1801781102276,1
10,1,13.75,23,13.1801781102276,13.2664364114528,1
10,1,13.75,23,13.2664364114528,13.3466848495707,1
10,1,13.75,23,13.3466848495707,13.75,0
11,1,12.75,17,0,2.65528135500703,1
11,1,12.75,17,2.65528135500703,4.52154268861655,1
11,1,12.75,17,4.52154268861655,6.61513077795358,1
11,1,12.75,17,6.61513077795358,6.76962197739811,1
11,1,12.75,17,6.76962197739811,7.50942641712054,1
11,1,12.75,17,7.50942641712054,7.74344971615336,1
11,1,12.75,17,7.74344971615336,7.79004425736984,1
11,1,12.75,17,7.79004425736984,7.79360594902259,1
11,1,12.75,17,7.79360594902259,8.10214357066484,1
11,1,12.75,17,8.10214357066484,9.08189042083469,1
11,1,12.75,17,9.08189042083469,9.92559895948151,1
11,1,12.75,17,9.92559895948151,10.0039132726765,1
11,1,12.75,17,10.0039132726765,11.5843178449762,1
11,1,12.75,17,11.5843178449762,11.7474396889503,1
11,1,12.75,17,11.7474396889503,11.8228330402382,1
11,1,12.75,17,11.8228330402382,12.2310684515284,1
11,1,12.75,17,12.2310684515284,12.5035308680495,1
11,1,12.75,17,12.5035308680495,12.75,0
12,1,20.75,6,0,1.3520809780797,1
12,1,20.75,6,1.3520809780797,2.72509579409208,1
12,1,20.75,6,2.72509579409208,10.923744041061,1
12,1,20.75,6,10.923744041061,11.8921491626354,1
12,1,20.75,6,11.8921491626354,12.4084624180911,1
12,1,20.75,6,12.4084624180911,13.1868240581113,1
12,1,20.75,6,13.1868240581113,20.75,0
13,1,10.75,1,0,5.90904856077426,1
13,1,10.75,1,5.90904856077426,10.75,0
14,1,18.75,73,0,1.7907239591579,1
14,1,18.75,73,1.7907239591579,3.9863849489543,1
14,1,18.75,73,3.9863849489543,5.65896606347701,1
14,1,18.75,73,5.65896606347701,5.77121121701009,1
14,1,18.75,73,5.77121121701009,5.82598750922904,1
14,1,18.75,73,5.82598750922904,6.65433251525688,1
14,1,18.75,73,6.65433251525688,7.86528877094836,1
14,1,18.75,73,7.86528877094836,8.1527254394782,1
14,1,18.75,73,8.1527254394782,8.35335876436743,1
14,1,18.75,73,8.35335876436743,8.36759466654613,1
14,1,18.75,73,8.36759466654613,8.52796232484257,1
14,1,18.75,73,8.52796232484257,9.49502156150197,1
14,1,18.75,73,9.49502156150197,10.1422100813013,1
14,1,18.75,73,10.1422100813013,10.196863837397,1
14,1,18.75,73,10.196863837397,10.2055453969069,1
14,1,18.75,73,10.2055453969069,10.4707678484306,1
14,1,18.75,73,10.4707678484306,10.506759916519,1
14,1,18.75,73,10.506759916519,10.5115602263806,1
14,1,18.75,73,10.5115602263806,10.9080996135712,1
14,1,18.75,73,10.9080996135712,10.9997919501374,1
14,1,18.75,73,10.9997919501374,11.0679646559248,1
14,1,18.75,73,11.0679646559248,11.3899131141428,1
14,1,18.75,73,11.3899131141428,11.5066219438535,1
14,1,18.75,73,11.5066219438535,11.5880437399026,1
14,1,18.75,73,11.5880437399026,11.5911757941073,1
14,1,18.75,73,11.5911757941073,12.0253812970938,1
14,1,18.75,73,12.0253812970938,12.2586928129541,1
14,1,18.75,73,12.2586928129541,12.4884749401927,1
14,1,18.75,73,12.4884749401927,12.610178076485,1
14,1,18.75,73,12.610178076485,12.6320085732072,1
14,1,18.75,73,12.6320085732072,12.656282872521,1
14,1,18.75,73,12.656282872521,13.0451393764103,1
14,1,18.75,73,13.0451393764103,13.4333894132595,1
14,1,18.75,73,13.4333894132595,13.4902104199274,1
14,1,18.75,73,13.4902104199274,13.5015927449597,1
14,1,18.75,73,13.5015927449597,13.5980884255993,1
14,1,18.75,73,13.5980884255993,13.6622523295958,1
14,1,18.75,73,13.6622523295958,13.742429371859,1
14,1,18.75,73,13.742429371859,13.7895840513048,1
14,1,18.75,73,13.7895840513048,13.7951354266431,1
14,1,18.75,73,13.7951354266431,14.0803283242531,1
14,1,18.75,73,14.0803283242531,14.337465591285,1
14,1,18.75,73,14.337465591285,14.4937055733503,1
14,1,18.75,73,14.4937055733503,14.5028342468602,1
14,1,18.75,73,14.5028342468602,14.5459764276523,1
14,1,18.75,73,14.5459764276523,14.6294960865466,1
14,1,18.75,73,14.6294960865466,14.699841443622,1
14,1,18.75,73,14.699841443622,14.7084724311649,1
14,1,18.75,73,14.7084724311649,14.8727659699849,1
14,1,18.75,73,14.8727659699849,15.1791274372444,1
14,1,18.75,73,15.1791274372444,15.2958587952348,1
14,1,18.75,73,15.2958587952348,15.467283464574,1
14,1,18.75,73,15.467283464574,15.4730657931294,1
14,1,18.75,73,15.4730657931294,15.6630828762974,1
14,1,18.75,73,15.6630828762974,15.756349598464,1
14,1,18.75,73,15.756349598464,16.0700777331104,1
14,1,18.75,73,16.0700777331104,16.1376236980801,1
14,1,18.75,73,16.1376236980801,16.222832223293,1
14,1,18.75,73,16.222832223293,16.5701423473325,1
14,1,18.75,73,16.5701423473325,16.6261826278811,1
14,1,18.75,73,16.6261826278811,16.8134014391909,1
14,1,18.75,73,16.8134014391909,17.1756007597452,1
14,1,18.75,73,17.1756007597452,17.2399517113847,1
14,1,18.75,73,17.2399517113847,17.6586043577546,1
14,1,18.75,73,17.6586043577546,17.752411914418,1
14,1,18.75,73,17.752411914418,17.8913470199742,1
14,1,18.75,73,17.8913470199742,17.9426484501635,1
14,1,18.75,73,17.9426484501635,18.0445491900809,1
14,1,18.75,73,18.0445491900809,18.2394504318352,1
14,1,18.75,73,18.2394504318352,18.3167827542771,1
14,1,18.75,73,18.3167827542771,18.3660487421087,1
14,1,18.75,73,18.3660487421087,18.476235125754,1
14,1,18.75,73,18.476235125754,18.4870646952994,1
14,1,18.75,73,18.4870646952994,18.75,0
15,1,15.75,2,0,0.158389437489773,1
15,1,15.75,2,0.158389437489773,4.32688606053071,1
15,1,15.75,2,4.32688606053071,15.75,0
16,1,10.75,12,0,6.04844469071587,1
16,1,10.75,12,6.04844469071587,6.50902726912788,1
16,1,10.75,12,6.50902726912788,7.2140060177524,1
16,1,10.75,12,7.2140060177524,7.40324531491625,1
16,1,10.75,12,7.40324531491625,7.46501313437043,1
16,1,10.75,12,7.46501313437043,9.02580473739091,1
16,1,10.75,12,9.02580473739091,9.24052040477032,1
16,1,10.75,12,9.24052040477032,9.25852186495414,1
16,1,10.75,12,9.25852186495414,10.0385251305509,1
16,1,10.75,12,10.0385251305509,10.1347641994071,1
16,1,10.75,12,10.1347641994071,10.3696040432654,1
16,1,10.75,12,10.3696040432654,10.6611957931499,1
16,1,10.75,12,10.6611957931499,10.75,0
17,1,20.75,49,0,0.819192893342425,1
17,1,20.75,49,0.819192893342425,2.59197098174525,1
17,1,20.75,49,2.59197098174525,7.49202916911758,1
17,1,20.75,49,7.49202916911758,7.6350244787208,1
17,1,20.75,49,7.6350244787208,7.80892808188789,1
17,1,20.75,49,7.80892808188789,8.05490173170352,1
17,1,20.75,49,8.05490173170352,8.27046467344993,1
17,1,20.75,49,8.27046467344993,9.14269408340036,1
17,1,20.75,49,9.14269408340036,9.5994181988744,1
17,1,20.75,49,9.5994181988744,9.60662381213012,1
17,1,20.75,49,9.60662381213012,10.204962006951,1
17,1,20.75,49,10.204962006951,10.4326606075854,1
17,1,20.75,49,10.4326606075854,10.6222318063912,1
17,1,20.75,49,10.6222318063912,10.7039303217876,1
17,1,20.75,49,10.7039303217876,10.9034440192694,1
17,1,20.75,49,10.9034440192694,10.9044893402294,1
17,1,20.75,49,10.9044893402294,11.1224693373936,1
17,1,20.75,49,11.1224693373936,11.2852936189928,1
17,1,20.75,49,11.2852936189928,11.6489430113443,1
17,1,20.75,49,11.6489430113443,12.4430507165617,1
17,1,20.75,49,12.4430507165617,13.1299862503282,1
17,1,20.75,49,13.1299862503282,13.2668873469825,1
17,1,20.75,49,13.2668873469825,13.6731883286911,1
17,1,20.75,49,13.6731883286911,13.8997824451758,1
17,1,20.75,49,13.8997824451758,14.2722106044127,1
17,1,20.75,49,14.2722106044127,14.8672231222207,1
17,1,20.75,49,14.8672231222207,15.4221412331806,1
17,1,20.75,49,15.4221412331806,15.4388104992095,1
17,1,20.75,49,15.4388104992095,16.0742135542124,1
17,1,20.75,49,16.0742135542124,16.1683985497664,1
17,1,20.75,49,16.1683985497664,16.4724059744981,1
17,1,20.75,49,16.4724059744981,16.4920457816299,1
17,1,20.75,49,16.4920457816299,16.9894126173241,1
17,1,20.75,49,16.9894126173241,17.6834976859358,1
17,1,20.75,49,17.6834976859358,18.0448291024176,1
17,1,20.75,49,18.0448291024176,18.0605457149014,1
17,1,20.75,49,18.0605457149014,18.2377706069965,1
17,1,20.75,49,18.2377706069965,18.8306054642637,1
17,1,20.75,49,18.8306054642637,18.875977010328,1
17,1,20.75,49,18.875977010328,18.9863792880066,1
17,1,20.75,49,18.9863792880066,19.209172571159,1
17,1,20.75,49,19.209172571159,19.3351127286735,1
17,1,20.75,49,19.3351127286735,19.5524801249426,1
17,1,20.75,49,19.5524801249426,19.778201879599,1
17,1,20.75,49,19.778201879599,19.8623045896816,1
17,1,20.75,49,19.8623045896816,19.8905381064876,1
17,1,20.75,49,19.8905381064876,19.9017011376465,1
17,1,20.75,49,19.9017011376465,20.4318430585722,1
17,1,20.75,49,20.4318430585722,20.5132600167687,1
17,1,20.75,49,20.5132600167687,20.75,0
18,1,15.75,0,0,15.75,0
19,1,11.75,1,0,1.3699438887299,1
19,1,11.75,1,1.3699438887299,11.75,0
20,1,13.75,2,0,0.000144573691619279,1
20,1,13.75,2,0.000144573691619279,7.73013851994085,1
20,1,13.75,2,7.73013851994085,13.75,0
21,1,14.75,38,0,0.768455367699748,1
21,1,14.75,38,0.768455367699748,5.16393586673967,1
21,1,14.75,38,5.16393586673967,5.54221052320458,1
21,1,14.75,38,5.54221052320458,6.21339882554552,1
21,1,14.75,38,6.21339882554552,6.9928500838407,1
21,1,14.75,38,6.9928500838407,7.3046637266015,1
21,1,14.75,38,7.3046637266015,7.61401730883969,1
21,1,14.75,38,7.61401730883969,8.07374621580425,1
21,1,14.75,38,8.07374621580425,8.41614182212796,1
21,1,14.75,38,8.41614182212796,8.84329604543966,1
21,1,14.75,38,8.84329604543966,8.97711069045321,1
21,1,14.75,38,8.97711069045321,9.23675135859508,1
21,1,14.75,38,9.23675135859508,9.43287817352508,1
21,1,14.75,38,9.43287817352508,9.71207816851295,1
21,1,14.75,38,9.71207816851295,9.99957678971012,1
21,1,14.75,38,9.99957678971012,10.4505297186893,1
21,1,14.75,38,10.4505297186893,10.4586808341025,1
21,1,14.75,38,10.4586808341025,11.3422240325253,1
21,1,14.75,38,11.3422240325253,11.445840148974,1
21,1,14.75,38,11.445840148974,11.488367218351,1
21,1,14.75,38,11.488367218351,11.6431953307763,1
21,1,14.75,38,11.6431953307763,11.7717611491757,1
21,1,14.75,38,11.7717611491757,11.8241752364308,1
21,1,14.75,38,11.8241752364308,11.9895641303606,1
21,1,14.75,38,11.9895641303606,12.0614026682126,1
21,1,14.75,38,12.0614026682126,12.0779765792759,1
21,1,14.75,38,12.0779765792759,12.5830710628202,1
21,1,14.75,38,12.5830710628202,13.7038900712477,1
21,1,14.75,38,13.7038900712477,13.88734599518,1
21,1,14.75,38,13.88734599518,13.9491236871393,1
21,1,14.75,38,13.9491236871393,14.0513973452542,1
21,1,14.75,38,14.0513973452542,14.0765143370614,1
21,1,14.75,38,14.0765143370614,14.0913895646459,1
21,1,14.75,38,14.0913895646459,14.2797591818094,1
21,1,14.75,38,14.2797591818094,14.4231142390788,1
21,1,14.75,38,14.4231142390788,14.5247636374388,1
21,1,14.75,38,14.5247636374388,14.5675743101455,1
21,1,14.75,38,14.5675743101455,14.6632665095501,1
21,1,14.75,38,14.6632665095501,14.75,0
22,1,14.75,24,0,2.05249658923966,1
22,1,14.75,24,2.05249658923966,2.05929282213003,1
22,1,14.75,24,2.05929282213003,3.29566831928803,1
22,1,14.75,24,3.29566831928803,3.48169672424552,1
22,1,14.75,24,3.48169672424552,5.29653909053302,1
22,1,14.75,24,5.29653909053302,6.56129418292927,1
22,1,14.75,24,6.56129418292927,7.32993964826613,1
22,1,14.75,24,7.32993964826613,7.49472893488453,1
22,1,14.75,24,7.49472893488453,9.11202326968664,1
22,1,14.75,24,9.11202326968664,9.37734198336888,1
22,1,14.75,24,9.37734198336888,10.9131599079512,1
22,1,14.75,24,10.9131599079512,11.2609840849785,1
22,1,14.75,24,11.2609840849785,11.4784328655004,1
22,1,14.75,24,11.4784328655004,11.9912111607534,1
22,1,14.75,24,11.9912111607534,12.0768919126058,1
22,1,14.75,24,12.0768919126058,12.4001153716572,1
22,1,14.75,24,12.4001153716572,12.623679206654,1
22,1,14.75,24,12.623679206654,12.9227587292014,1
22,1,14.75,24,12.9227587292014,12.9748481182877,1
22,1,14.75,24,12.9748481182877,13.2650334741888,1
22,1,14.75,24,13.2650334741888,13.4628190704666,1
22,1,14.75,24,13.4628190704666,13.6361662016247,1
22,1,14.75,24,13.6361662016247,13.7595712174013,1
22,1,14.75,24,13.7595712174013,14.5965597856125,1
22,1,14.75,24,14.5965597856125,14.75,0
23,1,14.75,3,0,2.72926761427687,1
23,1,14.75,3,2.72926761427687,8.8399765897671,1
23,1,14.75,3,8.8399765897671,13.4556235566995,1
23,1,14.75,3,13.4556235566995,14.75,0
24,1,15.75,36,0,2.73761000672275,1
24,1,15.75,36,2.73761000672275,2.88404377167631,1
24,1,15.75,36,2.88404377167631,4.10941563344664,1
24,1,15.75,36,4.10941563344664,5.02585756692907,1
24,1,15.75,36,5.02585756692907,5.92362841747455,1
24,1,15.75,36,5.92362841747455,6.03965611764021,1
24,1,15.75,36,6.03965611764021,7.43385357043625,1
24,1,15.75,36,7.43385357043625,8.30516799747676,1
24,1,15.75,36,8.30516799747676,8.4401229469723,1
24,1,15.75,36,8.4401229469723,10.4883603648275,1
24,1,15.75,36,10.4883603648275,10.5932870370403,1
24,1,15.75,36,10.5932870370403,10.8670412649509,1
24,1,15.75,36,10.8670412649509,11.4550346104699,1
24,1,15.75,36,11.4550346104699,11.6344083608832,1
24,1,15.75,36,11.6344083608832,11.8318279471948,1
24,1,15.75,36,11.8318279471948,11.8946013987425,1
24,1,15.75,36,11.8946013987425,12.1751071071556,1
24,1,15.75,36,12.1751071071556,12.5486906896121,1
24,1,15.75,36,12.5486906896121,12.5801636620614,1
24,1,15.75,36,12.5801636620614,12.6275113592854,1
24,1,15.75,36,12.6275113592854,12.6534985632489,1
24,1,15.75,36,12.6534985632489,12.7137857806735,1
24,1,15.75,36,12.7137857806735,13.2308684582636,1
24,1,15.75,36,13.2308684582636,13.4158286988116,1
24,1,15.75,36,13.4158286988116,13.8837777121376,1
24,1,15.75,36,13.8837777121376,13.9087370863532,1
24,1,15.75,36,13.9087370863532,14.3988161156982,1
24,1,15.75,36,14.3988161156982,14.5360173566434,1
24,1,15.75,36,14.5360173566434,14.8370803459801,1
24,1,15.75,36,14.8370803459801,14.9692052394908,1
24,1,15.75,36,14.9692052394908,15.0605102557574,1
24,1,15.75,36,15.0605102557574,15.2165661227314,1
24,1,15.75,36,15.2165661227314,15.2728052952927,1
24,1,15.75,36,15.2728052952927,15.3514853186911,1
24,1,15.75,36,15.3514853186911,15.664870022974,1
24,1,15.75,36,15.664870022974,15.7286588579268,1
24,1,15.75,36,15.7286588579268,15.75,0
25,1,9.75,13,0,3.78352696330724,1
25,1,9.75,13,3.78352696330724,5.04228760081164,1
25,1,9.75,13,5.04228760081164,6.50361943536216,1
25,1,9.75,13,6.50361943536216,6.67560369159163,1
25,1,9.75,13,6.67560369159163,6.92557472248921,1
25,1,9.75,13,6.92557472248921,7.09876326442147,1
25,1,9.75,13,7.09876326442147,7.34536388475046,1
25,1,9.75,13,7.34536388475046,7.72676951634795,1
25,1,9.75,13,7.72676951634795,7.81042762376866,1
25,1,9.75,13,7.81042762376866,8.33291746911012,1
25,1,9.75,13,8.33291746911012,8.66311432698737,1
25,1,9.75,13,8.66311432698737,8.69562372774211,1
25,1,9.75,13,8.69562372774211,8.7244300194453,1
25,1,9.75,13,8.7244300194453,9.75,0
26,1,15.75,3,0,1.00535184853222,1
26,1,15.75,3,1.00535184853222,1.01095339642302,1
26,1,15.75,3,1.01095339642302,11.2911099134764,1
26,1,15.75,3,11.2911099134764,15.75,0
27,1,13.75,4,0,1.74399503836814,1
27,1,13.75,4,1.74399503836814,4.08051112374299,1
27,1,13.75,4,4.08051112374299,5.54596847138315,1
27,1,13.75,4,5.54596847138315,6.10570582903319,1
27,1,13.75,4,6.10570582903319,13.75,0
28,1,19.75,2,0,0.459902513647345,1
28,1,19.75,2,0.459902513647345,8.70408861585065,1
28,1,19.75,2,8.70408861585065,19.75,0
29,1,13.75,71,0,1.30632017292202,1
29,1,13.75,71,1.30632017292202,2.18670738717679,1
29,1,13.75,71,2.18670738717679,2.29948544985038,1
29,1,13.75,71,2.29948544985038,2.58184065138474,1
29,1,13.75,71,2.58184065138474,2.64936491597716,1
29,1,13.75,71,2.64936491597716,4.12258976099031,1
29,1,13.75,71,4.12258976099031,4.15252952796468,1
29,1,13.75,71,4.15252952796468,4.19119745931269,1
29,1,13.75,71,4.19119745931269,5.1624027818173,1
29,1,13.75,71,5.1624027818173,5.16690652914187,1
29,1,13.75,71,5.16690652914187,5.92319389286795,1
29,1,13.75,71,5.92319389286795,6.04750880044117,1
29,1,13.75,71,6.04750880044117,6.20206621244183,1
29,1,13.75,71,6.20206621244183,7.43084805855955,1
29,1,13.75,71,7.43084805855955,7.63651167923177,1
29,1,13.75,71,7.63651167923177,7.63783256584894,1
29,1,13.75,71,7.63783256584894,7.75416640317804,1
29,1,13.75,71,7.75416640317804,7.86204879518485,1
29,1,13.75,71,7.86204879518485,8.18792068961063,1
29,1,13.75,71,8.18792068961063,8.32065738343334,1
29,1,13.75,71,8.32065738343334,8.33475802901036,1
29,1,13.75,71,8.33475802901036,8.33733179225492,1
29,1,13.75,71,8.33733179225492,8.48908164278025,1
29,1,13.75,71,8.48908164278025,8.55929017762622,1
29,1,13.75,71,8.55929017762622,8.65085590347429,1
29,1,13.75,71,8.65085590347429,8.6824018004747,1
29,1,13.75,71,8.6824018004747,8.79170905265985,1
29,1,13.75,71,8.79170905265985,9.06400486775591,1
29,1,13.75,71,9.06400486775591,9.11087635989276,1
29,1,13.75,71,9.11087635989276,9.18311972625047,1
29,1,13.75,71,9.18311972625047,9.23687970834636,1
29,1,13.75,71,9.23687970834636,9.41773046214897,1
29,1,13.75,71,9.41773046214897,9.60069759022941,1
29,1,13.75,71,9.60069759022941,9.60446934140687,1
29,1,13.75,71,9.60446934140687,9.67744431282888,1
29,1,13.75,71,9.67744431282888,9.70339324601613,1
29,1,13.75,71,9.70339324601613,9.77658892577678,1
29,1,13.75,71,9.77658892577678,9.79311151073598,1
29,1,13.75,71,9.79311151073598,9.87524274435273,1
29,1,13.75,71,9.87524274435273,9.9255333851996,1
29,1,13.75,71,9.9255333851996,9.94084170490628,1
29,1,13.75,71,9.94084170490628,10.014076681322,1
29,1,13.75,71,10.014076681322,10.4398375851684,1
29,1,13.75,71,10.4398375851684,10.488987665111,1
29,1,13.75,71,10.488987665111,10.543406405554,1
29,1,13.75,71,10.543406405554,10.6876481247297,1
29,1,13.75,71,10.6876481247297,11.0072423812379,1
29,1,13.75,71,11.0072423812379,11.1366763333572,1
29,1,13.75,71,11.1366763333572,11.3215471368413,1
29,1,13.75,71,11.3215471368413,11.3655335273251,1
29,1,13.75,71,11.3655335273251,11.4099153966807,1
29,1,13.75,71,11.4099153966807,11.5713520760989,1
29,1,13.75,71,11.5713520760989,11.7322187316569,1
29,1,13.75,71,11.7322187316569,11.7938591930869,1
29,1,13.75,71,11.7938591930869,11.8435284147531,1
29,1,13.75,71,11.8435284147531,11.903382411337,1
29,1,13.75,71,11.903382411337,12.0939825077622,1
29,1,13.75,71,12.0939825077622,12.1862634417738,1
29,1,13.75,71,12.1862634417738,12.19281966342,1
29,1,13.75,71,12.19281966342,12.4114597533292,1
29,1,13.75,71,12.4114597533292,12.4539305601665,1
29,1,13.75,71,12.4539305601665,12.7114551667109,1
29,1,13.75,71,12.7114551667109,12.7625889242026,1
29,1,13.75,71,12.7625889242026,12.7775484646128,1
29,1,13.75,71,12.7775484646128,12.8434168784479,1
29,1,13.75,71,12.8434168784479,12.9188401027933,1
29,1,13.75,71,12.9188401027933,12.9598038177647,1
29,1,13.75,71,12.9598038177647,13.1013294727806,1
29,1,13.75,71,13.1013294727806,13.4021535655585,1
29,1,13.75,71,13.4021535655585,13.4370972537847,1
29,1,13.75,71,13.4370972537847,13.713608751658,1
29,1,13.75,71,13.713608751658,13.75,0
30,1,8.75,7,0,2.00085536139272,1
30,1,8.75,7,2.00085536139272,3.95485760621639,1
30,1,8.75,7,3.95485760621639,5.46435436349985,1
30,1,8.75,7,5.46435436349985,6.58429193599688,1
30,1,8.75,7,6.58429193599688,7.40728288512416,1
30,1,8.75,7,7.40728288512416,7.47371938212858,1
30,1,8.75,7,7.47371938212858,8.37881586028958,1
30,1,8.75,7,8.37881586028958,8.75,0
31,1,20.75,61,0,6.02923663763822,1
31,1,20.75,61,6.02923663763822,6.14645951970623,1
31,1,20.75,61,6.14645951970623,6.45432319032441,1
31,1,20.75,61,6.45432319032441,6.69958966545931,1
31,1,20.75,61,6.69958966545931,7.50248386865133,1
31,1,20.75,61,7.50248386865133,7.76738498324225,1
31,1,20.75,61,7.76738498324225,8.92740968427199,1
31,1,20.75,61,8.92740968427199,9.30469776393884,1
31,1,20.75,61,9.30469776393884,9.51291686855098,1
31,1,20.75,61,9.51291686855098,10.452297703435,1
31,1,20.75,61,10.452297703435,10.6594416285806,1
31,1,20.75,61,10.6594416285806,11.2927928480243,1
31,1,20.75,61,11.2927928480243,11.4951657122642,1
31,1,20.75,61,11.4951657122642,11.7214884066371,1
31,1,20.75,61,11.7214884066371,11.8936715919834,1
31,1,20.75,61,11.8936715919834,12.0788466169626,1
31,1,20.75,61,12.0788466169626,13.3612830819743,1
31,1,20.75,61,13.3612830819743,13.5920043671734,1
31,1,20.75,61,13.5920043671734,13.9005379039977,1
31,1,20.75,61,13.9005379039977,14.0179159578835,1
31,1,20.75,61,14.0179159578835,14.415757808465,1
31,1,20.75,61,14.415757808465,14.7286449385653,1
31,1,20.75,61,14.7286449385653,14.8027296105196,1
31,1,20.75,61,14.8027296105196,14.9629118580669,1
31,1,20.75,61,14.9629118580669,15.0434024815023,1
31,1,20.75,61,15.0434024815023,15.7646568244906,1
31,1,20.75,61,15.7646568244906,15.9118910806034,1
31,1,20.75,61,15.9118910806034,15.9358893449718,1
31,1,20.75,61,15.9358893449718,16.2555273990543,1
31,1,20.75,61,16.2555273990543,16.4361937851728,1
31,1,20.75,61,16.4361937851728,17.2558325832719,1
31,1,20.75,61,17.2558325832719,17.5393329514955,1
31,1,20.75,61,17.5393329514955,17.6348752581948,1
31,1,20.75,61,17.6348752581948,17.7112796080489,1
31,1,20.75,61,17.7112796080489,18.0930906718813,1
31,1,20.75,61,18.0930906718813,18.1328053492303,1
31,1,20.75,61,18.1328053492303,18.1438937159614,1
31,1,20.75,61,18.1438937159614,18.265451298181,1
31,1,20.75,61,18.265451298181,18.3686037605323,1
31,1,20.75,61,18.3686037605323,18.6416348524352,1
31,1,20.75,61,18.6416348524352,18.6519487041147,1
31,1,20.75,61,18.6519487041147,19.0184399365996,1
31,1,20.75,61,19.0184399365996,19.1216463884844,1
31,1,20.75,61,19.1216463884844,19.2364108687428,1
31,1,20.75,61,19.2364108687428,19.4249001033551,1
31,1,20.75,61,19.4249001033551,19.5472862933601,1
31,1,20.75,61,19.5472862933601,19.5634872461409,1
31,1,20.75,61,19.5634872461409,19.7036857235153,1
31,1,20.75,61,19.7036857235153,19.7069091352983,1
31,1,20.75,61,19.7069091352983,19.7177873361505,1
31,1,20.75,61,19.7177873361505,19.8222309843018,1
31,1,20.75,61,19.8222309843018,20.0682608644543,1
31,1,20.75,61,20.0682608644543,20.1961374337208,1
31,1,20.75,61,20.1961374337208,20.3545420556001,1
31,1,20.75,61,20.3545420556001,20.4271457227216,1
31,1,20.75,61,20.4271457227216,20.563227605194,1
31,1,20.75,61,20.563227605194,20.6188898295014,1
31,1,20.75,61,20.6188898295014,20.6223110936854,1
31,1,20.75,61,20.6223110936854,20.671141887094,1
31,1,20.75,61,20.671141887094,20.6740471360069,1
31,1,20.75,61,20.6740471360069,20.689169092055,1
31,1,20.75,61,20.689169092055,20.75,0
32,1,15.75,7,0,2.268221172273,1
32,1,15.75,7,2.268221172273,3.02521024975173,1
32,1,15.75,7,3.02521024975173,3.23851407978995,1
32,1,15.75,7,3.23851407978995,5.26196645335707,1
32,1,15.75,7,5.26196645335707,9.34748459019428,1
32,1,15.75,7,9.34748459019428,10.8302698010626,1
32,1,15.75,7,10.8302698010626,14.1592127427522,1
32,1,15.75,7,14.1592127427522,15.75,0
33,1,10.75,0,0,10.75,0
34,1,14.75,2,0,0.506353708153381,1
34,1,14.75,2,0.506353708153381,2.79931613173974,1
34,1,14.75,2,2.79931613173974,14.75,0
35,1,12.75,4,0,0.53391294130469,1
35,1,12.75,4,0.53391294130469,1.43433640859361,1
35,1,12.75,4,1.43433640859361,4.1264490784162,1
35,1,12.75,4,4.1264490784162,11.2584509349181,1
35,1,12.75,4,11.2584509349181,12.75,0
36,1,11.75,1,0,6.51432768827679,1
36,1,11.75,1,6.51432768827679,11.75,0
37,1,8.75,18,0,2.49258778076026,1
37,1,8.75,18,2.49258778076026,2.64693810430342,1
37,1,8.75,18,2.64693810430342,2.92101212738817,1
37,1,8.75,18,2.92101212738817,3.0086382887778,1
37,1,8.75,18,3.0086382887778,3.95653769201612,1
37,1,8.75,18,3.95653769201612,4.42042373837039,1
37,1,8.75,18,4.42042373837039,4.60801563871243,1
37,1,8.75,18,4.60801563871243,5.92725009327483,1
37,1,8.75,18,5.92725009327483,6.44738580097474,1
37,1,8.75,18,6.44738580097474,6.45826663269225,1
37,1,8.75,18,6.45826663269225,6.68880623470222,1
37,1,8.75,18,6.68880623470222,6.75199091601999,1
37,1,8.75,18,6.75199091601999,7.40405858907091,1
37,1,8.75,18,7.40405858907091,7.40822395752197,1
37,1,8.75,18,7.40822395752197,7.43429546865385,1
37,1,8.75,18,7.43429546865385,7.59260211120844,1
37,1,8.75,18,7.59260211120844,7.82946702868225,1
37,1,8.75,18,7.82946702868225,8.53033496970548,1
37,1,8.75,18,8.53033496970548,8.75,0
38,1,10.75,3,0,0.364651416915035,1
38,1,10.75,3,0.364651416915035,4.22494030458696,1
38,1,10.75,3,4.22494030458696,6.71445240700157,1
38,1,10.75,3,6.71445240700157,10.75,0
39,1,10.75,3,0,2.21667347076905,1
39,1,10.75,3,2.21667347076905,3.3614884811083,1
39,1,10.75,3,3.3614884811083,6.12658534691117,1
39,1,10.75,3,6.12658534691117,10.75,0
40,1,15.75,5,0,0.0255838443878763,1
40,1,15.75,5,0.0255838443878763,0.631015995800484,1
40,1,15.75,5,0.631015995800484,0.740409789458838,1
40,1,15.75,5,0.740409789458838,4.78316695497321,1
40,1,15.75,5,4.78316695497321,4.79210493218969,1
40,1,15.75,5,4.79210493218969,15.75,0
41,1,12.75,0,0,12.75,0
42,1,19.75,1,0,14.3170591242704,1
42,1,19.75,1,14.3170591242704,19.75,0
43,1,17.75,1,0,13.1069614987937,1
43,1,17.75,1,13.1069614987937,17.75,0
44,1,14.75,0,0,14.75,0
45,1,19.75,2,0,0.0178205558795067,1
45,1,19.75,2,0.0178205558795067,18.933860626045,1
45,1,19.75,2,18.933860626045,19.75,0
46,1,16.75,4,0,1.19372012995492,1
46,1,16.75,4,1.19372012995492,3.86450241968531,1
46,1,16.75,4,3.86450241968531,11.4805041680338,1
46,1,16.75,4,11.4805041680338,13.1950434351177,1
46,1,16.75,4,13.1950434351177,16.75,0
47,1,10.75,11,0,4.58659682708783,1
47,1,10.75,11,4.58659682708783,5.01164908053079,1
47,1,10.75,11,5.01164908053079,5.4743241541449,1
47,1,10.75,11,5.4743241541449,5.64223084097676,1
47,1,10.75,11,5.64223084097676,6.31531840708539,1
47,1,10.75,11,6.31531840708539,7.39269514038156,1
47,1,10.75,11,7.39269514038156,9.29638770514968,1
47,1,10.75,11,9.29638770514968,9.68297500463483,1
47,1,10.75,11,9.68297500463483,9.77427798130471,1
47,1,10.75,11,9.77427798130471,9.91716758858852,1
47,1,10.75,11,9.91716758858852,10.304060245057,1
47,1,10.75,11,10.304060245057,10.75,0
48,1,20.75,3,0,0.372141008906024,1
48,1,20.75,3,0.372141008906024,16.9046087196116,1
48,1,20.75,3,16.9046087196116,17.7557776074426,1
48,1,20.75,3,17.7557776074426,20.75,0
49,1,11.75,8,0,6.33922476131459,1
49,1,11.75,8,6.33922476131459,8.32523092707372,1
49,1,11.75,8,8.32523092707372,9.08355635962717,1
49,1,11.75,8,9.08355635962717,9.37850176736984,1
49,1,11.75,8,9.37850176736984,10.3558412221887,1
49,1,11.75,8,10.3558412221887,10.6348316445997,1
49,1,11.75,8,10.6348316445997,11.679073427881,1
49,1,11.75,8,11.679073427881,11.6862413985347,1
49,1,11.75,8,11.6862413985347,11.75,0
50,1,19.75,4,0,0.0137743918974636,1
50,1,19.75,4,0.0137743918974636,0.0171600692336819,1
50,1,19.75,4,0.0171600692336819,2.94372816468836,1
50,1,19.75,4,2.94372816468836,6.91956530400246,1
50,1,19.75,4,6.91956530400246,19.75,0
51,1,8.75,3,0,7.46701901147251,1
51,1,8.75,3,7.46701901147251,7.5204863977475,1
51,1,8.75,3,7.5204863977475,8.41726648244185,1
51,1,8.75,3,8.41726648244185,8.75,0
52,1,13.75,2,0,4.88003775644271,1
52,1,13.75,2,4.88003775644271,4.9601875903044,1
52,1,13.75,2,4.9601875903044,13.75,0
53,1,15.75,4,0,0.308393181637686,1
53,1,15.75,4,0.308393181637686,3.67561340246126,1
53,1,15.75,4,3.67561340246126,3.90791472169119,1
53,1,15.75,4,3.90791472169119,6.29601006333585,1
53,1,15.75,4,6.29601006333585,15.75,0
54,1,12.75,22,0,4.3576407287891,1
54,1,12.75,22,4.3576407287891,5.11931716008425,1
54,1,12.75,22,5.11931716008425,6.67419653148259,1
54,1,12.75,22,6.67419653148259,7.17406797298733,1
54,1,12.75,22,7.17406797298733,8.10168499882674,1
54,1,12.75,22,8.10168499882674,8.12131061601483,1
54,1,12.75,22,8.12131061601483,8.52697076231482,1
54,1,12.75,22,8.52697076231482,8.65337058490789,1
54,1,12.75,22,8.65337058490789,8.69190804320401,1
54,1,12.75,22,8.69190804320401,8.75925008650118,1
54,1,12.75,22,8.75925008650118,9.24402040997772,1
54,1,12.75,22,9.24402040997772,10.8485634459141,1
54,1,12.75,22,10.8485634459141,10.9870220098846,1
54,1,12.75,22,10.9870220098846,11.2867430083119,1
54,1,12.75,22,11.2867430083119,11.3216824499455,1
54,1,12.75,22,11.3216824499455,11.8554001001535,1
54,1,12.75,22,11.8554001001535,11.8718176917303,1
54,1,12.75,22,11.8718176917303,12.2977680561108,1
54,1,12.75,22,12.2977680561108,12.4325850989889,1
54,1,12.75,22,12.4325850989889,12.4855907023944,1
54,1,12.75,22,12.4855907023944,12.5089325003899,1
54,1,12.75,22,12.5089325003899,12.6900686655209,1
54,1,12.75,22,12.6900686655209,12.75,0
55,1,14.75,0,0,14.75,0
56,1,15.75,2,0,0.191641538273058,1
56,1,15.75,2,0.191641538273058,9.26611254493734,1
56,1,15.75,2,9.26611254493734,15.75,0
57,1,14.75,0,0,14.75,0
58,1,18.75,8,0,0.234723526533225,1
58,1,18.75,8,0.234723526533225,0.375154520340067,1
58,1,18.75,8,0.375154520340067,0.844274552947221,1
58,1,18.75,8,0.844274552947221,1.58158374473412,1
58,1,18.75,8,1.58158374473412,7.46661278946549,1
58,1,18.75,8,7.46661278946549,8.37803663296645,1
58,1,18.75,8,8.37803663296645,14.5667031500352,1
58,1,18.75,8,14.5667031500352,18.6523884002709,1
58,1,18.75,8,18.6523884002709,18.75,0
59,1,19.75,7,0,0.285299009061224,1
59,1,19.75,7,0.285299009061224,1.06740061952329,1
59,1,19.75,7,1.06740061952329,1.60306406908112,1
59,1,19.75,7,1.60306406908112,5.23681386792873,1
59,1,19.75,7,5.23681386792873,10.3471866759806,1
59,1,19.75,7,10.3471866759806,16.4207384973718,1
59,1,19.75,7,16.4207384973718,17.0715104449247,1
59,1,19.75,7,17.0715104449247,19.75,0
60,1,16.75,42,0,2.69965881203944,1
60,1,16.75,42,2.69965881203944,4.94077467845318,1
60,1,16.75,42,4.94077467845318,5.91448412113781,1
60,1,16.75,42,5.91448412113781,6.15655409119316,1
60,1,16.75,42,6.15655409119316,6.95430925842732,1
60,1,16.75,42,6.95430925842732,7.83628755741308,1
60,1,16.75,42,7.83628755741308,7.93838387363778,1
60,1,16.75,42,7.93838387363778,8.12453286576605,1
60,1,16.75,42,8.12453286576605,8.35208648792291,1
60,1,16.75,42,8.35208648792291,8.66781578525201,1
60,1,16.75,42,8.66781578525201,8.87190006589404,1
60,1,16.75,42,8.87190006589404,9.4194576285935,1
60,1,16.75,42,9.4194576285935,9.57011130181946,1
60,1,16.75,42,9.57011130181946,10.4602370091759,1
60,1,16.75,42,10.4602370091759,10.6998588803056,1
60,1,16.75,42,10.6998588803056,12.0555769906508,1
60,1,16.75,42,12.0555769906508,12.1098432824431,1
60,1,16.75,42,12.1098432824431,12.1168942989751,1
60,1,16.75,42,12.1168942989751,12.2200624322282,1
60,1,16.75,42,12.2200624322282,12.384378476385,1
60,1,16.75,42,12.384378476385,12.4291409457534,1
60,1,16.75,42,12.4291409457534,12.6231419645984,1
60,1,16.75,42,12.6231419645984,12.6892052506836,1
60,1,16.75,42,12.6892052506836,13.151228182721,1
60,1,16.75,42,13.151228182721,13.2849057528139,1
60,1,16.75,42,13.2849057528139,13.3409210643356,1
60,1,16.75,42,13.3409210643356,13.4046526863123,1
60,1,16.75,42,13.4046526863123,13.484810628319,1
60,1,16.75,42,13.484810628319,13.5529569948746,1
60,1,16.75,42,13.5529569948746,13.7575968272106,1
60,1,16.75,42,13.7575968272106,14.0372048356644,1
60,1,16.75,42,14.0372048356644,14.158728219898,1
60,1,16.75,42,14.158728219898,14.198900847238,1
60,1,16.75,42,14.198900847238,14.2148658753222,1
60,1,16.75,42,14.2148658753222,14.5946209049802,1
60,1,16.75,42,14.5946209049802,14.6513818624197,1
60,1,16.75,42,14.6513818624197,15.3021948537162,1
60,1,16.75,42,15.3021948537162,15.9356265524973,1
60,1,16.75,42,15.9356265524973,15.956629636525,1
60,1,16.75,42,15.956629636525,16.2261802892132,1
60,1,16.75,42,16.2261802892132,16.6119907027901,1
60,1,16.75,42,16.6119907027901,16.7324443659398,1
60,1,16.75,42,16.7324443659398,16.75,0
61,1,20.75,5,0,0.373888223388844,1
61,1,20.75,5,0.373888223388844,2.06636146527458,1
61,1,20.75,5,2.06636146527458,4.74737394619852,1
61,1,20.75,5,4.74737394619852,6.85396355233093,1
61,1,20.75,5,6.85396355233093,10.6186045976807,1
61,1,20.75,5,10.6186045976807,20.75,0
62,1,9.75,17,0,2.75234715367088,1
62,1,9.75,17,2.75234715367088,3.3139734426289,1
62,1,9.75,17,3.3139734426289,3.3584836525533,1
62,1,9.75,17,3.3584836525533,4.26145408998497,1
62,1,9.75,17,4.26145408998497,4.2639997111054,1
62,1,9.75,17,4.2639997111054,4.54225937496665,1
62,1,9.75,17,4.54225937496665,6.62069906155045,1
62,1,9.75,17,6.62069906155045,7.66951550446689,1
62,1,9.75,17,7.66951550446689,7.71291349642711,1
62,1,9.75,17,7.71291349642711,7.81461429303053,1
62,1,9.75,17,7.81461429303053,8.57450276065744,1
62,1,9.75,17,8.57450276065744,8.63149138621513,1
62,1,9.75,17,8.63149138621513,8.82450779530216,1
62,1,9.75,17,8.82450779530216,8.91829763848075,1
62,1,9.75,17,8.91829763848075,9.16571552236424,1
62,1,9.75,17,9.16571552236424,9.40120668032332,1
62,1,9.75,17,9.40120668032332,9.55442718263195,1
62,1,9.75,17,9.55442718263195,9.75,0
63,1,8.75,1,0,3.74682740580272,1
63,1,8.75,1,3.74682740580272,8.75,0
64,1,10.75,0,0,10.75,0
65,1,15.75,0,0,15.75,0
66,1,14.75,54,0,3.45660032725018,1
66,1,14.75,54,3.45660032725018,4.13354317610076,1
66,1,14.75,54,4.13354317610076,4.1397607923835,1
66,1,14.75,54,4.1397607923835,4.57612370242956,1
66,1,14.75,54,4.57612370242956,4.70199795488472,1
66,1,14.75,54,4.70199795488472,5.64457049155634,1
66,1,14.75,54,5.64457049155634,5.83385092296648,1
66,1,14.75,54,5.83385092296648,6.79031797904879,1
66,1,14.75,54,6.79031797904879,6.94441513967904,1
66,1,14.75,54,6.94441513967904,7.00057281755903,1
66,1,14.75,54,7.00057281755903,7.45774640862596,1
66,1,14.75,54,7.45774640862596,7.60071425123457,1
66,1,14.75,54,7.60071425123457,7.75043548315951,1
66,1,14.75,54,7.75043548315951,7.82002341278626,1
66,1,14.75,54,7.82002341278626,7.99351622258696,1
66,1,14.75,54,7.99351622258696,8.67227353170554,1
66,1,14.75,54,8.67227353170554,8.78586868974384,1
66,1,14.75,54,8.78586868974384,9.18816982751618,1
66,1,14.75,54,9.18816982751618,9.66059257633597,1
66,1,14.75,54,9.66059257633597,9.77530344971264,1
66,1,14.75,54,9.77530344971264,9.8557971198204,1
66,1,14.75,54,9.8557971198204,10.0220636088702,1
66,1,14.75,54,10.0220636088702,10.1889681261539,1
66,1,14.75,54,10.1889681261539,10.4919310035045,1
66,1,14.75,54,10.4919310035045,10.5929822212509,1
66,1,14.75,54,10.5929822212509,10.6576290772638,1
66,1,14.75,54,10.6576290772638,10.9152197236443,1
66,1,14.75,54,10.9152197236443,11.0343432468577,1
66,1,14.75,54,11.0343432468577,11.1275808687219,1
66,1,14.75,54,11.1275808687219,11.3347051350679,1
66,1,14.75,54,11.3347051350679,11.7027599270142,1
66,1,14.75,54,11.7027599270142,11.7097851033853,1
66,1,14.75,54,11.7097851033853,12.0512983099139,1
66,1,14.75,54,12.0512983099139,12.1776669814563,1
66,1,14.75,54,12.1776669814563,12.3575508391939,1
66,1,14.75,54,12.3575508391939,12.5473334708128,1
66,1,14.75,54,12.5473334708128,12.6670135958926,1
66,1,14.75,54,12.6670135958926,12.8419765742303,1
66,1,14.75,54,12.8419765742303,13.018545904851,1
66,1,14.75,54,13.018545904851,13.0666981054091,1
66,1,14.75,54,13.0666981054091,13.3442000450421,1
66,1,14.75,54,13.3442000450421,13.4265637311053,1
66,1,14.75,54,13.4265637311053,13.5176903061285,1
66,1,14.75,54,13.5176903061285,13.7044789292464,1
66,1,14.75,54,13.7044789292464,13.7895778367349,1
66,1,14.75,54,13.7895778367349,13.8150650842664,1
66,1,14.75,54,13.8150650842664,13.8691279454411,1
66,1,14.75,54,13.8691279454411,14.0961863377001,1
66,1,14.75,54,14.0961863377001,14.1317954096709,1
66,1,14.75,54,14.1317954096709,14.2533242145053,1
66,1,14.75,54,14.2533242145053,14.294548132491,1
66,1,14.75,54,14.294548132491,14.3015913434428,1
66,1,14.75,54,14.3015913434428,14.6994626631193,1
66,1,14.75,54,14.6994626631193,14.7453835262431,1
66,1,14.75,54,14.7453835262431,14.75,0
67,1,15.75,4,0,1.56735587027068,1
67,1,15.75,4,1.56735587027068,9.35994184873068,1
67,1,15.75,4,9.35994184873068,10.5025079424634,1
67,1,15.75,4,10.5025079424634,12.7317640828468,1
67,1,15.75,4,12.7317640828468,15.75,0
68,1,10.75,20,0,1.87746760195386,1
68,1,10.75,20,1.87746760195386,3.04387837672565,1
68,1,10.75,20,3.04387837672565,3.72115582499542,1
68,1,10.75,20,3.72115582499542,4.62503069672008,1
68,1,10.75,20,4.62503069672008,6.29983845122842,1
68,1,10.75,20,6.29983845122842,6.98787882075665,1
68,1,10.75,20,6.98787882075665,7.70557680283134,1
68,1,10.75,20,7.70557680283134,7.8890287737336,1
68,1,10.75,20,7.8890287737336,8.3325072473269,1
68,1,10.75,20,8.3325072473269,8.50661019133534,1
68,1,10.75,20,8.50661019133534,8.67884708126104,1
68,1,10.75,20,8.67884708126104,9.09274109226792,1
68,1,10.75,20,9.09274109226792,9.60648724442301,1
68,1,10.75,20,9.60648724442301,9.69462831359602,1
68,1,10.75,20,9.69462831359602,9.85699991129265,1
68,1,10.75,20,9.85699991129265,10.1948198181829,1
68,1,10.75,20,10.1948198181829,10.4106084696032,1
68,1,10.75,20,10.4106084696032,10.4718531555492,1
68,1,10.75,20,10.4718531555492,10.6018932268033,1
68,1,10.75,20,10.6018932268033,10.6074002500877,1
68,1,10.75,20,10.6074002500877,10.75,0
69,1,14.75,3,0,5.74358332185678,1
69,1,14.75,3,5.74358332185678,8.54827756643119,1
69,1,14.75,3,8.54827756643119,11.6279227240487,1
69,1,14.75,3,11.6279227240487,14.75,0
70,1,13.75,42,0,4.13376459900945,1
70,1,13.75,42,4.13376459900945,4.1791561509183,1
70,1,13.75,42,4.1791561509183,4.28383971640173,1
70,1,13.75,42,4.28383971640173,5.22774291947804,1
70,1,13.75,42,5.22774291947804,5.28687364168664,1
70,1,13.75,42,5.28687364168664,5.43915243513744,1
70,1,13.75,42,5.43915243513744,5.87084807691013,1
70,1,13.75,42,5.87084807691013,5.9253799248803,1
70,1,13.75,42,5.9253799248803,6.00900575482125,1
70,1,13.75,42,6.00900575482125,6.49981899681341,1
70,1,13.75,42,6.49981899681341,6.94755444711761,1
70,1,13.75,42,6.94755444711761,7.79483498566942,1
70,1,13.75,42,7.79483498566942,8.02118283425948,1
70,1,13.75,42,8.02118283425948,8.55600249990769,1
70,1,13.75,42,8.55600249990769,8.70169887771631,1
70,1,13.75,42,8.70169887771631,8.84076907990964,1
70,1,13.75,42,8.84076907990964,9.30896243771884,1
70,1,13.75,42,9.30896243771884,10.3531009132914,1
70,1,13.75,42,10.3531009132914,10.6508047696724,1
70,1,13.75,42,10.6508047696724,10.6529251674437,1
70,1,13.75,42,10.6529251674437,11.0900987381199,1
70,1,13.75,42,11.0900987381199,11.2717737329793,1
70,1,13.75,42,11.2717737329793,11.2759493489774,1
70,1,13.75,42,11.2759493489774,11.6081985832735,1
70,1,13.75,42,11.6081985832735,11.6449239495386,1
70,1,13.75,42,11.6449239495386,11.6596564201475,1
70,1,13.75,42,11.6596564201475,11.904605532401,1
70,1,13.75,42,11.904605532401,11.9228210971366,1
70,1,13.75,42,11.9228210971366,12.1834568671229,1
70,1,13.75,42,12.1834568671229,12.2689920643154,1
70,1,13.75,42,12.2689920643154,12.3853171852725,1
70,1,13.75,42,12.3853171852725,12.4026932315569,1
70,1,13.75,42,12.4026932315569,12.525352494711,1
70,1,13.75,42,12.525352494711,12.5747366268504,1
70,1,13.75,42,12.5747366268504,13.1239157901218,1
70,1,13.75,42,13.1239157901218,13.1240167839077,1
70,1,13.75,42,13.1240167839077,13.2169243734994,1
70,1,13.75,42,13.2169243734994,13.2321080135734,1
70,1,13.75,42,13.2321080135734,13.3954258365614,1
70,1,13.75,42,13.3954258365614,13.4005565628938,1
70,1,13.75,42,13.4005565628938,13.4258958319447,1
70,1,13.75,42,13.4258958319447,13.6579157248984,1
70,1,13.75,42,13.6579157248984,13.75,0
71,1,10.75,1,0,0.000977655723711735,1
71,1,10.75,1,0.000977655723711735,10.75,0
72,1,11.75,0,0,11.75,0
73,1,10.75,2,0,8.53340270394947,1
73,1,10.75,2,8.53340270394947,10.3698389188147,1
73,1,10.75,2,10.3698389188147,10.75,0
74,1,20.75,77,0,1.50782325024191,1
74,1,20.75,77,1.50782325024191,6.53253124102359,1
74,1,20.75,77,6.53253124102359,6.57334976558987,1
74,1,20.75,77,6.57334976558987,6.70652249569356,1
74,1,20.75,77,6.70652249569356,6.89949079288356,1
74,1,20.75,77,6.89949079288356,7.96805810716677,1
74,1,20.75,77,7.96805810716677,8.08969945008549,1
74,1,20.75,77,8.08969945008549,9.23120855578137,1
74,1,20.75,77,9.23120855578137,9.85836423388344,1
74,1,20.75,77,9.85836423388344,10.3706448711488,1
74,1,20.75,77,10.3706448711488,10.7171215418941,1
74,1,20.75,77,10.7171215418941,10.8257259877926,1
74,1,20.75,77,10.8257259877926,11.848486245241,1
74,1,20.75,77,11.848486245241,12.0141715503965,1
74,1,20.75,77,12.0141715503965,12.0294413242075,1
74,1,20.75,77,12.0294413242075,12.1084891831969,1
74,1,20.75,77,12.1084891831969,12.2827179900152,1
74,1,20.75,77,12.2827179900152,12.416905313717,1
74,1,20.75,77,12.416905313717,12.5510131810198,1
74,1,20.75,77,12.5510131810198,12.9765522634706,1
74,1,20.75,77,12.9765522634706,13.3985055027815,1
74,1,20.75,77,13.3985055027815,13.4288852571152,1
74,1,20.75,77,13.4288852571152,13.5512507614215,1
74,1,20.75,77,13.5512507614215,13.6973745004615,1
74,1,20.75,77,13.6973745004615,13.7253863655492,1
74,1,20.75,77,13.7253863655492,13.7285102739788,1
74,1,20.75,77,13.7285102739788,13.8344166605791,1
74,1,20.75,77,13.8344166605791,13.8856098338146,1
74,1,20.75,77,13.8856098338146,14.4973513130095,1
74,1,20.75,77,14.4973513130095,14.7185029688157,1
74,1,20.75,77,14.7185029688157,15.0087129661089,1
74,1,20.75,77,15.0087129661089,15.1388820451217,1
74,1,20.75,77,15.1388820451217,15.1509255956105,1
74,1,20.75,77,15.1509255956105,15.1510426675837,1
74,1,20.75,77,15.1510426675837,15.1784488759752,1
74,1,20.75,77,15.1784488759752,15.6337453330257,1
74,1,20.75,77,15.6337453330257,16.0863042245019,1
74,1,20.75,77,16.0863042245019,16.1517739290637,1
74,1,20.75,77,16.1517739290637,16.3553630872634,1
74,1,20.75,77,16.3553630872634,16.5200511227647,1
74,1,20.75,77,16.5200511227647,16.7500497623497,1
74,1,20.75,77,16.7500497623497,16.8274827665129,1
74,1,20.75,77,16.8274827665129,16.9912091036804,1
74,1,20.75,77,16.9912091036804,17.1909569380958,1
74,1,20.75,77,17.1909569380958,17.3546091835287,1
74,1,20.75,77,17.3546091835287,17.3761598781605,1
74,1,20.75,77,17.3761598781605,17.3932056270047,1
74,1,20.75,77,17.3932056270047,17.5151821046945,1
74,1,20.75,77,17.5151821046945,17.5689314583263,1
74,1,20.75,77,17.5689314583263,17.6380226475144,1
74,1,20.75,77,17.6380226475144,17.7103527344173,1
74,1,20.75,77,17.7103527344173,17.901926207747,1
74,1,20.75,77,17.901926207747,18.181058269305,1
74,1,20.75,77,18.181058269305,18.1880429732419,1
74,1,20.75,77,18.1880429732419,18.403489421201,1
74,1,20.75,77,18.403489421201,18.6697659881635,1
74,1,20.75,77,18.6697659881635,18.722950063598,1
74,1,20.75,77,18.722950063598,18.7441461770235,1
74,1,20.75,77,18.7441461770235,18.9607754605953,1
74,1,20.75,77,18.9607754605953,19.2300821563878,1
74,1,20.75,77,19.2300821563878,19.2659659764115,1
74,1,20.75,77,19.2659659764115,19.5667308283722,1
74,1,20.75,77,19.5667308283722,19.6571803373975,1
74,1,20.75,77,19.6571803373975,19.7312157281139,1
74,1,20.75,77,19.7312157281139,19.7860709512506,1
74,1,20.75,77,19.7860709512506,19.8453961882383,1
74,1,20.75,77,19.8453961882383,19.8492926634241,1
74,1,20.75,77,19.8492926634241,19.9496286990793,1
74,1,20.75,77,19.9496286990793,20.0124462463945,1
74,1,20.75,77,20.0124462463945,20.1359547738055,1
74,1,20.75,77,20.1359547738055,20.3522473344813,1
74,1,20.75,77,20.3522473344813,20.3618110462882,1
74,1,20.75,77,20.3618110462882,20.3686456278807,1
74,1,20.75,77,20.3686456278807,20.4498442317543,1
74,1,20.75,77,20.4498442317543,20.4944304187569,1
74,1,20.75,77,20.4944304187569,20.5869767525479,1
74,1,20.75,77,20.5869767525479,20.6550172931253,1
74,1,20.75,77,20.6550172931253,20.75,0
75,1,15.75,44,0,2.0067496651629,1
75,1,15.75,44,2.0067496651629,5.39585749689746,1
75,1,15.75,44,5.39585749689746,5.43116492800978,1
75,1,15.75,44,5.43116492800978,5.67939367901019,1
75,1,15.75,44,5.67939367901019,5.76135133178111,1
75,1,15.75,44,5.76135133178111,6.18367190205648,1
75,1,15.75,44,6.18367190205648,6.21274870483367,1
75,1,15.75,44,6.21274870483367,8.04785661093808,1
75,1,15.75,44,8.04785661093808,8.34688819760513,1
75,1,15.75,44,8.34688819760513,8.90605144775591,1
75,1,15.75,44,8.90605144775591,9.07390209899262,1
75,1,15.75,44,9.07390209899262,10.5534029383767,1
75,1,15.75,44,10.5534029383767,10.6499440942006,1
75,1,15.75,44,10.6499440942006,10.7306300867094,1
75,1,15.75,44,10.7306300867094,10.745124943236,1
75,1,15.75,44,10.745124943236,10.8322466464399,1
75,1,15.75,44,10.8322466464399,10.8706449643022,1
75,1,15.75,44,10.8706449643022,10.9931854413504,1
75,1,15.75,44,10.9931854413504,11.1386275178853,1
75,1,15.75,44,11.1386275178853,11.2386896726403,1
75,1,15.75,44,11.2386896726403,11.264775754069,1
75,1,15.75,44,11.264775754069,11.4871886165992,1
75,1,15.75,44,11.4871886165992,11.5225499996402,1
75,1,15.75,44,11.5225499996402,11.693843707488,1
75,1,15.75,44,11.693843707488,12.0749918082108,1
75,1,15.75,44,12.0749918082108,12.304549303423,1
75,1,15.75,44,12.304549303423,12.4804197289356,1
75,1,15.75,44,12.4804197289356,12.5260252800797,1
75,1,15.75,44,12.5260252800797,12.7728419990629,1
75,1,15.75,44,12.7728419990629,12.9197953778936,1
75,1,15.75,44,12.9197953778936,12.9485314161256,1
75,1,15.75,44,12.9485314161256,13.0973234466761,1
75,1,15.75,44,13.0973234466761,13.2915904815327,1
75,1,15.75,44,13.2915904815327,14.1554182035392,1
75,1,15.75,44,14.1554182035392,14.3412348120066,1
75,1,15.75,44,14.3412348120066,14.4060580124152,1
75,1,15.75,44,14.4060580124152,14.6008494412264,1
75,1,15.75,44,14.6008494412264,14.643876279372,1
75,1,15.75,44,14.643876279372,14.9940375926469,1
75,1,15.75,44,14.9940375926469,15.1157136525892,1
75,1,15.75,44,15.1157136525892,15.3537153193647,1
75,1,15.75,44,15.3537153193647,15.4095184798747,1
75,1,15.75,44,15.4095184798747,15.488501723143,1
75,1,15.75,44,15.488501723143,15.7412388502128,1
75,1,15.75,44,15.7412388502128,15.75,0
76,1,16.75,75,0,2.27359731063329,1
76,1,16.75,75,2.27359731063329,3.5707546856688,1
76,1,16.75,75,3.5707546856688,3.64431290704809,1
76,1,16.75,75,3.64431290704809,4.01340014761153,1
76,1,16.75,75,4.01340014761153,5.1984585524124,1
76,1,16.75,75,5.1984585524124,5.7064856065505,1
76,1,16.75,75,5.7064856065505,5.81835547776731,1
76,1,16.75,75,5.81835547776731,6.65690511587827,1
76,1,16.75,75,6.65690511587827,6.84601833593267,1
76,1,16.75,75,6.84601833593267,7.10734914950709,1
76,1,16.75,75,7.10734914950709,7.1886702585855,1
76,1,16.75,75,7.1886702585855,7.60422228097102,1
76,1,16.75,75,7.60422228097102,7.65605234818784,1
76,1,16.75,75,7.65605234818784,7.88893447399002,1
76,1,16.75,75,7.88893447399002,7.96973812737746,1
76,1,16.75,75,7.96973812737746,8.03026281584277,1
76,1,16.75,75,8.03026281584277,8.31054185078386,1
76,1,16.75,75,8.31054185078386,8.90567100211051,1
76,1,16.75,75,8.90567100211051,9.02485554763132,1
76,1,16.75,75,9.02485554763132,9.21332686914791,1
76,1,16.75,75,9.21332686914791,9.25712512894603,1
76,1,16.75,75,9.25712512894603,9.33519793348311,1
76,1,16.75,75,9.33519793348311,9.39845411534393,1
76,1,16.75,75,9.39845411534393,9.48426768683635,1
76,1,16.75,75,9.48426768683635,9.59544882516895,1
76,1,16.75,75,9.59544882516895,10.1060222862403,1
76,1,16.75,75,10.1060222862403,10.2460356486918,1
76,1,16.75,75,10.2460356486918,10.3193915775495,1
76,1,16.75,75,10.3193915775495,10.7339913877839,1
76,1,16.75,75,10.7339913877839,10.7343002465461,1
76,1,16.75,75,10.7343002465461,11.206888152728,1
76,1,16.75,75,11.206888152728,11.2441623466455,1
76,1,16.75,75,11.2441623466455,11.2814648494242,1
76,1,16.75,75,11.2814648494242,11.4387287527451,1
76,1,16.75,75,11.4387287527451,11.4899383328989,1
76,1,16.75,75,11.4899383328989,11.5580345612293,1
76,1,16.75,75,11.5580345612293,11.8195323303788,1
76,1,16.75,75,11.8195323303788,12.0084415711117,1
76,1,16.75,75,12.0084415711117,12.6908557250006,1
76,1,16.75,75,12.6908557250006,12.7007186502074,1
76,1,16.75,75,12.7007186502074,12.7632214667705,1
76,1,16.75,75,12.7632214667705,12.9053348822998,1
76,1,16.75,75,12.9053348822998,13.3210161306113,1
76,1,16.75,75,13.3210161306113,13.4376863226404,1
76,1,16.75,75,13.4376863226404,13.5641759449384,1
76,1,16.75,75,13.5641759449384,13.7479403957156,1
76,1,16.75,75,13.7479403957156,13.8860837907831,1
76,1,16.75,75,13.8860837907831,13.9158101479329,1
76,1,16.75,75,13.9158101479329,14.0691845796439,1
76,1,16.75,75,14.0691845796439,14.0730141849792,1
76,1,16.75,75,14.0730141849792,14.114799344479,1
76,1,16.75,75,14.114799344479,14.1491804100273,1
76,1,16.75,75,14.1491804100273,14.203772463874,1
76,1,16.75,75,14.203772463874,14.3385087215291,1
76,1,16.75,75,14.3385087215291,14.5566947787739,1
76,1,16.75,75,14.5566947787739,14.6503795032723,1
76,1,16.75,75,14.6503795032723,14.7785037008393,1
76,1,16.75,75,14.7785037008393,14.9632023375695,1
76,1,16.75,75,14.9632023375695,15.2708594518319,1
76,1,16.75,75,15.2708594518319,15.2970891448482,1
76,1,16.75,75,15.2970891448482,15.3083087058195,1
76,1,16.75,75,15.3083087058195,15.3098309354279,1
76,1,16.75,75,15.3098309354279,15.391628446092,1
76,1,16.75,75,15.391628446092,15.4554057216641,1
76,1,16.75,75,15.4554057216641,15.5376092825508,1
76,1,16.75,75,15.5376092825508,15.6071680858678,1
76,1,16.75,75,15.6071680858678,15.6547068901339,1
76,1,16.75,75,15.6547068901339,15.6902654399948,1
76,1,16.75,75,15.6902654399948,16.0204170087247,1
76,1,16.75,75,16.0204170087247,16.1304980470545,1
76,1,16.75,75,16.1304980470545,16.2536300747837,1
76,1,16.75,75,16.2536300747837,16.3131048182338,1
76,1,16.75,75,16.3131048182338,16.5003869223657,1
76,1,16.75,75,16.5003869223657,16.5590589811638,1
76,1,16.75,75,16.5590589811638,16.6575844717782,1
76,1,16.75,75,16.6575844717782,16.75,0
77,1,9.75,1,0,2.50362006220713,1
77,1,9.75,1,2.50362006220713,9.75,0
78,1,14.75,6,0,0.047542174427161,1
78,1,14.75,6,0.047542174427161,1.51483878524241,1
78,1,14.75,6,1.51483878524241,2.8506109831974,1
78,1,14.75,6,2.8506109831974,4.95827398561064,1
78,1,14.75,6,4.95827398561064,5.6207131939736,1
78,1,14.75,6,5.6207131939736,12.7979397460805,1
78,1,14.75,6,12.7979397460805,14.75,0
79,1,14.75,1,0,14.5153746019967,1
79,1,14.75,1,14.5153746019967,14.75,0
80,1,11.75,23,0,2.89405022725711,1
80,1,11.75,23,2.89405022725711,3.82281707077445,1
80,1,11.75,23,3.82281707077445,3.8769530936349,1
80,1,11.75,23,3.8769530936349,4.39589419824852,1
80,1,11.75,23,4.39589419824852,4.81290784546454,1
80,1,11.75,23,4.81290784546454,4.99324354066951,1
80,1,11.75,23,4.99324354066951,5.17608243479293,1
80,1,11.75,23,5.17608243479293,6.17123023527503,1
80,1,11.75,23,6.17123023527503,6.59272810088214,1
80,1,11.75,23,6.59272810088214,6.60753160281643,1
80,1,11.75,23,6.60753160281643,6.62979776553182,1
80,1,11.75,23,6.62979776553182,7.64376818967653,1
80,1,11.75,23,7.64376818967653,8.00409549397284,1
80,1,11.75,23,8.00409549397284,8.27041258288446,1
80,1,11.75,23,8.27041258288446,8.36163661160593,1
80,1,11.75,23,8.36163661160593,9.11569431250602,1
80,1,11.75,23,9.11569431250602,9.41341093544908,1
80,1,11.75,23,9.41341093544908,10.0513677006957,1
80,1,11.75,23,10.0513677006957,10.5381328233388,1
80,1,11.75,23,10.5381328233388,10.652273300372,1
80,1,11.75,23,10.652273300372,10.8573118880882,1
80,1,11.75,23,10.8573118880882,11.051538074503,1
80,1,11.75,23,11.051538074503,11.5870813296631,1
80,1,11.75,23,11.5870813296631,11.75,0
81,1,20.75,6,0,0.77179350345872,1
81,1,20.75,6,0.77179350345872,2.10181491678328,1
81,1,20.75,6,2.10181491678328,2.85377741859403,1
81,1,20.75,6,2.85377741859403,9.71712423918613,1
81,1,20.75,6,9.71712423918613,10.9416092741181,1
81,1,20.75,6,10.9416092741181,12.1101095068587,1
81,1,20.75,6,12.1101095068587,20.75,0
82,1,19.75,9,0,0.016104854683329,1
82,1,19.75,9,0.016104854683329,0.124395746812965,1
82,1,19.75,9,0.124395746812965,0.297210484645805,1
82,1,19.75,9,0.297210484645805,0.749440896862702,1
82,1,19.75,9,0.749440896862702,1.03194545643961,1
82,1,19.75,9,1.03194545643961,2.18670343231509,1
82,1,19.75,9,2.18670343231509,4.04043482287852,1
82,1,19.75,9,4.04043482287852,9.64784036405024,1
82,1,19.75,9,9.64784036405024,16.716458691756,1
82,1,19.75,9,16.716458691756,19.75,0
83,1,17.75,64,0,3.48099137597178,1
83,1,17.75,64,3.48099137597178,4.10615654593659,1
83,1,17.75,64,4.10615654593659,5.0641748745171,1
83,1,17.75,64,5.0641748745171,5.78333184475902,1
83,1,17.75,64,5.78333184475902,6.09707714308914,1
83,1,17.75,64,6.09707714308914,6.35685029460187,1
83,1,17.75,64,6.35685029460187,7.8680324778477,1
83,1,17.75,64,7.8680324778477,8.84840631811273,1
83,1,17.75,64,8.84840631811273,8.9655247956856,1
83,1,17.75,64,8.9655247956856,9.01771745889953,1
83,1,17.75,64,9.01771745889953,9.41366642914782,1
83,1,17.75,64,9.41366642914782,9.44729290295294,1
83,1,17.75,64,9.44729290295294,9.6011775897124,1
83,1,17.75,64,9.6011775897124,9.8848256959306,1
83,1,17.75,64,9.8848256959306,10.0646485951862,1
83,1,17.75,64,10.0646485951862,10.1569247979262,1
83,1,17.75,64,10.1569247979262,10.1935843262578,1
83,1,17.75,64,10.1935843262578,10.410968091784,1
83,1,17.75,64,10.410968091784,10.5976121057075,1
83,1,17.75,64,10.5976121057075,10.6617403660224,1
83,1,17.75,64,10.6617403660224,10.9939600275612,1
83,1,17.75,64,10.9939600275612,11.4542833203966,1
83,1,17.75,64,11.4542833203966,12.3187389805012,1
83,1,17.75,64,12.3187389805012,12.56727195821,1
83,1,17.75,64,12.56727195821,12.6855886357889,1
83,1,17.75,64,12.6855886357889,12.8674887418966,1
83,1,17.75,64,12.8674887418966,12.9363742346413,1
83,1,17.75,64,12.9363742346413,13.3172485502694,1
83,1,17.75,64,13.3172485502694,13.4821113381275,1
83,1,17.75,64,13.4821113381275,13.5693840037005,1
83,1,17.75,64,13.5693840037005,13.7394581587568,1
83,1,17.75,64,13.7394581587568,13.7633348492934,1
83,1,17.75,64,13.7633348492934,13.9819331977052,1
83,1,17.75,64,13.9819331977052,14.1278317814948,1
83,1,17.75,64,14.1278317814948,14.2182592477816,1
83,1,17.75,64,14.2182592477816,14.4767606449543,1
83,1,17.75,64,14.4767606449543,14.6676922372467,1
83,1,17.75,64,14.6676922372467,14.8411581056605,1
83,1,17.75,64,14.8411581056605,15.1085457704963,1
83,1,17.75,64,15.1085457704963,15.2275283076155,1
83,1,17.75,64,15.2275283076155,15.5407260027796,1
83,1,17.75,64,15.5407260027796,15.5800353657988,1
83,1,17.75,64,15.5800353657988,15.6668071791212,1
83,1,17.75,64,15.6668071791212,15.7172895471753,1
83,1,17.75,64,15.7172895471753,15.7377462827867,1
83,1,17.75,64,15.7377462827867,15.8406301293418,1
83,1,17.75,64,15.8406301293418,16.1182322252377,1
83,1,17.75,64,16.1182322252377,16.2475319710978,1
83,1,17.75,64,16.2475319710978,16.4395478453024,1
83,1,17.75,64,16.4395478453024,16.504337894818,1
83,1,17.75,64,16.504337894818,16.5472914919548,1
83,1,17.75,64,16.5472914919548,16.6892146550682,1
83,1,17.75,64,16.6892146550682,16.7106113173222,1
83,1,17.75,64,16.7106113173222,16.8292429812311,1
83,1,17.75,64,16.8292429812311,16.851480275014,1
83,1,17.75,64,16.851480275014,16.9919840599083,1
83,1,17.75,64,16.9919840599083,16.9978218764069,1
83,1,17.75,64,16.9978218764069,17.1293370004707,1
83,1,17.75,64,17.1293370004707,17.3155391085894,1
83,1,17.75,64,17.3155391085894,17.3563850556589,1
83,1,17.75,64,17.3563850556589,17.3608795319669,1
83,1,17.75,64,17.3608795319669,17.4082241673939,1
83,1,17.75,64,17.4082241673939,17.6876661519135,1
83,1,17.75,64,17.6876661519135,17.7254725477031,1
83,1,17.75,64,17.7254725477031,17.75,0
84,1,9.75,1,0,2.08338264506983,1
84,1,9.75,1,2.08338264506983,9.75,0
85,1,14.75,19,0,2.41783343875291,1
85,1,14.75,19,2.41783343875291,3.26309477890297,1
85,1,14.75,19,3.26309477890297,6.09208710791067,1
85,1,14.75,19,6.09208710791067,6.17215849923162,1
85,1,14.75,19,6.17215849923162,6.83853962778823,1
85,1,14.75,19,6.83853962778823,7.21662582243901,1
85,1,14.75,19,7.21662582243901,9.32965009501014,1
85,1,14.75,19,9.32965009501014,10.1784023709824,1
85,1,14.75,19,10.1784023709824,10.8568516800718,1
85,1,14.75,19,10.8568516800718,11.4221673069411,1
85,1,14.75,19,11.4221673069411,11.562671792643,1
85,1,14.75,19,11.562671792643,12.071273161188,1
85,1,14.75,19,12.071273161188,12.6038760377775,1
85,1,14.75,19,12.6038760377775,12.8106576317106,1
85,1,14.75,19,12.8106576317106,12.8417179402565,1
85,1,14.75,19,12.8417179402565,12.9538722573152,1
85,1,14.75,19,12.9538722573152,13.580086790434,1
85,1,14.75,19,13.580086790434,13.8789523825873,1
85,1,14.75,19,13.8789523825873,14.18847871726,1
85,1,14.75,19,14.18847871726,14.75,0
86,1,10.75,0,0,10.75,0
87,1,13.75,3,0,4.69913694087111,1
87,1,13.75,3,4.69913694087111,9.10112287028401,1
87,1,13.75,3,9.10112287028401,9.20258215462693,1
87,1,13.75,3,9.20258215462693,13.75,0
88,1,8.75,7,0,4.84032947189373,1
88,1,8.75,7,4.84032947189373,6.56983102552143,1
88,1,8.75,7,6.56983102552143,7.08819634940482,1
88,1,8.75,7,7.08819634940482,8.19870279020074,1
88,1,8.75,7,8.19870279020074,8.31696308070732,1
88,1,8.75,7,8.31696308070732,8.4338079045136,1
88,1,8.75,7,8.4338079045136,8.70912621565055,1
88,1,8.75,7,8.70912621565055,8.75,0
89,1,8.75,6,0,5.44861247483964,1
89,1,8.75,6,5.44861247483964,5.76391700834039,1
89,1,8.75,6,5.76391700834039,6.36454839868312,1
89,1,8.75,6,6.36454839868312,6.76446446286601,1
89,1,8.75,6,6.76446446286601,8.50172016135541,1
89,1,8.75,6,8.50172016135541,8.58134552449885,1
89,1,8.75,6,8.58134552449885,8.75,0
90,1,11.75,2,0,0.077205949514857,1
90,1,11.75,2,0.077205949514857,1.04297271451005,1
90,1,11.75,2,1.04297271451005,11.75,0
91,1,14.75,2,0,5.90380253968721,1
91,1,14.75,2,5.90380253968721,9.90650624085729,1
91,1,14.75,2,9.90650624085729,14.75,0
92,1,13.75,2,0,0.128080206093241,1
92,1,13.75,2,0.128080206093241,0.450888925554078,1
92,1,13.75,2,0.450888925554078,13.75,0
93,1,10.75,20,0,2.14250957123646,1
93,1,10.75,20,2.14250957123646,4.26739992582004,1
93,1,10.75,20,4.26739992582004,4.59330260175637,1
93,1,10.75,20,4.59330260175637,4.85463010435187,1
93,1,10.75,20,4.85463010435187,5.02256238168788,1
93,1,10.75,20,5.02256238168788,5.04053417976666,1
93,1,10.75,20,5.04053417976666,5.17844304374375,1
93,1,10.75,20,5.17844304374375,6.45047419191291,1
93,1,10.75,20,6.45047419191291,7.08721271204175,1
93,1,10.75,20,7.08721271204175,7.09611735550697,1
93,1,10.75,20,7.09611735550697,7.22019255622916,1
93,1,10.75,20,7.22019255622916,7.7495882578462,1
93,1,10.75,20,7.7495882578462,8.38958205313248,1
93,1,10.75,20,8.38958205313248,8.71378791817485,1
93,1,10.75,20,8.71378791817485,8.95947659836516,1
93,1,10.75,20,8.95947659836516,9.0350921560481,1
93,1,10.75,20,9.0350921560481,9.20684327296319,1
93,1,10.75,20,9.20684327296319,9.53348244916182,1
93,1,10.75,20,9.53348244916182,9.9429070008684,1
93,1,10.75,20,9.9429070008684,10.6549393834602,1
93,1,10.75,20,10.6549393834602,10.75,0
94,1,12.75,2,0,0.42931168101353,1
94,1,12.75,2,0.42931168101353,2.54069511245323,1
94,1,12.75,2,2.54069511245323,12.75,0
95,1,11.75,5,0,0.651098883396845,1
95,1,11.75,5,0.651098883396845,5.30582374785361,1
95,1,11.75,5,5.30582374785361,10.2443070121719,1
95,1,11.75,5,10.2443070121719,11.0649601957878,1
95,1,11.75,5,11.0649601957878,11.607301280412,1
95,1,11.75,5,11.607301280412,11.75,0
96,1,11.75,0,0,11.75,0
97,1,18.75,5,0,0.0920696632996574,1
97,1,18.75,5,0.0920696632996574,0.779309060722458,1
97,1,18.75,5,0.779309060722458,2.22051916111749,1
97,1,18.75,5,2.22051916111749,2.91846949015898,1
97,1,18.75,5,2.91846949015898,12.6553587196876,1
97,1,18.75,5,12.6553587196876,18.75,0
98,1,19.75,34,0,7.04798101332164,1
98,1,19.75,34,7.04798101332164,7.26265393747689,1
98,1,19.75,34,7.26265393747689,7.37661505398174,1
98,1,19.75,34,7.37661505398174,9.47531663089176,1
98,1,19.75,34,9.47531663089176,9.74055412603575,1
98,1,19.75,34,9.74055412603575,9.78251023502368,1
98,1,19.75,34,9.78251023502368,10.3250802113872,1
98,1,19.75,34,10.3250802113872,11.2968383621395,1
98,1,19.75,34,11.2968383621395,12.5116323948317,1
98,1,19.75,34,12.5116323948317,12.8117043545894,1
98,1,19.75,34,12.8117043545894,13.1144934237742,1
98,1,19.75,34,13.1144934237742,13.8566510917373,1
98,1,19.75,34,13.8566510917373,14.0663546337325,1
98,1,19.75,34,14.0663546337325,14.3549990459885,1
98,1,19.75,34,14.3549990459885,14.8941209721782,1
98,1,19.75,34,14.8941209721782,14.9097722387518,1
98,1,19.75,34,14.9097722387518,15.236490306521,1
98,1,19.75,34,15.236490306521,15.6687106504408,1
98,1,19.75,34,15.6687106504408,15.9928149140321,1
98,1,19.75,34,15.9928149140321,15.9963434033914,1
98,1,19.75,34,15.9963434033914,16.0228798926438,1
98,1,19.75,34,16.0228798926438,16.201400385699,1
98,1,19.75,34,16.201400385699,16.4992353349188,1
98,1,19.75,34,16.4992353349188,17.1407356697172,1
98,1,19.75,34,17.1407356697172,17.2102625823241,1
98,1,19.75,34,17.2102625823241,17.3477110941127,1
98,1,19.75,34,17.3477110941127,17.5748128185616,1
98,1,19.75,34,17.5748128185616,17.9366562551531,1
98,1,19.75,34,17.9366562551531,18.3044166677308,1
98,1,19.75,34,18.3044166677308,18.3083837674008,1
98,1,19.75,34,18.3083837674008,18.4865043122046,1
98,1,19.75,34,18.4865043122046,18.5107717444868,1
98,1,19.75,34,18.5107717444868,18.645675350082,1
98,1,19.75,34,18.645675350082,19.6755313018334,1
98,1,19.75,34,19.6755313018334,19.75,0
99,1,14.75,37,0,3.38733032677481,1
99,1,14.75,37,3.38733032677481,3.62867772105432,1
99,1,14.75,37,3.62867772105432,4.89386934998233,1
99,1,14.75,37,4.89386934998233,5.05143341280542,1
99,1,14.75,37,5.05143341280542,6.04986557800223,1
99,1,14.75,37,6.04986557800223,6.42598884664309,1
99,1,14.75,37,6.42598884664309,7.70960527183044,1
99,1,14.75,37,7.70960527183044,8.25559781549333,1
99,1,14.75,37,8.25559781549333,8.28522317746654,1
99,1,14.75,37,8.28522317746654,8.83122484178929,1
99,1,14.75,37,8.83122484178929,8.8485394967898,1
99,1,14.75,37,8.8485394967898,8.92547811304232,1
99,1,14.75,37,8.92547811304232,9.03332785970137,1
99,1,14.75,37,9.03332785970137,9.22890097256754,1
99,1,14.75,37,9.22890097256754,9.70093974574886,1
99,1,14.75,37,9.70093974574886,10.0762632297808,1
99,1,14.75,37,10.0762632297808,10.5868198264205,1
99,1,14.75,37,10.5868198264205,10.6718333334408,1
99,1,14.75,37,10.6718333334408,11.0499121305032,1
99,1,14.75,37,11.0499121305032,11.4790847713309,1
99,1,14.75,37,11.4790847713309,11.6586392799863,1
99,1,14.75,37,11.6586392799863,12.5914868826398,1
99,1,14.75,37,12.5914868826398,12.7868041379161,1
99,1,14.75,37,12.7868041379161,12.7921860417071,1
99,1,14.75,37,12.7921860417071,13.0785259331485,1
99,1,14.75,37,13.0785259331485,13.3209726899152,1
99,1,14.75,37,13.3209726899152,13.3456967456583,1
99,1,14.75,37,13.3456967456583,13.3715112613578,1
99,1,14.75,37,13.3715112613578,13.6308661946427,1
99,1,14.75,37,13.6308661946427,13.7192439242048,1
99,1,14.75,37,13.7192439242048,13.9314424733022,1
99,1,14.75,37,13.9314424733022,13.9335294148068,1
99,1,14.75,37,13.9335294148068,14.1418546742206,1
99,1,14.75,37,14.1418546742206,14.1949943344649,1
99,1,14.75,37,14.1949943344649,14.3494927672673,1
99,1,14.75,37,14.3494927672673,14.6576881404956,1
99,1,14.75,37,14.6576881404956,14.7206771944661,1
99,1,14.75,37,14.7206771944661,14.75,0
100,1,14.75,28,0,3.37307041689358,1
100,1,14.75,28,3.37307041689358,4.80397440508937,1
100,1,14.75,28,4.80397440508937,4.80417847496987,1
100,1,14.75,28,4.80417847496987,4.86967077762086,1
100,1,14.75,28,4.86967077762086,6.69863109947325,1
100,1,14.75,28,6.69863109947325,7.27570063744537,1
100,1,14.75,28,7.27570063744537,7.33981509668095,1
100,1,14.75,28,7.33981509668095,7.56234915170699,1
100,1,14.75,28,7.56234915170699,7.83938643935367,1
100,1,14.75,28,7.83938643935367,8.84705792352965,1
100,1,14.75,28,8.84705792352965,9.45753364348962,1
100,1,14.75,28,9.45753364348962,10.1341391449778,1
100,1,14.75,28,10.1341391449778,11.002990657942,1
100,1,14.75,28,11.002990657942,11.1046320554498,1
100,1,14.75,28,11.1046320554498,11.9762980309147,1
100,1,14.75,28,11.9762980309147,12.0542892693413,1
100,1,14.75,28,12.0542892693413,12.9486862476463,1
100,1,14.75,28,12.9486862476463,12.9514536369438,1
100,1,14.75,28,12.9514536369438,13.1221255573709,1
100,1,14.75,28,13.1221255573709,13.2475595833929,1
100,1,14.75,28,13.2475595833929,13.3116139888753,1
100,1,14.75,28,13.3116139888753,13.499323845536,1
100,1,14.75,28,13.499323845536,13.6972445454456,1
100,1,14.75,28,13.6972445454456,13.9102507008267,1
100,1,14.75,28,13.9102507008267,14.2575512415,1
100,1,14.75,28,14.2575512415,14.4450455108412,1
100,1,14.75,28,14.4450455108412,14.4625167925121,1
100,1,14.75,28,14.4625167925121,14.5650011833256,1
100,1,14.75,28,14.5650011833256,14.75,0
101,1,12.75,2,0,1.01834078428562,1
101,1,12.75,2,1.01834078428562,2.26256204376693,1
101,1,12.75,2,2.26256204376693,12.75,0
102,1,12.75,0,0,12.75,0
103,1,13.75,1,0,13.5621667237728,1
103,1,13.75,1,13.5621667237728,13.75,0
104,1,12.75,0,0,12.75,0
105,1,19.75,1,0,6.14954376569379,1
105,1,19.75,1,6.14954376569379,19.75,0
106,1,8.75,5,0,2.54242987143321,1
106,1,8.75,5,2.54242987143321,4.50390915792539,1
106,1,8.75,5,4.50390915792539,5.25392637295002,1
106,1,8.75,5,5.25392637295002,5.60924120484257,1
106,1,8.75,5,5.60924120484257,8.62431810146394,1
106,1,8.75,5,8.62431810146394,8.75,0
107,1,14.75,0,0,14.75,0
108,1,16.75,3,0,2.23855425292596,1
108,1,16.75,3,2.23855425292596,12.3017140246847,1
108,1,16.75,3,12.3017140246847,15.4246199144038,1
108,1,16.75,3,15.4246199144038,16.75,0
109,1,11.75,4,0,0.506694979110061,1
109,1,11.75,4,0.506694979110061,1.38077964831416,1
109,1,11.75,4,1.38077964831416,3.21919027545077,1
109,1,11.75,4,3.21919027545077,7.77009431305256,1
109,1,11.75,4,7.77009431305256,11.75,0
110,1,17.75,3,0,0.0499477382163929,1
110,1,17.75,3,0.0499477382163929,1.85272555804637,1
110,1,17.75,3,1.85272555804637,7.59945490219464,1
110,1,17.75,3,7.59945490219464,17.75,0
111,1,8.75,1,0,5.90435882732615,1
111,1,8.75,1,5.90435882732615,8.75,0
112,1,12.75,82,0,1.83295020548732,1
112,1,12.75,82,1.83295020548732,3.54542366486638,1
112,1,12.75,82,3.54542366486638,3.65644726524381,1
112,1,12.75,82,3.65644726524381,3.70342447520372,1
112,1,12.75,82,3.70342447520372,3.77259406286217,1
112,1,12.75,82,3.77259406286217,4.03886794767205,1
112,1,12.75,82,4.03886794767205,4.0758997218798,1
112,1,12.75,82,4.0758997218798,4.19282509561366,1
112,1,12.75,82,4.19282509561366,4.24924509568347,1
112,1,12.75,82,4.24924509568347,4.31414247374227,1
112,1,12.75,82,4.31414247374227,4.35481690072282,1
112,1,12.75,82,4.35481690072282,5.46156166074466,1
112,1,12.75,82,5.46156166074466,5.63205551565525,1
112,1,12.75,82,5.63205551565525,5.72576052596525,1
112,1,12.75,82,5.72576052596525,5.75070747974002,1
112,1,12.75,82,5.75070747974002,5.80315479579374,1
112,1,12.75,82,5.80315479579374,5.92501682783213,1
112,1,12.75,82,5.92501682783213,6.52470051476389,1
112,1,12.75,82,6.52470051476389,6.5933929847011,1
112,1,12.75,82,6.5933929847011,6.71221378435964,1
112,1,12.75,82,6.71221378435964,6.84123093002403,1
112,1,12.75,82,6.84123093002403,6.94861361820582,1
112,1,12.75,82,6.94861361820582,7.04662334828953,1
112,1,12.75,82,7.04662334828953,7.19926285647281,1
112,1,12.75,82,7.19926285647281,7.21752005716882,1
112,1,12.75,82,7.21752005716882,7.27053236880343,1
112,1,12.75,82,7.27053236880343,7.72210105627511,1
112,1,12.75,82,7.72210105627511,7.74827893602602,1
112,1,12.75,82,7.74827893602602,7.80594459159116,1
112,1,12.75,82,7.80594459159116,8.16904420158608,1
112,1,12.75,82,8.16904420158608,8.17724978484197,1
112,1,12.75,82,8.17724978484197,8.25311256682613,1
112,1,12.75,82,8.25311256682613,8.31197063767105,1
112,1,12.75,82,8.31197063767105,8.38933445868422,1
112,1,12.75,82,8.38933445868422,8.49885568203625,1
112,1,12.75,82,8.49885568203625,8.5310698032948,1
112,1,12.75,82,8.5310698032948,8.7444418600073,1
112,1,12.75,82,8.7444418600073,8.87155241813082,1
112,1,12.75,82,8.87155241813082,8.87299712498326,1
112,1,12.75,82,8.87299712498326,9.29727320326105,1
112,1,12.75,82,9.29727320326105,9.39937165237141,1
112,1,12.75,82,9.39937165237141,9.62651627469905,1
112,1,12.75,82,9.62651627469905,9.71802202501729,1
112,1,12.75,82,9.71802202501729,9.7504423986071,1
112,1,12.75,82,9.7504423986071,9.90875324243531,1
112,1,12.75,82,9.90875324243531,9.91119343851681,1
112,1,12.75,82,9.91119343851681,9.92487977256428,1
112,1,12.75,82,9.92487977256428,9.96930863547489,1
112,1,12.75,82,9.96930863547489,10.0266757794386,1
112,1,12.75,82,10.0266757794386,10.0601497070136,1
112,1,12.75,82,10.0601497070136,10.1835469469029,1
112,1,12.75,82,10.1835469469029,10.3813557644664,1
112,1,12.75,82,10.3813557644664,10.3873755464812,1
112,1,12.75,82,10.3873755464812,10.5579543980012,1
112,1,12.75,82,10.5579543980012,10.5896415751901,1
112,1,12.75,82,10.5896415751901,10.8492824713926,1
112,1,12.75,82,10.8492824713926,10.8591335814617,1
112,1,12.75,82,10.8591335814617,10.943548929059,1
112,1,12.75,82,10.943548929059,11.012209273858,1
112,1,12.75,82,11.012209273858,11.0406113661536,1
112,1,12.75,82,11.0406113661536,11.2477923230332,1
112,1,12.75,82,11.2477923230332,11.279680448753,1
112,1,12.75,82,11.279680448753,11.2990901408129,1
112,1,12.75,82,11.2990901408129,11.3248571520392,1
112,1,12.75,82,11.3248571520392,11.3347930187402,1
112,1,12.75,82,11.3347930187402,11.3514461235467,1
112,1,12.75,82,11.3514461235467,11.3524013074887,1
112,1,12.75,82,11.3524013074887,11.5436978283853,1
112,1,12.75,82,11.5436978283853,11.5886694467589,1
112,1,12.75,82,11.5886694467589,11.7149172678689,1
112,1,12.75,82,11.7149172678689,11.715383629896,1
112,1,12.75,82,11.715383629896,11.7166203052499,1
112,1,12.75,82,11.7166203052499,12.1554011758566,1
112,1,12.75,82,12.1554011758566,12.3153340813446,1
112,1,12.75,82,12.3153340813446,12.3243432415398,1
112,1,12.75,82,12.3243432415398,12.3319872158497,1
112,1,12.75,82,12.3319872158497,12.3715519767507,1
112,1,12.75,82,12.3715519767507,12.4719430062761,1
112,1,12.75,82,12.4719430062761,12.4991509792654,1
112,1,12.75,82,12.4991509792654,12.5301177706081,1
112,1,12.75,82,12.5301177706081,12.5843762720026,1
112,1,12.75,82,12.5843762720026,12.674430078899,1
112,1,12.75,82,12.674430078899,12.75,0
113,1,8.75,0,0,8.75,0
114,1,8.75,3,0,2.0809971099205,1
114,1,8.75,3,2.0809971099205,6.55937951921703,1
114,1,8.75,3,6.55937951921703,8.17491124120734,1
114,1,8.75,3,8.17491124120734,8.75,0
115,1,12.75,4,0,2.64877066392734,1
115,1,12.75,4,2.64877066392734,6.32015566117772,1
115,1,12.75,4,6.32015566117772,7.88625394988832,1
115,1,12.75,4,7.88625394988832,8.86405045014326,1
115,1,12.75,4,8.86405045014326,12.75,0
116,1,8.75,2,0,0.0824226720760557,1
116,1,8.75,2,0.0824226720760557,7.90633962456984,1
116,1,8.75,2,7.90633962456984,8.75,0
117,1,16.75,3,0,1.51023847903387,1
117,1,16.75,3,1.51023847903387,5.33083569583636,1
117,1,16.75,3,5.33083569583636,8.34348922475794,1
117,1,16.75,3,8.34348922475794,16.75,0
118,1,14.75,16,0,2.63051143483304,1
118,1,14.75,16,2.63051143483304,5.11317283855322,1
118,1,14.75,16,5.11317283855322,5.9837935987576,1
118,1,14.75,16,5.9837935987576,8.0427758715074,1
118,1,14.75,16,8.0427758715074,9.36374265880683,1
118,1,14.75,16,9.36374265880683,9.37402045311867,1
118,1,14.75,16,9.37402045311867,9.52706264537353,1
118,1,14.75,16,9.52706264537353,10.1072558988576,1
118,1,14.75,16,10.1072558988576,11.5790902338042,1
118,1,14.75,16,11.5790902338042,11.7909209100495,1
118,1,14.75,16,11.7909209100495,11.8100109180875,1
118,1,14.75,16,11.8100109180875,12.7975042348269,1
118,1,14.75,16,12.7975042348269,14.1525278053934,1
118,1,14.75,16,14.1525278053934,14.1937471116481,1
118,1,14.75,16,14.1937471116481,14.2011055680772,1
118,1,14.75,16,14.2011055680772,14.3776530935211,1
118,1,14.75,16,14.3776530935211,14.75,0
119,1,15.75,0,0,15.75,0
120,1,11.75,15,0,3.79293787062152,1
120,1,11.75,15,3.79293787062152,6.020317200628,1
120,1,11.75,15,6.020317200628,6.37122988050731,1
120,1,11.75,15,6.37122988050731,7.16870563282261,1
120,1,11.75,15,7.16870563282261,7.39153330751372,1
120,1,11.75,15,7.39153330751372,7.82501400543372,1
120,1,11.75,15,7.82501400543372,8.2787414562826,1
120,1,11.75,15,8.2787414562826,8.50322127897442,1
120,1,11.75,15,8.50322127897442,9.13603230811731,1
120,1,11.75,15,9.13603230811731,9.22368817833198,1
120,1,11.75,15,9.22368817833198,9.41643959111444,1
120,1,11.75,15,9.41643959111444,10.6480420290783,1
120,1,11.75,15,10.6480420290783,10.6758862721635,1
120,1,11.75,15,10.6758862721635,11.4794819335065,1
120,1,11.75,15,11.4794819335065,11.4887526320571,1
120,1,11.75,15,11.4887526320571,11.75,0
121,1,11.75,2,0,0.534713325226283,1
121,1,11.75,2,0.534713325226283,1.80135133766736,1
121,1,11.75,2,1.80135133766736,11.75,0
122,1,16.75,1,0,0.0288083483618595,1
122,1,16.75,1,0.0288083483618595,16.75,0
123,1,17.75,2,0,0.0186220113188562,1
123,1,17.75,2,0.0186220113188562,0.0597267046019015,1
123,1,17.75,2,0.0597267046019015,17.75,0
124,1,14.75,4,0,0.0791426091444831,1
124,1,14.75,4,0.0791426091444831,0.535487072422364,1
124,1,14.75,4,0.535487072422364,2.36255602135717,1
124,1,14.75,4,2.36255602135717,9.21197508558278,1
124,1,14.75,4,9.21197508558278,14.75,0
125,1,10.75,0,0,10.75,0
126,1,14.75,0,0,14.75,0
127,1,15.75,41,0,1.68689041846842,1
127,1,15.75,41,1.68689041846842,3.37404710041838,1
127,1,15.75,41,3.37404710041838,4.28596349896356,1
127,1,15.75,41,4.28596349896356,5.90567657067683,1
127,1,15.75,41,5.90567657067683,6.37066458608479,1
127,1,15.75,41,6.37066458608479,6.54517904168907,1
127,1,15.75,41,6.54517904168907,7.91746021411134,1
127,1,15.75,41,7.91746021411134,7.93268064108075,1
127,1,15.75,41,7.93268064108075,7.94567519236229,1
127,1,15.75,41,7.94567519236229,8.26911553621903,1
127,1,15.75,41,8.26911553621903,8.51058844500261,1
127,1,15.75,41,8.51058844500261,8.62325321614756,1
127,1,15.75,41,8.62325321614756,8.69794049378187,1
127,1,15.75,41,8.69794049378187,9.74841536874581,1
127,1,15.75,41,9.74841536874581,10.0590085546779,1
127,1,15.75,41,10.0590085546779,10.869133861382,1
127,1,15.75,41,10.869133861382,11.0028615492872,1
127,1,15.75,41,11.0028615492872,11.0716397707436,1
127,1,15.75,41,11.0716397707436,11.1131649481035,1
127,1,15.75,41,11.1131649481035,11.7891504154351,1
127,1,15.75,41,11.7891504154351,11.9055371690206,1
127,1,15.75,41,11.9055371690206,12.2232668735541,1
127,1,15.75,41,12.2232668735541,12.2641824008479,1
127,1,15.75,41,12.2641824008479,12.2705825116033,1
127,1,15.75,41,12.2705825116033,12.581586174055,1
127,1,15.75,41,12.581586174055,12.6517782565636,1
127,1,15.75,41,12.6517782565636,13.0249911116786,1
127,1,15.75,41,13.0249911116786,13.9489525126323,1
127,1,15.75,41,13.9489525126323,14.0170760034941,1
127,1,15.75,41,14.0170760034941,14.5019476888855,1
127,1,15.75,41,14.5019476888855,14.6513196446633,1
127,1,15.75,41,14.6513196446633,14.8097692733099,1
127,1,15.75,41,14.8097692733099,14.9617553024255,1
127,1,15.75,41,14.9617553024255,14.9707484747225,1
127,1,15.75,41,14.9707484747225,15.2021265945217,1
127,1,15.75,41,15.2021265945217,15.4724394023982,1
127,1,15.75,41,15.4724394023982,15.6144818044262,1
127,1,15.75,41,15.6144818044262,15.6714524818748,1
127,1,15.75,41,15.6714524818748,15.6756024700406,1
127,1,15.75,41,15.6756024700406,15.6790897975684,1
127,1,15.75,41,15.6790897975684,15.7213496618625,1
127,1,15.75,41,15.7213496618625,15.75,0
128,1,15.75,4,0,0.161587104007811,1
128,1,15.75,4,0.161587104007811,1.48943749877261,1
128,1,15.75,4,1.48943749877261,4.34046337013744,1
128,1,15.75,4,4.34046337013744,12.6417782060266,1
128,1,15.75,4,12.6417782060266,15.75,0
129,1,16.75,63,0,3.24173913277614,1
129,1,16.75,63,3.24173913277614,4.62264653079616,1
129,1,16.75,63,4.62264653079616,4.7751409879919,1
129,1,16.75,63,4.7751409879919,4.80824471675412,1
129,1,16.75,63,4.80824471675412,5.03163632480741,1
129,1,16.75,63,5.03163632480741,6.08013602588273,1
129,1,16.75,63,6.08013602588273,6.52067626068772,1
129,1,16.75,63,6.52067626068772,6.74656464680376,1
129,1,16.75,63,6.74656464680376,6.97892090605991,1
129,1,16.75,63,6.97892090605991,7.15764724009364,1
129,1,16.75,63,7.15764724009364,7.44623919691511,1
129,1,16.75,63,7.44623919691511,7.98526933018175,1
129,1,16.75,63,7.98526933018175,8.69962895386806,1
129,1,16.75,63,8.69962895386806,8.91400035482054,1
129,1,16.75,63,8.91400035482054,8.95766667472592,1
129,1,16.75,63,8.95766667472592,9.17084303536174,1
129,1,16.75,63,9.17084303536174,9.6567917923688,1
129,1,16.75,63,9.6567917923688,9.66752860391418,1
129,1,16.75,63,9.66752860391418,9.94800956833696,1
129,1,16.75,63,9.94800956833696,10.2666182586325,1
129,1,16.75,63,10.2666182586325,10.5205668724716,1
129,1,16.75,63,10.5205668724716,10.6624354392025,1
129,1,16.75,63,10.6624354392025,10.6889289362762,1
129,1,16.75,63,10.6889289362762,10.7041661628588,1
129,1,16.75,63,10.7041661628588,10.8660458999161,1
129,1,16.75,63,10.8660458999161,10.9189794923841,1
129,1,16.75,63,10.9189794923841,11.2314223714909,1
129,1,16.75,63,11.2314223714909,11.2616716879251,1
129,1,16.75,63,11.2616716879251,11.3839872125123,1
129,1,16.75,63,11.3839872125123,11.3971151503687,1
129,1,16.75,63,11.3971151503687,11.8252394278749,1
129,1,16.75,63,11.8252394278749,11.8968324839335,1
129,1,16.75,63,11.8968324839335,11.9850605584494,1
129,1,16.75,63,11.9850605584494,12.0687835113072,1
129,1,16.75,63,12.0687835113072,12.2101171749192,1
129,1,16.75,63,12.2101171749192,12.5728809423302,1
129,1,16.75,63,12.5728809423302,12.7439036445242,1
129,1,16.75,63,12.7439036445242,12.9047256907621,1
129,1,16.75,63,12.9047256907621,13.0655714503893,1
129,1,16.75,63,13.0655714503893,13.0893262603498,1
129,1,16.75,63,13.0893262603498,13.2249521154599,1
129,1,16.75,63,13.2249521154599,13.4305434911257,1
129,1,16.75,63,13.4305434911257,13.5553710442073,1
129,1,16.75,63,13.5553710442073,13.5807231170974,1
129,1,16.75,63,13.5807231170974,13.7797227647808,1
129,1,16.75,63,13.7797227647808,14.0268446436358,1
129,1,16.75,63,14.0268446436358,14.1731219777311,1
129,1,16.75,63,14.1731219777311,14.2048772747373,1
129,1,16.75,63,14.2048772747373,14.2231974095292,1
129,1,16.75,63,14.2231974095292,14.9020605591532,1
129,1,16.75,63,14.9020605591532,15.2646307578575,1
129,1,16.75,63,15.2646307578575,15.4660511433433,1
129,1,16.75,63,15.4660511433433,15.5826318233629,1
129,1,16.75,63,15.5826318233629,15.6148206314175,1
129,1,16.75,63,15.6148206314175,15.8207683918779,1
129,1,16.75,63,15.8207683918779,15.9984242488826,1
129,1,16.75,63,15.9984242488826,16.2227194856206,1
129,1,16.75,63,16.2227194856206,16.2498869245143,1
129,1,16.75,63,16.2498869245143,16.3478848328769,1
129,1,16.75,63,16.3478848328769,16.3517703004479,1
129,1,16.75,63,16.3517703004479,16.6385679824563,1
129,1,16.75,63,16.6385679824563,16.7236036174421,1
129,1,16.75,63,16.7236036174421,16.7357927925251,1
129,1,16.75,63,16.7357927925251,16.75,0
130,1,13.75,14,0,6.38871372738877,1
130,1,13.75,14,6.38871372738877,6.76096513347722,1
130,1,13.75,14,6.76096513347722,8.66915499938611,1
130,1,13.75,14,8.66915499938611,10.3084620886339,1
130,1,13.75,14,10.3084620886339,10.5359617647195,1
130,1,13.75,14,10.5359617647195,10.639647577763,1
130,1,13.75,14,10.639647577763,10.6958021528222,1
130,1,13.75,14,10.6958021528222,10.7325344163091,1
130,1,13.75,14,10.7325344163091,10.8448612162265,1
130,1,13.75,14,10.8448612162265,10.9045839517102,1
130,1,13.75,14,10.9045839517102,11.899708584294,1
130,1,13.75,14,11.899708584294,12.2275706805278,1
130,1,13.75,14,12.2275706805278,13.2943827937823,1
130,1,13.75,14,13.2943827937823,13.7257156337072,1
130,1,13.75,14,13.7257156337072,13.75,0
131,1,15.75,2,0,0.216350262428906,1
131,1,15.75,2,0.216350262428906,1.19087121131093,1
131,1,15.75,2,1.19087121131093,15.75,0
132,1,14.75,1,0,12.7929850091202,1
132,1,14.75,1,12.7929850091202,14.75,0
133,1,19.75,72,0,2.65104085761987,1
133,1,19.75,72,2.65104085761987,2.99016001884113,1
133,1,19.75,72,2.99016001884113,3.97257887774752,1
133,1,19.75,72,3.97257887774752,5.76062513786861,1
133,1,19.75,72,5.76062513786861,5.77024608461376,1
133,1,19.75,72,5.77024608461376,6.34325076801296,1
133,1,19.75,72,6.34325076801296,6.437961172862,1
133,1,19.75,72,6.437961172862,7.0123138725362,1
133,1,19.75,72,7.0123138725362,7.22721107275085,1
133,1,19.75,72,7.22721107275085,8.75526912775143,1
133,1,19.75,72,8.75526912775143,9.25228365032355,1
133,1,19.75,72,9.25228365032355,9.66568006557341,1
133,1,19.75,72,9.66568006557341,9.80038342062343,1
133,1,19.75,72,9.80038342062343,10.5387204005998,1
133,1,19.75,72,10.5387204005998,10.5831312369111,1
133,1,19.75,72,10.5831312369111,10.7458446829233,1
133,1,19.75,72,10.7458446829233,10.8672949822369,1
133,1,19.75,72,10.8672949822369,11.9316116799436,1
133,1,19.75,72,11.9316116799436,12.0393075791471,1
133,1,19.75,72,12.0393075791471,12.0998495578223,1
133,1,19.75,72,12.0998495578223,12.35097507035,1
133,1,19.75,72,12.35097507035,12.5016818615936,1
133,1,19.75,72,12.5016818615936,12.5982186887762,1
133,1,19.75,72,12.5982186887762,12.6290264766381,1
133,1,19.75,72,12.6290264766381,12.7842019239654,1
133,1,19.75,72,12.7842019239654,12.8693799127496,1
133,1,19.75,72,12.8693799127496,12.9547563775451,1
133,1,19.75,72,12.9547563775451,13.8868259270315,1
133,1,19.75,72,13.8868259270315,13.9853737974382,1
133,1,19.75,72,13.9853737974382,14.0910719383348,1
133,1,19.75,72,14.0910719383348,14.1804773125268,1
133,1,19.75,72,14.1804773125268,14.3528677508663,1
133,1,19.75,72,14.3528677508663,14.628947942384,1
133,1,19.75,72,14.628947942384,14.7198666995427,1
133,1,19.75,72,14.7198666995427,14.9230367141234,1
133,1,19.75,72,14.9230367141234,15.0600628278883,1
133,1,19.75,72,15.0600628278883,15.2587730882385,1
133,1,19.75,72,15.2587730882385,15.5958909410098,1
133,1,19.75,72,15.5958909410098,15.7032582937713,1
133,1,19.75,72,15.7032582937713,15.8614792130567,1
133,1,19.75,72,15.8614792130567,16.008144740935,1
133,1,19.75,72,16.008144740935,16.0471029103109,1
133,1,19.75,72,16.0471029103109,16.0929616750151,1
133,1,19.75,72,16.0929616750151,16.2686887283284,1
133,1,19.75,72,16.2686887283284,16.3249697704733,1
133,1,19.75,72,16.3249697704733,16.7151845292858,1
133,1,19.75,72,16.7151845292858,16.778397786882,1
133,1,19.75,72,16.778397786882,16.7885505013097,1
133,1,19.75,72,16.7885505013097,16.98997241136,1
133,1,19.75,72,16.98997241136,17.0072747966027,1
133,1,19.75,72,17.0072747966027,17.0497545458702,1
133,1,19.75,72,17.0497545458702,17.1051264069161,1
133,1,19.75,72,17.1051264069161,17.1582453019966,1
133,1,19.75,72,17.1582453019966,17.4953569773067,1
133,1,19.75,72,17.4953569773067,17.7456583102067,1
133,1,19.75,72,17.7456583102067,17.7466267811884,1
133,1,19.75,72,17.7466267811884,17.7486685640438,1
133,1,19.75,72,17.7486685640438,17.9211662605541,1
133,1,19.75,72,17.9211662605541,18.0651818620012,1
133,1,19.75,72,18.0651818620012,18.0812495261384,1
133,1,19.75,72,18.0812495261384,18.5337144123793,1
133,1,19.75,72,18.5337144123793,18.8147915297972,1
133,1,19.75,72,18.8147915297972,18.8901474015832,1
133,1,19.75,72,18.8901474015832,18.9885006114041,1
133,1,19.75,72,18.9885006114041,19.0131158325401,1
133,1,19.75,72,19.0131158325401,19.1302986306876,1
133,1,19.75,72,19.1302986306876,19.2341841682275,1
133,1,19.75,72,19.2341841682275,19.2842151714289,1
133,1,19.75,72,19.2842151714289,19.4816491995109,1
133,1,19.75,72,19.4816491995109,19.6519288358648,1
133,1,19.75,72,19.6519288358648,19.7069692969645,1
133,1,19.75,72,19.7069692969645,19.7150769179955,1
133,1,19.75,72,19.7150769179955,19.75,0
134,1,17.75,1,0,0.00421621104932803,1
134,1,17.75,1,0.00421621104932803,17.75,0
135,1,13.75,34,0,2.03290855003842,1
135,1,13.75,34,2.03290855003842,6.07344813805511,1
135,1,13.75,34,6.07344813805511,6.710777067223,1
135,1,13.75,34,6.710777067223,6.75132366237701,1
135,1,13.75,34,6.75132366237701,6.94960051656388,1
135,1,13.75,34,6.94960051656388,7.19299126557971,1
135,1,13.75,34,7.19299126557971,7.2107478990791,1
135,1,13.75,34,7.2107478990791,7.52739024525363,1
135,1,13.75,34,7.52739024525363,7.56851841460241,1
135,1,13.75,34,7.56851841460241,7.67745180909906,1
135,1,13.75,34,7.67745180909906,7.86643707898696,1
135,1,13.75,34,7.86643707898696,8.48118696525705,1
135,1,13.75,34,8.48118696525705,8.59208402537726,1
135,1,13.75,34,8.59208402537726,9.73246622670923,1
135,1,13.75,34,9.73246622670923,9.74792848900479,1
135,1,13.75,34,9.74792848900479,9.81685349267915,1
135,1,13.75,34,9.81685349267915,9.88191112788979,1
135,1,13.75,34,9.88191112788979,9.90070201545558,1
135,1,13.75,34,9.90070201545558,10.4873818226668,1
135,1,13.75,34,10.4873818226668,10.9945720786638,1
135,1,13.75,34,10.9945720786638,11.0693791766878,1
135,1,13.75,34,11.0693791766878,11.2738280974032,1
135,1,13.75,34,11.2738280974032,11.6088711299727,1
135,1,13.75,34,11.6088711299727,11.8686627079819,1
135,1,13.75,34,11.8686627079819,12.3152925907365,1
135,1,13.75,34,12.3152925907365,12.4812635627244,1
135,1,13.75,34,12.4812635627244,12.6828111203683,1
135,1,13.75,34,12.6828111203683,12.7822945301568,1
135,1,13.75,34,12.7822945301568,13.0227225708819,1
135,1,13.75,34,13.0227225708819,13.2187855006841,1
135,1,13.75,34,13.2187855006841,13.2587238186049,1
135,1,13.75,34,13.2587238186049,13.4599244303296,1
135,1,13.75,34,13.4599244303296,13.6240861408711,1
135,1,13.75,34,13.6240861408711,13.714758659022,1
135,1,13.75,34,13.714758659022,13.75,0
136,1,11.75,27,0,2.10543581905955,1
136,1,11.75,27,2.10543581905955,4.30988762701718,1
136,1,11.75,27,4.30988762701718,4.77742265605076,1
136,1,11.75,27,4.77742265605076,5.22995979515134,1
136,1,11.75,27,5.22995979515134,6.15496075261949,1
136,1,11.75,27,6.15496075261949,6.49980577206472,1
136,1,11.75,27,6.49980577206472,6.90914987705046,1
136,1,11.75,27,6.90914987705046,7.18475140932672,1
136,1,11.75,27,7.18475140932672,7.95171337608663,1
136,1,11.75,27,7.95171337608663,7.97354473176645,1
136,1,11.75,27,7.97354473176645,8.21836151835752,1
136,1,11.75,27,8.21836151835752,8.27456928287618,1
136,1,11.75,27,8.27456928287618,8.28944976362412,1
136,1,11.75,27,8.28944976362412,8.42069196397255,1
136,1,11.75,27,8.42069196397255,8.60611547840216,1
136,1,11.75,27,8.60611547840216,8.63975085894421,1
136,1,11.75,27,8.63975085894421,8.96816894683137,1
136,1,11.75,27,8.96816894683137,9.65064912581349,1
136,1,11.75,27,9.65064912581349,9.65067567509727,1
136,1,11.75,27,9.65067567509727,9.72421302026867,1
136,1,11.75,27,9.72421302026867,10.033886595529,1
136,1,11.75,27,10.033886595529,10.4990284290232,1
136,1,11.75,27,10.4990284290232,10.8142781173139,1
136,1,11.75,27,10.8142781173139,11.091090617358,1
136,1,11.75,27,11.091090617358,11.1442277363207,1
136,1,11.75,27,11.1442277363207,11.3247706656896,1
136,1,11.75,27,11.3247706656896,11.4523966211209,1
136,1,11.75,27,11.4523966211209,11.75,0
137,1,11.75,0,0,11.75,0
138,1,17.75,2,0,0.370508957242223,1
138,1,17.75,2,0.370508957242223,11.0855166427006,1
138,1,17.75,2,11.0855166427006,17.75,0
139,1,13.75,48,0,2.43678080003097,1
139,1,13.75,48,2.43678080003097,3.78147790556475,1
139,1,13.75,48,3.78147790556475,5.15789322782908,1
139,1,13.75,48,5.15789322782908,5.42492371462372,1
139,1,13.75,48,5.42492371462372,5.49594472035283,1
139,1,13.75,48,5.49594472035283,6.27674202914345,1
139,1,13.75,48,6.27674202914345,6.31510843956858,1
139,1,13.75,48,6.31510843956858,6.37376991756309,1
139,1,13.75,48,6.37376991756309,6.39207067417464,1
139,1,13.75,48,6.39207067417464,6.471024754022,1
139,1,13.75,48,6.471024754022,6.7177408920248,1
139,1,13.75,48,6.7177408920248,6.9739827523284,1
139,1,13.75,48,6.9739827523284,8.15660031051539,1
139,1,13.75,48,8.15660031051539,8.21189827721773,1
139,1,13.75,48,8.21189827721773,8.39571678830437,1
139,1,13.75,48,8.39571678830437,9.06770347638221,1
139,1,13.75,48,9.06770347638221,9.13815336633338,1
139,1,13.75,48,9.13815336633338,9.39423257859913,1
139,1,13.75,48,9.39423257859913,9.41932499971092,1
139,1,13.75,48,9.41932499971092,10.0707762002154,1
139,1,13.75,48,10.0707762002154,10.1455730486783,1
139,1,13.75,48,10.1455730486783,10.266311418604,1
139,1,13.75,48,10.266311418604,10.5490567078086,1
139,1,13.75,48,10.5490567078086,10.5811804746181,1
139,1,13.75,48,10.5811804746181,10.5941389805041,1
139,1,13.75,48,10.5941389805041,11.2565275779323,1
139,1,13.75,48,11.2565275779323,11.3465866146083,1
139,1,13.75,48,11.3465866146083,11.7258283274326,1
139,1,13.75,48,11.7258283274326,11.8039268633824,1
139,1,13.75,48,11.8039268633824,11.8350804687964,1
139,1,13.75,48,11.8350804687964,12.0079439825587,1
139,1,13.75,48,12.0079439825587,12.1793465625462,1
139,1,13.75,48,12.1793465625462,12.588219267932,1
139,1,13.75,48,12.588219267932,12.6555941082763,1
139,1,13.75,48,12.6555941082763,12.8227155476115,1
139,1,13.75,48,12.8227155476115,12.8950052197927,1
139,1,13.75,48,12.8950052197927,13.0196795551736,1
139,1,13.75,48,13.0196795551736,13.0581950589483,1
139,1,13.75,48,13.0581950589483,13.0650888388487,1
139,1,13.75,48,13.0650888388487,13.2643049810021,1
139,1,13.75,48,13.2643049810021,13.2736556080517,1
139,1,13.75,48,13.2736556080517,13.2758636213213,1
139,1,13.75,48,13.2758636213213,13.3014977455706,1
139,1,13.75,48,13.3014977455706,13.3843637428541,1
139,1,13.75,48,13.3843637428541,13.6492583926934,1
139,1,13.75,48,13.6492583926934,13.6987480709499,1
139,1,13.75,48,13.6987480709499,13.7018367399411,1
139,1,13.75,48,13.7018367399411,13.7383191161521,1
139,1,13.75,48,13.7383191161521,13.75,0
140,1,16.75,1,0,8.04095256764929,1
140,1,16.75,1,8.04095256764929,16.75,0
141,1,14.75,0,0,14.75,0
142,1,8.75,8,0,2.77486094536487,1
142,1,8.75,8,2.77486094536487,4.77278917657727,1
142,1,8.75,8,4.77278917657727,5.41630681497364,1
142,1,8.75,8,5.41630681497364,5.86562328562108,1
142,1,8.75,8,5.86562328562108,6.14421013210803,1
142,1,8.75,8,6.14421013210803,7.46829326795595,1
142,1,8.75,8,7.46829326795595,7.55026379032682,1
142,1,8.75,8,7.55026379032682,8.09349913612249,1
142,1,8.75,8,8.09349913612249,8.75,0
143,1,19.75,51,0,2.50493294071427,1
143,1,19.75,51,2.50493294071427,4.84300125944944,1
143,1,19.75,51,4.84300125944944,5.28408051431695,1
143,1,19.75,51,5.28408051431695,7.68022610299994,1
143,1,19.75,51,7.68022610299994,8.86517057131447,1
143,1,19.75,51,8.86517057131447,8.96752179107646,1
143,1,19.75,51,8.96752179107646,10.0553554180611,1
143,1,19.75,51,10.0553554180611,10.349357876382,1
143,1,19.75,51,10.349357876382,11.272588621308,1
143,1,19.75,51,11.272588621308,11.7142070528709,1
143,1,19.75,51,11.7142070528709,11.7556698398513,1
143,1,19.75,51,11.7556698398513,12.1889321109209,1
143,1,19.75,51,12.1889321109209,12.2011880344618,1
143,1,19.75,51,12.2011880344618,12.3281476327711,1
143,1,19.75,51,12.3281476327711,12.6965148947176,1
143,1,19.75,51,12.6965148947176,12.7048382890079,1
143,1,19.75,51,12.7048382890079,12.750406710309,1
143,1,19.75,51,12.750406710309,12.7571733684696,1
143,1,19.75,51,12.7571733684696,12.7648302943515,1
143,1,19.75,51,12.7648302943515,13.4545569119547,1
143,1,19.75,51,13.4545569119547,13.4931318799039,1
143,1,19.75,51,13.4931318799039,14.0723592554478,1
143,1,19.75,51,14.0723592554478,14.0954943737602,1
143,1,19.75,51,14.0954943737602,14.4315508630154,1
143,1,19.75,51,14.4315508630154,14.4650657710843,1
143,1,19.75,51,14.4650657710843,15.7503135247101,1
143,1,19.75,51,15.7503135247101,15.8111888902265,1
143,1,19.75,51,15.8111888902265,16.0432662001468,1
143,1,19.75,51,16.0432662001468,16.0459431671161,1
143,1,19.75,51,16.0459431671161,16.573063012631,1
143,1,19.75,51,16.573063012631,16.5754276251581,1
143,1,19.75,51,16.5754276251581,16.9351283408244,1
143,1,19.75,51,16.9351283408244,16.9485194946516,1
143,1,19.75,51,16.9485194946516,17.1882137301903,1
143,1,19.75,51,17.1882137301903,17.2563486840796,1
143,1,19.75,51,17.2563486840796,17.2620419665388,1
143,1,19.75,51,17.2620419665388,17.5100445986203,1
143,1,19.75,51,17.5100445986203,17.7050937658985,1
143,1,19.75,51,17.7050937658985,18.234909505614,1
143,1,19.75,51,18.234909505614,18.3082912871548,1
143,1,19.75,51,18.3082912871548,18.5111819228902,1
143,1,19.75,51,18.5111819228902,18.6047210256061,1
143,1,19.75,51,18.6047210256061,18.6550121189954,1
143,1,19.75,51,18.6550121189954,19.0739441399418,1
143,1,19.75,51,19.0739441399418,19.0986386028023,1
143,1,19.75,51,19.0986386028023,19.1461406104762,1
143,1,19.75,51,19.1461406104762,19.1493204664529,1
143,1,19.75,51,19.1493204664529,19.19328037211,1
143,1,19.75,51,19.19328037211,19.3359323712701,1
143,1,19.75,51,19.3359323712701,19.3632922326382,1
143,1,19.75,51,19.3632922326382,19.6457132355323,1
143,1,19.75,51,19.6457132355323,19.75,0
144,1,12.75,25,0,3.13889197281443,1
144,1,12.75,25,3.13889197281443,3.42978402465985,1
144,1,12.75,25,3.42978402465985,4.27646841175638,1
144,1,12.75,25,4.27646841175638,4.75823149457008,1
144,1,12.75,25,4.75823149457008,5.01768628805883,1
144,1,12.75,25,5.01768628805883,5.29812116706882,1
144,1,12.75,25,5.29812116706882,5.58966161636266,1
144,1,12.75,25,5.58966161636266,5.7922317077377,1
144,1,12.75,25,5.7922317077377,7.02319770922667,1
144,1,12.75,25,7.02319770922667,7.19199217563689,1
144,1,12.75,25,7.19199217563689,8.10890102625909,1
144,1,12.75,25,8.10890102625909,8.22646144594589,1
144,1,12.75,25,8.22646144594589,8.33106329630553,1
144,1,12.75,25,8.33106329630553,8.67554452896703,1
144,1,12.75,25,8.67554452896703,9.15046287785915,1
144,1,12.75,25,9.15046287785915,9.25896400630394,1
144,1,12.75,25,9.25896400630394,10.07365163263,1
144,1,12.75,25,10.07365163263,11.6592036154692,1
144,1,12.75,25,11.6592036154692,11.7583199373307,1
144,1,12.75,25,11.7583199373307,11.7614464429642,1
144,1,12.75,25,11.7614464429642,11.8227635620927,1
144,1,12.75,25,11.8227635620927,12.3633489402911,1
144,1,12.75,25,12.3633489402911,12.5230139291818,1
144,1,12.75,25,12.5230139291818,12.6326385455364,1
144,1,12.75,25,12.6326385455364,12.7120941436808,1
144,1,12.75,25,12.7120941436808,12.75,0
145,1,11.75,2,0,6.68486200455256,1
145,1,11.75,2,6.68486200455256,7.45552790858224,1
145,1,11.75,2,7.45552790858224,11.75,0
146,1,17.75,54,0,2.84173621908073,1
146,1,17.75,54,2.84173621908073,3.69940716438022,1
146,1,17.75,54,3.69940716438022,4.7159266809821,1
146,1,17.75,54,4.7159266809821,5.37681103637875,1
146,1,17.75,54,5.37681103637875,5.73116713196672,1
146,1,17.75,54,5.73116713196672,6.09185876193029,1
146,1,17.75,54,6.09185876193029,6.15263791526212,1
146,1,17.75,54,6.15263791526212,6.29253324087117,1
146,1,17.75,54,6.29253324087117,7.2463971333785,1
146,1,17.75,54,7.2463971333785,7.34002540637588,1
146,1,17.75,54,7.34002540637588,8.53096386172919,1
146,1,17.75,54,8.53096386172919,8.71160832150252,1
146,1,17.75,54,8.71160832150252,8.83766425787931,1
146,1,17.75,54,8.83766425787931,9.25625598012276,1
146,1,17.75,54,9.25625598012276,9.33620249249423,1
146,1,17.75,54,9.33620249249423,9.53554748146014,1
146,1,17.75,54,9.53554748146014,9.75691401148928,1
146,1,17.75,54,9.75691401148928,9.78936773581721,1
146,1,17.75,54,9.78936773581721,10.521858277948,1
146,1,17.75,54,10.521858277948,10.9107288152149,1
146,1,17.75,54,10.9107288152149,11.6598658644958,1
146,1,17.75,54,11.6598658644958,11.7606963292801,1
146,1,17.75,54,11.7606963292801,12.4257261323761,1
146,1,17.75,54,12.4257261323761,12.5159505052475,1
146,1,17.75,54,12.5159505052475,12.5466341887552,1
146,1,17.75,54,12.5466341887552,13.0818153826211,1
146,1,17.75,54,13.0818153826211,13.1472387468897,1
146,1,17.75,54,13.1472387468897,13.3084786176997,1
146,1,17.75,54,13.3084786176997,13.4785150718784,1
146,1,17.75,54,13.4785150718784,13.5391049162847,1
146,1,17.75,54,13.5391049162847,14.0695354399647,1
146,1,17.75,54,14.0695354399647,14.1136705921931,1
146,1,17.75,54,14.1136705921931,14.5758813202163,1
146,1,17.75,54,14.5758813202163,14.6987908606446,1
146,1,17.75,54,14.6987908606446,14.7195890234232,1
146,1,17.75,54,14.7195890234232,15.036878947815,1
146,1,17.75,54,15.036878947815,15.341193851856,1
146,1,17.75,54,15.341193851856,15.447764759369,1
146,1,17.75,54,15.447764759369,15.4725460227389,1
146,1,17.75,54,15.4725460227389,15.648149112083,1
146,1,17.75,54,15.648149112083,15.6990620569145,1
146,1,17.75,54,15.6990620569145,15.8019109966921,1
146,1,17.75,54,15.8019109966921,16.0756846802884,1
146,1,17.75,54,16.0756846802884,16.5594525380274,1
146,1,17.75,54,16.5594525380274,16.6472486385923,1
146,1,17.75,54,16.6472486385923,16.7434915196678,1
146,1,17.75,54,16.7434915196678,16.7537465864127,1
146,1,17.75,54,16.7537465864127,16.7847939549448,1
146,1,17.75,54,16.7847939549448,16.8897479908522,1
146,1,17.75,54,16.8897479908522,17.0902038568926,1
146,1,17.75,54,17.0902038568926,17.179686889743,1
146,1,17.75,54,17.179686889743,17.4377216400409,1
146,1,17.75,54,17.4377216400409,17.6616871808162,1
146,1,17.75,54,17.6616871808162,17.742457869862,1
146,1,17.75,54,17.742457869862,17.75,0
147,1,19.75,0,0,19.75,0
148,1,19.75,2,0,5.34823894694625,1
148,1,19.75,2,5.34823894694625,15.4189543467695,1
148,1,19.75,2,15.4189543467695,19.75,0
149,1,18.75,4,0,0.00393919940732888,1
149,1,18.75,4,0.00393919940732888,0.253785917098284,1
149,1,18.75,4,0.253785917098284,8.79914690814052,1
149,1,18.75,4,8.79914690814052,10.7378542866794,1
149,1,18.75,4,10.7378542866794,18.75,0
150,1,18.75,1,0,4.18013999762145,1
150,1,18.75,1,4.18013999762145,18.75,0
151,1,12.75,24,0,2.92799987936452,1
151,1,12.75,24,2.92799987936452,3.11468139107849,1
151,1,12.75,24,3.11468139107849,5.3876236356294,1
151,1,12.75,24,5.3876236356294,5.6322258580619,1
151,1,12.75,24,5.6322258580619,5.97797765611249,1
151,1,12.75,24,5.97797765611249,6.03926086832514,1
151,1,12.75,24,6.03926086832514,7.6471460173668,1
151,1,12.75,24,7.6471460173668,7.81886207783658,1
151,1,12.75,24,7.81886207783658,8.18318142040623,1
151,1,12.75,24,8.18318142040623,8.53835415819007,1
151,1,12.75,24,8.53835415819007,9.11859040715973,1
151,1,12.75,24,9.11859040715973,9.98023373286002,1
151,1,12.75,24,9.98023373286002,10.1545756643824,1
151,1,12.75,24,10.1545756643824,10.2018823944364,1
151,1,12.75,24,10.2018823944364,10.7265000786659,1
151,1,12.75,24,10.7265000786659,10.8971647928114,1
151,1,12.75,24,10.8971647928114,10.9593710465524,1
151,1,12.75,24,10.9593710465524,11.6474083296276,1
151,1,12.75,24,11.6474083296276,11.8725495542372,1
151,1,12.75,24,11.8725495542372,12.2172104631109,1
151,1,12.75,24,12.2172104631109,12.323296671453,1
151,1,12.75,24,12.323296671453,12.472499526137,1
151,1,12.75,24,12.472499526137,12.6282219684915,1
151,1,12.75,24,12.6282219684915,12.6333138797836,1
151,1,12.75,24,12.6333138797836,12.75,0
152,1,16.75,2,0,0.000279430081512149,1
152,1,16.75,2,0.000279430081512149,1.906559599302,1
152,1,16.75,2,1.906559599302,16.75,0
153,1,18.75,3,0,0.513894302785002,1
153,1,18.75,3,0.513894302785002,8.48979765093604,1
153,1,18.75,3,8.48979765093604,17.9840312640682,1
153,1,18.75,3,17.9840312640682,18.75,0
154,1,8.75,2,0,3.99008495707974,1
154,1,8.75,2,3.99008495707974,5.28477316246798,1
154,1,8.75,2,5.28477316246798,8.75,0
155,1,14.75,13,0,2.92899737745889,1
155,1,14.75,13,2.92899737745889,9.23225051620527,1
155,1,14.75,13,9.23225051620527,9.38929813846501,1
155,1,14.75,13,9.38929813846501,9.47479118709129,1
155,1,14.75,13,9.47479118709129,10.424362239882,1
155,1,14.75,13,10.424362239882,11.4865554734723,1
155,1,14.75,13,11.4865554734723,12.3159408846304,1
155,1,14.75,13,12.3159408846304,12.4267243060153,1
155,1,14.75,13,12.4267243060153,13.7046190909796,1
155,1,14.75,13,13.7046190909796,14.0586178496003,1
155,1,14.75,13,14.0586178496003,14.1061808134936,1
155,1,14.75,13,14.1061808134936,14.1805218189299,1
155,1,14.75,13,14.1805218189299,14.7279972085946,1
155,1,14.75,13,14.7279972085946,14.75,0
156,1,8.75,12,0,1.99719657017932,1
156,1,8.75,12,1.99719657017932,2.98556888924225,1
156,1,8.75,12,2.98556888924225,5.64624976286466,1
156,1,8.75,12,5.64624976286466,5.90163226925987,1
156,1,8.75,12,5.90163226925987,6.36405242397813,1
156,1,8.75,12,6.36405242397813,6.74214777841293,1
156,1,8.75,12,6.74214777841293,6.86076670570573,1
156,1,8.75,12,6.86076670570573,7.16679436947874,1
156,1,8.75,12,7.16679436947874,7.1867283821737,1
156,1,8.75,12,7.1867283821737,7.50289199683363,1
156,1,8.75,12,7.50289199683363,8.68479236492659,1
156,1,8.75,12,8.68479236492659,8.6966798713727,1
156,1,8.75,12,8.6966798713727,8.75,0
157,1,8.75,2,0,0.595330470198093,1
157,1,8.75,2,0.595330470198093,1.47174185864628,1
157,1,8.75,2,1.47174185864628,8.75,0
158,1,16.75,21,0,4.08064153633007,1
158,1,16.75,21,4.08064153633007,4.42079531265236,1
158,1,16.75,21,4.42079531265236,4.58537396386496,1
158,1,16.75,21,4.58537396386496,7.48398268014757,1
158,1,16.75,21,7.48398268014757,9.27686686916283,1
158,1,16.75,21,9.27686686916283,11.3820509269313,1
158,1,16.75,21,11.3820509269313,11.6194875398441,1
158,1,16.75,21,11.6194875398441,12.7682553896676,1
158,1,16.75,21,12.7682553896676,12.8701984592691,1
158,1,16.75,21,12.8701984592691,13.3563965992226,1
158,1,16.75,21,13.3563965992226,14.6200499085716,1
158,1,16.75,21,14.6200499085716,14.7715242159638,1
158,1,16.75,21,14.7715242159638,14.8494473282633,1
158,1,16.75,21,14.8494473282633,15.2511845815731,1
158,1,16.75,21,15.2511845815731,15.2694739659387,1
158,1,16.75,21,15.2694739659387,15.2959013244592,1
158,1,16.75,21,15.2959013244592,15.4417490566873,1
158,1,16.75,21,15.4417490566873,15.608081200636,1
158,1,16.75,21,15.608081200636,15.7697242324917,1
158,1,16.75,21,15.7697242324917,16.012347598006,1
158,1,16.75,21,16.012347598006,16.3692105660021,1
158,1,16.75,21,16.3692105660021,16.75,0
159,1,15.75,28,0,3.61943497266688,1
159,1,15.75,28,3.61943497266688,4.15570255823298,1
159,1,15.75,28,4.15570255823298,4.75882737323215,1
159,1,15.75,28,4.75882737323215,6.65677937869624,1
159,1,15.75,28,6.65677937869624,7.60514501617578,1
159,1,15.75,28,7.60514501617578,9.02087588800521,1
159,1,15.75,28,9.02087588800521,9.04316544634448,1
159,1,15.75,28,9.04316544634448,9.45547714789007,1
159,1,15.75,28,9.45547714789007,9.70652119855829,1
159,1,15.75,28,9.70652119855829,9.88414275030124,1
159,1,15.75,28,9.88414275030124,10.7206211154053,1
159,1,15.75,28,10.7206211154053,11.0649675090964,1
159,1,15.75,28,11.0649675090964,11.5064993419457,1
159,1,15.75,28,11.5064993419457,11.7220202330352,1
159,1,15.75,28,11.7220202330352,12.445026708648,1
159,1,15.75,28,12.445026708648,12.6442529170943,1
159,1,15.75,28,12.6442529170943,12.8480929788055,1
159,1,15.75,28,12.8480929788055,13.4374532464101,1
159,1,15.75,28,13.4374532464101,13.9050667940911,1
159,1,15.75,28,13.9050667940911,14.0145092904816,1
159,1,15.75,28,14.0145092904816,14.0909321277655,1
159,1,15.75,28,14.0909321277655,14.1002386457305,1
159,1,15.75,28,14.1002386457305,14.2581445509674,1
159,1,15.75,28,14.2581445509674,14.4528052397025,1
159,1,15.75,28,14.4528052397025,14.5969207008983,1
159,1,15.75,28,14.5969207008983,14.766625269708,1
159,1,15.75,28,14.766625269708,15.2402708862622,1
159,1,15.75,28,15.2402708862622,15.5105318561579,1
159,1,15.75,28,15.5105318561579,15.75,0
160,1,12.75,32,0,1.40398761795189,1
160,1,12.75,32,1.40398761795189,3.91987929309002,1
160,1,12.75,32,3.91987929309002,5.48140074368887,1
160,1,12.75,32,5.48140074368887,5.57702580892511,1
160,1,12.75,32,5.57702580892511,5.81846019546991,1
160,1,12.75,32,5.81846019546991,5.99845075260063,1
160,1,12.75,32,5.99845075260063,6.35209818128515,1
160,1,12.75,32,6.35209818128515,6.80431489204268,1
160,1,12.75,32,6.80431489204268,7.1415292842235,1
160,1,12.75,32,7.1415292842235,7.54415873744061,1
160,1,12.75,32,7.54415873744061,7.74117727854449,1
160,1,12.75,32,7.74117727854449,8.06571735916436,1
160,1,12.75,32,8.06571735916436,8.19704027939694,1
160,1,12.75,32,8.19704027939694,8.25207218699152,1
160,1,12.75,32,8.25207218699152,8.34499922520393,1
160,1,12.75,32,8.34499922520393,8.92711516891688,1
160,1,12.75,32,8.92711516891688,9.3448790532995,1
160,1,12.75,32,9.3448790532995,9.83224441452547,1
160,1,12.75,32,9.83224441452547,10.1826228773887,1
160,1,12.75,32,10.1826228773887,10.3552151090531,1
160,1,12.75,32,10.3552151090531,10.5009414410249,1
160,1,12.75,32,10.5009414410249,10.5269250230071,1
160,1,12.75,32,10.5269250230071,10.6012241999934,1
160,1,12.75,32,10.6012241999934,11.0660810934913,1
160,1,12.75,32,11.0660810934913,11.183557956812,1
160,1,12.75,32,11.183557956812,11.1942331124047,1
160,1,12.75,32,11.1942331124047,11.3433079891821,1
160,1,12.75,32,11.3433079891821,11.4185656502613,1
160,1,12.75,32,11.4185656502613,11.6646199353645,1
160,1,12.75,32,11.6646199353645,12.0131433607398,1
160,1,12.75,32,12.0131433607398,12.1253762208168,1
160,1,12.75,32,12.1253762208168,12.4156768921901,1
160,1,12.75,32,12.4156768921901,12.75,0
161,1,11.75,17,0,2.01635921243348,1
161,1,11.75,17,2.01635921243348,5.95558456351069,1
161,1,11.75,17,5.95558456351069,6.08407700462928,1
161,1,11.75,17,6.08407700462928,6.79924483778405,1
161,1,11.75,17,6.79924483778405,7.65322849202811,1
161,1,11.75,17,7.65322849202811,7.67802670977349,1
161,1,11.75,17,7.67802670977349,7.89799626419242,1
161,1,11.75,17,7.89799626419242,8.50630045157257,1
161,1,11.75,17,8.50630045157257,8.67582496174386,1
161,1,11.75,17,8.67582496174386,9.44719150605596,1
161,1,11.75,17,9.44719150605596,10.0064224406307,1
161,1,11.75,17,10.0064224406307,10.3760159183363,1
161,1,11.75,17,10.3760159183363,10.5583782346001,1
161,1,11.75,17,10.5583782346001,10.6643305394795,1
161,1,11.75,17,10.6643305394795,10.8739401097133,1
161,1,11.75,17,10.8739401097133,10.9104664134399,1
161,1,11.75,17,10.9104664134399,11.7390090060631,1
161,1,11.75,17,11.7390090060631,11.75,0
162,1,18.75,52,0,2.83867793447042,1
162,1,18.75,52,2.83867793447042,4.41481444081885,1
162,1,18.75,52,4.41481444081885,5.34695979334853,1
162,1,18.75,52,5.34695979334853,6.78004341152941,1
162,1,18.75,52,6.78004341152941,7.59140443313027,1
162,1,18.75,52,7.59140443313027,7.71500040536158,1
162,1,18.75,52,7.71500040536158,8.01556229316079,1
162,1,18.75,52,8.01556229316079,8.3147942418395,1
162,1,18.75,52,8.3147942418395,8.35659157402432,1
162,1,18.75,52,8.35659157402432,8.56930474744661,1
162,1,18.75,52,8.56930474744661,9.08993960441396,1
162,1,18.75,52,9.08993960441396,9.24218405354028,1
162,1,18.75,52,9.24218405354028,9.42043699913262,1
162,1,18.75,52,9.42043699913262,10.0768529599975,1
162,1,18.75,52,10.0768529599975,10.2156722601773,1
162,1,18.75,52,10.2156722601773,10.6414722525946,1
162,1,18.75,52,10.6414722525946,10.9518126312183,1
162,1,18.75,52,10.9518126312183,11.0374177616059,1
162,1,18.75,52,11.0374177616059,11.2826847247006,1
162,1,18.75,52,11.2826847247006,11.6603803428632,1
162,1,18.75,52,11.6603803428632,11.6773774915496,1
162,1,18.75,52,11.6773774915496,11.9187603507467,1
162,1,18.75,52,11.9187603507467,11.9440779414493,1
162,1,18.75,52,11.9440779414493,12.1801519721877,1
162,1,18.75,52,12.1801519721877,12.7503147798659,1
162,1,18.75,52,12.7503147798659,12.8296375115696,1
162,1,18.75,52,12.8296375115696,13.214093855052,1
162,1,18.75,52,13.214093855052,13.950485957223,1
162,1,18.75,52,13.950485957223,14.1023941216736,1
162,1,18.75,52,14.1023941216736,14.196850606786,1
162,1,18.75,52,14.196850606786,14.2940822576757,1
162,1,18.75,52,14.2940822576757,14.3746084253061,1
162,1,18.75,52,14.3746084253061,15.0844074119596,1
162,1,18.75,52,15.0844074119596,16.0159273263331,1
162,1,18.75,52,16.0159273263331,16.1657004840631,1
162,1,18.75,52,16.1657004840631,16.2808797873239,1
162,1,18.75,52,16.2808797873239,16.3983225953901,1
162,1,18.75,52,16.3983225953901,16.4247265577664,1
162,1,18.75,52,16.4247265577664,16.432180686962,1
162,1,18.75,52,16.432180686962,17.107412496365,1
162,1,18.75,52,17.107412496365,17.128349410816,1
162,1,18.75,52,17.128349410816,17.2015658064302,1
162,1,18.75,52,17.2015658064302,17.3204334889212,1
162,1,18.75,52,17.3204334889212,17.6060729268578,1
162,1,18.75,52,17.6060729268578,17.9928124451208,1
162,1,18.75,52,17.9928124451208,18.0770189363354,1
162,1,18.75,52,18.0770189363354,18.1080616167851,1
162,1,18.75,52,18.1080616167851,18.144900493419,1
162,1,18.75,52,18.144900493419,18.1535341521852,1
162,1,18.75,52,18.1535341521852,18.2908803311722,1
162,1,18.75,52,18.2908803311722,18.6187867227324,1
162,1,18.75,52,18.6187867227324,18.683703295879,1
162,1,18.75,52,18.683703295879,18.75,0
163,1,18.75,1,0,0.151076677885224,1
163,1,18.75,1,0.151076677885224,18.75,0
164,1,10.75,14,0,4.35106317298867,1
164,1,10.75,14,4.35106317298867,4.53438640188894,1
164,1,10.75,14,4.53438640188894,5.14004811470557,1
164,1,10.75,14,5.14004811470557,5.4698347774122,1
164,1,10.75,14,5.4698347774122,5.89684049563412,1
164,1,10.75,14,5.89684049563412,6.2497488528068,1
164,1,10.75,14,6.2497488528068,7.74954927081706,1
164,1,10.75,14,7.74954927081706,7.79428350425721,1
164,1,10.75,14,7.79428350425721,8.03287629227341,1
164,1,10.75,14,8.03287629227341,8.20776783412749,1
164,1,10.75,14,8.20776783412749,9.73428543634157,1
164,1,10.75,14,9.73428543634157,10.1351077851497,1
164,1,10.75,14,10.1351077851497,10.3111240987424,1
164,1,10.75,14,10.3111240987424,10.6471425150001,1
164,1,10.75,14,10.6471425150001,10.75,0
165,1,14.75,1,0,0.179826215197066,1
165,1,14.75,1,0.179826215197066,14.75,0
166,1,17.75,42,0,4.63860012004321,1
166,1,17.75,42,4.63860012004321,5.19955540149097,1
166,1,17.75,42,5.19955540149097,6.55550127742741,1
166,1,17.75,42,6.55550127742741,7.22256749178815,1
166,1,17.75,42,7.22256749178815,8.11529864795588,1
166,1,17.75,42,8.11529864795588,8.52918943504325,1
166,1,17.75,42,8.52918943504325,8.61591779858209,1
166,1,17.75,42,8.61591779858209,9.20380388481782,1
166,1,17.75,42,9.20380388481782,9.74465011128506,1
166,1,17.75,42,9.74465011128506,9.82769246732447,1
166,1,17.75,42,9.82769246732447,9.83624393878869,1
166,1,17.75,42,9.83624393878869,10.122854509209,1
166,1,17.75,42,10.122854509209,10.1360125201452,1
166,1,17.75,42,10.1360125201452,10.1748333971786,1
166,1,17.75,42,10.1748333971786,10.6885394024777,1
166,1,17.75,42,10.6885394024777,11.9099592508381,1
166,1,17.75,42,11.9099592508381,11.9131103930679,1
166,1,17.75,42,11.9131103930679,12.1716207626495,1
166,1,17.75,42,12.1716207626495,12.2517209384274,1
166,1,17.75,42,12.2517209384274,12.6455555556288,1
166,1,17.75,42,12.6455555556288,12.6697811839353,1
166,1,17.75,42,12.6697811839353,13.1524017590716,1
166,1,17.75,42,13.1524017590716,13.2055480342292,1
166,1,17.75,42,13.2055480342292,13.4080211439094,1
166,1,17.75,42,13.4080211439094,13.9275704484077,1
166,1,17.75,42,13.9275704484077,14.0174649304034,1
166,1,17.75,42,14.0174649304034,14.2777304930455,1
166,1,17.75,42,14.2777304930455,14.329284590394,1
166,1,17.75,42,14.329284590394,14.4336766436424,1
166,1,17.75,42,14.4336766436424,14.6447384616396,1
166,1,17.75,42,14.6447384616396,14.7627680091201,1
166,1,17.75,42,14.7627680091201,14.880962867963,1
166,1,17.75,42,14.880962867963,15.0068434484454,1
166,1,17.75,42,15.0068434484454,15.9185975264345,1
166,1,17.75,42,15.9185975264345,15.9300431402342,1
166,1,17.75,42,15.9300431402342,16.2486353957918,1
166,1,17.75,42,16.2486353957918,16.4556535394565,1
166,1,17.75,42,16.4556535394565,17.3647118773249,1
166,1,17.75,42,17.3647118773249,17.3867700815863,1
166,1,17.75,42,17.3867700815863,17.4642088350728,1
166,1,17.75,42,17.4642088350728,17.5216247880044,1
166,1,17.75,42,17.5216247880044,17.5455309398066,1
166,1,17.75,42,17.5455309398066,17.75,0
167,1,11.75,1,0,0.404961000786444,1
167,1,11.75,1,0.404961000786444,11.75,0
168,1,10.75,1,0,10.1665062643339,1
168,1,10.75,1,10.1665062643339,10.75,0
169,1,17.75,5,0,0.0492377534702304,1
169,1,17.75,5,0.0492377534702304,0.119625090622711,1
169,1,17.75,5,0.119625090622711,3.21416807433158,1
169,1,17.75,5,3.21416807433158,5.09577634062034,1
169,1,17.75,5,5.09577634062034,16.2907405206254,1
169,1,17.75,5,16.2907405206254,17.75,0
170,1,15.75,2,0,5.21252804082692,1
170,1,15.75,2,5.21252804082692,9.74317260340073,1
170,1,15.75,2,9.74317260340073,15.75,0
171,1,17.75,1,0,0.53083960928996,1
171,1,17.75,1,0.53083960928996,17.75,0
172,1,18.75,63,0,4.40393263468909,1
172,1,18.75,63,4.40393263468909,5.00554288862459,1
172,1,18.75,63,5.00554288862459,5.39294774094828,1
172,1,18.75,63,5.39294774094828,5.58057775653664,1
172,1,18.75,63,5.58057775653664,6.29410073626714,1
172,1,18.75,63,6.29410073626714,7.59991175533681,1
172,1,18.75,63,7.59991175533681,7.83918124438483,1
172,1,18.75,63,7.83918124438483,8.67228822754418,1
172,1,18.75,63,8.67228822754418,9.12029076843665,1
172,1,18.75,63,9.12029076843665,9.23103761657439,1
172,1,18.75,63,9.23103761657439,9.29443714683091,1
172,1,18.75,63,9.29443714683091,9.80645151121096,1
172,1,18.75,63,9.80645151121096,10.0107864319452,1
172,1,18.75,63,10.0107864319452,10.1122215139426,1
172,1,18.75,63,10.1122215139426,11.1362971703992,1
172,1,18.75,63,11.1362971703992,11.1693962224035,1
172,1,18.75,63,11.1693962224035,11.3380904316992,1
172,1,18.75,63,11.3380904316992,11.7055431962637,1
172,1,18.75,63,11.7055431962637,12.0944721993009,1
172,1,18.75,63,12.0944721993009,12.2386188892003,1
172,1,18.75,63,12.2386188892003,12.5377693670089,1
172,1,18.75,63,12.5377693670089,12.7772262650911,1
172,1,18.75,63,12.7772262650911,13.0503878214456,1
172,1,18.75,63,13.0503878214456,13.178474651433,1
172,1,18.75,63,13.178474651433,13.4940186570225,1
172,1,18.75,63,13.4940186570225,13.5459608882637,1
172,1,18.75,63,13.5459608882637,13.5865554202866,1
172,1,18.75,63,13.5865554202866,13.7458334878993,1
172,1,18.75,63,13.7458334878993,13.9431346744524,1
172,1,18.75,63,13.9431346744524,14.0857212920323,1
172,1,18.75,63,14.0857212920323,14.0930130155128,1
172,1,18.75,63,14.0930130155128,14.1549692576621,1
172,1,18.75,63,14.1549692576621,14.2098698505977,1
172,1,18.75,63,14.2098698505977,14.4057875551641,1
172,1,18.75,63,14.4057875551641,14.6087033445238,1
172,1,18.75,63,14.6087033445238,14.7336057082359,1
172,1,18.75,63,14.7336057082359,14.8701191449083,1
172,1,18.75,63,14.8701191449083,14.998862382952,1
172,1,18.75,63,14.998862382952,15.0675212591608,1
172,1,18.75,63,15.0675212591608,15.1054870503274,1
172,1,18.75,63,15.1054870503274,15.324709284762,1
172,1,18.75,63,15.324709284762,15.6390643580411,1
172,1,18.75,63,15.6390643580411,15.6674173393308,1
172,1,18.75,63,15.6674173393308,16.0397008994246,1
172,1,18.75,63,16.0397008994246,16.1675227222484,1
172,1,18.75,63,16.1675227222484,16.1679317597501,1
172,1,18.75,63,16.1679317597501,16.303477777843,1
172,1,18.75,63,16.303477777843,16.3600166495465,1
172,1,18.75,63,16.3600166495465,16.7050366525539,1
172,1,18.75,63,16.7050366525539,16.7725777562651,1
172,1,18.75,63,16.7725777562651,16.9424717574117,1
172,1,18.75,63,16.9424717574117,17.007161506677,1
172,1,18.75,63,17.007161506677,17.0306938097118,1
172,1,18.75,63,17.0306938097118,17.1290724819956,1
172,1,18.75,63,17.1290724819956,17.1888314841115,1
172,1,18.75,63,17.1888314841115,17.1945018755709,1
172,1,18.75,63,17.1945018755709,17.3037028535357,1
172,1,18.75,63,17.3037028535357,17.4560436142065,1
172,1,18.75,63,17.4560436142065,17.4603700745196,1
172,1,18.75,63,17.4603700745196,18.2948276534637,1
172,1,18.75,63,18.2948276534637,18.5169807646935,1
172,1,18.75,63,18.5169807646935,18.5292891684606,1
172,1,18.75,63,18.5292891684606,18.5370469825023,1
172,1,18.75,63,18.5370469825023,18.75,0
173,1,17.75,6,0,0.180349700815991,1
173,1,17.75,6,0.180349700815991,1.61481793484336,1
173,1,17.75,6,1.61481793484336,8.6658800460535,1
173,1,17.75,6,8.6658800460535,10.0465157043275,1
173,1,17.75,6,10.0465157043275,11.4592574520142,1
173,1,17.75,6,11.4592574520142,17.4628521964297,1
173,1,17.75,6,17.4628521964297,17.75,0
174,1,10.75,2,0,0.233101697931989,1
174,1,10.75,2,0.233101697931989,2.21706908664893,1
174,1,10.75,2,2.21706908664893,10.75,0
175,1,13.75,3,0,0.506654777117235,1
175,1,13.75,3,0.506654777117235,3.63386422331931,1
175,1,13.75,3,3.63386422331931,6.47056401175248,1
175,1,13.75,3,6.47056401175248,13.75,0
176,1,16.75,47,0,4.05996177620217,1
176,1,16.75,47,4.05996177620217,5.99116230869311,1
176,1,16.75,47,5.99116230869311,6.56991680005312,1
176,1,16.75,47,6.56991680005312,7.9844046779328,1
176,1,16.75,47,7.9844046779328,8.63833026908517,1
176,1,16.75,47,8.63833026908517,9.13094916826247,1
176,1,16.75,47,9.13094916826247,9.26618007887307,1
176,1,16.75,47,9.26618007887307,9.72513485193553,1
176,1,16.75,47,9.72513485193553,9.95036243600213,1
176,1,16.75,47,9.95036243600213,10.1220148558563,1
176,1,16.75,47,10.1220148558563,10.3809265045791,1
176,1,16.75,47,10.3809265045791,10.4693603449652,1
176,1,16.75,47,10.4693603449652,10.6587954570402,1
176,1,16.75,47,10.6587954570402,11.1632669182459,1
176,1,16.75,47,11.1632669182459,11.7526996062627,1
176,1,16.75,47,11.7526996062627,11.7855401912293,1
176,1,16.75,47,11.7855401912293,12.2699268705161,1
176,1,16.75,47,12.2699268705161,12.360670244259,1
176,1,16.75,47,12.360670244259,12.3635495541669,1
176,1,16.75,47,12.3635495541669,12.4137505985497,1
176,1,16.75,47,12.4137505985497,12.4656358949585,1
176,1,16.75,47,12.4656358949585,12.6725786610553,1
176,1,16.75,47,12.6725786610553,12.874312958019,1
176,1,16.75,47,12.874312958019,12.9419937208846,1
176,1,16.75,47,12.9419937208846,13.0378636678577,1
176,1,16.75,47,13.0378636678577,13.4246341300361,1
176,1,16.75,47,13.4246341300361,13.5149868698629,1
176,1,16.75,47,13.5149868698629,14.0400589556794,1
176,1,16.75,47,14.0400589556794,14.0795052119147,1
176,1,16.75,47,14.0795052119147,14.1663292707259,1
176,1,16.75,47,14.1663292707259,14.3195229467435,1
176,1,16.75,47,14.3195229467435,14.3247171624014,1
176,1,16.75,47,14.3247171624014,14.6454419239877,1
176,1,16.75,47,14.6454419239877,14.9407254260331,1
176,1,16.75,47,14.9407254260331,14.9924274098739,1
176,1,16.75,47,14.9924274098739,15.1071113556695,1
176,1,16.75,47,15.1071113556695,15.3331748520168,1
176,1,16.75,47,15.3331748520168,15.3884983612932,1
176,1,16.75,47,15.3884983612932,15.5229121656314,1
176,1,16.75,47,15.5229121656314,15.6753702576548,1
176,1,16.75,47,15.6753702576548,15.7770798363791,1
176,1,16.75,47,15.7770798363791,16.105317434084,1
176,1,16.75,47,16.105317434084,16.1232609452016,1
176,1,16.75,47,16.1232609452016,16.1299623155095,1
176,1,16.75,47,16.1299623155095,16.4486562675948,1
176,1,16.75,47,16.4486562675948,16.4947362297959,1
176,1,16.75,47,16.4947362297959,16.6845571003057,1
176,1,16.75,47,16.6845571003057,16.75,0
177,1,14.75,2,0,1.40750065707255,1
177,1,14.75,2,1.40750065707255,8.60117422176224,1
177,1,14.75,2,8.60117422176224,14.75,0
178,1,14.75,1,0,13.0406323858326,1
178,1,14.75,1,13.0406323858326,14.75,0
179,1,13.75,2,0,4.27909638690224,1
179,1,13.75,2,4.27909638690224,13.5987840935032,1
179,1,13.75,2,13.5987840935032,13.75,0
180,1,11.75,3,0,0.0967027738139408,1
180,1,11.75,3,0.0967027738139408,0.199473590442956,1
180,1,11.75,3,0.199473590442956,0.579896621517348,1
180,1,11.75,3,0.579896621517348,11.75,0
181,1,20.75,2,0,2.0914362425851,1
181,1,20.75,2,2.0914362425851,3.06256362448162,1
181,1,20.75,2,3.06256362448162,20.75,0
182,1,16.75,0,0,16.75,0
183,1,17.75,3,0,1.39799824642173,1
183,1,17.75,3,1.39799824642173,8.18983577965705,1
183,1,17.75,3,8.18983577965705,9.03503536362199,1
183,1,17.75,3,9.03503536362199,17.75,0
184,1,19.75,0,0,19.75,0
185,1,15.75,1,0,1.29894286115123,1
185,1,15.75,1,1.29894286115123,15.75,0
186,1,15.75,2,0,3.06721723709384,1
186,1,15.75,2,3.06721723709384,5.97578732378904,1
186,1,15.75,2,5.97578732378904,15.75,0
187,1,11.75,2,0,1.18489259593189,1
187,1,11.75,2,1.18489259593189,2.81465726114424,1
187,1,11.75,2,2.81465726114424,11.75,0
188,1,10.75,17,0,4.47492934005776,1
188,1,10.75,17,4.47492934005776,4.85038007900431,1
188,1,10.75,17,4.85038007900431,6.12997474341076,1
188,1,10.75,17,6.12997474341076,6.30360032624257,1
188,1,10.75,17,6.30360032624257,6.353581789166,1
188,1,10.75,17,6.353581789166,7.84250599644273,1
188,1,10.75,17,7.84250599644273,8.17586769890482,1
188,1,10.75,17,8.17586769890482,8.68048167710162,1
188,1,10.75,17,8.68048167710162,8.69864300731355,1
188,1,10.75,17,8.69864300731355,9.12625331632249,1
188,1,10.75,17,9.12625331632249,9.15537550893151,1
188,1,10.75,17,9.15537550893151,9.53078708973419,1
188,1,10.75,17,9.53078708973419,9.76100008976217,1
188,1,10.75,17,9.76100008976217,10.0506123813972,1
188,1,10.75,17,10.0506123813972,10.0830981247585,1
188,1,10.75,17,10.0830981247585,10.1737050766075,1
188,1,10.75,17,10.1737050766075,10.3849293606864,1
188,1,10.75,17,10.3849293606864,10.75,0
189,1,13.75,40,0,1.44027483272027,1
189,1,13.75,40,1.44027483272027,2.51920683934546,1
189,1,13.75,40,2.51920683934546,4.20287579338649,1
189,1,13.75,40,4.20287579338649,4.71525227714001,1
189,1,13.75,40,4.71525227714001,4.98655978326091,1
189,1,13.75,40,4.98655978326091,5.73629056254657,1
189,1,13.75,40,5.73629056254657,6.78631995818001,1
189,1,13.75,40,6.78631995818001,6.90285665359898,1
189,1,13.75,40,6.90285665359898,6.95811714670202,1
189,1,13.75,40,6.95811714670202,7.28514668358334,1
189,1,13.75,40,7.28514668358334,7.37405579492333,1
189,1,13.75,40,7.37405579492333,7.42247923670416,1
189,1,13.75,40,7.42247923670416,8.44870622016027,1
189,1,13.75,40,8.44870622016027,9.19190752212172,1
189,1,13.75,40,9.19190752212172,9.23997156120428,1
189,1,13.75,40,9.23997156120428,9.27003962468347,1
189,1,13.75,40,9.27003962468347,9.50378000343575,1
189,1,13.75,40,9.50378000343575,9.66741460137108,1
189,1,13.75,40,9.66741460137108,9.93715964045449,1
189,1,13.75,40,9.93715964045449,10.0860151252603,1
189,1,13.75,40,10.0860151252603,10.1388162249748,1
189,1,13.75,40,10.1388162249748,10.3939979582957,1
189,1,13.75,40,10.3939979582957,10.5042232486057,1
189,1,13.75,40,10.5042232486057,10.827856150899,1
189,1,13.75,40,10.827856150899,10.9531103049668,1
189,1,13.75,40,10.9531103049668,11.0145362986706,1
189,1,13.75,40,11.0145362986706,11.231341867161,1
189,1,13.75,40,11.231341867161,11.3557333402201,1
189,1,13.75,40,11.3557333402201,11.5472810920887,1
189,1,13.75,40,11.5472810920887,11.6101698079027,1
189,1,13.75,40,11.6101698079027,12.2227721248924,1
189,1,13.75,40,12.2227721248924,12.2994672666399,1
189,1,13.75,40,12.2994672666399,12.4897215630828,1
189,1,13.75,40,12.4897215630828,12.5295467278886,1
189,1,13.75,40,12.5295467278886,12.5471330941029,1
189,1,13.75,40,12.5471330941029,12.625603267285,1
189,1,13.75,40,12.625603267285,12.729754184003,1
189,1,13.75,40,12.729754184003,12.9612386601707,1
189,1,13.75,40,12.9612386601707,13.4852134242399,1
189,1,13.75,40,13.4852134242399,13.5764668996385,1
189,1,13.75,40,13.5764668996385,13.75,0
190,1,17.75,1,0,10.5526962901811,1
190,1,17.75,1,10.5526962901811,17.75,0
191,1,15.75,1,0,0.000239727105649148,1
191,1,15.75,1,0.000239727105649148,15.75,0
192,1,14.75,0,0,14.75,0
193,1,12.75,12,0,1.74173720629096,1
193,1,12.75,12,1.74173720629096,5.83517274769361,1
193,1,12.75,12,5.83517274769361,6.73923198879213,1
193,1,12.75,12,6.73923198879213,6.98974844947203,1
193,1,12.75,12,6.98974844947203,7.68012220141671,1
193,1,12.75,12,7.68012220141671,8.5416675943369,1
193,1,12.75,12,8.5416675943369,9.10165473250713,1
193,1,12.75,12,9.10165473250713,9.4544716676401,1
193,1,12.75,12,9.4544716676401,10.5366846499362,1
193,1,12.75,12,10.5366846499362,10.6250535386361,1
193,1,12.75,12,10.6250535386361,11.1455713457713,1
193,1,12.75,12,11.1455713457713,11.6368861198693,1
193,1,12.75,12,11.6368861198693,12.75,0
194,1,9.75,21,0,4.01886577418484,1
194,1,9.75,21,4.01886577418484,4.53167978570479,1
194,1,9.75,21,4.53167978570479,5.16973929385218,1
194,1,9.75,21,5.16973929385218,5.38149675899699,1
194,1,9.75,21,5.38149675899699,5.79051346017539,1
194,1,9.75,21,5.79051346017539,5.91922937803313,1
194,1,9.75,21,5.91922937803313,6.09240081413494,1
194,1,9.75,21,6.09240081413494,6.13406697449986,1
194,1,9.75,21,6.13406697449986,6.76370939412436,1
194,1,9.75,21,6.76370939412436,6.8415094253218,1
194,1,9.75,21,6.8415094253218,7.0616821485287,1
194,1,9.75,21,7.0616821485287,7.1276063094889,1
194,1,9.75,21,7.1276063094889,7.27931264749431,1
194,1,9.75,21,7.27931264749431,7.50791179508267,1
194,1,9.75,21,7.50791179508267,8.09823571062497,1
194,1,9.75,21,8.09823571062497,8.29190985416963,1
194,1,9.75,21,8.29190985416963,8.5952185190326,1
194,1,9.75,21,8.5952185190326,8.79631931535067,1
194,1,9.75,21,8.79631931535067,9.05464093980022,1
194,1,9.75,21,9.05464093980022,9.11820648320941,1
194,1,9.75,21,9.11820648320941,9.28570255330537,1
194,1,9.75,21,9.28570255330537,9.75,0
195,1,14.75,1,0,7.96753460619287,1
195,1,14.75,1,7.96753460619287,14.75,0
196,1,18.75,1,0,8.75466507012333,1
196,1,18.75,1,8.75466507012333,18.75,0
197,1,9.75,22,0,4.12170177016823,1
197,1,9.75,22,4.12170177016823,5.60941632425756,1
197,1,9.75,22,5.60941632425756,5.81834801686647,1
197,1,9.75,22,5.81834801686647,6.37227702228314,1
197,1,9.75,22,6.37227702228314,6.56295988209937,1
197,1,9.75,22,6.56295988209937,6.82653629304466,1
197,1,9.75,22,6.82653629304466,7.38741471273849,1
197,1,9.75,22,7.38741471273849,7.81421440067319,1
197,1,9.75,22,7.81421440067319,7.81493804222437,1
197,1,9.75,22,7.81493804222437,7.95108361782422,1
197,1,9.75,22,7.95108361782422,8.02594779613476,1
197,1,9.75,22,8.02594779613476,8.20324952481665,1
197,1,9.75,22,8.20324952481665,8.45075263296853,1
197,1,9.75,22,8.45075263296853,8.55276453862811,1
197,1,9.75,22,8.55276453862811,8.60330212806074,1
197,1,9.75,22,8.60330212806074,8.63371276518544,1
197,1,9.75,22,8.63371276518544,8.77620695140341,1
197,1,9.75,22,8.77620695140341,8.93936072725954,1
197,1,9.75,22,8.93936072725954,8.9649497272473,1
197,1,9.75,22,8.9649497272473,9.03142870444579,1
197,1,9.75,22,9.03142870444579,9.13540889260077,1
197,1,9.75,22,9.13540889260077,9.7046231349587,1
197,1,9.75,22,9.7046231349587,9.75,0
198,1,9.75,1,0,5.0352993925796,1
198,1,9.75,1,5.0352993925796,9.75,0
199,1,16.75,3,0,0.146627768619334,1
199,1,16.75,3,0.146627768619334,1.24980404650351,1
199,1,16.75,3,1.24980404650351,4.78110275103473,1
199,1,16.75,3,4.78110275103473,16.75,0
200,1,14.75,23,0,2.75040327739174,1
200,1,14.75,23,2.75040327739174,3.95551266394945,1
200,1,14.75,23,3.95551266394945,4.37651827834963,1
200,1,14.75,23,4.37651827834963,7.09625206573602,1
200,1,14.75,23,7.09625206573602,7.4131635504453,1
200,1,14.75,23,7.4131635504453,8.41961034303895,1
200,1,14.75,23,8.41961034303895,9.77969361944299,1
200,1,14.75,23,9.77969361944299,10.3828531728746,1
200,1,14.75,23,10.3828531728746,10.7748695169379,1
200,1,14.75,23,10.7748695169379,11.2592712574537,1
200,1,14.75,23,11.2592712574537,11.3286974519127,1
200,1,14.75,23,11.3286974519127,11.5345248167472,1
200,1,14.75,23,11.5345248167472,11.6681719855293,1
200,1,14.75,23,11.6681719855293,11.9020883674693,1
200,1,14.75,23,11.9020883674693,12.1888634174051,1
200,1,14.75,23,12.1888634174051,12.1992215467811,1
200,1,14.75,23,12.1992215467811,13.4275792798005,1
200,1,14.75,23,13.4275792798005,13.6773785784975,1
200,1,14.75,23,13.6773785784975,13.7434083328504,1
200,1,14.75,23,13.7434083328504,13.8668808720736,1
200,1,14.75,23,13.8668808720736,14.0193171703683,1
200,1,14.75,23,14.0193171703683,14.0567237731016,1
200,1,14.75,23,14.0567237731016,14.3219343413119,1
200,1,14.75,23,14.3219343413119,14.75,0
201,1,14.75,107,0,2.3339289800676,1
201,1,14.75,107,2.3339289800676,2.73637187625939,1
201,1,14.75,107,2.73637187625939,3.20097780415389,1
201,1,14.75,107,3.20097780415389,3.4662127203137,1
201,1,14.75,107,3.4662127203137,3.78815798645328,1
201,1,14.75,107,3.78815798645328,3.80118053091334,1
201,1,14.75,107,3.80118053091334,3.98763817192923,1
201,1,14.75,107,3.98763817192923,4.21929798858919,1
201,1,14.75,107,4.21929798858919,4.4948776949312,1
201,1,14.75,107,4.4948776949312,4.58971448761719,1
201,1,14.75,107,4.58971448761719,4.99390111756934,1
201,1,14.75,107,4.99390111756934,5.12234712374539,1
201,1,14.75,107,5.12234712374539,5.58626822688553,1
201,1,14.75,107,5.58626822688553,5.83847427958222,1
201,1,14.75,107,5.83847427958222,5.99257436049317,1
201,1,14.75,107,5.99257436049317,6.02080702798822,1
201,1,14.75,107,6.02080702798822,6.15345900181828,1
201,1,14.75,107,6.15345900181828,6.63333102381591,1
201,1,14.75,107,6.63333102381591,6.75545960966696,1
201,1,14.75,107,6.75545960966696,6.98698825659695,1
201,1,14.75,107,6.98698825659695,7.45673668339686,1
201,1,14.75,107,7.45673668339686,7.62736618246739,1
201,1,14.75,107,7.62736618246739,7.77765213183752,1
201,1,14.75,107,7.77765213183752,7.84728186307632,1
201,1,14.75,107,7.84728186307632,8.00266029539254,1
201,1,14.75,107,8.00266029539254,8.03640502351281,1
201,1,14.75,107,8.03640502351281,8.04038072357363,1
201,1,14.75,107,8.04038072357363,8.04404377999335,1
201,1,14.75,107,8.04404377999335,8.07351018212842,1
201,1,14.75,107,8.07351018212842,8.16689743627988,1
201,1,14.75,107,8.16689743627988,8.34820448096291,1
201,1,14.75,107,8.34820448096291,8.4178300051349,1
201,1,14.75,107,8.4178300051349,8.49606967438926,1
201,1,14.75,107,8.49606967438926,8.69122664657966,1
201,1,14.75,107,8.69122664657966,8.69278742187425,1
201,1,14.75,107,8.69278742187425,8.84584103110094,1
201,1,14.75,107,8.84584103110094,9.16804461668947,1
201,1,14.75,107,9.16804461668947,9.22672803244088,1
201,1,14.75,107,9.22672803244088,9.43349443834385,1
201,1,14.75,107,9.43349443834385,9.5038762774407,1
201,1,14.75,107,9.5038762774407,9.5716843867542,1
201,1,14.75,107,9.5716843867542,9.59231594173263,1
201,1,14.75,107,9.59231594173263,9.8861458267147,1
201,1,14.75,107,9.8861458267147,9.9723063325682,1
201,1,14.75,107,9.9723063325682,10.1867395281601,1
201,1,14.75,107,10.1867395281601,10.1930734685074,1
201,1,14.75,107,10.1930734685074,10.308207691029,1
201,1,14.75,107,10.308207691029,10.3140296467128,1
201,1,14.75,107,10.3140296467128,10.4445512426348,1
201,1,14.75,107,10.4445512426348,10.731284163967,1
201,1,14.75,107,10.731284163967,10.7441941088954,1
201,1,14.75,107,10.7441941088954,10.7836155245638,1
201,1,14.75,107,10.7836155245638,10.8826813764749,1
201,1,14.75,107,10.8826813764749,10.9142735154573,1
201,1,14.75,107,10.9142735154573,10.9247266393493,1
201,1,14.75,107,10.9247266393493,10.9487603830896,1
201,1,14.75,107,10.9487603830896,11.0645076555545,1
201,1,14.75,107,11.0645076555545,11.0828833089188,1
201,1,14.75,107,11.0828833089188,11.3308236385344,1
201,1,14.75,107,11.3308236385344,11.3504779699135,1
201,1,14.75,107,11.3504779699135,11.3673563054048,1
201,1,14.75,107,11.3673563054048,11.4250490911562,1
201,1,14.75,107,11.4250490911562,11.5704789020769,1
201,1,14.75,107,11.5704789020769,11.760276088672,1
201,1,14.75,107,11.760276088672,11.8589056276911,1
201,1,14.75,107,11.8589056276911,11.8897466631951,1
201,1,14.75,107,11.8897466631951,11.9869895581404,1
201,1,14.75,107,11.9869895581404,12.0184846560294,1
201,1,14.75,107,12.0184846560294,12.0878985726865,1
201,1,14.75,107,12.0878985726865,12.1273679254919,1
201,1,14.75,107,12.1273679254919,12.1312625413996,1
201,1,14.75,107,12.1312625413996,12.3576869863953,1
201,1,14.75,107,12.3576869863953,12.4322334914267,1
201,1,14.75,107,12.4322334914267,12.4366864315202,1
201,1,14.75,107,12.4366864315202,12.5000201008882,1
201,1,14.75,107,12.5000201008882,12.586326963737,1
201,1,14.75,107,12.586326963737,12.8418201965503,1
201,1,14.75,107,12.8418201965503,12.8497916065044,1
201,1,14.75,107,12.8497916065044,12.8687287892995,1
201,1,14.75,107,12.8687287892995,12.870583671169,1
201,1,14.75,107,12.870583671169,12.8967873811684,1
201,1,14.75,107,12.8967873811684,12.9681474846688,1
201,1,14.75,107,12.9681474846688,12.9805167631403,1
201,1,14.75,107,12.9805167631403,12.994594387339,1
201,1,14.75,107,12.994594387339,13.1283683267753,1
201,1,14.75,107,13.1283683267753,13.2534621039716,1
201,1,14.75,107,13.2534621039716,13.2897462582463,1
201,1,14.75,107,13.2897462582463,13.3965302764032,1
201,1,14.75,107,13.3965302764032,13.4172383275406,1
201,1,14.75,107,13.4172383275406,13.4955429111688,1
201,1,14.75,107,13.4955429111688,13.5405766434446,1
201,1,14.75,107,13.5405766434446,13.5500630251025,1
201,1,14.75,107,13.5500630251025,13.6705486854049,1
201,1,14.75,107,13.6705486854049,13.6749246829737,1
201,1,14.75,107,13.6749246829737,13.7577440986143,1
201,1,14.75,107,13.7577440986143,13.8828895085257,1
201,1,14.75,107,13.8828895085257,13.9536537270562,1
201,1,14.75,107,13.9536537270562,13.9878403799452,1
201,1,14.75,107,13.9878403799452,14.0096167625793,1
201,1,14.75,107,14.0096167625793,14.0527148227143,1
201,1,14.75,107,14.0527148227143,14.2254596751787,1
201,1,14.75,107,14.2254596751787,14.2627206972423,1
201,1,14.75,107,14.2627206972423,14.3195796928878,1
201,1,14.75,107,14.3195796928878,14.4003984538777,1
201,1,14.75,107,14.4003984538777,14.4791626184102,1
201,1,14.75,107,14.4791626184102,14.5526400778415,1
201,1,14.75,107,14.5526400778415,14.7434423059162,1
201,1,14.75,107,14.7434423059162,14.75,0
202,1,14.75,49,0,2.78859776267005,1
202,1,14.75,49,2.78859776267005,5.67252738746259,1
202,1,14.75,49,5.67252738746259,6.01688718458222,1
202,1,14.75,49,6.01688718458222,6.6860308377646,1
202,1,14.75,49,6.6860308377646,6.75370501915021,1
202,1,14.75,49,6.75370501915021,6.82252684659741,1
202,1,14.75,49,6.82252684659741,6.9851764357264,1
202,1,14.75,49,6.9851764357264,7.21956878819799,1
202,1,14.75,49,7.21956878819799,7.228665528505,1
202,1,14.75,49,7.228665528505,8.10370658131472,1
202,1,14.75,49,8.10370658131472,8.11706497615992,1
202,1,14.75,49,8.11706497615992,8.13480137418142,1
202,1,14.75,49,8.13480137418142,8.36719468460404,1
202,1,14.75,49,8.36719468460404,8.46778546409445,1
202,1,14.75,49,8.46778546409445,9.00442044636289,1
202,1,14.75,49,9.00442044636289,9.41717607894774,1
202,1,14.75,49,9.41717607894774,9.4330832096912,1
202,1,14.75,49,9.4330832096912,9.96385641398975,1
202,1,14.75,49,9.96385641398975,10.2376070819039,1
202,1,14.75,49,10.2376070819039,11.1884592757629,1
202,1,14.75,49,11.1884592757629,11.2821780753628,1
202,1,14.75,49,11.2821780753628,11.3132066324855,1
202,1,14.75,49,11.3132066324855,11.3145821025653,1
202,1,14.75,49,11.3145821025653,11.4750360806078,1
202,1,14.75,49,11.4750360806078,11.7183856122875,1
202,1,14.75,49,11.7183856122875,12.2924113376596,1
202,1,14.75,49,12.2924113376596,12.3610032241265,1
202,1,14.75,49,12.3610032241265,12.3782824411288,1
202,1,14.75,49,12.3782824411288,12.4073367951534,1
202,1,14.75,49,12.4073367951534,12.4366963586337,1
202,1,14.75,49,12.4366963586337,12.446371096235,1
202,1,14.75,49,12.446371096235,12.7369002716497,1
202,1,14.75,49,12.7369002716497,12.8913639763976,1
202,1,14.75,49,12.8913639763976,13.0229860541146,1
202,1,14.75,49,13.0229860541146,13.0566757093279,1
202,1,14.75,49,13.0566757093279,13.1572590071858,1
202,1,14.75,49,13.1572590071858,13.2644207191236,1
202,1,14.75,49,13.2644207191236,13.620100135411,1
202,1,14.75,49,13.620100135411,13.8372401351388,1
202,1,14.75,49,13.8372401351388,13.9933751959966,1
202,1,14.75,49,13.9933751959966,14.059319788947,1
202,1,14.75,49,14.059319788947,14.1274045240432,1
202,1,14.75,49,14.1274045240432,14.2425969498785,1
202,1,14.75,49,14.2425969498785,14.3060842975072,1
202,1,14.75,49,14.3060842975072,14.4174364814059,1
202,1,14.75,49,14.4174364814059,14.4927278672359,1
202,1,14.75,49,14.4927278672359,14.5112816830206,1
202,1,14.75,49,14.5112816830206,14.6155886417175,1
202,1,14.75,49,14.6155886417175,14.7297486211883,1
202,1,14.75,49,14.7297486211883,14.75,0
203,1,15.75,53,0,3.66456999126754,1
203,1,15.75,53,3.66456999126754,4.11512134541125,1
203,1,15.75,53,4.11512134541125,4.28444643081501,1
203,1,15.75,53,4.28444643081501,5.37370279275847,1
203,1,15.75,53,5.37370279275847,5.57043806876257,1
203,1,15.75,53,5.57043806876257,6.47083650511505,1
203,1,15.75,53,6.47083650511505,6.57987676407824,1
203,1,15.75,53,6.57987676407824,6.88636436365578,1
203,1,15.75,53,6.88636436365578,6.9039449806427,1
203,1,15.75,53,6.9039449806427,7.80927649982254,1
203,1,15.75,53,7.80927649982254,7.95285204192065,1
203,1,15.75,53,7.95285204192065,7.97207597796412,1
203,1,15.75,53,7.97207597796412,8.03143406406201,1
203,1,15.75,53,8.03143406406201,8.95973641008845,1
203,1,15.75,53,8.95973641008845,9.65126771594128,1
203,1,15.75,53,9.65126771594128,9.68381853960674,1
203,1,15.75,53,9.68381853960674,9.95857390117065,1
203,1,15.75,53,9.95857390117065,9.98380874384683,1
203,1,15.75,53,9.98380874384683,10.04492637842,1
203,1,15.75,53,10.04492637842,10.2982041506837,1
203,1,15.75,53,10.2982041506837,10.4198557220727,1
203,1,15.75,53,10.4198557220727,10.746978361312,1
203,1,15.75,53,10.746978361312,10.9195844265034,1
203,1,15.75,53,10.9195844265034,11.0001139844638,1
203,1,15.75,53,11.0001139844638,11.1442063142309,1
203,1,15.75,53,11.1442063142309,11.3705371321787,1
203,1,15.75,53,11.3705371321787,11.4549861116016,1
203,1,15.75,53,11.4549861116016,12.2600321176708,1
203,1,15.75,53,12.2600321176708,12.4800525777949,1
203,1,15.75,53,12.4800525777949,12.7625403966322,1
203,1,15.75,53,12.7625403966322,13.1307768845927,1
203,1,15.75,53,13.1307768845927,13.5036430272508,1
203,1,15.75,53,13.5036430272508,13.5711074861916,1
203,1,15.75,53,13.5711074861916,13.66957952176,1
203,1,15.75,53,13.66957952176,13.8648688440348,1
203,1,15.75,53,13.8648688440348,13.9308578352465,1
203,1,15.75,53,13.9308578352465,14.1116036100224,1
203,1,15.75,53,14.1116036100224,14.2002874721954,1
203,1,15.75,53,14.2002874721954,14.2322074776418,1
203,1,15.75,53,14.2322074776418,14.2432418794114,1
203,1,15.75,53,14.2432418794114,14.443326872531,1
203,1,15.75,53,14.443326872531,14.5829095346662,1
203,1,15.75,53,14.5829095346662,14.7197958583146,1
203,1,15.75,53,14.7197958583146,14.7412204053618,1
203,1,15.75,53,14.7412204053618,15.0101730498705,1
203,1,15.75,53,15.0101730498705,15.1513544808111,1
203,1,15.75,53,15.1513544808111,15.1761158701778,1
203,1,15.75,53,15.1761158701778,15.1929063393674,1
203,1,15.75,53,15.1929063393674,15.1939436101651,1
203,1,15.75,53,15.1939436101651,15.353200323726,1
203,1,15.75,53,15.353200323726,15.3877439233226,1
203,1,15.75,53,15.3877439233226,15.4559009567537,1
203,1,15.75,53,15.4559009567537,15.5975294518398,1
203,1,15.75,53,15.5975294518398,15.75,0
204,1,12.75,27,0,2.70228081157759,1
204,1,12.75,27,2.70228081157759,4.01890710317043,1
204,1,12.75,27,4.01890710317043,4.52625936355944,1
204,1,12.75,27,4.52625936355944,6.21991387200545,1
204,1,12.75,27,6.21991387200545,7.17169489471646,1
204,1,12.75,27,7.17169489471646,7.23353423124986,1
204,1,12.75,27,7.23353423124986,7.42537246425429,1
204,1,12.75,27,7.42537246425429,7.74182483764949,1
204,1,12.75,27,7.74182483764949,8.79450827985478,1
204,1,12.75,27,8.79450827985478,8.9134507335665,1
204,1,12.75,27,8.9134507335665,9.25777675309397,1
204,1,12.75,27,9.25777675309397,9.8390433528668,1
204,1,12.75,27,9.8390433528668,9.91673556601168,1
204,1,12.75,27,9.91673556601168,10.2182729180295,1
204,1,12.75,27,10.2182729180295,10.2308587038561,1
204,1,12.75,27,10.2308587038561,11.0336052286165,1
204,1,12.75,27,11.0336052286165,11.0875489735302,1
204,1,12.75,27,11.0875489735302,11.1488487375094,1
204,1,12.75,27,11.1488487375094,11.2280879679082,1
204,1,12.75,27,11.2280879679082,11.4157936626183,1
204,1,12.75,27,11.4157936626183,11.4671604253814,1
204,1,12.75,27,11.4671604253814,11.5589480882093,1
204,1,12.75,27,11.5589480882093,11.762967725112,1
204,1,12.75,27,11.762967725112,11.8210298317863,1
204,1,12.75,27,11.8210298317863,11.9785474091187,1
204,1,12.75,27,11.9785474091187,12.1294351756703,1
204,1,12.75,27,12.1294351756703,12.3607067342711,1
204,1,12.75,27,12.3607067342711,12.75,0
205,1,13.75,24,0,4.57392418358588,1
205,1,13.75,24,4.57392418358588,5.99401509832409,1
205,1,13.75,24,5.99401509832409,6.31421812253731,1
205,1,13.75,24,6.31421812253731,6.65991358068651,1
205,1,13.75,24,6.65991358068651,6.94014644965402,1
205,1,13.75,24,6.94014644965402,7.81194893836773,1
205,1,13.75,24,7.81194893836773,8.08041735081607,1
205,1,13.75,24,8.08041735081607,8.11028347673931,1
205,1,13.75,24,8.11028347673931,8.27218346553782,1
205,1,13.75,24,8.27218346553782,8.47493365843535,1
205,1,13.75,24,8.47493365843535,8.49738483128607,1
205,1,13.75,24,8.49738483128607,8.69393403851148,1
205,1,13.75,24,8.69393403851148,10.8708165014275,1
205,1,13.75,24,10.8708165014275,11.1833489797576,1
205,1,13.75,24,11.1833489797576,11.3425132024558,1
205,1,13.75,24,11.3425132024558,11.7620250278649,1
205,1,13.75,24,11.7620250278649,12.0512661394024,1
205,1,13.75,24,12.0512661394024,12.0960775108284,1
205,1,13.75,24,12.0960775108284,12.5000955419294,1
205,1,13.75,24,12.5000955419294,12.8528651436163,1
205,1,13.75,24,12.8528651436163,13.0757039568707,1
205,1,13.75,24,13.0757039568707,13.2365734645898,1
205,1,13.75,24,13.2365734645898,13.590099005073,1
205,1,13.75,24,13.590099005073,13.7437338549993,1
205,1,13.75,24,13.7437338549993,13.75,0
206,1,17.75,3,0,0.859098795996562,1
206,1,17.75,3,0.859098795996562,5.41415417152015,1
206,1,17.75,3,5.41415417152015,9.41318485299779,1
206,1,17.75,3,9.41318485299779,17.75,0
207,1,10.75,3,0,0.138685243046547,1
207,1,10.75,3,0.138685243046547,0.186322821649605,1
207,1,10.75,3,0.186322821649605,5.26028354761792,1
207,1,10.75,3,5.26028354761792,10.75,0
208,1,15.75,29,0,5.94002481335731,1
208,1,15.75,29,5.94002481335731,6.83472486695204,1
208,1,15.75,29,6.83472486695204,7.22188571113898,1
208,1,15.75,29,7.22188571113898,7.38213476591946,1
208,1,15.75,29,7.38213476591946,7.39333627330949,1
208,1,15.75,29,7.39333627330949,7.73792735187638,1
208,1,15.75,29,7.73792735187638,7.90491669622379,1
208,1,15.75,29,7.90491669622379,9.60866243200016,1
208,1,15.75,29,9.60866243200016,9.88345383863536,1
208,1,15.75,29,9.88345383863536,10.3228018446301,1
208,1,15.75,29,10.3228018446301,10.9554928810643,1
208,1,15.75,29,10.9554928810643,11.5181773845112,1
208,1,15.75,29,11.5181773845112,11.6137436627128,1
208,1,15.75,29,11.6137436627128,12.1677198656813,1
208,1,15.75,29,12.1677198656813,12.2044254430434,1
208,1,15.75,29,12.2044254430434,12.5989366899078,1
208,1,15.75,29,12.5989366899078,13.0564858627035,1
208,1,15.75,29,13.0564858627035,13.1526093789468,1
208,1,15.75,29,13.1526093789468,13.1581506507768,1
208,1,15.75,29,13.1581506507768,13.1679069589569,1
208,1,15.75,29,13.1679069589569,13.6100409597633,1
208,1,15.75,29,13.6100409597633,13.6356607015873,1
208,1,15.75,29,13.6356607015873,13.6865119949869,1
208,1,15.75,29,13.6865119949869,13.7699404049201,1
208,1,15.75,29,13.7699404049201,14.088438459837,1
208,1,15.75,29,14.088438459837,14.6779941136697,1
208,1,15.75,29,14.6779941136697,14.9851081490697,1
208,1,15.75,29,14.9851081490697,15.6750342719104,1
208,1,15.75,29,15.6750342719104,15.6900161876929,1
208,1,15.75,29,15.6900161876929,15.75,0
209,1,17.75,4,0,0.224538869897434,1
209,1,17.75,4,0.224538869897434,7.43848383685409,1
209,1,17.75,4,7.43848383685409,9.15040653097537,1
209,1,17.75,4,9.15040653097537,16.95620420181,1
209,1,17.75,4,16.95620420181,17.75,0
210,1,8.75,0,0,8.75,0
211,1,20.75,1,0,5.70252204924626,1
211,1,20.75,1,5.70252204924626,20.75,0
212,1,11.75,4,0,0.0114975331452498,1
212,1,11.75,4,0.0114975331452498,0.12834677591673,1
212,1,11.75,4,0.12834677591673,3.77370230360885,1
212,1,11.75,4,3.77370230360885,8.8407101774554,1
212,1,11.75,4,8.8407101774554,11.75,0
213,1,8.75,1,0,0.0206212108630036,1
213,1,8.75,1,0.0206212108630036,8.75,0
214,1,9.75,19,0,3.21748494643828,1
214,1,9.75,19,3.21748494643828,3.32601832235806,1
214,1,9.75,19,3.32601832235806,3.88818463139603,1
214,1,9.75,19,3.88818463139603,4.27737193897702,1
214,1,9.75,19,4.27737193897702,4.99387585478778,1
214,1,9.75,19,4.99387585478778,5.61800689187513,1
214,1,9.75,19,5.61800689187513,5.76389534516984,1
214,1,9.75,19,5.76389534516984,6.50944948795684,1
214,1,9.75,19,6.50944948795684,6.74442549541771,1
214,1,9.75,19,6.74442549541771,7.39017871624139,1
214,1,9.75,19,7.39017871624139,7.52272336808829,1
214,1,9.75,19,7.52272336808829,8.05261514063632,1
214,1,9.75,19,8.05261514063632,8.07086482751298,1
214,1,9.75,19,8.07086482751298,8.09990843593044,1
214,1,9.75,19,8.09990843593044,8.44444489549376,1
214,1,9.75,19,8.44444489549376,8.46773200700135,1
214,1,9.75,19,8.46773200700135,8.67700085161005,1
214,1,9.75,19,8.67700085161005,8.6776777220173,1
214,1,9.75,19,8.6776777220173,9.36896802271761,1
214,1,9.75,19,9.36896802271761,9.75,0
215,1,14.75,0,0,14.75,0
216,1,14.75,2,0,1.99682899086371,1
216,1,14.75,2,1.99682899086371,3.49449532292855,1
216,1,14.75,2,3.49449532292855,14.75,0
217,1,13.75,23,0,2.13642326621457,1
217,1,13.75,23,2.13642326621457,3.65139717564835,1
217,1,13.75,23,3.65139717564835,5.65573308368081,1
217,1,13.75,23,5.65573308368081,6.01224959022641,1
217,1,13.75,23,6.01224959022641,7.58172382998402,1
217,1,13.75,23,7.58172382998402,9.00645940043489,1
217,1,13.75,23,9.00645940043489,9.352452318113,1
217,1,13.75,23,9.352452318113,9.54823235800881,1
217,1,13.75,23,9.54823235800881,9.98409308205697,1
217,1,13.75,23,9.98409308205697,10.148864187504,1
217,1,13.75,23,10.148864187504,10.501486392711,1
217,1,13.75,23,10.501486392711,10.6055510399185,1
217,1,13.75,23,10.6055510399185,10.6236622890623,1
217,1,13.75,23,10.6236622890623,11.0730274559787,1
217,1,13.75,23,11.0730274559787,11.3872735257962,1
217,1,13.75,23,11.3872735257962,11.556819863882,1
217,1,13.75,23,11.556819863882,11.9388828094478,1
217,1,13.75,23,11.9388828094478,12.1832581180582,1
217,1,13.75,23,12.1832581180582,12.5913448586538,1
217,1,13.75,23,12.5913448586538,12.7144797233038,1
217,1,13.75,23,12.7144797233038,12.7177127554247,1
217,1,13.75,23,12.7177127554247,13.3271157844211,1
217,1,13.75,23,13.3271157844211,13.6754667833472,1
217,1,13.75,23,13.6754667833472,13.75,0
218,1,14.75,4,0,3.50905489832024,1
218,1,14.75,4,3.50905489832024,9.54173243013927,1
218,1,14.75,4,9.54173243013927,10.8489851317723,1
218,1,14.75,4,10.8489851317723,12.8817364098806,1
218,1,14.75,4,12.8817364098806,14.75,0
219,1,18.75,2,0,3.14141536963817,1
219,1,18.75,2,3.14141536963817,13.2695642235294,1
219,1,18.75,2,13.2695642235294,18.75,0
220,1,8.75,1,0,0.313851204143442,1
220,1,8.75,1,0.313851204143442,8.75,0
221,1,11.75,2,0,0.704650422515565,1
221,1,11.75,2,0.704650422515565,3.14921338733671,1
221,1,11.75,2,3.14921338733671,11.75,0
222,1,8.75,7,0,1.9748998963533,1
222,1,8.75,7,1.9748998963533,6.38272913107632,1
222,1,8.75,7,6.38272913107632,6.5745715143811,1
222,1,8.75,7,6.5745715143811,6.89992506370874,1
222,1,8.75,7,6.89992506370874,7.81360176213054,1
222,1,8.75,7,7.81360176213054,8.22851834257045,1
222,1,8.75,7,8.22851834257045,8.61485023985308,1
222,1,8.75,7,8.61485023985308,8.75,0
223,1,14.75,2,0,0.179153897192193,1
223,1,14.75,2,0.179153897192193,2.53959469328678,1
223,1,14.75,2,2.53959469328678,14.75,0
224,1,15.75,3,0,0.706862531279321,1
224,1,15.75,3,0.706862531279321,1.37347679326534,1
224,1,15.75,3,1.37347679326534,3.67443738638867,1
224,1,15.75,3,3.67443738638867,15.75,0
225,1,13.75,1,0,0.73300153472237,1
225,1,13.75,1,0.73300153472237,13.75,0
226,1,14.75,4,0,0.0587348554380139,1
226,1,14.75,4,0.0587348554380139,1.10028284055142,1
226,1,14.75,4,1.10028284055142,2.76909720893998,1
226,1,14.75,4,2.76909720893998,6.86779980633667,1
226,1,14.75,4,6.86779980633667,14.75,0
227,1,16.75,1,0,4.28248255276452,1
227,1,16.75,1,4.28248255276452,16.75,0
228,1,20.75,1,0,5.45837025454668,1
228,1,20.75,1,5.45837025454668,20.75,0
229,1,18.75,2,0,0.201080369200059,1
229,1,18.75,2,0.201080369200059,5.10322586804364,1
229,1,18.75,2,5.10322586804364,18.75,0
230,1,13.75,34,0,1.17384218510011,1
230,1,13.75,34,1.17384218510011,4.03927187858876,1
230,1,13.75,34,4.03927187858876,4.35525181543773,1
230,1,13.75,34,4.35525181543773,5.09512589936791,1
230,1,13.75,34,5.09512589936791,6.29631719006563,1
230,1,13.75,34,6.29631719006563,7.52881616030663,1
230,1,13.75,34,7.52881616030663,7.71960968127951,1
230,1,13.75,34,7.71960968127951,8.06374264308264,1
230,1,13.75,34,8.06374264308264,8.06932673226317,1
230,1,13.75,34,8.06932673226317,8.32601010390234,1
230,1,13.75,34,8.32601010390234,8.63798901958371,1
230,1,13.75,34,8.63798901958371,8.85277399881092,1
230,1,13.75,34,8.85277399881092,9.52383465572718,1
230,1,13.75,34,9.52383465572718,9.85120381164909,1
230,1,13.75,34,9.85120381164909,10.0716626935631,1
230,1,13.75,34,10.0716626935631,10.7611513863518,1
230,1,13.75,34,10.7611513863518,11.4409748361991,1
230,1,13.75,34,11.4409748361991,12.0632107177524,1
230,1,13.75,34,12.0632107177524,12.1368768098883,1
230,1,13.75,34,12.1368768098883,12.295998680162,1
230,1,13.75,34,12.295998680162,12.3296073569849,1
230,1,13.75,34,12.3296073569849,12.5252362338399,1
230,1,13.75,34,12.5252362338399,12.6623351370513,1
230,1,13.75,34,12.6623351370513,12.6692943245267,1
230,1,13.75,34,12.6692943245267,12.8109967583554,1
230,1,13.75,34,12.8109967583554,12.8588714287298,1
230,1,13.75,34,12.8588714287298,12.9453629590896,1
230,1,13.75,34,12.9453629590896,12.9590900083634,1
230,1,13.75,34,12.9590900083634,12.9815549069647,1
230,1,13.75,34,12.9815549069647,13.1433095317656,1
230,1,13.75,34,13.1433095317656,13.2590837923832,1
230,1,13.75,34,13.2590837923832,13.3042886933095,1
230,1,13.75,34,13.3042886933095,13.3806066842681,1
230,1,13.75,34,13.3806066842681,13.6095431088573,1
230,1,13.75,34,13.6095431088573,13.75,0
231,1,14.75,0,0,14.75,0
232,1,10.75,2,0,0.0853747741952951,1
232,1,10.75,2,0.0853747741952951,10.0530882049796,1
232,1,10.75,2,10.0530882049796,10.75,0
233,1,11.75,2,0,5.91352684385043,1
233,1,11.75,2,5.91352684385043,11.0529833320706,1
233,1,11.75,2,11.0529833320706,11.75,0
234,1,13.75,33,0,2.99678034290197,1
234,1,13.75,33,2.99678034290197,3.06638047012223,1
234,1,13.75,33,3.06638047012223,3.21561686743327,1
234,1,13.75,33,3.21561686743327,3.63102448493463,1
234,1,13.75,33,3.63102448493463,3.87297861005159,1
234,1,13.75,33,3.87297861005159,5.82229661939785,1
234,1,13.75,33,5.82229661939785,5.97950564010975,1
234,1,13.75,33,5.97950564010975,6.0150732154576,1
234,1,13.75,33,6.0150732154576,6.03377487882219,1
234,1,13.75,33,6.03377487882219,6.49591518474696,1
234,1,13.75,33,6.49591518474696,7.3063545264645,1
234,1,13.75,33,7.3063545264645,7.68478464511842,1
234,1,13.75,33,7.68478464511842,9.19900023370084,1
234,1,13.75,33,9.19900023370084,9.408141102425,1
234,1,13.75,33,9.408141102425,9.45059468191954,1
234,1,13.75,33,9.45059468191954,9.61599804520726,1
234,1,13.75,33,9.61599804520726,10.3405517375053,1
234,1,13.75,33,10.3405517375053,10.4712051781339,1
234,1,13.75,33,10.4712051781339,10.6347182870531,1
234,1,13.75,33,10.6347182870531,11.4260306174977,1
234,1,13.75,33,11.4260306174977,11.5476734953581,1
234,1,13.75,33,11.5476734953581,11.5542976014071,1
234,1,13.75,33,11.5542976014071,12.1100801935959,1
234,1,13.75,33,12.1100801935959,12.499392508166,1
234,1,13.75,33,12.499392508166,12.5528215566113,1
234,1,13.75,33,12.5528215566113,12.7737982442983,1
234,1,13.75,33,12.7737982442983,12.8296784829571,1
234,1,13.75,33,12.8296784829571,12.9391901491446,1
234,1,13.75,33,12.9391901491446,12.9641999256531,1
234,1,13.75,33,12.9641999256531,12.9875184359441,1
234,1,13.75,33,12.9875184359441,13.0291157904547,1
234,1,13.75,33,13.0291157904547,13.4014546879362,1
234,1,13.75,33,13.4014546879362,13.41002898974,1
234,1,13.75,33,13.41002898974,13.75,0
235,1,17.75,4,0,0.16122272325997,1
235,1,17.75,4,0.16122272325997,4.52620714783449,1
235,1,17.75,4,4.52620714783449,6.4495763812845,1
235,1,17.75,4,6.4495763812845,11.8551283927611,1
235,1,17.75,4,11.8551283927611,17.75,0
236,1,18.75,5,0,3.04613940807752,1
236,1,18.75,5,3.04613940807752,3.74665705898484,1
236,1,18.75,5,3.74665705898484,9.01924280035154,1
236,1,18.75,5,9.01924280035154,12.3190726250406,1
236,1,18.75,5,12.3190726250406,17.6970029391675,1
236,1,18.75,5,17.6970029391675,18.75,0
237,1,18.75,4,0,0.0456259020197649,1
237,1,18.75,4,0.0456259020197649,3.99725561279858,1
237,1,18.75,4,3.99725561279858,4.13086111929842,1
237,1,18.75,4,4.13086111929842,14.1929869121213,1
237,1,18.75,4,14.1929869121213,18.75,0
238,1,10.75,0,0,10.75,0
239,1,16.75,1,0,5.851631733592,1
239,1,16.75,1,5.851631733592,16.75,0
240,1,9.75,5,0,5.00026969181919,1
240,1,9.75,5,5.00026969181919,6.59902249136124,1
240,1,9.75,5,6.59902249136124,6.64589373871732,1
240,1,9.75,5,6.64589373871732,9.30939711868003,1
240,1,9.75,5,9.30939711868003,9.64681520562211,1
240,1,9.75,5,9.64681520562211,9.75,0
241,1,10.75,0,0,10.75,0
242,1,13.75,2,0,5.77835819222168,1
242,1,13.75,2,5.77835819222168,7.30605544273173,1
242,1,13.75,2,7.30605544273173,13.75,0
243,1,15.75,51,0,4.16865046600323,1
243,1,15.75,51,4.16865046600323,4.33750154120493,1
243,1,15.75,51,4.33750154120493,5.37316471994033,1
243,1,15.75,51,5.37316471994033,6.02184156303177,1
243,1,15.75,51,6.02184156303177,6.72605095567985,1
243,1,15.75,51,6.72605095567985,6.75212555581753,1
243,1,15.75,51,6.75212555581753,7.24339914953883,1
243,1,15.75,51,7.24339914953883,7.64243737751999,1
243,1,15.75,51,7.64243737751999,7.71910320640853,1
243,1,15.75,51,7.71910320640853,8.70960196706737,1
243,1,15.75,51,8.70960196706737,8.99429434103212,1
243,1,15.75,51,8.99429434103212,9.34844508620736,1
243,1,15.75,51,9.34844508620736,9.48827298080116,1
243,1,15.75,51,9.48827298080116,9.52046821614723,1
243,1,15.75,51,9.52046821614723,9.72676751089791,1
243,1,15.75,51,9.72676751089791,9.7498816919919,1
243,1,15.75,51,9.7498816919919,9.76329614200594,1
243,1,15.75,51,9.76329614200594,9.78615715062288,1
243,1,15.75,51,9.78615715062288,10.5196580292545,1
243,1,15.75,51,10.5196580292545,10.6608651326709,1
243,1,15.75,51,10.6608651326709,11.0285053944067,1
243,1,15.75,51,11.0285053944067,11.1175204748513,1
243,1,15.75,51,11.1175204748513,11.5763218143828,1
243,1,15.75,51,11.5763218143828,12.0026763647665,1
243,1,15.75,51,12.0026763647665,12.0434392552969,1
243,1,15.75,51,12.0434392552969,12.0680258213612,1
243,1,15.75,51,12.0680258213612,12.0734515588884,1
243,1,15.75,51,12.0734515588884,12.4035202701295,1
243,1,15.75,51,12.4035202701295,12.5130550298509,1
243,1,15.75,51,12.5130550298509,12.9990928838021,1
243,1,15.75,51,12.9990928838021,13.1293906494467,1
243,1,15.75,51,13.1293906494467,13.4821881997112,1
243,1,15.75,51,13.4821881997112,13.500542794798,1
243,1,15.75,51,13.500542794798,13.5490794592726,1
243,1,15.75,51,13.5490794592726,13.5759893276111,1
243,1,15.75,51,13.5759893276111,13.6532063123195,1
243,1,15.75,51,13.6532063123195,13.6892766105229,1
243,1,15.75,51,13.6892766105229,13.824937952497,1
243,1,15.75,51,13.824937952497,13.8922438138613,1
243,1,15.75,51,13.8922438138613,13.9302330171617,1
243,1,15.75,51,13.9302330171617,14.2734577607183,1
243,1,15.75,51,14.2734577607183,14.3197717297935,1
243,1,15.75,51,14.3197717297935,14.5265011065986,1
243,1,15.75,51,14.5265011065986,14.6040550550181,1
243,1,15.75,51,14.6040550550181,14.6259189246164,1
243,1,15.75,51,14.6259189246164,14.6344005889952,1
243,1,15.75,51,14.6344005889952,14.9813350635557,1
243,1,15.75,51,14.9813350635557,15.2602328647648,1
243,1,15.75,51,15.2602328647648,15.2693701442698,1
243,1,15.75,51,15.2693701442698,15.3605766004019,1
243,1,15.75,51,15.3605766004019,15.5295630093839,1
243,1,15.75,51,15.5295630093839,15.75,0
244,1,14.75,15,0,3.96824333897606,1
244,1,14.75,15,3.96824333897606,5.32638467528454,1
244,1,14.75,15,5.32638467528454,6.0255249343719,1
244,1,14.75,15,6.0255249343719,6.03401833287028,1
244,1,14.75,15,6.03401833287028,8.15816897954902,1
244,1,14.75,15,8.15816897954902,8.66860587395555,1
244,1,14.75,15,8.66860587395555,9.69567181765505,1
244,1,14.75,15,9.69567181765505,9.98594972834284,1
244,1,14.75,15,9.98594972834284,10.3418627819906,1
244,1,14.75,15,10.3418627819906,11.352660535579,1
244,1,14.75,15,11.352660535579,12.2392033551707,1
244,1,14.75,15,12.2392033551707,12.430363238218,1
244,1,14.75,15,12.430363238218,13.0048043058535,1
244,1,14.75,15,13.0048043058535,13.6914222503779,1
244,1,14.75,15,13.6914222503779,13.8053634303595,1
244,1,14.75,15,13.8053634303595,14.75,0
245,1,11.75,22,0,2.97178044572702,1
245,1,11.75,22,2.97178044572702,3.76884160397964,1
245,1,11.75,22,3.76884160397964,4.00534338932916,1
245,1,11.75,22,4.00534338932916,6.12206134021871,1
245,1,11.75,22,6.12206134021871,6.23423570832953,1
245,1,11.75,22,6.23423570832953,6.68501846312562,1
245,1,11.75,22,6.68501846312562,7.23634754909219,1
245,1,11.75,22,7.23634754909219,7.48030844289171,1
245,1,11.75,22,7.48030844289171,7.62637288245389,1
245,1,11.75,22,7.62637288245389,7.99611391747188,1
245,1,11.75,22,7.99611391747188,8.19225119241187,1
245,1,11.75,22,8.19225119241187,8.2726985947683,1
245,1,11.75,22,8.2726985947683,8.8872982634184,1
245,1,11.75,22,8.8872982634184,9.76871596359529,1
245,1,11.75,22,9.76871596359529,10.2484933225718,1
245,1,11.75,22,10.2484933225718,10.4936223279978,1
245,1,11.75,22,10.4936223279978,10.6611167864383,1
245,1,11.75,22,10.6611167864383,10.7671090638198,1
245,1,11.75,22,10.7671090638198,10.8765133834784,1
245,1,11.75,22,10.8765133834784,11.0998427741615,1
245,1,11.75,22,11.0998427741615,11.4939451624582,1
245,1,11.75,22,11.4939451624582,11.5020126195253,1
245,1,11.75,22,11.5020126195253,11.75,0
246,1,11.75,19,0,3.70335933605103,1
246,1,11.75,19,3.70335933605103,3.82880783595101,1
246,1,11.75,19,3.82880783595101,4.94319983411241,1
246,1,11.75,19,4.94319983411241,5.16999549438202,1
246,1,11.75,19,5.16999549438202,5.30710128704407,1
246,1,11.75,19,5.30710128704407,5.42377217307907,1
246,1,11.75,19,5.42377217307907,6.25284344876997,1
246,1,11.75,19,6.25284344876997,6.35106676055685,1
246,1,11.75,19,6.35106676055685,7.874756070702,1
246,1,11.75,19,7.874756070702,9.00990476562226,1
246,1,11.75,19,9.00990476562226,9.38773752263427,1
246,1,11.75,19,9.38773752263427,9.75050238355948,1
246,1,11.75,19,9.75050238355948,10.2197003866487,1
246,1,11.75,19,10.2197003866487,10.6505457671024,1
246,1,11.75,19,10.6505457671024,10.7874265780012,1
246,1,11.75,19,10.7874265780012,10.8412500305588,1
246,1,11.75,19,10.8412500305588,10.8871744288813,1
246,1,11.75,19,10.8871744288813,11.214961085052,1
246,1,11.75,19,11.214961085052,11.6287244758521,1
246,1,11.75,19,11.6287244758521,11.75,0
247,1,11.75,3,0,2.32736669330803,1
247,1,11.75,3,2.32736669330803,2.92312646659143,1
247,1,11.75,3,2.92312646659143,5.90247461013533,1
247,1,11.75,3,5.90247461013533,11.75,0
248,1,10.75,2,0,1.00442764433983,1
248,1,10.75,2,1.00442764433983,2.35223776399696,1
248,1,10.75,2,2.35223776399696,10.75,0
249,1,17.75,2,0,0.00553012007592346,1
249,1,17.75,2,0.00553012007592346,0.446300353878321,1
249,1,17.75,2,0.446300353878321,17.75,0
250,1,14.75,0,0,14.75,0
251,1,17.75,56,0,2.55307746150993,1
251,1,17.75,56,2.55307746150993,4.34475666457433,1
251,1,17.75,56,4.34475666457433,6.12326365661968,1
251,1,17.75,56,6.12326365661968,6.47975474001446,1
251,1,17.75,56,6.47975474001446,7.25264581676517,1
251,1,17.75,56,7.25264581676517,7.71657512760485,1
251,1,17.75,56,7.71657512760485,8.94473446796722,1
251,1,17.75,56,8.94473446796722,9.04441422121598,1
251,1,17.75,56,9.04441422121598,9.06944435260584,1
251,1,17.75,56,9.06944435260584,9.23429615745449,1
251,1,17.75,56,9.23429615745449,10.0370890912736,1
251,1,17.75,56,10.0370890912736,10.8256294290968,1
251,1,17.75,56,10.8256294290968,10.9616572605645,1
251,1,17.75,56,10.9616572605645,11.0259593822363,1
251,1,17.75,56,11.0259593822363,11.1072511129106,1
251,1,17.75,56,11.1072511129106,11.1307339364316,1
251,1,17.75,56,11.1307339364316,11.1603029237011,1
251,1,17.75,56,11.1603029237011,11.3365525520944,1
251,1,17.75,56,11.3365525520944,11.4522700915134,1
251,1,17.75,56,11.4522700915134,11.4766150152586,1
251,1,17.75,56,11.4766150152586,11.6443265780577,1
251,1,17.75,56,11.6443265780577,11.7981865879918,1
251,1,17.75,56,11.7981865879918,11.9063683360657,1
251,1,17.75,56,11.9063683360657,11.9527392305035,1
251,1,17.75,56,11.9527392305035,12.0933503741204,1
251,1,17.75,56,12.0933503741204,12.3552249270868,1
251,1,17.75,56,12.3552249270868,12.5740965321045,1
251,1,17.75,56,12.5740965321045,12.6702381779269,1
251,1,17.75,56,12.6702381779269,12.7651350768262,1
251,1,17.75,56,12.7651350768262,12.886658720563,1
251,1,17.75,56,12.886658720563,13.2099723755297,1
251,1,17.75,56,13.2099723755297,13.3624243241275,1
251,1,17.75,56,13.3624243241275,13.4681879931831,1
251,1,17.75,56,13.4681879931831,13.5074177097014,1
251,1,17.75,56,13.5074177097014,13.5467754852541,1
251,1,17.75,56,13.5467754852541,13.8441431013878,1
251,1,17.75,56,13.8441431013878,14.011062272683,1
251,1,17.75,56,14.011062272683,14.4040682109432,1
251,1,17.75,56,14.4040682109432,14.4270516636487,1
251,1,17.75,56,14.4270516636487,14.4535411280205,1
251,1,17.75,56,14.4535411280205,15.3484650992546,1
251,1,17.75,56,15.3484650992546,15.4530391773671,1
251,1,17.75,56,15.4530391773671,15.7015401556958,1
251,1,17.75,56,15.7015401556958,15.9070037881622,1
251,1,17.75,56,15.9070037881622,15.946148016527,1
251,1,17.75,56,15.946148016527,15.9858337768828,1
251,1,17.75,56,15.9858337768828,16.3588301021877,1
251,1,17.75,56,16.3588301021877,16.8311063744051,1
251,1,17.75,56,16.8311063744051,16.8312087901259,1
251,1,17.75,56,16.8312087901259,16.8609238566456,1
251,1,17.75,56,16.8609238566456,16.9758165306563,1
251,1,17.75,56,16.9758165306563,17.2310769507329,1
251,1,17.75,56,17.2310769507329,17.2943301502344,1
251,1,17.75,56,17.2943301502344,17.3054683632897,1
251,1,17.75,56,17.3054683632897,17.7206575963587,1
251,1,17.75,56,17.7206575963587,17.7214222955513,1
251,1,17.75,56,17.7214222955513,17.75,0
252,1,16.75,1,0,4.02143772357519,1
252,1,16.75,1,4.02143772357519,16.75,0
253,1,16.75,5,0,0.00145971522334078,1
253,1,16.75,5,0.00145971522334078,1.09063055085954,1
253,1,16.75,5,1.09063055085954,3.19967357174889,1
253,1,16.75,5,3.19967357174889,7.60904241173692,1
253,1,16.75,5,7.60904241173692,7.83546434696318,1
253,1,16.75,5,7.83546434696318,16.75,0
254,1,12.75,2,0,1.18753507885217e-05,1
254,1,12.75,2,1.18753507885217e-05,7.85428454909192,1
254,1,12.75,2,7.85428454909192,12.75,0
255,1,8.75,1,0,2.02181585711202,1
255,1,8.75,1,2.02181585711202,8.75,0
256,1,13.75,2,0,0.0918447064134091,1
256,1,13.75,2,0.0918447064134091,12.1028497198101,1
256,1,13.75,2,12.1028497198101,13.75,0
257,1,13.75,27,0,4.89691359586372,1
257,1,13.75,27,4.89691359586372,5.65389622884065,1
257,1,13.75,27,5.65389622884065,5.7968147778065,1
257,1,13.75,27,5.7968147778065,6.13403617432633,1
257,1,13.75,27,6.13403617432633,6.46285045274321,1
257,1,13.75,27,6.46285045274321,6.53389741290853,1
257,1,13.75,27,6.53389741290853,6.58680028116323,1
257,1,13.75,27,6.58680028116323,6.7252681618532,1
257,1,13.75,27,6.7252681618532,7.27300951944655,1
257,1,13.75,27,7.27300951944655,7.48233118817572,1
257,1,13.75,27,7.48233118817572,8.22325042978449,1
257,1,13.75,27,8.22325042978449,8.83328877148543,1
257,1,13.75,27,8.83328877148543,9.5439091167879,1
257,1,13.75,27,9.5439091167879,10.243395931769,1
257,1,13.75,27,10.243395931769,10.6053325235407,1
257,1,13.75,27,10.6053325235407,11.4777697895482,1
257,1,13.75,27,11.4777697895482,11.8876378367591,1
257,1,13.75,27,11.8876378367591,12.0113399531037,1
257,1,13.75,27,12.0113399531037,12.1127656603629,1
257,1,13.75,27,12.1127656603629,12.3953054197972,1
257,1,13.75,27,12.3953054197972,12.9640349086306,1
257,1,13.75,27,12.9640349086306,13.0679528009841,1
257,1,13.75,27,13.0679528009841,13.1876755772166,1
257,1,13.75,27,13.1876755772166,13.3020201331669,1
257,1,13.75,27,13.3020201331669,13.4812784039022,1
257,1,13.75,27,13.4812784039022,13.505054400547,1
257,1,13.75,27,13.505054400547,13.6083690222249,1
257,1,13.75,27,13.6083690222249,13.75,0
258,1,18.75,1,0,1.77429092168673,1
258,1,18.75,1,1.77429092168673,18.75,0
259,1,9.75,1,0,1.73131066181226,1
259,1,9.75,1,1.73131066181226,9.75,0
260,1,20.75,4,0,10.4826454214153,1
260,1,20.75,4,10.4826454214153,16.0580473514669,1
260,1,20.75,4,16.0580473514669,16.530333772373,1
260,1,20.75,4,16.530333772373,19.9755299016945,1
260,1,20.75,4,19.9755299016945,20.75,0
261,1,9.75,3,0,0.154110963689089,1
261,1,9.75,3,0.154110963689089,0.673587155758066,1
261,1,9.75,3,0.673587155758066,5.69568072866033,1
261,1,9.75,3,5.69568072866033,9.75,0
262,1,15.75,2,0,5.12256641878058,1
262,1,15.75,2,5.12256641878058,8.65758052319799,1
262,1,15.75,2,8.65758052319799,15.75,0
263,1,16.75,26,0,2.44819660851991,1
263,1,16.75,26,2.44819660851991,7.62922240484606,1
263,1,16.75,26,7.62922240484606,9.18205270271256,1
263,1,16.75,26,9.18205270271256,9.53711857078795,1
263,1,16.75,26,9.53711857078795,10.0986033642939,1
263,1,16.75,26,10.0986033642939,10.1129838111114,1
263,1,16.75,26,10.1129838111114,10.1491370309308,1
263,1,16.75,26,10.1491370309308,11.0344113240756,1
263,1,16.75,26,11.0344113240756,11.1259433662119,1
263,1,16.75,26,11.1259433662119,11.405643353677,1
263,1,16.75,26,11.405643353677,11.9895933102102,1
263,1,16.75,26,11.9895933102102,12.2836622854347,1
263,1,16.75,26,12.2836622854347,12.2881100836552,1
263,1,16.75,26,12.2881100836552,12.4945376941915,1
263,1,16.75,26,12.4945376941915,12.773166434668,1
263,1,16.75,26,12.773166434668,12.8911716342036,1
263,1,16.75,26,12.8911716342036,12.8935585515124,1
263,1,16.75,26,12.8935585515124,13.0198212052343,1
263,1,16.75,26,13.0198212052343,13.4999390153644,1
263,1,16.75,26,13.4999390153644,14.0645892265606,1
263,1,16.75,26,14.0645892265606,14.1166023246764,1
263,1,16.75,26,14.1166023246764,14.4539756024953,1
263,1,16.75,26,14.4539756024953,14.4944514917769,1
263,1,16.75,26,14.4944514917769,14.5809646972817,1
263,1,16.75,26,14.5809646972817,16.3326131931697,1
263,1,16.75,26,16.3326131931697,16.6637947067876,1
263,1,16.75,26,16.6637947067876,16.75,0
264,1,12.75,25,0,1.73714055997931,1
264,1,12.75,25,1.73714055997931,3.0721029337028,1
264,1,12.75,25,3.0721029337028,3.94589097206066,1
264,1,12.75,25,3.94589097206066,5.9017426701164,1
264,1,12.75,25,5.9017426701164,6.52510878749198,1
264,1,12.75,25,6.52510878749198,7.44337752602814,1
264,1,12.75,25,7.44337752602814,7.61443354625706,1
264,1,12.75,25,7.61443354625706,7.6618663685262,1
264,1,12.75,25,7.6618663685262,7.90625441947717,1
264,1,12.75,25,7.90625441947717,8.5302004749036,1
264,1,12.75,25,8.5302004749036,8.79931449999892,1
264,1,12.75,25,8.79931449999892,8.85343242441496,1
264,1,12.75,25,8.85343242441496,9.88970146336356,1
264,1,12.75,25,9.88970146336356,10.0709370102519,1
264,1,12.75,25,10.0709370102519,10.919635404816,1
264,1,12.75,25,10.919635404816,10.9472847266985,1
264,1,12.75,25,10.9472847266985,10.9768439725693,1
264,1,12.75,25,10.9768439725693,11.0803381213848,1
264,1,12.75,25,11.0803381213848,11.4254577561177,1
264,1,12.75,25,11.4254577561177,11.4292444593649,1
264,1,12.75,25,11.4292444593649,11.8525235977837,1
264,1,12.75,25,11.8525235977837,12.3019101379038,1
264,1,12.75,25,12.3019101379038,12.330629245914,1
264,1,12.75,25,12.330629245914,12.5122681103183,1
264,1,12.75,25,12.5122681103183,12.6769506741304,1
264,1,12.75,25,12.6769506741304,12.75,0
265,1,11.75,2,0,6.60322884375097e-05,1
265,1,11.75,2,6.60322884375097e-05,3.26897786839436,1
265,1,11.75,2,3.26897786839436,11.75,0
266,1,11.75,10,0,4.58191445226678,1
266,1,11.75,10,4.58191445226678,5.43648361086302,1
266,1,11.75,10,5.43648361086302,8.03272306477203,1
266,1,11.75,10,8.03272306477203,8.46448959514927,1
266,1,11.75,10,8.46448959514927,8.46701244818999,1
266,1,11.75,10,8.46701244818999,8.95578786384563,1
266,1,11.75,10,8.95578786384563,9.32647865425309,1
266,1,11.75,10,9.32647865425309,10.5693225336484,1
266,1,11.75,10,10.5693225336484,10.5738731670853,1
266,1,11.75,10,10.5738731670853,10.997871003627,1
266,1,11.75,10,10.997871003627,11.75,0
267,1,17.75,49,0,2.40910963387232,1
267,1,17.75,49,2.40910963387232,4.2937144210072,1
267,1,17.75,49,4.2937144210072,5.23448454087917,1
267,1,17.75,49,5.23448454087917,5.2811391843858,1
267,1,17.75,49,5.2811391843858,6.23165968639215,1
267,1,17.75,49,6.23165968639215,6.28727904960942,1
267,1,17.75,49,6.28727904960942,6.80778644268551,1
267,1,17.75,49,6.80778644268551,7.59121418302761,1
267,1,17.75,49,7.59121418302761,8.05361843624806,1
267,1,17.75,49,8.05361843624806,8.41135291848551,1
267,1,17.75,49,8.41135291848551,8.4717919976411,1
267,1,17.75,49,8.4717919976411,9.00203370466106,1
267,1,17.75,49,9.00203370466106,9.90975520215474,1
267,1,17.75,49,9.90975520215474,10.4958110939812,1
267,1,17.75,49,10.4958110939812,10.8205339709725,1
267,1,17.75,49,10.8205339709725,10.8511252223535,1
267,1,17.75,49,10.8511252223535,11.244952481895,1
267,1,17.75,49,11.244952481895,11.6315695231761,1
267,1,17.75,49,11.6315695231761,11.6782474238528,1
267,1,17.75,49,11.6782474238528,11.8577959427747,1
267,1,17.75,49,11.8577959427747,11.9878732854729,1
267,1,17.75,49,11.9878732854729,12.1871690910691,1
267,1,17.75,49,12.1871690910691,12.3824412443564,1
267,1,17.75,49,12.3824412443564,12.6453317738833,1
267,1,17.75,49,12.6453317738833,12.8646222666383,1
267,1,17.75,49,12.8646222666383,13.2913836831599,1
267,1,17.75,49,13.2913836831599,14.2209148774101,1
267,1,17.75,49,14.2209148774101,14.5975374567176,1
267,1,17.75,49,14.5975374567176,14.6456735906542,1
267,1,17.75,49,14.6456735906542,14.7796673283021,1
267,1,17.75,49,14.7796673283021,15.0073610019781,1
267,1,17.75,49,15.0073610019781,15.1318738558125,1
267,1,17.75,49,15.1318738558125,15.1433047436399,1
267,1,17.75,49,15.1433047436399,15.6446868183842,1
267,1,17.75,49,15.6446868183842,15.7414856087877,1
267,1,17.75,49,15.7414856087877,15.7949549750574,1
267,1,17.75,49,15.7949549750574,16.1271260657295,1
267,1,17.75,49,16.1271260657295,16.2391046364188,1
267,1,17.75,49,16.2391046364188,16.2443242138436,1
267,1,17.75,49,16.2443242138436,16.257924419744,1
267,1,17.75,49,16.257924419744,16.5563250197587,1
267,1,17.75,49,16.5563250197587,16.5737240313477,1
267,1,17.75,49,16.5737240313477,16.743207305215,1
267,1,17.75,49,16.743207305215,16.8587268806015,1
267,1,17.75,49,16.8587268806015,16.8917355595872,1
267,1,17.75,49,16.8917355595872,16.9358874829925,1
267,1,17.75,49,16.9358874829925,17.0465985326131,1
267,1,17.75,49,17.0465985326131,17.4510181974314,1
267,1,17.75,49,17.4510181974314,17.7411810191026,1
267,1,17.75,49,17.7411810191026,17.75,0
268,1,14.75,30,0,3.27317639894297,1
268,1,14.75,30,3.27317639894297,4.83970499052665,1
268,1,14.75,30,4.83970499052665,5.30420949201823,1
268,1,14.75,30,5.30420949201823,5.95780276203102,1
268,1,14.75,30,5.95780276203102,6.19105717189328,1
268,1,14.75,30,6.19105717189328,6.2530039467385,1
268,1,14.75,30,6.2530039467385,6.34923936133785,1
268,1,14.75,30,6.34923936133785,7.14684027946308,1
268,1,14.75,30,7.14684027946308,7.21374115344951,1
268,1,14.75,30,7.21374115344951,7.90881194434077,1
268,1,14.75,30,7.90881194434077,9.28738040100994,1
268,1,14.75,30,9.28738040100994,9.85896846417958,1
268,1,14.75,30,9.85896846417958,9.97535066061553,1
268,1,14.75,30,9.97535066061553,10.2731991905964,1
268,1,14.75,30,10.2731991905964,10.7932446213142,1
268,1,14.75,30,10.7932446213142,11.4626841462239,1
268,1,14.75,30,11.4626841462239,11.8623220717633,1
268,1,14.75,30,11.8623220717633,12.2741661962001,1
268,1,14.75,30,12.2741661962001,12.3045187888418,1
268,1,14.75,30,12.3045187888418,12.8827410153778,1
268,1,14.75,30,12.8827410153778,12.9466538831725,1
268,1,14.75,30,12.9466538831725,13.0037531895431,1
268,1,14.75,30,13.0037531895431,13.3189087555474,1
268,1,14.75,30,13.3189087555474,13.3776761584611,1
268,1,14.75,30,13.3776761584611,13.6753787041391,1
268,1,14.75,30,13.6753787041391,13.6910920766326,1
268,1,14.75,30,13.6910920766326,13.8034386799212,1
268,1,14.75,30,13.8034386799212,14.0907585148648,1
268,1,14.75,30,14.0907585148648,14.0928758816276,1
268,1,14.75,30,14.0928758816276,14.267062924187,1
268,1,14.75,30,14.267062924187,14.75,0
269,1,15.75,2,0,1.03073496450319,1
269,1,15.75,2,1.03073496450319,4.43314331588767,1
269,1,15.75,2,4.43314331588767,15.75,0
270,1,16.75,3,0,1.55565303462126,1
270,1,16.75,3,1.55565303462126,3.07350766868675,1
270,1,16.75,3,3.07350766868675,6.51863588156904,1
270,1,16.75,3,6.51863588156904,16.75,0
271,1,10.75,1,0,5.29538271495261,1
271,1,10.75,1,5.29538271495261,10.75,0
272,1,13.75,0,0,13.75,0
273,1,12.75,1,0,2.8235295054448,1
273,1,12.75,1,2.8235295054448,12.75,0
274,1,13.75,2,0,6.46651310419168,1
274,1,13.75,2,6.46651310419168,8.12791770473828,1
274,1,13.75,2,8.12791770473828,13.75,0
275,1,13.75,4,0,0.582677494400476,1
275,1,13.75,4,0.582677494400476,2.53345646903899,1
275,1,13.75,4,2.53345646903899,4.02283081897083,1
275,1,13.75,4,4.02283081897083,12.8750324583483,1
275,1,13.75,4,12.8750324583483,13.75,0
276,1,12.75,32,0,0.388698952029993,1
276,1,12.75,32,0.388698952029993,3.83074636204724,1
276,1,12.75,32,3.83074636204724,4.6731894701933,1
276,1,12.75,32,4.6731894701933,4.78065372489603,1
276,1,12.75,32,4.78065372489603,4.78348777327157,1
276,1,12.75,32,4.78348777327157,4.91186120716129,1
276,1,12.75,32,4.91186120716129,6.25910602010039,1
276,1,12.75,32,6.25910602010039,6.33947151881699,1
276,1,12.75,32,6.33947151881699,6.88880785075234,1
276,1,12.75,32,6.88880785075234,7.29151332946326,1
276,1,12.75,32,7.29151332946326,7.3647541363071,1
276,1,12.75,32,7.3647541363071,7.64671792224581,1
276,1,12.75,32,7.64671792224581,7.74791056262716,1
276,1,12.75,32,7.74791056262716,7.76289939240587,1
276,1,12.75,32,7.76289939240587,7.86721662305226,1
276,1,12.75,32,7.86721662305226,7.89484999424161,1
276,1,12.75,32,7.89484999424161,8.22441493182099,1
276,1,12.75,32,8.22441493182099,8.80564931598867,1
276,1,12.75,32,8.80564931598867,8.84524431967484,1
276,1,12.75,32,8.84524431967484,9.86993533546606,1
276,1,12.75,32,9.86993533546606,10.8641443394691,1
276,1,12.75,32,10.8641443394691,11.1399549174264,1
276,1,12.75,32,11.1399549174264,11.1663742805106,1
276,1,12.75,32,11.1663742805106,11.5294937272523,1
276,1,12.75,32,11.5294937272523,11.5340617979522,1
276,1,12.75,32,11.5340617979522,11.578679958537,1
276,1,12.75,32,11.578679958537,11.7187701293782,1
276,1,12.75,32,11.7187701293782,11.7571549484931,1
276,1,12.75,32,11.7571549484931,12.3291181603505,1
276,1,12.75,32,12.3291181603505,12.4399495307939,1
276,1,12.75,32,12.4399495307939,12.4496596698766,1
276,1,12.75,32,12.4496596698766,12.5306509889421,1
276,1,12.75,32,12.5306509889421,12.75,0
277,1,11.75,3,0,0.099445464609973,1
277,1,11.75,3,0.099445464609973,4.22336737842167,1
277,1,11.75,3,4.22336737842167,8.22362660299785,1
277,1,11.75,3,8.22362660299785,11.75,0
278,1,20.75,2,0,11.2412209491815,1
278,1,20.75,2,11.2412209491815,15.3700878885473,1
278,1,20.75,2,15.3700878885473,20.75,0
279,1,18.75,1,0,14.2726186594358,1
279,1,18.75,1,14.2726186594358,18.75,0
280,1,8.75,2,0,2.76026955954856,1
280,1,8.75,2,2.76026955954856,7.03717844401478,1
280,1,8.75,2,7.03717844401478,8.75,0
281,1,9.75,2,0,0.0331706717667912,1
281,1,9.75,2,0.0331706717667912,8.81434327241942,1
281,1,9.75,2,8.81434327241942,9.75,0
282,1,13.75,2,0,3.16705187936224,1
282,1,13.75,2,3.16705187936224,12.2846543023044,1
282,1,13.75,2,12.2846543023044,13.75,0
283,1,18.75,1,0,10.6723075300131,1
283,1,18.75,1,10.6723075300131,18.75,0
284,1,16.75,53,0,3.28791880255708,1
284,1,16.75,53,3.28791880255708,5.07814143541018,1
284,1,16.75,53,5.07814143541018,6.08323887712626,1
284,1,16.75,53,6.08323887712626,6.40459793575824,1
284,1,16.75,53,6.40459793575824,6.44079569522234,1
284,1,16.75,53,6.44079569522234,6.53938174117727,1
284,1,16.75,53,6.53938174117727,6.59552404515811,1
284,1,16.75,53,6.59552404515811,7.98351216617108,1
284,1,16.75,53,7.98351216617108,8.77307800271037,1
284,1,16.75,53,8.77307800271037,8.81167510777152,1
284,1,16.75,53,8.81167510777152,9.0228881647481,1
284,1,16.75,53,9.0228881647481,9.03664926833511,1
284,1,16.75,53,9.03664926833511,9.16022216915519,1
284,1,16.75,53,9.16022216915519,9.23089708791032,1
284,1,16.75,53,9.23089708791032,9.28473349176164,1
284,1,16.75,53,9.28473349176164,9.55810779130406,1
284,1,16.75,53,9.55810779130406,9.61829482142637,1
284,1,16.75,53,9.61829482142637,9.71944030704605,1
284,1,16.75,53,9.71944030704605,9.86965806954762,1
284,1,16.75,53,9.86965806954762,9.89829939372442,1
284,1,16.75,53,9.89829939372442,10.1251247558787,1
284,1,16.75,53,10.1251247558787,10.133745498895,1
284,1,16.75,53,10.133745498895,10.6034895033947,1
284,1,16.75,53,10.6034895033947,10.9663964850875,1
284,1,16.75,53,10.9663964850875,11.9959919594542,1
284,1,16.75,53,11.9959919594542,12.3960165676365,1
284,1,16.75,53,12.3960165676365,12.6904285148802,1
284,1,16.75,53,12.6904285148802,13.085764833892,1
284,1,16.75,53,13.085764833892,13.4541919638584,1
284,1,16.75,53,13.4541919638584,13.5084370454845,1
284,1,16.75,53,13.5084370454845,13.5385123395784,1
284,1,16.75,53,13.5385123395784,13.8698617350791,1
284,1,16.75,53,13.8698617350791,13.9474225209024,1
284,1,16.75,53,13.9474225209024,14.2119897723581,1
284,1,16.75,53,14.2119897723581,14.2940484905689,1
284,1,16.75,53,14.2940484905689,14.5843154779241,1
284,1,16.75,53,14.5843154779241,14.7433786836647,1
284,1,16.75,53,14.7433786836647,14.7668691511909,1
284,1,16.75,53,14.7668691511909,14.7851496924565,1
284,1,16.75,53,14.7851496924565,14.8420364628137,1
284,1,16.75,53,14.8420364628137,14.9168497997839,1
284,1,16.75,53,14.9168497997839,15.1172725987162,1
284,1,16.75,53,15.1172725987162,15.1812198145203,1
284,1,16.75,53,15.1812198145203,15.2040439195311,1
284,1,16.75,53,15.2040439195311,15.2366962734732,1
284,1,16.75,53,15.2366962734732,15.2606418915845,1
284,1,16.75,53,15.2606418915845,15.2913202465782,1
284,1,16.75,53,15.2913202465782,15.3167087944912,1
284,1,16.75,53,15.3167087944912,15.4574313903757,1
284,1,16.75,53,15.4574313903757,15.4847605426875,1
284,1,16.75,53,15.4847605426875,15.8235121117278,1
284,1,16.75,53,15.8235121117278,16.0610856674092,1
284,1,16.75,53,16.0610856674092,16.5281129518365,1
284,1,16.75,53,16.5281129518365,16.75,0
285,1,9.75,3,0,0.675275273550683,1
285,1,9.75,3,0.675275273550683,4.53610568453699,1
285,1,9.75,3,4.53610568453699,4.9541812028247,1
285,1,9.75,3,4.9541812028247,9.75,0
286,1,8.75,0,0,8.75,0
287,1,8.75,0,0,8.75,0
288,1,16.75,1,0,13.0374705845529,1
288,1,16.75,1,13.0374705845529,16.75,0
289,1,13.75,3,0,1.1569204046292,1
289,1,13.75,3,1.1569204046292,5.1969000184027,1
289,1,13.75,3,5.1969000184027,8.52352454921418,1
289,1,13.75,3,8.52352454921418,13.75,0
290,1,16.75,71,0,2.02272261840366,1
290,1,16.75,71,2.02272261840366,2.35734206828703,1
290,1,16.75,71,2.35734206828703,3.47627126968747,1
290,1,16.75,71,3.47627126968747,4.03826374863615,1
290,1,16.75,71,4.03826374863615,5.6471634497708,1
290,1,16.75,71,5.6471634497708,5.90837881508847,1
290,1,16.75,71,5.90837881508847,8.26496403801497,1
290,1,16.75,71,8.26496403801497,8.52252328329534,1
290,1,16.75,71,8.52252328329534,8.99696253528037,1
290,1,16.75,71,8.99696253528037,9.29478812637253,1
290,1,16.75,71,9.29478812637253,9.30324152840455,1
290,1,16.75,71,9.30324152840455,9.40281042981733,1
290,1,16.75,71,9.40281042981733,9.76394464793527,1
290,1,16.75,71,9.76394464793527,9.83374806947216,1
290,1,16.75,71,9.83374806947216,9.86455332275176,1
290,1,16.75,71,9.86455332275176,10.0072675132275,1
290,1,16.75,71,10.0072675132275,10.0560192815631,1
290,1,16.75,71,10.0560192815631,10.3484090706057,1
290,1,16.75,71,10.3484090706057,10.6624864568714,1
290,1,16.75,71,10.6624864568714,10.8631453938914,1
290,1,16.75,71,10.8631453938914,10.9580602779832,1
290,1,16.75,71,10.9580602779832,10.9750618011352,1
290,1,16.75,71,10.9750618011352,10.9876305134124,1
290,1,16.75,71,10.9876305134124,11.0443436910761,1
290,1,16.75,71,11.0443436910761,11.0974497031049,1
290,1,16.75,71,11.0974497031049,11.5077378784212,1
290,1,16.75,71,11.5077378784212,11.7941061270597,1
290,1,16.75,71,11.7941061270597,11.8441096341244,1
290,1,16.75,71,11.8441096341244,11.9913653750796,1
290,1,16.75,71,11.9913653750796,12.1531515273498,1
290,1,16.75,71,12.1531515273498,12.2851304400505,1
290,1,16.75,71,12.2851304400505,12.3696561934081,1
290,1,16.75,71,12.3696561934081,12.6067180492058,1
290,1,16.75,71,12.6067180492058,12.8389249079317,1
290,1,16.75,71,12.8389249079317,12.8924654086336,1
290,1,16.75,71,12.8924654086336,13.0565971146987,1
290,1,16.75,71,13.0565971146987,13.0655763278089,1
290,1,16.75,71,13.0655763278089,13.1851765135396,1
290,1,16.75,71,13.1851765135396,13.4108452536656,1
290,1,16.75,71,13.4108452536656,13.4542429869339,1
290,1,16.75,71,13.4542429869339,13.7257681668531,1
290,1,16.75,71,13.7257681668531,13.7286497685912,1
290,1,16.75,71,13.7286497685912,13.738319068032,1
290,1,16.75,71,13.738319068032,13.8526290794897,1
290,1,16.75,71,13.8526290794897,13.9105528418144,1
290,1,16.75,71,13.9105528418144,14.1660349758067,1
290,1,16.75,71,14.1660349758067,14.2298138331152,1
290,1,16.75,71,14.2298138331152,14.2418086340436,1
290,1,16.75,71,14.2418086340436,14.3257995571977,1
290,1,16.75,71,14.3257995571977,14.4361148990515,1
290,1,16.75,71,14.4361148990515,14.6703260730257,1
290,1,16.75,71,14.6703260730257,14.8649357285503,1
290,1,16.75,71,14.8649357285503,14.8868582812592,1
290,1,16.75,71,14.8868582812592,14.9855048498358,1
290,1,16.75,71,14.9855048498358,15.505202730367,1
290,1,16.75,71,15.505202730367,15.5445932574202,1
290,1,16.75,71,15.5445932574202,15.6361283059858,1
290,1,16.75,71,15.6361283059858,15.7156939014235,1
290,1,16.75,71,15.7156939014235,15.7241940236358,1
290,1,16.75,71,15.7241940236358,15.7321451853186,1
290,1,16.75,71,15.7321451853186,15.7517674446304,1
290,1,16.75,71,15.7517674446304,15.9525327272546,1
290,1,16.75,71,15.9525327272546,16.0024466799668,1
290,1,16.75,71,16.0024466799668,16.0025594159438,1
290,1,16.75,71,16.0025594159438,16.0576703295845,1
290,1,16.75,71,16.0576703295845,16.1192814038163,1
290,1,16.75,71,16.1192814038163,16.2171265403613,1
290,1,16.75,71,16.2171265403613,16.3108101595765,1
290,1,16.75,71,16.3108101595765,16.4581756263236,1
290,1,16.75,71,16.4581756263236,16.5801165963888,1
290,1,16.75,71,16.5801165963888,16.6580554123004,1
290,1,16.75,71,16.6580554123004,16.75,0
291,1,8.75,0,0,8.75,0
292,1,11.75,0,0,11.75,0
293,1,8.75,6,0,2.59826208782997,1
293,1,8.75,6,2.59826208782997,2.61913860772402,1
293,1,8.75,6,2.61913860772402,4.25561302852003,1
293,1,8.75,6,4.25561302852003,5.69221805309154,1
293,1,8.75,6,5.69221805309154,7.93773154551769,1
293,1,8.75,6,7.93773154551769,8.18282338775714,1
293,1,8.75,6,8.18282338775714,8.75,0
294,1,8.75,4,0,0.0166759768022416,1
294,1,8.75,4,0.0166759768022416,2.21792751813482,1
294,1,8.75,4,2.21792751813482,2.66213593771586,1
294,1,8.75,4,2.66213593771586,7.86436996292755,1
294,1,8.75,4,7.86436996292755,8.75,0
295,1,15.75,1,0,2.50342108747365,1
295,1,15.75,1,2.50342108747365,15.75,0
296,1,14.75,3,0,3.49703817537587,1
296,1,14.75,3,3.49703817537587,11.6693083695487,1
296,1,14.75,3,11.6693083695487,14.7287572786747,1
296,1,14.75,3,14.7287572786747,14.75,0
297,1,12.75,4,0,0.435680012666895,1
297,1,12.75,4,0.435680012666895,0.652705205601158,1
297,1,12.75,4,0.652705205601158,1.13497997484054,1
297,1,12.75,4,1.13497997484054,5.17451481897352,1
297,1,12.75,4,5.17451481897352,12.75,0
298,1,12.75,0,0,12.75,0
299,1,18.75,0,0,18.75,0
300,1,17.75,1,0,13.4257110879307,1
300,1,17.75,1,13.4257110879307,17.75,0
301,0,14.75,0,0,14.75,0
302,0,13.75,25,0,2.61160629199753,1
302,0,13.75,25,2.61160629199753,2.77301244388413,1
302,0,13.75,25,2.77301244388413,4.53210405141209,1
302,0,13.75,25,4.53210405141209,4.57718323723822,1
302,0,13.75,25,4.57718323723822,4.8525575821576,1
302,0,13.75,25,4.8525575821576,5.11093277960256,1
302,0,13.75,25,5.11093277960256,7.5343485260928,1
302,0,13.75,25,7.5343485260928,8.30998313786168,1
302,0,13.75,25,8.30998313786168,8.50201588052908,1
302,0,13.75,25,8.50201588052908,8.82786517329552,1
302,0,13.75,25,8.82786517329552,9.20743509243339,1
302,0,13.75,25,9.20743509243339,9.48427771022831,1
302,0,13.75,25,9.48427771022831,9.78413711114243,1
302,0,13.75,25,9.78413711114243,9.81406599435871,1
302,0,13.75,25,9.81406599435871,10.0425024552577,1
302,0,13.75,25,10.0425024552577,10.8781821989294,1
302,0,13.75,25,10.8781821989294,11.0105246668532,1
302,0,13.75,25,11.0105246668532,11.0428146200247,1
302,0,13.75,25,11.0428146200247,11.3355305914272,1
302,0,13.75,25,11.3355305914272,11.8282152281628,1
302,0,13.75,25,11.8282152281628,11.9516552627621,1
302,0,13.75,25,11.9516552627621,12.2587681395897,1
302,0,13.75,25,12.2587681395897,12.3240866728328,1
302,0,13.75,25,12.3240866728328,12.6825341394783,1
302,0,13.75,25,12.6825341394783,12.947189852801,1
302,0,13.75,25,12.947189852801,13.75,0
303,0,11.75,3,0,0.0528261214579673,1
303,0,11.75,3,0.0528261214579673,1.62940366521565,1
303,0,11.75,3,1.62940366521565,3.40508616551681,1
303,0,11.75,3,3.40508616551681,11.75,0
304,0,14.75,0,0,14.75,0
305,0,13.75,22,0,2.74384700667529,1
305,0,13.75,22,2.74384700667529,5.42381007599341,1
305,0,13.75,22,5.42381007599341,7.02544836664141,1
305,0,13.75,22,7.02544836664141,7.71446851380656,1
305,0,13.75,22,7.71446851380656,7.72948987333798,1
305,0,13.75,22,7.72948987333798,8.18423318923992,1
305,0,13.75,22,8.18423318923992,8.18688444234748,1
305,0,13.75,22,8.18688444234748,8.36505253690482,1
305,0,13.75,22,8.36505253690482,9.33275811742642,1
305,0,13.75,22,9.33275811742642,9.5582715371971,1
305,0,13.75,22,9.5582715371971,11.0989298193297,1
305,0,13.75,22,11.0989298193297,11.2407117235148,1
305,0,13.75,22,11.2407117235148,11.3074228791889,1
305,0,13.75,22,11.3074228791889,11.4908994177692,1
305,0,13.75,22,11.4908994177692,12.0461463835842,1
305,0,13.75,22,12.0461463835842,12.2148837202395,1
305,0,13.75,22,12.2148837202395,13.0121686696864,1
305,0,13.75,22,13.0121686696864,13.0743890013328,1
305,0,13.75,22,13.0743890013328,13.1062798912044,1
305,0,13.75,22,13.1062798912044,13.2620964312993,1
305,0,13.75,22,13.2620964312993,13.4254030120539,1
305,0,13.75,22,13.4254030120539,13.6429927503441,1
305,0,13.75,22,13.6429927503441,13.75,0
306,0,10.75,4,0,0.935257440020299,1
306,0,10.75,4,0.935257440020299,1.1404381979554,1
306,0,10.75,4,1.1404381979554,5.18338139809044,1
306,0,10.75,4,5.18338139809044,7.53621881022708,1
306,0,10.75,4,7.53621881022708,10.75,0
307,0,11.75,1,0,6.70101016121684,1
307,0,11.75,1,6.70101016121684,11.75,0
308,0,11.75,9,0,3.87115626644484,1
308,0,11.75,9,3.87115626644484,7.74307019486078,1
308,0,11.75,9,7.74307019486078,7.99599766252931,1
308,0,11.75,9,7.99599766252931,8.05498216848235,1
308,0,11.75,9,8.05498216848235,8.08739601162631,1
308,0,11.75,9,8.08739601162631,9.16178168886269,1
308,0,11.75,9,9.16178168886269,9.16456790476483,1
308,0,11.75,9,9.16456790476483,10.5077815297867,1
308,0,11.75,9,10.5077815297867,10.6684883754883,1
308,0,11.75,9,10.6684883754883,11.75,0
309,0,16.75,1,0,5.193354125577,1
309,0,16.75,1,5.193354125577,16.75,0
310,0,16.75,0,0,16.75,0
311,0,8.75,6,0,3.12178232296584,1
311,0,8.75,6,3.12178232296584,4.93823656468801,1
311,0,8.75,6,4.93823656468801,5.92204178950958,1
311,0,8.75,6,5.92204178950958,6.25232053485948,1
311,0,8.75,6,6.25232053485948,7.3114445854201,1
311,0,8.75,6,7.3114445854201,7.91098248077619,1
311,0,8.75,6,7.91098248077619,8.75,0
312,0,17.75,3,0,7.4692193046265e-05,1
312,0,17.75,3,7.4692193046265e-05,0.535609900792372,1
312,0,17.75,3,0.535609900792372,3.83197662416124,1
312,0,17.75,3,3.83197662416124,17.75,0
313,0,16.75,21,0,1.17120865105495,1
313,0,16.75,21,1.17120865105495,3.1824345528635,1
313,0,16.75,21,3.1824345528635,3.26452773598208,1
313,0,16.75,21,3.26452773598208,4.24528178503983,1
313,0,16.75,21,4.24528178503983,7.16003839553297,1
313,0,16.75,21,7.16003839553297,9.14477053182125,1
313,0,16.75,21,9.14477053182125,9.35682139899753,1
313,0,16.75,21,9.35682139899753,9.9578111362443,1
313,0,16.75,21,9.9578111362443,11.1932074662463,1
313,0,16.75,21,11.1932074662463,11.6301339791938,1
313,0,16.75,21,11.6301339791938,12.9023086465938,1
313,0,16.75,21,12.9023086465938,13.0079108368164,1
313,0,16.75,21,13.0079108368164,13.7797641151881,1
313,0,16.75,21,13.7797641151881,13.7810964586989,1
313,0,16.75,21,13.7810964586989,13.9959579835917,1
313,0,16.75,21,13.9959579835917,14.29391076236,1
313,0,16.75,21,14.29391076236,14.6358441768649,1
313,0,16.75,21,14.6358441768649,15.245213941468,1
313,0,16.75,21,15.245213941468,15.2480462357524,1
313,0,16.75,21,15.2480462357524,15.2784505160529,1
313,0,16.75,21,15.2784505160529,15.5856575253571,1
313,0,16.75,21,15.5856575253571,16.75,0
314,0,18.75,50,0,4.93369383612081,1
314,0,18.75,50,4.93369383612081,5.14748742545423,1
314,0,18.75,50,5.14748742545423,5.93576573791726,1
314,0,18.75,50,5.93576573791726,6.37257304696895,1
314,0,18.75,50,6.37257304696895,7.66366983649454,1
314,0,18.75,50,7.66366983649454,8.95616405592485,1
314,0,18.75,50,8.95616405592485,9.86748877573946,1
314,0,18.75,50,9.86748877573946,10.1081971090146,1
314,0,18.75,50,10.1081971090146,10.567046756907,1
314,0,18.75,50,10.567046756907,11.175077006872,1
314,0,18.75,50,11.175077006872,11.4635559493501,1
314,0,18.75,50,11.4635559493501,12.0833036274227,1
314,0,18.75,50,12.0833036274227,12.1425796207537,1
314,0,18.75,50,12.1425796207537,12.2106089537697,1
314,0,18.75,50,12.2106089537697,12.4252153173346,1
314,0,18.75,50,12.4252153173346,12.604923824151,1
314,0,18.75,50,12.604923824151,12.6872348923249,1
314,0,18.75,50,12.6872348923249,12.8518647073445,1
314,0,18.75,50,12.8518647073445,13.4280154037969,1
314,0,18.75,50,13.4280154037969,13.5340071188767,1
314,0,18.75,50,13.5340071188767,13.8662435394465,1
314,0,18.75,50,13.8662435394465,13.9740153750523,1
314,0,18.75,50,13.9740153750523,14.0660296044436,1
314,0,18.75,50,14.0660296044436,14.0892972673067,1
314,0,18.75,50,14.0892972673067,14.0916240952204,1
314,0,18.75,50,14.0916240952204,14.2064683607397,1
314,0,18.75,50,14.2064683607397,14.3967847434615,1
314,0,18.75,50,14.3967847434615,14.5348239578794,1
314,0,18.75,50,14.5348239578794,15.3854362918507,1
314,0,18.75,50,15.3854362918507,15.9661138418246,1
314,0,18.75,50,15.9661138418246,16.1665580596368,1
314,0,18.75,50,16.1665580596368,16.3640723077254,1
314,0,18.75,50,16.3640723077254,16.36682616807,1
314,0,18.75,50,16.36682616807,16.4776775048215,1
314,0,18.75,50,16.4776775048215,16.847964893431,1
314,0,18.75,50,16.847964893431,17.0350842181541,1
314,0,18.75,50,17.0350842181541,17.0504812475931,1
314,0,18.75,50,17.0504812475931,17.1960715950866,1
314,0,18.75,50,17.1960715950866,17.3270945957841,1
314,0,18.75,50,17.3270945957841,17.4443161422049,1
314,0,18.75,50,17.4443161422049,17.5929309996963,1
314,0,18.75,50,17.5929309996963,17.6068668113227,1
314,0,18.75,50,17.6068668113227,17.7781062862115,1
314,0,18.75,50,17.7781062862115,17.8845310447704,1
314,0,18.75,50,17.8845310447704,18.104863044682,1
314,0,18.75,50,18.104863044682,18.1213647391279,1
314,0,18.75,50,18.1213647391279,18.1645238664342,1
314,0,18.75,50,18.1645238664342,18.3841696339495,1
314,0,18.75,50,18.3841696339495,18.4828866442394,1
314,0,18.75,50,18.4828866442394,18.5177086405127,1
314,0,18.75,50,18.5177086405127,18.75,0
315,0,8.75,0,0,8.75,0
316,0,11.75,0,0,11.75,0
317,0,14.75,23,0,3.28688355191183,1
317,0,14.75,23,3.28688355191183,3.67315164285788,1
317,0,14.75,23,3.67315164285788,4.808347136983,1
317,0,14.75,23,4.808347136983,5.21975556801876,1
317,0,14.75,23,5.21975556801876,7.65969034483227,1
317,0,14.75,23,7.65969034483227,8.74981524270368,1
317,0,14.75,23,8.74981524270368,10.9325988326576,1
317,0,14.75,23,10.9325988326576,11.1781371624101,1
317,0,14.75,23,11.1781371624101,11.2687028514952,1
317,0,14.75,23,11.2687028514952,11.4268013936851,1
317,0,14.75,23,11.4268013936851,11.7545328786475,1
317,0,14.75,23,11.7545328786475,12.0035321488791,1
317,0,14.75,23,12.0035321488791,12.05395382491,1
317,0,14.75,23,12.05395382491,12.1456013048151,1
317,0,14.75,23,12.1456013048151,12.2044163261155,1
317,0,14.75,23,12.2044163261155,12.4885357304263,1
317,0,14.75,23,12.4885357304263,13.2432612682596,1
317,0,14.75,23,13.2432612682596,13.6058600746764,1
317,0,14.75,23,13.6058600746764,13.6410620767786,1
317,0,14.75,23,13.6410620767786,13.7680951826912,1
317,0,14.75,23,13.7680951826912,13.9999878845682,1
317,0,14.75,23,13.9999878845682,14.3525908052857,1
317,0,14.75,23,14.3525908052857,14.6982422259645,1
317,0,14.75,23,14.6982422259645,14.75,0
318,0,10.75,2,0,3.05729145314548,1
318,0,10.75,2,3.05729145314548,5.80181233857839,1
318,0,10.75,2,5.80181233857839,10.75,0
319,0,13.75,0,0,13.75,0
320,0,15.75,1,0,3.35681811873751,1
320,0,15.75,1,3.35681811873751,15.75,0
321,0,12.75,13,0,2.4151230590692,1
321,0,12.75,13,2.4151230590692,5.34902535051503,1
321,0,12.75,13,5.34902535051503,6.1986506497681,1
321,0,12.75,13,6.1986506497681,8.1538165469878,1
321,0,12.75,13,8.1538165469878,8.46979046540541,1
321,0,12.75,13,8.46979046540541,9.02402789528303,1
321,0,12.75,13,9.02402789528303,9.45326433272543,1
321,0,12.75,13,9.45326433272543,9.50065216529672,1
321,0,12.75,13,9.50065216529672,9.94018434199131,1
321,0,12.75,13,9.94018434199131,11.0486883913314,1
321,0,12.75,13,11.0486883913314,11.5130537368134,1
321,0,12.75,13,11.5130537368134,11.7202746759047,1
321,0,12.75,13,11.7202746759047,11.9831309137616,1
321,0,12.75,13,11.9831309137616,12.75,0
322,0,17.75,1,0,11.7836003965879,1
322,0,17.75,1,11.7836003965879,17.75,0
323,0,17.75,0,0,17.75,0
324,0,18.75,0,0,18.75,0
325,0,16.75,2,0,1.31711738170488,1
325,0,16.75,2,1.31711738170488,3.37323756036072,1
325,0,16.75,2,3.37323756036072,16.75,0
326,0,14.75,0,0,14.75,0
327,0,8.75,1,0,8.0208054090303,1
327,0,8.75,1,8.0208054090303,8.75,0
328,0,11.75,2,0,0.337134139905528,1
328,0,11.75,2,0.337134139905528,0.421884966671679,1
328,0,11.75,2,0.421884966671679,11.75,0
329,0,14.75,14,0,4.277065631606,1
329,0,14.75,14,4.277065631606,5.01752518901584,1
329,0,14.75,14,5.01752518901584,8.49589636543837,1
329,0,14.75,14,8.49589636543837,8.71195544691233,1
329,0,14.75,14,8.71195544691233,9.57711972128539,1
329,0,14.75,14,9.57711972128539,11.5725430820801,1
329,0,14.75,14,11.5725430820801,11.7535274316104,1
329,0,14.75,14,11.7535274316104,12.1199447024891,1
329,0,14.75,14,12.1199447024891,12.625923382011,1
329,0,14.75,14,12.625923382011,13.8557619468771,1
329,0,14.75,14,13.8557619468771,13.8571962370714,1
329,0,14.75,14,13.8571962370714,13.9058298741763,1
329,0,14.75,14,13.9058298741763,14.5225498247262,1
329,0,14.75,14,14.5225498247262,14.5763323025004,1
329,0,14.75,14,14.5763323025004,14.75,0
330,0,14.75,0,0,14.75,0
331,0,16.75,4,0,0.00788458315010677,1
331,0,16.75,4,0.00788458315010677,0.00822319784682364,1
331,0,16.75,4,0.00822319784682364,0.62919526207117,1
331,0,16.75,4,0.62919526207117,4.1430674071327,1
331,0,16.75,4,4.1430674071327,16.75,0
332,0,8.75,7,0,4.46855176636393,1
332,0,8.75,7,4.46855176636393,4.84377684613365,1
332,0,8.75,7,4.84377684613365,6.12426639710216,1
332,0,8.75,7,6.12426639710216,6.84187385354574,1
332,0,8.75,7,6.84187385354574,7.35173221261889,1
332,0,8.75,7,7.35173221261889,8.10730864839148,1
332,0,8.75,7,8.10730864839148,8.44004839971345,1
332,0,8.75,7,8.44004839971345,8.75,0
333,0,9.75,7,0,3.43457444717487,1
333,0,9.75,7,3.43457444717487,4.46580976605316,1
333,0,9.75,7,4.46580976605316,4.54878491475538,1
333,0,9.75,7,4.54878491475538,7.40243076425505,1
333,0,9.75,7,7.40243076425505,7.89730858127459,1
333,0,9.75,7,7.89730858127459,8.26885882024646,1
333,0,9.75,7,8.26885882024646,9.61525603285635,1
333,0,9.75,7,9.61525603285635,9.75,0
334,0,11.75,3,0,4.75597991046135,1
334,0,11.75,3,4.75597991046135,5.85940905292677,1
334,0,11.75,3,5.85940905292677,7.10972475796092,1
334,0,11.75,3,7.10972475796092,11.75,0
335,0,12.75,8,0,4.74811192231336,1
335,0,12.75,8,4.74811192231336,7.98852220609181,1
335,0,12.75,8,7.98852220609181,8.05209614667187,1
335,0,12.75,8,8.05209614667187,8.56983731921877,1
335,0,12.75,8,8.56983731921877,9.22858096336981,1
335,0,12.75,8,9.22858096336981,10.1731954170615,1
335,0,12.75,8,10.1731954170615,10.94153618052,1
335,0,12.75,8,10.94153618052,11.9614842266572,1
335,0,12.75,8,11.9614842266572,12.75,0
336,0,9.75,2,0,0.69399743955557,1
336,0,9.75,2,0.69399743955557,2.10859160885719,1
336,0,9.75,2,2.10859160885719,9.75,0
337,0,15.75,1,0,8.94609728978027,1
337,0,15.75,1,8.94609728978027,15.75,0
338,0,19.75,2,0,1.56421147463819,1
338,0,19.75,2,1.56421147463819,5.79068664426344,1
338,0,19.75,2,5.79068664426344,19.75,0
339,0,17.75,0,0,17.75,0
340,0,13.75,32,0,0.71817325871826,1
340,0,13.75,32,0.71817325871826,4.23192533995662,1
340,0,13.75,32,4.23192533995662,6.45377903496334,1
340,0,13.75,32,6.45377903496334,7.06573121368155,1
340,0,13.75,32,7.06573121368155,7.26469413787733,1
340,0,13.75,32,7.26469413787733,7.47849148677978,1
340,0,13.75,32,7.47849148677978,7.66042161693147,1
340,0,13.75,32,7.66042161693147,8.27897185150057,1
340,0,13.75,32,8.27897185150057,8.39316587272372,1
340,0,13.75,32,8.39316587272372,8.59290914552245,1
340,0,13.75,32,8.59290914552245,8.63912108596246,1
340,0,13.75,32,8.63912108596246,9.05059633045977,1
340,0,13.75,32,9.05059633045977,9.18814522263954,1
340,0,13.75,32,9.18814522263954,9.73327026910622,1
340,0,13.75,32,9.73327026910622,10.1376820557835,1
340,0,13.75,32,10.1376820557835,10.5927233715242,1
340,0,13.75,32,10.5927233715242,10.6099564653015,1
340,0,13.75,32,10.6099564653015,10.6470052668528,1
340,0,13.75,32,10.6470052668528,10.6845868249795,1
340,0,13.75,32,10.6845868249795,11.3875280651703,1
340,0,13.75,32,11.3875280651703,11.5818385827755,1
340,0,13.75,32,11.5818385827755,11.8979345425559,1
340,0,13.75,32,11.8979345425559,12.0534048073329,1
340,0,13.75,32,12.0534048073329,12.1935691377038,1
340,0,13.75,32,12.1935691377038,12.2467081964528,1
340,0,13.75,32,12.2467081964528,12.3186293491636,1
340,0,13.75,32,12.3186293491636,12.6119925861063,1
340,0,13.75,32,12.6119925861063,12.6780473770486,1
340,0,13.75,32,12.6780473770486,12.9388273321477,1
340,0,13.75,32,12.9388273321477,13.4565585233003,1
340,0,13.75,32,13.4565585233003,13.5405928029134,1
340,0,13.75,32,13.5405928029134,13.6136447278792,1
340,0,13.75,32,13.6136447278792,13.75,0
341,0,13.75,1,0,0.235726732397284,1
341,0,13.75,1,0.235726732397284,13.75,0
342,0,14.75,2,0,0.529737403177858,1
342,0,14.75,2,0.529737403177858,5.08172191996503,1
342,0,14.75,2,5.08172191996503,14.75,0
343,0,9.75,1,0,7.71333131316695e-05,1
343,0,9.75,1,7.71333131316695e-05,9.75,0
344,0,18.75,48,0,3.55637532936181,1
344,0,18.75,48,3.55637532936181,5.40748116004647,1
344,0,18.75,48,5.40748116004647,6.52210268747791,1
344,0,18.75,48,6.52210268747791,7.23556242964961,1
344,0,18.75,48,7.23556242964961,8.35044860910927,1
344,0,18.75,48,8.35044860910927,9.2211218561165,1
344,0,18.75,48,9.2211218561165,9.6799146348529,1
344,0,18.75,48,9.6799146348529,9.70685430002129,1
344,0,18.75,48,9.70685430002129,9.87343208294348,1
344,0,18.75,48,9.87343208294348,11.3406626843938,1
344,0,18.75,48,11.3406626843938,11.4983752958367,1
344,0,18.75,48,11.4983752958367,11.5222608317444,1
344,0,18.75,48,11.5222608317444,12.216782566589,1
344,0,18.75,48,12.216782566589,12.4933184577364,1
344,0,18.75,48,12.4933184577364,12.6658308432175,1
344,0,18.75,48,12.6658308432175,12.7227975393176,1
344,0,18.75,48,12.7227975393176,12.8702764048997,1
344,0,18.75,48,12.8702764048997,13.1030368104447,1
344,0,18.75,48,13.1030368104447,13.1621009111906,1
344,0,18.75,48,13.1621009111906,13.6217373133521,1
344,0,18.75,48,13.6217373133521,13.69379051593,1
344,0,18.75,48,13.69379051593,13.810032258567,1
344,0,18.75,48,13.810032258567,13.9191417497897,1
344,0,18.75,48,13.9191417497897,14.1887486215628,1
344,0,18.75,48,14.1887486215628,14.199331216022,1
344,0,18.75,48,14.199331216022,14.3427747012065,1
344,0,18.75,48,14.3427747012065,14.5065959172774,1
344,0,18.75,48,14.5065959172774,15.0336698441228,1
344,0,18.75,48,15.0336698441228,15.5307844194578,1
344,0,18.75,48,15.5307844194578,15.9602180473591,1
344,0,18.75,48,15.9602180473591,16.3232479134098,1
344,0,18.75,48,16.3232479134098,16.377986266617,1
344,0,18.75,48,16.377986266617,16.4771289424207,1
344,0,18.75,48,16.4771289424207,16.7915011122136,1
344,0,18.75,48,16.7915011122136,16.8266080198911,1
344,0,18.75,48,16.8266080198911,16.9357316365222,1
344,0,18.75,48,16.9357316365222,16.9814962639388,1
344,0,18.75,48,16.9814962639388,17.0050958383416,1
344,0,18.75,48,17.0050958383416,17.0773606944337,1
344,0,18.75,48,17.0773606944337,17.1127781140113,1
344,0,18.75,48,17.1127781140113,17.1259466077762,1
344,0,18.75,48,17.1259466077762,17.5116141419757,1
344,0,18.75,48,17.5116141419757,17.7778229016832,1
344,0,18.75,48,17.7778229016832,18.2581095111648,1
344,0,18.75,48,18.2581095111648,18.360661633375,1
344,0,18.75,48,18.360661633375,18.4264557457791,1
344,0,18.75,48,18.4264557457791,18.5053996607055,1
344,0,18.75,48,18.5053996607055,18.595506529879,1
344,0,18.75,48,18.595506529879,18.75,0
345,0,15.75,1,0,4.8434130062182,1
345,0,15.75,1,4.8434130062182,15.75,0
346,0,18.75,1,0,13.7845233806046,1
346,0,18.75,1,13.7845233806046,18.75,0
347,0,18.75,40,0,1.42792013814641,1
347,0,18.75,40,1.42792013814641,7.60984805012274,1
347,0,18.75,40,7.60984805012274,8.45419776184845,1
347,0,18.75,40,8.45419776184845,9.30877931521137,1
347,0,18.75,40,9.30877931521137,9.35643116364978,1
347,0,18.75,40,9.35643116364978,9.578857451443,1
347,0,18.75,40,9.578857451443,9.78959219323894,1
347,0,18.75,40,9.78959219323894,10.0934483198081,1
347,0,18.75,40,10.0934483198081,10.476796169431,1
347,0,18.75,40,10.476796169431,11.6518551426588,1
347,0,18.75,40,11.6518551426588,12.2988555132575,1
347,0,18.75,40,12.2988555132575,13.2036387242313,1
347,0,18.75,40,13.2036387242313,13.3084890653171,1
347,0,18.75,40,13.3084890653171,13.51403201786,1
347,0,18.75,40,13.51403201786,13.669921623353,1
347,0,18.75,40,13.669921623353,14.0445332178415,1
347,0,18.75,40,14.0445332178415,14.3552521350594,1
347,0,18.75,40,14.3552521350594,14.4783667253021,1
347,0,18.75,40,14.4783667253021,14.6154782009897,1
347,0,18.75,40,14.6154782009897,14.9949726901357,1
347,0,18.75,40,14.9949726901357,15.1873405801421,1
347,0,18.75,40,15.1873405801421,15.4676630504224,1
347,0,18.75,40,15.4676630504224,15.7501969803804,1
347,0,18.75,40,15.7501969803804,16.2402550457535,1
347,0,18.75,40,16.2402550457535,16.2605503129455,1
347,0,18.75,40,16.2605503129455,16.5085640540729,1
347,0,18.75,40,16.5085640540729,16.760442830929,1
347,0,18.75,40,16.760442830929,16.8156296413217,1
347,0,18.75,40,16.8156296413217,17.0367651796743,1
347,0,18.75,40,17.0367651796743,17.0569796550057,1
347,0,18.75,40,17.0569796550057,17.3072950517196,1
347,0,18.75,40,17.3072950517196,17.5710423987456,1
347,0,18.75,40,17.5710423987456,17.9425106126169,1
347,0,18.75,40,17.9425106126169,18.2111193149599,1
347,0,18.75,40,18.2111193149599,18.4180293462054,1
347,0,18.75,40,18.4180293462054,18.4417569161687,1
347,0,18.75,40,18.4417569161687,18.4675441921418,1
347,0,18.75,40,18.4675441921418,18.4693463364698,1
347,0,18.75,40,18.4693463364698,18.5856256496184,1
347,0,18.75,40,18.5856256496184,18.6627557299043,1
347,0,18.75,40,18.6627557299043,18.75,0
348,0,16.75,2,0,1.9037571733806,1
348,0,16.75,2,1.9037571733806,4.44494242066761,1
348,0,16.75,2,4.44494242066761,16.75,0
349,0,11.75,0,0,11.75,0
350,0,19.75,2,0,0.905869030439262,1
350,0,19.75,2,0.905869030439262,1.31455880760249,1
350,0,19.75,2,1.31455880760249,19.75,0
351,0,18.75,85,0,4.4220466134578,1
351,0,18.75,85,4.4220466134578,4.50212153263116,1
351,0,18.75,85,4.50212153263116,4.63890868717828,1
351,0,18.75,85,4.63890868717828,5.29865604775274,1
351,0,18.75,85,5.29865604775274,5.59517350470841,1
351,0,18.75,85,5.59517350470841,5.9291261211844,1
351,0,18.75,85,5.9291261211844,6.17549553842784,1
351,0,18.75,85,6.17549553842784,6.51309315599478,1
351,0,18.75,85,6.51309315599478,6.91010835209069,1
351,0,18.75,85,6.91010835209069,6.93171500798337,1
351,0,18.75,85,6.93171500798337,7.16772609556712,1
351,0,18.75,85,7.16772609556712,8.79938628409974,1
351,0,18.75,85,8.79938628409974,9.19586776868449,1
351,0,18.75,85,9.19586776868449,9.28858955977013,1
351,0,18.75,85,9.28858955977013,9.3987467167063,1
351,0,18.75,85,9.3987467167063,9.53174994411399,1
351,0,18.75,85,9.53174994411399,10.3619235459752,1
351,0,18.75,85,10.3619235459752,10.5143178264059,1
351,0,18.75,85,10.5143178264059,10.5185343924583,1
351,0,18.75,85,10.5185343924583,10.5480514682883,1
351,0,18.75,85,10.5480514682883,10.88630966066,1
351,0,18.75,85,10.88630966066,11.0201598229331,1
351,0,18.75,85,11.0201598229331,11.1796940687627,1
351,0,18.75,85,11.1796940687627,11.2778420207221,1
351,0,18.75,85,11.2778420207221,11.3534806442654,1
351,0,18.75,85,11.3534806442654,11.5232681669633,1
351,0,18.75,85,11.5232681669633,11.8465089974555,1
351,0,18.75,85,11.8465089974555,11.8767260570536,1
351,0,18.75,85,11.8767260570536,11.8992995524286,1
351,0,18.75,85,11.8992995524286,11.9835886797696,1
351,0,18.75,85,11.9835886797696,12.600195525008,1
351,0,18.75,85,12.600195525008,12.8480976190657,1
351,0,18.75,85,12.8480976190657,12.9703675736756,1
351,0,18.75,85,12.9703675736756,13.0999663615837,1
351,0,18.75,85,13.0999663615837,13.4365084268423,1
351,0,18.75,85,13.4365084268423,13.5101934632578,1
351,0,18.75,85,13.5101934632578,13.5192547756736,1
351,0,18.75,85,13.5192547756736,13.6477704270897,1
351,0,18.75,85,13.6477704270897,13.7125675221224,1
351,0,18.75,85,13.7125675221224,14.1905529684921,1
351,0,18.75,85,14.1905529684921,14.2952275715947,1
351,0,18.75,85,14.2952275715947,14.3138466318335,1
351,0,18.75,85,14.3138466318335,14.505169326637,1
351,0,18.75,85,14.505169326637,14.5295602098961,1
351,0,18.75,85,14.5295602098961,15.0123316440024,1
351,0,18.75,85,15.0123316440024,15.183451799826,1
351,0,18.75,85,15.183451799826,15.2756177301334,1
351,0,18.75,85,15.2756177301334,15.311347522592,1
351,0,18.75,85,15.311347522592,15.3146677634145,1
351,0,18.75,85,15.3146677634145,15.4057167438015,1
351,0,18.75,85,15.4057167438015,15.4455216732091,1
351,0,18.75,85,15.4455216732091,15.5047250589785,1
351,0,18.75,85,15.5047250589785,15.5529151955536,1
351,0,18.75,85,15.5529151955536,15.7109604620607,1
351,0,18.75,85,15.7109604620607,15.7193997567103,1
351,0,18.75,85,15.7193997567103,15.87648348,1
351,0,18.75,85,15.87648348,15.9722073182213,1
351,0,18.75,85,15.9722073182213,16.2599865311124,1
351,0,18.75,85,16.2599865311124,16.3232120894642,1
351,0,18.75,85,16.3232120894642,16.3657849678243,1
351,0,18.75,85,16.3657849678243,16.3706004197143,1
351,0,18.75,85,16.3706004197143,16.5406360333739,1
351,0,18.75,85,16.5406360333739,16.7642200809855,1
351,0,18.75,85,16.7642200809855,16.7977841124292,1
351,0,18.75,85,16.7977841124292,16.8450083553635,1
351,0,18.75,85,16.8450083553635,16.9931755750211,1
351,0,18.75,85,16.9931755750211,16.9967923102067,1
351,0,18.75,85,16.9967923102067,17.0100750288119,1
351,0,18.75,85,17.0100750288119,17.1462917059798,1
351,0,18.75,85,17.1462917059798,17.1922704545409,1
351,0,18.75,85,17.1922704545409,17.2299387887391,1
351,0,18.75,85,17.2299387887391,17.3240093423683,1
351,0,18.75,85,17.3240093423683,17.3643279728502,1
351,0,18.75,85,17.3643279728502,17.7768099918678,1
351,0,18.75,85,17.7768099918678,17.7978064699561,1
351,0,18.75,85,17.7978064699561,17.8263106845459,1
351,0,18.75,85,17.8263106845459,18.0487285055188,1
351,0,18.75,85,18.0487285055188,18.2697109000271,1
351,0,18.75,85,18.2697109000271,18.3947473343592,1
351,0,18.75,85,18.3947473343592,18.4630336004651,1
351,0,18.75,85,18.4630336004651,18.5170521569342,1
351,0,18.75,85,18.5170521569342,18.6575655152008,1
351,0,18.75,85,18.6575655152008,18.6584585913012,1
351,0,18.75,85,18.6584585913012,18.7295848197089,1
351,0,18.75,85,18.7295848197089,18.7317615997229,1
351,0,18.75,85,18.7317615997229,18.75,0
352,0,18.75,0,0,18.75,0
353,0,8.75,8,0,3.81578679571352,1
353,0,8.75,8,3.81578679571352,5.44462007515756,1
353,0,8.75,8,5.44462007515756,6.28190800948876,1
353,0,8.75,8,6.28190800948876,6.6677136118399,1
353,0,8.75,8,6.6677136118399,7.09127360323792,1
353,0,8.75,8,7.09127360323792,7.21613685246295,1
353,0,8.75,8,7.21613685246295,7.70371799510594,1
353,0,8.75,8,7.70371799510594,8.28067442138888,1
353,0,8.75,8,8.28067442138888,8.75,0
354,0,16.75,6,0,0.496933101379248,1
354,0,16.75,6,0.496933101379248,3.0801556012522,1
354,0,16.75,6,3.0801556012522,6.73333134790862,1
354,0,16.75,6,6.73333134790862,6.84428226639049,1
354,0,16.75,6,6.84428226639049,9.48299526982833,1
354,0,16.75,6,9.48299526982833,11.70869898745,1
354,0,16.75,6,11.70869898745,16.75,0
355,0,11.75,5,0,2.00837149598357,1
355,0,11.75,5,2.00837149598357,2.85476965221813,1
355,0,11.75,5,2.85476965221813,3.10258986673436,1
355,0,11.75,5,3.10258986673436,6.21159284675481,1
355,0,11.75,5,6.21159284675481,11.2487397894953,1
355,0,11.75,5,11.2487397894953,11.75,0
356,0,16.75,31,0,2.2274011832556,1
356,0,16.75,31,2.2274011832556,3.91100072947465,1
356,0,16.75,31,3.91100072947465,4.38360346762166,1
356,0,16.75,31,4.38360346762166,5.16017249705549,1
356,0,16.75,31,5.16017249705549,6.17478896677261,1
356,0,16.75,31,6.17478896677261,7.40741060607256,1
356,0,16.75,31,7.40741060607256,7.44832456715134,1
356,0,16.75,31,7.44832456715134,7.97787044972765,1
356,0,16.75,31,7.97787044972765,8.62053649836116,1
356,0,16.75,31,8.62053649836116,9.03022767757346,1
356,0,16.75,31,9.03022767757346,9.21529877500245,1
356,0,16.75,31,9.21529877500245,9.35627409677994,1
356,0,16.75,31,9.35627409677994,9.63580541891643,1
356,0,16.75,31,9.63580541891643,10.3148532537639,1
356,0,16.75,31,10.3148532537639,10.4764316907784,1
356,0,16.75,31,10.4764316907784,10.7842138499373,1
356,0,16.75,31,10.7842138499373,10.9343908562051,1
356,0,16.75,31,10.9343908562051,11.0072536358133,1
356,0,16.75,31,11.0072536358133,11.7129343417303,1
356,0,16.75,31,11.7129343417303,11.7553679080368,1
356,0,16.75,31,11.7553679080368,13.8731464448901,1
356,0,16.75,31,13.8731464448901,14.4106819044756,1
356,0,16.75,31,14.4106819044756,14.5564886270286,1
356,0,16.75,31,14.5564886270286,14.7972038970768,1
356,0,16.75,31,14.7972038970768,14.7995266965404,1
356,0,16.75,31,14.7995266965404,15.0769033991785,1
356,0,16.75,31,15.0769033991785,15.0838123563988,1
356,0,16.75,31,15.0838123563988,15.4020045878918,1
356,0,16.75,31,15.4020045878918,15.4357538053766,1
356,0,16.75,31,15.4357538053766,15.5219711316829,1
356,0,16.75,31,15.5219711316829,16.5864144787604,1
356,0,16.75,31,16.5864144787604,16.75,0
357,0,14.75,2,0,1.07840909789998,1
357,0,14.75,2,1.07840909789998,3.72541490768695,1
357,0,14.75,2,3.72541490768695,14.75,0
358,0,16.75,35,0,1.48573349122819,1
358,0,16.75,35,1.48573349122819,2.34591131502753,1
358,0,16.75,35,2.34591131502753,2.48869194347107,1
358,0,16.75,35,2.48869194347107,5.70129776049759,1
358,0,16.75,35,5.70129776049759,7.34280281564178,1
358,0,16.75,35,7.34280281564178,7.37591666198478,1
358,0,16.75,35,7.37591666198478,8.26080973585371,1
358,0,16.75,35,8.26080973585371,8.88147218089873,1
358,0,16.75,35,8.88147218089873,9.28113055804716,1
358,0,16.75,35,9.28113055804716,9.79109631256649,1
358,0,16.75,35,9.79109631256649,10.1364505722504,1
358,0,16.75,35,10.1364505722504,10.7361362597579,1
358,0,16.75,35,10.7361362597579,10.7554061299101,1
358,0,16.75,35,10.7554061299101,10.8858037275342,1
358,0,16.75,35,10.8858037275342,10.904622070097,1
358,0,16.75,35,10.904622070097,11.125349565296,1
358,0,16.75,35,11.125349565296,12.02769491647,1
358,0,16.75,35,12.02769491647,12.229471897078,1
358,0,16.75,35,12.229471897078,12.8236684217874,1
358,0,16.75,35,12.8236684217874,13.6585980471194,1
358,0,16.75,35,13.6585980471194,13.7062458231464,1
358,0,16.75,35,13.7062458231464,14.2473346566809,1
358,0,16.75,35,14.2473346566809,14.2931417028685,1
358,0,16.75,35,14.2931417028685,14.3626869025278,1
358,0,16.75,35,14.3626869025278,14.5017368324422,1
358,0,16.75,35,14.5017368324422,14.8990740419577,1
358,0,16.75,35,14.8990740419577,14.9848168784312,1
358,0,16.75,35,14.9848168784312,15.2027426760965,1
358,0,16.75,35,15.2027426760965,15.3887075492984,1
358,0,16.75,35,15.3887075492984,15.7276509311749,1
358,0,16.75,35,15.7276509311749,15.852338763123,1
358,0,16.75,35,15.852338763123,15.8878224624887,1
358,0,16.75,35,15.8878224624887,16.2274873727913,1
358,0,16.75,35,16.2274873727913,16.3285959772014,1
358,0,16.75,35,16.3285959772014,16.5610738425166,1
358,0,16.75,35,16.5610738425166,16.75,0
359,0,14.75,0,0,14.75,0
360,0,13.75,1,0,5.74299852869249,1
360,0,13.75,1,5.74299852869249,13.75,0
361,0,12.75,3,0,0.0507111346524399,1
361,0,12.75,3,0.0507111346524399,0.0694756579382211,1
361,0,12.75,3,0.0694756579382211,0.424181716720582,1
361,0,12.75,3,0.424181716720582,12.75,0
362,0,19.75,58,0,3.88478851400344,1
362,0,19.75,58,3.88478851400344,4.82036468454872,1
362,0,19.75,58,4.82036468454872,6.47417386183681,1
362,0,19.75,58,6.47417386183681,7.31279937075651,1
362,0,19.75,58,7.31279937075651,7.72078927880869,1
362,0,19.75,58,7.72078927880869,8.14687118093572,1
362,0,19.75,58,8.14687118093572,8.73257714246169,1
362,0,19.75,58,8.73257714246169,9.23719210519507,1
362,0,19.75,58,9.23719210519507,9.24084777669704,1
362,0,19.75,58,9.24084777669704,9.70084874293969,1
362,0,19.75,58,9.70084874293969,9.8388995921075,1
362,0,19.75,58,9.8388995921075,9.92389554598857,1
362,0,19.75,58,9.92389554598857,9.94108297335503,1
362,0,19.75,58,9.94108297335503,11.2344719356549,1
362,0,19.75,58,11.2344719356549,11.4626666551631,1
362,0,19.75,58,11.4626666551631,11.6030077355339,1
362,0,19.75,58,11.6030077355339,11.6369438437634,1
362,0,19.75,58,11.6369438437634,11.9528283589784,1
362,0,19.75,58,11.9528283589784,12.1195883199871,1
362,0,19.75,58,12.1195883199871,12.208123026937,1
362,0,19.75,58,12.208123026937,12.3520699604236,1
362,0,19.75,58,12.3520699604236,12.9079443079339,1
362,0,19.75,58,12.9079443079339,13.0290183533204,1
362,0,19.75,58,13.0290183533204,13.4745836338948,1
362,0,19.75,58,13.4745836338948,13.7368577050433,1
362,0,19.75,58,13.7368577050433,14.3194540623757,1
362,0,19.75,58,14.3194540623757,14.7660593787985,1
362,0,19.75,58,14.7660593787985,15.0989269005652,1
362,0,19.75,58,15.0989269005652,15.4583230312833,1
362,0,19.75,58,15.4583230312833,15.4654135177773,1
362,0,19.75,58,15.4654135177773,15.4890265966571,1
362,0,19.75,58,15.4890265966571,15.676446961736,1
362,0,19.75,58,15.676446961736,15.7736952005946,1
362,0,19.75,58,15.7736952005946,15.8286403060433,1
362,0,19.75,58,15.8286403060433,15.9797405580403,1
362,0,19.75,58,15.9797405580403,15.9901093233675,1
362,0,19.75,58,15.9901093233675,16.1988984700798,1
362,0,19.75,58,16.1988984700798,16.2358085849425,1
362,0,19.75,58,16.2358085849425,16.2750722554313,1
362,0,19.75,58,16.2750722554313,16.2899060246532,1
362,0,19.75,58,16.2899060246532,16.312112508933,1
362,0,19.75,58,16.312112508933,16.6996269955514,1
362,0,19.75,58,16.6996269955514,17.1703273277057,1
362,0,19.75,58,17.1703273277057,17.8644834419042,1
362,0,19.75,58,17.8644834419042,17.9242790283894,1
362,0,19.75,58,17.9242790283894,18.287581878873,1
362,0,19.75,58,18.287581878873,18.4712244877283,1
362,0,19.75,58,18.4712244877283,18.5205045669498,1
362,0,19.75,58,18.5205045669498,18.7099504984648,1
362,0,19.75,58,18.7099504984648,18.8950134313672,1
362,0,19.75,58,18.8950134313672,18.9093664269878,1
362,0,19.75,58,18.9093664269878,19.1206196560318,1
362,0,19.75,58,19.1206196560318,19.1418526481415,1
362,0,19.75,58,19.1418526481415,19.2955634592833,1
362,0,19.75,58,19.2955634592833,19.3213159447172,1
362,0,19.75,58,19.3213159447172,19.3895219126809,1
362,0,19.75,58,19.3895219126809,19.5824506362077,1
362,0,19.75,58,19.5824506362077,19.6761221488715,1
362,0,19.75,58,19.6761221488715,19.75,0
363,0,18.75,48,0,1.46834363000357,1
363,0,18.75,48,1.46834363000357,4.76729890034318,1
363,0,18.75,48,4.76729890034318,6.40998118967372,1
363,0,18.75,48,6.40998118967372,6.63089644228013,1
363,0,18.75,48,6.63089644228013,7.52555525544428,1
363,0,18.75,48,7.52555525544428,7.71297575742,1
363,0,18.75,48,7.71297575742,7.90913928768089,1
363,0,18.75,48,7.90913928768089,8.0860228757526,1
363,0,18.75,48,8.0860228757526,8.3380472080612,1
363,0,18.75,48,8.3380472080612,8.61312670416814,1
363,0,18.75,48,8.61312670416814,8.98745115522004,1
363,0,18.75,48,8.98745115522004,9.22278037695749,1
363,0,18.75,48,9.22278037695749,9.68678880081242,1
363,0,18.75,48,9.68678880081242,10.3006378638238,1
363,0,18.75,48,10.3006378638238,11.3411315101634,1
363,0,18.75,48,11.3411315101634,11.4370761814607,1
363,0,18.75,48,11.4370761814607,12.3025519271241,1
363,0,18.75,48,12.3025519271241,12.7209726155581,1
363,0,18.75,48,12.7209726155581,13.0853987656243,1
363,0,18.75,48,13.0853987656243,13.5541767800665,1
363,0,18.75,48,13.5541767800665,13.5893815562378,1
363,0,18.75,48,13.5893815562378,13.8153759794962,1
363,0,18.75,48,13.8153759794962,13.8189317807016,1
363,0,18.75,48,13.8189317807016,13.8320493441477,1
363,0,18.75,48,13.8320493441477,13.9001693550568,1
363,0,18.75,48,13.9001693550568,14.1488934446616,1
363,0,18.75,48,14.1488934446616,14.3072671624858,1
363,0,18.75,48,14.3072671624858,14.4621930388688,1
363,0,18.75,48,14.4621930388688,14.6907661196271,1
363,0,18.75,48,14.6907661196271,15.514464108788,1
363,0,18.75,48,15.514464108788,15.680998401152,1
363,0,18.75,48,15.680998401152,15.9959883019219,1
363,0,18.75,48,15.9959883019219,16.2997722115473,1
363,0,18.75,48,16.2997722115473,16.4467427195966,1
363,0,18.75,48,16.4467427195966,16.7445799630728,1
363,0,18.75,48,16.7445799630728,16.9597736990023,1
363,0,18.75,48,16.9597736990023,16.9870195421996,1
363,0,18.75,48,16.9870195421996,17.124589945591,1
363,0,18.75,48,17.124589945591,17.3154681377198,1
363,0,18.75,48,17.3154681377198,17.3274701659121,1
363,0,18.75,48,17.3274701659121,17.3344377897706,1
363,0,18.75,48,17.3344377897706,17.3495027695563,1
363,0,18.75,48,17.3495027695563,17.4890107793238,1
363,0,18.75,48,17.4890107793238,17.5448430990741,1
363,0,18.75,48,17.5448430990741,17.9851487513118,1
363,0,18.75,48,17.9851487513118,18.0863047093002,1
363,0,18.75,48,18.0863047093002,18.3443341069829,1
363,0,18.75,48,18.3443341069829,18.4044066950592,1
363,0,18.75,48,18.4044066950592,18.75,0
364,0,10.75,10,0,3.35727122086325,1
364,0,10.75,10,3.35727122086325,3.37162080393022,1
364,0,10.75,10,3.37162080393022,3.47010950941202,1
364,0,10.75,10,3.47010950941202,3.87517406719025,1
364,0,10.75,10,3.87517406719025,4.16329616093312,1
364,0,10.75,10,4.16329616093312,4.20757408581122,1
364,0,10.75,10,4.20757408581122,8.55566672019975,1
364,0,10.75,10,8.55566672019975,8.68448620301324,1
364,0,10.75,10,8.68448620301324,10.5682708736863,1
364,0,10.75,10,10.5682708736863,10.6326668279626,1
364,0,10.75,10,10.6326668279626,10.75,0
365,0,8.75,7,0,3.89119846832949,1
365,0,8.75,7,3.89119846832949,4.69506808176589,1
365,0,8.75,7,4.69506808176589,5.01806115710161,1
365,0,8.75,7,5.01806115710161,6.29465766601141,1
365,0,8.75,7,6.29465766601141,6.9093489787646,1
365,0,8.75,7,6.9093489787646,7.88282908540648,1
365,0,8.75,7,7.88282908540648,8.70212713721008,1
365,0,8.75,7,8.70212713721008,8.75,0
366,0,14.75,19,0,5.26093107469376,1
366,0,14.75,19,5.26093107469376,5.65180559250281,1
366,0,14.75,19,5.65180559250281,5.86662508045344,1
366,0,14.75,19,5.86662508045344,7.75557555610017,1
366,0,14.75,19,7.75557555610017,7.88176299468105,1
366,0,14.75,19,7.88176299468105,9.1071046999655,1
366,0,14.75,19,9.1071046999655,10.2520457508034,1
366,0,14.75,19,10.2520457508034,11.7889427072193,1
366,0,14.75,19,11.7889427072193,11.7902454071667,1
366,0,14.75,19,11.7902454071667,11.8810849305557,1
366,0,14.75,19,11.8810849305557,11.9480828581722,1
366,0,14.75,19,11.9480828581722,13.1336267970156,1
366,0,14.75,19,13.1336267970156,13.2076239538499,1
366,0,14.75,19,13.2076239538499,13.4705059266399,1
366,0,14.75,19,13.4705059266399,13.5384085830233,1
366,0,14.75,19,13.5384085830233,13.5507118693926,1
366,0,14.75,19,13.5507118693926,13.6484286863825,1
366,0,14.75,19,13.6484286863825,14.3034611880028,1
366,0,14.75,19,14.3034611880028,14.5069913951454,1
366,0,14.75,19,14.5069913951454,14.75,0
367,0,19.75,2,0,3.63841077294668,1
367,0,19.75,2,3.63841077294668,3.77577720615889,1
367,0,19.75,2,3.77577720615889,19.75,0
368,0,14.75,1,0,0.0564948560390877,1
368,0,14.75,1,0.0564948560390877,14.75,0
369,0,14.75,12,0,3.4739628492045,1
369,0,14.75,12,3.4739628492045,6.56479776382641,1
369,0,14.75,12,6.56479776382641,8.44742559119918,1
369,0,14.75,12,8.44742559119918,9.37297889316813,1
369,0,14.75,12,9.37297889316813,9.54273648673528,1
369,0,14.75,12,9.54273648673528,9.8097334270184,1
369,0,14.75,12,9.8097334270184,10.439852494048,1
369,0,14.75,12,10.439852494048,10.4462469959725,1
369,0,14.75,12,10.4462469959725,10.8742317958531,1
369,0,14.75,12,10.8742317958531,11.7064000492807,1
369,0,14.75,12,11.7064000492807,12.721386382398,1
369,0,14.75,12,12.721386382398,14.1245548231086,1
369,0,14.75,12,14.1245548231086,14.75,0
370,0,14.75,37,0,3.33281864727794,1
370,0,14.75,37,3.33281864727794,4.69930956178554,1
370,0,14.75,37,4.69930956178554,4.81903285513017,1
370,0,14.75,37,4.81903285513017,5.05300667208983,1
370,0,14.75,37,5.05300667208983,5.90703933526197,1
370,0,14.75,37,5.90703933526197,7.02843513090395,1
370,0,14.75,37,7.02843513090395,7.51113755999375,1
370,0,14.75,37,7.51113755999375,7.62284114214029,1
370,0,14.75,37,7.62284114214029,8.10228469106935,1
370,0,14.75,37,8.10228469106935,8.40146257067785,1
370,0,14.75,37,8.40146257067785,8.73388509677646,1
370,0,14.75,37,8.73388509677646,8.88472286753064,1
370,0,14.75,37,8.88472286753064,8.95480900930752,1
370,0,14.75,37,8.95480900930752,9.13634534808084,1
370,0,14.75,37,9.13634534808084,9.47928679142182,1
370,0,14.75,37,9.47928679142182,9.62987411299217,1
370,0,14.75,37,9.62987411299217,9.78422376533252,1
370,0,14.75,37,9.78422376533252,10.109303303128,1
370,0,14.75,37,10.109303303128,10.4980953636767,1
370,0,14.75,37,10.4980953636767,11.1054267441545,1
370,0,14.75,37,11.1054267441545,11.5190575750945,1
370,0,14.75,37,11.5190575750945,11.5240037032997,1
370,0,14.75,37,11.5240037032997,11.6431815903576,1
370,0,14.75,37,11.6431815903576,11.7265871008402,1
370,0,14.75,37,11.7265871008402,12.0107191811687,1
370,0,14.75,37,12.0107191811687,12.1835491737127,1
370,0,14.75,37,12.1835491737127,12.3029658942562,1
370,0,14.75,37,12.3029658942562,13.4088533744429,1
370,0,14.75,37,13.4088533744429,13.6718237827379,1
370,0,14.75,37,13.6718237827379,14.0020781455644,1
370,0,14.75,37,14.0020781455644,14.0109317419442,1
370,0,14.75,37,14.0109317419442,14.1461046433434,1
370,0,14.75,37,14.1461046433434,14.2333078297344,1
370,0,14.75,37,14.2333078297344,14.4469158160145,1
370,0,14.75,37,14.4469158160145,14.645264324628,1
370,0,14.75,37,14.645264324628,14.7138604234665,1
370,0,14.75,37,14.7138604234665,14.7279083026046,1
370,0,14.75,37,14.7279083026046,14.75,0
371,0,13.75,35,0,2.71212197722609,1
371,0,13.75,35,2.71212197722609,2.79213105343064,1
371,0,13.75,35,2.79213105343064,3.93356254305984,1
371,0,13.75,35,3.93356254305984,4.80341295479164,1
371,0,13.75,35,4.80341295479164,5.50736169883762,1
371,0,13.75,35,5.50736169883762,5.71204784105942,1
371,0,13.75,35,5.71204784105942,6.82131860107573,1
371,0,13.75,35,6.82131860107573,7.01143991360694,1
371,0,13.75,35,7.01143991360694,8.1589834237908,1
371,0,13.75,35,8.1589834237908,8.398882096831,1
371,0,13.75,35,8.398882096831,8.42048612300997,1
371,0,13.75,35,8.42048612300997,8.64383360831699,1
371,0,13.75,35,8.64383360831699,8.65805088709812,1
371,0,13.75,35,8.65805088709812,8.85562310876388,1
371,0,13.75,35,8.85562310876388,8.99854472442534,1
371,0,13.75,35,8.99854472442534,9.29268609355768,1
371,0,13.75,35,9.29268609355768,9.58179411607373,1
371,0,13.75,35,9.58179411607373,9.80804845366127,1
371,0,13.75,35,9.80804845366127,10.1615196451112,1
371,0,13.75,35,10.1615196451112,10.2521130400309,1
371,0,13.75,35,10.2521130400309,10.4598221027609,1
371,0,13.75,35,10.4598221027609,10.6282272851342,1
371,0,13.75,35,10.6282272851342,10.9987887859117,1
371,0,13.75,35,10.9987887859117,11.0725593777883,1
371,0,13.75,35,11.0725593777883,11.4268661442972,1
371,0,13.75,35,11.4268661442972,11.5574456638164,1
371,0,13.75,35,11.5574456638164,11.6407431223306,1
371,0,13.75,35,11.6407431223306,11.989547901866,1
371,0,13.75,35,11.989547901866,12.4925629035955,1
371,0,13.75,35,12.4925629035955,12.5214262403436,1
371,0,13.75,35,12.5214262403436,12.6410547756609,1
371,0,13.75,35,12.6410547756609,12.8703595751301,1
371,0,13.75,35,12.8703595751301,12.8850015519018,1
371,0,13.75,35,12.8850015519018,13.063124156863,1
371,0,13.75,35,13.063124156863,13.3549489001751,1
371,0,13.75,35,13.3549489001751,13.75,0
372,0,11.75,1,0,3.18445704493312,1
372,0,11.75,1,3.18445704493312,11.75,0
373,0,10.75,2,0,0.358441143243567,1
373,0,10.75,2,0.358441143243567,0.744045106661939,1
373,0,10.75,2,0.744045106661939,10.75,0
374,0,10.75,0,0,10.75,0
375,0,16.75,46,0,3.63611099506277,1
375,0,16.75,46,3.63611099506277,3.9056446946088,1
375,0,16.75,46,3.9056446946088,4.06915201649047,1
375,0,16.75,46,4.06915201649047,4.3224368402312,1
375,0,16.75,46,4.3224368402312,4.65888483268369,1
375,0,16.75,46,4.65888483268369,5.12838166077339,1
375,0,16.75,46,5.12838166077339,5.49243079810234,1
375,0,16.75,46,5.49243079810234,6.16220862184302,1
375,0,16.75,46,6.16220862184302,7.36698135857288,1
375,0,16.75,46,7.36698135857288,8.09332134710118,1
375,0,16.75,46,8.09332134710118,8.25911658775899,1
375,0,16.75,46,8.25911658775899,8.80896447424313,1
375,0,16.75,46,8.80896447424313,9.25176132926331,1
375,0,16.75,46,9.25176132926331,9.62633467275597,1
375,0,16.75,46,9.62633467275597,9.88929334006735,1
375,0,16.75,46,9.88929334006735,10.365132729707,1
375,0,16.75,46,10.365132729707,10.6503778172716,1
375,0,16.75,46,10.6503778172716,10.6705113354574,1
375,0,16.75,46,10.6705113354574,11.0602095496214,1
375,0,16.75,46,11.0602095496214,11.3926722151102,1
375,0,16.75,46,11.3926722151102,11.444162363912,1
375,0,16.75,46,11.444162363912,12.093152053855,1
375,0,16.75,46,12.093152053855,12.167744665453,1
375,0,16.75,46,12.167744665453,12.5961248237195,1
375,0,16.75,46,12.5961248237195,12.6291392822064,1
375,0,16.75,46,12.6291392822064,12.6535609455298,1
375,0,16.75,46,12.6535609455298,12.69947723862,1
375,0,16.75,46,12.69947723862,12.8619110174984,1
375,0,16.75,46,12.8619110174984,12.9767017090788,1
375,0,16.75,46,12.9767017090788,13.0554166512362,1
375,0,16.75,46,13.0554166512362,13.1655344626183,1
375,0,16.75,46,13.1655344626183,13.2149035426128,1
375,0,16.75,46,13.2149035426128,13.3077244749076,1
375,0,16.75,46,13.3077244749076,13.4983850314101,1
375,0,16.75,46,13.4983850314101,14.0024429038881,1
375,0,16.75,46,14.0024429038881,14.5530990506336,1
375,0,16.75,46,14.5530990506336,14.9211348600333,1
375,0,16.75,46,14.9211348600333,14.9869534636775,1
375,0,16.75,46,14.9869534636775,15.3984375817248,1
375,0,16.75,46,15.3984375817248,15.6390645712531,1
375,0,16.75,46,15.6390645712531,15.7191876103533,1
375,0,16.75,46,15.7191876103533,15.990749650232,1
375,0,16.75,46,15.990749650232,16.0506447945056,1
375,0,16.75,46,16.0506447945056,16.0625642150434,1
375,0,16.75,46,16.0625642150434,16.1956848176839,1
375,0,16.75,46,16.1956848176839,16.6797424211855,1
375,0,16.75,46,16.6797424211855,16.75,0
376,0,15.75,0,0,15.75,0
377,0,13.75,1,0,4.28614687580518,1
377,0,13.75,1,4.28614687580518,13.75,0
378,0,11.75,21,0,4.43366103387233,1
378,0,11.75,21,4.43366103387233,4.66351346049957,1
378,0,11.75,21,4.66351346049957,5.72969220313246,1
378,0,11.75,21,5.72969220313246,6.45129412074064,1
378,0,11.75,21,6.45129412074064,7.10289018356089,1
378,0,11.75,21,7.10289018356089,7.54264611383578,1
378,0,11.75,21,7.54264611383578,8.09245849020995,1
378,0,11.75,21,8.09245849020995,8.6182821334769,1
378,0,11.75,21,8.6182821334769,8.79308511179781,1
378,0,11.75,21,8.79308511179781,8.80917631701113,1
378,0,11.75,21,8.80917631701113,8.89009612585537,1
378,0,11.75,21,8.89009612585537,9.90190063654249,1
378,0,11.75,21,9.90190063654249,10.5933506704124,1
378,0,11.75,21,10.5933506704124,11.0879638167821,1
378,0,11.75,21,11.0879638167821,11.2303955898154,1
378,0,11.75,21,11.2303955898154,11.3867879292854,1
378,0,11.75,21,11.3867879292854,11.4205959550199,1
378,0,11.75,21,11.4205959550199,11.4295562889985,1
378,0,11.75,21,11.4295562889985,11.5713632466594,1
378,0,11.75,21,11.5713632466594,11.5741695869799,1
378,0,11.75,21,11.5741695869799,11.7054381935151,1
378,0,11.75,21,11.7054381935151,11.75,0
379,0,18.75,51,0,4.82351512134613,1
379,0,18.75,51,4.82351512134613,7.34085242563176,1
379,0,18.75,51,7.34085242563176,7.95515661352697,1
379,0,18.75,51,7.95515661352697,8.05443721851884,1
379,0,18.75,51,8.05443721851884,8.52677338132482,1
379,0,18.75,51,8.52677338132482,8.82820426089345,1
379,0,18.75,51,8.82820426089345,9.01154261491526,1
379,0,18.75,51,9.01154261491526,9.09819812884942,1
379,0,18.75,51,9.09819812884942,9.70671502807894,1
379,0,18.75,51,9.70671502807894,9.8735069502238,1
379,0,18.75,51,9.8735069502238,9.89612506227472,1
379,0,18.75,51,9.89612506227472,10.1694706341224,1
379,0,18.75,51,10.1694706341224,10.2845885604437,1
379,0,18.75,51,10.2845885604437,10.4777392173636,1
379,0,18.75,51,10.4777392173636,11.5975284706811,1
379,0,18.75,51,11.5975284706811,11.9318756009477,1
379,0,18.75,51,11.9318756009477,12.5938031323254,1
379,0,18.75,51,12.5938031323254,12.6154367989975,1
379,0,18.75,51,12.6154367989975,12.6441582163297,1
379,0,18.75,51,12.6441582163297,12.6541448265435,1
379,0,18.75,51,12.6541448265435,12.7913759479384,1
379,0,18.75,51,12.7913759479384,13.0035757635988,1
379,0,18.75,51,13.0035757635988,13.4330326843915,1
379,0,18.75,51,13.4330326843915,13.5141785030196,1
379,0,18.75,51,13.5141785030196,13.8109448434292,1
379,0,18.75,51,13.8109448434292,14.2283000390657,1
379,0,18.75,51,14.2283000390657,14.4851715958493,1
379,0,18.75,51,14.4851715958493,14.5046369649224,1
379,0,18.75,51,14.5046369649224,15.1925867385561,1
379,0,18.75,51,15.1925867385561,15.2723226440732,1
379,0,18.75,51,15.2723226440732,15.2772533735119,1
379,0,18.75,51,15.2772533735119,15.4927429520938,1
379,0,18.75,51,15.4927429520938,15.762112975212,1
379,0,18.75,51,15.762112975212,15.7911286775164,1
379,0,18.75,51,15.7911286775164,15.8122249515478,1
379,0,18.75,51,15.8122249515478,15.8923996597211,1
379,0,18.75,51,15.8923996597211,16.0396787120944,1
379,0,18.75,51,16.0396787120944,16.0766961564896,1
379,0,18.75,51,16.0766961564896,16.5445707396507,1
379,0,18.75,51,16.5445707396507,16.5487738138949,1
379,0,18.75,51,16.5487738138949,16.6747837352466,1
379,0,18.75,51,16.6747837352466,16.8565640598701,1
379,0,18.75,51,16.8565640598701,16.873472013022,1
379,0,18.75,51,16.873472013022,16.9403947292195,1
379,0,18.75,51,16.9403947292195,17.0258584206689,1
379,0,18.75,51,17.0258584206689,17.3353843279902,1
379,0,18.75,51,17.3353843279902,17.55604701226,1
379,0,18.75,51,17.55604701226,17.7888592503518,1
379,0,18.75,51,17.7888592503518,18.1348056443552,1
379,0,18.75,51,18.1348056443552,18.5774520692685,1
379,0,18.75,51,18.5774520692685,18.6886632833012,1
379,0,18.75,51,18.6886632833012,18.75,0
380,0,10.75,2,0,4.49008318441987,1
380,0,10.75,2,4.49008318441987,7.90343636761311,1
380,0,10.75,2,7.90343636761311,10.75,0
381,0,12.75,0,0,12.75,0
382,0,13.75,0,0,13.75,0
383,0,17.75,1,0,8.746629781172,1
383,0,17.75,1,8.746629781172,17.75,0
384,0,19.75,4,0,0.00670268834058966,1
384,0,19.75,4,0.00670268834058966,3.14970183496794,1
384,0,19.75,4,3.14970183496794,12.2853769414591,1
384,0,19.75,4,12.2853769414591,16.5019360302378,1
384,0,19.75,4,16.5019360302378,19.75,0
385,0,8.75,0,0,8.75,0
386,0,9.75,4,0,0.564540205892162,1
386,0,9.75,4,0.564540205892162,4.0440468900784,1
386,0,9.75,4,4.0440468900784,5.7671220683986,1
386,0,9.75,4,5.7671220683986,9.34843486105011,1
386,0,9.75,4,9.34843486105011,9.75,0
387,0,13.75,18,0,3.76009965415032,1
387,0,13.75,18,3.76009965415032,4.3582059048579,1
387,0,13.75,18,4.3582059048579,4.88935213830487,1
387,0,13.75,18,4.88935213830487,5.27353270123523,1
387,0,13.75,18,5.27353270123523,6.93137574526567,1
387,0,13.75,18,6.93137574526567,8.54436715338676,1
387,0,13.75,18,8.54436715338676,9.32653512779829,1
387,0,13.75,18,9.32653512779829,9.90830020901209,1
387,0,13.75,18,9.90830020901209,10.6771705025525,1
387,0,13.75,18,10.6771705025525,10.7560432395033,1
387,0,13.75,18,10.7560432395033,10.8296855514111,1
387,0,13.75,18,10.8296855514111,11.0736280491736,1
387,0,13.75,18,11.0736280491736,11.8800148515803,1
387,0,13.75,18,11.8800148515803,12.105050728478,1
387,0,13.75,18,12.105050728478,12.2679423186382,1
387,0,13.75,18,12.2679423186382,13.0978188964239,1
387,0,13.75,18,13.0978188964239,13.1381625852945,1
387,0,13.75,18,13.1381625852945,13.2138491892922,1
387,0,13.75,18,13.2138491892922,13.75,0
388,0,16.75,1,0,7.98786062109133,1
388,0,16.75,1,7.98786062109133,16.75,0
389,0,12.75,1,0,1.120274649412,1
389,0,12.75,1,1.120274649412,12.75,0
390,0,14.75,108,0,0.388876107392399,1
390,0,14.75,108,0.388876107392399,3.16456812569277,1
390,0,14.75,108,3.16456812569277,4.32693032215937,1
390,0,14.75,108,4.32693032215937,4.98870364029769,1
390,0,14.75,108,4.98870364029769,5.01810909312459,1
390,0,14.75,108,5.01810909312459,5.75285421950859,1
390,0,14.75,108,5.75285421950859,5.86370844481616,1
390,0,14.75,108,5.86370844481616,5.86966335817889,1
390,0,14.75,108,5.86966335817889,6.02385798127612,1
390,0,14.75,108,6.02385798127612,6.20622254551117,1
390,0,14.75,108,6.20622254551117,6.2382111812772,1
390,0,14.75,108,6.2382111812772,6.60184836786015,1
390,0,14.75,108,6.60184836786015,6.60468756523538,1
390,0,14.75,108,6.60468756523538,6.60762673155348,1
390,0,14.75,108,6.60762673155348,6.61807832557459,1
390,0,14.75,108,6.61807832557459,6.62246353876851,1
390,0,14.75,108,6.62246353876851,6.81433226339618,1
390,0,14.75,108,6.81433226339618,6.83576331167062,1
390,0,14.75,108,6.83576331167062,7.21288692116034,1
390,0,14.75,108,7.21288692116034,7.26131870557764,1
390,0,14.75,108,7.26131870557764,7.30556250121184,1
390,0,14.75,108,7.30556250121184,7.53771008146847,1
390,0,14.75,108,7.53771008146847,7.59919627092131,1
390,0,14.75,108,7.59919627092131,7.67340466032038,1
390,0,14.75,108,7.67340466032038,7.75224514913389,1
390,0,14.75,108,7.75224514913389,7.86108807074038,1
390,0,14.75,108,7.86108807074038,8.26480423868002,1
390,0,14.75,108,8.26480423868002,8.34308715507084,1
390,0,14.75,108,8.34308715507084,8.51371127608178,1
390,0,14.75,108,8.51371127608178,8.51846010596684,1
390,0,14.75,108,8.51846010596684,8.53241720583622,1
390,0,14.75,108,8.53241720583622,8.69873794070566,1
390,0,14.75,108,8.69873794070566,8.72553176453486,1
390,0,14.75,108,8.72553176453486,8.73424523026452,1
390,0,14.75,108,8.73424523026452,8.76367979458932,1
390,0,14.75,108,8.76367979458932,8.91477959478444,1
390,0,14.75,108,8.91477959478444,8.92048661130929,1
390,0,14.75,108,8.92048661130929,9.26495722622312,1
390,0,14.75,108,9.26495722622312,9.55330593488057,1
390,0,14.75,108,9.55330593488057,9.58090341162931,1
390,0,14.75,108,9.58090341162931,9.70207963596153,1
390,0,14.75,108,9.70207963596153,9.73450569385229,1
390,0,14.75,108,9.73450569385229,10.0384876230789,1
390,0,14.75,108,10.0384876230789,10.0568223401254,1
390,0,14.75,108,10.0568223401254,10.6155250683851,1
390,0,14.75,108,10.6155250683851,10.8602330368125,1
390,0,14.75,108,10.8602330368125,10.9736349250583,1
390,0,14.75,108,10.9736349250583,10.9941416111597,1
390,0,14.75,108,10.9941416111597,11.0783630338252,1
390,0,14.75,108,11.0783630338252,11.0921890702476,1
390,0,14.75,108,11.0921890702476,11.1606507869964,1
390,0,14.75,108,11.1606507869964,11.2807827183222,1
390,0,14.75,108,11.2807827183222,11.3617859022453,1
390,0,14.75,108,11.3617859022453,11.4054408937083,1
390,0,14.75,108,11.4054408937083,11.6147506412683,1
390,0,14.75,108,11.6147506412683,11.6357797788282,1
390,0,14.75,108,11.6357797788282,11.732131826856,1
390,0,14.75,108,11.732131826856,11.958019163073,1
390,0,14.75,108,11.958019163073,12.0153913714052,1
390,0,14.75,108,12.0153913714052,12.0335410990067,1
390,0,14.75,108,12.0335410990067,12.1427548574719,1
390,0,14.75,108,12.1427548574719,12.1996082343667,1
390,0,14.75,108,12.1996082343667,12.3110278778023,1
390,0,14.75,108,12.3110278778023,12.3729136435511,1
390,0,14.75,108,12.3729136435511,12.4006946659618,1
390,0,14.75,108,12.4006946659618,12.4392640779993,1
390,0,14.75,108,12.4392640779993,12.4866873419597,1
390,0,14.75,108,12.4866873419597,12.6101191539785,1
390,0,14.75,108,12.6101191539785,12.6221237157915,1
390,0,14.75,108,12.6221237157915,12.8252696064874,1
390,0,14.75,108,12.8252696064874,12.8894013891348,1
390,0,14.75,108,12.8894013891348,12.894052159596,1
390,0,14.75,108,12.894052159596,12.9086565369261,1
390,0,14.75,108,12.9086565369261,12.9356203668583,1
390,0,14.75,108,12.9356203668583,12.9831919715091,1
390,0,14.75,108,12.9831919715091,13.0325295394395,1
390,0,14.75,108,13.0325295394395,13.1472243540815,1
390,0,14.75,108,13.1472243540815,13.2502205020117,1
390,0,14.75,108,13.2502205020117,13.2959352554346,1
390,0,14.75,108,13.2959352554346,13.2999256366711,1
390,0,14.75,108,13.2999256366711,13.501300229155,1
390,0,14.75,108,13.501300229155,13.5481885941623,1
390,0,14.75,108,13.5481885941623,13.5875952100957,1
390,0,14.75,108,13.5875952100957,13.6096996097081,1
390,0,14.75,108,13.6096996097081,13.6491920564314,1
390,0,14.75,108,13.6491920564314,13.676074222149,1
390,0,14.75,108,13.676074222149,13.7084426526286,1
390,0,14.75,108,13.7084426526286,13.7381061038505,1
390,0,14.75,108,13.7381061038505,13.7468398651068,1
390,0,14.75,108,13.7468398651068,13.8933295471951,1
390,0,14.75,108,13.8933295471951,13.9088782439727,1
390,0,14.75,108,13.9088782439727,13.9132131694218,1
390,0,14.75,108,13.9132131694218,13.9564318770961,1
390,0,14.75,108,13.9564318770961,14.0249097955064,1
390,0,14.75,108,14.0249097955064,14.0419999697758,1
390,0,14.75,108,14.0419999697758,14.2648284260399,1
390,0,14.75,108,14.2648284260399,14.3333917082142,1
390,0,14.75,108,14.3333917082142,14.3896257333828,1
390,0,14.75,108,14.3896257333828,14.4128850000886,1
390,0,14.75,108,14.4128850000886,14.4519327230741,1
390,0,14.75,108,14.4519327230741,14.4898442497776,1
390,0,14.75,108,14.4898442497776,14.5007246334862,1
390,0,14.75,108,14.5007246334862,14.5158839360782,1
390,0,14.75,108,14.5158839360782,14.5640640663392,1
390,0,14.75,108,14.5640640663392,14.5651813937928,1
390,0,14.75,108,14.5651813937928,14.6670032275667,1
390,0,14.75,108,14.6670032275667,14.679244888982,1
390,0,14.75,108,14.679244888982,14.7257501727049,1
390,0,14.75,108,14.7257501727049,14.75,0
391,0,11.75,0,0,11.75,0
392,0,19.75,53,0,4.3452027843194,1
392,0,19.75,53,4.3452027843194,4.36148579035692,1
392,0,19.75,53,4.36148579035692,7.2721148663988,1
392,0,19.75,53,7.2721148663988,8.3202560615639,1
392,0,19.75,53,8.3202560615639,8.51698829864385,1
392,0,19.75,53,8.51698829864385,8.98507838797885,1
392,0,19.75,53,8.98507838797885,9.4363968430092,1
392,0,19.75,53,9.4363968430092,9.90315039757835,1
392,0,19.75,53,9.90315039757835,9.93687783361535,1
392,0,19.75,53,9.93687783361535,9.95516186457513,1
392,0,19.75,53,9.95516186457513,10.8354089076665,1
392,0,19.75,53,10.8354089076665,11.057187120043,1
392,0,19.75,53,11.057187120043,11.5394699091775,1
392,0,19.75,53,11.5394699091775,11.7259810651534,1
392,0,19.75,53,11.7259810651534,11.7573470092882,1
392,0,19.75,53,11.7573470092882,12.6573538649126,1
392,0,19.75,53,12.6573538649126,13.5423249957107,1
392,0,19.75,53,13.5423249957107,13.8025016246823,1
392,0,19.75,53,13.8025016246823,13.9065053627172,1
392,0,19.75,53,13.9065053627172,14.0838306567168,1
392,0,19.75,53,14.0838306567168,14.233318677981,1
392,0,19.75,53,14.233318677981,14.3379170920613,1
392,0,19.75,53,14.3379170920613,14.5686285895157,1
392,0,19.75,53,14.5686285895157,14.7459584960128,1
392,0,19.75,53,14.7459584960128,14.7821381170235,1
392,0,19.75,53,14.7821381170235,14.9414157758838,1
392,0,19.75,53,14.9414157758838,15.445151902965,1
392,0,19.75,53,15.445151902965,15.5135319122804,1
392,0,19.75,53,15.5135319122804,15.8585134468203,1
392,0,19.75,53,15.8585134468203,16.0489514622616,1
392,0,19.75,53,16.0489514622616,16.1366589593075,1
392,0,19.75,53,16.1366589593075,16.4426281858349,1
392,0,19.75,53,16.4426281858349,16.5787481730544,1
392,0,19.75,53,16.5787481730544,16.6205774782715,1
392,0,19.75,53,16.6205774782715,16.8412957547918,1
392,0,19.75,53,16.8412957547918,16.9594137218584,1
392,0,19.75,53,16.9594137218584,17.0884733962448,1
392,0,19.75,53,17.0884733962448,17.24897300162,1
392,0,19.75,53,17.24897300162,17.315305996909,1
392,0,19.75,53,17.315305996909,17.46119528581,1
392,0,19.75,53,17.46119528581,17.4845899658536,1
392,0,19.75,53,17.4845899658536,17.8066811118108,1
392,0,19.75,53,17.8066811118108,18.2681891836727,1
392,0,19.75,53,18.2681891836727,18.472629680119,1
392,0,19.75,53,18.472629680119,18.7747751162633,1
392,0,19.75,53,18.7747751162633,18.825894543455,1
392,0,19.75,53,18.825894543455,18.8688293929116,1
392,0,19.75,53,18.8688293929116,18.8948803982659,1
392,0,19.75,53,18.8948803982659,19.107625596155,1
392,0,19.75,53,19.107625596155,19.2198512356713,1
392,0,19.75,53,19.2198512356713,19.3022692787599,1
392,0,19.75,53,19.3022692787599,19.3789146042976,1
392,0,19.75,53,19.3789146042976,19.6559648245497,1
392,0,19.75,53,19.6559648245497,19.75,0
393,0,20.75,2,0,6.0132996430498,1
393,0,20.75,2,6.0132996430498,19.4474225098493,1
393,0,20.75,2,19.4474225098493,20.75,0
394,0,9.75,0,0,9.75,0
395,0,13.75,2,0,0.107916772130092,1
395,0,13.75,2,0.107916772130092,3.27110272238298,1
395,0,13.75,2,3.27110272238298,13.75,0
396,0,12.75,2,0,10.0115974153303,1
396,0,12.75,2,10.0115974153303,10.3599762402198,1
396,0,12.75,2,10.3599762402198,12.75,0
397,0,13.75,20,0,1.92621067842006,1
397,0,13.75,20,1.92621067842006,2.27560239880864,1
397,0,13.75,20,2.27560239880864,4.63084432159316,1
397,0,13.75,20,4.63084432159316,5.57925277439053,1
397,0,13.75,20,5.57925277439053,5.90682743806422,1
397,0,13.75,20,5.90682743806422,6.56643300376996,1
397,0,13.75,20,6.56643300376996,7.21613492360947,1
397,0,13.75,20,7.21613492360947,7.86822572133087,1
397,0,13.75,20,7.86822572133087,8.57767844185677,1
397,0,13.75,20,8.57767844185677,9.2306452417137,1
397,0,13.75,20,9.2306452417137,9.26802953499481,1
397,0,13.75,20,9.26802953499481,9.57764302836435,1
397,0,13.75,20,9.57764302836435,10.0824188694938,1
397,0,13.75,20,10.0824188694938,10.246424706407,1
397,0,13.75,20,10.246424706407,11.2944912001998,1
397,0,13.75,20,11.2944912001998,11.6858363388529,1
397,0,13.75,20,11.6858363388529,11.7518397087353,1
397,0,13.75,20,11.7518397087353,12.327077224752,1
397,0,13.75,20,12.327077224752,13.1798602731864,1
397,0,13.75,20,13.1798602731864,13.4710709577808,1
397,0,13.75,20,13.4710709577808,13.75,0
398,0,17.75,2,0,0.475508333503169,1
398,0,17.75,2,0.475508333503169,3.58190134751225,1
398,0,17.75,2,3.58190134751225,17.75,0
399,0,7.75,1,0,1.67177607166143,1
399,0,7.75,1,1.67177607166143,7.75,0
400,0,15.75,2,0,1.5379497152721,1
400,0,15.75,2,1.5379497152721,2.12530926756485,1
400,0,15.75,2,2.12530926756485,15.75,0
401,0,11.75,20,0,0.907444667218123,1
401,0,11.75,20,0.907444667218123,4.73725694190134,1
401,0,11.75,20,4.73725694190134,5.83730237603247,1
401,0,11.75,20,5.83730237603247,6.65711526683328,1
401,0,11.75,20,6.65711526683328,7.6837978811215,1
401,0,11.75,20,7.6837978811215,8.43686250614475,1
401,0,11.75,20,8.43686250614475,8.59497751545378,1
401,0,11.75,20,8.59497751545378,8.66253084280049,1
401,0,11.75,20,8.66253084280049,8.78016762540932,1
401,0,11.75,20,8.78016762540932,8.81013121889469,1
401,0,11.75,20,8.81013121889469,8.84339074122636,1
401,0,11.75,20,8.84339074122636,9.64941657096147,1
401,0,11.75,20,9.64941657096147,10.4269616825592,1
401,0,11.75,20,10.4269616825592,10.4961109032928,1
401,0,11.75,20,10.4961109032928,10.6856534455418,1
401,0,11.75,20,10.6856534455418,11.0369928520526,1
401,0,11.75,20,11.0369928520526,11.1365774598061,1
401,0,11.75,20,11.1365774598061,11.2877654288094,1
401,0,11.75,20,11.2877654288094,11.4888653920333,1
401,0,11.75,20,11.4888653920333,11.5677171015821,1
401,0,11.75,20,11.5677171015821,11.75,0
402,0,19.75,2,0,0.58826768410837,1
402,0,19.75,2,0.58826768410837,0.758589228375781,1
402,0,19.75,2,0.758589228375781,19.75,0
403,0,17.75,4,0,1.93489736147355,1
403,0,17.75,4,1.93489736147355,2.05933187915305,1
403,0,17.75,4,2.05933187915305,4.04642539735091,1
403,0,17.75,4,4.04642539735091,16.9513995475553,1
403,0,17.75,4,16.9513995475553,17.75,0
404,0,9.75,5,0,3.19276201898983,1
404,0,9.75,5,3.19276201898983,3.6047619619182,1
404,0,9.75,5,3.6047619619182,4.75518278481036,1
404,0,9.75,5,4.75518278481036,7.86396516851692,1
404,0,9.75,5,7.86396516851692,8.51892336509565,1
404,0,9.75,5,8.51892336509565,9.75,0
405,0,12.75,1,0,4.06470234182372,1
405,0,12.75,1,4.06470234182372,12.75,0
406,0,15.75,0,0,15.75,0
407,0,15.75,78,0,1.74048145297065,1
407,0,15.75,78,1.74048145297065,4.78290665417458,1
407,0,15.75,78,4.78290665417458,4.92184474207708,1
407,0,15.75,78,4.92184474207708,5.18407919248327,1
407,0,15.75,78,5.18407919248327,5.51712670458419,1
407,0,15.75,78,5.51712670458419,5.85189592426375,1
407,0,15.75,78,5.85189592426375,6.36559711377729,1
407,0,15.75,78,6.36559711377729,6.54447592726324,1
407,0,15.75,78,6.54447592726324,7.84596026773075,1
407,0,15.75,78,7.84596026773075,8.1461734095511,1
407,0,15.75,78,8.1461734095511,8.23077552394732,1
407,0,15.75,78,8.23077552394732,8.2377815305254,1
407,0,15.75,78,8.2377815305254,8.39322207810757,1
407,0,15.75,78,8.39322207810757,8.59973244228333,1
407,0,15.75,78,8.59973244228333,8.64946970793549,1
407,0,15.75,78,8.64946970793549,8.77321109792335,1
407,0,15.75,78,8.77321109792335,8.79524372520705,1
407,0,15.75,78,8.79524372520705,8.86072762070434,1
407,0,15.75,78,8.86072762070434,9.51953685719314,1
407,0,15.75,78,9.51953685719314,9.62302574732774,1
407,0,15.75,78,9.62302574732774,9.90572007590109,1
407,0,15.75,78,9.90572007590109,10.1410569427751,1
407,0,15.75,78,10.1410569427751,10.330609401395,1
407,0,15.75,78,10.330609401395,10.3676160202009,1
407,0,15.75,78,10.3676160202009,10.7038165697202,1
407,0,15.75,78,10.7038165697202,11.0267847611531,1
407,0,15.75,78,11.0267847611531,11.2968449516372,1
407,0,15.75,78,11.2968449516372,11.4445780158943,1
407,0,15.75,78,11.4445780158943,11.4806469157789,1
407,0,15.75,78,11.4806469157789,11.5934829005155,1
407,0,15.75,78,11.5934829005155,11.6882388123908,1
407,0,15.75,78,11.6882388123908,11.7260274748406,1
407,0,15.75,78,11.7260274748406,11.7434960506734,1
407,0,15.75,78,11.7434960506734,11.7630338490666,1
407,0,15.75,78,11.7630338490666,11.9053108293263,1
407,0,15.75,78,11.9053108293263,11.9158069905344,1
407,0,15.75,78,11.9158069905344,12.1194167390652,1
407,0,15.75,78,12.1194167390652,12.1760211583527,1
407,0,15.75,78,12.1760211583527,12.2355434298089,1
407,0,15.75,78,12.2355434298089,12.3151619885674,1
407,0,15.75,78,12.3151619885674,12.414052584334,1
407,0,15.75,78,12.414052584334,12.4880171194331,1
407,0,15.75,78,12.4880171194331,12.5675618108929,1
407,0,15.75,78,12.5675618108929,12.576183031578,1
407,0,15.75,78,12.576183031578,12.7968873011497,1
407,0,15.75,78,12.7968873011497,12.8494375386428,1
407,0,15.75,78,12.8494375386428,12.8916419321816,1
407,0,15.75,78,12.8916419321816,13.1384756877044,1
407,0,15.75,78,13.1384756877044,13.1593727451369,1
407,0,15.75,78,13.1593727451369,13.2583742813041,1
407,0,15.75,78,13.2583742813041,13.3901455533803,1
407,0,15.75,78,13.3901455533803,13.4323230332487,1
407,0,15.75,78,13.4323230332487,13.442239215546,1
407,0,15.75,78,13.442239215546,13.5679524600367,1
407,0,15.75,78,13.5679524600367,13.643870691225,1
407,0,15.75,78,13.643870691225,13.6490944267794,1
407,0,15.75,78,13.6490944267794,13.8042921037963,1
407,0,15.75,78,13.8042921037963,13.8055512927731,1
407,0,15.75,78,13.8055512927731,13.8925791502216,1
407,0,15.75,78,13.8925791502216,13.9424716672091,1
407,0,15.75,78,13.9424716672091,13.9881665646632,1
407,0,15.75,78,13.9881665646632,14.0220462772533,1
407,0,15.75,78,14.0220462772533,14.0402495941515,1
407,0,15.75,78,14.0402495941515,14.1134587595137,1
407,0,15.75,78,14.1134587595137,14.1267051312982,1
407,0,15.75,78,14.1267051312982,14.1371048635515,1
407,0,15.75,78,14.1371048635515,14.1809488042133,1
407,0,15.75,78,14.1809488042133,14.5416699521028,1
407,0,15.75,78,14.5416699521028,14.6560204912417,1
407,0,15.75,78,14.6560204912417,15.077581139054,1
407,0,15.75,78,15.077581139054,15.1081800346216,1
407,0,15.75,78,15.1081800346216,15.1835326279019,1
407,0,15.75,78,15.1835326279019,15.4761884730396,1
407,0,15.75,78,15.4761884730396,15.4869665273452,1
407,0,15.75,78,15.4869665273452,15.5233116736108,1
407,0,15.75,78,15.5233116736108,15.5619335928151,1
407,0,15.75,78,15.5619335928151,15.6641867314165,1
407,0,15.75,78,15.6641867314165,15.6665280843973,1
407,0,15.75,78,15.6665280843973,15.75,0
408,0,11.75,0,0,11.75,0
409,0,11.75,3,0,0.39741197746366,1
409,0,11.75,3,0.39741197746366,1.04172971027355,1
409,0,11.75,3,1.04172971027355,4.88527891207375,1
409,0,11.75,3,4.88527891207375,11.75,0
410,0,15.75,32,0,2.45034157665286,1
410,0,15.75,32,2.45034157665286,4.01412399312563,1
410,0,15.75,32,4.01412399312563,5.31920824314231,1
410,0,15.75,32,5.31920824314231,5.76444990893171,1
410,0,15.75,32,5.76444990893171,5.7920911387757,1
410,0,15.75,32,5.7920911387757,6.93204140084763,1
410,0,15.75,32,6.93204140084763,7.29170350832591,1
410,0,15.75,32,7.29170350832591,7.34135760484159,1
410,0,15.75,32,7.34135760484159,7.84669912319844,1
410,0,15.75,32,7.84669912319844,8.22249461316666,1
410,0,15.75,32,8.22249461316666,8.83474293814937,1
410,0,15.75,32,8.83474293814937,8.92675212444361,1
410,0,15.75,32,8.92675212444361,9.75170951320864,1
410,0,15.75,32,9.75170951320864,10.3563766769558,1
410,0,15.75,32,10.3563766769558,10.3756417030824,1
410,0,15.75,32,10.3756417030824,10.8904121546878,1
410,0,15.75,32,10.8904121546878,10.9499766270233,1
410,0,15.75,32,10.9499766270233,11.3070645689131,1
410,0,15.75,32,11.3070645689131,11.3328953480611,1
410,0,15.75,32,11.3328953480611,11.5994181824243,1
410,0,15.75,32,11.5994181824243,11.6263623230277,1
410,0,15.75,32,11.6263623230277,11.6415137102851,1
410,0,15.75,32,11.6415137102851,11.6867494619398,1
410,0,15.75,32,11.6867494619398,11.8926342825805,1
410,0,15.75,32,11.8926342825805,12.2469199556811,1
410,0,15.75,32,12.2469199556811,12.7127697881706,1
410,0,15.75,32,12.7127697881706,13.1015243630012,1
410,0,15.75,32,13.1015243630012,13.3167994818485,1
410,0,15.75,32,13.3167994818485,13.5568313884254,1
410,0,15.75,32,13.5568313884254,13.9640005218854,1
410,0,15.75,32,13.9640005218854,14.1442979304242,1
410,0,15.75,32,14.1442979304242,14.3432991072145,1
410,0,15.75,32,14.3432991072145,15.75,0
411,0,10.75,1,0,1.25331333989758,1
411,0,10.75,1,1.25331333989758,10.75,0
412,0,11.75,2,0,0.00037464968231592,1
412,0,11.75,2,0.00037464968231592,1.66059848909873,1
412,0,11.75,2,1.66059848909873,11.75,0
413,0,9.75,14,0,2.18662218643611,1
413,0,9.75,14,2.18662218643611,2.46191406140112,1
413,0,9.75,14,2.46191406140112,3.35445475439598,1
413,0,9.75,14,3.35445475439598,5.16418330254428,1
413,0,9.75,14,5.16418330254428,5.22432351169618,1
413,0,9.75,14,5.22432351169618,5.50384732766786,1
413,0,9.75,14,5.50384732766786,5.61963612636214,1
413,0,9.75,14,5.61963612636214,6.34569702243751,1
413,0,9.75,14,6.34569702243751,7.46231368474611,1
413,0,9.75,14,7.46231368474611,7.92741626103004,1
413,0,9.75,14,7.92741626103004,8.21113323960472,1
413,0,9.75,14,8.21113323960472,8.33815826963924,1
413,0,9.75,14,8.33815826963924,8.91299179031766,1
413,0,9.75,14,8.91299179031766,9.59641125327318,1
413,0,9.75,14,9.59641125327318,9.75,0
414,0,15.75,2,0,8.3013782174619,1
414,0,15.75,2,8.3013782174619,12.9227486836102,1
414,0,15.75,2,12.9227486836102,15.75,0
415,0,15.75,27,0,5.90693480927924,1
415,0,15.75,27,5.90693480927924,6.78996034219795,1
415,0,15.75,27,6.78996034219795,8.13602933136945,1
415,0,15.75,27,8.13602933136945,8.28311475716089,1
415,0,15.75,27,8.28311475716089,9.15453603225032,1
415,0,15.75,27,9.15453603225032,9.3935227192659,1
415,0,15.75,27,9.3935227192659,9.88164835058972,1
415,0,15.75,27,9.88164835058972,10.6002880369443,1
415,0,15.75,27,10.6002880369443,10.6529273302149,1
415,0,15.75,27,10.6529273302149,10.7159381550285,1
415,0,15.75,27,10.7159381550285,11.2588714892023,1
415,0,15.75,27,11.2588714892023,11.3541916119648,1
415,0,15.75,27,11.3541916119648,11.8548260866327,1
415,0,15.75,27,11.8548260866327,12.3990605663245,1
415,0,15.75,27,12.3990605663245,12.5269666541605,1
415,0,15.75,27,12.5269666541605,12.5690340640747,1
415,0,15.75,27,12.5690340640747,12.7246856124921,1
415,0,15.75,27,12.7246856124921,12.7887703251621,1
415,0,15.75,27,12.7887703251621,12.9319609445776,1
415,0,15.75,27,12.9319609445776,13.2742626505391,1
415,0,15.75,27,13.2742626505391,14.6737058087324,1
415,0,15.75,27,14.6737058087324,14.9475452778344,1
415,0,15.75,27,14.9475452778344,15.1137691942438,1
415,0,15.75,27,15.1137691942438,15.1677965812471,1
415,0,15.75,27,15.1677965812471,15.2319724469409,1
415,0,15.75,27,15.2319724469409,15.2804315159521,1
415,0,15.75,27,15.2804315159521,15.5834302291501,1
415,0,15.75,27,15.5834302291501,15.75,0
416,0,10.75,8,0,4.12057799605897,1
416,0,10.75,8,4.12057799605897,5.56537976612832,1
416,0,10.75,8,5.56537976612832,7.3200220338956,1
416,0,10.75,8,7.3200220338956,7.41121396137184,1
416,0,10.75,8,7.41121396137184,9.68547463796408,1
416,0,10.75,8,9.68547463796408,9.89167088843018,1
416,0,10.75,8,9.89167088843018,9.9185390878156,1
416,0,10.75,8,9.9185390878156,10.6658352034924,1
416,0,10.75,8,10.6658352034924,10.75,0
417,0,11.75,4,0,0.00444566771063761,1
417,0,11.75,4,0.00444566771063761,3.1174604545741,1
417,0,11.75,4,3.1174604545741,5.59793792539512,1
417,0,11.75,4,5.59793792539512,8.75228554828745,1
417,0,11.75,4,8.75228554828745,11.75,0
418,0,18.75,3,0,0.185733307306679,1
418,0,18.75,3,0.185733307306679,4.0350622183025,1
418,0,18.75,3,4.0350622183025,4.94899077905453,1
418,0,18.75,3,4.94899077905453,18.75,0
419,0,16.75,2,0,4.10433111648175,1
419,0,16.75,2,4.10433111648175,13.2265664088369,1
419,0,16.75,2,13.2265664088369,16.75,0
420,0,8.75,3,0,0.00126856960293521,1
420,0,8.75,3,0.00126856960293521,4.82668306608731,1
420,0,8.75,3,4.82668306608731,4.8432217946177,1
420,0,8.75,3,4.8432217946177,8.75,0
421,0,7.75,2,0,0.356762263971432,1
421,0,7.75,2,0.356762263971432,0.769589099054218,1
421,0,7.75,2,0.769589099054218,7.75,0
422,0,13.75,25,0,3.10514270662289,1
422,0,13.75,25,3.10514270662289,5.22434562884751,1
422,0,13.75,25,5.22434562884751,6.62948939050672,1
422,0,13.75,25,6.62948939050672,6.88987910253859,1
422,0,13.75,25,6.88987910253859,7.84048052297252,1
422,0,13.75,25,7.84048052297252,7.99018552934268,1
422,0,13.75,25,7.99018552934268,8.33541420701476,1
422,0,13.75,25,8.33541420701476,8.96676984536665,1
422,0,13.75,25,8.96676984536665,9.10328271568603,1
422,0,13.75,25,9.10328271568603,10.2812762494454,1
422,0,13.75,25,10.2812762494454,10.4543285718958,1
422,0,13.75,25,10.4543285718958,10.6310252672685,1
422,0,13.75,25,10.6310252672685,11.0532742281346,1
422,0,13.75,25,11.0532742281346,11.4551977252326,1
422,0,13.75,25,11.4551977252326,11.5354493238461,1
422,0,13.75,25,11.5354493238461,11.6624078379488,1
422,0,13.75,25,11.6624078379488,11.6631520999849,1
422,0,13.75,25,11.6631520999849,11.8541074605333,1
422,0,13.75,25,11.8541074605333,12.0463535826555,1
422,0,13.75,25,12.0463535826555,12.1536468876817,1
422,0,13.75,25,12.1536468876817,12.2822067802319,1
422,0,13.75,25,12.2822067802319,12.3946702557994,1
422,0,13.75,25,12.3946702557994,12.5773259078607,1
422,0,13.75,25,12.5773259078607,13.2268139728072,1
422,0,13.75,25,13.2268139728072,13.7376971475306,1
422,0,13.75,25,13.7376971475306,13.75,0
423,0,14.75,0,0,14.75,0
424,0,12.75,2,0,2.57304357319186,1
424,0,12.75,2,2.57304357319186,3.09919863166379,1
424,0,12.75,2,3.09919863166379,12.75,0
425,0,13.75,0,0,13.75,0
426,0,12.75,6,0,3.65155427489066,1
426,0,12.75,6,3.65155427489066,7.2897518522053,1
426,0,12.75,6,7.2897518522053,9.84494216291693,1
426,0,12.75,6,9.84494216291693,11.0417699171342,1
426,0,12.75,6,11.0417699171342,11.2315633399869,1
426,0,12.75,6,11.2315633399869,12.7107011651087,1
426,0,12.75,6,12.7107011651087,12.75,0
427,0,13.75,0,0,13.75,0
428,0,11.75,17,0,4.90192148914328,1
428,0,11.75,17,4.90192148914328,5.46477254397561,1
428,0,11.75,17,5.46477254397561,6.43736923402652,1
428,0,11.75,17,6.43736923402652,6.61888714011444,1
428,0,11.75,17,6.61888714011444,8.81091354210894,1
428,0,11.75,17,8.81091354210894,9.01871020750825,1
428,0,11.75,17,9.01871020750825,9.05800432089869,1
428,0,11.75,17,9.05800432089869,9.11553931213625,1
428,0,11.75,17,9.11553931213625,9.13988141700505,1
428,0,11.75,17,9.13988141700505,10.4384125542952,1
428,0,11.75,17,10.4384125542952,10.5616942863243,1
428,0,11.75,17,10.5616942863243,10.7396203034099,1
428,0,11.75,17,10.7396203034099,10.7912597475454,1
428,0,11.75,17,10.7912597475454,10.8169068572273,1
428,0,11.75,17,10.8169068572273,10.8533988158277,1
428,0,11.75,17,10.8533988158277,11.0048441238667,1
428,0,11.75,17,11.0048441238667,11.6603089886297,1
428,0,11.75,17,11.6603089886297,11.75,0
429,0,11.75,0,0,11.75,0
430,0,10.75,2,0,0.0106301557544935,1
430,0,10.75,2,0.0106301557544935,2.90121370360531,1
430,0,10.75,2,2.90121370360531,10.75,0
431,0,12.75,0,0,12.75,0
432,0,17.75,31,0,4.84599410957805,1
432,0,17.75,31,4.84599410957805,5.12931761071363,1
432,0,17.75,31,5.12931761071363,5.40326903805917,1
432,0,17.75,31,5.40326903805917,6.03449928153623,1
432,0,17.75,31,6.03449928153623,6.74082165209972,1
432,0,17.75,31,6.74082165209972,7.45626278544265,1
432,0,17.75,31,7.45626278544265,7.62066699083357,1
432,0,17.75,31,7.62066699083357,8.19408269488557,1
432,0,17.75,31,8.19408269488557,8.24594112532757,1
432,0,17.75,31,8.24594112532757,8.46391646885693,1
432,0,17.75,31,8.46391646885693,8.50416102730325,1
432,0,17.75,31,8.50416102730325,9.63055075560416,1
432,0,17.75,31,9.63055075560416,10.9843723590655,1
432,0,17.75,31,10.9843723590655,12.0848387676809,1
432,0,17.75,31,12.0848387676809,12.7649400584359,1
432,0,17.75,31,12.7649400584359,12.9369240411384,1
432,0,17.75,31,12.9369240411384,13.3028430154871,1
432,0,17.75,31,13.3028430154871,14.0936093700989,1
432,0,17.75,31,14.0936093700989,14.3240881980391,1
432,0,17.75,31,14.3240881980391,14.6746470246143,1
432,0,17.75,31,14.6746470246143,14.933959562577,1
432,0,17.75,31,14.933959562577,15.3157239896836,1
432,0,17.75,31,15.3157239896836,15.3873217963201,1
432,0,17.75,31,15.3873217963201,16.0900569167511,1
432,0,17.75,31,16.0900569167511,16.413079214425,1
432,0,17.75,31,16.413079214425,16.5702117080868,1
432,0,17.75,31,16.5702117080868,16.6134282139141,1
432,0,17.75,31,16.6134282139141,16.8523013826243,1
432,0,17.75,31,16.8523013826243,16.9976411570877,1
432,0,17.75,31,16.9976411570877,17.5147077322114,1
432,0,17.75,31,17.5147077322114,17.6631558492048,1
432,0,17.75,31,17.6631558492048,17.75,0
433,0,8.75,1,0,0.708189737874674,1
433,0,8.75,1,0.708189737874674,8.75,0
434,0,17.75,62,0,3.17291396380764,1
434,0,17.75,62,3.17291396380764,3.42432262347118,1
434,0,17.75,62,3.42432262347118,3.60262697747603,1
434,0,17.75,62,3.60262697747603,3.82236034566159,1
434,0,17.75,62,3.82236034566159,4.51097719153517,1
434,0,17.75,62,4.51097719153517,6.29664390339865,1
434,0,17.75,62,6.29664390339865,6.73509037719496,1
434,0,17.75,62,6.73509037719496,7.76600083311396,1
434,0,17.75,62,7.76600083311396,7.83188108181045,1
434,0,17.75,62,7.83188108181045,8.11618987753231,1
434,0,17.75,62,8.11618987753231,9.29372854087529,1
434,0,17.75,62,9.29372854087529,9.51119896308582,1
434,0,17.75,62,9.51119896308582,10.2296851519866,1
434,0,17.75,62,10.2296851519866,10.3092531362922,1
434,0,17.75,62,10.3092531362922,10.4071797406029,1
434,0,17.75,62,10.4071797406029,10.9154489749084,1
434,0,17.75,62,10.9154489749084,11.5118664408626,1
434,0,17.75,62,11.5118664408626,11.5440200848752,1
434,0,17.75,62,11.5440200848752,11.9006377083285,1
434,0,17.75,62,11.9006377083285,11.9545747119894,1
434,0,17.75,62,11.9545747119894,12.0696417704955,1
434,0,17.75,62,12.0696417704955,12.0910950106529,1
434,0,17.75,62,12.0910950106529,12.1757692261069,1
434,0,17.75,62,12.1757692261069,12.2238076586455,1
434,0,17.75,62,12.2238076586455,12.5686761620508,1
434,0,17.75,62,12.5686761620508,12.9451575244553,1
434,0,17.75,62,12.9451575244553,12.9681604508678,1
434,0,17.75,62,12.9681604508678,13.1048633278968,1
434,0,17.75,62,13.1048633278968,13.2861212219945,1
434,0,17.75,62,13.2861212219945,13.5501603871365,1
434,0,17.75,62,13.5501603871365,13.555854028196,1
434,0,17.75,62,13.555854028196,13.617211691114,1
434,0,17.75,62,13.617211691114,13.8403306542508,1
434,0,17.75,62,13.8403306542508,14.12102061617,1
434,0,17.75,62,14.12102061617,14.2315488576457,1
434,0,17.75,62,14.2315488576457,14.9032860947234,1
434,0,17.75,62,14.9032860947234,14.9242460936465,1
434,0,17.75,62,14.9242460936465,14.9483038053868,1
434,0,17.75,62,14.9483038053868,14.9882996070331,1
434,0,17.75,62,14.9882996070331,15.0069216580724,1
434,0,17.75,62,15.0069216580724,15.0431378319188,1
434,0,17.75,62,15.0431378319188,15.140799360404,1
434,0,17.75,62,15.140799360404,15.1585373266431,1
434,0,17.75,62,15.1585373266431,15.4505011447039,1
434,0,17.75,62,15.4505011447039,15.6252800534369,1
434,0,17.75,62,15.6252800534369,15.6534092309035,1
434,0,17.75,62,15.6534092309035,15.9667299692885,1
434,0,17.75,62,15.9667299692885,16.1917101996291,1
434,0,17.75,62,16.1917101996291,16.2296577988125,1
434,0,17.75,62,16.2296577988125,16.2667727521647,1
434,0,17.75,62,16.2667727521647,16.2894294584644,1
434,0,17.75,62,16.2894294584644,16.4399285846999,1
434,0,17.75,62,16.4399285846999,16.5219997389903,1
434,0,17.75,62,16.5219997389903,16.5402955272686,1
434,0,17.75,62,16.5402955272686,16.6122002868382,1
434,0,17.75,62,16.6122002868382,16.7929607804092,1
434,0,17.75,62,16.7929607804092,17.1199178600359,1
434,0,17.75,62,17.1199178600359,17.2620686382353,1
434,0,17.75,62,17.2620686382353,17.3651338972122,1
434,0,17.75,62,17.3651338972122,17.3772885781702,1
434,0,17.75,62,17.3772885781702,17.3896660276154,1
434,0,17.75,62,17.3896660276154,17.4091269221274,1
434,0,17.75,62,17.4091269221274,17.75,0
435,0,8.75,4,0,4.67932356989536,1
435,0,8.75,4,4.67932356989536,5.40834125597406,1
435,0,8.75,4,5.40834125597406,7.96825243226361,1
435,0,8.75,4,7.96825243226361,8.30017111172109,1
435,0,8.75,4,8.30017111172109,8.75,0
436,0,8.75,4,0,0.309280751904977,1
436,0,8.75,4,0.309280751904977,0.993612521985792,1
436,0,8.75,4,0.993612521985792,1.64321782129517,1
436,0,8.75,4,1.64321782129517,3.88132580085157,1
436,0,8.75,4,3.88132580085157,8.75,0
437,0,10.75,15,0,2.47103503156082,1
437,0,10.75,15,2.47103503156082,3.877772417951,1
437,0,10.75,15,3.877772417951,4.46659547334173,1
437,0,10.75,15,4.46659547334173,6.86893170522593,1
437,0,10.75,15,6.86893170522593,7.29873086963559,1
437,0,10.75,15,7.29873086963559,7.49803015142584,1
437,0,10.75,15,7.49803015142584,8.07955585407264,1
437,0,10.75,15,8.07955585407264,8.95590918023847,1
437,0,10.75,15,8.95590918023847,9.47972376055817,1
437,0,10.75,15,9.47972376055817,9.85840634535042,1
437,0,10.75,15,9.85840634535042,9.98602797740862,1
437,0,10.75,15,9.98602797740862,10.1164747587114,1
437,0,10.75,15,10.1164747587114,10.2635958275979,1
437,0,10.75,15,10.2635958275979,10.3446973050211,1
437,0,10.75,15,10.3446973050211,10.4436685320709,1
437,0,10.75,15,10.4436685320709,10.75,0
438,0,14.75,3,0,2.10655064715887,1
438,0,14.75,3,2.10655064715887,8.400955648657,1
438,0,14.75,3,8.400955648657,12.2595448925799,1
438,0,14.75,3,12.2595448925799,14.75,0
439,0,14.75,22,0,4.4092546000554,1
439,0,14.75,22,4.4092546000554,5.36917062061439,1
439,0,14.75,22,5.36917062061439,5.634127833048,1
439,0,14.75,22,5.634127833048,5.91705618940818,1
439,0,14.75,22,5.91705618940818,6.6253806642095,1
439,0,14.75,22,6.6253806642095,7.70286014379965,1
439,0,14.75,22,7.70286014379965,8.01783919860766,1
439,0,14.75,22,8.01783919860766,8.49302888999273,1
439,0,14.75,22,8.49302888999273,8.58459204660086,1
439,0,14.75,22,8.58459204660086,8.77013832542949,1
439,0,14.75,22,8.77013832542949,9.85083151710402,1
439,0,14.75,22,9.85083151710402,10.1559220622206,1
439,0,14.75,22,10.1559220622206,10.4226611680328,1
439,0,14.75,22,10.4226611680328,10.6089439762417,1
439,0,14.75,22,10.6089439762417,10.8342282454523,1
439,0,14.75,22,10.8342282454523,12.3304867073444,1
439,0,14.75,22,12.3304867073444,12.9065066905957,1
439,0,14.75,22,12.9065066905957,13.2701194072205,1
439,0,14.75,22,13.2701194072205,13.4907498643465,1
439,0,14.75,22,13.4907498643465,13.5548106290798,1
439,0,14.75,22,13.5548106290798,13.9726506002083,1
439,0,14.75,22,13.9726506002083,14.2585813548752,1
439,0,14.75,22,14.2585813548752,14.75,0
440,0,13.75,1,0,13.4841998040876,1
440,0,13.75,1,13.4841998040876,13.75,0
441,0,12.75,0,0,12.75,0
442,0,10.75,2,0,0.875513442463907,1
442,0,10.75,2,0.875513442463907,2.14158836956549,1
442,0,10.75,2,2.14158836956549,10.75,0
443,0,9.75,2,0,0.0494551078261597,1
443,0,9.75,2,0.0494551078261597,9.24553649734711,1
443,0,9.75,2,9.24553649734711,9.75,0
444,0,15.75,1,0,11.7884304433529,1
444,0,15.75,1,11.7884304433529,15.75,0
445,0,11.75,1,0,7.30032768863558,1
445,0,11.75,1,7.30032768863558,11.75,0
446,0,11.75,2,0,4.12004661566919,1
446,0,11.75,2,4.12004661566919,9.92462578689295,1
446,0,11.75,2,9.92462578689295,11.75,0
447,0,7.75,6,0,3.31300875129254,1
447,0,7.75,6,3.31300875129254,3.73592695034663,1
447,0,7.75,6,3.73592695034663,4.13255896031224,1
447,0,7.75,6,4.13255896031224,5.91877524403111,1
447,0,7.75,6,5.91877524403111,7.53796550421744,1
447,0,7.75,6,7.53796550421744,7.58724366101128,1
447,0,7.75,6,7.58724366101128,7.75,0
448,0,9.75,14,0,2.06340575290309,1
448,0,9.75,14,2.06340575290309,2.81640195457261,1
448,0,9.75,14,2.81640195457261,3.20413800496982,1
448,0,9.75,14,3.20413800496982,3.89674469396766,1
448,0,9.75,14,3.89674469396766,5.14909485569086,1
448,0,9.75,14,5.14909485569086,6.46091042883081,1
448,0,9.75,14,6.46091042883081,6.48651663815667,1
448,0,9.75,14,6.48651663815667,8.32318306234514,1
448,0,9.75,14,8.32318306234514,8.41426813033273,1
448,0,9.75,14,8.41426813033273,8.60267829452486,1
448,0,9.75,14,8.60267829452486,8.71601219330377,1
448,0,9.75,14,8.71601219330377,9.221229130545,1
448,0,9.75,14,9.221229130545,9.23439129982911,1
448,0,9.75,14,9.23439129982911,9.57730285039505,1
448,0,9.75,14,9.57730285039505,9.75,0
449,0,15.75,43,0,1.22422981322255,1
449,0,15.75,43,1.22422981322255,2.3268085977319,1
449,0,15.75,43,2.3268085977319,3.6957696256848,1
449,0,15.75,43,3.6957696256848,4.50641775988511,1
449,0,15.75,43,4.50641775988511,4.71102616884848,1
449,0,15.75,43,4.71102616884848,5.03291474862029,1
449,0,15.75,43,5.03291474862029,5.41740702825521,1
449,0,15.75,43,5.41740702825521,5.97876015067542,1
449,0,15.75,43,5.97876015067542,6.0967807526779,1
449,0,15.75,43,6.0967807526779,7.39023610391574,1
449,0,15.75,43,7.39023610391574,7.94857349042895,1
449,0,15.75,43,7.94857349042895,8.06701221984565,1
449,0,15.75,43,8.06701221984565,8.38634846248063,1
449,0,15.75,43,8.38634846248063,9.38352238091582,1
449,0,15.75,43,9.38352238091582,9.38939510905667,1
449,0,15.75,43,9.38939510905667,9.39662144967077,1
449,0,15.75,43,9.39662144967077,9.95161522008638,1
449,0,15.75,43,9.95161522008638,10.4552305627829,1
449,0,15.75,43,10.4552305627829,10.5417059792989,1
449,0,15.75,43,10.5417059792989,10.687326846056,1
449,0,15.75,43,10.687326846056,11.2298400640325,1
449,0,15.75,43,11.2298400640325,11.4038441758438,1
449,0,15.75,43,11.4038441758438,11.4691021888242,1
449,0,15.75,43,11.4691021888242,11.5843130383004,1
449,0,15.75,43,11.5843130383004,11.9239826934454,1
449,0,15.75,43,11.9239826934454,11.9878514875225,1
449,0,15.75,43,11.9878514875225,12.0420918794603,1
449,0,15.75,43,12.0420918794603,12.4505698529858,1
449,0,15.75,43,12.4505698529858,13.5021498802075,1
449,0,15.75,43,13.5021498802075,14.2802157736987,1
449,0,15.75,43,14.2802157736987,14.2963999892293,1
449,0,15.75,43,14.2963999892293,14.4653813616203,1
449,0,15.75,43,14.4653813616203,14.6473539254655,1
449,0,15.75,43,14.6473539254655,14.7065683227328,1
449,0,15.75,43,14.7065683227328,14.9303521449346,1
449,0,15.75,43,14.9303521449346,15.0453586243525,1
449,0,15.75,43,15.0453586243525,15.0767291122599,1
449,0,15.75,43,15.0767291122599,15.162620918114,1
449,0,15.75,43,15.162620918114,15.2416034766721,1
449,0,15.75,43,15.2416034766721,15.2947318480693,1
449,0,15.75,43,15.2947318480693,15.3803374624743,1
449,0,15.75,43,15.3803374624743,15.4982661406242,1
449,0,15.75,43,15.4982661406242,15.6119127691326,1
449,0,15.75,43,15.6119127691326,15.75,0
450,0,10.75,1,0,2.14913954558698,1
450,0,10.75,1,2.14913954558698,10.75,0
451,0,13.75,35,0,5.14166260349808,1
451,0,13.75,35,5.14166260349808,5.39778958018396,1
451,0,13.75,35,5.39778958018396,5.64095276671884,1
451,0,13.75,35,5.64095276671884,6.07454786517231,1
451,0,13.75,35,6.07454786517231,6.88053893132916,1
451,0,13.75,35,6.88053893132916,6.93842624841822,1
451,0,13.75,35,6.93842624841822,8.25956376956886,1
451,0,13.75,35,8.25956376956886,8.29503962597102,1
451,0,13.75,35,8.29503962597102,8.46411239624612,1
451,0,13.75,35,8.46411239624612,8.99180642723934,1
451,0,13.75,35,8.99180642723934,9.54807999429528,1
451,0,13.75,35,9.54807999429528,10.5203321654244,1
451,0,13.75,35,10.5203321654244,10.6185348303026,1
451,0,13.75,35,10.6185348303026,10.6247752891168,1
451,0,13.75,35,10.6247752891168,10.725749556736,1
451,0,13.75,35,10.725749556736,10.9705543230921,1
451,0,13.75,35,10.9705543230921,11.2951636189407,1
451,0,13.75,35,11.2951636189407,11.4028257946524,1
451,0,13.75,35,11.4028257946524,11.478628829317,1
451,0,13.75,35,11.478628829317,11.6960674543625,1
451,0,13.75,35,11.6960674543625,12.0019981312373,1
451,0,13.75,35,12.0019981312373,12.1382988606443,1
451,0,13.75,35,12.1382988606443,12.1818302395137,1
451,0,13.75,35,12.1818302395137,12.5542452956122,1
451,0,13.75,35,12.5542452956122,12.8497051840903,1
451,0,13.75,35,12.8497051840903,12.9434859727517,1
451,0,13.75,35,12.9434859727517,12.944697949794,1
451,0,13.75,35,12.944697949794,13.0290368414333,1
451,0,13.75,35,13.0290368414333,13.1813622156297,1
451,0,13.75,35,13.1813622156297,13.1943546106104,1
451,0,13.75,35,13.1943546106104,13.2864033930461,1
451,0,13.75,35,13.2864033930461,13.3680840921568,1
451,0,13.75,35,13.3680840921568,13.4217665003623,1
451,0,13.75,35,13.4217665003623,13.6394895239728,1
451,0,13.75,35,13.6394895239728,13.6447200537169,1
451,0,13.75,35,13.6447200537169,13.75,0
452,0,15.75,52,0,0.720978364866934,1
452,0,15.75,52,0.720978364866934,2.28487532180187,1
452,0,15.75,52,2.28487532180187,3.28870544011187,1
452,0,15.75,52,3.28870544011187,5.107181027546,1
452,0,15.75,52,5.107181027546,5.90498613345713,1
452,0,15.75,52,5.90498613345713,5.91106569179473,1
452,0,15.75,52,5.91106569179473,6.45640260473599,1
452,0,15.75,52,6.45640260473599,6.46804189646248,1
452,0,15.75,52,6.46804189646248,6.94484844389721,1
452,0,15.75,52,6.94484844389721,7.11189547135512,1
452,0,15.75,52,7.11189547135512,7.11444986393625,1
452,0,15.75,52,7.11444986393625,7.27414177445068,1
452,0,15.75,52,7.27414177445068,7.38964326144869,1
452,0,15.75,52,7.38964326144869,7.61095823055217,1
452,0,15.75,52,7.61095823055217,7.90997883824551,1
452,0,15.75,52,7.90997883824551,8.69986533689467,1
452,0,15.75,52,8.69986533689467,9.23466773251676,1
452,0,15.75,52,9.23466773251676,9.47437028038273,1
452,0,15.75,52,9.47437028038273,9.70680727351724,1
452,0,15.75,52,9.70680727351724,9.94395313169746,1
452,0,15.75,52,9.94395313169746,10.350055017694,1
452,0,15.75,52,10.350055017694,10.3584243541184,1
452,0,15.75,52,10.3584243541184,10.3640393092125,1
452,0,15.75,52,10.3640393092125,10.7569939269364,1
452,0,15.75,52,10.7569939269364,11.2736943592739,1
452,0,15.75,52,11.2736943592739,12.1895698173764,1
452,0,15.75,52,12.1895698173764,12.2263465575449,1
452,0,15.75,52,12.2263465575449,12.296503602469,1
452,0,15.75,52,12.296503602469,12.4565158457266,1
452,0,15.75,52,12.4565158457266,12.5099474770659,1
452,0,15.75,52,12.5099474770659,12.6740612918188,1
452,0,15.75,52,12.6740612918188,13.0401198191361,1
452,0,15.75,52,13.0401198191361,13.1220737135152,1
452,0,15.75,52,13.1220737135152,13.211324014781,1
452,0,15.75,52,13.211324014781,13.3053659682047,1
452,0,15.75,52,13.3053659682047,13.595470087552,1
452,0,15.75,52,13.595470087552,13.6222649903948,1
452,0,15.75,52,13.6222649903948,13.6241923001225,1
452,0,15.75,52,13.6241923001225,13.6894486737017,1
452,0,15.75,52,13.6894486737017,13.8109392396371,1
452,0,15.75,52,13.8109392396371,13.8182348613027,1
452,0,15.75,52,13.8182348613027,14.0874670800119,1
452,0,15.75,52,14.0874670800119,14.148498423907,1
452,0,15.75,52,14.148498423907,14.1932664496316,1
452,0,15.75,52,14.1932664496316,14.2040431941547,1
452,0,15.75,52,14.2040431941547,14.3102068658082,1
452,0,15.75,52,14.3102068658082,14.7668162341421,1
452,0,15.75,52,14.7668162341421,15.0575953433718,1
452,0,15.75,52,15.0575953433718,15.3189753838176,1
452,0,15.75,52,15.3189753838176,15.3759154974792,1
452,0,15.75,52,15.3759154974792,15.4997829938334,1
452,0,15.75,52,15.4997829938334,15.5434466018811,1
452,0,15.75,52,15.5434466018811,15.75,0
453,0,13.75,3,0,0.0464368302981353,1
453,0,13.75,3,0.0464368302981353,3.66359354742815,1
453,0,13.75,3,3.66359354742815,5.56330120439011,1
453,0,13.75,3,5.56330120439011,13.75,0
454,0,9.75,4,0,0.0357342250063062,1
454,0,9.75,4,0.0357342250063062,0.083063419277162,1
454,0,9.75,4,0.083063419277162,0.184566888588863,1
454,0,9.75,4,0.184566888588863,6.6596072269247,1
454,0,9.75,4,6.6596072269247,9.75,0
455,0,13.75,0,0,13.75,0
456,0,14.75,25,0,3.4238869783957,1
456,0,14.75,25,3.4238869783957,3.72508052648332,1
456,0,14.75,25,3.72508052648332,6.10986630873103,1
456,0,14.75,25,6.10986630873103,6.11518235621705,1
456,0,14.75,25,6.11518235621705,6.18917380157005,1
456,0,14.75,25,6.18917380157005,7.7608332364534,1
456,0,14.75,25,7.7608332364534,7.79738305106812,1
456,0,14.75,25,7.79738305106812,8.13568674445794,1
456,0,14.75,25,8.13568674445794,8.22777665002022,1
456,0,14.75,25,8.22777665002022,8.55889414082147,1
456,0,14.75,25,8.55889414082147,8.85804839775401,1
456,0,14.75,25,8.85804839775401,10.4648520423182,1
456,0,14.75,25,10.4648520423182,10.7585050348016,1
456,0,14.75,25,10.7585050348016,11.2670421113777,1
456,0,14.75,25,11.2670421113777,11.7957698740121,1
456,0,14.75,25,11.7957698740121,12.08005643043,1
456,0,14.75,25,12.08005643043,12.2415837615747,1
456,0,14.75,25,12.2415837615747,12.5709536871496,1
456,0,14.75,25,12.5709536871496,12.9368448742316,1
456,0,14.75,25,12.9368448742316,13.0838569291574,1
456,0,14.75,25,13.0838569291574,13.2483866437074,1
456,0,14.75,25,13.2483866437074,13.3424232897836,1
456,0,14.75,25,13.3424232897836,13.8936044760866,1
456,0,14.75,25,13.8936044760866,14.2091091730914,1
456,0,14.75,25,14.2091091730914,14.3954678506321,1
456,0,14.75,25,14.3954678506321,14.75,0
457,0,17.75,6,0,1.19311125198297,1
457,0,17.75,6,1.19311125198297,6.99772674238851,1
457,0,17.75,6,6.99772674238851,9.8248699226942,1
457,0,17.75,6,9.8248699226942,13.1867475902881,1
457,0,17.75,6,13.1867475902881,15.0026887435095,1
457,0,17.75,6,15.0026887435095,16.2779237425636,1
457,0,17.75,6,16.2779237425636,17.75,0
458,0,9.75,9,0,4.08214188262407,1
458,0,9.75,9,4.08214188262407,5.21965180567323,1
458,0,9.75,9,5.21965180567323,6.04825461148492,1
458,0,9.75,9,6.04825461148492,6.33779082521801,1
458,0,9.75,9,6.33779082521801,6.77825275071475,1
458,0,9.75,9,6.77825275071475,7.26860374620374,1
458,0,9.75,9,7.26860374620374,7.45054353229616,1
458,0,9.75,9,7.45054353229616,7.79909443871676,1
458,0,9.75,9,7.79909443871676,8.26781362063633,1
458,0,9.75,9,8.26781362063633,9.75,0
459,0,11.75,11,0,3.20335826185771,1
459,0,11.75,11,3.20335826185771,5.16110488623114,1
459,0,11.75,11,5.16110488623114,5.27330660135279,1
459,0,11.75,11,5.27330660135279,6.62482531227748,1
459,0,11.75,11,6.62482531227748,6.6316403601114,1
459,0,11.75,11,6.6316403601114,7.17750857533792,1
459,0,11.75,11,7.17750857533792,7.46917375591228,1
459,0,11.75,11,7.46917375591228,10.2190487365837,1
459,0,11.75,11,10.2190487365837,10.2412747493446,1
459,0,11.75,11,10.2412747493446,10.6394631239354,1
459,0,11.75,11,10.6394631239354,11.4628030720018,1
459,0,11.75,11,11.4628030720018,11.75,0
460,0,12.75,25,0,5.68507117816602,1
460,0,12.75,25,5.68507117816602,5.99694911532741,1
460,0,12.75,25,5.99694911532741,6.85774900557294,1
460,0,12.75,25,6.85774900557294,7.42494018856534,1
460,0,12.75,25,7.42494018856534,8.31156037151612,1
460,0,12.75,25,8.31156037151612,8.39481029507152,1
460,0,12.75,25,8.39481029507152,8.41584938468566,1
460,0,12.75,25,8.41584938468566,9.12839809420406,1
460,0,12.75,25,9.12839809420406,9.41250568373466,1
460,0,12.75,25,9.41250568373466,9.46956954535492,1
460,0,12.75,25,9.46956954535492,9.52146373727686,1
460,0,12.75,25,9.52146373727686,9.57956035012293,1
460,0,12.75,25,9.57956035012293,9.70544988847695,1
460,0,12.75,25,9.70544988847695,10.6145647629849,1
460,0,12.75,25,10.6145647629849,10.9007046254285,1
460,0,12.75,25,10.9007046254285,10.9767665012302,1
460,0,12.75,25,10.9767665012302,11.2095858929682,1
460,0,12.75,25,11.2095858929682,11.4495784931338,1
460,0,12.75,25,11.4495784931338,11.5795116584519,1
460,0,12.75,25,11.5795116584519,11.648467592608,1
460,0,12.75,25,11.648467592608,12.0014815953115,1
460,0,12.75,25,12.0014815953115,12.2028041163437,1
460,0,12.75,25,12.2028041163437,12.3686713918886,1
460,0,12.75,25,12.3686713918886,12.3837953218218,1
460,0,12.75,25,12.3837953218218,12.7410390971771,1
460,0,12.75,25,12.7410390971771,12.75,0
461,0,13.75,1,0,0.194386652349575,1
461,0,13.75,1,0.194386652349575,13.75,0
462,0,12.75,17,0,4.11282958385056,1
462,0,12.75,17,4.11282958385056,4.18430389920641,1
462,0,12.75,17,4.18430389920641,5.29912747165326,1
462,0,12.75,17,5.29912747165326,6.31919164283708,1
462,0,12.75,17,6.31919164283708,6.74406262868517,1
462,0,12.75,17,6.74406262868517,6.83104543514191,1
462,0,12.75,17,6.83104543514191,7.33714763943554,1
462,0,12.75,17,7.33714763943554,7.51225736064143,1
462,0,12.75,17,7.51225736064143,8.71528887426589,1
462,0,12.75,17,8.71528887426589,9.76227223378837,1
462,0,12.75,17,9.76227223378837,10.0155756298978,1
462,0,12.75,17,10.0155756298978,10.8724930769495,1
462,0,12.75,17,10.8724930769495,11.3079820463501,1
462,0,12.75,17,11.3079820463501,11.6175059646436,1
462,0,12.75,17,11.6175059646436,11.988867851841,1
462,0,12.75,17,11.988867851841,12.5679497093225,1
462,0,12.75,17,12.5679497093225,12.6350832779917,1
462,0,12.75,17,12.6350832779917,12.75,0
463,0,10.75,0,0,10.75,0
464,0,17.75,1,0,3.9053575889367,1
464,0,17.75,1,3.9053575889367,17.75,0
465,0,11.75,0,0,11.75,0
466,0,12.75,2,0,1.36324175216085,1
466,0,12.75,2,1.36324175216085,6.20971711207718,1
466,0,12.75,2,6.20971711207718,12.75,0
467,0,12.75,11,0,1.47610330694153,1
467,0,12.75,11,1.47610330694153,7.28361745227461,1
467,0,12.75,11,7.28361745227461,9.56993492585095,1
467,0,12.75,11,9.56993492585095,10.0413668147584,1
467,0,12.75,11,10.0413668147584,10.8271097097978,1
467,0,12.75,11,10.8271097097978,10.9595722047814,1
467,0,12.75,11,10.9595722047814,11.0212367672552,1
467,0,12.75,11,11.0212367672552,11.3594165730414,1
467,0,12.75,11,11.3594165730414,11.6142269747817,1
467,0,12.75,11,11.6142269747817,12.2354202383928,1
467,0,12.75,11,12.2354202383928,12.4424475157448,1
467,0,12.75,11,12.4424475157448,12.75,0
468,0,11.75,0,0,11.75,0
469,0,9.75,1,0,1.67451344656116,1
469,0,9.75,1,1.67451344656116,9.75,0
470,0,20.75,0,0,20.75,0
471,0,16.75,1,0,14.6262385486062,1
471,0,16.75,1,14.6262385486062,16.75,0
472,0,11.75,9,0,0.00113890975935626,1
472,0,11.75,9,0.00113890975935626,0.0117433103807736,1
472,0,11.75,9,0.0117433103807736,0.749895481301902,1
472,0,11.75,9,0.749895481301902,1.01581198380765,1
472,0,11.75,9,1.01581198380765,1.31968991331734,1
472,0,11.75,9,1.31968991331734,2.4784399574193,1
472,0,11.75,9,2.4784399574193,2.84728962699538,1
472,0,11.75,9,2.84728962699538,3.15086423194277,1
472,0,11.75,9,3.15086423194277,7.60685827920153,1
472,0,11.75,9,7.60685827920153,11.75,0
473,0,11.75,3,0,2.82876262590226,1
473,0,11.75,3,2.82876262590226,7.33387585476486,1
473,0,11.75,3,7.33387585476486,10.0820965623229,1
473,0,11.75,3,10.0820965623229,11.75,0
474,0,12.75,16,0,2.59230200664918,1
474,0,12.75,16,2.59230200664918,2.69515285739139,1
474,0,12.75,16,2.69515285739139,2.99733098122147,1
474,0,12.75,16,2.99733098122147,3.24593241699844,1
474,0,12.75,16,3.24593241699844,6.13451984954392,1
474,0,12.75,16,6.13451984954392,6.71062356723146,1
474,0,12.75,16,6.71062356723146,6.89850345739958,1
474,0,12.75,16,6.89850345739958,7.69275105660689,1
474,0,12.75,16,7.69275105660689,7.74256221615335,1
474,0,12.75,16,7.74256221615335,8.61545517477911,1
474,0,12.75,16,8.61545517477911,9.08994788861514,1
474,0,12.75,16,9.08994788861514,9.21604342398009,1
474,0,12.75,16,9.21604342398009,11.0259251223512,1
474,0,12.75,16,11.0259251223512,11.3419562206909,1
474,0,12.75,16,11.3419562206909,12.2845564594187,1
474,0,12.75,16,12.2845564594187,12.4628256752269,1
474,0,12.75,16,12.4628256752269,12.75,0
475,0,20.75,1,0,0.000966106719522936,1
475,0,20.75,1,0.000966106719522936,20.75,0
476,0,7.75,0,0,7.75,0
477,0,15.75,21,0,5.41866193040291,1
477,0,15.75,21,5.41866193040291,6.36191308200582,1
477,0,15.75,21,6.36191308200582,7.11203030942568,1
477,0,15.75,21,7.11203030942568,7.81437349437804,1
477,0,15.75,21,7.81437349437804,8.7017210729334,1
477,0,15.75,21,8.7017210729334,9.28637965898884,1
477,0,15.75,21,9.28637965898884,9.60963392898458,1
477,0,15.75,21,9.60963392898458,9.68674977365516,1
477,0,15.75,21,9.68674977365516,9.7674128191759,1
477,0,15.75,21,9.7674128191759,9.77269086147797,1
477,0,15.75,21,9.77269086147797,11.1957910641264,1
477,0,15.75,21,11.1957910641264,11.6543368753902,1
477,0,15.75,21,11.6543368753902,12.8086036140011,1
477,0,15.75,21,12.8086036140011,13.2949913458511,1
477,0,15.75,21,13.2949913458511,13.3050455607128,1
477,0,15.75,21,13.3050455607128,13.425262653084,1
477,0,15.75,21,13.425262653084,14.1513836663776,1
477,0,15.75,21,14.1513836663776,14.3782150621426,1
477,0,15.75,21,14.3782150621426,14.408122557001,1
477,0,15.75,21,14.408122557001,14.4476282515645,1
477,0,15.75,21,14.4476282515645,14.602988326663,1
477,0,15.75,21,14.602988326663,15.75,0
478,0,14.75,0,0,14.75,0
479,0,10.75,1,0,1.85186506350867,1
479,0,10.75,1,1.85186506350867,10.75,0
480,0,11.75,3,0,0.089130516413568,1
480,0,11.75,3,0.089130516413568,4.17430611348741,1
480,0,11.75,3,4.17430611348741,5.78205597889206,1
480,0,11.75,3,5.78205597889206,11.75,0
481,0,19.75,127,0,2.92274562568582,1
481,0,19.75,127,2.92274562568582,2.97674080765015,1
481,0,19.75,127,2.97674080765015,4.4019406715322,1
481,0,19.75,127,4.4019406715322,4.61759462665009,1
481,0,19.75,127,4.61759462665009,4.70703636736739,1
481,0,19.75,127,4.70703636736739,4.91035041307318,1
481,0,19.75,127,4.91035041307318,5.14954522437288,1
481,0,19.75,127,5.14954522437288,5.39477572859976,1
481,0,19.75,127,5.39477572859976,5.58465912658234,1
481,0,19.75,127,5.58465912658234,5.74946409453818,1
481,0,19.75,127,5.74946409453818,6.76603402550219,1
481,0,19.75,127,6.76603402550219,7.19200450559565,1
481,0,19.75,127,7.19200450559565,7.29924850549801,1
481,0,19.75,127,7.29924850549801,7.70287433443492,1
481,0,19.75,127,7.70287433443492,7.78083738410459,1
481,0,19.75,127,7.78083738410459,7.85125871304997,1
481,0,19.75,127,7.85125871304997,8.34640600281194,1
481,0,19.75,127,8.34640600281194,8.72561664665885,1
481,0,19.75,127,8.72561664665885,9.10531978916506,1
481,0,19.75,127,9.10531978916506,9.14331840766147,1
481,0,19.75,127,9.14331840766147,9.7808014046366,1
481,0,19.75,127,9.7808014046366,10.1607119615761,1
481,0,19.75,127,10.1607119615761,10.2443097076978,1
481,0,19.75,127,10.2443097076978,10.5205384206951,1
481,0,19.75,127,10.5205384206951,10.8226807775447,1
481,0,19.75,127,10.8226807775447,11.0392151482285,1
481,0,19.75,127,11.0392151482285,11.1866694038378,1
481,0,19.75,127,11.1866694038378,11.217635712985,1
481,0,19.75,127,11.217635712985,11.5308708276461,1
481,0,19.75,127,11.5308708276461,11.5789170214734,1
481,0,19.75,127,11.5789170214734,11.6819041805718,1
481,0,19.75,127,11.6819041805718,11.7645693179546,1
481,0,19.75,127,11.7645693179546,11.7713563200587,1
481,0,19.75,127,11.7713563200587,11.9136156576451,1
481,0,19.75,127,11.9136156576451,12.1351776073209,1
481,0,19.75,127,12.1351776073209,12.1455240543943,1
481,0,19.75,127,12.1455240543943,12.1459439582158,1
481,0,19.75,127,12.1459439582158,12.2752077713434,1
481,0,19.75,127,12.2752077713434,12.3067095936917,1
481,0,19.75,127,12.3067095936917,12.3892646252546,1
481,0,19.75,127,12.3892646252546,12.5212369731871,1
481,0,19.75,127,12.5212369731871,12.6894807266263,1
481,0,19.75,127,12.6894807266263,12.6991927956127,1
481,0,19.75,127,12.6991927956127,12.7721293067649,1
481,0,19.75,127,12.7721293067649,12.7959799349839,1
481,0,19.75,127,12.7959799349839,12.952492913893,1
481,0,19.75,127,12.952492913893,12.9948289089247,1
481,0,19.75,127,12.9948289089247,13.0509422659546,1
481,0,19.75,127,13.0509422659546,13.1672281128573,1
481,0,19.75,127,13.1672281128573,13.2379547804676,1
481,0,19.75,127,13.2379547804676,13.2462968107607,1
481,0,19.75,127,13.2462968107607,13.3403617255461,1
481,0,19.75,127,13.3403617255461,13.3876098156467,1
481,0,19.75,127,13.3876098156467,13.4333039030016,1
481,0,19.75,127,13.4333039030016,13.4397110587614,1
481,0,19.75,127,13.4397110587614,13.4949179362068,1
481,0,19.75,127,13.4949179362068,13.6544963965857,1
481,0,19.75,127,13.6544963965857,13.6856994885811,1
481,0,19.75,127,13.6856994885811,13.7832165624412,1
481,0,19.75,127,13.7832165624412,13.8124681831216,1
481,0,19.75,127,13.8124681831216,13.8985841451199,1
481,0,19.75,127,13.8985841451199,14.0526250995872,1
481,0,19.75,127,14.0526250995872,14.2882578459697,1
481,0,19.75,127,14.2882578459697,14.5721069717539,1
481,0,19.75,127,14.5721069717539,14.5984637121473,1
481,0,19.75,127,14.5984637121473,14.8555908553306,1
481,0,19.75,127,14.8555908553306,14.9046829479389,1
481,0,19.75,127,14.9046829479389,14.949705147094,1
481,0,19.75,127,14.949705147094,15.0943772844439,1
481,0,19.75,127,15.0943772844439,15.1778433571125,1
481,0,19.75,127,15.1778433571125,15.1879796460398,1
481,0,19.75,127,15.1879796460398,15.3106509185749,1
481,0,19.75,127,15.3106509185749,15.3850035308004,1
481,0,19.75,127,15.3850035308004,15.4535482635919,1
481,0,19.75,127,15.4535482635919,15.4786938326326,1
481,0,19.75,127,15.4786938326326,15.5549997866664,1
481,0,19.75,127,15.5549997866664,15.8350273964423,1
481,0,19.75,127,15.8350273964423,15.8802181749034,1
481,0,19.75,127,15.8802181749034,15.9390094534298,1
481,0,19.75,127,15.9390094534298,16.1601532639663,1
481,0,19.75,127,16.1601532639663,16.263871942704,1
481,0,19.75,127,16.263871942704,16.3160640212307,1
481,0,19.75,127,16.3160640212307,16.6360665756407,1
481,0,19.75,127,16.6360665756407,16.7728714435025,1
481,0,19.75,127,16.7728714435025,16.7748783501739,1
481,0,19.75,127,16.7748783501739,16.7936550475047,1
481,0,19.75,127,16.7936550475047,16.9004834121978,1
481,0,19.75,127,16.9004834121978,17.0747706592918,1
481,0,19.75,127,17.0747706592918,17.1055987759354,1
481,0,19.75,127,17.1055987759354,17.2846761143969,1
481,0,19.75,127,17.2846761143969,17.3183169967336,1
481,0,19.75,127,17.3183169967336,17.3555185583823,1
481,0,19.75,127,17.3555185583823,17.4002711968604,1
481,0,19.75,127,17.4002711968604,17.4256317865591,1
481,0,19.75,127,17.4256317865591,17.4543369433207,1
481,0,19.75,127,17.4543369433207,17.4854407933775,1
481,0,19.75,127,17.4854407933775,17.5750001777238,1
481,0,19.75,127,17.5750001777238,17.6080040596969,1
481,0,19.75,127,17.6080040596969,17.617120779015,1
481,0,19.75,127,17.617120779015,17.6553193210828,1
481,0,19.75,127,17.6553193210828,17.6679955132831,1
481,0,19.75,127,17.6679955132831,17.6688813084815,1
481,0,19.75,127,17.6688813084815,17.7457996874961,1
481,0,19.75,127,17.7457996874961,17.8378644493114,1
481,0,19.75,127,17.8378644493114,17.9124947431699,1
481,0,19.75,127,17.9124947431699,18.0939390144798,1
481,0,19.75,127,18.0939390144798,18.1355340803382,1
481,0,19.75,127,18.1355340803382,18.3996530077639,1
481,0,19.75,127,18.3996530077639,18.436977806589,1
481,0,19.75,127,18.436977806589,18.4682899780667,1
481,0,19.75,127,18.4682899780667,18.480346518847,1
481,0,19.75,127,18.480346518847,18.492842457272,1
481,0,19.75,127,18.492842457272,18.5111084782248,1
481,0,19.75,127,18.5111084782248,18.8263176988468,1
481,0,19.75,127,18.8263176988468,19.0100073860232,1
481,0,19.75,127,19.0100073860232,19.0691374893642,1
481,0,19.75,127,19.0691374893642,19.090530196415,1
481,0,19.75,127,19.090530196415,19.119559573892,1
481,0,19.75,127,19.119559573892,19.2150685575278,1
481,0,19.75,127,19.2150685575278,19.2266348816725,1
481,0,19.75,127,19.2266348816725,19.2455227327681,1
481,0,19.75,127,19.2455227327681,19.3139420684345,1
481,0,19.75,127,19.3139420684345,19.4172805812972,1
481,0,19.75,127,19.4172805812972,19.420539017041,1
481,0,19.75,127,19.420539017041,19.5772699623614,1
481,0,19.75,127,19.5772699623614,19.5942467744009,1
481,0,19.75,127,19.5942467744009,19.6157550102113,1
481,0,19.75,127,19.6157550102113,19.75,0
482,0,15.75,25,0,6.83608633331044,1
482,0,15.75,25,6.83608633331044,8.67718071597494,1
482,0,15.75,25,8.67718071597494,8.98270137454837,1
482,0,15.75,25,8.98270137454837,9.66850866650365,1
482,0,15.75,25,9.66850866650365,9.95273311807603,1
482,0,15.75,25,9.95273311807603,10.3252129536198,1
482,0,15.75,25,10.3252129536198,10.8571093384377,1
482,0,15.75,25,10.8571093384377,11.2561976912756,1
482,0,15.75,25,11.2561976912756,11.3171543757721,1
482,0,15.75,25,11.3171543757721,11.9460581762939,1
482,0,15.75,25,11.9460581762939,12.681400253173,1
482,0,15.75,25,12.681400253173,12.817524309178,1
482,0,15.75,25,12.817524309178,13.3527193028178,1
482,0,15.75,25,13.3527193028178,13.8480828086925,1
482,0,15.75,25,13.8480828086925,14.0859979775829,1
482,0,15.75,25,14.0859979775829,14.3683359633505,1
482,0,15.75,25,14.3683359633505,14.4117643249724,1
482,0,15.75,25,14.4117643249724,14.874819259939,1
482,0,15.75,25,14.874819259939,14.9532346223269,1
482,0,15.75,25,14.9532346223269,15.4202907898353,1
482,0,15.75,25,15.4202907898353,15.4337629871711,1
482,0,15.75,25,15.4337629871711,15.4743805932586,1
482,0,15.75,25,15.4743805932586,15.5838237595632,1
482,0,15.75,25,15.5838237595632,15.6034408408346,1
482,0,15.75,25,15.6034408408346,15.6071798002895,1
482,0,15.75,25,15.6071798002895,15.75,0
483,0,15.75,22,0,6.50700059659926,1
483,0,15.75,22,6.50700059659926,6.58767403624863,1
483,0,15.75,22,6.58767403624863,8.33990483602123,1
483,0,15.75,22,8.33990483602123,8.58247244831268,1
483,0,15.75,22,8.58247244831268,9.2030865202429,1
483,0,15.75,22,9.2030865202429,9.30437490752085,1
483,0,15.75,22,9.30437490752085,9.55644673946789,1
483,0,15.75,22,9.55644673946789,10.3012428230955,1
483,0,15.75,22,10.3012428230955,10.394346917937,1
483,0,15.75,22,10.394346917937,10.7255613462626,1
483,0,15.75,22,10.7255613462626,11.5441500526579,1
483,0,15.75,22,11.5441500526579,12.3556761225825,1
483,0,15.75,22,12.3556761225825,12.5755369713079,1
483,0,15.75,22,12.5755369713079,12.9631525707819,1
483,0,15.75,22,12.9631525707819,13.178537072789,1
483,0,15.75,22,13.178537072789,13.7895389581399,1
483,0,15.75,22,13.7895389581399,14.0957293047343,1
483,0,15.75,22,14.0957293047343,14.3312154167074,1
483,0,15.75,22,14.3312154167074,14.6455921788328,1
483,0,15.75,22,14.6455921788328,15.1739663551509,1
483,0,15.75,22,15.1739663551509,15.2582813169036,1
483,0,15.75,22,15.2582813169036,15.3584416103192,1
483,0,15.75,22,15.3584416103192,15.75,0
484,0,19.75,111,0,3.98672900624483,1
484,0,19.75,111,3.98672900624483,4.95397939053091,1
484,0,19.75,111,4.95397939053091,6.26232339338126,1
484,0,19.75,111,6.26232339338126,6.96062325549082,1
484,0,19.75,111,6.96062325549082,7.11450364218525,1
484,0,19.75,111,7.11450364218525,7.75779834060421,1
484,0,19.75,111,7.75779834060421,7.84208778708216,1
484,0,19.75,111,7.84208778708216,8.03394169058618,1
484,0,19.75,111,8.03394169058618,8.12542356528377,1
484,0,19.75,111,8.12542356528377,8.30770198272226,1
484,0,19.75,111,8.30770198272226,8.9138522522654,1
484,0,19.75,111,8.9138522522654,9.13309148515739,1
484,0,19.75,111,9.13309148515739,9.47016969822347,1
484,0,19.75,111,9.47016969822347,9.56135673988319,1
484,0,19.75,111,9.56135673988319,9.61736890072295,1
484,0,19.75,111,9.61736890072295,9.66106606974371,1
484,0,19.75,111,9.66106606974371,9.71727926902049,1
484,0,19.75,111,9.71727926902049,10.0961055861067,1
484,0,19.75,111,10.0961055861067,10.1966682999274,1
484,0,19.75,111,10.1966682999274,10.5735194559868,1
484,0,19.75,111,10.5735194559868,10.6452015092014,1
484,0,19.75,111,10.6452015092014,10.6577435158062,1
484,0,19.75,111,10.6577435158062,10.7423810385634,1
484,0,19.75,111,10.7423810385634,10.8311709246701,1
484,0,19.75,111,10.8311709246701,11.1417867492069,1
484,0,19.75,111,11.1417867492069,11.1734681886764,1
484,0,19.75,111,11.1734681886764,11.2859898892912,1
484,0,19.75,111,11.2859898892912,11.2980506540942,1
484,0,19.75,111,11.2980506540942,11.4211395229318,1
484,0,19.75,111,11.4211395229318,11.5627530803664,1
484,0,19.75,111,11.5627530803664,11.6958260780476,1
484,0,19.75,111,11.6958260780476,11.8592606953229,1
484,0,19.75,111,11.8592606953229,12.0834652602133,1
484,0,19.75,111,12.0834652602133,12.1036243974629,1
484,0,19.75,111,12.1036243974629,12.2973283717575,1
484,0,19.75,111,12.2973283717575,12.3321443741325,1
484,0,19.75,111,12.3321443741325,12.5486212245356,1
484,0,19.75,111,12.5486212245356,12.6791257735356,1
484,0,19.75,111,12.6791257735356,12.6822192624668,1
484,0,19.75,111,12.6822192624668,12.6938990116293,1
484,0,19.75,111,12.6938990116293,12.714879607904,1
484,0,19.75,111,12.714879607904,12.961526304474,1
484,0,19.75,111,12.961526304474,13.2184125703109,1
484,0,19.75,111,13.2184125703109,13.2690396466545,1
484,0,19.75,111,13.2690396466545,13.5642954930536,1
484,0,19.75,111,13.5642954930536,13.6135094678299,1
484,0,19.75,111,13.6135094678299,13.8693856192755,1
484,0,19.75,111,13.8693856192755,14.0364724307721,1
484,0,19.75,111,14.0364724307721,14.1234115676842,1
484,0,19.75,111,14.1234115676842,14.3016609877935,1
484,0,19.75,111,14.3016609877935,14.5185463805773,1
484,0,19.75,111,14.5185463805773,14.9093894111135,1
484,0,19.75,111,14.9093894111135,14.9414322430518,1
484,0,19.75,111,14.9414322430518,15.0492514098228,1
484,0,19.75,111,15.0492514098228,15.1470775438036,1
484,0,19.75,111,15.1470775438036,15.1552288338186,1
484,0,19.75,111,15.1552288338186,15.1696427330077,1
484,0,19.75,111,15.1696427330077,15.2337819265051,1
484,0,19.75,111,15.2337819265051,15.2941692087957,1
484,0,19.75,111,15.2941692087957,15.403842501814,1
484,0,19.75,111,15.403842501814,15.4240160826516,1
484,0,19.75,111,15.4240160826516,15.5102995843073,1
484,0,19.75,111,15.5102995843073,16.0282160299003,1
484,0,19.75,111,16.0282160299003,16.0504709805051,1
484,0,19.75,111,16.0504709805051,16.7568748540697,1
484,0,19.75,111,16.7568748540697,16.7899409409051,1
484,0,19.75,111,16.7899409409051,16.8076807827909,1
484,0,19.75,111,16.8076807827909,16.9929067430761,1
484,0,19.75,111,16.9929067430761,17.0247031200379,1
484,0,19.75,111,17.0247031200379,17.0487746817183,1
484,0,19.75,111,17.0487746817183,17.3474468994801,1
484,0,19.75,111,17.3474468994801,17.407354864637,1
484,0,19.75,111,17.407354864637,17.5989097443412,1
484,0,19.75,111,17.5989097443412,17.6096213161425,1
484,0,19.75,111,17.6096213161425,17.6142168377088,1
484,0,19.75,111,17.6142168377088,17.7055140636469,1
484,0,19.75,111,17.7055140636469,17.7310161816138,1
484,0,19.75,111,17.7310161816138,17.7996786957173,1
484,0,19.75,111,17.7996786957173,17.8094349432831,1
484,0,19.75,111,17.8094349432831,17.8440712869808,1
484,0,19.75,111,17.8440712869808,17.9429615719534,1
484,0,19.75,111,17.9429615719534,18.0007351859341,1
484,0,19.75,111,18.0007351859341,18.0903799057727,1
484,0,19.75,111,18.0903799057727,18.1038817505178,1
484,0,19.75,111,18.1038817505178,18.2486492653417,1
484,0,19.75,111,18.2486492653417,18.2883145753882,1
484,0,19.75,111,18.2883145753882,18.4065443426767,1
484,0,19.75,111,18.4065443426767,18.4254397318064,1
484,0,19.75,111,18.4254397318064,18.5110760166461,1
484,0,19.75,111,18.5110760166461,18.5483583662146,1
484,0,19.75,111,18.5483583662146,18.5869708810926,1
484,0,19.75,111,18.5869708810926,18.5883860992421,1
484,0,19.75,111,18.5883860992421,18.6070130519577,1
484,0,19.75,111,18.6070130519577,18.6416171044565,1
484,0,19.75,111,18.6416171044565,18.6539515011307,1
484,0,19.75,111,18.6539515011307,18.6943305212904,1
484,0,19.75,111,18.6943305212904,18.8243873454604,1
484,0,19.75,111,18.8243873454604,18.8992902276547,1
484,0,19.75,111,18.8992902276547,18.9778348703071,1
484,0,19.75,111,18.9778348703071,19.0117526469408,1
484,0,19.75,111,19.0117526469408,19.266739789524,1
484,0,19.75,111,19.266739789524,19.2812561396496,1
484,0,19.75,111,19.2812561396496,19.3887300254263,1
484,0,19.75,111,19.3887300254263,19.4302558691622,1
484,0,19.75,111,19.4302558691622,19.4902111233136,1
484,0,19.75,111,19.4902111233136,19.5095171566882,1
484,0,19.75,111,19.5095171566882,19.5321462539879,1
484,0,19.75,111,19.5321462539879,19.5625586811781,1
484,0,19.75,111,19.5625586811781,19.6434856952986,1
484,0,19.75,111,19.6434856952986,19.6759604628735,1
484,0,19.75,111,19.6759604628735,19.69480894703,1
484,0,19.75,111,19.69480894703,19.75,0
485,0,19.75,2,0,3.64743062564361,1
485,0,19.75,2,3.64743062564361,5.82435716967842,1
485,0,19.75,2,5.82435716967842,19.75,0
486,0,17.75,1,0,0.00852111737157161,1
486,0,17.75,1,0.00852111737157161,17.75,0
487,0,8.75,3,0,0.228289425529889,1
487,0,8.75,3,0.228289425529889,4.97208845991426,1
487,0,8.75,3,4.97208845991426,6.33231501906223,1
487,0,8.75,3,6.33231501906223,8.75,0
488,0,9.75,1,0,1.13560715333971,1
488,0,9.75,1,1.13560715333971,9.75,0
489,0,20.75,43,0,0.931042166969306,1
489,0,20.75,43,0.931042166969306,2.46183666010199,1
489,0,20.75,43,2.46183666010199,6.74795188068155,1
489,0,20.75,43,6.74795188068155,7.29231248237966,1
489,0,20.75,43,7.29231248237966,7.68869697027858,1
489,0,20.75,43,7.68869697027858,9.23901871695485,1
489,0,20.75,43,9.23901871695485,10.2948621368517,1
489,0,20.75,43,10.2948621368517,10.3200240028115,1
489,0,20.75,43,10.3200240028115,10.8326569604695,1
489,0,20.75,43,10.8326569604695,11.6390940970996,1
489,0,20.75,43,11.6390940970996,11.8122823201709,1
489,0,20.75,43,11.8122823201709,12.1912524865352,1
489,0,20.75,43,12.1912524865352,12.2008925737917,1
489,0,20.75,43,12.2008925737917,13.2045013040945,1
489,0,20.75,43,13.2045013040945,13.4169093193914,1
489,0,20.75,43,13.4169093193914,13.4957987802027,1
489,0,20.75,43,13.4957987802027,13.497577199039,1
489,0,20.75,43,13.497577199039,13.9299566455147,1
489,0,20.75,43,13.9299566455147,14.0213911642312,1
489,0,20.75,43,14.0213911642312,14.2143874806095,1
489,0,20.75,43,14.2143874806095,14.491682109025,1
489,0,20.75,43,14.491682109025,14.6318098377023,1
489,0,20.75,43,14.6318098377023,14.8224588984719,1
489,0,20.75,43,14.8224588984719,16.0448947003147,1
489,0,20.75,43,16.0448947003147,16.3118876043982,1
489,0,20.75,43,16.3118876043982,16.3534479705817,1
489,0,20.75,43,16.3534479705817,16.5277549021219,1
489,0,20.75,43,16.5277549021219,16.9851142205901,1
489,0,20.75,43,16.9851142205901,17.5837068627213,1
489,0,20.75,43,17.5837068627213,17.6454934519638,1
489,0,20.75,43,17.6454934519638,18.2692916813629,1
489,0,20.75,43,18.2692916813629,18.2918337297072,1
489,0,20.75,43,18.2918337297072,18.4330225984678,1
489,0,20.75,43,18.4330225984678,18.9632701948415,1
489,0,20.75,43,18.9632701948415,19.3274940704715,1
489,0,20.75,43,19.3274940704715,19.4383313816116,1
489,0,20.75,43,19.4383313816116,19.6097213480859,1
489,0,20.75,43,19.6097213480859,19.648990562299,1
489,0,20.75,43,19.648990562299,19.9084463631079,1
489,0,20.75,43,19.9084463631079,20.0107503777964,1
489,0,20.75,43,20.0107503777964,20.1369833111571,1
489,0,20.75,43,20.1369833111571,20.3404333910504,1
489,0,20.75,43,20.3404333910504,20.3792357262495,1
489,0,20.75,43,20.3792357262495,20.75,0
490,0,10.75,1,0,0.107778639933097,1
490,0,10.75,1,0.107778639933097,10.75,0
491,0,14.75,13,0,3.77322473383866,1
491,0,14.75,13,3.77322473383866,4.82546576911235,1
491,0,14.75,13,4.82546576911235,6.89500047737365,1
491,0,14.75,13,6.89500047737365,7.3357761047594,1
491,0,14.75,13,7.3357761047594,8.95522752113277,1
491,0,14.75,13,8.95522752113277,9.39250913021431,1
491,0,14.75,13,9.39250913021431,9.80286875232713,1
491,0,14.75,13,9.80286875232713,10.3356701678789,1
491,0,14.75,13,10.3356701678789,10.4709245262296,1
491,0,14.75,13,10.4709245262296,13.0798399455638,1
491,0,14.75,13,13.0798399455638,13.9725114573403,1
491,0,14.75,13,13.9725114573403,14.2967862663323,1
491,0,14.75,13,14.2967862663323,14.5618876383413,1
491,0,14.75,13,14.5618876383413,14.75,0
492,0,12.75,0,0,12.75,0
493,0,12.75,17,0,1.43991475230458,1
493,0,12.75,17,1.43991475230458,4.13558919833192,1
493,0,12.75,17,4.13558919833192,4.18207981287292,1
493,0,12.75,17,4.18207981287292,4.99692699955194,1
493,0,12.75,17,4.99692699955194,5.78175919599383,1
493,0,12.75,17,5.78175919599383,6.73373331538837,1
493,0,12.75,17,6.73373331538837,7.06124942958168,1
493,0,12.75,17,7.06124942958168,8.68152567907588,1
493,0,12.75,17,8.68152567907588,9.4731952267106,1
493,0,12.75,17,9.4731952267106,9.91508627853343,1
493,0,12.75,17,9.91508627853343,10.2028864237314,1
493,0,12.75,17,10.2028864237314,10.8559569395343,1
493,0,12.75,17,10.8559569395343,10.9898268734195,1
493,0,12.75,17,10.9898268734195,11.4495858314143,1
493,0,12.75,17,11.4495858314143,11.4724184087113,1
493,0,12.75,17,11.4724184087113,11.7737976713036,1
493,0,12.75,17,11.7737976713036,11.9534948218957,1
493,0,12.75,17,11.9534948218957,12.75,0
494,0,7.75,6,0,0.879914318770129,1
494,0,7.75,6,0.879914318770129,3.06094782365502,1
494,0,7.75,6,3.06094782365502,4.1028409752639,1
494,0,7.75,6,4.1028409752639,4.26349736822904,1
494,0,7.75,6,4.26349736822904,5.01426998338395,1
494,0,7.75,6,5.01426998338395,6.74640518705877,1
494,0,7.75,6,6.74640518705877,7.75,0
495,0,13.75,2,0,0.808877580156588,1
495,0,13.75,2,0.808877580156588,3.85750143052025,1
495,0,13.75,2,3.85750143052025,13.75,0
496,0,11.75,1,0,3.51086934811699,1
496,0,11.75,1,3.51086934811699,11.75,0
497,0,11.75,4,0,0.341734445454401,1
497,0,11.75,4,0.341734445454401,0.413552184025764,1
497,0,11.75,4,0.413552184025764,1.4578364361177,1
497,0,11.75,4,1.4578364361177,10.3917556008845,1
497,0,11.75,4,10.3917556008845,11.75,0
498,0,19.75,59,0,2.07703233731457,1
498,0,19.75,59,2.07703233731457,5.19705886964126,1
498,0,19.75,59,5.19705886964126,6.43034255911526,1
498,0,19.75,59,6.43034255911526,6.72367269526826,1
498,0,19.75,59,6.72367269526826,7.27798043864847,1
498,0,19.75,59,7.27798043864847,7.77849971089214,1
498,0,19.75,59,7.77849971089214,7.79065307215526,1
498,0,19.75,59,7.79065307215526,7.87826680304602,1
498,0,19.75,59,7.87826680304602,8.88134638812119,1
498,0,19.75,59,8.88134638812119,9.05156729382725,1
498,0,19.75,59,9.05156729382725,10.0132044916082,1
498,0,19.75,59,10.0132044916082,10.0502347230767,1
498,0,19.75,59,10.0502347230767,10.1626695509596,1
498,0,19.75,59,10.1626695509596,10.3992448466426,1
498,0,19.75,59,10.3992448466426,10.432938704598,1
498,0,19.75,59,10.432938704598,10.8000321782123,1
498,0,19.75,59,10.8000321782123,11.8925203216425,1
498,0,19.75,59,11.8925203216425,11.9968531831222,1
498,0,19.75,59,11.9968531831222,12.0039751333932,1
498,0,19.75,59,12.0039751333932,12.4014246451646,1
498,0,19.75,59,12.4014246451646,12.4566727278678,1
498,0,19.75,59,12.4566727278678,12.7264180618114,1
498,0,19.75,59,12.7264180618114,13.0217837599861,1
498,0,19.75,59,13.0217837599861,13.14493125348,1
498,0,19.75,59,13.14493125348,13.4014847545064,1
498,0,19.75,59,13.4014847545064,13.5281062237798,1
498,0,19.75,59,13.5281062237798,13.5536078138104,1
498,0,19.75,59,13.5536078138104,13.6864222679026,1
498,0,19.75,59,13.6864222679026,14.003329972602,1
498,0,19.75,59,14.003329972602,14.3635505197841,1
498,0,19.75,59,14.3635505197841,14.4496389189113,1
498,0,19.75,59,14.4496389189113,14.4757506845374,1
498,0,19.75,59,14.4757506845374,14.7109506773959,1
498,0,19.75,59,14.7109506773959,15.3547217824529,1
498,0,19.75,59,15.3547217824529,15.8075919881488,1
498,0,19.75,59,15.8075919881488,16.357650307369,1
498,0,19.75,59,16.357650307369,16.664334268553,1
498,0,19.75,59,16.664334268553,16.8203395909651,1
498,0,19.75,59,16.8203395909651,16.8588159449351,1
498,0,19.75,59,16.8588159449351,16.9554616133805,1
498,0,19.75,59,16.9554616133805,17.5109838807681,1
498,0,19.75,59,17.5109838807681,17.5259495401912,1
498,0,19.75,59,17.5259495401912,17.5913459837713,1
498,0,19.75,59,17.5913459837713,17.7794614288019,1
498,0,19.75,59,17.7794614288019,18.0284688560759,1
498,0,19.75,59,18.0284688560759,18.077839943333,1
498,0,19.75,59,18.077839943333,18.2592059531301,1
498,0,19.75,59,18.2592059531301,18.2800683602177,1
498,0,19.75,59,18.2800683602177,18.6116355333599,1
498,0,19.75,59,18.6116355333599,18.729269663776,1
498,0,19.75,59,18.729269663776,18.8358710849415,1
498,0,19.75,59,18.8358710849415,18.9721815789514,1
498,0,19.75,59,18.9721815789514,19.4343270706869,1
498,0,19.75,59,19.4343270706869,19.4489113665058,1
498,0,19.75,59,19.4489113665058,19.4987841586244,1
498,0,19.75,59,19.4987841586244,19.5345605191442,1
498,0,19.75,59,19.5345605191442,19.5732080733531,1
498,0,19.75,59,19.5732080733531,19.5901203034498,1
498,0,19.75,59,19.5901203034498,19.7112788394439,1
498,0,19.75,59,19.7112788394439,19.75,0
499,0,15.75,3,0,2.35178220229213,1
499,0,15.75,3,2.35178220229213,7.26176003918329,1
499,0,15.75,3,7.26176003918329,13.8329252636327,1
499,0,15.75,3,13.8329252636327,15.75,0
500,0,11.75,2,0,3.69669483116376,1
500,0,11.75,2,3.69669483116376,5.56385880317176,1
500,0,11.75,2,5.56385880317176,11.75,0
501,0,8.75,3,0,3.23144380138234,1
501,0,8.75,3,3.23144380138234,6.16380414681855,1
501,0,8.75,3,6.16380414681855,8.46350594801256,1
501,0,8.75,3,8.46350594801256,8.75,0
502,0,9.75,2,0,1.09580556016291,1
502,0,9.75,2,1.09580556016291,3.02825976939485,1
502,0,9.75,2,3.02825976939485,9.75,0
503,0,11.75,14,0,3.61075176425859,1
503,0,11.75,14,3.61075176425859,6.56183568717392,1
503,0,11.75,14,6.56183568717392,8.3033003912677,1
503,0,11.75,14,8.3033003912677,8.35198142415705,1
503,0,11.75,14,8.35198142415705,8.92291404720729,1
503,0,11.75,14,8.92291404720729,9.46839015450435,1
503,0,11.75,14,9.46839015450435,9.68632645865398,1
503,0,11.75,14,9.68632645865398,10.24172631246,1
503,0,11.75,14,10.24172631246,10.8450462352409,1
503,0,11.75,14,10.8450462352409,11.0428528218108,1
503,0,11.75,14,11.0428528218108,11.1113413765022,1
503,0,11.75,14,11.1113413765022,11.1403584878445,1
503,0,11.75,14,11.1403584878445,11.4035246352485,1
503,0,11.75,14,11.4035246352485,11.5801557454966,1
503,0,11.75,14,11.5801557454966,11.75,0
504,0,11.75,20,0,4.62152523947088,1
504,0,11.75,20,4.62152523947088,4.91094767272091,1
504,0,11.75,20,4.91094767272091,6.51619037244631,1
504,0,11.75,20,6.51619037244631,7.73445880140688,1
504,0,11.75,20,7.73445880140688,7.7829244668962,1
504,0,11.75,20,7.7829244668962,8.09915403321925,1
504,0,11.75,20,8.09915403321925,8.11814196675662,1
504,0,11.75,20,8.11814196675662,8.35358545774431,1
504,0,11.75,20,8.35358545774431,8.67677819933414,1
504,0,11.75,20,8.67677819933414,9.06343888796169,1
504,0,11.75,20,9.06343888796169,9.12221954229647,1
504,0,11.75,20,9.12221954229647,9.18644857860473,1
504,0,11.75,20,9.18644857860473,9.53761541159296,1
504,0,11.75,20,9.53761541159296,9.75001325519329,1
504,0,11.75,20,9.75001325519329,9.87291412436822,1
504,0,11.75,20,9.87291412436822,9.93074249855697,1
504,0,11.75,20,9.93074249855697,10.707363228406,1
504,0,11.75,20,10.707363228406,10.974619387572,1
504,0,11.75,20,10.974619387572,11.1421716149949,1
504,0,11.75,20,11.1421716149949,11.1821664002448,1
504,0,11.75,20,11.1821664002448,11.75,0
505,0,13.75,0,0,13.75,0
506,0,10.75,1,0,1.96478960037606,1
506,0,10.75,1,1.96478960037606,10.75,0
507,0,17.75,4,0,1.23919896665005,1
507,0,17.75,4,1.23919896665005,2.5900458083573,1
507,0,17.75,4,2.5900458083573,3.00203914602671,1
507,0,17.75,4,3.00203914602671,6.57200449678603,1
507,0,17.75,4,6.57200449678603,17.75,0
508,0,9.75,2,0,0.0215287952148598,1
508,0,9.75,2,0.0215287952148598,3.80800749117748,1
508,0,9.75,2,3.80800749117748,9.75,0
509,0,8.75,1,0,2.9513027330868,1
509,0,8.75,1,2.9513027330868,8.75,0
510,0,12.75,1,0,5.93379865527173,1
510,0,12.75,1,5.93379865527173,12.75,0
511,0,13.75,3,0,0.0910947076804371,1
511,0,13.75,3,0.0910947076804371,3.57601930353097,1
511,0,13.75,3,3.57601930353097,9.79032736145884,1
511,0,13.75,3,9.79032736145884,13.75,0
512,0,12.75,24,0,5.54541576063878,1
512,0,12.75,24,5.54541576063878,6.37236134451441,1
512,0,12.75,24,6.37236134451441,7.01654011820885,1
512,0,12.75,24,7.01654011820885,7.36146726261617,1
512,0,12.75,24,7.36146726261617,7.37504248029094,1
512,0,12.75,24,7.37504248029094,7.72786530354334,1
512,0,12.75,24,7.72786530354334,8.6228511673201,1
512,0,12.75,24,8.6228511673201,8.66106707007556,1
512,0,12.75,24,8.66106707007556,8.72296534228983,1
512,0,12.75,24,8.72296534228983,8.85865632692959,1
512,0,12.75,24,8.85865632692959,8.98984370529717,1
512,0,12.75,24,8.98984370529717,9.36700160303127,1
512,0,12.75,24,9.36700160303127,9.67068491605949,1
512,0,12.75,24,9.67068491605949,9.85067351985507,1
512,0,12.75,24,9.85067351985507,10.1116916845819,1
512,0,12.75,24,10.1116916845819,10.6047161808957,1
512,0,12.75,24,10.6047161808957,10.8766085459792,1
512,0,12.75,24,10.8766085459792,11.0440172930018,1
512,0,12.75,24,11.0440172930018,11.7699402795097,1
512,0,12.75,24,11.7699402795097,11.8310633506982,1
512,0,12.75,24,11.8310633506982,12.1276817841901,1
512,0,12.75,24,12.1276817841901,12.2155420449694,1
512,0,12.75,24,12.2155420449694,12.253467012513,1
512,0,12.75,24,12.253467012513,12.6254364961198,1
512,0,12.75,24,12.6254364961198,12.75,0
513,0,19.75,29,0,2.04142761539625,1
513,0,19.75,29,2.04142761539625,3.07063957916451,1
513,0,19.75,29,3.07063957916451,4.36331094996493,1
513,0,19.75,29,4.36331094996493,5.0652387269836,1
513,0,19.75,29,5.0652387269836,7.18225252239489,1
513,0,19.75,29,7.18225252239489,7.29128317580823,1
513,0,19.75,29,7.29128317580823,8.99310488306718,1
513,0,19.75,29,8.99310488306718,10.2490203787602,1
513,0,19.75,29,10.2490203787602,10.8463684408504,1
513,0,19.75,29,10.8463684408504,11.186413075195,1
513,0,19.75,29,11.186413075195,11.4350644722446,1
513,0,19.75,29,11.4350644722446,11.9384831336929,1
513,0,19.75,29,11.9384831336929,11.9562570265789,1
513,0,19.75,29,11.9562570265789,12.259681510601,1
513,0,19.75,29,12.259681510601,12.7996312949713,1
513,0,19.75,29,12.7996312949713,13.1749366963277,1
513,0,19.75,29,13.1749366963277,14.275552016277,1
513,0,19.75,29,14.275552016277,14.3469655347185,1
513,0,19.75,29,14.3469655347185,14.7632775057646,1
513,0,19.75,29,14.7632775057646,14.9383425972921,1
513,0,19.75,29,14.9383425972921,15.1624640834024,1
513,0,19.75,29,15.1624640834024,15.841497285039,1
513,0,19.75,29,15.841497285039,15.9637343970557,1
513,0,19.75,29,15.9637343970557,17.2526842949197,1
513,0,19.75,29,17.2526842949197,17.6109821163979,1
513,0,19.75,29,17.6109821163979,17.6261140480861,1
513,0,19.75,29,17.6261140480861,18.2695071761303,1
513,0,19.75,29,18.2695071761303,18.6785497942458,1
513,0,19.75,29,18.6785497942458,18.8225678169978,1
513,0,19.75,29,18.8225678169978,19.75,0
514,0,9.75,6,0,4.77231477007343,1
514,0,9.75,6,4.77231477007343,6.93127370646941,1
514,0,9.75,6,6.93127370646941,7.02099064822742,1
514,0,9.75,6,7.02099064822742,8.2590072007648,1
514,0,9.75,6,8.2590072007648,8.65620938068593,1
514,0,9.75,6,8.65620938068593,9.43886853446918,1
514,0,9.75,6,9.43886853446918,9.75,0
515,0,10.75,2,0,2.44735518815539,1
515,0,10.75,2,2.44735518815539,2.73714715213702,1
515,0,10.75,2,2.73714715213702,10.75,0
516,0,14.75,17,0,2.74656014666978,1
516,0,14.75,17,2.74656014666978,2.77659057612819,1
516,0,14.75,17,2.77659057612819,3.88266510526743,1
516,0,14.75,17,3.88266510526743,4.34200469261205,1
516,0,14.75,17,4.34200469261205,7.42584149618797,1
516,0,14.75,17,7.42584149618797,8.72462166024605,1
516,0,14.75,17,8.72462166024605,9.05605546427463,1
516,0,14.75,17,9.05605546427463,10.2712386654328,1
516,0,14.75,17,10.2712386654328,10.4253673048753,1
516,0,14.75,17,10.4253673048753,11.0187808176302,1
516,0,14.75,17,11.0187808176302,11.2262386110873,1
516,0,14.75,17,11.2262386110873,11.4322902349844,1
516,0,14.75,17,11.4322902349844,11.5494147805341,1
516,0,14.75,17,11.5494147805341,12.1087620577866,1
516,0,14.75,17,12.1087620577866,13.1704701450134,1
516,0,14.75,17,13.1704701450134,14.2723775834349,1
516,0,14.75,17,14.2723775834349,14.6441517495826,1
516,0,14.75,17,14.6441517495826,14.75,0
517,0,10.75,0,0,10.75,0
518,0,14.75,2,0,0.0578901510030419,1
518,0,14.75,2,0.0578901510030419,10.299214528991,1
518,0,14.75,2,10.299214528991,14.75,0
519,0,9.75,8,0,3.89238118455903,1
519,0,9.75,8,3.89238118455903,4.49208226537926,1
519,0,9.75,8,4.49208226537926,7.07114896640018,1
519,0,9.75,8,7.07114896640018,8.6476448408898,1
519,0,9.75,8,8.6476448408898,8.73022209944585,1
519,0,9.75,8,8.73022209944585,9.19380485651664,1
519,0,9.75,8,9.19380485651664,9.24545490027851,1
519,0,9.75,8,9.24545490027851,9.28520916903166,1
519,0,9.75,8,9.28520916903166,9.75,0
520,0,7.75,3,0,0.795130811839035,1
520,0,7.75,3,0.795130811839035,2.61376103274585,1
520,0,7.75,3,2.61376103274585,7.68335143451136,1
520,0,7.75,3,7.68335143451136,7.75,0
521,0,14.75,0,0,14.75,0
522,0,17.75,4,0,2.16634234428879,1
522,0,17.75,4,2.16634234428879,4.44997282694131,1
522,0,17.75,4,4.44997282694131,6.62516525562425,1
522,0,17.75,4,6.62516525562425,7.74969076890839,1
522,0,17.75,4,7.74969076890839,17.75,0
523,0,12.75,19,0,4.33093268476611,1
523,0,12.75,19,4.33093268476611,4.53791422085746,1
523,0,12.75,19,4.53791422085746,5.54125932308449,1
523,0,12.75,19,5.54125932308449,5.95270208597843,1
523,0,12.75,19,5.95270208597843,8.0866270941838,1
523,0,12.75,19,8.0866270941838,8.62200798703958,1
523,0,12.75,19,8.62200798703958,8.9786723319012,1
523,0,12.75,19,8.9786723319012,9.41409408097681,1
523,0,12.75,19,9.41409408097681,9.72028968879881,1
523,0,12.75,19,9.72028968879881,10.1498852710323,1
523,0,12.75,19,10.1498852710323,10.2421554256468,1
523,0,12.75,19,10.2421554256468,10.2896036066534,1
523,0,12.75,19,10.2896036066534,10.6309487994922,1
523,0,12.75,19,10.6309487994922,10.9206799973301,1
523,0,12.75,19,10.9206799973301,10.9264794340729,1
523,0,12.75,19,10.9264794340729,11.440430485564,1
523,0,12.75,19,11.440430485564,11.4956708496543,1
523,0,12.75,19,11.4956708496543,11.6109348174424,1
523,0,12.75,19,11.6109348174424,12.4717886708172,1
523,0,12.75,19,12.4717886708172,12.75,0
524,0,16.75,33,0,6.68395797644528,1
524,0,16.75,33,6.68395797644528,7.99944778146817,1
524,0,16.75,33,7.99944778146817,8.92089589928109,1
524,0,16.75,33,8.92089589928109,9.22189303674607,1
524,0,16.75,33,9.22189303674607,10.1878786950809,1
524,0,16.75,33,10.1878786950809,10.2836828402197,1
524,0,16.75,33,10.2836828402197,10.2960618627084,1
524,0,16.75,33,10.2960618627084,10.8823264620282,1
524,0,16.75,33,10.8823264620282,10.9081130598253,1
524,0,16.75,33,10.9081130598253,11.1227028659121,1
524,0,16.75,33,11.1227028659121,11.6250983572257,1
524,0,16.75,33,11.6250983572257,11.6782247180868,1
524,0,16.75,33,11.6782247180868,12.7036020449324,1
524,0,16.75,33,12.7036020449324,12.7087405601937,1
524,0,16.75,33,12.7087405601937,13.578019349883,1
524,0,16.75,33,13.578019349883,13.711333533179,1
524,0,16.75,33,13.711333533179,14.4081555017538,1
524,0,16.75,33,14.4081555017538,14.6681370230625,1
524,0,16.75,33,14.6681370230625,14.8229685905262,1
524,0,16.75,33,14.8229685905262,14.834591545013,1
524,0,16.75,33,14.834591545013,14.9222609787433,1
524,0,16.75,33,14.9222609787433,15.0104511933156,1
524,0,16.75,33,15.0104511933156,15.0870668064326,1
524,0,16.75,33,15.0870668064326,15.1341484653137,1
524,0,16.75,33,15.1341484653137,15.2090938536991,1
524,0,16.75,33,15.2090938536991,15.3625245454791,1
524,0,16.75,33,15.3625245454791,15.381931697346,1
524,0,16.75,33,15.381931697346,15.6237890936742,1
524,0,16.75,33,15.6237890936742,15.8053556129923,1
524,0,16.75,33,15.8053556129923,15.9931520720663,1
524,0,16.75,33,15.9931520720663,16.2792509497794,1
524,0,16.75,33,16.2792509497794,16.3164479310424,1
524,0,16.75,33,16.3164479310424,16.5333679037266,1
524,0,16.75,33,16.5333679037266,16.75,0
525,0,12.75,0,0,12.75,0
526,0,16.75,0,0,16.75,0
527,0,19.75,5,0,0.146453622903248,1
527,0,19.75,5,0.146453622903248,1.93419059059281,1
527,0,19.75,5,1.93419059059281,3.71816434346092,1
527,0,19.75,5,3.71816434346092,5.18545218634184,1
527,0,19.75,5,5.18545218634184,14.3154835780206,1
527,0,19.75,5,14.3154835780206,19.75,0
528,0,10.75,0,0,10.75,0
529,0,14.75,0,0,14.75,0
530,0,16.75,26,0,1.56881059843164,1
530,0,16.75,26,1.56881059843164,3.15315673594779,1
530,0,16.75,26,3.15315673594779,3.98696479051201,1
530,0,16.75,26,3.98696479051201,4.18293560459937,1
530,0,16.75,26,4.18293560459937,6.72830546393044,1
530,0,16.75,26,6.72830546393044,7.11833868681074,1
530,0,16.75,26,7.11833868681074,8.46585028892584,1
530,0,16.75,26,8.46585028892584,9.97305303123228,1
530,0,16.75,26,9.97305303123228,10.0336966666917,1
530,0,16.75,26,10.0336966666917,11.0052234340051,1
530,0,16.75,26,11.0052234340051,11.1415910427454,1
530,0,16.75,26,11.1415910427454,11.2945293315384,1
530,0,16.75,26,11.2945293315384,11.692314712773,1
530,0,16.75,26,11.692314712773,11.9703129656473,1
530,0,16.75,26,11.9703129656473,12.0539917022618,1
530,0,16.75,26,12.0539917022618,13.228513175754,1
530,0,16.75,26,13.228513175754,14.1828056617804,1
530,0,16.75,26,14.1828056617804,14.5251747539143,1
530,0,16.75,26,14.5251747539143,14.6412795696531,1
530,0,16.75,26,14.6412795696531,14.8315825974913,1
530,0,16.75,26,14.8315825974913,15.2940996099428,1
530,0,16.75,26,15.2940996099428,15.3096686400202,1
530,0,16.75,26,15.3096686400202,15.4336989193367,1
530,0,16.75,26,15.4336989193367,15.8847877112781,1
530,0,16.75,26,15.8847877112781,16.1610452072141,1
530,0,16.75,26,16.1610452072141,16.6213882475541,1
530,0,16.75,26,16.6213882475541,16.75,0
531,0,9.75,0,0,9.75,0
532,0,17.75,2,0,8.20926116317854,1
532,0,17.75,2,8.20926116317854,15.2401572816389,1
532,0,17.75,2,15.2401572816389,17.75,0
533,0,9.75,5,0,4.2302936237582,1
533,0,9.75,5,4.2302936237582,5.18306931737373,1
533,0,9.75,5,5.18306931737373,7.37809553870031,1
533,0,9.75,5,7.37809553870031,8.79412129186488,1
533,0,9.75,5,8.79412129186488,9.66406585225745,1
533,0,9.75,5,9.66406585225745,9.75,0
534,0,15.75,3,0,4.77928297853818,1
534,0,15.75,3,4.77928297853818,6.35479253008177,1
534,0,15.75,3,6.35479253008177,14.9555729920868,1
534,0,15.75,3,14.9555729920868,15.75,0
535,0,16.75,1,0,0.768595610351917,1
535,0,16.75,1,0.768595610351917,16.75,0
536,0,13.75,1,0,12.3427816798742,1
536,0,13.75,1,12.3427816798742,13.75,0
537,0,11.75,2,0,0.6649610404077,1
537,0,11.75,2,0.6649610404077,2.10194531465917,1
537,0,11.75,2,2.10194531465917,11.75,0
538,0,11.75,1,0,0.268142612024145,1
538,0,11.75,1,0.268142612024145,11.75,0
539,0,11.75,2,0,2.6892488563124,1
539,0,11.75,2,2.6892488563124,2.78782603641059,1
539,0,11.75,2,2.78782603641059,11.75,0
540,0,16.75,46,0,4.2474114520445,1
540,0,16.75,46,4.2474114520445,4.70578406896586,1
540,0,16.75,46,4.70578406896586,7.08479609254871,1
540,0,16.75,46,7.08479609254871,7.42988224879809,1
540,0,16.75,46,7.42988224879809,8.07141902328584,1
540,0,16.75,46,8.07141902328584,9.1377675468571,1
540,0,16.75,46,9.1377675468571,9.2357796543032,1
540,0,16.75,46,9.2357796543032,9.49683826506495,1
540,0,16.75,46,9.49683826506495,10.6276868547392,1
540,0,16.75,46,10.6276868547392,10.9920541168318,1
540,0,16.75,46,10.9920541168318,11.0840472802594,1
540,0,16.75,46,11.0840472802594,11.3164342591805,1
540,0,16.75,46,11.3164342591805,11.449427798253,1
540,0,16.75,46,11.449427798253,11.9658289057097,1
540,0,16.75,46,11.9658289057097,12.0801283942287,1
540,0,16.75,46,12.0801283942287,12.1855829307393,1
540,0,16.75,46,12.1855829307393,12.2147601146469,1
540,0,16.75,46,12.2147601146469,12.3163109397922,1
540,0,16.75,46,12.3163109397922,12.3833584220983,1
540,0,16.75,46,12.3833584220983,12.5544227554188,1
540,0,16.75,46,12.5544227554188,12.6372140920272,1
540,0,16.75,46,12.6372140920272,12.8266929438306,1
540,0,16.75,46,12.8266929438306,13.0450368586308,1
540,0,16.75,46,13.0450368586308,13.2892287202897,1
540,0,16.75,46,13.2892287202897,13.4963065954519,1
540,0,16.75,46,13.4963065954519,13.5436576951718,1
540,0,16.75,46,13.5436576951718,13.7408099104037,1
540,0,16.75,46,13.7408099104037,13.8129555774751,1
540,0,16.75,46,13.8129555774751,13.9644503267552,1
540,0,16.75,46,13.9644503267552,14.1728031418125,1
540,0,16.75,46,14.1728031418125,14.2622299741678,1
540,0,16.75,46,14.2622299741678,14.4315873809182,1
540,0,16.75,46,14.4315873809182,14.4825187860853,1
540,0,16.75,46,14.4825187860853,14.5008729185871,1
540,0,16.75,46,14.5008729185871,14.6058588731394,1
540,0,16.75,46,14.6058588731394,14.877934909341,1
540,0,16.75,46,14.877934909341,15.0579914125572,1
540,0,16.75,46,15.0579914125572,15.0613851843861,1
540,0,16.75,46,15.0613851843861,15.1435226816675,1
540,0,16.75,46,15.1435226816675,15.2899591693697,1
540,0,16.75,46,15.2899591693697,15.6903497375815,1
540,0,16.75,46,15.6903497375815,16.1328308180513,1
540,0,16.75,46,16.1328308180513,16.3936569245017,1
540,0,16.75,46,16.3936569245017,16.5810192681439,1
540,0,16.75,46,16.5810192681439,16.596577464878,1
540,0,16.75,46,16.596577464878,16.6007615847027,1
540,0,16.75,46,16.6007615847027,16.75,0
541,0,15.75,1,0,0.611348168841107,1
541,0,15.75,1,0.611348168841107,15.75,0
542,0,17.75,4,0,1.71888189572933,1
542,0,17.75,4,1.71888189572933,5.58467013126829,1
542,0,17.75,4,5.58467013126829,11.6137869757432,1
542,0,17.75,4,11.6137869757432,15.2631460348345,1
542,0,17.75,4,15.2631460348345,17.75,0
543,0,19.75,39,0,5.05415085734265,1
543,0,19.75,39,5.05415085734265,6.90506528272642,1
543,0,19.75,39,6.90506528272642,8.94726810899217,1
543,0,19.75,39,8.94726810899217,9.05226296669708,1
543,0,19.75,39,9.05226296669708,9.38256065610216,1
543,0,19.75,39,9.38256065610216,10.2305938499907,1
543,0,19.75,39,10.2305938499907,10.5408716303281,1
543,0,19.75,39,10.5408716303281,10.840065881653,1
543,0,19.75,39,10.840065881653,10.9311018207646,1
543,0,19.75,39,10.9311018207646,10.9609759895308,1
543,0,19.75,39,10.9609759895308,12.9245648462657,1
543,0,19.75,39,12.9245648462657,13.5428114033046,1
543,0,19.75,39,13.5428114033046,13.9269544963452,1
543,0,19.75,39,13.9269544963452,13.9635992294338,1
543,0,19.75,39,13.9635992294338,14.9183917438176,1
543,0,19.75,39,14.9183917438176,15.0772329895681,1
543,0,19.75,39,15.0772329895681,15.2303322111393,1
543,0,19.75,39,15.2303322111393,15.6218212259636,1
543,0,19.75,39,15.6218212259636,15.7077793802459,1
543,0,19.75,39,15.7077793802459,15.7546223245684,1
543,0,19.75,39,15.7546223245684,15.8064670096907,1
543,0,19.75,39,15.8064670096907,16.1066430007258,1
543,0,19.75,39,16.1066430007258,16.4216205029047,1
543,0,19.75,39,16.4216205029047,16.9719452388044,1
543,0,19.75,39,16.9719452388044,17.4641724196127,1
543,0,19.75,39,17.4641724196127,17.8167864829586,1
543,0,19.75,39,17.8167864829586,17.8343319703196,1
543,0,19.75,39,17.8343319703196,17.856160974676,1
543,0,19.75,39,17.856160974676,17.9448109412091,1
543,0,19.75,39,17.9448109412091,17.9794731185816,1
543,0,19.75,39,17.9794731185816,17.9916723327024,1
543,0,19.75,39,17.9916723327024,18.0004152908278,1
543,0,19.75,39,18.0004152908278,18.3271081519794,1
543,0,19.75,39,18.3271081519794,18.6209042314409,1
543,0,19.75,39,18.6209042314409,19.084647136704,1
543,0,19.75,39,19.084647136704,19.4274139388897,1
543,0,19.75,39,19.4274139388897,19.5426382567332,1
543,0,19.75,39,19.5426382567332,19.56903214551,1
543,0,19.75,39,19.56903214551,19.674357024029,1
543,0,19.75,39,19.674357024029,19.75,0
544,0,11.75,8,0,6.86805721879255,1
544,0,11.75,8,6.86805721879255,7.9799268312123,1
544,0,11.75,8,7.9799268312123,8.59488207739937,1
544,0,11.75,8,8.59488207739937,8.60049373524993,1
544,0,11.75,8,8.60049373524993,9.18601220882064,1
544,0,11.75,8,9.18601220882064,10.0960779659793,1
544,0,11.75,8,10.0960779659793,10.363082409112,1
544,0,11.75,8,10.363082409112,10.5385949698776,1
544,0,11.75,8,10.5385949698776,11.75,0
545,0,8.75,3,0,6.32579688298594,1
545,0,8.75,3,6.32579688298594,6.48294700110968,1
545,0,8.75,3,6.48294700110968,7.57334770630291,1
545,0,8.75,3,7.57334770630291,8.75,0
546,0,15.75,24,0,1.77236758628432,1
546,0,15.75,24,1.77236758628432,3.58827659830188,1
546,0,15.75,24,3.58827659830188,5.17848244020819,1
546,0,15.75,24,5.17848244020819,5.54690453078488,1
546,0,15.75,24,5.54690453078488,6.21138444869518,1
546,0,15.75,24,6.21138444869518,7.49856006687707,1
546,0,15.75,24,7.49856006687707,8.1348252886175,1
546,0,15.75,24,8.1348252886175,8.26822923952544,1
546,0,15.75,24,8.26822923952544,8.86698006249108,1
546,0,15.75,24,8.86698006249108,9.26849458606453,1
546,0,15.75,24,9.26849458606453,10.5510064660068,1
546,0,15.75,24,10.5510064660068,10.9849824568331,1
546,0,15.75,24,10.9849824568331,11.2324847048856,1
546,0,15.75,24,11.2324847048856,11.3880747071694,1
546,0,15.75,24,11.3880747071694,11.633490359053,1
546,0,15.75,24,11.633490359053,12.2396689563511,1
546,0,15.75,24,12.2396689563511,13.3106691059834,1
546,0,15.75,24,13.3106691059834,14.0351151695928,1
546,0,15.75,24,14.0351151695928,14.0735733821496,1
546,0,15.75,24,14.0735733821496,14.3303849568524,1
546,0,15.75,24,14.3303849568524,14.7469112699702,1
546,0,15.75,24,14.7469112699702,15.1642041233034,1
546,0,15.75,24,15.1642041233034,15.313807568837,1
546,0,15.75,24,15.313807568837,15.4709085410229,1
546,0,15.75,24,15.4709085410229,15.75,0
547,0,15.75,0,0,15.75,0
548,0,19.75,74,0,2.14922463333412,1
548,0,19.75,74,2.14922463333412,3.23572080720162,1
548,0,19.75,74,3.23572080720162,3.46212831596077,1
548,0,19.75,74,3.46212831596077,5.29314032138005,1
548,0,19.75,74,5.29314032138005,6.37433821976803,1
548,0,19.75,74,6.37433821976803,6.4146611405992,1
548,0,19.75,74,6.4146611405992,6.46898728494168,1
548,0,19.75,74,6.46898728494168,6.69122766778985,1
548,0,19.75,74,6.69122766778985,8.42967781326596,1
548,0,19.75,74,8.42967781326596,8.79935555175551,1
548,0,19.75,74,8.79935555175551,9.0377413364467,1
548,0,19.75,74,9.0377413364467,9.52555546941988,1
548,0,19.75,74,9.52555546941988,9.59747307636411,1
548,0,19.75,74,9.59747307636411,10.3583674920027,1
548,0,19.75,74,10.3583674920027,10.6006846827951,1
548,0,19.75,74,10.6006846827951,10.6253473550462,1
548,0,19.75,74,10.6253473550462,10.670976257204,1
548,0,19.75,74,10.670976257204,10.698709626681,1
548,0,19.75,74,10.698709626681,10.8799412600881,1
548,0,19.75,74,10.8799412600881,12.2362116475177,1
548,0,19.75,74,12.2362116475177,12.2722310396318,1
548,0,19.75,74,12.2722310396318,12.4623496975441,1
548,0,19.75,74,12.4623496975441,12.8308559070806,1
548,0,19.75,74,12.8308559070806,12.8342130361753,1
548,0,19.75,74,12.8342130361753,12.8585509350152,1
548,0,19.75,74,12.8585509350152,13.4881505736789,1
548,0,19.75,74,13.4881505736789,13.6007697168908,1
548,0,19.75,74,13.6007697168908,13.6579633240176,1
548,0,19.75,74,13.6579633240176,13.9141944181991,1
548,0,19.75,74,13.9141944181991,13.9200941231475,1
548,0,19.75,74,13.9200941231475,14.1780107619656,1
548,0,19.75,74,14.1780107619656,14.2084185496583,1
548,0,19.75,74,14.2084185496583,14.2289280570877,1
548,0,19.75,74,14.2289280570877,14.415404511992,1
548,0,19.75,74,14.415404511992,14.4252123984761,1
548,0,19.75,74,14.4252123984761,14.5449976731492,1
548,0,19.75,74,14.5449976731492,14.5677167580213,1
548,0,19.75,74,14.5677167580213,14.8006399566248,1
548,0,19.75,74,14.8006399566248,15.0369403531489,1
548,0,19.75,74,15.0369403531489,15.0513870582944,1
548,0,19.75,74,15.0513870582944,15.1406530878048,1
548,0,19.75,74,15.1406530878048,15.6961576085476,1
548,0,19.75,74,15.6961576085476,15.6994832422939,1
548,0,19.75,74,15.6994832422939,15.7872312686983,1
548,0,19.75,74,15.7872312686983,15.9731668122354,1
548,0,19.75,74,15.9731668122354,15.9899259725847,1
548,0,19.75,74,15.9899259725847,16.3253474104742,1
548,0,19.75,74,16.3253474104742,16.8504325895978,1
548,0,19.75,74,16.8504325895978,17.0528944501976,1
548,0,19.75,74,17.0528944501976,17.1013105079635,1
548,0,19.75,74,17.1013105079635,17.2371325591277,1
548,0,19.75,74,17.2371325591277,17.3440396399281,1
548,0,19.75,74,17.3440396399281,17.4347008434166,1
548,0,19.75,74,17.4347008434166,17.4772615929267,1
548,0,19.75,74,17.4772615929267,17.5530816590053,1
548,0,19.75,74,17.5530816590053,17.6250120720493,1
548,0,19.75,74,17.6250120720493,17.7263419164868,1
548,0,19.75,74,17.7263419164868,17.912775927262,1
548,0,19.75,74,17.912775927262,18.033671053375,1
548,0,19.75,74,18.033671053375,18.0710718842088,1
548,0,19.75,74,18.0710718842088,18.0868914355026,1
548,0,19.75,74,18.0868914355026,18.1442971431008,1
548,0,19.75,74,18.1442971431008,18.1476964724832,1
548,0,19.75,74,18.1476964724832,18.2589255036002,1
548,0,19.75,74,18.2589255036002,18.2626327668023,1
548,0,19.75,74,18.2626327668023,18.5445563834227,1
548,0,19.75,74,18.5445563834227,18.6068370856041,1
548,0,19.75,74,18.6068370856041,18.7122641312814,1
548,0,19.75,74,18.7122641312814,18.7867428268073,1
548,0,19.75,74,18.7867428268073,18.8458663599371,1
548,0,19.75,74,18.8458663599371,19.0149125369052,1
548,0,19.75,74,19.0149125369052,19.1315336418287,1
548,0,19.75,74,19.1315336418287,19.3731254381758,1
548,0,19.75,74,19.3731254381758,19.5415286075754,1
548,0,19.75,74,19.5415286075754,19.75,0
549,0,15.75,45,0,2.09444402894085,1
549,0,15.75,45,2.09444402894085,4.98109796261622,1
549,0,15.75,45,4.98109796261622,5.30062306258893,1
549,0,15.75,45,5.30062306258893,5.52820913815811,1
549,0,15.75,45,5.52820913815811,5.56447801675791,1
549,0,15.75,45,5.56447801675791,5.77403644328231,1
549,0,15.75,45,5.77403644328231,6.76127847330978,1
549,0,15.75,45,6.76127847330978,7.33228019274824,1
549,0,15.75,45,7.33228019274824,7.47914053836234,1
549,0,15.75,45,7.47914053836234,8.01951502165392,1
549,0,15.75,45,8.01951502165392,8.47429202335503,1
549,0,15.75,45,8.47429202335503,8.57694667726768,1
549,0,15.75,45,8.57694667726768,8.60059237868717,1
549,0,15.75,45,8.60059237868717,9.13836633724729,1
549,0,15.75,45,9.13836633724729,9.36395189012197,1
549,0,15.75,45,9.36395189012197,9.75738082689876,1
549,0,15.75,45,9.75738082689876,10.4326836946685,1
549,0,15.75,45,10.4326836946685,10.9451489397736,1
549,0,15.75,45,10.9451489397736,11.1268799246236,1
549,0,15.75,45,11.1268799246236,11.3415762351068,1
549,0,15.75,45,11.3415762351068,11.635170626969,1
549,0,15.75,45,11.635170626969,11.7164561222774,1
549,0,15.75,45,11.7164561222774,11.8292729868058,1
549,0,15.75,45,11.8292729868058,11.8845741796557,1
549,0,15.75,45,11.8845741796557,12.1694929934699,1
549,0,15.75,45,12.1694929934699,12.2149301590234,1
549,0,15.75,45,12.2149301590234,12.2471430655397,1
549,0,15.75,45,12.2471430655397,12.7798759194433,1
549,0,15.75,45,12.7798759194433,12.7904338315443,1
549,0,15.75,45,12.7904338315443,12.872525647271,1
549,0,15.75,45,12.872525647271,13.1451425405552,1
549,0,15.75,45,13.1451425405552,13.2500849412011,1
549,0,15.75,45,13.2500849412011,13.2997418129505,1
549,0,15.75,45,13.2997418129505,13.8684111675019,1
549,0,15.75,45,13.8684111675019,13.8696284580658,1
549,0,15.75,45,13.8696284580658,14.467310226901,1
549,0,15.75,45,14.467310226901,14.5059822586827,1
549,0,15.75,45,14.5059822586827,14.548824555672,1
549,0,15.75,45,14.548824555672,14.6423442388213,1
549,0,15.75,45,14.6423442388213,14.8353535941471,1
549,0,15.75,45,14.8353535941471,14.9956800699421,1
549,0,15.75,45,14.9956800699421,15.4114418150593,1
549,0,15.75,45,15.4114418150593,15.4705464240936,1
549,0,15.75,45,15.4705464240936,15.4758653852192,1
549,0,15.75,45,15.4758653852192,15.5252714863426,1
549,0,15.75,45,15.5252714863426,15.75,0
550,0,12.75,4,0,0.612667938667217,1
550,0,12.75,4,0.612667938667217,1.22098415882101,1
550,0,12.75,4,1.22098415882101,4.20692148250469,1
550,0,12.75,4,4.20692148250469,7.22386743250865,1
550,0,12.75,4,7.22386743250865,12.75,0
551,0,17.75,66,0,4.88560066704224,1
551,0,17.75,66,4.88560066704224,6.51802844953732,1
551,0,17.75,66,6.51802844953732,6.53216268940701,1
551,0,17.75,66,6.53216268940701,6.66264368672832,1
551,0,17.75,66,6.66264368672832,6.73585480674349,1
551,0,17.75,66,6.73585480674349,7.40237017395262,1
551,0,17.75,66,7.40237017395262,7.88638091774883,1
551,0,17.75,66,7.88638091774883,8.25141580999358,1
551,0,17.75,66,8.25141580999358,9.21227006956323,1
551,0,17.75,66,9.21227006956323,9.35677314874162,1
551,0,17.75,66,9.35677314874162,9.38025178136253,1
551,0,17.75,66,9.38025178136253,9.57235378061415,1
551,0,17.75,66,9.57235378061415,9.5748516073807,1
551,0,17.75,66,9.5748516073807,9.65201447319166,1
551,0,17.75,66,9.65201447319166,9.97430543871527,1
551,0,17.75,66,9.97430543871527,10.1337250265298,1
551,0,17.75,66,10.1337250265298,10.8524559809921,1
551,0,17.75,66,10.8524559809921,11.0053899786557,1
551,0,17.75,66,11.0053899786557,11.2140613451953,1
551,0,17.75,66,11.2140613451953,11.2780846036601,1
551,0,17.75,66,11.2780846036601,11.9798812041031,1
551,0,17.75,66,11.9798812041031,12.3429594483257,1
551,0,17.75,66,12.3429594483257,12.3944366114717,1
551,0,17.75,66,12.3944366114717,12.4350826418824,1
551,0,17.75,66,12.4350826418824,12.6780444891288,1
551,0,17.75,66,12.6780444891288,12.7264227146913,1
551,0,17.75,66,12.7264227146913,12.757632851975,1
551,0,17.75,66,12.757632851975,13.044195024482,1
551,0,17.75,66,13.044195024482,13.0471370861177,1
551,0,17.75,66,13.0471370861177,13.0515463865764,1
551,0,17.75,66,13.0515463865764,13.2752304336903,1
551,0,17.75,66,13.2752304336903,13.4391639119129,1
551,0,17.75,66,13.4391639119129,13.4442487554376,1
551,0,17.75,66,13.4442487554376,13.5772882111601,1
551,0,17.75,66,13.5772882111601,13.631234622674,1
551,0,17.75,66,13.631234622674,13.7302611716195,1
551,0,17.75,66,13.7302611716195,14.0645064775562,1
551,0,17.75,66,14.0645064775562,14.3376971417016,1
551,0,17.75,66,14.3376971417016,14.3805873561029,1
551,0,17.75,66,14.3805873561029,14.4304903430709,1
551,0,17.75,66,14.4304903430709,14.5078383318075,1
551,0,17.75,66,14.5078383318075,14.7677697186761,1
551,0,17.75,66,14.7677697186761,14.9202693852423,1
551,0,17.75,66,14.9202693852423,14.9221043457433,1
551,0,17.75,66,14.9221043457433,15.1798298648999,1
551,0,17.75,66,15.1798298648999,15.4364084770205,1
551,0,17.75,66,15.4364084770205,15.50332776373,1
551,0,17.75,66,15.50332776373,15.5755673384845,1
551,0,17.75,66,15.5755673384845,15.6791991684422,1
551,0,17.75,66,15.6791991684422,16.0499416010879,1
551,0,17.75,66,16.0499416010879,16.2068686244282,1
551,0,17.75,66,16.2068686244282,16.2760227581583,1
551,0,17.75,66,16.2760227581583,16.2914474362184,1
551,0,17.75,66,16.2914474362184,16.4158415812299,1
551,0,17.75,66,16.4158415812299,16.5098326571106,1
551,0,17.75,66,16.5098326571106,16.5901993287997,1
551,0,17.75,66,16.5901993287997,16.6268681664992,1
551,0,17.75,66,16.6268681664992,16.7443115530669,1
551,0,17.75,66,16.7443115530669,16.7610511472257,1
551,0,17.75,66,16.7610511472257,16.8632696976426,1
551,0,17.75,66,16.8632696976426,16.897974031813,1
551,0,17.75,66,16.897974031813,17.0718938664089,1
551,0,17.75,66,17.0718938664089,17.1992724071408,1
551,0,17.75,66,17.1992724071408,17.250153519082,1
551,0,17.75,66,17.250153519082,17.4137979203549,1
551,0,17.75,66,17.4137979203549,17.4574132231644,1
551,0,17.75,66,17.4574132231644,17.75,0
552,0,7.75,0,0,7.75,0
553,0,12.75,29,0,2.05919279652762,1
553,0,12.75,29,2.05919279652762,3.92158939107886,1
553,0,12.75,29,3.92158939107886,4.56263293059808,1
553,0,12.75,29,4.56263293059808,6.19088091441026,1
553,0,12.75,29,6.19088091441026,6.2012400669335,1
553,0,12.75,29,6.2012400669335,7.71634904628013,1
553,0,12.75,29,7.71634904628013,8.00058595180669,1
553,0,12.75,29,8.00058595180669,8.46737646551745,1
553,0,12.75,29,8.46737646551745,9.04623687646903,1
553,0,12.75,29,9.04623687646903,9.18910066882651,1
553,0,12.75,29,9.18910066882651,9.72463492539588,1
553,0,12.75,29,9.72463492539588,9.78772403906818,1
553,0,12.75,29,9.78772403906818,10.4804157341989,1
553,0,12.75,29,10.4804157341989,10.5461343737831,1
553,0,12.75,29,10.5461343737831,10.8688928612693,1
553,0,12.75,29,10.8688928612693,10.9338897793061,1
553,0,12.75,29,10.9338897793061,10.9374465203588,1
553,0,12.75,29,10.9374465203588,10.9721449046203,1
553,0,12.75,29,10.9721449046203,10.9949270723345,1
553,0,12.75,29,10.9949270723345,11.1787153676694,1
553,0,12.75,29,11.1787153676694,11.3968947592121,1
553,0,12.75,29,11.3968947592121,11.5934573150838,1
553,0,12.75,29,11.5934573150838,11.8348944124497,1
553,0,12.75,29,11.8348944124497,12.148682211857,1
553,0,12.75,29,12.148682211857,12.2143301226532,1
553,0,12.75,29,12.2143301226532,12.3702748315225,1
553,0,12.75,29,12.3702748315225,12.3937767786339,1
553,0,12.75,29,12.3937767786339,12.6208269647889,1
553,0,12.75,29,12.6208269647889,12.6643741572638,1
553,0,12.75,29,12.6643741572638,12.75,0
554,0,16.75,45,0,2.66168212658808,1
554,0,16.75,45,2.66168212658808,4.01445088149733,1
554,0,16.75,45,4.01445088149733,4.22737473264363,1
554,0,16.75,45,4.22737473264363,4.45912416024289,1
554,0,16.75,45,4.45912416024289,5.19776086507363,1
554,0,16.75,45,5.19776086507363,6.31302463377951,1
554,0,16.75,45,6.31302463377951,7.45547294683937,1
554,0,16.75,45,7.45547294683937,7.73514217710743,1
554,0,16.75,45,7.73514217710743,7.73932547282108,1
554,0,16.75,45,7.73932547282108,8.06202927142668,1
554,0,16.75,45,8.06202927142668,8.67734602116514,1
554,0,16.75,45,8.67734602116514,8.93282657297789,1
554,0,16.75,45,8.93282657297789,9.10707613583283,1
554,0,16.75,45,9.10707613583283,9.37148647477747,1
554,0,16.75,45,9.37148647477747,9.53964839934877,1
554,0,16.75,45,9.53964839934877,9.56562761800908,1
554,0,16.75,45,9.56562761800908,10.3634701074594,1
554,0,16.75,45,10.3634701074594,10.6674288397001,1
554,0,16.75,45,10.6674288397001,11.2575423067178,1
554,0,16.75,45,11.2575423067178,11.2954950948836,1
554,0,16.75,45,11.2954950948836,11.5255326402213,1
554,0,16.75,45,11.5255326402213,11.6460144733063,1
554,0,16.75,45,11.6460144733063,12.0733419968336,1
554,0,16.75,45,12.0733419968336,12.0847979906663,1
554,0,16.75,45,12.0847979906663,12.4241365553128,1
554,0,16.75,45,12.4241365553128,12.5053401634892,1
554,0,16.75,45,12.5053401634892,12.9474680375761,1
554,0,16.75,45,12.9474680375761,13.2564877313245,1
554,0,16.75,45,13.2564877313245,13.2753336782647,1
554,0,16.75,45,13.2753336782647,13.3664782368566,1
554,0,16.75,45,13.3664782368566,13.4772477843025,1
554,0,16.75,45,13.4772477843025,13.4882852634353,1
554,0,16.75,45,13.4882852634353,14.2178802333638,1
554,0,16.75,45,14.2178802333638,14.3753068200846,1
554,0,16.75,45,14.3753068200846,14.6677249468204,1
554,0,16.75,45,14.6677249468204,14.9081653298906,1
554,0,16.75,45,14.9081653298906,14.9618169961664,1
554,0,16.75,45,14.9618169961664,15.0733391629991,1
554,0,16.75,45,15.0733391629991,15.4124867200574,1
554,0,16.75,45,15.4124867200574,15.5919354422993,1
554,0,16.75,45,15.5919354422993,15.6201234828652,1
554,0,16.75,45,15.6201234828652,15.7420994855276,1
554,0,16.75,45,15.7420994855276,16.3473778132205,1
554,0,16.75,45,16.3473778132205,16.4453721077042,1
554,0,16.75,45,16.4453721077042,16.6502942259484,1
554,0,16.75,45,16.6502942259484,16.75,0
555,0,13.75,1,0,13.6052473389404,1
555,0,13.75,1,13.6052473389404,13.75,0
556,0,17.75,2,0,0.267068476590344,1
556,0,17.75,2,0.267068476590344,4.70308319098282,1
556,0,17.75,2,4.70308319098282,17.75,0
557,0,15.75,0,0,15.75,0
558,0,12.75,2,0,2.88456958557512,1
558,0,12.75,2,2.88456958557512,4.87481501837772,1
558,0,12.75,2,4.87481501837772,12.75,0
559,0,8.75,1,0,0.15156308380697,1
559,0,8.75,1,0.15156308380697,8.75,0
560,0,9.75,1,0,0.558310985693921,1
560,0,9.75,1,0.558310985693921,9.75,0
561,0,18.75,89,0,3.76349178243096,1
561,0,18.75,89,3.76349178243096,3.95221810657194,1
561,0,18.75,89,3.95221810657194,4.41558900415331,1
561,0,18.75,89,4.41558900415331,4.4648021902919,1
561,0,18.75,89,4.4648021902919,4.50036830005983,1
561,0,18.75,89,4.50036830005983,5.17241492229005,1
561,0,18.75,89,5.17241492229005,5.22374081484154,1
561,0,18.75,89,5.22374081484154,5.79650849604729,1
561,0,18.75,89,5.79650849604729,6.17738420508873,1
561,0,18.75,89,6.17738420508873,6.83798320935486,1
561,0,18.75,89,6.83798320935486,7.56906510091915,1
561,0,18.75,89,7.56906510091915,7.87242481814217,1
561,0,18.75,89,7.87242481814217,8.01115912423328,1
561,0,18.75,89,8.01115912423328,8.27067277251468,1
561,0,18.75,89,8.27067277251468,8.50023215533895,1
561,0,18.75,89,8.50023215533895,8.6296459744653,1
561,0,18.75,89,8.6296459744653,8.94079192478412,1
561,0,18.75,89,8.94079192478412,8.9781153337582,1
561,0,18.75,89,8.9781153337582,9.14369561376495,1
561,0,18.75,89,9.14369561376495,9.27530686472971,1
561,0,18.75,89,9.27530686472971,9.73177935122034,1
561,0,18.75,89,9.73177935122034,10.0069437154005,1
561,0,18.75,89,10.0069437154005,10.0183734270131,1
561,0,18.75,89,10.0183734270131,10.5009361993738,1
561,0,18.75,89,10.5009361993738,10.6004348281087,1
561,0,18.75,89,10.6004348281087,10.6256021044456,1
561,0,18.75,89,10.6256021044456,10.6529952940712,1
561,0,18.75,89,10.6529952940712,10.8059341347712,1
561,0,18.75,89,10.8059341347712,10.9308807101056,1
561,0,18.75,89,10.9308807101056,10.9403177171029,1
561,0,18.75,89,10.9403177171029,11.188833506738,1
561,0,18.75,89,11.188833506738,11.2316150996517,1
561,0,18.75,89,11.2316150996517,11.5162096547643,1
561,0,18.75,89,11.5162096547643,11.6800464630109,1
561,0,18.75,89,11.6800464630109,12.5715642202056,1
561,0,18.75,89,12.5715642202056,12.7418962945964,1
561,0,18.75,89,12.7418962945964,12.8768599148493,1
561,0,18.75,89,12.8768599148493,13.0039992268596,1
561,0,18.75,89,13.0039992268596,13.059019287994,1
561,0,18.75,89,13.059019287994,13.0611327534406,1
561,0,18.75,89,13.0611327534406,13.1824245032271,1
561,0,18.75,89,13.1824245032271,13.3574136827729,1
561,0,18.75,89,13.3574136827729,13.4396928517802,1
561,0,18.75,89,13.4396928517802,13.4494227458172,1
561,0,18.75,89,13.4494227458172,13.6879240690617,1
561,0,18.75,89,13.6879240690617,13.7977952787061,1
561,0,18.75,89,13.7977952787061,13.8525766028466,1
561,0,18.75,89,13.8525766028466,13.9274918002967,1
561,0,18.75,89,13.9274918002967,14.4712175466864,1
561,0,18.75,89,14.4712175466864,14.715020195549,1
561,0,18.75,89,14.715020195549,14.8303901017214,1
561,0,18.75,89,14.8303901017214,14.9220136847563,1
561,0,18.75,89,14.9220136847563,14.9638837524578,1
561,0,18.75,89,14.9638837524578,15.0739923043604,1
561,0,18.75,89,15.0739923043604,15.1670447051445,1
561,0,18.75,89,15.1670447051445,15.2555549011472,1
561,0,18.75,89,15.2555549011472,15.3173660564818,1
561,0,18.75,89,15.3173660564818,15.4229097484322,1
561,0,18.75,89,15.4229097484322,15.6069753480967,1
561,0,18.75,89,15.6069753480967,15.6772143343245,1
561,0,18.75,89,15.6772143343245,15.9444123469001,1
561,0,18.75,89,15.9444123469001,15.9554246327174,1
561,0,18.75,89,15.9554246327174,16.6200694869344,1
561,0,18.75,89,16.6200694869344,16.640076583486,1
561,0,18.75,89,16.640076583486,16.7119104532543,1
561,0,18.75,89,16.7119104532543,16.7716195393787,1
561,0,18.75,89,16.7716195393787,16.8318215133716,1
561,0,18.75,89,16.8318215133716,16.9144244084053,1
561,0,18.75,89,16.9144244084053,16.9883341642222,1
561,0,18.75,89,16.9883341642222,17.2897660826795,1
561,0,18.75,89,17.2897660826795,17.3186964592617,1
561,0,18.75,89,17.3186964592617,17.3452102789238,1
561,0,18.75,89,17.3452102789238,17.5306227321752,1
561,0,18.75,89,17.5306227321752,17.5553196380734,1
561,0,18.75,89,17.5553196380734,17.5602183515078,1
561,0,18.75,89,17.5602183515078,17.5812866636793,1
561,0,18.75,89,17.5812866636793,17.590006191815,1
561,0,18.75,89,17.590006191815,17.9951875907865,1
561,0,18.75,89,17.9951875907865,18.023787241293,1
561,0,18.75,89,18.023787241293,18.1136119041201,1
561,0,18.75,89,18.1136119041201,18.3055675140726,1
561,0,18.75,89,18.3055675140726,18.3292769056985,1
561,0,18.75,89,18.3292769056985,18.3618467501055,1
561,0,18.75,89,18.3618467501055,18.4208877188443,1
561,0,18.75,89,18.4208877188443,18.4531371011514,1
561,0,18.75,89,18.4531371011514,18.5411906844677,1
561,0,18.75,89,18.5411906844677,18.6865810658797,1
561,0,18.75,89,18.6865810658797,18.733985808854,1
561,0,18.75,89,18.733985808854,18.7384073196007,1
561,0,18.75,89,18.7384073196007,18.75,0
562,0,15.75,27,0,5.21515769640713,1
562,0,15.75,27,5.21515769640713,6.60387471181754,1
562,0,15.75,27,6.60387471181754,6.61167731170262,1
562,0,15.75,27,6.61167731170262,8.70754880533783,1
562,0,15.75,27,8.70754880533783,9.46721979644949,1
562,0,15.75,27,9.46721979644949,9.79816377288375,1
562,0,15.75,27,9.79816377288375,10.0825059076605,1
562,0,15.75,27,10.0825059076605,10.0833300990095,1
562,0,15.75,27,10.0833300990095,10.3011734312147,1
562,0,15.75,27,10.3011734312147,10.474585631906,1
562,0,15.75,27,10.474585631906,10.5416403893471,1
562,0,15.75,27,10.5416403893471,10.5714427423596,1
562,0,15.75,27,10.5714427423596,11.0032006747102,1
562,0,15.75,27,11.0032006747102,11.048744771598,1
562,0,15.75,27,11.048744771598,11.6503466646741,1
562,0,15.75,27,11.6503466646741,11.9718988790216,1
562,0,15.75,27,11.9718988790216,12.8188107180086,1
562,0,15.75,27,12.8188107180086,13.0267898920423,1
562,0,15.75,27,13.0267898920423,13.0893804969612,1
562,0,15.75,27,13.0893804969612,13.3695214368977,1
562,0,15.75,27,13.3695214368977,13.398460419153,1
562,0,15.75,27,13.398460419153,13.4523631000875,1
562,0,15.75,27,13.4523631000875,13.5619734472321,1
562,0,15.75,27,13.5619734472321,13.6313128925925,1
562,0,15.75,27,13.6313128925925,14.0211855685502,1
562,0,15.75,27,14.0211855685502,14.2309827172215,1
562,0,15.75,27,14.2309827172215,15.6471499954634,1
562,0,15.75,27,15.6471499954634,15.75,0
563,0,18.75,3,0,0.754735655258926,1
563,0,18.75,3,0.754735655258926,9.39321518515981,1
563,0,18.75,3,9.39321518515981,13.7538074859437,1
563,0,18.75,3,13.7538074859437,18.75,0
564,0,15.75,23,0,6.38663501398897,1
564,0,15.75,23,6.38663501398897,6.90119423465992,1
564,0,15.75,23,6.90119423465992,7.61674366476025,1
564,0,15.75,23,7.61674366476025,9.21119236675099,1
564,0,15.75,23,9.21119236675099,9.33335803026997,1
564,0,15.75,23,9.33335803026997,9.84761357311822,1
564,0,15.75,23,9.84761357311822,9.88410823546904,1
564,0,15.75,23,9.88410823546904,10.5719077236887,1
564,0,15.75,23,10.5719077236887,10.7206539088716,1
564,0,15.75,23,10.7206539088716,10.7294370330336,1
564,0,15.75,23,10.7294370330336,10.8173060364576,1
564,0,15.75,23,10.8173060364576,11.4613999228021,1
564,0,15.75,23,11.4613999228021,12.1024950272766,1
564,0,15.75,23,12.1024950272766,12.994492463994,1
564,0,15.75,23,12.994492463994,13.714736077436,1
564,0,15.75,23,13.714736077436,14.0003682712288,1
564,0,15.75,23,14.0003682712288,14.4266584898587,1
564,0,15.75,23,14.4266584898587,14.5630575460634,1
564,0,15.75,23,14.5630575460634,14.6497350032098,1
564,0,15.75,23,14.6497350032098,15.1105285827037,1
564,0,15.75,23,15.1105285827037,15.2176049324,1
564,0,15.75,23,15.2176049324,15.5598764778716,1
564,0,15.75,23,15.5598764778716,15.6075966820859,1
564,0,15.75,23,15.6075966820859,15.75,0
565,0,15.75,3,0,0.214328625394943,1
565,0,15.75,3,0.214328625394943,0.338633252046421,1
565,0,15.75,3,0.338633252046421,5.34172230016307,1
565,0,15.75,3,5.34172230016307,15.75,0
566,0,15.75,2,0,8.89665463005116,1
566,0,15.75,2,8.89665463005116,13.7619094158541,1
566,0,15.75,2,13.7619094158541,15.75,0
567,0,15.75,0,0,15.75,0
568,0,12.75,2,0,0.260557631393539,1
568,0,12.75,2,0.260557631393539,0.404596194701272,1
568,0,12.75,2,0.404596194701272,12.75,0
569,0,15.75,18,0,2.68779505347987,1
569,0,15.75,18,2.68779505347987,5.20318009031725,1
569,0,15.75,18,5.20318009031725,5.65288521211947,1
569,0,15.75,18,5.65288521211947,7.8468337083376,1
569,0,15.75,18,7.8468337083376,7.90369795806625,1
569,0,15.75,18,7.90369795806625,8.60361440366773,1
569,0,15.75,18,8.60361440366773,9.17399306408983,1
569,0,15.75,18,9.17399306408983,10.5344046591709,1
569,0,15.75,18,10.5344046591709,11.8846645648847,1
569,0,15.75,18,11.8846645648847,12.7397627133829,1
569,0,15.75,18,12.7397627133829,13.4636949537813,1
569,0,15.75,18,13.4636949537813,13.6762300415839,1
569,0,15.75,18,13.6762300415839,13.9266513613379,1
569,0,15.75,18,13.9266513613379,14.2136162474685,1
569,0,15.75,18,14.2136162474685,14.7780563443076,1
569,0,15.75,18,14.7780563443076,14.8972495130512,1
569,0,15.75,18,14.8972495130512,14.8974358426706,1
569,0,15.75,18,14.8974358426706,15.3314657416607,1
569,0,15.75,18,15.3314657416607,15.75,0
570,0,14.75,2,0,1.81356816310387,1
570,0,14.75,2,1.81356816310387,9.12374046278718,1
570,0,14.75,2,9.12374046278718,14.75,0
571,0,11.75,2,0,3.41705982950814,1
571,0,11.75,2,3.41705982950814,5.49847568152039,1
571,0,11.75,2,5.49847568152039,11.75,0
572,0,17.75,1,0,16.1076565087384,1
572,0,17.75,1,16.1076565087384,17.75,0
573,0,10.75,2,0,0.12273989169701,1
573,0,10.75,2,0.12273989169701,1.71971426062609,1
573,0,10.75,2,1.71971426062609,10.75,0
574,0,8.75,0,0,8.75,0
575,0,9.75,1,0,5.45948189329977,1
575,0,9.75,1,5.45948189329977,9.75,0
576,0,19.75,2,0,2.43513078427538,1
576,0,19.75,2,2.43513078427538,7.81990137495814,1
576,0,19.75,2,7.81990137495814,19.75,0
577,0,10.75,2,0,0.429424811855067,1
577,0,10.75,2,0.429424811855067,5.87368502484893,1
577,0,10.75,2,5.87368502484893,10.75,0
578,0,13.75,18,0,4.94857404009059,1
578,0,13.75,18,4.94857404009059,6.82439686308924,1
578,0,13.75,18,6.82439686308924,7.95917932227659,1
578,0,13.75,18,7.95917932227659,8.2192018518634,1
578,0,13.75,18,8.2192018518634,8.85274105574597,1
578,0,13.75,18,8.85274105574597,10.242743445337,1
578,0,13.75,18,10.242743445337,10.4788143618301,1
578,0,13.75,18,10.4788143618301,10.5735656513609,1
578,0,13.75,18,10.5735656513609,10.7250921936106,1
578,0,13.75,18,10.7250921936106,10.8849028617868,1
578,0,13.75,18,10.8849028617868,11.2347447857563,1
578,0,13.75,18,11.2347447857563,11.5865599243391,1
578,0,13.75,18,11.5865599243391,11.7395110329843,1
578,0,13.75,18,11.7395110329843,11.9452711650335,1
578,0,13.75,18,11.9452711650335,12.3580960539191,1
578,0,13.75,18,12.3580960539191,13.1285419361368,1
578,0,13.75,18,13.1285419361368,13.2456107879219,1
578,0,13.75,18,13.2456107879219,13.4011774490416,1
578,0,13.75,18,13.4011774490416,13.75,0
579,0,10.75,20,0,2.48759385732592,1
579,0,10.75,20,2.48759385732592,2.77145613005666,1
579,0,10.75,20,2.77145613005666,4.27232426321532,1
579,0,10.75,20,4.27232426321532,5.43976488415153,1
579,0,10.75,20,5.43976488415153,6.22907347885114,1
579,0,10.75,20,6.22907347885114,6.57093594626543,1
579,0,10.75,20,6.57093594626543,6.66134692963104,1
579,0,10.75,20,6.66134692963104,6.83762889763011,1
579,0,10.75,20,6.83762889763011,7.42868007911785,1
579,0,10.75,20,7.42868007911785,8.3069276360649,1
579,0,10.75,20,8.3069276360649,9.28455925846709,1
579,0,10.75,20,9.28455925846709,9.65895414745233,1
579,0,10.75,20,9.65895414745233,9.82360668345109,1
579,0,10.75,20,9.82360668345109,9.93695452727246,1
579,0,10.75,20,9.93695452727246,10.0587109629725,1
579,0,10.75,20,10.0587109629725,10.0707662937614,1
579,0,10.75,20,10.0707662937614,10.294411485113,1
579,0,10.75,20,10.294411485113,10.3402670970218,1
579,0,10.75,20,10.3402670970218,10.5960722983066,1
579,0,10.75,20,10.5960722983066,10.6449206796168,1
579,0,10.75,20,10.6449206796168,10.75,0
580,0,9.75,0,0,9.75,0
581,0,9.75,2,0,0.013515579216411,1
581,0,9.75,2,0.013515579216411,0.898335733657822,1
581,0,9.75,2,0.898335733657822,9.75,0
582,0,9.75,1,0,3.1014082502093,1
582,0,9.75,1,3.1014082502093,9.75,0
583,0,15.75,2,0,1.34985664818534,1
583,0,15.75,2,1.34985664818534,4.26525954257573,1
583,0,15.75,2,4.26525954257573,15.75,0
584,0,12.75,1,0,0.00740793821616676,1
584,0,12.75,1,0.00740793821616676,12.75,0
585,0,10.75,15,0,2.08449356224644,1
585,0,10.75,15,2.08449356224644,4.02122300766957,1
585,0,10.75,15,4.02122300766957,5.4479045584307,1
585,0,10.75,15,5.4479045584307,5.9167977192893,1
585,0,10.75,15,5.9167977192893,6.26598297631601,1
585,0,10.75,15,6.26598297631601,6.45983453789625,1
585,0,10.75,15,6.45983453789625,7.7359325981465,1
585,0,10.75,15,7.7359325981465,7.88895663508762,1
585,0,10.75,15,7.88895663508762,7.95225151903909,1
585,0,10.75,15,7.95225151903909,8.50241597034421,1
585,0,10.75,15,8.50241597034421,8.81623430693689,1
585,0,10.75,15,8.81623430693689,9.43084338481232,1
585,0,10.75,15,9.43084338481232,9.6222773136101,1
585,0,10.75,15,9.6222773136101,9.76019496299156,1
585,0,10.75,15,9.76019496299156,9.97615387425896,1
585,0,10.75,15,9.97615387425896,10.75,0
586,0,12.75,6,0,0.132336170404114,1
586,0,12.75,6,0.132336170404114,2.35777497470601,1
586,0,12.75,6,2.35777497470601,3.33167586990061,1
586,0,12.75,6,3.33167586990061,3.54156410299306,1
586,0,12.75,6,3.54156410299306,5.55744672946582,1
586,0,12.75,6,5.55744672946582,7.39547440113578,1
586,0,12.75,6,7.39547440113578,12.75,0
587,0,8.75,1,0,1.04339921515864,1
587,0,8.75,1,1.04339921515864,8.75,0
588,0,10.75,0,0,10.75,0
589,0,16.75,3,0,0.931238025647863,1
589,0,16.75,3,0.931238025647863,9.72314876924265,1
589,0,16.75,3,9.72314876924265,10.4268867497425,1
589,0,16.75,3,10.4268867497425,16.75,0
590,0,11.75,0,0,11.75,0
591,0,17.75,1,0,1.43713914023094,1
591,0,17.75,1,1.43713914023094,17.75,0
592,0,20.75,97,0,1.86406648303446,1
592,0,20.75,97,1.86406648303446,3.45560483210744,1
592,0,20.75,97,3.45560483210744,4.25382168194566,1
592,0,20.75,97,4.25382168194566,4.2759420835394,1
592,0,20.75,97,4.2759420835394,4.29449041077016,1
592,0,20.75,97,4.29449041077016,5.33386431222099,1
592,0,20.75,97,5.33386431222099,5.76868099691352,1
592,0,20.75,97,5.76868099691352,6.95381949933417,1
592,0,20.75,97,6.95381949933417,8.45314033500002,1
592,0,20.75,97,8.45314033500002,9.42715272469213,1
592,0,20.75,97,9.42715272469213,9.48156948090672,1
592,0,20.75,97,9.48156948090672,10.0141385201964,1
592,0,20.75,97,10.0141385201964,10.3551550624103,1
592,0,20.75,97,10.3551550624103,10.4682144193058,1
592,0,20.75,97,10.4682144193058,10.5231192123592,1
592,0,20.75,97,10.5231192123592,10.6824795906834,1
592,0,20.75,97,10.6824795906834,10.8039703577897,1
592,0,20.75,97,10.8039703577897,10.9806143882641,1
592,0,20.75,97,10.9806143882641,11.0453773674925,1
592,0,20.75,97,11.0453773674925,11.0664303458947,1
592,0,20.75,97,11.0664303458947,11.4871342735203,1
592,0,20.75,97,11.4871342735203,11.6764065299796,1
592,0,20.75,97,11.6764065299796,11.8525980910744,1
592,0,20.75,97,11.8525980910744,12.0082019720325,1
592,0,20.75,97,12.0082019720325,12.395147574511,1
592,0,20.75,97,12.395147574511,12.5464970410102,1
592,0,20.75,97,12.5464970410102,12.9737448034818,1
592,0,20.75,97,12.9737448034818,13.0139112564395,1
592,0,20.75,97,13.0139112564395,13.1467855462868,1
592,0,20.75,97,13.1467855462868,13.4875469748575,1
592,0,20.75,97,13.4875469748575,13.5101357650119,1
592,0,20.75,97,13.5101357650119,13.7169343041344,1
592,0,20.75,97,13.7169343041344,13.8843580571612,1
592,0,20.75,97,13.8843580571612,13.9354715735576,1
592,0,20.75,97,13.9354715735576,14.0645592476078,1
592,0,20.75,97,14.0645592476078,14.2025205137606,1
592,0,20.75,97,14.2025205137606,14.2889790358768,1
592,0,20.75,97,14.2889790358768,14.311637533704,1
592,0,20.75,97,14.311637533704,14.7347232702373,1
592,0,20.75,97,14.7347232702373,15.2770348136886,1
592,0,20.75,97,15.2770348136886,15.4543704028677,1
592,0,20.75,97,15.4543704028677,15.6421238094189,1
592,0,20.75,97,15.6421238094189,15.6580387906581,1
592,0,20.75,97,15.6580387906581,16.050767528051,1
592,0,20.75,97,16.050767528051,16.0769209831463,1
592,0,20.75,97,16.0769209831463,16.1321751703688,1
592,0,20.75,97,16.1321751703688,16.156442410663,1
592,0,20.75,97,16.156442410663,16.1815221777997,1
592,0,20.75,97,16.1815221777997,16.3422541888399,1
592,0,20.75,97,16.3422541888399,16.4942318913569,1
592,0,20.75,97,16.4942318913569,16.6151151444189,1
592,0,20.75,97,16.6151151444189,16.7412174595928,1
592,0,20.75,97,16.7412174595928,16.7822684326698,1
592,0,20.75,97,16.7822684326698,16.941446928754,1
592,0,20.75,97,16.941446928754,17.1253990115883,1
592,0,20.75,97,17.1253990115883,17.1793986319461,1
592,0,20.75,97,17.1793986319461,17.2570584617018,1
592,0,20.75,97,17.2570584617018,17.2675472719008,1
592,0,20.75,97,17.2675472719008,17.2793548914488,1
592,0,20.75,97,17.2793548914488,17.3614742694629,1
592,0,20.75,97,17.3614742694629,17.6074696160949,1
592,0,20.75,97,17.6074696160949,17.7357837574063,1
592,0,20.75,97,17.7357837574063,17.7432214139075,1
592,0,20.75,97,17.7432214139075,17.9258850516633,1
592,0,20.75,97,17.9258850516633,17.9726139403625,1
592,0,20.75,97,17.9726139403625,18.1403634329351,1
592,0,20.75,97,18.1403634329351,18.1671021247624,1
592,0,20.75,97,18.1671021247624,18.172440901752,1
592,0,20.75,97,18.172440901752,18.183959706593,1
592,0,20.75,97,18.183959706593,18.3301413195828,1
592,0,20.75,97,18.3301413195828,18.3345270374082,1
592,0,20.75,97,18.3345270374082,18.4889514586299,1
592,0,20.75,97,18.4889514586299,18.5508918701383,1
592,0,20.75,97,18.5508918701383,18.5822691200873,1
592,0,20.75,97,18.5822691200873,18.7040993785636,1
592,0,20.75,97,18.7040993785636,18.8726926227533,1
592,0,20.75,97,18.8726926227533,18.8837005913083,1
592,0,20.75,97,18.8837005913083,18.92413896128,1
592,0,20.75,97,18.92413896128,18.9960411212463,1
592,0,20.75,97,18.9960411212463,19.2265913097244,1
592,0,20.75,97,19.2265913097244,19.3755857003743,1
592,0,20.75,97,19.3755857003743,19.4504886237993,1
592,0,20.75,97,19.4504886237993,19.5945622398631,1
592,0,20.75,97,19.5945622398631,19.7410052571704,1
592,0,20.75,97,19.7410052571704,19.7587073508922,1
592,0,20.75,97,19.7587073508922,19.8072001085302,1
592,0,20.75,97,19.8072001085302,19.9090333926752,1
592,0,20.75,97,19.9090333926752,20.0091989606906,1
592,0,20.75,97,20.0091989606906,20.0107452478163,1
592,0,20.75,97,20.0107452478163,20.0158633443092,1
592,0,20.75,97,20.0158633443092,20.1375443166939,1
592,0,20.75,97,20.1375443166939,20.1861473985913,1
592,0,20.75,97,20.1861473985913,20.2156928689378,1
592,0,20.75,97,20.2156928689378,20.3954886050923,1
592,0,20.75,97,20.3954886050923,20.4652755555553,1
592,0,20.75,97,20.4652755555553,20.5048194143479,1
592,0,20.75,97,20.5048194143479,20.6510041983525,1
592,0,20.75,97,20.6510041983525,20.75,0
593,0,7.75,1,0,2.64193324930818,1
593,0,7.75,1,2.64193324930818,7.75,0
594,0,10.75,11,0,3.26218702464897,1
594,0,10.75,11,3.26218702464897,5.82486100222468,1
594,0,10.75,11,5.82486100222468,5.99582494683789,1
594,0,10.75,11,5.99582494683789,6.0882748392939,1
594,0,10.75,11,6.0882748392939,6.14215367107294,1
594,0,10.75,11,6.14215367107294,6.45950745735321,1
594,0,10.75,11,6.45950745735321,8.17212173025709,1
594,0,10.75,11,8.17212173025709,8.79951939459128,1
594,0,10.75,11,8.79951939459128,9.08763809944087,1
594,0,10.75,11,9.08763809944087,9.89493357723144,1
594,0,10.75,11,9.89493357723144,10.2429505441792,1
594,0,10.75,11,10.2429505441792,10.75,0
595,0,16.75,1,0,11.7421444518028,1
595,0,16.75,1,11.7421444518028,16.75,0
596,0,14.75,23,0,2.78130262445526,1
596,0,14.75,23,2.78130262445526,4.17603342713989,1
596,0,14.75,23,4.17603342713989,5.70208263497458,1
596,0,14.75,23,5.70208263497458,6.46670432591451,1
596,0,14.75,23,6.46670432591451,7.66046749421678,1
596,0,14.75,23,7.66046749421678,8.21401979335649,1
596,0,14.75,23,8.21401979335649,10.1501511680954,1
596,0,14.75,23,10.1501511680954,12.1790337089047,1
596,0,14.75,23,12.1790337089047,12.2598502540935,1
596,0,14.75,23,12.2598502540935,12.2754274560619,1
596,0,14.75,23,12.2754274560619,12.5499071847026,1
596,0,14.75,23,12.5499071847026,12.6213249307729,1
596,0,14.75,23,12.6213249307729,12.7697991266279,1
596,0,14.75,23,12.7697991266279,12.7766253373801,1
596,0,14.75,23,12.7766253373801,12.9370760974794,1
596,0,14.75,23,12.9370760974794,13.1143837261343,1
596,0,14.75,23,13.1143837261343,13.2821997982031,1
596,0,14.75,23,13.2821997982031,13.4360766489196,1
596,0,14.75,23,13.4360766489196,13.7302984224746,1
596,0,14.75,23,13.7302984224746,13.8714661586372,1
596,0,14.75,23,13.8714661586372,14.0914800942735,1
596,0,14.75,23,14.0914800942735,14.2655805177018,1
596,0,14.75,23,14.2655805177018,14.4886084571774,1
596,0,14.75,23,14.4886084571774,14.75,0
597,0,13.75,3,0,3.847609305153,1
597,0,13.75,3,3.847609305153,7.79092809605399,1
597,0,13.75,3,7.79092809605399,8.55621481260773,1
597,0,13.75,3,8.55621481260773,13.75,0
598,0,17.75,0,0,17.75,0
599,0,13.75,1,0,0.185173538233205,1
599,0,13.75,1,0.185173538233205,13.75,0
600,0,15.75,2,0,0.692502242694508,1
600,0,15.75,2,0.692502242694508,11.9208936913719,1
600,0,15.75,2,11.9208936913719,15.75,0
