"id","xi","Tei","n.rec","start","stop","status"
1,1,17.75,9,0,0.867166945298816,1
1,1,17.75,9,0.867166945298816,1.82163433174417,1
1,1,17.75,9,1.82163433174417,4.40506699302106,1
1,1,17.75,9,4.40506699302106,4.98166219251849,1
1,1,17.75,9,4.98166219251849,5.76396383390682,1
1,1,17.75,9,5.76396383390682,9.39123176690322,1
1,1,17.75,9,9.39123176690322,12.0579842946052,1
1,1,17.75,9,12.0579842946052,14.2275596687769,1
1,1,17.75,9,14.2275596687769,16.5384214747561,1
1,1,17.75,9,16.5384214747561,17.75,0
2,1,11.75,5,0,0.0554903515460092,1
2,1,11.75,5,0.0554903515460092,3.50973668368843,1
2,1,11.75,5,3.50973668368843,7.45421171116807,1
2,1,11.75,5,7.45421171116807,8.60049024382,1
2,1,11.75,5,8.60049024382,11.7095720212359,1
2,1,11.75,5,11.7095720212359,11.75,0
3,1,11.75,0,0,11.75,0
4,1,17.75,4,0,4.35108153952494,1
4,1,17.75,4,4.35108153952494,11.2697462425495,1
4,1,17.75,4,11.2697462425495,14.9369509305033,1
4,1,17.75,4,14.9369509305033,15.5446515166664,1
4,1,17.75,4,15.5446515166664,17.75,0
5,1,9.75,3,0,4.74449319264572,1
5,1,9.75,3,4.74449319264572,7.52553734545615,1
5,1,9.75,3,7.52553734545615,8.1603509857483,1
5,1,9.75,3,8.1603509857483,9.75,0
6,1,17.75,2,0,8.91897287117556,1
6,1,17.75,2,8.91897287117556,15.5890814894139,1
6,1,17.75,2,15.5890814894139,17.75,0
7,1,17.75,0,0,17.75,0
8,1,18.75,8,0,1.50366343539582,1
8,1,18.75,8,1.50366343539582,2.58744401802276,1
8,1,18.75,8,2.58744401802276,3.18158245708858,1
8,1,18.75,8,3.18158245708858,7.5928061312956,1
8,1,18.75,8,7.5928061312956,7.86730421771594,1
8,1,18.75,8,7.86730421771594,10.5343642441343,1
8,1,18.75,8,10.5343642441343,14.5265505363526,1
8,1,18.75,8,14.5265505363526,17.0204842616622,1
8,1,18.75,8,17.0204842616622,18.75,0
9,1,15.75,4,0,4.08628788628843,1
9,1,15.75,4,4.08628788628843,4.69174567491454,1
9,1,15.75,4,4.69174567491454,6.02542298165476,1
9,1,15.75,4,6.02542298165476,12.4855116323275,1
9,1,15.75,4,12.4855116323275,15.75,0
10,1,13.75,7,0,5.18152591695769,1
10,1,13.75,7,5.18152591695769,7.85549077455731,1
10,1,13.75,7,7.85549077455731,8.35693263437023,1
10,1,13.75,7,8.35693263437023,8.78257664097752,1
10,1,13.75,7,8.78257664097752,9.68146460156045,1
10,1,13.75,7,9.68146460156045,13.2258785373841,1
10,1,13.75,7,13.2258785373841,13.5100985298271,1
10,1,13.75,7,13.5100985298271,13.75,0
11,1,12.75,6,0,0.53930206569408,1
11,1,12.75,6,0.53930206569408,3.09624265214639,1
11,1,12.75,6,3.09624265214639,3.58112899803177,1
11,1,12.75,6,3.58112899803177,4.99164945738144,1
11,1,12.75,6,4.99164945738144,7.32637746827336,1
11,1,12.75,6,7.32637746827336,8.48554261368387,1
11,1,12.75,6,8.48554261368387,12.75,0
12,1,20.75,2,0,11.8452910659572,1
12,1,20.75,2,11.8452910659572,14.8848212533641,1
12,1,20.75,2,14.8848212533641,20.75,0
13,1,10.75,5,0,4.37483424051992,1
13,1,10.75,5,4.37483424051992,9.23462084925356,1
13,1,10.75,5,9.23462084925356,10.1988316616573,1
13,1,10.75,5,10.1988316616573,10.3625648161083,1
13,1,10.75,5,10.3625648161083,10.4434862016036,1
13,1,10.75,5,10.4434862016036,10.75,0
14,1,18.75,11,0,0.76733824833842,1
14,1,18.75,11,0.76733824833842,2.1952450627727,1
14,1,18.75,11,2.1952450627727,4.47641543878479,1
14,1,18.75,11,4.47641543878479,9.04591214664079,1
14,1,18.75,11,9.04591214664079,9.679001018567,1
14,1,18.75,11,9.679001018567,10.8687268031675,1
14,1,18.75,11,10.8687268031675,11.2821333500239,1
14,1,18.75,11,11.2821333500239,13.4062883172774,1
14,1,18.75,11,13.4062883172774,14.0233435838017,1
14,1,18.75,11,14.0233435838017,14.1940702433814,1
14,1,18.75,11,14.1940702433814,18.5713340013639,1
14,1,18.75,11,18.5713340013639,18.75,0
15,1,15.75,8,0,5.01174108154357,1
15,1,15.75,8,5.01174108154357,5.10045769212927,1
15,1,15.75,8,5.10045769212927,6.26754734516393,1
15,1,15.75,8,6.26754734516393,8.34168896788563,1
15,1,15.75,8,8.34168896788563,9.57680971884007,1
15,1,15.75,8,9.57680971884007,12.3556251533778,1
15,1,15.75,8,12.3556251533778,13.7170044952148,1
15,1,15.75,8,13.7170044952148,15.7180089905601,1
15,1,15.75,8,15.7180089905601,15.75,0
16,1,10.75,4,0,1.88387419897436,1
16,1,10.75,4,1.88387419897436,3.20532539350072,1
16,1,10.75,4,3.20532539350072,4.76502922483713,1
16,1,10.75,4,4.76502922483713,7.41556749714682,1
16,1,10.75,4,7.41556749714682,10.75,0
17,1,20.75,17,0,2.29583750995025,1
17,1,20.75,17,2.29583750995025,4.77960311688993,1
17,1,20.75,17,4.77960311688993,6.40073373465165,1
17,1,20.75,17,6.40073373465165,6.83327046818101,1
17,1,20.75,17,6.83327046818101,7.80894120716577,1
17,1,20.75,17,7.80894120716577,9.05337177782407,1
17,1,20.75,17,9.05337177782407,9.71472711744057,1
17,1,20.75,17,9.71472711744057,11.2824300546241,1
17,1,20.75,17,11.2824300546241,11.4216708406,1
17,1,20.75,17,11.4216708406,13.7690314633672,1
17,1,20.75,17,13.7690314633672,14.7359072531484,1
17,1,20.75,17,14.7359072531484,14.7697240879435,1
17,1,20.75,17,14.7697240879435,15.7231098034984,1
17,1,20.75,17,15.7231098034984,16.1339558083854,1
17,1,20.75,17,16.1339558083854,16.8008341521871,1
17,1,20.75,17,16.8008341521871,19.3171995715521,1
17,1,20.75,17,19.3171995715521,19.9509301364324,1
17,1,20.75,17,19.9509301364324,20.75,0
18,1,15.75,2,0,4.4822514422701,1
18,1,15.75,2,4.4822514422701,12.8671139559199,1
18,1,15.75,2,12.8671139559199,15.75,0
19,1,11.75,2,0,0.277587071310695,1
19,1,11.75,2,0.277587071310695,3.48915142126158,1
19,1,11.75,2,3.48915142126158,11.75,0
20,1,13.75,3,0,1.47122966583742,1
20,1,13.75,3,1.47122966583742,1.52285770656503,1
20,1,13.75,3,1.52285770656503,11.3259134807848,1
20,1,13.75,3,11.3259134807848,13.75,0
21,1,14.75,2,0,9.71620933291745,1
21,1,14.75,2,9.71620933291745,14.010627272191,1
21,1,14.75,2,14.010627272191,14.75,0
22,1,14.75,4,0,6.50023715587674,1
22,1,14.75,4,6.50023715587674,7.24348506438109,1
22,1,14.75,4,7.24348506438109,11.3702118004596,1
22,1,14.75,4,11.3702118004596,14.343893085284,1
22,1,14.75,4,14.343893085284,14.75,0
23,1,14.75,5,0,5.9375182911761,1
23,1,14.75,5,5.9375182911761,10.6272640397635,1
23,1,14.75,5,10.6272640397635,11.0186160410312,1
23,1,14.75,5,11.0186160410312,12.9282408815073,1
23,1,14.75,5,12.9282408815073,13.1677519047713,1
23,1,14.75,5,13.1677519047713,14.75,0
24,1,15.75,6,0,1.16255642530785,1
24,1,15.75,6,1.16255642530785,2.15311650000346,1
24,1,15.75,6,2.15311650000346,7.4738095579929,1
24,1,15.75,6,7.4738095579929,11.4882094177971,1
24,1,15.75,6,11.4882094177971,14.1315410272213,1
24,1,15.75,6,14.1315410272213,14.2257038845989,1
24,1,15.75,6,14.2257038845989,15.75,0
25,1,9.75,3,0,3.80504904016176,1
25,1,9.75,3,3.80504904016176,8.12937213179106,1
25,1,9.75,3,8.12937213179106,8.99128158745527,1
25,1,9.75,3,8.99128158745527,9.75,0
26,1,15.75,1,0,8.84001786162175,1
26,1,15.75,1,8.84001786162175,15.75,0
27,1,13.75,7,0,1.70523392534497,1
27,1,13.75,7,1.70523392534497,3.4932426418854,1
27,1,13.75,7,3.4932426418854,4.37581646475905,1
27,1,13.75,7,4.37581646475905,4.69270214616461,1
27,1,13.75,7,4.69270214616461,8.60228409118422,1
27,1,13.75,7,8.60228409118422,12.5359439003108,1
27,1,13.75,7,12.5359439003108,13.1455933825841,1
27,1,13.75,7,13.1455933825841,13.75,0
28,1,19.75,8,0,2.69718188557608,1
28,1,19.75,8,2.69718188557608,6.04741978297291,1
28,1,19.75,8,6.04741978297291,11.5727546131794,1
28,1,19.75,8,11.5727546131794,11.6803518703473,1
28,1,19.75,8,11.6803518703473,13.0921434087407,1
28,1,19.75,8,13.0921434087407,15.1526956582891,1
28,1,19.75,8,15.1526956582891,16.4589392628171,1
28,1,19.75,8,16.4589392628171,18.3282575321443,1
28,1,19.75,8,18.3282575321443,19.75,0
29,1,13.75,3,0,3.85664531842805,1
29,1,13.75,3,3.85664531842805,8.70963681071938,1
29,1,13.75,3,8.70963681071938,12.8347457076776,1
29,1,13.75,3,12.8347457076776,13.75,0
30,1,8.75,6,0,0.415795744384939,1
30,1,8.75,6,0.415795744384939,1.77323223764651,1
30,1,8.75,6,1.77323223764651,3.54874886098107,1
30,1,8.75,6,3.54874886098107,4.64607670630181,1
30,1,8.75,6,4.64607670630181,6.8032932894732,1
30,1,8.75,6,6.8032932894732,7.86488647761684,1
30,1,8.75,6,7.86488647761684,8.75,0
31,1,20.75,1,0,8.00093847143821,1
31,1,20.75,1,8.00093847143821,20.75,0
32,1,15.75,4,0,3.90774718004528,1
32,1,15.75,4,3.90774718004528,10.3644746258186,1
32,1,15.75,4,10.3644746258186,10.5564449128067,1
32,1,15.75,4,10.5564449128067,13.3591280471126,1
32,1,15.75,4,13.3591280471126,15.75,0
33,1,10.75,1,0,9.74927557897865,1
33,1,10.75,1,9.74927557897865,10.75,0
34,1,14.75,1,0,0.869034829410511,1
34,1,14.75,1,0.869034829410511,14.75,0
35,1,12.75,2,0,6.32456136251388,1
35,1,12.75,2,6.32456136251388,9.97918102279441,1
35,1,12.75,2,9.97918102279441,12.75,0
36,1,11.75,3,0,6.13548334338276,1
36,1,11.75,3,6.13548334338276,6.63788165136276,1
36,1,11.75,3,6.63788165136276,10.3687018704398,1
36,1,11.75,3,10.3687018704398,11.75,0
37,1,8.75,3,0,4.54553552065663,1
37,1,8.75,3,4.54553552065663,6.08175647134492,1
37,1,8.75,3,6.08175647134492,8.57474741096733,1
37,1,8.75,3,8.57474741096733,8.75,0
38,1,10.75,5,0,0.875812538091554,1
38,1,10.75,5,0.875812538091554,3.10935138870327,1
38,1,10.75,5,3.10935138870327,5.05392593163964,1
38,1,10.75,5,5.05392593163964,5.21960698436502,1
38,1,10.75,5,5.21960698436502,9.31756559212332,1
38,1,10.75,5,9.31756559212332,10.75,0
39,1,10.75,1,0,5.86921969761312,1
39,1,10.75,1,5.86921969761312,10.75,0
40,1,15.75,3,0,5.41177637143901,1
40,1,15.75,3,5.41177637143901,12.9240432788634,1
40,1,15.75,3,12.9240432788634,14.9343414492621,1
40,1,15.75,3,14.9343414492621,15.75,0
41,1,12.75,7,0,0.846644674712657,1
41,1,12.75,7,0.846644674712657,3.62804742521377,1
41,1,12.75,7,3.62804742521377,4.55042375405949,1
41,1,12.75,7,4.55042375405949,7.20811887503418,1
41,1,12.75,7,7.20811887503418,8.41911617311235,1
41,1,12.75,7,8.41911617311235,9.8512002599675,1
41,1,12.75,7,9.8512002599675,12.6725493885111,1
41,1,12.75,7,12.6725493885111,12.75,0
42,1,19.75,2,0,6.17584167945388,1
42,1,19.75,2,6.17584167945388,9.95320025800016,1
42,1,19.75,2,9.95320025800016,19.75,0
43,1,17.75,6,0,2.51691773074692,1
43,1,17.75,6,2.51691773074692,11.006832349892,1
43,1,17.75,6,11.006832349892,13.5311085270348,1
43,1,17.75,6,13.5311085270348,14.2424586008152,1
43,1,17.75,6,14.2424586008152,16.5434433582839,1
43,1,17.75,6,16.5434433582839,16.810286825609,1
43,1,17.75,6,16.810286825609,17.75,0
44,1,14.75,0,0,14.75,0
45,1,19.75,2,0,14.3684083823011,1
45,1,19.75,2,14.3684083823011,17.052252020187,1
45,1,19.75,2,17.052252020187,19.75,0
46,1,16.75,7,0,0.570838522510726,1
46,1,16.75,7,0.570838522510726,1.80718656062584,1
46,1,16.75,7,1.80718656062584,2.14477020241343,1
46,1,16.75,7,2.14477020241343,2.81471708073173,1
46,1,16.75,7,2.81471708073173,5.17409522595606,1
46,1,16.75,7,5.17409522595606,9.04950754556941,1
46,1,16.75,7,9.04950754556941,15.6283644780799,1
46,1,16.75,7,15.6283644780799,16.75,0
47,1,10.75,1,0,1.85460481956546,1
47,1,10.75,1,1.85460481956546,10.75,0
48,1,20.75,2,0,6.28309302500727,1
48,1,20.75,2,6.28309302500727,17.4242213105315,1
48,1,20.75,2,17.4242213105315,20.75,0
49,1,11.75,1,0,5.01222557188307,1
49,1,11.75,1,5.01222557188307,11.75,0
50,1,19.75,3,0,4.36298088531048,1
50,1,19.75,3,4.36298088531048,5.90360986500148,1
50,1,19.75,3,5.90360986500148,16.169989881468,1
50,1,19.75,3,16.169989881468,19.75,0
51,1,8.75,4,0,0.891774460009312,1
51,1,8.75,4,0.891774460009312,5.43307868288616,1
51,1,8.75,4,5.43307868288616,6.33828643738303,1
51,1,8.75,4,6.33828643738303,8.3887955173632,1
51,1,8.75,4,8.3887955173632,8.75,0
52,1,13.75,1,0,10.4225910476295,1
52,1,13.75,1,10.4225910476295,13.75,0
53,1,15.75,1,0,10.92913446852,1
53,1,15.75,1,10.92913446852,15.75,0
54,1,12.75,4,0,6.08624695552384,1
54,1,12.75,4,6.08624695552384,6.24382641379277,1
54,1,12.75,4,6.24382641379277,7.55768777502112,1
54,1,12.75,4,7.55768777502112,9.38958077036006,1
54,1,12.75,4,9.38958077036006,12.75,0
55,1,14.75,8,0,2.3345610780889,1
55,1,14.75,8,2.3345610780889,3.84771013176034,1
55,1,14.75,8,3.84771013176034,5.52987378696572,1
55,1,14.75,8,5.52987378696572,6.72749676119175,1
55,1,14.75,8,6.72749676119175,7.75026236543429,1
55,1,14.75,8,7.75026236543429,8.65554689321104,1
55,1,14.75,8,8.65554689321104,10.282837003052,1
55,1,14.75,8,10.282837003052,14.5684450358857,1
55,1,14.75,8,14.5684450358857,14.75,0
56,1,15.75,2,0,4.31187116573868,1
56,1,15.75,2,4.31187116573868,13.6402216572019,1
56,1,15.75,2,13.6402216572019,15.75,0
57,1,14.75,10,0,0.160308912932374,1
57,1,14.75,10,0.160308912932374,1.16305561992427,1
57,1,14.75,10,1.16305561992427,2.37562897859978,1
57,1,14.75,10,2.37562897859978,2.53858303691966,1
57,1,14.75,10,2.53858303691966,5.27246569383775,1
57,1,14.75,10,5.27246569383775,6.3229980404922,1
57,1,14.75,10,6.3229980404922,9.82110323518013,1
57,1,14.75,10,9.82110323518013,11.4191852779215,1
57,1,14.75,10,11.4191852779215,13.0161761624328,1
57,1,14.75,10,13.0161761624328,13.3110824830676,1
57,1,14.75,10,13.3110824830676,14.75,0
58,1,18.75,1,0,3.46843981990796,1
58,1,18.75,1,3.46843981990796,18.75,0
59,1,19.75,12,0,0.443248787533435,1
59,1,19.75,12,0.443248787533435,3.56251718017613,1
59,1,19.75,12,3.56251718017613,3.64144436425977,1
59,1,19.75,12,3.64144436425977,6.54629610806768,1
59,1,19.75,12,6.54629610806768,7.67526851553562,1
59,1,19.75,12,7.67526851553562,10.1559282715368,1
59,1,19.75,12,10.1559282715368,11.2274658935933,1
59,1,19.75,12,11.2274658935933,13.5531716923596,1
59,1,19.75,12,13.5531716923596,16.6310412669629,1
59,1,19.75,12,16.6310412669629,17.6247282061774,1
59,1,19.75,12,17.6247282061774,18.7976602587868,1
59,1,19.75,12,18.7976602587868,19.2435375917576,1
59,1,19.75,12,19.2435375917576,19.75,0
60,1,16.75,7,0,1.59913874797247,1
60,1,16.75,7,1.59913874797247,1.86886393819523,1
60,1,16.75,7,1.86886393819523,5.11055533152233,1
60,1,16.75,7,5.11055533152233,7.20299713241603,1
60,1,16.75,7,7.20299713241603,8.21332241096681,1
60,1,16.75,7,8.21332241096681,10.2694649606777,1
60,1,16.75,7,10.2694649606777,16.2204890928902,1
60,1,16.75,7,16.2204890928902,16.75,0
61,1,20.75,7,0,1.97108523233012,1
61,1,20.75,7,1.97108523233012,3.16051348613623,1
61,1,20.75,7,3.16051348613623,6.17818726197469,1
61,1,20.75,7,6.17818726197469,16.6877203938107,1
61,1,20.75,7,16.6877203938107,17.1409129073559,1
61,1,20.75,7,17.1409129073559,18.2691058522908,1
61,1,20.75,7,18.2691058522908,18.9608331143079,1
61,1,20.75,7,18.9608331143079,20.75,0
62,1,9.75,4,0,0.448951517314044,1
62,1,9.75,4,0.448951517314044,1.7159777433057,1
62,1,9.75,4,1.7159777433057,8.28991722251827,1
62,1,9.75,4,8.28991722251827,9.53206800841738,1
62,1,9.75,4,9.53206800841738,9.75,0
63,1,8.75,4,0,0.647778192545472,1
63,1,8.75,4,0.647778192545472,5.97770477741816,1
63,1,8.75,4,5.97770477741816,7.50303296560753,1
63,1,8.75,4,7.50303296560753,7.73929299795697,1
63,1,8.75,4,7.73929299795697,8.75,0
64,1,10.75,1,0,6.90024841490481,1
64,1,10.75,1,6.90024841490481,10.75,0
65,1,15.75,7,0,2.84646210681477,1
65,1,15.75,7,2.84646210681477,6.64532280062707,1
65,1,15.75,7,6.64532280062707,7.83968342785012,1
65,1,15.75,7,7.83968342785012,8.49873807402575,1
65,1,15.75,7,8.49873807402575,8.75347083380072,1
65,1,15.75,7,8.75347083380072,12.2694399595405,1
65,1,15.75,7,12.2694399595405,13.5489988186092,1
65,1,15.75,7,13.5489988186092,15.75,0
66,1,14.75,4,0,5.22557577276704,1
66,1,14.75,4,5.22557577276704,5.33531568088962,1
66,1,14.75,4,5.33531568088962,7.53704892866937,1
66,1,14.75,4,7.53704892866937,9.52337686072728,1
66,1,14.75,4,9.52337686072728,14.75,0
67,1,15.75,2,0,6.68017883862829,1
67,1,15.75,2,6.68017883862829,12.8377968410695,1
67,1,15.75,2,12.8377968410695,15.75,0
68,1,10.75,3,0,2.33473698482667,1
68,1,10.75,3,2.33473698482667,7.14531086664102,1
68,1,10.75,3,7.14531086664102,7.97509901810649,1
68,1,10.75,3,7.97509901810649,10.75,0
69,1,14.75,4,0,2.81111638004046,1
69,1,14.75,4,2.81111638004046,3.59391491412098,1
69,1,14.75,4,3.59391491412098,6.49748467948537,1
69,1,14.75,4,6.49748467948537,14.1906945455409,1
69,1,14.75,4,14.1906945455409,14.75,0
70,1,13.75,3,0,2.28285356845705,1
70,1,13.75,3,2.28285356845705,8.95650110297315,1
70,1,13.75,3,8.95650110297315,9.1648287174109,1
70,1,13.75,3,9.1648287174109,13.75,0
71,1,10.75,1,0,9.56794210349399,1
71,1,10.75,1,9.56794210349399,10.75,0
72,1,11.75,4,0,1.76680042563839,1
72,1,11.75,4,1.76680042563839,2.46109744717255,1
72,1,11.75,4,2.46109744717255,4.33636625310574,1
72,1,11.75,4,4.33636625310574,7.7748058569185,1
72,1,11.75,4,7.7748058569185,11.75,0
73,1,10.75,2,0,1.29476637635743,1
73,1,10.75,2,1.29476637635743,10.1450519167472,1
73,1,10.75,2,10.1450519167472,10.75,0
74,1,20.75,9,0,2.92887542385128,1
74,1,20.75,9,2.92887542385128,3.25211434855688,1
74,1,20.75,9,3.25211434855688,6.72945624164494,1
74,1,20.75,9,6.72945624164494,8.72332961684732,1
74,1,20.75,9,8.72332961684732,9.82696189793088,1
74,1,20.75,9,9.82696189793088,11.3478551290827,1
74,1,20.75,9,11.3478551290827,12.2512252782086,1
74,1,20.75,9,12.2512252782086,15.7704731356402,1
74,1,20.75,9,15.7704731356402,16.2887335648963,1
74,1,20.75,9,16.2887335648963,20.75,0
75,1,15.75,7,0,0.15850410643672,1
75,1,15.75,7,0.15850410643672,2.02549584724318,1
75,1,15.75,7,2.02549584724318,5.44387241448648,1
75,1,15.75,7,5.44387241448648,9.27495489918456,1
75,1,15.75,7,9.27495489918456,10.9985180836898,1
75,1,15.75,7,10.9985180836898,11.9602882521957,1
75,1,15.75,7,11.9602882521957,15.5237364595874,1
75,1,15.75,7,15.5237364595874,15.75,0
76,1,16.75,4,0,2.17564316613164,1
76,1,16.75,4,2.17564316613164,4.73575936680289,1
76,1,16.75,4,4.73575936680289,6.00935378511815,1
76,1,16.75,4,6.00935378511815,15.6908964829914,1
76,1,16.75,4,15.6908964829914,16.75,0
77,1,9.75,0,0,9.75,0
78,1,14.75,3,0,1.55796899903465,1
78,1,14.75,3,1.55796899903465,8.37697988224053,1
78,1,14.75,3,8.37697988224053,10.1016171867009,1
78,1,14.75,3,10.1016171867009,14.75,0
79,1,14.75,2,0,4.22252380350853,1
79,1,14.75,2,4.22252380350853,10.9360959020421,1
79,1,14.75,2,10.9360959020421,14.75,0
80,1,11.75,8,0,1.59462513592617,1
80,1,11.75,8,1.59462513592617,1.68175688393448,1
80,1,11.75,8,1.68175688393448,6.30557076768387,1
80,1,11.75,8,6.30557076768387,6.39413367677727,1
80,1,11.75,8,6.39413367677727,8.40319408301441,1
80,1,11.75,8,8.40319408301441,8.57697200968946,1
80,1,11.75,8,8.57697200968946,9.87397409272197,1
80,1,11.75,8,9.87397409272197,9.99410736127989,1
80,1,11.75,8,9.99410736127989,11.75,0
81,1,20.75,16,0,2.10035316954528,1
81,1,20.75,16,2.10035316954528,3.30097837349108,1
81,1,20.75,16,3.30097837349108,5.59023350960166,1
81,1,20.75,16,5.59023350960166,6.36504455384629,1
81,1,20.75,16,6.36504455384629,6.89150359294231,1
81,1,20.75,16,6.89150359294231,8.96360962202518,1
81,1,20.75,16,8.96360962202518,10.1414020704996,1
81,1,20.75,16,10.1414020704996,10.9263014872793,1
81,1,20.75,16,10.9263014872793,11.4027034362795,1
81,1,20.75,16,11.4027034362795,11.8787805410619,1
81,1,20.75,16,11.8787805410619,12.736600716554,1
81,1,20.75,16,12.736600716554,13.757169510277,1
81,1,20.75,16,13.757169510277,14.7222097962663,1
81,1,20.75,16,14.7222097962663,15.2790599657469,1
81,1,20.75,16,15.2790599657469,16.359325299262,1
81,1,20.75,16,16.359325299262,18.44776392155,1
81,1,20.75,16,18.44776392155,20.75,0
82,1,19.75,10,0,2.14773206851816,1
82,1,19.75,10,2.14773206851816,9.6821856789441,1
82,1,19.75,10,9.6821856789441,9.88345219502089,1
82,1,19.75,10,9.88345219502089,12.1399882560506,1
82,1,19.75,10,12.1399882560506,12.3487585749062,1
82,1,19.75,10,12.3487585749062,13.8500883811183,1
82,1,19.75,10,13.8500883811183,15.3995307192279,1
82,1,19.75,10,15.3995307192279,15.4138127883382,1
82,1,19.75,10,15.4138127883382,15.5102187892863,1
82,1,19.75,10,15.5102187892863,18.2749863849346,1
82,1,19.75,10,18.2749863849346,19.75,0
83,1,17.75,11,0,1.04309360494261,1
83,1,17.75,11,1.04309360494261,3.74263380950862,1
83,1,17.75,11,3.74263380950862,5.78378024153543,1
83,1,17.75,11,5.78378024153543,6.3115828745142,1
83,1,17.75,11,6.3115828745142,6.42040270669087,1
83,1,17.75,11,6.42040270669087,7.24399651696026,1
83,1,17.75,11,7.24399651696026,8.21478429283077,1
83,1,17.75,11,8.21478429283077,11.4391390050355,1
83,1,17.75,11,11.4391390050355,16.2657498867919,1
83,1,17.75,11,16.2657498867919,17.5368025997978,1
83,1,17.75,11,17.5368025997978,17.7149055126248,1
83,1,17.75,11,17.7149055126248,17.75,0
84,1,9.75,1,0,5.92069762032267,1
84,1,9.75,1,5.92069762032267,9.75,0
85,1,14.75,6,0,1.16367658607307,1
85,1,14.75,6,1.16367658607307,2.60772957135173,1
85,1,14.75,6,2.60772957135173,4.94929987943991,1
85,1,14.75,6,4.94929987943991,12.3384292416948,1
85,1,14.75,6,12.3384292416948,13.396743082236,1
85,1,14.75,6,13.396743082236,13.5212514135449,1
85,1,14.75,6,13.5212514135449,14.75,0
86,1,10.75,1,0,1.77680797950086,1
86,1,10.75,1,1.77680797950086,10.75,0
87,1,13.75,3,0,1.65002871769169,1
87,1,13.75,3,1.65002871769169,10.0550143598251,1
87,1,13.75,3,10.0550143598251,12.019831651948,1
87,1,13.75,3,12.019831651948,13.75,0
88,1,8.75,1,0,8.24529176742808,1
88,1,8.75,1,8.24529176742808,8.75,0
89,1,8.75,4,0,2.73275964936008,1
89,1,8.75,4,2.73275964936008,5.01207502004559,1
89,1,8.75,4,5.01207502004559,5.73779272118074,1
89,1,8.75,4,5.73779272118074,5.80274555848815,1
89,1,8.75,4,5.80274555848815,8.75,0
90,1,11.75,7,0,0.954954759992163,1
90,1,11.75,7,0.954954759992163,3.36643595645152,1
90,1,11.75,7,3.36643595645152,3.61367507042504,1
90,1,11.75,7,3.61367507042504,4.98385533691748,1
90,1,11.75,7,4.98385533691748,8.97006120544581,1
90,1,11.75,7,8.97006120544581,10.454738869339,1
90,1,11.75,7,10.454738869339,11.7249730198256,1
90,1,11.75,7,11.7249730198256,11.75,0
91,1,14.75,5,0,6.10809561755667,1
91,1,14.75,5,6.10809561755667,9.33676233048405,1
91,1,14.75,5,9.33676233048405,10.2835054420458,1
91,1,14.75,5,10.2835054420458,11.8933081384958,1
91,1,14.75,5,11.8933081384958,11.9795138369384,1
91,1,14.75,5,11.9795138369384,14.75,0
92,1,13.75,1,0,11.5032643356186,1
92,1,13.75,1,11.5032643356186,13.75,0
93,1,10.75,1,0,0.619290765033756,1
93,1,10.75,1,0.619290765033756,10.75,0
94,1,12.75,0,0,12.75,0
95,1,11.75,4,0,0.561104382595847,1
95,1,11.75,4,0.561104382595847,1.01166731099372,1
95,1,11.75,4,1.01166731099372,10.5061468956792,1
95,1,11.75,4,10.5061468956792,11.5219341009297,1
95,1,11.75,4,11.5219341009297,11.75,0
96,1,11.75,1,0,4.18386646444369,1
96,1,11.75,1,4.18386646444369,11.75,0
97,1,18.75,13,0,0.270483396829322,1
97,1,18.75,13,0.270483396829322,1.97443801382583,1
97,1,18.75,13,1.97443801382583,3.14131392098863,1
97,1,18.75,13,3.14131392098863,7.31671894234028,1
97,1,18.75,13,7.31671894234028,8.10294244165541,1
97,1,18.75,13,8.10294244165541,8.86562223106949,1
97,1,18.75,13,8.86562223106949,9.0483421289491,1
97,1,18.75,13,9.0483421289491,9.24068916367454,1
97,1,18.75,13,9.24068916367454,10.2198580407422,1
97,1,18.75,13,10.2198580407422,13.7736021731793,1
97,1,18.75,13,13.7736021731793,15.446002875231,1
97,1,18.75,13,15.446002875231,15.5077971921569,1
97,1,18.75,13,15.5077971921569,16.5774546499325,1
97,1,18.75,13,16.5774546499325,18.75,0
98,1,19.75,14,0,0.507769853901953,1
98,1,19.75,14,0.507769853901953,1.79772401019045,1
98,1,19.75,14,1.79772401019045,2.14037701535479,1
98,1,19.75,14,2.14037701535479,4.01442218719413,1
98,1,19.75,14,4.01442218719413,7.404439783645,1
98,1,19.75,14,7.404439783645,7.50196637292051,1
98,1,19.75,14,7.50196637292051,9.50069388806834,1
98,1,19.75,14,9.50069388806834,10.6916191844726,1
98,1,19.75,14,10.6916191844726,10.9491185613909,1
98,1,19.75,14,10.9491185613909,12.180445780823,1
98,1,19.75,14,12.180445780823,13.8086233995166,1
98,1,19.75,14,13.8086233995166,14.8967772639411,1
98,1,19.75,14,14.8967772639411,18.7462950233811,1
98,1,19.75,14,18.7462950233811,19.1201827189349,1
98,1,19.75,14,19.1201827189349,19.75,0
99,1,14.75,5,0,0.192363581289625,1
99,1,14.75,5,0.192363581289625,1.78403480461976,1
99,1,14.75,5,1.78403480461976,2.48975769900645,1
99,1,14.75,5,2.48975769900645,5.74061381668532,1
99,1,14.75,5,5.74061381668532,9.94729269107788,1
99,1,14.75,5,9.94729269107788,14.75,0
100,1,14.75,6,0,0.647401589543549,1
100,1,14.75,6,0.647401589543549,4.70598566577359,1
100,1,14.75,6,4.70598566577359,5.5605179238824,1
100,1,14.75,6,5.5605179238824,9.00534908297992,1
100,1,14.75,6,9.00534908297992,13.617251918843,1
100,1,14.75,6,13.617251918843,14.0153320529989,1
100,1,14.75,6,14.0153320529989,14.75,0
101,1,12.75,5,0,0.840236673252797,1
101,1,12.75,5,0.840236673252797,4.54361145229287,1
101,1,12.75,5,4.54361145229287,5.32995695145687,1
101,1,12.75,5,5.32995695145687,7.21153519659086,1
101,1,12.75,5,7.21153519659086,8.90586643182536,1
101,1,12.75,5,8.90586643182536,12.75,0
102,1,12.75,3,0,1.0936105467446,1
102,1,12.75,3,1.0936105467446,4.62199944878639,1
102,1,12.75,3,4.62199944878639,8.73199674266185,1
102,1,12.75,3,8.73199674266185,12.75,0
103,1,13.75,6,0,0.474781023773722,1
103,1,13.75,6,0.474781023773722,4.55492742179391,1
103,1,13.75,6,4.55492742179391,8.3806136024753,1
103,1,13.75,6,8.3806136024753,10.0021981199938,1
103,1,13.75,6,10.0021981199938,12.5644812858688,1
103,1,13.75,6,12.5644812858688,13.6128845394673,1
103,1,13.75,6,13.6128845394673,13.75,0
104,1,12.75,5,0,2.69804531389825,1
104,1,12.75,5,2.69804531389825,4.65300208805562,1
104,1,12.75,5,4.65300208805562,7.13827468370995,1
104,1,12.75,5,7.13827468370995,7.68111865642534,1
104,1,12.75,5,7.68111865642534,8.99177192686454,1
104,1,12.75,5,8.99177192686454,12.75,0
105,1,19.75,14,0,0.591836632333229,1
105,1,19.75,14,0.591836632333229,0.745310437456948,1
105,1,19.75,14,0.745310437456948,4.50465640498503,1
105,1,19.75,14,4.50465640498503,7.28171672134137,1
105,1,19.75,14,7.28171672134137,8.87789111529383,1
105,1,19.75,14,8.87789111529383,10.6346870440135,1
105,1,19.75,14,10.6346870440135,12.7144685336768,1
105,1,19.75,14,12.7144685336768,13.4327061928755,1
105,1,19.75,14,13.4327061928755,14.2174994126889,1
105,1,19.75,14,14.2174994126889,15.2164220075375,1
105,1,19.75,14,15.2164220075375,17.20664281646,1
105,1,19.75,14,17.20664281646,17.2659923566462,1
105,1,19.75,14,17.2659923566462,17.9107947809659,1
105,1,19.75,14,17.9107947809659,18.6066717818339,1
105,1,19.75,14,18.6066717818339,19.75,0
106,1,8.75,0,0,8.75,0
107,1,14.75,2,0,4.04886014938748,1
107,1,14.75,2,4.04886014938748,6.17152601158819,1
107,1,14.75,2,6.17152601158819,14.75,0
108,1,16.75,4,0,2.4676831718662,1
108,1,16.75,4,2.4676831718662,3.77494398136443,1
108,1,16.75,4,3.77494398136443,9.12946796079941,1
108,1,16.75,4,9.12946796079941,13.296999324708,1
108,1,16.75,4,13.296999324708,16.75,0
109,1,11.75,0,0,11.75,0
110,1,17.75,3,0,5.0200045958367,1
110,1,17.75,3,5.0200045958367,11.371109114728,1
110,1,17.75,3,11.371109114728,13.6541021982788,1
110,1,17.75,3,13.6541021982788,17.75,0
111,1,8.75,9,0,2.5615320382212,1
111,1,8.75,9,2.5615320382212,2.60336490375386,1
111,1,8.75,9,2.60336490375386,3.74811921542411,1
111,1,8.75,9,3.74811921542411,3.84278733244489,1
111,1,8.75,9,3.84278733244489,5.54308610364831,1
111,1,8.75,9,5.54308610364831,6.18197881605163,1
111,1,8.75,9,6.18197881605163,7.03147633242283,1
111,1,8.75,9,7.03147633242283,7.42162852011767,1
111,1,8.75,9,7.42162852011767,8.70154665994994,1
111,1,8.75,9,8.70154665994994,8.75,0
112,1,12.75,0,0,12.75,0
113,1,8.75,4,0,0.0357110948012509,1
113,1,8.75,4,0.0357110948012509,3.82500610182374,1
113,1,8.75,4,3.82500610182374,5.54978273227071,1
113,1,8.75,4,5.54978273227071,8.22097344517833,1
113,1,8.75,4,8.22097344517833,8.75,0
114,1,8.75,1,0,1.45916012783709,1
114,1,8.75,1,1.45916012783709,8.75,0
115,1,12.75,7,0,1.68591119561103,1
115,1,12.75,7,1.68591119561103,1.89683369106772,1
115,1,12.75,7,1.89683369106772,1.93992916059312,1
115,1,12.75,7,1.93992916059312,2.84506087238101,1
115,1,12.75,7,2.84506087238101,4.74239412235315,1
115,1,12.75,7,4.74239412235315,5.68934726000197,1
115,1,12.75,7,5.68934726000197,5.94380065414267,1
115,1,12.75,7,5.94380065414267,12.75,0
116,1,8.75,3,0,2.12497090375754,1
116,1,8.75,3,2.12497090375754,2.79749098231204,1
116,1,8.75,3,2.79749098231204,7.79898897018353,1
116,1,8.75,3,7.79898897018353,8.75,0
117,1,16.75,6,0,1.33675711340359,1
117,1,16.75,6,1.33675711340359,1.77579564317155,1
117,1,16.75,6,1.77579564317155,6.47046182350388,1
117,1,16.75,6,6.47046182350388,8.34466100099923,1
117,1,16.75,6,8.34466100099923,13.1936405295507,1
117,1,16.75,6,13.1936405295507,15.326594721393,1
117,1,16.75,6,15.326594721393,16.75,0
118,1,14.75,2,0,1.44999205692786,1
118,1,14.75,2,1.44999205692786,4.53099272869418,1
118,1,14.75,2,4.53099272869418,14.75,0
119,1,15.75,5,0,4.08978289257497,1
119,1,15.75,5,4.08978289257497,5.42675657918395,1
119,1,15.75,5,5.42675657918395,5.61446851051531,1
119,1,15.75,5,5.61446851051531,9.1212450538195,1
119,1,15.75,5,9.1212450538195,13.4254295036413,1
119,1,15.75,5,13.4254295036413,15.75,0
120,1,11.75,3,0,2.85460386457005,1
120,1,11.75,3,2.85460386457005,6.27096534081237,1
120,1,11.75,3,6.27096534081237,7.93253748404837,1
120,1,11.75,3,7.93253748404837,11.75,0
121,1,11.75,4,0,3.32555970206505,1
121,1,11.75,4,3.32555970206505,4.2297555139181,1
121,1,11.75,4,4.2297555139181,5.82156819912263,1
121,1,11.75,4,5.82156819912263,11.168434598158,1
121,1,11.75,4,11.168434598158,11.75,0
122,1,16.75,4,0,0.576389479164835,1
122,1,16.75,4,0.576389479164835,6.23077024589435,1
122,1,16.75,4,6.23077024589435,12.17124091455,1
122,1,16.75,4,12.17124091455,13.8414787710426,1
122,1,16.75,4,13.8414787710426,16.75,0
123,1,17.75,1,0,12.8729347902009,1
123,1,17.75,1,12.8729347902009,17.75,0
124,1,14.75,10,0,2.26229925142789,1
124,1,14.75,10,2.26229925142789,2.45814937192703,1
124,1,14.75,10,2.45814937192703,2.49729865794122,1
124,1,14.75,10,2.49729865794122,3.40405818279513,1
124,1,14.75,10,3.40405818279513,4.60232299877019,1
124,1,14.75,10,4.60232299877019,5.40513922225781,1
124,1,14.75,10,5.40513922225781,7.26500275135243,1
124,1,14.75,10,7.26500275135243,8.50603400377731,1
124,1,14.75,10,8.50603400377731,8.67750419376772,1
124,1,14.75,10,8.67750419376772,11.9707423616075,1
124,1,14.75,10,11.9707423616075,14.75,0
125,1,10.75,5,0,5.49335647440075,1
125,1,10.75,5,5.49335647440075,6.19718485116412,1
125,1,10.75,5,6.19718485116412,9.12786266017573,1
125,1,10.75,5,9.12786266017573,9.2838271188046,1
125,1,10.75,5,9.2838271188046,10.6971244841598,1
125,1,10.75,5,10.6971244841598,10.75,0
126,1,14.75,9,0,0.344158279221915,1
126,1,14.75,9,0.344158279221915,0.643771473681343,1
126,1,14.75,9,0.643771473681343,3.08445271384299,1
126,1,14.75,9,3.08445271384299,6.96067161066309,1
126,1,14.75,9,6.96067161066309,8.96242388648107,1
126,1,14.75,9,8.96242388648107,10.1079430527413,1
126,1,14.75,9,10.1079430527413,10.9822276932036,1
126,1,14.75,9,10.9822276932036,13.8147400461154,1
126,1,14.75,9,13.8147400461154,14.047047234916,1
126,1,14.75,9,14.047047234916,14.75,0
127,1,15.75,6,0,3.0635873907334,1
127,1,15.75,6,3.0635873907334,4.76485653209211,1
127,1,15.75,6,4.76485653209211,5.0471340254579,1
127,1,15.75,6,5.0471340254579,8.27824791178635,1
127,1,15.75,6,8.27824791178635,9.01374406879623,1
127,1,15.75,6,9.01374406879623,10.950615963324,1
127,1,15.75,6,10.950615963324,15.75,0
128,1,15.75,4,0,7.00259082979499,1
128,1,15.75,4,7.00259082979499,13.8876911056989,1
128,1,15.75,4,13.8876911056989,13.9401993813875,1
128,1,15.75,4,13.9401993813875,14.306935518593,1
128,1,15.75,4,14.306935518593,15.75,0
129,1,16.75,4,0,4.31220735363731,1
129,1,16.75,4,4.31220735363731,6.77594595033956,1
129,1,16.75,4,6.77594595033956,9.53432278384876,1
129,1,16.75,4,9.53432278384876,11.1179401427021,1
129,1,16.75,4,11.1179401427021,16.75,0
130,1,13.75,1,0,12.753962613773,1
130,1,13.75,1,12.753962613773,13.75,0
131,1,15.75,3,0,0.793544235330316,1
131,1,15.75,3,0.793544235330316,2.96947291492675,1
131,1,15.75,3,2.96947291492675,3.46363630742263,1
131,1,15.75,3,3.46363630742263,15.75,0
132,1,14.75,8,0,1.91118431450343,1
132,1,14.75,8,1.91118431450343,3.99494720923821,1
132,1,14.75,8,3.99494720923821,6.04021910454646,1
132,1,14.75,8,6.04021910454646,6.26939118775551,1
132,1,14.75,8,6.26939118775551,8.5130562847831,1
132,1,14.75,8,8.5130562847831,9.06538552931893,1
132,1,14.75,8,9.06538552931893,13.230392169241,1
132,1,14.75,8,13.230392169241,14.1547951005415,1
132,1,14.75,8,14.1547951005415,14.75,0
133,1,19.75,2,0,6.05481334908904,1
133,1,19.75,2,6.05481334908904,10.0913129407215,1
133,1,19.75,2,10.0913129407215,19.75,0
134,1,17.75,1,0,15.5885545184351,1
134,1,17.75,1,15.5885545184351,17.75,0
135,1,13.75,2,0,3.58569698457866,1
135,1,13.75,2,3.58569698457866,4.94932727243022,1
135,1,13.75,2,4.94932727243022,13.75,0
136,1,11.75,4,0,1.37712567743925,1
136,1,11.75,4,1.37712567743925,9.3068198574281,1
136,1,11.75,4,9.3068198574281,11.0603390495936,1
136,1,11.75,4,11.0603390495936,11.4255755753163,1
136,1,11.75,4,11.4255755753163,11.75,0
137,1,11.75,2,0,5.52414958817255,1
137,1,11.75,2,5.52414958817255,9.98865831342138,1
137,1,11.75,2,9.98865831342138,11.75,0
138,1,17.75,2,0,8.63562648857979,1
138,1,17.75,2,8.63562648857979,9.81413018612384,1
138,1,17.75,2,9.81413018612384,17.75,0
139,1,13.75,3,0,6.18060429229184,1
139,1,13.75,3,6.18060429229184,7.20604165754317,1
139,1,13.75,3,7.20604165754317,7.83395273106662,1
139,1,13.75,3,7.83395273106662,13.75,0
140,1,16.75,0,0,16.75,0
141,1,14.75,4,0,2.73514197861685,1
141,1,14.75,4,2.73514197861685,4.24360661687621,1
141,1,14.75,4,4.24360661687621,5.06670979659003,1
141,1,14.75,4,5.06670979659003,12.9427036559454,1
141,1,14.75,4,12.9427036559454,14.75,0
142,1,8.75,1,0,6.23080866220843,1
142,1,8.75,1,6.23080866220843,8.75,0
143,1,19.75,1,0,19.5868019141042,1
143,1,19.75,1,19.5868019141042,19.75,0
144,1,12.75,2,0,2.535303057318,1
144,1,12.75,2,2.535303057318,9.86647139790442,1
144,1,12.75,2,9.86647139790442,12.75,0
145,1,11.75,2,0,0.789654850790789,1
145,1,11.75,2,0.789654850790789,8.82003630516158,1
145,1,11.75,2,8.82003630516158,11.75,0
146,1,17.75,3,0,0.0994329683099878,1
146,1,17.75,3,0.0994329683099878,11.4749254124321,1
146,1,17.75,3,11.4749254124321,15.166427082604,1
146,1,17.75,3,15.166427082604,17.75,0
147,1,19.75,4,0,4.73810635805625,1
147,1,19.75,4,4.73810635805625,10.8149026486148,1
147,1,19.75,4,10.8149026486148,13.9695230045797,1
147,1,19.75,4,13.9695230045797,18.8673531367653,1
147,1,19.75,4,18.8673531367653,19.75,0
148,1,19.75,3,0,1.44825227675008,1
148,1,19.75,3,1.44825227675008,6.76129935816748,1
148,1,19.75,3,6.76129935816748,17.6824022465624,1
148,1,19.75,3,17.6824022465624,19.75,0
149,1,18.75,2,0,2.04278457158112,1
149,1,18.75,2,2.04278457158112,9.10404694258962,1
149,1,18.75,2,9.10404694258962,18.75,0
150,1,18.75,8,0,0.63869902116284,1
150,1,18.75,8,0.63869902116284,1.65943943267652,1
150,1,18.75,8,1.65943943267652,2.81147818386532,1
150,1,18.75,8,2.81147818386532,4.93207862680588,1
150,1,18.75,8,4.93207862680588,8.69504941286783,1
150,1,18.75,8,8.69504941286783,11.5841913127507,1
150,1,18.75,8,11.5841913127507,12.7591707630402,1
150,1,18.75,8,12.7591707630402,15.2211380095369,1
150,1,18.75,8,15.2211380095369,18.75,0
151,1,12.75,0,0,12.75,0
152,1,16.75,7,0,2.78947050454522,1
152,1,16.75,7,2.78947050454522,5.85734723136145,1
152,1,16.75,7,5.85734723136145,7.28950694424871,1
152,1,16.75,7,7.28950694424871,8.78898245861898,1
152,1,16.75,7,8.78898245861898,13.8104997016841,1
152,1,16.75,7,13.8104997016841,14.1276922316955,1
152,1,16.75,7,14.1276922316955,14.8910487838816,1
152,1,16.75,7,14.8910487838816,16.75,0
153,1,18.75,3,0,0.651412262202379,1
153,1,18.75,3,0.651412262202379,2.7296809437639,1
153,1,18.75,3,2.7296809437639,5.02122684224765,1
153,1,18.75,3,5.02122684224765,18.75,0
154,1,8.75,1,0,0.655420853730806,1
154,1,8.75,1,0.655420853730806,8.75,0
155,1,14.75,6,0,2.10786632853262,1
155,1,14.75,6,2.10786632853262,6.68161571042143,1
155,1,14.75,6,6.68161571042143,7.25558121989439,1
155,1,14.75,6,7.25558121989439,8.16443784945649,1
155,1,14.75,6,8.16443784945649,13.8678782086655,1
155,1,14.75,6,13.8678782086655,14.6228291892397,1
155,1,14.75,6,14.6228291892397,14.75,0
156,1,8.75,3,0,1.47537201430889,1
156,1,8.75,3,1.47537201430889,4.34403835630552,1
156,1,8.75,3,4.34403835630552,7.07004378587879,1
156,1,8.75,3,7.07004378587879,8.75,0
157,1,8.75,0,0,8.75,0
158,1,16.75,2,0,0.799044671272354,1
158,1,16.75,2,0.799044671272354,12.3305798717018,1
158,1,16.75,2,12.3305798717018,16.75,0
159,1,15.75,0,0,15.75,0
160,1,12.75,3,0,3.9899013351749,1
160,1,12.75,3,3.9899013351749,11.6535302029794,1
160,1,12.75,3,11.6535302029794,11.8926366388727,1
160,1,12.75,3,11.8926366388727,12.75,0
161,1,11.75,8,0,1.71101720797684,1
161,1,11.75,8,1.71101720797684,2.34268138392366,1
161,1,11.75,8,2.34268138392366,4.29335565524794,1
161,1,11.75,8,4.29335565524794,4.82103869829879,1
161,1,11.75,8,4.82103869829879,6.05469191822038,1
161,1,11.75,8,6.05469191822038,11.1915507735526,1
161,1,11.75,8,11.1915507735526,11.6197988311927,1
161,1,11.75,8,11.6197988311927,11.7399490640193,1
161,1,11.75,8,11.7399490640193,11.75,0
162,1,18.75,4,0,1.057161468426,1
162,1,18.75,4,1.057161468426,8.04218072260991,1
162,1,18.75,4,8.04218072260991,8.29962515742837,1
162,1,18.75,4,8.29962515742837,8.5212051525115,1
162,1,18.75,4,8.5212051525115,18.75,0
163,1,18.75,3,0,4.33997830516866,1
163,1,18.75,3,4.33997830516866,11.2691601327413,1
163,1,18.75,3,11.2691601327413,15.6340422177614,1
163,1,18.75,3,15.6340422177614,18.75,0
164,1,10.75,1,0,2.41788858394125,1
164,1,10.75,1,2.41788858394125,10.75,0
165,1,14.75,3,0,6.21084771399059,1
165,1,14.75,3,6.21084771399059,12.3412566678709,1
165,1,14.75,3,12.3412566678709,13.4552425478869,1
165,1,14.75,3,13.4552425478869,14.75,0
166,1,17.75,1,0,3.75135979316776,1
166,1,17.75,1,3.75135979316776,17.75,0
167,1,11.75,4,0,0.224340006017318,1
167,1,11.75,4,0.224340006017318,1.31605179976811,1
167,1,11.75,4,1.31605179976811,8.49283664576771,1
167,1,11.75,4,8.49283664576771,10.0902404507079,1
167,1,11.75,4,10.0902404507079,11.75,0
168,1,10.75,4,0,3.05859966810675,1
168,1,10.75,4,3.05859966810675,8.52723413465785,1
168,1,10.75,4,8.52723413465785,10.139665781717,1
168,1,10.75,4,10.139665781717,10.2890797926962,1
168,1,10.75,4,10.2890797926962,10.75,0
169,1,17.75,6,0,1.48785568834427,1
169,1,17.75,6,1.48785568834427,4.68377912450408,1
169,1,17.75,6,4.68377912450408,9.52011479579416,1
169,1,17.75,6,9.52011479579416,12.5271644538153,1
169,1,17.75,6,12.5271644538153,17.4555483893658,1
169,1,17.75,6,17.4555483893658,17.698449864818,1
169,1,17.75,6,17.698449864818,17.75,0
170,1,15.75,6,0,3.36508768589994,1
170,1,15.75,6,3.36508768589994,4.17913224380742,1
170,1,15.75,6,4.17913224380742,4.87352308747857,1
170,1,15.75,6,4.87352308747857,7.99337125411847,1
170,1,15.75,6,7.99337125411847,13.9653771962899,1
170,1,15.75,6,13.9653771962899,15.5782851249567,1
170,1,15.75,6,15.5782851249567,15.75,0
171,1,17.75,11,0,1.50077189074859,1
171,1,17.75,11,1.50077189074859,3.54965836779351,1
171,1,17.75,11,3.54965836779351,4.07566674736706,1
171,1,17.75,11,4.07566674736706,5.40875470085041,1
171,1,17.75,11,5.40875470085041,7.51331593054804,1
171,1,17.75,11,7.51331593054804,7.5570042502862,1
171,1,17.75,11,7.5570042502862,9.98060780532212,1
171,1,17.75,11,9.98060780532212,10.2663364073151,1
171,1,17.75,11,10.2663364073151,12.4340067445252,1
171,1,17.75,11,12.4340067445252,13.633912225164,1
171,1,17.75,11,13.633912225164,13.6745986928031,1
171,1,17.75,11,13.6745986928031,17.75,0
172,1,18.75,2,0,11.8010467502764,1
172,1,18.75,2,11.8010467502764,12.0366605904465,1
172,1,18.75,2,12.0366605904465,18.75,0
173,1,17.75,9,0,5.05747725290671,1
173,1,17.75,9,5.05747725290671,7.77862794790242,1
173,1,17.75,9,7.77862794790242,8.48934382933278,1
173,1,17.75,9,8.48934382933278,8.59753978643168,1
173,1,17.75,9,8.59753978643168,9.72418285820864,1
173,1,17.75,9,9.72418285820864,9.79157868294992,1
173,1,17.75,9,9.79157868294992,14.9341904536457,1
173,1,17.75,9,14.9341904536457,15.4611007651306,1
173,1,17.75,9,15.4611007651306,17.1446211682101,1
173,1,17.75,9,17.1446211682101,17.75,0
174,1,10.75,2,0,2.67713843715949,1
174,1,10.75,2,2.67713843715949,8.61759023427944,1
174,1,10.75,2,8.61759023427944,10.75,0
175,1,13.75,2,0,7.01000198162748,1
175,1,13.75,2,7.01000198162748,9.79964887572181,1
175,1,13.75,2,9.79964887572181,13.75,0
176,1,16.75,10,0,3.54999517533642,1
176,1,16.75,10,3.54999517533642,4.92541648459424,1
176,1,16.75,10,4.92541648459424,6.68015006833279,1
176,1,16.75,10,6.68015006833279,6.76605806278355,1
176,1,16.75,10,6.76605806278355,6.97152119507439,1
176,1,16.75,10,6.97152119507439,8.23410737115439,1
176,1,16.75,10,8.23410737115439,11.4711415098215,1
176,1,16.75,10,11.4711415098215,13.740842285077,1
176,1,16.75,10,13.740842285077,13.9576804505958,1
176,1,16.75,10,13.9576804505958,14.523636471717,1
176,1,16.75,10,14.523636471717,16.75,0
177,1,14.75,2,0,1.64552186660559,1
177,1,14.75,2,1.64552186660559,9.77605919526257,1
177,1,14.75,2,9.77605919526257,14.75,0
178,1,14.75,4,0,0.221963248745113,1
178,1,14.75,4,0.221963248745113,3.48745384137647,1
178,1,14.75,4,3.48745384137647,13.2956235999268,1
178,1,14.75,4,13.2956235999268,14.1689223116539,1
178,1,14.75,4,14.1689223116539,14.75,0
179,1,13.75,1,0,11.8700015836415,1
179,1,13.75,1,11.8700015836415,13.75,0
180,1,11.75,2,0,1.37217718150134,1
180,1,11.75,2,1.37217718150134,2.79097053656881,1
180,1,11.75,2,2.79097053656881,11.75,0
181,1,20.75,3,0,5.64192528308313,1
181,1,20.75,3,5.64192528308313,13.9562733669986,1
181,1,20.75,3,13.9562733669986,16.2747182961919,1
181,1,20.75,3,16.2747182961919,20.75,0
182,1,16.75,7,0,6.27394983996691,1
182,1,16.75,7,6.27394983996691,8.72201150561789,1
182,1,16.75,7,8.72201150561789,8.72872236095711,1
182,1,16.75,7,8.72872236095711,13.0559793662632,1
182,1,16.75,7,13.0559793662632,14.0940113783227,1
182,1,16.75,7,14.0940113783227,14.7755854601558,1
182,1,16.75,7,14.7755854601558,14.8984562674084,1
182,1,16.75,7,14.8984562674084,16.75,0
183,1,17.75,4,0,1.62316305458968,1
183,1,17.75,4,1.62316305458968,4.64320468210907,1
183,1,17.75,4,4.64320468210907,4.72529563918193,1
183,1,17.75,4,4.72529563918193,5.57242382249571,1
183,1,17.75,4,5.57242382249571,17.75,0
184,1,19.75,12,0,2.6108517222651,1
184,1,19.75,12,2.6108517222651,2.79542019878517,1
184,1,19.75,12,2.79542019878517,2.97872951598533,1
184,1,19.75,12,2.97872951598533,4.04747970672885,1
184,1,19.75,12,4.04747970672885,5.56284426044567,1
184,1,19.75,12,5.56284426044567,8.35843910716731,1
184,1,19.75,12,8.35843910716731,10.1283532296316,1
184,1,19.75,12,10.1283532296316,11.2062560476961,1
184,1,19.75,12,11.2062560476961,12.240634767826,1
184,1,19.75,12,12.240634767826,12.6435448049877,1
184,1,19.75,12,12.6435448049877,13.6450862543519,1
184,1,19.75,12,13.6450862543519,15.2456162841729,1
184,1,19.75,12,15.2456162841729,19.75,0
185,1,15.75,5,0,2.07539255544684,1
185,1,15.75,5,2.07539255544684,4.7705630719569,1
185,1,15.75,5,4.7705630719569,7.73835449819244,1
185,1,15.75,5,7.73835449819244,11.4676918993359,1
185,1,15.75,5,11.4676918993359,12.704383534545,1
185,1,15.75,5,12.704383534545,15.75,0
186,1,15.75,0,0,15.75,0
187,1,11.75,2,0,2.02384774875006,1
187,1,11.75,2,2.02384774875006,11.294915124975,1
187,1,11.75,2,11.294915124975,11.75,0
188,1,10.75,0,0,10.75,0
189,1,13.75,1,0,6.77551820949953,1
189,1,13.75,1,6.77551820949953,13.75,0
190,1,17.75,3,0,1.37406794502342,1
190,1,17.75,3,1.37406794502342,2.23946140553755,1
190,1,17.75,3,2.23946140553755,14.9943048677291,1
190,1,17.75,3,14.9943048677291,17.75,0
191,1,15.75,1,0,10.42548192136,1
191,1,15.75,1,10.42548192136,15.75,0
192,1,14.75,6,0,0.82920847686282,1
192,1,14.75,6,0.82920847686282,6.94377561399216,1
192,1,14.75,6,6.94377561399216,8.89803793585987,1
192,1,14.75,6,8.89803793585987,9.69332198895004,1
192,1,14.75,6,9.69332198895004,13.3599021653706,1
192,1,14.75,6,13.3599021653706,14.3666696161693,1
192,1,14.75,6,14.3666696161693,14.75,0
193,1,12.75,5,0,1.38452171977558,1
193,1,12.75,5,1.38452171977558,7.14484857327556,1
193,1,12.75,5,7.14484857327556,7.40240030876638,1
193,1,12.75,5,7.40240030876638,8.75307992467557,1
193,1,12.75,5,8.75307992467557,8.84744397724514,1
193,1,12.75,5,8.84744397724514,12.75,0
194,1,9.75,2,0,5.01153874228082,1
194,1,9.75,2,5.01153874228082,8.29830040972566,1
194,1,9.75,2,8.29830040972566,9.75,0
195,1,14.75,6,0,0.338496973139415,1
195,1,14.75,6,0.338496973139415,0.369083521985778,1
195,1,14.75,6,0.369083521985778,1.45529303523263,1
195,1,14.75,6,1.45529303523263,3.87628050070189,1
195,1,14.75,6,3.87628050070189,5.0549864375906,1
195,1,14.75,6,5.0549864375906,8.64636023368626,1
195,1,14.75,6,8.64636023368626,14.75,0
196,1,18.75,10,0,0.714120613176204,1
196,1,18.75,10,0.714120613176204,5.09168176737519,1
196,1,18.75,10,5.09168176737519,5.59609788325942,1
196,1,18.75,10,5.59609788325942,6.66611522576432,1
196,1,18.75,10,6.66611522576432,9.62212748140385,1
196,1,18.75,10,9.62212748140385,10.4663487761506,1
196,1,18.75,10,10.4663487761506,11.0569741906101,1
196,1,18.75,10,11.0569741906101,13.5134354916743,1
196,1,18.75,10,13.5134354916743,15.1202687519117,1
196,1,18.75,10,15.1202687519117,15.1932314318813,1
196,1,18.75,10,15.1932314318813,18.75,0
197,1,9.75,4,0,3.6987688040846,1
197,1,9.75,4,3.6987688040846,3.72158456797063,1
197,1,9.75,4,3.72158456797063,4.60050920200219,1
197,1,9.75,4,4.60050920200219,5.7467851848308,1
197,1,9.75,4,5.7467851848308,9.75,0
198,1,9.75,4,0,2.98579223465873,1
198,1,9.75,4,2.98579223465873,5.74722195297734,1
198,1,9.75,4,5.74722195297734,6.81561594523885,1
198,1,9.75,4,6.81561594523885,8.30246421814665,1
198,1,9.75,4,8.30246421814665,9.75,0
199,1,16.75,3,0,4.00706536896922,1
199,1,16.75,3,4.00706536896922,9.59311604989552,1
199,1,16.75,3,9.59311604989552,11.513808880446,1
199,1,16.75,3,11.513808880446,16.75,0
200,1,14.75,1,0,4.95426555673492,1
200,1,14.75,1,4.95426555673492,14.75,0
201,1,14.75,1,0,7.00682308930733,1
201,1,14.75,1,7.00682308930733,14.75,0
202,1,14.75,3,0,1.40598340492888,1
202,1,14.75,3,1.40598340492888,9.48989695849298,1
202,1,14.75,3,9.48989695849298,14.2678522822791,1
202,1,14.75,3,14.2678522822791,14.75,0
203,1,15.75,8,0,4.72846863009958,1
203,1,15.75,8,4.72846863009958,7.64193682733313,1
203,1,15.75,8,7.64193682733313,8.91262273630386,1
203,1,15.75,8,8.91262273630386,9.61385544424009,1
203,1,15.75,8,9.61385544424009,11.50414543451,1
203,1,15.75,8,11.50414543451,12.2388568794819,1
203,1,15.75,8,12.2388568794819,12.5142007818373,1
203,1,15.75,8,12.5142007818373,15.1602754438131,1
203,1,15.75,8,15.1602754438131,15.75,0
204,1,12.75,2,0,2.46172957421404,1
204,1,12.75,2,2.46172957421404,4.26847883936895,1
204,1,12.75,2,4.26847883936895,12.75,0
205,1,13.75,1,0,0.0992745694347853,1
205,1,13.75,1,0.0992745694347853,13.75,0
206,1,17.75,1,0,2.85256092267145,1
206,1,17.75,1,2.85256092267145,17.75,0
207,1,10.75,0,0,10.75,0
208,1,15.75,11,0,0.612990496037433,1
208,1,15.75,11,0.612990496037433,3.67285721277303,1
208,1,15.75,11,3.67285721277303,3.99804583338139,1
208,1,15.75,11,3.99804583338139,5.03832364174771,1
208,1,15.75,11,5.03832364174771,6.55434116284745,1
208,1,15.75,11,6.55434116284745,6.79634077487485,1
208,1,15.75,11,6.79634077487485,9.30875515309468,1
208,1,15.75,11,9.30875515309468,9.77141084811327,1
208,1,15.75,11,9.77141084811327,12.3650045384419,1
208,1,15.75,11,12.3650045384419,13.2829928829719,1
208,1,15.75,11,13.2829928829719,15.2203229033625,1
208,1,15.75,11,15.2203229033625,15.75,0
209,1,17.75,2,0,7.36296784460467,1
209,1,17.75,2,7.36296784460467,12.6670021165827,1
209,1,17.75,2,12.6670021165827,17.75,0
210,1,8.75,3,0,6.79125489707171,1
210,1,8.75,3,6.79125489707171,7.3706372875121,1
210,1,8.75,3,7.3706372875121,8.63375957712075,1
210,1,8.75,3,8.63375957712075,8.75,0
211,1,20.75,7,0,0.22300585674461,1
211,1,20.75,7,0.22300585674461,1.76461803253903,1
211,1,20.75,7,1.76461803253903,7.60505794469907,1
211,1,20.75,7,7.60505794469907,11.3623625568943,1
211,1,20.75,7,11.3623625568943,11.4519643046245,1
211,1,20.75,7,11.4519643046245,14.2622003032983,1
211,1,20.75,7,14.2622003032983,18.0976725237272,1
211,1,20.75,7,18.0976725237272,20.75,0
212,1,11.75,2,0,9.15609690767537,1
212,1,11.75,2,9.15609690767537,10.3328499561929,1
212,1,11.75,2,10.3328499561929,11.75,0
213,1,8.75,6,0,0.101164342133866,1
213,1,8.75,6,0.101164342133866,2.05699489283631,1
213,1,8.75,6,2.05699489283631,2.08728438748288,1
213,1,8.75,6,2.08728438748288,5.65734698983724,1
213,1,8.75,6,5.65734698983724,5.75939458558069,1
213,1,8.75,6,5.75939458558069,6.07218555989747,1
213,1,8.75,6,6.07218555989747,8.75,0
214,1,9.75,0,0,9.75,0
215,1,14.75,11,0,0.558096411714713,1
215,1,14.75,11,0.558096411714713,0.686879517135245,1
215,1,14.75,11,0.686879517135245,2.59534431602574,1
215,1,14.75,11,2.59534431602574,2.76116486259003,1
215,1,14.75,11,2.76116486259003,4.9662748827533,1
215,1,14.75,11,4.9662748827533,8.41479971817034,1
215,1,14.75,11,8.41479971817034,10.8762085363802,1
215,1,14.75,11,10.8762085363802,11.2863710695776,1
215,1,14.75,11,11.2863710695776,11.3264305309259,1
215,1,14.75,11,11.3264305309259,12.8683414448968,1
215,1,14.75,11,12.8683414448968,14.7334593400042,1
215,1,14.75,11,14.7334593400042,14.75,0
216,1,14.75,0,0,14.75,0
217,1,13.75,3,0,7.05116209227956,1
217,1,13.75,3,7.05116209227956,10.62460786016,1
217,1,13.75,3,10.62460786016,10.7325739545906,1
217,1,13.75,3,10.7325739545906,13.75,0
218,1,14.75,3,0,0.241164904441468,1
218,1,14.75,3,0.241164904441468,4.2340927721238,1
218,1,14.75,3,4.2340927721238,9.12314742672336,1
218,1,14.75,3,9.12314742672336,14.75,0
219,1,18.75,4,0,4.31002421975142,1
219,1,18.75,4,4.31002421975142,11.3347275235453,1
219,1,18.75,4,11.3347275235453,11.3757111630678,1
219,1,18.75,4,11.3757111630678,18.1797670662744,1
219,1,18.75,4,18.1797670662744,18.75,0
220,1,8.75,5,0,0.683150516750741,1
220,1,8.75,5,0.683150516750741,5.47086712521923,1
220,1,8.75,5,5.47086712521923,6.32824886538671,1
220,1,8.75,5,6.32824886538671,7.89985989430579,1
220,1,8.75,5,7.89985989430579,8.63178479532498,1
220,1,8.75,5,8.63178479532498,8.75,0
221,1,11.75,5,0,3.78432109072935,1
221,1,11.75,5,3.78432109072935,4.12396284182158,1
221,1,11.75,5,4.12396284182158,5.12056320662917,1
221,1,11.75,5,5.12056320662917,7.49949035625249,1
221,1,11.75,5,7.49949035625249,7.63545779924331,1
221,1,11.75,5,7.63545779924331,11.75,0
222,1,8.75,1,0,6.31844493091012,1
222,1,8.75,1,6.31844493091012,8.75,0
223,1,14.75,12,0,4.09300062181326,1
223,1,14.75,12,4.09300062181326,5.22510383799068,1
223,1,14.75,12,5.22510383799068,7.09472691141035,1
223,1,14.75,12,7.09472691141035,9.49031066822266,1
223,1,14.75,12,9.49031066822266,9.88848575416678,1
223,1,14.75,12,9.88848575416678,9.94036604150994,1
223,1,14.75,12,9.94036604150994,10.2699404068143,1
223,1,14.75,12,10.2699404068143,11.8883866452679,1
223,1,14.75,12,11.8883866452679,12.8459940863151,1
223,1,14.75,12,12.8459940863151,13.5478743698793,1
223,1,14.75,12,13.5478743698793,13.5698741491904,1
223,1,14.75,12,13.5698741491904,14.328972377646,1
223,1,14.75,12,14.328972377646,14.75,0
224,1,15.75,3,0,6.61367917954656,1
224,1,15.75,3,6.61367917954656,14.8854315208406,1
224,1,15.75,3,14.8854315208406,15.1187347814129,1
224,1,15.75,3,15.1187347814129,15.75,0
225,1,13.75,0,0,13.75,0
226,1,14.75,5,0,2.13638781550667,1
226,1,14.75,5,2.13638781550667,3.60235794538643,1
226,1,14.75,5,3.60235794538643,5.67095599282413,1
226,1,14.75,5,5.67095599282413,8.59508688316859,1
226,1,14.75,5,8.59508688316859,12.2070644245094,1
226,1,14.75,5,12.2070644245094,14.75,0
227,1,16.75,3,0,4.40820500894435,1
227,1,16.75,3,4.40820500894435,6.45594349298346,1
227,1,16.75,3,6.45594349298346,16.6687937636398,1
227,1,16.75,3,16.6687937636398,16.75,0
228,1,20.75,2,0,3.62454659849419,1
228,1,20.75,2,3.62454659849419,16.8385408094278,1
228,1,20.75,2,16.8385408094278,20.75,0
229,1,18.75,3,0,0.0409586114728724,1
229,1,18.75,3,0.0409586114728724,15.231790658634,1
229,1,18.75,3,15.231790658634,15.2655976020566,1
229,1,18.75,3,15.2655976020566,18.75,0
230,1,13.75,6,0,0.806512453409164,1
230,1,13.75,6,0.806512453409164,1.32735244246812,1
230,1,13.75,6,1.32735244246812,7.65214904620426,1
230,1,13.75,6,7.65214904620426,10.1266616168382,1
230,1,13.75,6,10.1266616168382,11.061587976283,1
230,1,13.75,6,11.061587976283,13.5505938276486,1
230,1,13.75,6,13.5505938276486,13.75,0
231,1,14.75,2,0,6.03108788557747,1
231,1,14.75,2,6.03108788557747,12.8888384448841,1
231,1,14.75,2,12.8888384448841,14.75,0
232,1,10.75,2,0,0.146131027969487,1
232,1,10.75,2,0.146131027969487,3.17812285271615,1
232,1,10.75,2,3.17812285271615,10.75,0
233,1,11.75,0,0,11.75,0
234,1,13.75,1,0,12.9400021495534,1
234,1,13.75,1,12.9400021495534,13.75,0
235,1,17.75,3,0,0.614516813682493,1
235,1,17.75,3,0.614516813682493,1.19202207259803,1
235,1,17.75,3,1.19202207259803,7.04604036885233,1
235,1,17.75,3,7.04604036885233,17.75,0
236,1,18.75,10,0,0.123089902705261,1
236,1,18.75,10,0.123089902705261,3.09762452524895,1
236,1,18.75,10,3.09762452524895,4.71391997235914,1
236,1,18.75,10,4.71391997235914,6.97711124328395,1
236,1,18.75,10,6.97711124328395,7.09508942763988,1
236,1,18.75,10,7.09508942763988,13.1962594029392,1
236,1,18.75,10,13.1962594029392,14.6369365420515,1
236,1,18.75,10,14.6369365420515,16.0857594144164,1
236,1,18.75,10,16.0857594144164,16.6620857421498,1
236,1,18.75,10,16.6620857421498,18.1786801471258,1
236,1,18.75,10,18.1786801471258,18.75,0
237,1,18.75,2,0,1.19045583817448,1
237,1,18.75,2,1.19045583817448,17.936694619984,1
237,1,18.75,2,17.936694619984,18.75,0
238,1,10.75,0,0,10.75,0
239,1,16.75,7,0,2.57099332543225,1
239,1,16.75,7,2.57099332543225,4.211510784844,1
239,1,16.75,7,4.211510784844,6.70890884491313,1
239,1,16.75,7,6.70890884491313,11.6385949061661,1
239,1,16.75,7,11.6385949061661,11.7860600742045,1
239,1,16.75,7,11.7860600742045,13.7082965956983,1
239,1,16.75,7,13.7082965956983,16.0829443878441,1
239,1,16.75,7,16.0829443878441,16.75,0
240,1,9.75,4,0,3.09628768630112,1
240,1,9.75,4,3.09628768630112,6.79593345089905,1
240,1,9.75,4,6.79593345089905,8.02199143802969,1
240,1,9.75,4,8.02199143802969,8.08432560892597,1
240,1,9.75,4,8.08432560892597,9.75,0
241,1,10.75,3,0,1.91764804868475,1
241,1,10.75,3,1.91764804868475,3.63407183229991,1
241,1,10.75,3,3.63407183229991,8.42481187466056,1
241,1,10.75,3,8.42481187466056,10.75,0
242,1,13.75,10,0,0.370504337756469,1
242,1,13.75,10,0.370504337756469,2.56383756992679,1
242,1,13.75,10,2.56383756992679,2.91147202104992,1
242,1,13.75,10,2.91147202104992,2.927224283451,1
242,1,13.75,10,2.927224283451,5.71988196979929,1
242,1,13.75,10,5.71988196979929,9.10314513272921,1
242,1,13.75,10,9.10314513272921,9.46715487531772,1
242,1,13.75,10,9.46715487531772,9.56215232469873,1
242,1,13.75,10,9.56215232469873,12.0500252190677,1
242,1,13.75,10,12.0500252190677,12.2872255123657,1
242,1,13.75,10,12.2872255123657,13.75,0
243,1,15.75,2,0,7.31283619750274,1
243,1,15.75,2,7.31283619750274,8.49799176106336,1
243,1,15.75,2,8.49799176106336,15.75,0
244,1,14.75,10,0,1.18387060371153,1
244,1,14.75,10,1.18387060371153,1.52725361670705,1
244,1,14.75,10,1.52725361670705,4.39383722411673,1
244,1,14.75,10,4.39383722411673,4.77181966705125,1
244,1,14.75,10,4.77181966705125,5.3082508744767,1
244,1,14.75,10,5.3082508744767,9.32445973061066,1
244,1,14.75,10,9.32445973061066,11.8260430691572,1
244,1,14.75,10,11.8260430691572,11.8359937550152,1
244,1,14.75,10,11.8359937550152,12.3702386476308,1
244,1,14.75,10,12.3702386476308,13.8401943440399,1
244,1,14.75,10,13.8401943440399,14.75,0
245,1,11.75,1,0,4.18487026586906,1
245,1,11.75,1,4.18487026586906,11.75,0
246,1,11.75,5,0,0.615476574420716,1
246,1,11.75,5,0.615476574420716,4.25231557829191,1
246,1,11.75,5,4.25231557829191,7.67864801951429,1
246,1,11.75,5,7.67864801951429,9.83104247472961,1
246,1,11.75,5,9.83104247472961,10.795788620365,1
246,1,11.75,5,10.795788620365,11.75,0
247,1,11.75,2,0,6.36458790255658,1
247,1,11.75,2,6.36458790255658,6.88024872117649,1
247,1,11.75,2,6.88024872117649,11.75,0
248,1,10.75,1,0,4.70915413714242,1
248,1,10.75,1,4.70915413714242,10.75,0
249,1,17.75,1,0,4.41732017313451,1
249,1,17.75,1,4.41732017313451,17.75,0
250,1,14.75,1,0,6.32782843518921,1
250,1,14.75,1,6.32782843518921,14.75,0
251,1,17.75,3,0,6.61031773333703,1
251,1,17.75,3,6.61031773333703,7.41435715070069,1
251,1,17.75,3,7.41435715070069,14.14281421317,1
251,1,17.75,3,14.14281421317,17.75,0
252,1,16.75,4,0,0.636915711612501,1
252,1,16.75,4,0.636915711612501,4.71236940294133,1
252,1,16.75,4,4.71236940294133,7.40334593439692,1
252,1,16.75,4,7.40334593439692,15.7840706206463,1
252,1,16.75,4,15.7840706206463,16.75,0
253,1,16.75,1,0,0.903786425750471,1
253,1,16.75,1,0.903786425750471,16.75,0
254,1,12.75,5,0,2.51595170731891,1
254,1,12.75,5,2.51595170731891,2.63579543696251,1
254,1,12.75,5,2.63579543696251,2.68922730870429,1
254,1,12.75,5,2.68922730870429,8.33151990988651,1
254,1,12.75,5,8.33151990988651,10.1888539096485,1
254,1,12.75,5,10.1888539096485,12.75,0
255,1,8.75,4,0,4.24585068148143,1
255,1,8.75,4,4.24585068148143,5.73576411073863,1
255,1,8.75,4,5.73576411073863,7.48945224528139,1
255,1,8.75,4,7.48945224528139,8.6415927359473,1
255,1,8.75,4,8.6415927359473,8.75,0
256,1,13.75,2,0,2.6236806814474,1
256,1,13.75,2,2.6236806814474,13.128921876491,1
256,1,13.75,2,13.128921876491,13.75,0
257,1,13.75,3,0,4.30497318268408,1
257,1,13.75,3,4.30497318268408,10.4883389225622,1
257,1,13.75,3,10.4883389225622,11.2075961041343,1
257,1,13.75,3,11.2075961041343,13.75,0
258,1,18.75,1,0,0.772340683272597,1
258,1,18.75,1,0.772340683272597,18.75,0
259,1,9.75,2,0,1.3234884183798,1
259,1,9.75,2,1.3234884183798,6.06416312776809,1
259,1,9.75,2,6.06416312776809,9.75,0
260,1,20.75,1,0,9.37144634953523,1
260,1,20.75,1,9.37144634953523,20.75,0
261,1,9.75,6,0,0.641172052781347,1
261,1,9.75,6,0.641172052781347,1.54245534560054,1
261,1,9.75,6,1.54245534560054,2.31304617466931,1
261,1,9.75,6,2.31304617466931,2.48105211476052,1
261,1,9.75,6,2.48105211476052,3.24602992118357,1
261,1,9.75,6,3.24602992118357,5.58111705416588,1
261,1,9.75,6,5.58111705416588,9.75,0
262,1,15.75,13,0,0.832816282687718,1
262,1,15.75,13,0.832816282687718,0.907665771159456,1
262,1,15.75,13,0.907665771159456,3.37823876185646,1
262,1,15.75,13,3.37823876185646,3.51342870848213,1
262,1,15.75,13,3.51342870848213,3.76095174360272,1
262,1,15.75,13,3.76095174360272,3.77482050989395,1
262,1,15.75,13,3.77482050989395,4.0904988638648,1
262,1,15.75,13,4.0904988638648,4.26145717215208,1
262,1,15.75,13,4.26145717215208,5.72525557306007,1
262,1,15.75,13,5.72525557306007,9.82776929136266,1
262,1,15.75,13,9.82776929136266,13.2679417290505,1
262,1,15.75,13,13.2679417290505,14.1094899294893,1
262,1,15.75,13,14.1094899294893,15.2112506696412,1
262,1,15.75,13,15.2112506696412,15.75,0
263,1,16.75,2,0,1.22020235748215,1
263,1,16.75,2,1.22020235748215,6.17691269549783,1
263,1,16.75,2,6.17691269549783,16.75,0
264,1,12.75,2,0,1.99457937216395,1
264,1,12.75,2,1.99457937216395,9.31688630092836,1
264,1,12.75,2,9.31688630092836,12.75,0
265,1,11.75,3,0,7.64837122431283,1
265,1,11.75,3,7.64837122431283,8.2544985834937,1
265,1,11.75,3,8.2544985834937,9.7734127094266,1
265,1,11.75,3,9.7734127094266,11.75,0
266,1,11.75,7,0,2.67398150449756,1
266,1,11.75,7,2.67398150449756,3.67755055205475,1
266,1,11.75,7,3.67755055205475,4.53426418742389,1
266,1,11.75,7,4.53426418742389,5.94410865122823,1
266,1,11.75,7,5.94410865122823,7.81703141518399,1
266,1,11.75,7,7.81703141518399,8.4306981894838,1
266,1,11.75,7,8.4306981894838,10.1578819161494,1
266,1,11.75,7,10.1578819161494,11.75,0
267,1,17.75,2,0,9.98523935845498,1
267,1,17.75,2,9.98523935845498,12.402409170498,1
267,1,17.75,2,12.402409170498,17.75,0
268,1,14.75,3,0,3.81096900607966,1
268,1,14.75,3,3.81096900607966,7.50714088243191,1
268,1,14.75,3,7.50714088243191,13.3330360756793,1
268,1,14.75,3,13.3330360756793,14.75,0
269,1,15.75,13,0,0.760097925487101,1
269,1,15.75,13,0.760097925487101,1.43243225532761,1
269,1,15.75,13,1.43243225532761,2.52110171346901,1
269,1,15.75,13,2.52110171346901,4.89892535647963,1
269,1,15.75,13,4.89892535647963,5.57027192476104,1
269,1,15.75,13,5.57027192476104,7.73615032947993,1
269,1,15.75,13,7.73615032947993,8.68794803908647,1
269,1,15.75,13,8.68794803908647,9.9501548238143,1
269,1,15.75,13,9.9501548238143,10.4751733822058,1
269,1,15.75,13,10.4751733822058,11.3247606340605,1
269,1,15.75,13,11.3247606340605,12.2388460792862,1
269,1,15.75,13,12.2388460792862,14.3081075812887,1
269,1,15.75,13,14.3081075812887,15.580303665541,1
269,1,15.75,13,15.580303665541,15.75,0
270,1,16.75,2,0,8.07785021996866,1
270,1,16.75,2,8.07785021996866,11.1331478297414,1
270,1,16.75,2,11.1331478297414,16.75,0
271,1,10.75,0,0,10.75,0
272,1,13.75,9,0,1.21047129841486,1
272,1,13.75,9,1.21047129841486,1.93698027024963,1
272,1,13.75,9,1.93698027024963,5.84065394968191,1
272,1,13.75,9,5.84065394968191,7.25627046421353,1
272,1,13.75,9,7.25627046421353,7.997983270095,1
272,1,13.75,9,7.997983270095,9.17341088403528,1
272,1,13.75,9,9.17341088403528,9.82551826371218,1
272,1,13.75,9,9.82551826371218,12.9887339491383,1
272,1,13.75,9,12.9887339491383,13.5325673306321,1
272,1,13.75,9,13.5325673306321,13.75,0
273,1,12.75,1,0,5.84393601633052,1
273,1,12.75,1,5.84393601633052,12.75,0
274,1,13.75,0,0,13.75,0
275,1,13.75,4,0,1.42309808765717,1
275,1,13.75,4,1.42309808765717,4.29137567060441,1
275,1,13.75,4,4.29137567060441,8.28165073719962,1
275,1,13.75,4,8.28165073719962,8.75318338097277,1
275,1,13.75,4,8.75318338097277,13.75,0
276,1,12.75,6,0,0.761037917790516,1
276,1,12.75,6,0.761037917790516,0.827820066439736,1
276,1,12.75,6,0.827820066439736,2.06739072580595,1
276,1,12.75,6,2.06739072580595,2.55500651488715,1
276,1,12.75,6,2.55500651488715,5.84158806367824,1
276,1,12.75,6,5.84158806367824,9.58366244648719,1
276,1,12.75,6,9.58366244648719,12.75,0
277,1,11.75,2,0,0.768605642590276,1
277,1,11.75,2,0.768605642590276,2.14271089592145,1
277,1,11.75,2,2.14271089592145,11.75,0
278,1,20.75,6,0,1.01190717513747,1
278,1,20.75,6,1.01190717513747,1.48003241315567,1
278,1,20.75,6,1.48003241315567,14.312480290012,1
278,1,20.75,6,14.312480290012,15.8339276439734,1
278,1,20.75,6,15.8339276439734,16.0066261972527,1
278,1,20.75,6,16.0066261972527,18.594229625345,1
278,1,20.75,6,18.594229625345,20.75,0
279,1,18.75,1,0,4.87937401183357,1
279,1,18.75,1,4.87937401183357,18.75,0
280,1,8.75,2,0,6.61023083707889,1
280,1,8.75,2,6.61023083707889,8.25765302892503,1
280,1,8.75,2,8.25765302892503,8.75,0
281,1,9.75,0,0,9.75,0
282,1,13.75,6,0,4.22458348054486,1
282,1,13.75,6,4.22458348054486,4.90602773005045,1
282,1,13.75,6,4.90602773005045,8.01179263260989,1
282,1,13.75,6,8.01179263260989,8.72735824025065,1
282,1,13.75,6,8.72735824025065,8.83386595975069,1
282,1,13.75,6,8.83386595975069,13.7463702649614,1
282,1,13.75,6,13.7463702649614,13.75,0
283,1,18.75,5,0,0.758494646976361,1
283,1,18.75,5,0.758494646976361,0.853097345852004,1
283,1,18.75,5,0.853097345852004,11.1698092551431,1
283,1,18.75,5,11.1698092551431,11.243685413203,1
283,1,18.75,5,11.243685413203,15.0342689396062,1
283,1,18.75,5,15.0342689396062,18.75,0
284,1,16.75,10,0,0.728520051015431,1
284,1,16.75,10,0.728520051015431,3.80055653000145,1
284,1,16.75,10,3.80055653000145,4.68344570291883,1
284,1,16.75,10,4.68344570291883,6.93347676181423,1
284,1,16.75,10,6.93347676181423,8.55436319845647,1
284,1,16.75,10,8.55436319845647,11.5617010796922,1
284,1,16.75,10,11.5617010796922,12.7675035389468,1
284,1,16.75,10,12.7675035389468,12.9352184602913,1
284,1,16.75,10,12.9352184602913,13.9392127791434,1
284,1,16.75,10,13.9392127791434,14.5991992949056,1
284,1,16.75,10,14.5991992949056,16.75,0
285,1,9.75,3,0,4.11697966321452,1
285,1,9.75,3,4.11697966321452,6.75759867871716,1
285,1,9.75,3,6.75759867871716,7.66895362630743,1
285,1,9.75,3,7.66895362630743,9.75,0
286,1,8.75,2,0,5.93875159105537,1
286,1,8.75,2,5.93875159105537,6.03472810400449,1
286,1,8.75,2,6.03472810400449,8.75,0
287,1,8.75,6,0,2.16291620693378,1
287,1,8.75,6,2.16291620693378,3.87055928822175,1
287,1,8.75,6,3.87055928822175,4.19801953176039,1
287,1,8.75,6,4.19801953176039,5.07081910519697,1
287,1,8.75,6,5.07081910519697,5.54820687888064,1
287,1,8.75,6,5.54820687888064,5.67874202754167,1
287,1,8.75,6,5.67874202754167,8.75,0
288,1,16.75,2,0,2.63321142415231,1
288,1,16.75,2,2.63321142415231,12.451387793852,1
288,1,16.75,2,12.451387793852,16.75,0
289,1,13.75,4,0,2.88779105868369,1
289,1,13.75,4,2.88779105868369,8.02443269134896,1
289,1,13.75,4,8.02443269134896,9.11570757895671,1
289,1,13.75,4,9.11570757895671,11.2524116799079,1
289,1,13.75,4,11.2524116799079,13.75,0
290,1,16.75,2,0,0.074093260425216,1
290,1,16.75,2,0.074093260425216,5.02144502137299,1
290,1,16.75,2,5.02144502137299,16.75,0
291,1,8.75,0,0,8.75,0
292,1,11.75,4,0,3.14774879745022,1
292,1,11.75,4,3.14774879745022,4.36592762780711,1
292,1,11.75,4,4.36592762780711,4.83333185823669,1
292,1,11.75,4,4.83333185823669,6.76264234410391,1
292,1,11.75,4,6.76264234410391,11.75,0
293,1,8.75,0,0,8.75,0
294,1,8.75,0,0,8.75,0
295,1,15.75,2,0,4.3640338160566,1
295,1,15.75,2,4.3640338160566,4.50918292384943,1
295,1,15.75,2,4.50918292384943,15.75,0
296,1,14.75,3,0,2.67340981954504,1
296,1,14.75,3,2.67340981954504,4.29872344862846,1
296,1,14.75,3,4.29872344862846,12.8000445016072,1
296,1,14.75,3,12.8000445016072,14.75,0
297,1,12.75,0,0,12.75,0
298,1,12.75,2,0,7.18948595764681,1
298,1,12.75,2,7.18948595764681,11.7880480061404,1
298,1,12.75,2,11.7880480061404,12.75,0
299,1,18.75,3,0,4.11302088946965,1
299,1,18.75,3,4.11302088946965,12.7940358637589,1
299,1,18.75,3,12.7940358637589,18.360458804985,1
299,1,18.75,3,18.360458804985,18.75,0
300,1,17.75,3,0,11.7314459804198,1
300,1,17.75,3,11.7314459804198,13.1349811794697,1
300,1,17.75,3,13.1349811794697,14.7472794272219,1
300,1,17.75,3,14.7472794272219,17.75,0
301,0,14.75,0,0,14.75,0
302,0,13.75,5,0,2.13023374665383,1
302,0,13.75,5,2.13023374665383,4.22612650117349,1
302,0,13.75,5,4.22612650117349,4.32636416573222,1
302,0,13.75,5,4.32636416573222,5.63985809787486,1
302,0,13.75,5,5.63985809787486,13.0581706979875,1
302,0,13.75,5,13.0581706979875,13.75,0
303,0,11.75,0,0,11.75,0
304,0,14.75,2,0,2.06414267234854,1
304,0,14.75,2,2.06414267234854,13.4693591088938,1
304,0,14.75,2,13.4693591088938,14.75,0
305,0,13.75,0,0,13.75,0
306,0,10.75,0,0,10.75,0
307,0,11.75,17,0,0.356725948151073,1
307,0,11.75,17,0.356725948151073,0.872333482420775,1
307,0,11.75,17,0.872333482420775,1.28216459756743,1
307,0,11.75,17,1.28216459756743,1.33514789702777,1
307,0,11.75,17,1.33514789702777,1.92475391800648,1
307,0,11.75,17,1.92475391800648,2.24461041639386,1
307,0,11.75,17,2.24461041639386,2.37129647031004,1
307,0,11.75,17,2.37129647031004,3.53055510398874,1
307,0,11.75,17,3.53055510398874,4.21463607126488,1
307,0,11.75,17,4.21463607126488,6.11238394230723,1
307,0,11.75,17,6.11238394230723,7.55933221892856,1
307,0,11.75,17,7.55933221892856,8.19333253935887,1
307,0,11.75,17,8.19333253935887,9.45001662673433,1
307,0,11.75,17,9.45001662673433,9.70711928288934,1
307,0,11.75,17,9.70711928288934,11.0843979600274,1
307,0,11.75,17,11.0843979600274,11.3889564373792,1
307,0,11.75,17,11.3889564373792,11.582691932388,1
307,0,11.75,17,11.582691932388,11.75,0
308,0,11.75,0,0,11.75,0
309,0,16.75,1,0,10.9202888034045,1
309,0,16.75,1,10.9202888034045,16.75,0
310,0,16.75,7,0,0.311789781175043,1
310,0,16.75,7,0.311789781175043,0.460076308852694,1
310,0,16.75,7,0.460076308852694,6.86699103514178,1
310,0,16.75,7,6.86699103514178,8.76777071211236,1
310,0,16.75,7,8.76777071211236,9.92480501914817,1
310,0,16.75,7,9.92480501914817,10.8859688642785,1
310,0,16.75,7,10.8859688642785,11.550480861427,1
310,0,16.75,7,11.550480861427,16.75,0
311,0,8.75,0,0,8.75,0
312,0,17.75,8,0,0.1458232411684,1
312,0,17.75,8,0.1458232411684,7.30017157288031,1
312,0,17.75,8,7.30017157288031,7.97462001638748,1
312,0,17.75,8,7.97462001638748,9.62881207809581,1
312,0,17.75,8,9.62881207809581,9.74094480066506,1
312,0,17.75,8,9.74094480066506,13.7596450480207,1
312,0,17.75,8,13.7596450480207,14.6548708098198,1
312,0,17.75,8,14.6548708098198,15.2380733507747,1
312,0,17.75,8,15.2380733507747,17.75,0
313,0,16.75,7,0,1.65393770770392,1
313,0,16.75,7,1.65393770770392,2.96206181305616,1
313,0,16.75,7,2.96206181305616,4.17089274560202,1
313,0,16.75,7,4.17089274560202,7.55852850570233,1
313,0,16.75,7,7.55852850570233,9.61007407670647,1
313,0,16.75,7,9.61007407670647,10.6957441469953,1
313,0,16.75,7,10.6957441469953,13.7037168438625,1
313,0,16.75,7,13.7037168438625,16.75,0
314,0,18.75,8,0,3.0820547162473,1
314,0,18.75,8,3.0820547162473,4.45762176976367,1
314,0,18.75,8,4.45762176976367,7.93050066783593,1
314,0,18.75,8,7.93050066783593,8.69840237612683,1
314,0,18.75,8,8.69840237612683,9.94957492181253,1
314,0,18.75,8,9.94957492181253,11.6973047307575,1
314,0,18.75,8,11.6973047307575,15.9327132995328,1
314,0,18.75,8,15.9327132995328,16.3832976214869,1
314,0,18.75,8,16.3832976214869,18.75,0
315,0,8.75,2,0,1.6899486769872,1
315,0,8.75,2,1.6899486769872,6.98592498056567,1
315,0,8.75,2,6.98592498056567,8.75,0
316,0,11.75,5,0,0.774694321481327,1
316,0,11.75,5,0.774694321481327,2.11236083673413,1
316,0,11.75,5,2.11236083673413,2.49739317965975,1
316,0,11.75,5,2.49739317965975,9.42202579444112,1
316,0,11.75,5,9.42202579444112,11.2650443062632,1
316,0,11.75,5,11.2650443062632,11.75,0
317,0,14.75,1,0,5.34217071509471,1
317,0,14.75,1,5.34217071509471,14.75,0
318,0,10.75,4,0,6.7415305022535,1
318,0,10.75,4,6.7415305022535,7.51445072686006,1
318,0,10.75,4,7.51445072686006,8.96470782715425,1
318,0,10.75,4,8.96470782715425,9.45157296928156,1
318,0,10.75,4,9.45157296928156,10.75,0
319,0,13.75,8,0,2.83593521340875,1
319,0,13.75,8,2.83593521340875,5.77754901846385,1
319,0,13.75,8,5.77754901846385,6.7882066873691,1
319,0,13.75,8,6.7882066873691,7.01789385799118,1
319,0,13.75,8,7.01789385799118,7.29928332114848,1
319,0,13.75,8,7.29928332114848,8.31827478790174,1
319,0,13.75,8,8.31827478790174,9.30777407626243,1
319,0,13.75,8,9.30777407626243,11.1219882018394,1
319,0,13.75,8,11.1219882018394,13.75,0
320,0,15.75,2,0,3.85657502265347,1
320,0,15.75,2,3.85657502265347,6.42965137659951,1
320,0,15.75,2,6.42965137659951,15.75,0
321,0,12.75,1,0,6.42766551688822,1
321,0,12.75,1,6.42766551688822,12.75,0
322,0,17.75,6,0,4.57981921567967,1
322,0,17.75,6,4.57981921567967,5.72471222596919,1
322,0,17.75,6,5.72471222596919,7.37778454409533,1
322,0,17.75,6,7.37778454409533,8.75665100052306,1
322,0,17.75,6,8.75665100052306,12.7365067896599,1
322,0,17.75,6,12.7365067896599,15.6860798286861,1
322,0,17.75,6,15.6860798286861,17.75,0
323,0,17.75,9,0,1.56723611075915,1
323,0,17.75,9,1.56723611075915,5.89100039124794,1
323,0,17.75,9,5.89100039124794,6.43118221449178,1
323,0,17.75,9,6.43118221449178,7.29604737773424,1
323,0,17.75,9,7.29604737773424,11.7775583796873,1
323,0,17.75,9,11.7775583796873,11.8807388488219,1
323,0,17.75,9,11.8807388488219,13.9042409260557,1
323,0,17.75,9,13.9042409260557,14.1898111291381,1
323,0,17.75,9,14.1898111291381,16.4413011522474,1
323,0,17.75,9,16.4413011522474,17.75,0
324,0,18.75,16,0,0.746238224154479,1
324,0,18.75,16,0.746238224154479,1.70797018626783,1
324,0,18.75,16,1.70797018626783,1.76956143030967,1
324,0,18.75,16,1.76956143030967,3.87640173142708,1
324,0,18.75,16,3.87640173142708,4.33813700520146,1
324,0,18.75,16,4.33813700520146,4.55907070340649,1
324,0,18.75,16,4.55907070340649,5.81903176707589,1
324,0,18.75,16,5.81903176707589,6.95228217403703,1
324,0,18.75,16,6.95228217403703,9.19498332061488,1
324,0,18.75,16,9.19498332061488,9.75577492486099,1
324,0,18.75,16,9.75577492486099,11.44159736698,1
324,0,18.75,16,11.44159736698,12.6480966151726,1
324,0,18.75,16,12.6480966151726,13.428640341658,1
324,0,18.75,16,13.428640341658,13.6639925611517,1
324,0,18.75,16,13.6639925611517,14.1669987436918,1
324,0,18.75,16,14.1669987436918,18.0882766927988,1
324,0,18.75,16,18.0882766927988,18.75,0
325,0,16.75,2,0,1.57058164103805,1
325,0,16.75,2,1.57058164103805,16.1369800772703,1
325,0,16.75,2,16.1369800772703,16.75,0
326,0,14.75,9,0,1.83601670010159,1
326,0,14.75,9,1.83601670010159,3.73356832320755,1
326,0,14.75,9,3.73356832320755,4.70186829939383,1
326,0,14.75,9,4.70186829939383,5.05956171461687,1
326,0,14.75,9,5.05956171461687,7.87164681912445,1
326,0,14.75,9,7.87164681912445,8.48584375217131,1
326,0,14.75,9,8.48584375217131,9.64962174023841,1
326,0,14.75,9,9.64962174023841,10.4945201412927,1
326,0,14.75,9,10.4945201412927,10.7103468279634,1
326,0,14.75,9,10.7103468279634,14.75,0
327,0,8.75,2,0,3.90886739292427,1
327,0,8.75,2,3.90886739292427,8.60460686576118,1
327,0,8.75,2,8.60460686576118,8.75,0
328,0,11.75,2,0,0.682848748774636,1
328,0,11.75,2,0.682848748774636,9.51077243677868,1
328,0,11.75,2,9.51077243677868,11.75,0
329,0,14.75,2,0,9.94075734215645,1
329,0,14.75,2,9.94075734215645,14.1437544752665,1
329,0,14.75,2,14.1437544752665,14.75,0
330,0,14.75,6,0,2.07048230494434,1
330,0,14.75,6,2.07048230494434,2.69191730603618,1
330,0,14.75,6,2.69191730603618,2.97965139735416,1
330,0,14.75,6,2.97965139735416,7.63607189928679,1
330,0,14.75,6,7.63607189928679,9.71764037081952,1
330,0,14.75,6,9.71764037081952,12.913531494344,1
330,0,14.75,6,12.913531494344,14.75,0
331,0,16.75,1,0,7.34757423702866,1
331,0,16.75,1,7.34757423702866,16.75,0
332,0,8.75,0,0,8.75,0
333,0,9.75,0,0,9.75,0
334,0,11.75,2,0,1.45193042945649,1
334,0,11.75,2,1.45193042945649,4.38911790968733,1
334,0,11.75,2,4.38911790968733,11.75,0
335,0,12.75,7,0,0.323618218972305,1
335,0,12.75,7,0.323618218972305,0.626047774373015,1
335,0,12.75,7,0.626047774373015,2.37122698067608,1
335,0,12.75,7,2.37122698067608,2.7891891962795,1
335,0,12.75,7,2.7891891962795,3.66995398413927,1
335,0,12.75,7,3.66995398413927,8.54662130696695,1
335,0,12.75,7,8.54662130696695,9.7671282403969,1
335,0,12.75,7,9.7671282403969,12.75,0
336,0,9.75,1,0,4.00147373753615,1
336,0,9.75,1,4.00147373753615,9.75,0
337,0,15.75,3,0,0.330372937191406,1
337,0,15.75,3,0.330372937191406,3.58508922513724,1
337,0,15.75,3,3.58508922513724,14.3380823440065,1
337,0,15.75,3,14.3380823440065,15.75,0
338,0,19.75,14,0,0.454127093472627,1
338,0,19.75,14,0.454127093472627,3.98937940019512,1
338,0,19.75,14,3.98937940019512,5.74956007657569,1
338,0,19.75,14,5.74956007657569,10.6778909447859,1
338,0,19.75,14,10.6778909447859,10.6832789987606,1
338,0,19.75,14,10.6832789987606,11.6170868661428,1
338,0,19.75,14,11.6170868661428,11.8077156083334,1
338,0,19.75,14,11.8077156083334,12.2326898864809,1
338,0,19.75,14,12.2326898864809,13.7367017396475,1
338,0,19.75,14,13.7367017396475,15.6058839729035,1
338,0,19.75,14,15.6058839729035,17.7061713250507,1
338,0,19.75,14,17.7061713250507,17.8614793324096,1
338,0,19.75,14,17.8614793324096,19.1731074505676,1
338,0,19.75,14,19.1731074505676,19.725495028409,1
338,0,19.75,14,19.725495028409,19.75,0
339,0,17.75,3,0,2.48269727552691,1
339,0,17.75,3,2.48269727552691,9.72798626730841,1
339,0,17.75,3,9.72798626730841,13.6561186491864,1
339,0,17.75,3,13.6561186491864,17.75,0
340,0,13.75,2,0,2.19050388155544,1
340,0,13.75,2,2.19050388155544,4.85218596272385,1
340,0,13.75,2,4.85218596272385,13.75,0
341,0,13.75,1,0,7.6355706208891,1
341,0,13.75,1,7.6355706208891,13.75,0
342,0,14.75,6,0,1.28790049379642,1
342,0,14.75,6,1.28790049379642,1.45979179954444,1
342,0,14.75,6,1.45979179954444,2.02212678663698,1
342,0,14.75,6,2.02212678663698,2.7542604570434,1
342,0,14.75,6,2.7542604570434,6.48723431773842,1
342,0,14.75,6,6.48723431773842,9.21585472974366,1
342,0,14.75,6,9.21585472974366,14.75,0
343,0,9.75,0,0,9.75,0
344,0,18.75,1,0,12.922261536391,1
344,0,18.75,1,12.922261536391,18.75,0
345,0,15.75,1,0,10.7210636480603,1
345,0,15.75,1,10.7210636480603,15.75,0
346,0,18.75,4,0,0.935125109201682,1
346,0,18.75,4,0.935125109201682,11.823320225826,1
346,0,18.75,4,11.823320225826,15.6505755210052,1
346,0,18.75,4,15.6505755210052,18.6698454812347,1
346,0,18.75,4,18.6698454812347,18.75,0
347,0,18.75,10,0,2.55812242150123,1
347,0,18.75,10,2.55812242150123,3.6555225158251,1
347,0,18.75,10,3.6555225158251,4.05966002879722,1
347,0,18.75,10,4.05966002879722,5.01015455278715,1
347,0,18.75,10,5.01015455278715,5.94225441895891,1
347,0,18.75,10,5.94225441895891,8.08030542659402,1
347,0,18.75,10,8.08030542659402,11.2611966044817,1
347,0,18.75,10,11.2611966044817,12.8125819441243,1
347,0,18.75,10,12.8125819441243,13.8619118595788,1
347,0,18.75,10,13.8619118595788,14.6912237150442,1
347,0,18.75,10,14.6912237150442,18.75,0
348,0,16.75,8,0,0.813170915318643,1
348,0,16.75,8,0.813170915318643,5.53011160593293,1
348,0,16.75,8,5.53011160593293,6.57853066176355,1
348,0,16.75,8,6.57853066176355,8.29375781138625,1
348,0,16.75,8,8.29375781138625,8.34216934085275,1
348,0,16.75,8,8.34216934085275,8.37118049891211,1
348,0,16.75,8,8.37118049891211,14.7820402159652,1
348,0,16.75,8,14.7820402159652,16.2915149297087,1
348,0,16.75,8,16.2915149297087,16.75,0
349,0,11.75,1,0,9.28599893987011,1
349,0,11.75,1,9.28599893987011,11.75,0
350,0,19.75,7,0,0.152821069216091,1
350,0,19.75,7,0.152821069216091,3.47481947762766,1
350,0,19.75,7,3.47481947762766,5.09149508885821,1
350,0,19.75,7,5.09149508885821,8.07140708153383,1
350,0,19.75,7,8.07140708153383,9.72504395488986,1
350,0,19.75,7,9.72504395488986,15.223963438165,1
350,0,19.75,7,15.223963438165,16.6658809348614,1
350,0,19.75,7,16.6658809348614,19.75,0
351,0,18.75,1,0,14.2297945045602,1
351,0,18.75,1,14.2297945045602,18.75,0
352,0,18.75,7,0,1.42446768414223,1
352,0,18.75,7,1.42446768414223,4.30358409242109,1
352,0,18.75,7,4.30358409242109,4.60236310954081,1
352,0,18.75,7,4.60236310954081,5.88246726339255,1
352,0,18.75,7,5.88246726339255,12.7577116791188,1
352,0,18.75,7,12.7577116791188,12.9304534179902,1
352,0,18.75,7,12.9304534179902,15.0610118706451,1
352,0,18.75,7,15.0610118706451,18.75,0
353,0,8.75,3,0,1.60530092262982,1
353,0,8.75,3,1.60530092262982,2.48170779223068,1
353,0,8.75,3,2.48170779223068,8.13443790123896,1
353,0,8.75,3,8.13443790123896,8.75,0
354,0,16.75,0,0,16.75,0
355,0,11.75,0,0,11.75,0
356,0,16.75,7,0,2.31438034112844,1
356,0,16.75,7,2.31438034112844,5.28841214394709,1
356,0,16.75,7,5.28841214394709,5.71259272634388,1
356,0,16.75,7,5.71259272634388,7.83180026002875,1
356,0,16.75,7,7.83180026002875,8.41060025230921,1
356,0,16.75,7,8.41060025230921,8.81385286583756,1
356,0,16.75,7,8.81385286583756,16.6851219889896,1
356,0,16.75,7,16.6851219889896,16.75,0
357,0,14.75,8,0,1.15280165288551,1
357,0,14.75,8,1.15280165288551,1.4878002159742,1
357,0,14.75,8,1.4878002159742,1.82232331617876,1
357,0,14.75,8,1.82232331617876,7.17603313166614,1
357,0,14.75,8,7.17603313166614,7.60806233702113,1
357,0,14.75,8,7.60806233702113,7.87515065606153,1
357,0,14.75,8,7.87515065606153,9.01377155904614,1
357,0,14.75,8,9.01377155904614,13.8333897157335,1
357,0,14.75,8,13.8333897157335,14.75,0
358,0,16.75,2,0,4.66189652712184,1
358,0,16.75,2,4.66189652712184,11.0149925271394,1
358,0,16.75,2,11.0149925271394,16.75,0
359,0,14.75,1,0,1.4887508292416,1
359,0,14.75,1,1.4887508292416,14.75,0
360,0,13.75,0,0,13.75,0
361,0,12.75,1,0,7.13208473134013,1
361,0,12.75,1,7.13208473134013,12.75,0
362,0,19.75,0,0,19.75,0
363,0,18.75,3,0,10.4890412339169,1
363,0,18.75,3,10.4890412339169,15.1724377295856,1
363,0,18.75,3,15.1724377295856,17.7883880278197,1
363,0,18.75,3,17.7883880278197,18.75,0
364,0,10.75,1,0,0.804660531907632,1
364,0,10.75,1,0.804660531907632,10.75,0
365,0,8.75,1,0,1.55682147211849,1
365,0,8.75,1,1.55682147211849,8.75,0
366,0,14.75,8,0,0.275700680485165,1
366,0,14.75,8,0.275700680485165,3.89583439381451,1
366,0,14.75,8,3.89583439381451,4.28227720222838,1
366,0,14.75,8,4.28227720222838,5.78678676258376,1
366,0,14.75,8,5.78678676258376,7.31944702580453,1
366,0,14.75,8,7.31944702580453,11.0165896267572,1
366,0,14.75,8,11.0165896267572,12.5660716986024,1
366,0,14.75,8,12.5660716986024,13.5804733171717,1
366,0,14.75,8,13.5804733171717,14.75,0
367,0,19.75,7,0,4.30214218347976,1
367,0,19.75,7,4.30214218347976,5.08597997547306,1
367,0,19.75,7,5.08597997547306,5.80207901809829,1
367,0,19.75,7,5.80207901809829,10.9444039774765,1
367,0,19.75,7,10.9444039774765,11.8866103002213,1
367,0,19.75,7,11.8866103002213,12.6010838676368,1
367,0,19.75,7,12.6010838676368,12.8244566476892,1
367,0,19.75,7,12.8244566476892,19.75,0
368,0,14.75,4,0,0.259924555938157,1
368,0,14.75,4,0.259924555938157,9.19103095357344,1
368,0,14.75,4,9.19103095357344,10.5496845422487,1
368,0,14.75,4,10.5496845422487,13.1227216795406,1
368,0,14.75,4,13.1227216795406,14.75,0
369,0,14.75,0,0,14.75,0
370,0,14.75,2,0,5.2096367221196,1
370,0,14.75,2,5.2096367221196,9.60623411286803,1
370,0,14.75,2,9.60623411286803,14.75,0
371,0,13.75,4,0,1.2932397677478,1
371,0,13.75,4,1.2932397677478,9.51691769461023,1
371,0,13.75,4,9.51691769461023,11.6825298231461,1
371,0,13.75,4,11.6825298231461,12.9427270427167,1
371,0,13.75,4,12.9427270427167,13.75,0
372,0,11.75,5,0,1.62054621873349,1
372,0,11.75,5,1.62054621873349,2.91768856827588,1
372,0,11.75,5,2.91768856827588,3.68495129458385,1
372,0,11.75,5,3.68495129458385,6.64591203929138,1
372,0,11.75,5,6.64591203929138,10.2237249052777,1
372,0,11.75,5,10.2237249052777,11.75,0
373,0,10.75,4,0,1.09940160148779,1
373,0,10.75,4,1.09940160148779,1.44668016359293,1
373,0,10.75,4,1.44668016359293,1.71231614515973,1
373,0,10.75,4,1.71231614515973,9.95225136612087,1
373,0,10.75,4,9.95225136612087,10.75,0
374,0,10.75,5,0,1.44511372443343,1
374,0,10.75,5,1.44511372443343,3.22158479715546,1
374,0,10.75,5,3.22158479715546,4.07061628601891,1
374,0,10.75,5,4.07061628601891,4.60371771968424,1
374,0,10.75,5,4.60371771968424,9.70453295551547,1
374,0,10.75,5,9.70453295551547,10.75,0
375,0,16.75,1,0,5.03171942148666,1
375,0,16.75,1,5.03171942148666,16.75,0
376,0,15.75,1,0,1.68955358858857,1
376,0,15.75,1,1.68955358858857,15.75,0
377,0,13.75,2,0,9.31592331224864,1
377,0,13.75,2,9.31592331224864,9.44650570335286,1
377,0,13.75,2,9.44650570335286,13.75,0
378,0,11.75,0,0,11.75,0
379,0,18.75,10,0,0.18223615927149,1
379,0,18.75,10,0.18223615927149,1.38741035018261,1
379,0,18.75,10,1.38741035018261,1.69204949752238,1
379,0,18.75,10,1.69204949752238,2.31161692671703,1
379,0,18.75,10,2.31161692671703,6.93761869111863,1
379,0,18.75,10,6.93761869111863,13.03135945306,1
379,0,18.75,10,13.03135945306,14.3354491331554,1
379,0,18.75,10,14.3354491331554,15.552012252574,1
379,0,18.75,10,15.552012252574,15.6088422842705,1
379,0,18.75,10,15.6088422842705,18.2940335571064,1
379,0,18.75,10,18.2940335571064,18.75,0
380,0,10.75,1,0,1.55743439686689,1
380,0,10.75,1,1.55743439686689,10.75,0
381,0,12.75,1,0,0.512966535962962,1
381,0,12.75,1,0.512966535962962,12.75,0
382,0,13.75,5,0,2.75877167449592,1
382,0,13.75,5,2.75877167449592,5.07834664229807,1
382,0,13.75,5,5.07834664229807,6.36626051762121,1
382,0,13.75,5,6.36626051762121,8.3055004729496,1
382,0,13.75,5,8.3055004729496,8.35564071276072,1
382,0,13.75,5,8.35564071276072,13.75,0
383,0,17.75,1,0,0.836479735887556,1
383,0,17.75,1,0.836479735887556,17.75,0
384,0,19.75,7,0,1.689023264352,1
384,0,19.75,7,1.689023264352,5.7712315773696,1
384,0,19.75,7,5.7712315773696,10.2329987915166,1
384,0,19.75,7,10.2329987915166,13.1478316578417,1
384,0,19.75,7,13.1478316578417,13.4575267308844,1
384,0,19.75,7,13.4575267308844,14.5153970142076,1
384,0,19.75,7,14.5153970142076,15.3274524708894,1
384,0,19.75,7,15.3274524708894,19.75,0
385,0,8.75,0,0,8.75,0
386,0,9.75,4,0,2.61079555041348,1
386,0,9.75,4,2.61079555041348,4.68436535163199,1
386,0,9.75,4,4.68436535163199,6.32005551546219,1
386,0,9.75,4,6.32005551546219,6.55671852408226,1
386,0,9.75,4,6.55671852408226,9.75,0
387,0,13.75,3,0,7.41281238581759,1
387,0,13.75,3,7.41281238581759,11.6292132245065,1
387,0,13.75,3,11.6292132245065,12.3368788368161,1
387,0,13.75,3,12.3368788368161,13.75,0
388,0,16.75,2,0,10.5964702752299,1
388,0,16.75,2,10.5964702752299,15.0786146900015,1
388,0,16.75,2,15.0786146900015,16.75,0
389,0,12.75,0,0,12.75,0
390,0,14.75,1,0,12.2278486938064,1
390,0,14.75,1,12.2278486938064,14.75,0
391,0,11.75,5,0,0.163846567516627,1
391,0,11.75,5,0.163846567516627,0.592121996564444,1
391,0,11.75,5,0.592121996564444,2.04848289610919,1
391,0,11.75,5,2.04848289610919,3.07687477074121,1
391,0,11.75,5,3.07687477074121,3.25215789599846,1
391,0,11.75,5,3.25215789599846,11.75,0
392,0,19.75,6,0,1.68915643151577,1
392,0,19.75,6,1.68915643151577,7.21035811656841,1
392,0,19.75,6,7.21035811656841,12.1368418713019,1
392,0,19.75,6,12.1368418713019,12.5125339165078,1
392,0,19.75,6,12.5125339165078,14.3384999668697,1
392,0,19.75,6,14.3384999668697,16.147809453184,1
392,0,19.75,6,16.147809453184,19.75,0
393,0,20.75,1,0,6.82848593791688,1
393,0,20.75,1,6.82848593791688,20.75,0
394,0,9.75,4,0,0.762809656216549,1
394,0,9.75,4,0.762809656216549,4.0134285726201,1
394,0,9.75,4,4.0134285726201,4.94711588919064,1
394,0,9.75,4,4.94711588919064,8.98147549367568,1
394,0,9.75,4,8.98147549367568,9.75,0
395,0,13.75,0,0,13.75,0
396,0,12.75,4,0,2.425339553609,1
396,0,12.75,4,2.425339553609,3.31960612015852,1
396,0,12.75,4,3.31960612015852,5.9635700945655,1
396,0,12.75,4,5.9635700945655,10.9229721585045,1
396,0,12.75,4,10.9229721585045,12.75,0
397,0,13.75,0,0,13.75,0
398,0,17.75,1,0,2.15721265673982,1
398,0,17.75,1,2.15721265673982,17.75,0
399,0,7.75,4,0,0.857953416793921,1
399,0,7.75,4,0.857953416793921,3.40954556056026,1
399,0,7.75,4,3.40954556056026,3.67513651766145,1
399,0,7.75,4,3.67513651766145,4.55133296356518,1
399,0,7.75,4,4.55133296356518,7.75,0
400,0,15.75,5,0,1.45214249754115,1
400,0,15.75,5,1.45214249754115,10.3509272516958,1
400,0,15.75,5,10.3509272516958,11.0341734060267,1
400,0,15.75,5,11.0341734060267,11.1192142182533,1
400,0,15.75,5,11.1192142182533,14.0461848186721,1
400,0,15.75,5,14.0461848186721,15.75,0
401,0,11.75,6,0,1.83792775473707,1
401,0,11.75,6,1.83792775473707,4.35094729367758,1
401,0,11.75,6,4.35094729367758,4.36632896369071,1
401,0,11.75,6,4.36632896369071,4.77393267942722,1
401,0,11.75,6,4.77393267942722,6.00611030220104,1
401,0,11.75,6,6.00611030220104,7.81602228667953,1
401,0,11.75,6,7.81602228667953,11.75,0
402,0,19.75,3,0,1.20039452428209,1
402,0,19.75,3,1.20039452428209,8.33623525520824,1
402,0,19.75,3,8.33623525520824,9.49784311128218,1
402,0,19.75,3,9.49784311128218,19.75,0
403,0,17.75,5,0,5.81241756501648,1
403,0,17.75,5,5.81241756501648,12.7276493097712,1
403,0,17.75,5,12.7276493097712,13.8514728215314,1
403,0,17.75,5,13.8514728215314,15.875426634787,1
403,0,17.75,5,15.875426634787,17.3088369415583,1
403,0,17.75,5,17.3088369415583,17.75,0
404,0,9.75,0,0,9.75,0
405,0,12.75,2,0,5.68494218381571,1
405,0,12.75,2,5.68494218381571,8.54275528390218,1
405,0,12.75,2,8.54275528390218,12.75,0
406,0,15.75,2,0,6.52764580284867,1
406,0,15.75,2,6.52764580284867,12.7902478342196,1
406,0,15.75,2,12.7902478342196,15.75,0
407,0,15.75,2,0,2.62476826312137,1
407,0,15.75,2,2.62476826312137,8.32954663675257,1
407,0,15.75,2,8.32954663675257,15.75,0
408,0,11.75,1,0,3.39512931522091,1
408,0,11.75,1,3.39512931522091,11.75,0
409,0,11.75,2,0,1.26281354177643,1
409,0,11.75,2,1.26281354177643,2.85133083889499,1
409,0,11.75,2,2.85133083889499,11.75,0
410,0,15.75,4,0,8.9924759206686,1
410,0,15.75,4,8.9924759206686,12.8731664971297,1
410,0,15.75,4,12.8731664971297,14.2098389523268,1
410,0,15.75,4,14.2098389523268,14.5618154332761,1
410,0,15.75,4,14.5618154332761,15.75,0
411,0,10.75,0,0,10.75,0
412,0,11.75,4,0,0.712201781676758,1
412,0,11.75,4,0.712201781676758,3.55007011106076,1
412,0,11.75,4,3.55007011106076,4.92486780358277,1
412,0,11.75,4,4.92486780358277,10.1921852437373,1
412,0,11.75,4,10.1921852437373,11.75,0
413,0,9.75,3,0,1.44029950589524,1
413,0,9.75,3,1.44029950589524,3.27987326205678,1
413,0,9.75,3,3.27987326205678,4.44102128221823,1
413,0,9.75,3,4.44102128221823,9.75,0
414,0,15.75,0,0,15.75,0
415,0,15.75,7,0,0.0085013096696964,1
415,0,15.75,7,0.0085013096696964,9.20562750398482,1
415,0,15.75,7,9.20562750398482,12.0314896558322,1
415,0,15.75,7,12.0314896558322,13.1595516837405,1
415,0,15.75,7,13.1595516837405,13.3479677403826,1
415,0,15.75,7,13.3479677403826,13.9148989784517,1
415,0,15.75,7,13.9148989784517,14.6532015726493,1
415,0,15.75,7,14.6532015726493,15.75,0
416,0,10.75,0,0,10.75,0
417,0,11.75,4,0,3.75879056596106,1
417,0,11.75,4,3.75879056596106,8.78123542937443,1
417,0,11.75,4,8.78123542937443,8.9889042788394,1
417,0,11.75,4,8.9889042788394,11.6506462985185,1
417,0,11.75,4,11.6506462985185,11.75,0
418,0,18.75,8,0,0.494915928818503,1
418,0,18.75,8,0.494915928818503,2.5425987173001,1
418,0,18.75,8,2.5425987173001,6.76251847573191,1
418,0,18.75,8,6.76251847573191,7.09443841516847,1
418,0,18.75,8,7.09443841516847,9.67253157228798,1
418,0,18.75,8,9.67253157228798,10.2240206652246,1
418,0,18.75,8,10.2240206652246,10.8204586116084,1
418,0,18.75,8,10.8204586116084,13.9826241638315,1
418,0,18.75,8,13.9826241638315,18.75,0
419,0,16.75,9,0,0.744526067077387,1
419,0,16.75,9,0.744526067077387,2.06296744729173,1
419,0,16.75,9,2.06296744729173,5.69460743010493,1
419,0,16.75,9,5.69460743010493,6.56495033678034,1
419,0,16.75,9,6.56495033678034,6.75138684593406,1
419,0,16.75,9,6.75138684593406,6.82460914616882,1
419,0,16.75,9,6.82460914616882,9.92625591919315,1
419,0,16.75,9,9.92625591919315,12.1358499452424,1
419,0,16.75,9,12.1358499452424,16.5296819607815,1
419,0,16.75,9,16.5296819607815,16.75,0
420,0,8.75,5,0,2.72573080893365,1
420,0,8.75,5,2.72573080893365,5.93365398030035,1
420,0,8.75,5,5.93365398030035,6.03358171039185,1
420,0,8.75,5,6.03358171039185,8.18977046145608,1
420,0,8.75,5,8.18977046145608,8.71594542349512,1
420,0,8.75,5,8.71594542349512,8.75,0
421,0,7.75,3,0,3.6928161856912,1
421,0,7.75,3,3.6928161856912,3.71370170043558,1
421,0,7.75,3,3.71370170043558,4.08560381465097,1
421,0,7.75,3,4.08560381465097,7.75,0
422,0,13.75,7,0,6.53288055203215,1
422,0,13.75,7,6.53288055203215,6.71330064770104,1
422,0,13.75,7,6.71330064770104,6.80068591717898,1
422,0,13.75,7,6.80068591717898,8.69296985824604,1
422,0,13.75,7,8.69296985824604,9.28564755323548,1
422,0,13.75,7,9.28564755323548,10.1257415772844,1
422,0,13.75,7,10.1257415772844,13.2156591726824,1
422,0,13.75,7,13.2156591726824,13.75,0
423,0,14.75,2,0,0.953545235856993,1
423,0,14.75,2,0.953545235856993,3.33201329674657,1
423,0,14.75,2,3.33201329674657,14.75,0
424,0,12.75,5,0,5.80118106225076,1
424,0,12.75,5,5.80118106225076,7.91844792130054,1
424,0,12.75,5,7.91844792130054,9.44806358684336,1
424,0,12.75,5,9.44806358684336,11.4632806727849,1
424,0,12.75,5,11.4632806727849,12.3814118295079,1
424,0,12.75,5,12.3814118295079,12.75,0
425,0,13.75,0,0,13.75,0
426,0,12.75,1,0,2.71387972393204,1
426,0,12.75,1,2.71387972393204,12.75,0
427,0,13.75,1,0,2.66705089855003,1
427,0,13.75,1,2.66705089855003,13.75,0
428,0,11.75,2,0,9.45797230090574,1
428,0,11.75,2,9.45797230090574,11.1059064474311,1
428,0,11.75,2,11.1059064474311,11.75,0
429,0,11.75,1,0,8.41790074587596,1
429,0,11.75,1,8.41790074587596,11.75,0
430,0,10.75,1,0,10.1532199591466,1
430,0,10.75,1,10.1532199591466,10.75,0
431,0,12.75,5,0,1.55353874417561,1
431,0,12.75,5,1.55353874417561,2.48751433947153,1
431,0,12.75,5,2.48751433947153,4.97199908345575,1
431,0,12.75,5,4.97199908345575,5.54473540374721,1
431,0,12.75,5,5.54473540374721,5.6483460539772,1
431,0,12.75,5,5.6483460539772,12.75,0
432,0,17.75,0,0,17.75,0
433,0,8.75,3,0,0.955529061641094,1
433,0,8.75,3,0.955529061641094,6.36680585279216,1
433,0,8.75,3,6.36680585279216,6.73288653725962,1
433,0,8.75,3,6.73288653725962,8.75,0
434,0,17.75,4,0,0.954733893649196,1
434,0,17.75,4,0.954733893649196,8.7534701525347,1
434,0,17.75,4,8.7534701525347,9.33498241052358,1
434,0,17.75,4,9.33498241052358,16.5474892761128,1
434,0,17.75,4,16.5474892761128,17.75,0
435,0,8.75,1,0,7.71310461553244,1
435,0,8.75,1,7.71310461553244,8.75,0
436,0,8.75,1,0,2.05693881732248,1
436,0,8.75,1,2.05693881732248,8.75,0
437,0,10.75,0,0,10.75,0
438,0,14.75,2,0,9.84326755690083,1
438,0,14.75,2,9.84326755690083,10.7116092759469,1
438,0,14.75,2,10.7116092759469,14.75,0
439,0,14.75,1,0,9.07745213786847,1
439,0,14.75,1,9.07745213786847,14.75,0
440,0,13.75,1,0,4.46594274084565,1
440,0,13.75,1,4.46594274084565,13.75,0
441,0,12.75,1,0,6.48388332564051,1
441,0,12.75,1,6.48388332564051,12.75,0
442,0,10.75,2,0,6.08992675644313,1
442,0,10.75,2,6.08992675644313,9.57600703955496,1
442,0,10.75,2,9.57600703955496,10.75,0
443,0,9.75,3,0,1.36868963598278,1
443,0,9.75,3,1.36868963598278,1.62858001079914,1
443,0,9.75,3,1.62858001079914,9.6184719620569,1
443,0,9.75,3,9.6184719620569,9.75,0
444,0,15.75,2,0,6.86726124760243,1
444,0,15.75,2,6.86726124760243,15.4161910554284,1
444,0,15.75,2,15.4161910554284,15.75,0
445,0,11.75,2,0,4.34622803126486,1
445,0,11.75,2,4.34622803126486,9.49187473438059,1
445,0,11.75,2,9.49187473438059,11.75,0
446,0,11.75,2,0,0.815050490411153,1
446,0,11.75,2,0.815050490411153,8.4225954231824,1
446,0,11.75,2,8.4225954231824,11.75,0
447,0,7.75,1,0,0.0588230751560677,1
447,0,7.75,1,0.0588230751560677,7.75,0
448,0,9.75,0,0,9.75,0
449,0,15.75,3,0,0.723367695602137,1
449,0,15.75,3,0.723367695602137,1.77402791355232,1
449,0,15.75,3,1.77402791355232,2.80930185263257,1
449,0,15.75,3,2.80930185263257,15.75,0
450,0,10.75,1,0,2.46926234143544,1
450,0,10.75,1,2.46926234143544,10.75,0
451,0,13.75,2,0,4.23434289014722,1
451,0,13.75,2,4.23434289014722,13.6260858755633,1
451,0,13.75,2,13.6260858755633,13.75,0
452,0,15.75,6,0,0.755091220967594,1
452,0,15.75,6,0.755091220967594,4.90914561298505,1
452,0,15.75,6,4.90914561298505,8.74261463569967,1
452,0,15.75,6,8.74261463569967,9.15678594835181,1
452,0,15.75,6,9.15678594835181,12.3686866733245,1
452,0,15.75,6,12.3686866733245,14.1970591498909,1
452,0,15.75,6,14.1970591498909,15.75,0
453,0,13.75,6,0,1.95293847614626,1
453,0,13.75,6,1.95293847614626,1.95315741841485,1
453,0,13.75,6,1.95315741841485,5.22296459301785,1
453,0,13.75,6,5.22296459301785,6.26551395442867,1
453,0,13.75,6,6.26551395442867,11.0815686862114,1
453,0,13.75,6,11.0815686862114,12.2078285528067,1
453,0,13.75,6,12.2078285528067,13.75,0
454,0,9.75,1,0,5.7220396568136,1
454,0,9.75,1,5.7220396568136,9.75,0
455,0,13.75,0,0,13.75,0
456,0,14.75,2,0,2.94747483249147,1
456,0,14.75,2,2.94747483249147,14.4908401014242,1
456,0,14.75,2,14.4908401014242,14.75,0
457,0,17.75,2,0,1.17408191519356,1
457,0,17.75,2,1.17408191519356,14.0176248770087,1
457,0,17.75,2,14.0176248770087,17.75,0
458,0,9.75,0,0,9.75,0
459,0,11.75,1,0,11.0819290004193,1
459,0,11.75,1,11.0819290004193,11.75,0
460,0,12.75,2,0,0.648830704714684,1
460,0,12.75,2,0.648830704714684,3.04209386127432,1
460,0,12.75,2,3.04209386127432,12.75,0
461,0,13.75,4,0,1.8489113727566,1
461,0,13.75,4,1.8489113727566,4.81883012372502,1
461,0,13.75,4,4.81883012372502,7.6755957175524,1
461,0,13.75,4,7.6755957175524,13.2014263791992,1
461,0,13.75,4,13.2014263791992,13.75,0
462,0,12.75,2,0,5.02020507537373,1
462,0,12.75,2,5.02020507537373,5.10273443179895,1
462,0,12.75,2,5.10273443179895,12.75,0
463,0,10.75,1,0,10.0585234265699,1
463,0,10.75,1,10.0585234265699,10.75,0
464,0,17.75,5,0,0.774200213005373,1
464,0,17.75,5,0.774200213005373,1.39425889536879,1
464,0,17.75,5,1.39425889536879,8.73077527654939,1
464,0,17.75,5,8.73077527654939,16.0655428015178,1
464,0,17.75,5,16.0655428015178,17.1237925361153,1
464,0,17.75,5,17.1237925361153,17.75,0
465,0,11.75,3,0,0.754065785289045,1
465,0,11.75,3,0.754065785289045,1.26604465483226,1
465,0,11.75,3,1.26604465483226,9.35783915442549,1
465,0,11.75,3,9.35783915442549,11.75,0
466,0,12.75,2,0,3.80028065312816,1
466,0,12.75,2,3.80028065312816,7.80059761531093,1
466,0,12.75,2,7.80059761531093,12.75,0
467,0,12.75,3,0,2.67835157276167,1
467,0,12.75,3,2.67835157276167,7.04769385197603,1
467,0,12.75,3,7.04769385197603,7.13441887869897,1
467,0,12.75,3,7.13441887869897,12.75,0
468,0,11.75,0,0,11.75,0
469,0,9.75,2,0,5.43007938171259,1
469,0,9.75,2,5.43007938171259,8.65419636833309,1
469,0,9.75,2,8.65419636833309,9.75,0
470,0,20.75,8,0,2.49252946469839,1
470,0,20.75,8,2.49252946469839,4.14726869744297,1
470,0,20.75,8,4.14726869744297,5.88959806608876,1
470,0,20.75,8,5.88959806608876,11.9550369236123,1
470,0,20.75,8,11.9550369236123,12.2409058609191,1
470,0,20.75,8,12.2409058609191,16.5615139204413,1
470,0,20.75,8,16.5615139204413,18.769434902434,1
470,0,20.75,8,18.769434902434,19.2853600851107,1
470,0,20.75,8,19.2853600851107,20.75,0
471,0,16.75,0,0,16.75,0
472,0,11.75,1,0,8.85825991395316,1
472,0,11.75,1,8.85825991395316,11.75,0
473,0,11.75,2,0,1.28544521605841,1
473,0,11.75,2,1.28544521605841,11.5406365517748,1
473,0,11.75,2,11.5406365517748,11.75,0
474,0,12.75,3,0,0.181843314574366,1
474,0,12.75,3,0.181843314574366,6.71951376693637,1
474,0,12.75,3,6.71951376693637,7.58395768970357,1
474,0,12.75,3,7.58395768970357,12.75,0
475,0,20.75,2,0,7.39208288232268,1
475,0,20.75,2,7.39208288232268,11.2716049689394,1
475,0,20.75,2,11.2716049689394,20.75,0
476,0,7.75,2,0,2.90127523231599,1
476,0,7.75,2,2.90127523231599,7.21711946935335,1
476,0,7.75,2,7.21711946935335,7.75,0
477,0,15.75,1,0,2.24303598712751,1
477,0,15.75,1,2.24303598712751,15.75,0
478,0,14.75,2,0,8.11485355523869,1
478,0,14.75,2,8.11485355523869,12.1656824259068,1
478,0,14.75,2,12.1656824259068,14.75,0
479,0,10.75,3,0,6.29915880846387,1
479,0,10.75,3,6.29915880846387,7.59835408981906,1
479,0,10.75,3,7.59835408981906,7.67366364171837,1
479,0,10.75,3,7.67366364171837,10.75,0
480,0,11.75,0,0,11.75,0
481,0,19.75,2,0,1.12300976052343,1
481,0,19.75,2,1.12300976052343,16.0520698334561,1
481,0,19.75,2,16.0520698334561,19.75,0
482,0,15.75,8,0,3.58900882862899,1
482,0,15.75,8,3.58900882862899,3.93637247469537,1
482,0,15.75,8,3.93637247469537,4.30111963107494,1
482,0,15.75,8,4.30111963107494,5.35702451541927,1
482,0,15.75,8,5.35702451541927,5.41414288805497,1
482,0,15.75,8,5.41414288805497,11.6185692808245,1
482,0,15.75,8,11.6185692808245,13.920761655648,1
482,0,15.75,8,13.920761655648,14.2781053383322,1
482,0,15.75,8,14.2781053383322,15.75,0
483,0,15.75,2,0,3.19474936612827,1
483,0,15.75,2,3.19474936612827,4.6383804780511,1
483,0,15.75,2,4.6383804780511,15.75,0
484,0,19.75,11,0,5.8344665878175,1
484,0,19.75,11,5.8344665878175,7.35215898426283,1
484,0,19.75,11,7.35215898426283,7.39022121937931,1
484,0,19.75,11,7.39022121937931,8.45828758154494,1
484,0,19.75,11,8.45828758154494,8.54877588276936,1
484,0,19.75,11,8.54877588276936,10.5778085439383,1
484,0,19.75,11,10.5778085439383,12.3452746304379,1
484,0,19.75,11,12.3452746304379,14.3073112524318,1
484,0,19.75,11,14.3073112524318,15.4225185855928,1
484,0,19.75,11,15.4225185855928,15.4559815885618,1
484,0,19.75,11,15.4559815885618,17.7970438134645,1
484,0,19.75,11,17.7970438134645,19.75,0
485,0,19.75,1,0,10.6455006287078,1
485,0,19.75,1,10.6455006287078,19.75,0
486,0,17.75,4,0,12.7161832256046,1
486,0,17.75,4,12.7161832256046,13.182138354022,1
486,0,17.75,4,13.182138354022,16.5381583298378,1
486,0,17.75,4,16.5381583298378,16.6062221237497,1
486,0,17.75,4,16.6062221237497,17.75,0
487,0,8.75,2,0,1.19915332499137,1
487,0,8.75,2,1.19915332499137,1.29542797784417,1
487,0,8.75,2,1.29542797784417,8.75,0
488,0,9.75,2,0,4.20752419376636,1
488,0,9.75,2,4.20752419376636,4.35849501773136,1
488,0,9.75,2,4.35849501773136,9.75,0
489,0,20.75,3,0,8.23672797293881,1
489,0,20.75,3,8.23672797293881,13.8843532917424,1
489,0,20.75,3,13.8843532917424,18.7046512627533,1
489,0,20.75,3,18.7046512627533,20.75,0
490,0,10.75,6,0,0.992897062507816,1
490,0,10.75,6,0.992897062507816,2.17516394909348,1
490,0,10.75,6,2.17516394909348,3.23056817241817,1
490,0,10.75,6,3.23056817241817,5.43046256974881,1
490,0,10.75,6,5.43046256974881,9.31419684084427,1
490,0,10.75,6,9.31419684084427,9.94961649647701,1
490,0,10.75,6,9.94961649647701,10.75,0
491,0,14.75,6,0,2.88421496288714,1
491,0,14.75,6,2.88421496288714,5.11699800635886,1
491,0,14.75,6,5.11699800635886,7.29818613596851,1
491,0,14.75,6,7.29818613596851,9.11290585088884,1
491,0,14.75,6,9.11290585088884,10.1897817950622,1
491,0,14.75,6,10.1897817950622,10.6574902086689,1
491,0,14.75,6,10.6574902086689,14.75,0
492,0,12.75,1,0,9.78787790734317,1
492,0,12.75,1,9.78787790734317,12.75,0
493,0,12.75,4,0,1.06271872490897,1
493,0,12.75,4,1.06271872490897,1.48734599919508,1
493,0,12.75,4,1.48734599919508,4.91155583595577,1
493,0,12.75,4,4.91155583595577,12.7128265467309,1
493,0,12.75,4,12.7128265467309,12.75,0
494,0,7.75,3,0,2.40336093247955,1
494,0,7.75,3,2.40336093247955,4.31430962966507,1
494,0,7.75,3,4.31430962966507,4.34518859386242,1
494,0,7.75,3,4.34518859386242,7.75,0
495,0,13.75,1,0,0.990970583931147,1
495,0,13.75,1,0.990970583931147,13.75,0
496,0,11.75,2,0,1.51915958097448,1
496,0,11.75,2,1.51915958097448,7.24413688949573,1
496,0,11.75,2,7.24413688949573,11.75,0
497,0,11.75,1,0,2.77911460705464,1
497,0,11.75,1,2.77911460705464,11.75,0
498,0,19.75,2,0,11.9355813031514,1
498,0,19.75,2,11.9355813031514,13.7070183200841,1
498,0,19.75,2,13.7070183200841,19.75,0
499,0,15.75,6,0,5.65964691560852,1
499,0,15.75,6,5.65964691560852,6.1561386204719,1
499,0,15.75,6,6.1561386204719,6.92903212902477,1
499,0,15.75,6,6.92903212902477,7.11304319270372,1
499,0,15.75,6,7.11304319270372,10.5107823185386,1
499,0,15.75,6,10.5107823185386,12.2277208824936,1
499,0,15.75,6,12.2277208824936,15.75,0
500,0,11.75,0,0,11.75,0
501,0,8.75,4,0,1.73740611350949,1
501,0,8.75,4,1.73740611350949,7.31401299164591,1
501,0,8.75,4,7.31401299164591,7.62033327373221,1
501,0,8.75,4,7.62033327373221,8.46316923655891,1
501,0,8.75,4,8.46316923655891,8.75,0
502,0,9.75,2,0,2.2544765996805,1
502,0,9.75,2,2.2544765996805,4.571572999011,1
502,0,9.75,2,4.571572999011,9.75,0
503,0,11.75,3,0,1.13931872842224,1
503,0,11.75,3,1.13931872842224,6.53713954664759,1
503,0,11.75,3,6.53713954664759,10.6875446680082,1
503,0,11.75,3,10.6875446680082,11.75,0
504,0,11.75,2,0,1.19890470213369,1
504,0,11.75,2,1.19890470213369,1.51833013437028,1
504,0,11.75,2,1.51833013437028,11.75,0
505,0,13.75,3,0,9.50737210249326,1
505,0,13.75,3,9.50737210249326,10.2690772365824,1
505,0,13.75,3,10.2690772365824,11.0362245727427,1
505,0,13.75,3,11.0362245727427,13.75,0
506,0,10.75,0,0,10.75,0
507,0,17.75,1,0,9.08605433385019,1
507,0,17.75,1,9.08605433385019,17.75,0
508,0,9.75,1,0,2.93370781432242,1
508,0,9.75,1,2.93370781432242,9.75,0
509,0,8.75,1,0,8.17409520269033,1
509,0,8.75,1,8.17409520269033,8.75,0
510,0,12.75,1,0,3.33199888739332,1
510,0,12.75,1,3.33199888739332,12.75,0
511,0,13.75,3,0,0.44159846018506,1
511,0,13.75,3,0.44159846018506,7.49303603539175,1
511,0,13.75,3,7.49303603539175,9.64006643112143,1
511,0,13.75,3,9.64006643112143,13.75,0
512,0,12.75,2,0,3.69797967089864,1
512,0,12.75,2,3.69797967089864,11.3194033383705,1
512,0,12.75,2,11.3194033383705,12.75,0
513,0,19.75,3,0,10.5343216791263,1
513,0,19.75,3,10.5343216791263,10.8538471818415,1
513,0,19.75,3,10.8538471818415,13.2021308055651,1
513,0,19.75,3,13.2021308055651,19.75,0
514,0,9.75,0,0,9.75,0
515,0,10.75,2,0,2.70544578490018,1
515,0,10.75,2,2.70544578490018,6.37811206158946,1
515,0,10.75,2,6.37811206158946,10.75,0
516,0,14.75,4,0,1.14877992086538,1
516,0,14.75,4,1.14877992086538,7.51973286567175,1
516,0,14.75,4,7.51973286567175,8.24139826660606,1
516,0,14.75,4,8.24139826660606,11.1987255057534,1
516,0,14.75,4,11.1987255057534,14.75,0
517,0,10.75,1,0,3.22837785287789,1
517,0,10.75,1,3.22837785287789,10.75,0
518,0,14.75,1,0,10.4279331190399,1
518,0,14.75,1,10.4279331190399,14.75,0
519,0,9.75,0,0,9.75,0
520,0,7.75,1,0,7.21114201146837,1
520,0,7.75,1,7.21114201146837,7.75,0
521,0,14.75,4,0,0.214979027983511,1
521,0,14.75,4,0.214979027983511,0.597365258222505,1
521,0,14.75,4,0.597365258222505,2.00353171882672,1
521,0,14.75,4,2.00353171882672,6.19673256943496,1
521,0,14.75,4,6.19673256943496,14.75,0
522,0,17.75,3,0,7.30876370817447,1
522,0,17.75,3,7.30876370817447,7.52595110691357,1
522,0,17.75,3,7.52595110691357,17.1423977750821,1
522,0,17.75,3,17.1423977750821,17.75,0
523,0,12.75,4,0,0.639413274603117,1
523,0,12.75,4,0.639413274603117,1.58603185270112,1
523,0,12.75,4,1.58603185270112,3.63028005031277,1
523,0,12.75,4,3.63028005031277,11.1478658515695,1
523,0,12.75,4,11.1478658515695,12.75,0
524,0,16.75,1,0,0.0108429811847505,1
524,0,16.75,1,0.0108429811847505,16.75,0
525,0,12.75,0,0,12.75,0
526,0,16.75,2,0,6.88749795374591,1
526,0,16.75,2,6.88749795374591,8.92944298058141,1
526,0,16.75,2,8.92944298058141,16.75,0
527,0,19.75,8,0,2.10537762546619,1
527,0,19.75,8,2.10537762546619,5.14653589742322,1
527,0,19.75,8,5.14653589742322,5.8947286453313,1
527,0,19.75,8,5.8947286453313,8.76594716216686,1
527,0,19.75,8,8.76594716216686,10.6756866101933,1
527,0,19.75,8,10.6756866101933,15.0857349755282,1
527,0,19.75,8,15.0857349755282,17.7555580142433,1
527,0,19.75,8,17.7555580142433,19.0660678751631,1
527,0,19.75,8,19.0660678751631,19.75,0
528,0,10.75,4,0,3.6637889733732,1
528,0,10.75,4,3.6637889733732,10.0230618827874,1
528,0,10.75,4,10.0230618827874,10.3954539558178,1
528,0,10.75,4,10.3954539558178,10.5131637139361,1
528,0,10.75,4,10.5131637139361,10.75,0
529,0,14.75,1,0,4.93165383152385,1
529,0,14.75,1,4.93165383152385,14.75,0
530,0,16.75,3,0,1.54904740042896,1
530,0,16.75,3,1.54904740042896,6.12577544676976,1
530,0,16.75,3,6.12577544676976,7.44125748700825,1
530,0,16.75,3,7.44125748700825,16.75,0
531,0,9.75,1,0,1.15298373119522,1
531,0,9.75,1,1.15298373119522,9.75,0
532,0,17.75,0,0,17.75,0
533,0,9.75,0,0,9.75,0
534,0,15.75,4,0,5.72192277709135,1
534,0,15.75,4,5.72192277709135,6.40092109848824,1
534,0,15.75,4,6.40092109848824,7.42472645188282,1
534,0,15.75,4,7.42472645188282,8.83641154402749,1
534,0,15.75,4,8.83641154402749,15.75,0
535,0,16.75,3,0,5.22917135479628,1
535,0,16.75,3,5.22917135479628,7.81758639585751,1
535,0,16.75,3,7.81758639585751,10.8381785813556,1
535,0,16.75,3,10.8381785813556,16.75,0
536,0,13.75,5,0,0.345080623270281,1
536,0,13.75,5,0.345080623270281,3.63535983533974,1
536,0,13.75,5,3.63535983533974,3.93883933976309,1
536,0,13.75,5,3.93883933976309,4.57066829662065,1
536,0,13.75,5,4.57066829662065,8.84692009331057,1
536,0,13.75,5,8.84692009331057,13.75,0
537,0,11.75,1,0,1.98235941013078,1
537,0,11.75,1,1.98235941013078,11.75,0
538,0,11.75,2,0,5.27990134024249,1
538,0,11.75,2,5.27990134024249,6.15275330249326,1
538,0,11.75,2,6.15275330249326,11.75,0
539,0,11.75,0,0,11.75,0
540,0,16.75,1,0,9.02848930656473,1
540,0,16.75,1,9.02848930656473,16.75,0
541,0,15.75,0,0,15.75,0
542,0,17.75,1,0,8.30874016479777,1
542,0,17.75,1,8.30874016479777,17.75,0
543,0,19.75,4,0,2.8764996399952,1
543,0,19.75,4,2.8764996399952,2.95718542814298,1
543,0,19.75,4,2.95718542814298,5.02933612956385,1
543,0,19.75,4,5.02933612956385,9.76318772902206,1
543,0,19.75,4,9.76318772902206,19.75,0
544,0,11.75,8,0,0.564364008113235,1
544,0,11.75,8,0.564364008113235,4.46906627399332,1
544,0,11.75,8,4.46906627399332,5.03533839300792,1
544,0,11.75,8,5.03533839300792,5.82455294002187,1
544,0,11.75,8,5.82455294002187,7.12165621087638,1
544,0,11.75,8,7.12165621087638,7.77826757635756,1
544,0,11.75,8,7.77826757635756,9.8940930329936,1
544,0,11.75,8,9.8940930329936,11.5999102666108,1
544,0,11.75,8,11.5999102666108,11.75,0
545,0,8.75,0,0,8.75,0
546,0,15.75,4,0,1.3297137445217,1
546,0,15.75,4,1.3297137445217,1.86650501235233,1
546,0,15.75,4,1.86650501235233,8.87222855640791,1
546,0,15.75,4,8.87222855640791,9.59261578313214,1
546,0,15.75,4,9.59261578313214,15.75,0
547,0,15.75,1,0,0.107932254493885,1
547,0,15.75,1,0.107932254493885,15.75,0
548,0,19.75,1,0,11.0942770499905,1
548,0,19.75,1,11.0942770499905,19.75,0
549,0,15.75,1,0,11.3765761022676,1
549,0,15.75,1,11.3765761022676,15.75,0
550,0,12.75,2,0,1.04730947192094,1
550,0,12.75,2,1.04730947192094,6.74172568496339,1
550,0,12.75,2,6.74172568496339,12.75,0
551,0,17.75,7,0,1.72079671757225,1
551,0,17.75,7,1.72079671757225,9.21253641414022,1
551,0,17.75,7,9.21253641414022,9.74159540672803,1
551,0,17.75,7,9.74159540672803,11.3597347882518,1
551,0,17.75,7,11.3597347882518,11.4696263938072,1
551,0,17.75,7,11.4696263938072,12.7069728362974,1
551,0,17.75,7,12.7069728362974,16.5338022930291,1
551,0,17.75,7,16.5338022930291,17.75,0
552,0,7.75,2,0,3.26429090062194,1
552,0,7.75,2,3.26429090062194,5.43279029348694,1
552,0,7.75,2,5.43279029348694,7.75,0
553,0,12.75,2,0,5.96970182623723,1
553,0,12.75,2,5.96970182623723,6.3518068428627,1
553,0,12.75,2,6.3518068428627,12.75,0
554,0,16.75,4,0,0.0865954389097571,1
554,0,16.75,4,0.0865954389097571,11.3641314830652,1
554,0,16.75,4,11.3641314830652,13.1312940783319,1
554,0,16.75,4,13.1312940783319,14.3082211446221,1
554,0,16.75,4,14.3082211446221,16.75,0
555,0,13.75,1,0,1.59489104247259,1
555,0,13.75,1,1.59489104247259,13.75,0
556,0,17.75,2,0,7.60368773894148,1
556,0,17.75,2,7.60368773894148,8.67127928229672,1
556,0,17.75,2,8.67127928229672,17.75,0
557,0,15.75,4,0,5.79042715344031,1
557,0,15.75,4,5.79042715344031,8.36139561807838,1
557,0,15.75,4,8.36139561807838,9.54850339139075,1
557,0,15.75,4,9.54850339139075,9.8216989263652,1
557,0,15.75,4,9.8216989263652,15.75,0
558,0,12.75,4,0,1.65302090800332,1
558,0,12.75,4,1.65302090800332,2.43340730991299,1
558,0,12.75,4,2.43340730991299,4.06600544808731,1
558,0,12.75,4,4.06600544808731,12.262692828981,1
558,0,12.75,4,12.262692828981,12.75,0
559,0,8.75,2,0,3.21727657461587,1
559,0,8.75,2,3.21727657461587,5.43412445568203,1
559,0,8.75,2,5.43412445568203,8.75,0
560,0,9.75,1,0,6.44701160266555,1
560,0,9.75,1,6.44701160266555,9.75,0
561,0,18.75,7,0,2.10444591802567,1
561,0,18.75,7,2.10444591802567,4.21448832647918,1
561,0,18.75,7,4.21448832647918,5.17204874442449,1
561,0,18.75,7,5.17204874442449,5.97458996354758,1
561,0,18.75,7,5.97458996354758,10.156297087226,1
561,0,18.75,7,10.156297087226,13.0374586627237,1
561,0,18.75,7,13.0374586627237,15.165265621215,1
561,0,18.75,7,15.165265621215,18.75,0
562,0,15.75,0,0,15.75,0
563,0,18.75,7,0,8.51251615664064,1
563,0,18.75,7,8.51251615664064,9.38053452690757,1
563,0,18.75,7,9.38053452690757,11.3113741353076,1
563,0,18.75,7,11.3113741353076,12.8393765815607,1
563,0,18.75,7,12.8393765815607,14.8421665145351,1
563,0,18.75,7,14.8421665145351,15.3217028562801,1
563,0,18.75,7,15.3217028562801,17.9191978637677,1
563,0,18.75,7,17.9191978637677,18.75,0
564,0,15.75,3,0,0.770108555041295,1
564,0,15.75,3,0.770108555041295,6.70617724088027,1
564,0,15.75,3,6.70617724088027,8.80962095968368,1
564,0,15.75,3,8.80962095968368,15.75,0
565,0,15.75,1,0,8.84341301746388,1
565,0,15.75,1,8.84341301746388,15.75,0
566,0,15.75,2,0,3.66527269045507,1
566,0,15.75,2,3.66527269045507,12.9606601836095,1
566,0,15.75,2,12.9606601836095,15.75,0
567,0,15.75,5,0,0.0797428885212649,1
567,0,15.75,5,0.0797428885212649,7.96412400889804,1
567,0,15.75,5,7.96412400889804,8.98374407140658,1
567,0,15.75,5,8.98374407140658,9.77117231935152,1
567,0,15.75,5,9.77117231935152,11.5001774176701,1
567,0,15.75,5,11.5001774176701,15.75,0
568,0,12.75,4,0,0.205676885517419,1
568,0,12.75,4,0.205676885517419,3.64864069052782,1
568,0,12.75,4,3.64864069052782,6.98144842092592,1
568,0,12.75,4,6.98144842092592,11.5789572627999,1
568,0,12.75,4,11.5789572627999,12.75,0
569,0,15.75,2,0,10.1914895231926,1
569,0,15.75,2,10.1914895231926,15.6862710667689,1
569,0,15.75,2,15.6862710667689,15.75,0
570,0,14.75,2,0,4.20209938143548,1
570,0,14.75,2,4.20209938143548,6.91747190277791,1
570,0,14.75,2,6.91747190277791,14.75,0
571,0,11.75,0,0,11.75,0
572,0,17.75,1,0,6.69615159362558,1
572,0,17.75,1,6.69615159362558,17.75,0
573,0,10.75,2,0,7.13653636767149,1
573,0,10.75,2,7.13653636767149,10.0157803381029,1
573,0,10.75,2,10.0157803381029,10.75,0
574,0,8.75,2,0,0.426123314151806,1
574,0,8.75,2,0.426123314151806,1.93176017735143,1
574,0,8.75,2,1.93176017735143,8.75,0
575,0,9.75,2,0,0.0176910845541755,1
575,0,9.75,2,0.0176910845541755,4.15517258692276,1
575,0,9.75,2,4.15517258692276,9.75,0
576,0,19.75,0,0,19.75,0
577,0,10.75,2,0,3.89677712302176,1
577,0,10.75,2,3.89677712302176,7.2105896428868,1
577,0,10.75,2,7.2105896428868,10.75,0
578,0,13.75,4,0,1.4922016442362,1
578,0,13.75,4,1.4922016442362,8.70828808959788,1
578,0,13.75,4,8.70828808959788,9.08394904681487,1
578,0,13.75,4,9.08394904681487,9.89772920195854,1
578,0,13.75,4,9.89772920195854,13.75,0
579,0,10.75,1,0,10.4909380623975,1
579,0,10.75,1,10.4909380623975,10.75,0
580,0,9.75,1,0,4.7824924151683,1
580,0,9.75,1,4.7824924151683,9.75,0
581,0,9.75,0,0,9.75,0
582,0,9.75,0,0,9.75,0
583,0,15.75,2,0,1.58110939090067,1
583,0,15.75,2,1.58110939090067,7.60835832497384,1
583,0,15.75,2,7.60835832497384,15.75,0
584,0,12.75,1,0,0.492067094401162,1
584,0,12.75,1,0.492067094401162,12.75,0
585,0,10.75,1,0,2.56010255361667,1
585,0,10.75,1,2.56010255361667,10.75,0
586,0,12.75,2,0,12.0872835028141,1
586,0,12.75,2,12.0872835028141,12.3829641062671,1
586,0,12.75,2,12.3829641062671,12.75,0
587,0,8.75,4,0,0.102231839730438,1
587,0,8.75,4,0.102231839730438,2.07420610412353,1
587,0,8.75,4,2.07420610412353,5.66502577687563,1
587,0,8.75,4,5.66502577687563,6.17493417289637,1
587,0,8.75,4,6.17493417289637,8.75,0
588,0,10.75,2,0,5.60134045786543,1
588,0,10.75,2,5.60134045786543,7.53557094067685,1
588,0,10.75,2,7.53557094067685,10.75,0
589,0,16.75,8,0,0.493885589426918,1
589,0,16.75,8,0.493885589426918,0.793512547420862,1
589,0,16.75,8,0.793512547420862,2.03237524504363,1
589,0,16.75,8,2.03237524504363,7.98243358238105,1
589,0,16.75,8,7.98243358238105,8.07309942773397,1
589,0,16.75,8,8.07309942773397,9.44445251028441,1
589,0,16.75,8,9.44445251028441,9.88355285769314,1
589,0,16.75,8,9.88355285769314,10.9780505641415,1
589,0,16.75,8,10.9780505641415,16.75,0
590,0,11.75,3,0,4.71965558820003,1
590,0,11.75,3,4.71965558820003,7.2634898618986,1
590,0,11.75,3,7.2634898618986,8.08356655466944,1
590,0,11.75,3,8.08356655466944,11.75,0
591,0,17.75,1,0,5.79265616412192,1
591,0,17.75,1,5.79265616412192,17.75,0
592,0,20.75,6,0,3.53361407746971,1
592,0,20.75,6,3.53361407746971,5.74312102097535,1
592,0,20.75,6,5.74312102097535,12.3417405416669,1
592,0,20.75,6,12.3417405416669,16.0920825386154,1
592,0,20.75,6,16.0920825386154,18.5874355770782,1
592,0,20.75,6,18.5874355770782,19.9035463800659,1
592,0,20.75,6,19.9035463800659,20.75,0
593,0,7.75,4,0,0.305502466120669,1
593,0,7.75,4,0.305502466120669,0.781030904792583,1
593,0,7.75,4,0.781030904792583,4.51325717685721,1
593,0,7.75,4,4.51325717685721,5.0222357845491,1
593,0,7.75,4,5.0222357845491,7.75,0
594,0,10.75,3,0,2.68134106311517,1
594,0,10.75,3,2.68134106311517,3.0407092359532,1
594,0,10.75,3,3.0407092359532,9.69187466313844,1
594,0,10.75,3,9.69187466313844,10.75,0
595,0,16.75,2,0,10.2326015846558,1
595,0,16.75,2,10.2326015846558,12.1471101913641,1
595,0,16.75,2,12.1471101913641,16.75,0
596,0,14.75,2,0,4.56378968899624,1
596,0,14.75,2,4.56378968899624,9.75221214742687,1
596,0,14.75,2,9.75221214742687,14.75,0
597,0,13.75,1,0,6.6965092884348,1
597,0,13.75,1,6.6965092884348,13.75,0
598,0,17.75,2,0,2.73263063011148,1
598,0,17.75,2,2.73263063011148,11.1162094008787,1
598,0,17.75,2,11.1162094008787,17.75,0
599,0,13.75,2,0,2.75542311765309,1
599,0,13.75,2,2.75542311765309,9.08010509554462,1
599,0,13.75,2,9.08010509554462,13.75,0
600,0,15.75,0,0,15.75,0
